"task_id","learner_id","classif.ece","calibration_strategy","calibration_method","base_learner","tunefirst"
"kr-vs-kp","classif.naive_bayes.tuned",0.0527254269885486,"none","none","naive_bayes",FALSE
"kr-vs-kp","classif.naive_bayes.tuned",0.0746705290544675,"none","none","naive_bayes",FALSE
"kr-vs-kp","classif.naive_bayes.tuned",0.0709293570745027,"none","none","naive_bayes",FALSE
"kr-vs-kp","classif.naive_bayes.tuned",0.0498178305300206,"none","none","naive_bayes",FALSE
"kr-vs-kp","classif.naive_bayes.tuned",0.0760763214636751,"none","none","naive_bayes",FALSE
"kr-vs-kp","classif.naive_bayes.tuned",0.0544752151869084,"none","none","naive_bayes",FALSE
"kr-vs-kp","classif.naive_bayes.tuned",0.069709187778127,"none","none","naive_bayes",FALSE
"kr-vs-kp","classif.naive_bayes.tuned",0.0450411124868093,"none","none","naive_bayes",FALSE
"kr-vs-kp","classif.naive_bayes.tuned",0.0383203282157134,"none","none","naive_bayes",FALSE
"kr-vs-kp","classif.naive_bayes.tuned",0.0545622955837679,"none","none","naive_bayes",FALSE
"kr-vs-kp","classif.naive_bayes.tuned_calib.oof_platt",0.0479962817782039,"oof","platt","naive_bayes",FALSE
"kr-vs-kp","classif.naive_bayes.tuned_calib.oof_platt",0.033403759896676,"oof","platt","naive_bayes",FALSE
"kr-vs-kp","classif.naive_bayes.tuned_calib.oof_platt",0.0422329753887946,"oof","platt","naive_bayes",FALSE
"kr-vs-kp","classif.naive_bayes.tuned_calib.oof_platt",0.0527132916884288,"oof","platt","naive_bayes",FALSE
"kr-vs-kp","classif.naive_bayes.tuned_calib.oof_platt",0.0513042885945175,"oof","platt","naive_bayes",FALSE
"kr-vs-kp","classif.naive_bayes.tuned_calib.oof_platt",0.03072549871375,"oof","platt","naive_bayes",FALSE
"kr-vs-kp","classif.naive_bayes.tuned_calib.oof_platt",0.023989768783309,"oof","platt","naive_bayes",FALSE
"kr-vs-kp","classif.naive_bayes.tuned_calib.oof_platt",0.0381010204610328,"oof","platt","naive_bayes",FALSE
"kr-vs-kp","classif.naive_bayes.tuned_calib.oof_platt",0.0489132395394648,"oof","platt","naive_bayes",FALSE
"kr-vs-kp","classif.naive_bayes.tuned_calib.oof_platt",0.0694104716112908,"oof","platt","naive_bayes",FALSE
"kr-vs-kp","classif.naive_bayes.tuned_calib.oof_beta",0.0427840494739391,"oof","beta","naive_bayes",FALSE
"kr-vs-kp","classif.naive_bayes.tuned_calib.oof_beta",0.0338767084706593,"oof","beta","naive_bayes",FALSE
"kr-vs-kp","classif.naive_bayes.tuned_calib.oof_beta",0.028301402306939,"oof","beta","naive_bayes",FALSE
"kr-vs-kp","classif.naive_bayes.tuned_calib.oof_beta",0.0398722265659933,"oof","beta","naive_bayes",FALSE
"kr-vs-kp","classif.naive_bayes.tuned_calib.oof_beta",0.0385305556384386,"oof","beta","naive_bayes",FALSE
"kr-vs-kp","classif.naive_bayes.tuned_calib.oof_beta",0.0173459875667661,"oof","beta","naive_bayes",FALSE
"kr-vs-kp","classif.naive_bayes.tuned_calib.oof_beta",0.0233814780330426,"oof","beta","naive_bayes",FALSE
"kr-vs-kp","classif.naive_bayes.tuned_calib.oof_beta",0.02306044021672,"oof","beta","naive_bayes",FALSE
"kr-vs-kp","classif.naive_bayes.tuned_calib.oof_beta",0.0301392255564624,"oof","beta","naive_bayes",FALSE
"kr-vs-kp","classif.naive_bayes.tuned_calib.oof_beta",0.0568705389083423,"oof","beta","naive_bayes",FALSE
"kr-vs-kp","classif.naive_bayes.tuned_calib.oof_isotonic",0.0452428433795141,"oof","isotonic","naive_bayes",FALSE
"kr-vs-kp","classif.naive_bayes.tuned_calib.oof_isotonic",0.0590265930455637,"oof","isotonic","naive_bayes",FALSE
"kr-vs-kp","classif.naive_bayes.tuned_calib.oof_isotonic",0.0293184007732499,"oof","isotonic","naive_bayes",FALSE
"kr-vs-kp","classif.naive_bayes.tuned_calib.oof_isotonic",0.0505144009132093,"oof","isotonic","naive_bayes",FALSE
"kr-vs-kp","classif.naive_bayes.tuned_calib.oof_isotonic",0.0462735074045479,"oof","isotonic","naive_bayes",FALSE
"kr-vs-kp","classif.naive_bayes.tuned_calib.oof_isotonic",0.0179105057891704,"oof","isotonic","naive_bayes",FALSE
"kr-vs-kp","classif.naive_bayes.tuned_calib.oof_isotonic",0.0264264097735195,"oof","isotonic","naive_bayes",FALSE
"kr-vs-kp","classif.naive_bayes.tuned_calib.oof_isotonic",0.0328373650281606,"oof","isotonic","naive_bayes",FALSE
"kr-vs-kp","classif.naive_bayes.tuned_calib.oof_isotonic",0.0298155848466327,"oof","isotonic","naive_bayes",FALSE
"kr-vs-kp","classif.naive_bayes.tuned_calib.oof_isotonic",0.0318538743255917,"oof","isotonic","naive_bayes",FALSE
"kr-vs-kp","classif.naive_bayes.tuned_calib.perfold_platt",0.0468654338032484,"perfold","platt","naive_bayes",FALSE
"kr-vs-kp","classif.naive_bayes.tuned_calib.perfold_platt",0.0333977560777626,"perfold","platt","naive_bayes",FALSE
"kr-vs-kp","classif.naive_bayes.tuned_calib.perfold_platt",0.0437042592637263,"perfold","platt","naive_bayes",FALSE
"kr-vs-kp","classif.naive_bayes.tuned_calib.perfold_platt",0.0519983162073224,"perfold","platt","naive_bayes",FALSE
"kr-vs-kp","classif.naive_bayes.tuned_calib.perfold_platt",0.0537200400043383,"perfold","platt","naive_bayes",FALSE
"kr-vs-kp","classif.naive_bayes.tuned_calib.perfold_platt",0.0243733899290473,"perfold","platt","naive_bayes",FALSE
"kr-vs-kp","classif.naive_bayes.tuned_calib.perfold_platt",0.0259142162185449,"perfold","platt","naive_bayes",FALSE
"kr-vs-kp","classif.naive_bayes.tuned_calib.perfold_platt",0.037228871976029,"perfold","platt","naive_bayes",FALSE
"kr-vs-kp","classif.naive_bayes.tuned_calib.perfold_platt",0.0486114700333456,"perfold","platt","naive_bayes",FALSE
"kr-vs-kp","classif.naive_bayes.tuned_calib.perfold_platt",0.0697286121977251,"perfold","platt","naive_bayes",FALSE
"kr-vs-kp","classif.naive_bayes.tuned_calib.perfold_beta",0.0425630133026099,"perfold","beta","naive_bayes",FALSE
"kr-vs-kp","classif.naive_bayes.tuned_calib.perfold_beta",0.0336253849930376,"perfold","beta","naive_bayes",FALSE
"kr-vs-kp","classif.naive_bayes.tuned_calib.perfold_beta",0.0374839512622078,"perfold","beta","naive_bayes",FALSE
"kr-vs-kp","classif.naive_bayes.tuned_calib.perfold_beta",0.0441013648493549,"perfold","beta","naive_bayes",FALSE
"kr-vs-kp","classif.naive_bayes.tuned_calib.perfold_beta",0.0439905523465179,"perfold","beta","naive_bayes",FALSE
"kr-vs-kp","classif.naive_bayes.tuned_calib.perfold_beta",0.0227247946127574,"perfold","beta","naive_bayes",FALSE
"kr-vs-kp","classif.naive_bayes.tuned_calib.perfold_beta",0.0287275097384342,"perfold","beta","naive_bayes",FALSE
"kr-vs-kp","classif.naive_bayes.tuned_calib.perfold_beta",0.0146958975885188,"perfold","beta","naive_bayes",FALSE
"kr-vs-kp","classif.naive_bayes.tuned_calib.perfold_beta",0.0364140082684281,"perfold","beta","naive_bayes",FALSE
"kr-vs-kp","classif.naive_bayes.tuned_calib.perfold_beta",0.0580553859332723,"perfold","beta","naive_bayes",FALSE
"kr-vs-kp","classif.naive_bayes.tuned_calib.perfold_isotonic",0.0345594555769446,"perfold","isotonic","naive_bayes",FALSE
"kr-vs-kp","classif.naive_bayes.tuned_calib.perfold_isotonic",0.0205961198549036,"perfold","isotonic","naive_bayes",FALSE
"kr-vs-kp","classif.naive_bayes.tuned_calib.perfold_isotonic",0.0318958757619532,"perfold","isotonic","naive_bayes",FALSE
"kr-vs-kp","classif.naive_bayes.tuned_calib.perfold_isotonic",0.0394923532987154,"perfold","isotonic","naive_bayes",FALSE
"kr-vs-kp","classif.naive_bayes.tuned_calib.perfold_isotonic",0.0373460535274967,"perfold","isotonic","naive_bayes",FALSE
"kr-vs-kp","classif.naive_bayes.tuned_calib.perfold_isotonic",0.0257537222874132,"perfold","isotonic","naive_bayes",FALSE
"kr-vs-kp","classif.naive_bayes.tuned_calib.perfold_isotonic",0.0206971329678564,"perfold","isotonic","naive_bayes",FALSE
"kr-vs-kp","classif.naive_bayes.tuned_calib.perfold_isotonic",0.0323620802949613,"perfold","isotonic","naive_bayes",FALSE
"kr-vs-kp","classif.naive_bayes.tuned_calib.perfold_isotonic",0.0345624358146117,"perfold","isotonic","naive_bayes",FALSE
"kr-vs-kp","classif.naive_bayes.tuned_calib.perfold_isotonic",0.0542490020203955,"perfold","isotonic","naive_bayes",FALSE
"kr-vs-kp","classif.naive_bayes.tuned_calib.tunefirst.oof_platt",0.0470315807109163,"oof","platt","naive_bayes",TRUE
"kr-vs-kp","classif.naive_bayes.tuned_calib.tunefirst.oof_platt",0.0328395875592101,"oof","platt","naive_bayes",TRUE
"kr-vs-kp","classif.naive_bayes.tuned_calib.tunefirst.oof_platt",0.0427846255255402,"oof","platt","naive_bayes",TRUE
"kr-vs-kp","classif.naive_bayes.tuned_calib.tunefirst.oof_platt",0.0524054740864637,"oof","platt","naive_bayes",TRUE
"kr-vs-kp","classif.naive_bayes.tuned_calib.tunefirst.oof_platt",0.0510733406875515,"oof","platt","naive_bayes",TRUE
"kr-vs-kp","classif.naive_bayes.tuned_calib.tunefirst.oof_platt",0.0292235990721532,"oof","platt","naive_bayes",TRUE
"kr-vs-kp","classif.naive_bayes.tuned_calib.tunefirst.oof_platt",0.0236022294856492,"oof","platt","naive_bayes",TRUE
"kr-vs-kp","classif.naive_bayes.tuned_calib.tunefirst.oof_platt",0.0380271458481568,"oof","platt","naive_bayes",TRUE
"kr-vs-kp","classif.naive_bayes.tuned_calib.tunefirst.oof_platt",0.0497183531947153,"oof","platt","naive_bayes",TRUE
"kr-vs-kp","classif.naive_bayes.tuned_calib.tunefirst.oof_platt",0.0628501143204895,"oof","platt","naive_bayes",TRUE
"kr-vs-kp","classif.naive_bayes.tuned_calib.tunefirst.oof_beta",0.042737594680842,"oof","beta","naive_bayes",TRUE
"kr-vs-kp","classif.naive_bayes.tuned_calib.tunefirst.oof_beta",0.0347116446536567,"oof","beta","naive_bayes",TRUE
"kr-vs-kp","classif.naive_bayes.tuned_calib.tunefirst.oof_beta",0.0355660420068183,"oof","beta","naive_bayes",TRUE
"kr-vs-kp","classif.naive_bayes.tuned_calib.tunefirst.oof_beta",0.0401115984076973,"oof","beta","naive_bayes",TRUE
"kr-vs-kp","classif.naive_bayes.tuned_calib.tunefirst.oof_beta",0.0389875497053644,"oof","beta","naive_bayes",TRUE
"kr-vs-kp","classif.naive_bayes.tuned_calib.tunefirst.oof_beta",0.0285228390883242,"oof","beta","naive_bayes",TRUE
"kr-vs-kp","classif.naive_bayes.tuned_calib.tunefirst.oof_beta",0.0215658843628761,"oof","beta","naive_bayes",TRUE
"kr-vs-kp","classif.naive_bayes.tuned_calib.tunefirst.oof_beta",0.0232693888121021,"oof","beta","naive_bayes",TRUE
"kr-vs-kp","classif.naive_bayes.tuned_calib.tunefirst.oof_beta",0.0311826500975385,"oof","beta","naive_bayes",TRUE
"kr-vs-kp","classif.naive_bayes.tuned_calib.tunefirst.oof_beta",0.0565408834228334,"oof","beta","naive_bayes",TRUE
"kr-vs-kp","classif.naive_bayes.tuned_calib.tunefirst.oof_isotonic",0.0311469114668069,"oof","isotonic","naive_bayes",TRUE
"kr-vs-kp","classif.naive_bayes.tuned_calib.tunefirst.oof_isotonic",0.064369166549748,"oof","isotonic","naive_bayes",TRUE
"kr-vs-kp","classif.naive_bayes.tuned_calib.tunefirst.oof_isotonic",0.0229173615731052,"oof","isotonic","naive_bayes",TRUE
"kr-vs-kp","classif.naive_bayes.tuned_calib.tunefirst.oof_isotonic",0.0543276912124907,"oof","isotonic","naive_bayes",TRUE
"kr-vs-kp","classif.naive_bayes.tuned_calib.tunefirst.oof_isotonic",0.0444448414726753,"oof","isotonic","naive_bayes",TRUE
"kr-vs-kp","classif.naive_bayes.tuned_calib.tunefirst.oof_isotonic",0.0230122165108719,"oof","isotonic","naive_bayes",TRUE
"kr-vs-kp","classif.naive_bayes.tuned_calib.tunefirst.oof_isotonic",0.0313333142803252,"oof","isotonic","naive_bayes",TRUE
"kr-vs-kp","classif.naive_bayes.tuned_calib.tunefirst.oof_isotonic",0.0320189949451682,"oof","isotonic","naive_bayes",TRUE
"kr-vs-kp","classif.naive_bayes.tuned_calib.tunefirst.oof_isotonic",0.0334418687323393,"oof","isotonic","naive_bayes",TRUE
"kr-vs-kp","classif.naive_bayes.tuned_calib.tunefirst.oof_isotonic",0.0409932319410344,"oof","isotonic","naive_bayes",TRUE
"kr-vs-kp","classif.naive_bayes.tuned_calib.tunefirst.perfold_platt",0.0474371653082753,"perfold","platt","naive_bayes",TRUE
"kr-vs-kp","classif.naive_bayes.tuned_calib.tunefirst.perfold_platt",0.0316103152751178,"perfold","platt","naive_bayes",TRUE
"kr-vs-kp","classif.naive_bayes.tuned_calib.tunefirst.perfold_platt",0.0421431625622262,"perfold","platt","naive_bayes",TRUE
"kr-vs-kp","classif.naive_bayes.tuned_calib.tunefirst.perfold_platt",0.0517502634661534,"perfold","platt","naive_bayes",TRUE
"kr-vs-kp","classif.naive_bayes.tuned_calib.tunefirst.perfold_platt",0.0532073968628028,"perfold","platt","naive_bayes",TRUE
"kr-vs-kp","classif.naive_bayes.tuned_calib.tunefirst.perfold_platt",0.0300993627450081,"perfold","platt","naive_bayes",TRUE
"kr-vs-kp","classif.naive_bayes.tuned_calib.tunefirst.perfold_platt",0.0263172540993267,"perfold","platt","naive_bayes",TRUE
"kr-vs-kp","classif.naive_bayes.tuned_calib.tunefirst.perfold_platt",0.0353514935774024,"perfold","platt","naive_bayes",TRUE
"kr-vs-kp","classif.naive_bayes.tuned_calib.tunefirst.perfold_platt",0.0479584880684012,"perfold","platt","naive_bayes",TRUE
"kr-vs-kp","classif.naive_bayes.tuned_calib.tunefirst.perfold_platt",0.0695364928871891,"perfold","platt","naive_bayes",TRUE
"kr-vs-kp","classif.naive_bayes.tuned_calib.tunefirst.perfold_beta",0.0420077124136459,"perfold","beta","naive_bayes",TRUE
"kr-vs-kp","classif.naive_bayes.tuned_calib.tunefirst.perfold_beta",0.0261229566699834,"perfold","beta","naive_bayes",TRUE
"kr-vs-kp","classif.naive_bayes.tuned_calib.tunefirst.perfold_beta",0.0376889054597152,"perfold","beta","naive_bayes",TRUE
"kr-vs-kp","classif.naive_bayes.tuned_calib.tunefirst.perfold_beta",0.0435323806102634,"perfold","beta","naive_bayes",TRUE
"kr-vs-kp","classif.naive_bayes.tuned_calib.tunefirst.perfold_beta",0.0437726268148696,"perfold","beta","naive_bayes",TRUE
"kr-vs-kp","classif.naive_bayes.tuned_calib.tunefirst.perfold_beta",0.0169979438056142,"perfold","beta","naive_bayes",TRUE
"kr-vs-kp","classif.naive_bayes.tuned_calib.tunefirst.perfold_beta",0.0363908632351151,"perfold","beta","naive_bayes",TRUE
"kr-vs-kp","classif.naive_bayes.tuned_calib.tunefirst.perfold_beta",0.0218570407525606,"perfold","beta","naive_bayes",TRUE
"kr-vs-kp","classif.naive_bayes.tuned_calib.tunefirst.perfold_beta",0.0272864424329971,"perfold","beta","naive_bayes",TRUE
"kr-vs-kp","classif.naive_bayes.tuned_calib.tunefirst.perfold_beta",0.0582244138150213,"perfold","beta","naive_bayes",TRUE
"kr-vs-kp","classif.naive_bayes.tuned_calib.tunefirst.perfold_isotonic",0.0494713022483771,"perfold","isotonic","naive_bayes",TRUE
"kr-vs-kp","classif.naive_bayes.tuned_calib.tunefirst.perfold_isotonic",0.0298554874594015,"perfold","isotonic","naive_bayes",TRUE
"kr-vs-kp","classif.naive_bayes.tuned_calib.tunefirst.perfold_isotonic",0.0286272900941795,"perfold","isotonic","naive_bayes",TRUE
"kr-vs-kp","classif.naive_bayes.tuned_calib.tunefirst.perfold_isotonic",0.0366870114078335,"perfold","isotonic","naive_bayes",TRUE
"kr-vs-kp","classif.naive_bayes.tuned_calib.tunefirst.perfold_isotonic",0.0405888768062755,"perfold","isotonic","naive_bayes",TRUE
"kr-vs-kp","classif.naive_bayes.tuned_calib.tunefirst.perfold_isotonic",0.0289158453180629,"perfold","isotonic","naive_bayes",TRUE
"kr-vs-kp","classif.naive_bayes.tuned_calib.tunefirst.perfold_isotonic",0.0258928745187749,"perfold","isotonic","naive_bayes",TRUE
"kr-vs-kp","classif.naive_bayes.tuned_calib.tunefirst.perfold_isotonic",0.0169286744508434,"perfold","isotonic","naive_bayes",TRUE
"kr-vs-kp","classif.naive_bayes.tuned_calib.tunefirst.perfold_isotonic",0.0299238514261602,"perfold","isotonic","naive_bayes",TRUE
"kr-vs-kp","classif.naive_bayes.tuned_calib.tunefirst.perfold_isotonic",0.0389721572412934,"perfold","isotonic","naive_bayes",TRUE
"kr-vs-kp","classif.ranger.tuned",0.0729902931282413,"none","none","ranger",FALSE
"kr-vs-kp","classif.ranger.tuned",0.0679315612519195,"none","none","ranger",FALSE
"kr-vs-kp","classif.ranger.tuned",0.0767034524081006,"none","none","ranger",FALSE
"kr-vs-kp","classif.ranger.tuned",0.0700155655141709,"none","none","ranger",FALSE
"kr-vs-kp","classif.ranger.tuned",0.0672991815857569,"none","none","ranger",FALSE
"kr-vs-kp","classif.ranger.tuned",0.0611601237379955,"none","none","ranger",FALSE
"kr-vs-kp","classif.ranger.tuned",0.0616003093696206,"none","none","ranger",FALSE
"kr-vs-kp","classif.ranger.tuned",0.0764862594349477,"none","none","ranger",FALSE
"kr-vs-kp","classif.ranger.tuned",0.068959153826629,"none","none","ranger",FALSE
"kr-vs-kp","classif.ranger.tuned",0.0686748120640889,"none","none","ranger",FALSE
"kr-vs-kp","classif.ranger.tuned_calib.oof_platt",0.0127127294036455,"oof","platt","ranger",FALSE
"kr-vs-kp","classif.ranger.tuned_calib.oof_platt",0.0158228419921832,"oof","platt","ranger",FALSE
"kr-vs-kp","classif.ranger.tuned_calib.oof_platt",0.0138189004009748,"oof","platt","ranger",FALSE
"kr-vs-kp","classif.ranger.tuned_calib.oof_platt",0.00435559016428079,"oof","platt","ranger",FALSE
"kr-vs-kp","classif.ranger.tuned_calib.oof_platt",0.0029686206654268,"oof","platt","ranger",FALSE
"kr-vs-kp","classif.ranger.tuned_calib.oof_platt",0.00941316173111302,"oof","platt","ranger",FALSE
"kr-vs-kp","classif.ranger.tuned_calib.oof_platt",0.0126146353579104,"oof","platt","ranger",FALSE
"kr-vs-kp","classif.ranger.tuned_calib.oof_platt",0.0109284524037626,"oof","platt","ranger",FALSE
"kr-vs-kp","classif.ranger.tuned_calib.oof_platt",0.0068071936643922,"oof","platt","ranger",FALSE
"kr-vs-kp","classif.ranger.tuned_calib.oof_platt",0.00489468998501091,"oof","platt","ranger",FALSE
"kr-vs-kp","classif.ranger.tuned_calib.oof_beta",0.011206771583412,"oof","beta","ranger",FALSE
"kr-vs-kp","classif.ranger.tuned_calib.oof_beta",0.0144477324451183,"oof","beta","ranger",FALSE
"kr-vs-kp","classif.ranger.tuned_calib.oof_beta",0.0125574680302604,"oof","beta","ranger",FALSE
"kr-vs-kp","classif.ranger.tuned_calib.oof_beta",0.00316409636099628,"oof","beta","ranger",FALSE
"kr-vs-kp","classif.ranger.tuned_calib.oof_beta",0.00273883878501189,"oof","beta","ranger",FALSE
"kr-vs-kp","classif.ranger.tuned_calib.oof_beta",0.0092813361353624,"oof","beta","ranger",FALSE
"kr-vs-kp","classif.ranger.tuned_calib.oof_beta",0.0116375980605865,"oof","beta","ranger",FALSE
"kr-vs-kp","classif.ranger.tuned_calib.oof_beta",0.0117655156450201,"oof","beta","ranger",FALSE
"kr-vs-kp","classif.ranger.tuned_calib.oof_beta",0.00619002866378713,"oof","beta","ranger",FALSE
"kr-vs-kp","classif.ranger.tuned_calib.oof_beta",0.00419952798480339,"oof","beta","ranger",FALSE
"kr-vs-kp","classif.ranger.tuned_calib.oof_isotonic",0.0116027027877217,"oof","isotonic","ranger",FALSE
"kr-vs-kp","classif.ranger.tuned_calib.oof_isotonic",0.0140526905355029,"oof","isotonic","ranger",FALSE
"kr-vs-kp","classif.ranger.tuned_calib.oof_isotonic",0.0147145097409685,"oof","isotonic","ranger",FALSE
"kr-vs-kp","classif.ranger.tuned_calib.oof_isotonic",0.00362331065820903,"oof","isotonic","ranger",FALSE
"kr-vs-kp","classif.ranger.tuned_calib.oof_isotonic",0.00160659321094808,"oof","isotonic","ranger",FALSE
"kr-vs-kp","classif.ranger.tuned_calib.oof_isotonic",0.0100733753190159,"oof","isotonic","ranger",FALSE
"kr-vs-kp","classif.ranger.tuned_calib.oof_isotonic",0.0115712434569288,"oof","isotonic","ranger",FALSE
"kr-vs-kp","classif.ranger.tuned_calib.oof_isotonic",0.0108237125694809,"oof","isotonic","ranger",FALSE
"kr-vs-kp","classif.ranger.tuned_calib.oof_isotonic",0.00505053020215893,"oof","isotonic","ranger",FALSE
"kr-vs-kp","classif.ranger.tuned_calib.oof_isotonic",0.00401204605211349,"oof","isotonic","ranger",FALSE
"kr-vs-kp","classif.ranger.tuned_calib.perfold_platt",0.0122550324294723,"perfold","platt","ranger",FALSE
"kr-vs-kp","classif.ranger.tuned_calib.perfold_platt",0.0150394468978861,"perfold","platt","ranger",FALSE
"kr-vs-kp","classif.ranger.tuned_calib.perfold_platt",0.013508361976722,"perfold","platt","ranger",FALSE
"kr-vs-kp","classif.ranger.tuned_calib.perfold_platt",0.00309228419607827,"perfold","platt","ranger",FALSE
"kr-vs-kp","classif.ranger.tuned_calib.perfold_platt",0.00302950523560868,"perfold","platt","ranger",FALSE
"kr-vs-kp","classif.ranger.tuned_calib.perfold_platt",0.0092096974494434,"perfold","platt","ranger",FALSE
"kr-vs-kp","classif.ranger.tuned_calib.perfold_platt",0.0106759797172582,"perfold","platt","ranger",FALSE
"kr-vs-kp","classif.ranger.tuned_calib.perfold_platt",0.0127292253701931,"perfold","platt","ranger",FALSE
"kr-vs-kp","classif.ranger.tuned_calib.perfold_platt",0.00739870342986761,"perfold","platt","ranger",FALSE
"kr-vs-kp","classif.ranger.tuned_calib.perfold_platt",0.00357958048332873,"perfold","platt","ranger",FALSE
"kr-vs-kp","classif.ranger.tuned_calib.perfold_beta",0.0115632235702318,"perfold","beta","ranger",FALSE
"kr-vs-kp","classif.ranger.tuned_calib.perfold_beta",0.0159389059819246,"perfold","beta","ranger",FALSE
"kr-vs-kp","classif.ranger.tuned_calib.perfold_beta",0.0102081374826313,"perfold","beta","ranger",FALSE
"kr-vs-kp","classif.ranger.tuned_calib.perfold_beta",0.00504116930985452,"perfold","beta","ranger",FALSE
"kr-vs-kp","classif.ranger.tuned_calib.perfold_beta",0.00347257246507596,"perfold","beta","ranger",FALSE
"kr-vs-kp","classif.ranger.tuned_calib.perfold_beta",0.00931486561480411,"perfold","beta","ranger",FALSE
"kr-vs-kp","classif.ranger.tuned_calib.perfold_beta",0.0093039340166958,"perfold","beta","ranger",FALSE
"kr-vs-kp","classif.ranger.tuned_calib.perfold_beta",0.0074816449220459,"perfold","beta","ranger",FALSE
"kr-vs-kp","classif.ranger.tuned_calib.perfold_beta",0.00431703734008683,"perfold","beta","ranger",FALSE
"kr-vs-kp","classif.ranger.tuned_calib.perfold_beta",0.00479593089666348,"perfold","beta","ranger",FALSE
"kr-vs-kp","classif.ranger.tuned_calib.perfold_isotonic",0.0119808851679119,"perfold","isotonic","ranger",FALSE
"kr-vs-kp","classif.ranger.tuned_calib.perfold_isotonic",0.0140155114594663,"perfold","isotonic","ranger",FALSE
"kr-vs-kp","classif.ranger.tuned_calib.perfold_isotonic",0.0122931301327217,"perfold","isotonic","ranger",FALSE
"kr-vs-kp","classif.ranger.tuned_calib.perfold_isotonic",0.003425318529224,"perfold","isotonic","ranger",FALSE
"kr-vs-kp","classif.ranger.tuned_calib.perfold_isotonic",0.002131559244022,"perfold","isotonic","ranger",FALSE
"kr-vs-kp","classif.ranger.tuned_calib.perfold_isotonic",0.00685374174436674,"perfold","isotonic","ranger",FALSE
"kr-vs-kp","classif.ranger.tuned_calib.perfold_isotonic",0.0102206988413885,"perfold","isotonic","ranger",FALSE
"kr-vs-kp","classif.ranger.tuned_calib.perfold_isotonic",0.0129013219452091,"perfold","isotonic","ranger",FALSE
"kr-vs-kp","classif.ranger.tuned_calib.perfold_isotonic",0.00542272078322236,"perfold","isotonic","ranger",FALSE
"kr-vs-kp","classif.ranger.tuned_calib.perfold_isotonic",0.00264087358131246,"perfold","isotonic","ranger",FALSE
"kr-vs-kp","classif.ranger.tuned_calib.tunefirst.oof_platt",0.0123947766691908,"oof","platt","ranger",TRUE
"kr-vs-kp","classif.ranger.tuned_calib.tunefirst.oof_platt",0.0156687081928684,"oof","platt","ranger",TRUE
"kr-vs-kp","classif.ranger.tuned_calib.tunefirst.oof_platt",0.0143353090114769,"oof","platt","ranger",TRUE
"kr-vs-kp","classif.ranger.tuned_calib.tunefirst.oof_platt",0.00350803925234378,"oof","platt","ranger",TRUE
"kr-vs-kp","classif.ranger.tuned_calib.tunefirst.oof_platt",0.00246550100239657,"oof","platt","ranger",TRUE
"kr-vs-kp","classif.ranger.tuned_calib.tunefirst.oof_platt",0.00872037330898622,"oof","platt","ranger",TRUE
"kr-vs-kp","classif.ranger.tuned_calib.tunefirst.oof_platt",0.0118492892805117,"oof","platt","ranger",TRUE
"kr-vs-kp","classif.ranger.tuned_calib.tunefirst.oof_platt",0.0102780446078478,"oof","platt","ranger",TRUE
"kr-vs-kp","classif.ranger.tuned_calib.tunefirst.oof_platt",0.00608104494757668,"oof","platt","ranger",TRUE
"kr-vs-kp","classif.ranger.tuned_calib.tunefirst.oof_platt",0.00388269094242605,"oof","platt","ranger",TRUE
"kr-vs-kp","classif.ranger.tuned_calib.tunefirst.oof_beta",0.0110571652880816,"oof","beta","ranger",TRUE
"kr-vs-kp","classif.ranger.tuned_calib.tunefirst.oof_beta",0.0150880198569253,"oof","beta","ranger",TRUE
"kr-vs-kp","classif.ranger.tuned_calib.tunefirst.oof_beta",0.0135842841894882,"oof","beta","ranger",TRUE
"kr-vs-kp","classif.ranger.tuned_calib.tunefirst.oof_beta",0.00324829112117025,"oof","beta","ranger",TRUE
"kr-vs-kp","classif.ranger.tuned_calib.tunefirst.oof_beta",0.00259117571566007,"oof","beta","ranger",TRUE
"kr-vs-kp","classif.ranger.tuned_calib.tunefirst.oof_beta",0.00871871025386693,"oof","beta","ranger",TRUE
"kr-vs-kp","classif.ranger.tuned_calib.tunefirst.oof_beta",0.011146058263057,"oof","beta","ranger",TRUE
"kr-vs-kp","classif.ranger.tuned_calib.tunefirst.oof_beta",0.0114782834320703,"oof","beta","ranger",TRUE
"kr-vs-kp","classif.ranger.tuned_calib.tunefirst.oof_beta",0.00546518567210581,"oof","beta","ranger",TRUE
"kr-vs-kp","classif.ranger.tuned_calib.tunefirst.oof_beta",0.0044205132882906,"oof","beta","ranger",TRUE
"kr-vs-kp","classif.ranger.tuned_calib.tunefirst.oof_isotonic",0.0111512450165251,"oof","isotonic","ranger",TRUE
"kr-vs-kp","classif.ranger.tuned_calib.tunefirst.oof_isotonic",0.0130220375010736,"oof","isotonic","ranger",TRUE
"kr-vs-kp","classif.ranger.tuned_calib.tunefirst.oof_isotonic",0.0131207668706858,"oof","isotonic","ranger",TRUE
"kr-vs-kp","classif.ranger.tuned_calib.tunefirst.oof_isotonic",0.00261874232600519,"oof","isotonic","ranger",TRUE
"kr-vs-kp","classif.ranger.tuned_calib.tunefirst.oof_isotonic",0.00158230400126382,"oof","isotonic","ranger",TRUE
"kr-vs-kp","classif.ranger.tuned_calib.tunefirst.oof_isotonic",0.00897862042730566,"oof","isotonic","ranger",TRUE
"kr-vs-kp","classif.ranger.tuned_calib.tunefirst.oof_isotonic",0.0105359988426678,"oof","isotonic","ranger",TRUE
"kr-vs-kp","classif.ranger.tuned_calib.tunefirst.oof_isotonic",0.0126205348851299,"oof","isotonic","ranger",TRUE
"kr-vs-kp","classif.ranger.tuned_calib.tunefirst.oof_isotonic",0.0044036744419048,"oof","isotonic","ranger",TRUE
"kr-vs-kp","classif.ranger.tuned_calib.tunefirst.oof_isotonic",0.00408871121701952,"oof","isotonic","ranger",TRUE
"kr-vs-kp","classif.ranger.tuned_calib.tunefirst.perfold_platt",0.011723495277203,"perfold","platt","ranger",TRUE
"kr-vs-kp","classif.ranger.tuned_calib.tunefirst.perfold_platt",0.0148992799922219,"perfold","platt","ranger",TRUE
"kr-vs-kp","classif.ranger.tuned_calib.tunefirst.perfold_platt",0.0123750939360953,"perfold","platt","ranger",TRUE
"kr-vs-kp","classif.ranger.tuned_calib.tunefirst.perfold_platt",0.00456973228536944,"perfold","platt","ranger",TRUE
"kr-vs-kp","classif.ranger.tuned_calib.tunefirst.perfold_platt",0.00342092256533929,"perfold","platt","ranger",TRUE
"kr-vs-kp","classif.ranger.tuned_calib.tunefirst.perfold_platt",0.0105519335978486,"perfold","platt","ranger",TRUE
"kr-vs-kp","classif.ranger.tuned_calib.tunefirst.perfold_platt",0.00852275059833077,"perfold","platt","ranger",TRUE
"kr-vs-kp","classif.ranger.tuned_calib.tunefirst.perfold_platt",0.0141029725432684,"perfold","platt","ranger",TRUE
"kr-vs-kp","classif.ranger.tuned_calib.tunefirst.perfold_platt",0.00858092678824126,"perfold","platt","ranger",TRUE
"kr-vs-kp","classif.ranger.tuned_calib.tunefirst.perfold_platt",0.00398108903449436,"perfold","platt","ranger",TRUE
"kr-vs-kp","classif.ranger.tuned_calib.tunefirst.perfold_beta",0.0109809149034066,"perfold","beta","ranger",TRUE
"kr-vs-kp","classif.ranger.tuned_calib.tunefirst.perfold_beta",0.0150245437661216,"perfold","beta","ranger",TRUE
"kr-vs-kp","classif.ranger.tuned_calib.tunefirst.perfold_beta",0.0113826484826869,"perfold","beta","ranger",TRUE
"kr-vs-kp","classif.ranger.tuned_calib.tunefirst.perfold_beta",0.00474454497170401,"perfold","beta","ranger",TRUE
"kr-vs-kp","classif.ranger.tuned_calib.tunefirst.perfold_beta",0.00353676273186832,"perfold","beta","ranger",TRUE
"kr-vs-kp","classif.ranger.tuned_calib.tunefirst.perfold_beta",0.0084764385081327,"perfold","beta","ranger",TRUE
"kr-vs-kp","classif.ranger.tuned_calib.tunefirst.perfold_beta",0.0111844984315273,"perfold","beta","ranger",TRUE
"kr-vs-kp","classif.ranger.tuned_calib.tunefirst.perfold_beta",0.0142385613063309,"perfold","beta","ranger",TRUE
"kr-vs-kp","classif.ranger.tuned_calib.tunefirst.perfold_beta",0.00734622983746738,"perfold","beta","ranger",TRUE
"kr-vs-kp","classif.ranger.tuned_calib.tunefirst.perfold_beta",0.00335293292808275,"perfold","beta","ranger",TRUE
"kr-vs-kp","classif.ranger.tuned_calib.tunefirst.perfold_isotonic",0.0121965913192546,"perfold","isotonic","ranger",TRUE
"kr-vs-kp","classif.ranger.tuned_calib.tunefirst.perfold_isotonic",0.0128114425212818,"perfold","isotonic","ranger",TRUE
"kr-vs-kp","classif.ranger.tuned_calib.tunefirst.perfold_isotonic",0.0143181717404674,"perfold","isotonic","ranger",TRUE
"kr-vs-kp","classif.ranger.tuned_calib.tunefirst.perfold_isotonic",0.00391205696997697,"perfold","isotonic","ranger",TRUE
"kr-vs-kp","classif.ranger.tuned_calib.tunefirst.perfold_isotonic",0.00264232305511593,"perfold","isotonic","ranger",TRUE
"kr-vs-kp","classif.ranger.tuned_calib.tunefirst.perfold_isotonic",0.00904944744834245,"perfold","isotonic","ranger",TRUE
"kr-vs-kp","classif.ranger.tuned_calib.tunefirst.perfold_isotonic",0.0103564963842319,"perfold","isotonic","ranger",TRUE
"kr-vs-kp","classif.ranger.tuned_calib.tunefirst.perfold_isotonic",0.0114727710296148,"perfold","isotonic","ranger",TRUE
"kr-vs-kp","classif.ranger.tuned_calib.tunefirst.perfold_isotonic",0.00644433835301235,"perfold","isotonic","ranger",TRUE
"kr-vs-kp","classif.ranger.tuned_calib.tunefirst.perfold_isotonic",0.00297030770821532,"perfold","isotonic","ranger",TRUE
"credit-g","classif.naive_bayes.tuned",0.106907250366036,"none","none","naive_bayes",FALSE
"credit-g","classif.naive_bayes.tuned",0.1408415332618,"none","none","naive_bayes",FALSE
"credit-g","classif.naive_bayes.tuned",0.205887674319312,"none","none","naive_bayes",FALSE
"credit-g","classif.naive_bayes.tuned",0.12728697285133,"none","none","naive_bayes",FALSE
"credit-g","classif.naive_bayes.tuned",0.139892817660015,"none","none","naive_bayes",FALSE
"credit-g","classif.naive_bayes.tuned",0.103876042079724,"none","none","naive_bayes",FALSE
"credit-g","classif.naive_bayes.tuned",0.1195379268388,"none","none","naive_bayes",FALSE
"credit-g","classif.naive_bayes.tuned",0.100913197957909,"none","none","naive_bayes",FALSE
"credit-g","classif.naive_bayes.tuned",0.109229975010551,"none","none","naive_bayes",FALSE
"credit-g","classif.naive_bayes.tuned",0.0985975586421259,"none","none","naive_bayes",FALSE
"credit-g","classif.naive_bayes.tuned_calib.oof_platt",0.108461434166859,"oof","platt","naive_bayes",FALSE
"credit-g","classif.naive_bayes.tuned_calib.oof_platt",0.130399388272725,"oof","platt","naive_bayes",FALSE
"credit-g","classif.naive_bayes.tuned_calib.oof_platt",0.177870851470836,"oof","platt","naive_bayes",FALSE
"credit-g","classif.naive_bayes.tuned_calib.oof_platt",0.109673749567587,"oof","platt","naive_bayes",FALSE
"credit-g","classif.naive_bayes.tuned_calib.oof_platt",0.134932124122474,"oof","platt","naive_bayes",FALSE
"credit-g","classif.naive_bayes.tuned_calib.oof_platt",0.0874301593829871,"oof","platt","naive_bayes",FALSE
"credit-g","classif.naive_bayes.tuned_calib.oof_platt",0.115086951787425,"oof","platt","naive_bayes",FALSE
"credit-g","classif.naive_bayes.tuned_calib.oof_platt",0.111287724609167,"oof","platt","naive_bayes",FALSE
"credit-g","classif.naive_bayes.tuned_calib.oof_platt",0.0778480539748602,"oof","platt","naive_bayes",FALSE
"credit-g","classif.naive_bayes.tuned_calib.oof_platt",0.0969242995837722,"oof","platt","naive_bayes",FALSE
"credit-g","classif.naive_bayes.tuned_calib.oof_beta",0.0942886009353835,"oof","beta","naive_bayes",FALSE
"credit-g","classif.naive_bayes.tuned_calib.oof_beta",0.107377140653561,"oof","beta","naive_bayes",FALSE
"credit-g","classif.naive_bayes.tuned_calib.oof_beta",0.163995524237036,"oof","beta","naive_bayes",FALSE
"credit-g","classif.naive_bayes.tuned_calib.oof_beta",0.146992924991919,"oof","beta","naive_bayes",FALSE
"credit-g","classif.naive_bayes.tuned_calib.oof_beta",0.128674870749004,"oof","beta","naive_bayes",FALSE
"credit-g","classif.naive_bayes.tuned_calib.oof_beta",0.0574865445703095,"oof","beta","naive_bayes",FALSE
"credit-g","classif.naive_bayes.tuned_calib.oof_beta",0.141152265722358,"oof","beta","naive_bayes",FALSE
"credit-g","classif.naive_bayes.tuned_calib.oof_beta",0.111262719087334,"oof","beta","naive_bayes",FALSE
"credit-g","classif.naive_bayes.tuned_calib.oof_beta",0.0629809067673856,"oof","beta","naive_bayes",FALSE
"credit-g","classif.naive_bayes.tuned_calib.oof_beta",0.0602019072284002,"oof","beta","naive_bayes",FALSE
"credit-g","classif.naive_bayes.tuned_calib.oof_isotonic",0.135409209905345,"oof","isotonic","naive_bayes",FALSE
"credit-g","classif.naive_bayes.tuned_calib.oof_isotonic",0.157081626109934,"oof","isotonic","naive_bayes",FALSE
"credit-g","classif.naive_bayes.tuned_calib.oof_isotonic",0.193514827653039,"oof","isotonic","naive_bayes",FALSE
"credit-g","classif.naive_bayes.tuned_calib.oof_isotonic",0.127233125108598,"oof","isotonic","naive_bayes",FALSE
"credit-g","classif.naive_bayes.tuned_calib.oof_isotonic",0.139859024308031,"oof","isotonic","naive_bayes",FALSE
"credit-g","classif.naive_bayes.tuned_calib.oof_isotonic",0.132006486691381,"oof","isotonic","naive_bayes",FALSE
"credit-g","classif.naive_bayes.tuned_calib.oof_isotonic",0.0771922146455654,"oof","isotonic","naive_bayes",FALSE
"credit-g","classif.naive_bayes.tuned_calib.oof_isotonic",0.0812381605906043,"oof","isotonic","naive_bayes",FALSE
"credit-g","classif.naive_bayes.tuned_calib.oof_isotonic",0.102142814723277,"oof","isotonic","naive_bayes",FALSE
"credit-g","classif.naive_bayes.tuned_calib.oof_isotonic",0.11495854143511,"oof","isotonic","naive_bayes",FALSE
"credit-g","classif.naive_bayes.tuned_calib.perfold_platt",0.10649360325757,"perfold","platt","naive_bayes",FALSE
"credit-g","classif.naive_bayes.tuned_calib.perfold_platt",0.112275648341797,"perfold","platt","naive_bayes",FALSE
"credit-g","classif.naive_bayes.tuned_calib.perfold_platt",0.192064581823782,"perfold","platt","naive_bayes",FALSE
"credit-g","classif.naive_bayes.tuned_calib.perfold_platt",0.103249224936778,"perfold","platt","naive_bayes",FALSE
"credit-g","classif.naive_bayes.tuned_calib.perfold_platt",0.140376801857847,"perfold","platt","naive_bayes",FALSE
"credit-g","classif.naive_bayes.tuned_calib.perfold_platt",0.083872580148366,"perfold","platt","naive_bayes",FALSE
"credit-g","classif.naive_bayes.tuned_calib.perfold_platt",0.111426607954763,"perfold","platt","naive_bayes",FALSE
"credit-g","classif.naive_bayes.tuned_calib.perfold_platt",0.0976306174785488,"perfold","platt","naive_bayes",FALSE
"credit-g","classif.naive_bayes.tuned_calib.perfold_platt",0.076420524098655,"perfold","platt","naive_bayes",FALSE
"credit-g","classif.naive_bayes.tuned_calib.perfold_platt",0.0934153409568603,"perfold","platt","naive_bayes",FALSE
"credit-g","classif.naive_bayes.tuned_calib.perfold_beta",0.10437457340165,"perfold","beta","naive_bayes",FALSE
"credit-g","classif.naive_bayes.tuned_calib.perfold_beta",0.128763942125947,"perfold","beta","naive_bayes",FALSE
"credit-g","classif.naive_bayes.tuned_calib.perfold_beta",0.16102431845896,"perfold","beta","naive_bayes",FALSE
"credit-g","classif.naive_bayes.tuned_calib.perfold_beta",0.136746985123934,"perfold","beta","naive_bayes",FALSE
"credit-g","classif.naive_bayes.tuned_calib.perfold_beta",0.0956813167359546,"perfold","beta","naive_bayes",FALSE
"credit-g","classif.naive_bayes.tuned_calib.perfold_beta",0.0591841395769076,"perfold","beta","naive_bayes",FALSE
"credit-g","classif.naive_bayes.tuned_calib.perfold_beta",0.134114758930418,"perfold","beta","naive_bayes",FALSE
"credit-g","classif.naive_bayes.tuned_calib.perfold_beta",0.105228663039776,"perfold","beta","naive_bayes",FALSE
"credit-g","classif.naive_bayes.tuned_calib.perfold_beta",0.0578100286916875,"perfold","beta","naive_bayes",FALSE
"credit-g","classif.naive_bayes.tuned_calib.perfold_beta",0.0835448582079535,"perfold","beta","naive_bayes",FALSE
"credit-g","classif.naive_bayes.tuned_calib.perfold_isotonic",0.0699460023741319,"perfold","isotonic","naive_bayes",FALSE
"credit-g","classif.naive_bayes.tuned_calib.perfold_isotonic",0.115597797001112,"perfold","isotonic","naive_bayes",FALSE
"credit-g","classif.naive_bayes.tuned_calib.perfold_isotonic",0.16866759870156,"perfold","isotonic","naive_bayes",FALSE
"credit-g","classif.naive_bayes.tuned_calib.perfold_isotonic",0.116544793810866,"perfold","isotonic","naive_bayes",FALSE
"credit-g","classif.naive_bayes.tuned_calib.perfold_isotonic",0.1078334849516,"perfold","isotonic","naive_bayes",FALSE
"credit-g","classif.naive_bayes.tuned_calib.perfold_isotonic",0.109713147014082,"perfold","isotonic","naive_bayes",FALSE
"credit-g","classif.naive_bayes.tuned_calib.perfold_isotonic",0.096121977898389,"perfold","isotonic","naive_bayes",FALSE
"credit-g","classif.naive_bayes.tuned_calib.perfold_isotonic",0.110207785671277,"perfold","isotonic","naive_bayes",FALSE
"credit-g","classif.naive_bayes.tuned_calib.perfold_isotonic",0.106548371338415,"perfold","isotonic","naive_bayes",FALSE
"credit-g","classif.naive_bayes.tuned_calib.perfold_isotonic",0.112214087472532,"perfold","isotonic","naive_bayes",FALSE
"credit-g","classif.naive_bayes.tuned_calib.tunefirst.oof_platt",0.102838649832044,"oof","platt","naive_bayes",TRUE
"credit-g","classif.naive_bayes.tuned_calib.tunefirst.oof_platt",0.130808647513077,"oof","platt","naive_bayes",TRUE
"credit-g","classif.naive_bayes.tuned_calib.tunefirst.oof_platt",0.178814076374474,"oof","platt","naive_bayes",TRUE
"credit-g","classif.naive_bayes.tuned_calib.tunefirst.oof_platt",0.100494615233125,"oof","platt","naive_bayes",TRUE
"credit-g","classif.naive_bayes.tuned_calib.tunefirst.oof_platt",0.134410768696057,"oof","platt","naive_bayes",TRUE
"credit-g","classif.naive_bayes.tuned_calib.tunefirst.oof_platt",0.0975929974578198,"oof","platt","naive_bayes",TRUE
"credit-g","classif.naive_bayes.tuned_calib.tunefirst.oof_platt",0.0962249842301696,"oof","platt","naive_bayes",TRUE
"credit-g","classif.naive_bayes.tuned_calib.tunefirst.oof_platt",0.109819899235483,"oof","platt","naive_bayes",TRUE
"credit-g","classif.naive_bayes.tuned_calib.tunefirst.oof_platt",0.0780518230235519,"oof","platt","naive_bayes",TRUE
"credit-g","classif.naive_bayes.tuned_calib.tunefirst.oof_platt",0.0973463054130966,"oof","platt","naive_bayes",TRUE
"credit-g","classif.naive_bayes.tuned_calib.tunefirst.oof_beta",0.111227757648467,"oof","beta","naive_bayes",TRUE
"credit-g","classif.naive_bayes.tuned_calib.tunefirst.oof_beta",0.108013995780647,"oof","beta","naive_bayes",TRUE
"credit-g","classif.naive_bayes.tuned_calib.tunefirst.oof_beta",0.180127689805357,"oof","beta","naive_bayes",TRUE
"credit-g","classif.naive_bayes.tuned_calib.tunefirst.oof_beta",0.147301901437848,"oof","beta","naive_bayes",TRUE
"credit-g","classif.naive_bayes.tuned_calib.tunefirst.oof_beta",0.108246401687265,"oof","beta","naive_bayes",TRUE
"credit-g","classif.naive_bayes.tuned_calib.tunefirst.oof_beta",0.0585059123049057,"oof","beta","naive_bayes",TRUE
"credit-g","classif.naive_bayes.tuned_calib.tunefirst.oof_beta",0.121172256948949,"oof","beta","naive_bayes",TRUE
"credit-g","classif.naive_bayes.tuned_calib.tunefirst.oof_beta",0.112875862565464,"oof","beta","naive_bayes",TRUE
"credit-g","classif.naive_bayes.tuned_calib.tunefirst.oof_beta",0.0681266862333599,"oof","beta","naive_bayes",TRUE
"credit-g","classif.naive_bayes.tuned_calib.tunefirst.oof_beta",0.0598512090946384,"oof","beta","naive_bayes",TRUE
"credit-g","classif.naive_bayes.tuned_calib.tunefirst.oof_isotonic",0.12528589133966,"oof","isotonic","naive_bayes",TRUE
"credit-g","classif.naive_bayes.tuned_calib.tunefirst.oof_isotonic",0.156967202295888,"oof","isotonic","naive_bayes",TRUE
"credit-g","classif.naive_bayes.tuned_calib.tunefirst.oof_isotonic",0.202456939529941,"oof","isotonic","naive_bayes",TRUE
"credit-g","classif.naive_bayes.tuned_calib.tunefirst.oof_isotonic",0.104175050880366,"oof","isotonic","naive_bayes",TRUE
"credit-g","classif.naive_bayes.tuned_calib.tunefirst.oof_isotonic",0.13744825059883,"oof","isotonic","naive_bayes",TRUE
"credit-g","classif.naive_bayes.tuned_calib.tunefirst.oof_isotonic",0.142001787279145,"oof","isotonic","naive_bayes",TRUE
"credit-g","classif.naive_bayes.tuned_calib.tunefirst.oof_isotonic",0.130515225668575,"oof","isotonic","naive_bayes",TRUE
"credit-g","classif.naive_bayes.tuned_calib.tunefirst.oof_isotonic",0.132164251408395,"oof","isotonic","naive_bayes",TRUE
"credit-g","classif.naive_bayes.tuned_calib.tunefirst.oof_isotonic",0.166700170437486,"oof","isotonic","naive_bayes",TRUE
"credit-g","classif.naive_bayes.tuned_calib.tunefirst.oof_isotonic",0.0968627457569406,"oof","isotonic","naive_bayes",TRUE
"credit-g","classif.naive_bayes.tuned_calib.tunefirst.perfold_platt",0.121183113759441,"perfold","platt","naive_bayes",TRUE
"credit-g","classif.naive_bayes.tuned_calib.tunefirst.perfold_platt",0.139607293997839,"perfold","platt","naive_bayes",TRUE
"credit-g","classif.naive_bayes.tuned_calib.tunefirst.perfold_platt",0.178718596078753,"perfold","platt","naive_bayes",TRUE
"credit-g","classif.naive_bayes.tuned_calib.tunefirst.perfold_platt",0.112599024985626,"perfold","platt","naive_bayes",TRUE
"credit-g","classif.naive_bayes.tuned_calib.tunefirst.perfold_platt",0.132919505416105,"perfold","platt","naive_bayes",TRUE
"credit-g","classif.naive_bayes.tuned_calib.tunefirst.perfold_platt",0.0868894085686577,"perfold","platt","naive_bayes",TRUE
"credit-g","classif.naive_bayes.tuned_calib.tunefirst.perfold_platt",0.118233352802738,"perfold","platt","naive_bayes",TRUE
"credit-g","classif.naive_bayes.tuned_calib.tunefirst.perfold_platt",0.101776207088829,"perfold","platt","naive_bayes",TRUE
"credit-g","classif.naive_bayes.tuned_calib.tunefirst.perfold_platt",0.0890341236801037,"perfold","platt","naive_bayes",TRUE
"credit-g","classif.naive_bayes.tuned_calib.tunefirst.perfold_platt",0.0974327483864344,"perfold","platt","naive_bayes",TRUE
"credit-g","classif.naive_bayes.tuned_calib.tunefirst.perfold_beta",0.0812277824883351,"perfold","beta","naive_bayes",TRUE
"credit-g","classif.naive_bayes.tuned_calib.tunefirst.perfold_beta",0.108619940693838,"perfold","beta","naive_bayes",TRUE
"credit-g","classif.naive_bayes.tuned_calib.tunefirst.perfold_beta",0.161053464912492,"perfold","beta","naive_bayes",TRUE
"credit-g","classif.naive_bayes.tuned_calib.tunefirst.perfold_beta",0.13880048451131,"perfold","beta","naive_bayes",TRUE
"credit-g","classif.naive_bayes.tuned_calib.tunefirst.perfold_beta",0.108543622272604,"perfold","beta","naive_bayes",TRUE
"credit-g","classif.naive_bayes.tuned_calib.tunefirst.perfold_beta",0.0600851462151191,"perfold","beta","naive_bayes",TRUE
"credit-g","classif.naive_bayes.tuned_calib.tunefirst.perfold_beta",0.133365796662508,"perfold","beta","naive_bayes",TRUE
"credit-g","classif.naive_bayes.tuned_calib.tunefirst.perfold_beta",0.104193426898594,"perfold","beta","naive_bayes",TRUE
"credit-g","classif.naive_bayes.tuned_calib.tunefirst.perfold_beta",0.0578420926374026,"perfold","beta","naive_bayes",TRUE
"credit-g","classif.naive_bayes.tuned_calib.tunefirst.perfold_beta",0.0810410866276377,"perfold","beta","naive_bayes",TRUE
"credit-g","classif.naive_bayes.tuned_calib.tunefirst.perfold_isotonic",0.0635845128747323,"perfold","isotonic","naive_bayes",TRUE
"credit-g","classif.naive_bayes.tuned_calib.tunefirst.perfold_isotonic",0.111267637807975,"perfold","isotonic","naive_bayes",TRUE
"credit-g","classif.naive_bayes.tuned_calib.tunefirst.perfold_isotonic",0.126003159414569,"perfold","isotonic","naive_bayes",TRUE
"credit-g","classif.naive_bayes.tuned_calib.tunefirst.perfold_isotonic",0.124113851082748,"perfold","isotonic","naive_bayes",TRUE
"credit-g","classif.naive_bayes.tuned_calib.tunefirst.perfold_isotonic",0.149826858044802,"perfold","isotonic","naive_bayes",TRUE
"credit-g","classif.naive_bayes.tuned_calib.tunefirst.perfold_isotonic",0.0527271302523604,"perfold","isotonic","naive_bayes",TRUE
"credit-g","classif.naive_bayes.tuned_calib.tunefirst.perfold_isotonic",0.0568353344695544,"perfold","isotonic","naive_bayes",TRUE
"credit-g","classif.naive_bayes.tuned_calib.tunefirst.perfold_isotonic",0.0738080589899835,"perfold","isotonic","naive_bayes",TRUE
"credit-g","classif.naive_bayes.tuned_calib.tunefirst.perfold_isotonic",0.0548098344414676,"perfold","isotonic","naive_bayes",TRUE
"credit-g","classif.naive_bayes.tuned_calib.tunefirst.perfold_isotonic",0.0992908292255253,"perfold","isotonic","naive_bayes",TRUE
"credit-g","classif.ranger.tuned",0.099305896747253,"none","none","ranger",FALSE
"credit-g","classif.ranger.tuned",0.11513133194553,"none","none","ranger",FALSE
"credit-g","classif.ranger.tuned",0.128394524598606,"none","none","ranger",FALSE
"credit-g","classif.ranger.tuned",0.105308446029279,"none","none","ranger",FALSE
"credit-g","classif.ranger.tuned",0.0867433507353718,"none","none","ranger",FALSE
"credit-g","classif.ranger.tuned",0.11057218126485,"none","none","ranger",FALSE
"credit-g","classif.ranger.tuned",0.0833268141453181,"none","none","ranger",FALSE
"credit-g","classif.ranger.tuned",0.101064141061853,"none","none","ranger",FALSE
"credit-g","classif.ranger.tuned",0.114926146520147,"none","none","ranger",FALSE
"credit-g","classif.ranger.tuned",0.0961980878910938,"none","none","ranger",FALSE
"credit-g","classif.ranger.tuned_calib.oof_platt",0.0951032880824918,"oof","platt","ranger",FALSE
"credit-g","classif.ranger.tuned_calib.oof_platt",0.139338437721134,"oof","platt","ranger",FALSE
"credit-g","classif.ranger.tuned_calib.oof_platt",0.1048026406405,"oof","platt","ranger",FALSE
"credit-g","classif.ranger.tuned_calib.oof_platt",0.126860597534048,"oof","platt","ranger",FALSE
"credit-g","classif.ranger.tuned_calib.oof_platt",0.107272050138788,"oof","platt","ranger",FALSE
"credit-g","classif.ranger.tuned_calib.oof_platt",0.0891770266265898,"oof","platt","ranger",FALSE
"credit-g","classif.ranger.tuned_calib.oof_platt",0.0813060561897832,"oof","platt","ranger",FALSE
"credit-g","classif.ranger.tuned_calib.oof_platt",0.114544199455134,"oof","platt","ranger",FALSE
"credit-g","classif.ranger.tuned_calib.oof_platt",0.0724334581603956,"oof","platt","ranger",FALSE
"credit-g","classif.ranger.tuned_calib.oof_platt",0.0901782287674548,"oof","platt","ranger",FALSE
"credit-g","classif.ranger.tuned_calib.oof_beta",0.060968687475016,"oof","beta","ranger",FALSE
"credit-g","classif.ranger.tuned_calib.oof_beta",0.149508151242762,"oof","beta","ranger",FALSE
"credit-g","classif.ranger.tuned_calib.oof_beta",0.0941238376606977,"oof","beta","ranger",FALSE
"credit-g","classif.ranger.tuned_calib.oof_beta",0.127636682309806,"oof","beta","ranger",FALSE
"credit-g","classif.ranger.tuned_calib.oof_beta",0.106528556060532,"oof","beta","ranger",FALSE
"credit-g","classif.ranger.tuned_calib.oof_beta",0.10567342046609,"oof","beta","ranger",FALSE
"credit-g","classif.ranger.tuned_calib.oof_beta",0.105610286621688,"oof","beta","ranger",FALSE
"credit-g","classif.ranger.tuned_calib.oof_beta",0.0890253002526019,"oof","beta","ranger",FALSE
"credit-g","classif.ranger.tuned_calib.oof_beta",0.118373520545638,"oof","beta","ranger",FALSE
"credit-g","classif.ranger.tuned_calib.oof_beta",0.0646167046242314,"oof","beta","ranger",FALSE
"credit-g","classif.ranger.tuned_calib.oof_isotonic",0.057450251705415,"oof","isotonic","ranger",FALSE
"credit-g","classif.ranger.tuned_calib.oof_isotonic",0.15452865152562,"oof","isotonic","ranger",FALSE
"credit-g","classif.ranger.tuned_calib.oof_isotonic",0.122312786475933,"oof","isotonic","ranger",FALSE
"credit-g","classif.ranger.tuned_calib.oof_isotonic",0.189310107213856,"oof","isotonic","ranger",FALSE
"credit-g","classif.ranger.tuned_calib.oof_isotonic",0.16252487204599,"oof","isotonic","ranger",FALSE
"credit-g","classif.ranger.tuned_calib.oof_isotonic",0.143405354180666,"oof","isotonic","ranger",FALSE
"credit-g","classif.ranger.tuned_calib.oof_isotonic",0.133352295538207,"oof","isotonic","ranger",FALSE
"credit-g","classif.ranger.tuned_calib.oof_isotonic",0.098989970625586,"oof","isotonic","ranger",FALSE
"credit-g","classif.ranger.tuned_calib.oof_isotonic",0.105202932744873,"oof","isotonic","ranger",FALSE
"credit-g","classif.ranger.tuned_calib.oof_isotonic",0.169135598076233,"oof","isotonic","ranger",FALSE
"credit-g","classif.ranger.tuned_calib.perfold_platt",0.0553783928336856,"perfold","platt","ranger",FALSE
"credit-g","classif.ranger.tuned_calib.perfold_platt",0.137485120726462,"perfold","platt","ranger",FALSE
"credit-g","classif.ranger.tuned_calib.perfold_platt",0.10088720299272,"perfold","platt","ranger",FALSE
"credit-g","classif.ranger.tuned_calib.perfold_platt",0.14055422853639,"perfold","platt","ranger",FALSE
"credit-g","classif.ranger.tuned_calib.perfold_platt",0.0746434814069669,"perfold","platt","ranger",FALSE
"credit-g","classif.ranger.tuned_calib.perfold_platt",0.0946780220855075,"perfold","platt","ranger",FALSE
"credit-g","classif.ranger.tuned_calib.perfold_platt",0.0824510544054875,"perfold","platt","ranger",FALSE
"credit-g","classif.ranger.tuned_calib.perfold_platt",0.112240806617779,"perfold","platt","ranger",FALSE
"credit-g","classif.ranger.tuned_calib.perfold_platt",0.108395835399433,"perfold","platt","ranger",FALSE
"credit-g","classif.ranger.tuned_calib.perfold_platt",0.09377769184507,"perfold","platt","ranger",FALSE
"credit-g","classif.ranger.tuned_calib.perfold_beta",0.095623630462488,"perfold","beta","ranger",FALSE
"credit-g","classif.ranger.tuned_calib.perfold_beta",0.132365194303574,"perfold","beta","ranger",FALSE
"credit-g","classif.ranger.tuned_calib.perfold_beta",0.0974313305034255,"perfold","beta","ranger",FALSE
"credit-g","classif.ranger.tuned_calib.perfold_beta",0.116487134848283,"perfold","beta","ranger",FALSE
"credit-g","classif.ranger.tuned_calib.perfold_beta",0.0755276131057421,"perfold","beta","ranger",FALSE
"credit-g","classif.ranger.tuned_calib.perfold_beta",0.0911367710735397,"perfold","beta","ranger",FALSE
"credit-g","classif.ranger.tuned_calib.perfold_beta",0.0851262820511554,"perfold","beta","ranger",FALSE
"credit-g","classif.ranger.tuned_calib.perfold_beta",0.110977786295402,"perfold","beta","ranger",FALSE
"credit-g","classif.ranger.tuned_calib.perfold_beta",0.10590987143383,"perfold","beta","ranger",FALSE
"credit-g","classif.ranger.tuned_calib.perfold_beta",0.119605494213087,"perfold","beta","ranger",FALSE
"credit-g","classif.ranger.tuned_calib.perfold_isotonic",0.0727333893668263,"perfold","isotonic","ranger",FALSE
"credit-g","classif.ranger.tuned_calib.perfold_isotonic",0.118236725079606,"perfold","isotonic","ranger",FALSE
"credit-g","classif.ranger.tuned_calib.perfold_isotonic",0.0998085478941992,"perfold","isotonic","ranger",FALSE
"credit-g","classif.ranger.tuned_calib.perfold_isotonic",0.0959566158027428,"perfold","isotonic","ranger",FALSE
"credit-g","classif.ranger.tuned_calib.perfold_isotonic",0.122667592144129,"perfold","isotonic","ranger",FALSE
"credit-g","classif.ranger.tuned_calib.perfold_isotonic",0.101262630408606,"perfold","isotonic","ranger",FALSE
"credit-g","classif.ranger.tuned_calib.perfold_isotonic",0.082122843030059,"perfold","isotonic","ranger",FALSE
"credit-g","classif.ranger.tuned_calib.perfold_isotonic",0.112954648924946,"perfold","isotonic","ranger",FALSE
"credit-g","classif.ranger.tuned_calib.perfold_isotonic",0.118612706316139,"perfold","isotonic","ranger",FALSE
"credit-g","classif.ranger.tuned_calib.perfold_isotonic",0.0656666876721314,"perfold","isotonic","ranger",FALSE
"credit-g","classif.ranger.tuned_calib.tunefirst.oof_platt",0.0602448498538439,"oof","platt","ranger",TRUE
"credit-g","classif.ranger.tuned_calib.tunefirst.oof_platt",0.15437773141342,"oof","platt","ranger",TRUE
"credit-g","classif.ranger.tuned_calib.tunefirst.oof_platt",0.0931860298111277,"oof","platt","ranger",TRUE
"credit-g","classif.ranger.tuned_calib.tunefirst.oof_platt",0.0981555437069778,"oof","platt","ranger",TRUE
"credit-g","classif.ranger.tuned_calib.tunefirst.oof_platt",0.081590741782344,"oof","platt","ranger",TRUE
"credit-g","classif.ranger.tuned_calib.tunefirst.oof_platt",0.110499959138054,"oof","platt","ranger",TRUE
"credit-g","classif.ranger.tuned_calib.tunefirst.oof_platt",0.0812146833974157,"oof","platt","ranger",TRUE
"credit-g","classif.ranger.tuned_calib.tunefirst.oof_platt",0.10884595085769,"oof","platt","ranger",TRUE
"credit-g","classif.ranger.tuned_calib.tunefirst.oof_platt",0.0900105962937015,"oof","platt","ranger",TRUE
"credit-g","classif.ranger.tuned_calib.tunefirst.oof_platt",0.0969367018319505,"oof","platt","ranger",TRUE
"credit-g","classif.ranger.tuned_calib.tunefirst.oof_beta",0.06520827935827,"oof","beta","ranger",TRUE
"credit-g","classif.ranger.tuned_calib.tunefirst.oof_beta",0.107796768385228,"oof","beta","ranger",TRUE
"credit-g","classif.ranger.tuned_calib.tunefirst.oof_beta",0.110519979851955,"oof","beta","ranger",TRUE
"credit-g","classif.ranger.tuned_calib.tunefirst.oof_beta",0.12519822034138,"oof","beta","ranger",TRUE
"credit-g","classif.ranger.tuned_calib.tunefirst.oof_beta",0.0993628223939647,"oof","beta","ranger",TRUE
"credit-g","classif.ranger.tuned_calib.tunefirst.oof_beta",0.110209874408213,"oof","beta","ranger",TRUE
"credit-g","classif.ranger.tuned_calib.tunefirst.oof_beta",0.117381813543567,"oof","beta","ranger",TRUE
"credit-g","classif.ranger.tuned_calib.tunefirst.oof_beta",0.0929834750534103,"oof","beta","ranger",TRUE
"credit-g","classif.ranger.tuned_calib.tunefirst.oof_beta",0.0985873975489033,"oof","beta","ranger",TRUE
"credit-g","classif.ranger.tuned_calib.tunefirst.oof_beta",0.0922129397544753,"oof","beta","ranger",TRUE
"credit-g","classif.ranger.tuned_calib.tunefirst.oof_isotonic",0.106371104882828,"oof","isotonic","ranger",TRUE
"credit-g","classif.ranger.tuned_calib.tunefirst.oof_isotonic",0.19111892117501,"oof","isotonic","ranger",TRUE
"credit-g","classif.ranger.tuned_calib.tunefirst.oof_isotonic",0.186739717494814,"oof","isotonic","ranger",TRUE
"credit-g","classif.ranger.tuned_calib.tunefirst.oof_isotonic",0.126358362698727,"oof","isotonic","ranger",TRUE
"credit-g","classif.ranger.tuned_calib.tunefirst.oof_isotonic",0.162498202649282,"oof","isotonic","ranger",TRUE
"credit-g","classif.ranger.tuned_calib.tunefirst.oof_isotonic",0.0875183923139253,"oof","isotonic","ranger",TRUE
"credit-g","classif.ranger.tuned_calib.tunefirst.oof_isotonic",0.199195464773049,"oof","isotonic","ranger",TRUE
"credit-g","classif.ranger.tuned_calib.tunefirst.oof_isotonic",0.097405370776865,"oof","isotonic","ranger",TRUE
"credit-g","classif.ranger.tuned_calib.tunefirst.oof_isotonic",0.147783623231031,"oof","isotonic","ranger",TRUE
"credit-g","classif.ranger.tuned_calib.tunefirst.oof_isotonic",0.180632971121827,"oof","isotonic","ranger",TRUE
"credit-g","classif.ranger.tuned_calib.tunefirst.perfold_platt",0.0840233889836025,"perfold","platt","ranger",TRUE
"credit-g","classif.ranger.tuned_calib.tunefirst.perfold_platt",0.136166093178361,"perfold","platt","ranger",TRUE
"credit-g","classif.ranger.tuned_calib.tunefirst.perfold_platt",0.111478780439769,"perfold","platt","ranger",TRUE
"credit-g","classif.ranger.tuned_calib.tunefirst.perfold_platt",0.126863311389259,"perfold","platt","ranger",TRUE
"credit-g","classif.ranger.tuned_calib.tunefirst.perfold_platt",0.0759393621989835,"perfold","platt","ranger",TRUE
"credit-g","classif.ranger.tuned_calib.tunefirst.perfold_platt",0.0683810392445656,"perfold","platt","ranger",TRUE
"credit-g","classif.ranger.tuned_calib.tunefirst.perfold_platt",0.0844255995246332,"perfold","platt","ranger",TRUE
"credit-g","classif.ranger.tuned_calib.tunefirst.perfold_platt",0.074186625923962,"perfold","platt","ranger",TRUE
"credit-g","classif.ranger.tuned_calib.tunefirst.perfold_platt",0.0821095473864266,"perfold","platt","ranger",TRUE
"credit-g","classif.ranger.tuned_calib.tunefirst.perfold_platt",0.0919804982480203,"perfold","platt","ranger",TRUE
"credit-g","classif.ranger.tuned_calib.tunefirst.perfold_beta",0.0881736215944097,"perfold","beta","ranger",TRUE
"credit-g","classif.ranger.tuned_calib.tunefirst.perfold_beta",0.129730249149242,"perfold","beta","ranger",TRUE
"credit-g","classif.ranger.tuned_calib.tunefirst.perfold_beta",0.0869160894102106,"perfold","beta","ranger",TRUE
"credit-g","classif.ranger.tuned_calib.tunefirst.perfold_beta",0.125883058055488,"perfold","beta","ranger",TRUE
"credit-g","classif.ranger.tuned_calib.tunefirst.perfold_beta",0.0870450270905431,"perfold","beta","ranger",TRUE
"credit-g","classif.ranger.tuned_calib.tunefirst.perfold_beta",0.0879829722636391,"perfold","beta","ranger",TRUE
"credit-g","classif.ranger.tuned_calib.tunefirst.perfold_beta",0.112087937510082,"perfold","beta","ranger",TRUE
"credit-g","classif.ranger.tuned_calib.tunefirst.perfold_beta",0.11738912089021,"perfold","beta","ranger",TRUE
"credit-g","classif.ranger.tuned_calib.tunefirst.perfold_beta",0.10825325857648,"perfold","beta","ranger",TRUE
"credit-g","classif.ranger.tuned_calib.tunefirst.perfold_beta",0.0948447020586596,"perfold","beta","ranger",TRUE
"credit-g","classif.ranger.tuned_calib.tunefirst.perfold_isotonic",0.0826966014771668,"perfold","isotonic","ranger",TRUE
"credit-g","classif.ranger.tuned_calib.tunefirst.perfold_isotonic",0.123162947034276,"perfold","isotonic","ranger",TRUE
"credit-g","classif.ranger.tuned_calib.tunefirst.perfold_isotonic",0.0961931468623432,"perfold","isotonic","ranger",TRUE
"credit-g","classif.ranger.tuned_calib.tunefirst.perfold_isotonic",0.117674874139846,"perfold","isotonic","ranger",TRUE
"credit-g","classif.ranger.tuned_calib.tunefirst.perfold_isotonic",0.121158228233666,"perfold","isotonic","ranger",TRUE
"credit-g","classif.ranger.tuned_calib.tunefirst.perfold_isotonic",0.12887661779498,"perfold","isotonic","ranger",TRUE
"credit-g","classif.ranger.tuned_calib.tunefirst.perfold_isotonic",0.0874595913928609,"perfold","isotonic","ranger",TRUE
"credit-g","classif.ranger.tuned_calib.tunefirst.perfold_isotonic",0.0967407383554376,"perfold","isotonic","ranger",TRUE
"credit-g","classif.ranger.tuned_calib.tunefirst.perfold_isotonic",0.0828995945637189,"perfold","isotonic","ranger",TRUE
"credit-g","classif.ranger.tuned_calib.tunefirst.perfold_isotonic",0.0868369190554723,"perfold","isotonic","ranger",TRUE
"pc4","classif.naive_bayes.tuned",0.0964831094796444,"none","none","naive_bayes",FALSE
"pc4","classif.naive_bayes.tuned",0.116627525318198,"none","none","naive_bayes",FALSE
"pc4","classif.naive_bayes.tuned",0.111749190708429,"none","none","naive_bayes",FALSE
"pc4","classif.naive_bayes.tuned",0.135762157145647,"none","none","naive_bayes",FALSE
"pc4","classif.naive_bayes.tuned",0.132178644672929,"none","none","naive_bayes",FALSE
"pc4","classif.naive_bayes.tuned",0.134877903103341,"none","none","naive_bayes",FALSE
"pc4","classif.naive_bayes.tuned",0.155721579424293,"none","none","naive_bayes",FALSE
"pc4","classif.naive_bayes.tuned",0.128408635398685,"none","none","naive_bayes",FALSE
"pc4","classif.naive_bayes.tuned",0.125233734114107,"none","none","naive_bayes",FALSE
"pc4","classif.naive_bayes.tuned",0.0532407173533181,"none","none","naive_bayes",FALSE
"pc4","classif.naive_bayes.tuned_calib.oof_platt",0.0816110128187825,"oof","platt","naive_bayes",FALSE
"pc4","classif.naive_bayes.tuned_calib.oof_platt",0.0826858060392984,"oof","platt","naive_bayes",FALSE
"pc4","classif.naive_bayes.tuned_calib.oof_platt",0.0786756868981276,"oof","platt","naive_bayes",FALSE
"pc4","classif.naive_bayes.tuned_calib.oof_platt",0.0886669358833675,"oof","platt","naive_bayes",FALSE
"pc4","classif.naive_bayes.tuned_calib.oof_platt",0.0939001281599538,"oof","platt","naive_bayes",FALSE
"pc4","classif.naive_bayes.tuned_calib.oof_platt",0.0540856160152014,"oof","platt","naive_bayes",FALSE
"pc4","classif.naive_bayes.tuned_calib.oof_platt",0.11632542137959,"oof","platt","naive_bayes",FALSE
"pc4","classif.naive_bayes.tuned_calib.oof_platt",0.0456720081875465,"oof","platt","naive_bayes",FALSE
"pc4","classif.naive_bayes.tuned_calib.oof_platt",0.0653070197518729,"oof","platt","naive_bayes",FALSE
"pc4","classif.naive_bayes.tuned_calib.oof_platt",0.0737413297213534,"oof","platt","naive_bayes",FALSE
"pc4","classif.naive_bayes.tuned_calib.oof_beta",0.057456764827562,"oof","beta","naive_bayes",FALSE
"pc4","classif.naive_bayes.tuned_calib.oof_beta",0.0604980058392937,"oof","beta","naive_bayes",FALSE
"pc4","classif.naive_bayes.tuned_calib.oof_beta",0.0351243827869288,"oof","beta","naive_bayes",FALSE
"pc4","classif.naive_bayes.tuned_calib.oof_beta",0.0558957754335648,"oof","beta","naive_bayes",FALSE
"pc4","classif.naive_bayes.tuned_calib.oof_beta",0.0441324085290023,"oof","beta","naive_bayes",FALSE
"pc4","classif.naive_bayes.tuned_calib.oof_beta",0.088922633909394,"oof","beta","naive_bayes",FALSE
"pc4","classif.naive_bayes.tuned_calib.oof_beta",0.0542476858912095,"oof","beta","naive_bayes",FALSE
"pc4","classif.naive_bayes.tuned_calib.oof_beta",0.069359088429694,"oof","beta","naive_bayes",FALSE
"pc4","classif.naive_bayes.tuned_calib.oof_beta",0.0777893703115354,"oof","beta","naive_bayes",FALSE
"pc4","classif.naive_bayes.tuned_calib.oof_beta",0.0890746437655021,"oof","beta","naive_bayes",FALSE
"pc4","classif.naive_bayes.tuned_calib.oof_isotonic",0.0614207623596212,"oof","isotonic","naive_bayes",FALSE
"pc4","classif.naive_bayes.tuned_calib.oof_isotonic",0.0495371077062347,"oof","isotonic","naive_bayes",FALSE
"pc4","classif.naive_bayes.tuned_calib.oof_isotonic",0.0722606143966468,"oof","isotonic","naive_bayes",FALSE
"pc4","classif.naive_bayes.tuned_calib.oof_isotonic",0.0835081206069866,"oof","isotonic","naive_bayes",FALSE
"pc4","classif.naive_bayes.tuned_calib.oof_isotonic",0.0861759429654992,"oof","isotonic","naive_bayes",FALSE
"pc4","classif.naive_bayes.tuned_calib.oof_isotonic",0.0396913191404799,"oof","isotonic","naive_bayes",FALSE
"pc4","classif.naive_bayes.tuned_calib.oof_isotonic",0.0963145140324334,"oof","isotonic","naive_bayes",FALSE
"pc4","classif.naive_bayes.tuned_calib.oof_isotonic",0.0701791861426988,"oof","isotonic","naive_bayes",FALSE
"pc4","classif.naive_bayes.tuned_calib.oof_isotonic",0.0628345599316795,"oof","isotonic","naive_bayes",FALSE
"pc4","classif.naive_bayes.tuned_calib.oof_isotonic",0.0722109435291953,"oof","isotonic","naive_bayes",FALSE
"pc4","classif.naive_bayes.tuned_calib.perfold_platt",0.0810796618158518,"perfold","platt","naive_bayes",FALSE
"pc4","classif.naive_bayes.tuned_calib.perfold_platt",0.0715850125315585,"perfold","platt","naive_bayes",FALSE
"pc4","classif.naive_bayes.tuned_calib.perfold_platt",0.0787753809850744,"perfold","platt","naive_bayes",FALSE
"pc4","classif.naive_bayes.tuned_calib.perfold_platt",0.102593045751989,"perfold","platt","naive_bayes",FALSE
"pc4","classif.naive_bayes.tuned_calib.perfold_platt",0.0803456756858451,"perfold","platt","naive_bayes",FALSE
"pc4","classif.naive_bayes.tuned_calib.perfold_platt",0.0791652263452506,"perfold","platt","naive_bayes",FALSE
"pc4","classif.naive_bayes.tuned_calib.perfold_platt",0.114851392158259,"perfold","platt","naive_bayes",FALSE
"pc4","classif.naive_bayes.tuned_calib.perfold_platt",0.0399254065060306,"perfold","platt","naive_bayes",FALSE
"pc4","classif.naive_bayes.tuned_calib.perfold_platt",0.0734283880142794,"perfold","platt","naive_bayes",FALSE
"pc4","classif.naive_bayes.tuned_calib.perfold_platt",0.0840213746233627,"perfold","platt","naive_bayes",FALSE
"pc4","classif.naive_bayes.tuned_calib.perfold_beta",0.0506183108191838,"perfold","beta","naive_bayes",FALSE
"pc4","classif.naive_bayes.tuned_calib.perfold_beta",0.0293796048253838,"perfold","beta","naive_bayes",FALSE
"pc4","classif.naive_bayes.tuned_calib.perfold_beta",0.0253408142374087,"perfold","beta","naive_bayes",FALSE
"pc4","classif.naive_bayes.tuned_calib.perfold_beta",0.0564219898409852,"perfold","beta","naive_bayes",FALSE
"pc4","classif.naive_bayes.tuned_calib.perfold_beta",0.0433666893991529,"perfold","beta","naive_bayes",FALSE
"pc4","classif.naive_bayes.tuned_calib.perfold_beta",0.0662232629417063,"perfold","beta","naive_bayes",FALSE
"pc4","classif.naive_bayes.tuned_calib.perfold_beta",0.0777186701316939,"perfold","beta","naive_bayes",FALSE
"pc4","classif.naive_bayes.tuned_calib.perfold_beta",0.0356222889419447,"perfold","beta","naive_bayes",FALSE
"pc4","classif.naive_bayes.tuned_calib.perfold_beta",0.065826316440482,"perfold","beta","naive_bayes",FALSE
"pc4","classif.naive_bayes.tuned_calib.perfold_beta",0.0514069919892838,"perfold","beta","naive_bayes",FALSE
"pc4","classif.naive_bayes.tuned_calib.perfold_isotonic",0.0352400807960506,"perfold","isotonic","naive_bayes",FALSE
"pc4","classif.naive_bayes.tuned_calib.perfold_isotonic",0.0242670288579383,"perfold","isotonic","naive_bayes",FALSE
"pc4","classif.naive_bayes.tuned_calib.perfold_isotonic",0.0348984660266725,"perfold","isotonic","naive_bayes",FALSE
"pc4","classif.naive_bayes.tuned_calib.perfold_isotonic",0.0608572063536119,"perfold","isotonic","naive_bayes",FALSE
"pc4","classif.naive_bayes.tuned_calib.perfold_isotonic",0.028585274688318,"perfold","isotonic","naive_bayes",FALSE
"pc4","classif.naive_bayes.tuned_calib.perfold_isotonic",0.0890212432077386,"perfold","isotonic","naive_bayes",FALSE
"pc4","classif.naive_bayes.tuned_calib.perfold_isotonic",0.0835702905704796,"perfold","isotonic","naive_bayes",FALSE
"pc4","classif.naive_bayes.tuned_calib.perfold_isotonic",0.0486058714021826,"perfold","isotonic","naive_bayes",FALSE
"pc4","classif.naive_bayes.tuned_calib.perfold_isotonic",0.0645003449216708,"perfold","isotonic","naive_bayes",FALSE
"pc4","classif.naive_bayes.tuned_calib.perfold_isotonic",0.0485555532762009,"perfold","isotonic","naive_bayes",FALSE
"pc4","classif.naive_bayes.tuned_calib.tunefirst.oof_platt",0.0826967226631374,"oof","platt","naive_bayes",TRUE
"pc4","classif.naive_bayes.tuned_calib.tunefirst.oof_platt",0.0709443720431277,"oof","platt","naive_bayes",TRUE
"pc4","classif.naive_bayes.tuned_calib.tunefirst.oof_platt",0.0789797519065976,"oof","platt","naive_bayes",TRUE
"pc4","classif.naive_bayes.tuned_calib.tunefirst.oof_platt",0.0882857633141657,"oof","platt","naive_bayes",TRUE
"pc4","classif.naive_bayes.tuned_calib.tunefirst.oof_platt",0.0800554870669229,"oof","platt","naive_bayes",TRUE
"pc4","classif.naive_bayes.tuned_calib.tunefirst.oof_platt",0.0533400448377502,"oof","platt","naive_bayes",TRUE
"pc4","classif.naive_bayes.tuned_calib.tunefirst.oof_platt",0.11646789349718,"oof","platt","naive_bayes",TRUE
"pc4","classif.naive_bayes.tuned_calib.tunefirst.oof_platt",0.0453429984110617,"oof","platt","naive_bayes",TRUE
"pc4","classif.naive_bayes.tuned_calib.tunefirst.oof_platt",0.0632814972268657,"oof","platt","naive_bayes",TRUE
"pc4","classif.naive_bayes.tuned_calib.tunefirst.oof_platt",0.0773850172249729,"oof","platt","naive_bayes",TRUE
"pc4","classif.naive_bayes.tuned_calib.tunefirst.oof_beta",0.0575404961858328,"oof","beta","naive_bayes",TRUE
"pc4","classif.naive_bayes.tuned_calib.tunefirst.oof_beta",0.0631856978232487,"oof","beta","naive_bayes",TRUE
"pc4","classif.naive_bayes.tuned_calib.tunefirst.oof_beta",0.0368294250569038,"oof","beta","naive_bayes",TRUE
"pc4","classif.naive_bayes.tuned_calib.tunefirst.oof_beta",0.0378154896480163,"oof","beta","naive_bayes",TRUE
"pc4","classif.naive_bayes.tuned_calib.tunefirst.oof_beta",0.0529276375212509,"oof","beta","naive_bayes",TRUE
"pc4","classif.naive_bayes.tuned_calib.tunefirst.oof_beta",0.0580676950912317,"oof","beta","naive_bayes",TRUE
"pc4","classif.naive_bayes.tuned_calib.tunefirst.oof_beta",0.0624459706857166,"oof","beta","naive_bayes",TRUE
"pc4","classif.naive_bayes.tuned_calib.tunefirst.oof_beta",0.0572048996732674,"oof","beta","naive_bayes",TRUE
"pc4","classif.naive_bayes.tuned_calib.tunefirst.oof_beta",0.0725244566111684,"oof","beta","naive_bayes",TRUE
"pc4","classif.naive_bayes.tuned_calib.tunefirst.oof_beta",0.0759755206935411,"oof","beta","naive_bayes",TRUE
"pc4","classif.naive_bayes.tuned_calib.tunefirst.oof_isotonic",0.0957973693461846,"oof","isotonic","naive_bayes",TRUE
"pc4","classif.naive_bayes.tuned_calib.tunefirst.oof_isotonic",0.0871463123834444,"oof","isotonic","naive_bayes",TRUE
"pc4","classif.naive_bayes.tuned_calib.tunefirst.oof_isotonic",0.116956045911852,"oof","isotonic","naive_bayes",TRUE
"pc4","classif.naive_bayes.tuned_calib.tunefirst.oof_isotonic",0.0923782709602324,"oof","isotonic","naive_bayes",TRUE
"pc4","classif.naive_bayes.tuned_calib.tunefirst.oof_isotonic",0.0595584852406843,"oof","isotonic","naive_bayes",TRUE
"pc4","classif.naive_bayes.tuned_calib.tunefirst.oof_isotonic",0.0670726976759327,"oof","isotonic","naive_bayes",TRUE
"pc4","classif.naive_bayes.tuned_calib.tunefirst.oof_isotonic",0.0861107390475668,"oof","isotonic","naive_bayes",TRUE
"pc4","classif.naive_bayes.tuned_calib.tunefirst.oof_isotonic",0.0679851230152118,"oof","isotonic","naive_bayes",TRUE
"pc4","classif.naive_bayes.tuned_calib.tunefirst.oof_isotonic",0.0446060951510313,"oof","isotonic","naive_bayes",TRUE
"pc4","classif.naive_bayes.tuned_calib.tunefirst.oof_isotonic",0.126129719962634,"oof","isotonic","naive_bayes",TRUE
"pc4","classif.naive_bayes.tuned_calib.tunefirst.perfold_platt",0.0773983703197112,"perfold","platt","naive_bayes",TRUE
"pc4","classif.naive_bayes.tuned_calib.tunefirst.perfold_platt",0.0598796914852673,"perfold","platt","naive_bayes",TRUE
"pc4","classif.naive_bayes.tuned_calib.tunefirst.perfold_platt",0.076867972139665,"perfold","platt","naive_bayes",TRUE
"pc4","classif.naive_bayes.tuned_calib.tunefirst.perfold_platt",0.0879340392071417,"perfold","platt","naive_bayes",TRUE
"pc4","classif.naive_bayes.tuned_calib.tunefirst.perfold_platt",0.088043328285603,"perfold","platt","naive_bayes",TRUE
"pc4","classif.naive_bayes.tuned_calib.tunefirst.perfold_platt",0.0798446322289201,"perfold","platt","naive_bayes",TRUE
"pc4","classif.naive_bayes.tuned_calib.tunefirst.perfold_platt",0.108015548245593,"perfold","platt","naive_bayes",TRUE
"pc4","classif.naive_bayes.tuned_calib.tunefirst.perfold_platt",0.0425893507458927,"perfold","platt","naive_bayes",TRUE
"pc4","classif.naive_bayes.tuned_calib.tunefirst.perfold_platt",0.0667602959605043,"perfold","platt","naive_bayes",TRUE
"pc4","classif.naive_bayes.tuned_calib.tunefirst.perfold_platt",0.0718263214016344,"perfold","platt","naive_bayes",TRUE
"pc4","classif.naive_bayes.tuned_calib.tunefirst.perfold_beta",0.0351524348415004,"perfold","beta","naive_bayes",TRUE
"pc4","classif.naive_bayes.tuned_calib.tunefirst.perfold_beta",0.0273440348577203,"perfold","beta","naive_bayes",TRUE
"pc4","classif.naive_bayes.tuned_calib.tunefirst.perfold_beta",0.0319709953336974,"perfold","beta","naive_bayes",TRUE
"pc4","classif.naive_bayes.tuned_calib.tunefirst.perfold_beta",0.057067868390834,"perfold","beta","naive_bayes",TRUE
"pc4","classif.naive_bayes.tuned_calib.tunefirst.perfold_beta",0.0474031600105259,"perfold","beta","naive_bayes",TRUE
"pc4","classif.naive_bayes.tuned_calib.tunefirst.perfold_beta",0.0743668126866541,"perfold","beta","naive_bayes",TRUE
"pc4","classif.naive_bayes.tuned_calib.tunefirst.perfold_beta",0.0752045935951066,"perfold","beta","naive_bayes",TRUE
"pc4","classif.naive_bayes.tuned_calib.tunefirst.perfold_beta",0.0534715461618402,"perfold","beta","naive_bayes",TRUE
"pc4","classif.naive_bayes.tuned_calib.tunefirst.perfold_beta",0.067616008582871,"perfold","beta","naive_bayes",TRUE
"pc4","classif.naive_bayes.tuned_calib.tunefirst.perfold_beta",0.0418878392182191,"perfold","beta","naive_bayes",TRUE
"pc4","classif.naive_bayes.tuned_calib.tunefirst.perfold_isotonic",0.0419995122573601,"perfold","isotonic","naive_bayes",TRUE
"pc4","classif.naive_bayes.tuned_calib.tunefirst.perfold_isotonic",0.0302852583121519,"perfold","isotonic","naive_bayes",TRUE
"pc4","classif.naive_bayes.tuned_calib.tunefirst.perfold_isotonic",0.0428521179217992,"perfold","isotonic","naive_bayes",TRUE
"pc4","classif.naive_bayes.tuned_calib.tunefirst.perfold_isotonic",0.0610903020660734,"perfold","isotonic","naive_bayes",TRUE
"pc4","classif.naive_bayes.tuned_calib.tunefirst.perfold_isotonic",0.0788172057897143,"perfold","isotonic","naive_bayes",TRUE
"pc4","classif.naive_bayes.tuned_calib.tunefirst.perfold_isotonic",0.0549107181277905,"perfold","isotonic","naive_bayes",TRUE
"pc4","classif.naive_bayes.tuned_calib.tunefirst.perfold_isotonic",0.0991808628977557,"perfold","isotonic","naive_bayes",TRUE
"pc4","classif.naive_bayes.tuned_calib.tunefirst.perfold_isotonic",0.0621799855737981,"perfold","isotonic","naive_bayes",TRUE
"pc4","classif.naive_bayes.tuned_calib.tunefirst.perfold_isotonic",0.0567975139618268,"perfold","isotonic","naive_bayes",TRUE
"pc4","classif.naive_bayes.tuned_calib.tunefirst.perfold_isotonic",0.0551585079615407,"perfold","isotonic","naive_bayes",TRUE
"pc4","classif.ranger.tuned",0.03342199491838,"none","none","ranger",FALSE
"pc4","classif.ranger.tuned",0.068753542288238,"none","none","ranger",FALSE
"pc4","classif.ranger.tuned",0.0601175020997745,"none","none","ranger",FALSE
"pc4","classif.ranger.tuned",0.0377115337573386,"none","none","ranger",FALSE
"pc4","classif.ranger.tuned",0.0562827990025757,"none","none","ranger",FALSE
"pc4","classif.ranger.tuned",0.0489984344422701,"none","none","ranger",FALSE
"pc4","classif.ranger.tuned",0.0367883735007023,"none","none","ranger",FALSE
"pc4","classif.ranger.tuned",0.0447117810680747,"none","none","ranger",FALSE
"pc4","classif.ranger.tuned",0.0554015320621685,"none","none","ranger",FALSE
"pc4","classif.ranger.tuned",0.0660074299731825,"none","none","ranger",FALSE
"pc4","classif.ranger.tuned_calib.oof_platt",0.0328411660778778,"oof","platt","ranger",FALSE
"pc4","classif.ranger.tuned_calib.oof_platt",0.077325922307231,"oof","platt","ranger",FALSE
"pc4","classif.ranger.tuned_calib.oof_platt",0.061434498707228,"oof","platt","ranger",FALSE
"pc4","classif.ranger.tuned_calib.oof_platt",0.0289216114219036,"oof","platt","ranger",FALSE
"pc4","classif.ranger.tuned_calib.oof_platt",0.0294716362947376,"oof","platt","ranger",FALSE
"pc4","classif.ranger.tuned_calib.oof_platt",0.0398143442200088,"oof","platt","ranger",FALSE
"pc4","classif.ranger.tuned_calib.oof_platt",0.0427074382209274,"oof","platt","ranger",FALSE
"pc4","classif.ranger.tuned_calib.oof_platt",0.0465185691762969,"oof","platt","ranger",FALSE
"pc4","classif.ranger.tuned_calib.oof_platt",0.0314632400386845,"oof","platt","ranger",FALSE
"pc4","classif.ranger.tuned_calib.oof_platt",0.0515925793045463,"oof","platt","ranger",FALSE
"pc4","classif.ranger.tuned_calib.oof_beta",0.0259881299583717,"oof","beta","ranger",FALSE
"pc4","classif.ranger.tuned_calib.oof_beta",0.0604855513077931,"oof","beta","ranger",FALSE
"pc4","classif.ranger.tuned_calib.oof_beta",0.0279017624763251,"oof","beta","ranger",FALSE
"pc4","classif.ranger.tuned_calib.oof_beta",0.0221441517526415,"oof","beta","ranger",FALSE
"pc4","classif.ranger.tuned_calib.oof_beta",0.0360399445735701,"oof","beta","ranger",FALSE
"pc4","classif.ranger.tuned_calib.oof_beta",0.0183875729542738,"oof","beta","ranger",FALSE
"pc4","classif.ranger.tuned_calib.oof_beta",0.0173641666705292,"oof","beta","ranger",FALSE
"pc4","classif.ranger.tuned_calib.oof_beta",0.0299565759566844,"oof","beta","ranger",FALSE
"pc4","classif.ranger.tuned_calib.oof_beta",0.0342334784941968,"oof","beta","ranger",FALSE
"pc4","classif.ranger.tuned_calib.oof_beta",0.0440818327728137,"oof","beta","ranger",FALSE
"pc4","classif.ranger.tuned_calib.oof_isotonic",0.0256868505865454,"oof","isotonic","ranger",FALSE
"pc4","classif.ranger.tuned_calib.oof_isotonic",0.0545656071381204,"oof","isotonic","ranger",FALSE
"pc4","classif.ranger.tuned_calib.oof_isotonic",0.0413495016298259,"oof","isotonic","ranger",FALSE
"pc4","classif.ranger.tuned_calib.oof_isotonic",0.0107277265771371,"oof","isotonic","ranger",FALSE
"pc4","classif.ranger.tuned_calib.oof_isotonic",0.0282688167949576,"oof","isotonic","ranger",FALSE
"pc4","classif.ranger.tuned_calib.oof_isotonic",0.0315037594851125,"oof","isotonic","ranger",FALSE
"pc4","classif.ranger.tuned_calib.oof_isotonic",0.0404820810935902,"oof","isotonic","ranger",FALSE
"pc4","classif.ranger.tuned_calib.oof_isotonic",0.0256102205568853,"oof","isotonic","ranger",FALSE
"pc4","classif.ranger.tuned_calib.oof_isotonic",0.0490040484566486,"oof","isotonic","ranger",FALSE
"pc4","classif.ranger.tuned_calib.oof_isotonic",0.0446010800846368,"oof","isotonic","ranger",FALSE
"pc4","classif.ranger.tuned_calib.perfold_platt",0.0304990893127692,"perfold","platt","ranger",FALSE
"pc4","classif.ranger.tuned_calib.perfold_platt",0.0595110539443585,"perfold","platt","ranger",FALSE
"pc4","classif.ranger.tuned_calib.perfold_platt",0.0432243973266231,"perfold","platt","ranger",FALSE
"pc4","classif.ranger.tuned_calib.perfold_platt",0.0405721850062671,"perfold","platt","ranger",FALSE
"pc4","classif.ranger.tuned_calib.perfold_platt",0.0283734761854715,"perfold","platt","ranger",FALSE
"pc4","classif.ranger.tuned_calib.perfold_platt",0.0362738303074094,"perfold","platt","ranger",FALSE
"pc4","classif.ranger.tuned_calib.perfold_platt",0.04210643487567,"perfold","platt","ranger",FALSE
"pc4","classif.ranger.tuned_calib.perfold_platt",0.0471191695635131,"perfold","platt","ranger",FALSE
"pc4","classif.ranger.tuned_calib.perfold_platt",0.0465151870074196,"perfold","platt","ranger",FALSE
"pc4","classif.ranger.tuned_calib.perfold_platt",0.0390432077373929,"perfold","platt","ranger",FALSE
"pc4","classif.ranger.tuned_calib.perfold_beta",0.0387334225162235,"perfold","beta","ranger",FALSE
"pc4","classif.ranger.tuned_calib.perfold_beta",0.0567491040748484,"perfold","beta","ranger",FALSE
"pc4","classif.ranger.tuned_calib.perfold_beta",0.0400505995244531,"perfold","beta","ranger",FALSE
"pc4","classif.ranger.tuned_calib.perfold_beta",0.0205637371374467,"perfold","beta","ranger",FALSE
"pc4","classif.ranger.tuned_calib.perfold_beta",0.0358661073425208,"perfold","beta","ranger",FALSE
"pc4","classif.ranger.tuned_calib.perfold_beta",0.0154328876913211,"perfold","beta","ranger",FALSE
"pc4","classif.ranger.tuned_calib.perfold_beta",0.0262629134861238,"perfold","beta","ranger",FALSE
"pc4","classif.ranger.tuned_calib.perfold_beta",0.0288028019513742,"perfold","beta","ranger",FALSE
"pc4","classif.ranger.tuned_calib.perfold_beta",0.0345374876105741,"perfold","beta","ranger",FALSE
"pc4","classif.ranger.tuned_calib.perfold_beta",0.0376321756256233,"perfold","beta","ranger",FALSE
"pc4","classif.ranger.tuned_calib.perfold_isotonic",0.0422899601294041,"perfold","isotonic","ranger",FALSE
"pc4","classif.ranger.tuned_calib.perfold_isotonic",0.045687631488397,"perfold","isotonic","ranger",FALSE
"pc4","classif.ranger.tuned_calib.perfold_isotonic",0.0504371551762769,"perfold","isotonic","ranger",FALSE
"pc4","classif.ranger.tuned_calib.perfold_isotonic",0.0182172361392748,"perfold","isotonic","ranger",FALSE
"pc4","classif.ranger.tuned_calib.perfold_isotonic",0.0314009554551456,"perfold","isotonic","ranger",FALSE
"pc4","classif.ranger.tuned_calib.perfold_isotonic",0.022969310649508,"perfold","isotonic","ranger",FALSE
"pc4","classif.ranger.tuned_calib.perfold_isotonic",0.0305560245108996,"perfold","isotonic","ranger",FALSE
"pc4","classif.ranger.tuned_calib.perfold_isotonic",0.028664595868363,"perfold","isotonic","ranger",FALSE
"pc4","classif.ranger.tuned_calib.perfold_isotonic",0.0359462561178586,"perfold","isotonic","ranger",FALSE
"pc4","classif.ranger.tuned_calib.perfold_isotonic",0.0340356681670069,"perfold","isotonic","ranger",FALSE
"pc4","classif.ranger.tuned_calib.tunefirst.oof_platt",0.0380216683879744,"oof","platt","ranger",TRUE
"pc4","classif.ranger.tuned_calib.tunefirst.oof_platt",0.0715529805521139,"oof","platt","ranger",TRUE
"pc4","classif.ranger.tuned_calib.tunefirst.oof_platt",0.0536963769348605,"oof","platt","ranger",TRUE
"pc4","classif.ranger.tuned_calib.tunefirst.oof_platt",0.0331291789509373,"oof","platt","ranger",TRUE
"pc4","classif.ranger.tuned_calib.tunefirst.oof_platt",0.0259882122032608,"oof","platt","ranger",TRUE
"pc4","classif.ranger.tuned_calib.tunefirst.oof_platt",0.039112225299158,"oof","platt","ranger",TRUE
"pc4","classif.ranger.tuned_calib.tunefirst.oof_platt",0.0299437919260641,"oof","platt","ranger",TRUE
"pc4","classif.ranger.tuned_calib.tunefirst.oof_platt",0.0411237027975591,"oof","platt","ranger",TRUE
"pc4","classif.ranger.tuned_calib.tunefirst.oof_platt",0.035246036664196,"oof","platt","ranger",TRUE
"pc4","classif.ranger.tuned_calib.tunefirst.oof_platt",0.0482635515411177,"oof","platt","ranger",TRUE
"pc4","classif.ranger.tuned_calib.tunefirst.oof_beta",0.0363114848760313,"oof","beta","ranger",TRUE
"pc4","classif.ranger.tuned_calib.tunefirst.oof_beta",0.043099481807214,"oof","beta","ranger",TRUE
"pc4","classif.ranger.tuned_calib.tunefirst.oof_beta",0.0255763733841815,"oof","beta","ranger",TRUE
"pc4","classif.ranger.tuned_calib.tunefirst.oof_beta",0.023209805490018,"oof","beta","ranger",TRUE
"pc4","classif.ranger.tuned_calib.tunefirst.oof_beta",0.0495919431306299,"oof","beta","ranger",TRUE
"pc4","classif.ranger.tuned_calib.tunefirst.oof_beta",0.0164466471045356,"oof","beta","ranger",TRUE
"pc4","classif.ranger.tuned_calib.tunefirst.oof_beta",0.0304897643196481,"oof","beta","ranger",TRUE
"pc4","classif.ranger.tuned_calib.tunefirst.oof_beta",0.0300989430694285,"oof","beta","ranger",TRUE
"pc4","classif.ranger.tuned_calib.tunefirst.oof_beta",0.021912405950302,"oof","beta","ranger",TRUE
"pc4","classif.ranger.tuned_calib.tunefirst.oof_beta",0.0391255233872222,"oof","beta","ranger",TRUE
"pc4","classif.ranger.tuned_calib.tunefirst.oof_isotonic",0.0288512467146458,"oof","isotonic","ranger",TRUE
"pc4","classif.ranger.tuned_calib.tunefirst.oof_isotonic",0.112883053225133,"oof","isotonic","ranger",TRUE
"pc4","classif.ranger.tuned_calib.tunefirst.oof_isotonic",0.033736324573099,"oof","isotonic","ranger",TRUE
"pc4","classif.ranger.tuned_calib.tunefirst.oof_isotonic",0.0200943792172294,"oof","isotonic","ranger",TRUE
"pc4","classif.ranger.tuned_calib.tunefirst.oof_isotonic",0.0267812327847601,"oof","isotonic","ranger",TRUE
"pc4","classif.ranger.tuned_calib.tunefirst.oof_isotonic",0.0370235787256542,"oof","isotonic","ranger",TRUE
"pc4","classif.ranger.tuned_calib.tunefirst.oof_isotonic",0.0534544470688557,"oof","isotonic","ranger",TRUE
"pc4","classif.ranger.tuned_calib.tunefirst.oof_isotonic",0.022544260410161,"oof","isotonic","ranger",TRUE
"pc4","classif.ranger.tuned_calib.tunefirst.oof_isotonic",0.0340193102876381,"oof","isotonic","ranger",TRUE
"pc4","classif.ranger.tuned_calib.tunefirst.oof_isotonic",0.0256446306915598,"oof","isotonic","ranger",TRUE
"pc4","classif.ranger.tuned_calib.tunefirst.perfold_platt",0.0416807249528636,"perfold","platt","ranger",TRUE
"pc4","classif.ranger.tuned_calib.tunefirst.perfold_platt",0.0610323328659607,"perfold","platt","ranger",TRUE
"pc4","classif.ranger.tuned_calib.tunefirst.perfold_platt",0.0540582194622037,"perfold","platt","ranger",TRUE
"pc4","classif.ranger.tuned_calib.tunefirst.perfold_platt",0.028255612385493,"perfold","platt","ranger",TRUE
"pc4","classif.ranger.tuned_calib.tunefirst.perfold_platt",0.028997501171514,"perfold","platt","ranger",TRUE
"pc4","classif.ranger.tuned_calib.tunefirst.perfold_platt",0.0384392166227177,"perfold","platt","ranger",TRUE
"pc4","classif.ranger.tuned_calib.tunefirst.perfold_platt",0.0254557968404089,"perfold","platt","ranger",TRUE
"pc4","classif.ranger.tuned_calib.tunefirst.perfold_platt",0.0470488395997214,"perfold","platt","ranger",TRUE
"pc4","classif.ranger.tuned_calib.tunefirst.perfold_platt",0.0420692301600656,"perfold","platt","ranger",TRUE
"pc4","classif.ranger.tuned_calib.tunefirst.perfold_platt",0.0495475660971086,"perfold","platt","ranger",TRUE
"pc4","classif.ranger.tuned_calib.tunefirst.perfold_beta",0.0256650215209753,"perfold","beta","ranger",TRUE
"pc4","classif.ranger.tuned_calib.tunefirst.perfold_beta",0.0558422750675594,"perfold","beta","ranger",TRUE
"pc4","classif.ranger.tuned_calib.tunefirst.perfold_beta",0.0285506334068623,"perfold","beta","ranger",TRUE
"pc4","classif.ranger.tuned_calib.tunefirst.perfold_beta",0.0118889031740011,"perfold","beta","ranger",TRUE
"pc4","classif.ranger.tuned_calib.tunefirst.perfold_beta",0.049844153704053,"perfold","beta","ranger",TRUE
"pc4","classif.ranger.tuned_calib.tunefirst.perfold_beta",0.0151880660288448,"perfold","beta","ranger",TRUE
"pc4","classif.ranger.tuned_calib.tunefirst.perfold_beta",0.0159591799485048,"perfold","beta","ranger",TRUE
"pc4","classif.ranger.tuned_calib.tunefirst.perfold_beta",0.0422110016620019,"perfold","beta","ranger",TRUE
"pc4","classif.ranger.tuned_calib.tunefirst.perfold_beta",0.0361438378467767,"perfold","beta","ranger",TRUE
"pc4","classif.ranger.tuned_calib.tunefirst.perfold_beta",0.0346250148488719,"perfold","beta","ranger",TRUE
"pc4","classif.ranger.tuned_calib.tunefirst.perfold_isotonic",0.0337638043418664,"perfold","isotonic","ranger",TRUE
"pc4","classif.ranger.tuned_calib.tunefirst.perfold_isotonic",0.0615923357688063,"perfold","isotonic","ranger",TRUE
"pc4","classif.ranger.tuned_calib.tunefirst.perfold_isotonic",0.0432365835771356,"perfold","isotonic","ranger",TRUE
"pc4","classif.ranger.tuned_calib.tunefirst.perfold_isotonic",0.0157297924230841,"perfold","isotonic","ranger",TRUE
"pc4","classif.ranger.tuned_calib.tunefirst.perfold_isotonic",0.0275867442276588,"perfold","isotonic","ranger",TRUE
"pc4","classif.ranger.tuned_calib.tunefirst.perfold_isotonic",0.0151438900444936,"perfold","isotonic","ranger",TRUE
"pc4","classif.ranger.tuned_calib.tunefirst.perfold_isotonic",0.0226558936369505,"perfold","isotonic","ranger",TRUE
"pc4","classif.ranger.tuned_calib.tunefirst.perfold_isotonic",0.018629589317428,"perfold","isotonic","ranger",TRUE
"pc4","classif.ranger.tuned_calib.tunefirst.perfold_isotonic",0.039195979225193,"perfold","isotonic","ranger",TRUE
"pc4","classif.ranger.tuned_calib.tunefirst.perfold_isotonic",0.0151540681963081,"perfold","isotonic","ranger",TRUE
"pc4","classif.xgboost.tuned",0.0494367060417386,"none","none","xgboost",FALSE
"pc4","classif.xgboost.tuned",0.0435709556284016,"none","none","xgboost",FALSE
"pc4","classif.xgboost.tuned",0.0457358930055817,"none","none","xgboost",FALSE
"pc4","classif.xgboost.tuned",0.0223008480420566,"none","none","xgboost",FALSE
"pc4","classif.xgboost.tuned",0.013725791343373,"none","none","xgboost",FALSE
"pc4","classif.xgboost.tuned",0.0281232815644104,"none","none","xgboost",FALSE
"pc4","classif.xgboost.tuned",0.0237250587813658,"none","none","xgboost",FALSE
"pc4","classif.xgboost.tuned",0.040120067802092,"none","none","xgboost",FALSE
"pc4","classif.xgboost.tuned",0.0348715749665581,"none","none","xgboost",FALSE
"pc4","classif.xgboost.tuned",0.0388203692694741,"none","none","xgboost",FALSE
"pc4","classif.xgboost.tuned_calib.oof_platt",0.0575594718130955,"oof","platt","xgboost",FALSE
"pc4","classif.xgboost.tuned_calib.oof_platt",0.0728499881309938,"oof","platt","xgboost",FALSE
"pc4","classif.xgboost.tuned_calib.oof_platt",0.0650995607076848,"oof","platt","xgboost",FALSE
"pc4","classif.xgboost.tuned_calib.oof_platt",0.0530597914413812,"oof","platt","xgboost",FALSE
"pc4","classif.xgboost.tuned_calib.oof_platt",0.068805261750446,"oof","platt","xgboost",FALSE
"pc4","classif.xgboost.tuned_calib.oof_platt",0.0595787722468591,"oof","platt","xgboost",FALSE
"pc4","classif.xgboost.tuned_calib.oof_platt",0.0654572354914306,"oof","platt","xgboost",FALSE
"pc4","classif.xgboost.tuned_calib.oof_platt",0.0742090061762962,"oof","platt","xgboost",FALSE
"pc4","classif.xgboost.tuned_calib.oof_platt",0.056336632731549,"oof","platt","xgboost",FALSE
"pc4","classif.xgboost.tuned_calib.oof_platt",0.0567063482312665,"oof","platt","xgboost",FALSE
"pc4","classif.xgboost.tuned_calib.oof_beta",0.0284176980801077,"oof","beta","xgboost",FALSE
"pc4","classif.xgboost.tuned_calib.oof_beta",0.0298554960655398,"oof","beta","xgboost",FALSE
"pc4","classif.xgboost.tuned_calib.oof_beta",0.0320221248985642,"oof","beta","xgboost",FALSE
"pc4","classif.xgboost.tuned_calib.oof_beta",0.0245260535622431,"oof","beta","xgboost",FALSE
"pc4","classif.xgboost.tuned_calib.oof_beta",0.0563606475932709,"oof","beta","xgboost",FALSE
"pc4","classif.xgboost.tuned_calib.oof_beta",0.0327786407658104,"oof","beta","xgboost",FALSE
"pc4","classif.xgboost.tuned_calib.oof_beta",0.0358547165765412,"oof","beta","xgboost",FALSE
"pc4","classif.xgboost.tuned_calib.oof_beta",0.0486819137749998,"oof","beta","xgboost",FALSE
"pc4","classif.xgboost.tuned_calib.oof_beta",0.0318925691797245,"oof","beta","xgboost",FALSE
"pc4","classif.xgboost.tuned_calib.oof_beta",0.0316497541056497,"oof","beta","xgboost",FALSE
"pc4","classif.xgboost.tuned_calib.oof_isotonic",0.0507812904399541,"oof","isotonic","xgboost",FALSE
"pc4","classif.xgboost.tuned_calib.oof_isotonic",0.0296381834194408,"oof","isotonic","xgboost",FALSE
"pc4","classif.xgboost.tuned_calib.oof_isotonic",0.0900411284848462,"oof","isotonic","xgboost",FALSE
"pc4","classif.xgboost.tuned_calib.oof_isotonic",0.0220805535276702,"oof","isotonic","xgboost",FALSE
"pc4","classif.xgboost.tuned_calib.oof_isotonic",0.0424666773676746,"oof","isotonic","xgboost",FALSE
"pc4","classif.xgboost.tuned_calib.oof_isotonic",0.0285839965770346,"oof","isotonic","xgboost",FALSE
"pc4","classif.xgboost.tuned_calib.oof_isotonic",0.0482843577458668,"oof","isotonic","xgboost",FALSE
"pc4","classif.xgboost.tuned_calib.oof_isotonic",0.0300673804843693,"oof","isotonic","xgboost",FALSE
"pc4","classif.xgboost.tuned_calib.oof_isotonic",0.0277042372030038,"oof","isotonic","xgboost",FALSE
"pc4","classif.xgboost.tuned_calib.oof_isotonic",0.0124299697248044,"oof","isotonic","xgboost",FALSE
"pc4","classif.xgboost.tuned_calib.perfold_platt",0.0536168442413368,"perfold","platt","xgboost",FALSE
"pc4","classif.xgboost.tuned_calib.perfold_platt",0.0662107310483374,"perfold","platt","xgboost",FALSE
"pc4","classif.xgboost.tuned_calib.perfold_platt",0.062994249176404,"perfold","platt","xgboost",FALSE
"pc4","classif.xgboost.tuned_calib.perfold_platt",0.0566185972179849,"perfold","platt","xgboost",FALSE
"pc4","classif.xgboost.tuned_calib.perfold_platt",0.062847917066149,"perfold","platt","xgboost",FALSE
"pc4","classif.xgboost.tuned_calib.perfold_platt",0.053155291134235,"perfold","platt","xgboost",FALSE
"pc4","classif.xgboost.tuned_calib.perfold_platt",0.0554534728373598,"perfold","platt","xgboost",FALSE
"pc4","classif.xgboost.tuned_calib.perfold_platt",0.0616465613671708,"perfold","platt","xgboost",FALSE
"pc4","classif.xgboost.tuned_calib.perfold_platt",0.058395035093603,"perfold","platt","xgboost",FALSE
"pc4","classif.xgboost.tuned_calib.perfold_platt",0.0574440525278596,"perfold","platt","xgboost",FALSE
"pc4","classif.xgboost.tuned_calib.perfold_beta",0.0178756134521261,"perfold","beta","xgboost",FALSE
"pc4","classif.xgboost.tuned_calib.perfold_beta",0.0337779497330015,"perfold","beta","xgboost",FALSE
"pc4","classif.xgboost.tuned_calib.perfold_beta",0.029424678485466,"perfold","beta","xgboost",FALSE
"pc4","classif.xgboost.tuned_calib.perfold_beta",0.0399067618560702,"perfold","beta","xgboost",FALSE
"pc4","classif.xgboost.tuned_calib.perfold_beta",0.0486963062066756,"perfold","beta","xgboost",FALSE
"pc4","classif.xgboost.tuned_calib.perfold_beta",0.0365232968565523,"perfold","beta","xgboost",FALSE
"pc4","classif.xgboost.tuned_calib.perfold_beta",0.0414649133326532,"perfold","beta","xgboost",FALSE
"pc4","classif.xgboost.tuned_calib.perfold_beta",0.0419321259227122,"perfold","beta","xgboost",FALSE
"pc4","classif.xgboost.tuned_calib.perfold_beta",0.0186210864047864,"perfold","beta","xgboost",FALSE
"pc4","classif.xgboost.tuned_calib.perfold_beta",0.0222453453088932,"perfold","beta","xgboost",FALSE
"pc4","classif.xgboost.tuned_calib.perfold_isotonic",0.0453523401708509,"perfold","isotonic","xgboost",FALSE
"pc4","classif.xgboost.tuned_calib.perfold_isotonic",0.0370741915867759,"perfold","isotonic","xgboost",FALSE
"pc4","classif.xgboost.tuned_calib.perfold_isotonic",0.0539869810286829,"perfold","isotonic","xgboost",FALSE
"pc4","classif.xgboost.tuned_calib.perfold_isotonic",0.0348840241960663,"perfold","isotonic","xgboost",FALSE
"pc4","classif.xgboost.tuned_calib.perfold_isotonic",0.0421323940573799,"perfold","isotonic","xgboost",FALSE
"pc4","classif.xgboost.tuned_calib.perfold_isotonic",0.0184231040081585,"perfold","isotonic","xgboost",FALSE
"pc4","classif.xgboost.tuned_calib.perfold_isotonic",0.0263720452940522,"perfold","isotonic","xgboost",FALSE
"pc4","classif.xgboost.tuned_calib.perfold_isotonic",0.0499894904281436,"perfold","isotonic","xgboost",FALSE
"pc4","classif.xgboost.tuned_calib.perfold_isotonic",0.028477582856274,"perfold","isotonic","xgboost",FALSE
"pc4","classif.xgboost.tuned_calib.perfold_isotonic",0.0379413117587133,"perfold","isotonic","xgboost",FALSE
"pc4","classif.xgboost.tuned_calib.tunefirst.oof_platt",0.0507151397588133,"oof","platt","xgboost",TRUE
"pc4","classif.xgboost.tuned_calib.tunefirst.oof_platt",0.0799289446949681,"oof","platt","xgboost",TRUE
"pc4","classif.xgboost.tuned_calib.tunefirst.oof_platt",0.0721032723514486,"oof","platt","xgboost",TRUE
"pc4","classif.xgboost.tuned_calib.tunefirst.oof_platt",0.0480193914214536,"oof","platt","xgboost",TRUE
"pc4","classif.xgboost.tuned_calib.tunefirst.oof_platt",0.0656140829442445,"oof","platt","xgboost",TRUE
"pc4","classif.xgboost.tuned_calib.tunefirst.oof_platt",0.0598572106012685,"oof","platt","xgboost",TRUE
"pc4","classif.xgboost.tuned_calib.tunefirst.oof_platt",0.0560805414951258,"oof","platt","xgboost",TRUE
"pc4","classif.xgboost.tuned_calib.tunefirst.oof_platt",0.0799789004797128,"oof","platt","xgboost",TRUE
"pc4","classif.xgboost.tuned_calib.tunefirst.oof_platt",0.0639023962089951,"oof","platt","xgboost",TRUE
"pc4","classif.xgboost.tuned_calib.tunefirst.oof_platt",0.0689078019512708,"oof","platt","xgboost",TRUE
"pc4","classif.xgboost.tuned_calib.tunefirst.oof_beta",0.0198574529323081,"oof","beta","xgboost",TRUE
"pc4","classif.xgboost.tuned_calib.tunefirst.oof_beta",0.0336314335707353,"oof","beta","xgboost",TRUE
"pc4","classif.xgboost.tuned_calib.tunefirst.oof_beta",0.0282345464612315,"oof","beta","xgboost",TRUE
"pc4","classif.xgboost.tuned_calib.tunefirst.oof_beta",0.0178604220417157,"oof","beta","xgboost",TRUE
"pc4","classif.xgboost.tuned_calib.tunefirst.oof_beta",0.0337854562703992,"oof","beta","xgboost",TRUE
"pc4","classif.xgboost.tuned_calib.tunefirst.oof_beta",0.0444762107206284,"oof","beta","xgboost",TRUE
"pc4","classif.xgboost.tuned_calib.tunefirst.oof_beta",0.0310657993301037,"oof","beta","xgboost",TRUE
"pc4","classif.xgboost.tuned_calib.tunefirst.oof_beta",0.0331890373269548,"oof","beta","xgboost",TRUE
"pc4","classif.xgboost.tuned_calib.tunefirst.oof_beta",0.0367574613867354,"oof","beta","xgboost",TRUE
"pc4","classif.xgboost.tuned_calib.tunefirst.oof_beta",0.0331352200782116,"oof","beta","xgboost",TRUE
"pc4","classif.xgboost.tuned_calib.tunefirst.oof_isotonic",0.0334019590452384,"oof","isotonic","xgboost",TRUE
"pc4","classif.xgboost.tuned_calib.tunefirst.oof_isotonic",0.0617071106975629,"oof","isotonic","xgboost",TRUE
"pc4","classif.xgboost.tuned_calib.tunefirst.oof_isotonic",0.0414800243761072,"oof","isotonic","xgboost",TRUE
"pc4","classif.xgboost.tuned_calib.tunefirst.oof_isotonic",0.0555104955885915,"oof","isotonic","xgboost",TRUE
"pc4","classif.xgboost.tuned_calib.tunefirst.oof_isotonic",0.0180512571964265,"oof","isotonic","xgboost",TRUE
"pc4","classif.xgboost.tuned_calib.tunefirst.oof_isotonic",0.0277366415954715,"oof","isotonic","xgboost",TRUE
"pc4","classif.xgboost.tuned_calib.tunefirst.oof_isotonic",0.0352033431124782,"oof","isotonic","xgboost",TRUE
"pc4","classif.xgboost.tuned_calib.tunefirst.oof_isotonic",0.0310074602952952,"oof","isotonic","xgboost",TRUE
"pc4","classif.xgboost.tuned_calib.tunefirst.oof_isotonic",0.0208841434088105,"oof","isotonic","xgboost",TRUE
"pc4","classif.xgboost.tuned_calib.tunefirst.oof_isotonic",0.0338973761752937,"oof","isotonic","xgboost",TRUE
"pc4","classif.xgboost.tuned_calib.tunefirst.perfold_platt",0.0584252644739186,"perfold","platt","xgboost",TRUE
"pc4","classif.xgboost.tuned_calib.tunefirst.perfold_platt",0.0821089187810895,"perfold","platt","xgboost",TRUE
"pc4","classif.xgboost.tuned_calib.tunefirst.perfold_platt",0.0670093343985527,"perfold","platt","xgboost",TRUE
"pc4","classif.xgboost.tuned_calib.tunefirst.perfold_platt",0.060996974592234,"perfold","platt","xgboost",TRUE
"pc4","classif.xgboost.tuned_calib.tunefirst.perfold_platt",0.0623498597092131,"perfold","platt","xgboost",TRUE
"pc4","classif.xgboost.tuned_calib.tunefirst.perfold_platt",0.0498932556790318,"perfold","platt","xgboost",TRUE
"pc4","classif.xgboost.tuned_calib.tunefirst.perfold_platt",0.070830040355868,"perfold","platt","xgboost",TRUE
"pc4","classif.xgboost.tuned_calib.tunefirst.perfold_platt",0.0565783008558155,"perfold","platt","xgboost",TRUE
"pc4","classif.xgboost.tuned_calib.tunefirst.perfold_platt",0.0664418718621146,"perfold","platt","xgboost",TRUE
"pc4","classif.xgboost.tuned_calib.tunefirst.perfold_platt",0.0619327899887582,"perfold","platt","xgboost",TRUE
"pc4","classif.xgboost.tuned_calib.tunefirst.perfold_beta",0.0323529089546877,"perfold","beta","xgboost",TRUE
"pc4","classif.xgboost.tuned_calib.tunefirst.perfold_beta",0.0606504495590184,"perfold","beta","xgboost",TRUE
"pc4","classif.xgboost.tuned_calib.tunefirst.perfold_beta",0.0269874313319817,"perfold","beta","xgboost",TRUE
"pc4","classif.xgboost.tuned_calib.tunefirst.perfold_beta",0.0186695998736808,"perfold","beta","xgboost",TRUE
"pc4","classif.xgboost.tuned_calib.tunefirst.perfold_beta",0.0303511753310818,"perfold","beta","xgboost",TRUE
"pc4","classif.xgboost.tuned_calib.tunefirst.perfold_beta",0.0529831047887822,"perfold","beta","xgboost",TRUE
"pc4","classif.xgboost.tuned_calib.tunefirst.perfold_beta",0.0428280837414849,"perfold","beta","xgboost",TRUE
"pc4","classif.xgboost.tuned_calib.tunefirst.perfold_beta",0.0267823043806939,"perfold","beta","xgboost",TRUE
"pc4","classif.xgboost.tuned_calib.tunefirst.perfold_beta",0.02106762111122,"perfold","beta","xgboost",TRUE
"pc4","classif.xgboost.tuned_calib.tunefirst.perfold_beta",0.0309543963603055,"perfold","beta","xgboost",TRUE
"pc4","classif.xgboost.tuned_calib.tunefirst.perfold_isotonic",0.030000114490178,"perfold","isotonic","xgboost",TRUE
"pc4","classif.xgboost.tuned_calib.tunefirst.perfold_isotonic",0.0445665665116945,"perfold","isotonic","xgboost",TRUE
"pc4","classif.xgboost.tuned_calib.tunefirst.perfold_isotonic",0.0411717150669519,"perfold","isotonic","xgboost",TRUE
"pc4","classif.xgboost.tuned_calib.tunefirst.perfold_isotonic",0.0571663557999817,"perfold","isotonic","xgboost",TRUE
"pc4","classif.xgboost.tuned_calib.tunefirst.perfold_isotonic",0.0337587341376993,"perfold","isotonic","xgboost",TRUE
"pc4","classif.xgboost.tuned_calib.tunefirst.perfold_isotonic",0.0235609259366398,"perfold","isotonic","xgboost",TRUE
"pc4","classif.xgboost.tuned_calib.tunefirst.perfold_isotonic",0.0478625620928462,"perfold","isotonic","xgboost",TRUE
"pc4","classif.xgboost.tuned_calib.tunefirst.perfold_isotonic",0.0297982319330811,"perfold","isotonic","xgboost",TRUE
"pc4","classif.xgboost.tuned_calib.tunefirst.perfold_isotonic",0.0416407086428253,"perfold","isotonic","xgboost",TRUE
"pc4","classif.xgboost.tuned_calib.tunefirst.perfold_isotonic",0.0533642801035869,"perfold","isotonic","xgboost",TRUE
"pc3","classif.naive_bayes.tuned",0.627346779682652,"none","none","naive_bayes",FALSE
"pc3","classif.naive_bayes.tuned",0.592740808793677,"none","none","naive_bayes",FALSE
"pc3","classif.naive_bayes.tuned",0.558353996193729,"none","none","naive_bayes",FALSE
"pc3","classif.naive_bayes.tuned",0.538037449434051,"none","none","naive_bayes",FALSE
"pc3","classif.naive_bayes.tuned",0.508724737934976,"none","none","naive_bayes",FALSE
"pc3","classif.naive_bayes.tuned",0.513291929237611,"none","none","naive_bayes",FALSE
"pc3","classif.naive_bayes.tuned",0.527445916283216,"none","none","naive_bayes",FALSE
"pc3","classif.naive_bayes.tuned",0.53153141928107,"none","none","naive_bayes",FALSE
"pc3","classif.naive_bayes.tuned",0.547115648839735,"none","none","naive_bayes",FALSE
"pc3","classif.naive_bayes.tuned",0.232708651587551,"none","none","naive_bayes",FALSE
"pc3","classif.naive_bayes.tuned_calib.oof_platt",0.0811219195205031,"oof","platt","naive_bayes",FALSE
"pc3","classif.naive_bayes.tuned_calib.oof_platt",0.0897714436887612,"oof","platt","naive_bayes",FALSE
"pc3","classif.naive_bayes.tuned_calib.oof_platt",0.0721578329978968,"oof","platt","naive_bayes",FALSE
"pc3","classif.naive_bayes.tuned_calib.oof_platt",0.0741672510471709,"oof","platt","naive_bayes",FALSE
"pc3","classif.naive_bayes.tuned_calib.oof_platt",0.0700734217065692,"oof","platt","naive_bayes",FALSE
"pc3","classif.naive_bayes.tuned_calib.oof_platt",0.0973652401907497,"oof","platt","naive_bayes",FALSE
"pc3","classif.naive_bayes.tuned_calib.oof_platt",0.0682933344729184,"oof","platt","naive_bayes",FALSE
"pc3","classif.naive_bayes.tuned_calib.oof_platt",0.0549163433470875,"oof","platt","naive_bayes",FALSE
"pc3","classif.naive_bayes.tuned_calib.oof_platt",0.0629301079368666,"oof","platt","naive_bayes",FALSE
"pc3","classif.naive_bayes.tuned_calib.oof_platt",0.0429212806104614,"oof","platt","naive_bayes",FALSE
"pc3","classif.naive_bayes.tuned_calib.oof_beta",0.0615453815767494,"oof","beta","naive_bayes",FALSE
"pc3","classif.naive_bayes.tuned_calib.oof_beta",0.0632707993527391,"oof","beta","naive_bayes",FALSE
"pc3","classif.naive_bayes.tuned_calib.oof_beta",0.05847547832131,"oof","beta","naive_bayes",FALSE
"pc3","classif.naive_bayes.tuned_calib.oof_beta",0.0816400147600775,"oof","beta","naive_bayes",FALSE
"pc3","classif.naive_bayes.tuned_calib.oof_beta",0.0672531698881512,"oof","beta","naive_bayes",FALSE
"pc3","classif.naive_bayes.tuned_calib.oof_beta",0.0771407104759693,"oof","beta","naive_bayes",FALSE
"pc3","classif.naive_bayes.tuned_calib.oof_beta",0.0569445827473656,"oof","beta","naive_bayes",FALSE
"pc3","classif.naive_bayes.tuned_calib.oof_beta",0.0575947865779893,"oof","beta","naive_bayes",FALSE
"pc3","classif.naive_bayes.tuned_calib.oof_beta",0.0670023489978142,"oof","beta","naive_bayes",FALSE
"pc3","classif.naive_bayes.tuned_calib.oof_beta",0.0568028364095832,"oof","beta","naive_bayes",FALSE
"pc3","classif.naive_bayes.tuned_calib.oof_isotonic",0.0780254261016861,"oof","isotonic","naive_bayes",FALSE
"pc3","classif.naive_bayes.tuned_calib.oof_isotonic",0.0409645377872066,"oof","isotonic","naive_bayes",FALSE
"pc3","classif.naive_bayes.tuned_calib.oof_isotonic",0.0676487144342508,"oof","isotonic","naive_bayes",FALSE
"pc3","classif.naive_bayes.tuned_calib.oof_isotonic",0.0829929599004992,"oof","isotonic","naive_bayes",FALSE
"pc3","classif.naive_bayes.tuned_calib.oof_isotonic",0.10639208844337,"oof","isotonic","naive_bayes",FALSE
"pc3","classif.naive_bayes.tuned_calib.oof_isotonic",0.0901384819944952,"oof","isotonic","naive_bayes",FALSE
"pc3","classif.naive_bayes.tuned_calib.oof_isotonic",0.0942919826700947,"oof","isotonic","naive_bayes",FALSE
"pc3","classif.naive_bayes.tuned_calib.oof_isotonic",0.0919338931321508,"oof","isotonic","naive_bayes",FALSE
"pc3","classif.naive_bayes.tuned_calib.oof_isotonic",0.0831307403366705,"oof","isotonic","naive_bayes",FALSE
"pc3","classif.naive_bayes.tuned_calib.oof_isotonic",0.0617965815459397,"oof","isotonic","naive_bayes",FALSE
"pc3","classif.naive_bayes.tuned_calib.perfold_platt",0.0797396682474388,"perfold","platt","naive_bayes",FALSE
"pc3","classif.naive_bayes.tuned_calib.perfold_platt",0.0771573394705699,"perfold","platt","naive_bayes",FALSE
"pc3","classif.naive_bayes.tuned_calib.perfold_platt",0.0877637906810018,"perfold","platt","naive_bayes",FALSE
"pc3","classif.naive_bayes.tuned_calib.perfold_platt",0.0583975714633972,"perfold","platt","naive_bayes",FALSE
"pc3","classif.naive_bayes.tuned_calib.perfold_platt",0.0699417040785714,"perfold","platt","naive_bayes",FALSE
"pc3","classif.naive_bayes.tuned_calib.perfold_platt",0.099716071238687,"perfold","platt","naive_bayes",FALSE
"pc3","classif.naive_bayes.tuned_calib.perfold_platt",0.0685456000956084,"perfold","platt","naive_bayes",FALSE
"pc3","classif.naive_bayes.tuned_calib.perfold_platt",0.0593231696513533,"perfold","platt","naive_bayes",FALSE
"pc3","classif.naive_bayes.tuned_calib.perfold_platt",0.0558165506083598,"perfold","platt","naive_bayes",FALSE
"pc3","classif.naive_bayes.tuned_calib.perfold_platt",0.0554829073064408,"perfold","platt","naive_bayes",FALSE
"pc3","classif.naive_bayes.tuned_calib.perfold_beta",0.0831951687728682,"perfold","beta","naive_bayes",FALSE
"pc3","classif.naive_bayes.tuned_calib.perfold_beta",0.0633811850984225,"perfold","beta","naive_bayes",FALSE
"pc3","classif.naive_bayes.tuned_calib.perfold_beta",0.0526274143442652,"perfold","beta","naive_bayes",FALSE
"pc3","classif.naive_bayes.tuned_calib.perfold_beta",0.0746131329456418,"perfold","beta","naive_bayes",FALSE
"pc3","classif.naive_bayes.tuned_calib.perfold_beta",0.0583049053623514,"perfold","beta","naive_bayes",FALSE
"pc3","classif.naive_bayes.tuned_calib.perfold_beta",0.0657147835189959,"perfold","beta","naive_bayes",FALSE
"pc3","classif.naive_bayes.tuned_calib.perfold_beta",0.0614301068292648,"perfold","beta","naive_bayes",FALSE
"pc3","classif.naive_bayes.tuned_calib.perfold_beta",0.03252916112996,"perfold","beta","naive_bayes",FALSE
"pc3","classif.naive_bayes.tuned_calib.perfold_beta",0.0585183298846132,"perfold","beta","naive_bayes",FALSE
"pc3","classif.naive_bayes.tuned_calib.perfold_beta",0.0721508521591434,"perfold","beta","naive_bayes",FALSE
"pc3","classif.naive_bayes.tuned_calib.perfold_isotonic",0.0814971243331845,"perfold","isotonic","naive_bayes",FALSE
"pc3","classif.naive_bayes.tuned_calib.perfold_isotonic",0.0555999968146802,"perfold","isotonic","naive_bayes",FALSE
"pc3","classif.naive_bayes.tuned_calib.perfold_isotonic",0.0574261678424165,"perfold","isotonic","naive_bayes",FALSE
"pc3","classif.naive_bayes.tuned_calib.perfold_isotonic",0.0665171399829278,"perfold","isotonic","naive_bayes",FALSE
"pc3","classif.naive_bayes.tuned_calib.perfold_isotonic",0.058877252148461,"perfold","isotonic","naive_bayes",FALSE
"pc3","classif.naive_bayes.tuned_calib.perfold_isotonic",0.089870116386883,"perfold","isotonic","naive_bayes",FALSE
"pc3","classif.naive_bayes.tuned_calib.perfold_isotonic",0.0749376293522204,"perfold","isotonic","naive_bayes",FALSE
"pc3","classif.naive_bayes.tuned_calib.perfold_isotonic",0.0422994965740642,"perfold","isotonic","naive_bayes",FALSE
"pc3","classif.naive_bayes.tuned_calib.perfold_isotonic",0.0340068480941819,"perfold","isotonic","naive_bayes",FALSE
"pc3","classif.naive_bayes.tuned_calib.perfold_isotonic",0.0910215680670767,"perfold","isotonic","naive_bayes",FALSE
"pc3","classif.naive_bayes.tuned_calib.tunefirst.oof_platt",0.0829342288397396,"oof","platt","naive_bayes",TRUE
"pc3","classif.naive_bayes.tuned_calib.tunefirst.oof_platt",0.0913169694082202,"oof","platt","naive_bayes",TRUE
"pc3","classif.naive_bayes.tuned_calib.tunefirst.oof_platt",0.0849873129359129,"oof","platt","naive_bayes",TRUE
"pc3","classif.naive_bayes.tuned_calib.tunefirst.oof_platt",0.0674919645094062,"oof","platt","naive_bayes",TRUE
"pc3","classif.naive_bayes.tuned_calib.tunefirst.oof_platt",0.0695037070120565,"oof","platt","naive_bayes",TRUE
"pc3","classif.naive_bayes.tuned_calib.tunefirst.oof_platt",0.0975199585922296,"oof","platt","naive_bayes",TRUE
"pc3","classif.naive_bayes.tuned_calib.tunefirst.oof_platt",0.0665702517053947,"oof","platt","naive_bayes",TRUE
"pc3","classif.naive_bayes.tuned_calib.tunefirst.oof_platt",0.0509836056820391,"oof","platt","naive_bayes",TRUE
"pc3","classif.naive_bayes.tuned_calib.tunefirst.oof_platt",0.0645954168068485,"oof","platt","naive_bayes",TRUE
"pc3","classif.naive_bayes.tuned_calib.tunefirst.oof_platt",0.0565071792387309,"oof","platt","naive_bayes",TRUE
"pc3","classif.naive_bayes.tuned_calib.tunefirst.oof_beta",0.0616521664025373,"oof","beta","naive_bayes",TRUE
"pc3","classif.naive_bayes.tuned_calib.tunefirst.oof_beta",0.0703225787280474,"oof","beta","naive_bayes",TRUE
"pc3","classif.naive_bayes.tuned_calib.tunefirst.oof_beta",0.072358234132082,"oof","beta","naive_bayes",TRUE
"pc3","classif.naive_bayes.tuned_calib.tunefirst.oof_beta",0.0649347198602631,"oof","beta","naive_bayes",TRUE
"pc3","classif.naive_bayes.tuned_calib.tunefirst.oof_beta",0.0640137289279813,"oof","beta","naive_bayes",TRUE
"pc3","classif.naive_bayes.tuned_calib.tunefirst.oof_beta",0.0496290860943394,"oof","beta","naive_bayes",TRUE
"pc3","classif.naive_bayes.tuned_calib.tunefirst.oof_beta",0.058752256482783,"oof","beta","naive_bayes",TRUE
"pc3","classif.naive_bayes.tuned_calib.tunefirst.oof_beta",0.0686212837465432,"oof","beta","naive_bayes",TRUE
"pc3","classif.naive_bayes.tuned_calib.tunefirst.oof_beta",0.0655242624355759,"oof","beta","naive_bayes",TRUE
"pc3","classif.naive_bayes.tuned_calib.tunefirst.oof_beta",0.0415106854950843,"oof","beta","naive_bayes",TRUE
"pc3","classif.naive_bayes.tuned_calib.tunefirst.oof_isotonic",0.0763867233611001,"oof","isotonic","naive_bayes",TRUE
"pc3","classif.naive_bayes.tuned_calib.tunefirst.oof_isotonic",0.0795084740318523,"oof","isotonic","naive_bayes",TRUE
"pc3","classif.naive_bayes.tuned_calib.tunefirst.oof_isotonic",0.0661210563463678,"oof","isotonic","naive_bayes",TRUE
"pc3","classif.naive_bayes.tuned_calib.tunefirst.oof_isotonic",0.107239698276255,"oof","isotonic","naive_bayes",TRUE
"pc3","classif.naive_bayes.tuned_calib.tunefirst.oof_isotonic",0.111725905162199,"oof","isotonic","naive_bayes",TRUE
"pc3","classif.naive_bayes.tuned_calib.tunefirst.oof_isotonic",0.077698763863145,"oof","isotonic","naive_bayes",TRUE
"pc3","classif.naive_bayes.tuned_calib.tunefirst.oof_isotonic",0.0800717382944621,"oof","isotonic","naive_bayes",TRUE
"pc3","classif.naive_bayes.tuned_calib.tunefirst.oof_isotonic",0.0775627238620267,"oof","isotonic","naive_bayes",TRUE
"pc3","classif.naive_bayes.tuned_calib.tunefirst.oof_isotonic",0.0872454493419059,"oof","isotonic","naive_bayes",TRUE
"pc3","classif.naive_bayes.tuned_calib.tunefirst.oof_isotonic",0.0945846247877943,"oof","isotonic","naive_bayes",TRUE
"pc3","classif.naive_bayes.tuned_calib.tunefirst.perfold_platt",0.068164271090946,"perfold","platt","naive_bayes",TRUE
"pc3","classif.naive_bayes.tuned_calib.tunefirst.perfold_platt",0.0841059847385686,"perfold","platt","naive_bayes",TRUE
"pc3","classif.naive_bayes.tuned_calib.tunefirst.perfold_platt",0.0828905967617201,"perfold","platt","naive_bayes",TRUE
"pc3","classif.naive_bayes.tuned_calib.tunefirst.perfold_platt",0.0856598821353856,"perfold","platt","naive_bayes",TRUE
"pc3","classif.naive_bayes.tuned_calib.tunefirst.perfold_platt",0.0692198472944195,"perfold","platt","naive_bayes",TRUE
"pc3","classif.naive_bayes.tuned_calib.tunefirst.perfold_platt",0.10602624850949,"perfold","platt","naive_bayes",TRUE
"pc3","classif.naive_bayes.tuned_calib.tunefirst.perfold_platt",0.0745048525001954,"perfold","platt","naive_bayes",TRUE
"pc3","classif.naive_bayes.tuned_calib.tunefirst.perfold_platt",0.0558794717020624,"perfold","platt","naive_bayes",TRUE
"pc3","classif.naive_bayes.tuned_calib.tunefirst.perfold_platt",0.0681934370719116,"perfold","platt","naive_bayes",TRUE
"pc3","classif.naive_bayes.tuned_calib.tunefirst.perfold_platt",0.0514341383515307,"perfold","platt","naive_bayes",TRUE
"pc3","classif.naive_bayes.tuned_calib.tunefirst.perfold_beta",0.0712479247040407,"perfold","beta","naive_bayes",TRUE
"pc3","classif.naive_bayes.tuned_calib.tunefirst.perfold_beta",0.0524371473991497,"perfold","beta","naive_bayes",TRUE
"pc3","classif.naive_bayes.tuned_calib.tunefirst.perfold_beta",0.0420908562006844,"perfold","beta","naive_bayes",TRUE
"pc3","classif.naive_bayes.tuned_calib.tunefirst.perfold_beta",0.0634567814772872,"perfold","beta","naive_bayes",TRUE
"pc3","classif.naive_bayes.tuned_calib.tunefirst.perfold_beta",0.0510528862521403,"perfold","beta","naive_bayes",TRUE
"pc3","classif.naive_bayes.tuned_calib.tunefirst.perfold_beta",0.0726128441463074,"perfold","beta","naive_bayes",TRUE
"pc3","classif.naive_bayes.tuned_calib.tunefirst.perfold_beta",0.0600680432227493,"perfold","beta","naive_bayes",TRUE
"pc3","classif.naive_bayes.tuned_calib.tunefirst.perfold_beta",0.0441025703749404,"perfold","beta","naive_bayes",TRUE
"pc3","classif.naive_bayes.tuned_calib.tunefirst.perfold_beta",0.0497386690606852,"perfold","beta","naive_bayes",TRUE
"pc3","classif.naive_bayes.tuned_calib.tunefirst.perfold_beta",0.0578961618424795,"perfold","beta","naive_bayes",TRUE
"pc3","classif.naive_bayes.tuned_calib.tunefirst.perfold_isotonic",0.0785651547750491,"perfold","isotonic","naive_bayes",TRUE
"pc3","classif.naive_bayes.tuned_calib.tunefirst.perfold_isotonic",0.079016453710344,"perfold","isotonic","naive_bayes",TRUE
"pc3","classif.naive_bayes.tuned_calib.tunefirst.perfold_isotonic",0.0627356737678623,"perfold","isotonic","naive_bayes",TRUE
"pc3","classif.naive_bayes.tuned_calib.tunefirst.perfold_isotonic",0.0586337911561586,"perfold","isotonic","naive_bayes",TRUE
"pc3","classif.naive_bayes.tuned_calib.tunefirst.perfold_isotonic",0.0460322442390901,"perfold","isotonic","naive_bayes",TRUE
"pc3","classif.naive_bayes.tuned_calib.tunefirst.perfold_isotonic",0.0784943714075132,"perfold","isotonic","naive_bayes",TRUE
"pc3","classif.naive_bayes.tuned_calib.tunefirst.perfold_isotonic",0.0728931796809366,"perfold","isotonic","naive_bayes",TRUE
"pc3","classif.naive_bayes.tuned_calib.tunefirst.perfold_isotonic",0.058732107693274,"perfold","isotonic","naive_bayes",TRUE
"pc3","classif.naive_bayes.tuned_calib.tunefirst.perfold_isotonic",0.0461341881041893,"perfold","isotonic","naive_bayes",TRUE
"pc3","classif.naive_bayes.tuned_calib.tunefirst.perfold_isotonic",0.0708449866564495,"perfold","isotonic","naive_bayes",TRUE
"pc3","classif.ranger.tuned",0.0526435538675915,"none","none","ranger",FALSE
"pc3","classif.ranger.tuned",0.0467579659221183,"none","none","ranger",FALSE
"pc3","classif.ranger.tuned",0.060181697727708,"none","none","ranger",FALSE
"pc3","classif.ranger.tuned",0.0408977630864248,"none","none","ranger",FALSE
"pc3","classif.ranger.tuned",0.0681800015181022,"none","none","ranger",FALSE
"pc3","classif.ranger.tuned",0.0230410740618027,"none","none","ranger",FALSE
"pc3","classif.ranger.tuned",0.0266734997648171,"none","none","ranger",FALSE
"pc3","classif.ranger.tuned",0.0411242545829567,"none","none","ranger",FALSE
"pc3","classif.ranger.tuned",0.0275434307064478,"none","none","ranger",FALSE
"pc3","classif.ranger.tuned",0.0508283735898984,"none","none","ranger",FALSE
"pc3","classif.ranger.tuned_calib.oof_platt",0.0802717077196805,"oof","platt","ranger",FALSE
"pc3","classif.ranger.tuned_calib.oof_platt",0.0607322854363457,"oof","platt","ranger",FALSE
"pc3","classif.ranger.tuned_calib.oof_platt",0.0385621509036901,"oof","platt","ranger",FALSE
"pc3","classif.ranger.tuned_calib.oof_platt",0.052241795114952,"oof","platt","ranger",FALSE
"pc3","classif.ranger.tuned_calib.oof_platt",0.0670599805761529,"oof","platt","ranger",FALSE
"pc3","classif.ranger.tuned_calib.oof_platt",0.04676636263419,"oof","platt","ranger",FALSE
"pc3","classif.ranger.tuned_calib.oof_platt",0.057909840810481,"oof","platt","ranger",FALSE
"pc3","classif.ranger.tuned_calib.oof_platt",0.0651813893839183,"oof","platt","ranger",FALSE
"pc3","classif.ranger.tuned_calib.oof_platt",0.0463261924164895,"oof","platt","ranger",FALSE
"pc3","classif.ranger.tuned_calib.oof_platt",0.0609044109614892,"oof","platt","ranger",FALSE
"pc3","classif.ranger.tuned_calib.oof_beta",0.0743816672608137,"oof","beta","ranger",FALSE
"pc3","classif.ranger.tuned_calib.oof_beta",0.0567268884236219,"oof","beta","ranger",FALSE
"pc3","classif.ranger.tuned_calib.oof_beta",0.0499115094728195,"oof","beta","ranger",FALSE
"pc3","classif.ranger.tuned_calib.oof_beta",0.0566968181528003,"oof","beta","ranger",FALSE
"pc3","classif.ranger.tuned_calib.oof_beta",0.0692805453777462,"oof","beta","ranger",FALSE
"pc3","classif.ranger.tuned_calib.oof_beta",0.0463663583842357,"oof","beta","ranger",FALSE
"pc3","classif.ranger.tuned_calib.oof_beta",0.0421681311834254,"oof","beta","ranger",FALSE
"pc3","classif.ranger.tuned_calib.oof_beta",0.0525230770457194,"oof","beta","ranger",FALSE
"pc3","classif.ranger.tuned_calib.oof_beta",0.0385166189895545,"oof","beta","ranger",FALSE
"pc3","classif.ranger.tuned_calib.oof_beta",0.0384042809869059,"oof","beta","ranger",FALSE
"pc3","classif.ranger.tuned_calib.oof_isotonic",0.0748116374336645,"oof","isotonic","ranger",FALSE
"pc3","classif.ranger.tuned_calib.oof_isotonic",0.0525534676018577,"oof","isotonic","ranger",FALSE
"pc3","classif.ranger.tuned_calib.oof_isotonic",0.0588833197220435,"oof","isotonic","ranger",FALSE
"pc3","classif.ranger.tuned_calib.oof_isotonic",0.0484457078119746,"oof","isotonic","ranger",FALSE
"pc3","classif.ranger.tuned_calib.oof_isotonic",0.0461722255233392,"oof","isotonic","ranger",FALSE
"pc3","classif.ranger.tuned_calib.oof_isotonic",0.066087101924209,"oof","isotonic","ranger",FALSE
"pc3","classif.ranger.tuned_calib.oof_isotonic",0.07355073655669,"oof","isotonic","ranger",FALSE
"pc3","classif.ranger.tuned_calib.oof_isotonic",0.054153896424268,"oof","isotonic","ranger",FALSE
"pc3","classif.ranger.tuned_calib.oof_isotonic",0.0618735440445024,"oof","isotonic","ranger",FALSE
"pc3","classif.ranger.tuned_calib.oof_isotonic",0.0626505392340075,"oof","isotonic","ranger",FALSE
"pc3","classif.ranger.tuned_calib.perfold_platt",0.0860108028600583,"perfold","platt","ranger",FALSE
"pc3","classif.ranger.tuned_calib.perfold_platt",0.0580186130444862,"perfold","platt","ranger",FALSE
"pc3","classif.ranger.tuned_calib.perfold_platt",0.0486905341387233,"perfold","platt","ranger",FALSE
"pc3","classif.ranger.tuned_calib.perfold_platt",0.0466751103125158,"perfold","platt","ranger",FALSE
"pc3","classif.ranger.tuned_calib.perfold_platt",0.0566210658762267,"perfold","platt","ranger",FALSE
"pc3","classif.ranger.tuned_calib.perfold_platt",0.0398240870632989,"perfold","platt","ranger",FALSE
"pc3","classif.ranger.tuned_calib.perfold_platt",0.0449273545739371,"perfold","platt","ranger",FALSE
"pc3","classif.ranger.tuned_calib.perfold_platt",0.0668787085872249,"perfold","platt","ranger",FALSE
"pc3","classif.ranger.tuned_calib.perfold_platt",0.0649705946200237,"perfold","platt","ranger",FALSE
"pc3","classif.ranger.tuned_calib.perfold_platt",0.0589781242083193,"perfold","platt","ranger",FALSE
"pc3","classif.ranger.tuned_calib.perfold_beta",0.0606699938786728,"perfold","beta","ranger",FALSE
"pc3","classif.ranger.tuned_calib.perfold_beta",0.0483616684356081,"perfold","beta","ranger",FALSE
"pc3","classif.ranger.tuned_calib.perfold_beta",0.0484103033016596,"perfold","beta","ranger",FALSE
"pc3","classif.ranger.tuned_calib.perfold_beta",0.0457010518984204,"perfold","beta","ranger",FALSE
"pc3","classif.ranger.tuned_calib.perfold_beta",0.0621215492447121,"perfold","beta","ranger",FALSE
"pc3","classif.ranger.tuned_calib.perfold_beta",0.0498561731403128,"perfold","beta","ranger",FALSE
"pc3","classif.ranger.tuned_calib.perfold_beta",0.0361097848202712,"perfold","beta","ranger",FALSE
"pc3","classif.ranger.tuned_calib.perfold_beta",0.0534341341211952,"perfold","beta","ranger",FALSE
"pc3","classif.ranger.tuned_calib.perfold_beta",0.0309383914136059,"perfold","beta","ranger",FALSE
"pc3","classif.ranger.tuned_calib.perfold_beta",0.0600633218851342,"perfold","beta","ranger",FALSE
"pc3","classif.ranger.tuned_calib.perfold_isotonic",0.0818434449666037,"perfold","isotonic","ranger",FALSE
"pc3","classif.ranger.tuned_calib.perfold_isotonic",0.0284997485991283,"perfold","isotonic","ranger",FALSE
"pc3","classif.ranger.tuned_calib.perfold_isotonic",0.05210638803318,"perfold","isotonic","ranger",FALSE
"pc3","classif.ranger.tuned_calib.perfold_isotonic",0.0346713923259893,"perfold","isotonic","ranger",FALSE
"pc3","classif.ranger.tuned_calib.perfold_isotonic",0.0519924597808764,"perfold","isotonic","ranger",FALSE
"pc3","classif.ranger.tuned_calib.perfold_isotonic",0.0394643363436929,"perfold","isotonic","ranger",FALSE
"pc3","classif.ranger.tuned_calib.perfold_isotonic",0.0289086525200771,"perfold","isotonic","ranger",FALSE
"pc3","classif.ranger.tuned_calib.perfold_isotonic",0.0572145172626098,"perfold","isotonic","ranger",FALSE
"pc3","classif.ranger.tuned_calib.perfold_isotonic",0.0204606545494327,"perfold","isotonic","ranger",FALSE
"pc3","classif.ranger.tuned_calib.perfold_isotonic",0.0569008327939016,"perfold","isotonic","ranger",FALSE
"pc3","classif.ranger.tuned_calib.tunefirst.oof_platt",0.0835734296498531,"oof","platt","ranger",TRUE
"pc3","classif.ranger.tuned_calib.tunefirst.oof_platt",0.0488867892127012,"oof","platt","ranger",TRUE
"pc3","classif.ranger.tuned_calib.tunefirst.oof_platt",0.0398303911790835,"oof","platt","ranger",TRUE
"pc3","classif.ranger.tuned_calib.tunefirst.oof_platt",0.0470170017465245,"oof","platt","ranger",TRUE
"pc3","classif.ranger.tuned_calib.tunefirst.oof_platt",0.0630685257206673,"oof","platt","ranger",TRUE
"pc3","classif.ranger.tuned_calib.tunefirst.oof_platt",0.045162847709217,"oof","platt","ranger",TRUE
"pc3","classif.ranger.tuned_calib.tunefirst.oof_platt",0.0415564778708466,"oof","platt","ranger",TRUE
"pc3","classif.ranger.tuned_calib.tunefirst.oof_platt",0.0556748119810839,"oof","platt","ranger",TRUE
"pc3","classif.ranger.tuned_calib.tunefirst.oof_platt",0.0352757515017819,"oof","platt","ranger",TRUE
"pc3","classif.ranger.tuned_calib.tunefirst.oof_platt",0.0644435745509195,"oof","platt","ranger",TRUE
"pc3","classif.ranger.tuned_calib.tunefirst.oof_beta",0.0728733370683255,"oof","beta","ranger",TRUE
"pc3","classif.ranger.tuned_calib.tunefirst.oof_beta",0.0611553406832871,"oof","beta","ranger",TRUE
"pc3","classif.ranger.tuned_calib.tunefirst.oof_beta",0.0506680810457817,"oof","beta","ranger",TRUE
"pc3","classif.ranger.tuned_calib.tunefirst.oof_beta",0.0590959492605291,"oof","beta","ranger",TRUE
"pc3","classif.ranger.tuned_calib.tunefirst.oof_beta",0.0714860526901153,"oof","beta","ranger",TRUE
"pc3","classif.ranger.tuned_calib.tunefirst.oof_beta",0.043641946007356,"oof","beta","ranger",TRUE
"pc3","classif.ranger.tuned_calib.tunefirst.oof_beta",0.061158027267582,"oof","beta","ranger",TRUE
"pc3","classif.ranger.tuned_calib.tunefirst.oof_beta",0.046902598630288,"oof","beta","ranger",TRUE
"pc3","classif.ranger.tuned_calib.tunefirst.oof_beta",0.0570011787825186,"oof","beta","ranger",TRUE
"pc3","classif.ranger.tuned_calib.tunefirst.oof_beta",0.0522846094074364,"oof","beta","ranger",TRUE
"pc3","classif.ranger.tuned_calib.tunefirst.oof_isotonic",0.0703077641702166,"oof","isotonic","ranger",TRUE
"pc3","classif.ranger.tuned_calib.tunefirst.oof_isotonic",0.074577774101119,"oof","isotonic","ranger",TRUE
"pc3","classif.ranger.tuned_calib.tunefirst.oof_isotonic",0.0546198793944117,"oof","isotonic","ranger",TRUE
"pc3","classif.ranger.tuned_calib.tunefirst.oof_isotonic",0.0413447556197158,"oof","isotonic","ranger",TRUE
"pc3","classif.ranger.tuned_calib.tunefirst.oof_isotonic",0.0539180811025194,"oof","isotonic","ranger",TRUE
"pc3","classif.ranger.tuned_calib.tunefirst.oof_isotonic",0.0555159229602374,"oof","isotonic","ranger",TRUE
"pc3","classif.ranger.tuned_calib.tunefirst.oof_isotonic",0.0470255677541145,"oof","isotonic","ranger",TRUE
"pc3","classif.ranger.tuned_calib.tunefirst.oof_isotonic",0.0540905505905249,"oof","isotonic","ranger",TRUE
"pc3","classif.ranger.tuned_calib.tunefirst.oof_isotonic",0.0401019125184348,"oof","isotonic","ranger",TRUE
"pc3","classif.ranger.tuned_calib.tunefirst.oof_isotonic",0.0775373250281177,"oof","isotonic","ranger",TRUE
"pc3","classif.ranger.tuned_calib.tunefirst.perfold_platt",0.083907645669189,"perfold","platt","ranger",TRUE
"pc3","classif.ranger.tuned_calib.tunefirst.perfold_platt",0.0458247735169,"perfold","platt","ranger",TRUE
"pc3","classif.ranger.tuned_calib.tunefirst.perfold_platt",0.044350212713544,"perfold","platt","ranger",TRUE
"pc3","classif.ranger.tuned_calib.tunefirst.perfold_platt",0.0612954912076546,"perfold","platt","ranger",TRUE
"pc3","classif.ranger.tuned_calib.tunefirst.perfold_platt",0.0584214508061075,"perfold","platt","ranger",TRUE
"pc3","classif.ranger.tuned_calib.tunefirst.perfold_platt",0.0463574715728919,"perfold","platt","ranger",TRUE
"pc3","classif.ranger.tuned_calib.tunefirst.perfold_platt",0.0444982818306606,"perfold","platt","ranger",TRUE
"pc3","classif.ranger.tuned_calib.tunefirst.perfold_platt",0.0636679632354896,"perfold","platt","ranger",TRUE
"pc3","classif.ranger.tuned_calib.tunefirst.perfold_platt",0.043982043615582,"perfold","platt","ranger",TRUE
"pc3","classif.ranger.tuned_calib.tunefirst.perfold_platt",0.0713747267670313,"perfold","platt","ranger",TRUE
"pc3","classif.ranger.tuned_calib.tunefirst.perfold_beta",0.0784543709408321,"perfold","beta","ranger",TRUE
"pc3","classif.ranger.tuned_calib.tunefirst.perfold_beta",0.0448768691844299,"perfold","beta","ranger",TRUE
"pc3","classif.ranger.tuned_calib.tunefirst.perfold_beta",0.0467767086283972,"perfold","beta","ranger",TRUE
"pc3","classif.ranger.tuned_calib.tunefirst.perfold_beta",0.0530903545139572,"perfold","beta","ranger",TRUE
"pc3","classif.ranger.tuned_calib.tunefirst.perfold_beta",0.0595082020200163,"perfold","beta","ranger",TRUE
"pc3","classif.ranger.tuned_calib.tunefirst.perfold_beta",0.0439204484489254,"perfold","beta","ranger",TRUE
"pc3","classif.ranger.tuned_calib.tunefirst.perfold_beta",0.0370501985368512,"perfold","beta","ranger",TRUE
"pc3","classif.ranger.tuned_calib.tunefirst.perfold_beta",0.0670133595033604,"perfold","beta","ranger",TRUE
"pc3","classif.ranger.tuned_calib.tunefirst.perfold_beta",0.0478008479477249,"perfold","beta","ranger",TRUE
"pc3","classif.ranger.tuned_calib.tunefirst.perfold_beta",0.0654309960860888,"perfold","beta","ranger",TRUE
"pc3","classif.ranger.tuned_calib.tunefirst.perfold_isotonic",0.0798665374655214,"perfold","isotonic","ranger",TRUE
"pc3","classif.ranger.tuned_calib.tunefirst.perfold_isotonic",0.033948957514365,"perfold","isotonic","ranger",TRUE
"pc3","classif.ranger.tuned_calib.tunefirst.perfold_isotonic",0.0457015067596019,"perfold","isotonic","ranger",TRUE
"pc3","classif.ranger.tuned_calib.tunefirst.perfold_isotonic",0.0422913594912878,"perfold","isotonic","ranger",TRUE
"pc3","classif.ranger.tuned_calib.tunefirst.perfold_isotonic",0.0437388337373162,"perfold","isotonic","ranger",TRUE
"pc3","classif.ranger.tuned_calib.tunefirst.perfold_isotonic",0.0389894720814608,"perfold","isotonic","ranger",TRUE
"pc3","classif.ranger.tuned_calib.tunefirst.perfold_isotonic",0.0259651410330375,"perfold","isotonic","ranger",TRUE
"pc3","classif.ranger.tuned_calib.tunefirst.perfold_isotonic",0.0526236201868171,"perfold","isotonic","ranger",TRUE
"pc3","classif.ranger.tuned_calib.tunefirst.perfold_isotonic",0.0456747025451953,"perfold","isotonic","ranger",TRUE
"pc3","classif.ranger.tuned_calib.tunefirst.perfold_isotonic",0.0444011655999427,"perfold","isotonic","ranger",TRUE
"pc3","classif.xgboost.tuned",0.101155081206256,"none","none","xgboost",FALSE
"pc3","classif.xgboost.tuned",0.0423025664203106,"none","none","xgboost",FALSE
"pc3","classif.xgboost.tuned",0.0380875880171539,"none","none","xgboost",FALSE
"pc3","classif.xgboost.tuned",0.057888897947776,"none","none","xgboost",FALSE
"pc3","classif.xgboost.tuned",0.0484789055891526,"none","none","xgboost",FALSE
"pc3","classif.xgboost.tuned",0.0495326986584144,"none","none","xgboost",FALSE
"pc3","classif.xgboost.tuned",0.0459939047503166,"none","none","xgboost",FALSE
"pc3","classif.xgboost.tuned",0.0615660487077175,"none","none","xgboost",FALSE
"pc3","classif.xgboost.tuned",0.0483943957548875,"none","none","xgboost",FALSE
"pc3","classif.xgboost.tuned",0.0949596794059452,"none","none","xgboost",FALSE
"pc3","classif.xgboost.tuned_calib.oof_platt",0.0715927443848775,"oof","platt","xgboost",FALSE
"pc3","classif.xgboost.tuned_calib.oof_platt",0.0872696628510963,"oof","platt","xgboost",FALSE
"pc3","classif.xgboost.tuned_calib.oof_platt",0.0589205691287081,"oof","platt","xgboost",FALSE
"pc3","classif.xgboost.tuned_calib.oof_platt",0.0622123375983794,"oof","platt","xgboost",FALSE
"pc3","classif.xgboost.tuned_calib.oof_platt",0.0796401605250737,"oof","platt","xgboost",FALSE
"pc3","classif.xgboost.tuned_calib.oof_platt",0.0765103784096415,"oof","platt","xgboost",FALSE
"pc3","classif.xgboost.tuned_calib.oof_platt",0.0502564452057386,"oof","platt","xgboost",FALSE
"pc3","classif.xgboost.tuned_calib.oof_platt",0.0673043076977062,"oof","platt","xgboost",FALSE
"pc3","classif.xgboost.tuned_calib.oof_platt",0.0674759567818276,"oof","platt","xgboost",FALSE
"pc3","classif.xgboost.tuned_calib.oof_platt",0.0824914291296889,"oof","platt","xgboost",FALSE
"pc3","classif.xgboost.tuned_calib.oof_beta",0.0438238690090206,"oof","beta","xgboost",FALSE
"pc3","classif.xgboost.tuned_calib.oof_beta",0.0908224654032879,"oof","beta","xgboost",FALSE
"pc3","classif.xgboost.tuned_calib.oof_beta",0.0466730710841327,"oof","beta","xgboost",FALSE
"pc3","classif.xgboost.tuned_calib.oof_beta",0.0598145067390937,"oof","beta","xgboost",FALSE
"pc3","classif.xgboost.tuned_calib.oof_beta",0.0893896398222001,"oof","beta","xgboost",FALSE
"pc3","classif.xgboost.tuned_calib.oof_beta",0.0825646707681797,"oof","beta","xgboost",FALSE
"pc3","classif.xgboost.tuned_calib.oof_beta",0.0530879466772643,"oof","beta","xgboost",FALSE
"pc3","classif.xgboost.tuned_calib.oof_beta",0.0549490371381596,"oof","beta","xgboost",FALSE
"pc3","classif.xgboost.tuned_calib.oof_beta",0.0488414882214289,"oof","beta","xgboost",FALSE
"pc3","classif.xgboost.tuned_calib.oof_beta",0.0571745374765254,"oof","beta","xgboost",FALSE
"pc3","classif.xgboost.tuned_calib.oof_isotonic",0.111019351415393,"oof","isotonic","xgboost",FALSE
"pc3","classif.xgboost.tuned_calib.oof_isotonic",0.0722601939439462,"oof","isotonic","xgboost",FALSE
"pc3","classif.xgboost.tuned_calib.oof_isotonic",0.0735443571787726,"oof","isotonic","xgboost",FALSE
"pc3","classif.xgboost.tuned_calib.oof_isotonic",0.0796917008008682,"oof","isotonic","xgboost",FALSE
"pc3","classif.xgboost.tuned_calib.oof_isotonic",0.054396282273654,"oof","isotonic","xgboost",FALSE
"pc3","classif.xgboost.tuned_calib.oof_isotonic",0.0439484997646452,"oof","isotonic","xgboost",FALSE
"pc3","classif.xgboost.tuned_calib.oof_isotonic",0.0694879880719155,"oof","isotonic","xgboost",FALSE
"pc3","classif.xgboost.tuned_calib.oof_isotonic",0.0683161348844823,"oof","isotonic","xgboost",FALSE
"pc3","classif.xgboost.tuned_calib.oof_isotonic",0.056216263928337,"oof","isotonic","xgboost",FALSE
"pc3","classif.xgboost.tuned_calib.oof_isotonic",0.0858921553337393,"oof","isotonic","xgboost",FALSE
"pc3","classif.xgboost.tuned_calib.perfold_platt",0.0878687299988019,"perfold","platt","xgboost",FALSE
"pc3","classif.xgboost.tuned_calib.perfold_platt",0.0773564105090337,"perfold","platt","xgboost",FALSE
"pc3","classif.xgboost.tuned_calib.perfold_platt",0.0628523404132642,"perfold","platt","xgboost",FALSE
"pc3","classif.xgboost.tuned_calib.perfold_platt",0.0664775174224701,"perfold","platt","xgboost",FALSE
"pc3","classif.xgboost.tuned_calib.perfold_platt",0.0919256382984566,"perfold","platt","xgboost",FALSE
"pc3","classif.xgboost.tuned_calib.perfold_platt",0.0747407720391943,"perfold","platt","xgboost",FALSE
"pc3","classif.xgboost.tuned_calib.perfold_platt",0.0589596435627323,"perfold","platt","xgboost",FALSE
"pc3","classif.xgboost.tuned_calib.perfold_platt",0.0469259980011496,"perfold","platt","xgboost",FALSE
"pc3","classif.xgboost.tuned_calib.perfold_platt",0.0726757935517399,"perfold","platt","xgboost",FALSE
"pc3","classif.xgboost.tuned_calib.perfold_platt",0.0883436892508613,"perfold","platt","xgboost",FALSE
"pc3","classif.xgboost.tuned_calib.perfold_beta",0.076760826910599,"perfold","beta","xgboost",FALSE
"pc3","classif.xgboost.tuned_calib.perfold_beta",0.0937445407980426,"perfold","beta","xgboost",FALSE
"pc3","classif.xgboost.tuned_calib.perfold_beta",0.0296278038897124,"perfold","beta","xgboost",FALSE
"pc3","classif.xgboost.tuned_calib.perfold_beta",0.0365374527865647,"perfold","beta","xgboost",FALSE
"pc3","classif.xgboost.tuned_calib.perfold_beta",0.073519946157691,"perfold","beta","xgboost",FALSE
"pc3","classif.xgboost.tuned_calib.perfold_beta",0.0410537406923509,"perfold","beta","xgboost",FALSE
"pc3","classif.xgboost.tuned_calib.perfold_beta",0.0726423396163767,"perfold","beta","xgboost",FALSE
"pc3","classif.xgboost.tuned_calib.perfold_beta",0.0610463685886141,"perfold","beta","xgboost",FALSE
"pc3","classif.xgboost.tuned_calib.perfold_beta",0.0442122154288065,"perfold","beta","xgboost",FALSE
"pc3","classif.xgboost.tuned_calib.perfold_beta",0.0983179031771698,"perfold","beta","xgboost",FALSE
"pc3","classif.xgboost.tuned_calib.perfold_isotonic",0.0695500801124395,"perfold","isotonic","xgboost",FALSE
"pc3","classif.xgboost.tuned_calib.perfold_isotonic",0.0521122935860476,"perfold","isotonic","xgboost",FALSE
"pc3","classif.xgboost.tuned_calib.perfold_isotonic",0.0255615397487215,"perfold","isotonic","xgboost",FALSE
"pc3","classif.xgboost.tuned_calib.perfold_isotonic",0.0706024083198884,"perfold","isotonic","xgboost",FALSE
"pc3","classif.xgboost.tuned_calib.perfold_isotonic",0.0504370516198044,"perfold","isotonic","xgboost",FALSE
"pc3","classif.xgboost.tuned_calib.perfold_isotonic",0.0570128605695718,"perfold","isotonic","xgboost",FALSE
"pc3","classif.xgboost.tuned_calib.perfold_isotonic",0.0916606942068815,"perfold","isotonic","xgboost",FALSE
"pc3","classif.xgboost.tuned_calib.perfold_isotonic",0.0537802525614103,"perfold","isotonic","xgboost",FALSE
"pc3","classif.xgboost.tuned_calib.perfold_isotonic",0.0536188786733974,"perfold","isotonic","xgboost",FALSE
"pc3","classif.xgboost.tuned_calib.perfold_isotonic",0.0514673382531452,"perfold","isotonic","xgboost",FALSE
"pc3","classif.xgboost.tuned_calib.tunefirst.oof_platt",0.0780203053191619,"oof","platt","xgboost",TRUE
"pc3","classif.xgboost.tuned_calib.tunefirst.oof_platt",0.0687831282961888,"oof","platt","xgboost",TRUE
"pc3","classif.xgboost.tuned_calib.tunefirst.oof_platt",0.0459283691365311,"oof","platt","xgboost",TRUE
"pc3","classif.xgboost.tuned_calib.tunefirst.oof_platt",0.0603665553543764,"oof","platt","xgboost",TRUE
"pc3","classif.xgboost.tuned_calib.tunefirst.oof_platt",0.0654096426849244,"oof","platt","xgboost",TRUE
"pc3","classif.xgboost.tuned_calib.tunefirst.oof_platt",0.0751361020180241,"oof","platt","xgboost",TRUE
"pc3","classif.xgboost.tuned_calib.tunefirst.oof_platt",0.0539467363371242,"oof","platt","xgboost",TRUE
"pc3","classif.xgboost.tuned_calib.tunefirst.oof_platt",0.0636043953881775,"oof","platt","xgboost",TRUE
"pc3","classif.xgboost.tuned_calib.tunefirst.oof_platt",0.0723229032673926,"oof","platt","xgboost",TRUE
"pc3","classif.xgboost.tuned_calib.tunefirst.oof_platt",0.0736674866526604,"oof","platt","xgboost",TRUE
"pc3","classif.xgboost.tuned_calib.tunefirst.oof_beta",0.0730287847602397,"oof","beta","xgboost",TRUE
"pc3","classif.xgboost.tuned_calib.tunefirst.oof_beta",0.0612557312944806,"oof","beta","xgboost",TRUE
"pc3","classif.xgboost.tuned_calib.tunefirst.oof_beta",0.047484768413385,"oof","beta","xgboost",TRUE
"pc3","classif.xgboost.tuned_calib.tunefirst.oof_beta",0.0770009546743158,"oof","beta","xgboost",TRUE
"pc3","classif.xgboost.tuned_calib.tunefirst.oof_beta",0.0485838822361613,"oof","beta","xgboost",TRUE
"pc3","classif.xgboost.tuned_calib.tunefirst.oof_beta",0.0454036272516071,"oof","beta","xgboost",TRUE
"pc3","classif.xgboost.tuned_calib.tunefirst.oof_beta",0.0416700282957058,"oof","beta","xgboost",TRUE
"pc3","classif.xgboost.tuned_calib.tunefirst.oof_beta",0.0445636785154643,"oof","beta","xgboost",TRUE
"pc3","classif.xgboost.tuned_calib.tunefirst.oof_beta",0.0396593270056416,"oof","beta","xgboost",TRUE
"pc3","classif.xgboost.tuned_calib.tunefirst.oof_beta",0.0611306610042296,"oof","beta","xgboost",TRUE
"pc3","classif.xgboost.tuned_calib.tunefirst.oof_isotonic",0.0473595695910488,"oof","isotonic","xgboost",TRUE
"pc3","classif.xgboost.tuned_calib.tunefirst.oof_isotonic",0.0666331340800217,"oof","isotonic","xgboost",TRUE
"pc3","classif.xgboost.tuned_calib.tunefirst.oof_isotonic",0.0720568079660291,"oof","isotonic","xgboost",TRUE
"pc3","classif.xgboost.tuned_calib.tunefirst.oof_isotonic",0.049731301808046,"oof","isotonic","xgboost",TRUE
"pc3","classif.xgboost.tuned_calib.tunefirst.oof_isotonic",0.0447785755983351,"oof","isotonic","xgboost",TRUE
"pc3","classif.xgboost.tuned_calib.tunefirst.oof_isotonic",0.0648818236564954,"oof","isotonic","xgboost",TRUE
"pc3","classif.xgboost.tuned_calib.tunefirst.oof_isotonic",0.0819013925894585,"oof","isotonic","xgboost",TRUE
"pc3","classif.xgboost.tuned_calib.tunefirst.oof_isotonic",0.0548945249039174,"oof","isotonic","xgboost",TRUE
"pc3","classif.xgboost.tuned_calib.tunefirst.oof_isotonic",0.0447812771399552,"oof","isotonic","xgboost",TRUE
"pc3","classif.xgboost.tuned_calib.tunefirst.oof_isotonic",0.0670473708257957,"oof","isotonic","xgboost",TRUE
"pc3","classif.xgboost.tuned_calib.tunefirst.perfold_platt",0.08573381549868,"perfold","platt","xgboost",TRUE
"pc3","classif.xgboost.tuned_calib.tunefirst.perfold_platt",0.0871919616097582,"perfold","platt","xgboost",TRUE
"pc3","classif.xgboost.tuned_calib.tunefirst.perfold_platt",0.061559564698147,"perfold","platt","xgboost",TRUE
"pc3","classif.xgboost.tuned_calib.tunefirst.perfold_platt",0.079005240995823,"perfold","platt","xgboost",TRUE
"pc3","classif.xgboost.tuned_calib.tunefirst.perfold_platt",0.0719598281036726,"perfold","platt","xgboost",TRUE
"pc3","classif.xgboost.tuned_calib.tunefirst.perfold_platt",0.0549075336766769,"perfold","platt","xgboost",TRUE
"pc3","classif.xgboost.tuned_calib.tunefirst.perfold_platt",0.0385608072705791,"perfold","platt","xgboost",TRUE
"pc3","classif.xgboost.tuned_calib.tunefirst.perfold_platt",0.078235705996385,"perfold","platt","xgboost",TRUE
"pc3","classif.xgboost.tuned_calib.tunefirst.perfold_platt",0.0593663300721123,"perfold","platt","xgboost",TRUE
"pc3","classif.xgboost.tuned_calib.tunefirst.perfold_platt",0.0775515690836189,"perfold","platt","xgboost",TRUE
"pc3","classif.xgboost.tuned_calib.tunefirst.perfold_beta",0.0586571909851974,"perfold","beta","xgboost",TRUE
"pc3","classif.xgboost.tuned_calib.tunefirst.perfold_beta",0.0676572952274861,"perfold","beta","xgboost",TRUE
"pc3","classif.xgboost.tuned_calib.tunefirst.perfold_beta",0.0994653334085461,"perfold","beta","xgboost",TRUE
"pc3","classif.xgboost.tuned_calib.tunefirst.perfold_beta",0.0646088700292215,"perfold","beta","xgboost",TRUE
"pc3","classif.xgboost.tuned_calib.tunefirst.perfold_beta",0.0525826095060197,"perfold","beta","xgboost",TRUE
"pc3","classif.xgboost.tuned_calib.tunefirst.perfold_beta",0.0423420189809592,"perfold","beta","xgboost",TRUE
"pc3","classif.xgboost.tuned_calib.tunefirst.perfold_beta",0.0541817957178229,"perfold","beta","xgboost",TRUE
"pc3","classif.xgboost.tuned_calib.tunefirst.perfold_beta",0.0798421772168398,"perfold","beta","xgboost",TRUE
"pc3","classif.xgboost.tuned_calib.tunefirst.perfold_beta",0.0318202013640773,"perfold","beta","xgboost",TRUE
"pc3","classif.xgboost.tuned_calib.tunefirst.perfold_beta",0.0835906844484692,"perfold","beta","xgboost",TRUE
"pc3","classif.xgboost.tuned_calib.tunefirst.perfold_isotonic",0.0560688465674107,"perfold","isotonic","xgboost",TRUE
"pc3","classif.xgboost.tuned_calib.tunefirst.perfold_isotonic",0.0348309149856559,"perfold","isotonic","xgboost",TRUE
"pc3","classif.xgboost.tuned_calib.tunefirst.perfold_isotonic",0.0264841495884833,"perfold","isotonic","xgboost",TRUE
"pc3","classif.xgboost.tuned_calib.tunefirst.perfold_isotonic",0.0381809354393538,"perfold","isotonic","xgboost",TRUE
"pc3","classif.xgboost.tuned_calib.tunefirst.perfold_isotonic",0.0690560270907761,"perfold","isotonic","xgboost",TRUE
"pc3","classif.xgboost.tuned_calib.tunefirst.perfold_isotonic",0.0492095985546206,"perfold","isotonic","xgboost",TRUE
"pc3","classif.xgboost.tuned_calib.tunefirst.perfold_isotonic",0.0587435277715323,"perfold","isotonic","xgboost",TRUE
"pc3","classif.xgboost.tuned_calib.tunefirst.perfold_isotonic",0.0767203576247475,"perfold","isotonic","xgboost",TRUE
"pc3","classif.xgboost.tuned_calib.tunefirst.perfold_isotonic",0.0519651551654314,"perfold","isotonic","xgboost",TRUE
"pc3","classif.xgboost.tuned_calib.tunefirst.perfold_isotonic",0.0694559533367669,"perfold","isotonic","xgboost",TRUE
"kc1","classif.naive_bayes.tuned",0.159338869474063,"none","none","naive_bayes",FALSE
"kc1","classif.naive_bayes.tuned",0.149373836734956,"none","none","naive_bayes",FALSE
"kc1","classif.naive_bayes.tuned",0.122184807098165,"none","none","naive_bayes",FALSE
"kc1","classif.naive_bayes.tuned",0.123017177430086,"none","none","naive_bayes",FALSE
"kc1","classif.naive_bayes.tuned",0.169372952219694,"none","none","naive_bayes",FALSE
"kc1","classif.naive_bayes.tuned",0.146652888286126,"none","none","naive_bayes",FALSE
"kc1","classif.naive_bayes.tuned",0.16124515698842,"none","none","naive_bayes",FALSE
"kc1","classif.naive_bayes.tuned",0.129573549496987,"none","none","naive_bayes",FALSE
"kc1","classif.naive_bayes.tuned",0.135043249090619,"none","none","naive_bayes",FALSE
"kc1","classif.naive_bayes.tuned",0.174368600345797,"none","none","naive_bayes",FALSE
"kc1","classif.naive_bayes.tuned_calib.oof_platt",0.0897975251173424,"oof","platt","naive_bayes",FALSE
"kc1","classif.naive_bayes.tuned_calib.oof_platt",0.0772263406764099,"oof","platt","naive_bayes",FALSE
"kc1","classif.naive_bayes.tuned_calib.oof_platt",0.0989834699057753,"oof","platt","naive_bayes",FALSE
"kc1","classif.naive_bayes.tuned_calib.oof_platt",0.0987737407297832,"oof","platt","naive_bayes",FALSE
"kc1","classif.naive_bayes.tuned_calib.oof_platt",0.0650971104124388,"oof","platt","naive_bayes",FALSE
"kc1","classif.naive_bayes.tuned_calib.oof_platt",0.0819741347850773,"oof","platt","naive_bayes",FALSE
"kc1","classif.naive_bayes.tuned_calib.oof_platt",0.0578579708564186,"oof","platt","naive_bayes",FALSE
"kc1","classif.naive_bayes.tuned_calib.oof_platt",0.0948328485874665,"oof","platt","naive_bayes",FALSE
"kc1","classif.naive_bayes.tuned_calib.oof_platt",0.0826060653787817,"oof","platt","naive_bayes",FALSE
"kc1","classif.naive_bayes.tuned_calib.oof_platt",0.077899521904335,"oof","platt","naive_bayes",FALSE
"kc1","classif.naive_bayes.tuned_calib.oof_beta",0.0803740139388614,"oof","beta","naive_bayes",FALSE
"kc1","classif.naive_bayes.tuned_calib.oof_beta",0.0516113662521533,"oof","beta","naive_bayes",FALSE
"kc1","classif.naive_bayes.tuned_calib.oof_beta",0.0613217086027575,"oof","beta","naive_bayes",FALSE
"kc1","classif.naive_bayes.tuned_calib.oof_beta",0.0738822073645242,"oof","beta","naive_bayes",FALSE
"kc1","classif.naive_bayes.tuned_calib.oof_beta",0.0611024147429375,"oof","beta","naive_bayes",FALSE
"kc1","classif.naive_bayes.tuned_calib.oof_beta",0.0427343375427013,"oof","beta","naive_bayes",FALSE
"kc1","classif.naive_bayes.tuned_calib.oof_beta",0.0526850662127026,"oof","beta","naive_bayes",FALSE
"kc1","classif.naive_bayes.tuned_calib.oof_beta",0.0979784412782782,"oof","beta","naive_bayes",FALSE
"kc1","classif.naive_bayes.tuned_calib.oof_beta",0.0901522928293467,"oof","beta","naive_bayes",FALSE
"kc1","classif.naive_bayes.tuned_calib.oof_beta",0.0862132385516024,"oof","beta","naive_bayes",FALSE
"kc1","classif.naive_bayes.tuned_calib.oof_isotonic",0.0558724253894963,"oof","isotonic","naive_bayes",FALSE
"kc1","classif.naive_bayes.tuned_calib.oof_isotonic",0.0578089030247429,"oof","isotonic","naive_bayes",FALSE
"kc1","classif.naive_bayes.tuned_calib.oof_isotonic",0.09850692684486,"oof","isotonic","naive_bayes",FALSE
"kc1","classif.naive_bayes.tuned_calib.oof_isotonic",0.103213400242404,"oof","isotonic","naive_bayes",FALSE
"kc1","classif.naive_bayes.tuned_calib.oof_isotonic",0.0757416676814887,"oof","isotonic","naive_bayes",FALSE
"kc1","classif.naive_bayes.tuned_calib.oof_isotonic",0.0437089289789825,"oof","isotonic","naive_bayes",FALSE
"kc1","classif.naive_bayes.tuned_calib.oof_isotonic",0.0890679879456593,"oof","isotonic","naive_bayes",FALSE
"kc1","classif.naive_bayes.tuned_calib.oof_isotonic",0.0724097184053007,"oof","isotonic","naive_bayes",FALSE
"kc1","classif.naive_bayes.tuned_calib.oof_isotonic",0.0549491458792068,"oof","isotonic","naive_bayes",FALSE
"kc1","classif.naive_bayes.tuned_calib.oof_isotonic",0.0629639560063072,"oof","isotonic","naive_bayes",FALSE
"kc1","classif.naive_bayes.tuned_calib.perfold_platt",0.0896448073005993,"perfold","platt","naive_bayes",FALSE
"kc1","classif.naive_bayes.tuned_calib.perfold_platt",0.0753192911701293,"perfold","platt","naive_bayes",FALSE
"kc1","classif.naive_bayes.tuned_calib.perfold_platt",0.0984547537773317,"perfold","platt","naive_bayes",FALSE
"kc1","classif.naive_bayes.tuned_calib.perfold_platt",0.0948806148669044,"perfold","platt","naive_bayes",FALSE
"kc1","classif.naive_bayes.tuned_calib.perfold_platt",0.0580954908423093,"perfold","platt","naive_bayes",FALSE
"kc1","classif.naive_bayes.tuned_calib.perfold_platt",0.0814690758735912,"perfold","platt","naive_bayes",FALSE
"kc1","classif.naive_bayes.tuned_calib.perfold_platt",0.0591074358664721,"perfold","platt","naive_bayes",FALSE
"kc1","classif.naive_bayes.tuned_calib.perfold_platt",0.0948502528769193,"perfold","platt","naive_bayes",FALSE
"kc1","classif.naive_bayes.tuned_calib.perfold_platt",0.0827402425656077,"perfold","platt","naive_bayes",FALSE
"kc1","classif.naive_bayes.tuned_calib.perfold_platt",0.0765175362591068,"perfold","platt","naive_bayes",FALSE
"kc1","classif.naive_bayes.tuned_calib.perfold_beta",0.0838871080170946,"perfold","beta","naive_bayes",FALSE
"kc1","classif.naive_bayes.tuned_calib.perfold_beta",0.048635668999446,"perfold","beta","naive_bayes",FALSE
"kc1","classif.naive_bayes.tuned_calib.perfold_beta",0.0584648415388488,"perfold","beta","naive_bayes",FALSE
"kc1","classif.naive_bayes.tuned_calib.perfold_beta",0.0694722114886226,"perfold","beta","naive_bayes",FALSE
"kc1","classif.naive_bayes.tuned_calib.perfold_beta",0.0597225024756727,"perfold","beta","naive_bayes",FALSE
"kc1","classif.naive_bayes.tuned_calib.perfold_beta",0.0353516746769095,"perfold","beta","naive_bayes",FALSE
"kc1","classif.naive_bayes.tuned_calib.perfold_beta",0.055149372669484,"perfold","beta","naive_bayes",FALSE
"kc1","classif.naive_bayes.tuned_calib.perfold_beta",0.0624088803900112,"perfold","beta","naive_bayes",FALSE
"kc1","classif.naive_bayes.tuned_calib.perfold_beta",0.0639917098543878,"perfold","beta","naive_bayes",FALSE
"kc1","classif.naive_bayes.tuned_calib.perfold_beta",0.0740547814399674,"perfold","beta","naive_bayes",FALSE
"kc1","classif.naive_bayes.tuned_calib.perfold_isotonic",0.0656725292547312,"perfold","isotonic","naive_bayes",FALSE
"kc1","classif.naive_bayes.tuned_calib.perfold_isotonic",0.0491848958209877,"perfold","isotonic","naive_bayes",FALSE
"kc1","classif.naive_bayes.tuned_calib.perfold_isotonic",0.0669460717310365,"perfold","isotonic","naive_bayes",FALSE
"kc1","classif.naive_bayes.tuned_calib.perfold_isotonic",0.0568440928188983,"perfold","isotonic","naive_bayes",FALSE
"kc1","classif.naive_bayes.tuned_calib.perfold_isotonic",0.0486120101673194,"perfold","isotonic","naive_bayes",FALSE
"kc1","classif.naive_bayes.tuned_calib.perfold_isotonic",0.0478695131702612,"perfold","isotonic","naive_bayes",FALSE
"kc1","classif.naive_bayes.tuned_calib.perfold_isotonic",0.0520725977030663,"perfold","isotonic","naive_bayes",FALSE
"kc1","classif.naive_bayes.tuned_calib.perfold_isotonic",0.0305346915039491,"perfold","isotonic","naive_bayes",FALSE
"kc1","classif.naive_bayes.tuned_calib.perfold_isotonic",0.0669378476193394,"perfold","isotonic","naive_bayes",FALSE
"kc1","classif.naive_bayes.tuned_calib.perfold_isotonic",0.0531937590548698,"perfold","isotonic","naive_bayes",FALSE
"kc1","classif.naive_bayes.tuned_calib.tunefirst.oof_platt",0.0876792002733282,"oof","platt","naive_bayes",TRUE
"kc1","classif.naive_bayes.tuned_calib.tunefirst.oof_platt",0.0750269261315304,"oof","platt","naive_bayes",TRUE
"kc1","classif.naive_bayes.tuned_calib.tunefirst.oof_platt",0.0991289504914756,"oof","platt","naive_bayes",TRUE
"kc1","classif.naive_bayes.tuned_calib.tunefirst.oof_platt",0.0978972008411319,"oof","platt","naive_bayes",TRUE
"kc1","classif.naive_bayes.tuned_calib.tunefirst.oof_platt",0.0586288010431415,"oof","platt","naive_bayes",TRUE
"kc1","classif.naive_bayes.tuned_calib.tunefirst.oof_platt",0.08201478185782,"oof","platt","naive_bayes",TRUE
"kc1","classif.naive_bayes.tuned_calib.tunefirst.oof_platt",0.057322460504234,"oof","platt","naive_bayes",TRUE
"kc1","classif.naive_bayes.tuned_calib.tunefirst.oof_platt",0.0849858904094801,"oof","platt","naive_bayes",TRUE
"kc1","classif.naive_bayes.tuned_calib.tunefirst.oof_platt",0.0824292444409923,"oof","platt","naive_bayes",TRUE
"kc1","classif.naive_bayes.tuned_calib.tunefirst.oof_platt",0.0868632968142358,"oof","platt","naive_bayes",TRUE
"kc1","classif.naive_bayes.tuned_calib.tunefirst.oof_beta",0.0809499783547397,"oof","beta","naive_bayes",TRUE
"kc1","classif.naive_bayes.tuned_calib.tunefirst.oof_beta",0.0748263106394127,"oof","beta","naive_bayes",TRUE
"kc1","classif.naive_bayes.tuned_calib.tunefirst.oof_beta",0.0626263613047161,"oof","beta","naive_bayes",TRUE
"kc1","classif.naive_bayes.tuned_calib.tunefirst.oof_beta",0.0730569573853007,"oof","beta","naive_bayes",TRUE
"kc1","classif.naive_bayes.tuned_calib.tunefirst.oof_beta",0.0537374584332096,"oof","beta","naive_bayes",TRUE
"kc1","classif.naive_bayes.tuned_calib.tunefirst.oof_beta",0.0430068336931868,"oof","beta","naive_bayes",TRUE
"kc1","classif.naive_bayes.tuned_calib.tunefirst.oof_beta",0.046838504855182,"oof","beta","naive_bayes",TRUE
"kc1","classif.naive_bayes.tuned_calib.tunefirst.oof_beta",0.0874337355367668,"oof","beta","naive_bayes",TRUE
"kc1","classif.naive_bayes.tuned_calib.tunefirst.oof_beta",0.0817676119523501,"oof","beta","naive_bayes",TRUE
"kc1","classif.naive_bayes.tuned_calib.tunefirst.oof_beta",0.0844060678720404,"oof","beta","naive_bayes",TRUE
"kc1","classif.naive_bayes.tuned_calib.tunefirst.oof_isotonic",0.0669293379830748,"oof","isotonic","naive_bayes",TRUE
"kc1","classif.naive_bayes.tuned_calib.tunefirst.oof_isotonic",0.0571477300383125,"oof","isotonic","naive_bayes",TRUE
"kc1","classif.naive_bayes.tuned_calib.tunefirst.oof_isotonic",0.0741688303880721,"oof","isotonic","naive_bayes",TRUE
"kc1","classif.naive_bayes.tuned_calib.tunefirst.oof_isotonic",0.0742877084977381,"oof","isotonic","naive_bayes",TRUE
"kc1","classif.naive_bayes.tuned_calib.tunefirst.oof_isotonic",0.0593619378710284,"oof","isotonic","naive_bayes",TRUE
"kc1","classif.naive_bayes.tuned_calib.tunefirst.oof_isotonic",0.074443869248657,"oof","isotonic","naive_bayes",TRUE
"kc1","classif.naive_bayes.tuned_calib.tunefirst.oof_isotonic",0.0783108060344346,"oof","isotonic","naive_bayes",TRUE
"kc1","classif.naive_bayes.tuned_calib.tunefirst.oof_isotonic",0.0644745346767974,"oof","isotonic","naive_bayes",TRUE
"kc1","classif.naive_bayes.tuned_calib.tunefirst.oof_isotonic",0.0487450074307585,"oof","isotonic","naive_bayes",TRUE
"kc1","classif.naive_bayes.tuned_calib.tunefirst.oof_isotonic",0.105927924724571,"oof","isotonic","naive_bayes",TRUE
"kc1","classif.naive_bayes.tuned_calib.tunefirst.perfold_platt",0.0895440036699108,"perfold","platt","naive_bayes",TRUE
"kc1","classif.naive_bayes.tuned_calib.tunefirst.perfold_platt",0.0731305005351995,"perfold","platt","naive_bayes",TRUE
"kc1","classif.naive_bayes.tuned_calib.tunefirst.perfold_platt",0.0989913890641373,"perfold","platt","naive_bayes",TRUE
"kc1","classif.naive_bayes.tuned_calib.tunefirst.perfold_platt",0.095785099820587,"perfold","platt","naive_bayes",TRUE
"kc1","classif.naive_bayes.tuned_calib.tunefirst.perfold_platt",0.057823713882686,"perfold","platt","naive_bayes",TRUE
"kc1","classif.naive_bayes.tuned_calib.tunefirst.perfold_platt",0.0817034802419255,"perfold","platt","naive_bayes",TRUE
"kc1","classif.naive_bayes.tuned_calib.tunefirst.perfold_platt",0.0592307763851727,"perfold","platt","naive_bayes",TRUE
"kc1","classif.naive_bayes.tuned_calib.tunefirst.perfold_platt",0.0863167445061222,"perfold","platt","naive_bayes",TRUE
"kc1","classif.naive_bayes.tuned_calib.tunefirst.perfold_platt",0.0835743123642688,"perfold","platt","naive_bayes",TRUE
"kc1","classif.naive_bayes.tuned_calib.tunefirst.perfold_platt",0.0767648692382154,"perfold","platt","naive_bayes",TRUE
"kc1","classif.naive_bayes.tuned_calib.tunefirst.perfold_beta",0.0825622923105602,"perfold","beta","naive_bayes",TRUE
"kc1","classif.naive_bayes.tuned_calib.tunefirst.perfold_beta",0.0436804789406949,"perfold","beta","naive_bayes",TRUE
"kc1","classif.naive_bayes.tuned_calib.tunefirst.perfold_beta",0.0560575423164959,"perfold","beta","naive_bayes",TRUE
"kc1","classif.naive_bayes.tuned_calib.tunefirst.perfold_beta",0.0681634886977234,"perfold","beta","naive_bayes",TRUE
"kc1","classif.naive_bayes.tuned_calib.tunefirst.perfold_beta",0.0562964589625857,"perfold","beta","naive_bayes",TRUE
"kc1","classif.naive_bayes.tuned_calib.tunefirst.perfold_beta",0.0345110170824142,"perfold","beta","naive_bayes",TRUE
"kc1","classif.naive_bayes.tuned_calib.tunefirst.perfold_beta",0.0537580833771536,"perfold","beta","naive_bayes",TRUE
"kc1","classif.naive_bayes.tuned_calib.tunefirst.perfold_beta",0.0506005638564931,"perfold","beta","naive_bayes",TRUE
"kc1","classif.naive_bayes.tuned_calib.tunefirst.perfold_beta",0.0529756273545062,"perfold","beta","naive_bayes",TRUE
"kc1","classif.naive_bayes.tuned_calib.tunefirst.perfold_beta",0.0744817471441779,"perfold","beta","naive_bayes",TRUE
"kc1","classif.naive_bayes.tuned_calib.tunefirst.perfold_isotonic",0.0690374240396237,"perfold","isotonic","naive_bayes",TRUE
"kc1","classif.naive_bayes.tuned_calib.tunefirst.perfold_isotonic",0.0754600999691621,"perfold","isotonic","naive_bayes",TRUE
"kc1","classif.naive_bayes.tuned_calib.tunefirst.perfold_isotonic",0.0966413489258596,"perfold","isotonic","naive_bayes",TRUE
"kc1","classif.naive_bayes.tuned_calib.tunefirst.perfold_isotonic",0.0697523608039096,"perfold","isotonic","naive_bayes",TRUE
"kc1","classif.naive_bayes.tuned_calib.tunefirst.perfold_isotonic",0.0578111031164243,"perfold","isotonic","naive_bayes",TRUE
"kc1","classif.naive_bayes.tuned_calib.tunefirst.perfold_isotonic",0.0450406653636008,"perfold","isotonic","naive_bayes",TRUE
"kc1","classif.naive_bayes.tuned_calib.tunefirst.perfold_isotonic",0.0463108702047468,"perfold","isotonic","naive_bayes",TRUE
"kc1","classif.naive_bayes.tuned_calib.tunefirst.perfold_isotonic",0.0392953543302311,"perfold","isotonic","naive_bayes",TRUE
"kc1","classif.naive_bayes.tuned_calib.tunefirst.perfold_isotonic",0.0497407516572627,"perfold","isotonic","naive_bayes",TRUE
"kc1","classif.naive_bayes.tuned_calib.tunefirst.perfold_isotonic",0.0401333460738158,"perfold","isotonic","naive_bayes",TRUE
"kc1","classif.ranger.tuned",0.0327481017814346,"none","none","ranger",FALSE
"kc1","classif.ranger.tuned",0.056268054485099,"none","none","ranger",FALSE
"kc1","classif.ranger.tuned",0.0463128085346914,"none","none","ranger",FALSE
"kc1","classif.ranger.tuned",0.0335483241641218,"none","none","ranger",FALSE
"kc1","classif.ranger.tuned",0.0550794195954814,"none","none","ranger",FALSE
"kc1","classif.ranger.tuned",0.0399689154746192,"none","none","ranger",FALSE
"kc1","classif.ranger.tuned",0.0750306038445464,"none","none","ranger",FALSE
"kc1","classif.ranger.tuned",0.0584793749159199,"none","none","ranger",FALSE
"kc1","classif.ranger.tuned",0.0337757229298292,"none","none","ranger",FALSE
"kc1","classif.ranger.tuned",0.053359491371464,"none","none","ranger",FALSE
"kc1","classif.ranger.tuned_calib.oof_platt",0.0442080983998076,"oof","platt","ranger",FALSE
"kc1","classif.ranger.tuned_calib.oof_platt",0.0623001932547625,"oof","platt","ranger",FALSE
"kc1","classif.ranger.tuned_calib.oof_platt",0.0782377450051535,"oof","platt","ranger",FALSE
"kc1","classif.ranger.tuned_calib.oof_platt",0.040385175948186,"oof","platt","ranger",FALSE
"kc1","classif.ranger.tuned_calib.oof_platt",0.0498758996371129,"oof","platt","ranger",FALSE
"kc1","classif.ranger.tuned_calib.oof_platt",0.0671187236396522,"oof","platt","ranger",FALSE
"kc1","classif.ranger.tuned_calib.oof_platt",0.0703841284726451,"oof","platt","ranger",FALSE
"kc1","classif.ranger.tuned_calib.oof_platt",0.0379314821235273,"oof","platt","ranger",FALSE
"kc1","classif.ranger.tuned_calib.oof_platt",0.0398034709243388,"oof","platt","ranger",FALSE
"kc1","classif.ranger.tuned_calib.oof_platt",0.0656878166332037,"oof","platt","ranger",FALSE
"kc1","classif.ranger.tuned_calib.oof_beta",0.0490978180742274,"oof","beta","ranger",FALSE
"kc1","classif.ranger.tuned_calib.oof_beta",0.0578727991003107,"oof","beta","ranger",FALSE
"kc1","classif.ranger.tuned_calib.oof_beta",0.066612063808393,"oof","beta","ranger",FALSE
"kc1","classif.ranger.tuned_calib.oof_beta",0.0499551702299173,"oof","beta","ranger",FALSE
"kc1","classif.ranger.tuned_calib.oof_beta",0.0286303613366297,"oof","beta","ranger",FALSE
"kc1","classif.ranger.tuned_calib.oof_beta",0.0317744051316334,"oof","beta","ranger",FALSE
"kc1","classif.ranger.tuned_calib.oof_beta",0.0837910141044709,"oof","beta","ranger",FALSE
"kc1","classif.ranger.tuned_calib.oof_beta",0.0549873494067553,"oof","beta","ranger",FALSE
"kc1","classif.ranger.tuned_calib.oof_beta",0.0460900072784475,"oof","beta","ranger",FALSE
"kc1","classif.ranger.tuned_calib.oof_beta",0.052389704324806,"oof","beta","ranger",FALSE
"kc1","classif.ranger.tuned_calib.oof_isotonic",0.0702995454759723,"oof","isotonic","ranger",FALSE
"kc1","classif.ranger.tuned_calib.oof_isotonic",0.0587782950299192,"oof","isotonic","ranger",FALSE
"kc1","classif.ranger.tuned_calib.oof_isotonic",0.0718207809515011,"oof","isotonic","ranger",FALSE
"kc1","classif.ranger.tuned_calib.oof_isotonic",0.0521045558168264,"oof","isotonic","ranger",FALSE
"kc1","classif.ranger.tuned_calib.oof_isotonic",0.0540249886722417,"oof","isotonic","ranger",FALSE
"kc1","classif.ranger.tuned_calib.oof_isotonic",0.0805670848682223,"oof","isotonic","ranger",FALSE
"kc1","classif.ranger.tuned_calib.oof_isotonic",0.0567916032240124,"oof","isotonic","ranger",FALSE
"kc1","classif.ranger.tuned_calib.oof_isotonic",0.0383792158289698,"oof","isotonic","ranger",FALSE
"kc1","classif.ranger.tuned_calib.oof_isotonic",0.094100290269241,"oof","isotonic","ranger",FALSE
"kc1","classif.ranger.tuned_calib.oof_isotonic",0.0634757966925988,"oof","isotonic","ranger",FALSE
"kc1","classif.ranger.tuned_calib.perfold_platt",0.0515606496020486,"perfold","platt","ranger",FALSE
"kc1","classif.ranger.tuned_calib.perfold_platt",0.0561844859182632,"perfold","platt","ranger",FALSE
"kc1","classif.ranger.tuned_calib.perfold_platt",0.0777934368871769,"perfold","platt","ranger",FALSE
"kc1","classif.ranger.tuned_calib.perfold_platt",0.0468214470373556,"perfold","platt","ranger",FALSE
"kc1","classif.ranger.tuned_calib.perfold_platt",0.0292755671189597,"perfold","platt","ranger",FALSE
"kc1","classif.ranger.tuned_calib.perfold_platt",0.0662191033891725,"perfold","platt","ranger",FALSE
"kc1","classif.ranger.tuned_calib.perfold_platt",0.0677584961074666,"perfold","platt","ranger",FALSE
"kc1","classif.ranger.tuned_calib.perfold_platt",0.0439116006422282,"perfold","platt","ranger",FALSE
"kc1","classif.ranger.tuned_calib.perfold_platt",0.039093980728284,"perfold","platt","ranger",FALSE
"kc1","classif.ranger.tuned_calib.perfold_platt",0.0641260558701206,"perfold","platt","ranger",FALSE
"kc1","classif.ranger.tuned_calib.perfold_beta",0.0436275692951444,"perfold","beta","ranger",FALSE
"kc1","classif.ranger.tuned_calib.perfold_beta",0.0793061311190761,"perfold","beta","ranger",FALSE
"kc1","classif.ranger.tuned_calib.perfold_beta",0.0841794560485539,"perfold","beta","ranger",FALSE
"kc1","classif.ranger.tuned_calib.perfold_beta",0.0485079932731521,"perfold","beta","ranger",FALSE
"kc1","classif.ranger.tuned_calib.perfold_beta",0.0392228767027354,"perfold","beta","ranger",FALSE
"kc1","classif.ranger.tuned_calib.perfold_beta",0.0325310973071759,"perfold","beta","ranger",FALSE
"kc1","classif.ranger.tuned_calib.perfold_beta",0.075492522835434,"perfold","beta","ranger",FALSE
"kc1","classif.ranger.tuned_calib.perfold_beta",0.0331069410140532,"perfold","beta","ranger",FALSE
"kc1","classif.ranger.tuned_calib.perfold_beta",0.0543706063712586,"perfold","beta","ranger",FALSE
"kc1","classif.ranger.tuned_calib.perfold_beta",0.051412230400061,"perfold","beta","ranger",FALSE
"kc1","classif.ranger.tuned_calib.perfold_isotonic",0.0401633663014837,"perfold","isotonic","ranger",FALSE
"kc1","classif.ranger.tuned_calib.perfold_isotonic",0.0395300538935422,"perfold","isotonic","ranger",FALSE
"kc1","classif.ranger.tuned_calib.perfold_isotonic",0.0639816030720791,"perfold","isotonic","ranger",FALSE
"kc1","classif.ranger.tuned_calib.perfold_isotonic",0.0451007083515098,"perfold","isotonic","ranger",FALSE
"kc1","classif.ranger.tuned_calib.perfold_isotonic",0.0416847838870953,"perfold","isotonic","ranger",FALSE
"kc1","classif.ranger.tuned_calib.perfold_isotonic",0.0584169820956477,"perfold","isotonic","ranger",FALSE
"kc1","classif.ranger.tuned_calib.perfold_isotonic",0.084457438525989,"perfold","isotonic","ranger",FALSE
"kc1","classif.ranger.tuned_calib.perfold_isotonic",0.0463511003261967,"perfold","isotonic","ranger",FALSE
"kc1","classif.ranger.tuned_calib.perfold_isotonic",0.0423676321903901,"perfold","isotonic","ranger",FALSE
"kc1","classif.ranger.tuned_calib.perfold_isotonic",0.0600231788876249,"perfold","isotonic","ranger",FALSE
"kc1","classif.ranger.tuned_calib.tunefirst.oof_platt",0.0440496263522615,"oof","platt","ranger",TRUE
"kc1","classif.ranger.tuned_calib.tunefirst.oof_platt",0.068751960895524,"oof","platt","ranger",TRUE
"kc1","classif.ranger.tuned_calib.tunefirst.oof_platt",0.0781340836663112,"oof","platt","ranger",TRUE
"kc1","classif.ranger.tuned_calib.tunefirst.oof_platt",0.0478966916411427,"oof","platt","ranger",TRUE
"kc1","classif.ranger.tuned_calib.tunefirst.oof_platt",0.0382405059959116,"oof","platt","ranger",TRUE
"kc1","classif.ranger.tuned_calib.tunefirst.oof_platt",0.0659737322736223,"oof","platt","ranger",TRUE
"kc1","classif.ranger.tuned_calib.tunefirst.oof_platt",0.0706601059066917,"oof","platt","ranger",TRUE
"kc1","classif.ranger.tuned_calib.tunefirst.oof_platt",0.0645694694685533,"oof","platt","ranger",TRUE
"kc1","classif.ranger.tuned_calib.tunefirst.oof_platt",0.041246257530069,"oof","platt","ranger",TRUE
"kc1","classif.ranger.tuned_calib.tunefirst.oof_platt",0.0664863579842452,"oof","platt","ranger",TRUE
"kc1","classif.ranger.tuned_calib.tunefirst.oof_beta",0.0366210359892221,"oof","beta","ranger",TRUE
"kc1","classif.ranger.tuned_calib.tunefirst.oof_beta",0.0652677381841785,"oof","beta","ranger",TRUE
"kc1","classif.ranger.tuned_calib.tunefirst.oof_beta",0.0534970623281933,"oof","beta","ranger",TRUE
"kc1","classif.ranger.tuned_calib.tunefirst.oof_beta",0.0458435847331377,"oof","beta","ranger",TRUE
"kc1","classif.ranger.tuned_calib.tunefirst.oof_beta",0.0373006712040163,"oof","beta","ranger",TRUE
"kc1","classif.ranger.tuned_calib.tunefirst.oof_beta",0.0404596134621982,"oof","beta","ranger",TRUE
"kc1","classif.ranger.tuned_calib.tunefirst.oof_beta",0.0761573081789421,"oof","beta","ranger",TRUE
"kc1","classif.ranger.tuned_calib.tunefirst.oof_beta",0.0488226412323623,"oof","beta","ranger",TRUE
"kc1","classif.ranger.tuned_calib.tunefirst.oof_beta",0.0506670981812979,"oof","beta","ranger",TRUE
"kc1","classif.ranger.tuned_calib.tunefirst.oof_beta",0.0522837520763937,"oof","beta","ranger",TRUE
"kc1","classif.ranger.tuned_calib.tunefirst.oof_isotonic",0.0486895347845594,"oof","isotonic","ranger",TRUE
"kc1","classif.ranger.tuned_calib.tunefirst.oof_isotonic",0.102312111493847,"oof","isotonic","ranger",TRUE
"kc1","classif.ranger.tuned_calib.tunefirst.oof_isotonic",0.11338839646034,"oof","isotonic","ranger",TRUE
"kc1","classif.ranger.tuned_calib.tunefirst.oof_isotonic",0.0418274402128381,"oof","isotonic","ranger",TRUE
"kc1","classif.ranger.tuned_calib.tunefirst.oof_isotonic",0.0876915533903565,"oof","isotonic","ranger",TRUE
"kc1","classif.ranger.tuned_calib.tunefirst.oof_isotonic",0.063634149676832,"oof","isotonic","ranger",TRUE
"kc1","classif.ranger.tuned_calib.tunefirst.oof_isotonic",0.0726290939626933,"oof","isotonic","ranger",TRUE
"kc1","classif.ranger.tuned_calib.tunefirst.oof_isotonic",0.0504901939494582,"oof","isotonic","ranger",TRUE
"kc1","classif.ranger.tuned_calib.tunefirst.oof_isotonic",0.0634478564588624,"oof","isotonic","ranger",TRUE
"kc1","classif.ranger.tuned_calib.tunefirst.oof_isotonic",0.0678326829074309,"oof","isotonic","ranger",TRUE
"kc1","classif.ranger.tuned_calib.tunefirst.perfold_platt",0.0383995755139996,"perfold","platt","ranger",TRUE
"kc1","classif.ranger.tuned_calib.tunefirst.perfold_platt",0.0411550758431552,"perfold","platt","ranger",TRUE
"kc1","classif.ranger.tuned_calib.tunefirst.perfold_platt",0.075620002165683,"perfold","platt","ranger",TRUE
"kc1","classif.ranger.tuned_calib.tunefirst.perfold_platt",0.0428769669901838,"perfold","platt","ranger",TRUE
"kc1","classif.ranger.tuned_calib.tunefirst.perfold_platt",0.0435155865632481,"perfold","platt","ranger",TRUE
"kc1","classif.ranger.tuned_calib.tunefirst.perfold_platt",0.0578596601552311,"perfold","platt","ranger",TRUE
"kc1","classif.ranger.tuned_calib.tunefirst.perfold_platt",0.0794656586523527,"perfold","platt","ranger",TRUE
"kc1","classif.ranger.tuned_calib.tunefirst.perfold_platt",0.0666531443468029,"perfold","platt","ranger",TRUE
"kc1","classif.ranger.tuned_calib.tunefirst.perfold_platt",0.0516126063452449,"perfold","platt","ranger",TRUE
"kc1","classif.ranger.tuned_calib.tunefirst.perfold_platt",0.0574372253676802,"perfold","platt","ranger",TRUE
"kc1","classif.ranger.tuned_calib.tunefirst.perfold_beta",0.0467552938044617,"perfold","beta","ranger",TRUE
"kc1","classif.ranger.tuned_calib.tunefirst.perfold_beta",0.0613086599010657,"perfold","beta","ranger",TRUE
"kc1","classif.ranger.tuned_calib.tunefirst.perfold_beta",0.0598014749442956,"perfold","beta","ranger",TRUE
"kc1","classif.ranger.tuned_calib.tunefirst.perfold_beta",0.0426696205925053,"perfold","beta","ranger",TRUE
"kc1","classif.ranger.tuned_calib.tunefirst.perfold_beta",0.040834777785059,"perfold","beta","ranger",TRUE
"kc1","classif.ranger.tuned_calib.tunefirst.perfold_beta",0.0599956544865047,"perfold","beta","ranger",TRUE
"kc1","classif.ranger.tuned_calib.tunefirst.perfold_beta",0.0842141368312163,"perfold","beta","ranger",TRUE
"kc1","classif.ranger.tuned_calib.tunefirst.perfold_beta",0.0368489855465661,"perfold","beta","ranger",TRUE
"kc1","classif.ranger.tuned_calib.tunefirst.perfold_beta",0.0492128866963306,"perfold","beta","ranger",TRUE
"kc1","classif.ranger.tuned_calib.tunefirst.perfold_beta",0.0489831326870694,"perfold","beta","ranger",TRUE
"kc1","classif.ranger.tuned_calib.tunefirst.perfold_isotonic",0.0398340019335267,"perfold","isotonic","ranger",TRUE
"kc1","classif.ranger.tuned_calib.tunefirst.perfold_isotonic",0.0464038613285699,"perfold","isotonic","ranger",TRUE
"kc1","classif.ranger.tuned_calib.tunefirst.perfold_isotonic",0.042220462323988,"perfold","isotonic","ranger",TRUE
"kc1","classif.ranger.tuned_calib.tunefirst.perfold_isotonic",0.0427091480022794,"perfold","isotonic","ranger",TRUE
"kc1","classif.ranger.tuned_calib.tunefirst.perfold_isotonic",0.0401830078358323,"perfold","isotonic","ranger",TRUE
"kc1","classif.ranger.tuned_calib.tunefirst.perfold_isotonic",0.0466865608833324,"perfold","isotonic","ranger",TRUE
"kc1","classif.ranger.tuned_calib.tunefirst.perfold_isotonic",0.0639187406006516,"perfold","isotonic","ranger",TRUE
"kc1","classif.ranger.tuned_calib.tunefirst.perfold_isotonic",0.0522647003691939,"perfold","isotonic","ranger",TRUE
"kc1","classif.ranger.tuned_calib.tunefirst.perfold_isotonic",0.0290128796511015,"perfold","isotonic","ranger",TRUE
"kc1","classif.ranger.tuned_calib.tunefirst.perfold_isotonic",0.0516216239282149,"perfold","isotonic","ranger",TRUE
"kc1","classif.xgboost.tuned",0.0637813473905997,"none","none","xgboost",FALSE
"kc1","classif.xgboost.tuned",0.0262953861841658,"none","none","xgboost",FALSE
"kc1","classif.xgboost.tuned",0.0423558196538432,"none","none","xgboost",FALSE
"kc1","classif.xgboost.tuned",0.0273039069785891,"none","none","xgboost",FALSE
"kc1","classif.xgboost.tuned",0.124533093545445,"none","none","xgboost",FALSE
"kc1","classif.xgboost.tuned",0.0523999682958657,"none","none","xgboost",FALSE
"kc1","classif.xgboost.tuned",0.0325983620791639,"none","none","xgboost",FALSE
"kc1","classif.xgboost.tuned",0.0395129625089643,"none","none","xgboost",FALSE
"kc1","classif.xgboost.tuned",0.0271685937710848,"none","none","xgboost",FALSE
"kc1","classif.xgboost.tuned",0.0590831981395327,"none","none","xgboost",FALSE
"kc1","classif.xgboost.tuned_calib.oof_platt",0.0588095869525712,"oof","platt","xgboost",FALSE
"kc1","classif.xgboost.tuned_calib.oof_platt",0.0477705650067252,"oof","platt","xgboost",FALSE
"kc1","classif.xgboost.tuned_calib.oof_platt",0.0641553299204707,"oof","platt","xgboost",FALSE
"kc1","classif.xgboost.tuned_calib.oof_platt",0.0594745926264021,"oof","platt","xgboost",FALSE
"kc1","classif.xgboost.tuned_calib.oof_platt",0.0752608485778181,"oof","platt","xgboost",FALSE
"kc1","classif.xgboost.tuned_calib.oof_platt",0.0575972198015143,"oof","platt","xgboost",FALSE
"kc1","classif.xgboost.tuned_calib.oof_platt",0.0583106570564972,"oof","platt","xgboost",FALSE
"kc1","classif.xgboost.tuned_calib.oof_platt",0.0476380737702269,"oof","platt","xgboost",FALSE
"kc1","classif.xgboost.tuned_calib.oof_platt",0.0668693764631204,"oof","platt","xgboost",FALSE
"kc1","classif.xgboost.tuned_calib.oof_platt",0.0443837542166535,"oof","platt","xgboost",FALSE
"kc1","classif.xgboost.tuned_calib.oof_beta",0.0567480832972348,"oof","beta","xgboost",FALSE
"kc1","classif.xgboost.tuned_calib.oof_beta",0.0492219894085971,"oof","beta","xgboost",FALSE
"kc1","classif.xgboost.tuned_calib.oof_beta",0.0342552693641465,"oof","beta","xgboost",FALSE
"kc1","classif.xgboost.tuned_calib.oof_beta",0.0440124578179779,"oof","beta","xgboost",FALSE
"kc1","classif.xgboost.tuned_calib.oof_beta",0.0598316246901703,"oof","beta","xgboost",FALSE
"kc1","classif.xgboost.tuned_calib.oof_beta",0.058187027033231,"oof","beta","xgboost",FALSE
"kc1","classif.xgboost.tuned_calib.oof_beta",0.0771757775457965,"oof","beta","xgboost",FALSE
"kc1","classif.xgboost.tuned_calib.oof_beta",0.0397662651507057,"oof","beta","xgboost",FALSE
"kc1","classif.xgboost.tuned_calib.oof_beta",0.0520871985123275,"oof","beta","xgboost",FALSE
"kc1","classif.xgboost.tuned_calib.oof_beta",0.0361008599924835,"oof","beta","xgboost",FALSE
"kc1","classif.xgboost.tuned_calib.oof_isotonic",0.0519979777750359,"oof","isotonic","xgboost",FALSE
"kc1","classif.xgboost.tuned_calib.oof_isotonic",0.046357766821221,"oof","isotonic","xgboost",FALSE
"kc1","classif.xgboost.tuned_calib.oof_isotonic",0.0418809686305074,"oof","isotonic","xgboost",FALSE
"kc1","classif.xgboost.tuned_calib.oof_isotonic",0.0294528676837641,"oof","isotonic","xgboost",FALSE
"kc1","classif.xgboost.tuned_calib.oof_isotonic",0.074228071061087,"oof","isotonic","xgboost",FALSE
"kc1","classif.xgboost.tuned_calib.oof_isotonic",0.102778673220416,"oof","isotonic","xgboost",FALSE
"kc1","classif.xgboost.tuned_calib.oof_isotonic",0.0629886744721604,"oof","isotonic","xgboost",FALSE
"kc1","classif.xgboost.tuned_calib.oof_isotonic",0.0559289806983126,"oof","isotonic","xgboost",FALSE
"kc1","classif.xgboost.tuned_calib.oof_isotonic",0.0996929353234628,"oof","isotonic","xgboost",FALSE
"kc1","classif.xgboost.tuned_calib.oof_isotonic",0.0652372141596444,"oof","isotonic","xgboost",FALSE
"kc1","classif.xgboost.tuned_calib.perfold_platt",0.0580076422792248,"perfold","platt","xgboost",FALSE
"kc1","classif.xgboost.tuned_calib.perfold_platt",0.0411832415389978,"perfold","platt","xgboost",FALSE
"kc1","classif.xgboost.tuned_calib.perfold_platt",0.0618674502016063,"perfold","platt","xgboost",FALSE
"kc1","classif.xgboost.tuned_calib.perfold_platt",0.0591642540117038,"perfold","platt","xgboost",FALSE
"kc1","classif.xgboost.tuned_calib.perfold_platt",0.0621952173444587,"perfold","platt","xgboost",FALSE
"kc1","classif.xgboost.tuned_calib.perfold_platt",0.0616702039440505,"perfold","platt","xgboost",FALSE
"kc1","classif.xgboost.tuned_calib.perfold_platt",0.0785813329337222,"perfold","platt","xgboost",FALSE
"kc1","classif.xgboost.tuned_calib.perfold_platt",0.0559396393228085,"perfold","platt","xgboost",FALSE
"kc1","classif.xgboost.tuned_calib.perfold_platt",0.0640626527307749,"perfold","platt","xgboost",FALSE
"kc1","classif.xgboost.tuned_calib.perfold_platt",0.0519658722627799,"perfold","platt","xgboost",FALSE
"kc1","classif.xgboost.tuned_calib.perfold_beta",0.0469594138186378,"perfold","beta","xgboost",FALSE
"kc1","classif.xgboost.tuned_calib.perfold_beta",0.0424742587402663,"perfold","beta","xgboost",FALSE
"kc1","classif.xgboost.tuned_calib.perfold_beta",0.0459054416780139,"perfold","beta","xgboost",FALSE
"kc1","classif.xgboost.tuned_calib.perfold_beta",0.0376266038045293,"perfold","beta","xgboost",FALSE
"kc1","classif.xgboost.tuned_calib.perfold_beta",0.0537071293966031,"perfold","beta","xgboost",FALSE
"kc1","classif.xgboost.tuned_calib.perfold_beta",0.058440645385501,"perfold","beta","xgboost",FALSE
"kc1","classif.xgboost.tuned_calib.perfold_beta",0.0683161079704683,"perfold","beta","xgboost",FALSE
"kc1","classif.xgboost.tuned_calib.perfold_beta",0.057450227979303,"perfold","beta","xgboost",FALSE
"kc1","classif.xgboost.tuned_calib.perfold_beta",0.059133162876919,"perfold","beta","xgboost",FALSE
"kc1","classif.xgboost.tuned_calib.perfold_beta",0.0554250262859507,"perfold","beta","xgboost",FALSE
"kc1","classif.xgboost.tuned_calib.perfold_isotonic",0.0543287118268902,"perfold","isotonic","xgboost",FALSE
"kc1","classif.xgboost.tuned_calib.perfold_isotonic",0.0293634212888943,"perfold","isotonic","xgboost",FALSE
"kc1","classif.xgboost.tuned_calib.perfold_isotonic",0.0622149283290101,"perfold","isotonic","xgboost",FALSE
"kc1","classif.xgboost.tuned_calib.perfold_isotonic",0.0485664960569358,"perfold","isotonic","xgboost",FALSE
"kc1","classif.xgboost.tuned_calib.perfold_isotonic",0.0486789060944984,"perfold","isotonic","xgboost",FALSE
"kc1","classif.xgboost.tuned_calib.perfold_isotonic",0.0579924273729907,"perfold","isotonic","xgboost",FALSE
"kc1","classif.xgboost.tuned_calib.perfold_isotonic",0.0565803948423502,"perfold","isotonic","xgboost",FALSE
"kc1","classif.xgboost.tuned_calib.perfold_isotonic",0.0409447278587754,"perfold","isotonic","xgboost",FALSE
"kc1","classif.xgboost.tuned_calib.perfold_isotonic",0.0467582517341781,"perfold","isotonic","xgboost",FALSE
"kc1","classif.xgboost.tuned_calib.perfold_isotonic",0.0356985710828233,"perfold","isotonic","xgboost",FALSE
"kc1","classif.xgboost.tuned_calib.tunefirst.oof_platt",0.0450873124915908,"oof","platt","xgboost",TRUE
"kc1","classif.xgboost.tuned_calib.tunefirst.oof_platt",0.0504708316652151,"oof","platt","xgboost",TRUE
"kc1","classif.xgboost.tuned_calib.tunefirst.oof_platt",0.073562041103362,"oof","platt","xgboost",TRUE
"kc1","classif.xgboost.tuned_calib.tunefirst.oof_platt",0.039439023303195,"oof","platt","xgboost",TRUE
"kc1","classif.xgboost.tuned_calib.tunefirst.oof_platt",0.0662878828089862,"oof","platt","xgboost",TRUE
"kc1","classif.xgboost.tuned_calib.tunefirst.oof_platt",0.0767099476355541,"oof","platt","xgboost",TRUE
"kc1","classif.xgboost.tuned_calib.tunefirst.oof_platt",0.0771445654066266,"oof","platt","xgboost",TRUE
"kc1","classif.xgboost.tuned_calib.tunefirst.oof_platt",0.0562894253655486,"oof","platt","xgboost",TRUE
"kc1","classif.xgboost.tuned_calib.tunefirst.oof_platt",0.0433656711936518,"oof","platt","xgboost",TRUE
"kc1","classif.xgboost.tuned_calib.tunefirst.oof_platt",0.0475404272899123,"oof","platt","xgboost",TRUE
"kc1","classif.xgboost.tuned_calib.tunefirst.oof_beta",0.0464314142711192,"oof","beta","xgboost",TRUE
"kc1","classif.xgboost.tuned_calib.tunefirst.oof_beta",0.0368085125722386,"oof","beta","xgboost",TRUE
"kc1","classif.xgboost.tuned_calib.tunefirst.oof_beta",0.0530307906963717,"oof","beta","xgboost",TRUE
"kc1","classif.xgboost.tuned_calib.tunefirst.oof_beta",0.0570704498848203,"oof","beta","xgboost",TRUE
"kc1","classif.xgboost.tuned_calib.tunefirst.oof_beta",0.0542184740296907,"oof","beta","xgboost",TRUE
"kc1","classif.xgboost.tuned_calib.tunefirst.oof_beta",0.0775486358185547,"oof","beta","xgboost",TRUE
"kc1","classif.xgboost.tuned_calib.tunefirst.oof_beta",0.0495154211880959,"oof","beta","xgboost",TRUE
"kc1","classif.xgboost.tuned_calib.tunefirst.oof_beta",0.0718320705086562,"oof","beta","xgboost",TRUE
"kc1","classif.xgboost.tuned_calib.tunefirst.oof_beta",0.0493588785616062,"oof","beta","xgboost",TRUE
"kc1","classif.xgboost.tuned_calib.tunefirst.oof_beta",0.0523189209742281,"oof","beta","xgboost",TRUE
"kc1","classif.xgboost.tuned_calib.tunefirst.oof_isotonic",0.0926532713652597,"oof","isotonic","xgboost",TRUE
"kc1","classif.xgboost.tuned_calib.tunefirst.oof_isotonic",0.0656571256758671,"oof","isotonic","xgboost",TRUE
"kc1","classif.xgboost.tuned_calib.tunefirst.oof_isotonic",0.0478783138090429,"oof","isotonic","xgboost",TRUE
"kc1","classif.xgboost.tuned_calib.tunefirst.oof_isotonic",0.100733598218244,"oof","isotonic","xgboost",TRUE
"kc1","classif.xgboost.tuned_calib.tunefirst.oof_isotonic",0.0781151233445249,"oof","isotonic","xgboost",TRUE
"kc1","classif.xgboost.tuned_calib.tunefirst.oof_isotonic",0.0960107289044509,"oof","isotonic","xgboost",TRUE
"kc1","classif.xgboost.tuned_calib.tunefirst.oof_isotonic",0.0879007577934515,"oof","isotonic","xgboost",TRUE
"kc1","classif.xgboost.tuned_calib.tunefirst.oof_isotonic",0.0445960145194151,"oof","isotonic","xgboost",TRUE
"kc1","classif.xgboost.tuned_calib.tunefirst.oof_isotonic",0.0786271419518523,"oof","isotonic","xgboost",TRUE
"kc1","classif.xgboost.tuned_calib.tunefirst.oof_isotonic",0.101556113443804,"oof","isotonic","xgboost",TRUE
"kc1","classif.xgboost.tuned_calib.tunefirst.perfold_platt",0.0561430550568496,"perfold","platt","xgboost",TRUE
"kc1","classif.xgboost.tuned_calib.tunefirst.perfold_platt",0.0515510875110067,"perfold","platt","xgboost",TRUE
"kc1","classif.xgboost.tuned_calib.tunefirst.perfold_platt",0.0508262947900836,"perfold","platt","xgboost",TRUE
"kc1","classif.xgboost.tuned_calib.tunefirst.perfold_platt",0.0290493058513287,"perfold","platt","xgboost",TRUE
"kc1","classif.xgboost.tuned_calib.tunefirst.perfold_platt",0.0647721404390192,"perfold","platt","xgboost",TRUE
"kc1","classif.xgboost.tuned_calib.tunefirst.perfold_platt",0.0427942286473018,"perfold","platt","xgboost",TRUE
"kc1","classif.xgboost.tuned_calib.tunefirst.perfold_platt",0.0320269521005808,"perfold","platt","xgboost",TRUE
"kc1","classif.xgboost.tuned_calib.tunefirst.perfold_platt",0.0798306899216479,"perfold","platt","xgboost",TRUE
"kc1","classif.xgboost.tuned_calib.tunefirst.perfold_platt",0.036328468453241,"perfold","platt","xgboost",TRUE
"kc1","classif.xgboost.tuned_calib.tunefirst.perfold_platt",0.0812553530128979,"perfold","platt","xgboost",TRUE
"kc1","classif.xgboost.tuned_calib.tunefirst.perfold_beta",0.0470630106462859,"perfold","beta","xgboost",TRUE
"kc1","classif.xgboost.tuned_calib.tunefirst.perfold_beta",0.0247958895930309,"perfold","beta","xgboost",TRUE
"kc1","classif.xgboost.tuned_calib.tunefirst.perfold_beta",0.0531919725880331,"perfold","beta","xgboost",TRUE
"kc1","classif.xgboost.tuned_calib.tunefirst.perfold_beta",0.0422459251208549,"perfold","beta","xgboost",TRUE
"kc1","classif.xgboost.tuned_calib.tunefirst.perfold_beta",0.0545957838541487,"perfold","beta","xgboost",TRUE
"kc1","classif.xgboost.tuned_calib.tunefirst.perfold_beta",0.0326494724842965,"perfold","beta","xgboost",TRUE
"kc1","classif.xgboost.tuned_calib.tunefirst.perfold_beta",0.0785218105315419,"perfold","beta","xgboost",TRUE
"kc1","classif.xgboost.tuned_calib.tunefirst.perfold_beta",0.0835933316290016,"perfold","beta","xgboost",TRUE
"kc1","classif.xgboost.tuned_calib.tunefirst.perfold_beta",0.10470560561616,"perfold","beta","xgboost",TRUE
"kc1","classif.xgboost.tuned_calib.tunefirst.perfold_beta",0.0486133377473687,"perfold","beta","xgboost",TRUE
"kc1","classif.xgboost.tuned_calib.tunefirst.perfold_isotonic",0.0335336375157634,"perfold","isotonic","xgboost",TRUE
"kc1","classif.xgboost.tuned_calib.tunefirst.perfold_isotonic",0.0279762052118201,"perfold","isotonic","xgboost",TRUE
"kc1","classif.xgboost.tuned_calib.tunefirst.perfold_isotonic",0.0373325304413926,"perfold","isotonic","xgboost",TRUE
"kc1","classif.xgboost.tuned_calib.tunefirst.perfold_isotonic",0.0548662934633146,"perfold","isotonic","xgboost",TRUE
"kc1","classif.xgboost.tuned_calib.tunefirst.perfold_isotonic",0.0986108381986287,"perfold","isotonic","xgboost",TRUE
"kc1","classif.xgboost.tuned_calib.tunefirst.perfold_isotonic",0.0504874394141897,"perfold","isotonic","xgboost",TRUE
"kc1","classif.xgboost.tuned_calib.tunefirst.perfold_isotonic",0.0734897750277038,"perfold","isotonic","xgboost",TRUE
"kc1","classif.xgboost.tuned_calib.tunefirst.perfold_isotonic",0.0778052211734782,"perfold","isotonic","xgboost",TRUE
"kc1","classif.xgboost.tuned_calib.tunefirst.perfold_isotonic",0.0672890983040993,"perfold","isotonic","xgboost",TRUE
"kc1","classif.xgboost.tuned_calib.tunefirst.perfold_isotonic",0.0550613931148553,"perfold","isotonic","xgboost",TRUE
"pc1","classif.naive_bayes.tuned",0.0603048268216297,"none","none","naive_bayes",FALSE
"pc1","classif.naive_bayes.tuned",0.146248820669065,"none","none","naive_bayes",FALSE
"pc1","classif.naive_bayes.tuned",0.106512608509812,"none","none","naive_bayes",FALSE
"pc1","classif.naive_bayes.tuned",0.108719022870869,"none","none","naive_bayes",FALSE
"pc1","classif.naive_bayes.tuned",0.124249951969705,"none","none","naive_bayes",FALSE
"pc1","classif.naive_bayes.tuned",0.107644890915366,"none","none","naive_bayes",FALSE
"pc1","classif.naive_bayes.tuned",0.124297264680118,"none","none","naive_bayes",FALSE
"pc1","classif.naive_bayes.tuned",0.105869144914029,"none","none","naive_bayes",FALSE
"pc1","classif.naive_bayes.tuned",0.0721789802062751,"none","none","naive_bayes",FALSE
"pc1","classif.naive_bayes.tuned",0.0980720847422355,"none","none","naive_bayes",FALSE
"pc1","classif.naive_bayes.tuned_calib.oof_platt",0.0650602955407374,"oof","platt","naive_bayes",FALSE
"pc1","classif.naive_bayes.tuned_calib.oof_platt",0.0623596792186475,"oof","platt","naive_bayes",FALSE
"pc1","classif.naive_bayes.tuned_calib.oof_platt",0.0437003531715783,"oof","platt","naive_bayes",FALSE
"pc1","classif.naive_bayes.tuned_calib.oof_platt",0.0421464515810469,"oof","platt","naive_bayes",FALSE
"pc1","classif.naive_bayes.tuned_calib.oof_platt",0.0795536735494279,"oof","platt","naive_bayes",FALSE
"pc1","classif.naive_bayes.tuned_calib.oof_platt",0.082116131067106,"oof","platt","naive_bayes",FALSE
"pc1","classif.naive_bayes.tuned_calib.oof_platt",0.0707668448471765,"oof","platt","naive_bayes",FALSE
"pc1","classif.naive_bayes.tuned_calib.oof_platt",0.0429393943747038,"oof","platt","naive_bayes",FALSE
"pc1","classif.naive_bayes.tuned_calib.oof_platt",0.0597983594133761,"oof","platt","naive_bayes",FALSE
"pc1","classif.naive_bayes.tuned_calib.oof_platt",0.0457983755878488,"oof","platt","naive_bayes",FALSE
"pc1","classif.naive_bayes.tuned_calib.oof_beta",0.107284535006628,"oof","beta","naive_bayes",FALSE
"pc1","classif.naive_bayes.tuned_calib.oof_beta",0.0936850881631639,"oof","beta","naive_bayes",FALSE
"pc1","classif.naive_bayes.tuned_calib.oof_beta",0.0998425073712579,"oof","beta","naive_bayes",FALSE
"pc1","classif.naive_bayes.tuned_calib.oof_beta",0.0775141233573845,"oof","beta","naive_bayes",FALSE
"pc1","classif.naive_bayes.tuned_calib.oof_beta",0.123791357432482,"oof","beta","naive_bayes",FALSE
"pc1","classif.naive_bayes.tuned_calib.oof_beta",0.106699661189209,"oof","beta","naive_bayes",FALSE
"pc1","classif.naive_bayes.tuned_calib.oof_beta",0.13977460833244,"oof","beta","naive_bayes",FALSE
"pc1","classif.naive_bayes.tuned_calib.oof_beta",0.0620710963228084,"oof","beta","naive_bayes",FALSE
"pc1","classif.naive_bayes.tuned_calib.oof_beta",0.0750205255414647,"oof","beta","naive_bayes",FALSE
"pc1","classif.naive_bayes.tuned_calib.oof_beta",0.142360397251126,"oof","beta","naive_bayes",FALSE
"pc1","classif.naive_bayes.tuned_calib.oof_isotonic",0.0830518763397557,"oof","isotonic","naive_bayes",FALSE
"pc1","classif.naive_bayes.tuned_calib.oof_isotonic",0.0910654932652084,"oof","isotonic","naive_bayes",FALSE
"pc1","classif.naive_bayes.tuned_calib.oof_isotonic",0.0899181830186749,"oof","isotonic","naive_bayes",FALSE
"pc1","classif.naive_bayes.tuned_calib.oof_isotonic",0.0894449413277865,"oof","isotonic","naive_bayes",FALSE
"pc1","classif.naive_bayes.tuned_calib.oof_isotonic",0.109095627338623,"oof","isotonic","naive_bayes",FALSE
"pc1","classif.naive_bayes.tuned_calib.oof_isotonic",0.0806184420789801,"oof","isotonic","naive_bayes",FALSE
"pc1","classif.naive_bayes.tuned_calib.oof_isotonic",0.0953386338242408,"oof","isotonic","naive_bayes",FALSE
"pc1","classif.naive_bayes.tuned_calib.oof_isotonic",0.102725013019131,"oof","isotonic","naive_bayes",FALSE
"pc1","classif.naive_bayes.tuned_calib.oof_isotonic",0.104468037629991,"oof","isotonic","naive_bayes",FALSE
"pc1","classif.naive_bayes.tuned_calib.oof_isotonic",0.0793136810907482,"oof","isotonic","naive_bayes",FALSE
"pc1","classif.naive_bayes.tuned_calib.perfold_platt",0.0650736523240555,"perfold","platt","naive_bayes",FALSE
"pc1","classif.naive_bayes.tuned_calib.perfold_platt",0.0585520438109981,"perfold","platt","naive_bayes",FALSE
"pc1","classif.naive_bayes.tuned_calib.perfold_platt",0.0457862389735307,"perfold","platt","naive_bayes",FALSE
"pc1","classif.naive_bayes.tuned_calib.perfold_platt",0.0564624539828173,"perfold","platt","naive_bayes",FALSE
"pc1","classif.naive_bayes.tuned_calib.perfold_platt",0.078250602991472,"perfold","platt","naive_bayes",FALSE
"pc1","classif.naive_bayes.tuned_calib.perfold_platt",0.0736127291900884,"perfold","platt","naive_bayes",FALSE
"pc1","classif.naive_bayes.tuned_calib.perfold_platt",0.0702044921229034,"perfold","platt","naive_bayes",FALSE
"pc1","classif.naive_bayes.tuned_calib.perfold_platt",0.0713153242820211,"perfold","platt","naive_bayes",FALSE
"pc1","classif.naive_bayes.tuned_calib.perfold_platt",0.0593852084906467,"perfold","platt","naive_bayes",FALSE
"pc1","classif.naive_bayes.tuned_calib.perfold_platt",0.0441074548388193,"perfold","platt","naive_bayes",FALSE
"pc1","classif.naive_bayes.tuned_calib.perfold_beta",0.0603565101111781,"perfold","beta","naive_bayes",FALSE
"pc1","classif.naive_bayes.tuned_calib.perfold_beta",0.0791092942240771,"perfold","beta","naive_bayes",FALSE
"pc1","classif.naive_bayes.tuned_calib.perfold_beta",0.0479169289526237,"perfold","beta","naive_bayes",FALSE
"pc1","classif.naive_bayes.tuned_calib.perfold_beta",0.0594688294088899,"perfold","beta","naive_bayes",FALSE
"pc1","classif.naive_bayes.tuned_calib.perfold_beta",0.0932650273505493,"perfold","beta","naive_bayes",FALSE
"pc1","classif.naive_bayes.tuned_calib.perfold_beta",0.0942782118821354,"perfold","beta","naive_bayes",FALSE
"pc1","classif.naive_bayes.tuned_calib.perfold_beta",0.111736439580614,"perfold","beta","naive_bayes",FALSE
"pc1","classif.naive_bayes.tuned_calib.perfold_beta",0.0680132956392215,"perfold","beta","naive_bayes",FALSE
"pc1","classif.naive_bayes.tuned_calib.perfold_beta",0.06160855986705,"perfold","beta","naive_bayes",FALSE
"pc1","classif.naive_bayes.tuned_calib.perfold_beta",0.0605709120935825,"perfold","beta","naive_bayes",FALSE
"pc1","classif.naive_bayes.tuned_calib.perfold_isotonic",0.0690943751319658,"perfold","isotonic","naive_bayes",FALSE
"pc1","classif.naive_bayes.tuned_calib.perfold_isotonic",0.0633352355825966,"perfold","isotonic","naive_bayes",FALSE
"pc1","classif.naive_bayes.tuned_calib.perfold_isotonic",0.0419217763540385,"perfold","isotonic","naive_bayes",FALSE
"pc1","classif.naive_bayes.tuned_calib.perfold_isotonic",0.0471911090414041,"perfold","isotonic","naive_bayes",FALSE
"pc1","classif.naive_bayes.tuned_calib.perfold_isotonic",0.0789438849423991,"perfold","isotonic","naive_bayes",FALSE
"pc1","classif.naive_bayes.tuned_calib.perfold_isotonic",0.067457751230125,"perfold","isotonic","naive_bayes",FALSE
"pc1","classif.naive_bayes.tuned_calib.perfold_isotonic",0.0485496953198037,"perfold","isotonic","naive_bayes",FALSE
"pc1","classif.naive_bayes.tuned_calib.perfold_isotonic",0.090526484672911,"perfold","isotonic","naive_bayes",FALSE
"pc1","classif.naive_bayes.tuned_calib.perfold_isotonic",0.0707267504692118,"perfold","isotonic","naive_bayes",FALSE
"pc1","classif.naive_bayes.tuned_calib.perfold_isotonic",0.0632463132112712,"perfold","isotonic","naive_bayes",FALSE
"pc1","classif.naive_bayes.tuned_calib.tunefirst.oof_platt",0.0649314208479055,"oof","platt","naive_bayes",TRUE
"pc1","classif.naive_bayes.tuned_calib.tunefirst.oof_platt",0.0642961175779656,"oof","platt","naive_bayes",TRUE
"pc1","classif.naive_bayes.tuned_calib.tunefirst.oof_platt",0.044407088276027,"oof","platt","naive_bayes",TRUE
"pc1","classif.naive_bayes.tuned_calib.tunefirst.oof_platt",0.0525720658525723,"oof","platt","naive_bayes",TRUE
"pc1","classif.naive_bayes.tuned_calib.tunefirst.oof_platt",0.077523378624245,"oof","platt","naive_bayes",TRUE
"pc1","classif.naive_bayes.tuned_calib.tunefirst.oof_platt",0.0715801710319571,"oof","platt","naive_bayes",TRUE
"pc1","classif.naive_bayes.tuned_calib.tunefirst.oof_platt",0.0703169857886341,"oof","platt","naive_bayes",TRUE
"pc1","classif.naive_bayes.tuned_calib.tunefirst.oof_platt",0.0516976784866656,"oof","platt","naive_bayes",TRUE
"pc1","classif.naive_bayes.tuned_calib.tunefirst.oof_platt",0.0601495235302786,"oof","platt","naive_bayes",TRUE
"pc1","classif.naive_bayes.tuned_calib.tunefirst.oof_platt",0.0472961190084778,"oof","platt","naive_bayes",TRUE
"pc1","classif.naive_bayes.tuned_calib.tunefirst.oof_beta",0.0990193604776235,"oof","beta","naive_bayes",TRUE
"pc1","classif.naive_bayes.tuned_calib.tunefirst.oof_beta",0.0948581698595805,"oof","beta","naive_bayes",TRUE
"pc1","classif.naive_bayes.tuned_calib.tunefirst.oof_beta",0.0830709410520314,"oof","beta","naive_bayes",TRUE
"pc1","classif.naive_bayes.tuned_calib.tunefirst.oof_beta",0.0618311006725968,"oof","beta","naive_bayes",TRUE
"pc1","classif.naive_bayes.tuned_calib.tunefirst.oof_beta",0.124374114934991,"oof","beta","naive_bayes",TRUE
"pc1","classif.naive_bayes.tuned_calib.tunefirst.oof_beta",0.090308591140008,"oof","beta","naive_bayes",TRUE
"pc1","classif.naive_bayes.tuned_calib.tunefirst.oof_beta",0.158438477429652,"oof","beta","naive_bayes",TRUE
"pc1","classif.naive_bayes.tuned_calib.tunefirst.oof_beta",0.0604194494853036,"oof","beta","naive_bayes",TRUE
"pc1","classif.naive_bayes.tuned_calib.tunefirst.oof_beta",0.0562486251910539,"oof","beta","naive_bayes",TRUE
"pc1","classif.naive_bayes.tuned_calib.tunefirst.oof_beta",0.0730441256474988,"oof","beta","naive_bayes",TRUE
"pc1","classif.naive_bayes.tuned_calib.tunefirst.oof_isotonic",0.0703595701352159,"oof","isotonic","naive_bayes",TRUE
"pc1","classif.naive_bayes.tuned_calib.tunefirst.oof_isotonic",0.0858136552526317,"oof","isotonic","naive_bayes",TRUE
"pc1","classif.naive_bayes.tuned_calib.tunefirst.oof_isotonic",0.0885091045119494,"oof","isotonic","naive_bayes",TRUE
"pc1","classif.naive_bayes.tuned_calib.tunefirst.oof_isotonic",0.0740641905238178,"oof","isotonic","naive_bayes",TRUE
"pc1","classif.naive_bayes.tuned_calib.tunefirst.oof_isotonic",0.108342713460216,"oof","isotonic","naive_bayes",TRUE
"pc1","classif.naive_bayes.tuned_calib.tunefirst.oof_isotonic",0.0742102143937485,"oof","isotonic","naive_bayes",TRUE
"pc1","classif.naive_bayes.tuned_calib.tunefirst.oof_isotonic",0.07888275872772,"oof","isotonic","naive_bayes",TRUE
"pc1","classif.naive_bayes.tuned_calib.tunefirst.oof_isotonic",0.0786105654466093,"oof","isotonic","naive_bayes",TRUE
"pc1","classif.naive_bayes.tuned_calib.tunefirst.oof_isotonic",0.0944275495989082,"oof","isotonic","naive_bayes",TRUE
"pc1","classif.naive_bayes.tuned_calib.tunefirst.oof_isotonic",0.0872755860765265,"oof","isotonic","naive_bayes",TRUE
"pc1","classif.naive_bayes.tuned_calib.tunefirst.perfold_platt",0.0654709318768438,"perfold","platt","naive_bayes",TRUE
"pc1","classif.naive_bayes.tuned_calib.tunefirst.perfold_platt",0.0582649654219394,"perfold","platt","naive_bayes",TRUE
"pc1","classif.naive_bayes.tuned_calib.tunefirst.perfold_platt",0.0464770173265849,"perfold","platt","naive_bayes",TRUE
"pc1","classif.naive_bayes.tuned_calib.tunefirst.perfold_platt",0.0456376918966237,"perfold","platt","naive_bayes",TRUE
"pc1","classif.naive_bayes.tuned_calib.tunefirst.perfold_platt",0.076532034028645,"perfold","platt","naive_bayes",TRUE
"pc1","classif.naive_bayes.tuned_calib.tunefirst.perfold_platt",0.0724183641192638,"perfold","platt","naive_bayes",TRUE
"pc1","classif.naive_bayes.tuned_calib.tunefirst.perfold_platt",0.0699507071414307,"perfold","platt","naive_bayes",TRUE
"pc1","classif.naive_bayes.tuned_calib.tunefirst.perfold_platt",0.0616808847364314,"perfold","platt","naive_bayes",TRUE
"pc1","classif.naive_bayes.tuned_calib.tunefirst.perfold_platt",0.0499022310838452,"perfold","platt","naive_bayes",TRUE
"pc1","classif.naive_bayes.tuned_calib.tunefirst.perfold_platt",0.0566587002517465,"perfold","platt","naive_bayes",TRUE
"pc1","classif.naive_bayes.tuned_calib.tunefirst.perfold_beta",0.0556715314656503,"perfold","beta","naive_bayes",TRUE
"pc1","classif.naive_bayes.tuned_calib.tunefirst.perfold_beta",0.0816702455264696,"perfold","beta","naive_bayes",TRUE
"pc1","classif.naive_bayes.tuned_calib.tunefirst.perfold_beta",0.0488275488709865,"perfold","beta","naive_bayes",TRUE
"pc1","classif.naive_bayes.tuned_calib.tunefirst.perfold_beta",0.0460208741225134,"perfold","beta","naive_bayes",TRUE
"pc1","classif.naive_bayes.tuned_calib.tunefirst.perfold_beta",0.0939306216545509,"perfold","beta","naive_bayes",TRUE
"pc1","classif.naive_bayes.tuned_calib.tunefirst.perfold_beta",0.0901933705177671,"perfold","beta","naive_bayes",TRUE
"pc1","classif.naive_bayes.tuned_calib.tunefirst.perfold_beta",0.132263139672394,"perfold","beta","naive_bayes",TRUE
"pc1","classif.naive_bayes.tuned_calib.tunefirst.perfold_beta",0.0648392682628501,"perfold","beta","naive_bayes",TRUE
"pc1","classif.naive_bayes.tuned_calib.tunefirst.perfold_beta",0.0498943507099493,"perfold","beta","naive_bayes",TRUE
"pc1","classif.naive_bayes.tuned_calib.tunefirst.perfold_beta",0.0567731206663107,"perfold","beta","naive_bayes",TRUE
"pc1","classif.naive_bayes.tuned_calib.tunefirst.perfold_isotonic",0.0431749263708388,"perfold","isotonic","naive_bayes",TRUE
"pc1","classif.naive_bayes.tuned_calib.tunefirst.perfold_isotonic",0.066910132798062,"perfold","isotonic","naive_bayes",TRUE
"pc1","classif.naive_bayes.tuned_calib.tunefirst.perfold_isotonic",0.0648591215943647,"perfold","isotonic","naive_bayes",TRUE
"pc1","classif.naive_bayes.tuned_calib.tunefirst.perfold_isotonic",0.0461981237604467,"perfold","isotonic","naive_bayes",TRUE
"pc1","classif.naive_bayes.tuned_calib.tunefirst.perfold_isotonic",0.0825451490968089,"perfold","isotonic","naive_bayes",TRUE
"pc1","classif.naive_bayes.tuned_calib.tunefirst.perfold_isotonic",0.0703412285132198,"perfold","isotonic","naive_bayes",TRUE
"pc1","classif.naive_bayes.tuned_calib.tunefirst.perfold_isotonic",0.0608536367691031,"perfold","isotonic","naive_bayes",TRUE
"pc1","classif.naive_bayes.tuned_calib.tunefirst.perfold_isotonic",0.0701343940980978,"perfold","isotonic","naive_bayes",TRUE
"pc1","classif.naive_bayes.tuned_calib.tunefirst.perfold_isotonic",0.068855960009331,"perfold","isotonic","naive_bayes",TRUE
"pc1","classif.naive_bayes.tuned_calib.tunefirst.perfold_isotonic",0.0680100586413756,"perfold","isotonic","naive_bayes",TRUE
"pc1","classif.ranger.tuned",0.0261406215359928,"none","none","ranger",FALSE
"pc1","classif.ranger.tuned",0.0625080958884881,"none","none","ranger",FALSE
"pc1","classif.ranger.tuned",0.0463650323781372,"none","none","ranger",FALSE
"pc1","classif.ranger.tuned",0.0459941511975236,"none","none","ranger",FALSE
"pc1","classif.ranger.tuned",0.0440854246940166,"none","none","ranger",FALSE
"pc1","classif.ranger.tuned",0.0152969910615171,"none","none","ranger",FALSE
"pc1","classif.ranger.tuned",0.0514864569286338,"none","none","ranger",FALSE
"pc1","classif.ranger.tuned",0.0744876970904368,"none","none","ranger",FALSE
"pc1","classif.ranger.tuned",0.0182021977334477,"none","none","ranger",FALSE
"pc1","classif.ranger.tuned",0.0340491994777709,"none","none","ranger",FALSE
"pc1","classif.ranger.tuned_calib.oof_platt",0.0420831962717083,"oof","platt","ranger",FALSE
"pc1","classif.ranger.tuned_calib.oof_platt",0.0826415209130428,"oof","platt","ranger",FALSE
"pc1","classif.ranger.tuned_calib.oof_platt",0.062605759071133,"oof","platt","ranger",FALSE
"pc1","classif.ranger.tuned_calib.oof_platt",0.0467971997570677,"oof","platt","ranger",FALSE
"pc1","classif.ranger.tuned_calib.oof_platt",0.0536678309023848,"oof","platt","ranger",FALSE
"pc1","classif.ranger.tuned_calib.oof_platt",0.0385859674939709,"oof","platt","ranger",FALSE
"pc1","classif.ranger.tuned_calib.oof_platt",0.0567270679863468,"oof","platt","ranger",FALSE
"pc1","classif.ranger.tuned_calib.oof_platt",0.0692610985106702,"oof","platt","ranger",FALSE
"pc1","classif.ranger.tuned_calib.oof_platt",0.0524088318279441,"oof","platt","ranger",FALSE
"pc1","classif.ranger.tuned_calib.oof_platt",0.0396863653093406,"oof","platt","ranger",FALSE
"pc1","classif.ranger.tuned_calib.oof_beta",0.0411099738259646,"oof","beta","ranger",FALSE
"pc1","classif.ranger.tuned_calib.oof_beta",0.0646641699314232,"oof","beta","ranger",FALSE
"pc1","classif.ranger.tuned_calib.oof_beta",0.0442722031815472,"oof","beta","ranger",FALSE
"pc1","classif.ranger.tuned_calib.oof_beta",0.0477035829933432,"oof","beta","ranger",FALSE
"pc1","classif.ranger.tuned_calib.oof_beta",0.0557761465099053,"oof","beta","ranger",FALSE
"pc1","classif.ranger.tuned_calib.oof_beta",0.0343812388567452,"oof","beta","ranger",FALSE
"pc1","classif.ranger.tuned_calib.oof_beta",0.0512967440777555,"oof","beta","ranger",FALSE
"pc1","classif.ranger.tuned_calib.oof_beta",0.0689774667146799,"oof","beta","ranger",FALSE
"pc1","classif.ranger.tuned_calib.oof_beta",0.0409238157366637,"oof","beta","ranger",FALSE
"pc1","classif.ranger.tuned_calib.oof_beta",0.0396337790997521,"oof","beta","ranger",FALSE
"pc1","classif.ranger.tuned_calib.oof_isotonic",0.036253057713449,"oof","isotonic","ranger",FALSE
"pc1","classif.ranger.tuned_calib.oof_isotonic",0.0736412695774903,"oof","isotonic","ranger",FALSE
"pc1","classif.ranger.tuned_calib.oof_isotonic",0.038794775652796,"oof","isotonic","ranger",FALSE
"pc1","classif.ranger.tuned_calib.oof_isotonic",0.0527287948724752,"oof","isotonic","ranger",FALSE
"pc1","classif.ranger.tuned_calib.oof_isotonic",0.049265190169839,"oof","isotonic","ranger",FALSE
"pc1","classif.ranger.tuned_calib.oof_isotonic",0.0346695097043622,"oof","isotonic","ranger",FALSE
"pc1","classif.ranger.tuned_calib.oof_isotonic",0.0454906551402489,"oof","isotonic","ranger",FALSE
"pc1","classif.ranger.tuned_calib.oof_isotonic",0.0685501506126125,"oof","isotonic","ranger",FALSE
"pc1","classif.ranger.tuned_calib.oof_isotonic",0.0513539248167902,"oof","isotonic","ranger",FALSE
"pc1","classif.ranger.tuned_calib.oof_isotonic",0.0412587337233848,"oof","isotonic","ranger",FALSE
"pc1","classif.ranger.tuned_calib.perfold_platt",0.03822884070197,"perfold","platt","ranger",FALSE
"pc1","classif.ranger.tuned_calib.perfold_platt",0.0822732722676355,"perfold","platt","ranger",FALSE
"pc1","classif.ranger.tuned_calib.perfold_platt",0.0554470806901636,"perfold","platt","ranger",FALSE
"pc1","classif.ranger.tuned_calib.perfold_platt",0.0438084669475074,"perfold","platt","ranger",FALSE
"pc1","classif.ranger.tuned_calib.perfold_platt",0.047271499012104,"perfold","platt","ranger",FALSE
"pc1","classif.ranger.tuned_calib.perfold_platt",0.0345553450881544,"perfold","platt","ranger",FALSE
"pc1","classif.ranger.tuned_calib.perfold_platt",0.0565998750145003,"perfold","platt","ranger",FALSE
"pc1","classif.ranger.tuned_calib.perfold_platt",0.070815159442949,"perfold","platt","ranger",FALSE
"pc1","classif.ranger.tuned_calib.perfold_platt",0.0470759355297986,"perfold","platt","ranger",FALSE
"pc1","classif.ranger.tuned_calib.perfold_platt",0.0367236545040184,"perfold","platt","ranger",FALSE
"pc1","classif.ranger.tuned_calib.perfold_beta",0.0366210363230752,"perfold","beta","ranger",FALSE
"pc1","classif.ranger.tuned_calib.perfold_beta",0.0669597383233283,"perfold","beta","ranger",FALSE
"pc1","classif.ranger.tuned_calib.perfold_beta",0.0354429906165508,"perfold","beta","ranger",FALSE
"pc1","classif.ranger.tuned_calib.perfold_beta",0.0465140964314445,"perfold","beta","ranger",FALSE
"pc1","classif.ranger.tuned_calib.perfold_beta",0.0406821060934717,"perfold","beta","ranger",FALSE
"pc1","classif.ranger.tuned_calib.perfold_beta",0.0321519901397432,"perfold","beta","ranger",FALSE
"pc1","classif.ranger.tuned_calib.perfold_beta",0.040980128072919,"perfold","beta","ranger",FALSE
"pc1","classif.ranger.tuned_calib.perfold_beta",0.0576918168637844,"perfold","beta","ranger",FALSE
"pc1","classif.ranger.tuned_calib.perfold_beta",0.0381525698928003,"perfold","beta","ranger",FALSE
"pc1","classif.ranger.tuned_calib.perfold_beta",0.0376873344603584,"perfold","beta","ranger",FALSE
"pc1","classif.ranger.tuned_calib.perfold_isotonic",0.032225023873728,"perfold","isotonic","ranger",FALSE
"pc1","classif.ranger.tuned_calib.perfold_isotonic",0.0600782434976373,"perfold","isotonic","ranger",FALSE
"pc1","classif.ranger.tuned_calib.perfold_isotonic",0.0544508364627888,"perfold","isotonic","ranger",FALSE
"pc1","classif.ranger.tuned_calib.perfold_isotonic",0.048437681396733,"perfold","isotonic","ranger",FALSE
"pc1","classif.ranger.tuned_calib.perfold_isotonic",0.0454794374127377,"perfold","isotonic","ranger",FALSE
"pc1","classif.ranger.tuned_calib.perfold_isotonic",0.0253475902230039,"perfold","isotonic","ranger",FALSE
"pc1","classif.ranger.tuned_calib.perfold_isotonic",0.0436279172470869,"perfold","isotonic","ranger",FALSE
"pc1","classif.ranger.tuned_calib.perfold_isotonic",0.0512144829794012,"perfold","isotonic","ranger",FALSE
"pc1","classif.ranger.tuned_calib.perfold_isotonic",0.0330084749015031,"perfold","isotonic","ranger",FALSE
"pc1","classif.ranger.tuned_calib.perfold_isotonic",0.0355187504025158,"perfold","isotonic","ranger",FALSE
"pc1","classif.ranger.tuned_calib.tunefirst.oof_platt",0.043431884148803,"oof","platt","ranger",TRUE
"pc1","classif.ranger.tuned_calib.tunefirst.oof_platt",0.0828866013246011,"oof","platt","ranger",TRUE
"pc1","classif.ranger.tuned_calib.tunefirst.oof_platt",0.0525460410252731,"oof","platt","ranger",TRUE
"pc1","classif.ranger.tuned_calib.tunefirst.oof_platt",0.0428149803902029,"oof","platt","ranger",TRUE
"pc1","classif.ranger.tuned_calib.tunefirst.oof_platt",0.0510388143124704,"oof","platt","ranger",TRUE
"pc1","classif.ranger.tuned_calib.tunefirst.oof_platt",0.0433012176236218,"oof","platt","ranger",TRUE
"pc1","classif.ranger.tuned_calib.tunefirst.oof_platt",0.0551079720335,"oof","platt","ranger",TRUE
"pc1","classif.ranger.tuned_calib.tunefirst.oof_platt",0.0697519140412447,"oof","platt","ranger",TRUE
"pc1","classif.ranger.tuned_calib.tunefirst.oof_platt",0.0495356509624476,"oof","platt","ranger",TRUE
"pc1","classif.ranger.tuned_calib.tunefirst.oof_platt",0.0383200945883559,"oof","platt","ranger",TRUE
"pc1","classif.ranger.tuned_calib.tunefirst.oof_beta",0.0303757626972857,"oof","beta","ranger",TRUE
"pc1","classif.ranger.tuned_calib.tunefirst.oof_beta",0.0673831438462358,"oof","beta","ranger",TRUE
"pc1","classif.ranger.tuned_calib.tunefirst.oof_beta",0.0411867550794655,"oof","beta","ranger",TRUE
"pc1","classif.ranger.tuned_calib.tunefirst.oof_beta",0.0490613530662066,"oof","beta","ranger",TRUE
"pc1","classif.ranger.tuned_calib.tunefirst.oof_beta",0.0409521535448486,"oof","beta","ranger",TRUE
"pc1","classif.ranger.tuned_calib.tunefirst.oof_beta",0.0299328301158286,"oof","beta","ranger",TRUE
"pc1","classif.ranger.tuned_calib.tunefirst.oof_beta",0.0531275829307342,"oof","beta","ranger",TRUE
"pc1","classif.ranger.tuned_calib.tunefirst.oof_beta",0.0603608312280897,"oof","beta","ranger",TRUE
"pc1","classif.ranger.tuned_calib.tunefirst.oof_beta",0.0376005912387631,"oof","beta","ranger",TRUE
"pc1","classif.ranger.tuned_calib.tunefirst.oof_beta",0.0378916889395909,"oof","beta","ranger",TRUE
"pc1","classif.ranger.tuned_calib.tunefirst.oof_isotonic",0.0374141550083556,"oof","isotonic","ranger",TRUE
"pc1","classif.ranger.tuned_calib.tunefirst.oof_isotonic",0.0848164614347571,"oof","isotonic","ranger",TRUE
"pc1","classif.ranger.tuned_calib.tunefirst.oof_isotonic",0.0620979578001486,"oof","isotonic","ranger",TRUE
"pc1","classif.ranger.tuned_calib.tunefirst.oof_isotonic",0.0612755144494417,"oof","isotonic","ranger",TRUE
"pc1","classif.ranger.tuned_calib.tunefirst.oof_isotonic",0.050580621647371,"oof","isotonic","ranger",TRUE
"pc1","classif.ranger.tuned_calib.tunefirst.oof_isotonic",0.0485667364613741,"oof","isotonic","ranger",TRUE
"pc1","classif.ranger.tuned_calib.tunefirst.oof_isotonic",0.0597519898527181,"oof","isotonic","ranger",TRUE
"pc1","classif.ranger.tuned_calib.tunefirst.oof_isotonic",0.0592988795235907,"oof","isotonic","ranger",TRUE
"pc1","classif.ranger.tuned_calib.tunefirst.oof_isotonic",0.0619766556536097,"oof","isotonic","ranger",TRUE
"pc1","classif.ranger.tuned_calib.tunefirst.oof_isotonic",0.058147681732159,"oof","isotonic","ranger",TRUE
"pc1","classif.ranger.tuned_calib.tunefirst.perfold_platt",0.0435701189172906,"perfold","platt","ranger",TRUE
"pc1","classif.ranger.tuned_calib.tunefirst.perfold_platt",0.0819628570989679,"perfold","platt","ranger",TRUE
"pc1","classif.ranger.tuned_calib.tunefirst.perfold_platt",0.0574745464637858,"perfold","platt","ranger",TRUE
"pc1","classif.ranger.tuned_calib.tunefirst.perfold_platt",0.0449809851289023,"perfold","platt","ranger",TRUE
"pc1","classif.ranger.tuned_calib.tunefirst.perfold_platt",0.0486365525307967,"perfold","platt","ranger",TRUE
"pc1","classif.ranger.tuned_calib.tunefirst.perfold_platt",0.0302043124550114,"perfold","platt","ranger",TRUE
"pc1","classif.ranger.tuned_calib.tunefirst.perfold_platt",0.0596261239662961,"perfold","platt","ranger",TRUE
"pc1","classif.ranger.tuned_calib.tunefirst.perfold_platt",0.0721706032350894,"perfold","platt","ranger",TRUE
"pc1","classif.ranger.tuned_calib.tunefirst.perfold_platt",0.0528060771581243,"perfold","platt","ranger",TRUE
"pc1","classif.ranger.tuned_calib.tunefirst.perfold_platt",0.037536913243221,"perfold","platt","ranger",TRUE
"pc1","classif.ranger.tuned_calib.tunefirst.perfold_beta",0.0343169253353986,"perfold","beta","ranger",TRUE
"pc1","classif.ranger.tuned_calib.tunefirst.perfold_beta",0.064117046814411,"perfold","beta","ranger",TRUE
"pc1","classif.ranger.tuned_calib.tunefirst.perfold_beta",0.0545166294488212,"perfold","beta","ranger",TRUE
"pc1","classif.ranger.tuned_calib.tunefirst.perfold_beta",0.0475676349728061,"perfold","beta","ranger",TRUE
"pc1","classif.ranger.tuned_calib.tunefirst.perfold_beta",0.0405199660857781,"perfold","beta","ranger",TRUE
"pc1","classif.ranger.tuned_calib.tunefirst.perfold_beta",0.0273178899221334,"perfold","beta","ranger",TRUE
"pc1","classif.ranger.tuned_calib.tunefirst.perfold_beta",0.0578830677208204,"perfold","beta","ranger",TRUE
"pc1","classif.ranger.tuned_calib.tunefirst.perfold_beta",0.0401681808032107,"perfold","beta","ranger",TRUE
"pc1","classif.ranger.tuned_calib.tunefirst.perfold_beta",0.0190376897946273,"perfold","beta","ranger",TRUE
"pc1","classif.ranger.tuned_calib.tunefirst.perfold_beta",0.0380642371696331,"perfold","beta","ranger",TRUE
"pc1","classif.ranger.tuned_calib.tunefirst.perfold_isotonic",0.0422310102151235,"perfold","isotonic","ranger",TRUE
"pc1","classif.ranger.tuned_calib.tunefirst.perfold_isotonic",0.0579707168236115,"perfold","isotonic","ranger",TRUE
"pc1","classif.ranger.tuned_calib.tunefirst.perfold_isotonic",0.0464626012279394,"perfold","isotonic","ranger",TRUE
"pc1","classif.ranger.tuned_calib.tunefirst.perfold_isotonic",0.0489401620848198,"perfold","isotonic","ranger",TRUE
"pc1","classif.ranger.tuned_calib.tunefirst.perfold_isotonic",0.0167779633313332,"perfold","isotonic","ranger",TRUE
"pc1","classif.ranger.tuned_calib.tunefirst.perfold_isotonic",0.0196014929070407,"perfold","isotonic","ranger",TRUE
"pc1","classif.ranger.tuned_calib.tunefirst.perfold_isotonic",0.0322459979394133,"perfold","isotonic","ranger",TRUE
"pc1","classif.ranger.tuned_calib.tunefirst.perfold_isotonic",0.0368661041991907,"perfold","isotonic","ranger",TRUE
"pc1","classif.ranger.tuned_calib.tunefirst.perfold_isotonic",0.0175356097226613,"perfold","isotonic","ranger",TRUE
"pc1","classif.ranger.tuned_calib.tunefirst.perfold_isotonic",0.0419816449774486,"perfold","isotonic","ranger",TRUE
"pc1","classif.xgboost.tuned",0.038030178965749,"none","none","xgboost",FALSE
"pc1","classif.xgboost.tuned",0.0646454863720112,"none","none","xgboost",FALSE
"pc1","classif.xgboost.tuned",0.0234390181732607,"none","none","xgboost",FALSE
"pc1","classif.xgboost.tuned",0.0508989147036462,"none","none","xgboost",FALSE
"pc1","classif.xgboost.tuned",0.0284655291486431,"none","none","xgboost",FALSE
"pc1","classif.xgboost.tuned",0.0436795868046649,"none","none","xgboost",FALSE
"pc1","classif.xgboost.tuned",0.0544943664525006,"none","none","xgboost",FALSE
"pc1","classif.xgboost.tuned",0.0399687829184103,"none","none","xgboost",FALSE
"pc1","classif.xgboost.tuned",0.0663151021476264,"none","none","xgboost",FALSE
"pc1","classif.xgboost.tuned",0.0397195222702894,"none","none","xgboost",FALSE
"pc1","classif.xgboost.tuned_calib.oof_platt",0.0628836730356641,"oof","platt","xgboost",FALSE
"pc1","classif.xgboost.tuned_calib.oof_platt",0.0775592484487459,"oof","platt","xgboost",FALSE
"pc1","classif.xgboost.tuned_calib.oof_platt",0.0791453401485972,"oof","platt","xgboost",FALSE
"pc1","classif.xgboost.tuned_calib.oof_platt",0.0571526627597874,"oof","platt","xgboost",FALSE
"pc1","classif.xgboost.tuned_calib.oof_platt",0.0691844847107969,"oof","platt","xgboost",FALSE
"pc1","classif.xgboost.tuned_calib.oof_platt",0.066377170399563,"oof","platt","xgboost",FALSE
"pc1","classif.xgboost.tuned_calib.oof_platt",0.0597414082641251,"oof","platt","xgboost",FALSE
"pc1","classif.xgboost.tuned_calib.oof_platt",0.0715074926507743,"oof","platt","xgboost",FALSE
"pc1","classif.xgboost.tuned_calib.oof_platt",0.0554674451739711,"oof","platt","xgboost",FALSE
"pc1","classif.xgboost.tuned_calib.oof_platt",0.0513839638490317,"oof","platt","xgboost",FALSE
"pc1","classif.xgboost.tuned_calib.oof_beta",0.0500429958090038,"oof","beta","xgboost",FALSE
"pc1","classif.xgboost.tuned_calib.oof_beta",0.0661174294731107,"oof","beta","xgboost",FALSE
"pc1","classif.xgboost.tuned_calib.oof_beta",0.0506729207832736,"oof","beta","xgboost",FALSE
"pc1","classif.xgboost.tuned_calib.oof_beta",0.0519020938877191,"oof","beta","xgboost",FALSE
"pc1","classif.xgboost.tuned_calib.oof_beta",0.0395363851563056,"oof","beta","xgboost",FALSE
"pc1","classif.xgboost.tuned_calib.oof_beta",0.0860133032271573,"oof","beta","xgboost",FALSE
"pc1","classif.xgboost.tuned_calib.oof_beta",0.0768505118679653,"oof","beta","xgboost",FALSE
"pc1","classif.xgboost.tuned_calib.oof_beta",0.0498258071481687,"oof","beta","xgboost",FALSE
"pc1","classif.xgboost.tuned_calib.oof_beta",0.0208274598583657,"oof","beta","xgboost",FALSE
"pc1","classif.xgboost.tuned_calib.oof_beta",0.044414020622504,"oof","beta","xgboost",FALSE
"pc1","classif.xgboost.tuned_calib.oof_isotonic",0.055069930602493,"oof","isotonic","xgboost",FALSE
"pc1","classif.xgboost.tuned_calib.oof_isotonic",0.0992682045313624,"oof","isotonic","xgboost",FALSE
"pc1","classif.xgboost.tuned_calib.oof_isotonic",0.0724429052712963,"oof","isotonic","xgboost",FALSE
"pc1","classif.xgboost.tuned_calib.oof_isotonic",0.0694396910983525,"oof","isotonic","xgboost",FALSE
"pc1","classif.xgboost.tuned_calib.oof_isotonic",0.0479235369347261,"oof","isotonic","xgboost",FALSE
"pc1","classif.xgboost.tuned_calib.oof_isotonic",0.0441716706671841,"oof","isotonic","xgboost",FALSE
"pc1","classif.xgboost.tuned_calib.oof_isotonic",0.0625460020135471,"oof","isotonic","xgboost",FALSE
"pc1","classif.xgboost.tuned_calib.oof_isotonic",0.0576314877984497,"oof","isotonic","xgboost",FALSE
"pc1","classif.xgboost.tuned_calib.oof_isotonic",0.0319929395540365,"oof","isotonic","xgboost",FALSE
"pc1","classif.xgboost.tuned_calib.oof_isotonic",0.0496203480024744,"oof","isotonic","xgboost",FALSE
"pc1","classif.xgboost.tuned_calib.perfold_platt",0.0408250924796318,"perfold","platt","xgboost",FALSE
"pc1","classif.xgboost.tuned_calib.perfold_platt",0.0931145333776419,"perfold","platt","xgboost",FALSE
"pc1","classif.xgboost.tuned_calib.perfold_platt",0.0458341643866257,"perfold","platt","xgboost",FALSE
"pc1","classif.xgboost.tuned_calib.perfold_platt",0.0547514703484487,"perfold","platt","xgboost",FALSE
"pc1","classif.xgboost.tuned_calib.perfold_platt",0.0450880109912897,"perfold","platt","xgboost",FALSE
"pc1","classif.xgboost.tuned_calib.perfold_platt",0.0559728931771108,"perfold","platt","xgboost",FALSE
"pc1","classif.xgboost.tuned_calib.perfold_platt",0.0490221434405589,"perfold","platt","xgboost",FALSE
"pc1","classif.xgboost.tuned_calib.perfold_platt",0.0629571312491142,"perfold","platt","xgboost",FALSE
"pc1","classif.xgboost.tuned_calib.perfold_platt",0.0448337767862007,"perfold","platt","xgboost",FALSE
"pc1","classif.xgboost.tuned_calib.perfold_platt",0.0468065361217716,"perfold","platt","xgboost",FALSE
"pc1","classif.xgboost.tuned_calib.perfold_beta",0.0539123027548367,"perfold","beta","xgboost",FALSE
"pc1","classif.xgboost.tuned_calib.perfold_beta",0.0517034780068452,"perfold","beta","xgboost",FALSE
"pc1","classif.xgboost.tuned_calib.perfold_beta",0.038481287680608,"perfold","beta","xgboost",FALSE
"pc1","classif.xgboost.tuned_calib.perfold_beta",0.0576973723742214,"perfold","beta","xgboost",FALSE
"pc1","classif.xgboost.tuned_calib.perfold_beta",0.0350644175468926,"perfold","beta","xgboost",FALSE
"pc1","classif.xgboost.tuned_calib.perfold_beta",0.0548140206047994,"perfold","beta","xgboost",FALSE
"pc1","classif.xgboost.tuned_calib.perfold_beta",0.064953057577383,"perfold","beta","xgboost",FALSE
"pc1","classif.xgboost.tuned_calib.perfold_beta",0.0469821062887628,"perfold","beta","xgboost",FALSE
"pc1","classif.xgboost.tuned_calib.perfold_beta",0.0361637036148677,"perfold","beta","xgboost",FALSE
"pc1","classif.xgboost.tuned_calib.perfold_beta",0.0679087156234513,"perfold","beta","xgboost",FALSE
"pc1","classif.xgboost.tuned_calib.perfold_isotonic",0.0380478179560516,"perfold","isotonic","xgboost",FALSE
"pc1","classif.xgboost.tuned_calib.perfold_isotonic",0.0560577572496013,"perfold","isotonic","xgboost",FALSE
"pc1","classif.xgboost.tuned_calib.perfold_isotonic",0.0278298567713356,"perfold","isotonic","xgboost",FALSE
"pc1","classif.xgboost.tuned_calib.perfold_isotonic",0.0418740248835931,"perfold","isotonic","xgboost",FALSE
"pc1","classif.xgboost.tuned_calib.perfold_isotonic",0.0314742692362426,"perfold","isotonic","xgboost",FALSE
"pc1","classif.xgboost.tuned_calib.perfold_isotonic",0.048686477357861,"perfold","isotonic","xgboost",FALSE
"pc1","classif.xgboost.tuned_calib.perfold_isotonic",0.0607542074081911,"perfold","isotonic","xgboost",FALSE
"pc1","classif.xgboost.tuned_calib.perfold_isotonic",0.0507411740342817,"perfold","isotonic","xgboost",FALSE
"pc1","classif.xgboost.tuned_calib.perfold_isotonic",0.0277489255905919,"perfold","isotonic","xgboost",FALSE
"pc1","classif.xgboost.tuned_calib.perfold_isotonic",0.0355492048970256,"perfold","isotonic","xgboost",FALSE
"pc1","classif.xgboost.tuned_calib.tunefirst.oof_platt",0.0414015572921046,"oof","platt","xgboost",TRUE
"pc1","classif.xgboost.tuned_calib.tunefirst.oof_platt",0.0866869391146773,"oof","platt","xgboost",TRUE
"pc1","classif.xgboost.tuned_calib.tunefirst.oof_platt",0.0667106841795959,"oof","platt","xgboost",TRUE
"pc1","classif.xgboost.tuned_calib.tunefirst.oof_platt",0.0590482375277105,"oof","platt","xgboost",TRUE
"pc1","classif.xgboost.tuned_calib.tunefirst.oof_platt",0.0656300512383618,"oof","platt","xgboost",TRUE
"pc1","classif.xgboost.tuned_calib.tunefirst.oof_platt",0.0581952834904108,"oof","platt","xgboost",TRUE
"pc1","classif.xgboost.tuned_calib.tunefirst.oof_platt",0.059186154552462,"oof","platt","xgboost",TRUE
"pc1","classif.xgboost.tuned_calib.tunefirst.oof_platt",0.0610051093762664,"oof","platt","xgboost",TRUE
"pc1","classif.xgboost.tuned_calib.tunefirst.oof_platt",0.0566013661116405,"oof","platt","xgboost",TRUE
"pc1","classif.xgboost.tuned_calib.tunefirst.oof_platt",0.0665442158294037,"oof","platt","xgboost",TRUE
"pc1","classif.xgboost.tuned_calib.tunefirst.oof_beta",0.0252404322280724,"oof","beta","xgboost",TRUE
"pc1","classif.xgboost.tuned_calib.tunefirst.oof_beta",0.0773660201239609,"oof","beta","xgboost",TRUE
"pc1","classif.xgboost.tuned_calib.tunefirst.oof_beta",0.0490203924613122,"oof","beta","xgboost",TRUE
"pc1","classif.xgboost.tuned_calib.tunefirst.oof_beta",0.050268298814349,"oof","beta","xgboost",TRUE
"pc1","classif.xgboost.tuned_calib.tunefirst.oof_beta",0.0360523887170367,"oof","beta","xgboost",TRUE
"pc1","classif.xgboost.tuned_calib.tunefirst.oof_beta",0.0528900344756933,"oof","beta","xgboost",TRUE
"pc1","classif.xgboost.tuned_calib.tunefirst.oof_beta",0.0245161035843394,"oof","beta","xgboost",TRUE
"pc1","classif.xgboost.tuned_calib.tunefirst.oof_beta",0.0408654663210778,"oof","beta","xgboost",TRUE
"pc1","classif.xgboost.tuned_calib.tunefirst.oof_beta",0.0325445291534758,"oof","beta","xgboost",TRUE
"pc1","classif.xgboost.tuned_calib.tunefirst.oof_beta",0.0378155096718692,"oof","beta","xgboost",TRUE
"pc1","classif.xgboost.tuned_calib.tunefirst.oof_isotonic",0.0499498832911168,"oof","isotonic","xgboost",TRUE
"pc1","classif.xgboost.tuned_calib.tunefirst.oof_isotonic",0.0552042046345509,"oof","isotonic","xgboost",TRUE
"pc1","classif.xgboost.tuned_calib.tunefirst.oof_isotonic",0.0364911186238525,"oof","isotonic","xgboost",TRUE
"pc1","classif.xgboost.tuned_calib.tunefirst.oof_isotonic",0.0608574837929452,"oof","isotonic","xgboost",TRUE
"pc1","classif.xgboost.tuned_calib.tunefirst.oof_isotonic",0.0614129893942823,"oof","isotonic","xgboost",TRUE
"pc1","classif.xgboost.tuned_calib.tunefirst.oof_isotonic",0.0554267390165043,"oof","isotonic","xgboost",TRUE
"pc1","classif.xgboost.tuned_calib.tunefirst.oof_isotonic",0.0717433804940403,"oof","isotonic","xgboost",TRUE
"pc1","classif.xgboost.tuned_calib.tunefirst.oof_isotonic",0.028826673738249,"oof","isotonic","xgboost",TRUE
"pc1","classif.xgboost.tuned_calib.tunefirst.oof_isotonic",0.0470249872627862,"oof","isotonic","xgboost",TRUE
"pc1","classif.xgboost.tuned_calib.tunefirst.oof_isotonic",0.0232199288420182,"oof","isotonic","xgboost",TRUE
"pc1","classif.xgboost.tuned_calib.tunefirst.perfold_platt",0.0450848949227677,"perfold","platt","xgboost",TRUE
"pc1","classif.xgboost.tuned_calib.tunefirst.perfold_platt",0.0748062574630974,"perfold","platt","xgboost",TRUE
"pc1","classif.xgboost.tuned_calib.tunefirst.perfold_platt",0.0601653061076962,"perfold","platt","xgboost",TRUE
"pc1","classif.xgboost.tuned_calib.tunefirst.perfold_platt",0.0352525369232657,"perfold","platt","xgboost",TRUE
"pc1","classif.xgboost.tuned_calib.tunefirst.perfold_platt",0.0493637756616957,"perfold","platt","xgboost",TRUE
"pc1","classif.xgboost.tuned_calib.tunefirst.perfold_platt",0.0506991857249785,"perfold","platt","xgboost",TRUE
"pc1","classif.xgboost.tuned_calib.tunefirst.perfold_platt",0.0549441998056071,"perfold","platt","xgboost",TRUE
"pc1","classif.xgboost.tuned_calib.tunefirst.perfold_platt",0.061170827583205,"perfold","platt","xgboost",TRUE
"pc1","classif.xgboost.tuned_calib.tunefirst.perfold_platt",0.0484908524339465,"perfold","platt","xgboost",TRUE
"pc1","classif.xgboost.tuned_calib.tunefirst.perfold_platt",0.0501467533626526,"perfold","platt","xgboost",TRUE
"pc1","classif.xgboost.tuned_calib.tunefirst.perfold_beta",0.0243685601035308,"perfold","beta","xgboost",TRUE
"pc1","classif.xgboost.tuned_calib.tunefirst.perfold_beta",0.0659751769065143,"perfold","beta","xgboost",TRUE
"pc1","classif.xgboost.tuned_calib.tunefirst.perfold_beta",0.0464482853162004,"perfold","beta","xgboost",TRUE
"pc1","classif.xgboost.tuned_calib.tunefirst.perfold_beta",0.0342438568437397,"perfold","beta","xgboost",TRUE
"pc1","classif.xgboost.tuned_calib.tunefirst.perfold_beta",0.0456419839713822,"perfold","beta","xgboost",TRUE
"pc1","classif.xgboost.tuned_calib.tunefirst.perfold_beta",0.0541681926419006,"perfold","beta","xgboost",TRUE
"pc1","classif.xgboost.tuned_calib.tunefirst.perfold_beta",0.0853347965308108,"perfold","beta","xgboost",TRUE
"pc1","classif.xgboost.tuned_calib.tunefirst.perfold_beta",0.0555871984258894,"perfold","beta","xgboost",TRUE
"pc1","classif.xgboost.tuned_calib.tunefirst.perfold_beta",0.0327790157020389,"perfold","beta","xgboost",TRUE
"pc1","classif.xgboost.tuned_calib.tunefirst.perfold_beta",0.0836156907419132,"perfold","beta","xgboost",TRUE
"pc1","classif.xgboost.tuned_calib.tunefirst.perfold_isotonic",0.0379061085169639,"perfold","isotonic","xgboost",TRUE
"pc1","classif.xgboost.tuned_calib.tunefirst.perfold_isotonic",0.0731340979071825,"perfold","isotonic","xgboost",TRUE
"pc1","classif.xgboost.tuned_calib.tunefirst.perfold_isotonic",0.0662499293410944,"perfold","isotonic","xgboost",TRUE
"pc1","classif.xgboost.tuned_calib.tunefirst.perfold_isotonic",0.0881154954901027,"perfold","isotonic","xgboost",TRUE
"pc1","classif.xgboost.tuned_calib.tunefirst.perfold_isotonic",0.0929668577619552,"perfold","isotonic","xgboost",TRUE
"pc1","classif.xgboost.tuned_calib.tunefirst.perfold_isotonic",0.0482071382332587,"perfold","isotonic","xgboost",TRUE
"pc1","classif.xgboost.tuned_calib.tunefirst.perfold_isotonic",0.0545880080710659,"perfold","isotonic","xgboost",TRUE
"pc1","classif.xgboost.tuned_calib.tunefirst.perfold_isotonic",0.0365399137358522,"perfold","isotonic","xgboost",TRUE
"pc1","classif.xgboost.tuned_calib.tunefirst.perfold_isotonic",0.0453783685182309,"perfold","isotonic","xgboost",TRUE
"pc1","classif.xgboost.tuned_calib.tunefirst.perfold_isotonic",0.0423798264464617,"perfold","isotonic","xgboost",TRUE
"phoneme","classif.naive_bayes.tuned",0.154482913806514,"none","none","naive_bayes",FALSE
"phoneme","classif.naive_bayes.tuned",0.148590516625589,"none","none","naive_bayes",FALSE
"phoneme","classif.naive_bayes.tuned",0.136332830006581,"none","none","naive_bayes",FALSE
"phoneme","classif.naive_bayes.tuned",0.148205977176386,"none","none","naive_bayes",FALSE
"phoneme","classif.naive_bayes.tuned",0.149129881681575,"none","none","naive_bayes",FALSE
"phoneme","classif.naive_bayes.tuned",0.158724407462197,"none","none","naive_bayes",FALSE
"phoneme","classif.naive_bayes.tuned",0.120656528909274,"none","none","naive_bayes",FALSE
"phoneme","classif.naive_bayes.tuned",0.140328170884486,"none","none","naive_bayes",FALSE
"phoneme","classif.naive_bayes.tuned",0.129346915832702,"none","none","naive_bayes",FALSE
"phoneme","classif.naive_bayes.tuned",0.124918097628836,"none","none","naive_bayes",FALSE
"phoneme","classif.naive_bayes.tuned_calib.oof_platt",0.0841916984840588,"oof","platt","naive_bayes",FALSE
"phoneme","classif.naive_bayes.tuned_calib.oof_platt",0.0658575699475798,"oof","platt","naive_bayes",FALSE
"phoneme","classif.naive_bayes.tuned_calib.oof_platt",0.057981260147928,"oof","platt","naive_bayes",FALSE
"phoneme","classif.naive_bayes.tuned_calib.oof_platt",0.0662734260904153,"oof","platt","naive_bayes",FALSE
"phoneme","classif.naive_bayes.tuned_calib.oof_platt",0.0658537083995993,"oof","platt","naive_bayes",FALSE
"phoneme","classif.naive_bayes.tuned_calib.oof_platt",0.068293165164549,"oof","platt","naive_bayes",FALSE
"phoneme","classif.naive_bayes.tuned_calib.oof_platt",0.0562210012235548,"oof","platt","naive_bayes",FALSE
"phoneme","classif.naive_bayes.tuned_calib.oof_platt",0.0676774681059673,"oof","platt","naive_bayes",FALSE
"phoneme","classif.naive_bayes.tuned_calib.oof_platt",0.0513510811840362,"oof","platt","naive_bayes",FALSE
"phoneme","classif.naive_bayes.tuned_calib.oof_platt",0.0640264190059489,"oof","platt","naive_bayes",FALSE
"phoneme","classif.naive_bayes.tuned_calib.oof_beta",0.0631405683245186,"oof","beta","naive_bayes",FALSE
"phoneme","classif.naive_bayes.tuned_calib.oof_beta",0.0912298219590626,"oof","beta","naive_bayes",FALSE
"phoneme","classif.naive_bayes.tuned_calib.oof_beta",0.0319644133515688,"oof","beta","naive_bayes",FALSE
"phoneme","classif.naive_bayes.tuned_calib.oof_beta",0.0492618215343573,"oof","beta","naive_bayes",FALSE
"phoneme","classif.naive_bayes.tuned_calib.oof_beta",0.0650866760612146,"oof","beta","naive_bayes",FALSE
"phoneme","classif.naive_bayes.tuned_calib.oof_beta",0.0645080704064727,"oof","beta","naive_bayes",FALSE
"phoneme","classif.naive_bayes.tuned_calib.oof_beta",0.0564611557761579,"oof","beta","naive_bayes",FALSE
"phoneme","classif.naive_bayes.tuned_calib.oof_beta",0.0604192492643268,"oof","beta","naive_bayes",FALSE
"phoneme","classif.naive_bayes.tuned_calib.oof_beta",0.0416261209636963,"oof","beta","naive_bayes",FALSE
"phoneme","classif.naive_bayes.tuned_calib.oof_beta",0.0617947855003515,"oof","beta","naive_bayes",FALSE
"phoneme","classif.naive_bayes.tuned_calib.oof_isotonic",0.103018479098945,"oof","isotonic","naive_bayes",FALSE
"phoneme","classif.naive_bayes.tuned_calib.oof_isotonic",0.100838442248466,"oof","isotonic","naive_bayes",FALSE
"phoneme","classif.naive_bayes.tuned_calib.oof_isotonic",0.0981866592940037,"oof","isotonic","naive_bayes",FALSE
"phoneme","classif.naive_bayes.tuned_calib.oof_isotonic",0.096107391060797,"oof","isotonic","naive_bayes",FALSE
"phoneme","classif.naive_bayes.tuned_calib.oof_isotonic",0.066523221665401,"oof","isotonic","naive_bayes",FALSE
"phoneme","classif.naive_bayes.tuned_calib.oof_isotonic",0.127448471250607,"oof","isotonic","naive_bayes",FALSE
"phoneme","classif.naive_bayes.tuned_calib.oof_isotonic",0.076705836894009,"oof","isotonic","naive_bayes",FALSE
"phoneme","classif.naive_bayes.tuned_calib.oof_isotonic",0.144657878066327,"oof","isotonic","naive_bayes",FALSE
"phoneme","classif.naive_bayes.tuned_calib.oof_isotonic",0.0934575154979003,"oof","isotonic","naive_bayes",FALSE
"phoneme","classif.naive_bayes.tuned_calib.oof_isotonic",0.0722863008075191,"oof","isotonic","naive_bayes",FALSE
"phoneme","classif.naive_bayes.tuned_calib.perfold_platt",0.0842196722173118,"perfold","platt","naive_bayes",FALSE
"phoneme","classif.naive_bayes.tuned_calib.perfold_platt",0.0654570393768567,"perfold","platt","naive_bayes",FALSE
"phoneme","classif.naive_bayes.tuned_calib.perfold_platt",0.057687296067463,"perfold","platt","naive_bayes",FALSE
"phoneme","classif.naive_bayes.tuned_calib.perfold_platt",0.0662510034261805,"perfold","platt","naive_bayes",FALSE
"phoneme","classif.naive_bayes.tuned_calib.perfold_platt",0.0624675271831517,"perfold","platt","naive_bayes",FALSE
"phoneme","classif.naive_bayes.tuned_calib.perfold_platt",0.0683713294067077,"perfold","platt","naive_bayes",FALSE
"phoneme","classif.naive_bayes.tuned_calib.perfold_platt",0.0564681336209849,"perfold","platt","naive_bayes",FALSE
"phoneme","classif.naive_bayes.tuned_calib.perfold_platt",0.0679435366806475,"perfold","platt","naive_bayes",FALSE
"phoneme","classif.naive_bayes.tuned_calib.perfold_platt",0.0510875967071456,"perfold","platt","naive_bayes",FALSE
"phoneme","classif.naive_bayes.tuned_calib.perfold_platt",0.0637991400149273,"perfold","platt","naive_bayes",FALSE
"phoneme","classif.naive_bayes.tuned_calib.perfold_beta",0.0624780943044538,"perfold","beta","naive_bayes",FALSE
"phoneme","classif.naive_bayes.tuned_calib.perfold_beta",0.0907626596332954,"perfold","beta","naive_bayes",FALSE
"phoneme","classif.naive_bayes.tuned_calib.perfold_beta",0.0317868048407454,"perfold","beta","naive_bayes",FALSE
"phoneme","classif.naive_bayes.tuned_calib.perfold_beta",0.0496848556275402,"perfold","beta","naive_bayes",FALSE
"phoneme","classif.naive_bayes.tuned_calib.perfold_beta",0.0649061265662588,"perfold","beta","naive_bayes",FALSE
"phoneme","classif.naive_bayes.tuned_calib.perfold_beta",0.0639075055802682,"perfold","beta","naive_bayes",FALSE
"phoneme","classif.naive_bayes.tuned_calib.perfold_beta",0.0552295704154959,"perfold","beta","naive_bayes",FALSE
"phoneme","classif.naive_bayes.tuned_calib.perfold_beta",0.0601163772189271,"perfold","beta","naive_bayes",FALSE
"phoneme","classif.naive_bayes.tuned_calib.perfold_beta",0.0413009979869956,"perfold","beta","naive_bayes",FALSE
"phoneme","classif.naive_bayes.tuned_calib.perfold_beta",0.0612625833845229,"perfold","beta","naive_bayes",FALSE
"phoneme","classif.naive_bayes.tuned_calib.perfold_isotonic",0.0691267292721445,"perfold","isotonic","naive_bayes",FALSE
"phoneme","classif.naive_bayes.tuned_calib.perfold_isotonic",0.0762433540005375,"perfold","isotonic","naive_bayes",FALSE
"phoneme","classif.naive_bayes.tuned_calib.perfold_isotonic",0.0331370008749686,"perfold","isotonic","naive_bayes",FALSE
"phoneme","classif.naive_bayes.tuned_calib.perfold_isotonic",0.0560242599961878,"perfold","isotonic","naive_bayes",FALSE
"phoneme","classif.naive_bayes.tuned_calib.perfold_isotonic",0.0613303635045734,"perfold","isotonic","naive_bayes",FALSE
"phoneme","classif.naive_bayes.tuned_calib.perfold_isotonic",0.0594421690967398,"perfold","isotonic","naive_bayes",FALSE
"phoneme","classif.naive_bayes.tuned_calib.perfold_isotonic",0.074601412152338,"perfold","isotonic","naive_bayes",FALSE
"phoneme","classif.naive_bayes.tuned_calib.perfold_isotonic",0.0877108419664886,"perfold","isotonic","naive_bayes",FALSE
"phoneme","classif.naive_bayes.tuned_calib.perfold_isotonic",0.0986067887235715,"perfold","isotonic","naive_bayes",FALSE
"phoneme","classif.naive_bayes.tuned_calib.perfold_isotonic",0.0547518640501641,"perfold","isotonic","naive_bayes",FALSE
"phoneme","classif.naive_bayes.tuned_calib.tunefirst.oof_platt",0.0805967948980669,"oof","platt","naive_bayes",TRUE
"phoneme","classif.naive_bayes.tuned_calib.tunefirst.oof_platt",0.0658729809556955,"oof","platt","naive_bayes",TRUE
"phoneme","classif.naive_bayes.tuned_calib.tunefirst.oof_platt",0.0578562856575566,"oof","platt","naive_bayes",TRUE
"phoneme","classif.naive_bayes.tuned_calib.tunefirst.oof_platt",0.0661602058020671,"oof","platt","naive_bayes",TRUE
"phoneme","classif.naive_bayes.tuned_calib.tunefirst.oof_platt",0.062186027930762,"oof","platt","naive_bayes",TRUE
"phoneme","classif.naive_bayes.tuned_calib.tunefirst.oof_platt",0.0683606181014986,"oof","platt","naive_bayes",TRUE
"phoneme","classif.naive_bayes.tuned_calib.tunefirst.oof_platt",0.056189196493569,"oof","platt","naive_bayes",TRUE
"phoneme","classif.naive_bayes.tuned_calib.tunefirst.oof_platt",0.0713619831912494,"oof","platt","naive_bayes",TRUE
"phoneme","classif.naive_bayes.tuned_calib.tunefirst.oof_platt",0.0512454701162536,"oof","platt","naive_bayes",TRUE
"phoneme","classif.naive_bayes.tuned_calib.tunefirst.oof_platt",0.0640476688537075,"oof","platt","naive_bayes",TRUE
"phoneme","classif.naive_bayes.tuned_calib.tunefirst.oof_beta",0.0667631280039701,"oof","beta","naive_bayes",TRUE
"phoneme","classif.naive_bayes.tuned_calib.tunefirst.oof_beta",0.0912499057319057,"oof","beta","naive_bayes",TRUE
"phoneme","classif.naive_bayes.tuned_calib.tunefirst.oof_beta",0.0318827790625995,"oof","beta","naive_bayes",TRUE
"phoneme","classif.naive_bayes.tuned_calib.tunefirst.oof_beta",0.0494389553280968,"oof","beta","naive_bayes",TRUE
"phoneme","classif.naive_bayes.tuned_calib.tunefirst.oof_beta",0.0650108938424609,"oof","beta","naive_bayes",TRUE
"phoneme","classif.naive_bayes.tuned_calib.tunefirst.oof_beta",0.0645874405895545,"oof","beta","naive_bayes",TRUE
"phoneme","classif.naive_bayes.tuned_calib.tunefirst.oof_beta",0.0564953564128862,"oof","beta","naive_bayes",TRUE
"phoneme","classif.naive_bayes.tuned_calib.tunefirst.oof_beta",0.0603928108290368,"oof","beta","naive_bayes",TRUE
"phoneme","classif.naive_bayes.tuned_calib.tunefirst.oof_beta",0.0418925530620566,"oof","beta","naive_bayes",TRUE
"phoneme","classif.naive_bayes.tuned_calib.tunefirst.oof_beta",0.0617935929563737,"oof","beta","naive_bayes",TRUE
"phoneme","classif.naive_bayes.tuned_calib.tunefirst.oof_isotonic",0.10798338662805,"oof","isotonic","naive_bayes",TRUE
"phoneme","classif.naive_bayes.tuned_calib.tunefirst.oof_isotonic",0.116116572384596,"oof","isotonic","naive_bayes",TRUE
"phoneme","classif.naive_bayes.tuned_calib.tunefirst.oof_isotonic",0.100560848244955,"oof","isotonic","naive_bayes",TRUE
"phoneme","classif.naive_bayes.tuned_calib.tunefirst.oof_isotonic",0.136433162316911,"oof","isotonic","naive_bayes",TRUE
"phoneme","classif.naive_bayes.tuned_calib.tunefirst.oof_isotonic",0.0801369945773123,"oof","isotonic","naive_bayes",TRUE
"phoneme","classif.naive_bayes.tuned_calib.tunefirst.oof_isotonic",0.103742532275781,"oof","isotonic","naive_bayes",TRUE
"phoneme","classif.naive_bayes.tuned_calib.tunefirst.oof_isotonic",0.0755235615584452,"oof","isotonic","naive_bayes",TRUE
"phoneme","classif.naive_bayes.tuned_calib.tunefirst.oof_isotonic",0.143375248158513,"oof","isotonic","naive_bayes",TRUE
"phoneme","classif.naive_bayes.tuned_calib.tunefirst.oof_isotonic",0.0977154948453321,"oof","isotonic","naive_bayes",TRUE
"phoneme","classif.naive_bayes.tuned_calib.tunefirst.oof_isotonic",0.0761930768094116,"oof","isotonic","naive_bayes",TRUE
"phoneme","classif.naive_bayes.tuned_calib.tunefirst.perfold_platt",0.084216882621206,"perfold","platt","naive_bayes",TRUE
"phoneme","classif.naive_bayes.tuned_calib.tunefirst.perfold_platt",0.0654385915086909,"perfold","platt","naive_bayes",TRUE
"phoneme","classif.naive_bayes.tuned_calib.tunefirst.perfold_platt",0.0574219880694633,"perfold","platt","naive_bayes",TRUE
"phoneme","classif.naive_bayes.tuned_calib.tunefirst.perfold_platt",0.0660003417179409,"perfold","platt","naive_bayes",TRUE
"phoneme","classif.naive_bayes.tuned_calib.tunefirst.perfold_platt",0.0661428704115565,"perfold","platt","naive_bayes",TRUE
"phoneme","classif.naive_bayes.tuned_calib.tunefirst.perfold_platt",0.0684542602228303,"perfold","platt","naive_bayes",TRUE
"phoneme","classif.naive_bayes.tuned_calib.tunefirst.perfold_platt",0.0565802277779998,"perfold","platt","naive_bayes",TRUE
"phoneme","classif.naive_bayes.tuned_calib.tunefirst.perfold_platt",0.0680308831498599,"perfold","platt","naive_bayes",TRUE
"phoneme","classif.naive_bayes.tuned_calib.tunefirst.perfold_platt",0.0511041940705437,"perfold","platt","naive_bayes",TRUE
"phoneme","classif.naive_bayes.tuned_calib.tunefirst.perfold_platt",0.0637622853566112,"perfold","platt","naive_bayes",TRUE
"phoneme","classif.naive_bayes.tuned_calib.tunefirst.perfold_beta",0.0667176603319283,"perfold","beta","naive_bayes",TRUE
"phoneme","classif.naive_bayes.tuned_calib.tunefirst.perfold_beta",0.0909958943619982,"perfold","beta","naive_bayes",TRUE
"phoneme","classif.naive_bayes.tuned_calib.tunefirst.perfold_beta",0.031867831387948,"perfold","beta","naive_bayes",TRUE
"phoneme","classif.naive_bayes.tuned_calib.tunefirst.perfold_beta",0.0458601682098845,"perfold","beta","naive_bayes",TRUE
"phoneme","classif.naive_bayes.tuned_calib.tunefirst.perfold_beta",0.0650270646421839,"perfold","beta","naive_bayes",TRUE
"phoneme","classif.naive_bayes.tuned_calib.tunefirst.perfold_beta",0.0640282230171853,"perfold","beta","naive_bayes",TRUE
"phoneme","classif.naive_bayes.tuned_calib.tunefirst.perfold_beta",0.055582856305319,"perfold","beta","naive_bayes",TRUE
"phoneme","classif.naive_bayes.tuned_calib.tunefirst.perfold_beta",0.0603340108780854,"perfold","beta","naive_bayes",TRUE
"phoneme","classif.naive_bayes.tuned_calib.tunefirst.perfold_beta",0.0414135489589092,"perfold","beta","naive_bayes",TRUE
"phoneme","classif.naive_bayes.tuned_calib.tunefirst.perfold_beta",0.0615412177543584,"perfold","beta","naive_bayes",TRUE
"phoneme","classif.naive_bayes.tuned_calib.tunefirst.perfold_isotonic",0.0779714573371529,"perfold","isotonic","naive_bayes",TRUE
"phoneme","classif.naive_bayes.tuned_calib.tunefirst.perfold_isotonic",0.0691319077661772,"perfold","isotonic","naive_bayes",TRUE
"phoneme","classif.naive_bayes.tuned_calib.tunefirst.perfold_isotonic",0.0829145240433232,"perfold","isotonic","naive_bayes",TRUE
"phoneme","classif.naive_bayes.tuned_calib.tunefirst.perfold_isotonic",0.0445175303670144,"perfold","isotonic","naive_bayes",TRUE
"phoneme","classif.naive_bayes.tuned_calib.tunefirst.perfold_isotonic",0.0403444939154942,"perfold","isotonic","naive_bayes",TRUE
"phoneme","classif.naive_bayes.tuned_calib.tunefirst.perfold_isotonic",0.0689952454935731,"perfold","isotonic","naive_bayes",TRUE
"phoneme","classif.naive_bayes.tuned_calib.tunefirst.perfold_isotonic",0.0434658469567125,"perfold","isotonic","naive_bayes",TRUE
"phoneme","classif.naive_bayes.tuned_calib.tunefirst.perfold_isotonic",0.083346227300753,"perfold","isotonic","naive_bayes",TRUE
"phoneme","classif.naive_bayes.tuned_calib.tunefirst.perfold_isotonic",0.0657489391684481,"perfold","isotonic","naive_bayes",TRUE
"phoneme","classif.naive_bayes.tuned_calib.tunefirst.perfold_isotonic",0.0666748926435184,"perfold","isotonic","naive_bayes",TRUE
"phoneme","classif.ranger.tuned",0.0394238735941344,"none","none","ranger",FALSE
"phoneme","classif.ranger.tuned",0.0579385639690631,"none","none","ranger",FALSE
"phoneme","classif.ranger.tuned",0.0359832394821182,"none","none","ranger",FALSE
"phoneme","classif.ranger.tuned",0.0437033852030662,"none","none","ranger",FALSE
"phoneme","classif.ranger.tuned",0.0531713449919608,"none","none","ranger",FALSE
"phoneme","classif.ranger.tuned",0.061079663332582,"none","none","ranger",FALSE
"phoneme","classif.ranger.tuned",0.0605681353939358,"none","none","ranger",FALSE
"phoneme","classif.ranger.tuned",0.0532123590176811,"none","none","ranger",FALSE
"phoneme","classif.ranger.tuned",0.0368164535340133,"none","none","ranger",FALSE
"phoneme","classif.ranger.tuned",0.043401197867091,"none","none","ranger",FALSE
"phoneme","classif.ranger.tuned_calib.oof_platt",0.0238728639091218,"oof","platt","ranger",FALSE
"phoneme","classif.ranger.tuned_calib.oof_platt",0.0224196903206244,"oof","platt","ranger",FALSE
"phoneme","classif.ranger.tuned_calib.oof_platt",0.0338250276905467,"oof","platt","ranger",FALSE
"phoneme","classif.ranger.tuned_calib.oof_platt",0.0350163479589389,"oof","platt","ranger",FALSE
"phoneme","classif.ranger.tuned_calib.oof_platt",0.0261203915283248,"oof","platt","ranger",FALSE
"phoneme","classif.ranger.tuned_calib.oof_platt",0.0242326843761824,"oof","platt","ranger",FALSE
"phoneme","classif.ranger.tuned_calib.oof_platt",0.0315341893325855,"oof","platt","ranger",FALSE
"phoneme","classif.ranger.tuned_calib.oof_platt",0.0273428125543725,"oof","platt","ranger",FALSE
"phoneme","classif.ranger.tuned_calib.oof_platt",0.0202720679218572,"oof","platt","ranger",FALSE
"phoneme","classif.ranger.tuned_calib.oof_platt",0.0344339521931262,"oof","platt","ranger",FALSE
"phoneme","classif.ranger.tuned_calib.oof_beta",0.0228336330375253,"oof","beta","ranger",FALSE
"phoneme","classif.ranger.tuned_calib.oof_beta",0.028512007924026,"oof","beta","ranger",FALSE
"phoneme","classif.ranger.tuned_calib.oof_beta",0.0276883625137307,"oof","beta","ranger",FALSE
"phoneme","classif.ranger.tuned_calib.oof_beta",0.0314052699473387,"oof","beta","ranger",FALSE
"phoneme","classif.ranger.tuned_calib.oof_beta",0.0294873134959009,"oof","beta","ranger",FALSE
"phoneme","classif.ranger.tuned_calib.oof_beta",0.0329830106036549,"oof","beta","ranger",FALSE
"phoneme","classif.ranger.tuned_calib.oof_beta",0.0331333445630271,"oof","beta","ranger",FALSE
"phoneme","classif.ranger.tuned_calib.oof_beta",0.0344624484960117,"oof","beta","ranger",FALSE
"phoneme","classif.ranger.tuned_calib.oof_beta",0.0326521668367448,"oof","beta","ranger",FALSE
"phoneme","classif.ranger.tuned_calib.oof_beta",0.0256677333342884,"oof","beta","ranger",FALSE
"phoneme","classif.ranger.tuned_calib.oof_isotonic",0.0257216329565911,"oof","isotonic","ranger",FALSE
"phoneme","classif.ranger.tuned_calib.oof_isotonic",0.0318158995179492,"oof","isotonic","ranger",FALSE
"phoneme","classif.ranger.tuned_calib.oof_isotonic",0.028808289441247,"oof","isotonic","ranger",FALSE
"phoneme","classif.ranger.tuned_calib.oof_isotonic",0.0357173118324365,"oof","isotonic","ranger",FALSE
"phoneme","classif.ranger.tuned_calib.oof_isotonic",0.0286843410713707,"oof","isotonic","ranger",FALSE
"phoneme","classif.ranger.tuned_calib.oof_isotonic",0.0267991043554275,"oof","isotonic","ranger",FALSE
"phoneme","classif.ranger.tuned_calib.oof_isotonic",0.0247965262533365,"oof","isotonic","ranger",FALSE
"phoneme","classif.ranger.tuned_calib.oof_isotonic",0.0204006803955863,"oof","isotonic","ranger",FALSE
"phoneme","classif.ranger.tuned_calib.oof_isotonic",0.0276616085940513,"oof","isotonic","ranger",FALSE
"phoneme","classif.ranger.tuned_calib.oof_isotonic",0.0220172892536008,"oof","isotonic","ranger",FALSE
"phoneme","classif.ranger.tuned_calib.perfold_platt",0.0287578650037192,"perfold","platt","ranger",FALSE
"phoneme","classif.ranger.tuned_calib.perfold_platt",0.0254044592664798,"perfold","platt","ranger",FALSE
"phoneme","classif.ranger.tuned_calib.perfold_platt",0.030641031123126,"perfold","platt","ranger",FALSE
"phoneme","classif.ranger.tuned_calib.perfold_platt",0.0315868319370642,"perfold","platt","ranger",FALSE
"phoneme","classif.ranger.tuned_calib.perfold_platt",0.0278672869165803,"perfold","platt","ranger",FALSE
"phoneme","classif.ranger.tuned_calib.perfold_platt",0.0297433014864389,"perfold","platt","ranger",FALSE
"phoneme","classif.ranger.tuned_calib.perfold_platt",0.0245627756700275,"perfold","platt","ranger",FALSE
"phoneme","classif.ranger.tuned_calib.perfold_platt",0.0304927790853806,"perfold","platt","ranger",FALSE
"phoneme","classif.ranger.tuned_calib.perfold_platt",0.0192854956661132,"perfold","platt","ranger",FALSE
"phoneme","classif.ranger.tuned_calib.perfold_platt",0.0332654397085839,"perfold","platt","ranger",FALSE
"phoneme","classif.ranger.tuned_calib.perfold_beta",0.0173730434531501,"perfold","beta","ranger",FALSE
"phoneme","classif.ranger.tuned_calib.perfold_beta",0.0334502577188658,"perfold","beta","ranger",FALSE
"phoneme","classif.ranger.tuned_calib.perfold_beta",0.0245817037500531,"perfold","beta","ranger",FALSE
"phoneme","classif.ranger.tuned_calib.perfold_beta",0.0223579447596767,"perfold","beta","ranger",FALSE
"phoneme","classif.ranger.tuned_calib.perfold_beta",0.0290914431995301,"perfold","beta","ranger",FALSE
"phoneme","classif.ranger.tuned_calib.perfold_beta",0.0232117511881716,"perfold","beta","ranger",FALSE
"phoneme","classif.ranger.tuned_calib.perfold_beta",0.0262673872778636,"perfold","beta","ranger",FALSE
"phoneme","classif.ranger.tuned_calib.perfold_beta",0.0236982544231933,"perfold","beta","ranger",FALSE
"phoneme","classif.ranger.tuned_calib.perfold_beta",0.01924810155104,"perfold","beta","ranger",FALSE
"phoneme","classif.ranger.tuned_calib.perfold_beta",0.0215886921028548,"perfold","beta","ranger",FALSE
"phoneme","classif.ranger.tuned_calib.perfold_isotonic",0.0260017467037207,"perfold","isotonic","ranger",FALSE
"phoneme","classif.ranger.tuned_calib.perfold_isotonic",0.0253321309101122,"perfold","isotonic","ranger",FALSE
"phoneme","classif.ranger.tuned_calib.perfold_isotonic",0.0226763108483526,"perfold","isotonic","ranger",FALSE
"phoneme","classif.ranger.tuned_calib.perfold_isotonic",0.0230207429161175,"perfold","isotonic","ranger",FALSE
"phoneme","classif.ranger.tuned_calib.perfold_isotonic",0.0263349655317766,"perfold","isotonic","ranger",FALSE
"phoneme","classif.ranger.tuned_calib.perfold_isotonic",0.0210363968425425,"perfold","isotonic","ranger",FALSE
"phoneme","classif.ranger.tuned_calib.perfold_isotonic",0.0231726281650317,"perfold","isotonic","ranger",FALSE
"phoneme","classif.ranger.tuned_calib.perfold_isotonic",0.0174220175076802,"perfold","isotonic","ranger",FALSE
"phoneme","classif.ranger.tuned_calib.perfold_isotonic",0.0221552377271577,"perfold","isotonic","ranger",FALSE
"phoneme","classif.ranger.tuned_calib.perfold_isotonic",0.0204015242420125,"perfold","isotonic","ranger",FALSE
"phoneme","classif.ranger.tuned_calib.tunefirst.oof_platt",0.0275820909694208,"oof","platt","ranger",TRUE
"phoneme","classif.ranger.tuned_calib.tunefirst.oof_platt",0.0262738019939862,"oof","platt","ranger",TRUE
"phoneme","classif.ranger.tuned_calib.tunefirst.oof_platt",0.0361577000414023,"oof","platt","ranger",TRUE
"phoneme","classif.ranger.tuned_calib.tunefirst.oof_platt",0.0333692370542609,"oof","platt","ranger",TRUE
"phoneme","classif.ranger.tuned_calib.tunefirst.oof_platt",0.0295275692931292,"oof","platt","ranger",TRUE
"phoneme","classif.ranger.tuned_calib.tunefirst.oof_platt",0.0278956214161224,"oof","platt","ranger",TRUE
"phoneme","classif.ranger.tuned_calib.tunefirst.oof_platt",0.030793268931042,"oof","platt","ranger",TRUE
"phoneme","classif.ranger.tuned_calib.tunefirst.oof_platt",0.0283682849061866,"oof","platt","ranger",TRUE
"phoneme","classif.ranger.tuned_calib.tunefirst.oof_platt",0.02549983596028,"oof","platt","ranger",TRUE
"phoneme","classif.ranger.tuned_calib.tunefirst.oof_platt",0.0333157114117889,"oof","platt","ranger",TRUE
"phoneme","classif.ranger.tuned_calib.tunefirst.oof_beta",0.0302908296061161,"oof","beta","ranger",TRUE
"phoneme","classif.ranger.tuned_calib.tunefirst.oof_beta",0.0276800354874075,"oof","beta","ranger",TRUE
"phoneme","classif.ranger.tuned_calib.tunefirst.oof_beta",0.0227357337777732,"oof","beta","ranger",TRUE
"phoneme","classif.ranger.tuned_calib.tunefirst.oof_beta",0.0362470925561141,"oof","beta","ranger",TRUE
"phoneme","classif.ranger.tuned_calib.tunefirst.oof_beta",0.0223865465124505,"oof","beta","ranger",TRUE
"phoneme","classif.ranger.tuned_calib.tunefirst.oof_beta",0.0348433025120446,"oof","beta","ranger",TRUE
"phoneme","classif.ranger.tuned_calib.tunefirst.oof_beta",0.025145195608963,"oof","beta","ranger",TRUE
"phoneme","classif.ranger.tuned_calib.tunefirst.oof_beta",0.044484265388617,"oof","beta","ranger",TRUE
"phoneme","classif.ranger.tuned_calib.tunefirst.oof_beta",0.0263237367988694,"oof","beta","ranger",TRUE
"phoneme","classif.ranger.tuned_calib.tunefirst.oof_beta",0.0243076051723585,"oof","beta","ranger",TRUE
"phoneme","classif.ranger.tuned_calib.tunefirst.oof_isotonic",0.0237655895809525,"oof","isotonic","ranger",TRUE
"phoneme","classif.ranger.tuned_calib.tunefirst.oof_isotonic",0.0269276821505631,"oof","isotonic","ranger",TRUE
"phoneme","classif.ranger.tuned_calib.tunefirst.oof_isotonic",0.027930656550065,"oof","isotonic","ranger",TRUE
"phoneme","classif.ranger.tuned_calib.tunefirst.oof_isotonic",0.0182904525071439,"oof","isotonic","ranger",TRUE
"phoneme","classif.ranger.tuned_calib.tunefirst.oof_isotonic",0.0316799834694252,"oof","isotonic","ranger",TRUE
"phoneme","classif.ranger.tuned_calib.tunefirst.oof_isotonic",0.0217412826698432,"oof","isotonic","ranger",TRUE
"phoneme","classif.ranger.tuned_calib.tunefirst.oof_isotonic",0.023110849940248,"oof","isotonic","ranger",TRUE
"phoneme","classif.ranger.tuned_calib.tunefirst.oof_isotonic",0.0179438983247812,"oof","isotonic","ranger",TRUE
"phoneme","classif.ranger.tuned_calib.tunefirst.oof_isotonic",0.0302065083568389,"oof","isotonic","ranger",TRUE
"phoneme","classif.ranger.tuned_calib.tunefirst.oof_isotonic",0.025366236707997,"oof","isotonic","ranger",TRUE
"phoneme","classif.ranger.tuned_calib.tunefirst.perfold_platt",0.0257429862835599,"perfold","platt","ranger",TRUE
"phoneme","classif.ranger.tuned_calib.tunefirst.perfold_platt",0.0245530351980371,"perfold","platt","ranger",TRUE
"phoneme","classif.ranger.tuned_calib.tunefirst.perfold_platt",0.0320258582096607,"perfold","platt","ranger",TRUE
"phoneme","classif.ranger.tuned_calib.tunefirst.perfold_platt",0.0306881154043967,"perfold","platt","ranger",TRUE
"phoneme","classif.ranger.tuned_calib.tunefirst.perfold_platt",0.0313661930420703,"perfold","platt","ranger",TRUE
"phoneme","classif.ranger.tuned_calib.tunefirst.perfold_platt",0.0260759514407284,"perfold","platt","ranger",TRUE
"phoneme","classif.ranger.tuned_calib.tunefirst.perfold_platt",0.0249455512775868,"perfold","platt","ranger",TRUE
"phoneme","classif.ranger.tuned_calib.tunefirst.perfold_platt",0.0300684010273305,"perfold","platt","ranger",TRUE
"phoneme","classif.ranger.tuned_calib.tunefirst.perfold_platt",0.0253013935830846,"perfold","platt","ranger",TRUE
"phoneme","classif.ranger.tuned_calib.tunefirst.perfold_platt",0.0327594994088886,"perfold","platt","ranger",TRUE
"phoneme","classif.ranger.tuned_calib.tunefirst.perfold_beta",0.0251197976933174,"perfold","beta","ranger",TRUE
"phoneme","classif.ranger.tuned_calib.tunefirst.perfold_beta",0.0336070153092558,"perfold","beta","ranger",TRUE
"phoneme","classif.ranger.tuned_calib.tunefirst.perfold_beta",0.0273068927794162,"perfold","beta","ranger",TRUE
"phoneme","classif.ranger.tuned_calib.tunefirst.perfold_beta",0.0242564426436359,"perfold","beta","ranger",TRUE
"phoneme","classif.ranger.tuned_calib.tunefirst.perfold_beta",0.0250347829599938,"perfold","beta","ranger",TRUE
"phoneme","classif.ranger.tuned_calib.tunefirst.perfold_beta",0.0270908677304741,"perfold","beta","ranger",TRUE
"phoneme","classif.ranger.tuned_calib.tunefirst.perfold_beta",0.0270385228014912,"perfold","beta","ranger",TRUE
"phoneme","classif.ranger.tuned_calib.tunefirst.perfold_beta",0.028519095583072,"perfold","beta","ranger",TRUE
"phoneme","classif.ranger.tuned_calib.tunefirst.perfold_beta",0.0230517835759968,"perfold","beta","ranger",TRUE
"phoneme","classif.ranger.tuned_calib.tunefirst.perfold_beta",0.0240080876214652,"perfold","beta","ranger",TRUE
"phoneme","classif.ranger.tuned_calib.tunefirst.perfold_isotonic",0.0187327823673021,"perfold","isotonic","ranger",TRUE
"phoneme","classif.ranger.tuned_calib.tunefirst.perfold_isotonic",0.0225770045897828,"perfold","isotonic","ranger",TRUE
"phoneme","classif.ranger.tuned_calib.tunefirst.perfold_isotonic",0.0289599456311198,"perfold","isotonic","ranger",TRUE
"phoneme","classif.ranger.tuned_calib.tunefirst.perfold_isotonic",0.0276798282171326,"perfold","isotonic","ranger",TRUE
"phoneme","classif.ranger.tuned_calib.tunefirst.perfold_isotonic",0.0256490707955991,"perfold","isotonic","ranger",TRUE
"phoneme","classif.ranger.tuned_calib.tunefirst.perfold_isotonic",0.0226774980153445,"perfold","isotonic","ranger",TRUE
"phoneme","classif.ranger.tuned_calib.tunefirst.perfold_isotonic",0.0258065372091895,"perfold","isotonic","ranger",TRUE
"phoneme","classif.ranger.tuned_calib.tunefirst.perfold_isotonic",0.0257352400041684,"perfold","isotonic","ranger",TRUE
"phoneme","classif.ranger.tuned_calib.tunefirst.perfold_isotonic",0.0218011192916278,"perfold","isotonic","ranger",TRUE
"phoneme","classif.ranger.tuned_calib.tunefirst.perfold_isotonic",0.023061691660096,"perfold","isotonic","ranger",TRUE
"phoneme","classif.xgboost.tuned",0.0315420627576241,"none","none","xgboost",FALSE
"phoneme","classif.xgboost.tuned",0.0335807893158396,"none","none","xgboost",FALSE
"phoneme","classif.xgboost.tuned",0.0530060623120659,"none","none","xgboost",FALSE
"phoneme","classif.xgboost.tuned",0.0420401632657116,"none","none","xgboost",FALSE
"phoneme","classif.xgboost.tuned",0.0393390496276509,"none","none","xgboost",FALSE
"phoneme","classif.xgboost.tuned",0.0136770969256759,"none","none","xgboost",FALSE
"phoneme","classif.xgboost.tuned",0.0232271768524327,"none","none","xgboost",FALSE
"phoneme","classif.xgboost.tuned",0.0289280767872023,"none","none","xgboost",FALSE
"phoneme","classif.xgboost.tuned",0.0581155155229782,"none","none","xgboost",FALSE
"phoneme","classif.xgboost.tuned",0.0392637006006462,"none","none","xgboost",FALSE
"phoneme","classif.xgboost.tuned_calib.oof_platt",0.0364240872247188,"oof","platt","xgboost",FALSE
"phoneme","classif.xgboost.tuned_calib.oof_platt",0.0369303342004811,"oof","platt","xgboost",FALSE
"phoneme","classif.xgboost.tuned_calib.oof_platt",0.0588457971121989,"oof","platt","xgboost",FALSE
"phoneme","classif.xgboost.tuned_calib.oof_platt",0.0478498773000836,"oof","platt","xgboost",FALSE
"phoneme","classif.xgboost.tuned_calib.oof_platt",0.0368906853535234,"oof","platt","xgboost",FALSE
"phoneme","classif.xgboost.tuned_calib.oof_platt",0.0392510373067391,"oof","platt","xgboost",FALSE
"phoneme","classif.xgboost.tuned_calib.oof_platt",0.0423053018170099,"oof","platt","xgboost",FALSE
"phoneme","classif.xgboost.tuned_calib.oof_platt",0.043547127504087,"oof","platt","xgboost",FALSE
"phoneme","classif.xgboost.tuned_calib.oof_platt",0.0529189791828134,"oof","platt","xgboost",FALSE
"phoneme","classif.xgboost.tuned_calib.oof_platt",0.0554232160173913,"oof","platt","xgboost",FALSE
"phoneme","classif.xgboost.tuned_calib.oof_beta",0.0319342971756608,"oof","beta","xgboost",FALSE
"phoneme","classif.xgboost.tuned_calib.oof_beta",0.0462489449540689,"oof","beta","xgboost",FALSE
"phoneme","classif.xgboost.tuned_calib.oof_beta",0.0230981212004712,"oof","beta","xgboost",FALSE
"phoneme","classif.xgboost.tuned_calib.oof_beta",0.0257632389108926,"oof","beta","xgboost",FALSE
"phoneme","classif.xgboost.tuned_calib.oof_beta",0.0306864208265517,"oof","beta","xgboost",FALSE
"phoneme","classif.xgboost.tuned_calib.oof_beta",0.0467259217955971,"oof","beta","xgboost",FALSE
"phoneme","classif.xgboost.tuned_calib.oof_beta",0.0406867788725277,"oof","beta","xgboost",FALSE
"phoneme","classif.xgboost.tuned_calib.oof_beta",0.0333558046067036,"oof","beta","xgboost",FALSE
"phoneme","classif.xgboost.tuned_calib.oof_beta",0.0215745882250255,"oof","beta","xgboost",FALSE
"phoneme","classif.xgboost.tuned_calib.oof_beta",0.0335658590917305,"oof","beta","xgboost",FALSE
"phoneme","classif.xgboost.tuned_calib.oof_isotonic",0.0265923584658728,"oof","isotonic","xgboost",FALSE
"phoneme","classif.xgboost.tuned_calib.oof_isotonic",0.0284321806224034,"oof","isotonic","xgboost",FALSE
"phoneme","classif.xgboost.tuned_calib.oof_isotonic",0.0268730216687325,"oof","isotonic","xgboost",FALSE
"phoneme","classif.xgboost.tuned_calib.oof_isotonic",0.0219431172524344,"oof","isotonic","xgboost",FALSE
"phoneme","classif.xgboost.tuned_calib.oof_isotonic",0.0210483445512136,"oof","isotonic","xgboost",FALSE
"phoneme","classif.xgboost.tuned_calib.oof_isotonic",0.037912349381543,"oof","isotonic","xgboost",FALSE
"phoneme","classif.xgboost.tuned_calib.oof_isotonic",0.0332136364286906,"oof","isotonic","xgboost",FALSE
"phoneme","classif.xgboost.tuned_calib.oof_isotonic",0.0431649433283825,"oof","isotonic","xgboost",FALSE
"phoneme","classif.xgboost.tuned_calib.oof_isotonic",0.0263245067954557,"oof","isotonic","xgboost",FALSE
"phoneme","classif.xgboost.tuned_calib.oof_isotonic",0.0419406640193787,"oof","isotonic","xgboost",FALSE
"phoneme","classif.xgboost.tuned_calib.perfold_platt",0.036863149985834,"perfold","platt","xgboost",FALSE
"phoneme","classif.xgboost.tuned_calib.perfold_platt",0.0413050004036891,"perfold","platt","xgboost",FALSE
"phoneme","classif.xgboost.tuned_calib.perfold_platt",0.0577481395158283,"perfold","platt","xgboost",FALSE
"phoneme","classif.xgboost.tuned_calib.perfold_platt",0.0460661577583517,"perfold","platt","xgboost",FALSE
"phoneme","classif.xgboost.tuned_calib.perfold_platt",0.023992168702193,"perfold","platt","xgboost",FALSE
"phoneme","classif.xgboost.tuned_calib.perfold_platt",0.0367028125856867,"perfold","platt","xgboost",FALSE
"phoneme","classif.xgboost.tuned_calib.perfold_platt",0.0392308671805539,"perfold","platt","xgboost",FALSE
"phoneme","classif.xgboost.tuned_calib.perfold_platt",0.0500730471176491,"perfold","platt","xgboost",FALSE
"phoneme","classif.xgboost.tuned_calib.perfold_platt",0.0490984382775085,"perfold","platt","xgboost",FALSE
"phoneme","classif.xgboost.tuned_calib.perfold_platt",0.0551658420276524,"perfold","platt","xgboost",FALSE
"phoneme","classif.xgboost.tuned_calib.perfold_beta",0.0424706381015294,"perfold","beta","xgboost",FALSE
"phoneme","classif.xgboost.tuned_calib.perfold_beta",0.0389383237205392,"perfold","beta","xgboost",FALSE
"phoneme","classif.xgboost.tuned_calib.perfold_beta",0.0271051441262992,"perfold","beta","xgboost",FALSE
"phoneme","classif.xgboost.tuned_calib.perfold_beta",0.0265402434087349,"perfold","beta","xgboost",FALSE
"phoneme","classif.xgboost.tuned_calib.perfold_beta",0.0248342162313484,"perfold","beta","xgboost",FALSE
"phoneme","classif.xgboost.tuned_calib.perfold_beta",0.0417785738824238,"perfold","beta","xgboost",FALSE
"phoneme","classif.xgboost.tuned_calib.perfold_beta",0.0178236569868276,"perfold","beta","xgboost",FALSE
"phoneme","classif.xgboost.tuned_calib.perfold_beta",0.0161482360267376,"perfold","beta","xgboost",FALSE
"phoneme","classif.xgboost.tuned_calib.perfold_beta",0.0319970319316255,"perfold","beta","xgboost",FALSE
"phoneme","classif.xgboost.tuned_calib.perfold_beta",0.0307170959741022,"perfold","beta","xgboost",FALSE
"phoneme","classif.xgboost.tuned_calib.perfold_isotonic",0.027747796830387,"perfold","isotonic","xgboost",FALSE
"phoneme","classif.xgboost.tuned_calib.perfold_isotonic",0.0482773537146813,"perfold","isotonic","xgboost",FALSE
"phoneme","classif.xgboost.tuned_calib.perfold_isotonic",0.0312413641141679,"perfold","isotonic","xgboost",FALSE
"phoneme","classif.xgboost.tuned_calib.perfold_isotonic",0.0335405025340084,"perfold","isotonic","xgboost",FALSE
"phoneme","classif.xgboost.tuned_calib.perfold_isotonic",0.0307191494831359,"perfold","isotonic","xgboost",FALSE
"phoneme","classif.xgboost.tuned_calib.perfold_isotonic",0.0542418154427448,"perfold","isotonic","xgboost",FALSE
"phoneme","classif.xgboost.tuned_calib.perfold_isotonic",0.0350890898032521,"perfold","isotonic","xgboost",FALSE
"phoneme","classif.xgboost.tuned_calib.perfold_isotonic",0.0194445994937011,"perfold","isotonic","xgboost",FALSE
"phoneme","classif.xgboost.tuned_calib.perfold_isotonic",0.033070198022928,"perfold","isotonic","xgboost",FALSE
"phoneme","classif.xgboost.tuned_calib.perfold_isotonic",0.0393347197566076,"perfold","isotonic","xgboost",FALSE
"phoneme","classif.xgboost.tuned_calib.tunefirst.oof_platt",0.0485803904873627,"oof","platt","xgboost",TRUE
"phoneme","classif.xgboost.tuned_calib.tunefirst.oof_platt",0.0405222787609304,"oof","platt","xgboost",TRUE
"phoneme","classif.xgboost.tuned_calib.tunefirst.oof_platt",0.0625450499010613,"oof","platt","xgboost",TRUE
"phoneme","classif.xgboost.tuned_calib.tunefirst.oof_platt",0.0468964485281767,"oof","platt","xgboost",TRUE
"phoneme","classif.xgboost.tuned_calib.tunefirst.oof_platt",0.026845348000909,"oof","platt","xgboost",TRUE
"phoneme","classif.xgboost.tuned_calib.tunefirst.oof_platt",0.0406417648899392,"oof","platt","xgboost",TRUE
"phoneme","classif.xgboost.tuned_calib.tunefirst.oof_platt",0.0514294550432222,"oof","platt","xgboost",TRUE
"phoneme","classif.xgboost.tuned_calib.tunefirst.oof_platt",0.053133846645894,"oof","platt","xgboost",TRUE
"phoneme","classif.xgboost.tuned_calib.tunefirst.oof_platt",0.038857095792145,"oof","platt","xgboost",TRUE
"phoneme","classif.xgboost.tuned_calib.tunefirst.oof_platt",0.0594215260444748,"oof","platt","xgboost",TRUE
"phoneme","classif.xgboost.tuned_calib.tunefirst.oof_beta",0.0329231004932852,"oof","beta","xgboost",TRUE
"phoneme","classif.xgboost.tuned_calib.tunefirst.oof_beta",0.0386999395239141,"oof","beta","xgboost",TRUE
"phoneme","classif.xgboost.tuned_calib.tunefirst.oof_beta",0.02369052710776,"oof","beta","xgboost",TRUE
"phoneme","classif.xgboost.tuned_calib.tunefirst.oof_beta",0.0166037867141121,"oof","beta","xgboost",TRUE
"phoneme","classif.xgboost.tuned_calib.tunefirst.oof_beta",0.0262972664619791,"oof","beta","xgboost",TRUE
"phoneme","classif.xgboost.tuned_calib.tunefirst.oof_beta",0.0336606967305312,"oof","beta","xgboost",TRUE
"phoneme","classif.xgboost.tuned_calib.tunefirst.oof_beta",0.029992736837356,"oof","beta","xgboost",TRUE
"phoneme","classif.xgboost.tuned_calib.tunefirst.oof_beta",0.0268245449611004,"oof","beta","xgboost",TRUE
"phoneme","classif.xgboost.tuned_calib.tunefirst.oof_beta",0.0274984021041946,"oof","beta","xgboost",TRUE
"phoneme","classif.xgboost.tuned_calib.tunefirst.oof_beta",0.034596819196807,"oof","beta","xgboost",TRUE
"phoneme","classif.xgboost.tuned_calib.tunefirst.oof_isotonic",0.0340420930015952,"oof","isotonic","xgboost",TRUE
"phoneme","classif.xgboost.tuned_calib.tunefirst.oof_isotonic",0.0309658549353379,"oof","isotonic","xgboost",TRUE
"phoneme","classif.xgboost.tuned_calib.tunefirst.oof_isotonic",0.0313803255330124,"oof","isotonic","xgboost",TRUE
"phoneme","classif.xgboost.tuned_calib.tunefirst.oof_isotonic",0.0185558739074581,"oof","isotonic","xgboost",TRUE
"phoneme","classif.xgboost.tuned_calib.tunefirst.oof_isotonic",0.0366281499074203,"oof","isotonic","xgboost",TRUE
"phoneme","classif.xgboost.tuned_calib.tunefirst.oof_isotonic",0.0327747872154317,"oof","isotonic","xgboost",TRUE
"phoneme","classif.xgboost.tuned_calib.tunefirst.oof_isotonic",0.0307540752019483,"oof","isotonic","xgboost",TRUE
"phoneme","classif.xgboost.tuned_calib.tunefirst.oof_isotonic",0.0345868770710209,"oof","isotonic","xgboost",TRUE
"phoneme","classif.xgboost.tuned_calib.tunefirst.oof_isotonic",0.0293224672645381,"oof","isotonic","xgboost",TRUE
"phoneme","classif.xgboost.tuned_calib.tunefirst.oof_isotonic",0.0342407630859396,"oof","isotonic","xgboost",TRUE
"phoneme","classif.xgboost.tuned_calib.tunefirst.perfold_platt",0.0443172166863896,"perfold","platt","xgboost",TRUE
"phoneme","classif.xgboost.tuned_calib.tunefirst.perfold_platt",0.0379924411655489,"perfold","platt","xgboost",TRUE
"phoneme","classif.xgboost.tuned_calib.tunefirst.perfold_platt",0.0647325003860662,"perfold","platt","xgboost",TRUE
"phoneme","classif.xgboost.tuned_calib.tunefirst.perfold_platt",0.0395232557549101,"perfold","platt","xgboost",TRUE
"phoneme","classif.xgboost.tuned_calib.tunefirst.perfold_platt",0.038298289281073,"perfold","platt","xgboost",TRUE
"phoneme","classif.xgboost.tuned_calib.tunefirst.perfold_platt",0.033649738261934,"perfold","platt","xgboost",TRUE
"phoneme","classif.xgboost.tuned_calib.tunefirst.perfold_platt",0.0367492365758432,"perfold","platt","xgboost",TRUE
"phoneme","classif.xgboost.tuned_calib.tunefirst.perfold_platt",0.0471147455297027,"perfold","platt","xgboost",TRUE
"phoneme","classif.xgboost.tuned_calib.tunefirst.perfold_platt",0.0452008892366356,"perfold","platt","xgboost",TRUE
"phoneme","classif.xgboost.tuned_calib.tunefirst.perfold_platt",0.0505588181967954,"perfold","platt","xgboost",TRUE
"phoneme","classif.xgboost.tuned_calib.tunefirst.perfold_beta",0.0336753308892901,"perfold","beta","xgboost",TRUE
"phoneme","classif.xgboost.tuned_calib.tunefirst.perfold_beta",0.0675678520316275,"perfold","beta","xgboost",TRUE
"phoneme","classif.xgboost.tuned_calib.tunefirst.perfold_beta",0.0258214909231862,"perfold","beta","xgboost",TRUE
"phoneme","classif.xgboost.tuned_calib.tunefirst.perfold_beta",0.0194918043334891,"perfold","beta","xgboost",TRUE
"phoneme","classif.xgboost.tuned_calib.tunefirst.perfold_beta",0.0457998136102347,"perfold","beta","xgboost",TRUE
"phoneme","classif.xgboost.tuned_calib.tunefirst.perfold_beta",0.0370746676737924,"perfold","beta","xgboost",TRUE
"phoneme","classif.xgboost.tuned_calib.tunefirst.perfold_beta",0.0191561917810567,"perfold","beta","xgboost",TRUE
"phoneme","classif.xgboost.tuned_calib.tunefirst.perfold_beta",0.021761416669254,"perfold","beta","xgboost",TRUE
"phoneme","classif.xgboost.tuned_calib.tunefirst.perfold_beta",0.0208166715853446,"perfold","beta","xgboost",TRUE
"phoneme","classif.xgboost.tuned_calib.tunefirst.perfold_beta",0.0273928890269258,"perfold","beta","xgboost",TRUE
"phoneme","classif.xgboost.tuned_calib.tunefirst.perfold_isotonic",0.0276132096382677,"perfold","isotonic","xgboost",TRUE
"phoneme","classif.xgboost.tuned_calib.tunefirst.perfold_isotonic",0.0275076376119832,"perfold","isotonic","xgboost",TRUE
"phoneme","classif.xgboost.tuned_calib.tunefirst.perfold_isotonic",0.0282022663001268,"perfold","isotonic","xgboost",TRUE
"phoneme","classif.xgboost.tuned_calib.tunefirst.perfold_isotonic",0.0193792820443475,"perfold","isotonic","xgboost",TRUE
"phoneme","classif.xgboost.tuned_calib.tunefirst.perfold_isotonic",0.0381609581296045,"perfold","isotonic","xgboost",TRUE
"phoneme","classif.xgboost.tuned_calib.tunefirst.perfold_isotonic",0.0286980810643433,"perfold","isotonic","xgboost",TRUE
"phoneme","classif.xgboost.tuned_calib.tunefirst.perfold_isotonic",0.0243301843657939,"perfold","isotonic","xgboost",TRUE
"phoneme","classif.xgboost.tuned_calib.tunefirst.perfold_isotonic",0.0231609098536743,"perfold","isotonic","xgboost",TRUE
"phoneme","classif.xgboost.tuned_calib.tunefirst.perfold_isotonic",0.0270231453318375,"perfold","isotonic","xgboost",TRUE
"phoneme","classif.xgboost.tuned_calib.tunefirst.perfold_isotonic",0.0425732915493613,"perfold","isotonic","xgboost",TRUE
"qsar-biodeg","classif.naive_bayes.tuned",0.263085175755414,"none","none","naive_bayes",FALSE
"qsar-biodeg","classif.naive_bayes.tuned",0.260535519593795,"none","none","naive_bayes",FALSE
"qsar-biodeg","classif.naive_bayes.tuned",0.346588501058904,"none","none","naive_bayes",FALSE
"qsar-biodeg","classif.naive_bayes.tuned",0.25429647043328,"none","none","naive_bayes",FALSE
"qsar-biodeg","classif.naive_bayes.tuned",0.23498631050975,"none","none","naive_bayes",FALSE
"qsar-biodeg","classif.naive_bayes.tuned",0.319068911756583,"none","none","naive_bayes",FALSE
"qsar-biodeg","classif.naive_bayes.tuned",0.262248925958518,"none","none","naive_bayes",FALSE
"qsar-biodeg","classif.naive_bayes.tuned",0.288151647545037,"none","none","naive_bayes",FALSE
"qsar-biodeg","classif.naive_bayes.tuned",0.314246632244177,"none","none","naive_bayes",FALSE
"qsar-biodeg","classif.naive_bayes.tuned",0.25156966960723,"none","none","naive_bayes",FALSE
"qsar-biodeg","classif.naive_bayes.tuned_calib.oof_platt",0.13522002615716,"oof","platt","naive_bayes",FALSE
"qsar-biodeg","classif.naive_bayes.tuned_calib.oof_platt",0.162196997813341,"oof","platt","naive_bayes",FALSE
"qsar-biodeg","classif.naive_bayes.tuned_calib.oof_platt",0.193345295600457,"oof","platt","naive_bayes",FALSE
"qsar-biodeg","classif.naive_bayes.tuned_calib.oof_platt",0.198053232403024,"oof","platt","naive_bayes",FALSE
"qsar-biodeg","classif.naive_bayes.tuned_calib.oof_platt",0.186335975170394,"oof","platt","naive_bayes",FALSE
"qsar-biodeg","classif.naive_bayes.tuned_calib.oof_platt",0.163564783806733,"oof","platt","naive_bayes",FALSE
"qsar-biodeg","classif.naive_bayes.tuned_calib.oof_platt",0.201822781343211,"oof","platt","naive_bayes",FALSE
"qsar-biodeg","classif.naive_bayes.tuned_calib.oof_platt",0.171956866853208,"oof","platt","naive_bayes",FALSE
"qsar-biodeg","classif.naive_bayes.tuned_calib.oof_platt",0.227114909752151,"oof","platt","naive_bayes",FALSE
"qsar-biodeg","classif.naive_bayes.tuned_calib.oof_platt",0.137988527119242,"oof","platt","naive_bayes",FALSE
"qsar-biodeg","classif.naive_bayes.tuned_calib.oof_beta",0.119761185193881,"oof","beta","naive_bayes",FALSE
"qsar-biodeg","classif.naive_bayes.tuned_calib.oof_beta",0.0686453517029712,"oof","beta","naive_bayes",FALSE
"qsar-biodeg","classif.naive_bayes.tuned_calib.oof_beta",0.11814330194926,"oof","beta","naive_bayes",FALSE
"qsar-biodeg","classif.naive_bayes.tuned_calib.oof_beta",0.123755397622244,"oof","beta","naive_bayes",FALSE
"qsar-biodeg","classif.naive_bayes.tuned_calib.oof_beta",0.0853133307570426,"oof","beta","naive_bayes",FALSE
"qsar-biodeg","classif.naive_bayes.tuned_calib.oof_beta",0.072377598419967,"oof","beta","naive_bayes",FALSE
"qsar-biodeg","classif.naive_bayes.tuned_calib.oof_beta",0.0737376368676328,"oof","beta","naive_bayes",FALSE
"qsar-biodeg","classif.naive_bayes.tuned_calib.oof_beta",0.155582923441121,"oof","beta","naive_bayes",FALSE
"qsar-biodeg","classif.naive_bayes.tuned_calib.oof_beta",0.109147432653504,"oof","beta","naive_bayes",FALSE
"qsar-biodeg","classif.naive_bayes.tuned_calib.oof_beta",0.098094480540319,"oof","beta","naive_bayes",FALSE
"qsar-biodeg","classif.naive_bayes.tuned_calib.oof_isotonic",0.0829466174285281,"oof","isotonic","naive_bayes",FALSE
"qsar-biodeg","classif.naive_bayes.tuned_calib.oof_isotonic",0.0593793021896977,"oof","isotonic","naive_bayes",FALSE
"qsar-biodeg","classif.naive_bayes.tuned_calib.oof_isotonic",0.0751782346878334,"oof","isotonic","naive_bayes",FALSE
"qsar-biodeg","classif.naive_bayes.tuned_calib.oof_isotonic",0.140893831242042,"oof","isotonic","naive_bayes",FALSE
"qsar-biodeg","classif.naive_bayes.tuned_calib.oof_isotonic",0.10726990672079,"oof","isotonic","naive_bayes",FALSE
"qsar-biodeg","classif.naive_bayes.tuned_calib.oof_isotonic",0.118460271174586,"oof","isotonic","naive_bayes",FALSE
"qsar-biodeg","classif.naive_bayes.tuned_calib.oof_isotonic",0.0801339759867904,"oof","isotonic","naive_bayes",FALSE
"qsar-biodeg","classif.naive_bayes.tuned_calib.oof_isotonic",0.114999077641653,"oof","isotonic","naive_bayes",FALSE
"qsar-biodeg","classif.naive_bayes.tuned_calib.oof_isotonic",0.104996975040111,"oof","isotonic","naive_bayes",FALSE
"qsar-biodeg","classif.naive_bayes.tuned_calib.oof_isotonic",0.0881541921669299,"oof","isotonic","naive_bayes",FALSE
"qsar-biodeg","classif.naive_bayes.tuned_calib.perfold_platt",0.140551492853451,"perfold","platt","naive_bayes",FALSE
"qsar-biodeg","classif.naive_bayes.tuned_calib.perfold_platt",0.160177655325623,"perfold","platt","naive_bayes",FALSE
"qsar-biodeg","classif.naive_bayes.tuned_calib.perfold_platt",0.211720322822623,"perfold","platt","naive_bayes",FALSE
"qsar-biodeg","classif.naive_bayes.tuned_calib.perfold_platt",0.214576836923815,"perfold","platt","naive_bayes",FALSE
"qsar-biodeg","classif.naive_bayes.tuned_calib.perfold_platt",0.186114784550783,"perfold","platt","naive_bayes",FALSE
"qsar-biodeg","classif.naive_bayes.tuned_calib.perfold_platt",0.171797477762831,"perfold","platt","naive_bayes",FALSE
"qsar-biodeg","classif.naive_bayes.tuned_calib.perfold_platt",0.20463731540634,"perfold","platt","naive_bayes",FALSE
"qsar-biodeg","classif.naive_bayes.tuned_calib.perfold_platt",0.184561548563698,"perfold","platt","naive_bayes",FALSE
"qsar-biodeg","classif.naive_bayes.tuned_calib.perfold_platt",0.22746625288226,"perfold","platt","naive_bayes",FALSE
"qsar-biodeg","classif.naive_bayes.tuned_calib.perfold_platt",0.172404521418523,"perfold","platt","naive_bayes",FALSE
"qsar-biodeg","classif.naive_bayes.tuned_calib.perfold_beta",0.0924461379845529,"perfold","beta","naive_bayes",FALSE
"qsar-biodeg","classif.naive_bayes.tuned_calib.perfold_beta",0.0718588486057541,"perfold","beta","naive_bayes",FALSE
"qsar-biodeg","classif.naive_bayes.tuned_calib.perfold_beta",0.118183395196772,"perfold","beta","naive_bayes",FALSE
"qsar-biodeg","classif.naive_bayes.tuned_calib.perfold_beta",0.124533261879146,"perfold","beta","naive_bayes",FALSE
"qsar-biodeg","classif.naive_bayes.tuned_calib.perfold_beta",0.08616353226661,"perfold","beta","naive_bayes",FALSE
"qsar-biodeg","classif.naive_bayes.tuned_calib.perfold_beta",0.0809228029184166,"perfold","beta","naive_bayes",FALSE
"qsar-biodeg","classif.naive_bayes.tuned_calib.perfold_beta",0.0741612349505302,"perfold","beta","naive_bayes",FALSE
"qsar-biodeg","classif.naive_bayes.tuned_calib.perfold_beta",0.151461077461513,"perfold","beta","naive_bayes",FALSE
"qsar-biodeg","classif.naive_bayes.tuned_calib.perfold_beta",0.116227239892704,"perfold","beta","naive_bayes",FALSE
"qsar-biodeg","classif.naive_bayes.tuned_calib.perfold_beta",0.0590230569775318,"perfold","beta","naive_bayes",FALSE
"qsar-biodeg","classif.naive_bayes.tuned_calib.perfold_isotonic",0.0726390921476485,"perfold","isotonic","naive_bayes",FALSE
"qsar-biodeg","classif.naive_bayes.tuned_calib.perfold_isotonic",0.068159456359519,"perfold","isotonic","naive_bayes",FALSE
"qsar-biodeg","classif.naive_bayes.tuned_calib.perfold_isotonic",0.0909682008994138,"perfold","isotonic","naive_bayes",FALSE
"qsar-biodeg","classif.naive_bayes.tuned_calib.perfold_isotonic",0.106666794304352,"perfold","isotonic","naive_bayes",FALSE
"qsar-biodeg","classif.naive_bayes.tuned_calib.perfold_isotonic",0.0884119426228222,"perfold","isotonic","naive_bayes",FALSE
"qsar-biodeg","classif.naive_bayes.tuned_calib.perfold_isotonic",0.0715513082635196,"perfold","isotonic","naive_bayes",FALSE
"qsar-biodeg","classif.naive_bayes.tuned_calib.perfold_isotonic",0.0593277903837064,"perfold","isotonic","naive_bayes",FALSE
"qsar-biodeg","classif.naive_bayes.tuned_calib.perfold_isotonic",0.126358650556469,"perfold","isotonic","naive_bayes",FALSE
"qsar-biodeg","classif.naive_bayes.tuned_calib.perfold_isotonic",0.0664529361300039,"perfold","isotonic","naive_bayes",FALSE
"qsar-biodeg","classif.naive_bayes.tuned_calib.perfold_isotonic",0.0690112368333331,"perfold","isotonic","naive_bayes",FALSE
"qsar-biodeg","classif.naive_bayes.tuned_calib.tunefirst.oof_platt",0.14574852537349,"oof","platt","naive_bayes",TRUE
"qsar-biodeg","classif.naive_bayes.tuned_calib.tunefirst.oof_platt",0.157444044860726,"oof","platt","naive_bayes",TRUE
"qsar-biodeg","classif.naive_bayes.tuned_calib.tunefirst.oof_platt",0.194430584407833,"oof","platt","naive_bayes",TRUE
"qsar-biodeg","classif.naive_bayes.tuned_calib.tunefirst.oof_platt",0.218670008837353,"oof","platt","naive_bayes",TRUE
"qsar-biodeg","classif.naive_bayes.tuned_calib.tunefirst.oof_platt",0.18961511014221,"oof","platt","naive_bayes",TRUE
"qsar-biodeg","classif.naive_bayes.tuned_calib.tunefirst.oof_platt",0.162429006251413,"oof","platt","naive_bayes",TRUE
"qsar-biodeg","classif.naive_bayes.tuned_calib.tunefirst.oof_platt",0.205659787983811,"oof","platt","naive_bayes",TRUE
"qsar-biodeg","classif.naive_bayes.tuned_calib.tunefirst.oof_platt",0.176265203026563,"oof","platt","naive_bayes",TRUE
"qsar-biodeg","classif.naive_bayes.tuned_calib.tunefirst.oof_platt",0.226994665356508,"oof","platt","naive_bayes",TRUE
"qsar-biodeg","classif.naive_bayes.tuned_calib.tunefirst.oof_platt",0.155114513221743,"oof","platt","naive_bayes",TRUE
"qsar-biodeg","classif.naive_bayes.tuned_calib.tunefirst.oof_beta",0.114064343457218,"oof","beta","naive_bayes",TRUE
"qsar-biodeg","classif.naive_bayes.tuned_calib.tunefirst.oof_beta",0.0618581840542674,"oof","beta","naive_bayes",TRUE
"qsar-biodeg","classif.naive_bayes.tuned_calib.tunefirst.oof_beta",0.118591099760763,"oof","beta","naive_bayes",TRUE
"qsar-biodeg","classif.naive_bayes.tuned_calib.tunefirst.oof_beta",0.119169542743646,"oof","beta","naive_bayes",TRUE
"qsar-biodeg","classif.naive_bayes.tuned_calib.tunefirst.oof_beta",0.0932817469670887,"oof","beta","naive_bayes",TRUE
"qsar-biodeg","classif.naive_bayes.tuned_calib.tunefirst.oof_beta",0.0897974446028951,"oof","beta","naive_bayes",TRUE
"qsar-biodeg","classif.naive_bayes.tuned_calib.tunefirst.oof_beta",0.0954721769198299,"oof","beta","naive_bayes",TRUE
"qsar-biodeg","classif.naive_bayes.tuned_calib.tunefirst.oof_beta",0.142217654714455,"oof","beta","naive_bayes",TRUE
"qsar-biodeg","classif.naive_bayes.tuned_calib.tunefirst.oof_beta",0.104505470045602,"oof","beta","naive_bayes",TRUE
"qsar-biodeg","classif.naive_bayes.tuned_calib.tunefirst.oof_beta",0.0821425309943523,"oof","beta","naive_bayes",TRUE
"qsar-biodeg","classif.naive_bayes.tuned_calib.tunefirst.oof_isotonic",0.0932876447514757,"oof","isotonic","naive_bayes",TRUE
"qsar-biodeg","classif.naive_bayes.tuned_calib.tunefirst.oof_isotonic",0.0597966993575104,"oof","isotonic","naive_bayes",TRUE
"qsar-biodeg","classif.naive_bayes.tuned_calib.tunefirst.oof_isotonic",0.0896619032159878,"oof","isotonic","naive_bayes",TRUE
"qsar-biodeg","classif.naive_bayes.tuned_calib.tunefirst.oof_isotonic",0.0807609559420598,"oof","isotonic","naive_bayes",TRUE
"qsar-biodeg","classif.naive_bayes.tuned_calib.tunefirst.oof_isotonic",0.14045308937116,"oof","isotonic","naive_bayes",TRUE
"qsar-biodeg","classif.naive_bayes.tuned_calib.tunefirst.oof_isotonic",0.112862327767007,"oof","isotonic","naive_bayes",TRUE
"qsar-biodeg","classif.naive_bayes.tuned_calib.tunefirst.oof_isotonic",0.0668220965654898,"oof","isotonic","naive_bayes",TRUE
"qsar-biodeg","classif.naive_bayes.tuned_calib.tunefirst.oof_isotonic",0.137651076967147,"oof","isotonic","naive_bayes",TRUE
"qsar-biodeg","classif.naive_bayes.tuned_calib.tunefirst.oof_isotonic",0.125557575215941,"oof","isotonic","naive_bayes",TRUE
"qsar-biodeg","classif.naive_bayes.tuned_calib.tunefirst.oof_isotonic",0.0793313564572716,"oof","isotonic","naive_bayes",TRUE
"qsar-biodeg","classif.naive_bayes.tuned_calib.tunefirst.perfold_platt",0.146931182435272,"perfold","platt","naive_bayes",TRUE
"qsar-biodeg","classif.naive_bayes.tuned_calib.tunefirst.perfold_platt",0.166509063504844,"perfold","platt","naive_bayes",TRUE
"qsar-biodeg","classif.naive_bayes.tuned_calib.tunefirst.perfold_platt",0.211578165437657,"perfold","platt","naive_bayes",TRUE
"qsar-biodeg","classif.naive_bayes.tuned_calib.tunefirst.perfold_platt",0.197173429203867,"perfold","platt","naive_bayes",TRUE
"qsar-biodeg","classif.naive_bayes.tuned_calib.tunefirst.perfold_platt",0.188456548619682,"perfold","platt","naive_bayes",TRUE
"qsar-biodeg","classif.naive_bayes.tuned_calib.tunefirst.perfold_platt",0.163069273553425,"perfold","platt","naive_bayes",TRUE
"qsar-biodeg","classif.naive_bayes.tuned_calib.tunefirst.perfold_platt",0.19877013343753,"perfold","platt","naive_bayes",TRUE
"qsar-biodeg","classif.naive_bayes.tuned_calib.tunefirst.perfold_platt",0.174728455299198,"perfold","platt","naive_bayes",TRUE
"qsar-biodeg","classif.naive_bayes.tuned_calib.tunefirst.perfold_platt",0.227671949634736,"perfold","platt","naive_bayes",TRUE
"qsar-biodeg","classif.naive_bayes.tuned_calib.tunefirst.perfold_platt",0.146180017277611,"perfold","platt","naive_bayes",TRUE
"qsar-biodeg","classif.naive_bayes.tuned_calib.tunefirst.perfold_beta",0.10570475997353,"perfold","beta","naive_bayes",TRUE
"qsar-biodeg","classif.naive_bayes.tuned_calib.tunefirst.perfold_beta",0.0686246834856091,"perfold","beta","naive_bayes",TRUE
"qsar-biodeg","classif.naive_bayes.tuned_calib.tunefirst.perfold_beta",0.116877773084055,"perfold","beta","naive_bayes",TRUE
"qsar-biodeg","classif.naive_bayes.tuned_calib.tunefirst.perfold_beta",0.146389224389642,"perfold","beta","naive_bayes",TRUE
"qsar-biodeg","classif.naive_bayes.tuned_calib.tunefirst.perfold_beta",0.100040496209624,"perfold","beta","naive_bayes",TRUE
"qsar-biodeg","classif.naive_bayes.tuned_calib.tunefirst.perfold_beta",0.0698275931099532,"perfold","beta","naive_bayes",TRUE
"qsar-biodeg","classif.naive_bayes.tuned_calib.tunefirst.perfold_beta",0.0752914675961332,"perfold","beta","naive_bayes",TRUE
"qsar-biodeg","classif.naive_bayes.tuned_calib.tunefirst.perfold_beta",0.151678878924959,"perfold","beta","naive_bayes",TRUE
"qsar-biodeg","classif.naive_bayes.tuned_calib.tunefirst.perfold_beta",0.130504020196795,"perfold","beta","naive_bayes",TRUE
"qsar-biodeg","classif.naive_bayes.tuned_calib.tunefirst.perfold_beta",0.0598787480939442,"perfold","beta","naive_bayes",TRUE
"qsar-biodeg","classif.naive_bayes.tuned_calib.tunefirst.perfold_isotonic",0.0777536606281301,"perfold","isotonic","naive_bayes",TRUE
"qsar-biodeg","classif.naive_bayes.tuned_calib.tunefirst.perfold_isotonic",0.0702594897530378,"perfold","isotonic","naive_bayes",TRUE
"qsar-biodeg","classif.naive_bayes.tuned_calib.tunefirst.perfold_isotonic",0.0963681678424014,"perfold","isotonic","naive_bayes",TRUE
"qsar-biodeg","classif.naive_bayes.tuned_calib.tunefirst.perfold_isotonic",0.096947475666788,"perfold","isotonic","naive_bayes",TRUE
"qsar-biodeg","classif.naive_bayes.tuned_calib.tunefirst.perfold_isotonic",0.0833140198026002,"perfold","isotonic","naive_bayes",TRUE
"qsar-biodeg","classif.naive_bayes.tuned_calib.tunefirst.perfold_isotonic",0.103163850386337,"perfold","isotonic","naive_bayes",TRUE
"qsar-biodeg","classif.naive_bayes.tuned_calib.tunefirst.perfold_isotonic",0.0635593267997881,"perfold","isotonic","naive_bayes",TRUE
"qsar-biodeg","classif.naive_bayes.tuned_calib.tunefirst.perfold_isotonic",0.125407268668494,"perfold","isotonic","naive_bayes",TRUE
"qsar-biodeg","classif.naive_bayes.tuned_calib.tunefirst.perfold_isotonic",0.0800672902889462,"perfold","isotonic","naive_bayes",TRUE
"qsar-biodeg","classif.naive_bayes.tuned_calib.tunefirst.perfold_isotonic",0.0457830974141311,"perfold","isotonic","naive_bayes",TRUE
"qsar-biodeg","classif.ranger.tuned",0.0805051158466168,"none","none","ranger",FALSE
"qsar-biodeg","classif.ranger.tuned",0.0938219986981418,"none","none","ranger",FALSE
"qsar-biodeg","classif.ranger.tuned",0.119525635091673,"none","none","ranger",FALSE
"qsar-biodeg","classif.ranger.tuned",0.0780483781500042,"none","none","ranger",FALSE
"qsar-biodeg","classif.ranger.tuned",0.118655512927552,"none","none","ranger",FALSE
"qsar-biodeg","classif.ranger.tuned",0.0519497183619321,"none","none","ranger",FALSE
"qsar-biodeg","classif.ranger.tuned",0.0937419404780786,"none","none","ranger",FALSE
"qsar-biodeg","classif.ranger.tuned",0.0804825343075389,"none","none","ranger",FALSE
"qsar-biodeg","classif.ranger.tuned",0.0992885314638952,"none","none","ranger",FALSE
"qsar-biodeg","classif.ranger.tuned",0.0764588801020027,"none","none","ranger",FALSE
"qsar-biodeg","classif.ranger.tuned_calib.oof_platt",0.0347477700777534,"oof","platt","ranger",FALSE
"qsar-biodeg","classif.ranger.tuned_calib.oof_platt",0.101315416987194,"oof","platt","ranger",FALSE
"qsar-biodeg","classif.ranger.tuned_calib.oof_platt",0.103478972541131,"oof","platt","ranger",FALSE
"qsar-biodeg","classif.ranger.tuned_calib.oof_platt",0.0658765526556617,"oof","platt","ranger",FALSE
"qsar-biodeg","classif.ranger.tuned_calib.oof_platt",0.0617458757217479,"oof","platt","ranger",FALSE
"qsar-biodeg","classif.ranger.tuned_calib.oof_platt",0.0870310906205139,"oof","platt","ranger",FALSE
"qsar-biodeg","classif.ranger.tuned_calib.oof_platt",0.0802731641132997,"oof","platt","ranger",FALSE
"qsar-biodeg","classif.ranger.tuned_calib.oof_platt",0.0822741430362144,"oof","platt","ranger",FALSE
"qsar-biodeg","classif.ranger.tuned_calib.oof_platt",0.0627640039674203,"oof","platt","ranger",FALSE
"qsar-biodeg","classif.ranger.tuned_calib.oof_platt",0.0744955448626565,"oof","platt","ranger",FALSE
"qsar-biodeg","classif.ranger.tuned_calib.oof_beta",0.0387088861237243,"oof","beta","ranger",FALSE
"qsar-biodeg","classif.ranger.tuned_calib.oof_beta",0.0773087478112092,"oof","beta","ranger",FALSE
"qsar-biodeg","classif.ranger.tuned_calib.oof_beta",0.0960381248147296,"oof","beta","ranger",FALSE
"qsar-biodeg","classif.ranger.tuned_calib.oof_beta",0.0696963400923708,"oof","beta","ranger",FALSE
"qsar-biodeg","classif.ranger.tuned_calib.oof_beta",0.0757598499231577,"oof","beta","ranger",FALSE
"qsar-biodeg","classif.ranger.tuned_calib.oof_beta",0.0797006851608564,"oof","beta","ranger",FALSE
"qsar-biodeg","classif.ranger.tuned_calib.oof_beta",0.0696852977881217,"oof","beta","ranger",FALSE
"qsar-biodeg","classif.ranger.tuned_calib.oof_beta",0.126390128571967,"oof","beta","ranger",FALSE
"qsar-biodeg","classif.ranger.tuned_calib.oof_beta",0.0797253104887736,"oof","beta","ranger",FALSE
"qsar-biodeg","classif.ranger.tuned_calib.oof_beta",0.0648358657967714,"oof","beta","ranger",FALSE
"qsar-biodeg","classif.ranger.tuned_calib.oof_isotonic",0.0486441981572811,"oof","isotonic","ranger",FALSE
"qsar-biodeg","classif.ranger.tuned_calib.oof_isotonic",0.0979336228045938,"oof","isotonic","ranger",FALSE
"qsar-biodeg","classif.ranger.tuned_calib.oof_isotonic",0.112760256639989,"oof","isotonic","ranger",FALSE
"qsar-biodeg","classif.ranger.tuned_calib.oof_isotonic",0.0764972158721158,"oof","isotonic","ranger",FALSE
"qsar-biodeg","classif.ranger.tuned_calib.oof_isotonic",0.0590858474988856,"oof","isotonic","ranger",FALSE
"qsar-biodeg","classif.ranger.tuned_calib.oof_isotonic",0.097167885647401,"oof","isotonic","ranger",FALSE
"qsar-biodeg","classif.ranger.tuned_calib.oof_isotonic",0.0915421307073118,"oof","isotonic","ranger",FALSE
"qsar-biodeg","classif.ranger.tuned_calib.oof_isotonic",0.0829204918462298,"oof","isotonic","ranger",FALSE
"qsar-biodeg","classif.ranger.tuned_calib.oof_isotonic",0.0768151852824873,"oof","isotonic","ranger",FALSE
"qsar-biodeg","classif.ranger.tuned_calib.oof_isotonic",0.0660995548805106,"oof","isotonic","ranger",FALSE
"qsar-biodeg","classif.ranger.tuned_calib.perfold_platt",0.0537992284672435,"perfold","platt","ranger",FALSE
"qsar-biodeg","classif.ranger.tuned_calib.perfold_platt",0.0745159572263333,"perfold","platt","ranger",FALSE
"qsar-biodeg","classif.ranger.tuned_calib.perfold_platt",0.106248936791705,"perfold","platt","ranger",FALSE
"qsar-biodeg","classif.ranger.tuned_calib.perfold_platt",0.0666019432990037,"perfold","platt","ranger",FALSE
"qsar-biodeg","classif.ranger.tuned_calib.perfold_platt",0.0798630739741381,"perfold","platt","ranger",FALSE
"qsar-biodeg","classif.ranger.tuned_calib.perfold_platt",0.0892906936779289,"perfold","platt","ranger",FALSE
"qsar-biodeg","classif.ranger.tuned_calib.perfold_platt",0.0795212050618161,"perfold","platt","ranger",FALSE
"qsar-biodeg","classif.ranger.tuned_calib.perfold_platt",0.0751474189952351,"perfold","platt","ranger",FALSE
"qsar-biodeg","classif.ranger.tuned_calib.perfold_platt",0.060765576393057,"perfold","platt","ranger",FALSE
"qsar-biodeg","classif.ranger.tuned_calib.perfold_platt",0.0578843883998782,"perfold","platt","ranger",FALSE
"qsar-biodeg","classif.ranger.tuned_calib.perfold_beta",0.0526180561739488,"perfold","beta","ranger",FALSE
"qsar-biodeg","classif.ranger.tuned_calib.perfold_beta",0.0716550625865952,"perfold","beta","ranger",FALSE
"qsar-biodeg","classif.ranger.tuned_calib.perfold_beta",0.10094069570026,"perfold","beta","ranger",FALSE
"qsar-biodeg","classif.ranger.tuned_calib.perfold_beta",0.060394038193135,"perfold","beta","ranger",FALSE
"qsar-biodeg","classif.ranger.tuned_calib.perfold_beta",0.0683489636779292,"perfold","beta","ranger",FALSE
"qsar-biodeg","classif.ranger.tuned_calib.perfold_beta",0.0852649526922873,"perfold","beta","ranger",FALSE
"qsar-biodeg","classif.ranger.tuned_calib.perfold_beta",0.0706734763544621,"perfold","beta","ranger",FALSE
"qsar-biodeg","classif.ranger.tuned_calib.perfold_beta",0.0878997141291424,"perfold","beta","ranger",FALSE
"qsar-biodeg","classif.ranger.tuned_calib.perfold_beta",0.0711777333666736,"perfold","beta","ranger",FALSE
"qsar-biodeg","classif.ranger.tuned_calib.perfold_beta",0.0641957740759768,"perfold","beta","ranger",FALSE
"qsar-biodeg","classif.ranger.tuned_calib.perfold_isotonic",0.0419679078727599,"perfold","isotonic","ranger",FALSE
"qsar-biodeg","classif.ranger.tuned_calib.perfold_isotonic",0.0887023017444978,"perfold","isotonic","ranger",FALSE
"qsar-biodeg","classif.ranger.tuned_calib.perfold_isotonic",0.0722490252312333,"perfold","isotonic","ranger",FALSE
"qsar-biodeg","classif.ranger.tuned_calib.perfold_isotonic",0.0606776422551905,"perfold","isotonic","ranger",FALSE
"qsar-biodeg","classif.ranger.tuned_calib.perfold_isotonic",0.060943383263061,"perfold","isotonic","ranger",FALSE
"qsar-biodeg","classif.ranger.tuned_calib.perfold_isotonic",0.0852658911615826,"perfold","isotonic","ranger",FALSE
"qsar-biodeg","classif.ranger.tuned_calib.perfold_isotonic",0.0737502164271432,"perfold","isotonic","ranger",FALSE
"qsar-biodeg","classif.ranger.tuned_calib.perfold_isotonic",0.0921974604948487,"perfold","isotonic","ranger",FALSE
"qsar-biodeg","classif.ranger.tuned_calib.perfold_isotonic",0.074664466369284,"perfold","isotonic","ranger",FALSE
"qsar-biodeg","classif.ranger.tuned_calib.perfold_isotonic",0.043759003640682,"perfold","isotonic","ranger",FALSE
"qsar-biodeg","classif.ranger.tuned_calib.tunefirst.oof_platt",0.0450891388510145,"oof","platt","ranger",TRUE
"qsar-biodeg","classif.ranger.tuned_calib.tunefirst.oof_platt",0.0779539656713392,"oof","platt","ranger",TRUE
"qsar-biodeg","classif.ranger.tuned_calib.tunefirst.oof_platt",0.108569309504141,"oof","platt","ranger",TRUE
"qsar-biodeg","classif.ranger.tuned_calib.tunefirst.oof_platt",0.0724435133298421,"oof","platt","ranger",TRUE
"qsar-biodeg","classif.ranger.tuned_calib.tunefirst.oof_platt",0.0596665044877279,"oof","platt","ranger",TRUE
"qsar-biodeg","classif.ranger.tuned_calib.tunefirst.oof_platt",0.0858817212173595,"oof","platt","ranger",TRUE
"qsar-biodeg","classif.ranger.tuned_calib.tunefirst.oof_platt",0.0721379955236466,"oof","platt","ranger",TRUE
"qsar-biodeg","classif.ranger.tuned_calib.tunefirst.oof_platt",0.0915857315534092,"oof","platt","ranger",TRUE
"qsar-biodeg","classif.ranger.tuned_calib.tunefirst.oof_platt",0.0756402729084081,"oof","platt","ranger",TRUE
"qsar-biodeg","classif.ranger.tuned_calib.tunefirst.oof_platt",0.0604860555041832,"oof","platt","ranger",TRUE
"qsar-biodeg","classif.ranger.tuned_calib.tunefirst.oof_beta",0.037791520839989,"oof","beta","ranger",TRUE
"qsar-biodeg","classif.ranger.tuned_calib.tunefirst.oof_beta",0.0780984436280508,"oof","beta","ranger",TRUE
"qsar-biodeg","classif.ranger.tuned_calib.tunefirst.oof_beta",0.101463700997393,"oof","beta","ranger",TRUE
"qsar-biodeg","classif.ranger.tuned_calib.tunefirst.oof_beta",0.0602745647552084,"oof","beta","ranger",TRUE
"qsar-biodeg","classif.ranger.tuned_calib.tunefirst.oof_beta",0.0723754853937687,"oof","beta","ranger",TRUE
"qsar-biodeg","classif.ranger.tuned_calib.tunefirst.oof_beta",0.0649038183263432,"oof","beta","ranger",TRUE
"qsar-biodeg","classif.ranger.tuned_calib.tunefirst.oof_beta",0.0724014483013204,"oof","beta","ranger",TRUE
"qsar-biodeg","classif.ranger.tuned_calib.tunefirst.oof_beta",0.0865106492665699,"oof","beta","ranger",TRUE
"qsar-biodeg","classif.ranger.tuned_calib.tunefirst.oof_beta",0.0882042721048756,"oof","beta","ranger",TRUE
"qsar-biodeg","classif.ranger.tuned_calib.tunefirst.oof_beta",0.0463416419172578,"oof","beta","ranger",TRUE
"qsar-biodeg","classif.ranger.tuned_calib.tunefirst.oof_isotonic",0.0529773798609183,"oof","isotonic","ranger",TRUE
"qsar-biodeg","classif.ranger.tuned_calib.tunefirst.oof_isotonic",0.0738968431618874,"oof","isotonic","ranger",TRUE
"qsar-biodeg","classif.ranger.tuned_calib.tunefirst.oof_isotonic",0.114632410340307,"oof","isotonic","ranger",TRUE
"qsar-biodeg","classif.ranger.tuned_calib.tunefirst.oof_isotonic",0.051103041780412,"oof","isotonic","ranger",TRUE
"qsar-biodeg","classif.ranger.tuned_calib.tunefirst.oof_isotonic",0.0600313314141322,"oof","isotonic","ranger",TRUE
"qsar-biodeg","classif.ranger.tuned_calib.tunefirst.oof_isotonic",0.101920391050192,"oof","isotonic","ranger",TRUE
"qsar-biodeg","classif.ranger.tuned_calib.tunefirst.oof_isotonic",0.0755201834122508,"oof","isotonic","ranger",TRUE
"qsar-biodeg","classif.ranger.tuned_calib.tunefirst.oof_isotonic",0.0788190236965679,"oof","isotonic","ranger",TRUE
"qsar-biodeg","classif.ranger.tuned_calib.tunefirst.oof_isotonic",0.0509175285981634,"oof","isotonic","ranger",TRUE
"qsar-biodeg","classif.ranger.tuned_calib.tunefirst.oof_isotonic",0.0808823812205615,"oof","isotonic","ranger",TRUE
"qsar-biodeg","classif.ranger.tuned_calib.tunefirst.perfold_platt",0.0453801069068133,"perfold","platt","ranger",TRUE
"qsar-biodeg","classif.ranger.tuned_calib.tunefirst.perfold_platt",0.0743971120854436,"perfold","platt","ranger",TRUE
"qsar-biodeg","classif.ranger.tuned_calib.tunefirst.perfold_platt",0.10763263762132,"perfold","platt","ranger",TRUE
"qsar-biodeg","classif.ranger.tuned_calib.tunefirst.perfold_platt",0.0475842430734556,"perfold","platt","ranger",TRUE
"qsar-biodeg","classif.ranger.tuned_calib.tunefirst.perfold_platt",0.0602984132611173,"perfold","platt","ranger",TRUE
"qsar-biodeg","classif.ranger.tuned_calib.tunefirst.perfold_platt",0.0884881482107599,"perfold","platt","ranger",TRUE
"qsar-biodeg","classif.ranger.tuned_calib.tunefirst.perfold_platt",0.0816172192989161,"perfold","platt","ranger",TRUE
"qsar-biodeg","classif.ranger.tuned_calib.tunefirst.perfold_platt",0.0843343190367769,"perfold","platt","ranger",TRUE
"qsar-biodeg","classif.ranger.tuned_calib.tunefirst.perfold_platt",0.074830197941634,"perfold","platt","ranger",TRUE
"qsar-biodeg","classif.ranger.tuned_calib.tunefirst.perfold_platt",0.0605372417610293,"perfold","platt","ranger",TRUE
"qsar-biodeg","classif.ranger.tuned_calib.tunefirst.perfold_beta",0.0408653192969771,"perfold","beta","ranger",TRUE
"qsar-biodeg","classif.ranger.tuned_calib.tunefirst.perfold_beta",0.0763321866254163,"perfold","beta","ranger",TRUE
"qsar-biodeg","classif.ranger.tuned_calib.tunefirst.perfold_beta",0.071076173964634,"perfold","beta","ranger",TRUE
"qsar-biodeg","classif.ranger.tuned_calib.tunefirst.perfold_beta",0.0650617566682757,"perfold","beta","ranger",TRUE
"qsar-biodeg","classif.ranger.tuned_calib.tunefirst.perfold_beta",0.0712231654307995,"perfold","beta","ranger",TRUE
"qsar-biodeg","classif.ranger.tuned_calib.tunefirst.perfold_beta",0.108608487271974,"perfold","beta","ranger",TRUE
"qsar-biodeg","classif.ranger.tuned_calib.tunefirst.perfold_beta",0.0732464878120812,"perfold","beta","ranger",TRUE
"qsar-biodeg","classif.ranger.tuned_calib.tunefirst.perfold_beta",0.0727482707398955,"perfold","beta","ranger",TRUE
"qsar-biodeg","classif.ranger.tuned_calib.tunefirst.perfold_beta",0.0731378625232196,"perfold","beta","ranger",TRUE
"qsar-biodeg","classif.ranger.tuned_calib.tunefirst.perfold_beta",0.0626074786595115,"perfold","beta","ranger",TRUE
"qsar-biodeg","classif.ranger.tuned_calib.tunefirst.perfold_isotonic",0.0476969896778924,"perfold","isotonic","ranger",TRUE
"qsar-biodeg","classif.ranger.tuned_calib.tunefirst.perfold_isotonic",0.0635460953103349,"perfold","isotonic","ranger",TRUE
"qsar-biodeg","classif.ranger.tuned_calib.tunefirst.perfold_isotonic",0.0837369490542504,"perfold","isotonic","ranger",TRUE
"qsar-biodeg","classif.ranger.tuned_calib.tunefirst.perfold_isotonic",0.0381163269406237,"perfold","isotonic","ranger",TRUE
"qsar-biodeg","classif.ranger.tuned_calib.tunefirst.perfold_isotonic",0.0700601009830632,"perfold","isotonic","ranger",TRUE
"qsar-biodeg","classif.ranger.tuned_calib.tunefirst.perfold_isotonic",0.103025189066454,"perfold","isotonic","ranger",TRUE
"qsar-biodeg","classif.ranger.tuned_calib.tunefirst.perfold_isotonic",0.0655679399212485,"perfold","isotonic","ranger",TRUE
"qsar-biodeg","classif.ranger.tuned_calib.tunefirst.perfold_isotonic",0.0988244243285256,"perfold","isotonic","ranger",TRUE
"qsar-biodeg","classif.ranger.tuned_calib.tunefirst.perfold_isotonic",0.0667268225826475,"perfold","isotonic","ranger",TRUE
"qsar-biodeg","classif.ranger.tuned_calib.tunefirst.perfold_isotonic",0.0566404924478707,"perfold","isotonic","ranger",TRUE
"qsar-biodeg","classif.xgboost.tuned",0.0697257963810495,"none","none","xgboost",FALSE
"qsar-biodeg","classif.xgboost.tuned",0.0751918883827287,"none","none","xgboost",FALSE
"qsar-biodeg","classif.xgboost.tuned",0.0920941547473084,"none","none","xgboost",FALSE
"qsar-biodeg","classif.xgboost.tuned",0.0449632922328025,"none","none","xgboost",FALSE
"qsar-biodeg","classif.xgboost.tuned",0.0691485160270943,"none","none","xgboost",FALSE
"qsar-biodeg","classif.xgboost.tuned",0.0782236370213685,"none","none","xgboost",FALSE
"qsar-biodeg","classif.xgboost.tuned",0.0434221146816742,"none","none","xgboost",FALSE
"qsar-biodeg","classif.xgboost.tuned",0.0800538443117624,"none","none","xgboost",FALSE
"qsar-biodeg","classif.xgboost.tuned",0.0380621289011158,"none","none","xgboost",FALSE
"qsar-biodeg","classif.xgboost.tuned",0.0776391753273423,"none","none","xgboost",FALSE
"qsar-biodeg","classif.xgboost.tuned_calib.oof_platt",0.0560681405877068,"oof","platt","xgboost",FALSE
"qsar-biodeg","classif.xgboost.tuned_calib.oof_platt",0.078452243398024,"oof","platt","xgboost",FALSE
"qsar-biodeg","classif.xgboost.tuned_calib.oof_platt",0.100417585389246,"oof","platt","xgboost",FALSE
"qsar-biodeg","classif.xgboost.tuned_calib.oof_platt",0.0864338335280808,"oof","platt","xgboost",FALSE
"qsar-biodeg","classif.xgboost.tuned_calib.oof_platt",0.0741971220087904,"oof","platt","xgboost",FALSE
"qsar-biodeg","classif.xgboost.tuned_calib.oof_platt",0.135858137190261,"oof","platt","xgboost",FALSE
"qsar-biodeg","classif.xgboost.tuned_calib.oof_platt",0.0995965751397495,"oof","platt","xgboost",FALSE
"qsar-biodeg","classif.xgboost.tuned_calib.oof_platt",0.0604127539175814,"oof","platt","xgboost",FALSE
"qsar-biodeg","classif.xgboost.tuned_calib.oof_platt",0.0708477869648335,"oof","platt","xgboost",FALSE
"qsar-biodeg","classif.xgboost.tuned_calib.oof_platt",0.0637284812398135,"oof","platt","xgboost",FALSE
"qsar-biodeg","classif.xgboost.tuned_calib.oof_beta",0.0744235713700127,"oof","beta","xgboost",FALSE
"qsar-biodeg","classif.xgboost.tuned_calib.oof_beta",0.10467848966208,"oof","beta","xgboost",FALSE
"qsar-biodeg","classif.xgboost.tuned_calib.oof_beta",0.0881771098224033,"oof","beta","xgboost",FALSE
"qsar-biodeg","classif.xgboost.tuned_calib.oof_beta",0.0761546644653087,"oof","beta","xgboost",FALSE
"qsar-biodeg","classif.xgboost.tuned_calib.oof_beta",0.0731408350288675,"oof","beta","xgboost",FALSE
"qsar-biodeg","classif.xgboost.tuned_calib.oof_beta",0.0995067510534373,"oof","beta","xgboost",FALSE
"qsar-biodeg","classif.xgboost.tuned_calib.oof_beta",0.0926593587782696,"oof","beta","xgboost",FALSE
"qsar-biodeg","classif.xgboost.tuned_calib.oof_beta",0.0563371595148349,"oof","beta","xgboost",FALSE
"qsar-biodeg","classif.xgboost.tuned_calib.oof_beta",0.0945763524671109,"oof","beta","xgboost",FALSE
"qsar-biodeg","classif.xgboost.tuned_calib.oof_beta",0.0826871438036967,"oof","beta","xgboost",FALSE
"qsar-biodeg","classif.xgboost.tuned_calib.oof_isotonic",0.0612646306903069,"oof","isotonic","xgboost",FALSE
"qsar-biodeg","classif.xgboost.tuned_calib.oof_isotonic",0.0762694448517787,"oof","isotonic","xgboost",FALSE
"qsar-biodeg","classif.xgboost.tuned_calib.oof_isotonic",0.110478700141876,"oof","isotonic","xgboost",FALSE
"qsar-biodeg","classif.xgboost.tuned_calib.oof_isotonic",0.0686176172971389,"oof","isotonic","xgboost",FALSE
"qsar-biodeg","classif.xgboost.tuned_calib.oof_isotonic",0.0927913102425135,"oof","isotonic","xgboost",FALSE
"qsar-biodeg","classif.xgboost.tuned_calib.oof_isotonic",0.111315883308154,"oof","isotonic","xgboost",FALSE
"qsar-biodeg","classif.xgboost.tuned_calib.oof_isotonic",0.0789745278071514,"oof","isotonic","xgboost",FALSE
"qsar-biodeg","classif.xgboost.tuned_calib.oof_isotonic",0.115834436612178,"oof","isotonic","xgboost",FALSE
"qsar-biodeg","classif.xgboost.tuned_calib.oof_isotonic",0.0742858983464074,"oof","isotonic","xgboost",FALSE
"qsar-biodeg","classif.xgboost.tuned_calib.oof_isotonic",0.0867773865382909,"oof","isotonic","xgboost",FALSE
"qsar-biodeg","classif.xgboost.tuned_calib.perfold_platt",0.0736242663220173,"perfold","platt","xgboost",FALSE
"qsar-biodeg","classif.xgboost.tuned_calib.perfold_platt",0.101108121657092,"perfold","platt","xgboost",FALSE
"qsar-biodeg","classif.xgboost.tuned_calib.perfold_platt",0.0977913212742586,"perfold","platt","xgboost",FALSE
"qsar-biodeg","classif.xgboost.tuned_calib.perfold_platt",0.0873890454977014,"perfold","platt","xgboost",FALSE
"qsar-biodeg","classif.xgboost.tuned_calib.perfold_platt",0.0894501266742553,"perfold","platt","xgboost",FALSE
"qsar-biodeg","classif.xgboost.tuned_calib.perfold_platt",0.109414072065839,"perfold","platt","xgboost",FALSE
"qsar-biodeg","classif.xgboost.tuned_calib.perfold_platt",0.0833825550261072,"perfold","platt","xgboost",FALSE
"qsar-biodeg","classif.xgboost.tuned_calib.perfold_platt",0.0830077493496258,"perfold","platt","xgboost",FALSE
"qsar-biodeg","classif.xgboost.tuned_calib.perfold_platt",0.105654063387994,"perfold","platt","xgboost",FALSE
"qsar-biodeg","classif.xgboost.tuned_calib.perfold_platt",0.0843915461366137,"perfold","platt","xgboost",FALSE
"qsar-biodeg","classif.xgboost.tuned_calib.perfold_beta",0.0617539038891895,"perfold","beta","xgboost",FALSE
"qsar-biodeg","classif.xgboost.tuned_calib.perfold_beta",0.097809281131087,"perfold","beta","xgboost",FALSE
"qsar-biodeg","classif.xgboost.tuned_calib.perfold_beta",0.110110500660184,"perfold","beta","xgboost",FALSE
"qsar-biodeg","classif.xgboost.tuned_calib.perfold_beta",0.0572192511455153,"perfold","beta","xgboost",FALSE
"qsar-biodeg","classif.xgboost.tuned_calib.perfold_beta",0.0458621960591738,"perfold","beta","xgboost",FALSE
"qsar-biodeg","classif.xgboost.tuned_calib.perfold_beta",0.108057386879936,"perfold","beta","xgboost",FALSE
"qsar-biodeg","classif.xgboost.tuned_calib.perfold_beta",0.0762179485548839,"perfold","beta","xgboost",FALSE
"qsar-biodeg","classif.xgboost.tuned_calib.perfold_beta",0.0839337015896886,"perfold","beta","xgboost",FALSE
"qsar-biodeg","classif.xgboost.tuned_calib.perfold_beta",0.0791444211918964,"perfold","beta","xgboost",FALSE
"qsar-biodeg","classif.xgboost.tuned_calib.perfold_beta",0.0992706718537163,"perfold","beta","xgboost",FALSE
"qsar-biodeg","classif.xgboost.tuned_calib.perfold_isotonic",0.0398744667493087,"perfold","isotonic","xgboost",FALSE
"qsar-biodeg","classif.xgboost.tuned_calib.perfold_isotonic",0.0658982316925098,"perfold","isotonic","xgboost",FALSE
"qsar-biodeg","classif.xgboost.tuned_calib.perfold_isotonic",0.115045052399451,"perfold","isotonic","xgboost",FALSE
"qsar-biodeg","classif.xgboost.tuned_calib.perfold_isotonic",0.0609640767945337,"perfold","isotonic","xgboost",FALSE
"qsar-biodeg","classif.xgboost.tuned_calib.perfold_isotonic",0.0806133992575079,"perfold","isotonic","xgboost",FALSE
"qsar-biodeg","classif.xgboost.tuned_calib.perfold_isotonic",0.0981802504469433,"perfold","isotonic","xgboost",FALSE
"qsar-biodeg","classif.xgboost.tuned_calib.perfold_isotonic",0.0415834948868858,"perfold","isotonic","xgboost",FALSE
"qsar-biodeg","classif.xgboost.tuned_calib.perfold_isotonic",0.111325582857398,"perfold","isotonic","xgboost",FALSE
"qsar-biodeg","classif.xgboost.tuned_calib.perfold_isotonic",0.0530531182368346,"perfold","isotonic","xgboost",FALSE
"qsar-biodeg","classif.xgboost.tuned_calib.perfold_isotonic",0.0750918777293247,"perfold","isotonic","xgboost",FALSE
"qsar-biodeg","classif.xgboost.tuned_calib.tunefirst.oof_platt",0.04765378889946,"oof","platt","xgboost",TRUE
"qsar-biodeg","classif.xgboost.tuned_calib.tunefirst.oof_platt",0.107206018423259,"oof","platt","xgboost",TRUE
"qsar-biodeg","classif.xgboost.tuned_calib.tunefirst.oof_platt",0.0901777088786414,"oof","platt","xgboost",TRUE
"qsar-biodeg","classif.xgboost.tuned_calib.tunefirst.oof_platt",0.0695483401160171,"oof","platt","xgboost",TRUE
"qsar-biodeg","classif.xgboost.tuned_calib.tunefirst.oof_platt",0.0749393251599169,"oof","platt","xgboost",TRUE
"qsar-biodeg","classif.xgboost.tuned_calib.tunefirst.oof_platt",0.101952066182405,"oof","platt","xgboost",TRUE
"qsar-biodeg","classif.xgboost.tuned_calib.tunefirst.oof_platt",0.0867465605317907,"oof","platt","xgboost",TRUE
"qsar-biodeg","classif.xgboost.tuned_calib.tunefirst.oof_platt",0.0704720040109735,"oof","platt","xgboost",TRUE
"qsar-biodeg","classif.xgboost.tuned_calib.tunefirst.oof_platt",0.069848598087892,"oof","platt","xgboost",TRUE
"qsar-biodeg","classif.xgboost.tuned_calib.tunefirst.oof_platt",0.104209525432941,"oof","platt","xgboost",TRUE
"qsar-biodeg","classif.xgboost.tuned_calib.tunefirst.oof_beta",0.0394527742574003,"oof","beta","xgboost",TRUE
"qsar-biodeg","classif.xgboost.tuned_calib.tunefirst.oof_beta",0.0854089042853522,"oof","beta","xgboost",TRUE
"qsar-biodeg","classif.xgboost.tuned_calib.tunefirst.oof_beta",0.151786566871866,"oof","beta","xgboost",TRUE
"qsar-biodeg","classif.xgboost.tuned_calib.tunefirst.oof_beta",0.038561680374305,"oof","beta","xgboost",TRUE
"qsar-biodeg","classif.xgboost.tuned_calib.tunefirst.oof_beta",0.0515329762554741,"oof","beta","xgboost",TRUE
"qsar-biodeg","classif.xgboost.tuned_calib.tunefirst.oof_beta",0.0851505401837209,"oof","beta","xgboost",TRUE
"qsar-biodeg","classif.xgboost.tuned_calib.tunefirst.oof_beta",0.0936510649568325,"oof","beta","xgboost",TRUE
"qsar-biodeg","classif.xgboost.tuned_calib.tunefirst.oof_beta",0.0634098495223034,"oof","beta","xgboost",TRUE
"qsar-biodeg","classif.xgboost.tuned_calib.tunefirst.oof_beta",0.0620563544182551,"oof","beta","xgboost",TRUE
"qsar-biodeg","classif.xgboost.tuned_calib.tunefirst.oof_beta",0.0566190341984525,"oof","beta","xgboost",TRUE
"qsar-biodeg","classif.xgboost.tuned_calib.tunefirst.oof_isotonic",0.0592821142243812,"oof","isotonic","xgboost",TRUE
"qsar-biodeg","classif.xgboost.tuned_calib.tunefirst.oof_isotonic",0.0865731501296157,"oof","isotonic","xgboost",TRUE
"qsar-biodeg","classif.xgboost.tuned_calib.tunefirst.oof_isotonic",0.154449369935335,"oof","isotonic","xgboost",TRUE
"qsar-biodeg","classif.xgboost.tuned_calib.tunefirst.oof_isotonic",0.063778966655215,"oof","isotonic","xgboost",TRUE
"qsar-biodeg","classif.xgboost.tuned_calib.tunefirst.oof_isotonic",0.11285531228196,"oof","isotonic","xgboost",TRUE
"qsar-biodeg","classif.xgboost.tuned_calib.tunefirst.oof_isotonic",0.11193688572647,"oof","isotonic","xgboost",TRUE
"qsar-biodeg","classif.xgboost.tuned_calib.tunefirst.oof_isotonic",0.086320517005417,"oof","isotonic","xgboost",TRUE
"qsar-biodeg","classif.xgboost.tuned_calib.tunefirst.oof_isotonic",0.0737590122230266,"oof","isotonic","xgboost",TRUE
"qsar-biodeg","classif.xgboost.tuned_calib.tunefirst.oof_isotonic",0.0415119024938444,"oof","isotonic","xgboost",TRUE
"qsar-biodeg","classif.xgboost.tuned_calib.tunefirst.oof_isotonic",0.0809098492191354,"oof","isotonic","xgboost",TRUE
"qsar-biodeg","classif.xgboost.tuned_calib.tunefirst.perfold_platt",0.0696521734609048,"perfold","platt","xgboost",TRUE
"qsar-biodeg","classif.xgboost.tuned_calib.tunefirst.perfold_platt",0.113380521228134,"perfold","platt","xgboost",TRUE
"qsar-biodeg","classif.xgboost.tuned_calib.tunefirst.perfold_platt",0.0825401334090516,"perfold","platt","xgboost",TRUE
"qsar-biodeg","classif.xgboost.tuned_calib.tunefirst.perfold_platt",0.0512463227497566,"perfold","platt","xgboost",TRUE
"qsar-biodeg","classif.xgboost.tuned_calib.tunefirst.perfold_platt",0.0715975881246797,"perfold","platt","xgboost",TRUE
"qsar-biodeg","classif.xgboost.tuned_calib.tunefirst.perfold_platt",0.110333834493157,"perfold","platt","xgboost",TRUE
"qsar-biodeg","classif.xgboost.tuned_calib.tunefirst.perfold_platt",0.0899072334349633,"perfold","platt","xgboost",TRUE
"qsar-biodeg","classif.xgboost.tuned_calib.tunefirst.perfold_platt",0.0752937839448157,"perfold","platt","xgboost",TRUE
"qsar-biodeg","classif.xgboost.tuned_calib.tunefirst.perfold_platt",0.0889553863633448,"perfold","platt","xgboost",TRUE
"qsar-biodeg","classif.xgboost.tuned_calib.tunefirst.perfold_platt",0.0778704609359256,"perfold","platt","xgboost",TRUE
"qsar-biodeg","classif.xgboost.tuned_calib.tunefirst.perfold_beta",0.0483982852894013,"perfold","beta","xgboost",TRUE
"qsar-biodeg","classif.xgboost.tuned_calib.tunefirst.perfold_beta",0.0452603515166281,"perfold","beta","xgboost",TRUE
"qsar-biodeg","classif.xgboost.tuned_calib.tunefirst.perfold_beta",0.125703119072676,"perfold","beta","xgboost",TRUE
"qsar-biodeg","classif.xgboost.tuned_calib.tunefirst.perfold_beta",0.0490726796843496,"perfold","beta","xgboost",TRUE
"qsar-biodeg","classif.xgboost.tuned_calib.tunefirst.perfold_beta",0.0882529183096189,"perfold","beta","xgboost",TRUE
"qsar-biodeg","classif.xgboost.tuned_calib.tunefirst.perfold_beta",0.0945595872611465,"perfold","beta","xgboost",TRUE
"qsar-biodeg","classif.xgboost.tuned_calib.tunefirst.perfold_beta",0.0806359903646601,"perfold","beta","xgboost",TRUE
"qsar-biodeg","classif.xgboost.tuned_calib.tunefirst.perfold_beta",0.0647969959810106,"perfold","beta","xgboost",TRUE
"qsar-biodeg","classif.xgboost.tuned_calib.tunefirst.perfold_beta",0.0573467017061073,"perfold","beta","xgboost",TRUE
"qsar-biodeg","classif.xgboost.tuned_calib.tunefirst.perfold_beta",0.073964512115433,"perfold","beta","xgboost",TRUE
"qsar-biodeg","classif.xgboost.tuned_calib.tunefirst.perfold_isotonic",0.0247069065559466,"perfold","isotonic","xgboost",TRUE
"qsar-biodeg","classif.xgboost.tuned_calib.tunefirst.perfold_isotonic",0.0685261643688102,"perfold","isotonic","xgboost",TRUE
"qsar-biodeg","classif.xgboost.tuned_calib.tunefirst.perfold_isotonic",0.0984684702099535,"perfold","isotonic","xgboost",TRUE
"qsar-biodeg","classif.xgboost.tuned_calib.tunefirst.perfold_isotonic",0.0584769725155423,"perfold","isotonic","xgboost",TRUE
"qsar-biodeg","classif.xgboost.tuned_calib.tunefirst.perfold_isotonic",0.082442465031522,"perfold","isotonic","xgboost",TRUE
"qsar-biodeg","classif.xgboost.tuned_calib.tunefirst.perfold_isotonic",0.0932853134614093,"perfold","isotonic","xgboost",TRUE
"qsar-biodeg","classif.xgboost.tuned_calib.tunefirst.perfold_isotonic",0.0352010637618121,"perfold","isotonic","xgboost",TRUE
"qsar-biodeg","classif.xgboost.tuned_calib.tunefirst.perfold_isotonic",0.0564902355475502,"perfold","isotonic","xgboost",TRUE
"qsar-biodeg","classif.xgboost.tuned_calib.tunefirst.perfold_isotonic",0.0697029085504187,"perfold","isotonic","xgboost",TRUE
"qsar-biodeg","classif.xgboost.tuned_calib.tunefirst.perfold_isotonic",0.0795002069011432,"perfold","isotonic","xgboost",TRUE
"banknote-authentication","classif.naive_bayes.tuned",0.0623309050041651,"none","none","naive_bayes",FALSE
"banknote-authentication","classif.naive_bayes.tuned",0.0795570419134391,"none","none","naive_bayes",FALSE
"banknote-authentication","classif.naive_bayes.tuned",0.0663540937801265,"none","none","naive_bayes",FALSE
"banknote-authentication","classif.naive_bayes.tuned",0.0659476247590564,"none","none","naive_bayes",FALSE
"banknote-authentication","classif.naive_bayes.tuned",0.0619263536275403,"none","none","naive_bayes",FALSE
"banknote-authentication","classif.naive_bayes.tuned",0.062670785698868,"none","none","naive_bayes",FALSE
"banknote-authentication","classif.naive_bayes.tuned",0.0450811629680987,"none","none","naive_bayes",FALSE
"banknote-authentication","classif.naive_bayes.tuned",0.0478854846947436,"none","none","naive_bayes",FALSE
"banknote-authentication","classif.naive_bayes.tuned",0.0754678748915783,"none","none","naive_bayes",FALSE
"banknote-authentication","classif.naive_bayes.tuned",0.0497257075824127,"none","none","naive_bayes",FALSE
"banknote-authentication","classif.naive_bayes.tuned_calib.oof_platt",0.0911655958269713,"oof","platt","naive_bayes",FALSE
"banknote-authentication","classif.naive_bayes.tuned_calib.oof_platt",0.112945001974111,"oof","platt","naive_bayes",FALSE
"banknote-authentication","classif.naive_bayes.tuned_calib.oof_platt",0.0961978140397974,"oof","platt","naive_bayes",FALSE
"banknote-authentication","classif.naive_bayes.tuned_calib.oof_platt",0.108534665397087,"oof","platt","naive_bayes",FALSE
"banknote-authentication","classif.naive_bayes.tuned_calib.oof_platt",0.0891300609721788,"oof","platt","naive_bayes",FALSE
"banknote-authentication","classif.naive_bayes.tuned_calib.oof_platt",0.0711959681100041,"oof","platt","naive_bayes",FALSE
"banknote-authentication","classif.naive_bayes.tuned_calib.oof_platt",0.0757229231475625,"oof","platt","naive_bayes",FALSE
"banknote-authentication","classif.naive_bayes.tuned_calib.oof_platt",0.073137225062396,"oof","platt","naive_bayes",FALSE
"banknote-authentication","classif.naive_bayes.tuned_calib.oof_platt",0.0957305515962953,"oof","platt","naive_bayes",FALSE
"banknote-authentication","classif.naive_bayes.tuned_calib.oof_platt",0.0751092976714887,"oof","platt","naive_bayes",FALSE
"banknote-authentication","classif.naive_bayes.tuned_calib.oof_beta",0.0498709207325181,"oof","beta","naive_bayes",FALSE
"banknote-authentication","classif.naive_bayes.tuned_calib.oof_beta",0.0677807578550505,"oof","beta","naive_bayes",FALSE
"banknote-authentication","classif.naive_bayes.tuned_calib.oof_beta",0.0562984592098621,"oof","beta","naive_bayes",FALSE
"banknote-authentication","classif.naive_bayes.tuned_calib.oof_beta",0.0817852695876408,"oof","beta","naive_bayes",FALSE
"banknote-authentication","classif.naive_bayes.tuned_calib.oof_beta",0.0395768290839814,"oof","beta","naive_bayes",FALSE
"banknote-authentication","classif.naive_bayes.tuned_calib.oof_beta",0.0472722213377005,"oof","beta","naive_bayes",FALSE
"banknote-authentication","classif.naive_bayes.tuned_calib.oof_beta",0.0714173691588304,"oof","beta","naive_bayes",FALSE
"banknote-authentication","classif.naive_bayes.tuned_calib.oof_beta",0.0587151409644101,"oof","beta","naive_bayes",FALSE
"banknote-authentication","classif.naive_bayes.tuned_calib.oof_beta",0.0566662065253557,"oof","beta","naive_bayes",FALSE
"banknote-authentication","classif.naive_bayes.tuned_calib.oof_beta",0.0460681429274007,"oof","beta","naive_bayes",FALSE
"banknote-authentication","classif.naive_bayes.tuned_calib.oof_isotonic",0.0556188453228717,"oof","isotonic","naive_bayes",FALSE
"banknote-authentication","classif.naive_bayes.tuned_calib.oof_isotonic",0.063771482075341,"oof","isotonic","naive_bayes",FALSE
"banknote-authentication","classif.naive_bayes.tuned_calib.oof_isotonic",0.0460377523557276,"oof","isotonic","naive_bayes",FALSE
"banknote-authentication","classif.naive_bayes.tuned_calib.oof_isotonic",0.144602108113449,"oof","isotonic","naive_bayes",FALSE
"banknote-authentication","classif.naive_bayes.tuned_calib.oof_isotonic",0.0333129220488537,"oof","isotonic","naive_bayes",FALSE
"banknote-authentication","classif.naive_bayes.tuned_calib.oof_isotonic",0.0287358840483133,"oof","isotonic","naive_bayes",FALSE
"banknote-authentication","classif.naive_bayes.tuned_calib.oof_isotonic",0.0823779333186883,"oof","isotonic","naive_bayes",FALSE
"banknote-authentication","classif.naive_bayes.tuned_calib.oof_isotonic",0.0697895516554236,"oof","isotonic","naive_bayes",FALSE
"banknote-authentication","classif.naive_bayes.tuned_calib.oof_isotonic",0.0569821995960309,"oof","isotonic","naive_bayes",FALSE
"banknote-authentication","classif.naive_bayes.tuned_calib.oof_isotonic",0.0677223518091423,"oof","isotonic","naive_bayes",FALSE
"banknote-authentication","classif.naive_bayes.tuned_calib.perfold_platt",0.0909420518258478,"perfold","platt","naive_bayes",FALSE
"banknote-authentication","classif.naive_bayes.tuned_calib.perfold_platt",0.126837207205254,"perfold","platt","naive_bayes",FALSE
"banknote-authentication","classif.naive_bayes.tuned_calib.perfold_platt",0.0960553802277185,"perfold","platt","naive_bayes",FALSE
"banknote-authentication","classif.naive_bayes.tuned_calib.perfold_platt",0.106081459148476,"perfold","platt","naive_bayes",FALSE
"banknote-authentication","classif.naive_bayes.tuned_calib.perfold_platt",0.0754057034229736,"perfold","platt","naive_bayes",FALSE
"banknote-authentication","classif.naive_bayes.tuned_calib.perfold_platt",0.0711435077248177,"perfold","platt","naive_bayes",FALSE
"banknote-authentication","classif.naive_bayes.tuned_calib.perfold_platt",0.0736853181794032,"perfold","platt","naive_bayes",FALSE
"banknote-authentication","classif.naive_bayes.tuned_calib.perfold_platt",0.0719470762452415,"perfold","platt","naive_bayes",FALSE
"banknote-authentication","classif.naive_bayes.tuned_calib.perfold_platt",0.0956961706171097,"perfold","platt","naive_bayes",FALSE
"banknote-authentication","classif.naive_bayes.tuned_calib.perfold_platt",0.0766740324524091,"perfold","platt","naive_bayes",FALSE
"banknote-authentication","classif.naive_bayes.tuned_calib.perfold_beta",0.04931550170082,"perfold","beta","naive_bayes",FALSE
"banknote-authentication","classif.naive_bayes.tuned_calib.perfold_beta",0.0667750526093762,"perfold","beta","naive_bayes",FALSE
"banknote-authentication","classif.naive_bayes.tuned_calib.perfold_beta",0.0527945586362428,"perfold","beta","naive_bayes",FALSE
"banknote-authentication","classif.naive_bayes.tuned_calib.perfold_beta",0.0786193724548377,"perfold","beta","naive_bayes",FALSE
"banknote-authentication","classif.naive_bayes.tuned_calib.perfold_beta",0.0429135612863248,"perfold","beta","naive_bayes",FALSE
"banknote-authentication","classif.naive_bayes.tuned_calib.perfold_beta",0.0473850113729358,"perfold","beta","naive_bayes",FALSE
"banknote-authentication","classif.naive_bayes.tuned_calib.perfold_beta",0.0536955819252144,"perfold","beta","naive_bayes",FALSE
"banknote-authentication","classif.naive_bayes.tuned_calib.perfold_beta",0.0578668826117722,"perfold","beta","naive_bayes",FALSE
"banknote-authentication","classif.naive_bayes.tuned_calib.perfold_beta",0.0587008101907207,"perfold","beta","naive_bayes",FALSE
"banknote-authentication","classif.naive_bayes.tuned_calib.perfold_beta",0.0442919667104008,"perfold","beta","naive_bayes",FALSE
"banknote-authentication","classif.naive_bayes.tuned_calib.perfold_isotonic",0.045213312475712,"perfold","isotonic","naive_bayes",FALSE
"banknote-authentication","classif.naive_bayes.tuned_calib.perfold_isotonic",0.0497546995066308,"perfold","isotonic","naive_bayes",FALSE
"banknote-authentication","classif.naive_bayes.tuned_calib.perfold_isotonic",0.044881877756094,"perfold","isotonic","naive_bayes",FALSE
"banknote-authentication","classif.naive_bayes.tuned_calib.perfold_isotonic",0.0597792339579123,"perfold","isotonic","naive_bayes",FALSE
"banknote-authentication","classif.naive_bayes.tuned_calib.perfold_isotonic",0.0334943454206823,"perfold","isotonic","naive_bayes",FALSE
"banknote-authentication","classif.naive_bayes.tuned_calib.perfold_isotonic",0.0365009731780803,"perfold","isotonic","naive_bayes",FALSE
"banknote-authentication","classif.naive_bayes.tuned_calib.perfold_isotonic",0.0638445678308488,"perfold","isotonic","naive_bayes",FALSE
"banknote-authentication","classif.naive_bayes.tuned_calib.perfold_isotonic",0.054673894111871,"perfold","isotonic","naive_bayes",FALSE
"banknote-authentication","classif.naive_bayes.tuned_calib.perfold_isotonic",0.0445303459711527,"perfold","isotonic","naive_bayes",FALSE
"banknote-authentication","classif.naive_bayes.tuned_calib.perfold_isotonic",0.0471354834104337,"perfold","isotonic","naive_bayes",FALSE
"banknote-authentication","classif.naive_bayes.tuned_calib.tunefirst.oof_platt",0.0910220356728173,"oof","platt","naive_bayes",TRUE
"banknote-authentication","classif.naive_bayes.tuned_calib.tunefirst.oof_platt",0.112521112583835,"oof","platt","naive_bayes",TRUE
"banknote-authentication","classif.naive_bayes.tuned_calib.tunefirst.oof_platt",0.0973226526911537,"oof","platt","naive_bayes",TRUE
"banknote-authentication","classif.naive_bayes.tuned_calib.tunefirst.oof_platt",0.108238306589008,"oof","platt","naive_bayes",TRUE
"banknote-authentication","classif.naive_bayes.tuned_calib.tunefirst.oof_platt",0.0883003589324817,"oof","platt","naive_bayes",TRUE
"banknote-authentication","classif.naive_bayes.tuned_calib.tunefirst.oof_platt",0.0732113866195458,"oof","platt","naive_bayes",TRUE
"banknote-authentication","classif.naive_bayes.tuned_calib.tunefirst.oof_platt",0.0914453183985044,"oof","platt","naive_bayes",TRUE
"banknote-authentication","classif.naive_bayes.tuned_calib.tunefirst.oof_platt",0.0740767209161642,"oof","platt","naive_bayes",TRUE
"banknote-authentication","classif.naive_bayes.tuned_calib.tunefirst.oof_platt",0.0957489048527007,"oof","platt","naive_bayes",TRUE
"banknote-authentication","classif.naive_bayes.tuned_calib.tunefirst.oof_platt",0.0757985788875401,"oof","platt","naive_bayes",TRUE
"banknote-authentication","classif.naive_bayes.tuned_calib.tunefirst.oof_beta",0.0501107695610201,"oof","beta","naive_bayes",TRUE
"banknote-authentication","classif.naive_bayes.tuned_calib.tunefirst.oof_beta",0.0683273463472985,"oof","beta","naive_bayes",TRUE
"banknote-authentication","classif.naive_bayes.tuned_calib.tunefirst.oof_beta",0.05631197639536,"oof","beta","naive_bayes",TRUE
"banknote-authentication","classif.naive_bayes.tuned_calib.tunefirst.oof_beta",0.0822460259710814,"oof","beta","naive_bayes",TRUE
"banknote-authentication","classif.naive_bayes.tuned_calib.tunefirst.oof_beta",0.0396952602983305,"oof","beta","naive_bayes",TRUE
"banknote-authentication","classif.naive_bayes.tuned_calib.tunefirst.oof_beta",0.0472889037735119,"oof","beta","naive_bayes",TRUE
"banknote-authentication","classif.naive_bayes.tuned_calib.tunefirst.oof_beta",0.0561329217787627,"oof","beta","naive_bayes",TRUE
"banknote-authentication","classif.naive_bayes.tuned_calib.tunefirst.oof_beta",0.0588346779032851,"oof","beta","naive_bayes",TRUE
"banknote-authentication","classif.naive_bayes.tuned_calib.tunefirst.oof_beta",0.0574039317004263,"oof","beta","naive_bayes",TRUE
"banknote-authentication","classif.naive_bayes.tuned_calib.tunefirst.oof_beta",0.0459549562782109,"oof","beta","naive_bayes",TRUE
"banknote-authentication","classif.naive_bayes.tuned_calib.tunefirst.oof_isotonic",0.0548543598968209,"oof","isotonic","naive_bayes",TRUE
"banknote-authentication","classif.naive_bayes.tuned_calib.tunefirst.oof_isotonic",0.0505115354698501,"oof","isotonic","naive_bayes",TRUE
"banknote-authentication","classif.naive_bayes.tuned_calib.tunefirst.oof_isotonic",0.0431376015595494,"oof","isotonic","naive_bayes",TRUE
"banknote-authentication","classif.naive_bayes.tuned_calib.tunefirst.oof_isotonic",0.129328009084762,"oof","isotonic","naive_bayes",TRUE
"banknote-authentication","classif.naive_bayes.tuned_calib.tunefirst.oof_isotonic",0.0438807404805888,"oof","isotonic","naive_bayes",TRUE
"banknote-authentication","classif.naive_bayes.tuned_calib.tunefirst.oof_isotonic",0.073018322385267,"oof","isotonic","naive_bayes",TRUE
"banknote-authentication","classif.naive_bayes.tuned_calib.tunefirst.oof_isotonic",0.0796515549548131,"oof","isotonic","naive_bayes",TRUE
"banknote-authentication","classif.naive_bayes.tuned_calib.tunefirst.oof_isotonic",0.0838143984017928,"oof","isotonic","naive_bayes",TRUE
"banknote-authentication","classif.naive_bayes.tuned_calib.tunefirst.oof_isotonic",0.0794859859690693,"oof","isotonic","naive_bayes",TRUE
"banknote-authentication","classif.naive_bayes.tuned_calib.tunefirst.oof_isotonic",0.04351147005192,"oof","isotonic","naive_bayes",TRUE
"banknote-authentication","classif.naive_bayes.tuned_calib.tunefirst.perfold_platt",0.0916446461439695,"perfold","platt","naive_bayes",TRUE
"banknote-authentication","classif.naive_bayes.tuned_calib.tunefirst.perfold_platt",0.112681044355885,"perfold","platt","naive_bayes",TRUE
"banknote-authentication","classif.naive_bayes.tuned_calib.tunefirst.perfold_platt",0.0965035505960044,"perfold","platt","naive_bayes",TRUE
"banknote-authentication","classif.naive_bayes.tuned_calib.tunefirst.perfold_platt",0.106761728268865,"perfold","platt","naive_bayes",TRUE
"banknote-authentication","classif.naive_bayes.tuned_calib.tunefirst.perfold_platt",0.075051143706182,"perfold","platt","naive_bayes",TRUE
"banknote-authentication","classif.naive_bayes.tuned_calib.tunefirst.perfold_platt",0.0709629329120418,"perfold","platt","naive_bayes",TRUE
"banknote-authentication","classif.naive_bayes.tuned_calib.tunefirst.perfold_platt",0.0743740556287092,"perfold","platt","naive_bayes",TRUE
"banknote-authentication","classif.naive_bayes.tuned_calib.tunefirst.perfold_platt",0.0728159135102803,"perfold","platt","naive_bayes",TRUE
"banknote-authentication","classif.naive_bayes.tuned_calib.tunefirst.perfold_platt",0.0963676111745148,"perfold","platt","naive_bayes",TRUE
"banknote-authentication","classif.naive_bayes.tuned_calib.tunefirst.perfold_platt",0.0778458253800142,"perfold","platt","naive_bayes",TRUE
"banknote-authentication","classif.naive_bayes.tuned_calib.tunefirst.perfold_beta",0.0440013502838543,"perfold","beta","naive_bayes",TRUE
"banknote-authentication","classif.naive_bayes.tuned_calib.tunefirst.perfold_beta",0.0673026031884171,"perfold","beta","naive_bayes",TRUE
"banknote-authentication","classif.naive_bayes.tuned_calib.tunefirst.perfold_beta",0.0565099830783809,"perfold","beta","naive_bayes",TRUE
"banknote-authentication","classif.naive_bayes.tuned_calib.tunefirst.perfold_beta",0.0807903152313547,"perfold","beta","naive_bayes",TRUE
"banknote-authentication","classif.naive_bayes.tuned_calib.tunefirst.perfold_beta",0.044467309710825,"perfold","beta","naive_bayes",TRUE
"banknote-authentication","classif.naive_bayes.tuned_calib.tunefirst.perfold_beta",0.0475719171647232,"perfold","beta","naive_bayes",TRUE
"banknote-authentication","classif.naive_bayes.tuned_calib.tunefirst.perfold_beta",0.067961051539909,"perfold","beta","naive_bayes",TRUE
"banknote-authentication","classif.naive_bayes.tuned_calib.tunefirst.perfold_beta",0.0570287215966735,"perfold","beta","naive_bayes",TRUE
"banknote-authentication","classif.naive_bayes.tuned_calib.tunefirst.perfold_beta",0.059693653211385,"perfold","beta","naive_bayes",TRUE
"banknote-authentication","classif.naive_bayes.tuned_calib.tunefirst.perfold_beta",0.0440463444552103,"perfold","beta","naive_bayes",TRUE
"banknote-authentication","classif.naive_bayes.tuned_calib.tunefirst.perfold_isotonic",0.051190929989694,"perfold","isotonic","naive_bayes",TRUE
"banknote-authentication","classif.naive_bayes.tuned_calib.tunefirst.perfold_isotonic",0.0522102851811735,"perfold","isotonic","naive_bayes",TRUE
"banknote-authentication","classif.naive_bayes.tuned_calib.tunefirst.perfold_isotonic",0.0403983939747972,"perfold","isotonic","naive_bayes",TRUE
"banknote-authentication","classif.naive_bayes.tuned_calib.tunefirst.perfold_isotonic",0.0760592591866784,"perfold","isotonic","naive_bayes",TRUE
"banknote-authentication","classif.naive_bayes.tuned_calib.tunefirst.perfold_isotonic",0.0318601096061228,"perfold","isotonic","naive_bayes",TRUE
"banknote-authentication","classif.naive_bayes.tuned_calib.tunefirst.perfold_isotonic",0.0324665793179499,"perfold","isotonic","naive_bayes",TRUE
"banknote-authentication","classif.naive_bayes.tuned_calib.tunefirst.perfold_isotonic",0.0389675289745571,"perfold","isotonic","naive_bayes",TRUE
"banknote-authentication","classif.naive_bayes.tuned_calib.tunefirst.perfold_isotonic",0.0510616527441684,"perfold","isotonic","naive_bayes",TRUE
"banknote-authentication","classif.naive_bayes.tuned_calib.tunefirst.perfold_isotonic",0.0457720437302594,"perfold","isotonic","naive_bayes",TRUE
"banknote-authentication","classif.naive_bayes.tuned_calib.tunefirst.perfold_isotonic",0.03078788359234,"perfold","isotonic","naive_bayes",TRUE
"banknote-authentication","classif.ranger.tuned",0.0238553828652102,"none","none","ranger",FALSE
"banknote-authentication","classif.ranger.tuned",0.0160438501449991,"none","none","ranger",FALSE
"banknote-authentication","classif.ranger.tuned",0.021218881600639,"none","none","ranger",FALSE
"banknote-authentication","classif.ranger.tuned",0.0170717847896224,"none","none","ranger",FALSE
"banknote-authentication","classif.ranger.tuned",0.00938586400940718,"none","none","ranger",FALSE
"banknote-authentication","classif.ranger.tuned",0.0197047684263035,"none","none","ranger",FALSE
"banknote-authentication","classif.ranger.tuned",0.00722570334755013,"none","none","ranger",FALSE
"banknote-authentication","classif.ranger.tuned",0.0101573557241226,"none","none","ranger",FALSE
"banknote-authentication","classif.ranger.tuned",0.00961661935658286,"none","none","ranger",FALSE
"banknote-authentication","classif.ranger.tuned",0.0116348433939675,"none","none","ranger",FALSE
"banknote-authentication","classif.ranger.tuned_calib.oof_platt",0.015370626286647,"oof","platt","ranger",FALSE
"banknote-authentication","classif.ranger.tuned_calib.oof_platt",0.0106247030189164,"oof","platt","ranger",FALSE
"banknote-authentication","classif.ranger.tuned_calib.oof_platt",0.0125651274461181,"oof","platt","ranger",FALSE
"banknote-authentication","classif.ranger.tuned_calib.oof_platt",0.0113287682316848,"oof","platt","ranger",FALSE
"banknote-authentication","classif.ranger.tuned_calib.oof_platt",0.00879092676796753,"oof","platt","ranger",FALSE
"banknote-authentication","classif.ranger.tuned_calib.oof_platt",0.0141896649854129,"oof","platt","ranger",FALSE
"banknote-authentication","classif.ranger.tuned_calib.oof_platt",0.0044737734047135,"oof","platt","ranger",FALSE
"banknote-authentication","classif.ranger.tuned_calib.oof_platt",0.00747682712485352,"oof","platt","ranger",FALSE
"banknote-authentication","classif.ranger.tuned_calib.oof_platt",0.00687371420618845,"oof","platt","ranger",FALSE
"banknote-authentication","classif.ranger.tuned_calib.oof_platt",0.00396797665295702,"oof","platt","ranger",FALSE
"banknote-authentication","classif.ranger.tuned_calib.oof_beta",0.0129347573764974,"oof","beta","ranger",FALSE
"banknote-authentication","classif.ranger.tuned_calib.oof_beta",0.00984964312897385,"oof","beta","ranger",FALSE
"banknote-authentication","classif.ranger.tuned_calib.oof_beta",0.010327202871978,"oof","beta","ranger",FALSE
"banknote-authentication","classif.ranger.tuned_calib.oof_beta",0.00962165742519047,"oof","beta","ranger",FALSE
"banknote-authentication","classif.ranger.tuned_calib.oof_beta",0.00691161866238318,"oof","beta","ranger",FALSE
"banknote-authentication","classif.ranger.tuned_calib.oof_beta",0.0114318041149561,"oof","beta","ranger",FALSE
"banknote-authentication","classif.ranger.tuned_calib.oof_beta",0.00351231659923288,"oof","beta","ranger",FALSE
"banknote-authentication","classif.ranger.tuned_calib.oof_beta",0.00571126438288416,"oof","beta","ranger",FALSE
"banknote-authentication","classif.ranger.tuned_calib.oof_beta",0.00440594504842457,"oof","beta","ranger",FALSE
"banknote-authentication","classif.ranger.tuned_calib.oof_beta",0.00336633640917204,"oof","beta","ranger",FALSE
"banknote-authentication","classif.ranger.tuned_calib.oof_isotonic",0.0120772946859904,"oof","isotonic","ranger",FALSE
"banknote-authentication","classif.ranger.tuned_calib.oof_isotonic",0.00983436853002071,"oof","isotonic","ranger",FALSE
"banknote-authentication","classif.ranger.tuned_calib.oof_isotonic",0.0091762252346194,"oof","isotonic","ranger",FALSE
"banknote-authentication","classif.ranger.tuned_calib.oof_isotonic",0.0143773501437735,"oof","isotonic","ranger",FALSE
"banknote-authentication","classif.ranger.tuned_calib.oof_isotonic",0.00577858880778588,"oof","isotonic","ranger",FALSE
"banknote-authentication","classif.ranger.tuned_calib.oof_isotonic",0.0105433901054339,"oof","isotonic","ranger",FALSE
"banknote-authentication","classif.ranger.tuned_calib.oof_isotonic",0.00215234886767733,"oof","isotonic","ranger",FALSE
"banknote-authentication","classif.ranger.tuned_calib.oof_isotonic",0.00486618004866179,"oof","isotonic","ranger",FALSE
"banknote-authentication","classif.ranger.tuned_calib.oof_isotonic",0.00428598165824443,"oof","isotonic","ranger",FALSE
"banknote-authentication","classif.ranger.tuned_calib.oof_isotonic",0.00525976814083296,"oof","isotonic","ranger",FALSE
"banknote-authentication","classif.ranger.tuned_calib.perfold_platt",0.00893834842500043,"perfold","platt","ranger",FALSE
"banknote-authentication","classif.ranger.tuned_calib.perfold_platt",0.00849711751288991,"perfold","platt","ranger",FALSE
"banknote-authentication","classif.ranger.tuned_calib.perfold_platt",0.00482272554940657,"perfold","platt","ranger",FALSE
"banknote-authentication","classif.ranger.tuned_calib.perfold_platt",0.0119129999742193,"perfold","platt","ranger",FALSE
"banknote-authentication","classif.ranger.tuned_calib.perfold_platt",0.0087243849305207,"perfold","platt","ranger",FALSE
"banknote-authentication","classif.ranger.tuned_calib.perfold_platt",0.0110497707796568,"perfold","platt","ranger",FALSE
"banknote-authentication","classif.ranger.tuned_calib.perfold_platt",0.00534934900150396,"perfold","platt","ranger",FALSE
"banknote-authentication","classif.ranger.tuned_calib.perfold_platt",0.00475722887858288,"perfold","platt","ranger",FALSE
"banknote-authentication","classif.ranger.tuned_calib.perfold_platt",0.0059548189415758,"perfold","platt","ranger",FALSE
"banknote-authentication","classif.ranger.tuned_calib.perfold_platt",0.00678171115269759,"perfold","platt","ranger",FALSE
"banknote-authentication","classif.ranger.tuned_calib.perfold_beta",0.0634321864704434,"perfold","beta","ranger",FALSE
"banknote-authentication","classif.ranger.tuned_calib.perfold_beta",0.0531073969671633,"perfold","beta","ranger",FALSE
"banknote-authentication","classif.ranger.tuned_calib.perfold_beta",0.0679762835090545,"perfold","beta","ranger",FALSE
"banknote-authentication","classif.ranger.tuned_calib.perfold_beta",0.0880783507806083,"perfold","beta","ranger",FALSE
"banknote-authentication","classif.ranger.tuned_calib.perfold_beta",0.0745349382039465,"perfold","beta","ranger",FALSE
"banknote-authentication","classif.ranger.tuned_calib.perfold_beta",0.0106600417547654,"perfold","beta","ranger",FALSE
"banknote-authentication","classif.ranger.tuned_calib.perfold_beta",0.00440970756839864,"perfold","beta","ranger",FALSE
"banknote-authentication","classif.ranger.tuned_calib.perfold_beta",0.00477780014256578,"perfold","beta","ranger",FALSE
"banknote-authentication","classif.ranger.tuned_calib.perfold_beta",0.00301544142176292,"perfold","beta","ranger",FALSE
"banknote-authentication","classif.ranger.tuned_calib.perfold_beta",0.00743170433228078,"perfold","beta","ranger",FALSE
"banknote-authentication","classif.ranger.tuned_calib.perfold_isotonic",0.00797101449275363,"perfold","isotonic","ranger",FALSE
"banknote-authentication","classif.ranger.tuned_calib.perfold_isotonic",0.0030193236714976,"perfold","isotonic","ranger",FALSE
"banknote-authentication","classif.ranger.tuned_calib.perfold_isotonic",0.00316301703163017,"perfold","isotonic","ranger",FALSE
"banknote-authentication","classif.ranger.tuned_calib.perfold_isotonic",0.0094890510948905,"perfold","isotonic","ranger",FALSE
"banknote-authentication","classif.ranger.tuned_calib.perfold_isotonic",0.0062043795620438,"perfold","isotonic","ranger",FALSE
"banknote-authentication","classif.ranger.tuned_calib.perfold_isotonic",0.0105109489051095,"perfold","isotonic","ranger",FALSE
"banknote-authentication","classif.ranger.tuned_calib.perfold_isotonic",0.00437956204379562,"perfold","isotonic","ranger",FALSE
"banknote-authentication","classif.ranger.tuned_calib.perfold_isotonic",0.00574209245742092,"perfold","isotonic","ranger",FALSE
"banknote-authentication","classif.ranger.tuned_calib.perfold_isotonic",0.0035523114355231,"perfold","isotonic","ranger",FALSE
"banknote-authentication","classif.ranger.tuned_calib.perfold_isotonic",0.00296836982968369,"perfold","isotonic","ranger",FALSE
"banknote-authentication","classif.ranger.tuned_calib.tunefirst.oof_platt",0.0105071320706989,"oof","platt","ranger",TRUE
"banknote-authentication","classif.ranger.tuned_calib.tunefirst.oof_platt",0.0119614073561653,"oof","platt","ranger",TRUE
"banknote-authentication","classif.ranger.tuned_calib.tunefirst.oof_platt",0.0107714069685148,"oof","platt","ranger",TRUE
"banknote-authentication","classif.ranger.tuned_calib.tunefirst.oof_platt",0.0106804406830785,"oof","platt","ranger",TRUE
"banknote-authentication","classif.ranger.tuned_calib.tunefirst.oof_platt",0.00837117636986127,"oof","platt","ranger",TRUE
"banknote-authentication","classif.ranger.tuned_calib.tunefirst.oof_platt",0.0135043067721908,"oof","platt","ranger",TRUE
"banknote-authentication","classif.ranger.tuned_calib.tunefirst.oof_platt",0.00540076399488312,"oof","platt","ranger",TRUE
"banknote-authentication","classif.ranger.tuned_calib.tunefirst.oof_platt",0.00735692260158068,"oof","platt","ranger",TRUE
"banknote-authentication","classif.ranger.tuned_calib.tunefirst.oof_platt",0.00724951009777265,"oof","platt","ranger",TRUE
"banknote-authentication","classif.ranger.tuned_calib.tunefirst.oof_platt",0.0052274797292722,"oof","platt","ranger",TRUE
"banknote-authentication","classif.ranger.tuned_calib.tunefirst.oof_beta",0.0136133324093505,"oof","beta","ranger",TRUE
"banknote-authentication","classif.ranger.tuned_calib.tunefirst.oof_beta",0.00988035597515638,"oof","beta","ranger",TRUE
"banknote-authentication","classif.ranger.tuned_calib.tunefirst.oof_beta",0.00957606881849151,"oof","beta","ranger",TRUE
"banknote-authentication","classif.ranger.tuned_calib.tunefirst.oof_beta",0.0111327193752201,"oof","beta","ranger",TRUE
"banknote-authentication","classif.ranger.tuned_calib.tunefirst.oof_beta",0.00861276182883161,"oof","beta","ranger",TRUE
"banknote-authentication","classif.ranger.tuned_calib.tunefirst.oof_beta",0.0115222068643664,"oof","beta","ranger",TRUE
"banknote-authentication","classif.ranger.tuned_calib.tunefirst.oof_beta",0.00505582731427576,"oof","beta","ranger",TRUE
"banknote-authentication","classif.ranger.tuned_calib.tunefirst.oof_beta",0.00640764509930022,"oof","beta","ranger",TRUE
"banknote-authentication","classif.ranger.tuned_calib.tunefirst.oof_beta",0.00591747340637138,"oof","beta","ranger",TRUE
"banknote-authentication","classif.ranger.tuned_calib.tunefirst.oof_beta",0.00575087223375315,"oof","beta","ranger",TRUE
"banknote-authentication","classif.ranger.tuned_calib.tunefirst.oof_isotonic",0.0137254901960784,"oof","isotonic","ranger",TRUE
"banknote-authentication","classif.ranger.tuned_calib.tunefirst.oof_isotonic",0.00257129499766246,"oof","isotonic","ranger",TRUE
"banknote-authentication","classif.ranger.tuned_calib.tunefirst.oof_isotonic",0.00945718920171475,"oof","isotonic","ranger",TRUE
"banknote-authentication","classif.ranger.tuned_calib.tunefirst.oof_isotonic",0.00895819508958195,"oof","isotonic","ranger",TRUE
"banknote-authentication","classif.ranger.tuned_calib.tunefirst.oof_isotonic",0.00615224191866526,"oof","isotonic","ranger",TRUE
"banknote-authentication","classif.ranger.tuned_calib.tunefirst.oof_isotonic",0.00912408759124089,"oof","isotonic","ranger",TRUE
"banknote-authentication","classif.ranger.tuned_calib.tunefirst.oof_isotonic",0.00486618004866179,"oof","isotonic","ranger",TRUE
"banknote-authentication","classif.ranger.tuned_calib.tunefirst.oof_isotonic",0.00364963503649634,"oof","isotonic","ranger",TRUE
"banknote-authentication","classif.ranger.tuned_calib.tunefirst.oof_isotonic",0.00505155833622986,"oof","isotonic","ranger",TRUE
"banknote-authentication","classif.ranger.tuned_calib.tunefirst.oof_isotonic",0.00417101147028154,"oof","isotonic","ranger",TRUE
"banknote-authentication","classif.ranger.tuned_calib.tunefirst.perfold_platt",0.0123692341456549,"perfold","platt","ranger",TRUE
"banknote-authentication","classif.ranger.tuned_calib.tunefirst.perfold_platt",0.0118561071113506,"perfold","platt","ranger",TRUE
"banknote-authentication","classif.ranger.tuned_calib.tunefirst.perfold_platt",0.0113257664238389,"perfold","platt","ranger",TRUE
"banknote-authentication","classif.ranger.tuned_calib.tunefirst.perfold_platt",0.00759375546964784,"perfold","platt","ranger",TRUE
"banknote-authentication","classif.ranger.tuned_calib.tunefirst.perfold_platt",0.00669191308307003,"perfold","platt","ranger",TRUE
"banknote-authentication","classif.ranger.tuned_calib.tunefirst.perfold_platt",0.012387870018272,"perfold","platt","ranger",TRUE
"banknote-authentication","classif.ranger.tuned_calib.tunefirst.perfold_platt",0.00299930036531445,"perfold","platt","ranger",TRUE
"banknote-authentication","classif.ranger.tuned_calib.tunefirst.perfold_platt",0.00643091661300291,"perfold","platt","ranger",TRUE
"banknote-authentication","classif.ranger.tuned_calib.tunefirst.perfold_platt",0.0053814840131278,"perfold","platt","ranger",TRUE
"banknote-authentication","classif.ranger.tuned_calib.tunefirst.perfold_platt",0.00804976602111518,"perfold","platt","ranger",TRUE
"banknote-authentication","classif.ranger.tuned_calib.tunefirst.perfold_beta",0.0138754676094976,"perfold","beta","ranger",TRUE
"banknote-authentication","classif.ranger.tuned_calib.tunefirst.perfold_beta",0.0122848741542443,"perfold","beta","ranger",TRUE
"banknote-authentication","classif.ranger.tuned_calib.tunefirst.perfold_beta",0.0101607652970297,"perfold","beta","ranger",TRUE
"banknote-authentication","classif.ranger.tuned_calib.tunefirst.perfold_beta",0.0075595398001986,"perfold","beta","ranger",TRUE
"banknote-authentication","classif.ranger.tuned_calib.tunefirst.perfold_beta",0.005046788228756,"perfold","beta","ranger",TRUE
"banknote-authentication","classif.ranger.tuned_calib.tunefirst.perfold_beta",0.0119123757133432,"perfold","beta","ranger",TRUE
"banknote-authentication","classif.ranger.tuned_calib.tunefirst.perfold_beta",0.00417662019817359,"perfold","beta","ranger",TRUE
"banknote-authentication","classif.ranger.tuned_calib.tunefirst.perfold_beta",0.00633671066720218,"perfold","beta","ranger",TRUE
"banknote-authentication","classif.ranger.tuned_calib.tunefirst.perfold_beta",0.00505692109577322,"perfold","beta","ranger",TRUE
"banknote-authentication","classif.ranger.tuned_calib.tunefirst.perfold_beta",0.00590231264960119,"perfold","beta","ranger",TRUE
"banknote-authentication","classif.ranger.tuned_calib.tunefirst.perfold_isotonic",0.00966183574879227,"perfold","isotonic","ranger",TRUE
"banknote-authentication","classif.ranger.tuned_calib.tunefirst.perfold_isotonic",0.00652173913043479,"perfold","isotonic","ranger",TRUE
"banknote-authentication","classif.ranger.tuned_calib.tunefirst.perfold_isotonic",0.00486618004866179,"perfold","isotonic","ranger",TRUE
"banknote-authentication","classif.ranger.tuned_calib.tunefirst.perfold_isotonic",0.0121654501216545,"perfold","isotonic","ranger",TRUE
"banknote-authentication","classif.ranger.tuned_calib.tunefirst.perfold_isotonic",0.0102189781021898,"perfold","isotonic","ranger",TRUE
"banknote-authentication","classif.ranger.tuned_calib.tunefirst.perfold_isotonic",0.00681265206812652,"perfold","isotonic","ranger",TRUE
"banknote-authentication","classif.ranger.tuned_calib.tunefirst.perfold_isotonic",0.00802919708029196,"perfold","isotonic","ranger",TRUE
"banknote-authentication","classif.ranger.tuned_calib.tunefirst.perfold_isotonic",0.00997566909975668,"perfold","isotonic","ranger",TRUE
"banknote-authentication","classif.ranger.tuned_calib.tunefirst.perfold_isotonic",0.0116788321167883,"perfold","isotonic","ranger",TRUE
"banknote-authentication","classif.ranger.tuned_calib.tunefirst.perfold_isotonic",0.0114355231143552,"perfold","isotonic","ranger",TRUE
"banknote-authentication","classif.xgboost.tuned",0.013973642657958,"none","none","xgboost",FALSE
"banknote-authentication","classif.xgboost.tuned",0.00116134411675136,"none","none","xgboost",FALSE
"banknote-authentication","classif.xgboost.tuned",0.0023524951553873,"none","none","xgboost",FALSE
"banknote-authentication","classif.xgboost.tuned",0.00580826632342436,"none","none","xgboost",FALSE
"banknote-authentication","classif.xgboost.tuned",0.00169813994055065,"none","none","xgboost",FALSE
"banknote-authentication","classif.xgboost.tuned",0.0132508177129551,"none","none","xgboost",FALSE
"banknote-authentication","classif.xgboost.tuned",0.000582826314180766,"none","none","xgboost",FALSE
"banknote-authentication","classif.xgboost.tuned",0.000758232396860962,"none","none","xgboost",FALSE
"banknote-authentication","classif.xgboost.tuned",0.00260269385220799,"none","none","xgboost",FALSE
"banknote-authentication","classif.xgboost.tuned",0.00677095453544215,"none","none","xgboost",FALSE
"banknote-authentication","classif.xgboost.tuned_calib.oof_platt",0.00718762375466855,"oof","platt","xgboost",FALSE
"banknote-authentication","classif.xgboost.tuned_calib.oof_platt",0.00782661912729048,"oof","platt","xgboost",FALSE
"banknote-authentication","classif.xgboost.tuned_calib.oof_platt",0.00304727277432825,"oof","platt","xgboost",FALSE
"banknote-authentication","classif.xgboost.tuned_calib.oof_platt",0.00767210336134143,"oof","platt","xgboost",FALSE
"banknote-authentication","classif.xgboost.tuned_calib.oof_platt",0.00134405929105361,"oof","platt","xgboost",FALSE
"banknote-authentication","classif.xgboost.tuned_calib.oof_platt",0.00950163518492364,"oof","platt","xgboost",FALSE
"banknote-authentication","classif.xgboost.tuned_calib.oof_platt",0.00201307796314597,"oof","platt","xgboost",FALSE
"banknote-authentication","classif.xgboost.tuned_calib.oof_platt",0.00121731852431941,"oof","platt","xgboost",FALSE
"banknote-authentication","classif.xgboost.tuned_calib.oof_platt",0.00336162024062506,"oof","platt","xgboost",FALSE
"banknote-authentication","classif.xgboost.tuned_calib.oof_platt",0.00403012302388418,"oof","platt","xgboost",FALSE
"banknote-authentication","classif.xgboost.tuned_calib.oof_beta",0.0117788493248442,"oof","beta","xgboost",FALSE
"banknote-authentication","classif.xgboost.tuned_calib.oof_beta",0.00374829947684141,"oof","beta","xgboost",FALSE
"banknote-authentication","classif.xgboost.tuned_calib.oof_beta",0.00116670344408164,"oof","beta","xgboost",FALSE
"banknote-authentication","classif.xgboost.tuned_calib.oof_beta",0.00857069531744609,"oof","beta","xgboost",FALSE
"banknote-authentication","classif.xgboost.tuned_calib.oof_beta",0.00219146809128117,"oof","beta","xgboost",FALSE
"banknote-authentication","classif.xgboost.tuned_calib.oof_beta",0.00797032398604228,"oof","beta","xgboost",FALSE
"banknote-authentication","classif.xgboost.tuned_calib.oof_beta",0.00426764713470439,"oof","beta","xgboost",FALSE
"banknote-authentication","classif.xgboost.tuned_calib.oof_beta",0.00105311158848205,"oof","beta","xgboost",FALSE
"banknote-authentication","classif.xgboost.tuned_calib.oof_beta",0.00218942019990486,"oof","beta","xgboost",FALSE
"banknote-authentication","classif.xgboost.tuned_calib.oof_beta",0.00321461047810402,"oof","beta","xgboost",FALSE
"banknote-authentication","classif.xgboost.tuned_calib.oof_isotonic",0.00483091787439613,"oof","isotonic","xgboost",FALSE
"banknote-authentication","classif.xgboost.tuned_calib.oof_isotonic",0.00431331953071084,"oof","isotonic","xgboost",FALSE
"banknote-authentication","classif.xgboost.tuned_calib.oof_isotonic",0.00208550573514076,"oof","isotonic","xgboost",FALSE
"banknote-authentication","classif.xgboost.tuned_calib.oof_isotonic",0.0113912851139128,"oof","isotonic","xgboost",FALSE
"banknote-authentication","classif.xgboost.tuned_calib.oof_isotonic",0.00415652879156528,"oof","isotonic","xgboost",FALSE
"banknote-authentication","classif.xgboost.tuned_calib.oof_isotonic",0.008110300081103,"oof","isotonic","xgboost",FALSE
"banknote-authentication","classif.xgboost.tuned_calib.oof_isotonic",0.00230141691713182,"oof","isotonic","xgboost",FALSE
"banknote-authentication","classif.xgboost.tuned_calib.oof_isotonic",0.00193541251935412,"oof","isotonic","xgboost",FALSE
"banknote-authentication","classif.xgboost.tuned_calib.oof_isotonic",0.00258281864121279,"oof","isotonic","xgboost",FALSE
"banknote-authentication","classif.xgboost.tuned_calib.oof_isotonic",0.00724133935812768,"oof","isotonic","xgboost",FALSE
"banknote-authentication","classif.xgboost.tuned_calib.perfold_platt",0.011522365898709,"perfold","platt","xgboost",FALSE
"banknote-authentication","classif.xgboost.tuned_calib.perfold_platt",0.00541323632800424,"perfold","platt","xgboost",FALSE
"banknote-authentication","classif.xgboost.tuned_calib.perfold_platt",0.00132205941117823,"perfold","platt","xgboost",FALSE
"banknote-authentication","classif.xgboost.tuned_calib.perfold_platt",0.00579042140400156,"perfold","platt","xgboost",FALSE
"banknote-authentication","classif.xgboost.tuned_calib.perfold_platt",0.00154528610815011,"perfold","platt","xgboost",FALSE
"banknote-authentication","classif.xgboost.tuned_calib.perfold_platt",0.00906000717323116,"perfold","platt","xgboost",FALSE
"banknote-authentication","classif.xgboost.tuned_calib.perfold_platt",0.000567486478016083,"perfold","platt","xgboost",FALSE
"banknote-authentication","classif.xgboost.tuned_calib.perfold_platt",0.000594414183503869,"perfold","platt","xgboost",FALSE
"banknote-authentication","classif.xgboost.tuned_calib.perfold_platt",0.00359375752727918,"perfold","platt","xgboost",FALSE
"banknote-authentication","classif.xgboost.tuned_calib.perfold_platt",0.00278125847874344,"perfold","platt","xgboost",FALSE
"banknote-authentication","classif.xgboost.tuned_calib.perfold_beta",0.00864358026043577,"perfold","beta","xgboost",FALSE
"banknote-authentication","classif.xgboost.tuned_calib.perfold_beta",0.00406211056321496,"perfold","beta","xgboost",FALSE
"banknote-authentication","classif.xgboost.tuned_calib.perfold_beta",0.00614335631442259,"perfold","beta","xgboost",FALSE
"banknote-authentication","classif.xgboost.tuned_calib.perfold_beta",0.00108006182281766,"perfold","beta","xgboost",FALSE
"banknote-authentication","classif.xgboost.tuned_calib.perfold_beta",0.00955344769053888,"perfold","beta","xgboost",FALSE
"banknote-authentication","classif.xgboost.tuned_calib.perfold_beta",0.00930129440637113,"perfold","beta","xgboost",FALSE
"banknote-authentication","classif.xgboost.tuned_calib.perfold_beta",0.00301352603064207,"perfold","beta","xgboost",FALSE
"banknote-authentication","classif.xgboost.tuned_calib.perfold_beta",0.00197961320141378,"perfold","beta","xgboost",FALSE
"banknote-authentication","classif.xgboost.tuned_calib.perfold_beta",0.00394346363624741,"perfold","beta","xgboost",FALSE
"banknote-authentication","classif.xgboost.tuned_calib.perfold_beta",0.00496835593205032,"perfold","beta","xgboost",FALSE
"banknote-authentication","classif.xgboost.tuned_calib.perfold_isotonic",0.00380434782608696,"perfold","isotonic","xgboost",FALSE
"banknote-authentication","classif.xgboost.tuned_calib.perfold_isotonic",0.000362318840579709,"perfold","isotonic","xgboost",FALSE
"banknote-authentication","classif.xgboost.tuned_calib.perfold_isotonic",0.00529197080291971,"perfold","isotonic","xgboost",FALSE
"banknote-authentication","classif.xgboost.tuned_calib.perfold_isotonic",0.0113138686131387,"perfold","isotonic","xgboost",FALSE
"banknote-authentication","classif.xgboost.tuned_calib.perfold_isotonic",0.00565693430656934,"perfold","isotonic","xgboost",FALSE
"banknote-authentication","classif.xgboost.tuned_calib.perfold_isotonic",0.0109489051094891,"perfold","isotonic","xgboost",FALSE
"banknote-authentication","classif.xgboost.tuned_calib.perfold_isotonic",0.00121654501216545,"perfold","isotonic","xgboost",FALSE
"banknote-authentication","classif.xgboost.tuned_calib.perfold_isotonic",0.00145985401459854,"perfold","isotonic","xgboost",FALSE
"banknote-authentication","classif.xgboost.tuned_calib.perfold_isotonic",0.00206812652068126,"perfold","isotonic","xgboost",FALSE
"banknote-authentication","classif.xgboost.tuned_calib.perfold_isotonic",0.00170316301703162,"perfold","isotonic","xgboost",FALSE
"banknote-authentication","classif.xgboost.tuned_calib.tunefirst.oof_platt",0.00902859620861535,"oof","platt","xgboost",TRUE
"banknote-authentication","classif.xgboost.tuned_calib.tunefirst.oof_platt",0.00202083722169401,"oof","platt","xgboost",TRUE
"banknote-authentication","classif.xgboost.tuned_calib.tunefirst.oof_platt",0.00299135727629075,"oof","platt","xgboost",TRUE
"banknote-authentication","classif.xgboost.tuned_calib.tunefirst.oof_platt",0.00781944342703801,"oof","platt","xgboost",TRUE
"banknote-authentication","classif.xgboost.tuned_calib.tunefirst.oof_platt",0.00107267025965723,"oof","platt","xgboost",TRUE
"banknote-authentication","classif.xgboost.tuned_calib.tunefirst.oof_platt",0.0096916381188313,"oof","platt","xgboost",TRUE
"banknote-authentication","classif.xgboost.tuned_calib.tunefirst.oof_platt",0.00221549685540304,"oof","platt","xgboost",TRUE
"banknote-authentication","classif.xgboost.tuned_calib.tunefirst.oof_platt",0.00319200148060612,"oof","platt","xgboost",TRUE
"banknote-authentication","classif.xgboost.tuned_calib.tunefirst.oof_platt",0.00683165349954651,"oof","platt","xgboost",TRUE
"banknote-authentication","classif.xgboost.tuned_calib.tunefirst.oof_platt",0.00078588603092523,"oof","platt","xgboost",TRUE
"banknote-authentication","classif.xgboost.tuned_calib.tunefirst.oof_beta",0.00967362130704757,"oof","beta","xgboost",TRUE
"banknote-authentication","classif.xgboost.tuned_calib.tunefirst.oof_beta",0.000907592871227635,"oof","beta","xgboost",TRUE
"banknote-authentication","classif.xgboost.tuned_calib.tunefirst.oof_beta",0.00186205515661458,"oof","beta","xgboost",TRUE
"banknote-authentication","classif.xgboost.tuned_calib.tunefirst.oof_beta",0.00808536444369595,"oof","beta","xgboost",TRUE
"banknote-authentication","classif.xgboost.tuned_calib.tunefirst.oof_beta",0.0033862147646279,"oof","beta","xgboost",TRUE
"banknote-authentication","classif.xgboost.tuned_calib.tunefirst.oof_beta",0.00945629201800743,"oof","beta","xgboost",TRUE
"banknote-authentication","classif.xgboost.tuned_calib.tunefirst.oof_beta",0.000582060594063876,"oof","beta","xgboost",TRUE
"banknote-authentication","classif.xgboost.tuned_calib.tunefirst.oof_beta",0.000572513388571753,"oof","beta","xgboost",TRUE
"banknote-authentication","classif.xgboost.tuned_calib.tunefirst.oof_beta",0.00261939344410797,"oof","beta","xgboost",TRUE
"banknote-authentication","classif.xgboost.tuned_calib.tunefirst.oof_beta",0.00203397676155226,"oof","beta","xgboost",TRUE
"banknote-authentication","classif.xgboost.tuned_calib.tunefirst.oof_isotonic",0.0102657004830918,"oof","isotonic","xgboost",TRUE
"banknote-authentication","classif.xgboost.tuned_calib.tunefirst.oof_isotonic",0.0059941101542603,"oof","isotonic","xgboost",TRUE
"banknote-authentication","classif.xgboost.tuned_calib.tunefirst.oof_isotonic",0.00298606502986064,"oof","isotonic","xgboost",TRUE
"banknote-authentication","classif.xgboost.tuned_calib.tunefirst.oof_isotonic",0.0124050413294833,"oof","isotonic","xgboost",TRUE
"banknote-authentication","classif.xgboost.tuned_calib.tunefirst.oof_isotonic",0.00182481751824817,"oof","isotonic","xgboost",TRUE
"banknote-authentication","classif.xgboost.tuned_calib.tunefirst.oof_isotonic",0.0072992700729927,"oof","isotonic","xgboost",TRUE
"banknote-authentication","classif.xgboost.tuned_calib.tunefirst.oof_isotonic",0,"oof","isotonic","xgboost",TRUE
"banknote-authentication","classif.xgboost.tuned_calib.tunefirst.oof_isotonic",0.000489154360811136,"oof","isotonic","xgboost",TRUE
"banknote-authentication","classif.xgboost.tuned_calib.tunefirst.oof_isotonic",0.00486618004866179,"oof","isotonic","xgboost",TRUE
"banknote-authentication","classif.xgboost.tuned_calib.tunefirst.oof_isotonic",0.00511153366456072,"oof","isotonic","xgboost",TRUE
"banknote-authentication","classif.xgboost.tuned_calib.tunefirst.perfold_platt",0.00707978858703894,"perfold","platt","xgboost",TRUE
"banknote-authentication","classif.xgboost.tuned_calib.tunefirst.perfold_platt",0.00680044067106127,"perfold","platt","xgboost",TRUE
"banknote-authentication","classif.xgboost.tuned_calib.tunefirst.perfold_platt",0.0028125814765654,"perfold","platt","xgboost",TRUE
"banknote-authentication","classif.xgboost.tuned_calib.tunefirst.perfold_platt",0.00617946168903422,"perfold","platt","xgboost",TRUE
"banknote-authentication","classif.xgboost.tuned_calib.tunefirst.perfold_platt",0.00369628602700947,"perfold","platt","xgboost",TRUE
"banknote-authentication","classif.xgboost.tuned_calib.tunefirst.perfold_platt",0.0093407041664329,"perfold","platt","xgboost",TRUE
"banknote-authentication","classif.xgboost.tuned_calib.tunefirst.perfold_platt",0.00286818018615326,"perfold","platt","xgboost",TRUE
"banknote-authentication","classif.xgboost.tuned_calib.tunefirst.perfold_platt",0.00277383375443783,"perfold","platt","xgboost",TRUE
"banknote-authentication","classif.xgboost.tuned_calib.tunefirst.perfold_platt",0.0077921975445445,"perfold","platt","xgboost",TRUE
"banknote-authentication","classif.xgboost.tuned_calib.tunefirst.perfold_platt",0.0073188051499361,"perfold","platt","xgboost",TRUE
"banknote-authentication","classif.xgboost.tuned_calib.tunefirst.perfold_beta",0.01010898310892,"perfold","beta","xgboost",TRUE
"banknote-authentication","classif.xgboost.tuned_calib.tunefirst.perfold_beta",0.00133409409911473,"perfold","beta","xgboost",TRUE
"banknote-authentication","classif.xgboost.tuned_calib.tunefirst.perfold_beta",7.61340624840069e-05,"perfold","beta","xgboost",TRUE
"banknote-authentication","classif.xgboost.tuned_calib.tunefirst.perfold_beta",0.00515040532528924,"perfold","beta","xgboost",TRUE
"banknote-authentication","classif.xgboost.tuned_calib.tunefirst.perfold_beta",0.00306087500473768,"perfold","beta","xgboost",TRUE
"banknote-authentication","classif.xgboost.tuned_calib.tunefirst.perfold_beta",0.00874691739948352,"perfold","beta","xgboost",TRUE
"banknote-authentication","classif.xgboost.tuned_calib.tunefirst.perfold_beta",0.00334265799483191,"perfold","beta","xgboost",TRUE
"banknote-authentication","classif.xgboost.tuned_calib.tunefirst.perfold_beta",0.00148282724001256,"perfold","beta","xgboost",TRUE
"banknote-authentication","classif.xgboost.tuned_calib.tunefirst.perfold_beta",0.00374515800728811,"perfold","beta","xgboost",TRUE
"banknote-authentication","classif.xgboost.tuned_calib.tunefirst.perfold_beta",0.000698931256998125,"perfold","beta","xgboost",TRUE
"banknote-authentication","classif.xgboost.tuned_calib.tunefirst.perfold_isotonic",0.00324989020641196,"perfold","isotonic","xgboost",TRUE
"banknote-authentication","classif.xgboost.tuned_calib.tunefirst.perfold_isotonic",0.000395256916996053,"perfold","isotonic","xgboost",TRUE
"banknote-authentication","classif.xgboost.tuned_calib.tunefirst.perfold_isotonic",0.00805131608051316,"perfold","isotonic","xgboost",TRUE
"banknote-authentication","classif.xgboost.tuned_calib.tunefirst.perfold_isotonic",0.0126520681265207,"perfold","isotonic","xgboost",TRUE
"banknote-authentication","classif.xgboost.tuned_calib.tunefirst.perfold_isotonic",0.0139128511391285,"perfold","isotonic","xgboost",TRUE
"banknote-authentication","classif.xgboost.tuned_calib.tunefirst.perfold_isotonic",0.00802919708029198,"perfold","isotonic","xgboost",TRUE
"banknote-authentication","classif.xgboost.tuned_calib.tunefirst.perfold_isotonic",0.00145985401459854,"perfold","isotonic","xgboost",TRUE
"banknote-authentication","classif.xgboost.tuned_calib.tunefirst.perfold_isotonic",0,"perfold","isotonic","xgboost",TRUE
"banknote-authentication","classif.xgboost.tuned_calib.tunefirst.perfold_isotonic",0.00802919708029196,"perfold","isotonic","xgboost",TRUE
"banknote-authentication","classif.xgboost.tuned_calib.tunefirst.perfold_isotonic",0.00802919708029196,"perfold","isotonic","xgboost",TRUE
"wilt","classif.naive_bayes.tuned",0.118811880888229,"none","none","naive_bayes",FALSE
"wilt","classif.naive_bayes.tuned",0.135220633498305,"none","none","naive_bayes",FALSE
"wilt","classif.naive_bayes.tuned",0.117244725210794,"none","none","naive_bayes",FALSE
"wilt","classif.naive_bayes.tuned",0.127560819041527,"none","none","naive_bayes",FALSE
"wilt","classif.naive_bayes.tuned",0.10432056259264,"none","none","naive_bayes",FALSE
"wilt","classif.naive_bayes.tuned",0.13202758876068,"none","none","naive_bayes",FALSE
"wilt","classif.naive_bayes.tuned",0.110526098490002,"none","none","naive_bayes",FALSE
"wilt","classif.naive_bayes.tuned",0.148917785365358,"none","none","naive_bayes",FALSE
"wilt","classif.naive_bayes.tuned",0.107851394812824,"none","none","naive_bayes",FALSE
"wilt","classif.naive_bayes.tuned",0.138253969922812,"none","none","naive_bayes",FALSE
"wilt","classif.naive_bayes.tuned_calib.oof_platt",0.0240620307066844,"oof","platt","naive_bayes",FALSE
"wilt","classif.naive_bayes.tuned_calib.oof_platt",0.0160442111432479,"oof","platt","naive_bayes",FALSE
"wilt","classif.naive_bayes.tuned_calib.oof_platt",0.0187247051333038,"oof","platt","naive_bayes",FALSE
"wilt","classif.naive_bayes.tuned_calib.oof_platt",0.0234259854103284,"oof","platt","naive_bayes",FALSE
"wilt","classif.naive_bayes.tuned_calib.oof_platt",0.0190983817427661,"oof","platt","naive_bayes",FALSE
"wilt","classif.naive_bayes.tuned_calib.oof_platt",0.0139006900662918,"oof","platt","naive_bayes",FALSE
"wilt","classif.naive_bayes.tuned_calib.oof_platt",0.0236690039028009,"oof","platt","naive_bayes",FALSE
"wilt","classif.naive_bayes.tuned_calib.oof_platt",0.0260548234901538,"oof","platt","naive_bayes",FALSE
"wilt","classif.naive_bayes.tuned_calib.oof_platt",0.024043216755738,"oof","platt","naive_bayes",FALSE
"wilt","classif.naive_bayes.tuned_calib.oof_platt",0.0350364877908541,"oof","platt","naive_bayes",FALSE
"wilt","classif.naive_bayes.tuned_calib.oof_beta",0.0100057370027992,"oof","beta","naive_bayes",FALSE
"wilt","classif.naive_bayes.tuned_calib.oof_beta",0.021158868620365,"oof","beta","naive_bayes",FALSE
"wilt","classif.naive_bayes.tuned_calib.oof_beta",0.0145381333382504,"oof","beta","naive_bayes",FALSE
"wilt","classif.naive_bayes.tuned_calib.oof_beta",0.0337926299719741,"oof","beta","naive_bayes",FALSE
"wilt","classif.naive_bayes.tuned_calib.oof_beta",0.0247086572111287,"oof","beta","naive_bayes",FALSE
"wilt","classif.naive_bayes.tuned_calib.oof_beta",0.0218955426721691,"oof","beta","naive_bayes",FALSE
"wilt","classif.naive_bayes.tuned_calib.oof_beta",0.0225169935408976,"oof","beta","naive_bayes",FALSE
"wilt","classif.naive_bayes.tuned_calib.oof_beta",0.0255228561675391,"oof","beta","naive_bayes",FALSE
"wilt","classif.naive_bayes.tuned_calib.oof_beta",0.0222251979202297,"oof","beta","naive_bayes",FALSE
"wilt","classif.naive_bayes.tuned_calib.oof_beta",0.0489630040923488,"oof","beta","naive_bayes",FALSE
"wilt","classif.naive_bayes.tuned_calib.oof_isotonic",0.0315696891335555,"oof","isotonic","naive_bayes",FALSE
"wilt","classif.naive_bayes.tuned_calib.oof_isotonic",0.025389184448484,"oof","isotonic","naive_bayes",FALSE
"wilt","classif.naive_bayes.tuned_calib.oof_isotonic",0.0222207956812139,"oof","isotonic","naive_bayes",FALSE
"wilt","classif.naive_bayes.tuned_calib.oof_isotonic",0.0170938424025941,"oof","isotonic","naive_bayes",FALSE
"wilt","classif.naive_bayes.tuned_calib.oof_isotonic",0.0179968730837449,"oof","isotonic","naive_bayes",FALSE
"wilt","classif.naive_bayes.tuned_calib.oof_isotonic",0.0218838775042644,"oof","isotonic","naive_bayes",FALSE
"wilt","classif.naive_bayes.tuned_calib.oof_isotonic",0.0281732089217622,"oof","isotonic","naive_bayes",FALSE
"wilt","classif.naive_bayes.tuned_calib.oof_isotonic",0.0364157291990742,"oof","isotonic","naive_bayes",FALSE
"wilt","classif.naive_bayes.tuned_calib.oof_isotonic",0.0197347596775086,"oof","isotonic","naive_bayes",FALSE
"wilt","classif.naive_bayes.tuned_calib.oof_isotonic",0.0349137760097368,"oof","isotonic","naive_bayes",FALSE
"wilt","classif.naive_bayes.tuned_calib.perfold_platt",0.0248450922883367,"perfold","platt","naive_bayes",FALSE
"wilt","classif.naive_bayes.tuned_calib.perfold_platt",0.0187483473362942,"perfold","platt","naive_bayes",FALSE
"wilt","classif.naive_bayes.tuned_calib.perfold_platt",0.0227383416485712,"perfold","platt","naive_bayes",FALSE
"wilt","classif.naive_bayes.tuned_calib.perfold_platt",0.02378511394531,"perfold","platt","naive_bayes",FALSE
"wilt","classif.naive_bayes.tuned_calib.perfold_platt",0.018253633473184,"perfold","platt","naive_bayes",FALSE
"wilt","classif.naive_bayes.tuned_calib.perfold_platt",0.0175864952691248,"perfold","platt","naive_bayes",FALSE
"wilt","classif.naive_bayes.tuned_calib.perfold_platt",0.0218365846938546,"perfold","platt","naive_bayes",FALSE
"wilt","classif.naive_bayes.tuned_calib.perfold_platt",0.0268409539420393,"perfold","platt","naive_bayes",FALSE
"wilt","classif.naive_bayes.tuned_calib.perfold_platt",0.0250485679790439,"perfold","platt","naive_bayes",FALSE
"wilt","classif.naive_bayes.tuned_calib.perfold_platt",0.0340819985501849,"perfold","platt","naive_bayes",FALSE
"wilt","classif.naive_bayes.tuned_calib.perfold_beta",0.0403543204360446,"perfold","beta","naive_bayes",FALSE
"wilt","classif.naive_bayes.tuned_calib.perfold_beta",0.0343121315387561,"perfold","beta","naive_bayes",FALSE
"wilt","classif.naive_bayes.tuned_calib.perfold_beta",0.0376598580380326,"perfold","beta","naive_bayes",FALSE
"wilt","classif.naive_bayes.tuned_calib.perfold_beta",0.0337384214213662,"perfold","beta","naive_bayes",FALSE
"wilt","classif.naive_bayes.tuned_calib.perfold_beta",0.015828233861177,"perfold","beta","naive_bayes",FALSE
"wilt","classif.naive_bayes.tuned_calib.perfold_beta",0.0341998669075094,"perfold","beta","naive_bayes",FALSE
"wilt","classif.naive_bayes.tuned_calib.perfold_beta",0.036343321320648,"perfold","beta","naive_bayes",FALSE
"wilt","classif.naive_bayes.tuned_calib.perfold_beta",0.0407131858878323,"perfold","beta","naive_bayes",FALSE
"wilt","classif.naive_bayes.tuned_calib.perfold_beta",0.0389971662434619,"perfold","beta","naive_bayes",FALSE
"wilt","classif.naive_bayes.tuned_calib.perfold_beta",0.0317722896802392,"perfold","beta","naive_bayes",FALSE
"wilt","classif.naive_bayes.tuned_calib.perfold_isotonic",0.0207286337163099,"perfold","isotonic","naive_bayes",FALSE
"wilt","classif.naive_bayes.tuned_calib.perfold_isotonic",0.0197715486465766,"perfold","isotonic","naive_bayes",FALSE
"wilt","classif.naive_bayes.tuned_calib.perfold_isotonic",0.022101675797792,"perfold","isotonic","naive_bayes",FALSE
"wilt","classif.naive_bayes.tuned_calib.perfold_isotonic",0.0128288661216811,"perfold","isotonic","naive_bayes",FALSE
"wilt","classif.naive_bayes.tuned_calib.perfold_isotonic",0.0168072833373177,"perfold","isotonic","naive_bayes",FALSE
"wilt","classif.naive_bayes.tuned_calib.perfold_isotonic",0.0157170539574173,"perfold","isotonic","naive_bayes",FALSE
"wilt","classif.naive_bayes.tuned_calib.perfold_isotonic",0.0252310874976352,"perfold","isotonic","naive_bayes",FALSE
"wilt","classif.naive_bayes.tuned_calib.perfold_isotonic",0.0273815119410465,"perfold","isotonic","naive_bayes",FALSE
"wilt","classif.naive_bayes.tuned_calib.perfold_isotonic",0.0148452415493239,"perfold","isotonic","naive_bayes",FALSE
"wilt","classif.naive_bayes.tuned_calib.perfold_isotonic",0.0245140203587751,"perfold","isotonic","naive_bayes",FALSE
"wilt","classif.naive_bayes.tuned_calib.tunefirst.oof_platt",0.0237712582265252,"oof","platt","naive_bayes",TRUE
"wilt","classif.naive_bayes.tuned_calib.tunefirst.oof_platt",0.0155491795237101,"oof","platt","naive_bayes",TRUE
"wilt","classif.naive_bayes.tuned_calib.tunefirst.oof_platt",0.0194505528549208,"oof","platt","naive_bayes",TRUE
"wilt","classif.naive_bayes.tuned_calib.tunefirst.oof_platt",0.0233683171890091,"oof","platt","naive_bayes",TRUE
"wilt","classif.naive_bayes.tuned_calib.tunefirst.oof_platt",0.0182117758605966,"oof","platt","naive_bayes",TRUE
"wilt","classif.naive_bayes.tuned_calib.tunefirst.oof_platt",0.0185697806251705,"oof","platt","naive_bayes",TRUE
"wilt","classif.naive_bayes.tuned_calib.tunefirst.oof_platt",0.0234751689125588,"oof","platt","naive_bayes",TRUE
"wilt","classif.naive_bayes.tuned_calib.tunefirst.oof_platt",0.0255860964308744,"oof","platt","naive_bayes",TRUE
"wilt","classif.naive_bayes.tuned_calib.tunefirst.oof_platt",0.0249970512345806,"oof","platt","naive_bayes",TRUE
"wilt","classif.naive_bayes.tuned_calib.tunefirst.oof_platt",0.0355121550699581,"oof","platt","naive_bayes",TRUE
"wilt","classif.naive_bayes.tuned_calib.tunefirst.oof_beta",0.00984050198822299,"oof","beta","naive_bayes",TRUE
"wilt","classif.naive_bayes.tuned_calib.tunefirst.oof_beta",0.0199030502213081,"oof","beta","naive_bayes",TRUE
"wilt","classif.naive_bayes.tuned_calib.tunefirst.oof_beta",0.014309878238458,"oof","beta","naive_bayes",TRUE
"wilt","classif.naive_bayes.tuned_calib.tunefirst.oof_beta",0.0330307532367773,"oof","beta","naive_bayes",TRUE
"wilt","classif.naive_bayes.tuned_calib.tunefirst.oof_beta",0.0247941751903662,"oof","beta","naive_bayes",TRUE
"wilt","classif.naive_bayes.tuned_calib.tunefirst.oof_beta",0.0213412720226212,"oof","beta","naive_bayes",TRUE
"wilt","classif.naive_bayes.tuned_calib.tunefirst.oof_beta",0.022388667209607,"oof","beta","naive_bayes",TRUE
"wilt","classif.naive_bayes.tuned_calib.tunefirst.oof_beta",0.0256295471265671,"oof","beta","naive_bayes",TRUE
"wilt","classif.naive_bayes.tuned_calib.tunefirst.oof_beta",0.0223346725379464,"oof","beta","naive_bayes",TRUE
"wilt","classif.naive_bayes.tuned_calib.tunefirst.oof_beta",0.0429135795188249,"oof","beta","naive_bayes",TRUE
"wilt","classif.naive_bayes.tuned_calib.tunefirst.oof_isotonic",0.0317986782959965,"oof","isotonic","naive_bayes",TRUE
"wilt","classif.naive_bayes.tuned_calib.tunefirst.oof_isotonic",0.0272426912179226,"oof","isotonic","naive_bayes",TRUE
"wilt","classif.naive_bayes.tuned_calib.tunefirst.oof_isotonic",0.0222850890781468,"oof","isotonic","naive_bayes",TRUE
"wilt","classif.naive_bayes.tuned_calib.tunefirst.oof_isotonic",0.0146977400662975,"oof","isotonic","naive_bayes",TRUE
"wilt","classif.naive_bayes.tuned_calib.tunefirst.oof_isotonic",0.0294928527288355,"oof","isotonic","naive_bayes",TRUE
"wilt","classif.naive_bayes.tuned_calib.tunefirst.oof_isotonic",0.0196664330739383,"oof","isotonic","naive_bayes",TRUE
"wilt","classif.naive_bayes.tuned_calib.tunefirst.oof_isotonic",0.0250746773046641,"oof","isotonic","naive_bayes",TRUE
"wilt","classif.naive_bayes.tuned_calib.tunefirst.oof_isotonic",0.0353952090184737,"oof","isotonic","naive_bayes",TRUE
"wilt","classif.naive_bayes.tuned_calib.tunefirst.oof_isotonic",0.0319259003005644,"oof","isotonic","naive_bayes",TRUE
"wilt","classif.naive_bayes.tuned_calib.tunefirst.oof_isotonic",0.0341476892963907,"oof","isotonic","naive_bayes",TRUE
"wilt","classif.naive_bayes.tuned_calib.tunefirst.perfold_platt",0.024907656456987,"perfold","platt","naive_bayes",TRUE
"wilt","classif.naive_bayes.tuned_calib.tunefirst.perfold_platt",0.0189559810209692,"perfold","platt","naive_bayes",TRUE
"wilt","classif.naive_bayes.tuned_calib.tunefirst.perfold_platt",0.0273889638144298,"perfold","platt","naive_bayes",TRUE
"wilt","classif.naive_bayes.tuned_calib.tunefirst.perfold_platt",0.0232567569718134,"perfold","platt","naive_bayes",TRUE
"wilt","classif.naive_bayes.tuned_calib.tunefirst.perfold_platt",0.0174321088964385,"perfold","platt","naive_bayes",TRUE
"wilt","classif.naive_bayes.tuned_calib.tunefirst.perfold_platt",0.0136812140157319,"perfold","platt","naive_bayes",TRUE
"wilt","classif.naive_bayes.tuned_calib.tunefirst.perfold_platt",0.0219106777010921,"perfold","platt","naive_bayes",TRUE
"wilt","classif.naive_bayes.tuned_calib.tunefirst.perfold_platt",0.0280416952747132,"perfold","platt","naive_bayes",TRUE
"wilt","classif.naive_bayes.tuned_calib.tunefirst.perfold_platt",0.0210552073543798,"perfold","platt","naive_bayes",TRUE
"wilt","classif.naive_bayes.tuned_calib.tunefirst.perfold_platt",0.0303204689322008,"perfold","platt","naive_bayes",TRUE
"wilt","classif.naive_bayes.tuned_calib.tunefirst.perfold_beta",0.0363083371527008,"perfold","beta","naive_bayes",TRUE
"wilt","classif.naive_bayes.tuned_calib.tunefirst.perfold_beta",0.0325564034075101,"perfold","beta","naive_bayes",TRUE
"wilt","classif.naive_bayes.tuned_calib.tunefirst.perfold_beta",0.0370815073039958,"perfold","beta","naive_bayes",TRUE
"wilt","classif.naive_bayes.tuned_calib.tunefirst.perfold_beta",0.0313249840439995,"perfold","beta","naive_bayes",TRUE
"wilt","classif.naive_bayes.tuned_calib.tunefirst.perfold_beta",0.0136826644221287,"perfold","beta","naive_bayes",TRUE
"wilt","classif.naive_bayes.tuned_calib.tunefirst.perfold_beta",0.0283172836466243,"perfold","beta","naive_bayes",TRUE
"wilt","classif.naive_bayes.tuned_calib.tunefirst.perfold_beta",0.0353611253921418,"perfold","beta","naive_bayes",TRUE
"wilt","classif.naive_bayes.tuned_calib.tunefirst.perfold_beta",0.0432828250253658,"perfold","beta","naive_bayes",TRUE
"wilt","classif.naive_bayes.tuned_calib.tunefirst.perfold_beta",0.0318758984269184,"perfold","beta","naive_bayes",TRUE
"wilt","classif.naive_bayes.tuned_calib.tunefirst.perfold_beta",0.0325284150495583,"perfold","beta","naive_bayes",TRUE
"wilt","classif.naive_bayes.tuned_calib.tunefirst.perfold_isotonic",0.0240874201093401,"perfold","isotonic","naive_bayes",TRUE
"wilt","classif.naive_bayes.tuned_calib.tunefirst.perfold_isotonic",0.0191374289246959,"perfold","isotonic","naive_bayes",TRUE
"wilt","classif.naive_bayes.tuned_calib.tunefirst.perfold_isotonic",0.00946014318288913,"perfold","isotonic","naive_bayes",TRUE
"wilt","classif.naive_bayes.tuned_calib.tunefirst.perfold_isotonic",0.0158552864235991,"perfold","isotonic","naive_bayes",TRUE
"wilt","classif.naive_bayes.tuned_calib.tunefirst.perfold_isotonic",0.018900396282062,"perfold","isotonic","naive_bayes",TRUE
"wilt","classif.naive_bayes.tuned_calib.tunefirst.perfold_isotonic",0.0160057116962451,"perfold","isotonic","naive_bayes",TRUE
"wilt","classif.naive_bayes.tuned_calib.tunefirst.perfold_isotonic",0.0148235784748582,"perfold","isotonic","naive_bayes",TRUE
"wilt","classif.naive_bayes.tuned_calib.tunefirst.perfold_isotonic",0.0305539677641996,"perfold","isotonic","naive_bayes",TRUE
"wilt","classif.naive_bayes.tuned_calib.tunefirst.perfold_isotonic",0.0157021385709973,"perfold","isotonic","naive_bayes",TRUE
"wilt","classif.naive_bayes.tuned_calib.tunefirst.perfold_isotonic",0.0262951753088937,"perfold","isotonic","naive_bayes",TRUE
"wilt","classif.ranger.tuned",0.0106116851468091,"none","none","ranger",FALSE
"wilt","classif.ranger.tuned",0.00919091892955528,"none","none","ranger",FALSE
"wilt","classif.ranger.tuned",0.0122110305582151,"none","none","ranger",FALSE
"wilt","classif.ranger.tuned",0.0125618251725099,"none","none","ranger",FALSE
"wilt","classif.ranger.tuned",0.0104472764907446,"none","none","ranger",FALSE
"wilt","classif.ranger.tuned",0.005878947700632,"none","none","ranger",FALSE
"wilt","classif.ranger.tuned",0.0201266359437466,"none","none","ranger",FALSE
"wilt","classif.ranger.tuned",0.0126550362345817,"none","none","ranger",FALSE
"wilt","classif.ranger.tuned",0.0140091186139354,"none","none","ranger",FALSE
"wilt","classif.ranger.tuned",0.011209519956575,"none","none","ranger",FALSE
"wilt","classif.ranger.tuned_calib.oof_platt",0.0112506961552717,"oof","platt","ranger",FALSE
"wilt","classif.ranger.tuned_calib.oof_platt",0.00711483316090682,"oof","platt","ranger",FALSE
"wilt","classif.ranger.tuned_calib.oof_platt",0.00636670125273629,"oof","platt","ranger",FALSE
"wilt","classif.ranger.tuned_calib.oof_platt",0.0123601964571922,"oof","platt","ranger",FALSE
"wilt","classif.ranger.tuned_calib.oof_platt",0.00766669165660035,"oof","platt","ranger",FALSE
"wilt","classif.ranger.tuned_calib.oof_platt",0.00806987303194014,"oof","platt","ranger",FALSE
"wilt","classif.ranger.tuned_calib.oof_platt",0.0214116801735798,"oof","platt","ranger",FALSE
"wilt","classif.ranger.tuned_calib.oof_platt",0.00964284985426613,"oof","platt","ranger",FALSE
"wilt","classif.ranger.tuned_calib.oof_platt",0.010831863805679,"oof","platt","ranger",FALSE
"wilt","classif.ranger.tuned_calib.oof_platt",0.00553665918670714,"oof","platt","ranger",FALSE
"wilt","classif.ranger.tuned_calib.oof_beta",0.00887333086302557,"oof","beta","ranger",FALSE
"wilt","classif.ranger.tuned_calib.oof_beta",0.00701821233405553,"oof","beta","ranger",FALSE
"wilt","classif.ranger.tuned_calib.oof_beta",0.00633007919543532,"oof","beta","ranger",FALSE
"wilt","classif.ranger.tuned_calib.oof_beta",0.00832720751792087,"oof","beta","ranger",FALSE
"wilt","classif.ranger.tuned_calib.oof_beta",0.0078124971775437,"oof","beta","ranger",FALSE
"wilt","classif.ranger.tuned_calib.oof_beta",0.0073616613383263,"oof","beta","ranger",FALSE
"wilt","classif.ranger.tuned_calib.oof_beta",0.0142130462253718,"oof","beta","ranger",FALSE
"wilt","classif.ranger.tuned_calib.oof_beta",0.00986001998711923,"oof","beta","ranger",FALSE
"wilt","classif.ranger.tuned_calib.oof_beta",0.00642637743515296,"oof","beta","ranger",FALSE
"wilt","classif.ranger.tuned_calib.oof_beta",0.00483149774417353,"oof","beta","ranger",FALSE
"wilt","classif.ranger.tuned_calib.oof_isotonic",0.0039126219165877,"oof","isotonic","ranger",FALSE
"wilt","classif.ranger.tuned_calib.oof_isotonic",0.00817325441158866,"oof","isotonic","ranger",FALSE
"wilt","classif.ranger.tuned_calib.oof_isotonic",0.00378238004628602,"oof","isotonic","ranger",FALSE
"wilt","classif.ranger.tuned_calib.oof_isotonic",0.0072924722897113,"oof","isotonic","ranger",FALSE
"wilt","classif.ranger.tuned_calib.oof_isotonic",0.00917117197990209,"oof","isotonic","ranger",FALSE
"wilt","classif.ranger.tuned_calib.oof_isotonic",0.0087024482679006,"oof","isotonic","ranger",FALSE
"wilt","classif.ranger.tuned_calib.oof_isotonic",0.0140926830496382,"oof","isotonic","ranger",FALSE
"wilt","classif.ranger.tuned_calib.oof_isotonic",0.00446908964021535,"oof","isotonic","ranger",FALSE
"wilt","classif.ranger.tuned_calib.oof_isotonic",0.00561361916869729,"oof","isotonic","ranger",FALSE
"wilt","classif.ranger.tuned_calib.oof_isotonic",0.00490799222998765,"oof","isotonic","ranger",FALSE
"wilt","classif.ranger.tuned_calib.perfold_platt",0.0113978030323025,"perfold","platt","ranger",FALSE
"wilt","classif.ranger.tuned_calib.perfold_platt",0.00585030623908334,"perfold","platt","ranger",FALSE
"wilt","classif.ranger.tuned_calib.perfold_platt",0.00538187619241558,"perfold","platt","ranger",FALSE
"wilt","classif.ranger.tuned_calib.perfold_platt",0.011378689275603,"perfold","platt","ranger",FALSE
"wilt","classif.ranger.tuned_calib.perfold_platt",0.00730181208371532,"perfold","platt","ranger",FALSE
"wilt","classif.ranger.tuned_calib.perfold_platt",0.00693668598448326,"perfold","platt","ranger",FALSE
"wilt","classif.ranger.tuned_calib.perfold_platt",0.0202539591137086,"perfold","platt","ranger",FALSE
"wilt","classif.ranger.tuned_calib.perfold_platt",0.0100205081916888,"perfold","platt","ranger",FALSE
"wilt","classif.ranger.tuned_calib.perfold_platt",0.0103638873917492,"perfold","platt","ranger",FALSE
"wilt","classif.ranger.tuned_calib.perfold_platt",0.0047272273222789,"perfold","platt","ranger",FALSE
"wilt","classif.ranger.tuned_calib.perfold_beta",0.0057467372418467,"perfold","beta","ranger",FALSE
"wilt","classif.ranger.tuned_calib.perfold_beta",0.00654251732102435,"perfold","beta","ranger",FALSE
"wilt","classif.ranger.tuned_calib.perfold_beta",0.00404798168341944,"perfold","beta","ranger",FALSE
"wilt","classif.ranger.tuned_calib.perfold_beta",0.0080713239456249,"perfold","beta","ranger",FALSE
"wilt","classif.ranger.tuned_calib.perfold_beta",0.00831323923988228,"perfold","beta","ranger",FALSE
"wilt","classif.ranger.tuned_calib.perfold_beta",0.00834129909946107,"perfold","beta","ranger",FALSE
"wilt","classif.ranger.tuned_calib.perfold_beta",0.0127167570644104,"perfold","beta","ranger",FALSE
"wilt","classif.ranger.tuned_calib.perfold_beta",0.00256338940293542,"perfold","beta","ranger",FALSE
"wilt","classif.ranger.tuned_calib.perfold_beta",0.00419815698776705,"perfold","beta","ranger",FALSE
"wilt","classif.ranger.tuned_calib.perfold_beta",0.0047993442901201,"perfold","beta","ranger",FALSE
"wilt","classif.ranger.tuned_calib.perfold_isotonic",0.00585329065207861,"perfold","isotonic","ranger",FALSE
"wilt","classif.ranger.tuned_calib.perfold_isotonic",0.00677119473394519,"perfold","isotonic","ranger",FALSE
"wilt","classif.ranger.tuned_calib.perfold_isotonic",0.00402058726942065,"perfold","isotonic","ranger",FALSE
"wilt","classif.ranger.tuned_calib.perfold_isotonic",0.00618514073310133,"perfold","isotonic","ranger",FALSE
"wilt","classif.ranger.tuned_calib.perfold_isotonic",0.00832781678263405,"perfold","isotonic","ranger",FALSE
"wilt","classif.ranger.tuned_calib.perfold_isotonic",0.00907555809635339,"perfold","isotonic","ranger",FALSE
"wilt","classif.ranger.tuned_calib.perfold_isotonic",0.012482541570098,"perfold","isotonic","ranger",FALSE
"wilt","classif.ranger.tuned_calib.perfold_isotonic",0.00363703159222665,"perfold","isotonic","ranger",FALSE
"wilt","classif.ranger.tuned_calib.perfold_isotonic",0.0059895088990231,"perfold","isotonic","ranger",FALSE
"wilt","classif.ranger.tuned_calib.perfold_isotonic",0.00447191871649814,"perfold","isotonic","ranger",FALSE
"wilt","classif.ranger.tuned_calib.tunefirst.oof_platt",0.0123092795401594,"oof","platt","ranger",TRUE
"wilt","classif.ranger.tuned_calib.tunefirst.oof_platt",0.00669322779536508,"oof","platt","ranger",TRUE
"wilt","classif.ranger.tuned_calib.tunefirst.oof_platt",0.00713342686039741,"oof","platt","ranger",TRUE
"wilt","classif.ranger.tuned_calib.tunefirst.oof_platt",0.0120126896875968,"oof","platt","ranger",TRUE
"wilt","classif.ranger.tuned_calib.tunefirst.oof_platt",0.00756381725135701,"oof","platt","ranger",TRUE
"wilt","classif.ranger.tuned_calib.tunefirst.oof_platt",0.00681438646919038,"oof","platt","ranger",TRUE
"wilt","classif.ranger.tuned_calib.tunefirst.oof_platt",0.0214277967594361,"oof","platt","ranger",TRUE
"wilt","classif.ranger.tuned_calib.tunefirst.oof_platt",0.0117253292231095,"oof","platt","ranger",TRUE
"wilt","classif.ranger.tuned_calib.tunefirst.oof_platt",0.011009629758309,"oof","platt","ranger",TRUE
"wilt","classif.ranger.tuned_calib.tunefirst.oof_platt",0.00665520239839479,"oof","platt","ranger",TRUE
"wilt","classif.ranger.tuned_calib.tunefirst.oof_beta",0.00723174856583479,"oof","beta","ranger",TRUE
"wilt","classif.ranger.tuned_calib.tunefirst.oof_beta",0.00777384700008642,"oof","beta","ranger",TRUE
"wilt","classif.ranger.tuned_calib.tunefirst.oof_beta",0.006357391092787,"oof","beta","ranger",TRUE
"wilt","classif.ranger.tuned_calib.tunefirst.oof_beta",0.0085194428951559,"oof","beta","ranger",TRUE
"wilt","classif.ranger.tuned_calib.tunefirst.oof_beta",0.00560427956687441,"oof","beta","ranger",TRUE
"wilt","classif.ranger.tuned_calib.tunefirst.oof_beta",0.00734092774935499,"oof","beta","ranger",TRUE
"wilt","classif.ranger.tuned_calib.tunefirst.oof_beta",0.0198454214885175,"oof","beta","ranger",TRUE
"wilt","classif.ranger.tuned_calib.tunefirst.oof_beta",0.00671003336968039,"oof","beta","ranger",TRUE
"wilt","classif.ranger.tuned_calib.tunefirst.oof_beta",0.00706636537360892,"oof","beta","ranger",TRUE
"wilt","classif.ranger.tuned_calib.tunefirst.oof_beta",0.00500049828698693,"oof","beta","ranger",TRUE
"wilt","classif.ranger.tuned_calib.tunefirst.oof_isotonic",0.00400556763124864,"oof","isotonic","ranger",TRUE
"wilt","classif.ranger.tuned_calib.tunefirst.oof_isotonic",0.00695402202624788,"oof","isotonic","ranger",TRUE
"wilt","classif.ranger.tuned_calib.tunefirst.oof_isotonic",0.00153679026381019,"oof","isotonic","ranger",TRUE
"wilt","classif.ranger.tuned_calib.tunefirst.oof_isotonic",0.00719611051711962,"oof","isotonic","ranger",TRUE
"wilt","classif.ranger.tuned_calib.tunefirst.oof_isotonic",0.00769511398362615,"oof","isotonic","ranger",TRUE
"wilt","classif.ranger.tuned_calib.tunefirst.oof_isotonic",0.0113818996423742,"oof","isotonic","ranger",TRUE
"wilt","classif.ranger.tuned_calib.tunefirst.oof_isotonic",0.00992673838196061,"oof","isotonic","ranger",TRUE
"wilt","classif.ranger.tuned_calib.tunefirst.oof_isotonic",0.00286509592424134,"oof","isotonic","ranger",TRUE
"wilt","classif.ranger.tuned_calib.tunefirst.oof_isotonic",0.00442673214714027,"oof","isotonic","ranger",TRUE
"wilt","classif.ranger.tuned_calib.tunefirst.oof_isotonic",0.00612548782410617,"oof","isotonic","ranger",TRUE
"wilt","classif.ranger.tuned_calib.tunefirst.perfold_platt",0.010923560867277,"perfold","platt","ranger",TRUE
"wilt","classif.ranger.tuned_calib.tunefirst.perfold_platt",0.00620666799992616,"perfold","platt","ranger",TRUE
"wilt","classif.ranger.tuned_calib.tunefirst.perfold_platt",0.00540539241442373,"perfold","platt","ranger",TRUE
"wilt","classif.ranger.tuned_calib.tunefirst.perfold_platt",0.0113205764071376,"perfold","platt","ranger",TRUE
"wilt","classif.ranger.tuned_calib.tunefirst.perfold_platt",0.00734399531324238,"perfold","platt","ranger",TRUE
"wilt","classif.ranger.tuned_calib.tunefirst.perfold_platt",0.00754160288440631,"perfold","platt","ranger",TRUE
"wilt","classif.ranger.tuned_calib.tunefirst.perfold_platt",0.0182662557722157,"perfold","platt","ranger",TRUE
"wilt","classif.ranger.tuned_calib.tunefirst.perfold_platt",0.00772002754672317,"perfold","platt","ranger",TRUE
"wilt","classif.ranger.tuned_calib.tunefirst.perfold_platt",0.0092809048763858,"perfold","platt","ranger",TRUE
"wilt","classif.ranger.tuned_calib.tunefirst.perfold_platt",0.00635244728827727,"perfold","platt","ranger",TRUE
"wilt","classif.ranger.tuned_calib.tunefirst.perfold_beta",0.00573833363849063,"perfold","beta","ranger",TRUE
"wilt","classif.ranger.tuned_calib.tunefirst.perfold_beta",0.00605655707884786,"perfold","beta","ranger",TRUE
"wilt","classif.ranger.tuned_calib.tunefirst.perfold_beta",0.00360425509727002,"perfold","beta","ranger",TRUE
"wilt","classif.ranger.tuned_calib.tunefirst.perfold_beta",0.00809177668365446,"perfold","beta","ranger",TRUE
"wilt","classif.ranger.tuned_calib.tunefirst.perfold_beta",0.00604332578075242,"perfold","beta","ranger",TRUE
"wilt","classif.ranger.tuned_calib.tunefirst.perfold_beta",0.00768215677247875,"perfold","beta","ranger",TRUE
"wilt","classif.ranger.tuned_calib.tunefirst.perfold_beta",0.0137917326224884,"perfold","beta","ranger",TRUE
"wilt","classif.ranger.tuned_calib.tunefirst.perfold_beta",0.0048691230138195,"perfold","beta","ranger",TRUE
"wilt","classif.ranger.tuned_calib.tunefirst.perfold_beta",0.00575955696210885,"perfold","beta","ranger",TRUE
"wilt","classif.ranger.tuned_calib.tunefirst.perfold_beta",0.00439548747420475,"perfold","beta","ranger",TRUE
"wilt","classif.ranger.tuned_calib.tunefirst.perfold_isotonic",0.00422929104886287,"perfold","isotonic","ranger",TRUE
"wilt","classif.ranger.tuned_calib.tunefirst.perfold_isotonic",0.00450217400266242,"perfold","isotonic","ranger",TRUE
"wilt","classif.ranger.tuned_calib.tunefirst.perfold_isotonic",0.00195817754185749,"perfold","isotonic","ranger",TRUE
"wilt","classif.ranger.tuned_calib.tunefirst.perfold_isotonic",0.00747605808848045,"perfold","isotonic","ranger",TRUE
"wilt","classif.ranger.tuned_calib.tunefirst.perfold_isotonic",0.00678189717273817,"perfold","isotonic","ranger",TRUE
"wilt","classif.ranger.tuned_calib.tunefirst.perfold_isotonic",0.00790932231459444,"perfold","isotonic","ranger",TRUE
"wilt","classif.ranger.tuned_calib.tunefirst.perfold_isotonic",0.0116227492838551,"perfold","isotonic","ranger",TRUE
"wilt","classif.ranger.tuned_calib.tunefirst.perfold_isotonic",0.00218842754436239,"perfold","isotonic","ranger",TRUE
"wilt","classif.ranger.tuned_calib.tunefirst.perfold_isotonic",0.00352270297678467,"perfold","isotonic","ranger",TRUE
"wilt","classif.ranger.tuned_calib.tunefirst.perfold_isotonic",0.00463701327065944,"perfold","isotonic","ranger",TRUE
"wilt","classif.xgboost.tuned",0.0100061163887832,"none","none","xgboost",FALSE
"wilt","classif.xgboost.tuned",0.000332790965462288,"none","none","xgboost",FALSE
"wilt","classif.xgboost.tuned",0.000453946361548472,"none","none","xgboost",FALSE
"wilt","classif.xgboost.tuned",0.00696460781259443,"none","none","xgboost",FALSE
"wilt","classif.xgboost.tuned",0.00499872434239699,"none","none","xgboost",FALSE
"wilt","classif.xgboost.tuned",0.0049157713285901,"none","none","xgboost",FALSE
"wilt","classif.xgboost.tuned",0.012770433612899,"none","none","xgboost",FALSE
"wilt","classif.xgboost.tuned",0.00695232236454813,"none","none","xgboost",FALSE
"wilt","classif.xgboost.tuned",0.0060346245755749,"none","none","xgboost",FALSE
"wilt","classif.xgboost.tuned",0.0042787028761488,"none","none","xgboost",FALSE
"wilt","classif.xgboost.tuned_calib.oof_platt",0.0181868219765523,"oof","platt","xgboost",FALSE
"wilt","classif.xgboost.tuned_calib.oof_platt",0.010794256304241,"oof","platt","xgboost",FALSE
"wilt","classif.xgboost.tuned_calib.oof_platt",0.00806544745323557,"oof","platt","xgboost",FALSE
"wilt","classif.xgboost.tuned_calib.oof_platt",0.0155969846654903,"oof","platt","xgboost",FALSE
"wilt","classif.xgboost.tuned_calib.oof_platt",0.0122038460068073,"oof","platt","xgboost",FALSE
"wilt","classif.xgboost.tuned_calib.oof_platt",0.00987134624502257,"oof","platt","xgboost",FALSE
"wilt","classif.xgboost.tuned_calib.oof_platt",0.0275674607978912,"oof","platt","xgboost",FALSE
"wilt","classif.xgboost.tuned_calib.oof_platt",0.0164644927376522,"oof","platt","xgboost",FALSE
"wilt","classif.xgboost.tuned_calib.oof_platt",0.0160263898125184,"oof","platt","xgboost",FALSE
"wilt","classif.xgboost.tuned_calib.oof_platt",0.0085975708373416,"oof","platt","xgboost",FALSE
"wilt","classif.xgboost.tuned_calib.oof_beta",0.00491084844392913,"oof","beta","xgboost",FALSE
"wilt","classif.xgboost.tuned_calib.oof_beta",0.00470122906130632,"oof","beta","xgboost",FALSE
"wilt","classif.xgboost.tuned_calib.oof_beta",0.0052774531760685,"oof","beta","xgboost",FALSE
"wilt","classif.xgboost.tuned_calib.oof_beta",0.00668704430937931,"oof","beta","xgboost",FALSE
"wilt","classif.xgboost.tuned_calib.oof_beta",0.00726358642143729,"oof","beta","xgboost",FALSE
"wilt","classif.xgboost.tuned_calib.oof_beta",0.0111242110126446,"oof","beta","xgboost",FALSE
"wilt","classif.xgboost.tuned_calib.oof_beta",0.0139179388125559,"oof","beta","xgboost",FALSE
"wilt","classif.xgboost.tuned_calib.oof_beta",0.0033935149587909,"oof","beta","xgboost",FALSE
"wilt","classif.xgboost.tuned_calib.oof_beta",0.00797813388623382,"oof","beta","xgboost",FALSE
"wilt","classif.xgboost.tuned_calib.oof_beta",0.00523538898065798,"oof","beta","xgboost",FALSE
"wilt","classif.xgboost.tuned_calib.oof_isotonic",0.00445396923456677,"oof","isotonic","xgboost",FALSE
"wilt","classif.xgboost.tuned_calib.oof_isotonic",0.00586240080913177,"oof","isotonic","xgboost",FALSE
"wilt","classif.xgboost.tuned_calib.oof_isotonic",0.00333826205288667,"oof","isotonic","xgboost",FALSE
"wilt","classif.xgboost.tuned_calib.oof_isotonic",0.00701913368233535,"oof","isotonic","xgboost",FALSE
"wilt","classif.xgboost.tuned_calib.oof_isotonic",0.00794457899383011,"oof","isotonic","xgboost",FALSE
"wilt","classif.xgboost.tuned_calib.oof_isotonic",0.0118257749546905,"oof","isotonic","xgboost",FALSE
"wilt","classif.xgboost.tuned_calib.oof_isotonic",0.0180177454580525,"oof","isotonic","xgboost",FALSE
"wilt","classif.xgboost.tuned_calib.oof_isotonic",0.00317639454962076,"oof","isotonic","xgboost",FALSE
"wilt","classif.xgboost.tuned_calib.oof_isotonic",0.00550478674267797,"oof","isotonic","xgboost",FALSE
"wilt","classif.xgboost.tuned_calib.oof_isotonic",0.00417692331058936,"oof","isotonic","xgboost",FALSE
"wilt","classif.xgboost.tuned_calib.perfold_platt",0.0180681641138118,"perfold","platt","xgboost",FALSE
"wilt","classif.xgboost.tuned_calib.perfold_platt",0.00931229227878223,"perfold","platt","xgboost",FALSE
"wilt","classif.xgboost.tuned_calib.perfold_platt",0.00993151683748225,"perfold","platt","xgboost",FALSE
"wilt","classif.xgboost.tuned_calib.perfold_platt",0.0137922358134598,"perfold","platt","xgboost",FALSE
"wilt","classif.xgboost.tuned_calib.perfold_platt",0.010733362532513,"perfold","platt","xgboost",FALSE
"wilt","classif.xgboost.tuned_calib.perfold_platt",0.0115055193100723,"perfold","platt","xgboost",FALSE
"wilt","classif.xgboost.tuned_calib.perfold_platt",0.0220591177923098,"perfold","platt","xgboost",FALSE
"wilt","classif.xgboost.tuned_calib.perfold_platt",0.0127892791188705,"perfold","platt","xgboost",FALSE
"wilt","classif.xgboost.tuned_calib.perfold_platt",0.0146357368373113,"perfold","platt","xgboost",FALSE
"wilt","classif.xgboost.tuned_calib.perfold_platt",0.0074966975993506,"perfold","platt","xgboost",FALSE
"wilt","classif.xgboost.tuned_calib.perfold_beta",0.00892501422981098,"perfold","beta","xgboost",FALSE
"wilt","classif.xgboost.tuned_calib.perfold_beta",0.00428016586692844,"perfold","beta","xgboost",FALSE
"wilt","classif.xgboost.tuned_calib.perfold_beta",0.00929276219131231,"perfold","beta","xgboost",FALSE
"wilt","classif.xgboost.tuned_calib.perfold_beta",0.00787578845185129,"perfold","beta","xgboost",FALSE
"wilt","classif.xgboost.tuned_calib.perfold_beta",0.00772144346668469,"perfold","beta","xgboost",FALSE
"wilt","classif.xgboost.tuned_calib.perfold_beta",0.00783703538628486,"perfold","beta","xgboost",FALSE
"wilt","classif.xgboost.tuned_calib.perfold_beta",0.012386764630047,"perfold","beta","xgboost",FALSE
"wilt","classif.xgboost.tuned_calib.perfold_beta",0.00369005712093707,"perfold","beta","xgboost",FALSE
"wilt","classif.xgboost.tuned_calib.perfold_beta",0.0294116449875047,"perfold","beta","xgboost",FALSE
"wilt","classif.xgboost.tuned_calib.perfold_beta",0.00738607901468462,"perfold","beta","xgboost",FALSE
"wilt","classif.xgboost.tuned_calib.perfold_isotonic",0.0108793510371579,"perfold","isotonic","xgboost",FALSE
"wilt","classif.xgboost.tuned_calib.perfold_isotonic",0.00657618412622207,"perfold","isotonic","xgboost",FALSE
"wilt","classif.xgboost.tuned_calib.perfold_isotonic",0.00408201989511922,"perfold","isotonic","xgboost",FALSE
"wilt","classif.xgboost.tuned_calib.perfold_isotonic",0.00765139037929747,"perfold","isotonic","xgboost",FALSE
"wilt","classif.xgboost.tuned_calib.perfold_isotonic",0.00561171099424823,"perfold","isotonic","xgboost",FALSE
"wilt","classif.xgboost.tuned_calib.perfold_isotonic",0.00783629641919133,"perfold","isotonic","xgboost",FALSE
"wilt","classif.xgboost.tuned_calib.perfold_isotonic",0.0171547931057362,"perfold","isotonic","xgboost",FALSE
"wilt","classif.xgboost.tuned_calib.perfold_isotonic",0.00306245505047557,"perfold","isotonic","xgboost",FALSE
"wilt","classif.xgboost.tuned_calib.perfold_isotonic",0.0101840882976804,"perfold","isotonic","xgboost",FALSE
"wilt","classif.xgboost.tuned_calib.perfold_isotonic",0.00798569471046085,"perfold","isotonic","xgboost",FALSE
"wilt","classif.xgboost.tuned_calib.tunefirst.oof_platt",0.0179496337614094,"oof","platt","xgboost",TRUE
"wilt","classif.xgboost.tuned_calib.tunefirst.oof_platt",0.0113071356025198,"oof","platt","xgboost",TRUE
"wilt","classif.xgboost.tuned_calib.tunefirst.oof_platt",0.00852293312621953,"oof","platt","xgboost",TRUE
"wilt","classif.xgboost.tuned_calib.tunefirst.oof_platt",0.0124470388811149,"oof","platt","xgboost",TRUE
"wilt","classif.xgboost.tuned_calib.tunefirst.oof_platt",0.0102536004248847,"oof","platt","xgboost",TRUE
"wilt","classif.xgboost.tuned_calib.tunefirst.oof_platt",0.0094550356088481,"oof","platt","xgboost",TRUE
"wilt","classif.xgboost.tuned_calib.tunefirst.oof_platt",0.029306589330698,"oof","platt","xgboost",TRUE
"wilt","classif.xgboost.tuned_calib.tunefirst.oof_platt",0.0157316411010418,"oof","platt","xgboost",TRUE
"wilt","classif.xgboost.tuned_calib.tunefirst.oof_platt",0.0162643903964787,"oof","platt","xgboost",TRUE
"wilt","classif.xgboost.tuned_calib.tunefirst.oof_platt",0.00917771756207567,"oof","platt","xgboost",TRUE
"wilt","classif.xgboost.tuned_calib.tunefirst.oof_beta",0.00497183494189824,"oof","beta","xgboost",TRUE
"wilt","classif.xgboost.tuned_calib.tunefirst.oof_beta",0.00644591028613058,"oof","beta","xgboost",TRUE
"wilt","classif.xgboost.tuned_calib.tunefirst.oof_beta",0.00552343940734705,"oof","beta","xgboost",TRUE
"wilt","classif.xgboost.tuned_calib.tunefirst.oof_beta",0.00749861417459211,"oof","beta","xgboost",TRUE
"wilt","classif.xgboost.tuned_calib.tunefirst.oof_beta",0.0082976795237255,"oof","beta","xgboost",TRUE
"wilt","classif.xgboost.tuned_calib.tunefirst.oof_beta",0.00875175864444813,"oof","beta","xgboost",TRUE
"wilt","classif.xgboost.tuned_calib.tunefirst.oof_beta",0.0100235379380988,"oof","beta","xgboost",TRUE
"wilt","classif.xgboost.tuned_calib.tunefirst.oof_beta",0.00302840758519448,"oof","beta","xgboost",TRUE
"wilt","classif.xgboost.tuned_calib.tunefirst.oof_beta",0.00427440504460716,"oof","beta","xgboost",TRUE
"wilt","classif.xgboost.tuned_calib.tunefirst.oof_beta",0.00412022582212089,"oof","beta","xgboost",TRUE
"wilt","classif.xgboost.tuned_calib.tunefirst.oof_isotonic",0.00335217973811905,"oof","isotonic","xgboost",TRUE
"wilt","classif.xgboost.tuned_calib.tunefirst.oof_isotonic",0.00661785337600288,"oof","isotonic","xgboost",TRUE
"wilt","classif.xgboost.tuned_calib.tunefirst.oof_isotonic",0.00444395728066494,"oof","isotonic","xgboost",TRUE
"wilt","classif.xgboost.tuned_calib.tunefirst.oof_isotonic",0.00674783573585303,"oof","isotonic","xgboost",TRUE
"wilt","classif.xgboost.tuned_calib.tunefirst.oof_isotonic",0.00824348118353121,"oof","isotonic","xgboost",TRUE
"wilt","classif.xgboost.tuned_calib.tunefirst.oof_isotonic",0.0122299061158685,"oof","isotonic","xgboost",TRUE
"wilt","classif.xgboost.tuned_calib.tunefirst.oof_isotonic",0.0128392615773304,"oof","isotonic","xgboost",TRUE
"wilt","classif.xgboost.tuned_calib.tunefirst.oof_isotonic",0.00305581996926983,"oof","isotonic","xgboost",TRUE
"wilt","classif.xgboost.tuned_calib.tunefirst.oof_isotonic",0.0042915255494503,"oof","isotonic","xgboost",TRUE
"wilt","classif.xgboost.tuned_calib.tunefirst.oof_isotonic",0.00224116727304139,"oof","isotonic","xgboost",TRUE
"wilt","classif.xgboost.tuned_calib.tunefirst.perfold_platt",0.0150180884090206,"perfold","platt","xgboost",TRUE
"wilt","classif.xgboost.tuned_calib.tunefirst.perfold_platt",0.00918248015681777,"perfold","platt","xgboost",TRUE
"wilt","classif.xgboost.tuned_calib.tunefirst.perfold_platt",0.00871098510723871,"perfold","platt","xgboost",TRUE
"wilt","classif.xgboost.tuned_calib.tunefirst.perfold_platt",0.0151071704142878,"perfold","platt","xgboost",TRUE
"wilt","classif.xgboost.tuned_calib.tunefirst.perfold_platt",0.0101453159337562,"perfold","platt","xgboost",TRUE
"wilt","classif.xgboost.tuned_calib.tunefirst.perfold_platt",0.00931886573126577,"perfold","platt","xgboost",TRUE
"wilt","classif.xgboost.tuned_calib.tunefirst.perfold_platt",0.0261487864753111,"perfold","platt","xgboost",TRUE
"wilt","classif.xgboost.tuned_calib.tunefirst.perfold_platt",0.0157022890084696,"perfold","platt","xgboost",TRUE
"wilt","classif.xgboost.tuned_calib.tunefirst.perfold_platt",0.0160945010938816,"perfold","platt","xgboost",TRUE
"wilt","classif.xgboost.tuned_calib.tunefirst.perfold_platt",0.00761510011341348,"perfold","platt","xgboost",TRUE
"wilt","classif.xgboost.tuned_calib.tunefirst.perfold_beta",0.00480299839220346,"perfold","beta","xgboost",TRUE
"wilt","classif.xgboost.tuned_calib.tunefirst.perfold_beta",0.0246688202053719,"perfold","beta","xgboost",TRUE
"wilt","classif.xgboost.tuned_calib.tunefirst.perfold_beta",0.0112389803394778,"perfold","beta","xgboost",TRUE
"wilt","classif.xgboost.tuned_calib.tunefirst.perfold_beta",0.0101174268146636,"perfold","beta","xgboost",TRUE
"wilt","classif.xgboost.tuned_calib.tunefirst.perfold_beta",0.00736041195576863,"perfold","beta","xgboost",TRUE
"wilt","classif.xgboost.tuned_calib.tunefirst.perfold_beta",0.00953885823170327,"perfold","beta","xgboost",TRUE
"wilt","classif.xgboost.tuned_calib.tunefirst.perfold_beta",0.0118900793449374,"perfold","beta","xgboost",TRUE
"wilt","classif.xgboost.tuned_calib.tunefirst.perfold_beta",0.00307895629406883,"perfold","beta","xgboost",TRUE
"wilt","classif.xgboost.tuned_calib.tunefirst.perfold_beta",0.00661293560788191,"perfold","beta","xgboost",TRUE
"wilt","classif.xgboost.tuned_calib.tunefirst.perfold_beta",0.00998227111813507,"perfold","beta","xgboost",TRUE
"wilt","classif.xgboost.tuned_calib.tunefirst.perfold_isotonic",0.00470687562188801,"perfold","isotonic","xgboost",TRUE
"wilt","classif.xgboost.tuned_calib.tunefirst.perfold_isotonic",0.00368199539100958,"perfold","isotonic","xgboost",TRUE
"wilt","classif.xgboost.tuned_calib.tunefirst.perfold_isotonic",0.00298427663102525,"perfold","isotonic","xgboost",TRUE
"wilt","classif.xgboost.tuned_calib.tunefirst.perfold_isotonic",0.00546742049519468,"perfold","isotonic","xgboost",TRUE
"wilt","classif.xgboost.tuned_calib.tunefirst.perfold_isotonic",0.00699393327224373,"perfold","isotonic","xgboost",TRUE
"wilt","classif.xgboost.tuned_calib.tunefirst.perfold_isotonic",0.0102442066582188,"perfold","isotonic","xgboost",TRUE
"wilt","classif.xgboost.tuned_calib.tunefirst.perfold_isotonic",0.0102742319587439,"perfold","isotonic","xgboost",TRUE
"wilt","classif.xgboost.tuned_calib.tunefirst.perfold_isotonic",0.00311438048773775,"perfold","isotonic","xgboost",TRUE
"wilt","classif.xgboost.tuned_calib.tunefirst.perfold_isotonic",0.00821991415199345,"perfold","isotonic","xgboost",TRUE
"wilt","classif.xgboost.tuned_calib.tunefirst.perfold_isotonic",0.00583766569369837,"perfold","isotonic","xgboost",TRUE
