"task_id","learner_id","classif.ece","calibration_strategy","calibration_method","base_learner"
"kr-vs-kp","classif.naive_bayes",0.0521701123691066,"none","none","naive_bayes"
"kr-vs-kp","classif.naive_bayes",0.075673699572553,"none","none","naive_bayes"
"kr-vs-kp","classif.naive_bayes",0.0716563081571324,"none","none","naive_bayes"
"kr-vs-kp","classif.naive_bayes",0.0514703576486297,"none","none","naive_bayes"
"kr-vs-kp","classif.naive_bayes",0.0781187920806917,"none","none","naive_bayes"
"kr-vs-kp","classif.naive_bayes",0.0560109216090849,"none","none","naive_bayes"
"kr-vs-kp","classif.naive_bayes",0.0701129039393913,"none","none","naive_bayes"
"kr-vs-kp","classif.naive_bayes",0.0501664492820697,"none","none","naive_bayes"
"kr-vs-kp","classif.naive_bayes",0.0391373761241763,"none","none","naive_bayes"
"kr-vs-kp","classif.naive_bayes",0.0554836575560642,"none","none","naive_bayes"
"kr-vs-kp","classif.naive_bayes_calib.oof_platt",0.0481219653622429,"oof","platt","naive_bayes"
"kr-vs-kp","classif.naive_bayes_calib.oof_platt",0.0332458375967229,"oof","platt","naive_bayes"
"kr-vs-kp","classif.naive_bayes_calib.oof_platt",0.0426220079331189,"oof","platt","naive_bayes"
"kr-vs-kp","classif.naive_bayes_calib.oof_platt",0.0529567799539397,"oof","platt","naive_bayes"
"kr-vs-kp","classif.naive_bayes_calib.oof_platt",0.0517445302400701,"oof","platt","naive_bayes"
"kr-vs-kp","classif.naive_bayes_calib.oof_platt",0.0309381076409134,"oof","platt","naive_bayes"
"kr-vs-kp","classif.naive_bayes_calib.oof_platt",0.0243765283829568,"oof","platt","naive_bayes"
"kr-vs-kp","classif.naive_bayes_calib.oof_platt",0.0380279448845514,"oof","platt","naive_bayes"
"kr-vs-kp","classif.naive_bayes_calib.oof_platt",0.0492236003423681,"oof","platt","naive_bayes"
"kr-vs-kp","classif.naive_bayes_calib.oof_platt",0.0694036183156004,"oof","platt","naive_bayes"
"kr-vs-kp","classif.naive_bayes_calib.oof_beta",0.0427375716640002,"oof","beta","naive_bayes"
"kr-vs-kp","classif.naive_bayes_calib.oof_beta",0.0336121037412708,"oof","beta","naive_bayes"
"kr-vs-kp","classif.naive_bayes_calib.oof_beta",0.035850240201891,"oof","beta","naive_bayes"
"kr-vs-kp","classif.naive_bayes_calib.oof_beta",0.0404952564832745,"oof","beta","naive_bayes"
"kr-vs-kp","classif.naive_bayes_calib.oof_beta",0.0404532811576811,"oof","beta","naive_bayes"
"kr-vs-kp","classif.naive_bayes_calib.oof_beta",0.0235528721000618,"oof","beta","naive_bayes"
"kr-vs-kp","classif.naive_bayes_calib.oof_beta",0.0232350932972528,"oof","beta","naive_bayes"
"kr-vs-kp","classif.naive_bayes_calib.oof_beta",0.0232739453509218,"oof","beta","naive_bayes"
"kr-vs-kp","classif.naive_bayes_calib.oof_beta",0.0280567236678084,"oof","beta","naive_bayes"
"kr-vs-kp","classif.naive_bayes_calib.oof_beta",0.0569543569329008,"oof","beta","naive_bayes"
"kr-vs-kp","classif.naive_bayes_calib.oof_isotonic",0.0459485028753044,"oof","isotonic","naive_bayes"
"kr-vs-kp","classif.naive_bayes_calib.oof_isotonic",0.058546136650065,"oof","isotonic","naive_bayes"
"kr-vs-kp","classif.naive_bayes_calib.oof_isotonic",0.0286273916791412,"oof","isotonic","naive_bayes"
"kr-vs-kp","classif.naive_bayes_calib.oof_isotonic",0.0494514203884498,"oof","isotonic","naive_bayes"
"kr-vs-kp","classif.naive_bayes_calib.oof_isotonic",0.0461588115599817,"oof","isotonic","naive_bayes"
"kr-vs-kp","classif.naive_bayes_calib.oof_isotonic",0.0219510429365803,"oof","isotonic","naive_bayes"
"kr-vs-kp","classif.naive_bayes_calib.oof_isotonic",0.0257141851256454,"oof","isotonic","naive_bayes"
"kr-vs-kp","classif.naive_bayes_calib.oof_isotonic",0.0291724066984713,"oof","isotonic","naive_bayes"
"kr-vs-kp","classif.naive_bayes_calib.oof_isotonic",0.0349898699443171,"oof","isotonic","naive_bayes"
"kr-vs-kp","classif.naive_bayes_calib.oof_isotonic",0.0331999202780196,"oof","isotonic","naive_bayes"
"kr-vs-kp","classif.naive_bayes_calib.perfold_platt",0.0472919748582777,"perfold","platt","naive_bayes"
"kr-vs-kp","classif.naive_bayes_calib.perfold_platt",0.0321030066197226,"perfold","platt","naive_bayes"
"kr-vs-kp","classif.naive_bayes_calib.perfold_platt",0.0437755436717305,"perfold","platt","naive_bayes"
"kr-vs-kp","classif.naive_bayes_calib.perfold_platt",0.0521886931463684,"perfold","platt","naive_bayes"
"kr-vs-kp","classif.naive_bayes_calib.perfold_platt",0.0540548960905441,"perfold","platt","naive_bayes"
"kr-vs-kp","classif.naive_bayes_calib.perfold_platt",0.0241171622929848,"perfold","platt","naive_bayes"
"kr-vs-kp","classif.naive_bayes_calib.perfold_platt",0.0264439523688772,"perfold","platt","naive_bayes"
"kr-vs-kp","classif.naive_bayes_calib.perfold_platt",0.0360907161360269,"perfold","platt","naive_bayes"
"kr-vs-kp","classif.naive_bayes_calib.perfold_platt",0.0489631996333533,"perfold","platt","naive_bayes"
"kr-vs-kp","classif.naive_bayes_calib.perfold_platt",0.0697270822298061,"perfold","platt","naive_bayes"
"kr-vs-kp","classif.naive_bayes_calib.perfold_beta",0.0423381277693634,"perfold","beta","naive_bayes"
"kr-vs-kp","classif.naive_bayes_calib.perfold_beta",0.0329584642088117,"perfold","beta","naive_bayes"
"kr-vs-kp","classif.naive_bayes_calib.perfold_beta",0.0378140541086904,"perfold","beta","naive_bayes"
"kr-vs-kp","classif.naive_bayes_calib.perfold_beta",0.0444943531137171,"perfold","beta","naive_bayes"
"kr-vs-kp","classif.naive_bayes_calib.perfold_beta",0.0445501493337344,"perfold","beta","naive_bayes"
"kr-vs-kp","classif.naive_bayes_calib.perfold_beta",0.0237756404029806,"perfold","beta","naive_bayes"
"kr-vs-kp","classif.naive_bayes_calib.perfold_beta",0.0282061886629223,"perfold","beta","naive_bayes"
"kr-vs-kp","classif.naive_bayes_calib.perfold_beta",0.0209027741798667,"perfold","beta","naive_bayes"
"kr-vs-kp","classif.naive_bayes_calib.perfold_beta",0.0311000152452925,"perfold","beta","naive_bayes"
"kr-vs-kp","classif.naive_bayes_calib.perfold_beta",0.0583425318218216,"perfold","beta","naive_bayes"
"kr-vs-kp","classif.naive_bayes_calib.perfold_isotonic",0.0349930478041025,"perfold","isotonic","naive_bayes"
"kr-vs-kp","classif.naive_bayes_calib.perfold_isotonic",0.0221337169722554,"perfold","isotonic","naive_bayes"
"kr-vs-kp","classif.naive_bayes_calib.perfold_isotonic",0.0386552262681049,"perfold","isotonic","naive_bayes"
"kr-vs-kp","classif.naive_bayes_calib.perfold_isotonic",0.0398413584615068,"perfold","isotonic","naive_bayes"
"kr-vs-kp","classif.naive_bayes_calib.perfold_isotonic",0.0388678929552029,"perfold","isotonic","naive_bayes"
"kr-vs-kp","classif.naive_bayes_calib.perfold_isotonic",0.0195041130556892,"perfold","isotonic","naive_bayes"
"kr-vs-kp","classif.naive_bayes_calib.perfold_isotonic",0.0268155851389699,"perfold","isotonic","naive_bayes"
"kr-vs-kp","classif.naive_bayes_calib.perfold_isotonic",0.0319679842377814,"perfold","isotonic","naive_bayes"
"kr-vs-kp","classif.naive_bayes_calib.perfold_isotonic",0.0349574417760101,"perfold","isotonic","naive_bayes"
"kr-vs-kp","classif.naive_bayes_calib.perfold_isotonic",0.0607697539054583,"perfold","isotonic","naive_bayes"
"kr-vs-kp","classif.ranger",0.0790428159596819,"none","none","ranger"
"kr-vs-kp","classif.ranger",0.0665029348465384,"none","none","ranger"
"kr-vs-kp","classif.ranger",0.074516861367592,"none","none","ranger"
"kr-vs-kp","classif.ranger",0.071901428110704,"none","none","ranger"
"kr-vs-kp","classif.ranger",0.071126215786561,"none","none","ranger"
"kr-vs-kp","classif.ranger",0.0651714909304551,"none","none","ranger"
"kr-vs-kp","classif.ranger",0.0672236305364789,"none","none","ranger"
"kr-vs-kp","classif.ranger",0.0778372002190844,"none","none","ranger"
"kr-vs-kp","classif.ranger",0.0693344342018203,"none","none","ranger"
"kr-vs-kp","classif.ranger",0.0689151496621287,"none","none","ranger"
"kr-vs-kp","classif.ranger_calib.oof_platt",0.0125295060655972,"oof","platt","ranger"
"kr-vs-kp","classif.ranger_calib.oof_platt",0.0158839756548975,"oof","platt","ranger"
"kr-vs-kp","classif.ranger_calib.oof_platt",0.0141867442328032,"oof","platt","ranger"
"kr-vs-kp","classif.ranger_calib.oof_platt",0.00480615081683493,"oof","platt","ranger"
"kr-vs-kp","classif.ranger_calib.oof_platt",0.0034770365694132,"oof","platt","ranger"
"kr-vs-kp","classif.ranger_calib.oof_platt",0.0101710506063116,"oof","platt","ranger"
"kr-vs-kp","classif.ranger_calib.oof_platt",0.0116331739167477,"oof","platt","ranger"
"kr-vs-kp","classif.ranger_calib.oof_platt",0.0131207679636171,"oof","platt","ranger"
"kr-vs-kp","classif.ranger_calib.oof_platt",0.00610534734288048,"oof","platt","ranger"
"kr-vs-kp","classif.ranger_calib.oof_platt",0.00482958503184168,"oof","platt","ranger"
"kr-vs-kp","classif.ranger_calib.oof_beta",0.0109936495337713,"oof","beta","ranger"
"kr-vs-kp","classif.ranger_calib.oof_beta",0.0149387085835844,"oof","beta","ranger"
"kr-vs-kp","classif.ranger_calib.oof_beta",0.0122135619554677,"oof","beta","ranger"
"kr-vs-kp","classif.ranger_calib.oof_beta",0.00295917708654309,"oof","beta","ranger"
"kr-vs-kp","classif.ranger_calib.oof_beta",0.00162965814326857,"oof","beta","ranger"
"kr-vs-kp","classif.ranger_calib.oof_beta",0.00838672845369617,"oof","beta","ranger"
"kr-vs-kp","classif.ranger_calib.oof_beta",0.0116283506924812,"oof","beta","ranger"
"kr-vs-kp","classif.ranger_calib.oof_beta",0.0114671131233602,"oof","beta","ranger"
"kr-vs-kp","classif.ranger_calib.oof_beta",0.00578249418724122,"oof","beta","ranger"
"kr-vs-kp","classif.ranger_calib.oof_beta",0.0048535758329935,"oof","beta","ranger"
"kr-vs-kp","classif.ranger_calib.oof_isotonic",0.0102813151734807,"oof","isotonic","ranger"
"kr-vs-kp","classif.ranger_calib.oof_isotonic",0.0133467530149369,"oof","isotonic","ranger"
"kr-vs-kp","classif.ranger_calib.oof_isotonic",0.0126461252101277,"oof","isotonic","ranger"
"kr-vs-kp","classif.ranger_calib.oof_isotonic",0.00260177961316085,"oof","isotonic","ranger"
"kr-vs-kp","classif.ranger_calib.oof_isotonic",0.000928370271976803,"oof","isotonic","ranger"
"kr-vs-kp","classif.ranger_calib.oof_isotonic",0.00998595751908737,"oof","isotonic","ranger"
"kr-vs-kp","classif.ranger_calib.oof_isotonic",0.0100847424509244,"oof","isotonic","ranger"
"kr-vs-kp","classif.ranger_calib.oof_isotonic",0.00716448713852468,"oof","isotonic","ranger"
"kr-vs-kp","classif.ranger_calib.oof_isotonic",0.00705384161179238,"oof","isotonic","ranger"
"kr-vs-kp","classif.ranger_calib.oof_isotonic",0.0076279197386548,"oof","isotonic","ranger"
"kr-vs-kp","classif.ranger_calib.perfold_platt",0.0114404616313052,"perfold","platt","ranger"
"kr-vs-kp","classif.ranger_calib.perfold_platt",0.0153696003087579,"perfold","platt","ranger"
"kr-vs-kp","classif.ranger_calib.perfold_platt",0.0117214779944779,"perfold","platt","ranger"
"kr-vs-kp","classif.ranger_calib.perfold_platt",0.00490454792137993,"perfold","platt","ranger"
"kr-vs-kp","classif.ranger_calib.perfold_platt",0.00371385342975447,"perfold","platt","ranger"
"kr-vs-kp","classif.ranger_calib.perfold_platt",0.00917197363621583,"perfold","platt","ranger"
"kr-vs-kp","classif.ranger_calib.perfold_platt",0.0124186057487058,"perfold","platt","ranger"
"kr-vs-kp","classif.ranger_calib.perfold_platt",0.0124891605336949,"perfold","platt","ranger"
"kr-vs-kp","classif.ranger_calib.perfold_platt",0.00700096312153926,"perfold","platt","ranger"
"kr-vs-kp","classif.ranger_calib.perfold_platt",0.00411200622867329,"perfold","platt","ranger"
"kr-vs-kp","classif.ranger_calib.perfold_beta",0.0110074400645005,"perfold","beta","ranger"
"kr-vs-kp","classif.ranger_calib.perfold_beta",0.0142004446248089,"perfold","beta","ranger"
"kr-vs-kp","classif.ranger_calib.perfold_beta",0.0120728269059926,"perfold","beta","ranger"
"kr-vs-kp","classif.ranger_calib.perfold_beta",0.0044845770071762,"perfold","beta","ranger"
"kr-vs-kp","classif.ranger_calib.perfold_beta",0.00325234854371956,"perfold","beta","ranger"
"kr-vs-kp","classif.ranger_calib.perfold_beta",0.00933266720147262,"perfold","beta","ranger"
"kr-vs-kp","classif.ranger_calib.perfold_beta",0.00789311808826155,"perfold","beta","ranger"
"kr-vs-kp","classif.ranger_calib.perfold_beta",0.010357493741475,"perfold","beta","ranger"
"kr-vs-kp","classif.ranger_calib.perfold_beta",0.00464707775631162,"perfold","beta","ranger"
"kr-vs-kp","classif.ranger_calib.perfold_beta",0.00549299162391587,"perfold","beta","ranger"
"kr-vs-kp","classif.ranger_calib.perfold_isotonic",0.00963762454710144,"perfold","isotonic","ranger"
"kr-vs-kp","classif.ranger_calib.perfold_isotonic",0.0146164583831024,"perfold","isotonic","ranger"
"kr-vs-kp","classif.ranger_calib.perfold_isotonic",0.0116496618191591,"perfold","isotonic","ranger"
"kr-vs-kp","classif.ranger_calib.perfold_isotonic",0.00275545406812389,"perfold","isotonic","ranger"
"kr-vs-kp","classif.ranger_calib.perfold_isotonic",0.00123385553531613,"perfold","isotonic","ranger"
"kr-vs-kp","classif.ranger_calib.perfold_isotonic",0.00585356009650204,"perfold","isotonic","ranger"
"kr-vs-kp","classif.ranger_calib.perfold_isotonic",0.0041896398180768,"perfold","isotonic","ranger"
"kr-vs-kp","classif.ranger_calib.perfold_isotonic",0.0136071556872544,"perfold","isotonic","ranger"
"kr-vs-kp","classif.ranger_calib.perfold_isotonic",0.0079334927692065,"perfold","isotonic","ranger"
"kr-vs-kp","classif.ranger_calib.perfold_isotonic",0.00337171203840501,"perfold","isotonic","ranger"
"kr-vs-kp","classif.rpart",0.0196481686842531,"none","none","rpart"
"kr-vs-kp","classif.rpart",0.041189455998163,"none","none","rpart"
"kr-vs-kp","classif.rpart",0.0293639484609442,"none","none","rpart"
"kr-vs-kp","classif.rpart",0.0247093639982955,"none","none","rpart"
"kr-vs-kp","classif.rpart",0.0234674294230262,"none","none","rpart"
"kr-vs-kp","classif.rpart",0.0296716780561749,"none","none","rpart"
"kr-vs-kp","classif.rpart",0.0471584419083889,"none","none","rpart"
"kr-vs-kp","classif.rpart",0.0223451110800783,"none","none","rpart"
"kr-vs-kp","classif.rpart",0.0271942411677443,"none","none","rpart"
"kr-vs-kp","classif.rpart",0.0211565775653966,"none","none","rpart"
"kr-vs-kp","classif.rpart_calib.oof_platt",0.0267541766167796,"oof","platt","rpart"
"kr-vs-kp","classif.rpart_calib.oof_platt",0.0422700980232189,"oof","platt","rpart"
"kr-vs-kp","classif.rpart_calib.oof_platt",0.0351447630670673,"oof","platt","rpart"
"kr-vs-kp","classif.rpart_calib.oof_platt",0.0247337927187627,"oof","platt","rpart"
"kr-vs-kp","classif.rpart_calib.oof_platt",0.0309225307368049,"oof","platt","rpart"
"kr-vs-kp","classif.rpart_calib.oof_platt",0.0330072372169373,"oof","platt","rpart"
"kr-vs-kp","classif.rpart_calib.oof_platt",0.0535498687648538,"oof","platt","rpart"
"kr-vs-kp","classif.rpart_calib.oof_platt",0.023265512759182,"oof","platt","rpart"
"kr-vs-kp","classif.rpart_calib.oof_platt",0.029737033686623,"oof","platt","rpart"
"kr-vs-kp","classif.rpart_calib.oof_platt",0.0209212823361126,"oof","platt","rpart"
"kr-vs-kp","classif.rpart_calib.oof_beta",0.0242891409181314,"oof","beta","rpart"
"kr-vs-kp","classif.rpart_calib.oof_beta",0.0312431217593498,"oof","beta","rpart"
"kr-vs-kp","classif.rpart_calib.oof_beta",0.0264915756297968,"oof","beta","rpart"
"kr-vs-kp","classif.rpart_calib.oof_beta",0.023640030068812,"oof","beta","rpart"
"kr-vs-kp","classif.rpart_calib.oof_beta",0.0243051160454718,"oof","beta","rpart"
"kr-vs-kp","classif.rpart_calib.oof_beta",0.0360617661121749,"oof","beta","rpart"
"kr-vs-kp","classif.rpart_calib.oof_beta",0.0374273384058411,"oof","beta","rpart"
"kr-vs-kp","classif.rpart_calib.oof_beta",0.0300053825435776,"oof","beta","rpart"
"kr-vs-kp","classif.rpart_calib.oof_beta",0.0286919289583574,"oof","beta","rpart"
"kr-vs-kp","classif.rpart_calib.oof_beta",0.0218335798527107,"oof","beta","rpart"
"kr-vs-kp","classif.rpart_calib.oof_isotonic",0.0120119866411608,"oof","isotonic","rpart"
"kr-vs-kp","classif.rpart_calib.oof_isotonic",0.0349822328850247,"oof","isotonic","rpart"
"kr-vs-kp","classif.rpart_calib.oof_isotonic",0.0245217229062116,"oof","isotonic","rpart"
"kr-vs-kp","classif.rpart_calib.oof_isotonic",0.0201746907514048,"oof","isotonic","rpart"
"kr-vs-kp","classif.rpart_calib.oof_isotonic",0.0317458673666901,"oof","isotonic","rpart"
"kr-vs-kp","classif.rpart_calib.oof_isotonic",0.0254397788712709,"oof","isotonic","rpart"
"kr-vs-kp","classif.rpart_calib.oof_isotonic",0.0221330561353166,"oof","isotonic","rpart"
"kr-vs-kp","classif.rpart_calib.oof_isotonic",0.0152111825628337,"oof","isotonic","rpart"
"kr-vs-kp","classif.rpart_calib.oof_isotonic",0.0241288658922652,"oof","isotonic","rpart"
"kr-vs-kp","classif.rpart_calib.oof_isotonic",0.0159542024912811,"oof","isotonic","rpart"
"kr-vs-kp","classif.rpart_calib.perfold_platt",0.0394831175946427,"perfold","platt","rpart"
"kr-vs-kp","classif.rpart_calib.perfold_platt",0.0550329266146847,"perfold","platt","rpart"
"kr-vs-kp","classif.rpart_calib.perfold_platt",0.0305469842576964,"perfold","platt","rpart"
"kr-vs-kp","classif.rpart_calib.perfold_platt",0.0261029317515595,"perfold","platt","rpart"
"kr-vs-kp","classif.rpart_calib.perfold_platt",0.027226095690127,"perfold","platt","rpart"
"kr-vs-kp","classif.rpart_calib.perfold_platt",0.0365848663094987,"perfold","platt","rpart"
"kr-vs-kp","classif.rpart_calib.perfold_platt",0.0530587408147676,"perfold","platt","rpart"
"kr-vs-kp","classif.rpart_calib.perfold_platt",0.0235478771730105,"perfold","platt","rpart"
"kr-vs-kp","classif.rpart_calib.perfold_platt",0.0324758847640927,"perfold","platt","rpart"
"kr-vs-kp","classif.rpart_calib.perfold_platt",0.0206762143224419,"perfold","platt","rpart"
"kr-vs-kp","classif.rpart_calib.perfold_isotonic",0.0334267269793123,"perfold","isotonic","rpart"
"kr-vs-kp","classif.rpart_calib.perfold_isotonic",0.0801334648046046,"perfold","isotonic","rpart"
"kr-vs-kp","classif.rpart_calib.perfold_isotonic",0.129395512176541,"perfold","isotonic","rpart"
"kr-vs-kp","classif.rpart_calib.perfold_isotonic",0.0496580936953112,"perfold","isotonic","rpart"
"kr-vs-kp","classif.rpart_calib.perfold_isotonic",0.101889640076568,"perfold","isotonic","rpart"
"kr-vs-kp","classif.rpart_calib.perfold_isotonic",0.0334918595594342,"perfold","isotonic","rpart"
"kr-vs-kp","classif.rpart_calib.perfold_isotonic",0.0597777004668465,"perfold","isotonic","rpart"
"kr-vs-kp","classif.rpart_calib.perfold_isotonic",0.146980700683362,"perfold","isotonic","rpart"
"kr-vs-kp","classif.rpart_calib.perfold_isotonic",0.171371699602457,"perfold","isotonic","rpart"
"kr-vs-kp","classif.rpart_calib.perfold_isotonic",0.190159486895307,"perfold","isotonic","rpart"
"credit-g","classif.naive_bayes",0.106789678133527,"none","none","naive_bayes"
"credit-g","classif.naive_bayes",0.140995587034905,"none","none","naive_bayes"
"credit-g","classif.naive_bayes",0.205911058159739,"none","none","naive_bayes"
"credit-g","classif.naive_bayes",0.128531766891217,"none","none","naive_bayes"
"credit-g","classif.naive_bayes",0.14000375298512,"none","none","naive_bayes"
"credit-g","classif.naive_bayes",0.105252151702756,"none","none","naive_bayes"
"credit-g","classif.naive_bayes",0.13496766926695,"none","none","naive_bayes"
"credit-g","classif.naive_bayes",0.0858597998693878,"none","none","naive_bayes"
"credit-g","classif.naive_bayes",0.109829864339046,"none","none","naive_bayes"
"credit-g","classif.naive_bayes",0.105282276216291,"none","none","naive_bayes"
"credit-g","classif.naive_bayes_calib.oof_platt",0.145966875484712,"oof","platt","naive_bayes"
"credit-g","classif.naive_bayes_calib.oof_platt",0.149724726530336,"oof","platt","naive_bayes"
"credit-g","classif.naive_bayes_calib.oof_platt",0.157669514026652,"oof","platt","naive_bayes"
"credit-g","classif.naive_bayes_calib.oof_platt",0.106186010835304,"oof","platt","naive_bayes"
"credit-g","classif.naive_bayes_calib.oof_platt",0.13858576402022,"oof","platt","naive_bayes"
"credit-g","classif.naive_bayes_calib.oof_platt",0.0866246923694344,"oof","platt","naive_bayes"
"credit-g","classif.naive_bayes_calib.oof_platt",0.102744925414715,"oof","platt","naive_bayes"
"credit-g","classif.naive_bayes_calib.oof_platt",0.102526195489501,"oof","platt","naive_bayes"
"credit-g","classif.naive_bayes_calib.oof_platt",0.0774559966038973,"oof","platt","naive_bayes"
"credit-g","classif.naive_bayes_calib.oof_platt",0.0968962896196291,"oof","platt","naive_bayes"
"credit-g","classif.naive_bayes_calib.oof_beta",0.104209529849676,"oof","beta","naive_bayes"
"credit-g","classif.naive_bayes_calib.oof_beta",0.127517014983345,"oof","beta","naive_bayes"
"credit-g","classif.naive_bayes_calib.oof_beta",0.160311156773717,"oof","beta","naive_bayes"
"credit-g","classif.naive_bayes_calib.oof_beta",0.142720172761299,"oof","beta","naive_bayes"
"credit-g","classif.naive_bayes_calib.oof_beta",0.107584094257477,"oof","beta","naive_bayes"
"credit-g","classif.naive_bayes_calib.oof_beta",0.0554143365279419,"oof","beta","naive_bayes"
"credit-g","classif.naive_bayes_calib.oof_beta",0.129376430202527,"oof","beta","naive_bayes"
"credit-g","classif.naive_bayes_calib.oof_beta",0.0991683980923436,"oof","beta","naive_bayes"
"credit-g","classif.naive_bayes_calib.oof_beta",0.0756439065415862,"oof","beta","naive_bayes"
"credit-g","classif.naive_bayes_calib.oof_beta",0.0748564582142316,"oof","beta","naive_bayes"
"credit-g","classif.naive_bayes_calib.oof_isotonic",0.153157161381407,"oof","isotonic","naive_bayes"
"credit-g","classif.naive_bayes_calib.oof_isotonic",0.18764548040561,"oof","isotonic","naive_bayes"
"credit-g","classif.naive_bayes_calib.oof_isotonic",0.171174665507192,"oof","isotonic","naive_bayes"
"credit-g","classif.naive_bayes_calib.oof_isotonic",0.140455764980919,"oof","isotonic","naive_bayes"
"credit-g","classif.naive_bayes_calib.oof_isotonic",0.146524829940453,"oof","isotonic","naive_bayes"
"credit-g","classif.naive_bayes_calib.oof_isotonic",0.119802653268835,"oof","isotonic","naive_bayes"
"credit-g","classif.naive_bayes_calib.oof_isotonic",0.142102344253026,"oof","isotonic","naive_bayes"
"credit-g","classif.naive_bayes_calib.oof_isotonic",0.0896686073354029,"oof","isotonic","naive_bayes"
"credit-g","classif.naive_bayes_calib.oof_isotonic",0.0874969332270708,"oof","isotonic","naive_bayes"
"credit-g","classif.naive_bayes_calib.oof_isotonic",0.124583740567911,"oof","isotonic","naive_bayes"
"credit-g","classif.naive_bayes_calib.perfold_platt",0.132184765932249,"perfold","platt","naive_bayes"
"credit-g","classif.naive_bayes_calib.perfold_platt",0.150475150029983,"perfold","platt","naive_bayes"
"credit-g","classif.naive_bayes_calib.perfold_platt",0.158252809819441,"perfold","platt","naive_bayes"
"credit-g","classif.naive_bayes_calib.perfold_platt",0.115175240995479,"perfold","platt","naive_bayes"
"credit-g","classif.naive_bayes_calib.perfold_platt",0.150052539749181,"perfold","platt","naive_bayes"
"credit-g","classif.naive_bayes_calib.perfold_platt",0.095576565355528,"perfold","platt","naive_bayes"
"credit-g","classif.naive_bayes_calib.perfold_platt",0.100199081706116,"perfold","platt","naive_bayes"
"credit-g","classif.naive_bayes_calib.perfold_platt",0.100088742654514,"perfold","platt","naive_bayes"
"credit-g","classif.naive_bayes_calib.perfold_platt",0.082493997050995,"perfold","platt","naive_bayes"
"credit-g","classif.naive_bayes_calib.perfold_platt",0.0949701625256981,"perfold","platt","naive_bayes"
"credit-g","classif.naive_bayes_calib.perfold_beta",0.115231408418192,"perfold","beta","naive_bayes"
"credit-g","classif.naive_bayes_calib.perfold_beta",0.129249258187457,"perfold","beta","naive_bayes"
"credit-g","classif.naive_bayes_calib.perfold_beta",0.161198444587936,"perfold","beta","naive_bayes"
"credit-g","classif.naive_bayes_calib.perfold_beta",0.138636744114255,"perfold","beta","naive_bayes"
"credit-g","classif.naive_bayes_calib.perfold_beta",0.12745329889188,"perfold","beta","naive_bayes"
"credit-g","classif.naive_bayes_calib.perfold_beta",0.071039102950136,"perfold","beta","naive_bayes"
"credit-g","classif.naive_bayes_calib.perfold_beta",0.140341519600475,"perfold","beta","naive_bayes"
"credit-g","classif.naive_bayes_calib.perfold_beta",0.10570905112954,"perfold","beta","naive_bayes"
"credit-g","classif.naive_bayes_calib.perfold_beta",0.0753531793975857,"perfold","beta","naive_bayes"
"credit-g","classif.naive_bayes_calib.perfold_beta",0.105130390763081,"perfold","beta","naive_bayes"
"credit-g","classif.naive_bayes_calib.perfold_isotonic",0.0866707125020192,"perfold","isotonic","naive_bayes"
"credit-g","classif.naive_bayes_calib.perfold_isotonic",0.14844223688802,"perfold","isotonic","naive_bayes"
"credit-g","classif.naive_bayes_calib.perfold_isotonic",0.169852291525154,"perfold","isotonic","naive_bayes"
"credit-g","classif.naive_bayes_calib.perfold_isotonic",0.123192632377612,"perfold","isotonic","naive_bayes"
"credit-g","classif.naive_bayes_calib.perfold_isotonic",0.12058086145399,"perfold","isotonic","naive_bayes"
"credit-g","classif.naive_bayes_calib.perfold_isotonic",0.0853176416243567,"perfold","isotonic","naive_bayes"
"credit-g","classif.naive_bayes_calib.perfold_isotonic",0.133417240200815,"perfold","isotonic","naive_bayes"
"credit-g","classif.naive_bayes_calib.perfold_isotonic",0.101027869894272,"perfold","isotonic","naive_bayes"
"credit-g","classif.naive_bayes_calib.perfold_isotonic",0.0675490957746629,"perfold","isotonic","naive_bayes"
"credit-g","classif.naive_bayes_calib.perfold_isotonic",0.0743096105245833,"perfold","isotonic","naive_bayes"
"credit-g","classif.ranger",0.109240313213357,"none","none","ranger"
"credit-g","classif.ranger",0.129845083583084,"none","none","ranger"
"credit-g","classif.ranger",0.102703244422244,"none","none","ranger"
"credit-g","classif.ranger",0.133427681527623,"none","none","ranger"
"credit-g","classif.ranger",0.0838884533799533,"none","none","ranger"
"credit-g","classif.ranger",0.136950240106299,"none","none","ranger"
"credit-g","classif.ranger",0.0718910767819138,"none","none","ranger"
"credit-g","classif.ranger",0.0823893835567672,"none","none","ranger"
"credit-g","classif.ranger",0.105297395404661,"none","none","ranger"
"credit-g","classif.ranger",0.0777599321511822,"none","none","ranger"
"credit-g","classif.ranger_calib.oof_platt",0.064682376153907,"oof","platt","ranger"
"credit-g","classif.ranger_calib.oof_platt",0.155535066285007,"oof","platt","ranger"
"credit-g","classif.ranger_calib.oof_platt",0.0885244538742945,"oof","platt","ranger"
"credit-g","classif.ranger_calib.oof_platt",0.128196251837305,"oof","platt","ranger"
"credit-g","classif.ranger_calib.oof_platt",0.0788699220362565,"oof","platt","ranger"
"credit-g","classif.ranger_calib.oof_platt",0.0891348595921393,"oof","platt","ranger"
"credit-g","classif.ranger_calib.oof_platt",0.114269894415921,"oof","platt","ranger"
"credit-g","classif.ranger_calib.oof_platt",0.0729673268561933,"oof","platt","ranger"
"credit-g","classif.ranger_calib.oof_platt",0.0856574430849483,"oof","platt","ranger"
"credit-g","classif.ranger_calib.oof_platt",0.116201396896963,"oof","platt","ranger"
"credit-g","classif.ranger_calib.oof_beta",0.058120235509505,"oof","beta","ranger"
"credit-g","classif.ranger_calib.oof_beta",0.147632381667298,"oof","beta","ranger"
"credit-g","classif.ranger_calib.oof_beta",0.0928263105732444,"oof","beta","ranger"
"credit-g","classif.ranger_calib.oof_beta",0.128212403593104,"oof","beta","ranger"
"credit-g","classif.ranger_calib.oof_beta",0.0790359494767778,"oof","beta","ranger"
"credit-g","classif.ranger_calib.oof_beta",0.112948463650521,"oof","beta","ranger"
"credit-g","classif.ranger_calib.oof_beta",0.117727044119049,"oof","beta","ranger"
"credit-g","classif.ranger_calib.oof_beta",0.101625235564724,"oof","beta","ranger"
"credit-g","classif.ranger_calib.oof_beta",0.116830415808534,"oof","beta","ranger"
"credit-g","classif.ranger_calib.oof_beta",0.101593896077219,"oof","beta","ranger"
"credit-g","classif.ranger_calib.oof_isotonic",0.0906789966483645,"oof","isotonic","ranger"
"credit-g","classif.ranger_calib.oof_isotonic",0.139432121884586,"oof","isotonic","ranger"
"credit-g","classif.ranger_calib.oof_isotonic",0.131348888192729,"oof","isotonic","ranger"
"credit-g","classif.ranger_calib.oof_isotonic",0.131284267900144,"oof","isotonic","ranger"
"credit-g","classif.ranger_calib.oof_isotonic",0.0878214466373664,"oof","isotonic","ranger"
"credit-g","classif.ranger_calib.oof_isotonic",0.166916735061262,"oof","isotonic","ranger"
"credit-g","classif.ranger_calib.oof_isotonic",0.0794557736313676,"oof","isotonic","ranger"
"credit-g","classif.ranger_calib.oof_isotonic",0.158194315414272,"oof","isotonic","ranger"
"credit-g","classif.ranger_calib.oof_isotonic",0.148530015081178,"oof","isotonic","ranger"
"credit-g","classif.ranger_calib.oof_isotonic",0.116811365294041,"oof","isotonic","ranger"
"credit-g","classif.ranger_calib.perfold_platt",0.0801637013637673,"perfold","platt","ranger"
"credit-g","classif.ranger_calib.perfold_platt",0.135163712873427,"perfold","platt","ranger"
"credit-g","classif.ranger_calib.perfold_platt",0.107068836972588,"perfold","platt","ranger"
"credit-g","classif.ranger_calib.perfold_platt",0.130350396283852,"perfold","platt","ranger"
"credit-g","classif.ranger_calib.perfold_platt",0.0865615274906618,"perfold","platt","ranger"
"credit-g","classif.ranger_calib.perfold_platt",0.0915371626394475,"perfold","platt","ranger"
"credit-g","classif.ranger_calib.perfold_platt",0.0869243758016743,"perfold","platt","ranger"
"credit-g","classif.ranger_calib.perfold_platt",0.108744617632453,"perfold","platt","ranger"
"credit-g","classif.ranger_calib.perfold_platt",0.148236818894908,"perfold","platt","ranger"
"credit-g","classif.ranger_calib.perfold_platt",0.110476027769437,"perfold","platt","ranger"
"credit-g","classif.ranger_calib.perfold_beta",0.0629045937432864,"perfold","beta","ranger"
"credit-g","classif.ranger_calib.perfold_beta",0.129095222976397,"perfold","beta","ranger"
"credit-g","classif.ranger_calib.perfold_beta",0.0855210911212176,"perfold","beta","ranger"
"credit-g","classif.ranger_calib.perfold_beta",0.125631774265677,"perfold","beta","ranger"
"credit-g","classif.ranger_calib.perfold_beta",0.086193561931834,"perfold","beta","ranger"
"credit-g","classif.ranger_calib.perfold_beta",0.0872111822357601,"perfold","beta","ranger"
"credit-g","classif.ranger_calib.perfold_beta",0.110581348230146,"perfold","beta","ranger"
"credit-g","classif.ranger_calib.perfold_beta",0.0984538019028593,"perfold","beta","ranger"
"credit-g","classif.ranger_calib.perfold_beta",0.10664700686714,"perfold","beta","ranger"
"credit-g","classif.ranger_calib.perfold_beta",0.116987881648608,"perfold","beta","ranger"
"credit-g","classif.ranger_calib.perfold_isotonic",0.0810977478296027,"perfold","isotonic","ranger"
"credit-g","classif.ranger_calib.perfold_isotonic",0.104461895192283,"perfold","isotonic","ranger"
"credit-g","classif.ranger_calib.perfold_isotonic",0.102365170160635,"perfold","isotonic","ranger"
"credit-g","classif.ranger_calib.perfold_isotonic",0.112917814481737,"perfold","isotonic","ranger"
"credit-g","classif.ranger_calib.perfold_isotonic",0.0812775097229296,"perfold","isotonic","ranger"
"credit-g","classif.ranger_calib.perfold_isotonic",0.0404727988836188,"perfold","isotonic","ranger"
"credit-g","classif.ranger_calib.perfold_isotonic",0.0688040521196654,"perfold","isotonic","ranger"
"credit-g","classif.ranger_calib.perfold_isotonic",0.115123297872193,"perfold","isotonic","ranger"
"credit-g","classif.ranger_calib.perfold_isotonic",0.100566004367979,"perfold","isotonic","ranger"
"credit-g","classif.ranger_calib.perfold_isotonic",0.0957347982447668,"perfold","isotonic","ranger"
"credit-g","classif.rpart",0.115392419504373,"none","none","rpart"
"credit-g","classif.rpart",0.184831042594619,"none","none","rpart"
"credit-g","classif.rpart",0.221802885476243,"none","none","rpart"
"credit-g","classif.rpart",0.219153856266855,"none","none","rpart"
"credit-g","classif.rpart",0.164513190102359,"none","none","rpart"
"credit-g","classif.rpart",0.200956985111514,"none","none","rpart"
"credit-g","classif.rpart",0.218672810465995,"none","none","rpart"
"credit-g","classif.rpart",0.170734423518104,"none","none","rpart"
"credit-g","classif.rpart",0.215421288263394,"none","none","rpart"
"credit-g","classif.rpart",0.276271103048961,"none","none","rpart"
"credit-g","classif.rpart_calib.oof_platt",0.181442325378775,"oof","platt","rpart"
"credit-g","classif.rpart_calib.oof_platt",0.159986435441054,"oof","platt","rpart"
"credit-g","classif.rpart_calib.oof_platt",0.123082233829088,"oof","platt","rpart"
"credit-g","classif.rpart_calib.oof_platt",0.153171039049952,"oof","platt","rpart"
"credit-g","classif.rpart_calib.oof_platt",0.118247095921367,"oof","platt","rpart"
"credit-g","classif.rpart_calib.oof_platt",0.173011760276253,"oof","platt","rpart"
"credit-g","classif.rpart_calib.oof_platt",0.111462037076965,"oof","platt","rpart"
"credit-g","classif.rpart_calib.oof_platt",0.150700002504867,"oof","platt","rpart"
"credit-g","classif.rpart_calib.oof_platt",0.208566437226825,"oof","platt","rpart"
"credit-g","classif.rpart_calib.oof_platt",0.12928176195716,"oof","platt","rpart"
"credit-g","classif.rpart_calib.oof_beta",0.193101387365886,"oof","beta","rpart"
"credit-g","classif.rpart_calib.oof_beta",0.141984461397438,"oof","beta","rpart"
"credit-g","classif.rpart_calib.oof_beta",0.190378482213334,"oof","beta","rpart"
"credit-g","classif.rpart_calib.oof_beta",0.205989451331577,"oof","beta","rpart"
"credit-g","classif.rpart_calib.oof_beta",0.230118055904066,"oof","beta","rpart"
"credit-g","classif.rpart_calib.oof_beta",0.154600355145203,"oof","beta","rpart"
"credit-g","classif.rpart_calib.oof_beta",0.21613347946522,"oof","beta","rpart"
"credit-g","classif.rpart_calib.oof_beta",0.164825918965567,"oof","beta","rpart"
"credit-g","classif.rpart_calib.oof_beta",0.212588443319389,"oof","beta","rpart"
"credit-g","classif.rpart_calib.oof_beta",0.160017126702412,"oof","beta","rpart"
"credit-g","classif.rpart_calib.oof_isotonic",0.269635966700457,"oof","isotonic","rpart"
"credit-g","classif.rpart_calib.oof_isotonic",0.214460611038904,"oof","isotonic","rpart"
"credit-g","classif.rpart_calib.oof_isotonic",0.24412563560226,"oof","isotonic","rpart"
"credit-g","classif.rpart_calib.oof_isotonic",0.239560341391715,"oof","isotonic","rpart"
"credit-g","classif.rpart_calib.oof_isotonic",0.262795227403592,"oof","isotonic","rpart"
"credit-g","classif.rpart_calib.oof_isotonic",0.230290274436711,"oof","isotonic","rpart"
"credit-g","classif.rpart_calib.oof_isotonic",0.215593620326317,"oof","isotonic","rpart"
"credit-g","classif.rpart_calib.oof_isotonic",0.170773338064367,"oof","isotonic","rpart"
"credit-g","classif.rpart_calib.oof_isotonic",0.297407409759196,"oof","isotonic","rpart"
"credit-g","classif.rpart_calib.oof_isotonic",0.267904590401064,"oof","isotonic","rpart"
"credit-g","classif.rpart_calib.perfold_platt",0.138013504816745,"perfold","platt","rpart"
"credit-g","classif.rpart_calib.perfold_platt",0.0945179520137041,"perfold","platt","rpart"
"credit-g","classif.rpart_calib.perfold_platt",0.173042518353477,"perfold","platt","rpart"
"credit-g","classif.rpart_calib.perfold_platt",0.132178057786141,"perfold","platt","rpart"
"credit-g","classif.rpart_calib.perfold_platt",0.189236257140032,"perfold","platt","rpart"
"credit-g","classif.rpart_calib.perfold_platt",0.121353966497672,"perfold","platt","rpart"
"credit-g","classif.rpart_calib.perfold_platt",0.138407640670648,"perfold","platt","rpart"
"credit-g","classif.rpart_calib.perfold_platt",0.165084531408617,"perfold","platt","rpart"
"credit-g","classif.rpart_calib.perfold_platt",0.192164769817203,"perfold","platt","rpart"
"credit-g","classif.rpart_calib.perfold_platt",0.161021136768751,"perfold","platt","rpart"
"credit-g","classif.rpart_calib.perfold_isotonic",0.150061631109597,"perfold","isotonic","rpart"
"credit-g","classif.rpart_calib.perfold_isotonic",0.163985142535942,"perfold","isotonic","rpart"
"credit-g","classif.rpart_calib.perfold_isotonic",0.174407373652309,"perfold","isotonic","rpart"
"credit-g","classif.rpart_calib.perfold_isotonic",0.145476963022498,"perfold","isotonic","rpart"
"credit-g","classif.rpart_calib.perfold_isotonic",0.155850202980704,"perfold","isotonic","rpart"
"credit-g","classif.rpart_calib.perfold_isotonic",0.183043719152185,"perfold","isotonic","rpart"
"credit-g","classif.rpart_calib.perfold_isotonic",0.17008139435619,"perfold","isotonic","rpart"
"credit-g","classif.rpart_calib.perfold_isotonic",0.139414957378855,"perfold","isotonic","rpart"
"credit-g","classif.rpart_calib.perfold_isotonic",0.221121320917613,"perfold","isotonic","rpart"
"credit-g","classif.rpart_calib.perfold_isotonic",0.160619809267829,"perfold","isotonic","rpart"
"pc4","classif.naive_bayes",0.0964831094796444,"none","none","naive_bayes"
"pc4","classif.naive_bayes",0.116627525318198,"none","none","naive_bayes"
"pc4","classif.naive_bayes",0.111749190708429,"none","none","naive_bayes"
"pc4","classif.naive_bayes",0.135762157145647,"none","none","naive_bayes"
"pc4","classif.naive_bayes",0.132178644672929,"none","none","naive_bayes"
"pc4","classif.naive_bayes",0.134877903103341,"none","none","naive_bayes"
"pc4","classif.naive_bayes",0.155721579424293,"none","none","naive_bayes"
"pc4","classif.naive_bayes",0.128408635398685,"none","none","naive_bayes"
"pc4","classif.naive_bayes",0.125233734114107,"none","none","naive_bayes"
"pc4","classif.naive_bayes",0.0532407173533181,"none","none","naive_bayes"
"pc4","classif.naive_bayes_calib.oof_platt",0.0770628137576842,"oof","platt","naive_bayes"
"pc4","classif.naive_bayes_calib.oof_platt",0.0736954190135465,"oof","platt","naive_bayes"
"pc4","classif.naive_bayes_calib.oof_platt",0.0811869495198681,"oof","platt","naive_bayes"
"pc4","classif.naive_bayes_calib.oof_platt",0.0918433385930338,"oof","platt","naive_bayes"
"pc4","classif.naive_bayes_calib.oof_platt",0.0830863123724541,"oof","platt","naive_bayes"
"pc4","classif.naive_bayes_calib.oof_platt",0.0667095813336041,"oof","platt","naive_bayes"
"pc4","classif.naive_bayes_calib.oof_platt",0.114302673572283,"oof","platt","naive_bayes"
"pc4","classif.naive_bayes_calib.oof_platt",0.0394350921233738,"oof","platt","naive_bayes"
"pc4","classif.naive_bayes_calib.oof_platt",0.0675582205306723,"oof","platt","naive_bayes"
"pc4","classif.naive_bayes_calib.oof_platt",0.0929534713093909,"oof","platt","naive_bayes"
"pc4","classif.naive_bayes_calib.oof_beta",0.0437704765370474,"oof","beta","naive_bayes"
"pc4","classif.naive_bayes_calib.oof_beta",0.0346015557398643,"oof","beta","naive_bayes"
"pc4","classif.naive_bayes_calib.oof_beta",0.0387682447170684,"oof","beta","naive_bayes"
"pc4","classif.naive_bayes_calib.oof_beta",0.0524073207462088,"oof","beta","naive_bayes"
"pc4","classif.naive_bayes_calib.oof_beta",0.0427404587555616,"oof","beta","naive_bayes"
"pc4","classif.naive_bayes_calib.oof_beta",0.076033816092198,"oof","beta","naive_bayes"
"pc4","classif.naive_bayes_calib.oof_beta",0.0552855577329559,"oof","beta","naive_bayes"
"pc4","classif.naive_bayes_calib.oof_beta",0.0683038711981212,"oof","beta","naive_bayes"
"pc4","classif.naive_bayes_calib.oof_beta",0.0741501056826923,"oof","beta","naive_bayes"
"pc4","classif.naive_bayes_calib.oof_beta",0.0874013691977272,"oof","beta","naive_bayes"
"pc4","classif.naive_bayes_calib.oof_isotonic",0.0749409500898618,"oof","isotonic","naive_bayes"
"pc4","classif.naive_bayes_calib.oof_isotonic",0.0765637357842269,"oof","isotonic","naive_bayes"
"pc4","classif.naive_bayes_calib.oof_isotonic",0.0882162400729657,"oof","isotonic","naive_bayes"
"pc4","classif.naive_bayes_calib.oof_isotonic",0.05830899543483,"oof","isotonic","naive_bayes"
"pc4","classif.naive_bayes_calib.oof_isotonic",0.0983587596125131,"oof","isotonic","naive_bayes"
"pc4","classif.naive_bayes_calib.oof_isotonic",0.051939727463353,"oof","isotonic","naive_bayes"
"pc4","classif.naive_bayes_calib.oof_isotonic",0.107626001240938,"oof","isotonic","naive_bayes"
"pc4","classif.naive_bayes_calib.oof_isotonic",0.077109920032433,"oof","isotonic","naive_bayes"
"pc4","classif.naive_bayes_calib.oof_isotonic",0.0447164496740709,"oof","isotonic","naive_bayes"
"pc4","classif.naive_bayes_calib.oof_isotonic",0.0389809899020642,"oof","isotonic","naive_bayes"
"pc4","classif.naive_bayes_calib.perfold_platt",0.0771316720310871,"perfold","platt","naive_bayes"
"pc4","classif.naive_bayes_calib.perfold_platt",0.0674379558918146,"perfold","platt","naive_bayes"
"pc4","classif.naive_bayes_calib.perfold_platt",0.0652606805205491,"perfold","platt","naive_bayes"
"pc4","classif.naive_bayes_calib.perfold_platt",0.0852361505412755,"perfold","platt","naive_bayes"
"pc4","classif.naive_bayes_calib.perfold_platt",0.0795480056271635,"perfold","platt","naive_bayes"
"pc4","classif.naive_bayes_calib.perfold_platt",0.0787277879754839,"perfold","platt","naive_bayes"
"pc4","classif.naive_bayes_calib.perfold_platt",0.106957598914688,"perfold","platt","naive_bayes"
"pc4","classif.naive_bayes_calib.perfold_platt",0.0423711476824519,"perfold","platt","naive_bayes"
"pc4","classif.naive_bayes_calib.perfold_platt",0.0655197885736077,"perfold","platt","naive_bayes"
"pc4","classif.naive_bayes_calib.perfold_platt",0.0723759813194396,"perfold","platt","naive_bayes"
"pc4","classif.naive_bayes_calib.perfold_beta",0.0347148565439505,"perfold","beta","naive_bayes"
"pc4","classif.naive_bayes_calib.perfold_beta",0.0343551775526549,"perfold","beta","naive_bayes"
"pc4","classif.naive_bayes_calib.perfold_beta",0.0274644229522439,"perfold","beta","naive_bayes"
"pc4","classif.naive_bayes_calib.perfold_beta",0.0627548906654079,"perfold","beta","naive_bayes"
"pc4","classif.naive_bayes_calib.perfold_beta",0.0437697790165101,"perfold","beta","naive_bayes"
"pc4","classif.naive_bayes_calib.perfold_beta",0.0760778031047483,"perfold","beta","naive_bayes"
"pc4","classif.naive_bayes_calib.perfold_beta",0.0776609780472794,"perfold","beta","naive_bayes"
"pc4","classif.naive_bayes_calib.perfold_beta",0.0425278835758302,"perfold","beta","naive_bayes"
"pc4","classif.naive_bayes_calib.perfold_beta",0.0684478524181754,"perfold","beta","naive_bayes"
"pc4","classif.naive_bayes_calib.perfold_beta",0.0781923073938812,"perfold","beta","naive_bayes"
"pc4","classif.naive_bayes_calib.perfold_isotonic",0.0446114181664469,"perfold","isotonic","naive_bayes"
"pc4","classif.naive_bayes_calib.perfold_isotonic",0.0495303632562343,"perfold","isotonic","naive_bayes"
"pc4","classif.naive_bayes_calib.perfold_isotonic",0.0419690276050919,"perfold","isotonic","naive_bayes"
"pc4","classif.naive_bayes_calib.perfold_isotonic",0.063104550192976,"perfold","isotonic","naive_bayes"
"pc4","classif.naive_bayes_calib.perfold_isotonic",0.0537506668421858,"perfold","isotonic","naive_bayes"
"pc4","classif.naive_bayes_calib.perfold_isotonic",0.0798525683458283,"perfold","isotonic","naive_bayes"
"pc4","classif.naive_bayes_calib.perfold_isotonic",0.0964221566610913,"perfold","isotonic","naive_bayes"
"pc4","classif.naive_bayes_calib.perfold_isotonic",0.0468816131562206,"perfold","isotonic","naive_bayes"
"pc4","classif.naive_bayes_calib.perfold_isotonic",0.0479445232419546,"perfold","isotonic","naive_bayes"
"pc4","classif.naive_bayes_calib.perfold_isotonic",0.0510141148849543,"perfold","isotonic","naive_bayes"
"pc4","classif.ranger",0.0367912263535551,"none","none","ranger"
"pc4","classif.ranger",0.0536329419439009,"none","none","ranger"
"pc4","classif.ranger",0.0613096977603827,"none","none","ranger"
"pc4","classif.ranger",0.0351155414220483,"none","none","ranger"
"pc4","classif.ranger",0.0710756794955425,"none","none","ranger"
"pc4","classif.ranger",0.0596894715254304,"none","none","ranger"
"pc4","classif.ranger",0.0423706027990274,"none","none","ranger"
"pc4","classif.ranger",0.0442731297754314,"none","none","ranger"
"pc4","classif.ranger",0.0567808920044074,"none","none","ranger"
"pc4","classif.ranger",0.0657873617952928,"none","none","ranger"
"pc4","classif.ranger_calib.oof_platt",0.0392951258092601,"oof","platt","ranger"
"pc4","classif.ranger_calib.oof_platt",0.0725783919324913,"oof","platt","ranger"
"pc4","classif.ranger_calib.oof_platt",0.0541357618623102,"oof","platt","ranger"
"pc4","classif.ranger_calib.oof_platt",0.0430118351928619,"oof","platt","ranger"
"pc4","classif.ranger_calib.oof_platt",0.0290080967646767,"oof","platt","ranger"
"pc4","classif.ranger_calib.oof_platt",0.0383589425982193,"oof","platt","ranger"
"pc4","classif.ranger_calib.oof_platt",0.0436432275615304,"oof","platt","ranger"
"pc4","classif.ranger_calib.oof_platt",0.0459896625935034,"oof","platt","ranger"
"pc4","classif.ranger_calib.oof_platt",0.0320250484112924,"oof","platt","ranger"
"pc4","classif.ranger_calib.oof_platt",0.044640558050956,"oof","platt","ranger"
"pc4","classif.ranger_calib.oof_beta",0.0269297299372734,"oof","beta","ranger"
"pc4","classif.ranger_calib.oof_beta",0.0436279839900723,"oof","beta","ranger"
"pc4","classif.ranger_calib.oof_beta",0.0393724114875649,"oof","beta","ranger"
"pc4","classif.ranger_calib.oof_beta",0.0231125393130564,"oof","beta","ranger"
"pc4","classif.ranger_calib.oof_beta",0.0382402796325737,"oof","beta","ranger"
"pc4","classif.ranger_calib.oof_beta",0.0196167908309334,"oof","beta","ranger"
"pc4","classif.ranger_calib.oof_beta",0.0302344314807571,"oof","beta","ranger"
"pc4","classif.ranger_calib.oof_beta",0.0288653884460028,"oof","beta","ranger"
"pc4","classif.ranger_calib.oof_beta",0.0463964978157966,"oof","beta","ranger"
"pc4","classif.ranger_calib.oof_beta",0.0367635402825842,"oof","beta","ranger"
"pc4","classif.ranger_calib.oof_isotonic",0.0291589593783577,"oof","isotonic","ranger"
"pc4","classif.ranger_calib.oof_isotonic",0.0857969341757715,"oof","isotonic","ranger"
"pc4","classif.ranger_calib.oof_isotonic",0.0531205027019254,"oof","isotonic","ranger"
"pc4","classif.ranger_calib.oof_isotonic",0.0196738945531957,"oof","isotonic","ranger"
"pc4","classif.ranger_calib.oof_isotonic",0.027280426111283,"oof","isotonic","ranger"
"pc4","classif.ranger_calib.oof_isotonic",0.0301787785573136,"oof","isotonic","ranger"
"pc4","classif.ranger_calib.oof_isotonic",0.0348380421453322,"oof","isotonic","ranger"
"pc4","classif.ranger_calib.oof_isotonic",0.0289542842401904,"oof","isotonic","ranger"
"pc4","classif.ranger_calib.oof_isotonic",0.0471042297301663,"oof","isotonic","ranger"
"pc4","classif.ranger_calib.oof_isotonic",0.0256355768771506,"oof","isotonic","ranger"
"pc4","classif.ranger_calib.perfold_platt",0.0291279905271259,"perfold","platt","ranger"
"pc4","classif.ranger_calib.perfold_platt",0.0583784562247785,"perfold","platt","ranger"
"pc4","classif.ranger_calib.perfold_platt",0.044756121718022,"perfold","platt","ranger"
"pc4","classif.ranger_calib.perfold_platt",0.0264326250417414,"perfold","platt","ranger"
"pc4","classif.ranger_calib.perfold_platt",0.0306366851149697,"perfold","platt","ranger"
"pc4","classif.ranger_calib.perfold_platt",0.0352402726342405,"perfold","platt","ranger"
"pc4","classif.ranger_calib.perfold_platt",0.0275613957424668,"perfold","platt","ranger"
"pc4","classif.ranger_calib.perfold_platt",0.0429957445204854,"perfold","platt","ranger"
"pc4","classif.ranger_calib.perfold_platt",0.0439171869145633,"perfold","platt","ranger"
"pc4","classif.ranger_calib.perfold_platt",0.0352915747841257,"perfold","platt","ranger"
"pc4","classif.ranger_calib.perfold_beta",0.0259702583418283,"perfold","beta","ranger"
"pc4","classif.ranger_calib.perfold_beta",0.0440800579196177,"perfold","beta","ranger"
"pc4","classif.ranger_calib.perfold_beta",0.0223039325525697,"perfold","beta","ranger"
"pc4","classif.ranger_calib.perfold_beta",0.00966261282203047,"perfold","beta","ranger"
"pc4","classif.ranger_calib.perfold_beta",0.0322666307499581,"perfold","beta","ranger"
"pc4","classif.ranger_calib.perfold_beta",0.017047870151442,"perfold","beta","ranger"
"pc4","classif.ranger_calib.perfold_beta",0.0297808562814974,"perfold","beta","ranger"
"pc4","classif.ranger_calib.perfold_beta",0.0258668411495594,"perfold","beta","ranger"
"pc4","classif.ranger_calib.perfold_beta",0.021290835166014,"perfold","beta","ranger"
"pc4","classif.ranger_calib.perfold_beta",0.0401623063967143,"perfold","beta","ranger"
"pc4","classif.ranger_calib.perfold_isotonic",0.0293408874230792,"perfold","isotonic","ranger"
"pc4","classif.ranger_calib.perfold_isotonic",0.0456351508714522,"perfold","isotonic","ranger"
"pc4","classif.ranger_calib.perfold_isotonic",0.0401478285793354,"perfold","isotonic","ranger"
"pc4","classif.ranger_calib.perfold_isotonic",0.0110552302846823,"perfold","isotonic","ranger"
"pc4","classif.ranger_calib.perfold_isotonic",0.0236450461005255,"perfold","isotonic","ranger"
"pc4","classif.ranger_calib.perfold_isotonic",0.0290162994313824,"perfold","isotonic","ranger"
"pc4","classif.ranger_calib.perfold_isotonic",0.0192422328069185,"perfold","isotonic","ranger"
"pc4","classif.ranger_calib.perfold_isotonic",0.0358168028978262,"perfold","isotonic","ranger"
"pc4","classif.ranger_calib.perfold_isotonic",0.0352496753500203,"perfold","isotonic","ranger"
"pc4","classif.ranger_calib.perfold_isotonic",0.0206167664158409,"perfold","isotonic","ranger"
"pc4","classif.rpart",0.054439731715509,"none","none","rpart"
"pc4","classif.rpart",0.0718715003963282,"none","none","rpart"
"pc4","classif.rpart",0.0454170050258148,"none","none","rpart"
"pc4","classif.rpart",0.115453968308896,"none","none","rpart"
"pc4","classif.rpart",0.0274479033427393,"none","none","rpart"
"pc4","classif.rpart",0.0492365124566303,"none","none","rpart"
"pc4","classif.rpart",0.0738035837426918,"none","none","rpart"
"pc4","classif.rpart",0.0643051071526733,"none","none","rpart"
"pc4","classif.rpart",0.0837274194266542,"none","none","rpart"
"pc4","classif.rpart",0.0429807587048966,"none","none","rpart"
"pc4","classif.rpart_calib.oof_platt",0.0658897220626214,"oof","platt","rpart"
"pc4","classif.rpart_calib.oof_platt",0.0652516775878508,"oof","platt","rpart"
"pc4","classif.rpart_calib.oof_platt",0.106215569557512,"oof","platt","rpart"
"pc4","classif.rpart_calib.oof_platt",0.0900621623544123,"oof","platt","rpart"
"pc4","classif.rpart_calib.oof_platt",0.0885458043572813,"oof","platt","rpart"
"pc4","classif.rpart_calib.oof_platt",0.0763052548837671,"oof","platt","rpart"
"pc4","classif.rpart_calib.oof_platt",0.0444370060494165,"oof","platt","rpart"
"pc4","classif.rpart_calib.oof_platt",0.0740280952343242,"oof","platt","rpart"
"pc4","classif.rpart_calib.oof_platt",0.063333704797793,"oof","platt","rpart"
"pc4","classif.rpart_calib.oof_platt",0.0830119323586526,"oof","platt","rpart"
"pc4","classif.rpart_calib.oof_beta",0.0833807631227485,"oof","beta","rpart"
"pc4","classif.rpart_calib.oof_beta",0.0534007263948962,"oof","beta","rpart"
"pc4","classif.rpart_calib.oof_beta",0.0642783260505507,"oof","beta","rpart"
"pc4","classif.rpart_calib.oof_beta",0.0765667505658077,"oof","beta","rpart"
"pc4","classif.rpart_calib.oof_beta",0.12883247601443,"oof","beta","rpart"
"pc4","classif.rpart_calib.oof_beta",0.0883640732119051,"oof","beta","rpart"
"pc4","classif.rpart_calib.oof_beta",0.0642643474240723,"oof","beta","rpart"
"pc4","classif.rpart_calib.oof_beta",0.113617058168501,"oof","beta","rpart"
"pc4","classif.rpart_calib.oof_beta",0.0545043854985128,"oof","beta","rpart"
"pc4","classif.rpart_calib.oof_beta",0.0711424784114368,"oof","beta","rpart"
"pc4","classif.rpart_calib.oof_isotonic",0.0816445115325223,"oof","isotonic","rpart"
"pc4","classif.rpart_calib.oof_isotonic",0.0471314788884585,"oof","isotonic","rpart"
"pc4","classif.rpart_calib.oof_isotonic",0.0500880700130236,"oof","isotonic","rpart"
"pc4","classif.rpart_calib.oof_isotonic",0.0842585444546658,"oof","isotonic","rpart"
"pc4","classif.rpart_calib.oof_isotonic",0.061773741474898,"oof","isotonic","rpart"
"pc4","classif.rpart_calib.oof_isotonic",0.0755521717010623,"oof","isotonic","rpart"
"pc4","classif.rpart_calib.oof_isotonic",0.0705869748323404,"oof","isotonic","rpart"
"pc4","classif.rpart_calib.oof_isotonic",0.0729570714682893,"oof","isotonic","rpart"
"pc4","classif.rpart_calib.oof_isotonic",0.0273883665307142,"oof","isotonic","rpart"
"pc4","classif.rpart_calib.oof_isotonic",0.0342858256864779,"oof","isotonic","rpart"
"pc4","classif.rpart_calib.perfold_platt",0.0712083278113504,"perfold","platt","rpart"
"pc4","classif.rpart_calib.perfold_platt",0.065226120959294,"perfold","platt","rpart"
"pc4","classif.rpart_calib.perfold_platt",0.0678785045736203,"perfold","platt","rpart"
"pc4","classif.rpart_calib.perfold_platt",0.0833639081942246,"perfold","platt","rpart"
"pc4","classif.rpart_calib.perfold_platt",0.102806810965591,"perfold","platt","rpart"
"pc4","classif.rpart_calib.perfold_platt",0.0666498636904099,"perfold","platt","rpart"
"pc4","classif.rpart_calib.perfold_platt",0.0613486129838933,"perfold","platt","rpart"
"pc4","classif.rpart_calib.perfold_platt",0.0622855002006449,"perfold","platt","rpart"
"pc4","classif.rpart_calib.perfold_platt",0.0664973555236385,"perfold","platt","rpart"
"pc4","classif.rpart_calib.perfold_platt",0.0720138428622363,"perfold","platt","rpart"
"pc4","classif.rpart_calib.perfold_isotonic",0.027279866633289,"perfold","isotonic","rpart"
"pc4","classif.rpart_calib.perfold_isotonic",0.0415355784740614,"perfold","isotonic","rpart"
"pc4","classif.rpart_calib.perfold_isotonic",0.0474044449684319,"perfold","isotonic","rpart"
"pc4","classif.rpart_calib.perfold_isotonic",0.0739817103917978,"perfold","isotonic","rpart"
"pc4","classif.rpart_calib.perfold_isotonic",0.0504685316900068,"perfold","isotonic","rpart"
"pc4","classif.rpart_calib.perfold_isotonic",0.0304559435988465,"perfold","isotonic","rpart"
"pc4","classif.rpart_calib.perfold_isotonic",0.0241060807751024,"perfold","isotonic","rpart"
"pc4","classif.rpart_calib.perfold_isotonic",0.0549943163232091,"perfold","isotonic","rpart"
"pc4","classif.rpart_calib.perfold_isotonic",0.0571353942096005,"perfold","isotonic","rpart"
"pc4","classif.rpart_calib.perfold_isotonic",0.0312884688657908,"perfold","isotonic","rpart"
"pc3","classif.naive_bayes",0.627346779682652,"none","none","naive_bayes"
"pc3","classif.naive_bayes",0.592740808793677,"none","none","naive_bayes"
"pc3","classif.naive_bayes",0.558353996193729,"none","none","naive_bayes"
"pc3","classif.naive_bayes",0.538037449434051,"none","none","naive_bayes"
"pc3","classif.naive_bayes",0.508724737934976,"none","none","naive_bayes"
"pc3","classif.naive_bayes",0.513291929237611,"none","none","naive_bayes"
"pc3","classif.naive_bayes",0.527445916283216,"none","none","naive_bayes"
"pc3","classif.naive_bayes",0.53153141928107,"none","none","naive_bayes"
"pc3","classif.naive_bayes",0.547115648839735,"none","none","naive_bayes"
"pc3","classif.naive_bayes",0.232708651587551,"none","none","naive_bayes"
"pc3","classif.naive_bayes_calib.oof_platt",0.079564136906523,"oof","platt","naive_bayes"
"pc3","classif.naive_bayes_calib.oof_platt",0.100278238660852,"oof","platt","naive_bayes"
"pc3","classif.naive_bayes_calib.oof_platt",0.0734239081515565,"oof","platt","naive_bayes"
"pc3","classif.naive_bayes_calib.oof_platt",0.083053115655388,"oof","platt","naive_bayes"
"pc3","classif.naive_bayes_calib.oof_platt",0.0683111435314514,"oof","platt","naive_bayes"
"pc3","classif.naive_bayes_calib.oof_platt",0.100457451383042,"oof","platt","naive_bayes"
"pc3","classif.naive_bayes_calib.oof_platt",0.0776667762498634,"oof","platt","naive_bayes"
"pc3","classif.naive_bayes_calib.oof_platt",0.0647599598935457,"oof","platt","naive_bayes"
"pc3","classif.naive_bayes_calib.oof_platt",0.065171839868751,"oof","platt","naive_bayes"
"pc3","classif.naive_bayes_calib.oof_platt",0.0366880386335842,"oof","platt","naive_bayes"
"pc3","classif.naive_bayes_calib.oof_beta",0.0670521596928701,"oof","beta","naive_bayes"
"pc3","classif.naive_bayes_calib.oof_beta",0.0584445527793736,"oof","beta","naive_bayes"
"pc3","classif.naive_bayes_calib.oof_beta",0.0697361400437272,"oof","beta","naive_bayes"
"pc3","classif.naive_bayes_calib.oof_beta",0.0572926250703655,"oof","beta","naive_bayes"
"pc3","classif.naive_bayes_calib.oof_beta",0.0676132967971671,"oof","beta","naive_bayes"
"pc3","classif.naive_bayes_calib.oof_beta",0.0641173774320395,"oof","beta","naive_bayes"
"pc3","classif.naive_bayes_calib.oof_beta",0.0605351895474985,"oof","beta","naive_bayes"
"pc3","classif.naive_bayes_calib.oof_beta",0.0655967616147018,"oof","beta","naive_bayes"
"pc3","classif.naive_bayes_calib.oof_beta",0.0621052195351627,"oof","beta","naive_bayes"
"pc3","classif.naive_bayes_calib.oof_beta",0.0491175730577358,"oof","beta","naive_bayes"
"pc3","classif.naive_bayes_calib.oof_isotonic",0.0792916187776467,"oof","isotonic","naive_bayes"
"pc3","classif.naive_bayes_calib.oof_isotonic",0.0760087471695015,"oof","isotonic","naive_bayes"
"pc3","classif.naive_bayes_calib.oof_isotonic",0.09603213725933,"oof","isotonic","naive_bayes"
"pc3","classif.naive_bayes_calib.oof_isotonic",0.0620729636427311,"oof","isotonic","naive_bayes"
"pc3","classif.naive_bayes_calib.oof_isotonic",0.0954797277453819,"oof","isotonic","naive_bayes"
"pc3","classif.naive_bayes_calib.oof_isotonic",0.0431029907675434,"oof","isotonic","naive_bayes"
"pc3","classif.naive_bayes_calib.oof_isotonic",0.0969926111700109,"oof","isotonic","naive_bayes"
"pc3","classif.naive_bayes_calib.oof_isotonic",0.0788788584287374,"oof","isotonic","naive_bayes"
"pc3","classif.naive_bayes_calib.oof_isotonic",0.0935205641115859,"oof","isotonic","naive_bayes"
"pc3","classif.naive_bayes_calib.oof_isotonic",0.073554595911019,"oof","isotonic","naive_bayes"
"pc3","classif.naive_bayes_calib.perfold_platt",0.0738499556178599,"perfold","platt","naive_bayes"
"pc3","classif.naive_bayes_calib.perfold_platt",0.0820606283597146,"perfold","platt","naive_bayes"
"pc3","classif.naive_bayes_calib.perfold_platt",0.071622375880217,"perfold","platt","naive_bayes"
"pc3","classif.naive_bayes_calib.perfold_platt",0.0776492674493994,"perfold","platt","naive_bayes"
"pc3","classif.naive_bayes_calib.perfold_platt",0.0724363920396881,"perfold","platt","naive_bayes"
"pc3","classif.naive_bayes_calib.perfold_platt",0.107978998565907,"perfold","platt","naive_bayes"
"pc3","classif.naive_bayes_calib.perfold_platt",0.0670784022888127,"perfold","platt","naive_bayes"
"pc3","classif.naive_bayes_calib.perfold_platt",0.0727955169949096,"perfold","platt","naive_bayes"
"pc3","classif.naive_bayes_calib.perfold_platt",0.0530252947650785,"perfold","platt","naive_bayes"
"pc3","classif.naive_bayes_calib.perfold_platt",0.0594745557356958,"perfold","platt","naive_bayes"
"pc3","classif.naive_bayes_calib.perfold_beta",0.0622099362732522,"perfold","beta","naive_bayes"
"pc3","classif.naive_bayes_calib.perfold_beta",0.0537843860724854,"perfold","beta","naive_bayes"
"pc3","classif.naive_bayes_calib.perfold_beta",0.0534697203502107,"perfold","beta","naive_bayes"
"pc3","classif.naive_bayes_calib.perfold_beta",0.0670197114870985,"perfold","beta","naive_bayes"
"pc3","classif.naive_bayes_calib.perfold_beta",0.0562611886491509,"perfold","beta","naive_bayes"
"pc3","classif.naive_bayes_calib.perfold_beta",0.103254230765328,"perfold","beta","naive_bayes"
"pc3","classif.naive_bayes_calib.perfold_beta",0.0621616683333333,"perfold","beta","naive_bayes"
"pc3","classif.naive_bayes_calib.perfold_beta",0.0852272844044878,"perfold","beta","naive_bayes"
"pc3","classif.naive_bayes_calib.perfold_beta",0.0623658305247792,"perfold","beta","naive_bayes"
"pc3","classif.naive_bayes_calib.perfold_beta",0.0916966760313668,"perfold","beta","naive_bayes"
"pc3","classif.naive_bayes_calib.perfold_isotonic",0.0689434398747667,"perfold","isotonic","naive_bayes"
"pc3","classif.naive_bayes_calib.perfold_isotonic",0.0423679916296169,"perfold","isotonic","naive_bayes"
"pc3","classif.naive_bayes_calib.perfold_isotonic",0.0614493745903495,"perfold","isotonic","naive_bayes"
"pc3","classif.naive_bayes_calib.perfold_isotonic",0.0644622154263131,"perfold","isotonic","naive_bayes"
"pc3","classif.naive_bayes_calib.perfold_isotonic",0.0512967772687838,"perfold","isotonic","naive_bayes"
"pc3","classif.naive_bayes_calib.perfold_isotonic",0.0763012665224306,"perfold","isotonic","naive_bayes"
"pc3","classif.naive_bayes_calib.perfold_isotonic",0.0718928181584747,"perfold","isotonic","naive_bayes"
"pc3","classif.naive_bayes_calib.perfold_isotonic",0.0518881060732118,"perfold","isotonic","naive_bayes"
"pc3","classif.naive_bayes_calib.perfold_isotonic",0.052538681141803,"perfold","isotonic","naive_bayes"
"pc3","classif.naive_bayes_calib.perfold_isotonic",0.0751218841189993,"perfold","isotonic","naive_bayes"
"pc3","classif.ranger",0.0720319482357699,"none","none","ranger"
"pc3","classif.ranger",0.0514569184106764,"none","none","ranger"
"pc3","classif.ranger",0.0357221607833072,"none","none","ranger"
"pc3","classif.ranger",0.0414148809523809,"none","none","ranger"
"pc3","classif.ranger",0.0670187271062271,"none","none","ranger"
"pc3","classif.ranger",0.0333451257076257,"none","none","ranger"
"pc3","classif.ranger",0.0316257126412784,"none","none","ranger"
"pc3","classif.ranger",0.0481105181855182,"none","none","ranger"
"pc3","classif.ranger",0.0272683906905061,"none","none","ranger"
"pc3","classif.ranger",0.0443345154974025,"none","none","ranger"
"pc3","classif.ranger_calib.oof_platt",0.0815313034153716,"oof","platt","ranger"
"pc3","classif.ranger_calib.oof_platt",0.048487075601932,"oof","platt","ranger"
"pc3","classif.ranger_calib.oof_platt",0.0408070848852354,"oof","platt","ranger"
"pc3","classif.ranger_calib.oof_platt",0.0526234817200708,"oof","platt","ranger"
"pc3","classif.ranger_calib.oof_platt",0.0621744209344462,"oof","platt","ranger"
"pc3","classif.ranger_calib.oof_platt",0.0411141107391532,"oof","platt","ranger"
"pc3","classif.ranger_calib.oof_platt",0.0484890511511871,"oof","platt","ranger"
"pc3","classif.ranger_calib.oof_platt",0.0628299898279104,"oof","platt","ranger"
"pc3","classif.ranger_calib.oof_platt",0.0417339620386565,"oof","platt","ranger"
"pc3","classif.ranger_calib.oof_platt",0.0590563277068159,"oof","platt","ranger"
"pc3","classif.ranger_calib.oof_beta",0.0742569112404943,"oof","beta","ranger"
"pc3","classif.ranger_calib.oof_beta",0.0618902527429784,"oof","beta","ranger"
"pc3","classif.ranger_calib.oof_beta",0.0632604210138969,"oof","beta","ranger"
"pc3","classif.ranger_calib.oof_beta",0.0527899005743755,"oof","beta","ranger"
"pc3","classif.ranger_calib.oof_beta",0.0704840619906405,"oof","beta","ranger"
"pc3","classif.ranger_calib.oof_beta",0.0282913258240319,"oof","beta","ranger"
"pc3","classif.ranger_calib.oof_beta",0.0325691082301587,"oof","beta","ranger"
"pc3","classif.ranger_calib.oof_beta",0.0596501689830364,"oof","beta","ranger"
"pc3","classif.ranger_calib.oof_beta",0.0464838503635228,"oof","beta","ranger"
"pc3","classif.ranger_calib.oof_beta",0.0501055094395254,"oof","beta","ranger"
"pc3","classif.ranger_calib.oof_isotonic",0.0643488148962033,"oof","isotonic","ranger"
"pc3","classif.ranger_calib.oof_isotonic",0.0368589906914817,"oof","isotonic","ranger"
"pc3","classif.ranger_calib.oof_isotonic",0.0245058767469001,"oof","isotonic","ranger"
"pc3","classif.ranger_calib.oof_isotonic",0.0467515660204372,"oof","isotonic","ranger"
"pc3","classif.ranger_calib.oof_isotonic",0.0546298480644324,"oof","isotonic","ranger"
"pc3","classif.ranger_calib.oof_isotonic",0.0340598669898255,"oof","isotonic","ranger"
"pc3","classif.ranger_calib.oof_isotonic",0.0443568765422503,"oof","isotonic","ranger"
"pc3","classif.ranger_calib.oof_isotonic",0.0727718097511335,"oof","isotonic","ranger"
"pc3","classif.ranger_calib.oof_isotonic",0.0636768779547137,"oof","isotonic","ranger"
"pc3","classif.ranger_calib.oof_isotonic",0.0636727354144597,"oof","isotonic","ranger"
"pc3","classif.ranger_calib.perfold_platt",0.0845819635641758,"perfold","platt","ranger"
"pc3","classif.ranger_calib.perfold_platt",0.0420003780119096,"perfold","platt","ranger"
"pc3","classif.ranger_calib.perfold_platt",0.0319995580905408,"perfold","platt","ranger"
"pc3","classif.ranger_calib.perfold_platt",0.0431149964615848,"perfold","platt","ranger"
"pc3","classif.ranger_calib.perfold_platt",0.0569529961162229,"perfold","platt","ranger"
"pc3","classif.ranger_calib.perfold_platt",0.0547515835741729,"perfold","platt","ranger"
"pc3","classif.ranger_calib.perfold_platt",0.0456337398893537,"perfold","platt","ranger"
"pc3","classif.ranger_calib.perfold_platt",0.0619719565698777,"perfold","platt","ranger"
"pc3","classif.ranger_calib.perfold_platt",0.0385659943401658,"perfold","platt","ranger"
"pc3","classif.ranger_calib.perfold_platt",0.0550702070874239,"perfold","platt","ranger"
"pc3","classif.ranger_calib.perfold_beta",0.0733941942757875,"perfold","beta","ranger"
"pc3","classif.ranger_calib.perfold_beta",0.0589757914860075,"perfold","beta","ranger"
"pc3","classif.ranger_calib.perfold_beta",0.053193454733068,"perfold","beta","ranger"
"pc3","classif.ranger_calib.perfold_beta",0.0557902094975271,"perfold","beta","ranger"
"pc3","classif.ranger_calib.perfold_beta",0.0644565488541642,"perfold","beta","ranger"
"pc3","classif.ranger_calib.perfold_beta",0.046631663649113,"perfold","beta","ranger"
"pc3","classif.ranger_calib.perfold_beta",0.0638733299879871,"perfold","beta","ranger"
"pc3","classif.ranger_calib.perfold_beta",0.0505965133827885,"perfold","beta","ranger"
"pc3","classif.ranger_calib.perfold_beta",0.0388629930726015,"perfold","beta","ranger"
"pc3","classif.ranger_calib.perfold_beta",0.0343731075818758,"perfold","beta","ranger"
"pc3","classif.ranger_calib.perfold_isotonic",0.0780397835668958,"perfold","isotonic","ranger"
"pc3","classif.ranger_calib.perfold_isotonic",0.0341159212153953,"perfold","isotonic","ranger"
"pc3","classif.ranger_calib.perfold_isotonic",0.0375548771672774,"perfold","isotonic","ranger"
"pc3","classif.ranger_calib.perfold_isotonic",0.0433536167528663,"perfold","isotonic","ranger"
"pc3","classif.ranger_calib.perfold_isotonic",0.0485593314721874,"perfold","isotonic","ranger"
"pc3","classif.ranger_calib.perfold_isotonic",0.0259785019860568,"perfold","isotonic","ranger"
"pc3","classif.ranger_calib.perfold_isotonic",0.0293528161506525,"perfold","isotonic","ranger"
"pc3","classif.ranger_calib.perfold_isotonic",0.0580529812339602,"perfold","isotonic","ranger"
"pc3","classif.ranger_calib.perfold_isotonic",0.029635493067007,"perfold","isotonic","ranger"
"pc3","classif.ranger_calib.perfold_isotonic",0.0697190638352016,"perfold","isotonic","ranger"
"pc3","classif.rpart",0.146785401097805,"none","none","rpart"
"pc3","classif.rpart",0.138356046974242,"none","none","rpart"
"pc3","classif.rpart",0.11045164133305,"none","none","rpart"
"pc3","classif.rpart",0.100843415708798,"none","none","rpart"
"pc3","classif.rpart",0.0953925646457868,"none","none","rpart"
"pc3","classif.rpart",0.0788630155214853,"none","none","rpart"
"pc3","classif.rpart",0.132609850171479,"none","none","rpart"
"pc3","classif.rpart",0.115726771737963,"none","none","rpart"
"pc3","classif.rpart",0.117832856909371,"none","none","rpart"
"pc3","classif.rpart",0.172407194795255,"none","none","rpart"
"pc3","classif.rpart_calib.oof_platt",0.0992575395515138,"oof","platt","rpart"
"pc3","classif.rpart_calib.oof_platt",0.0933692964617251,"oof","platt","rpart"
"pc3","classif.rpart_calib.oof_platt",0.0864689619807189,"oof","platt","rpart"
"pc3","classif.rpart_calib.oof_platt",0.128329853452141,"oof","platt","rpart"
"pc3","classif.rpart_calib.oof_platt",0.104466407298766,"oof","platt","rpart"
"pc3","classif.rpart_calib.oof_platt",0.120083786634473,"oof","platt","rpart"
"pc3","classif.rpart_calib.oof_platt",0.102774155029115,"oof","platt","rpart"
"pc3","classif.rpart_calib.oof_platt",0.119107764626855,"oof","platt","rpart"
"pc3","classif.rpart_calib.oof_platt",0.100098425832028,"oof","platt","rpart"
"pc3","classif.rpart_calib.oof_platt",0.103473722638976,"oof","platt","rpart"
"pc3","classif.rpart_calib.oof_beta",0.120956841407485,"oof","beta","rpart"
"pc3","classif.rpart_calib.oof_beta",0.0879243141680973,"oof","beta","rpart"
"pc3","classif.rpart_calib.oof_beta",0.101910828025478,"oof","beta","rpart"
"pc3","classif.rpart_calib.oof_beta",0.102564102564103,"oof","beta","rpart"
"pc3","classif.rpart_calib.oof_beta",0.198430045814566,"oof","beta","rpart"
"pc3","classif.rpart_calib.oof_beta",0.141064569262414,"oof","beta","rpart"
"pc3","classif.rpart_calib.oof_beta",0.0933042581076307,"oof","beta","rpart"
"pc3","classif.rpart_calib.oof_beta",0.144128820159215,"oof","beta","rpart"
"pc3","classif.rpart_calib.oof_beta",0.12916445347472,"oof","beta","rpart"
"pc3","classif.rpart_calib.oof_beta",0.108538433824551,"oof","beta","rpart"
"pc3","classif.rpart_calib.oof_isotonic",0.112384074677016,"oof","isotonic","rpart"
"pc3","classif.rpart_calib.oof_isotonic",0.0741656358801397,"oof","isotonic","rpart"
"pc3","classif.rpart_calib.oof_isotonic",0.11185201294854,"oof","isotonic","rpart"
"pc3","classif.rpart_calib.oof_isotonic",0.115165290326118,"oof","isotonic","rpart"
"pc3","classif.rpart_calib.oof_isotonic",0.0752785792060667,"oof","isotonic","rpart"
"pc3","classif.rpart_calib.oof_isotonic",0.13114770041944,"oof","isotonic","rpart"
"pc3","classif.rpart_calib.oof_isotonic",0.0916832004950726,"oof","isotonic","rpart"
"pc3","classif.rpart_calib.oof_isotonic",0.119546587111167,"oof","isotonic","rpart"
"pc3","classif.rpart_calib.oof_isotonic",0.0874789272107499,"oof","isotonic","rpart"
"pc3","classif.rpart_calib.oof_isotonic",0.0842913364537922,"oof","isotonic","rpart"
"pc3","classif.rpart_calib.perfold_platt",0.118062774377746,"perfold","platt","rpart"
"pc3","classif.rpart_calib.perfold_platt",0.0929364438116929,"perfold","platt","rpart"
"pc3","classif.rpart_calib.perfold_platt",0.099190242916467,"perfold","platt","rpart"
"pc3","classif.rpart_calib.perfold_platt",0.0958279896399366,"perfold","platt","rpart"
"pc3","classif.rpart_calib.perfold_platt",0.115722140241716,"perfold","platt","rpart"
"pc3","classif.rpart_calib.perfold_platt",0.105524033547882,"perfold","platt","rpart"
"pc3","classif.rpart_calib.perfold_platt",0.0929337487315979,"perfold","platt","rpart"
"pc3","classif.rpart_calib.perfold_platt",0.0980494337546149,"perfold","platt","rpart"
"pc3","classif.rpart_calib.perfold_platt",0.106364725686846,"perfold","platt","rpart"
"pc3","classif.rpart_calib.perfold_platt",0.0770376880173551,"perfold","platt","rpart"
"pc3","classif.rpart_calib.perfold_isotonic",0.0820254253366392,"perfold","isotonic","rpart"
"pc3","classif.rpart_calib.perfold_isotonic",0.0699543469842967,"perfold","isotonic","rpart"
"pc3","classif.rpart_calib.perfold_isotonic",0.0481593307604141,"perfold","isotonic","rpart"
"pc3","classif.rpart_calib.perfold_isotonic",0.0726174137562178,"perfold","isotonic","rpart"
"pc3","classif.rpart_calib.perfold_isotonic",0.0768896976168034,"perfold","isotonic","rpart"
"pc3","classif.rpart_calib.perfold_isotonic",0.0958305868173717,"perfold","isotonic","rpart"
"pc3","classif.rpart_calib.perfold_isotonic",0.115747975447146,"perfold","isotonic","rpart"
"pc3","classif.rpart_calib.perfold_isotonic",0.0915770811972325,"perfold","isotonic","rpart"
"pc3","classif.rpart_calib.perfold_isotonic",0.0851296243719276,"perfold","isotonic","rpart"
"pc3","classif.rpart_calib.perfold_isotonic",0.0732871125723679,"perfold","isotonic","rpart"
"kc1","classif.naive_bayes",0.159338869474063,"none","none","naive_bayes"
"kc1","classif.naive_bayes",0.149373836734956,"none","none","naive_bayes"
"kc1","classif.naive_bayes",0.122184807098165,"none","none","naive_bayes"
"kc1","classif.naive_bayes",0.123017177430086,"none","none","naive_bayes"
"kc1","classif.naive_bayes",0.169372952219694,"none","none","naive_bayes"
"kc1","classif.naive_bayes",0.146652888286126,"none","none","naive_bayes"
"kc1","classif.naive_bayes",0.16124515698842,"none","none","naive_bayes"
"kc1","classif.naive_bayes",0.129573549496987,"none","none","naive_bayes"
"kc1","classif.naive_bayes",0.135043249090619,"none","none","naive_bayes"
"kc1","classif.naive_bayes",0.174368600345797,"none","none","naive_bayes"
"kc1","classif.naive_bayes_calib.oof_platt",0.0900488069374471,"oof","platt","naive_bayes"
"kc1","classif.naive_bayes_calib.oof_platt",0.0787049228021492,"oof","platt","naive_bayes"
"kc1","classif.naive_bayes_calib.oof_platt",0.0988049315430072,"oof","platt","naive_bayes"
"kc1","classif.naive_bayes_calib.oof_platt",0.098575848918385,"oof","platt","naive_bayes"
"kc1","classif.naive_bayes_calib.oof_platt",0.0647927988939181,"oof","platt","naive_bayes"
"kc1","classif.naive_bayes_calib.oof_platt",0.0822755826797268,"oof","platt","naive_bayes"
"kc1","classif.naive_bayes_calib.oof_platt",0.0652683580275401,"oof","platt","naive_bayes"
"kc1","classif.naive_bayes_calib.oof_platt",0.0942038998643334,"oof","platt","naive_bayes"
"kc1","classif.naive_bayes_calib.oof_platt",0.0812203741374064,"oof","platt","naive_bayes"
"kc1","classif.naive_bayes_calib.oof_platt",0.0878675677449408,"oof","platt","naive_bayes"
"kc1","classif.naive_bayes_calib.oof_beta",0.0795903821638504,"oof","beta","naive_bayes"
"kc1","classif.naive_bayes_calib.oof_beta",0.0847300418282595,"oof","beta","naive_bayes"
"kc1","classif.naive_bayes_calib.oof_beta",0.0616268078156027,"oof","beta","naive_bayes"
"kc1","classif.naive_bayes_calib.oof_beta",0.0703476443203115,"oof","beta","naive_bayes"
"kc1","classif.naive_bayes_calib.oof_beta",0.0618206998881534,"oof","beta","naive_bayes"
"kc1","classif.naive_bayes_calib.oof_beta",0.0431190212657276,"oof","beta","naive_bayes"
"kc1","classif.naive_bayes_calib.oof_beta",0.0533850646620361,"oof","beta","naive_bayes"
"kc1","classif.naive_bayes_calib.oof_beta",0.0992091310031238,"oof","beta","naive_bayes"
"kc1","classif.naive_bayes_calib.oof_beta",0.080845957678302,"oof","beta","naive_bayes"
"kc1","classif.naive_bayes_calib.oof_beta",0.0862331833877688,"oof","beta","naive_bayes"
"kc1","classif.naive_bayes_calib.oof_isotonic",0.0859776354178564,"oof","isotonic","naive_bayes"
"kc1","classif.naive_bayes_calib.oof_isotonic",0.0758202924602582,"oof","isotonic","naive_bayes"
"kc1","classif.naive_bayes_calib.oof_isotonic",0.0937709404751958,"oof","isotonic","naive_bayes"
"kc1","classif.naive_bayes_calib.oof_isotonic",0.0707926412470418,"oof","isotonic","naive_bayes"
"kc1","classif.naive_bayes_calib.oof_isotonic",0.0678401337076075,"oof","isotonic","naive_bayes"
"kc1","classif.naive_bayes_calib.oof_isotonic",0.0424951240857995,"oof","isotonic","naive_bayes"
"kc1","classif.naive_bayes_calib.oof_isotonic",0.08332766583537,"oof","isotonic","naive_bayes"
"kc1","classif.naive_bayes_calib.oof_isotonic",0.0492368493686337,"oof","isotonic","naive_bayes"
"kc1","classif.naive_bayes_calib.oof_isotonic",0.0477995169328723,"oof","isotonic","naive_bayes"
"kc1","classif.naive_bayes_calib.oof_isotonic",0.0699567818119502,"oof","isotonic","naive_bayes"
"kc1","classif.naive_bayes_calib.perfold_platt",0.0896740328498704,"perfold","platt","naive_bayes"
"kc1","classif.naive_bayes_calib.perfold_platt",0.0733632494436348,"perfold","platt","naive_bayes"
"kc1","classif.naive_bayes_calib.perfold_platt",0.0991667720462668,"perfold","platt","naive_bayes"
"kc1","classif.naive_bayes_calib.perfold_platt",0.0959841563731965,"perfold","platt","naive_bayes"
"kc1","classif.naive_bayes_calib.perfold_platt",0.058056091560069,"perfold","platt","naive_bayes"
"kc1","classif.naive_bayes_calib.perfold_platt",0.0826498396114313,"perfold","platt","naive_bayes"
"kc1","classif.naive_bayes_calib.perfold_platt",0.0604720895912917,"perfold","platt","naive_bayes"
"kc1","classif.naive_bayes_calib.perfold_platt",0.0964510934231772,"perfold","platt","naive_bayes"
"kc1","classif.naive_bayes_calib.perfold_platt",0.0847761365951355,"perfold","platt","naive_bayes"
"kc1","classif.naive_bayes_calib.perfold_platt",0.0773652542036627,"perfold","platt","naive_bayes"
"kc1","classif.naive_bayes_calib.perfold_beta",0.084806043631551,"perfold","beta","naive_bayes"
"kc1","classif.naive_bayes_calib.perfold_beta",0.0580312989722072,"perfold","beta","naive_bayes"
"kc1","classif.naive_bayes_calib.perfold_beta",0.0585728259990686,"perfold","beta","naive_bayes"
"kc1","classif.naive_bayes_calib.perfold_beta",0.0698702627963505,"perfold","beta","naive_bayes"
"kc1","classif.naive_bayes_calib.perfold_beta",0.0608302600707534,"perfold","beta","naive_bayes"
"kc1","classif.naive_bayes_calib.perfold_beta",0.0391656782845386,"perfold","beta","naive_bayes"
"kc1","classif.naive_bayes_calib.perfold_beta",0.0547155704473333,"perfold","beta","naive_bayes"
"kc1","classif.naive_bayes_calib.perfold_beta",0.052815769938012,"perfold","beta","naive_bayes"
"kc1","classif.naive_bayes_calib.perfold_beta",0.0538971837101574,"perfold","beta","naive_bayes"
"kc1","classif.naive_bayes_calib.perfold_beta",0.0728304288507669,"perfold","beta","naive_bayes"
"kc1","classif.naive_bayes_calib.perfold_isotonic",0.0685939038879245,"perfold","isotonic","naive_bayes"
"kc1","classif.naive_bayes_calib.perfold_isotonic",0.0441598082163108,"perfold","isotonic","naive_bayes"
"kc1","classif.naive_bayes_calib.perfold_isotonic",0.0601669583548753,"perfold","isotonic","naive_bayes"
"kc1","classif.naive_bayes_calib.perfold_isotonic",0.0677666101125724,"perfold","isotonic","naive_bayes"
"kc1","classif.naive_bayes_calib.perfold_isotonic",0.0634161282259718,"perfold","isotonic","naive_bayes"
"kc1","classif.naive_bayes_calib.perfold_isotonic",0.0476896593485261,"perfold","isotonic","naive_bayes"
"kc1","classif.naive_bayes_calib.perfold_isotonic",0.0363324074189063,"perfold","isotonic","naive_bayes"
"kc1","classif.naive_bayes_calib.perfold_isotonic",0.0574335417048328,"perfold","isotonic","naive_bayes"
"kc1","classif.naive_bayes_calib.perfold_isotonic",0.0635057646388098,"perfold","isotonic","naive_bayes"
"kc1","classif.naive_bayes_calib.perfold_isotonic",0.0656598229094745,"perfold","isotonic","naive_bayes"
"kc1","classif.ranger",0.0439173430648563,"none","none","ranger"
"kc1","classif.ranger",0.04610331623153,"none","none","ranger"
"kc1","classif.ranger",0.0612425200922702,"none","none","ranger"
"kc1","classif.ranger",0.0369911914594734,"none","none","ranger"
"kc1","classif.ranger",0.0601996981882146,"none","none","ranger"
"kc1","classif.ranger",0.051010263129355,"none","none","ranger"
"kc1","classif.ranger",0.054768759114086,"none","none","ranger"
"kc1","classif.ranger",0.031406616897761,"none","none","ranger"
"kc1","classif.ranger",0.0438247381000691,"none","none","ranger"
"kc1","classif.ranger",0.0540967286057593,"none","none","ranger"
"kc1","classif.ranger_calib.oof_platt",0.0390862403118833,"oof","platt","ranger"
"kc1","classif.ranger_calib.oof_platt",0.0548954372614359,"oof","platt","ranger"
"kc1","classif.ranger_calib.oof_platt",0.0674576060946933,"oof","platt","ranger"
"kc1","classif.ranger_calib.oof_platt",0.0465272908943506,"oof","platt","ranger"
"kc1","classif.ranger_calib.oof_platt",0.0367859654955189,"oof","platt","ranger"
"kc1","classif.ranger_calib.oof_platt",0.0602144522957637,"oof","platt","ranger"
"kc1","classif.ranger_calib.oof_platt",0.0761324119006444,"oof","platt","ranger"
"kc1","classif.ranger_calib.oof_platt",0.0435162873359179,"oof","platt","ranger"
"kc1","classif.ranger_calib.oof_platt",0.0498875877268002,"oof","platt","ranger"
"kc1","classif.ranger_calib.oof_platt",0.069109267153959,"oof","platt","ranger"
"kc1","classif.ranger_calib.oof_beta",0.0416211059754361,"oof","beta","ranger"
"kc1","classif.ranger_calib.oof_beta",0.0639405649522648,"oof","beta","ranger"
"kc1","classif.ranger_calib.oof_beta",0.0607546122160663,"oof","beta","ranger"
"kc1","classif.ranger_calib.oof_beta",0.0426821549391908,"oof","beta","ranger"
"kc1","classif.ranger_calib.oof_beta",0.045736207567847,"oof","beta","ranger"
"kc1","classif.ranger_calib.oof_beta",0.0543573805804465,"oof","beta","ranger"
"kc1","classif.ranger_calib.oof_beta",0.0791470916674018,"oof","beta","ranger"
"kc1","classif.ranger_calib.oof_beta",0.0441532469163731,"oof","beta","ranger"
"kc1","classif.ranger_calib.oof_beta",0.0475915638092691,"oof","beta","ranger"
"kc1","classif.ranger_calib.oof_beta",0.0449831540728152,"oof","beta","ranger"
"kc1","classif.ranger_calib.oof_isotonic",0.0655531773023245,"oof","isotonic","ranger"
"kc1","classif.ranger_calib.oof_isotonic",0.0565077714980675,"oof","isotonic","ranger"
"kc1","classif.ranger_calib.oof_isotonic",0.0856304963441212,"oof","isotonic","ranger"
"kc1","classif.ranger_calib.oof_isotonic",0.0656731860419832,"oof","isotonic","ranger"
"kc1","classif.ranger_calib.oof_isotonic",0.0527440339066731,"oof","isotonic","ranger"
"kc1","classif.ranger_calib.oof_isotonic",0.0694421261568118,"oof","isotonic","ranger"
"kc1","classif.ranger_calib.oof_isotonic",0.0530419464501501,"oof","isotonic","ranger"
"kc1","classif.ranger_calib.oof_isotonic",0.0479007831885332,"oof","isotonic","ranger"
"kc1","classif.ranger_calib.oof_isotonic",0.0436040635383025,"oof","isotonic","ranger"
"kc1","classif.ranger_calib.oof_isotonic",0.0829613879085469,"oof","isotonic","ranger"
"kc1","classif.ranger_calib.perfold_platt",0.0398469585485674,"perfold","platt","ranger"
"kc1","classif.ranger_calib.perfold_platt",0.0343769650562605,"perfold","platt","ranger"
"kc1","classif.ranger_calib.perfold_platt",0.0625732519180108,"perfold","platt","ranger"
"kc1","classif.ranger_calib.perfold_platt",0.042734093004928,"perfold","platt","ranger"
"kc1","classif.ranger_calib.perfold_platt",0.0332439432154502,"perfold","platt","ranger"
"kc1","classif.ranger_calib.perfold_platt",0.070992328928519,"perfold","platt","ranger"
"kc1","classif.ranger_calib.perfold_platt",0.057483654860439,"perfold","platt","ranger"
"kc1","classif.ranger_calib.perfold_platt",0.0562030159605988,"perfold","platt","ranger"
"kc1","classif.ranger_calib.perfold_platt",0.0397528762380197,"perfold","platt","ranger"
"kc1","classif.ranger_calib.perfold_platt",0.0620142355104525,"perfold","platt","ranger"
"kc1","classif.ranger_calib.perfold_beta",0.032359070806924,"perfold","beta","ranger"
"kc1","classif.ranger_calib.perfold_beta",0.0696944622288808,"perfold","beta","ranger"
"kc1","classif.ranger_calib.perfold_beta",0.0496763049324553,"perfold","beta","ranger"
"kc1","classif.ranger_calib.perfold_beta",0.0495080396971695,"perfold","beta","ranger"
"kc1","classif.ranger_calib.perfold_beta",0.0411524225918049,"perfold","beta","ranger"
"kc1","classif.ranger_calib.perfold_beta",0.0432946298258108,"perfold","beta","ranger"
"kc1","classif.ranger_calib.perfold_beta",0.0744444090347445,"perfold","beta","ranger"
"kc1","classif.ranger_calib.perfold_beta",0.0419421016185646,"perfold","beta","ranger"
"kc1","classif.ranger_calib.perfold_beta",0.0482678386706605,"perfold","beta","ranger"
"kc1","classif.ranger_calib.perfold_beta",0.0469138837463945,"perfold","beta","ranger"
"kc1","classif.ranger_calib.perfold_isotonic",0.0464911435324821,"perfold","isotonic","ranger"
"kc1","classif.ranger_calib.perfold_isotonic",0.053777549504456,"perfold","isotonic","ranger"
"kc1","classif.ranger_calib.perfold_isotonic",0.0548077387544818,"perfold","isotonic","ranger"
"kc1","classif.ranger_calib.perfold_isotonic",0.0532919726270874,"perfold","isotonic","ranger"
"kc1","classif.ranger_calib.perfold_isotonic",0.0510298471577463,"perfold","isotonic","ranger"
"kc1","classif.ranger_calib.perfold_isotonic",0.049327063814316,"perfold","isotonic","ranger"
"kc1","classif.ranger_calib.perfold_isotonic",0.0499214168733137,"perfold","isotonic","ranger"
"kc1","classif.ranger_calib.perfold_isotonic",0.0340947911069873,"perfold","isotonic","ranger"
"kc1","classif.ranger_calib.perfold_isotonic",0.0438257559846366,"perfold","isotonic","ranger"
"kc1","classif.ranger_calib.perfold_isotonic",0.0593642541970009,"perfold","isotonic","ranger"
"kc1","classif.rpart",0.133983623474134,"none","none","rpart"
"kc1","classif.rpart",0.146590618104768,"none","none","rpart"
"kc1","classif.rpart",0.170835280212173,"none","none","rpart"
"kc1","classif.rpart",0.147064738865138,"none","none","rpart"
"kc1","classif.rpart",0.160602229235479,"none","none","rpart"
"kc1","classif.rpart",0.135708099221157,"none","none","rpart"
"kc1","classif.rpart",0.177134756336263,"none","none","rpart"
"kc1","classif.rpart",0.148575312326188,"none","none","rpart"
"kc1","classif.rpart",0.117855596598677,"none","none","rpart"
"kc1","classif.rpart",0.153881613432995,"none","none","rpart"
"kc1","classif.rpart_calib.oof_platt",0.155078181219798,"oof","platt","rpart"
"kc1","classif.rpart_calib.oof_platt",0.124936409890188,"oof","platt","rpart"
"kc1","classif.rpart_calib.oof_platt",0.147864962337235,"oof","platt","rpart"
"kc1","classif.rpart_calib.oof_platt",0.141394066777281,"oof","platt","rpart"
"kc1","classif.rpart_calib.oof_platt",0.130928227738939,"oof","platt","rpart"
"kc1","classif.rpart_calib.oof_platt",0.0694608830891549,"oof","platt","rpart"
"kc1","classif.rpart_calib.oof_platt",0.113989791669632,"oof","platt","rpart"
"kc1","classif.rpart_calib.oof_platt",0.164061917454356,"oof","platt","rpart"
"kc1","classif.rpart_calib.oof_platt",0.113905623104166,"oof","platt","rpart"
"kc1","classif.rpart_calib.oof_platt",0.13634825477938,"oof","platt","rpart"
"kc1","classif.rpart_calib.oof_beta",0.186490703663389,"oof","beta","rpart"
"kc1","classif.rpart_calib.oof_beta",0.153797359159624,"oof","beta","rpart"
"kc1","classif.rpart_calib.oof_beta",0.16293080538278,"oof","beta","rpart"
"kc1","classif.rpart_calib.oof_beta",0.145659683952072,"oof","beta","rpart"
"kc1","classif.rpart_calib.oof_beta",0.172057469927786,"oof","beta","rpart"
"kc1","classif.rpart_calib.oof_beta",0.0629649727760016,"oof","beta","rpart"
"kc1","classif.rpart_calib.oof_beta",0.17154553362816,"oof","beta","rpart"
"kc1","classif.rpart_calib.oof_beta",0.0934662887701777,"oof","beta","rpart"
"kc1","classif.rpart_calib.oof_beta",0.0879303878946692,"oof","beta","rpart"
"kc1","classif.rpart_calib.oof_beta",0.147341659853451,"oof","beta","rpart"
"kc1","classif.rpart_calib.oof_isotonic",0.148811957255267,"oof","isotonic","rpart"
"kc1","classif.rpart_calib.oof_isotonic",0.136365332133838,"oof","isotonic","rpart"
"kc1","classif.rpart_calib.oof_isotonic",0.167346127370445,"oof","isotonic","rpart"
"kc1","classif.rpart_calib.oof_isotonic",0.129830444595511,"oof","isotonic","rpart"
"kc1","classif.rpart_calib.oof_isotonic",0.128075645219857,"oof","isotonic","rpart"
"kc1","classif.rpart_calib.oof_isotonic",0.164450749816048,"oof","isotonic","rpart"
"kc1","classif.rpart_calib.oof_isotonic",0.17864817034679,"oof","isotonic","rpart"
"kc1","classif.rpart_calib.oof_isotonic",0.158429186177605,"oof","isotonic","rpart"
"kc1","classif.rpart_calib.oof_isotonic",0.0908849036409021,"oof","isotonic","rpart"
"kc1","classif.rpart_calib.oof_isotonic",0.16242859893999,"oof","isotonic","rpart"
"kc1","classif.rpart_calib.perfold_platt",0.14345867151168,"perfold","platt","rpart"
"kc1","classif.rpart_calib.perfold_platt",0.156119219940226,"perfold","platt","rpart"
"kc1","classif.rpart_calib.perfold_platt",0.138266059844964,"perfold","platt","rpart"
"kc1","classif.rpart_calib.perfold_platt",0.150342568715357,"perfold","platt","rpart"
"kc1","classif.rpart_calib.perfold_platt",0.158834115729619,"perfold","platt","rpart"
"kc1","classif.rpart_calib.perfold_platt",0.0915841746548023,"perfold","platt","rpart"
"kc1","classif.rpart_calib.perfold_platt",0.139198127900404,"perfold","platt","rpart"
"kc1","classif.rpart_calib.perfold_platt",0.1333338118471,"perfold","platt","rpart"
"kc1","classif.rpart_calib.perfold_platt",0.113941160531707,"perfold","platt","rpart"
"kc1","classif.rpart_calib.perfold_platt",0.149625325500459,"perfold","platt","rpart"
"kc1","classif.rpart_calib.perfold_isotonic",0.122760355832807,"perfold","isotonic","rpart"
"kc1","classif.rpart_calib.perfold_isotonic",0.111548559884136,"perfold","isotonic","rpart"
"kc1","classif.rpart_calib.perfold_isotonic",0.117688409129414,"perfold","isotonic","rpart"
"kc1","classif.rpart_calib.perfold_isotonic",0.127797395231595,"perfold","isotonic","rpart"
"kc1","classif.rpart_calib.perfold_isotonic",0.127918607701687,"perfold","isotonic","rpart"
"kc1","classif.rpart_calib.perfold_isotonic",0.110570027148979,"perfold","isotonic","rpart"
"kc1","classif.rpart_calib.perfold_isotonic",0.13590375362489,"perfold","isotonic","rpart"
"kc1","classif.rpart_calib.perfold_isotonic",0.126212971826127,"perfold","isotonic","rpart"
"kc1","classif.rpart_calib.perfold_isotonic",0.145813148116018,"perfold","isotonic","rpart"
"kc1","classif.rpart_calib.perfold_isotonic",0.162220118399136,"perfold","isotonic","rpart"
"pc1","classif.naive_bayes",0.0603048268216297,"none","none","naive_bayes"
"pc1","classif.naive_bayes",0.146248820669065,"none","none","naive_bayes"
"pc1","classif.naive_bayes",0.106512608509812,"none","none","naive_bayes"
"pc1","classif.naive_bayes",0.108719022870869,"none","none","naive_bayes"
"pc1","classif.naive_bayes",0.124249951969705,"none","none","naive_bayes"
"pc1","classif.naive_bayes",0.107644890915366,"none","none","naive_bayes"
"pc1","classif.naive_bayes",0.124297264680118,"none","none","naive_bayes"
"pc1","classif.naive_bayes",0.105869144914029,"none","none","naive_bayes"
"pc1","classif.naive_bayes",0.0721789802062751,"none","none","naive_bayes"
"pc1","classif.naive_bayes",0.0980720847422355,"none","none","naive_bayes"
"pc1","classif.naive_bayes_calib.oof_platt",0.0751728212841871,"oof","platt","naive_bayes"
"pc1","classif.naive_bayes_calib.oof_platt",0.0638108521814789,"oof","platt","naive_bayes"
"pc1","classif.naive_bayes_calib.oof_platt",0.0438870865743295,"oof","platt","naive_bayes"
"pc1","classif.naive_bayes_calib.oof_platt",0.0530457675543295,"oof","platt","naive_bayes"
"pc1","classif.naive_bayes_calib.oof_platt",0.079754331140682,"oof","platt","naive_bayes"
"pc1","classif.naive_bayes_calib.oof_platt",0.0721476172703253,"oof","platt","naive_bayes"
"pc1","classif.naive_bayes_calib.oof_platt",0.0701028321187342,"oof","platt","naive_bayes"
"pc1","classif.naive_bayes_calib.oof_platt",0.0510025027534466,"oof","platt","naive_bayes"
"pc1","classif.naive_bayes_calib.oof_platt",0.0503082382905522,"oof","platt","naive_bayes"
"pc1","classif.naive_bayes_calib.oof_platt",0.046732186855306,"oof","platt","naive_bayes"
"pc1","classif.naive_bayes_calib.oof_beta",0.105472289564801,"oof","beta","naive_bayes"
"pc1","classif.naive_bayes_calib.oof_beta",0.0931267888008424,"oof","beta","naive_bayes"
"pc1","classif.naive_bayes_calib.oof_beta",0.17759462010492,"oof","beta","naive_bayes"
"pc1","classif.naive_bayes_calib.oof_beta",0.16719617817691,"oof","beta","naive_bayes"
"pc1","classif.naive_bayes_calib.oof_beta",0.108139890368997,"oof","beta","naive_bayes"
"pc1","classif.naive_bayes_calib.oof_beta",0.100538762483537,"oof","beta","naive_bayes"
"pc1","classif.naive_bayes_calib.oof_beta",0.154423958931476,"oof","beta","naive_bayes"
"pc1","classif.naive_bayes_calib.oof_beta",0.0747586465683116,"oof","beta","naive_bayes"
"pc1","classif.naive_bayes_calib.oof_beta",0.0581766344536793,"oof","beta","naive_bayes"
"pc1","classif.naive_bayes_calib.oof_beta",0.175316217072158,"oof","beta","naive_bayes"
"pc1","classif.naive_bayes_calib.oof_isotonic",0.0684971163137961,"oof","isotonic","naive_bayes"
"pc1","classif.naive_bayes_calib.oof_isotonic",0.0889033997019478,"oof","isotonic","naive_bayes"
"pc1","classif.naive_bayes_calib.oof_isotonic",0.0851894630964398,"oof","isotonic","naive_bayes"
"pc1","classif.naive_bayes_calib.oof_isotonic",0.0824151413592239,"oof","isotonic","naive_bayes"
"pc1","classif.naive_bayes_calib.oof_isotonic",0.106877811474747,"oof","isotonic","naive_bayes"
"pc1","classif.naive_bayes_calib.oof_isotonic",0.0970859207975804,"oof","isotonic","naive_bayes"
"pc1","classif.naive_bayes_calib.oof_isotonic",0.080029530085024,"oof","isotonic","naive_bayes"
"pc1","classif.naive_bayes_calib.oof_isotonic",0.0808189794504451,"oof","isotonic","naive_bayes"
"pc1","classif.naive_bayes_calib.oof_isotonic",0.0590247081772506,"oof","isotonic","naive_bayes"
"pc1","classif.naive_bayes_calib.oof_isotonic",0.0763249256330358,"oof","isotonic","naive_bayes"
"pc1","classif.naive_bayes_calib.perfold_platt",0.0654587236297992,"perfold","platt","naive_bayes"
"pc1","classif.naive_bayes_calib.perfold_platt",0.058577511095661,"perfold","platt","naive_bayes"
"pc1","classif.naive_bayes_calib.perfold_platt",0.044518498362954,"perfold","platt","naive_bayes"
"pc1","classif.naive_bayes_calib.perfold_platt",0.0560682808006062,"perfold","platt","naive_bayes"
"pc1","classif.naive_bayes_calib.perfold_platt",0.0660326950697276,"perfold","platt","naive_bayes"
"pc1","classif.naive_bayes_calib.perfold_platt",0.0720064728029497,"perfold","platt","naive_bayes"
"pc1","classif.naive_bayes_calib.perfold_platt",0.06932027853767,"perfold","platt","naive_bayes"
"pc1","classif.naive_bayes_calib.perfold_platt",0.0412252977781023,"perfold","platt","naive_bayes"
"pc1","classif.naive_bayes_calib.perfold_platt",0.0583457760006333,"perfold","platt","naive_bayes"
"pc1","classif.naive_bayes_calib.perfold_platt",0.0447291446406188,"perfold","platt","naive_bayes"
"pc1","classif.naive_bayes_calib.perfold_beta",0.0520096027873227,"perfold","beta","naive_bayes"
"pc1","classif.naive_bayes_calib.perfold_beta",0.078423351012523,"perfold","beta","naive_bayes"
"pc1","classif.naive_bayes_calib.perfold_beta",0.0477769580451009,"perfold","beta","naive_bayes"
"pc1","classif.naive_bayes_calib.perfold_beta",0.044841229821902,"perfold","beta","naive_bayes"
"pc1","classif.naive_bayes_calib.perfold_beta",0.0904958898480156,"perfold","beta","naive_bayes"
"pc1","classif.naive_bayes_calib.perfold_beta",0.0900059400996885,"perfold","beta","naive_bayes"
"pc1","classif.naive_bayes_calib.perfold_beta",0.111268312898053,"perfold","beta","naive_bayes"
"pc1","classif.naive_bayes_calib.perfold_beta",0.057008798619631,"perfold","beta","naive_bayes"
"pc1","classif.naive_bayes_calib.perfold_beta",0.0606591361847396,"perfold","beta","naive_bayes"
"pc1","classif.naive_bayes_calib.perfold_beta",0.0676611150815453,"perfold","beta","naive_bayes"
"pc1","classif.naive_bayes_calib.perfold_isotonic",0.0508247408312489,"perfold","isotonic","naive_bayes"
"pc1","classif.naive_bayes_calib.perfold_isotonic",0.0661442414934652,"perfold","isotonic","naive_bayes"
"pc1","classif.naive_bayes_calib.perfold_isotonic",0.0415127771240066,"perfold","isotonic","naive_bayes"
"pc1","classif.naive_bayes_calib.perfold_isotonic",0.0591113746817205,"perfold","isotonic","naive_bayes"
"pc1","classif.naive_bayes_calib.perfold_isotonic",0.0799036172286474,"perfold","isotonic","naive_bayes"
"pc1","classif.naive_bayes_calib.perfold_isotonic",0.062470247027021,"perfold","isotonic","naive_bayes"
"pc1","classif.naive_bayes_calib.perfold_isotonic",0.0462231394322783,"perfold","isotonic","naive_bayes"
"pc1","classif.naive_bayes_calib.perfold_isotonic",0.0795715471797546,"perfold","isotonic","naive_bayes"
"pc1","classif.naive_bayes_calib.perfold_isotonic",0.0969900217100817,"perfold","isotonic","naive_bayes"
"pc1","classif.naive_bayes_calib.perfold_isotonic",0.0699304128528821,"perfold","isotonic","naive_bayes"
"pc1","classif.ranger",0.028995794995795,"none","none","ranger"
"pc1","classif.ranger",0.0638697783727195,"none","none","ranger"
"pc1","classif.ranger",0.0540556418144653,"none","none","ranger"
"pc1","classif.ranger",0.045786351986352,"none","none","ranger"
"pc1","classif.ranger",0.0426856499356499,"none","none","ranger"
"pc1","classif.ranger",0.0290489103989104,"none","none","ranger"
"pc1","classif.ranger",0.0618289289289289,"none","none","ranger"
"pc1","classif.ranger",0.0379052981552982,"none","none","ranger"
"pc1","classif.ranger",0.0431212671712672,"none","none","ranger"
"pc1","classif.ranger",0.0365231962481962,"none","none","ranger"
"pc1","classif.ranger_calib.oof_platt",0.043373998152311,"oof","platt","ranger"
"pc1","classif.ranger_calib.oof_platt",0.0812070512331953,"oof","platt","ranger"
"pc1","classif.ranger_calib.oof_platt",0.0592137816913351,"oof","platt","ranger"
"pc1","classif.ranger_calib.oof_platt",0.042126952891373,"oof","platt","ranger"
"pc1","classif.ranger_calib.oof_platt",0.0501992510993994,"oof","platt","ranger"
"pc1","classif.ranger_calib.oof_platt",0.0403152583970576,"oof","platt","ranger"
"pc1","classif.ranger_calib.oof_platt",0.056202230713889,"oof","platt","ranger"
"pc1","classif.ranger_calib.oof_platt",0.0696748847501361,"oof","platt","ranger"
"pc1","classif.ranger_calib.oof_platt",0.0502434627858164,"oof","platt","ranger"
"pc1","classif.ranger_calib.oof_platt",0.042789826930834,"oof","platt","ranger"
"pc1","classif.ranger_calib.oof_beta",0.0343199150629292,"oof","beta","ranger"
"pc1","classif.ranger_calib.oof_beta",0.068382102658348,"oof","beta","ranger"
"pc1","classif.ranger_calib.oof_beta",0.0582218978958332,"oof","beta","ranger"
"pc1","classif.ranger_calib.oof_beta",0.0459808220707756,"oof","beta","ranger"
"pc1","classif.ranger_calib.oof_beta",0.0395355317435246,"oof","beta","ranger"
"pc1","classif.ranger_calib.oof_beta",0.0279357533696335,"oof","beta","ranger"
"pc1","classif.ranger_calib.oof_beta",0.050826550894609,"oof","beta","ranger"
"pc1","classif.ranger_calib.oof_beta",0.0885120079690771,"oof","beta","ranger"
"pc1","classif.ranger_calib.oof_beta",0.0464843029660173,"oof","beta","ranger"
"pc1","classif.ranger_calib.oof_beta",0.0367211379893012,"oof","beta","ranger"
"pc1","classif.ranger_calib.oof_isotonic",0.0332642743390804,"oof","isotonic","ranger"
"pc1","classif.ranger_calib.oof_isotonic",0.0836943940392216,"oof","isotonic","ranger"
"pc1","classif.ranger_calib.oof_isotonic",0.0445794242121024,"oof","isotonic","ranger"
"pc1","classif.ranger_calib.oof_isotonic",0.0420023157678014,"oof","isotonic","ranger"
"pc1","classif.ranger_calib.oof_isotonic",0.0552045586328359,"oof","isotonic","ranger"
"pc1","classif.ranger_calib.oof_isotonic",0.0386840443887816,"oof","isotonic","ranger"
"pc1","classif.ranger_calib.oof_isotonic",0.0594236269231456,"oof","isotonic","ranger"
"pc1","classif.ranger_calib.oof_isotonic",0.0779295021279134,"oof","isotonic","ranger"
"pc1","classif.ranger_calib.oof_isotonic",0.0429186739053598,"oof","isotonic","ranger"
"pc1","classif.ranger_calib.oof_isotonic",0.0629393865467923,"oof","isotonic","ranger"
"pc1","classif.ranger_calib.perfold_platt",0.0435396941022158,"perfold","platt","ranger"
"pc1","classif.ranger_calib.perfold_platt",0.081151769435831,"perfold","platt","ranger"
"pc1","classif.ranger_calib.perfold_platt",0.0639975665558346,"perfold","platt","ranger"
"pc1","classif.ranger_calib.perfold_platt",0.0469951544480397,"perfold","platt","ranger"
"pc1","classif.ranger_calib.perfold_platt",0.0521474179936229,"perfold","platt","ranger"
"pc1","classif.ranger_calib.perfold_platt",0.0406733408901747,"perfold","platt","ranger"
"pc1","classif.ranger_calib.perfold_platt",0.057234470967798,"perfold","platt","ranger"
"pc1","classif.ranger_calib.perfold_platt",0.0719731771649252,"perfold","platt","ranger"
"pc1","classif.ranger_calib.perfold_platt",0.0516359933241556,"perfold","platt","ranger"
"pc1","classif.ranger_calib.perfold_platt",0.0361753919248346,"perfold","platt","ranger"
"pc1","classif.ranger_calib.perfold_beta",0.0285546042720446,"perfold","beta","ranger"
"pc1","classif.ranger_calib.perfold_beta",0.0887909038828468,"perfold","beta","ranger"
"pc1","classif.ranger_calib.perfold_beta",0.0501275878634804,"perfold","beta","ranger"
"pc1","classif.ranger_calib.perfold_beta",0.0438059460816825,"perfold","beta","ranger"
"pc1","classif.ranger_calib.perfold_beta",0.0423161340367891,"perfold","beta","ranger"
"pc1","classif.ranger_calib.perfold_beta",0.0258138811843276,"perfold","beta","ranger"
"pc1","classif.ranger_calib.perfold_beta",0.0485276808445056,"perfold","beta","ranger"
"pc1","classif.ranger_calib.perfold_beta",0.0572711263516722,"perfold","beta","ranger"
"pc1","classif.ranger_calib.perfold_beta",0.0374973644743201,"perfold","beta","ranger"
"pc1","classif.ranger_calib.perfold_beta",0.0372425776864816,"perfold","beta","ranger"
"pc1","classif.ranger_calib.perfold_isotonic",0.0307990960808186,"perfold","isotonic","ranger"
"pc1","classif.ranger_calib.perfold_isotonic",0.0613655498048866,"perfold","isotonic","ranger"
"pc1","classif.ranger_calib.perfold_isotonic",0.0546656435643289,"perfold","isotonic","ranger"
"pc1","classif.ranger_calib.perfold_isotonic",0.0591713820772801,"perfold","isotonic","ranger"
"pc1","classif.ranger_calib.perfold_isotonic",0.0432771743401819,"perfold","isotonic","ranger"
"pc1","classif.ranger_calib.perfold_isotonic",0.0188839949615126,"perfold","isotonic","ranger"
"pc1","classif.ranger_calib.perfold_isotonic",0.0514398292593932,"perfold","isotonic","ranger"
"pc1","classif.ranger_calib.perfold_isotonic",0.0369519123344754,"perfold","isotonic","ranger"
"pc1","classif.ranger_calib.perfold_isotonic",0.0404609218133696,"perfold","isotonic","ranger"
"pc1","classif.ranger_calib.perfold_isotonic",0.0314097931326403,"perfold","isotonic","ranger"
"pc1","classif.rpart",0.0727352235962648,"none","none","rpart"
"pc1","classif.rpart",0.121462278605136,"none","none","rpart"
"pc1","classif.rpart",0.0647470419763413,"none","none","rpart"
"pc1","classif.rpart",0.0889389107923663,"none","none","rpart"
"pc1","classif.rpart",0.0715365401827655,"none","none","rpart"
"pc1","classif.rpart",0.0985382969773963,"none","none","rpart"
"pc1","classif.rpart",0.0674181555792081,"none","none","rpart"
"pc1","classif.rpart",0.0897688141388076,"none","none","rpart"
"pc1","classif.rpart",0.062599073780646,"none","none","rpart"
"pc1","classif.rpart",0.0917582900191596,"none","none","rpart"
"pc1","classif.rpart_calib.oof_platt",0.058556664862222,"oof","platt","rpart"
"pc1","classif.rpart_calib.oof_platt",0.063581810353408,"oof","platt","rpart"
"pc1","classif.rpart_calib.oof_platt",0.0780031055991286,"oof","platt","rpart"
"pc1","classif.rpart_calib.oof_platt",0.0615350223346415,"oof","platt","rpart"
"pc1","classif.rpart_calib.oof_platt",0.0745900376110932,"oof","platt","rpart"
"pc1","classif.rpart_calib.oof_platt",0.0829211036838668,"oof","platt","rpart"
"pc1","classif.rpart_calib.oof_platt",0.0611575600796389,"oof","platt","rpart"
"pc1","classif.rpart_calib.oof_platt",0.0870851910914217,"oof","platt","rpart"
"pc1","classif.rpart_calib.oof_platt",0.0781476068599965,"oof","platt","rpart"
"pc1","classif.rpart_calib.oof_platt",0.0559176585279094,"oof","platt","rpart"
"pc1","classif.rpart_calib.oof_beta",0.0680618164821879,"oof","beta","rpart"
"pc1","classif.rpart_calib.oof_beta",0.0560126655556845,"oof","beta","rpart"
"pc1","classif.rpart_calib.oof_beta",0.0889538879352108,"oof","beta","rpart"
"pc1","classif.rpart_calib.oof_beta",0.071107500042751,"oof","beta","rpart"
"pc1","classif.rpart_calib.oof_beta",0.0875347474436221,"oof","beta","rpart"
"pc1","classif.rpart_calib.oof_beta",0.0536420778551083,"oof","beta","rpart"
"pc1","classif.rpart_calib.oof_beta",0.0881160761152473,"oof","beta","rpart"
"pc1","classif.rpart_calib.oof_beta",0.0732128707517745,"oof","beta","rpart"
"pc1","classif.rpart_calib.oof_beta",0.0531566207169734,"oof","beta","rpart"
"pc1","classif.rpart_calib.oof_beta",0.0585734945718804,"oof","beta","rpart"
"pc1","classif.rpart_calib.oof_isotonic",0.051008536322288,"oof","isotonic","rpart"
"pc1","classif.rpart_calib.oof_isotonic",0.0719230864943293,"oof","isotonic","rpart"
"pc1","classif.rpart_calib.oof_isotonic",0.0747901835827282,"oof","isotonic","rpart"
"pc1","classif.rpart_calib.oof_isotonic",0.0757262555922589,"oof","isotonic","rpart"
"pc1","classif.rpart_calib.oof_isotonic",0.0932178608608037,"oof","isotonic","rpart"
"pc1","classif.rpart_calib.oof_isotonic",0.0800099889036983,"oof","isotonic","rpart"
"pc1","classif.rpart_calib.oof_isotonic",0.07082359935768,"oof","isotonic","rpart"
"pc1","classif.rpart_calib.oof_isotonic",0.0846890547036988,"oof","isotonic","rpart"
"pc1","classif.rpart_calib.oof_isotonic",0.0637868961455548,"oof","isotonic","rpart"
"pc1","classif.rpart_calib.oof_isotonic",0.0529880545209948,"oof","isotonic","rpart"
"pc1","classif.rpart_calib.perfold_platt",0.0678497932105167,"perfold","platt","rpart"
"pc1","classif.rpart_calib.perfold_platt",0.0739858086979618,"perfold","platt","rpart"
"pc1","classif.rpart_calib.perfold_platt",0.0713703970731176,"perfold","platt","rpart"
"pc1","classif.rpart_calib.perfold_platt",0.0601489194320282,"perfold","platt","rpart"
"pc1","classif.rpart_calib.perfold_platt",0.0705300348776077,"perfold","platt","rpart"
"pc1","classif.rpart_calib.perfold_platt",0.0695531093853027,"perfold","platt","rpart"
"pc1","classif.rpart_calib.perfold_platt",0.0583210763723884,"perfold","platt","rpart"
"pc1","classif.rpart_calib.perfold_platt",0.0536986797735473,"perfold","platt","rpart"
"pc1","classif.rpart_calib.perfold_platt",0.0552918575641022,"perfold","platt","rpart"
"pc1","classif.rpart_calib.perfold_platt",0.0621011991443278,"perfold","platt","rpart"
"pc1","classif.rpart_calib.perfold_isotonic",0.0571640920291668,"perfold","isotonic","rpart"
"pc1","classif.rpart_calib.perfold_isotonic",0.0643057908878375,"perfold","isotonic","rpart"
"pc1","classif.rpart_calib.perfold_isotonic",0.0456542560977859,"perfold","isotonic","rpart"
"pc1","classif.rpart_calib.perfold_isotonic",0.0621024439712752,"perfold","isotonic","rpart"
"pc1","classif.rpart_calib.perfold_isotonic",0.061583323040528,"perfold","isotonic","rpart"
"pc1","classif.rpart_calib.perfold_isotonic",0.0836890679490874,"perfold","isotonic","rpart"
"pc1","classif.rpart_calib.perfold_isotonic",0.0673943502135774,"perfold","isotonic","rpart"
"pc1","classif.rpart_calib.perfold_isotonic",0.0736257328771351,"perfold","isotonic","rpart"
"pc1","classif.rpart_calib.perfold_isotonic",0.0710137691988348,"perfold","isotonic","rpart"
"pc1","classif.rpart_calib.perfold_isotonic",0.0550401692742032,"perfold","isotonic","rpart"
"phoneme","classif.naive_bayes",0.154482913806514,"none","none","naive_bayes"
"phoneme","classif.naive_bayes",0.148590516625589,"none","none","naive_bayes"
"phoneme","classif.naive_bayes",0.136332830006581,"none","none","naive_bayes"
"phoneme","classif.naive_bayes",0.148205977176386,"none","none","naive_bayes"
"phoneme","classif.naive_bayes",0.149129881681575,"none","none","naive_bayes"
"phoneme","classif.naive_bayes",0.158724407462197,"none","none","naive_bayes"
"phoneme","classif.naive_bayes",0.120656528909274,"none","none","naive_bayes"
"phoneme","classif.naive_bayes",0.140328170884486,"none","none","naive_bayes"
"phoneme","classif.naive_bayes",0.129346915832702,"none","none","naive_bayes"
"phoneme","classif.naive_bayes",0.124918097628836,"none","none","naive_bayes"
"phoneme","classif.naive_bayes_calib.oof_platt",0.084212738460295,"oof","platt","naive_bayes"
"phoneme","classif.naive_bayes_calib.oof_platt",0.0658439109690706,"oof","platt","naive_bayes"
"phoneme","classif.naive_bayes_calib.oof_platt",0.0616800453179203,"oof","platt","naive_bayes"
"phoneme","classif.naive_bayes_calib.oof_platt",0.0661565573374663,"oof","platt","naive_bayes"
"phoneme","classif.naive_bayes_calib.oof_platt",0.065844425901568,"oof","platt","naive_bayes"
"phoneme","classif.naive_bayes_calib.oof_platt",0.0683236719062584,"oof","platt","naive_bayes"
"phoneme","classif.naive_bayes_calib.oof_platt",0.0562208334803068,"oof","platt","naive_bayes"
"phoneme","classif.naive_bayes_calib.oof_platt",0.067694537678303,"oof","platt","naive_bayes"
"phoneme","classif.naive_bayes_calib.oof_platt",0.0512396904556421,"oof","platt","naive_bayes"
"phoneme","classif.naive_bayes_calib.oof_platt",0.0640189056343272,"oof","platt","naive_bayes"
"phoneme","classif.naive_bayes_calib.oof_beta",0.0666599445556448,"oof","beta","naive_bayes"
"phoneme","classif.naive_bayes_calib.oof_beta",0.0912199542822041,"oof","beta","naive_bayes"
"phoneme","classif.naive_bayes_calib.oof_beta",0.0317422364295181,"oof","beta","naive_bayes"
"phoneme","classif.naive_bayes_calib.oof_beta",0.0493566477049372,"oof","beta","naive_bayes"
"phoneme","classif.naive_bayes_calib.oof_beta",0.0650691807033058,"oof","beta","naive_bayes"
"phoneme","classif.naive_bayes_calib.oof_beta",0.0643802605504739,"oof","beta","naive_bayes"
"phoneme","classif.naive_bayes_calib.oof_beta",0.056263830362096,"oof","beta","naive_bayes"
"phoneme","classif.naive_bayes_calib.oof_beta",0.0605400692719002,"oof","beta","naive_bayes"
"phoneme","classif.naive_bayes_calib.oof_beta",0.0417912607895558,"oof","beta","naive_bayes"
"phoneme","classif.naive_bayes_calib.oof_beta",0.0617087931498513,"oof","beta","naive_bayes"
"phoneme","classif.naive_bayes_calib.oof_isotonic",0.11234837474455,"oof","isotonic","naive_bayes"
"phoneme","classif.naive_bayes_calib.oof_isotonic",0.103736581172866,"oof","isotonic","naive_bayes"
"phoneme","classif.naive_bayes_calib.oof_isotonic",0.0908708516590271,"oof","isotonic","naive_bayes"
"phoneme","classif.naive_bayes_calib.oof_isotonic",0.0973174140169756,"oof","isotonic","naive_bayes"
"phoneme","classif.naive_bayes_calib.oof_isotonic",0.0810330837312007,"oof","isotonic","naive_bayes"
"phoneme","classif.naive_bayes_calib.oof_isotonic",0.121173726335249,"oof","isotonic","naive_bayes"
"phoneme","classif.naive_bayes_calib.oof_isotonic",0.0755802495547385,"oof","isotonic","naive_bayes"
"phoneme","classif.naive_bayes_calib.oof_isotonic",0.160307443867582,"oof","isotonic","naive_bayes"
"phoneme","classif.naive_bayes_calib.oof_isotonic",0.121531664512302,"oof","isotonic","naive_bayes"
"phoneme","classif.naive_bayes_calib.oof_isotonic",0.0726324588937285,"oof","isotonic","naive_bayes"
"phoneme","classif.naive_bayes_calib.perfold_platt",0.084202412287157,"perfold","platt","naive_bayes"
"phoneme","classif.naive_bayes_calib.perfold_platt",0.06546804514808,"perfold","platt","naive_bayes"
"phoneme","classif.naive_bayes_calib.perfold_platt",0.061227380251038,"perfold","platt","naive_bayes"
"phoneme","classif.naive_bayes_calib.perfold_platt",0.0660295294398738,"perfold","platt","naive_bayes"
"phoneme","classif.naive_bayes_calib.perfold_platt",0.0624164534946306,"perfold","platt","naive_bayes"
"phoneme","classif.naive_bayes_calib.perfold_platt",0.0684007764442894,"perfold","platt","naive_bayes"
"phoneme","classif.naive_bayes_calib.perfold_platt",0.0565272451803715,"perfold","platt","naive_bayes"
"phoneme","classif.naive_bayes_calib.perfold_platt",0.0679811282873584,"perfold","platt","naive_bayes"
"phoneme","classif.naive_bayes_calib.perfold_platt",0.0510441713923665,"perfold","platt","naive_bayes"
"phoneme","classif.naive_bayes_calib.perfold_platt",0.0637062069904018,"perfold","platt","naive_bayes"
"phoneme","classif.naive_bayes_calib.perfold_beta",0.0667036995194752,"perfold","beta","naive_bayes"
"phoneme","classif.naive_bayes_calib.perfold_beta",0.0904961996046482,"perfold","beta","naive_bayes"
"phoneme","classif.naive_bayes_calib.perfold_beta",0.0315724407148871,"perfold","beta","naive_bayes"
"phoneme","classif.naive_bayes_calib.perfold_beta",0.0496358789429685,"perfold","beta","naive_bayes"
"phoneme","classif.naive_bayes_calib.perfold_beta",0.0684716491536792,"perfold","beta","naive_bayes"
"phoneme","classif.naive_bayes_calib.perfold_beta",0.0634175875525142,"perfold","beta","naive_bayes"
"phoneme","classif.naive_bayes_calib.perfold_beta",0.0549315372096624,"perfold","beta","naive_bayes"
"phoneme","classif.naive_bayes_calib.perfold_beta",0.0597487568145232,"perfold","beta","naive_bayes"
"phoneme","classif.naive_bayes_calib.perfold_beta",0.0410070907633942,"perfold","beta","naive_bayes"
"phoneme","classif.naive_bayes_calib.perfold_beta",0.0588611821153274,"perfold","beta","naive_bayes"
"phoneme","classif.naive_bayes_calib.perfold_isotonic",0.0841894736393922,"perfold","isotonic","naive_bayes"
"phoneme","classif.naive_bayes_calib.perfold_isotonic",0.0796548246820447,"perfold","isotonic","naive_bayes"
"phoneme","classif.naive_bayes_calib.perfold_isotonic",0.0756172567836872,"perfold","isotonic","naive_bayes"
"phoneme","classif.naive_bayes_calib.perfold_isotonic",0.0568353235427989,"perfold","isotonic","naive_bayes"
"phoneme","classif.naive_bayes_calib.perfold_isotonic",0.0456876928362555,"perfold","isotonic","naive_bayes"
"phoneme","classif.naive_bayes_calib.perfold_isotonic",0.0722629716468043,"perfold","isotonic","naive_bayes"
"phoneme","classif.naive_bayes_calib.perfold_isotonic",0.0374172375017495,"perfold","isotonic","naive_bayes"
"phoneme","classif.naive_bayes_calib.perfold_isotonic",0.0764837896337171,"perfold","isotonic","naive_bayes"
"phoneme","classif.naive_bayes_calib.perfold_isotonic",0.0802180877251363,"perfold","isotonic","naive_bayes"
"phoneme","classif.naive_bayes_calib.perfold_isotonic",0.0647296600736998,"perfold","isotonic","naive_bayes"
"phoneme","classif.ranger",0.0445008563320023,"none","none","ranger"
"phoneme","classif.ranger",0.0618294633688349,"none","none","ranger"
"phoneme","classif.ranger",0.0362418199688995,"none","none","ranger"
"phoneme","classif.ranger",0.0386297240959903,"none","none","ranger"
"phoneme","classif.ranger",0.057164980893592,"none","none","ranger"
"phoneme","classif.ranger",0.0659396164021164,"none","none","ranger"
"phoneme","classif.ranger",0.061355620223398,"none","none","ranger"
"phoneme","classif.ranger",0.0484831643151088,"none","none","ranger"
"phoneme","classif.ranger",0.03438389329806,"none","none","ranger"
"phoneme","classif.ranger",0.0430773897707231,"none","none","ranger"
"phoneme","classif.ranger_calib.oof_platt",0.0273307603054235,"oof","platt","ranger"
"phoneme","classif.ranger_calib.oof_platt",0.0251335649588603,"oof","platt","ranger"
"phoneme","classif.ranger_calib.oof_platt",0.0345246108885507,"oof","platt","ranger"
"phoneme","classif.ranger_calib.oof_platt",0.0335618528548045,"oof","platt","ranger"
"phoneme","classif.ranger_calib.oof_platt",0.0305744499102162,"oof","platt","ranger"
"phoneme","classif.ranger_calib.oof_platt",0.0278189638814778,"oof","platt","ranger"
"phoneme","classif.ranger_calib.oof_platt",0.0271412871107681,"oof","platt","ranger"
"phoneme","classif.ranger_calib.oof_platt",0.0353808492052615,"oof","platt","ranger"
"phoneme","classif.ranger_calib.oof_platt",0.0242209761415375,"oof","platt","ranger"
"phoneme","classif.ranger_calib.oof_platt",0.0340379510261909,"oof","platt","ranger"
"phoneme","classif.ranger_calib.oof_beta",0.0205153196539863,"oof","beta","ranger"
"phoneme","classif.ranger_calib.oof_beta",0.0290635328832898,"oof","beta","ranger"
"phoneme","classif.ranger_calib.oof_beta",0.0236482189514101,"oof","beta","ranger"
"phoneme","classif.ranger_calib.oof_beta",0.0353835896095692,"oof","beta","ranger"
"phoneme","classif.ranger_calib.oof_beta",0.0264218466151084,"oof","beta","ranger"
"phoneme","classif.ranger_calib.oof_beta",0.0282993000390106,"oof","beta","ranger"
"phoneme","classif.ranger_calib.oof_beta",0.027852531534358,"oof","beta","ranger"
"phoneme","classif.ranger_calib.oof_beta",0.0270521888464744,"oof","beta","ranger"
"phoneme","classif.ranger_calib.oof_beta",0.0183841511476791,"oof","beta","ranger"
"phoneme","classif.ranger_calib.oof_beta",0.0255752949982962,"oof","beta","ranger"
"phoneme","classif.ranger_calib.oof_isotonic",0.0265729468662356,"oof","isotonic","ranger"
"phoneme","classif.ranger_calib.oof_isotonic",0.0207587792101085,"oof","isotonic","ranger"
"phoneme","classif.ranger_calib.oof_isotonic",0.0347614837688919,"oof","isotonic","ranger"
"phoneme","classif.ranger_calib.oof_isotonic",0.0403823030918017,"oof","isotonic","ranger"
"phoneme","classif.ranger_calib.oof_isotonic",0.0230506684675138,"oof","isotonic","ranger"
"phoneme","classif.ranger_calib.oof_isotonic",0.0304332487172249,"oof","isotonic","ranger"
"phoneme","classif.ranger_calib.oof_isotonic",0.0205796749904811,"oof","isotonic","ranger"
"phoneme","classif.ranger_calib.oof_isotonic",0.0215571754352222,"oof","isotonic","ranger"
"phoneme","classif.ranger_calib.oof_isotonic",0.028092928083073,"oof","isotonic","ranger"
"phoneme","classif.ranger_calib.oof_isotonic",0.02497182403795,"oof","isotonic","ranger"
"phoneme","classif.ranger_calib.perfold_platt",0.0220947385602662,"perfold","platt","ranger"
"phoneme","classif.ranger_calib.perfold_platt",0.0255014541883517,"perfold","platt","ranger"
"phoneme","classif.ranger_calib.perfold_platt",0.0304933644354813,"perfold","platt","ranger"
"phoneme","classif.ranger_calib.perfold_platt",0.0319417253309535,"perfold","platt","ranger"
"phoneme","classif.ranger_calib.perfold_platt",0.0304783397610769,"perfold","platt","ranger"
"phoneme","classif.ranger_calib.perfold_platt",0.0222099352970179,"perfold","platt","ranger"
"phoneme","classif.ranger_calib.perfold_platt",0.0297195013410265,"perfold","platt","ranger"
"phoneme","classif.ranger_calib.perfold_platt",0.0258635621260188,"perfold","platt","ranger"
"phoneme","classif.ranger_calib.perfold_platt",0.0250971495598839,"perfold","platt","ranger"
"phoneme","classif.ranger_calib.perfold_platt",0.0330479407535242,"perfold","platt","ranger"
"phoneme","classif.ranger_calib.perfold_beta",0.025523354918448,"perfold","beta","ranger"
"phoneme","classif.ranger_calib.perfold_beta",0.0264637523734396,"perfold","beta","ranger"
"phoneme","classif.ranger_calib.perfold_beta",0.0252181881846897,"perfold","beta","ranger"
"phoneme","classif.ranger_calib.perfold_beta",0.0255635335653196,"perfold","beta","ranger"
"phoneme","classif.ranger_calib.perfold_beta",0.0253736954203387,"perfold","beta","ranger"
"phoneme","classif.ranger_calib.perfold_beta",0.0292575889303066,"perfold","beta","ranger"
"phoneme","classif.ranger_calib.perfold_beta",0.0247048445557323,"perfold","beta","ranger"
"phoneme","classif.ranger_calib.perfold_beta",0.0182674017396047,"perfold","beta","ranger"
"phoneme","classif.ranger_calib.perfold_beta",0.015231900105329,"perfold","beta","ranger"
"phoneme","classif.ranger_calib.perfold_beta",0.0228424102219467,"perfold","beta","ranger"
"phoneme","classif.ranger_calib.perfold_isotonic",0.0221091300283803,"perfold","isotonic","ranger"
"phoneme","classif.ranger_calib.perfold_isotonic",0.0237626865809663,"perfold","isotonic","ranger"
"phoneme","classif.ranger_calib.perfold_isotonic",0.026584816124626,"perfold","isotonic","ranger"
"phoneme","classif.ranger_calib.perfold_isotonic",0.0286418624158036,"perfold","isotonic","ranger"
"phoneme","classif.ranger_calib.perfold_isotonic",0.0249670950281984,"perfold","isotonic","ranger"
"phoneme","classif.ranger_calib.perfold_isotonic",0.0274503766580505,"perfold","isotonic","ranger"
"phoneme","classif.ranger_calib.perfold_isotonic",0.0319609091783241,"perfold","isotonic","ranger"
"phoneme","classif.ranger_calib.perfold_isotonic",0.0152383350995358,"perfold","isotonic","ranger"
"phoneme","classif.ranger_calib.perfold_isotonic",0.0220584195895707,"perfold","isotonic","ranger"
"phoneme","classif.ranger_calib.perfold_isotonic",0.0254527166179441,"perfold","isotonic","ranger"
"phoneme","classif.rpart",0.141565556333806,"none","none","rpart"
"phoneme","classif.rpart",0.083564191256285,"none","none","rpart"
"phoneme","classif.rpart",0.10340975003382,"none","none","rpart"
"phoneme","classif.rpart",0.164303602814891,"none","none","rpart"
"phoneme","classif.rpart",0.087482892534412,"none","none","rpart"
"phoneme","classif.rpart",0.11398154750962,"none","none","rpart"
"phoneme","classif.rpart",0.0863842951151891,"none","none","rpart"
"phoneme","classif.rpart",0.0965127871719774,"none","none","rpart"
"phoneme","classif.rpart",0.0800111671577116,"none","none","rpart"
"phoneme","classif.rpart",0.165757597476763,"none","none","rpart"
"phoneme","classif.rpart_calib.oof_platt",0.0773644830760122,"oof","platt","rpart"
"phoneme","classif.rpart_calib.oof_platt",0.0706878497800443,"oof","platt","rpart"
"phoneme","classif.rpart_calib.oof_platt",0.10492243517278,"oof","platt","rpart"
"phoneme","classif.rpart_calib.oof_platt",0.0817356795839931,"oof","platt","rpart"
"phoneme","classif.rpart_calib.oof_platt",0.0812471689253041,"oof","platt","rpart"
"phoneme","classif.rpart_calib.oof_platt",0.0652420600873056,"oof","platt","rpart"
"phoneme","classif.rpart_calib.oof_platt",0.0910716401488608,"oof","platt","rpart"
"phoneme","classif.rpart_calib.oof_platt",0.0895985250991376,"oof","platt","rpart"
"phoneme","classif.rpart_calib.oof_platt",0.0881133310766932,"oof","platt","rpart"
"phoneme","classif.rpart_calib.oof_platt",0.0948082473537807,"oof","platt","rpart"
"phoneme","classif.rpart_calib.oof_beta",0.074928935778839,"oof","beta","rpart"
"phoneme","classif.rpart_calib.oof_beta",0.0752699836917114,"oof","beta","rpart"
"phoneme","classif.rpart_calib.oof_beta",0.102252302021406,"oof","beta","rpart"
"phoneme","classif.rpart_calib.oof_beta",0.0630712697699967,"oof","beta","rpart"
"phoneme","classif.rpart_calib.oof_beta",0.100303231412267,"oof","beta","rpart"
"phoneme","classif.rpart_calib.oof_beta",0.0918480198534066,"oof","beta","rpart"
"phoneme","classif.rpart_calib.oof_beta",0.10786075195756,"oof","beta","rpart"
"phoneme","classif.rpart_calib.oof_beta",0.0820534737656271,"oof","beta","rpart"
"phoneme","classif.rpart_calib.oof_beta",0.100795199538771,"oof","beta","rpart"
"phoneme","classif.rpart_calib.oof_beta",0.0886354512898636,"oof","beta","rpart"
"phoneme","classif.rpart_calib.oof_isotonic",0.135876649489915,"oof","isotonic","rpart"
"phoneme","classif.rpart_calib.oof_isotonic",0.110683350342355,"oof","isotonic","rpart"
"phoneme","classif.rpart_calib.oof_isotonic",0.101298335177671,"oof","isotonic","rpart"
"phoneme","classif.rpart_calib.oof_isotonic",0.067939804705441,"oof","isotonic","rpart"
"phoneme","classif.rpart_calib.oof_isotonic",0.086314503733134,"oof","isotonic","rpart"
"phoneme","classif.rpart_calib.oof_isotonic",0.138508942715556,"oof","isotonic","rpart"
"phoneme","classif.rpart_calib.oof_isotonic",0.102580625540496,"oof","isotonic","rpart"
"phoneme","classif.rpart_calib.oof_isotonic",0.0775923790072117,"oof","isotonic","rpart"
"phoneme","classif.rpart_calib.oof_isotonic",0.0765762673651574,"oof","isotonic","rpart"
"phoneme","classif.rpart_calib.oof_isotonic",0.0925366656974428,"oof","isotonic","rpart"
"phoneme","classif.rpart_calib.perfold_platt",0.0937692824125782,"perfold","platt","rpart"
"phoneme","classif.rpart_calib.perfold_platt",0.0716327806591975,"perfold","platt","rpart"
"phoneme","classif.rpart_calib.perfold_platt",0.099304596805462,"perfold","platt","rpart"
"phoneme","classif.rpart_calib.perfold_platt",0.0728079307324592,"perfold","platt","rpart"
"phoneme","classif.rpart_calib.perfold_platt",0.106958537865321,"perfold","platt","rpart"
"phoneme","classif.rpart_calib.perfold_platt",0.0677987494775972,"perfold","platt","rpart"
"phoneme","classif.rpart_calib.perfold_platt",0.0768618607706159,"perfold","platt","rpart"
"phoneme","classif.rpart_calib.perfold_platt",0.0960271820442337,"perfold","platt","rpart"
"phoneme","classif.rpart_calib.perfold_platt",0.0739223127907036,"perfold","platt","rpart"
"phoneme","classif.rpart_calib.perfold_platt",0.0845072445593134,"perfold","platt","rpart"
"phoneme","classif.rpart_calib.perfold_isotonic",0.0846077392056572,"perfold","isotonic","rpart"
"phoneme","classif.rpart_calib.perfold_isotonic",0.0843035413597702,"perfold","isotonic","rpart"
"phoneme","classif.rpart_calib.perfold_isotonic",0.0740255432535297,"perfold","isotonic","rpart"
"phoneme","classif.rpart_calib.perfold_isotonic",0.078630193170018,"perfold","isotonic","rpart"
"phoneme","classif.rpart_calib.perfold_isotonic",0.0914359842098974,"perfold","isotonic","rpart"
"phoneme","classif.rpart_calib.perfold_isotonic",0.0829151013165618,"perfold","isotonic","rpart"
"phoneme","classif.rpart_calib.perfold_isotonic",0.0918568593886271,"perfold","isotonic","rpart"
"phoneme","classif.rpart_calib.perfold_isotonic",0.083159027939515,"perfold","isotonic","rpart"
"phoneme","classif.rpart_calib.perfold_isotonic",0.0942297800294938,"perfold","isotonic","rpart"
"phoneme","classif.rpart_calib.perfold_isotonic",0.113242898936387,"perfold","isotonic","rpart"
"qsar-biodeg","classif.naive_bayes",0.263085175755414,"none","none","naive_bayes"
"qsar-biodeg","classif.naive_bayes",0.260535519593795,"none","none","naive_bayes"
"qsar-biodeg","classif.naive_bayes",0.346588501058904,"none","none","naive_bayes"
"qsar-biodeg","classif.naive_bayes",0.25429647043328,"none","none","naive_bayes"
"qsar-biodeg","classif.naive_bayes",0.23498631050975,"none","none","naive_bayes"
"qsar-biodeg","classif.naive_bayes",0.319068911756583,"none","none","naive_bayes"
"qsar-biodeg","classif.naive_bayes",0.262248925958518,"none","none","naive_bayes"
"qsar-biodeg","classif.naive_bayes",0.288151647545037,"none","none","naive_bayes"
"qsar-biodeg","classif.naive_bayes",0.314246632244177,"none","none","naive_bayes"
"qsar-biodeg","classif.naive_bayes",0.25156966960723,"none","none","naive_bayes"
"qsar-biodeg","classif.naive_bayes_calib.oof_platt",0.146401105940058,"oof","platt","naive_bayes"
"qsar-biodeg","classif.naive_bayes_calib.oof_platt",0.167743121604586,"oof","platt","naive_bayes"
"qsar-biodeg","classif.naive_bayes_calib.oof_platt",0.20008306832376,"oof","platt","naive_bayes"
"qsar-biodeg","classif.naive_bayes_calib.oof_platt",0.200358065904578,"oof","platt","naive_bayes"
"qsar-biodeg","classif.naive_bayes_calib.oof_platt",0.202800033900045,"oof","platt","naive_bayes"
"qsar-biodeg","classif.naive_bayes_calib.oof_platt",0.179113011791022,"oof","platt","naive_bayes"
"qsar-biodeg","classif.naive_bayes_calib.oof_platt",0.222794157734941,"oof","platt","naive_bayes"
"qsar-biodeg","classif.naive_bayes_calib.oof_platt",0.176230398993731,"oof","platt","naive_bayes"
"qsar-biodeg","classif.naive_bayes_calib.oof_platt",0.22622210470499,"oof","platt","naive_bayes"
"qsar-biodeg","classif.naive_bayes_calib.oof_platt",0.156696087726216,"oof","platt","naive_bayes"
"qsar-biodeg","classif.naive_bayes_calib.oof_beta",0.121557276297282,"oof","beta","naive_bayes"
"qsar-biodeg","classif.naive_bayes_calib.oof_beta",0.0838899733595839,"oof","beta","naive_bayes"
"qsar-biodeg","classif.naive_bayes_calib.oof_beta",0.101924059450342,"oof","beta","naive_bayes"
"qsar-biodeg","classif.naive_bayes_calib.oof_beta",0.140654268149188,"oof","beta","naive_bayes"
"qsar-biodeg","classif.naive_bayes_calib.oof_beta",0.0956809372314619,"oof","beta","naive_bayes"
"qsar-biodeg","classif.naive_bayes_calib.oof_beta",0.102710818264184,"oof","beta","naive_bayes"
"qsar-biodeg","classif.naive_bayes_calib.oof_beta",0.119262640240186,"oof","beta","naive_bayes"
"qsar-biodeg","classif.naive_bayes_calib.oof_beta",0.154849839011631,"oof","beta","naive_bayes"
"qsar-biodeg","classif.naive_bayes_calib.oof_beta",0.0971811661816385,"oof","beta","naive_bayes"
"qsar-biodeg","classif.naive_bayes_calib.oof_beta",0.0800397749011637,"oof","beta","naive_bayes"
"qsar-biodeg","classif.naive_bayes_calib.oof_isotonic",0.090484811410256,"oof","isotonic","naive_bayes"
"qsar-biodeg","classif.naive_bayes_calib.oof_isotonic",0.0508584774659948,"oof","isotonic","naive_bayes"
"qsar-biodeg","classif.naive_bayes_calib.oof_isotonic",0.0597247442562684,"oof","isotonic","naive_bayes"
"qsar-biodeg","classif.naive_bayes_calib.oof_isotonic",0.102419684415825,"oof","isotonic","naive_bayes"
"qsar-biodeg","classif.naive_bayes_calib.oof_isotonic",0.0819109270569729,"oof","isotonic","naive_bayes"
"qsar-biodeg","classif.naive_bayes_calib.oof_isotonic",0.0843792829701582,"oof","isotonic","naive_bayes"
"qsar-biodeg","classif.naive_bayes_calib.oof_isotonic",0.0608857908612748,"oof","isotonic","naive_bayes"
"qsar-biodeg","classif.naive_bayes_calib.oof_isotonic",0.0986487696843719,"oof","isotonic","naive_bayes"
"qsar-biodeg","classif.naive_bayes_calib.oof_isotonic",0.0959245203028942,"oof","isotonic","naive_bayes"
"qsar-biodeg","classif.naive_bayes_calib.oof_isotonic",0.0887531473694953,"oof","isotonic","naive_bayes"
"qsar-biodeg","classif.naive_bayes_calib.perfold_platt",0.144816974996562,"perfold","platt","naive_bayes"
"qsar-biodeg","classif.naive_bayes_calib.perfold_platt",0.162952723621227,"perfold","platt","naive_bayes"
"qsar-biodeg","classif.naive_bayes_calib.perfold_platt",0.190457400188596,"perfold","platt","naive_bayes"
"qsar-biodeg","classif.naive_bayes_calib.perfold_platt",0.194788348157366,"perfold","platt","naive_bayes"
"qsar-biodeg","classif.naive_bayes_calib.perfold_platt",0.190839628152758,"perfold","platt","naive_bayes"
"qsar-biodeg","classif.naive_bayes_calib.perfold_platt",0.171687363949756,"perfold","platt","naive_bayes"
"qsar-biodeg","classif.naive_bayes_calib.perfold_platt",0.196347480453604,"perfold","platt","naive_bayes"
"qsar-biodeg","classif.naive_bayes_calib.perfold_platt",0.169754994571702,"perfold","platt","naive_bayes"
"qsar-biodeg","classif.naive_bayes_calib.perfold_platt",0.223825741833573,"perfold","platt","naive_bayes"
"qsar-biodeg","classif.naive_bayes_calib.perfold_platt",0.151611245826625,"perfold","platt","naive_bayes"
"qsar-biodeg","classif.naive_bayes_calib.perfold_beta",0.0971675113716647,"perfold","beta","naive_bayes"
"qsar-biodeg","classif.naive_bayes_calib.perfold_beta",0.0699398107941104,"perfold","beta","naive_bayes"
"qsar-biodeg","classif.naive_bayes_calib.perfold_beta",0.115140525181951,"perfold","beta","naive_bayes"
"qsar-biodeg","classif.naive_bayes_calib.perfold_beta",0.126094120229228,"perfold","beta","naive_bayes"
"qsar-biodeg","classif.naive_bayes_calib.perfold_beta",0.0906925292648515,"perfold","beta","naive_bayes"
"qsar-biodeg","classif.naive_bayes_calib.perfold_beta",0.0937318103986454,"perfold","beta","naive_bayes"
"qsar-biodeg","classif.naive_bayes_calib.perfold_beta",0.0904071639527954,"perfold","beta","naive_bayes"
"qsar-biodeg","classif.naive_bayes_calib.perfold_beta",0.155402681696836,"perfold","beta","naive_bayes"
"qsar-biodeg","classif.naive_bayes_calib.perfold_beta",0.118597007815287,"perfold","beta","naive_bayes"
"qsar-biodeg","classif.naive_bayes_calib.perfold_beta",0.0716612590676401,"perfold","beta","naive_bayes"
"qsar-biodeg","classif.naive_bayes_calib.perfold_isotonic",0.0797347561450598,"perfold","isotonic","naive_bayes"
"qsar-biodeg","classif.naive_bayes_calib.perfold_isotonic",0.069359927510195,"perfold","isotonic","naive_bayes"
"qsar-biodeg","classif.naive_bayes_calib.perfold_isotonic",0.0972553094565504,"perfold","isotonic","naive_bayes"
"qsar-biodeg","classif.naive_bayes_calib.perfold_isotonic",0.120439082404279,"perfold","isotonic","naive_bayes"
"qsar-biodeg","classif.naive_bayes_calib.perfold_isotonic",0.0669440972874245,"perfold","isotonic","naive_bayes"
"qsar-biodeg","classif.naive_bayes_calib.perfold_isotonic",0.091305969163112,"perfold","isotonic","naive_bayes"
"qsar-biodeg","classif.naive_bayes_calib.perfold_isotonic",0.0596784071307881,"perfold","isotonic","naive_bayes"
"qsar-biodeg","classif.naive_bayes_calib.perfold_isotonic",0.148956036908418,"perfold","isotonic","naive_bayes"
"qsar-biodeg","classif.naive_bayes_calib.perfold_isotonic",0.079567311436359,"perfold","isotonic","naive_bayes"
"qsar-biodeg","classif.naive_bayes_calib.perfold_isotonic",0.071715857334905,"perfold","isotonic","naive_bayes"
"qsar-biodeg","classif.ranger",0.0737529670208159,"none","none","ranger"
"qsar-biodeg","classif.ranger",0.0716241657860076,"none","none","ranger"
"qsar-biodeg","classif.ranger",0.0896962880915048,"none","none","ranger"
"qsar-biodeg","classif.ranger",0.0795619868507453,"none","none","ranger"
"qsar-biodeg","classif.ranger",0.0878590815395687,"none","none","ranger"
"qsar-biodeg","classif.ranger",0.0667029606638809,"none","none","ranger"
"qsar-biodeg","classif.ranger",0.0929575860788475,"none","none","ranger"
"qsar-biodeg","classif.ranger",0.0691378230144648,"none","none","ranger"
"qsar-biodeg","classif.ranger",0.0792260717244405,"none","none","ranger"
"qsar-biodeg","classif.ranger",0.0764172876663113,"none","none","ranger"
"qsar-biodeg","classif.ranger_calib.oof_platt",0.0713095360892415,"oof","platt","ranger"
"qsar-biodeg","classif.ranger_calib.oof_platt",0.0762442177598705,"oof","platt","ranger"
"qsar-biodeg","classif.ranger_calib.oof_platt",0.103030883855497,"oof","platt","ranger"
"qsar-biodeg","classif.ranger_calib.oof_platt",0.0548997721005435,"oof","platt","ranger"
"qsar-biodeg","classif.ranger_calib.oof_platt",0.0613248982612626,"oof","platt","ranger"
"qsar-biodeg","classif.ranger_calib.oof_platt",0.106942507439314,"oof","platt","ranger"
"qsar-biodeg","classif.ranger_calib.oof_platt",0.0806187285058366,"oof","platt","ranger"
"qsar-biodeg","classif.ranger_calib.oof_platt",0.0924934983183622,"oof","platt","ranger"
"qsar-biodeg","classif.ranger_calib.oof_platt",0.0736679145143866,"oof","platt","ranger"
"qsar-biodeg","classif.ranger_calib.oof_platt",0.0729975875724593,"oof","platt","ranger"
"qsar-biodeg","classif.ranger_calib.oof_beta",0.0412822167442678,"oof","beta","ranger"
"qsar-biodeg","classif.ranger_calib.oof_beta",0.0914564499470283,"oof","beta","ranger"
"qsar-biodeg","classif.ranger_calib.oof_beta",0.0987130589959024,"oof","beta","ranger"
"qsar-biodeg","classif.ranger_calib.oof_beta",0.0381867209272132,"oof","beta","ranger"
"qsar-biodeg","classif.ranger_calib.oof_beta",0.0760173100429042,"oof","beta","ranger"
"qsar-biodeg","classif.ranger_calib.oof_beta",0.0729109809103173,"oof","beta","ranger"
"qsar-biodeg","classif.ranger_calib.oof_beta",0.0738083150975571,"oof","beta","ranger"
"qsar-biodeg","classif.ranger_calib.oof_beta",0.0828517009383882,"oof","beta","ranger"
"qsar-biodeg","classif.ranger_calib.oof_beta",0.062257860089371,"oof","beta","ranger"
"qsar-biodeg","classif.ranger_calib.oof_beta",0.0474177786090662,"oof","beta","ranger"
"qsar-biodeg","classif.ranger_calib.oof_isotonic",0.0525102620365236,"oof","isotonic","ranger"
"qsar-biodeg","classif.ranger_calib.oof_isotonic",0.0825047919937952,"oof","isotonic","ranger"
"qsar-biodeg","classif.ranger_calib.oof_isotonic",0.0889121804820925,"oof","isotonic","ranger"
"qsar-biodeg","classif.ranger_calib.oof_isotonic",0.0647995446465058,"oof","isotonic","ranger"
"qsar-biodeg","classif.ranger_calib.oof_isotonic",0.0548323796547555,"oof","isotonic","ranger"
"qsar-biodeg","classif.ranger_calib.oof_isotonic",0.0879650037453244,"oof","isotonic","ranger"
"qsar-biodeg","classif.ranger_calib.oof_isotonic",0.0688860683807048,"oof","isotonic","ranger"
"qsar-biodeg","classif.ranger_calib.oof_isotonic",0.0960905115967115,"oof","isotonic","ranger"
"qsar-biodeg","classif.ranger_calib.oof_isotonic",0.0600222623471974,"oof","isotonic","ranger"
"qsar-biodeg","classif.ranger_calib.oof_isotonic",0.0841743176264605,"oof","isotonic","ranger"
"qsar-biodeg","classif.ranger_calib.perfold_platt",0.0713752294260077,"perfold","platt","ranger"
"qsar-biodeg","classif.ranger_calib.perfold_platt",0.0958587186822581,"perfold","platt","ranger"
"qsar-biodeg","classif.ranger_calib.perfold_platt",0.103894028596083,"perfold","platt","ranger"
"qsar-biodeg","classif.ranger_calib.perfold_platt",0.0556791978544784,"perfold","platt","ranger"
"qsar-biodeg","classif.ranger_calib.perfold_platt",0.0602189439709881,"perfold","platt","ranger"
"qsar-biodeg","classif.ranger_calib.perfold_platt",0.10119213961595,"perfold","platt","ranger"
"qsar-biodeg","classif.ranger_calib.perfold_platt",0.0824440962290336,"perfold","platt","ranger"
"qsar-biodeg","classif.ranger_calib.perfold_platt",0.0886180760556443,"perfold","platt","ranger"
"qsar-biodeg","classif.ranger_calib.perfold_platt",0.071150383910527,"perfold","platt","ranger"
"qsar-biodeg","classif.ranger_calib.perfold_platt",0.0710520531357127,"perfold","platt","ranger"
"qsar-biodeg","classif.ranger_calib.perfold_beta",0.0403728893163153,"perfold","beta","ranger"
"qsar-biodeg","classif.ranger_calib.perfold_beta",0.0771340184613911,"perfold","beta","ranger"
"qsar-biodeg","classif.ranger_calib.perfold_beta",0.099470733065934,"perfold","beta","ranger"
"qsar-biodeg","classif.ranger_calib.perfold_beta",0.0551388740355556,"perfold","beta","ranger"
"qsar-biodeg","classif.ranger_calib.perfold_beta",0.0657027977721687,"perfold","beta","ranger"
"qsar-biodeg","classif.ranger_calib.perfold_beta",0.0755751436658665,"perfold","beta","ranger"
"qsar-biodeg","classif.ranger_calib.perfold_beta",0.0766246688713941,"perfold","beta","ranger"
"qsar-biodeg","classif.ranger_calib.perfold_beta",0.0887607053681951,"perfold","beta","ranger"
"qsar-biodeg","classif.ranger_calib.perfold_beta",0.0606910551396176,"perfold","beta","ranger"
"qsar-biodeg","classif.ranger_calib.perfold_beta",0.0655319176814237,"perfold","beta","ranger"
"qsar-biodeg","classif.ranger_calib.perfold_isotonic",0.0498187890974176,"perfold","isotonic","ranger"
"qsar-biodeg","classif.ranger_calib.perfold_isotonic",0.0741607504052981,"perfold","isotonic","ranger"
"qsar-biodeg","classif.ranger_calib.perfold_isotonic",0.132135757811156,"perfold","isotonic","ranger"
"qsar-biodeg","classif.ranger_calib.perfold_isotonic",0.0627330901172412,"perfold","isotonic","ranger"
"qsar-biodeg","classif.ranger_calib.perfold_isotonic",0.0621669457622425,"perfold","isotonic","ranger"
"qsar-biodeg","classif.ranger_calib.perfold_isotonic",0.0969159700881905,"perfold","isotonic","ranger"
"qsar-biodeg","classif.ranger_calib.perfold_isotonic",0.0707551186834898,"perfold","isotonic","ranger"
"qsar-biodeg","classif.ranger_calib.perfold_isotonic",0.0759110241335074,"perfold","isotonic","ranger"
"qsar-biodeg","classif.ranger_calib.perfold_isotonic",0.0492896721767171,"perfold","isotonic","ranger"
"qsar-biodeg","classif.ranger_calib.perfold_isotonic",0.061585414722838,"perfold","isotonic","ranger"
"qsar-biodeg","classif.rpart",0.129237142541666,"none","none","rpart"
"qsar-biodeg","classif.rpart",0.167189878999248,"none","none","rpart"
"qsar-biodeg","classif.rpart",0.201527135652518,"none","none","rpart"
"qsar-biodeg","classif.rpart",0.123175574843254,"none","none","rpart"
"qsar-biodeg","classif.rpart",0.17831907255614,"none","none","rpart"
"qsar-biodeg","classif.rpart",0.147749437963655,"none","none","rpart"
"qsar-biodeg","classif.rpart",0.119980487546837,"none","none","rpart"
"qsar-biodeg","classif.rpart",0.202609864792487,"none","none","rpart"
"qsar-biodeg","classif.rpart",0.100184293448099,"none","none","rpart"
"qsar-biodeg","classif.rpart",0.109706532481677,"none","none","rpart"
"qsar-biodeg","classif.rpart_calib.oof_platt",0.095265637486761,"oof","platt","rpart"
"qsar-biodeg","classif.rpart_calib.oof_platt",0.142757501249382,"oof","platt","rpart"
"qsar-biodeg","classif.rpart_calib.oof_platt",0.11787503915546,"oof","platt","rpart"
"qsar-biodeg","classif.rpart_calib.oof_platt",0.117332347691048,"oof","platt","rpart"
"qsar-biodeg","classif.rpart_calib.oof_platt",0.103259523755838,"oof","platt","rpart"
"qsar-biodeg","classif.rpart_calib.oof_platt",0.100321538502052,"oof","platt","rpart"
"qsar-biodeg","classif.rpart_calib.oof_platt",0.104921089262336,"oof","platt","rpart"
"qsar-biodeg","classif.rpart_calib.oof_platt",0.117727712623356,"oof","platt","rpart"
"qsar-biodeg","classif.rpart_calib.oof_platt",0.114302898543775,"oof","platt","rpart"
"qsar-biodeg","classif.rpart_calib.oof_platt",0.0847414163487167,"oof","platt","rpart"
"qsar-biodeg","classif.rpart_calib.oof_beta",0.0807671301089037,"oof","beta","rpart"
"qsar-biodeg","classif.rpart_calib.oof_beta",0.198247456904818,"oof","beta","rpart"
"qsar-biodeg","classif.rpart_calib.oof_beta",0.138189726326445,"oof","beta","rpart"
"qsar-biodeg","classif.rpart_calib.oof_beta",0.245194497143329,"oof","beta","rpart"
"qsar-biodeg","classif.rpart_calib.oof_beta",0.121682299908154,"oof","beta","rpart"
"qsar-biodeg","classif.rpart_calib.oof_beta",0.219047619047619,"oof","beta","rpart"
"qsar-biodeg","classif.rpart_calib.oof_beta",0.170272266159358,"oof","beta","rpart"
"qsar-biodeg","classif.rpart_calib.oof_beta",0.0705943163834473,"oof","beta","rpart"
"qsar-biodeg","classif.rpart_calib.oof_beta",0.162186411716965,"oof","beta","rpart"
"qsar-biodeg","classif.rpart_calib.oof_beta",0.0826135623010385,"oof","beta","rpart"
"qsar-biodeg","classif.rpart_calib.oof_isotonic",0.173914526478006,"oof","isotonic","rpart"
"qsar-biodeg","classif.rpart_calib.oof_isotonic",0.130940195714765,"oof","isotonic","rpart"
"qsar-biodeg","classif.rpart_calib.oof_isotonic",0.17740109967214,"oof","isotonic","rpart"
"qsar-biodeg","classif.rpart_calib.oof_isotonic",0.181427760814658,"oof","isotonic","rpart"
"qsar-biodeg","classif.rpart_calib.oof_isotonic",0.16949833274044,"oof","isotonic","rpart"
"qsar-biodeg","classif.rpart_calib.oof_isotonic",0.195475810746235,"oof","isotonic","rpart"
"qsar-biodeg","classif.rpart_calib.oof_isotonic",0.103143049132148,"oof","isotonic","rpart"
"qsar-biodeg","classif.rpart_calib.oof_isotonic",0.172281307598542,"oof","isotonic","rpart"
"qsar-biodeg","classif.rpart_calib.oof_isotonic",0.0966217205553222,"oof","isotonic","rpart"
"qsar-biodeg","classif.rpart_calib.oof_isotonic",0.181239329545781,"oof","isotonic","rpart"
"qsar-biodeg","classif.rpart_calib.perfold_platt",0.107372836716147,"perfold","platt","rpart"
"qsar-biodeg","classif.rpart_calib.perfold_platt",0.123028396165713,"perfold","platt","rpart"
"qsar-biodeg","classif.rpart_calib.perfold_platt",0.127525477839126,"perfold","platt","rpart"
"qsar-biodeg","classif.rpart_calib.perfold_platt",0.123251285621203,"perfold","platt","rpart"
"qsar-biodeg","classif.rpart_calib.perfold_platt",0.111969749404574,"perfold","platt","rpart"
"qsar-biodeg","classif.rpart_calib.perfold_platt",0.108497716227839,"perfold","platt","rpart"
"qsar-biodeg","classif.rpart_calib.perfold_platt",0.0871982287879128,"perfold","platt","rpart"
"qsar-biodeg","classif.rpart_calib.perfold_platt",0.0811243469804015,"perfold","platt","rpart"
"qsar-biodeg","classif.rpart_calib.perfold_platt",0.0802908567347033,"perfold","platt","rpart"
"qsar-biodeg","classif.rpart_calib.perfold_platt",0.106989114749765,"perfold","platt","rpart"
"qsar-biodeg","classif.rpart_calib.perfold_isotonic",0.0838315656974435,"perfold","isotonic","rpart"
"qsar-biodeg","classif.rpart_calib.perfold_isotonic",0.120774036122625,"perfold","isotonic","rpart"
"qsar-biodeg","classif.rpart_calib.perfold_isotonic",0.075649181355996,"perfold","isotonic","rpart"
"qsar-biodeg","classif.rpart_calib.perfold_isotonic",0.0985040830494694,"perfold","isotonic","rpart"
"qsar-biodeg","classif.rpart_calib.perfold_isotonic",0.0956869880634736,"perfold","isotonic","rpart"
"qsar-biodeg","classif.rpart_calib.perfold_isotonic",0.117965464202505,"perfold","isotonic","rpart"
"qsar-biodeg","classif.rpart_calib.perfold_isotonic",0.118936711772396,"perfold","isotonic","rpart"
"qsar-biodeg","classif.rpart_calib.perfold_isotonic",0.124307717829712,"perfold","isotonic","rpart"
"qsar-biodeg","classif.rpart_calib.perfold_isotonic",0.115970669748795,"perfold","isotonic","rpart"
"qsar-biodeg","classif.rpart_calib.perfold_isotonic",0.108275897017842,"perfold","isotonic","rpart"
"banknote-authentication","classif.naive_bayes",0.0623309050041651,"none","none","naive_bayes"
"banknote-authentication","classif.naive_bayes",0.0795570419134391,"none","none","naive_bayes"
"banknote-authentication","classif.naive_bayes",0.0663540937801265,"none","none","naive_bayes"
"banknote-authentication","classif.naive_bayes",0.0659476247590564,"none","none","naive_bayes"
"banknote-authentication","classif.naive_bayes",0.0619263536275403,"none","none","naive_bayes"
"banknote-authentication","classif.naive_bayes",0.062670785698868,"none","none","naive_bayes"
"banknote-authentication","classif.naive_bayes",0.0450811629680987,"none","none","naive_bayes"
"banknote-authentication","classif.naive_bayes",0.0478854846947436,"none","none","naive_bayes"
"banknote-authentication","classif.naive_bayes",0.0754678748915783,"none","none","naive_bayes"
"banknote-authentication","classif.naive_bayes",0.0497257075824127,"none","none","naive_bayes"
"banknote-authentication","classif.naive_bayes_calib.oof_platt",0.0912204095098998,"oof","platt","naive_bayes"
"banknote-authentication","classif.naive_bayes_calib.oof_platt",0.112995610658852,"oof","platt","naive_bayes"
"banknote-authentication","classif.naive_bayes_calib.oof_platt",0.096641494572304,"oof","platt","naive_bayes"
"banknote-authentication","classif.naive_bayes_calib.oof_platt",0.108583316167451,"oof","platt","naive_bayes"
"banknote-authentication","classif.naive_bayes_calib.oof_platt",0.0876677599469355,"oof","platt","naive_bayes"
"banknote-authentication","classif.naive_bayes_calib.oof_platt",0.0717285524993652,"oof","platt","naive_bayes"
"banknote-authentication","classif.naive_bayes_calib.oof_platt",0.076969226583823,"oof","platt","naive_bayes"
"banknote-authentication","classif.naive_bayes_calib.oof_platt",0.0739123638807041,"oof","platt","naive_bayes"
"banknote-authentication","classif.naive_bayes_calib.oof_platt",0.0955359173637444,"oof","platt","naive_bayes"
"banknote-authentication","classif.naive_bayes_calib.oof_platt",0.0756514037233169,"oof","platt","naive_bayes"
"banknote-authentication","classif.naive_bayes_calib.oof_beta",0.0496813474145995,"oof","beta","naive_bayes"
"banknote-authentication","classif.naive_bayes_calib.oof_beta",0.0683064883300014,"oof","beta","naive_bayes"
"banknote-authentication","classif.naive_bayes_calib.oof_beta",0.0561588683636097,"oof","beta","naive_bayes"
"banknote-authentication","classif.naive_bayes_calib.oof_beta",0.0827504838094158,"oof","beta","naive_bayes"
"banknote-authentication","classif.naive_bayes_calib.oof_beta",0.0390217784336141,"oof","beta","naive_bayes"
"banknote-authentication","classif.naive_bayes_calib.oof_beta",0.047225627490136,"oof","beta","naive_bayes"
"banknote-authentication","classif.naive_bayes_calib.oof_beta",0.055579845244777,"oof","beta","naive_bayes"
"banknote-authentication","classif.naive_bayes_calib.oof_beta",0.0589256082937148,"oof","beta","naive_bayes"
"banknote-authentication","classif.naive_bayes_calib.oof_beta",0.057707586683675,"oof","beta","naive_bayes"
"banknote-authentication","classif.naive_bayes_calib.oof_beta",0.046853875382646,"oof","beta","naive_bayes"
"banknote-authentication","classif.naive_bayes_calib.oof_isotonic",0.0585509372374436,"oof","isotonic","naive_bayes"
"banknote-authentication","classif.naive_bayes_calib.oof_isotonic",0.0517911324608261,"oof","isotonic","naive_bayes"
"banknote-authentication","classif.naive_bayes_calib.oof_isotonic",0.0450562774547945,"oof","isotonic","naive_bayes"
"banknote-authentication","classif.naive_bayes_calib.oof_isotonic",0.0872974007800472,"oof","isotonic","naive_bayes"
"banknote-authentication","classif.naive_bayes_calib.oof_isotonic",0.0447193407855482,"oof","isotonic","naive_bayes"
"banknote-authentication","classif.naive_bayes_calib.oof_isotonic",0.0340711595525021,"oof","isotonic","naive_bayes"
"banknote-authentication","classif.naive_bayes_calib.oof_isotonic",0.0840819885314185,"oof","isotonic","naive_bayes"
"banknote-authentication","classif.naive_bayes_calib.oof_isotonic",0.0586086187750821,"oof","isotonic","naive_bayes"
"banknote-authentication","classif.naive_bayes_calib.oof_isotonic",0.0955197682402079,"oof","isotonic","naive_bayes"
"banknote-authentication","classif.naive_bayes_calib.oof_isotonic",0.0538703872704201,"oof","isotonic","naive_bayes"
"banknote-authentication","classif.naive_bayes_calib.perfold_platt",0.0913005332255566,"perfold","platt","naive_bayes"
"banknote-authentication","classif.naive_bayes_calib.perfold_platt",0.112125575139969,"perfold","platt","naive_bayes"
"banknote-authentication","classif.naive_bayes_calib.perfold_platt",0.096389299607128,"perfold","platt","naive_bayes"
"banknote-authentication","classif.naive_bayes_calib.perfold_platt",0.10677252080634,"perfold","platt","naive_bayes"
"banknote-authentication","classif.naive_bayes_calib.perfold_platt",0.074075259520811,"perfold","platt","naive_bayes"
"banknote-authentication","classif.naive_bayes_calib.perfold_platt",0.0684101649948637,"perfold","platt","naive_bayes"
"banknote-authentication","classif.naive_bayes_calib.perfold_platt",0.0717263106053006,"perfold","platt","naive_bayes"
"banknote-authentication","classif.naive_bayes_calib.perfold_platt",0.0699870080508474,"perfold","platt","naive_bayes"
"banknote-authentication","classif.naive_bayes_calib.perfold_platt",0.0947515869801934,"perfold","platt","naive_bayes"
"banknote-authentication","classif.naive_bayes_calib.perfold_platt",0.0755962811797809,"perfold","platt","naive_bayes"
"banknote-authentication","classif.naive_bayes_calib.perfold_beta",0.0497597602059167,"perfold","beta","naive_bayes"
"banknote-authentication","classif.naive_bayes_calib.perfold_beta",0.0674381312678052,"perfold","beta","naive_bayes"
"banknote-authentication","classif.naive_bayes_calib.perfold_beta",0.0537348133770866,"perfold","beta","naive_bayes"
"banknote-authentication","classif.naive_bayes_calib.perfold_beta",0.0786358087160444,"perfold","beta","naive_bayes"
"banknote-authentication","classif.naive_bayes_calib.perfold_beta",0.0434805304157959,"perfold","beta","naive_bayes"
"banknote-authentication","classif.naive_bayes_calib.perfold_beta",0.0476563199620065,"perfold","beta","naive_bayes"
"banknote-authentication","classif.naive_bayes_calib.perfold_beta",0.0535394503870102,"perfold","beta","naive_bayes"
"banknote-authentication","classif.naive_bayes_calib.perfold_beta",0.0573829437475516,"perfold","beta","naive_bayes"
"banknote-authentication","classif.naive_bayes_calib.perfold_beta",0.0599048746978214,"perfold","beta","naive_bayes"
"banknote-authentication","classif.naive_bayes_calib.perfold_beta",0.044009535580908,"perfold","beta","naive_bayes"
"banknote-authentication","classif.naive_bayes_calib.perfold_isotonic",0.0354563286633436,"perfold","isotonic","naive_bayes"
"banknote-authentication","classif.naive_bayes_calib.perfold_isotonic",0.0473454201293571,"perfold","isotonic","naive_bayes"
"banknote-authentication","classif.naive_bayes_calib.perfold_isotonic",0.0696708082269172,"perfold","isotonic","naive_bayes"
"banknote-authentication","classif.naive_bayes_calib.perfold_isotonic",0.0525652423051313,"perfold","isotonic","naive_bayes"
"banknote-authentication","classif.naive_bayes_calib.perfold_isotonic",0.0379322242559621,"perfold","isotonic","naive_bayes"
"banknote-authentication","classif.naive_bayes_calib.perfold_isotonic",0.0294466365869601,"perfold","isotonic","naive_bayes"
"banknote-authentication","classif.naive_bayes_calib.perfold_isotonic",0.0426190160320983,"perfold","isotonic","naive_bayes"
"banknote-authentication","classif.naive_bayes_calib.perfold_isotonic",0.0670912030510596,"perfold","isotonic","naive_bayes"
"banknote-authentication","classif.naive_bayes_calib.perfold_isotonic",0.045978501996091,"perfold","isotonic","naive_bayes"
"banknote-authentication","classif.naive_bayes_calib.perfold_isotonic",0.0353693312749883,"perfold","isotonic","naive_bayes"
"banknote-authentication","classif.ranger",0.0233363239015413,"none","none","ranger"
"banknote-authentication","classif.ranger",0.0171164021164021,"none","none","ranger"
"banknote-authentication","classif.ranger",0.0197849785656355,"none","none","ranger"
"banknote-authentication","classif.ranger",0.0169783686710694,"none","none","ranger"
"banknote-authentication","classif.ranger",0.010933698296837,"none","none","ranger"
"banknote-authentication","classif.ranger",0.0205758776503302,"none","none","ranger"
"banknote-authentication","classif.ranger",0.00684686594832579,"none","none","ranger"
"banknote-authentication","classif.ranger",0.00978880778588807,"none","none","ranger"
"banknote-authentication","classif.ranger",0.0100443691345151,"none","none","ranger"
"banknote-authentication","classif.ranger",0.0100955798864558,"none","none","ranger"
"banknote-authentication","classif.ranger_calib.oof_platt",0.0112550277696909,"oof","platt","ranger"
"banknote-authentication","classif.ranger_calib.oof_platt",0.0138860924249288,"oof","platt","ranger"
"banknote-authentication","classif.ranger_calib.oof_platt",0.0113977730640655,"oof","platt","ranger"
"banknote-authentication","classif.ranger_calib.oof_platt",0.0114422083215415,"oof","platt","ranger"
"banknote-authentication","classif.ranger_calib.oof_platt",0.0085138564602525,"oof","platt","ranger"
"banknote-authentication","classif.ranger_calib.oof_platt",0.0136450256787124,"oof","platt","ranger"
"banknote-authentication","classif.ranger_calib.oof_platt",0.00551022447427741,"oof","platt","ranger"
"banknote-authentication","classif.ranger_calib.oof_platt",0.00746659583983457,"oof","platt","ranger"
"banknote-authentication","classif.ranger_calib.oof_platt",0.00790025987375819,"oof","platt","ranger"
"banknote-authentication","classif.ranger_calib.oof_platt",0.00514127523376629,"oof","platt","ranger"
"banknote-authentication","classif.ranger_calib.oof_beta",0.0122111682771117,"oof","beta","ranger"
"banknote-authentication","classif.ranger_calib.oof_beta",0.00994704299082526,"oof","beta","ranger"
"banknote-authentication","classif.ranger_calib.oof_beta",0.0104776284412096,"oof","beta","ranger"
"banknote-authentication","classif.ranger_calib.oof_beta",0.0105897955852145,"oof","beta","ranger"
"banknote-authentication","classif.ranger_calib.oof_beta",0.00679152365187609,"oof","beta","ranger"
"banknote-authentication","classif.ranger_calib.oof_beta",0.0117440038128165,"oof","beta","ranger"
"banknote-authentication","classif.ranger_calib.oof_beta",0.00414642215919618,"oof","beta","ranger"
"banknote-authentication","classif.ranger_calib.oof_beta",0.00620445268474418,"oof","beta","ranger"
"banknote-authentication","classif.ranger_calib.oof_beta",0.00496367127017841,"oof","beta","ranger"
"banknote-authentication","classif.ranger_calib.oof_beta",0.00448485947483256,"oof","beta","ranger"
"banknote-authentication","classif.ranger_calib.oof_isotonic",0.015855762594893,"oof","isotonic","ranger"
"banknote-authentication","classif.ranger_calib.oof_isotonic",0.0146762657632223,"oof","isotonic","ranger"
"banknote-authentication","classif.ranger_calib.oof_isotonic",0.00547445255474453,"oof","isotonic","ranger"
"banknote-authentication","classif.ranger_calib.oof_isotonic",0.00990615224191866,"oof","isotonic","ranger"
"banknote-authentication","classif.ranger_calib.oof_isotonic",0.00437956204379562,"oof","isotonic","ranger"
"banknote-authentication","classif.ranger_calib.oof_isotonic",0.010948905109489,"oof","isotonic","ranger"
"banknote-authentication","classif.ranger_calib.oof_isotonic",0.00486618004866179,"oof","isotonic","ranger"
"banknote-authentication","classif.ranger_calib.oof_isotonic",0.0062043795620438,"oof","isotonic","ranger"
"banknote-authentication","classif.ranger_calib.oof_isotonic",0.00295446645811608,"oof","isotonic","ranger"
"banknote-authentication","classif.ranger_calib.oof_isotonic",0.000811030008110297,"oof","isotonic","ranger"
"banknote-authentication","classif.ranger_calib.perfold_platt",0.0135637976795644,"perfold","platt","ranger"
"banknote-authentication","classif.ranger_calib.perfold_platt",0.01094153253384,"perfold","platt","ranger"
"banknote-authentication","classif.ranger_calib.perfold_platt",0.012495872829669,"perfold","platt","ranger"
"banknote-authentication","classif.ranger_calib.perfold_platt",0.00814816049584853,"perfold","platt","ranger"
"banknote-authentication","classif.ranger_calib.perfold_platt",0.0061628692950712,"perfold","platt","ranger"
"banknote-authentication","classif.ranger_calib.perfold_platt",0.0121973697057463,"perfold","platt","ranger"
"banknote-authentication","classif.ranger_calib.perfold_platt",0.00318299784622679,"perfold","platt","ranger"
"banknote-authentication","classif.ranger_calib.perfold_platt",0.00659172698190298,"perfold","platt","ranger"
"banknote-authentication","classif.ranger_calib.perfold_platt",0.00685606112863101,"perfold","platt","ranger"
"banknote-authentication","classif.ranger_calib.perfold_platt",0.00876985476370511,"perfold","platt","ranger"
"banknote-authentication","classif.ranger_calib.perfold_beta",0.00911222213424331,"perfold","beta","ranger"
"banknote-authentication","classif.ranger_calib.perfold_beta",0.00773191621257106,"perfold","beta","ranger"
"banknote-authentication","classif.ranger_calib.perfold_beta",0.00561712939363906,"perfold","beta","ranger"
"banknote-authentication","classif.ranger_calib.perfold_beta",0.0103747883532422,"perfold","beta","ranger"
"banknote-authentication","classif.ranger_calib.perfold_beta",0.00908067319760326,"perfold","beta","ranger"
"banknote-authentication","classif.ranger_calib.perfold_beta",0.0128787229929955,"perfold","beta","ranger"
"banknote-authentication","classif.ranger_calib.perfold_beta",0.00272179274739349,"perfold","beta","ranger"
"banknote-authentication","classif.ranger_calib.perfold_beta",0.00548686535911207,"perfold","beta","ranger"
"banknote-authentication","classif.ranger_calib.perfold_beta",0.00560465424237651,"perfold","beta","ranger"
"banknote-authentication","classif.ranger_calib.perfold_beta",0.00432322917275702,"perfold","beta","ranger"
"banknote-authentication","classif.ranger_calib.perfold_isotonic",0.00563607085346217,"perfold","isotonic","ranger"
"banknote-authentication","classif.ranger_calib.perfold_isotonic",0.00805152979066023,"perfold","isotonic","ranger"
"banknote-authentication","classif.ranger_calib.perfold_isotonic",0.00551500405515005,"perfold","isotonic","ranger"
"banknote-authentication","classif.ranger_calib.perfold_isotonic",0.0149229521492295,"perfold","isotonic","ranger"
"banknote-authentication","classif.ranger_calib.perfold_isotonic",0.00778588807785888,"perfold","isotonic","ranger"
"banknote-authentication","classif.ranger_calib.perfold_isotonic",0.00987834549878346,"perfold","isotonic","ranger"
"banknote-authentication","classif.ranger_calib.perfold_isotonic",0.00496350364963504,"perfold","isotonic","ranger"
"banknote-authentication","classif.ranger_calib.perfold_isotonic",0.00729927007299269,"perfold","isotonic","ranger"
"banknote-authentication","classif.ranger_calib.perfold_isotonic",0.00569343065693431,"perfold","isotonic","ranger"
"banknote-authentication","classif.ranger_calib.perfold_isotonic",0.00992700729927007,"perfold","isotonic","ranger"
"banknote-authentication","classif.rpart",0.0143830926193151,"none","none","rpart"
"banknote-authentication","classif.rpart",0.045112006917164,"none","none","rpart"
"banknote-authentication","classif.rpart",0.0318606716218921,"none","none","rpart"
"banknote-authentication","classif.rpart",0.0312363080133935,"none","none","rpart"
"banknote-authentication","classif.rpart",0.00705754861163158,"none","none","rpart"
"banknote-authentication","classif.rpart",0.0696318291791804,"none","none","rpart"
"banknote-authentication","classif.rpart",0.0156300721788782,"none","none","rpart"
"banknote-authentication","classif.rpart",0.0501574479530369,"none","none","rpart"
"banknote-authentication","classif.rpart",0.0550472890608596,"none","none","rpart"
"banknote-authentication","classif.rpart",0.0439086480524719,"none","none","rpart"
"banknote-authentication","classif.rpart_calib.oof_platt",0.0348877373157138,"oof","platt","rpart"
"banknote-authentication","classif.rpart_calib.oof_platt",0.0562145229249429,"oof","platt","rpart"
"banknote-authentication","classif.rpart_calib.oof_platt",0.0331613016146064,"oof","platt","rpart"
"banknote-authentication","classif.rpart_calib.oof_platt",0.0540170824568731,"oof","platt","rpart"
"banknote-authentication","classif.rpart_calib.oof_platt",0.02375127805027,"oof","platt","rpart"
"banknote-authentication","classif.rpart_calib.oof_platt",0.0489435475740624,"oof","platt","rpart"
"banknote-authentication","classif.rpart_calib.oof_platt",0.0430546510155662,"oof","platt","rpart"
"banknote-authentication","classif.rpart_calib.oof_platt",0.0293722172659159,"oof","platt","rpart"
"banknote-authentication","classif.rpart_calib.oof_platt",0.0490460586203819,"oof","platt","rpart"
"banknote-authentication","classif.rpart_calib.oof_platt",0.0458223939559079,"oof","platt","rpart"
"banknote-authentication","classif.rpart_calib.oof_beta",0.087863657567248,"oof","beta","rpart"
"banknote-authentication","classif.rpart_calib.oof_beta",0.112406612235918,"oof","beta","rpart"
"banknote-authentication","classif.rpart_calib.oof_beta",0.0634624701575683,"oof","beta","rpart"
"banknote-authentication","classif.rpart_calib.oof_beta",0.0717117801989436,"oof","beta","rpart"
"banknote-authentication","classif.rpart_calib.oof_beta",0.079232990774363,"oof","beta","rpart"
"banknote-authentication","classif.rpart_calib.oof_beta",0.0145985401459856,"oof","beta","rpart"
"banknote-authentication","classif.rpart_calib.oof_beta",0.0640831510584287,"oof","beta","rpart"
"banknote-authentication","classif.rpart_calib.oof_beta",0.0914949504765529,"oof","beta","rpart"
"banknote-authentication","classif.rpart_calib.oof_beta",0.0599275826771527,"oof","beta","rpart"
"banknote-authentication","classif.rpart_calib.oof_beta",0.0665085285495335,"oof","beta","rpart"
"banknote-authentication","classif.rpart_calib.oof_isotonic",0.049783378180282,"oof","isotonic","rpart"
"banknote-authentication","classif.rpart_calib.oof_isotonic",0.0361538623477809,"oof","isotonic","rpart"
"banknote-authentication","classif.rpart_calib.oof_isotonic",0.0537754052282333,"oof","isotonic","rpart"
"banknote-authentication","classif.rpart_calib.oof_isotonic",0.0483845404775404,"oof","isotonic","rpart"
"banknote-authentication","classif.rpart_calib.oof_isotonic",0.0449268465636409,"oof","isotonic","rpart"
"banknote-authentication","classif.rpart_calib.oof_isotonic",0.0250372840634521,"oof","isotonic","rpart"
"banknote-authentication","classif.rpart_calib.oof_isotonic",0.0421425000230417,"oof","isotonic","rpart"
"banknote-authentication","classif.rpart_calib.oof_isotonic",0.0335762200175986,"oof","isotonic","rpart"
"banknote-authentication","classif.rpart_calib.oof_isotonic",0.0271344716032364,"oof","isotonic","rpart"
"banknote-authentication","classif.rpart_calib.oof_isotonic",0.0404173861208847,"oof","isotonic","rpart"
"banknote-authentication","classif.rpart_calib.perfold_platt",0.0317028433478354,"perfold","platt","rpart"
"banknote-authentication","classif.rpart_calib.perfold_platt",0.0482149597075824,"perfold","platt","rpart"
"banknote-authentication","classif.rpart_calib.perfold_platt",0.0382092457633608,"perfold","platt","rpart"
"banknote-authentication","classif.rpart_calib.perfold_platt",0.0435555386368673,"perfold","platt","rpart"
"banknote-authentication","classif.rpart_calib.perfold_platt",0.0279267982801399,"perfold","platt","rpart"
"banknote-authentication","classif.rpart_calib.perfold_platt",0.0466487059996504,"perfold","platt","rpart"
"banknote-authentication","classif.rpart_calib.perfold_platt",0.0309738713833472,"perfold","platt","rpart"
"banknote-authentication","classif.rpart_calib.perfold_platt",0.0307576877596223,"perfold","platt","rpart"
"banknote-authentication","classif.rpart_calib.perfold_platt",0.0469401568900325,"perfold","platt","rpart"
"banknote-authentication","classif.rpart_calib.perfold_platt",0.0534417302240086,"perfold","platt","rpart"
"banknote-authentication","classif.rpart_calib.perfold_isotonic",0.0323549736129929,"perfold","isotonic","rpart"
"banknote-authentication","classif.rpart_calib.perfold_isotonic",0.173997485789396,"perfold","isotonic","rpart"
"banknote-authentication","classif.rpart_calib.perfold_isotonic",0.0898608674496677,"perfold","isotonic","rpart"
"banknote-authentication","classif.rpart_calib.perfold_isotonic",0.116469031938707,"perfold","isotonic","rpart"
"banknote-authentication","classif.rpart_calib.perfold_isotonic",0.0660912755828726,"perfold","isotonic","rpart"
"banknote-authentication","classif.rpart_calib.perfold_isotonic",0.0330997066848157,"perfold","isotonic","rpart"
"banknote-authentication","classif.rpart_calib.perfold_isotonic",0.0222487083831886,"perfold","isotonic","rpart"
"banknote-authentication","classif.rpart_calib.perfold_isotonic",0.114059450451723,"perfold","isotonic","rpart"
"banknote-authentication","classif.rpart_calib.perfold_isotonic",0.103508682412668,"perfold","isotonic","rpart"
"banknote-authentication","classif.rpart_calib.perfold_isotonic",0.0446360930128079,"perfold","isotonic","rpart"
"wilt","classif.naive_bayes",0.118811880888229,"none","none","naive_bayes"
"wilt","classif.naive_bayes",0.135220633498305,"none","none","naive_bayes"
"wilt","classif.naive_bayes",0.117244725210794,"none","none","naive_bayes"
"wilt","classif.naive_bayes",0.127560819041527,"none","none","naive_bayes"
"wilt","classif.naive_bayes",0.10432056259264,"none","none","naive_bayes"
"wilt","classif.naive_bayes",0.13202758876068,"none","none","naive_bayes"
"wilt","classif.naive_bayes",0.110526098490002,"none","none","naive_bayes"
"wilt","classif.naive_bayes",0.148917785365358,"none","none","naive_bayes"
"wilt","classif.naive_bayes",0.107851394812824,"none","none","naive_bayes"
"wilt","classif.naive_bayes",0.138253969922812,"none","none","naive_bayes"
"wilt","classif.naive_bayes_calib.oof_platt",0.0231134920140483,"oof","platt","naive_bayes"
"wilt","classif.naive_bayes_calib.oof_platt",0.015580720288278,"oof","platt","naive_bayes"
"wilt","classif.naive_bayes_calib.oof_platt",0.0198563736675275,"oof","platt","naive_bayes"
"wilt","classif.naive_bayes_calib.oof_platt",0.0239261418529303,"oof","platt","naive_bayes"
"wilt","classif.naive_bayes_calib.oof_platt",0.01877840536531,"oof","platt","naive_bayes"
"wilt","classif.naive_bayes_calib.oof_platt",0.0141526055093819,"oof","platt","naive_bayes"
"wilt","classif.naive_bayes_calib.oof_platt",0.0239266564761386,"oof","platt","naive_bayes"
"wilt","classif.naive_bayes_calib.oof_platt",0.0256442590249731,"oof","platt","naive_bayes"
"wilt","classif.naive_bayes_calib.oof_platt",0.0245928950362208,"oof","platt","naive_bayes"
"wilt","classif.naive_bayes_calib.oof_platt",0.0359051033516825,"oof","platt","naive_bayes"
"wilt","classif.naive_bayes_calib.oof_beta",0.0101675007901847,"oof","beta","naive_bayes"
"wilt","classif.naive_bayes_calib.oof_beta",0.0203586332446526,"oof","beta","naive_bayes"
"wilt","classif.naive_bayes_calib.oof_beta",0.0141475221987152,"oof","beta","naive_bayes"
"wilt","classif.naive_bayes_calib.oof_beta",0.0342925996057698,"oof","beta","naive_bayes"
"wilt","classif.naive_bayes_calib.oof_beta",0.0245950211717411,"oof","beta","naive_bayes"
"wilt","classif.naive_bayes_calib.oof_beta",0.0217015879803314,"oof","beta","naive_bayes"
"wilt","classif.naive_bayes_calib.oof_beta",0.027046516626922,"oof","beta","naive_bayes"
"wilt","classif.naive_bayes_calib.oof_beta",0.0256600640442566,"oof","beta","naive_bayes"
"wilt","classif.naive_bayes_calib.oof_beta",0.0222708118392698,"oof","beta","naive_bayes"
"wilt","classif.naive_bayes_calib.oof_beta",0.0477771078041992,"oof","beta","naive_bayes"
"wilt","classif.naive_bayes_calib.oof_isotonic",0.0462114919911862,"oof","isotonic","naive_bayes"
"wilt","classif.naive_bayes_calib.oof_isotonic",0.0184699808596691,"oof","isotonic","naive_bayes"
"wilt","classif.naive_bayes_calib.oof_isotonic",0.0206338908829735,"oof","isotonic","naive_bayes"
"wilt","classif.naive_bayes_calib.oof_isotonic",0.0226631227113606,"oof","isotonic","naive_bayes"
"wilt","classif.naive_bayes_calib.oof_isotonic",0.0261325991399834,"oof","isotonic","naive_bayes"
"wilt","classif.naive_bayes_calib.oof_isotonic",0.026005327352767,"oof","isotonic","naive_bayes"
"wilt","classif.naive_bayes_calib.oof_isotonic",0.036974500634495,"oof","isotonic","naive_bayes"
"wilt","classif.naive_bayes_calib.oof_isotonic",0.0422298204672743,"oof","isotonic","naive_bayes"
"wilt","classif.naive_bayes_calib.oof_isotonic",0.0315389866109908,"oof","isotonic","naive_bayes"
"wilt","classif.naive_bayes_calib.oof_isotonic",0.0300930242222284,"oof","isotonic","naive_bayes"
"wilt","classif.naive_bayes_calib.perfold_platt",0.0239734300766137,"perfold","platt","naive_bayes"
"wilt","classif.naive_bayes_calib.perfold_platt",0.0188866424684054,"perfold","platt","naive_bayes"
"wilt","classif.naive_bayes_calib.perfold_platt",0.0224479664702319,"perfold","platt","naive_bayes"
"wilt","classif.naive_bayes_calib.perfold_platt",0.023803540617666,"perfold","platt","naive_bayes"
"wilt","classif.naive_bayes_calib.perfold_platt",0.0179278468087582,"perfold","platt","naive_bayes"
"wilt","classif.naive_bayes_calib.perfold_platt",0.0180237525410426,"perfold","platt","naive_bayes"
"wilt","classif.naive_bayes_calib.perfold_platt",0.0212158113115346,"perfold","platt","naive_bayes"
"wilt","classif.naive_bayes_calib.perfold_platt",0.0264436879570951,"perfold","platt","naive_bayes"
"wilt","classif.naive_bayes_calib.perfold_platt",0.0212692403631699,"perfold","platt","naive_bayes"
"wilt","classif.naive_bayes_calib.perfold_platt",0.0324895995820859,"perfold","platt","naive_bayes"
"wilt","classif.naive_bayes_calib.perfold_beta",0.0358692306923859,"perfold","beta","naive_bayes"
"wilt","classif.naive_bayes_calib.perfold_beta",0.0342301174501065,"perfold","beta","naive_bayes"
"wilt","classif.naive_bayes_calib.perfold_beta",0.0357000932615892,"perfold","beta","naive_bayes"
"wilt","classif.naive_bayes_calib.perfold_beta",0.0332567346806935,"perfold","beta","naive_bayes"
"wilt","classif.naive_bayes_calib.perfold_beta",0.0160731242124161,"perfold","beta","naive_bayes"
"wilt","classif.naive_bayes_calib.perfold_beta",0.0309111144283207,"perfold","beta","naive_bayes"
"wilt","classif.naive_bayes_calib.perfold_beta",0.0400785495652043,"perfold","beta","naive_bayes"
"wilt","classif.naive_bayes_calib.perfold_beta",0.0398211213799209,"perfold","beta","naive_bayes"
"wilt","classif.naive_bayes_calib.perfold_beta",0.0255902808955875,"perfold","beta","naive_bayes"
"wilt","classif.naive_bayes_calib.perfold_beta",0.0294902155471841,"perfold","beta","naive_bayes"
"wilt","classif.naive_bayes_calib.perfold_isotonic",0.0204125467369315,"perfold","isotonic","naive_bayes"
"wilt","classif.naive_bayes_calib.perfold_isotonic",0.0201107462643668,"perfold","isotonic","naive_bayes"
"wilt","classif.naive_bayes_calib.perfold_isotonic",0.0197615965584471,"perfold","isotonic","naive_bayes"
"wilt","classif.naive_bayes_calib.perfold_isotonic",0.0157592702623345,"perfold","isotonic","naive_bayes"
"wilt","classif.naive_bayes_calib.perfold_isotonic",0.0150281556166561,"perfold","isotonic","naive_bayes"
"wilt","classif.naive_bayes_calib.perfold_isotonic",0.0137481493992634,"perfold","isotonic","naive_bayes"
"wilt","classif.naive_bayes_calib.perfold_isotonic",0.0169484855685803,"perfold","isotonic","naive_bayes"
"wilt","classif.naive_bayes_calib.perfold_isotonic",0.0330741234544778,"perfold","isotonic","naive_bayes"
"wilt","classif.naive_bayes_calib.perfold_isotonic",0.012711589816632,"perfold","isotonic","naive_bayes"
"wilt","classif.naive_bayes_calib.perfold_isotonic",0.0199417111775327,"perfold","isotonic","naive_bayes"
"wilt","classif.ranger",0.0136036304604486,"none","none","ranger"
"wilt","classif.ranger",0.00926572051685687,"none","none","ranger"
"wilt","classif.ranger",0.0119730798242162,"none","none","ranger"
"wilt","classif.ranger",0.0160879952118589,"none","none","ranger"
"wilt","classif.ranger",0.00836519414928505,"none","none","ranger"
"wilt","classif.ranger",0.0086136002886003,"none","none","ranger"
"wilt","classif.ranger",0.020653015545061,"none","none","ranger"
"wilt","classif.ranger",0.0116435474878657,"none","none","ranger"
"wilt","classif.ranger",0.0126565230224321,"none","none","ranger"
"wilt","classif.ranger",0.0117313713891354,"none","none","ranger"
"wilt","classif.ranger_calib.oof_platt",0.0114938458454355,"oof","platt","ranger"
"wilt","classif.ranger_calib.oof_platt",0.00618631017829233,"oof","platt","ranger"
"wilt","classif.ranger_calib.oof_platt",0.00722698202599262,"oof","platt","ranger"
"wilt","classif.ranger_calib.oof_platt",0.012618746388,"oof","platt","ranger"
"wilt","classif.ranger_calib.oof_platt",0.00852927710131424,"oof","platt","ranger"
"wilt","classif.ranger_calib.oof_platt",0.00736297969788469,"oof","platt","ranger"
"wilt","classif.ranger_calib.oof_platt",0.0221520496573416,"oof","platt","ranger"
"wilt","classif.ranger_calib.oof_platt",0.0117869459390567,"oof","platt","ranger"
"wilt","classif.ranger_calib.oof_platt",0.0105988446408302,"oof","platt","ranger"
"wilt","classif.ranger_calib.oof_platt",0.00664609013499621,"oof","platt","ranger"
"wilt","classif.ranger_calib.oof_beta",0.00780134029979526,"oof","beta","ranger"
"wilt","classif.ranger_calib.oof_beta",0.00671645907913524,"oof","beta","ranger"
"wilt","classif.ranger_calib.oof_beta",0.00277711228794722,"oof","beta","ranger"
"wilt","classif.ranger_calib.oof_beta",0.00732691606236018,"oof","beta","ranger"
"wilt","classif.ranger_calib.oof_beta",0.0084647634195173,"oof","beta","ranger"
"wilt","classif.ranger_calib.oof_beta",0.00569252368735174,"oof","beta","ranger"
"wilt","classif.ranger_calib.oof_beta",0.0192649586442458,"oof","beta","ranger"
"wilt","classif.ranger_calib.oof_beta",0.00538900239013299,"oof","beta","ranger"
"wilt","classif.ranger_calib.oof_beta",0.00649233398807927,"oof","beta","ranger"
"wilt","classif.ranger_calib.oof_beta",0.00463663152768464,"oof","beta","ranger"
"wilt","classif.ranger_calib.oof_isotonic",0.00388934265260714,"oof","isotonic","ranger"
"wilt","classif.ranger_calib.oof_isotonic",0.00573369009657662,"oof","isotonic","ranger"
"wilt","classif.ranger_calib.oof_isotonic",0.002771091072725,"oof","isotonic","ranger"
"wilt","classif.ranger_calib.oof_isotonic",0.00723712100933449,"oof","isotonic","ranger"
"wilt","classif.ranger_calib.oof_isotonic",0.00806714651354327,"oof","isotonic","ranger"
"wilt","classif.ranger_calib.oof_isotonic",0.00901933156149484,"oof","isotonic","ranger"
"wilt","classif.ranger_calib.oof_isotonic",0.013324600322845,"oof","isotonic","ranger"
"wilt","classif.ranger_calib.oof_isotonic",0.00514874894465418,"oof","isotonic","ranger"
"wilt","classif.ranger_calib.oof_isotonic",0.00430300277819409,"oof","isotonic","ranger"
"wilt","classif.ranger_calib.oof_isotonic",0.00439164214893373,"oof","isotonic","ranger"
"wilt","classif.ranger_calib.perfold_platt",0.0105687011524627,"perfold","platt","ranger"
"wilt","classif.ranger_calib.perfold_platt",0.00684314503800091,"perfold","platt","ranger"
"wilt","classif.ranger_calib.perfold_platt",0.00538305737411322,"perfold","platt","ranger"
"wilt","classif.ranger_calib.perfold_platt",0.0111756098768627,"perfold","platt","ranger"
"wilt","classif.ranger_calib.perfold_platt",0.00792138163398353,"perfold","platt","ranger"
"wilt","classif.ranger_calib.perfold_platt",0.00728599860155802,"perfold","platt","ranger"
"wilt","classif.ranger_calib.perfold_platt",0.0201415615221105,"perfold","platt","ranger"
"wilt","classif.ranger_calib.perfold_platt",0.0114378803896176,"perfold","platt","ranger"
"wilt","classif.ranger_calib.perfold_platt",0.0103880866574238,"perfold","platt","ranger"
"wilt","classif.ranger_calib.perfold_platt",0.00508146986287181,"perfold","platt","ranger"
"wilt","classif.ranger_calib.perfold_beta",0.00310008377491588,"perfold","beta","ranger"
"wilt","classif.ranger_calib.perfold_beta",0.00804218180560436,"perfold","beta","ranger"
"wilt","classif.ranger_calib.perfold_beta",0.00431000302227042,"perfold","beta","ranger"
"wilt","classif.ranger_calib.perfold_beta",0.00621143895979381,"perfold","beta","ranger"
"wilt","classif.ranger_calib.perfold_beta",0.00978431574987977,"perfold","beta","ranger"
"wilt","classif.ranger_calib.perfold_beta",0.00830665267543713,"perfold","beta","ranger"
"wilt","classif.ranger_calib.perfold_beta",0.0123138481376598,"perfold","beta","ranger"
"wilt","classif.ranger_calib.perfold_beta",0.00365666723361856,"perfold","beta","ranger"
"wilt","classif.ranger_calib.perfold_beta",0.00438061776241483,"perfold","beta","ranger"
"wilt","classif.ranger_calib.perfold_beta",0.00528982123739229,"perfold","beta","ranger"
"wilt","classif.ranger_calib.perfold_isotonic",0.00370472901209103,"perfold","isotonic","ranger"
"wilt","classif.ranger_calib.perfold_isotonic",0.00718292734331494,"perfold","isotonic","ranger"
"wilt","classif.ranger_calib.perfold_isotonic",0.0035496124437227,"perfold","isotonic","ranger"
"wilt","classif.ranger_calib.perfold_isotonic",0.00691099806149461,"perfold","isotonic","ranger"
"wilt","classif.ranger_calib.perfold_isotonic",0.00488723172577502,"perfold","isotonic","ranger"
"wilt","classif.ranger_calib.perfold_isotonic",0.00833048689271345,"perfold","isotonic","ranger"
"wilt","classif.ranger_calib.perfold_isotonic",0.0121111315552473,"perfold","isotonic","ranger"
"wilt","classif.ranger_calib.perfold_isotonic",0.00298207396221558,"perfold","isotonic","ranger"
"wilt","classif.ranger_calib.perfold_isotonic",0.00446002467463206,"perfold","isotonic","ranger"
"wilt","classif.ranger_calib.perfold_isotonic",0.00450969639852975,"perfold","isotonic","ranger"
"wilt","classif.rpart",0.0149188134819589,"none","none","rpart"
"wilt","classif.rpart",0.00911005302149541,"none","none","rpart"
"wilt","classif.rpart",0.0145618537335452,"none","none","rpart"
"wilt","classif.rpart",0.0101753753941571,"none","none","rpart"
"wilt","classif.rpart",0.0124032069104443,"none","none","rpart"
"wilt","classif.rpart",0.020510105704725,"none","none","rpart"
"wilt","classif.rpart",0.0155631574920241,"none","none","rpart"
"wilt","classif.rpart",0.0120550834562044,"none","none","rpart"
"wilt","classif.rpart",0.00729846382070951,"none","none","rpart"
"wilt","classif.rpart",0.00795135231964965,"none","none","rpart"
"wilt","classif.rpart_calib.oof_platt",0.0222819073586053,"oof","platt","rpart"
"wilt","classif.rpart_calib.oof_platt",0.0161853939326716,"oof","platt","rpart"
"wilt","classif.rpart_calib.oof_platt",0.0186876075007041,"oof","platt","rpart"
"wilt","classif.rpart_calib.oof_platt",0.02169554206623,"oof","platt","rpart"
"wilt","classif.rpart_calib.oof_platt",0.0186269323475278,"oof","platt","rpart"
"wilt","classif.rpart_calib.oof_platt",0.0121393259382735,"oof","platt","rpart"
"wilt","classif.rpart_calib.oof_platt",0.0296098686847115,"oof","platt","rpart"
"wilt","classif.rpart_calib.oof_platt",0.0263683635409232,"oof","platt","rpart"
"wilt","classif.rpart_calib.oof_platt",0.025507552097993,"oof","platt","rpart"
"wilt","classif.rpart_calib.oof_platt",0.0143057677907957,"oof","platt","rpart"
"wilt","classif.rpart_calib.oof_beta",0.0279459784965669,"oof","beta","rpart"
"wilt","classif.rpart_calib.oof_beta",0.053719008264463,"oof","beta","rpart"
"wilt","classif.rpart_calib.oof_beta",0.0206611570247935,"oof","beta","rpart"
"wilt","classif.rpart_calib.oof_beta",0.053719008264463,"oof","beta","rpart"
"wilt","classif.rpart_calib.oof_beta",0.0247933884297522,"oof","beta","rpart"
"wilt","classif.rpart_calib.oof_beta",0.0144101467299127,"oof","beta","rpart"
"wilt","classif.rpart_calib.oof_beta",0.0144741862036057,"oof","beta","rpart"
"wilt","classif.rpart_calib.oof_beta",0.053719008264463,"oof","beta","rpart"
"wilt","classif.rpart_calib.oof_beta",0.0557851239669423,"oof","beta","rpart"
"wilt","classif.rpart_calib.oof_beta",0.0282724363459254,"oof","beta","rpart"
"wilt","classif.rpart_calib.oof_isotonic",0.00972189905645039,"oof","isotonic","rpart"
"wilt","classif.rpart_calib.oof_isotonic",0.00845902227425292,"oof","isotonic","rpart"
"wilt","classif.rpart_calib.oof_isotonic",0.00949398376384748,"oof","isotonic","rpart"
"wilt","classif.rpart_calib.oof_isotonic",0.0139342337066903,"oof","isotonic","rpart"
"wilt","classif.rpart_calib.oof_isotonic",0.0130128543783627,"oof","isotonic","rpart"
"wilt","classif.rpart_calib.oof_isotonic",0.0142308827467692,"oof","isotonic","rpart"
"wilt","classif.rpart_calib.oof_isotonic",0.0194261534969508,"oof","isotonic","rpart"
"wilt","classif.rpart_calib.oof_isotonic",0.0107612635002511,"oof","isotonic","rpart"
"wilt","classif.rpart_calib.oof_isotonic",0.0113869419831646,"oof","isotonic","rpart"
"wilt","classif.rpart_calib.oof_isotonic",0.0170793831615327,"oof","isotonic","rpart"
"wilt","classif.rpart_calib.perfold_platt",0.0180638380235298,"perfold","platt","rpart"
"wilt","classif.rpart_calib.perfold_platt",0.0122929704022154,"perfold","platt","rpart"
"wilt","classif.rpart_calib.perfold_platt",0.0149645830059156,"perfold","platt","rpart"
"wilt","classif.rpart_calib.perfold_platt",0.0169836070651642,"perfold","platt","rpart"
"wilt","classif.rpart_calib.perfold_platt",0.0101942506481093,"perfold","platt","rpart"
"wilt","classif.rpart_calib.perfold_platt",0.0111541382642638,"perfold","platt","rpart"
"wilt","classif.rpart_calib.perfold_platt",0.0234150054123122,"perfold","platt","rpart"
"wilt","classif.rpart_calib.perfold_platt",0.0160717876395033,"perfold","platt","rpart"
"wilt","classif.rpart_calib.perfold_platt",0.0179171220922536,"perfold","platt","rpart"
"wilt","classif.rpart_calib.perfold_platt",0.012808244999284,"perfold","platt","rpart"
"wilt","classif.rpart_calib.perfold_isotonic",0.0133958666997279,"perfold","isotonic","rpart"
"wilt","classif.rpart_calib.perfold_isotonic",0.0103191745167075,"perfold","isotonic","rpart"
"wilt","classif.rpart_calib.perfold_isotonic",0.0180738855327635,"perfold","isotonic","rpart"
"wilt","classif.rpart_calib.perfold_isotonic",0.0163562657626627,"perfold","isotonic","rpart"
"wilt","classif.rpart_calib.perfold_isotonic",0.0131803818199392,"perfold","isotonic","rpart"
"wilt","classif.rpart_calib.perfold_isotonic",0.0140643747294868,"perfold","isotonic","rpart"
"wilt","classif.rpart_calib.perfold_isotonic",0.0189553812764363,"perfold","isotonic","rpart"
"wilt","classif.rpart_calib.perfold_isotonic",0.01638773729062,"perfold","isotonic","rpart"
"wilt","classif.rpart_calib.perfold_isotonic",0.0117204926193756,"perfold","isotonic","rpart"
"wilt","classif.rpart_calib.perfold_isotonic",0.0121053986975307,"perfold","isotonic","rpart"
