### [bt]: This is batchtools v0.9.17
### [bt]: Starting calculation of 5 jobs
### [bt]: Setting working directory to '/Users/User/Documents/Studium/Semester8/Hiwi/mlr3calibration/vignettes'
### [bt]: Memory measurement disabled
### [bt]: Starting job [batchtools job.id=2276]
### [bt]: Generating problem instance for problem 'a63d756aec4c60c1' ...
### [bt]: Applying algorithm 'run_learner' on problem 'a63d756aec4c60c1' for job 2276 (seed = 2277) ...
INFO  [17:10:01.274] [mlr3] Applying learner 'classif.xgboost.tuned_calib.perfold_isotonic' on task 'pc1' (iter 6/10)
INFO  [17:10:01.322] [bbotk] Starting to optimize 3 parameter(s) with '<OptimizerBatchRandomSearch>' and '<TerminatorEvals> [n_evals=10, k=0]'
INFO  [17:10:01.341] [bbotk] Evaluating 1 configuration(s)
INFO  [17:10:01.850] [bbotk] Result of batch 1:
INFO  [17:10:01.852] [bbotk]  nrounds        eta max_depth classif.ce warnings errors runtime_learners
INFO  [17:10:01.852] [bbotk]      195 0.05667954         5 0.08270677        0      0            0.432
INFO  [17:10:01.852] [bbotk]                                 uhash
INFO  [17:10:01.852] [bbotk]  b30bccf6-a366-4bed-990b-494aead217fb
INFO  [17:10:01.856] [bbotk] Evaluating 1 configuration(s)
INFO  [17:10:02.453] [bbotk] Result of batch 2:
INFO  [17:10:02.456] [bbotk]  nrounds       eta max_depth classif.ce warnings errors runtime_learners
INFO  [17:10:02.456] [bbotk]      265 0.1002902         5 0.08521303        0      0            0.542
INFO  [17:10:02.456] [bbotk]                                 uhash
INFO  [17:10:02.456] [bbotk]  244ea843-6cf0-4751-be4e-935ccfacdeb8
INFO  [17:10:02.461] [bbotk] Evaluating 1 configuration(s)
INFO  [17:10:02.633] [bbotk] Result of batch 3:
INFO  [17:10:02.635] [bbotk]  nrounds       eta max_depth classif.ce warnings errors runtime_learners
INFO  [17:10:02.635] [bbotk]       60 0.1773982         5 0.07894737        0      0            0.142
INFO  [17:10:02.635] [bbotk]                                 uhash
INFO  [17:10:02.635] [bbotk]  8762e045-ddd6-43fa-ada8-3c90b3e69bda
INFO  [17:10:02.650] [bbotk] Evaluating 1 configuration(s)
INFO  [17:10:03.287] [bbotk] Result of batch 4:
INFO  [17:10:03.289] [bbotk]  nrounds        eta max_depth classif.ce warnings errors runtime_learners
INFO  [17:10:03.289] [bbotk]      213 0.06229325         8  0.0802005        0      0            0.577
INFO  [17:10:03.289] [bbotk]                                 uhash
INFO  [17:10:03.289] [bbotk]  c00dcfdf-0195-4ac2-bc83-9ec2cdaf286f
INFO  [17:10:03.296] [bbotk] Evaluating 1 configuration(s)
INFO  [17:10:03.586] [bbotk] Result of batch 5:
INFO  [17:10:03.588] [bbotk]  nrounds       eta max_depth classif.ce warnings errors runtime_learners
INFO  [17:10:03.588] [bbotk]      142 0.2205558         5 0.08270677        0      0            0.248
INFO  [17:10:03.588] [bbotk]                                 uhash
INFO  [17:10:03.588] [bbotk]  acfe4d62-883f-4c4c-af9b-65ae259404fb
INFO  [17:10:03.599] [bbotk] Evaluating 1 configuration(s)
INFO  [17:10:03.906] [bbotk] Result of batch 6:
INFO  [17:10:03.907] [bbotk]  nrounds       eta max_depth classif.ce warnings errors runtime_learners
INFO  [17:10:03.907] [bbotk]      128 0.2059798        10 0.07894737        0      0            0.265
INFO  [17:10:03.907] [bbotk]                                 uhash
INFO  [17:10:03.907] [bbotk]  e7a91d0e-4cbe-468c-83cd-54a6261dbec5
INFO  [17:10:03.912] [bbotk] Evaluating 1 configuration(s)
INFO  [17:10:04.406] [bbotk] Result of batch 7:
INFO  [17:10:04.407] [bbotk]  nrounds       eta max_depth classif.ce warnings errors runtime_learners
INFO  [17:10:04.407] [bbotk]      297 0.2621011         8 0.08145363        0      0            0.447
INFO  [17:10:04.407] [bbotk]                                 uhash
INFO  [17:10:04.407] [bbotk]  b86eeb1b-7911-492f-b6e9-1d716de15143
INFO  [17:10:04.411] [bbotk] Evaluating 1 configuration(s)
INFO  [17:10:05.015] [bbotk] Result of batch 8:
INFO  [17:10:05.016] [bbotk]  nrounds     eta max_depth classif.ce warnings errors runtime_learners
INFO  [17:10:05.016] [bbotk]      276 0.12478         6  0.0877193        0      0             0.53
INFO  [17:10:05.016] [bbotk]                                 uhash
INFO  [17:10:05.016] [bbotk]  b1df16fb-d01a-4f39-9614-a00d22c1dc29
INFO  [17:10:05.026] [bbotk] Evaluating 1 configuration(s)
INFO  [17:10:05.438] [bbotk] Result of batch 9:
INFO  [17:10:05.440] [bbotk]  nrounds        eta max_depth classif.ce warnings errors runtime_learners
INFO  [17:10:05.440] [bbotk]      272 0.03164775         3  0.0802005        0      0            0.375
INFO  [17:10:05.440] [bbotk]                                 uhash
INFO  [17:10:05.440] [bbotk]  4d9ef38a-7e4c-4211-947f-7ba6f0357ee3
INFO  [17:10:05.453] [bbotk] Evaluating 1 configuration(s)
INFO  [17:10:05.969] [bbotk] Result of batch 10:
INFO  [17:10:05.970] [bbotk]  nrounds       eta max_depth classif.ce warnings errors runtime_learners
INFO  [17:10:05.970] [bbotk]      238 0.1233986         4  0.0839599        0      0            0.437
INFO  [17:10:05.970] [bbotk]                                 uhash
INFO  [17:10:05.970] [bbotk]  2b736d84-a7ba-4a0d-9af3-00b2cee057ce
INFO  [17:10:05.985] [bbotk] Finished optimizing after 10 evaluation(s)
INFO  [17:10:05.986] [bbotk] Result:
INFO  [17:10:05.988] [bbotk]  nrounds       eta max_depth learner_param_vals  x_domain classif.ce
INFO  [17:10:05.988] [bbotk]    <int>     <num>     <int>             <list>    <list>      <num>
INFO  [17:10:05.988] [bbotk]       60 0.1773982         5          <list[5]> <list[3]> 0.07894737
INFO  [17:10:06.148] [bbotk] Starting to optimize 3 parameter(s) with '<OptimizerBatchRandomSearch>' and '<TerminatorEvals> [n_evals=10, k=0]'
INFO  [17:10:06.158] [bbotk] Evaluating 1 configuration(s)
INFO  [17:10:06.467] [bbotk] Result of batch 1:
INFO  [17:10:06.469] [bbotk]  nrounds       eta max_depth classif.ce warnings errors runtime_learners
INFO  [17:10:06.469] [bbotk]      144 0.1242758         4  0.0764411        0      0            0.262
INFO  [17:10:06.469] [bbotk]                                 uhash
INFO  [17:10:06.469] [bbotk]  ec204a75-c4da-41b8-b7d5-43396f36903f
INFO  [17:10:06.480] [bbotk] Evaluating 1 configuration(s)
INFO  [17:10:06.964] [bbotk] Result of batch 2:
INFO  [17:10:06.965] [bbotk]  nrounds       eta max_depth classif.ce warnings errors runtime_learners
INFO  [17:10:06.965] [bbotk]      207 0.1957085        10 0.07518797        0      0            0.442
INFO  [17:10:06.965] [bbotk]                                 uhash
INFO  [17:10:06.965] [bbotk]  6fd2033f-f190-41b6-8620-7490b59819b0
INFO  [17:10:06.975] [bbotk] Evaluating 1 configuration(s)
INFO  [17:10:07.580] [bbotk] Result of batch 3:
INFO  [17:10:07.581] [bbotk]  nrounds       eta max_depth classif.ce warnings errors runtime_learners
INFO  [17:10:07.581] [bbotk]      284 0.2020693         7 0.07393484        0      0             0.55
INFO  [17:10:07.581] [bbotk]                                 uhash
INFO  [17:10:07.581] [bbotk]  a286a0f0-66c4-4e6d-8ce3-a4736895b014
INFO  [17:10:07.587] [bbotk] Evaluating 1 configuration(s)
INFO  [17:10:08.213] [bbotk] Result of batch 4:
INFO  [17:10:08.214] [bbotk]  nrounds        eta max_depth classif.ce warnings errors runtime_learners
INFO  [17:10:08.214] [bbotk]      297 0.04758912         5  0.0764411        0      0            0.581
INFO  [17:10:08.214] [bbotk]                                 uhash
INFO  [17:10:08.214] [bbotk]  de79a3d2-2e32-4925-9c31-cec825a0933e
INFO  [17:10:08.218] [bbotk] Evaluating 1 configuration(s)
INFO  [17:10:08.412] [bbotk] Result of batch 5:
INFO  [17:10:08.414] [bbotk]  nrounds       eta max_depth classif.ce warnings errors runtime_learners
INFO  [17:10:08.414] [bbotk]       71 0.2443397         4  0.0764411        0      0            0.144
INFO  [17:10:08.414] [bbotk]                                 uhash
INFO  [17:10:08.414] [bbotk]  4b4d8d8a-1956-46fe-b2e3-3fb958a2ad6a
INFO  [17:10:08.426] [bbotk] Evaluating 1 configuration(s)
INFO  [17:10:08.667] [bbotk] Result of batch 6:
INFO  [17:10:08.668] [bbotk]  nrounds       eta max_depth classif.ce warnings errors runtime_learners
INFO  [17:10:08.668] [bbotk]       75 0.1060446         9 0.07393484        0      0            0.194
INFO  [17:10:08.668] [bbotk]                                 uhash
INFO  [17:10:08.668] [bbotk]  4b2dbb9a-247f-400f-980f-468b44039381
INFO  [17:10:08.672] [bbotk] Evaluating 1 configuration(s)
INFO  [17:10:09.164] [bbotk] Result of batch 7:
INFO  [17:10:09.165] [bbotk]  nrounds       eta max_depth classif.ce warnings errors runtime_learners
INFO  [17:10:09.165] [bbotk]      208 0.2015999         5  0.0764411        0      0            0.442
INFO  [17:10:09.165] [bbotk]                                 uhash
INFO  [17:10:09.165] [bbotk]  1400a65a-5d6f-4c2d-af7b-962537b892fe
INFO  [17:10:09.173] [bbotk] Evaluating 1 configuration(s)
INFO  [17:10:09.474] [bbotk] Result of batch 8:
INFO  [17:10:09.476] [bbotk]  nrounds        eta max_depth classif.ce warnings errors runtime_learners
INFO  [17:10:09.476] [bbotk]      106 0.05171439         6 0.07393484        0      0             0.25
INFO  [17:10:09.476] [bbotk]                                 uhash
INFO  [17:10:09.476] [bbotk]  6ac3fc6d-6528-45ca-9efc-54dad4e2fe0b
INFO  [17:10:09.485] [bbotk] Evaluating 1 configuration(s)
INFO  [17:10:10.009] [bbotk] Result of batch 9:
INFO  [17:10:10.010] [bbotk]  nrounds       eta max_depth classif.ce warnings errors runtime_learners
INFO  [17:10:10.010] [bbotk]      208 0.1692238         9 0.07518797        0      0            0.471
INFO  [17:10:10.010] [bbotk]                                 uhash
INFO  [17:10:10.010] [bbotk]  24951c4f-ed29-4dd9-987d-7e646468888f
INFO  [17:10:10.016] [bbotk] Evaluating 1 configuration(s)
INFO  [17:10:10.736] [bbotk] Result of batch 10:
INFO  [17:10:10.744] [bbotk]  nrounds        eta max_depth classif.ce warnings errors runtime_learners
INFO  [17:10:10.744] [bbotk]      286 0.07919713         7 0.07769424        0      0            0.663
INFO  [17:10:10.744] [bbotk]                                 uhash
INFO  [17:10:10.744] [bbotk]  f25c8f93-a082-40e2-a3a1-8e10ed134496
INFO  [17:10:10.770] [bbotk] Finished optimizing after 10 evaluation(s)
INFO  [17:10:10.770] [bbotk] Result:
INFO  [17:10:10.771] [bbotk]  nrounds       eta max_depth learner_param_vals  x_domain classif.ce
INFO  [17:10:10.771] [bbotk]    <int>     <num>     <int>             <list>    <list>      <num>
INFO  [17:10:10.771] [bbotk]      284 0.2020693         7          <list[5]> <list[3]> 0.07393484
INFO  [17:10:11.126] [bbotk] Starting to optimize 3 parameter(s) with '<OptimizerBatchRandomSearch>' and '<TerminatorEvals> [n_evals=10, k=0]'
INFO  [17:10:11.146] [bbotk] Evaluating 1 configuration(s)
INFO  [17:10:11.425] [bbotk] Result of batch 1:
INFO  [17:10:11.426] [bbotk]  nrounds       eta max_depth classif.ce warnings errors runtime_learners
INFO  [17:10:11.426] [bbotk]      144 0.1700061         4 0.06892231        0      0            0.242
INFO  [17:10:11.426] [bbotk]                                 uhash
INFO  [17:10:11.426] [bbotk]  b17fbfcc-f3a3-47f8-9530-525f77efdf9d
INFO  [17:10:11.430] [bbotk] Evaluating 1 configuration(s)
INFO  [17:10:11.708] [bbotk] Result of batch 2:
INFO  [17:10:11.709] [bbotk]  nrounds       eta max_depth classif.ce warnings errors runtime_learners
INFO  [17:10:11.709] [bbotk]      130 0.2168313         6 0.06892231        0      0            0.244
INFO  [17:10:11.709] [bbotk]                                 uhash
INFO  [17:10:11.709] [bbotk]  d700c5ad-9b0f-4af5-8ad0-2d525a9e0991
INFO  [17:10:11.713] [bbotk] Evaluating 1 configuration(s)
INFO  [17:10:12.047] [bbotk] Result of batch 3:
INFO  [17:10:12.049] [bbotk]  nrounds       eta max_depth classif.ce warnings errors runtime_learners
INFO  [17:10:12.049] [bbotk]      171 0.1352971         3 0.07518797        0      0            0.268
INFO  [17:10:12.049] [bbotk]                                 uhash
INFO  [17:10:12.049] [bbotk]  98f29964-39e5-4394-950b-445593dab3d2
INFO  [17:10:12.058] [bbotk] Evaluating 1 configuration(s)
INFO  [17:10:12.506] [bbotk] Result of batch 4:
INFO  [17:10:12.507] [bbotk]  nrounds       eta max_depth classif.ce warnings errors runtime_learners
INFO  [17:10:12.507] [bbotk]      257 0.2722447         4 0.06766917        0      0            0.409
INFO  [17:10:12.507] [bbotk]                                 uhash
INFO  [17:10:12.507] [bbotk]  e6a3206d-3d96-4620-a539-de0bb08e7344
INFO  [17:10:12.513] [bbotk] Evaluating 1 configuration(s)
INFO  [17:10:13.046] [bbotk] Result of batch 5:
INFO  [17:10:13.047] [bbotk]  nrounds       eta max_depth classif.ce warnings errors runtime_learners
INFO  [17:10:13.047] [bbotk]      276 0.1418664        10 0.07142857        0      0            0.494
INFO  [17:10:13.047] [bbotk]                                 uhash
INFO  [17:10:13.047] [bbotk]  69a97abf-ae0d-49cd-b4c3-eb04dece3743
INFO  [17:10:13.057] [bbotk] Evaluating 1 configuration(s)
INFO  [17:10:13.486] [bbotk] Result of batch 6:
INFO  [17:10:13.487] [bbotk]  nrounds      eta max_depth classif.ce warnings errors runtime_learners
INFO  [17:10:13.487] [bbotk]      252 0.284155         5 0.07017544        0      0             0.39
INFO  [17:10:13.487] [bbotk]                                 uhash
INFO  [17:10:13.487] [bbotk]  f176088f-977b-45a9-b20d-0ec344e770aa
INFO  [17:10:13.491] [bbotk] Evaluating 1 configuration(s)
INFO  [17:10:13.694] [bbotk] Result of batch 7:
INFO  [17:10:13.696] [bbotk]  nrounds       eta max_depth classif.ce warnings errors runtime_learners
INFO  [17:10:13.696] [bbotk]       60 0.1372244        10 0.07142857        0      0            0.145
INFO  [17:10:13.696] [bbotk]                                 uhash
INFO  [17:10:13.696] [bbotk]  ff3cff08-2650-4087-b9ae-5dc5fd0e61db
INFO  [17:10:13.706] [bbotk] Evaluating 1 configuration(s)
INFO  [17:10:13.898] [bbotk] Result of batch 8:
INFO  [17:10:13.901] [bbotk]  nrounds       eta max_depth classif.ce warnings errors runtime_learners
INFO  [17:10:13.901] [bbotk]      114 0.0658591         3 0.07017544        0      0            0.154
INFO  [17:10:13.901] [bbotk]                                 uhash
INFO  [17:10:13.901] [bbotk]  1c1722d7-fed0-4289-91d0-98b1c930298e
INFO  [17:10:13.905] [bbotk] Evaluating 1 configuration(s)
INFO  [17:10:13.987] [bbotk] Result of batch 9:
INFO  [17:10:13.988] [bbotk]  nrounds       eta max_depth classif.ce warnings errors runtime_learners
INFO  [17:10:13.988] [bbotk]       57 0.1418793         2 0.06766917        0      0            0.054
INFO  [17:10:13.988] [bbotk]                                 uhash
INFO  [17:10:13.988] [bbotk]  c06f3fca-c852-4533-85c5-d88504275fb2
INFO  [17:10:13.994] [bbotk] Evaluating 1 configuration(s)
INFO  [17:10:14.326] [bbotk] Result of batch 10:
INFO  [17:10:14.328] [bbotk]  nrounds        eta max_depth classif.ce warnings errors runtime_learners
INFO  [17:10:14.328] [bbotk]      164 0.02183995         4 0.07142857        0      0            0.288
INFO  [17:10:14.328] [bbotk]                                 uhash
INFO  [17:10:14.328] [bbotk]  2071bd81-891a-4cc8-bb3c-ebcb359f8a18
INFO  [17:10:14.343] [bbotk] Finished optimizing after 10 evaluation(s)
INFO  [17:10:14.343] [bbotk] Result:
INFO  [17:10:14.344] [bbotk]  nrounds       eta max_depth learner_param_vals  x_domain classif.ce
INFO  [17:10:14.344] [bbotk]    <int>     <num>     <int>             <list>    <list>      <num>
INFO  [17:10:14.344] [bbotk]      257 0.2722447         4          <list[5]> <list[3]> 0.06766917
INFO  [17:10:14.571] [bbotk] Starting to optimize 3 parameter(s) with '<OptimizerBatchRandomSearch>' and '<TerminatorEvals> [n_evals=10, k=0]'
INFO  [17:10:14.590] [bbotk] Evaluating 1 configuration(s)
INFO  [17:10:14.935] [bbotk] Result of batch 1:
INFO  [17:10:14.937] [bbotk]  nrounds       eta max_depth classif.ce warnings errors runtime_learners
INFO  [17:10:14.937] [bbotk]      192 0.2056882         5 0.06884721        0      0            0.291
INFO  [17:10:14.937] [bbotk]                                 uhash
INFO  [17:10:14.937] [bbotk]  2e63c490-f2db-495e-b0aa-e82fcc73bc48
INFO  [17:10:14.942] [bbotk] Evaluating 1 configuration(s)
INFO  [17:10:15.419] [bbotk] Result of batch 2:
INFO  [17:10:15.420] [bbotk]  nrounds       eta max_depth classif.ce warnings errors runtime_learners
INFO  [17:10:15.420] [bbotk]      231 0.1358385         6 0.06634095        0      0            0.419
INFO  [17:10:15.420] [bbotk]                                 uhash
INFO  [17:10:15.420] [bbotk]  7e2c2755-465b-4bb7-afe0-f3c8d5817f0d
INFO  [17:10:15.424] [bbotk] Evaluating 1 configuration(s)
INFO  [17:10:15.772] [bbotk] Result of batch 3:
INFO  [17:10:15.774] [bbotk]  nrounds       eta max_depth classif.ce warnings errors runtime_learners
INFO  [17:10:15.774] [bbotk]      249 0.2624447         3 0.07259253        0      0            0.301
INFO  [17:10:15.774] [bbotk]                                 uhash
INFO  [17:10:15.774] [bbotk]  9c9dc948-8f17-4687-8758-26111ed6a406
INFO  [17:10:15.778] [bbotk] Evaluating 1 configuration(s)
INFO  [17:10:16.170] [bbotk] Result of batch 4:
INFO  [17:10:16.171] [bbotk]  nrounds       eta max_depth classif.ce warnings errors runtime_learners
INFO  [17:10:16.171] [bbotk]      220 0.2069092         3 0.06883313        0      0            0.342
INFO  [17:10:16.171] [bbotk]                                 uhash
INFO  [17:10:16.171] [bbotk]  b960ded7-b53d-47d2-98b5-b52aee8204bb
INFO  [17:10:16.174] [bbotk] Evaluating 1 configuration(s)
INFO  [17:10:16.414] [bbotk] Result of batch 5:
INFO  [17:10:16.428] [bbotk]  nrounds       eta max_depth classif.ce warnings errors runtime_learners
INFO  [17:10:16.428] [bbotk]       96 0.2445411         6 0.06634564        0      0            0.196
INFO  [17:10:16.428] [bbotk]                                 uhash
INFO  [17:10:16.428] [bbotk]  4087df80-bd4c-49a6-830a-8cda212b3f22
INFO  [17:10:16.441] [bbotk] Evaluating 1 configuration(s)
INFO  [17:10:16.735] [bbotk] Result of batch 6:
INFO  [17:10:16.736] [bbotk]  nrounds       eta max_depth classif.ce warnings errors runtime_learners
INFO  [17:10:16.736] [bbotk]      153 0.1668559         3 0.06884721        0      0             0.23
INFO  [17:10:16.736] [bbotk]                                 uhash
INFO  [17:10:16.736] [bbotk]  e138d194-2796-4135-ac89-11c89117482f
INFO  [17:10:16.740] [bbotk] Evaluating 1 configuration(s)
INFO  [17:10:17.070] [bbotk] Result of batch 7:
INFO  [17:10:17.071] [bbotk]  nrounds        eta max_depth classif.ce warnings errors runtime_learners
INFO  [17:10:17.071] [bbotk]      153 0.03080286         4 0.06511128        0      0            0.284
INFO  [17:10:17.071] [bbotk]                                 uhash
INFO  [17:10:17.071] [bbotk]  917af286-1633-4b3c-a3e2-3f15d9d867e7
INFO  [17:10:17.075] [bbotk] Evaluating 1 configuration(s)
INFO  [17:10:17.347] [bbotk] Result of batch 8:
INFO  [17:10:17.348] [bbotk]  nrounds       eta max_depth classif.ce warnings errors runtime_learners
INFO  [17:10:17.348] [bbotk]      102 0.1978091         6 0.06634564        0      0            0.228
INFO  [17:10:17.348] [bbotk]                                 uhash
INFO  [17:10:17.348] [bbotk]  da6c70a8-d4c5-430a-92fd-3eab2013e031
INFO  [17:10:17.354] [bbotk] Evaluating 1 configuration(s)
INFO  [17:10:17.598] [bbotk] Result of batch 9:
INFO  [17:10:17.600] [bbotk]  nrounds       eta max_depth classif.ce warnings errors runtime_learners
INFO  [17:10:17.600] [bbotk]       80 0.2070279         6 0.06510189        0      0             0.19
INFO  [17:10:17.600] [bbotk]                                 uhash
INFO  [17:10:17.600] [bbotk]  9df1d699-60e5-427b-af5b-8b3f42e45a87
INFO  [17:10:17.606] [bbotk] Evaluating 1 configuration(s)
INFO  [17:10:17.753] [bbotk] Result of batch 10:
INFO  [17:10:17.755] [bbotk]  nrounds       eta max_depth classif.ce warnings errors runtime_learners
INFO  [17:10:17.755] [bbotk]       54 0.1423639         5 0.06635972        0      0             0.11
INFO  [17:10:17.755] [bbotk]                                 uhash
INFO  [17:10:17.755] [bbotk]  1b91a493-3707-4139-801d-32167e3a166c
INFO  [17:10:17.772] [bbotk] Finished optimizing after 10 evaluation(s)
INFO  [17:10:17.772] [bbotk] Result:
INFO  [17:10:17.774] [bbotk]  nrounds       eta max_depth learner_param_vals  x_domain classif.ce
INFO  [17:10:17.774] [bbotk]    <int>     <num>     <int>             <list>    <list>      <num>
INFO  [17:10:17.774] [bbotk]       80 0.2070279         6          <list[5]> <list[3]> 0.06510189
INFO  [17:10:17.919] [bbotk] Starting to optimize 3 parameter(s) with '<OptimizerBatchRandomSearch>' and '<TerminatorEvals> [n_evals=10, k=0]'
INFO  [17:10:17.939] [bbotk] Evaluating 1 configuration(s)
INFO  [17:10:18.141] [bbotk] Result of batch 1:
INFO  [17:10:18.142] [bbotk]  nrounds       eta max_depth classif.ce warnings errors runtime_learners
INFO  [17:10:18.142] [bbotk]       63 0.2713362        10  0.0688566        0      0            0.158
INFO  [17:10:18.142] [bbotk]                                 uhash
INFO  [17:10:18.142] [bbotk]  03eabc5a-e913-418e-a2e3-7d05b970db47
INFO  [17:10:18.155] [bbotk] Evaluating 1 configuration(s)
INFO  [17:10:18.661] [bbotk] Result of batch 2:
INFO  [17:10:18.663] [bbotk]  nrounds       eta max_depth classif.ce warnings errors runtime_learners
INFO  [17:10:18.663] [bbotk]      212 0.2124523        10 0.06885191        0      0            0.434
INFO  [17:10:18.663] [bbotk]                                 uhash
INFO  [17:10:18.663] [bbotk]  f2570447-33e0-4de6-a45e-933c7aed8030
INFO  [17:10:18.667] [bbotk] Evaluating 1 configuration(s)
INFO  [17:10:18.968] [bbotk] Result of batch 3:
INFO  [17:10:18.970] [bbotk]  nrounds        eta max_depth classif.ce warnings errors runtime_learners
INFO  [17:10:18.970] [bbotk]      166 0.03922469         3  0.0650972        0      0            0.267
INFO  [17:10:18.970] [bbotk]                                 uhash
INFO  [17:10:18.970] [bbotk]  854c721d-08a1-4daf-9d4b-4d91d3a52584
INFO  [17:10:18.979] [bbotk] Evaluating 1 configuration(s)
INFO  [17:10:19.424] [bbotk] Result of batch 4:
INFO  [17:10:19.426] [bbotk]  nrounds      eta max_depth classif.ce warnings errors runtime_learners
INFO  [17:10:19.426] [bbotk]      283 0.213865         3 0.07386913        0      0              0.4
INFO  [17:10:19.426] [bbotk]                                 uhash
INFO  [17:10:19.426] [bbotk]  f6215cb4-0bd5-4f9d-a36c-009bfbddad50
INFO  [17:10:19.430] [bbotk] Evaluating 1 configuration(s)
INFO  [17:10:19.739] [bbotk] Result of batch 5:
INFO  [17:10:19.740] [bbotk]  nrounds       eta max_depth classif.ce warnings errors runtime_learners
INFO  [17:10:19.740] [bbotk]      161 0.1360404         2 0.07011442        0      0            0.183
INFO  [17:10:19.740] [bbotk]                                 uhash
INFO  [17:10:19.740] [bbotk]  5c54d827-a331-41b1-bc0e-5726870a3eed
INFO  [17:10:19.751] [bbotk] Evaluating 1 configuration(s)
INFO  [17:10:20.119] [bbotk] Result of batch 6:
INFO  [17:10:20.119] [bbotk]  nrounds       eta max_depth classif.ce warnings errors runtime_learners
INFO  [17:10:20.119] [bbotk]      186 0.2946914         4 0.06885191        0      0            0.296
INFO  [17:10:20.119] [bbotk]                                 uhash
INFO  [17:10:20.119] [bbotk]  316e4e23-bf13-488a-bf46-2352be125c06
INFO  [17:10:20.123] [bbotk] Evaluating 1 configuration(s)
INFO  [17:10:20.405] [bbotk] Result of batch 7:
INFO  [17:10:20.407] [bbotk]  nrounds       eta max_depth classif.ce warnings errors runtime_learners
INFO  [17:10:20.407] [bbotk]      279 0.1386021         2 0.07136756        0      0            0.253
INFO  [17:10:20.407] [bbotk]                                 uhash
INFO  [17:10:20.407] [bbotk]  9cbe6551-08f7-413b-b2c4-13b28cd250e0
INFO  [17:10:20.415] [bbotk] Evaluating 1 configuration(s)
INFO  [17:10:21.036] [bbotk] Result of batch 8:
INFO  [17:10:21.038] [bbotk]  nrounds       eta max_depth classif.ce warnings errors runtime_learners
INFO  [17:10:21.038] [bbotk]      271 0.2152612         9 0.07010034        0      0             0.56
INFO  [17:10:21.038] [bbotk]                                 uhash
INFO  [17:10:21.038] [bbotk]  4ce81444-c4c9-4ba7-b2b9-7d7609c62d9d
INFO  [17:10:21.042] [bbotk] Evaluating 1 configuration(s)
INFO  [17:10:21.536] [bbotk] Result of batch 9:
INFO  [17:10:21.539] [bbotk]  nrounds        eta max_depth classif.ce warnings errors runtime_learners
INFO  [17:10:21.539] [bbotk]      178 0.05874861         8 0.07010973        0      0            0.422
INFO  [17:10:21.539] [bbotk]                                 uhash
INFO  [17:10:21.539] [bbotk]  e7f7d9dc-55eb-4365-bdeb-62f329aede32
INFO  [17:10:21.550] [bbotk] Evaluating 1 configuration(s)
INFO  [17:10:22.175] [bbotk] Result of batch 10:
INFO  [17:10:22.176] [bbotk]  nrounds       eta max_depth classif.ce warnings errors runtime_learners
INFO  [17:10:22.176] [bbotk]      294 0.1658618         5   0.072616        0      0            0.571
INFO  [17:10:22.176] [bbotk]                                 uhash
INFO  [17:10:22.176] [bbotk]  63466da3-9809-4595-8381-282c4939d0e3
INFO  [17:10:22.188] [bbotk] Finished optimizing after 10 evaluation(s)
INFO  [17:10:22.189] [bbotk] Result:
INFO  [17:10:22.190] [bbotk]  nrounds        eta max_depth learner_param_vals  x_domain classif.ce
INFO  [17:10:22.190] [bbotk]    <int>      <num>     <int>             <list>    <list>      <num>
INFO  [17:10:22.190] [bbotk]      166 0.03922469         3          <list[5]> <list[3]>  0.0650972

### [bt]: Job terminated successfully [batchtools job.id=2276]
### [bt]: Starting job [batchtools job.id=2277]
### [bt]: Generating problem instance for problem 'a63d756aec4c60c1' ...
### [bt]: Applying algorithm 'run_learner' on problem 'a63d756aec4c60c1' for job 2277 (seed = 2278) ...
INFO  [17:10:22.479] [mlr3] Applying learner 'classif.xgboost.tuned_calib.perfold_isotonic' on task 'pc1' (iter 7/10)
INFO  [17:10:22.530] [bbotk] Starting to optimize 3 parameter(s) with '<OptimizerBatchRandomSearch>' and '<TerminatorEvals> [n_evals=10, k=0]'
INFO  [17:10:22.548] [bbotk] Evaluating 1 configuration(s)
INFO  [17:10:23.074] [bbotk] Result of batch 1:
INFO  [17:10:23.075] [bbotk]  nrounds       eta max_depth classif.ce warnings errors runtime_learners
INFO  [17:10:23.075] [bbotk]      259 0.2203569         6 0.05889724        0      0            0.464
INFO  [17:10:23.075] [bbotk]                                 uhash
INFO  [17:10:23.075] [bbotk]  34c28b3d-31df-431f-ae85-82c9037e3d47
INFO  [17:10:23.084] [bbotk] Evaluating 1 configuration(s)
INFO  [17:10:23.287] [bbotk] Result of batch 2:
INFO  [17:10:23.288] [bbotk]  nrounds       eta max_depth classif.ce warnings errors runtime_learners
INFO  [17:10:23.288] [bbotk]       51 0.2350043         7 0.05639098        0      0            0.152
INFO  [17:10:23.288] [bbotk]                                 uhash
INFO  [17:10:23.288] [bbotk]  658db42e-7032-4f6e-b8a8-f095e73ea8cd
INFO  [17:10:23.292] [bbotk] Evaluating 1 configuration(s)
INFO  [17:10:23.736] [bbotk] Result of batch 3:
INFO  [17:10:23.742] [bbotk]  nrounds        eta max_depth classif.ce warnings errors runtime_learners
INFO  [17:10:23.742] [bbotk]      169 0.05192994         5 0.05889724        0      0             0.39
INFO  [17:10:23.742] [bbotk]                                 uhash
INFO  [17:10:23.742] [bbotk]  836ee03d-6407-4f57-9c00-a17ec6aa541c
INFO  [17:10:23.752] [bbotk] Evaluating 1 configuration(s)
INFO  [17:10:24.033] [bbotk] Result of batch 4:
INFO  [17:10:24.034] [bbotk]  nrounds       eta max_depth classif.ce warnings errors runtime_learners
INFO  [17:10:24.034] [bbotk]      142 0.1559794         3 0.05513784        0      0            0.232
INFO  [17:10:24.034] [bbotk]                                 uhash
INFO  [17:10:24.034] [bbotk]  29fb0a24-baf6-4a90-8dea-dd426a6b72da
INFO  [17:10:24.041] [bbotk] Evaluating 1 configuration(s)
INFO  [17:10:24.529] [bbotk] Result of batch 5:
INFO  [17:10:24.530] [bbotk]  nrounds        eta max_depth classif.ce warnings errors runtime_learners
INFO  [17:10:24.530] [bbotk]      193 0.07595069         8 0.06015038        0      0             0.44
INFO  [17:10:24.530] [bbotk]                                 uhash
INFO  [17:10:24.530] [bbotk]  cc4f9fcc-b7ae-476d-ab88-18ce219c6e94
INFO  [17:10:24.534] [bbotk] Evaluating 1 configuration(s)
INFO  [17:10:25.040] [bbotk] Result of batch 6:
INFO  [17:10:25.046] [bbotk]  nrounds       eta max_depth classif.ce warnings errors runtime_learners
INFO  [17:10:25.046] [bbotk]      251 0.2119175         8 0.06015038        0      0            0.452
INFO  [17:10:25.046] [bbotk]                                 uhash
INFO  [17:10:25.046] [bbotk]  c734b39f-1e8d-4834-8655-a5a70143bd03
INFO  [17:10:25.054] [bbotk] Evaluating 1 configuration(s)
INFO  [17:10:25.282] [bbotk] Result of batch 7:
INFO  [17:10:25.283] [bbotk]  nrounds       eta max_depth classif.ce warnings errors runtime_learners
INFO  [17:10:25.283] [bbotk]       73 0.2963252         7 0.06015038        0      0             0.18
INFO  [17:10:25.283] [bbotk]                                 uhash
INFO  [17:10:25.283] [bbotk]  fe76fed3-43a8-4b72-8640-3f0c64334408
INFO  [17:10:25.290] [bbotk] Evaluating 1 configuration(s)
INFO  [17:10:25.427] [bbotk] Result of batch 8:
INFO  [17:10:25.428] [bbotk]  nrounds       eta max_depth classif.ce warnings errors runtime_learners
INFO  [17:10:25.428] [bbotk]       62 0.2596323         3 0.05639098        0      0            0.088
INFO  [17:10:25.428] [bbotk]                                 uhash
INFO  [17:10:25.428] [bbotk]  601e3d8e-8cb0-4985-9e9d-c34ac52e5e71
INFO  [17:10:25.434] [bbotk] Evaluating 1 configuration(s)
INFO  [17:10:25.741] [bbotk] Result of batch 9:
INFO  [17:10:25.743] [bbotk]  nrounds       eta max_depth classif.ce warnings errors runtime_learners
INFO  [17:10:25.743] [bbotk]      133 0.2706697         9 0.06140351        0      0            0.263
INFO  [17:10:25.743] [bbotk]                                 uhash
INFO  [17:10:25.743] [bbotk]  b838dfbc-0b87-4a58-a494-627c0f000302
INFO  [17:10:25.755] [bbotk] Evaluating 1 configuration(s)
INFO  [17:10:26.038] [bbotk] Result of batch 10:
INFO  [17:10:26.039] [bbotk]  nrounds       eta max_depth classif.ce warnings errors runtime_learners
INFO  [17:10:26.039] [bbotk]       91 0.1622038         7 0.05764411        0      0            0.211
INFO  [17:10:26.039] [bbotk]                                 uhash
INFO  [17:10:26.039] [bbotk]  9944b743-f18a-45a3-8006-7df4f78929ca
INFO  [17:10:26.064] [bbotk] Finished optimizing after 10 evaluation(s)
INFO  [17:10:26.064] [bbotk] Result:
INFO  [17:10:26.065] [bbotk]  nrounds       eta max_depth learner_param_vals  x_domain classif.ce
INFO  [17:10:26.065] [bbotk]    <int>     <num>     <int>             <list>    <list>      <num>
INFO  [17:10:26.065] [bbotk]      142 0.1559794         3          <list[5]> <list[3]> 0.05513784
INFO  [17:10:26.224] [bbotk] Starting to optimize 3 parameter(s) with '<OptimizerBatchRandomSearch>' and '<TerminatorEvals> [n_evals=10, k=0]'
INFO  [17:10:26.239] [bbotk] Evaluating 1 configuration(s)
INFO  [17:10:26.819] [bbotk] Result of batch 1:
INFO  [17:10:26.825] [bbotk]  nrounds       eta max_depth classif.ce warnings errors runtime_learners
INFO  [17:10:26.825] [bbotk]      265 0.1227538        10 0.07518797        0      0            0.538
INFO  [17:10:26.825] [bbotk]                                 uhash
INFO  [17:10:26.825] [bbotk]  5b4e4cd0-78d4-4890-9f38-1bce6a70e237
INFO  [17:10:26.829] [bbotk] Evaluating 1 configuration(s)
INFO  [17:10:27.132] [bbotk] Result of batch 2:
INFO  [17:10:27.134] [bbotk]  nrounds       eta max_depth classif.ce warnings errors runtime_learners
INFO  [17:10:27.134] [bbotk]       79 0.1268196         7 0.07769424        0      0            0.258
INFO  [17:10:27.134] [bbotk]                                 uhash
INFO  [17:10:27.134] [bbotk]  e37a3017-dafc-41ed-a6cc-202405a79569
INFO  [17:10:27.145] [bbotk] Evaluating 1 configuration(s)
INFO  [17:10:27.493] [bbotk] Result of batch 3:
INFO  [17:10:27.503] [bbotk]  nrounds       eta max_depth classif.ce warnings errors runtime_learners
INFO  [17:10:27.503] [bbotk]      108 0.2376799         7 0.07393484        0      0            0.288
INFO  [17:10:27.503] [bbotk]                                 uhash
INFO  [17:10:27.503] [bbotk]  ebd3e226-2584-4b9b-95a4-21018b3e02ac
INFO  [17:10:27.514] [bbotk] Evaluating 1 configuration(s)
INFO  [17:10:27.791] [bbotk] Result of batch 4:
INFO  [17:10:27.792] [bbotk]  nrounds       eta max_depth classif.ce warnings errors runtime_learners
INFO  [17:10:27.792] [bbotk]       77 0.1475503         9 0.07393484        0      0             0.21
INFO  [17:10:27.792] [bbotk]                                 uhash
INFO  [17:10:27.792] [bbotk]  592f1303-6327-4a8e-b2c0-74992d3e8f2e
INFO  [17:10:27.799] [bbotk] Evaluating 1 configuration(s)
INFO  [17:10:28.310] [bbotk] Result of batch 5:
INFO  [17:10:28.312] [bbotk]  nrounds       eta max_depth classif.ce warnings errors runtime_learners
INFO  [17:10:28.312] [bbotk]      232 0.1090827         4 0.06766917        0      0            0.459
INFO  [17:10:28.312] [bbotk]                                 uhash
INFO  [17:10:28.312] [bbotk]  b554afb1-623d-4604-9741-b6d44c0b3b0c
INFO  [17:10:28.323] [bbotk] Evaluating 1 configuration(s)
INFO  [17:10:28.724] [bbotk] Result of batch 6:
INFO  [17:10:28.726] [bbotk]  nrounds        eta max_depth classif.ce warnings errors runtime_learners
INFO  [17:10:28.726] [bbotk]      119 0.01574336         8 0.07518797        0      0            0.354
INFO  [17:10:28.726] [bbotk]                                 uhash
INFO  [17:10:28.726] [bbotk]  80f91985-3db1-4c93-b845-469bac7bf0d8
INFO  [17:10:28.732] [bbotk] Evaluating 1 configuration(s)
INFO  [17:10:29.170] [bbotk] Result of batch 7:
INFO  [17:10:29.175] [bbotk]  nrounds        eta max_depth classif.ce warnings errors runtime_learners
INFO  [17:10:29.175] [bbotk]      208 0.07932053         3  0.0726817        0      0            0.386
INFO  [17:10:29.175] [bbotk]                                 uhash
INFO  [17:10:29.175] [bbotk]  e3e4363c-6380-4f66-9028-584d28b9e6a1
INFO  [17:10:29.191] [bbotk] Evaluating 1 configuration(s)
INFO  [17:10:29.698] [bbotk] Result of batch 8:
INFO  [17:10:29.700] [bbotk]  nrounds      eta max_depth classif.ce warnings errors runtime_learners
INFO  [17:10:29.700] [bbotk]      198 0.143279         8 0.07518797        0      0            0.467
INFO  [17:10:29.700] [bbotk]                                 uhash
INFO  [17:10:29.700] [bbotk]  2a9ac51b-be70-444a-a2be-9057b9cf80aa
INFO  [17:10:29.708] [bbotk] Evaluating 1 configuration(s)
INFO  [17:10:30.211] [bbotk] Result of batch 9:
INFO  [17:10:30.212] [bbotk]  nrounds       eta max_depth classif.ce warnings errors runtime_learners
INFO  [17:10:30.212] [bbotk]      282 0.2556921         4  0.0726817        0      0            0.459
INFO  [17:10:30.212] [bbotk]                                 uhash
INFO  [17:10:30.212] [bbotk]  980a6205-065c-4988-b6ab-109fee541cbc
INFO  [17:10:30.217] [bbotk] Evaluating 1 configuration(s)
INFO  [17:10:30.475] [bbotk] Result of batch 10:
INFO  [17:10:30.477] [bbotk]  nrounds        eta max_depth classif.ce warnings errors runtime_learners
INFO  [17:10:30.477] [bbotk]      108 0.04170103         4 0.07142857        0      0            0.204
INFO  [17:10:30.477] [bbotk]                                 uhash
INFO  [17:10:30.477] [bbotk]  4595bb69-d2d7-4a6b-be78-d4ea3f101735
INFO  [17:10:30.486] [bbotk] Finished optimizing after 10 evaluation(s)
INFO  [17:10:30.486] [bbotk] Result:
INFO  [17:10:30.487] [bbotk]  nrounds       eta max_depth learner_param_vals  x_domain classif.ce
INFO  [17:10:30.487] [bbotk]    <int>     <num>     <int>             <list>    <list>      <num>
INFO  [17:10:30.487] [bbotk]      232 0.1090827         4          <list[5]> <list[3]> 0.06766917
INFO  [17:10:30.741] [bbotk] Starting to optimize 3 parameter(s) with '<OptimizerBatchRandomSearch>' and '<TerminatorEvals> [n_evals=10, k=0]'
INFO  [17:10:30.770] [bbotk] Evaluating 1 configuration(s)
INFO  [17:10:31.411] [bbotk] Result of batch 1:
INFO  [17:10:31.413] [bbotk]  nrounds       eta max_depth classif.ce warnings errors runtime_learners
INFO  [17:10:31.413] [bbotk]      273 0.1021199         9 0.07017544        0      0            0.567
INFO  [17:10:31.413] [bbotk]                                 uhash
INFO  [17:10:31.413] [bbotk]  5633d533-0873-4c80-8dd2-8a3938c73421
INFO  [17:10:31.421] [bbotk] Evaluating 1 configuration(s)
INFO  [17:10:31.861] [bbotk] Result of batch 2:
INFO  [17:10:31.864] [bbotk]  nrounds        eta max_depth classif.ce warnings errors runtime_learners
INFO  [17:10:31.864] [bbotk]      146 0.07200066        10 0.06265664        0      0            0.383
INFO  [17:10:31.864] [bbotk]                                 uhash
INFO  [17:10:31.864] [bbotk]  54802d4e-30d1-449a-a781-f663d79c5678
INFO  [17:10:31.877] [bbotk] Evaluating 1 configuration(s)
INFO  [17:10:32.239] [bbotk] Result of batch 3:
INFO  [17:10:32.242] [bbotk]  nrounds        eta max_depth classif.ce warnings errors runtime_learners
INFO  [17:10:32.242] [bbotk]      146 0.07628788         5 0.06265664        0      0            0.309
INFO  [17:10:32.242] [bbotk]                                 uhash
INFO  [17:10:32.242] [bbotk]  63891dcf-eb54-4c6b-a3e4-e7fa44e7ae9d
INFO  [17:10:32.250] [bbotk] Evaluating 1 configuration(s)
INFO  [17:10:32.451] [bbotk] Result of batch 4:
INFO  [17:10:32.454] [bbotk]  nrounds        eta max_depth classif.ce warnings errors runtime_learners
INFO  [17:10:32.454] [bbotk]      129 0.01551788         3 0.07142857        0      0            0.165
INFO  [17:10:32.454] [bbotk]                                 uhash
INFO  [17:10:32.454] [bbotk]  81f1ebc0-4b26-496a-999a-7d9b8c51d022
INFO  [17:10:32.461] [bbotk] Evaluating 1 configuration(s)
INFO  [17:10:32.627] [bbotk] Result of batch 5:
INFO  [17:10:32.628] [bbotk]  nrounds        eta max_depth classif.ce warnings errors runtime_learners
INFO  [17:10:32.628] [bbotk]      179 0.07809203         2 0.07518797        0      0            0.136
INFO  [17:10:32.628] [bbotk]                                 uhash
INFO  [17:10:32.628] [bbotk]  7afd768c-ef20-404e-beb7-d880cdbe93f4
INFO  [17:10:32.632] [bbotk] Evaluating 1 configuration(s)
INFO  [17:10:32.889] [bbotk] Result of batch 6:
INFO  [17:10:32.891] [bbotk]  nrounds       eta max_depth classif.ce warnings errors runtime_learners
INFO  [17:10:32.891] [bbotk]       99 0.1569791         5 0.06641604        0      0            0.206
INFO  [17:10:32.891] [bbotk]                                 uhash
INFO  [17:10:32.891] [bbotk]  a2b5fb9c-ffe0-4c0a-aa39-38d5f3105d49
INFO  [17:10:32.899] [bbotk] Evaluating 1 configuration(s)
INFO  [17:10:33.211] [bbotk] Result of batch 7:
INFO  [17:10:33.212] [bbotk]  nrounds       eta max_depth classif.ce warnings errors runtime_learners
INFO  [17:10:33.212] [bbotk]      168 0.2639309         3 0.06516291        0      0            0.262
INFO  [17:10:33.212] [bbotk]                                 uhash
INFO  [17:10:33.212] [bbotk]  18f6701b-89d9-4e59-8968-3da6847af269
INFO  [17:10:33.215] [bbotk] Evaluating 1 configuration(s)
INFO  [17:10:33.636] [bbotk] Result of batch 8:
INFO  [17:10:33.637] [bbotk]  nrounds       eta max_depth classif.ce warnings errors runtime_learners
INFO  [17:10:33.637] [bbotk]      175 0.1321792         6 0.06641604        0      0            0.364
INFO  [17:10:33.637] [bbotk]                                 uhash
INFO  [17:10:33.637] [bbotk]  7e481f90-67d9-4b6e-b596-5922f9dc99c2
INFO  [17:10:33.641] [bbotk] Evaluating 1 configuration(s)
INFO  [17:10:33.805] [bbotk] Result of batch 9:
INFO  [17:10:33.807] [bbotk]  nrounds       eta max_depth classif.ce warnings errors runtime_learners
INFO  [17:10:33.807] [bbotk]      106 0.2413749         2 0.07142857        0      0            0.111
INFO  [17:10:33.807] [bbotk]                                 uhash
INFO  [17:10:33.807] [bbotk]  9d972c3f-081d-43ff-bc29-5b7076391c50
INFO  [17:10:33.819] [bbotk] Evaluating 1 configuration(s)
INFO  [17:10:34.065] [bbotk] Result of batch 10:
INFO  [17:10:34.066] [bbotk]  nrounds       eta max_depth classif.ce warnings errors runtime_learners
INFO  [17:10:34.066] [bbotk]       78 0.2254357        10 0.06766917        0      0              0.2
INFO  [17:10:34.066] [bbotk]                                 uhash
INFO  [17:10:34.066] [bbotk]  049107d4-5ad4-43c3-8576-2dd1ad30abc1
INFO  [17:10:34.085] [bbotk] Finished optimizing after 10 evaluation(s)
INFO  [17:10:34.086] [bbotk] Result:
INFO  [17:10:34.088] [bbotk]  nrounds        eta max_depth learner_param_vals  x_domain classif.ce
INFO  [17:10:34.088] [bbotk]    <int>      <num>     <int>             <list>    <list>      <num>
INFO  [17:10:34.088] [bbotk]      146 0.07200066        10          <list[5]> <list[3]> 0.06265664
INFO  [17:10:34.345] [bbotk] Starting to optimize 3 parameter(s) with '<OptimizerBatchRandomSearch>' and '<TerminatorEvals> [n_evals=10, k=0]'
INFO  [17:10:34.357] [bbotk] Evaluating 1 configuration(s)
INFO  [17:10:34.523] [bbotk] Result of batch 1:
INFO  [17:10:34.525] [bbotk]  nrounds        eta max_depth classif.ce warnings errors runtime_learners
INFO  [17:10:34.525] [bbotk]      162 0.06818555         2 0.06630809        0      0            0.129
INFO  [17:10:34.525] [bbotk]                                 uhash
INFO  [17:10:34.525] [bbotk]  45d432b2-d00f-4cda-af9c-cb799723c72c
INFO  [17:10:34.534] [bbotk] Evaluating 1 configuration(s)
INFO  [17:10:34.809] [bbotk] Result of batch 2:
INFO  [17:10:34.812] [bbotk]  nrounds       eta max_depth classif.ce warnings errors runtime_learners
INFO  [17:10:34.812] [bbotk]      148 0.1083222         3 0.06755653        0      0            0.217
INFO  [17:10:34.812] [bbotk]                                 uhash
INFO  [17:10:34.812] [bbotk]  ef7d28ce-e7ed-4696-8fbb-207d94f8dfc3
INFO  [17:10:34.829] [bbotk] Evaluating 1 configuration(s)
INFO  [17:10:35.060] [bbotk] Result of batch 3:
INFO  [17:10:35.061] [bbotk]  nrounds       eta max_depth classif.ce warnings errors runtime_learners
INFO  [17:10:35.061] [bbotk]       64 0.2536678         6 0.07131593        0      0            0.167
INFO  [17:10:35.061] [bbotk]                                 uhash
INFO  [17:10:35.061] [bbotk]  d1d9e20b-1a7f-4fdc-8f72-187fa7f08517
INFO  [17:10:35.065] [bbotk] Evaluating 1 configuration(s)
INFO  [17:10:35.630] [bbotk] Result of batch 4:
INFO  [17:10:35.632] [bbotk]  nrounds       eta max_depth classif.ce warnings errors runtime_learners
INFO  [17:10:35.632] [bbotk]      216 0.2306328         8 0.07256437        0      0            0.514
INFO  [17:10:35.632] [bbotk]                                 uhash
INFO  [17:10:35.632] [bbotk]  81b51318-76a3-49c1-947d-a823c19cdb09
INFO  [17:10:35.647] [bbotk] Evaluating 1 configuration(s)
INFO  [17:10:36.253] [bbotk] Result of batch 5:
INFO  [17:10:36.254] [bbotk]  nrounds       eta max_depth classif.ce warnings errors runtime_learners
INFO  [17:10:36.254] [bbotk]      290 0.2070688         9  0.0738175        0      0             0.57
INFO  [17:10:36.254] [bbotk]                                 uhash
INFO  [17:10:36.254] [bbotk]  5b4891f1-5833-4ae1-ab64-3fba85c099f2
INFO  [17:10:36.258] [bbotk] Evaluating 1 configuration(s)
INFO  [17:10:36.627] [bbotk] Result of batch 6:
INFO  [17:10:36.634] [bbotk]  nrounds       eta max_depth classif.ce warnings errors runtime_learners
INFO  [17:10:36.634] [bbotk]      138 0.1801901         7 0.07131124        0      0            0.317
INFO  [17:10:36.634] [bbotk]                                 uhash
INFO  [17:10:36.634] [bbotk]  d8a0547e-85d1-4687-bba4-e056518a5ae0
INFO  [17:10:36.639] [bbotk] Evaluating 1 configuration(s)
INFO  [17:10:37.146] [bbotk] Result of batch 7:
INFO  [17:10:37.148] [bbotk]  nrounds       eta max_depth classif.ce warnings errors runtime_learners
INFO  [17:10:37.148] [bbotk]      226 0.1800943        10 0.07131124        0      0            0.459
INFO  [17:10:37.148] [bbotk]                                 uhash
INFO  [17:10:37.148] [bbotk]  fec4de54-b307-4fbe-87ae-00e220879010
INFO  [17:10:37.155] [bbotk] Evaluating 1 configuration(s)
INFO  [17:10:37.412] [bbotk] Result of batch 8:
INFO  [17:10:37.413] [bbotk]  nrounds       eta max_depth classif.ce warnings errors runtime_learners
INFO  [17:10:37.413] [bbotk]      262 0.2703765         2 0.07255968        0      0            0.219
INFO  [17:10:37.413] [bbotk]                                 uhash
INFO  [17:10:37.413] [bbotk]  a76d91a1-1d5d-4e3f-911d-4b429b1492d8
INFO  [17:10:37.418] [bbotk] Evaluating 1 configuration(s)
INFO  [17:10:37.582] [bbotk] Result of batch 9:
INFO  [17:10:37.584] [bbotk]  nrounds       eta max_depth classif.ce warnings errors runtime_learners
INFO  [17:10:37.584] [bbotk]       58 0.2452877         7 0.07131124        0      0            0.116
INFO  [17:10:37.584] [bbotk]                                 uhash
INFO  [17:10:37.584] [bbotk]  dc9140be-a2a9-4fe1-931a-b679cc38691b
INFO  [17:10:37.590] [bbotk] Evaluating 1 configuration(s)
INFO  [17:10:38.237] [bbotk] Result of batch 10:
INFO  [17:10:38.238] [bbotk]  nrounds      eta max_depth classif.ce warnings errors runtime_learners
INFO  [17:10:38.238] [bbotk]      231 0.054729         9 0.07131593        0      0            0.587
INFO  [17:10:38.238] [bbotk]                                 uhash
INFO  [17:10:38.238] [bbotk]  2b8875d0-5382-46a2-aa98-6487a6fea911
INFO  [17:10:38.250] [bbotk] Finished optimizing after 10 evaluation(s)
INFO  [17:10:38.250] [bbotk] Result:
INFO  [17:10:38.251] [bbotk]  nrounds        eta max_depth learner_param_vals  x_domain classif.ce
INFO  [17:10:38.251] [bbotk]    <int>      <num>     <int>             <list>    <list>      <num>
INFO  [17:10:38.251] [bbotk]      162 0.06818555         2          <list[5]> <list[3]> 0.06630809
INFO  [17:10:38.379] [bbotk] Starting to optimize 3 parameter(s) with '<OptimizerBatchRandomSearch>' and '<TerminatorEvals> [n_evals=10, k=0]'
INFO  [17:10:38.395] [bbotk] Evaluating 1 configuration(s)
INFO  [17:10:38.563] [bbotk] Result of batch 1:
INFO  [17:10:38.564] [bbotk]  nrounds       eta max_depth classif.ce warnings errors runtime_learners
INFO  [17:10:38.564] [bbotk]       71 0.1828001         3 0.06508312        0      0            0.118
INFO  [17:10:38.564] [bbotk]                                 uhash
INFO  [17:10:38.564] [bbotk]  2e053104-e8ac-4310-92df-82b5719cee9b
INFO  [17:10:38.568] [bbotk] Evaluating 1 configuration(s)
INFO  [17:10:38.870] [bbotk] Result of batch 2:
INFO  [17:10:38.871] [bbotk]  nrounds       eta max_depth classif.ce warnings errors runtime_learners
INFO  [17:10:38.871] [bbotk]       85 0.2203512         8 0.05506744        0      0            0.223
INFO  [17:10:38.871] [bbotk]                                 uhash
INFO  [17:10:38.871] [bbotk]  14a4ed32-e346-4649-8a20-8c8b7cceff93
INFO  [17:10:38.876] [bbotk] Evaluating 1 configuration(s)
INFO  [17:10:39.153] [bbotk] Result of batch 3:
INFO  [17:10:39.154] [bbotk]  nrounds       eta max_depth classif.ce warnings errors runtime_learners
INFO  [17:10:39.154] [bbotk]       76 0.1811892         8 0.05757371        0      0            0.221
INFO  [17:10:39.154] [bbotk]                                 uhash
INFO  [17:10:39.154] [bbotk]  6eb6a045-9a05-4f11-a797-6d422c84c834
INFO  [17:10:39.159] [bbotk] Evaluating 1 configuration(s)
INFO  [17:10:39.606] [bbotk] Result of batch 4:
INFO  [17:10:39.607] [bbotk]  nrounds        eta max_depth classif.ce warnings errors runtime_learners
INFO  [17:10:39.607] [bbotk]      153 0.06890747         8  0.0575784        0      0            0.388
INFO  [17:10:39.607] [bbotk]                                 uhash
INFO  [17:10:39.607] [bbotk]  eadaa8b3-05e9-4512-aa46-7285e4671ce8
INFO  [17:10:39.615] [bbotk] Evaluating 1 configuration(s)
INFO  [17:10:40.164] [bbotk] Result of batch 5:
INFO  [17:10:40.165] [bbotk]  nrounds       eta max_depth classif.ce warnings errors runtime_learners
INFO  [17:10:40.165] [bbotk]      293 0.2884421         8 0.05757371        0      0            0.483
INFO  [17:10:40.165] [bbotk]                                 uhash
INFO  [17:10:40.165] [bbotk]  160ee717-96d2-48e1-a975-b2e96a51575e
INFO  [17:10:40.173] [bbotk] Evaluating 1 configuration(s)
INFO  [17:10:40.609] [bbotk] Result of batch 6:
INFO  [17:10:40.610] [bbotk]  nrounds       eta max_depth classif.ce warnings errors runtime_learners
INFO  [17:10:40.610] [bbotk]      208 0.2736381         8 0.05631588        0      0             0.37
INFO  [17:10:40.610] [bbotk]                                 uhash
INFO  [17:10:40.610] [bbotk]  a87b6979-dc6b-451d-b043-d1b1ed698392
INFO  [17:10:40.614] [bbotk] Evaluating 1 configuration(s)
INFO  [17:10:41.258] [bbotk] Result of batch 7:
INFO  [17:10:41.263] [bbotk]  nrounds       eta max_depth classif.ce warnings errors runtime_learners
INFO  [17:10:41.263] [bbotk]      287 0.1287592         6 0.05882684        0      0            0.609
INFO  [17:10:41.263] [bbotk]                                 uhash
INFO  [17:10:41.263] [bbotk]  4a196e68-dad1-4ade-af0b-aea1e59119cf
INFO  [17:10:41.276] [bbotk] Evaluating 1 configuration(s)
INFO  [17:10:41.807] [bbotk] Result of batch 8:
INFO  [17:10:41.810] [bbotk]  nrounds        eta max_depth classif.ce warnings errors runtime_learners
INFO  [17:10:41.810] [bbotk]      276 0.09576013         4 0.05632058        0      0            0.479
INFO  [17:10:41.810] [bbotk]                                 uhash
INFO  [17:10:41.810] [bbotk]  ab2a48b3-892c-4e32-929d-8207e433a0cc
INFO  [17:10:41.821] [bbotk] Evaluating 1 configuration(s)
INFO  [17:10:42.049] [bbotk] Result of batch 9:
INFO  [17:10:42.050] [bbotk]  nrounds       eta max_depth classif.ce warnings errors runtime_learners
INFO  [17:10:42.050] [bbotk]      172 0.1630154         2 0.05757371        0      0            0.177
INFO  [17:10:42.050] [bbotk]                                 uhash
INFO  [17:10:42.050] [bbotk]  a6e3fa4e-a7d2-4032-ab04-d3bdc0067908
INFO  [17:10:42.054] [bbotk] Evaluating 1 configuration(s)
INFO  [17:10:42.517] [bbotk] Result of batch 10:
INFO  [17:10:42.518] [bbotk]  nrounds       eta max_depth classif.ce warnings errors runtime_learners
INFO  [17:10:42.518] [bbotk]      285 0.2439296         5 0.06257685        0      0            0.438
INFO  [17:10:42.518] [bbotk]                                 uhash
INFO  [17:10:42.518] [bbotk]  14e8e153-911f-41bf-9c7f-caf134a6d5b2
INFO  [17:10:42.531] [bbotk] Finished optimizing after 10 evaluation(s)
INFO  [17:10:42.532] [bbotk] Result:
INFO  [17:10:42.533] [bbotk]  nrounds       eta max_depth learner_param_vals  x_domain classif.ce
INFO  [17:10:42.533] [bbotk]    <int>     <num>     <int>             <list>    <list>      <num>
INFO  [17:10:42.533] [bbotk]       85 0.2203512         8          <list[5]> <list[3]> 0.05506744

### [bt]: Job terminated successfully [batchtools job.id=2277]
### [bt]: Starting job [batchtools job.id=2278]
### [bt]: Generating problem instance for problem 'a63d756aec4c60c1' ...
### [bt]: Applying algorithm 'run_learner' on problem 'a63d756aec4c60c1' for job 2278 (seed = 2279) ...
INFO  [17:10:42.875] [mlr3] Applying learner 'classif.xgboost.tuned_calib.perfold_isotonic' on task 'pc1' (iter 8/10)
INFO  [17:10:42.947] [bbotk] Starting to optimize 3 parameter(s) with '<OptimizerBatchRandomSearch>' and '<TerminatorEvals> [n_evals=10, k=0]'
INFO  [17:10:42.964] [bbotk] Evaluating 1 configuration(s)
INFO  [17:10:43.196] [bbotk] Result of batch 1:
INFO  [17:10:43.197] [bbotk]  nrounds       eta max_depth classif.ce warnings errors runtime_learners
INFO  [17:10:43.197] [bbotk]       54 0.1563899         7 0.07894737        0      0            0.177
INFO  [17:10:43.197] [bbotk]                                 uhash
INFO  [17:10:43.197] [bbotk]  ebcf6f33-1beb-43f5-bf1e-9ffa9b79225a
INFO  [17:10:43.205] [bbotk] Evaluating 1 configuration(s)
INFO  [17:10:43.923] [bbotk] Result of batch 2:
INFO  [17:10:43.925] [bbotk]  nrounds       eta max_depth classif.ce warnings errors runtime_learners
INFO  [17:10:43.925] [bbotk]      276 0.0799283         6  0.0764411        0      0            0.648
INFO  [17:10:43.925] [bbotk]                                 uhash
INFO  [17:10:43.925] [bbotk]  420223e8-b630-4576-a0dd-0e6bfd7f4949
INFO  [17:10:43.931] [bbotk] Evaluating 1 configuration(s)
INFO  [17:10:44.498] [bbotk] Result of batch 3:
INFO  [17:10:44.499] [bbotk]  nrounds       eta max_depth classif.ce warnings errors runtime_learners
INFO  [17:10:44.499] [bbotk]      217 0.1122643         7  0.0802005        0      0            0.519
INFO  [17:10:44.499] [bbotk]                                 uhash
INFO  [17:10:44.499] [bbotk]  233f3627-763a-4ff2-908a-0d2f546babff
INFO  [17:10:44.504] [bbotk] Evaluating 1 configuration(s)
INFO  [17:10:44.962] [bbotk] Result of batch 4:
INFO  [17:10:44.964] [bbotk]  nrounds       eta max_depth classif.ce warnings errors runtime_learners
INFO  [17:10:44.964] [bbotk]      257 0.2111155         4 0.08145363        0      0            0.419
INFO  [17:10:44.964] [bbotk]                                 uhash
INFO  [17:10:44.964] [bbotk]  12fdb872-1a62-4409-9ac6-c0d9be151e14
INFO  [17:10:44.976] [bbotk] Evaluating 1 configuration(s)
INFO  [17:10:45.293] [bbotk] Result of batch 5:
INFO  [17:10:45.296] [bbotk]  nrounds        eta max_depth classif.ce warnings errors runtime_learners
INFO  [17:10:45.296] [bbotk]      123 0.04943727         4 0.07142857        0      0            0.237
INFO  [17:10:45.296] [bbotk]                                 uhash
INFO  [17:10:45.296] [bbotk]  1847f792-684b-4071-9ee5-2fbab10aa76c
INFO  [17:10:45.304] [bbotk] Evaluating 1 configuration(s)
INFO  [17:10:45.790] [bbotk] Result of batch 6:
INFO  [17:10:45.792] [bbotk]  nrounds       eta max_depth classif.ce warnings errors runtime_learners
INFO  [17:10:45.792] [bbotk]      220 0.1434112         4 0.08270677        0      0            0.437
INFO  [17:10:45.792] [bbotk]                                 uhash
INFO  [17:10:45.792] [bbotk]  74419923-8fac-48f0-b351-c6b76e787045
INFO  [17:10:45.801] [bbotk] Evaluating 1 configuration(s)
INFO  [17:10:46.077] [bbotk] Result of batch 7:
INFO  [17:10:46.079] [bbotk]  nrounds       eta max_depth classif.ce warnings errors runtime_learners
INFO  [17:10:46.079] [bbotk]      207 0.1029235         2 0.07894737        0      0            0.226
INFO  [17:10:46.079] [bbotk]                                 uhash
INFO  [17:10:46.079] [bbotk]  94fc9066-a346-4d01-a2bf-5e8c678127fc
INFO  [17:10:46.095] [bbotk] Evaluating 1 configuration(s)
INFO  [17:10:46.515] [bbotk] Result of batch 8:
INFO  [17:10:46.516] [bbotk]  nrounds        eta max_depth classif.ce warnings errors runtime_learners
INFO  [17:10:46.516] [bbotk]      175 0.01168846         5  0.0764411        0      0             0.39
INFO  [17:10:46.516] [bbotk]                                 uhash
INFO  [17:10:46.516] [bbotk]  224cd27f-510c-44d7-9461-155ae9451d6e
INFO  [17:10:46.523] [bbotk] Evaluating 1 configuration(s)
INFO  [17:10:46.932] [bbotk] Result of batch 9:
INFO  [17:10:46.933] [bbotk]  nrounds        eta max_depth classif.ce warnings errors runtime_learners
INFO  [17:10:46.933] [bbotk]      100 0.04184198         7 0.07769424        0      0            0.306
INFO  [17:10:46.933] [bbotk]                                 uhash
INFO  [17:10:46.933] [bbotk]  b15710a0-cb96-4e8a-9b2f-3f33b75bcc29
INFO  [17:10:46.944] [bbotk] Evaluating 1 configuration(s)
INFO  [17:10:47.421] [bbotk] Result of batch 10:
INFO  [17:10:47.422] [bbotk]  nrounds       eta max_depth classif.ce warnings errors runtime_learners
INFO  [17:10:47.422] [bbotk]      172 0.1474054         6 0.07894737        0      0            0.441
INFO  [17:10:47.422] [bbotk]                                 uhash
INFO  [17:10:47.422] [bbotk]  eef2a0d5-a333-4df7-b010-0343b57c10be
INFO  [17:10:47.430] [bbotk] Finished optimizing after 10 evaluation(s)
INFO  [17:10:47.431] [bbotk] Result:
INFO  [17:10:47.431] [bbotk]  nrounds        eta max_depth learner_param_vals  x_domain classif.ce
INFO  [17:10:47.431] [bbotk]    <int>      <num>     <int>             <list>    <list>      <num>
INFO  [17:10:47.431] [bbotk]      123 0.04943727         4          <list[5]> <list[3]> 0.07142857
INFO  [17:10:47.580] [bbotk] Starting to optimize 3 parameter(s) with '<OptimizerBatchRandomSearch>' and '<TerminatorEvals> [n_evals=10, k=0]'
INFO  [17:10:47.606] [bbotk] Evaluating 1 configuration(s)
INFO  [17:10:47.725] [bbotk] Result of batch 1:
INFO  [17:10:47.727] [bbotk]  nrounds        eta max_depth classif.ce warnings errors runtime_learners
INFO  [17:10:47.727] [bbotk]       65 0.01341011         2 0.05764411        0      0            0.079
INFO  [17:10:47.727] [bbotk]                                 uhash
INFO  [17:10:47.727] [bbotk]  8e5ea563-7d3b-4031-b22c-f3ffe47a6bb6
INFO  [17:10:47.744] [bbotk] Evaluating 1 configuration(s)
INFO  [17:10:48.064] [bbotk] Result of batch 2:
INFO  [17:10:48.065] [bbotk]  nrounds       eta max_depth classif.ce warnings errors runtime_learners
INFO  [17:10:48.065] [bbotk]      165 0.1499104         3 0.06265664        0      0            0.246
INFO  [17:10:48.065] [bbotk]                                 uhash
INFO  [17:10:48.065] [bbotk]  d7f35bf2-e335-47b4-86a6-25ddd9eb1360
INFO  [17:10:48.069] [bbotk] Evaluating 1 configuration(s)
INFO  [17:10:48.532] [bbotk] Result of batch 3:
INFO  [17:10:48.533] [bbotk]  nrounds       eta max_depth classif.ce warnings errors runtime_learners
INFO  [17:10:48.533] [bbotk]      246 0.2853981        10 0.05764411        0      0            0.418
INFO  [17:10:48.533] [bbotk]                                 uhash
INFO  [17:10:48.533] [bbotk]  bd0dd7b0-5c6b-4d89-9865-f37b109c792e
INFO  [17:10:48.537] [bbotk] Evaluating 1 configuration(s)
INFO  [17:10:48.778] [bbotk] Result of batch 4:
INFO  [17:10:48.779] [bbotk]  nrounds        eta max_depth classif.ce warnings errors runtime_learners
INFO  [17:10:48.779] [bbotk]       89 0.07934612         5 0.06265664        0      0            0.206
INFO  [17:10:48.779] [bbotk]                                 uhash
INFO  [17:10:48.779] [bbotk]  42016829-c87b-4a92-8dcc-1cbc524c0bb5
INFO  [17:10:48.786] [bbotk] Evaluating 1 configuration(s)
INFO  [17:10:49.230] [bbotk] Result of batch 5:
INFO  [17:10:49.232] [bbotk]  nrounds       eta max_depth classif.ce warnings errors runtime_learners
INFO  [17:10:49.232] [bbotk]      213 0.2474355         6 0.06390977        0      0            0.372
INFO  [17:10:49.232] [bbotk]                                 uhash
INFO  [17:10:49.232] [bbotk]  b3b94de2-f2d1-4979-923b-015339337f5b
INFO  [17:10:49.242] [bbotk] Evaluating 1 configuration(s)
INFO  [17:10:49.905] [bbotk] Result of batch 6:
INFO  [17:10:49.906] [bbotk]  nrounds        eta max_depth classif.ce warnings errors runtime_learners
INFO  [17:10:49.906] [bbotk]      270 0.03211835         8 0.06015038        0      0            0.611
INFO  [17:10:49.906] [bbotk]                                 uhash
INFO  [17:10:49.906] [bbotk]  0a784d15-ace9-4508-a21b-5852d3b1ab7f
INFO  [17:10:49.913] [bbotk] Evaluating 1 configuration(s)
INFO  [17:10:50.434] [bbotk] Result of batch 7:
INFO  [17:10:50.435] [bbotk]  nrounds       eta max_depth classif.ce warnings errors runtime_learners
INFO  [17:10:50.435] [bbotk]      237 0.1671636         8 0.05639098        0      0             0.47
INFO  [17:10:50.435] [bbotk]                                 uhash
INFO  [17:10:50.435] [bbotk]  d531c450-6228-4494-93ee-a7c885b83313
INFO  [17:10:50.445] [bbotk] Evaluating 1 configuration(s)
INFO  [17:10:51.016] [bbotk] Result of batch 8:
INFO  [17:10:51.018] [bbotk]  nrounds       eta max_depth classif.ce warnings errors runtime_learners
INFO  [17:10:51.018] [bbotk]      298 0.1740402         6 0.06140351        0      0            0.509
INFO  [17:10:51.018] [bbotk]                                 uhash
INFO  [17:10:51.018] [bbotk]  9544e6ad-ed0a-42ba-ab55-d5751d80d672
INFO  [17:10:51.035] [bbotk] Evaluating 1 configuration(s)
INFO  [17:10:51.394] [bbotk] Result of batch 9:
INFO  [17:10:51.396] [bbotk]  nrounds        eta max_depth classif.ce warnings errors runtime_learners
INFO  [17:10:51.396] [bbotk]      131 0.08432197         9 0.06015038        0      0            0.314
INFO  [17:10:51.396] [bbotk]                                 uhash
INFO  [17:10:51.396] [bbotk]  81149717-e3e5-49ed-a6cc-ce9d7e8ebccd
INFO  [17:10:51.406] [bbotk] Evaluating 1 configuration(s)
INFO  [17:10:51.671] [bbotk] Result of batch 10:
INFO  [17:10:51.673] [bbotk]  nrounds       eta max_depth classif.ce warnings errors runtime_learners
INFO  [17:10:51.673] [bbotk]      132 0.2746115         6 0.06140351        0      0            0.229
INFO  [17:10:51.673] [bbotk]                                 uhash
INFO  [17:10:51.673] [bbotk]  7cc81a62-abb5-472d-8f9a-9ebb0a7c0234
INFO  [17:10:51.687] [bbotk] Finished optimizing after 10 evaluation(s)
INFO  [17:10:51.688] [bbotk] Result:
INFO  [17:10:51.690] [bbotk]  nrounds       eta max_depth learner_param_vals  x_domain classif.ce
INFO  [17:10:51.690] [bbotk]    <int>     <num>     <int>             <list>    <list>      <num>
INFO  [17:10:51.690] [bbotk]      237 0.1671636         8          <list[5]> <list[3]> 0.05639098
INFO  [17:10:51.980] [bbotk] Starting to optimize 3 parameter(s) with '<OptimizerBatchRandomSearch>' and '<TerminatorEvals> [n_evals=10, k=0]'
INFO  [17:10:51.995] [bbotk] Evaluating 1 configuration(s)
INFO  [17:10:52.185] [bbotk] Result of batch 1:
INFO  [17:10:52.186] [bbotk]  nrounds       eta max_depth classif.ce warnings errors runtime_learners
INFO  [17:10:52.186] [bbotk]       58 0.2475634         5 0.06265664        0      0            0.139
INFO  [17:10:52.186] [bbotk]                                 uhash
INFO  [17:10:52.186] [bbotk]  5d0ee2f7-86e8-4af6-940d-1131aa1a2317
INFO  [17:10:52.190] [bbotk] Evaluating 1 configuration(s)
INFO  [17:10:52.567] [bbotk] Result of batch 2:
INFO  [17:10:52.568] [bbotk]  nrounds       eta max_depth classif.ce warnings errors runtime_learners
INFO  [17:10:52.568] [bbotk]      295 0.2088717         3 0.06265664        0      0            0.342
INFO  [17:10:52.568] [bbotk]                                 uhash
INFO  [17:10:52.568] [bbotk]  3214b18d-d3a9-426d-861d-f3972c7325e1
INFO  [17:10:52.572] [bbotk] Evaluating 1 configuration(s)
INFO  [17:10:52.982] [bbotk] Result of batch 3:
INFO  [17:10:52.984] [bbotk]  nrounds       eta max_depth classif.ce warnings errors runtime_learners
INFO  [17:10:52.984] [bbotk]      204 0.2231934         8 0.06390977        0      0            0.366
INFO  [17:10:52.984] [bbotk]                                 uhash
INFO  [17:10:52.984] [bbotk]  967f2397-9ec2-4fc6-9223-608163a04bde
INFO  [17:10:52.989] [bbotk] Evaluating 1 configuration(s)
INFO  [17:10:53.528] [bbotk] Result of batch 4:
INFO  [17:10:53.529] [bbotk]  nrounds       eta max_depth classif.ce warnings errors runtime_learners
INFO  [17:10:53.529] [bbotk]      286 0.2337646         7 0.06140351        0      0            0.466
INFO  [17:10:53.529] [bbotk]                                 uhash
INFO  [17:10:53.529] [bbotk]  0523c41b-c8f1-4503-8c79-51ab73cce9e5
INFO  [17:10:53.534] [bbotk] Evaluating 1 configuration(s)
INFO  [17:10:53.906] [bbotk] Result of batch 5:
INFO  [17:10:53.907] [bbotk]  nrounds       eta max_depth classif.ce warnings errors runtime_learners
INFO  [17:10:53.907] [bbotk]      227 0.2780413        10 0.06265664        0      0            0.331
INFO  [17:10:53.907] [bbotk]                                 uhash
INFO  [17:10:53.907] [bbotk]  a1259c10-a22b-4ae4-bca7-e582ee78f58a
INFO  [17:10:53.916] [bbotk] Evaluating 1 configuration(s)
INFO  [17:10:54.251] [bbotk] Result of batch 6:
INFO  [17:10:54.252] [bbotk]  nrounds       eta max_depth classif.ce warnings errors runtime_learners
INFO  [17:10:54.252] [bbotk]      216 0.2728801         9 0.06390977        0      0            0.297
INFO  [17:10:54.252] [bbotk]                                 uhash
INFO  [17:10:54.252] [bbotk]  855b651f-78d4-447f-88f9-b1db4b7f9031
INFO  [17:10:54.256] [bbotk] Evaluating 1 configuration(s)
INFO  [17:10:54.375] [bbotk] Result of batch 7:
INFO  [17:10:54.377] [bbotk]  nrounds       eta max_depth classif.ce warnings errors runtime_learners
INFO  [17:10:54.377] [bbotk]       72 0.1048673         2 0.05513784        0      0            0.067
INFO  [17:10:54.377] [bbotk]                                 uhash
INFO  [17:10:54.377] [bbotk]  564f5bdb-dee5-49f0-a140-dd16d8a0dc89
INFO  [17:10:54.394] [bbotk] Evaluating 1 configuration(s)
INFO  [17:10:54.654] [bbotk] Result of batch 8:
INFO  [17:10:54.656] [bbotk]  nrounds       eta max_depth classif.ce warnings errors runtime_learners
INFO  [17:10:54.656] [bbotk]      105 0.2095438        10 0.06015038        0      0            0.204
INFO  [17:10:54.656] [bbotk]                                 uhash
INFO  [17:10:54.656] [bbotk]  8bcd99bf-7921-4023-9af7-8dd023f86fa5
INFO  [17:10:54.661] [bbotk] Evaluating 1 configuration(s)
INFO  [17:10:55.019] [bbotk] Result of batch 9:
INFO  [17:10:55.020] [bbotk]  nrounds        eta max_depth classif.ce warnings errors runtime_learners
INFO  [17:10:55.020] [bbotk]      264 0.05098194         3 0.06516291        0      0            0.325
INFO  [17:10:55.020] [bbotk]                                 uhash
INFO  [17:10:55.020] [bbotk]  0a2416af-d6e5-41c2-8c3f-57bce9b4f78d
INFO  [17:10:55.024] [bbotk] Evaluating 1 configuration(s)
INFO  [17:10:55.256] [bbotk] Result of batch 10:
INFO  [17:10:55.258] [bbotk]  nrounds        eta max_depth classif.ce warnings errors runtime_learners
INFO  [17:10:55.258] [bbotk]       97 0.08372733         4 0.06641604        0      0            0.167
INFO  [17:10:55.258] [bbotk]                                 uhash
INFO  [17:10:55.258] [bbotk]  d3158b58-83f4-4c61-878d-9518a4fcd643
INFO  [17:10:55.269] [bbotk] Finished optimizing after 10 evaluation(s)
INFO  [17:10:55.269] [bbotk] Result:
INFO  [17:10:55.271] [bbotk]  nrounds       eta max_depth learner_param_vals  x_domain classif.ce
INFO  [17:10:55.271] [bbotk]    <int>     <num>     <int>             <list>    <list>      <num>
INFO  [17:10:55.271] [bbotk]       72 0.1048673         2          <list[5]> <list[3]> 0.05513784
INFO  [17:10:55.362] [bbotk] Starting to optimize 3 parameter(s) with '<OptimizerBatchRandomSearch>' and '<TerminatorEvals> [n_evals=10, k=0]'
INFO  [17:10:55.382] [bbotk] Evaluating 1 configuration(s)
INFO  [17:10:55.809] [bbotk] Result of batch 1:
INFO  [17:10:55.810] [bbotk]  nrounds       eta max_depth classif.ce warnings errors runtime_learners
INFO  [17:10:55.810] [bbotk]      202 0.1847116         7 0.06512536        0      0            0.388
INFO  [17:10:55.810] [bbotk]                                 uhash
INFO  [17:10:55.810] [bbotk]  f44901b0-13b0-4b51-bd6c-7356e3785c21
INFO  [17:10:55.817] [bbotk] Evaluating 1 configuration(s)
INFO  [17:10:56.193] [bbotk] Result of batch 2:
INFO  [17:10:56.195] [bbotk]  nrounds       eta max_depth classif.ce warnings errors runtime_learners
INFO  [17:10:56.195] [bbotk]      272 0.1390823         3 0.06636911        0      0            0.329
INFO  [17:10:56.195] [bbotk]                                 uhash
INFO  [17:10:56.195] [bbotk]  d86f9188-0767-4af5-b665-4c4d4b4eb7c6
INFO  [17:10:56.208] [bbotk] Evaluating 1 configuration(s)
INFO  [17:10:56.661] [bbotk] Result of batch 3:
INFO  [17:10:56.664] [bbotk]  nrounds        eta max_depth classif.ce warnings errors runtime_learners
INFO  [17:10:56.664] [bbotk]      202 0.05112894         6 0.06512536        0      0            0.397
INFO  [17:10:56.664] [bbotk]                                 uhash
INFO  [17:10:56.664] [bbotk]  4cfa98da-f45d-40ff-8158-c09ad00e1e93
INFO  [17:10:56.674] [bbotk] Evaluating 1 configuration(s)
INFO  [17:10:57.082] [bbotk] Result of batch 4:
INFO  [17:10:57.083] [bbotk]  nrounds        eta max_depth classif.ce warnings errors runtime_learners
INFO  [17:10:57.083] [bbotk]      149 0.05785246         8 0.06010814        0      0             0.36
INFO  [17:10:57.083] [bbotk]                                 uhash
INFO  [17:10:57.083] [bbotk]  4c781977-e0a4-4ecf-8ed0-6f589d5f16b5
INFO  [17:10:57.087] [bbotk] Evaluating 1 configuration(s)
INFO  [17:10:57.510] [bbotk] Result of batch 5:
INFO  [17:10:57.511] [bbotk]  nrounds       eta max_depth classif.ce warnings errors runtime_learners
INFO  [17:10:57.511] [bbotk]      230 0.2985067         5 0.06511597        0      0            0.379
INFO  [17:10:57.511] [bbotk]                                 uhash
INFO  [17:10:57.511] [bbotk]  9ac7c255-e21c-413a-99e0-3c812f6ac59e
INFO  [17:10:57.515] [bbotk] Evaluating 1 configuration(s)
INFO  [17:10:57.810] [bbotk] Result of batch 6:
INFO  [17:10:57.811] [bbotk]  nrounds       eta max_depth classif.ce warnings errors runtime_learners
INFO  [17:10:57.811] [bbotk]      181 0.2375719         4 0.06762693        0      0            0.251
INFO  [17:10:57.811] [bbotk]                                 uhash
INFO  [17:10:57.811] [bbotk]  46a4d6d1-07c8-4f2f-9cef-4c5c2e8f943e
INFO  [17:10:57.815] [bbotk] Evaluating 1 configuration(s)
INFO  [17:10:58.048] [bbotk] Result of batch 7:
INFO  [17:10:58.049] [bbotk]  nrounds       eta max_depth classif.ce warnings errors runtime_learners
INFO  [17:10:58.049] [bbotk]       70 0.1001937         6 0.06886129        0      0            0.165
INFO  [17:10:58.049] [bbotk]                                 uhash
INFO  [17:10:58.049] [bbotk]  f4bbdd06-447d-498f-98e3-4b30fb6aee20
INFO  [17:10:58.054] [bbotk] Evaluating 1 configuration(s)
INFO  [17:10:58.527] [bbotk] Result of batch 8:
INFO  [17:10:58.527] [bbotk]  nrounds       eta max_depth classif.ce warnings errors runtime_learners
INFO  [17:10:58.527] [bbotk]      266 0.1924789         8 0.06512067        0      0            0.428
INFO  [17:10:58.527] [bbotk]                                 uhash
INFO  [17:10:58.527] [bbotk]  ce56e3e1-649f-4cf6-a008-5a39f2047f58
INFO  [17:10:58.531] [bbotk] Evaluating 1 configuration(s)
INFO  [17:10:58.697] [bbotk] Result of batch 9:
INFO  [17:10:58.699] [bbotk]  nrounds       eta max_depth classif.ce warnings errors runtime_learners
INFO  [17:10:58.699] [bbotk]       53 0.1779444        10 0.06512067        0      0            0.127
INFO  [17:10:58.699] [bbotk]                                 uhash
INFO  [17:10:58.699] [bbotk]  73978358-5b1b-493a-a780-7f1d586268e7
INFO  [17:10:58.704] [bbotk] Evaluating 1 configuration(s)
INFO  [17:10:58.938] [bbotk] Result of batch 10:
INFO  [17:10:58.939] [bbotk]  nrounds       eta max_depth classif.ce warnings errors runtime_learners
INFO  [17:10:58.939] [bbotk]      114 0.2822718         7 0.06512067        0      0            0.201
INFO  [17:10:58.939] [bbotk]                                 uhash
INFO  [17:10:58.939] [bbotk]  9c8d98bf-fdc3-4b6a-bcab-00b215fca2fc
INFO  [17:10:58.957] [bbotk] Finished optimizing after 10 evaluation(s)
INFO  [17:10:58.958] [bbotk] Result:
INFO  [17:10:58.959] [bbotk]  nrounds        eta max_depth learner_param_vals  x_domain classif.ce
INFO  [17:10:58.959] [bbotk]    <int>      <num>     <int>             <list>    <list>      <num>
INFO  [17:10:58.959] [bbotk]      149 0.05785246         8          <list[5]> <list[3]> 0.06010814
INFO  [17:10:59.190] [bbotk] Starting to optimize 3 parameter(s) with '<OptimizerBatchRandomSearch>' and '<TerminatorEvals> [n_evals=10, k=0]'
INFO  [17:10:59.202] [bbotk] Evaluating 1 configuration(s)
INFO  [17:10:59.603] [bbotk] Result of batch 1:
INFO  [17:10:59.604] [bbotk]  nrounds      eta max_depth classif.ce warnings errors runtime_learners
INFO  [17:10:59.604] [bbotk]      200 0.221296         8 0.06630809        0      0            0.364
INFO  [17:10:59.604] [bbotk]                                 uhash
INFO  [17:10:59.604] [bbotk]  7882736f-b79f-4ea7-b364-dd3ed0ce975b
INFO  [17:10:59.610] [bbotk] Evaluating 1 configuration(s)
INFO  [17:10:59.926] [bbotk] Result of batch 2:
INFO  [17:10:59.927] [bbotk]  nrounds       eta max_depth classif.ce warnings errors runtime_learners
INFO  [17:10:59.927] [bbotk]      292 0.2310532         2 0.07256437        0      0            0.271
INFO  [17:10:59.927] [bbotk]                                 uhash
INFO  [17:10:59.927] [bbotk]  184c7905-1f62-452d-ae13-e4479645c6fa
INFO  [17:10:59.931] [bbotk] Evaluating 1 configuration(s)
INFO  [17:11:00.299] [bbotk] Result of batch 3:
INFO  [17:11:00.302] [bbotk]  nrounds        eta max_depth classif.ce warnings errors runtime_learners
INFO  [17:11:00.302] [bbotk]      176 0.04614784         4 0.06381121        0      0            0.314
INFO  [17:11:00.302] [bbotk]                                 uhash
INFO  [17:11:00.302] [bbotk]  95d90288-d52a-4dbf-99a5-bc98f4eacc47
INFO  [17:11:00.312] [bbotk] Evaluating 1 configuration(s)
INFO  [17:11:00.560] [bbotk] Result of batch 4:
INFO  [17:11:00.563] [bbotk]  nrounds       eta max_depth classif.ce warnings errors runtime_learners
INFO  [17:11:00.563] [bbotk]      230 0.2131414         2 0.07256437        0      0            0.205
INFO  [17:11:00.563] [bbotk]                                 uhash
INFO  [17:11:00.563] [bbotk]  0a4be5cd-8022-4b11-b2d6-53ef461657b6
INFO  [17:11:00.567] [bbotk] Evaluating 1 configuration(s)
INFO  [17:11:01.015] [bbotk] Result of batch 5:
INFO  [17:11:01.018] [bbotk]  nrounds       eta max_depth classif.ce warnings errors runtime_learners
INFO  [17:11:01.018] [bbotk]      288 0.2864069         3 0.07506594        0      0            0.391
INFO  [17:11:01.018] [bbotk]                                 uhash
INFO  [17:11:01.018] [bbotk]  25f7efa0-abb9-4555-995f-e134d2a0aa34
INFO  [17:11:01.028] [bbotk] Evaluating 1 configuration(s)
INFO  [17:11:01.179] [bbotk] Result of batch 6:
INFO  [17:11:01.180] [bbotk]  nrounds      eta max_depth classif.ce warnings errors runtime_learners
INFO  [17:11:01.180] [bbotk]       78 0.225616         2 0.06505965        0      0             0.09
INFO  [17:11:01.180] [bbotk]                                 uhash
INFO  [17:11:01.180] [bbotk]  ad839021-dfd3-4b95-863a-234689cb5112
INFO  [17:11:01.190] [bbotk] Evaluating 1 configuration(s)
INFO  [17:11:01.774] [bbotk] Result of batch 7:
INFO  [17:11:01.776] [bbotk]  nrounds      eta max_depth classif.ce warnings errors runtime_learners
INFO  [17:11:01.776] [bbotk]      253 0.215843         6 0.06881436        0      0            0.527
INFO  [17:11:01.776] [bbotk]                                 uhash
INFO  [17:11:01.776] [bbotk]  507d3115-8980-4787-87eb-4811871c25ca
INFO  [17:11:01.780] [bbotk] Evaluating 1 configuration(s)
INFO  [17:11:02.036] [bbotk] Result of batch 8:
INFO  [17:11:02.038] [bbotk]  nrounds       eta max_depth classif.ce warnings errors runtime_learners
INFO  [17:11:02.038] [bbotk]       74 0.0354142         9  0.0700628        0      0             0.21
INFO  [17:11:02.038] [bbotk]                                 uhash
INFO  [17:11:02.038] [bbotk]  891bd8d9-51e0-4868-aa1b-8b43b6a86aff
INFO  [17:11:02.054] [bbotk] Evaluating 1 configuration(s)
INFO  [17:11:02.514] [bbotk] Result of batch 9:
INFO  [17:11:02.530] [bbotk]  nrounds       eta max_depth classif.ce warnings errors runtime_learners
INFO  [17:11:02.530] [bbotk]      192 0.1616929         7 0.06880966        0      0            0.423
INFO  [17:11:02.530] [bbotk]                                 uhash
INFO  [17:11:02.530] [bbotk]  4f78e010-2127-4b32-af96-b96aa3a6e083
INFO  [17:11:02.542] [bbotk] Evaluating 1 configuration(s)
INFO  [17:11:03.049] [bbotk] Result of batch 10:
INFO  [17:11:03.050] [bbotk]  nrounds       eta max_depth classif.ce warnings errors runtime_learners
INFO  [17:11:03.050] [bbotk]      185 0.1750569         7  0.0700628        0      0            0.453
INFO  [17:11:03.050] [bbotk]                                 uhash
INFO  [17:11:03.050] [bbotk]  604e0443-bfea-4150-b225-8cab20c38f2f
INFO  [17:11:03.071] [bbotk] Finished optimizing after 10 evaluation(s)
INFO  [17:11:03.071] [bbotk] Result:
INFO  [17:11:03.072] [bbotk]  nrounds        eta max_depth learner_param_vals  x_domain classif.ce
INFO  [17:11:03.072] [bbotk]    <int>      <num>     <int>             <list>    <list>      <num>
INFO  [17:11:03.072] [bbotk]      176 0.04614784         4          <list[5]> <list[3]> 0.06381121

### [bt]: Job terminated successfully [batchtools job.id=2278]
### [bt]: Starting job [batchtools job.id=2279]
### [bt]: Generating problem instance for problem 'a63d756aec4c60c1' ...
### [bt]: Applying algorithm 'run_learner' on problem 'a63d756aec4c60c1' for job 2279 (seed = 2280) ...
INFO  [17:11:03.441] [mlr3] Applying learner 'classif.xgboost.tuned_calib.perfold_isotonic' on task 'pc1' (iter 9/10)
INFO  [17:11:03.545] [bbotk] Starting to optimize 3 parameter(s) with '<OptimizerBatchRandomSearch>' and '<TerminatorEvals> [n_evals=10, k=0]'
INFO  [17:11:03.570] [bbotk] Evaluating 1 configuration(s)
INFO  [17:11:03.683] [bbotk] Result of batch 1:
INFO  [17:11:03.684] [bbotk]  nrounds       eta max_depth classif.ce warnings errors runtime_learners
INFO  [17:11:03.684] [bbotk]       53 0.1716144         3 0.05889724        0      0            0.081
INFO  [17:11:03.684] [bbotk]                                 uhash
INFO  [17:11:03.684] [bbotk]  11773906-dabd-4d70-8cc7-252274487c86
INFO  [17:11:03.690] [bbotk] Evaluating 1 configuration(s)
INFO  [17:11:04.004] [bbotk] Result of batch 2:
INFO  [17:11:04.008] [bbotk]  nrounds        eta max_depth classif.ce warnings errors runtime_learners
INFO  [17:11:04.008] [bbotk]      119 0.08784001         5 0.05388471        0      0            0.271
INFO  [17:11:04.008] [bbotk]                                 uhash
INFO  [17:11:04.008] [bbotk]  7f00f832-ef39-465f-84b4-bfccc6ba5620
INFO  [17:11:04.019] [bbotk] Evaluating 1 configuration(s)
INFO  [17:11:04.461] [bbotk] Result of batch 3:
INFO  [17:11:04.462] [bbotk]  nrounds       eta max_depth classif.ce warnings errors runtime_learners
INFO  [17:11:04.462] [bbotk]      244 0.1485214         3 0.05889724        0      0            0.376
INFO  [17:11:04.462] [bbotk]                                 uhash
INFO  [17:11:04.462] [bbotk]  e9e87fdf-b042-45f2-bee7-aed24e3bf7ea
INFO  [17:11:04.466] [bbotk] Evaluating 1 configuration(s)
INFO  [17:11:05.050] [bbotk] Result of batch 4:
INFO  [17:11:05.051] [bbotk]  nrounds       eta max_depth classif.ce warnings errors runtime_learners
INFO  [17:11:05.051] [bbotk]      297 0.2289872         7 0.06140351        0      0            0.526
INFO  [17:11:05.051] [bbotk]                                 uhash
INFO  [17:11:05.051] [bbotk]  86b776be-dbbc-4e2c-aff1-6445d89ee4a8
INFO  [17:11:05.060] [bbotk] Evaluating 1 configuration(s)
INFO  [17:11:05.542] [bbotk] Result of batch 5:
INFO  [17:11:05.543] [bbotk]  nrounds       eta max_depth classif.ce warnings errors runtime_learners
INFO  [17:11:05.543] [bbotk]      213 0.1670844         4 0.06015038        0      0            0.413
INFO  [17:11:05.543] [bbotk]                                 uhash
INFO  [17:11:05.543] [bbotk]  7c758a49-36ec-4207-a760-e2071fcc7ca5
INFO  [17:11:05.548] [bbotk] Evaluating 1 configuration(s)
INFO  [17:11:06.278] [bbotk] Result of batch 6:
INFO  [17:11:06.280] [bbotk]  nrounds        eta max_depth classif.ce warnings errors runtime_learners
INFO  [17:11:06.280] [bbotk]      263 0.05549102         7 0.06265664        0      0            0.686
INFO  [17:11:06.280] [bbotk]                                 uhash
INFO  [17:11:06.280] [bbotk]  8ae25c8e-2bd3-41c9-ab4d-f135efa7b671
INFO  [17:11:06.297] [bbotk] Evaluating 1 configuration(s)
INFO  [17:11:06.616] [bbotk] Result of batch 7:
INFO  [17:11:06.621] [bbotk]  nrounds       eta max_depth classif.ce warnings errors runtime_learners
INFO  [17:11:06.621] [bbotk]       87 0.2879941        10 0.05764411        0      0            0.246
INFO  [17:11:06.621] [bbotk]                                 uhash
INFO  [17:11:06.621] [bbotk]  0d7bb62d-ae31-411f-a41d-f91a323bd69a
INFO  [17:11:06.641] [bbotk] Evaluating 1 configuration(s)
INFO  [17:11:07.328] [bbotk] Result of batch 8:
INFO  [17:11:07.329] [bbotk]  nrounds       eta max_depth classif.ce warnings errors runtime_learners
INFO  [17:11:07.329] [bbotk]      224 0.0165218         8 0.05764411        0      0            0.647
INFO  [17:11:07.329] [bbotk]                                 uhash
INFO  [17:11:07.329] [bbotk]  bf622087-9510-4291-8e9c-6a7caca1d467
INFO  [17:11:07.333] [bbotk] Evaluating 1 configuration(s)
INFO  [17:11:07.727] [bbotk] Result of batch 9:
INFO  [17:11:07.728] [bbotk]  nrounds      eta max_depth classif.ce warnings errors runtime_learners
INFO  [17:11:07.728] [bbotk]      206 0.160126         5 0.06140351        0      0            0.352
INFO  [17:11:07.728] [bbotk]                                 uhash
INFO  [17:11:07.728] [bbotk]  4e44df20-354b-4140-ba4a-9818600529b9
INFO  [17:11:07.738] [bbotk] Evaluating 1 configuration(s)
INFO  [17:11:08.079] [bbotk] Result of batch 10:
INFO  [17:11:08.081] [bbotk]  nrounds      eta max_depth classif.ce warnings errors runtime_learners
INFO  [17:11:08.081] [bbotk]      142 0.262922         3 0.06265664        0      0            0.252
INFO  [17:11:08.081] [bbotk]                                 uhash
INFO  [17:11:08.081] [bbotk]  a60d9378-edee-4e10-8835-1ae585df561e
INFO  [17:11:08.097] [bbotk] Finished optimizing after 10 evaluation(s)
INFO  [17:11:08.098] [bbotk] Result:
INFO  [17:11:08.104] [bbotk]  nrounds        eta max_depth learner_param_vals  x_domain classif.ce
INFO  [17:11:08.104] [bbotk]    <int>      <num>     <int>             <list>    <list>      <num>
INFO  [17:11:08.104] [bbotk]      119 0.08784001         5          <list[5]> <list[3]> 0.05388471
INFO  [17:11:08.299] [bbotk] Starting to optimize 3 parameter(s) with '<OptimizerBatchRandomSearch>' and '<TerminatorEvals> [n_evals=10, k=0]'
INFO  [17:11:08.321] [bbotk] Evaluating 1 configuration(s)
INFO  [17:11:08.569] [bbotk] Result of batch 1:
INFO  [17:11:08.570] [bbotk]  nrounds        eta max_depth classif.ce warnings errors runtime_learners
INFO  [17:11:08.570] [bbotk]       74 0.08299135        10 0.07142857        0      0            0.202
INFO  [17:11:08.570] [bbotk]                                 uhash
INFO  [17:11:08.570] [bbotk]  48cc4c5e-a41d-44c7-a795-c9a3ddf6c902
INFO  [17:11:08.574] [bbotk] Evaluating 1 configuration(s)
INFO  [17:11:08.891] [bbotk] Result of batch 2:
INFO  [17:11:08.892] [bbotk]  nrounds      eta max_depth classif.ce warnings errors runtime_learners
INFO  [17:11:08.892] [bbotk]      180 0.216914         4 0.06892231        0      0            0.272
INFO  [17:11:08.892] [bbotk]                                 uhash
INFO  [17:11:08.892] [bbotk]  a05246e8-6cd5-4777-8965-b1898086e412
INFO  [17:11:08.908] [bbotk] Evaluating 1 configuration(s)
INFO  [17:11:09.445] [bbotk] Result of batch 3:
INFO  [17:11:09.446] [bbotk]  nrounds       eta max_depth classif.ce warnings errors runtime_learners
INFO  [17:11:09.446] [bbotk]      258 0.1818032         8 0.06641604        0      0            0.485
INFO  [17:11:09.446] [bbotk]                                 uhash
INFO  [17:11:09.446] [bbotk]  5b3e58c3-8c5c-45db-9f2c-097cffa8eab0
INFO  [17:11:09.450] [bbotk] Evaluating 1 configuration(s)
INFO  [17:11:09.854] [bbotk] Result of batch 4:
INFO  [17:11:09.855] [bbotk]  nrounds       eta max_depth classif.ce warnings errors runtime_learners
INFO  [17:11:09.855] [bbotk]      273 0.1671614         3 0.07017544        0      0            0.362
INFO  [17:11:09.855] [bbotk]                                 uhash
INFO  [17:11:09.855] [bbotk]  0009c99b-09ab-4bd0-84a0-abfd177b6ba8
INFO  [17:11:09.861] [bbotk] Evaluating 1 configuration(s)
INFO  [17:11:10.118] [bbotk] Result of batch 5:
INFO  [17:11:10.120] [bbotk]  nrounds       eta max_depth classif.ce warnings errors runtime_learners
INFO  [17:11:10.120] [bbotk]      102 0.1930585         5 0.07017544        0      0            0.203
INFO  [17:11:10.120] [bbotk]                                 uhash
INFO  [17:11:10.120] [bbotk]  1787f436-8260-4321-9169-c8e981be9541
INFO  [17:11:10.124] [bbotk] Evaluating 1 configuration(s)
INFO  [17:11:10.629] [bbotk] Result of batch 6:
INFO  [17:11:10.630] [bbotk]  nrounds       eta max_depth classif.ce warnings errors runtime_learners
INFO  [17:11:10.630] [bbotk]      260 0.2144878         8 0.06892231        0      0            0.461
INFO  [17:11:10.630] [bbotk]                                 uhash
INFO  [17:11:10.630] [bbotk]  b2816ef4-c0f7-4098-8869-8d2b6ce24450
INFO  [17:11:10.641] [bbotk] Evaluating 1 configuration(s)
INFO  [17:11:10.959] [bbotk] Result of batch 7:
INFO  [17:11:10.960] [bbotk]  nrounds        eta max_depth classif.ce warnings errors runtime_learners
INFO  [17:11:10.960] [bbotk]      237 0.09290848         3  0.0726817        0      0            0.281
INFO  [17:11:10.960] [bbotk]                                 uhash
INFO  [17:11:10.960] [bbotk]  cbc107af-b889-4f77-ad37-70a8dc8a9940
INFO  [17:11:10.964] [bbotk] Evaluating 1 configuration(s)
INFO  [17:11:11.200] [bbotk] Result of batch 8:
INFO  [17:11:11.201] [bbotk]  nrounds        eta max_depth classif.ce warnings errors runtime_learners
INFO  [17:11:11.201] [bbotk]       73 0.05282014         8 0.07142857        0      0            0.194
INFO  [17:11:11.201] [bbotk]                                 uhash
INFO  [17:11:11.201] [bbotk]  ec213e14-bbe3-42cd-b28a-585da3ddd50e
INFO  [17:11:11.206] [bbotk] Evaluating 1 configuration(s)
INFO  [17:11:11.545] [bbotk] Result of batch 9:
INFO  [17:11:11.547] [bbotk]  nrounds       eta max_depth classif.ce warnings errors runtime_learners
INFO  [17:11:11.547] [bbotk]      295 0.1933249         2 0.07769424        0      0            0.282
INFO  [17:11:11.547] [bbotk]                                 uhash
INFO  [17:11:11.547] [bbotk]  5e93f374-7f5e-424e-bfbe-ecffda81f888
INFO  [17:11:11.557] [bbotk] Evaluating 1 configuration(s)
INFO  [17:11:11.671] [bbotk] Result of batch 10:
INFO  [17:11:11.672] [bbotk]  nrounds       eta max_depth classif.ce warnings errors runtime_learners
INFO  [17:11:11.672] [bbotk]       68 0.2872564         2 0.07518797        0      0            0.068
INFO  [17:11:11.672] [bbotk]                                 uhash
INFO  [17:11:11.672] [bbotk]  4e78ffa6-8b45-426a-8f63-d482f4b928f5
INFO  [17:11:11.681] [bbotk] Finished optimizing after 10 evaluation(s)
INFO  [17:11:11.681] [bbotk] Result:
INFO  [17:11:11.682] [bbotk]  nrounds       eta max_depth learner_param_vals  x_domain classif.ce
INFO  [17:11:11.682] [bbotk]    <int>     <num>     <int>             <list>    <list>      <num>
INFO  [17:11:11.682] [bbotk]      258 0.1818032         8          <list[5]> <list[3]> 0.06641604
INFO  [17:11:11.971] [bbotk] Starting to optimize 3 parameter(s) with '<OptimizerBatchRandomSearch>' and '<TerminatorEvals> [n_evals=10, k=0]'
INFO  [17:11:11.988] [bbotk] Evaluating 1 configuration(s)
INFO  [17:11:12.467] [bbotk] Result of batch 1:
INFO  [17:11:12.468] [bbotk]  nrounds       eta max_depth classif.ce warnings errors runtime_learners
INFO  [17:11:12.468] [bbotk]       85 0.1084183         5 0.06892231        0      0            0.179
INFO  [17:11:12.468] [bbotk]                                 uhash
INFO  [17:11:12.468] [bbotk]  f0dcc852-59c5-4ea4-b0e8-29fd71f375df
INFO  [17:11:12.472] [bbotk] Evaluating 1 configuration(s)
INFO  [17:11:12.573] [bbotk] Result of batch 2:
INFO  [17:11:12.575] [bbotk]  nrounds       eta max_depth classif.ce warnings errors runtime_learners
INFO  [17:11:12.575] [bbotk]       80 0.1642916         2 0.06516291        0      0            0.069
INFO  [17:11:12.575] [bbotk]                                 uhash
INFO  [17:11:12.575] [bbotk]  56473928-028a-48dd-9b3c-0f2450b2c862
INFO  [17:11:12.587] [bbotk] Evaluating 1 configuration(s)
INFO  [17:11:13.160] [bbotk] Result of batch 3:
INFO  [17:11:13.161] [bbotk]  nrounds       eta max_depth classif.ce warnings errors runtime_learners
INFO  [17:11:13.161] [bbotk]      272 0.2538031        10 0.06516291        0      0            0.516
INFO  [17:11:13.161] [bbotk]                                 uhash
INFO  [17:11:13.161] [bbotk]  d3511db4-573e-45cc-a08a-e59726fe7ef6
INFO  [17:11:13.174] [bbotk] Evaluating 1 configuration(s)
INFO  [17:11:13.349] [bbotk] Result of batch 4:
INFO  [17:11:13.350] [bbotk]  nrounds       eta max_depth classif.ce warnings errors runtime_learners
INFO  [17:11:13.350] [bbotk]       71 0.1888581         4 0.06892231        0      0            0.131
INFO  [17:11:13.350] [bbotk]                                 uhash
INFO  [17:11:13.350] [bbotk]  b96b0939-f50e-4a0c-8246-94ec6f68cdef
INFO  [17:11:13.355] [bbotk] Evaluating 1 configuration(s)
INFO  [17:11:13.836] [bbotk] Result of batch 5:
INFO  [17:11:13.837] [bbotk]  nrounds       eta max_depth classif.ce warnings errors runtime_learners
INFO  [17:11:13.837] [bbotk]      216 0.1423729         6 0.06766917        0      0            0.431
INFO  [17:11:13.837] [bbotk]                                 uhash
INFO  [17:11:13.837] [bbotk]  e05a0cf6-7646-4924-8bba-2f5242679542
INFO  [17:11:13.841] [bbotk] Evaluating 1 configuration(s)
INFO  [17:11:14.061] [bbotk] Result of batch 6:
INFO  [17:11:14.062] [bbotk]  nrounds       eta max_depth classif.ce warnings errors runtime_learners
INFO  [17:11:14.062] [bbotk]       74 0.2288856         9 0.06516291        0      0             0.18
INFO  [17:11:14.062] [bbotk]                                 uhash
INFO  [17:11:14.062] [bbotk]  1c008863-43c0-441d-b69d-d867d536a23e
INFO  [17:11:14.065] [bbotk] Evaluating 1 configuration(s)
INFO  [17:11:14.761] [bbotk] Result of batch 7:
INFO  [17:11:14.763] [bbotk]  nrounds        eta max_depth classif.ce warnings errors runtime_learners
INFO  [17:11:14.763] [bbotk]      297 0.04872862         8 0.06516291        0      0            0.643
INFO  [17:11:14.763] [bbotk]                                 uhash
INFO  [17:11:14.763] [bbotk]  44b5a6af-d939-4e7a-9684-751f1d0caba5
INFO  [17:11:14.769] [bbotk] Evaluating 1 configuration(s)
INFO  [17:11:15.272] [bbotk] Result of batch 8:
INFO  [17:11:15.273] [bbotk]  nrounds       eta max_depth classif.ce warnings errors runtime_learners
INFO  [17:11:15.273] [bbotk]      219 0.1402344         5 0.07017544        0      0             0.44
INFO  [17:11:15.273] [bbotk]                                 uhash
INFO  [17:11:15.273] [bbotk]  afea48db-4ed4-4f07-a140-7f3bed6163ae
INFO  [17:11:15.278] [bbotk] Evaluating 1 configuration(s)
INFO  [17:11:15.689] [bbotk] Result of batch 9:
INFO  [17:11:15.693] [bbotk]  nrounds        eta max_depth classif.ce warnings errors runtime_learners
INFO  [17:11:15.693] [bbotk]      236 0.04281571         3 0.06641604        0      0            0.371
INFO  [17:11:15.693] [bbotk]                                 uhash
INFO  [17:11:15.693] [bbotk]  8ee86b0d-3ef7-40b3-81df-e510dccd3e5b
INFO  [17:11:15.703] [bbotk] Evaluating 1 configuration(s)
INFO  [17:11:16.094] [bbotk] Result of batch 10:
INFO  [17:11:16.095] [bbotk]  nrounds        eta max_depth classif.ce warnings errors runtime_learners
INFO  [17:11:16.095] [bbotk]      124 0.05730212         9 0.06265664        0      0            0.347
INFO  [17:11:16.095] [bbotk]                                 uhash
INFO  [17:11:16.095] [bbotk]  988c10bf-e703-47cd-8e4d-cba0e6db610c
INFO  [17:11:16.107] [bbotk] Finished optimizing after 10 evaluation(s)
INFO  [17:11:16.107] [bbotk] Result:
INFO  [17:11:16.109] [bbotk]  nrounds        eta max_depth learner_param_vals  x_domain classif.ce
INFO  [17:11:16.109] [bbotk]    <int>      <num>     <int>             <list>    <list>      <num>
INFO  [17:11:16.109] [bbotk]      124 0.05730212         9          <list[5]> <list[3]> 0.06265664
INFO  [17:11:16.315] [bbotk] Starting to optimize 3 parameter(s) with '<OptimizerBatchRandomSearch>' and '<TerminatorEvals> [n_evals=10, k=0]'
INFO  [17:11:16.337] [bbotk] Evaluating 1 configuration(s)
INFO  [17:11:16.537] [bbotk] Result of batch 1:
INFO  [17:11:16.538] [bbotk]  nrounds       eta max_depth classif.ce warnings errors runtime_learners
INFO  [17:11:16.538] [bbotk]      183 0.1471021         2  0.0688566        0      0            0.154
INFO  [17:11:16.538] [bbotk]                                 uhash
INFO  [17:11:16.538] [bbotk]  c3496f8d-27bf-4291-a503-c38174e08b70
INFO  [17:11:16.544] [bbotk] Evaluating 1 configuration(s)
INFO  [17:11:16.822] [bbotk] Result of batch 2:
INFO  [17:11:16.822] [bbotk]  nrounds       eta max_depth classif.ce warnings errors runtime_learners
INFO  [17:11:16.822] [bbotk]      111 0.1069703         4 0.07386444        0      0            0.242
INFO  [17:11:16.822] [bbotk]                                 uhash
INFO  [17:11:16.822] [bbotk]  3332c98a-445e-4c19-b1bd-3874a4e56460
INFO  [17:11:16.826] [bbotk] Evaluating 1 configuration(s)
INFO  [17:11:17.264] [bbotk] Result of batch 3:
INFO  [17:11:17.266] [bbotk]  nrounds       eta max_depth classif.ce warnings errors runtime_learners
INFO  [17:11:17.266] [bbotk]      284 0.1042236         3 0.07386444        0      0            0.388
INFO  [17:11:17.266] [bbotk]                                 uhash
INFO  [17:11:17.266] [bbotk]  d1b07890-f905-4a35-bb30-c2ea58b72bc5
INFO  [17:11:17.271] [bbotk] Evaluating 1 configuration(s)
INFO  [17:11:17.953] [bbotk] Result of batch 4:
INFO  [17:11:17.954] [bbotk]  nrounds      eta max_depth classif.ce warnings errors runtime_learners
INFO  [17:11:17.954] [bbotk]      273 0.119022         8 0.07135817        0      0            0.637
INFO  [17:11:17.954] [bbotk]                                 uhash
INFO  [17:11:17.954] [bbotk]  09e68473-f193-4635-8236-f919d72ac3dc
INFO  [17:11:17.958] [bbotk] Evaluating 1 configuration(s)
INFO  [17:11:18.396] [bbotk] Result of batch 5:
INFO  [17:11:18.397] [bbotk]  nrounds       eta max_depth classif.ce warnings errors runtime_learners
INFO  [17:11:18.397] [bbotk]      199 0.2598272         8 0.07385974        0      0            0.395
INFO  [17:11:18.397] [bbotk]                                 uhash
INFO  [17:11:18.397] [bbotk]  1eb7abe3-d24f-47a2-920d-f3f01364d90b
INFO  [17:11:18.401] [bbotk] Evaluating 1 configuration(s)
INFO  [17:11:19.156] [bbotk] Result of batch 6:
INFO  [17:11:19.157] [bbotk]  nrounds        eta max_depth classif.ce warnings errors runtime_learners
INFO  [17:11:19.157] [bbotk]      253 0.06996475        10 0.07135817        0      0            0.708
INFO  [17:11:19.157] [bbotk]                                 uhash
INFO  [17:11:19.157] [bbotk]  e3d2f271-61f5-4dcb-9737-d4a2ecc06552
INFO  [17:11:19.169] [bbotk] Evaluating 1 configuration(s)
INFO  [17:11:19.633] [bbotk] Result of batch 7:
INFO  [17:11:19.636] [bbotk]  nrounds       eta max_depth classif.ce warnings errors runtime_learners
INFO  [17:11:19.636] [bbotk]      170 0.1427574         7 0.07385505        0      0            0.429
INFO  [17:11:19.636] [bbotk]                                 uhash
INFO  [17:11:19.636] [bbotk]  3627e522-d7fe-4363-a9c9-9709acf23940
INFO  [17:11:19.649] [bbotk] Evaluating 1 configuration(s)
INFO  [17:11:20.208] [bbotk] Result of batch 8:
INFO  [17:11:20.209] [bbotk]  nrounds     eta max_depth classif.ce warnings errors runtime_learners
INFO  [17:11:20.209] [bbotk]      292 0.29507        10 0.07385505        0      0            0.512
INFO  [17:11:20.209] [bbotk]                                 uhash
INFO  [17:11:20.209] [bbotk]  53008bbd-7e9c-459d-943f-218437f5f49c
INFO  [17:11:20.216] [bbotk] Evaluating 1 configuration(s)
INFO  [17:11:20.947] [bbotk] Result of batch 9:
INFO  [17:11:20.948] [bbotk]  nrounds        eta max_depth classif.ce warnings errors runtime_learners
INFO  [17:11:20.948] [bbotk]      244 0.07457274         8 0.07136286        0      0            0.661
INFO  [17:11:20.948] [bbotk]                                 uhash
INFO  [17:11:20.948] [bbotk]  3ea86592-9302-4525-8bd9-1cf477425aec
INFO  [17:11:20.951] [bbotk] Evaluating 1 configuration(s)
INFO  [17:11:21.452] [bbotk] Result of batch 10:
INFO  [17:11:21.453] [bbotk]  nrounds       eta max_depth classif.ce warnings errors runtime_learners
INFO  [17:11:21.453] [bbotk]      282 0.1567245         3 0.07635662        0      0            0.456
INFO  [17:11:21.453] [bbotk]                                 uhash
INFO  [17:11:21.453] [bbotk]  6177fe34-9f86-4b06-99df-745aecc201a2
INFO  [17:11:21.470] [bbotk] Finished optimizing after 10 evaluation(s)
INFO  [17:11:21.471] [bbotk] Result:
INFO  [17:11:21.473] [bbotk]  nrounds       eta max_depth learner_param_vals  x_domain classif.ce
INFO  [17:11:21.473] [bbotk]    <int>     <num>     <int>             <list>    <list>      <num>
INFO  [17:11:21.473] [bbotk]      183 0.1471021         2          <list[5]> <list[3]>  0.0688566
INFO  [17:11:21.631] [bbotk] Starting to optimize 3 parameter(s) with '<OptimizerBatchRandomSearch>' and '<TerminatorEvals> [n_evals=10, k=0]'
INFO  [17:11:21.643] [bbotk] Evaluating 1 configuration(s)
INFO  [17:11:22.103] [bbotk] Result of batch 1:
INFO  [17:11:22.104] [bbotk]  nrounds        eta max_depth classif.ce warnings errors runtime_learners
INFO  [17:11:22.104] [bbotk]      221 0.08390817         4 0.06133311        0      0            0.417
INFO  [17:11:22.104] [bbotk]                                 uhash
INFO  [17:11:22.104] [bbotk]  f964ad6c-c60f-4312-80af-a4d19bbc0ab8
INFO  [17:11:22.109] [bbotk] Evaluating 1 configuration(s)
INFO  [17:11:22.413] [bbotk] Result of batch 2:
INFO  [17:11:22.414] [bbotk]  nrounds       eta max_depth classif.ce warnings errors runtime_learners
INFO  [17:11:22.414] [bbotk]      158 0.2952311        10 0.06509251        0      0            0.262
INFO  [17:11:22.414] [bbotk]                                 uhash
INFO  [17:11:22.414] [bbotk]  1de7a43d-dd0b-413d-b998-232befa15b1a
INFO  [17:11:22.424] [bbotk] Evaluating 1 configuration(s)
INFO  [17:11:22.546] [bbotk] Result of batch 3:
INFO  [17:11:22.548] [bbotk]  nrounds        eta max_depth classif.ce warnings errors runtime_learners
INFO  [17:11:22.548] [bbotk]       55 0.05785417         3 0.05256118        0      0            0.082
INFO  [17:11:22.548] [bbotk]                                 uhash
INFO  [17:11:22.548] [bbotk]  185bf1ec-05d1-4dd0-a67a-32b4964a9b42
INFO  [17:11:22.557] [bbotk] Evaluating 1 configuration(s)
INFO  [17:11:23.019] [bbotk] Result of batch 4:
INFO  [17:11:23.020] [bbotk]  nrounds     eta max_depth classif.ce warnings errors runtime_learners
INFO  [17:11:23.020] [bbotk]      261 0.19281         6 0.06383937        0      0            0.429
INFO  [17:11:23.020] [bbotk]                                 uhash
INFO  [17:11:23.020] [bbotk]  83b3b9d4-3b64-44f0-9367-5fa6dcd5d610
INFO  [17:11:23.028] [bbotk] Evaluating 1 configuration(s)
INFO  [17:11:23.426] [bbotk] Result of batch 5:
INFO  [17:11:23.428] [bbotk]  nrounds       eta max_depth classif.ce warnings errors runtime_learners
INFO  [17:11:23.428] [bbotk]      183 0.1573473         4 0.06007998        0      0            0.333
INFO  [17:11:23.428] [bbotk]                                 uhash
INFO  [17:11:23.428] [bbotk]  959a9e38-cdaf-44a0-b12a-605e2132422f
INFO  [17:11:23.444] [bbotk] Evaluating 1 configuration(s)
INFO  [17:11:23.688] [bbotk] Result of batch 6:
INFO  [17:11:23.690] [bbotk]  nrounds        eta max_depth classif.ce warnings errors runtime_learners
INFO  [17:11:23.690] [bbotk]       85 0.02548647         6 0.06258155        0      0            0.212
INFO  [17:11:23.690] [bbotk]                                 uhash
INFO  [17:11:23.690] [bbotk]  c40a8e37-da60-429c-93fa-6662a9a69064
INFO  [17:11:23.697] [bbotk] Evaluating 1 configuration(s)
INFO  [17:11:24.221] [bbotk] Result of batch 7:
INFO  [17:11:24.222] [bbotk]  nrounds       eta max_depth classif.ce warnings errors runtime_learners
INFO  [17:11:24.222] [bbotk]      288 0.2043663         6 0.06509251        0      0             0.48
INFO  [17:11:24.222] [bbotk]                                 uhash
INFO  [17:11:24.222] [bbotk]  4550d21b-5a9d-47ac-8b70-feec5fb5ce65
INFO  [17:11:24.226] [bbotk] Evaluating 1 configuration(s)
INFO  [17:11:24.747] [bbotk] Result of batch 8:
INFO  [17:11:24.749] [bbotk]  nrounds       eta max_depth classif.ce warnings errors runtime_learners
INFO  [17:11:24.749] [bbotk]      194 0.0431726        10 0.06258624        0      0            0.482
INFO  [17:11:24.749] [bbotk]                                 uhash
INFO  [17:11:24.749] [bbotk]  e81b7405-bb22-4aed-9176-8a8dec735bd1
INFO  [17:11:24.754] [bbotk] Evaluating 1 configuration(s)
INFO  [17:11:25.153] [bbotk] Result of batch 9:
INFO  [17:11:25.157] [bbotk]  nrounds       eta max_depth classif.ce warnings errors runtime_learners
INFO  [17:11:25.157] [bbotk]      177 0.2317302         8 0.06133311        0      0            0.333
INFO  [17:11:25.157] [bbotk]                                 uhash
INFO  [17:11:25.157] [bbotk]  7022f9b7-78e7-4646-a437-ea2b236caa19
INFO  [17:11:25.167] [bbotk] Evaluating 1 configuration(s)
INFO  [17:11:25.383] [bbotk] Result of batch 10:
INFO  [17:11:25.386] [bbotk]  nrounds       eta max_depth classif.ce warnings errors runtime_learners
INFO  [17:11:25.386] [bbotk]       62 0.1375791         6 0.06258624        0      0            0.168
INFO  [17:11:25.386] [bbotk]                                 uhash
INFO  [17:11:25.386] [bbotk]  b07c1a82-731a-498e-a4a6-e3edb9d5f9c1
INFO  [17:11:25.409] [bbotk] Finished optimizing after 10 evaluation(s)
INFO  [17:11:25.410] [bbotk] Result:
INFO  [17:11:25.412] [bbotk]  nrounds        eta max_depth learner_param_vals  x_domain classif.ce
INFO  [17:11:25.412] [bbotk]    <int>      <num>     <int>             <list>    <list>      <num>
INFO  [17:11:25.412] [bbotk]       55 0.05785417         3          <list[5]> <list[3]> 0.05256118

### [bt]: Job terminated successfully [batchtools job.id=2279]
### [bt]: Starting job [batchtools job.id=2280]
### [bt]: Generating problem instance for problem 'a63d756aec4c60c1' ...
### [bt]: Applying algorithm 'run_learner' on problem 'a63d756aec4c60c1' for job 2280 (seed = 2281) ...
INFO  [17:11:25.626] [mlr3] Applying learner 'classif.xgboost.tuned_calib.perfold_isotonic' on task 'pc1' (iter 10/10)
INFO  [17:11:25.697] [bbotk] Starting to optimize 3 parameter(s) with '<OptimizerBatchRandomSearch>' and '<TerminatorEvals> [n_evals=10, k=0]'
INFO  [17:11:25.716] [bbotk] Evaluating 1 configuration(s)
INFO  [17:11:26.116] [bbotk] Result of batch 1:
INFO  [17:11:26.118] [bbotk]  nrounds       eta max_depth classif.ce warnings errors runtime_learners
INFO  [17:11:26.118] [bbotk]      224 0.1764682         3 0.07258784        0      0            0.343
INFO  [17:11:26.118] [bbotk]                                 uhash
INFO  [17:11:26.118] [bbotk]  acde2883-d49c-437b-ae64-5c24e06d1691
INFO  [17:11:26.127] [bbotk] Evaluating 1 configuration(s)
INFO  [17:11:26.406] [bbotk] Result of batch 2:
INFO  [17:11:26.408] [bbotk]  nrounds       eta max_depth classif.ce warnings errors runtime_learners
INFO  [17:11:26.408] [bbotk]      140 0.2065732         3 0.07259253        0      0            0.217
INFO  [17:11:26.408] [bbotk]                                 uhash
INFO  [17:11:26.408] [bbotk]  833cc2c0-8c14-4be6-bf47-7ebd7e80c1a8
INFO  [17:11:26.422] [bbotk] Evaluating 1 configuration(s)
INFO  [17:11:27.090] [bbotk] Result of batch 3:
INFO  [17:11:27.091] [bbotk]  nrounds        eta max_depth classif.ce warnings errors runtime_learners
INFO  [17:11:27.091] [bbotk]      184 0.02110186         8 0.07385036        0      0            0.609
INFO  [17:11:27.091] [bbotk]                                 uhash
INFO  [17:11:27.091] [bbotk]  b179e050-decd-43e8-823f-dbe87259209e
INFO  [17:11:27.095] [bbotk] Evaluating 1 configuration(s)
INFO  [17:11:27.581] [bbotk] Result of batch 4:
INFO  [17:11:27.583] [bbotk]  nrounds       eta max_depth classif.ce warnings errors runtime_learners
INFO  [17:11:27.583] [bbotk]      269 0.2307941         3 0.07008626        0      0            0.432
INFO  [17:11:27.583] [bbotk]                                 uhash
INFO  [17:11:27.583] [bbotk]  4772b227-8040-416b-ae5f-7bbcf5d4f895
INFO  [17:11:27.587] [bbotk] Evaluating 1 configuration(s)
INFO  [17:11:27.766] [bbotk] Result of batch 5:
INFO  [17:11:27.769] [bbotk]  nrounds       eta max_depth classif.ce warnings errors runtime_learners
INFO  [17:11:27.769] [bbotk]       70 0.1568756         4 0.06884252        0      0            0.141
INFO  [17:11:27.769] [bbotk]                                 uhash
INFO  [17:11:27.769] [bbotk]  37b77f99-78c1-47eb-9bb5-ca9e2c26d3b5
INFO  [17:11:27.782] [bbotk] Evaluating 1 configuration(s)
INFO  [17:11:28.562] [bbotk] Result of batch 6:
INFO  [17:11:28.563] [bbotk]  nrounds        eta max_depth classif.ce warnings errors runtime_learners
INFO  [17:11:28.563] [bbotk]      289 0.06038343         6 0.07259253        0      0            0.718
INFO  [17:11:28.563] [bbotk]                                 uhash
INFO  [17:11:28.563] [bbotk]  941f6ea3-e096-4347-8ee5-930ecd3a9e06
INFO  [17:11:28.568] [bbotk] Evaluating 1 configuration(s)
INFO  [17:11:28.922] [bbotk] Result of batch 7:
INFO  [17:11:28.923] [bbotk]  nrounds       eta max_depth classif.ce warnings errors runtime_learners
INFO  [17:11:28.923] [bbotk]      113 0.2106825         9 0.07134878        0      0            0.312
INFO  [17:11:28.923] [bbotk]                                 uhash
INFO  [17:11:28.923] [bbotk]  660411f9-bafc-4c13-8db6-5a4dc5b019e3
INFO  [17:11:28.930] [bbotk] Evaluating 1 configuration(s)
INFO  [17:11:29.415] [bbotk] Result of batch 8:
INFO  [17:11:29.416] [bbotk]  nrounds       eta max_depth classif.ce warnings errors runtime_learners
INFO  [17:11:29.416] [bbotk]      242 0.2808049        10 0.07009096        0      0            0.429
INFO  [17:11:29.416] [bbotk]                                 uhash
INFO  [17:11:29.416] [bbotk]  fccd50ac-cc42-42e8-8fe3-889999104c33
INFO  [17:11:29.426] [bbotk] Evaluating 1 configuration(s)
INFO  [17:11:29.928] [bbotk] Result of batch 9:
INFO  [17:11:29.930] [bbotk]  nrounds       eta max_depth classif.ce warnings errors runtime_learners
INFO  [17:11:29.930] [bbotk]      236 0.2916648         9 0.07259722        0      0            0.463
INFO  [17:11:29.930] [bbotk]                                 uhash
INFO  [17:11:29.930] [bbotk]  3993c7d8-3b22-42e8-9788-a415f9651fce
INFO  [17:11:29.941] [bbotk] Evaluating 1 configuration(s)
INFO  [17:11:30.078] [bbotk] Result of batch 10:
INFO  [17:11:30.079] [bbotk]  nrounds       eta max_depth classif.ce warnings errors runtime_learners
INFO  [17:11:30.079] [bbotk]       67 0.2501523         2 0.06758939        0      0             0.08
INFO  [17:11:30.079] [bbotk]                                 uhash
INFO  [17:11:30.079] [bbotk]  2d301998-9f98-4c0d-8627-5f957d8b8981
INFO  [17:11:30.091] [bbotk] Finished optimizing after 10 evaluation(s)
INFO  [17:11:30.091] [bbotk] Result:
INFO  [17:11:30.092] [bbotk]  nrounds       eta max_depth learner_param_vals  x_domain classif.ce
INFO  [17:11:30.092] [bbotk]    <int>     <num>     <int>             <list>    <list>      <num>
INFO  [17:11:30.092] [bbotk]       67 0.2501523         2          <list[5]> <list[3]> 0.06758939
INFO  [17:11:30.179] [bbotk] Starting to optimize 3 parameter(s) with '<OptimizerBatchRandomSearch>' and '<TerminatorEvals> [n_evals=10, k=0]'
INFO  [17:11:30.200] [bbotk] Evaluating 1 configuration(s)
INFO  [17:11:30.659] [bbotk] Result of batch 1:
INFO  [17:11:30.660] [bbotk]  nrounds       eta max_depth classif.ce warnings errors runtime_learners
INFO  [17:11:30.660] [bbotk]      195 0.0956373         8 0.07383628        0      0            0.425
INFO  [17:11:30.660] [bbotk]                                 uhash
INFO  [17:11:30.660] [bbotk]  29ce27e2-74ff-4b91-a6d8-bd8de6220124
INFO  [17:11:30.670] [bbotk] Evaluating 1 configuration(s)
INFO  [17:11:31.286] [bbotk] Result of batch 2:
INFO  [17:11:31.290] [bbotk]  nrounds       eta max_depth classif.ce warnings errors runtime_learners
INFO  [17:11:31.290] [bbotk]      253 0.1141865         4 0.06757531        0      0            0.565
INFO  [17:11:31.290] [bbotk]                                 uhash
INFO  [17:11:31.290] [bbotk]  b3dc5b4b-a64d-4bac-8a3a-e33046eb7598
INFO  [17:11:31.297] [bbotk] Evaluating 1 configuration(s)
INFO  [17:11:31.518] [bbotk] Result of batch 3:
INFO  [17:11:31.519] [bbotk]  nrounds       eta max_depth classif.ce warnings errors runtime_learners
INFO  [17:11:31.519] [bbotk]       53 0.1798311         7 0.07133001        0      0            0.165
INFO  [17:11:31.519] [bbotk]                                 uhash
INFO  [17:11:31.519] [bbotk]  be395194-fc30-4835-af6b-fdc4f6624484
INFO  [17:11:31.523] [bbotk] Evaluating 1 configuration(s)
INFO  [17:11:31.871] [bbotk] Result of batch 4:
INFO  [17:11:31.871] [bbotk]  nrounds       eta max_depth classif.ce warnings errors runtime_learners
INFO  [17:11:31.871] [bbotk]      115 0.0206056         8 0.07384097        0      0             0.29
INFO  [17:11:31.871] [bbotk]                                 uhash
INFO  [17:11:31.871] [bbotk]  f0c676e4-5432-40d7-9710-1ac9198f7e44
INFO  [17:11:31.875] [bbotk] Evaluating 1 configuration(s)
INFO  [17:11:32.335] [bbotk] Result of batch 5:
INFO  [17:11:32.338] [bbotk]  nrounds       eta max_depth classif.ce warnings errors runtime_learners
INFO  [17:11:32.338] [bbotk]      284 0.2499813         4 0.07259253        0      0            0.426
INFO  [17:11:32.338] [bbotk]                                 uhash
INFO  [17:11:32.338] [bbotk]  ac5f29f4-b728-4486-baa3-9301175a4471
INFO  [17:11:32.345] [bbotk] Evaluating 1 configuration(s)
INFO  [17:11:32.846] [bbotk] Result of batch 6:
INFO  [17:11:32.847] [bbotk]  nrounds       eta max_depth classif.ce warnings errors runtime_learners
INFO  [17:11:32.847] [bbotk]      284 0.1982936         6 0.07258314        0      0             0.45
INFO  [17:11:32.847] [bbotk]                                 uhash
INFO  [17:11:32.847] [bbotk]  2c3f5aab-de8b-4809-9ff8-a90ff0757047
INFO  [17:11:32.852] [bbotk] Evaluating 1 configuration(s)
INFO  [17:11:33.247] [bbotk] Result of batch 7:
INFO  [17:11:33.248] [bbotk]  nrounds       eta max_depth classif.ce warnings errors runtime_learners
INFO  [17:11:33.248] [bbotk]      147 0.1158507         9 0.07258314        0      0             0.35
INFO  [17:11:33.248] [bbotk]                                 uhash
INFO  [17:11:33.248] [bbotk]  977ffbb1-3ab3-496a-9659-5ea3acf6fb30
INFO  [17:11:33.252] [bbotk] Evaluating 1 configuration(s)
INFO  [17:11:33.446] [bbotk] Result of batch 8:
INFO  [17:11:33.447] [bbotk]  nrounds       eta max_depth classif.ce warnings errors runtime_learners
INFO  [17:11:33.447] [bbotk]      111 0.2030196         2 0.07258784        0      0            0.131
INFO  [17:11:33.447] [bbotk]                                 uhash
INFO  [17:11:33.447] [bbotk]  9409cf58-31c4-4a69-9d31-57c7c8b3cf0b
INFO  [17:11:33.453] [bbotk] Evaluating 1 configuration(s)
INFO  [17:11:33.874] [bbotk] Result of batch 9:
INFO  [17:11:33.876] [bbotk]  nrounds       eta max_depth classif.ce warnings errors runtime_learners
INFO  [17:11:33.876] [bbotk]      182 0.1270515         5 0.07007688        0      0            0.372
INFO  [17:11:33.876] [bbotk]                                 uhash
INFO  [17:11:33.876] [bbotk]  827d7aae-5064-48fa-aa3d-d00b6d538742
INFO  [17:11:33.884] [bbotk] Evaluating 1 configuration(s)
INFO  [17:11:34.133] [bbotk] Result of batch 10:
INFO  [17:11:34.134] [bbotk]  nrounds       eta max_depth classif.ce warnings errors runtime_learners
INFO  [17:11:34.134] [bbotk]      225 0.2450814         2 0.07633785        0      0            0.194
INFO  [17:11:34.134] [bbotk]                                 uhash
INFO  [17:11:34.134] [bbotk]  b80ad721-8c8c-4560-af70-b6c96d448d0b
INFO  [17:11:34.153] [bbotk] Finished optimizing after 10 evaluation(s)
INFO  [17:11:34.153] [bbotk] Result:
INFO  [17:11:34.156] [bbotk]  nrounds       eta max_depth learner_param_vals  x_domain classif.ce
INFO  [17:11:34.156] [bbotk]    <int>     <num>     <int>             <list>    <list>      <num>
INFO  [17:11:34.156] [bbotk]      253 0.1141865         4          <list[5]> <list[3]> 0.06757531
INFO  [17:11:34.445] [bbotk] Starting to optimize 3 parameter(s) with '<OptimizerBatchRandomSearch>' and '<TerminatorEvals> [n_evals=10, k=0]'
INFO  [17:11:34.462] [bbotk] Evaluating 1 configuration(s)
INFO  [17:11:34.826] [bbotk] Result of batch 1:
INFO  [17:11:34.829] [bbotk]  nrounds       eta max_depth classif.ce warnings errors runtime_learners
INFO  [17:11:34.829] [bbotk]      133 0.0563347         8 0.08637699        0      0            0.322
INFO  [17:11:34.829] [bbotk]                                 uhash
INFO  [17:11:34.829] [bbotk]  67ac4085-5882-4b8f-b4ed-760cb5d81825
INFO  [17:11:34.838] [bbotk] Evaluating 1 configuration(s)
INFO  [17:11:35.199] [bbotk] Result of batch 2:
INFO  [17:11:35.202] [bbotk]  nrounds       eta max_depth classif.ce warnings errors runtime_learners
INFO  [17:11:35.202] [bbotk]      167 0.2470785         9 0.09013639        0      0            0.321
INFO  [17:11:35.202] [bbotk]                                 uhash
INFO  [17:11:35.202] [bbotk]  4a484aaa-d291-4b53-9c9d-9361f8ad4aaa
INFO  [17:11:35.217] [bbotk] Evaluating 1 configuration(s)
INFO  [17:11:35.401] [bbotk] Result of batch 3:
INFO  [17:11:35.403] [bbotk]  nrounds       eta max_depth classif.ce warnings errors runtime_learners
INFO  [17:11:35.403] [bbotk]       82 0.1799487         3 0.08763012        0      0            0.116
INFO  [17:11:35.403] [bbotk]                                 uhash
INFO  [17:11:35.403] [bbotk]  217157b4-ae9f-4a1b-8c93-9a95102cf042
INFO  [17:11:35.420] [bbotk] Evaluating 1 configuration(s)
INFO  [17:11:35.801] [bbotk] Result of batch 4:
INFO  [17:11:35.802] [bbotk]  nrounds       eta max_depth classif.ce warnings errors runtime_learners
INFO  [17:11:35.802] [bbotk]      279 0.2646432         3 0.09765519        0      0            0.349
INFO  [17:11:35.802] [bbotk]                                 uhash
INFO  [17:11:35.802] [bbotk]  d471a09c-70ec-4715-9737-3a5e97436da1
INFO  [17:11:35.806] [bbotk] Evaluating 1 configuration(s)
INFO  [17:11:36.307] [bbotk] Result of batch 5:
INFO  [17:11:36.308] [bbotk]  nrounds       eta max_depth classif.ce warnings errors runtime_learners
INFO  [17:11:36.308] [bbotk]      187 0.1160755         9 0.09264266        0      0            0.456
INFO  [17:11:36.308] [bbotk]                                 uhash
INFO  [17:11:36.308] [bbotk]  eecc1685-f1dc-4e03-b508-8236e3ed53fe
INFO  [17:11:36.324] [bbotk] Evaluating 1 configuration(s)
INFO  [17:11:36.907] [bbotk] Result of batch 6:
INFO  [17:11:36.909] [bbotk]  nrounds       eta max_depth classif.ce warnings errors runtime_learners
INFO  [17:11:36.909] [bbotk]      291 0.1652541        10 0.09138952        0      0            0.533
INFO  [17:11:36.909] [bbotk]                                 uhash
INFO  [17:11:36.909] [bbotk]  fa3a6999-2b83-492c-86d3-8509da6b21c2
INFO  [17:11:36.920] [bbotk] Evaluating 1 configuration(s)
INFO  [17:11:37.415] [bbotk] Result of batch 7:
INFO  [17:11:37.418] [bbotk]  nrounds       eta max_depth classif.ce warnings errors runtime_learners
INFO  [17:11:37.418] [bbotk]      219 0.2176533         6 0.09640205        0      0            0.449
INFO  [17:11:37.418] [bbotk]                                 uhash
INFO  [17:11:37.418] [bbotk]  b5d20121-2893-40c0-82f2-16f79761ec3a
INFO  [17:11:37.423] [bbotk] Evaluating 1 configuration(s)
INFO  [17:11:37.722] [bbotk] Result of batch 8:
INFO  [17:11:37.723] [bbotk]  nrounds       eta max_depth classif.ce warnings errors runtime_learners
INFO  [17:11:37.723] [bbotk]      177 0.2590794         3 0.09639736        0      0            0.259
INFO  [17:11:37.723] [bbotk]                                 uhash
INFO  [17:11:37.723] [bbotk]  db54de5c-6915-41a3-90b3-5996ad754307
INFO  [17:11:37.732] [bbotk] Evaluating 1 configuration(s)
INFO  [17:11:38.257] [bbotk] Result of batch 9:
INFO  [17:11:38.260] [bbotk]  nrounds       eta max_depth classif.ce warnings errors runtime_learners
INFO  [17:11:38.260] [bbotk]      207 0.2336343         7 0.09263796        0      0            0.458
INFO  [17:11:38.260] [bbotk]                                 uhash
INFO  [17:11:38.260] [bbotk]  a837988d-87b8-4131-bba6-d4d58cd6a9e9
INFO  [17:11:38.273] [bbotk] Evaluating 1 configuration(s)
INFO  [17:11:38.599] [bbotk] Result of batch 10:
INFO  [17:11:38.602] [bbotk]  nrounds       eta max_depth classif.ce warnings errors runtime_learners
INFO  [17:11:38.602] [bbotk]      101 0.1989477         8 0.09013639        0      0            0.273
INFO  [17:11:38.602] [bbotk]                                 uhash
INFO  [17:11:38.602] [bbotk]  e492e90d-d7e1-4f16-a038-d00a9ff4e9b6
INFO  [17:11:38.614] [bbotk] Finished optimizing after 10 evaluation(s)
INFO  [17:11:38.614] [bbotk] Result:
INFO  [17:11:38.615] [bbotk]  nrounds       eta max_depth learner_param_vals  x_domain classif.ce
INFO  [17:11:38.615] [bbotk]    <int>     <num>     <int>             <list>    <list>      <num>
INFO  [17:11:38.615] [bbotk]      133 0.0563347         8          <list[5]> <list[3]> 0.08637699
INFO  [17:11:38.845] [bbotk] Starting to optimize 3 parameter(s) with '<OptimizerBatchRandomSearch>' and '<TerminatorEvals> [n_evals=10, k=0]'
INFO  [17:11:38.865] [bbotk] Evaluating 1 configuration(s)
INFO  [17:11:39.154] [bbotk] Result of batch 1:
INFO  [17:11:39.156] [bbotk]  nrounds        eta max_depth classif.ce warnings errors runtime_learners
INFO  [17:11:39.156] [bbotk]       64 0.02018836         8 0.07384566        0      0            0.246
INFO  [17:11:39.156] [bbotk]                                 uhash
INFO  [17:11:39.156] [bbotk]  14bde50b-700c-4c51-a356-0e71970cb2f7
INFO  [17:11:39.165] [bbotk] Evaluating 1 configuration(s)
INFO  [17:11:39.630] [bbotk] Result of batch 2:
INFO  [17:11:39.631] [bbotk]  nrounds        eta max_depth classif.ce warnings errors runtime_learners
INFO  [17:11:39.631] [bbotk]      141 0.09261858        10    0.06758        0      0            0.408
INFO  [17:11:39.631] [bbotk]                                 uhash
INFO  [17:11:39.631] [bbotk]  f5c736bd-e603-4d4b-a603-452ff835f5ba
INFO  [17:11:39.635] [bbotk] Evaluating 1 configuration(s)
INFO  [17:11:39.894] [bbotk] Result of batch 3:
INFO  [17:11:39.895] [bbotk]  nrounds        eta max_depth classif.ce warnings errors runtime_learners
INFO  [17:11:39.895] [bbotk]      171 0.06303568         2 0.06757061        0      0            0.194
INFO  [17:11:39.895] [bbotk]                                 uhash
INFO  [17:11:39.895] [bbotk]  1fae726b-5dcc-4a53-852b-787ae7e84123
INFO  [17:11:39.900] [bbotk] Evaluating 1 configuration(s)
INFO  [17:11:40.197] [bbotk] Result of batch 4:
INFO  [17:11:40.200] [bbotk]  nrounds       eta max_depth classif.ce warnings errors runtime_learners
INFO  [17:11:40.200] [bbotk]      127 0.2611636         4 0.07133001        0      0            0.245
INFO  [17:11:40.200] [bbotk]                                 uhash
INFO  [17:11:40.200] [bbotk]  438b3e03-534d-407a-8880-19d3926bf7b8
INFO  [17:11:40.209] [bbotk] Evaluating 1 configuration(s)
INFO  [17:11:40.440] [bbotk] Result of batch 5:
INFO  [17:11:40.441] [bbotk]  nrounds       eta max_depth classif.ce warnings errors runtime_learners
INFO  [17:11:40.441] [bbotk]       65 0.1957467         6  0.0713347        0      0            0.179
INFO  [17:11:40.441] [bbotk]                                 uhash
INFO  [17:11:40.441] [bbotk]  1a2f2556-158b-49d2-a06d-bac081075e4b
INFO  [17:11:40.446] [bbotk] Evaluating 1 configuration(s)
INFO  [17:11:40.708] [bbotk] Result of batch 6:
INFO  [17:11:40.710] [bbotk]  nrounds        eta max_depth classif.ce warnings errors runtime_learners
INFO  [17:11:40.710] [bbotk]       79 0.05899176         7 0.06882844        0      0            0.201
INFO  [17:11:40.710] [bbotk]                                 uhash
INFO  [17:11:40.710] [bbotk]  bbf4f40b-255c-43c1-bc79-ea09eb470477
INFO  [17:11:40.726] [bbotk] Evaluating 1 configuration(s)
INFO  [17:11:41.362] [bbotk] Result of batch 7:
INFO  [17:11:41.363] [bbotk]  nrounds        eta max_depth classif.ce warnings errors runtime_learners
INFO  [17:11:41.363] [bbotk]      212 0.03897601         7    0.06758        0      0            0.591
INFO  [17:11:41.363] [bbotk]                                 uhash
INFO  [17:11:41.363] [bbotk]  8b5b9e51-20dc-4480-8601-5ca09ac9a5c8
INFO  [17:11:41.367] [bbotk] Evaluating 1 configuration(s)
INFO  [17:11:41.681] [bbotk] Result of batch 8:
INFO  [17:11:41.683] [bbotk]  nrounds       eta max_depth classif.ce warnings errors runtime_learners
INFO  [17:11:41.683] [bbotk]      121 0.2627297        10 0.07132532        0      0            0.267
INFO  [17:11:41.683] [bbotk]                                 uhash
INFO  [17:11:41.683] [bbotk]  cc0dfc5f-b3ec-4a55-8347-8e28ed98c7eb
INFO  [17:11:41.695] [bbotk] Evaluating 1 configuration(s)
INFO  [17:11:42.668] [bbotk] Result of batch 9:
INFO  [17:11:42.671] [bbotk]  nrounds        eta max_depth classif.ce warnings errors runtime_learners
INFO  [17:11:42.671] [bbotk]      300 0.02283709        10  0.0713347        0      0            0.922
INFO  [17:11:42.671] [bbotk]                                 uhash
INFO  [17:11:42.671] [bbotk]  3b412e55-3c22-480f-890d-eeda8ba9efb3
INFO  [17:11:42.684] [bbotk] Evaluating 1 configuration(s)
INFO  [17:11:43.093] [bbotk] Result of batch 10:
INFO  [17:11:43.094] [bbotk]  nrounds       eta max_depth classif.ce warnings errors runtime_learners
INFO  [17:11:43.094] [bbotk]      147 0.2597211        10 0.07383158        0      0             0.36
INFO  [17:11:43.094] [bbotk]                                 uhash
INFO  [17:11:43.094] [bbotk]  14e2eaee-c6ae-4342-9d6a-e66bc4f4e0ce
INFO  [17:11:43.112] [bbotk] Finished optimizing after 10 evaluation(s)
INFO  [17:11:43.113] [bbotk] Result:
INFO  [17:11:43.114] [bbotk]  nrounds        eta max_depth learner_param_vals  x_domain classif.ce
INFO  [17:11:43.114] [bbotk]    <int>      <num>     <int>             <list>    <list>      <num>
INFO  [17:11:43.114] [bbotk]      171 0.06303568         2          <list[5]> <list[3]> 0.06757061
INFO  [17:11:43.311] [bbotk] Starting to optimize 3 parameter(s) with '<OptimizerBatchRandomSearch>' and '<TerminatorEvals> [n_evals=10, k=0]'
INFO  [17:11:43.327] [bbotk] Evaluating 1 configuration(s)
INFO  [17:11:43.572] [bbotk] Result of batch 1:
INFO  [17:11:43.573] [bbotk]  nrounds        eta max_depth classif.ce warnings errors runtime_learners
INFO  [17:11:43.573] [bbotk]      136 0.05294253         3 0.05248139        0      0            0.208
INFO  [17:11:43.573] [bbotk]                                 uhash
INFO  [17:11:43.573] [bbotk]  61a3b776-1b01-474b-8f0d-24f4415f28cf
INFO  [17:11:43.577] [bbotk] Evaluating 1 configuration(s)
INFO  [17:11:44.013] [bbotk] Result of batch 2:
INFO  [17:11:44.014] [bbotk]  nrounds       eta max_depth classif.ce warnings errors runtime_learners
INFO  [17:11:44.014] [bbotk]      251 0.1527731         3 0.05998141        0      0            0.387
INFO  [17:11:44.014] [bbotk]                                 uhash
INFO  [17:11:44.014] [bbotk]  9abba127-bee4-4dec-a41f-76332e8763ff
INFO  [17:11:44.019] [bbotk] Evaluating 1 configuration(s)
INFO  [17:11:44.227] [bbotk] Result of batch 3:
INFO  [17:11:44.229] [bbotk]  nrounds        eta max_depth classif.ce warnings errors runtime_learners
INFO  [17:11:44.229] [bbotk]      111 0.07827615         2 0.05497827        0      0            0.146
INFO  [17:11:44.229] [bbotk]                                 uhash
INFO  [17:11:44.229] [bbotk]  f4b57946-f7cf-47a3-9837-f6dc719684eb
INFO  [17:11:44.252] [bbotk] Evaluating 1 configuration(s)
INFO  [17:11:44.508] [bbotk] Result of batch 4:
INFO  [17:11:44.510] [bbotk]  nrounds       eta max_depth classif.ce warnings errors runtime_learners
INFO  [17:11:44.510] [bbotk]       79 0.2242527         9 0.06123455        0      0            0.194
INFO  [17:11:44.510] [bbotk]                                 uhash
INFO  [17:11:44.510] [bbotk]  b89df383-4142-4811-a658-8541dd98c5b4
INFO  [17:11:44.523] [bbotk] Evaluating 1 configuration(s)
INFO  [17:11:44.968] [bbotk] Result of batch 5:
INFO  [17:11:44.969] [bbotk]  nrounds       eta max_depth classif.ce warnings errors runtime_learners
INFO  [17:11:44.969] [bbotk]      265 0.2941619         4 0.06498925        0      0            0.401
INFO  [17:11:44.969] [bbotk]                                 uhash
INFO  [17:11:44.969] [bbotk]  d5cbcb8e-8fa0-40a8-8019-73a834e02f2a
INFO  [17:11:44.975] [bbotk] Evaluating 1 configuration(s)
INFO  [17:11:45.216] [bbotk] Result of batch 6:
INFO  [17:11:45.217] [bbotk]  nrounds       eta max_depth classif.ce warnings errors runtime_learners
INFO  [17:11:45.217] [bbotk]       56 0.1818873        10 0.05998141        0      0            0.179
INFO  [17:11:45.217] [bbotk]                                 uhash
INFO  [17:11:45.217] [bbotk]  f0a2555c-d31a-4c36-a61d-18a770329704
INFO  [17:11:45.222] [bbotk] Evaluating 1 configuration(s)
INFO  [17:11:45.559] [bbotk] Result of batch 7:
INFO  [17:11:45.560] [bbotk]  nrounds        eta max_depth classif.ce warnings errors runtime_learners
INFO  [17:11:45.560] [bbotk]      141 0.04369621         4 0.05872828        0      0             0.28
INFO  [17:11:45.560] [bbotk]                                 uhash
INFO  [17:11:45.560] [bbotk]  dbcea961-da51-498f-8a36-71e52a0ade8e
INFO  [17:11:45.591] [bbotk] Evaluating 1 configuration(s)
INFO  [17:11:45.996] [bbotk] Result of batch 8:
INFO  [17:11:46.002] [bbotk]  nrounds       eta max_depth classif.ce warnings errors runtime_learners
INFO  [17:11:46.002] [bbotk]      154 0.1694956         5 0.06623769        0      0            0.354
INFO  [17:11:46.002] [bbotk]                                 uhash
INFO  [17:11:46.002] [bbotk]  59edaebd-5955-46e4-9244-c426f15ac579
INFO  [17:11:46.016] [bbotk] Evaluating 1 configuration(s)
INFO  [17:11:46.469] [bbotk] Result of batch 9:
INFO  [17:11:46.471] [bbotk]  nrounds        eta max_depth classif.ce warnings errors runtime_learners
INFO  [17:11:46.471] [bbotk]      269 0.07335013         3 0.05872828        0      0            0.401
INFO  [17:11:46.471] [bbotk]                                 uhash
INFO  [17:11:46.471] [bbotk]  fae8fef3-6818-4f9e-b0f6-abfbdb16d6c2
INFO  [17:11:46.481] [bbotk] Evaluating 1 configuration(s)
INFO  [17:11:46.982] [bbotk] Result of batch 10:
INFO  [17:11:46.984] [bbotk]  nrounds       eta max_depth classif.ce warnings errors runtime_learners
INFO  [17:11:46.984] [bbotk]      251 0.2148511         4 0.06748613        0      0            0.442
INFO  [17:11:46.984] [bbotk]                                 uhash
INFO  [17:11:46.984] [bbotk]  2409065f-3c3a-476a-82ae-f131c26e9ab6
INFO  [17:11:46.995] [bbotk] Finished optimizing after 10 evaluation(s)
INFO  [17:11:46.995] [bbotk] Result:
INFO  [17:11:46.996] [bbotk]  nrounds        eta max_depth learner_param_vals  x_domain classif.ce
INFO  [17:11:46.996] [bbotk]    <int>      <num>     <int>             <list>    <list>      <num>
INFO  [17:11:46.996] [bbotk]      136 0.05294253         3          <list[5]> <list[3]> 0.05248139

### [bt]: Job terminated successfully [batchtools job.id=2280]
### [bt]: Calculation finished!
