### [bt]: This is batchtools v0.9.17
### [bt]: Starting calculation of 5 jobs
### [bt]: Setting working directory to '/Users/User/Documents/Studium/Semester8/Hiwi/mlr3calibration/vignettes'
### [bt]: Memory measurement disabled
### [bt]: Starting job [batchtools job.id=1836]
### [bt]: Generating problem instance for problem '42e9f2146ba77696' ...
### [bt]: Applying algorithm 'run_learner' on problem '42e9f2146ba77696' for job 1836 (seed = 1837) ...
INFO  [17:01:57.973] [mlr3] Applying learner 'classif.xgboost.tuned_calib.oof_platt' on task 'kc1' (iter 6/10)
INFO  [17:01:58.043] [bbotk] Starting to optimize 3 parameter(s) with '<OptimizerBatchRandomSearch>' and '<TerminatorEvals> [n_evals=10, k=0]'
INFO  [17:01:58.056] [bbotk] Evaluating 1 configuration(s)
INFO  [17:01:58.362] [bbotk] Result of batch 1:
INFO  [17:01:58.364] [bbotk]  nrounds       eta max_depth classif.ce warnings errors runtime_learners
INFO  [17:01:58.364] [bbotk]       57 0.0292763         7  0.1383399        0      0            0.259
INFO  [17:01:58.364] [bbotk]                                 uhash
INFO  [17:01:58.364] [bbotk]  d757b3b5-0230-489e-9557-f43fbace34e1
INFO  [17:01:58.372] [bbotk] Evaluating 1 configuration(s)
INFO  [17:01:59.068] [bbotk] Result of batch 2:
INFO  [17:01:59.069] [bbotk]  nrounds        eta max_depth classif.ce warnings errors runtime_learners
INFO  [17:01:59.069] [bbotk]      249 0.03150593         4  0.1376812        0      0            0.652
INFO  [17:01:59.069] [bbotk]                                 uhash
INFO  [17:01:59.069] [bbotk]  dcca8508-f4ab-4869-8896-841f8e6464b6
INFO  [17:01:59.076] [bbotk] Evaluating 1 configuration(s)
INFO  [17:01:59.613] [bbotk] Result of batch 3:
INFO  [17:01:59.614] [bbotk]  nrounds       eta max_depth classif.ce warnings errors runtime_learners
INFO  [17:01:59.614] [bbotk]       94 0.2703727         8  0.1508564        0      0            0.486
INFO  [17:01:59.614] [bbotk]                                 uhash
INFO  [17:01:59.614] [bbotk]  62b7bb8c-cfa7-470d-8a85-336514310266
INFO  [17:01:59.621] [bbotk] Evaluating 1 configuration(s)
INFO  [17:01:59.957] [bbotk] Result of batch 4:
INFO  [17:01:59.965] [bbotk]  nrounds        eta max_depth classif.ce warnings errors runtime_learners
INFO  [17:01:59.965] [bbotk]      174 0.02958845         2  0.1363636        0      0            0.265
INFO  [17:01:59.965] [bbotk]                                 uhash
INFO  [17:01:59.965] [bbotk]  782cfd43-e6b4-441e-a3c3-f6f6ca61cb71
INFO  [17:01:59.970] [bbotk] Evaluating 1 configuration(s)
INFO  [17:02:00.420] [bbotk] Result of batch 5:
INFO  [17:02:00.421] [bbotk]  nrounds       eta max_depth classif.ce warnings errors runtime_learners
INFO  [17:02:00.421] [bbotk]      264 0.1465616         2   0.140975        0      0            0.422
INFO  [17:02:00.421] [bbotk]                                 uhash
INFO  [17:02:00.421] [bbotk]  2bd8e17c-b991-4709-a91e-028c66d5346c
INFO  [17:02:00.425] [bbotk] Evaluating 1 configuration(s)
INFO  [17:02:00.969] [bbotk] Result of batch 6:
INFO  [17:02:00.970] [bbotk]  nrounds       eta max_depth classif.ce warnings errors runtime_learners
INFO  [17:02:00.970] [bbotk]      102 0.2844208         7  0.1515152        0      0            0.504
INFO  [17:02:00.970] [bbotk]                                 uhash
INFO  [17:02:00.970] [bbotk]  d7b9cad6-c32e-4a42-999b-d5f5967d05b4
INFO  [17:02:00.980] [bbotk] Evaluating 1 configuration(s)
INFO  [17:02:02.174] [bbotk] Result of batch 7:
INFO  [17:02:02.175] [bbotk]  nrounds       eta max_depth classif.ce warnings errors runtime_learners
INFO  [17:02:02.175] [bbotk]      216 0.1790588         9  0.1482213        0      0            1.152
INFO  [17:02:02.175] [bbotk]                                 uhash
INFO  [17:02:02.175] [bbotk]  4b64f3a1-38b4-49d3-ac06-c5e31ab62c33
INFO  [17:02:02.179] [bbotk] Evaluating 1 configuration(s)
INFO  [17:02:02.474] [bbotk] Result of batch 8:
INFO  [17:02:02.475] [bbotk]  nrounds        eta max_depth classif.ce warnings errors runtime_learners
INFO  [17:02:02.475] [bbotk]       54 0.02925481         8   0.140975        0      0            0.256
INFO  [17:02:02.475] [bbotk]                                 uhash
INFO  [17:02:02.475] [bbotk]  528c5cf2-721b-44d4-89e9-3e99aa1010bd
INFO  [17:02:02.479] [bbotk] Evaluating 1 configuration(s)
INFO  [17:02:03.070] [bbotk] Result of batch 9:
INFO  [17:02:03.071] [bbotk]  nrounds       eta max_depth classif.ce warnings errors runtime_learners
INFO  [17:02:03.071] [bbotk]      178 0.1566265         5  0.1488801        0      0            0.547
INFO  [17:02:03.071] [bbotk]                                 uhash
INFO  [17:02:03.071] [bbotk]  7a07d6d5-518a-44d5-a83a-7131ad667b79
INFO  [17:02:03.075] [bbotk] Evaluating 1 configuration(s)
INFO  [17:02:03.647] [bbotk] Result of batch 10:
INFO  [17:02:03.648] [bbotk]  nrounds       eta max_depth classif.ce warnings errors runtime_learners
INFO  [17:02:03.648] [bbotk]      168 0.2480754         5  0.1567852        0      0            0.542
INFO  [17:02:03.648] [bbotk]                                 uhash
INFO  [17:02:03.648] [bbotk]  f6fa5f1b-0b50-444e-8199-a5c6c0b1d536
INFO  [17:02:03.664] [bbotk] Finished optimizing after 10 evaluation(s)
INFO  [17:02:03.664] [bbotk] Result:
INFO  [17:02:03.665] [bbotk]  nrounds        eta max_depth learner_param_vals  x_domain classif.ce
INFO  [17:02:03.665] [bbotk]    <int>      <num>     <int>             <list>    <list>      <num>
INFO  [17:02:03.665] [bbotk]      174 0.02958845         2          <list[5]> <list[3]>  0.1363636
INFO  [17:02:03.844] [bbotk] Starting to optimize 3 parameter(s) with '<OptimizerBatchRandomSearch>' and '<TerminatorEvals> [n_evals=10, k=0]'
INFO  [17:02:03.857] [bbotk] Evaluating 1 configuration(s)
INFO  [17:02:04.180] [bbotk] Result of batch 1:
INFO  [17:02:04.181] [bbotk]  nrounds       eta max_depth classif.ce warnings errors runtime_learners
INFO  [17:02:04.181] [bbotk]      104 0.1882564         4  0.1587615        0      0            0.284
INFO  [17:02:04.181] [bbotk]                                 uhash
INFO  [17:02:04.181] [bbotk]  003e87c4-bb29-4dac-988e-7ced23cfa3a8
INFO  [17:02:04.191] [bbotk] Evaluating 1 configuration(s)
INFO  [17:02:04.647] [bbotk] Result of batch 2:
INFO  [17:02:04.648] [bbotk]  nrounds        eta max_depth classif.ce warnings errors runtime_learners
INFO  [17:02:04.648] [bbotk]       73 0.05326615        10  0.1554677        0      0            0.419
INFO  [17:02:04.648] [bbotk]                                 uhash
INFO  [17:02:04.648] [bbotk]  604ef70b-d6b7-4ad3-bab7-180c0213539b
INFO  [17:02:04.659] [bbotk] Evaluating 1 configuration(s)
INFO  [17:02:05.743] [bbotk] Result of batch 3:
INFO  [17:02:05.744] [bbotk]  nrounds       eta max_depth classif.ce warnings errors runtime_learners
INFO  [17:02:05.744] [bbotk]      260 0.1917584         6  0.1587615        0      0            1.043
INFO  [17:02:05.744] [bbotk]                                 uhash
INFO  [17:02:05.744] [bbotk]  e331b3f8-f325-4aab-b1b9-37747cb6f721
INFO  [17:02:05.754] [bbotk] Evaluating 1 configuration(s)
INFO  [17:02:06.280] [bbotk] Result of batch 4:
INFO  [17:02:06.283] [bbotk]  nrounds       eta max_depth classif.ce warnings errors runtime_learners
INFO  [17:02:06.283] [bbotk]      259 0.2916358         2  0.1613966        0      0            0.457
INFO  [17:02:06.283] [bbotk]                                 uhash
INFO  [17:02:06.283] [bbotk]  5305bb5b-6640-49da-b06e-4b758241db4f
INFO  [17:02:06.295] [bbotk] Evaluating 1 configuration(s)
INFO  [17:02:07.196] [bbotk] Result of batch 5:
INFO  [17:02:07.197] [bbotk]  nrounds        eta max_depth classif.ce warnings errors runtime_learners
INFO  [17:02:07.197] [bbotk]      170 0.08456285         8  0.1554677        0      0            0.861
INFO  [17:02:07.197] [bbotk]                                 uhash
INFO  [17:02:07.197] [bbotk]  87459f1b-de66-4d1b-ae42-90c394b1b861
INFO  [17:02:07.202] [bbotk] Evaluating 1 configuration(s)
INFO  [17:02:08.279] [bbotk] Result of batch 6:
INFO  [17:02:08.281] [bbotk]  nrounds       eta max_depth classif.ce warnings errors runtime_learners
INFO  [17:02:08.281] [bbotk]      166 0.2030579        10  0.1600791        0      0            1.036
INFO  [17:02:08.281] [bbotk]                                 uhash
INFO  [17:02:08.281] [bbotk]  a7e1fb0f-0cb3-471a-ab83-a64d36024fb2
INFO  [17:02:08.297] [bbotk] Evaluating 1 configuration(s)
INFO  [17:02:09.316] [bbotk] Result of batch 7:
INFO  [17:02:09.318] [bbotk]  nrounds       eta max_depth classif.ce warnings errors runtime_learners
INFO  [17:02:09.318] [bbotk]      187 0.2772487         9  0.1581028        0      0            0.978
INFO  [17:02:09.318] [bbotk]                                 uhash
INFO  [17:02:09.318] [bbotk]  6ee33305-fa53-4f23-adf7-a405e2e1df94
INFO  [17:02:09.325] [bbotk] Evaluating 1 configuration(s)
INFO  [17:02:09.623] [bbotk] Result of batch 8:
INFO  [17:02:09.626] [bbotk]  nrounds        eta max_depth classif.ce warnings errors runtime_learners
INFO  [17:02:09.626] [bbotk]      191 0.08845824         2  0.1515152        0      0            0.248
INFO  [17:02:09.626] [bbotk]                                 uhash
INFO  [17:02:09.626] [bbotk]  a6511cbc-585e-4b30-a328-90ec25030c49
INFO  [17:02:09.634] [bbotk] Evaluating 1 configuration(s)
INFO  [17:02:10.177] [bbotk] Result of batch 9:
INFO  [17:02:10.178] [bbotk]  nrounds       eta max_depth classif.ce warnings errors runtime_learners
INFO  [17:02:10.178] [bbotk]      133 0.1632731         3  0.1541502        0      0            0.283
INFO  [17:02:10.178] [bbotk]                                 uhash
INFO  [17:02:10.178] [bbotk]  d7c299fc-d049-4f75-a493-f39a89d7d839
INFO  [17:02:10.184] [bbotk] Evaluating 1 configuration(s)
INFO  [17:02:11.234] [bbotk] Result of batch 10:
INFO  [17:02:11.235] [bbotk]  nrounds       eta max_depth classif.ce warnings errors runtime_learners
INFO  [17:02:11.235] [bbotk]      280 0.2609008         6  0.1607378        0      0            1.011
INFO  [17:02:11.235] [bbotk]                                 uhash
INFO  [17:02:11.235] [bbotk]  e20aecdc-3a3a-4652-a09d-c0c22f83fdda
INFO  [17:02:11.251] [bbotk] Finished optimizing after 10 evaluation(s)
INFO  [17:02:11.251] [bbotk] Result:
INFO  [17:02:11.252] [bbotk]  nrounds        eta max_depth learner_param_vals  x_domain classif.ce
INFO  [17:02:11.252] [bbotk]    <int>      <num>     <int>             <list>    <list>      <num>
INFO  [17:02:11.252] [bbotk]      191 0.08845824         2          <list[5]> <list[3]>  0.1515152
INFO  [17:02:11.413] [bbotk] Starting to optimize 3 parameter(s) with '<OptimizerBatchRandomSearch>' and '<TerminatorEvals> [n_evals=10, k=0]'
INFO  [17:02:11.423] [bbotk] Evaluating 1 configuration(s)
INFO  [17:02:12.915] [bbotk] Result of batch 1:
INFO  [17:02:12.918] [bbotk]  nrounds       eta max_depth classif.ce warnings errors runtime_learners
INFO  [17:02:12.918] [bbotk]      292 0.1399931         8  0.1515152        0      0            1.459
INFO  [17:02:12.918] [bbotk]                                 uhash
INFO  [17:02:12.918] [bbotk]  39337543-48c0-45c9-8095-40f0dccaab10
INFO  [17:02:12.927] [bbotk] Evaluating 1 configuration(s)
INFO  [17:02:13.492] [bbotk] Result of batch 2:
INFO  [17:02:13.494] [bbotk]  nrounds        eta max_depth classif.ce warnings errors runtime_learners
INFO  [17:02:13.494] [bbotk]      102 0.09149413         7  0.1515152        0      0            0.522
INFO  [17:02:13.494] [bbotk]                                 uhash
INFO  [17:02:13.494] [bbotk]  d7c970d1-5153-42dc-9b5e-52c34b52d63b
INFO  [17:02:13.503] [bbotk] Evaluating 1 configuration(s)
INFO  [17:02:14.338] [bbotk] Result of batch 3:
INFO  [17:02:14.339] [bbotk]  nrounds       eta max_depth classif.ce warnings errors runtime_learners
INFO  [17:02:14.339] [bbotk]      272 0.1065475         4  0.1501976        0      0            0.795
INFO  [17:02:14.339] [bbotk]                                 uhash
INFO  [17:02:14.339] [bbotk]  49f5d08e-98ca-409c-8f8d-0fb05f052314
INFO  [17:02:14.343] [bbotk] Evaluating 1 configuration(s)
INFO  [17:02:14.571] [bbotk] Result of batch 4:
INFO  [17:02:14.572] [bbotk]  nrounds        eta max_depth classif.ce warnings errors runtime_learners
INFO  [17:02:14.572] [bbotk]      116 0.09710015         2  0.1495389        0      0            0.176
INFO  [17:02:14.572] [bbotk]                                 uhash
INFO  [17:02:14.572] [bbotk]  45fc9d35-a115-409c-ae0a-b93d22252b07
INFO  [17:02:14.578] [bbotk] Evaluating 1 configuration(s)
INFO  [17:02:15.110] [bbotk] Result of batch 5:
INFO  [17:02:15.111] [bbotk]  nrounds      eta max_depth classif.ce warnings errors runtime_learners
INFO  [17:02:15.111] [bbotk]      257 0.238063         3  0.1482213        0      0            0.481
INFO  [17:02:15.111] [bbotk]                                 uhash
INFO  [17:02:15.111] [bbotk]  94dff436-f364-4f1f-90d0-3bc187964afd
INFO  [17:02:15.115] [bbotk] Evaluating 1 configuration(s)
INFO  [17:02:16.253] [bbotk] Result of batch 6:
INFO  [17:02:16.254] [bbotk]  nrounds       eta max_depth classif.ce warnings errors runtime_learners
INFO  [17:02:16.254] [bbotk]      276 0.1016501         6  0.1501976        0      0            1.089
INFO  [17:02:16.254] [bbotk]                                 uhash
INFO  [17:02:16.254] [bbotk]  ade2c120-59b2-49fe-8cb0-4b88a442864a
INFO  [17:02:16.258] [bbotk] Evaluating 1 configuration(s)
INFO  [17:02:16.927] [bbotk] Result of batch 7:
INFO  [17:02:16.928] [bbotk]  nrounds        eta max_depth classif.ce warnings errors runtime_learners
INFO  [17:02:16.928] [bbotk]      156 0.01093675         6  0.1561265        0      0             0.63
INFO  [17:02:16.928] [bbotk]                                 uhash
INFO  [17:02:16.928] [bbotk]  37f71cab-e612-4567-b390-d91ffe4163d9
INFO  [17:02:16.934] [bbotk] Evaluating 1 configuration(s)
INFO  [17:02:17.138] [bbotk] Result of batch 8:
INFO  [17:02:17.139] [bbotk]  nrounds       eta max_depth classif.ce warnings errors runtime_learners
INFO  [17:02:17.139] [bbotk]      121 0.1415366         2  0.1508564        0      0             0.17
INFO  [17:02:17.139] [bbotk]                                 uhash
INFO  [17:02:17.139] [bbotk]  47a103f3-1a35-42b6-8130-5d92b7e53b31
INFO  [17:02:17.143] [bbotk] Evaluating 1 configuration(s)
INFO  [17:02:17.505] [bbotk] Result of batch 9:
INFO  [17:02:17.507] [bbotk]  nrounds        eta max_depth classif.ce warnings errors runtime_learners
INFO  [17:02:17.507] [bbotk]      238 0.04012162         2  0.1482213        0      0            0.322
INFO  [17:02:17.507] [bbotk]                                 uhash
INFO  [17:02:17.507] [bbotk]  7c9d1157-6f58-4613-93e7-a5ad74dd1158
INFO  [17:02:17.514] [bbotk] Evaluating 1 configuration(s)
INFO  [17:02:18.632] [bbotk] Result of batch 10:
INFO  [17:02:18.633] [bbotk]  nrounds       eta max_depth classif.ce warnings errors runtime_learners
INFO  [17:02:18.633] [bbotk]      196 0.1261966         9  0.1534914        0      0            1.088
INFO  [17:02:18.633] [bbotk]                                 uhash
INFO  [17:02:18.633] [bbotk]  8b4e3900-788a-4377-a70a-f9f1cff630b0
INFO  [17:02:18.641] [bbotk] Finished optimizing after 10 evaluation(s)
INFO  [17:02:18.642] [bbotk] Result:
INFO  [17:02:18.642] [bbotk]  nrounds      eta max_depth learner_param_vals  x_domain classif.ce
INFO  [17:02:18.642] [bbotk]    <int>    <num>     <int>             <list>    <list>      <num>
INFO  [17:02:18.642] [bbotk]      257 0.238063         3          <list[5]> <list[3]>  0.1482213
INFO  [17:02:18.948] [bbotk] Starting to optimize 3 parameter(s) with '<OptimizerBatchRandomSearch>' and '<TerminatorEvals> [n_evals=10, k=0]'
INFO  [17:02:18.961] [bbotk] Evaluating 1 configuration(s)
INFO  [17:02:19.255] [bbotk] Result of batch 1:
INFO  [17:02:19.257] [bbotk]  nrounds        eta max_depth classif.ce warnings errors runtime_learners
INFO  [17:02:19.257] [bbotk]      204 0.03555527         2  0.1467973        0      0            0.248
INFO  [17:02:19.257] [bbotk]                                 uhash
INFO  [17:02:19.257] [bbotk]  5d1aa7a0-a8c3-41b5-bf90-98b55c5a6f28
INFO  [17:02:19.266] [bbotk] Evaluating 1 configuration(s)
INFO  [17:02:20.576] [bbotk] Result of batch 2:
INFO  [17:02:20.578] [bbotk]  nrounds       eta max_depth classif.ce warnings errors runtime_learners
INFO  [17:02:20.578] [bbotk]      221 0.1107511        10  0.1599699        0      0            1.272
INFO  [17:02:20.578] [bbotk]                                 uhash
INFO  [17:02:20.578] [bbotk]  bc9facf0-d6cb-46e7-8329-9f32e160c580
INFO  [17:02:20.586] [bbotk] Evaluating 1 configuration(s)
INFO  [17:02:21.844] [bbotk] Result of batch 3:
INFO  [17:02:21.845] [bbotk]  nrounds       eta max_depth classif.ce warnings errors runtime_learners
INFO  [17:02:21.845] [bbotk]      289 0.2078887         7  0.1678698        0      0            1.212
INFO  [17:02:21.845] [bbotk]                                 uhash
INFO  [17:02:21.845] [bbotk]  34891b4d-b47a-434b-9d1f-2ce902644f16
INFO  [17:02:21.850] [bbotk] Evaluating 1 configuration(s)
INFO  [17:02:23.057] [bbotk] Result of batch 4:
INFO  [17:02:23.059] [bbotk]  nrounds        eta max_depth classif.ce warnings errors runtime_learners
INFO  [17:02:23.059] [bbotk]      240 0.05509984         7  0.1547011        0      0            1.163
INFO  [17:02:23.059] [bbotk]                                 uhash
INFO  [17:02:23.059] [bbotk]  446e0209-4bed-45bc-a558-8e1ccc0a61f8
INFO  [17:02:23.067] [bbotk] Evaluating 1 configuration(s)
INFO  [17:02:24.008] [bbotk] Result of batch 5:
INFO  [17:02:24.009] [bbotk]  nrounds       eta max_depth classif.ce warnings errors runtime_learners
INFO  [17:02:24.009] [bbotk]      255 0.2730779         5  0.1672124        0      0            0.882
INFO  [17:02:24.009] [bbotk]                                 uhash
INFO  [17:02:24.009] [bbotk]  e5b52b43-f7a7-4d63-82f2-cf0e4dc6896e
INFO  [17:02:24.013] [bbotk] Evaluating 1 configuration(s)
INFO  [17:02:24.594] [bbotk] Result of batch 6:
INFO  [17:02:24.596] [bbotk]  nrounds      eta max_depth classif.ce warnings errors runtime_learners
INFO  [17:02:24.596] [bbotk]      199 0.172335         4   0.159966        0      0            0.532
INFO  [17:02:24.596] [bbotk]                                 uhash
INFO  [17:02:24.596] [bbotk]  5300fb79-a3a3-4347-a12d-dd5ba9a2ce87
INFO  [17:02:24.603] [bbotk] Evaluating 1 configuration(s)
INFO  [17:02:25.045] [bbotk] Result of batch 7:
INFO  [17:02:25.046] [bbotk]  nrounds       eta max_depth classif.ce warnings errors runtime_learners
INFO  [17:02:25.046] [bbotk]      257 0.1742811         2  0.1546972        0      0            0.399
INFO  [17:02:25.046] [bbotk]                                 uhash
INFO  [17:02:25.046] [bbotk]  18a3311a-f259-4b1d-bca7-4f582b0b9093
INFO  [17:02:25.050] [bbotk] Evaluating 1 configuration(s)
INFO  [17:02:25.470] [bbotk] Result of batch 8:
INFO  [17:02:25.471] [bbotk]  nrounds       eta max_depth classif.ce warnings errors runtime_learners
INFO  [17:02:25.471] [bbotk]      270 0.1436861         2  0.1514086        0      0            0.389
INFO  [17:02:25.471] [bbotk]                                 uhash
INFO  [17:02:25.471] [bbotk]  24985450-3786-47c7-8a4e-386460569c8c
INFO  [17:02:25.476] [bbotk] Evaluating 1 configuration(s)
INFO  [17:02:26.770] [bbotk] Result of batch 9:
INFO  [17:02:26.771] [bbotk]  nrounds      eta max_depth classif.ce warnings errors runtime_learners
INFO  [17:02:26.771] [bbotk]      291 0.185267         7  0.1626037        0      0            1.243
INFO  [17:02:26.771] [bbotk]                                 uhash
INFO  [17:02:26.771] [bbotk]  5f8b92ac-fe0f-40e7-a49a-2ade45ad1ddc
INFO  [17:02:26.775] [bbotk] Evaluating 1 configuration(s)
INFO  [17:02:27.829] [bbotk] Result of batch 10:
INFO  [17:02:27.831] [bbotk]  nrounds        eta max_depth classif.ce warnings errors runtime_learners
INFO  [17:02:27.831] [bbotk]      257 0.06895056         6   0.159966        0      0            1.009
INFO  [17:02:27.831] [bbotk]                                 uhash
INFO  [17:02:27.831] [bbotk]  7b3829c7-36d3-4470-a6cc-48654d05fb8d
INFO  [17:02:27.852] [bbotk] Finished optimizing after 10 evaluation(s)
INFO  [17:02:27.852] [bbotk] Result:
INFO  [17:02:27.854] [bbotk]  nrounds        eta max_depth learner_param_vals  x_domain classif.ce
INFO  [17:02:27.854] [bbotk]    <int>      <num>     <int>             <list>    <list>      <num>
INFO  [17:02:27.854] [bbotk]      204 0.03555527         2          <list[5]> <list[3]>  0.1467973
INFO  [17:02:28.020] [bbotk] Starting to optimize 3 parameter(s) with '<OptimizerBatchRandomSearch>' and '<TerminatorEvals> [n_evals=10, k=0]'
INFO  [17:02:28.036] [bbotk] Evaluating 1 configuration(s)
INFO  [17:02:28.968] [bbotk] Result of batch 1:
INFO  [17:02:28.969] [bbotk]  nrounds       eta max_depth classif.ce warnings errors runtime_learners
INFO  [17:02:28.969] [bbotk]      244 0.2379365         6  0.1527261        0      0            0.892
INFO  [17:02:28.969] [bbotk]                                 uhash
INFO  [17:02:28.969] [bbotk]  61ad9435-813b-4213-9e5b-d0cfd0854ca5
INFO  [17:02:28.973] [bbotk] Evaluating 1 configuration(s)
INFO  [17:02:30.644] [bbotk] Result of batch 2:
INFO  [17:02:30.645] [bbotk]  nrounds      eta max_depth classif.ce warnings errors runtime_learners
INFO  [17:02:30.645] [bbotk]      295 0.149364        10   0.151406        0      0            1.634
INFO  [17:02:30.645] [bbotk]                                 uhash
INFO  [17:02:30.645] [bbotk]  a78de3b8-6903-43a0-939b-65e0de498da5
INFO  [17:02:30.653] [bbotk] Evaluating 1 configuration(s)
INFO  [17:02:31.847] [bbotk] Result of batch 3:
INFO  [17:02:31.848] [bbotk]  nrounds       eta max_depth classif.ce warnings errors runtime_learners
INFO  [17:02:31.848] [bbotk]      276 0.1655375         6  0.1527209        0      0            1.155
INFO  [17:02:31.848] [bbotk]                                 uhash
INFO  [17:02:31.848] [bbotk]  beea61ad-8fec-424a-9686-d01aa142f4ee
INFO  [17:02:31.858] [bbotk] Evaluating 1 configuration(s)
INFO  [17:02:32.664] [bbotk] Result of batch 4:
INFO  [17:02:32.665] [bbotk]  nrounds      eta max_depth classif.ce warnings errors runtime_learners
INFO  [17:02:32.665] [bbotk]      261 0.109979         4  0.1481187        0      0            0.753
INFO  [17:02:32.665] [bbotk]                                 uhash
INFO  [17:02:32.665] [bbotk]  0b8996e9-cac2-4358-972d-04ae04f936e4
INFO  [17:02:32.669] [bbotk] Evaluating 1 configuration(s)
INFO  [17:02:32.873] [bbotk] Result of batch 5:
INFO  [17:02:32.873] [bbotk]  nrounds       eta max_depth classif.ce warnings errors runtime_learners
INFO  [17:02:32.873] [bbotk]      125 0.2320662         2  0.1487762        0      0            0.159
INFO  [17:02:32.873] [bbotk]                                 uhash
INFO  [17:02:32.873] [bbotk]  e6ae90e1-6cfe-4657-8478-5ddeca01ace2
INFO  [17:02:32.877] [bbotk] Evaluating 1 configuration(s)
INFO  [17:02:33.157] [bbotk] Result of batch 6:
INFO  [17:02:33.158] [bbotk]  nrounds       eta max_depth classif.ce warnings errors runtime_learners
INFO  [17:02:33.158] [bbotk]      162 0.2096057         2  0.1487762        0      0            0.243
INFO  [17:02:33.158] [bbotk]                                 uhash
INFO  [17:02:33.158] [bbotk]  145e0552-297e-4fc9-b28f-553932155d1b
INFO  [17:02:33.165] [bbotk] Evaluating 1 configuration(s)
INFO  [17:02:33.637] [bbotk] Result of batch 7:
INFO  [17:02:33.638] [bbotk]  nrounds        eta max_depth classif.ce warnings errors runtime_learners
INFO  [17:02:33.638] [bbotk]      151 0.01277598         4  0.1428525        0      0            0.422
INFO  [17:02:33.638] [bbotk]                                 uhash
INFO  [17:02:33.638] [bbotk]  5dfe3384-3a32-4ecb-85dc-242430d3c5ca
INFO  [17:02:33.647] [bbotk] Evaluating 1 configuration(s)
INFO  [17:02:34.277] [bbotk] Result of batch 8:
INFO  [17:02:34.279] [bbotk]  nrounds        eta max_depth classif.ce warnings errors runtime_learners
INFO  [17:02:34.279] [bbotk]      121 0.03142078         7  0.1441713        0      0            0.593
INFO  [17:02:34.279] [bbotk]                                 uhash
INFO  [17:02:34.279] [bbotk]  41db1859-6e88-407d-9342-63d41356c8a4
INFO  [17:02:34.292] [bbotk] Evaluating 1 configuration(s)
INFO  [17:02:35.236] [bbotk] Result of batch 9:
INFO  [17:02:35.238] [bbotk]  nrounds       eta max_depth classif.ce warnings errors runtime_learners
INFO  [17:02:35.238] [bbotk]      160 0.1837842         9  0.1520674        0      0            0.905
INFO  [17:02:35.238] [bbotk]                                 uhash
INFO  [17:02:35.238] [bbotk]  b9b28983-401c-4661-8a1a-66cc26f25f85
INFO  [17:02:35.247] [bbotk] Evaluating 1 configuration(s)
INFO  [17:02:35.682] [bbotk] Result of batch 10:
INFO  [17:02:35.683] [bbotk]  nrounds      eta max_depth classif.ce warnings errors runtime_learners
INFO  [17:02:35.683] [bbotk]      282 0.180066         2  0.1481122        0      0            0.398
INFO  [17:02:35.683] [bbotk]                                 uhash
INFO  [17:02:35.683] [bbotk]  6e6ff626-5184-435f-9514-cb5ee6f52038
INFO  [17:02:35.696] [bbotk] Finished optimizing after 10 evaluation(s)
INFO  [17:02:35.697] [bbotk] Result:
INFO  [17:02:35.697] [bbotk]  nrounds        eta max_depth learner_param_vals  x_domain classif.ce
INFO  [17:02:35.697] [bbotk]    <int>      <num>     <int>             <list>    <list>      <num>
INFO  [17:02:35.697] [bbotk]      151 0.01277598         4          <list[5]> <list[3]>  0.1428525

### [bt]: Job terminated successfully [batchtools job.id=1836]
### [bt]: Starting job [batchtools job.id=1837]
### [bt]: Generating problem instance for problem '42e9f2146ba77696' ...
### [bt]: Applying algorithm 'run_learner' on problem '42e9f2146ba77696' for job 1837 (seed = 1838) ...
INFO  [17:02:35.990] [mlr3] Applying learner 'classif.xgboost.tuned_calib.oof_platt' on task 'kc1' (iter 7/10)
INFO  [17:02:36.054] [bbotk] Starting to optimize 3 parameter(s) with '<OptimizerBatchRandomSearch>' and '<TerminatorEvals> [n_evals=10, k=0]'
INFO  [17:02:36.071] [bbotk] Evaluating 1 configuration(s)
INFO  [17:02:36.363] [bbotk] Result of batch 1:
INFO  [17:02:36.365] [bbotk]  nrounds        eta max_depth classif.ce warnings errors runtime_learners
INFO  [17:02:36.365] [bbotk]       56 0.08293024         6  0.1594203        0      0            0.242
INFO  [17:02:36.365] [bbotk]                                 uhash
INFO  [17:02:36.365] [bbotk]  8554902b-7ea6-45b7-a4cb-b18cf0dc5c7a
INFO  [17:02:36.371] [bbotk] Evaluating 1 configuration(s)
INFO  [17:02:36.911] [bbotk] Result of batch 2:
INFO  [17:02:36.912] [bbotk]  nrounds       eta max_depth classif.ce warnings errors runtime_learners
INFO  [17:02:36.912] [bbotk]       89 0.1128425         8  0.1587615        0      0            0.497
INFO  [17:02:36.912] [bbotk]                                 uhash
INFO  [17:02:36.912] [bbotk]  d978d68b-988d-46cd-8af1-b02ce14f09d2
INFO  [17:02:36.916] [bbotk] Evaluating 1 configuration(s)
INFO  [17:02:37.236] [bbotk] Result of batch 3:
INFO  [17:02:37.237] [bbotk]  nrounds       eta max_depth classif.ce warnings errors runtime_learners
INFO  [17:02:37.237] [bbotk]      137 0.2287615         3  0.1600791        0      0            0.283
INFO  [17:02:37.237] [bbotk]                                 uhash
INFO  [17:02:37.237] [bbotk]  a2b77b9e-6fbe-4840-8560-c2aeda14a27a
INFO  [17:02:37.242] [bbotk] Evaluating 1 configuration(s)
INFO  [17:02:38.184] [bbotk] Result of batch 4:
INFO  [17:02:38.185] [bbotk]  nrounds       eta max_depth classif.ce warnings errors runtime_learners
INFO  [17:02:38.185] [bbotk]      177 0.2737075         8   0.173913        0      0            0.905
INFO  [17:02:38.185] [bbotk]                                 uhash
INFO  [17:02:38.185] [bbotk]  c36c8598-1de9-4b39-8d52-97397b914e56
INFO  [17:02:38.189] [bbotk] Evaluating 1 configuration(s)
INFO  [17:02:39.617] [bbotk] Result of batch 5:
INFO  [17:02:39.618] [bbotk]  nrounds       eta max_depth classif.ce warnings errors runtime_learners
INFO  [17:02:39.618] [bbotk]      271 0.1727497         8  0.1613966        0      0            1.386
INFO  [17:02:39.618] [bbotk]                                 uhash
INFO  [17:02:39.618] [bbotk]  c08d877e-4d9f-4afe-9e56-deded96e68b7
INFO  [17:02:39.624] [bbotk] Evaluating 1 configuration(s)
INFO  [17:02:40.087] [bbotk] Result of batch 6:
INFO  [17:02:40.088] [bbotk]  nrounds       eta max_depth classif.ce warnings errors runtime_learners
INFO  [17:02:40.088] [bbotk]      278 0.1079432         2  0.1534914        0      0            0.422
INFO  [17:02:40.088] [bbotk]                                 uhash
INFO  [17:02:40.088] [bbotk]  c4ac0f26-6a6b-4599-92bc-2f82e3d0ca7a
INFO  [17:02:40.092] [bbotk] Evaluating 1 configuration(s)
INFO  [17:02:40.652] [bbotk] Result of batch 7:
INFO  [17:02:40.653] [bbotk]  nrounds       eta max_depth classif.ce warnings errors runtime_learners
INFO  [17:02:40.653] [bbotk]      183 0.2167508         4  0.1581028        0      0            0.502
INFO  [17:02:40.653] [bbotk]                                 uhash
INFO  [17:02:40.653] [bbotk]  bf88278e-1570-4bb9-a4af-61cd7f7fc841
INFO  [17:02:40.661] [bbotk] Evaluating 1 configuration(s)
INFO  [17:02:41.462] [bbotk] Result of batch 8:
INFO  [17:02:41.463] [bbotk]  nrounds       eta max_depth classif.ce warnings errors runtime_learners
INFO  [17:02:41.463] [bbotk]      297 0.2191903         4  0.1613966        0      0            0.767
INFO  [17:02:41.463] [bbotk]                                 uhash
INFO  [17:02:41.463] [bbotk]  7238d678-cad0-4e1a-bd67-2f5a28661654
INFO  [17:02:41.467] [bbotk] Evaluating 1 configuration(s)
INFO  [17:02:42.362] [bbotk] Result of batch 9:
INFO  [17:02:42.363] [bbotk]  nrounds        eta max_depth classif.ce warnings errors runtime_learners
INFO  [17:02:42.363] [bbotk]      255 0.09719862         6  0.1581028        0      0            0.857
INFO  [17:02:42.363] [bbotk]                                 uhash
INFO  [17:02:42.363] [bbotk]  53b47e2d-c0fa-494a-81c0-7c3dd08ae84b
INFO  [17:02:42.371] [bbotk] Evaluating 1 configuration(s)
INFO  [17:02:42.675] [bbotk] Result of batch 10:
INFO  [17:02:42.676] [bbotk]  nrounds        eta max_depth classif.ce warnings errors runtime_learners
INFO  [17:02:42.676] [bbotk]      173 0.06905403         2   0.154809        0      0            0.255
INFO  [17:02:42.676] [bbotk]                                 uhash
INFO  [17:02:42.676] [bbotk]  2b23c31c-1b2c-454d-b77d-a4cacc0c2c63
INFO  [17:02:42.685] [bbotk] Finished optimizing after 10 evaluation(s)
INFO  [17:02:42.686] [bbotk] Result:
INFO  [17:02:42.686] [bbotk]  nrounds       eta max_depth learner_param_vals  x_domain classif.ce
INFO  [17:02:42.686] [bbotk]    <int>     <num>     <int>             <list>    <list>      <num>
INFO  [17:02:42.686] [bbotk]      278 0.1079432         2          <list[5]> <list[3]>  0.1534914
INFO  [17:02:42.854] [bbotk] Starting to optimize 3 parameter(s) with '<OptimizerBatchRandomSearch>' and '<TerminatorEvals> [n_evals=10, k=0]'
INFO  [17:02:42.863] [bbotk] Evaluating 1 configuration(s)
INFO  [17:02:43.247] [bbotk] Result of batch 1:
INFO  [17:02:43.248] [bbotk]  nrounds        eta max_depth classif.ce warnings errors runtime_learners
INFO  [17:02:43.248] [bbotk]      103 0.03389099         6  0.1462451        0      0            0.344
INFO  [17:02:43.248] [bbotk]                                 uhash
INFO  [17:02:43.248] [bbotk]  8d6c5563-df50-475a-81a8-4153dd6acdad
INFO  [17:02:43.253] [bbotk] Evaluating 1 configuration(s)
INFO  [17:02:44.314] [bbotk] Result of batch 2:
INFO  [17:02:44.315] [bbotk]  nrounds       eta max_depth classif.ce warnings errors runtime_learners
INFO  [17:02:44.315] [bbotk]      196 0.2833772        10  0.1515152        0      0            1.029
INFO  [17:02:44.315] [bbotk]                                 uhash
INFO  [17:02:44.315] [bbotk]  0856fc08-c7c0-4daf-b9b5-a4ac0702bb38
INFO  [17:02:44.319] [bbotk] Evaluating 1 configuration(s)
INFO  [17:02:44.789] [bbotk] Result of batch 3:
INFO  [17:02:44.790] [bbotk]  nrounds       eta max_depth classif.ce warnings errors runtime_learners
INFO  [17:02:44.790] [bbotk]      296 0.1536358         2  0.1521739        0      0             0.42
INFO  [17:02:44.790] [bbotk]                                 uhash
INFO  [17:02:44.790] [bbotk]  6fe8d6e8-8117-44a8-9362-3f1f08572eee
INFO  [17:02:44.798] [bbotk] Evaluating 1 configuration(s)
INFO  [17:02:45.236] [bbotk] Result of batch 4:
INFO  [17:02:45.237] [bbotk]  nrounds       eta max_depth classif.ce warnings errors runtime_learners
INFO  [17:02:45.237] [bbotk]      120 0.0576249         5  0.1482213        0      0            0.384
INFO  [17:02:45.237] [bbotk]                                 uhash
INFO  [17:02:45.237] [bbotk]  c7c3de77-6751-4aec-9b20-578560054b68
INFO  [17:02:45.240] [bbotk] Evaluating 1 configuration(s)
INFO  [17:02:45.834] [bbotk] Result of batch 5:
INFO  [17:02:45.835] [bbotk]  nrounds       eta max_depth classif.ce warnings errors runtime_learners
INFO  [17:02:45.835] [bbotk]      219 0.2508366         4  0.1528327        0      0            0.547
INFO  [17:02:45.835] [bbotk]                                 uhash
INFO  [17:02:45.835] [bbotk]  d2527c23-eda7-4637-bee1-b74f71d5bb97
INFO  [17:02:45.839] [bbotk] Evaluating 1 configuration(s)
INFO  [17:02:47.416] [bbotk] Result of batch 6:
INFO  [17:02:47.418] [bbotk]  nrounds        eta max_depth classif.ce warnings errors runtime_learners
INFO  [17:02:47.418] [bbotk]      261 0.03397599        10  0.1508564        0      0             1.54
INFO  [17:02:47.418] [bbotk]                                 uhash
INFO  [17:02:47.418] [bbotk]  866b6318-9bfe-4ffd-aa61-a74cc39fdd24
INFO  [17:02:47.426] [bbotk] Evaluating 1 configuration(s)
INFO  [17:02:48.265] [bbotk] Result of batch 7:
INFO  [17:02:48.266] [bbotk]  nrounds        eta max_depth classif.ce warnings errors runtime_learners
INFO  [17:02:48.266] [bbotk]      154 0.07681615         8  0.1534914        0      0            0.802
INFO  [17:02:48.266] [bbotk]                                 uhash
INFO  [17:02:48.266] [bbotk]  6df1ff4f-9a7f-452d-9b7d-b19e519c5be9
INFO  [17:02:48.270] [bbotk] Evaluating 1 configuration(s)
INFO  [17:02:48.630] [bbotk] Result of batch 8:
INFO  [17:02:48.631] [bbotk]  nrounds       eta max_depth classif.ce warnings errors runtime_learners
INFO  [17:02:48.631] [bbotk]       51 0.2892627        10  0.1541502        0      0            0.321
INFO  [17:02:48.631] [bbotk]                                 uhash
INFO  [17:02:48.631] [bbotk]  c2817aee-e33c-4e82-98dd-5a18c0e460ea
INFO  [17:02:48.640] [bbotk] Evaluating 1 configuration(s)
INFO  [17:02:50.090] [bbotk] Result of batch 9:
INFO  [17:02:50.092] [bbotk]  nrounds       eta max_depth classif.ce warnings errors runtime_learners
INFO  [17:02:50.092] [bbotk]      294 0.2258354         9  0.1534914        0      0            1.417
INFO  [17:02:50.092] [bbotk]                                 uhash
INFO  [17:02:50.092] [bbotk]  99b55366-edd0-4093-b180-881faa644217
INFO  [17:02:50.104] [bbotk] Evaluating 1 configuration(s)
INFO  [17:02:51.281] [bbotk] Result of batch 10:
INFO  [17:02:51.283] [bbotk]  nrounds       eta max_depth classif.ce warnings errors runtime_learners
INFO  [17:02:51.283] [bbotk]      270 0.1256359         7  0.1554677        0      0            1.142
INFO  [17:02:51.283] [bbotk]                                 uhash
INFO  [17:02:51.283] [bbotk]  3ca8f987-c697-4a2f-a47b-2f5e6b064688
INFO  [17:02:51.312] [bbotk] Finished optimizing after 10 evaluation(s)
INFO  [17:02:51.313] [bbotk] Result:
INFO  [17:02:51.314] [bbotk]  nrounds        eta max_depth learner_param_vals  x_domain classif.ce
INFO  [17:02:51.314] [bbotk]    <int>      <num>     <int>             <list>    <list>      <num>
INFO  [17:02:51.314] [bbotk]      103 0.03389099         6          <list[5]> <list[3]>  0.1462451
INFO  [17:02:51.563] [bbotk] Starting to optimize 3 parameter(s) with '<OptimizerBatchRandomSearch>' and '<TerminatorEvals> [n_evals=10, k=0]'
INFO  [17:02:51.574] [bbotk] Evaluating 1 configuration(s)
INFO  [17:02:52.111] [bbotk] Result of batch 1:
INFO  [17:02:52.113] [bbotk]  nrounds       eta max_depth classif.ce warnings errors runtime_learners
INFO  [17:02:52.113] [bbotk]      150 0.1729172         5  0.1600791        0      0            0.494
INFO  [17:02:52.113] [bbotk]                                 uhash
INFO  [17:02:52.113] [bbotk]  6302b03f-a7a8-4674-ac83-8632214b167e
INFO  [17:02:52.122] [bbotk] Evaluating 1 configuration(s)
INFO  [17:02:52.448] [bbotk] Result of batch 2:
INFO  [17:02:52.450] [bbotk]  nrounds       eta max_depth classif.ce warnings errors runtime_learners
INFO  [17:02:52.450] [bbotk]       53 0.1818966         9  0.1528327        0      0            0.282
INFO  [17:02:52.450] [bbotk]                                 uhash
INFO  [17:02:52.450] [bbotk]  f12f501b-f7fa-4723-8221-f283dfac1ac8
INFO  [17:02:52.459] [bbotk] Evaluating 1 configuration(s)
INFO  [17:02:52.812] [bbotk] Result of batch 3:
INFO  [17:02:52.813] [bbotk]  nrounds        eta max_depth classif.ce warnings errors runtime_learners
INFO  [17:02:52.813] [bbotk]       60 0.01195189         8  0.1561265        0      0            0.301
INFO  [17:02:52.813] [bbotk]                                 uhash
INFO  [17:02:52.813] [bbotk]  84775b58-1530-48c8-8ac1-918712f127eb
INFO  [17:02:52.817] [bbotk] Evaluating 1 configuration(s)
INFO  [17:02:53.417] [bbotk] Result of batch 4:
INFO  [17:02:53.419] [bbotk]  nrounds       eta max_depth classif.ce warnings errors runtime_learners
INFO  [17:02:53.419] [bbotk]       92 0.1479724        10  0.1567852        0      0            0.537
INFO  [17:02:53.419] [bbotk]                                 uhash
INFO  [17:02:53.419] [bbotk]  5016b0f9-dd12-4170-8fd0-33a9fedc1ced
INFO  [17:02:53.428] [bbotk] Evaluating 1 configuration(s)
INFO  [17:02:53.950] [bbotk] Result of batch 5:
INFO  [17:02:53.951] [bbotk]  nrounds       eta max_depth classif.ce warnings errors runtime_learners
INFO  [17:02:53.951] [bbotk]       82 0.1354704        10  0.1541502        0      0            0.482
INFO  [17:02:53.951] [bbotk]                                 uhash
INFO  [17:02:53.951] [bbotk]  fa4e358f-6810-4771-a323-f54bd07e49f1
INFO  [17:02:53.957] [bbotk] Evaluating 1 configuration(s)
INFO  [17:02:55.252] [bbotk] Result of batch 6:
INFO  [17:02:55.253] [bbotk]  nrounds       eta max_depth classif.ce warnings errors runtime_learners
INFO  [17:02:55.253] [bbotk]      273 0.2250819         8   0.168643        0      0            1.258
INFO  [17:02:55.253] [bbotk]                                 uhash
INFO  [17:02:55.253] [bbotk]  8d6ad8c3-57d7-427a-b902-b9bd8ac16be9
INFO  [17:02:55.259] [bbotk] Evaluating 1 configuration(s)
INFO  [17:02:56.725] [bbotk] Result of batch 7:
INFO  [17:02:56.726] [bbotk]  nrounds       eta max_depth classif.ce warnings errors runtime_learners
INFO  [17:02:56.726] [bbotk]      266 0.2146108        10  0.1567852        0      0            1.426
INFO  [17:02:56.726] [bbotk]                                 uhash
INFO  [17:02:56.726] [bbotk]  22420d32-9a49-4782-8ba5-273f913879b5
INFO  [17:02:56.730] [bbotk] Evaluating 1 configuration(s)
INFO  [17:02:57.318] [bbotk] Result of batch 8:
INFO  [17:02:57.319] [bbotk]  nrounds       eta max_depth classif.ce warnings errors runtime_learners
INFO  [17:02:57.319] [bbotk]      288 0.1878976         3  0.1581028        0      0            0.553
INFO  [17:02:57.319] [bbotk]                                 uhash
INFO  [17:02:57.319] [bbotk]  894d2592-0788-4b24-8fc1-87989d393543
INFO  [17:02:57.324] [bbotk] Evaluating 1 configuration(s)
INFO  [17:02:57.717] [bbotk] Result of batch 9:
INFO  [17:02:57.717] [bbotk]  nrounds       eta max_depth classif.ce warnings errors runtime_learners
INFO  [17:02:57.717] [bbotk]      186 0.2253558         3   0.157444        0      0            0.361
INFO  [17:02:57.717] [bbotk]                                 uhash
INFO  [17:02:57.717] [bbotk]  d0d7f956-8178-46a1-96d3-222de69c1a3d
INFO  [17:02:57.722] [bbotk] Evaluating 1 configuration(s)
INFO  [17:02:58.319] [bbotk] Result of batch 10:
INFO  [17:02:58.321] [bbotk]  nrounds        eta max_depth classif.ce warnings errors runtime_learners
INFO  [17:02:58.321] [bbotk]      150 0.02588018         6  0.1495389        0      0            0.559
INFO  [17:02:58.321] [bbotk]                                 uhash
INFO  [17:02:58.321] [bbotk]  eceaba2e-bac6-4cb8-a36a-598078b7c0a5
INFO  [17:02:58.329] [bbotk] Finished optimizing after 10 evaluation(s)
INFO  [17:02:58.329] [bbotk] Result:
INFO  [17:02:58.330] [bbotk]  nrounds        eta max_depth learner_param_vals  x_domain classif.ce
INFO  [17:02:58.330] [bbotk]    <int>      <num>     <int>             <list>    <list>      <num>
INFO  [17:02:58.330] [bbotk]      150 0.02588018         6          <list[5]> <list[3]>  0.1495389
INFO  [17:02:58.635] [bbotk] Starting to optimize 3 parameter(s) with '<OptimizerBatchRandomSearch>' and '<TerminatorEvals> [n_evals=10, k=0]'
INFO  [17:02:58.655] [bbotk] Evaluating 1 configuration(s)
INFO  [17:02:59.256] [bbotk] Result of batch 1:
INFO  [17:02:59.257] [bbotk]  nrounds        eta max_depth classif.ce warnings errors runtime_learners
INFO  [17:02:59.257] [bbotk]      181 0.05681042         5  0.1428707        0      0             0.56
INFO  [17:02:59.257] [bbotk]                                 uhash
INFO  [17:02:59.257] [bbotk]  c96a6f11-7447-47d5-a092-7ac317d96ea0
INFO  [17:02:59.261] [bbotk] Evaluating 1 configuration(s)
INFO  [17:02:59.832] [bbotk] Result of batch 2:
INFO  [17:02:59.832] [bbotk]  nrounds       eta max_depth classif.ce warnings errors runtime_learners
INFO  [17:02:59.832] [bbotk]      118 0.1007388         7   0.144847        0      0            0.538
INFO  [17:02:59.832] [bbotk]                                 uhash
INFO  [17:02:59.832] [bbotk]  9165d435-66bb-4548-9cdd-4a75aca13504
INFO  [17:02:59.838] [bbotk] Evaluating 1 configuration(s)
INFO  [17:03:00.257] [bbotk] Result of batch 3:
INFO  [17:03:00.258] [bbotk]  nrounds        eta max_depth classif.ce warnings errors runtime_learners
INFO  [17:03:00.258] [bbotk]       99 0.07653586         6  0.1441921        0      0            0.375
INFO  [17:03:00.258] [bbotk]                                 uhash
INFO  [17:03:00.258] [bbotk]  1e6be504-358b-4d42-8ac0-f35701999d3a
INFO  [17:03:00.265] [bbotk] Evaluating 1 configuration(s)
INFO  [17:03:00.824] [bbotk] Result of batch 4:
INFO  [17:03:00.825] [bbotk]  nrounds        eta max_depth classif.ce warnings errors runtime_learners
INFO  [17:03:00.825] [bbotk]      104 0.01074715         8  0.1507641        0      0            0.507
INFO  [17:03:00.825] [bbotk]                                 uhash
INFO  [17:03:00.825] [bbotk]  3a5258ee-7f09-4ee8-a6c7-32228cc21429
INFO  [17:03:00.830] [bbotk] Evaluating 1 configuration(s)
INFO  [17:03:01.139] [bbotk] Result of batch 5:
INFO  [17:03:01.140] [bbotk]  nrounds       eta max_depth classif.ce warnings errors runtime_learners
INFO  [17:03:01.140] [bbotk]      102 0.1757071         4  0.1395795        0      0            0.253
INFO  [17:03:01.140] [bbotk]                                 uhash
INFO  [17:03:01.140] [bbotk]  4d11f5bc-e0a1-4fc8-91d5-024fa21bbe26
INFO  [17:03:01.146] [bbotk] Evaluating 1 configuration(s)
INFO  [17:03:01.685] [bbotk] Result of batch 6:
INFO  [17:03:01.686] [bbotk]  nrounds       eta max_depth classif.ce warnings errors runtime_learners
INFO  [17:03:01.686] [bbotk]      165 0.2756188         5  0.1455083        0      0              0.5
INFO  [17:03:01.686] [bbotk]                                 uhash
INFO  [17:03:01.686] [bbotk]  16027b74-942b-4ed3-ad69-62448a3ac0c6
INFO  [17:03:01.689] [bbotk] Evaluating 1 configuration(s)
INFO  [17:03:02.037] [bbotk] Result of batch 7:
INFO  [17:03:02.038] [bbotk]  nrounds      eta max_depth classif.ce warnings errors runtime_learners
INFO  [17:03:02.038] [bbotk]      100 0.144035         5  0.1402369        0      0            0.312
INFO  [17:03:02.038] [bbotk]                                 uhash
INFO  [17:03:02.038] [bbotk]  aebc9ca0-e76e-44dc-bfd4-ce22b3f26059
INFO  [17:03:02.100] [bbotk] Evaluating 1 configuration(s)
INFO  [17:03:02.688] [bbotk] Result of batch 8:
INFO  [17:03:02.689] [bbotk]  nrounds       eta max_depth classif.ce warnings errors runtime_learners
INFO  [17:03:02.689] [bbotk]      145 0.1183666         6  0.1435295        0      0            0.551
INFO  [17:03:02.689] [bbotk]                                 uhash
INFO  [17:03:02.689] [bbotk]  22fc7439-84c5-48c8-9bcf-515ab896dde7
INFO  [17:03:02.693] [bbotk] Evaluating 1 configuration(s)
INFO  [17:03:03.201] [bbotk] Result of batch 9:
INFO  [17:03:03.202] [bbotk]  nrounds       eta max_depth classif.ce warnings errors runtime_learners
INFO  [17:03:03.202] [bbotk]       84 0.1549498        10  0.1415545        0      0            0.471
INFO  [17:03:03.202] [bbotk]                                 uhash
INFO  [17:03:03.202] [bbotk]  12114468-d1b9-4342-be5e-0e012ffd740c
INFO  [17:03:03.210] [bbotk] Evaluating 1 configuration(s)
INFO  [17:03:03.595] [bbotk] Result of batch 10:
INFO  [17:03:03.597] [bbotk]  nrounds       eta max_depth classif.ce warnings errors runtime_learners
INFO  [17:03:03.597] [bbotk]      258 0.1190032         2  0.1362883        0      0             0.35
INFO  [17:03:03.597] [bbotk]                                 uhash
INFO  [17:03:03.597] [bbotk]  b0184f1c-4214-4dc6-bcef-c01c8accb4b3
INFO  [17:03:03.606] [bbotk] Finished optimizing after 10 evaluation(s)
INFO  [17:03:03.606] [bbotk] Result:
INFO  [17:03:03.607] [bbotk]  nrounds       eta max_depth learner_param_vals  x_domain classif.ce
INFO  [17:03:03.607] [bbotk]    <int>     <num>     <int>             <list>    <list>      <num>
INFO  [17:03:03.607] [bbotk]      258 0.1190032         2          <list[5]> <list[3]>  0.1362883
INFO  [17:03:03.819] [bbotk] Starting to optimize 3 parameter(s) with '<OptimizerBatchRandomSearch>' and '<TerminatorEvals> [n_evals=10, k=0]'
INFO  [17:03:03.838] [bbotk] Evaluating 1 configuration(s)
INFO  [17:03:04.068] [bbotk] Result of batch 1:
INFO  [17:03:04.070] [bbotk]  nrounds       eta max_depth classif.ce warnings errors runtime_learners
INFO  [17:03:04.070] [bbotk]       62 0.1069428         5  0.1454798        0      0            0.194
INFO  [17:03:04.070] [bbotk]                                 uhash
INFO  [17:03:04.070] [bbotk]  dfbbb20d-d398-4ab9-8b8d-dffbb42b329f
INFO  [17:03:04.074] [bbotk] Evaluating 1 configuration(s)
INFO  [17:03:05.439] [bbotk] Result of batch 2:
INFO  [17:03:05.441] [bbotk]  nrounds        eta max_depth classif.ce warnings errors runtime_learners
INFO  [17:03:05.441] [bbotk]      232 0.01715962        10  0.1421963        0      0            1.324
INFO  [17:03:05.441] [bbotk]                                 uhash
INFO  [17:03:05.441] [bbotk]  587865ff-8d65-4a79-acbc-13bc0dcbfb3b
INFO  [17:03:05.451] [bbotk] Evaluating 1 configuration(s)
INFO  [17:03:05.738] [bbotk] Result of batch 3:
INFO  [17:03:05.739] [bbotk]  nrounds        eta max_depth classif.ce warnings errors runtime_learners
INFO  [17:03:05.739] [bbotk]      161 0.05643596         2  0.1494245        0      0            0.244
INFO  [17:03:05.739] [bbotk]                                 uhash
INFO  [17:03:05.739] [bbotk]  46a127f1-f35b-4758-89c4-44250cf510ea
INFO  [17:03:05.743] [bbotk] Evaluating 1 configuration(s)
INFO  [17:03:06.308] [bbotk] Result of batch 4:
INFO  [17:03:06.309] [bbotk]  nrounds       eta max_depth classif.ce warnings errors runtime_learners
INFO  [17:03:06.309] [bbotk]      106 0.1966888         8  0.1454888        0      0            0.512
INFO  [17:03:06.309] [bbotk]                                 uhash
INFO  [17:03:06.309] [bbotk]  1a732ebb-f547-4c7e-9fcd-0b8c50c10734
INFO  [17:03:06.314] [bbotk] Evaluating 1 configuration(s)
INFO  [17:03:06.900] [bbotk] Result of batch 5:
INFO  [17:03:06.902] [bbotk]  nrounds       eta max_depth classif.ce warnings errors runtime_learners
INFO  [17:03:06.902] [bbotk]      105 0.2114233         7   0.150755        0      0            0.533
INFO  [17:03:06.902] [bbotk]                                 uhash
INFO  [17:03:06.902] [bbotk]  43dfd85d-c656-4ea4-82d1-54c047e9259b
INFO  [17:03:06.907] [bbotk] Evaluating 1 configuration(s)
INFO  [17:03:07.288] [bbotk] Result of batch 6:
INFO  [17:03:07.290] [bbotk]  nrounds       eta max_depth classif.ce warnings errors runtime_learners
INFO  [17:03:07.290] [bbotk]       52 0.1523905        10  0.1468012        0      0            0.343
INFO  [17:03:07.290] [bbotk]                                 uhash
INFO  [17:03:07.290] [bbotk]  5fb1e062-87ed-48a8-8641-1d2706f1ef72
INFO  [17:03:07.300] [bbotk] Evaluating 1 configuration(s)
INFO  [17:03:07.541] [bbotk] Result of batch 7:
INFO  [17:03:07.543] [bbotk]  nrounds       eta max_depth classif.ce warnings errors runtime_learners
INFO  [17:03:07.543] [bbotk]       86 0.1369862         3  0.1527196        0      0              0.2
INFO  [17:03:07.543] [bbotk]                                 uhash
INFO  [17:03:07.543] [bbotk]  db29aa69-2da6-411c-815e-34c626a60ff3
INFO  [17:03:07.553] [bbotk] Evaluating 1 configuration(s)
INFO  [17:03:08.041] [bbotk] Result of batch 8:
INFO  [17:03:08.043] [bbotk]  nrounds       eta max_depth classif.ce warnings errors runtime_learners
INFO  [17:03:08.043] [bbotk]      107 0.2970924         7  0.1487788        0      0            0.453
INFO  [17:03:08.043] [bbotk]                                 uhash
INFO  [17:03:08.043] [bbotk]  37274b08-0046-4a90-aa42-2806bc1db43e
INFO  [17:03:08.051] [bbotk] Evaluating 1 configuration(s)
INFO  [17:03:08.962] [bbotk] Result of batch 9:
INFO  [17:03:08.963] [bbotk]  nrounds       eta max_depth classif.ce warnings errors runtime_learners
INFO  [17:03:08.963] [bbotk]      209 0.2734712         7  0.1553638        0      0             0.87
INFO  [17:03:08.963] [bbotk]                                 uhash
INFO  [17:03:08.963] [bbotk]  34138ad4-88ce-461c-981b-de1f3a1944b2
INFO  [17:03:08.967] [bbotk] Evaluating 1 configuration(s)
INFO  [17:03:09.689] [bbotk] Result of batch 10:
INFO  [17:03:09.691] [bbotk]  nrounds       eta max_depth classif.ce warnings errors runtime_learners
INFO  [17:03:09.691] [bbotk]      138 0.1824845         7  0.1500911        0      0            0.671
INFO  [17:03:09.691] [bbotk]                                 uhash
INFO  [17:03:09.691] [bbotk]  ff487748-87bc-4dbd-94f9-0e2ba44bbf83
INFO  [17:03:09.716] [bbotk] Finished optimizing after 10 evaluation(s)
INFO  [17:03:09.716] [bbotk] Result:
INFO  [17:03:09.718] [bbotk]  nrounds        eta max_depth learner_param_vals  x_domain classif.ce
INFO  [17:03:09.718] [bbotk]    <int>      <num>     <int>             <list>    <list>      <num>
INFO  [17:03:09.718] [bbotk]      232 0.01715962        10          <list[5]> <list[3]>  0.1421963

### [bt]: Job terminated successfully [batchtools job.id=1837]
### [bt]: Starting job [batchtools job.id=1838]
### [bt]: Generating problem instance for problem '42e9f2146ba77696' ...
### [bt]: Applying algorithm 'run_learner' on problem '42e9f2146ba77696' for job 1838 (seed = 1839) ...
INFO  [17:03:10.537] [mlr3] Applying learner 'classif.xgboost.tuned_calib.oof_platt' on task 'kc1' (iter 8/10)
INFO  [17:03:10.601] [bbotk] Starting to optimize 3 parameter(s) with '<OptimizerBatchRandomSearch>' and '<TerminatorEvals> [n_evals=10, k=0]'
INFO  [17:03:10.623] [bbotk] Evaluating 1 configuration(s)
INFO  [17:03:11.155] [bbotk] Result of batch 1:
INFO  [17:03:11.157] [bbotk]  nrounds       eta max_depth classif.ce warnings errors runtime_learners
INFO  [17:03:11.157] [bbotk]       87 0.1208994        10  0.1581028        0      0            0.492
INFO  [17:03:11.157] [bbotk]                                 uhash
INFO  [17:03:11.157] [bbotk]  19b2ea39-7b79-4544-a30a-9ce6eb525a31
INFO  [17:03:11.168] [bbotk] Evaluating 1 configuration(s)
INFO  [17:03:11.729] [bbotk] Result of batch 2:
INFO  [17:03:11.730] [bbotk]  nrounds        eta max_depth classif.ce warnings errors runtime_learners
INFO  [17:03:11.730] [bbotk]      183 0.06255673         4  0.1567852        0      0            0.522
INFO  [17:03:11.730] [bbotk]                                 uhash
INFO  [17:03:11.730] [bbotk]  828275f6-5c9e-431d-b1d6-6f7c751bec76
INFO  [17:03:11.736] [bbotk] Evaluating 1 configuration(s)
INFO  [17:03:12.329] [bbotk] Result of batch 3:
INFO  [17:03:12.330] [bbotk]  nrounds        eta max_depth classif.ce warnings errors runtime_learners
INFO  [17:03:12.330] [bbotk]      279 0.01272014         3  0.1528327        0      0            0.556
INFO  [17:03:12.330] [bbotk]                                 uhash
INFO  [17:03:12.330] [bbotk]  c04c7e9d-35b7-44ce-97e7-d079e7b75239
INFO  [17:03:12.336] [bbotk] Evaluating 1 configuration(s)
INFO  [17:03:13.561] [bbotk] Result of batch 4:
INFO  [17:03:13.564] [bbotk]  nrounds       eta max_depth classif.ce warnings errors runtime_learners
INFO  [17:03:13.564] [bbotk]      233 0.2067692         8  0.1620553        0      0            1.161
INFO  [17:03:13.564] [bbotk]                                 uhash
INFO  [17:03:13.564] [bbotk]  216c9484-7775-4edc-8ae6-c88dbe708b80
INFO  [17:03:13.573] [bbotk] Evaluating 1 configuration(s)
INFO  [17:03:14.671] [bbotk] Result of batch 5:
INFO  [17:03:14.673] [bbotk]  nrounds        eta max_depth classif.ce warnings errors runtime_learners
INFO  [17:03:14.673] [bbotk]      185 0.09433563         9  0.1660079        0      0             1.04
INFO  [17:03:14.673] [bbotk]                                 uhash
INFO  [17:03:14.673] [bbotk]  bd1f8bd4-35e1-4e74-a955-61a1180fd57e
INFO  [17:03:14.681] [bbotk] Evaluating 1 configuration(s)
INFO  [17:03:15.178] [bbotk] Result of batch 6:
INFO  [17:03:15.180] [bbotk]  nrounds       eta max_depth classif.ce warnings errors runtime_learners
INFO  [17:03:15.180] [bbotk]      129 0.1985027         5  0.1600791        0      0            0.459
INFO  [17:03:15.180] [bbotk]                                 uhash
INFO  [17:03:15.180] [bbotk]  72fb69ac-2128-4972-b95a-c46f2cb17811
INFO  [17:03:15.195] [bbotk] Evaluating 1 configuration(s)
INFO  [17:03:15.867] [bbotk] Result of batch 7:
INFO  [17:03:15.868] [bbotk]  nrounds      eta max_depth classif.ce warnings errors runtime_learners
INFO  [17:03:15.868] [bbotk]      121 0.196389         8  0.1633729        0      0            0.629
INFO  [17:03:15.868] [bbotk]                                 uhash
INFO  [17:03:15.868] [bbotk]  c052e6ee-cfd4-4f79-b58a-7d72751c9c18
INFO  [17:03:15.872] [bbotk] Evaluating 1 configuration(s)
INFO  [17:03:16.315] [bbotk] Result of batch 8:
INFO  [17:03:16.317] [bbotk]  nrounds       eta max_depth classif.ce warnings errors runtime_learners
INFO  [17:03:16.317] [bbotk]       79 0.2015768         7  0.1613966        0      0            0.393
INFO  [17:03:16.317] [bbotk]                                 uhash
INFO  [17:03:16.317] [bbotk]  79c2886b-f656-44ad-a371-d1c3a4a8bf32
INFO  [17:03:16.324] [bbotk] Evaluating 1 configuration(s)
INFO  [17:03:17.789] [bbotk] Result of batch 9:
INFO  [17:03:17.790] [bbotk]  nrounds       eta max_depth classif.ce warnings errors runtime_learners
INFO  [17:03:17.790] [bbotk]      255 0.2228553        10  0.1646904        0      0             1.41
INFO  [17:03:17.790] [bbotk]                                 uhash
INFO  [17:03:17.790] [bbotk]  aa40cf3a-00fc-4ca3-9882-cb371c1e8087
INFO  [17:03:17.794] [bbotk] Evaluating 1 configuration(s)
INFO  [17:03:18.172] [bbotk] Result of batch 10:
INFO  [17:03:18.174] [bbotk]  nrounds       eta max_depth classif.ce warnings errors runtime_learners
INFO  [17:03:18.174] [bbotk]       79 0.1537434         6  0.1653491        0      0            0.341
INFO  [17:03:18.174] [bbotk]                                 uhash
INFO  [17:03:18.174] [bbotk]  9ed3fbb7-f7e0-4926-9982-72382c2b505c
INFO  [17:03:18.186] [bbotk] Finished optimizing after 10 evaluation(s)
INFO  [17:03:18.186] [bbotk] Result:
INFO  [17:03:18.187] [bbotk]  nrounds        eta max_depth learner_param_vals  x_domain classif.ce
INFO  [17:03:18.187] [bbotk]    <int>      <num>     <int>             <list>    <list>      <num>
INFO  [17:03:18.187] [bbotk]      279 0.01272014         3          <list[5]> <list[3]>  0.1528327
INFO  [17:03:18.458] [bbotk] Starting to optimize 3 parameter(s) with '<OptimizerBatchRandomSearch>' and '<TerminatorEvals> [n_evals=10, k=0]'
INFO  [17:03:18.483] [bbotk] Evaluating 1 configuration(s)
INFO  [17:03:18.988] [bbotk] Result of batch 1:
INFO  [17:03:18.989] [bbotk]  nrounds       eta max_depth classif.ce warnings errors runtime_learners
INFO  [17:03:18.989] [bbotk]      111 0.2171878         7  0.1534914        0      0            0.468
INFO  [17:03:18.989] [bbotk]                                 uhash
INFO  [17:03:18.989] [bbotk]  520eba57-ab9e-4225-b25c-6208d1e4a9d2
INFO  [17:03:18.993] [bbotk] Evaluating 1 configuration(s)
INFO  [17:03:19.528] [bbotk] Result of batch 2:
INFO  [17:03:19.530] [bbotk]  nrounds       eta max_depth classif.ce warnings errors runtime_learners
INFO  [17:03:19.530] [bbotk]      107 0.2395777         7  0.1567852        0      0            0.501
INFO  [17:03:19.530] [bbotk]                                 uhash
INFO  [17:03:19.530] [bbotk]  6c876321-1122-48ad-872b-624e8ee4859f
INFO  [17:03:19.538] [bbotk] Evaluating 1 configuration(s)
INFO  [17:03:19.870] [bbotk] Result of batch 3:
INFO  [17:03:19.872] [bbotk]  nrounds       eta max_depth classif.ce warnings errors runtime_learners
INFO  [17:03:19.872] [bbotk]       61 0.2194744         8  0.1567852        0      0            0.287
INFO  [17:03:19.872] [bbotk]                                 uhash
INFO  [17:03:19.872] [bbotk]  6ecc7dc3-ad7b-4f26-ac79-e20d50983e1f
INFO  [17:03:19.880] [bbotk] Evaluating 1 configuration(s)
INFO  [17:03:20.539] [bbotk] Result of batch 4:
INFO  [17:03:20.541] [bbotk]  nrounds       eta max_depth classif.ce warnings errors runtime_learners
INFO  [17:03:20.541] [bbotk]      240 0.2328987         4  0.1607378        0      0            0.607
INFO  [17:03:20.541] [bbotk]                                 uhash
INFO  [17:03:20.541] [bbotk]  f5690df4-a9a8-4a89-8b00-ff911cfba38d
INFO  [17:03:20.548] [bbotk] Evaluating 1 configuration(s)
INFO  [17:03:21.521] [bbotk] Result of batch 5:
INFO  [17:03:21.523] [bbotk]  nrounds       eta max_depth classif.ce warnings errors runtime_learners
INFO  [17:03:21.523] [bbotk]      240 0.2655169         6   0.154809        0      0            0.924
INFO  [17:03:21.523] [bbotk]                                 uhash
INFO  [17:03:21.523] [bbotk]  c65916f4-81fb-4f34-a4b5-c1db7871dd5f
INFO  [17:03:21.531] [bbotk] Evaluating 1 configuration(s)
INFO  [17:03:22.115] [bbotk] Result of batch 6:
INFO  [17:03:22.116] [bbotk]  nrounds       eta max_depth classif.ce warnings errors runtime_learners
INFO  [17:03:22.116] [bbotk]      165 0.1295736         5  0.1521739        0      0            0.543
INFO  [17:03:22.116] [bbotk]                                 uhash
INFO  [17:03:22.116] [bbotk]  9ac82f08-9757-4025-a332-b8f602cca849
INFO  [17:03:22.126] [bbotk] Evaluating 1 configuration(s)
INFO  [17:03:22.390] [bbotk] Result of batch 7:
INFO  [17:03:22.391] [bbotk]  nrounds        eta max_depth classif.ce warnings errors runtime_learners
INFO  [17:03:22.391] [bbotk]      108 0.01857238         3  0.1455863        0      0            0.225
INFO  [17:03:22.391] [bbotk]                                 uhash
INFO  [17:03:22.391] [bbotk]  49e198e8-4935-4568-b190-33f1c0bf0bac
INFO  [17:03:22.395] [bbotk] Evaluating 1 configuration(s)
INFO  [17:03:22.871] [bbotk] Result of batch 8:
INFO  [17:03:22.872] [bbotk]  nrounds      eta max_depth classif.ce warnings errors runtime_learners
INFO  [17:03:22.872] [bbotk]      213 0.281612         3   0.154809        0      0            0.428
INFO  [17:03:22.872] [bbotk]                                 uhash
INFO  [17:03:22.872] [bbotk]  627bcd34-8d7c-4c72-a07a-959f1320b801
INFO  [17:03:22.876] [bbotk] Evaluating 1 configuration(s)
INFO  [17:03:23.215] [bbotk] Result of batch 9:
INFO  [17:03:23.217] [bbotk]  nrounds       eta max_depth classif.ce warnings errors runtime_learners
INFO  [17:03:23.217] [bbotk]      197 0.2574144         2  0.1515152        0      0            0.297
INFO  [17:03:23.217] [bbotk]                                 uhash
INFO  [17:03:23.217] [bbotk]  57cbca69-b2c5-4d70-8a30-b12acfb346f4
INFO  [17:03:23.229] [bbotk] Evaluating 1 configuration(s)
INFO  [17:03:24.330] [bbotk] Result of batch 10:
INFO  [17:03:24.332] [bbotk]  nrounds        eta max_depth classif.ce warnings errors runtime_learners
INFO  [17:03:24.332] [bbotk]      234 0.07212434         7  0.1521739        0      0            1.054
INFO  [17:03:24.332] [bbotk]                                 uhash
INFO  [17:03:24.332] [bbotk]  3f8c2b86-023c-4105-a166-c0a0d6730222
INFO  [17:03:24.349] [bbotk] Finished optimizing after 10 evaluation(s)
INFO  [17:03:24.349] [bbotk] Result:
INFO  [17:03:24.350] [bbotk]  nrounds        eta max_depth learner_param_vals  x_domain classif.ce
INFO  [17:03:24.350] [bbotk]    <int>      <num>     <int>             <list>    <list>      <num>
INFO  [17:03:24.350] [bbotk]      108 0.01857238         3          <list[5]> <list[3]>  0.1455863
INFO  [17:03:24.496] [bbotk] Starting to optimize 3 parameter(s) with '<OptimizerBatchRandomSearch>' and '<TerminatorEvals> [n_evals=10, k=0]'
INFO  [17:03:24.515] [bbotk] Evaluating 1 configuration(s)
INFO  [17:03:25.782] [bbotk] Result of batch 1:
INFO  [17:03:25.782] [bbotk]  nrounds       eta max_depth classif.ce warnings errors runtime_learners
INFO  [17:03:25.782] [bbotk]      209 0.1258438        10  0.1627141        0      0            1.218
INFO  [17:03:25.782] [bbotk]                                 uhash
INFO  [17:03:25.782] [bbotk]  d02df7f8-d907-40c9-9957-9369022e54cb
INFO  [17:03:25.788] [bbotk] Evaluating 1 configuration(s)
INFO  [17:03:25.976] [bbotk] Result of batch 2:
INFO  [17:03:25.978] [bbotk]  nrounds        eta max_depth classif.ce warnings errors runtime_learners
INFO  [17:03:25.978] [bbotk]       74 0.02152819         3  0.1462451        0      0             0.14
INFO  [17:03:25.978] [bbotk]                                 uhash
INFO  [17:03:25.978] [bbotk]  c2a92be3-9aa0-488d-b51a-d36e44fb566d
INFO  [17:03:25.982] [bbotk] Evaluating 1 configuration(s)
INFO  [17:03:26.625] [bbotk] Result of batch 3:
INFO  [17:03:26.626] [bbotk]  nrounds       eta max_depth classif.ce warnings errors runtime_learners
INFO  [17:03:26.626] [bbotk]      232 0.1183288         4   0.154809        0      0            0.599
INFO  [17:03:26.626] [bbotk]                                 uhash
INFO  [17:03:26.626] [bbotk]  42afb5c0-f41f-499b-b410-ec881875b82d
INFO  [17:03:26.630] [bbotk] Evaluating 1 configuration(s)
INFO  [17:03:26.920] [bbotk] Result of batch 4:
INFO  [17:03:26.923] [bbotk]  nrounds        eta max_depth classif.ce warnings errors runtime_learners
INFO  [17:03:26.923] [bbotk]      113 0.01430833         3  0.1455863        0      0            0.232
INFO  [17:03:26.923] [bbotk]                                 uhash
INFO  [17:03:26.923] [bbotk]  2304aad1-39c4-465b-8f50-4dbea4d3996c
INFO  [17:03:26.928] [bbotk] Evaluating 1 configuration(s)
INFO  [17:03:27.999] [bbotk] Result of batch 5:
INFO  [17:03:28.000] [bbotk]  nrounds      eta max_depth classif.ce warnings errors runtime_learners
INFO  [17:03:28.000] [bbotk]      221 0.243755         8  0.1620553        0      0            1.039
INFO  [17:03:28.000] [bbotk]                                 uhash
INFO  [17:03:28.000] [bbotk]  4fd1437d-e35b-4d58-8cf9-ce488737eb94
INFO  [17:03:28.004] [bbotk] Evaluating 1 configuration(s)
INFO  [17:03:28.598] [bbotk] Result of batch 6:
INFO  [17:03:28.600] [bbotk]  nrounds       eta max_depth classif.ce warnings errors runtime_learners
INFO  [17:03:28.600] [bbotk]      203 0.1764306         4  0.1600791        0      0            0.561
INFO  [17:03:28.600] [bbotk]                                 uhash
INFO  [17:03:28.600] [bbotk]  aade23a7-b063-4910-bae0-db9469bb4283
INFO  [17:03:28.608] [bbotk] Evaluating 1 configuration(s)
INFO  [17:03:29.443] [bbotk] Result of batch 7:
INFO  [17:03:29.445] [bbotk]  nrounds       eta max_depth classif.ce warnings errors runtime_learners
INFO  [17:03:29.445] [bbotk]      178 0.2212348         7  0.1600791        0      0            0.794
INFO  [17:03:29.445] [bbotk]                                 uhash
INFO  [17:03:29.445] [bbotk]  f62274d0-dcd5-4f0e-b9ff-7730ced24e73
INFO  [17:03:29.452] [bbotk] Evaluating 1 configuration(s)
INFO  [17:03:30.444] [bbotk] Result of batch 8:
INFO  [17:03:30.446] [bbotk]  nrounds        eta max_depth classif.ce warnings errors runtime_learners
INFO  [17:03:30.446] [bbotk]      279 0.02441559         5  0.1462451        0      0            0.945
INFO  [17:03:30.446] [bbotk]                                 uhash
INFO  [17:03:30.446] [bbotk]  fbddf143-df62-40e5-a080-8869e62f45eb
INFO  [17:03:30.455] [bbotk] Evaluating 1 configuration(s)
INFO  [17:03:30.889] [bbotk] Result of batch 9:
INFO  [17:03:30.889] [bbotk]  nrounds       eta max_depth classif.ce warnings errors runtime_learners
INFO  [17:03:30.889] [bbotk]       65 0.1084637         9  0.1587615        0      0            0.383
INFO  [17:03:30.889] [bbotk]                                 uhash
INFO  [17:03:30.889] [bbotk]  b5ad7102-2220-4db1-a6ef-2c032da429ac
INFO  [17:03:30.894] [bbotk] Evaluating 1 configuration(s)
INFO  [17:03:32.253] [bbotk] Result of batch 10:
INFO  [17:03:32.254] [bbotk]  nrounds        eta max_depth classif.ce warnings errors runtime_learners
INFO  [17:03:32.254] [bbotk]      257 0.08853994         8  0.1561265        0      0            1.311
INFO  [17:03:32.254] [bbotk]                                 uhash
INFO  [17:03:32.254] [bbotk]  ca80bdf4-3243-4606-8733-07f127b5cb1c
INFO  [17:03:32.268] [bbotk] Finished optimizing after 10 evaluation(s)
INFO  [17:03:32.268] [bbotk] Result:
INFO  [17:03:32.269] [bbotk]  nrounds        eta max_depth learner_param_vals  x_domain classif.ce
INFO  [17:03:32.269] [bbotk]    <int>      <num>     <int>             <list>    <list>      <num>
INFO  [17:03:32.269] [bbotk]      113 0.01430833         3          <list[5]> <list[3]>  0.1455863
INFO  [17:03:32.418] [bbotk] Starting to optimize 3 parameter(s) with '<OptimizerBatchRandomSearch>' and '<TerminatorEvals> [n_evals=10, k=0]'
INFO  [17:03:32.445] [bbotk] Evaluating 1 configuration(s)
INFO  [17:03:33.084] [bbotk] Result of batch 1:
INFO  [17:03:33.085] [bbotk]  nrounds        eta max_depth classif.ce warnings errors runtime_learners
INFO  [17:03:33.085] [bbotk]      159 0.07583725         6  0.1448249        0      0            0.602
INFO  [17:03:33.085] [bbotk]                                 uhash
INFO  [17:03:33.085] [bbotk]  660e5d83-59e3-4c71-b313-375c28a476b6
INFO  [17:03:33.090] [bbotk] Evaluating 1 configuration(s)
INFO  [17:03:34.723] [bbotk] Result of batch 2:
INFO  [17:03:34.725] [bbotk]  nrounds       eta max_depth classif.ce warnings errors runtime_learners
INFO  [17:03:34.725] [bbotk]      298 0.1990201        10    0.13956        0      0            1.584
INFO  [17:03:34.725] [bbotk]                                 uhash
INFO  [17:03:34.725] [bbotk]  a6f74e51-34f1-44bb-941c-4ab3cc61efcc
INFO  [17:03:34.733] [bbotk] Evaluating 1 configuration(s)
INFO  [17:03:35.042] [bbotk] Result of batch 3:
INFO  [17:03:35.043] [bbotk]  nrounds       eta max_depth classif.ce warnings errors runtime_learners
INFO  [17:03:35.043] [bbotk]      156 0.2947855         3  0.1435061        0      0            0.282
INFO  [17:03:35.043] [bbotk]                                 uhash
INFO  [17:03:35.043] [bbotk]  59f34231-2ba4-42b7-ba37-a855f06891f4
INFO  [17:03:35.049] [bbotk] Evaluating 1 configuration(s)
INFO  [17:03:36.183] [bbotk] Result of batch 4:
INFO  [17:03:36.184] [bbotk]  nrounds       eta max_depth classif.ce warnings errors runtime_learners
INFO  [17:03:36.184] [bbotk]      234 0.1411495         7  0.1435035        0      0            1.089
INFO  [17:03:36.184] [bbotk]                                 uhash
INFO  [17:03:36.184] [bbotk]  4777943b-9d13-4914-a7a6-b759c8f6999b
INFO  [17:03:36.188] [bbotk] Evaluating 1 configuration(s)
INFO  [17:03:36.510] [bbotk] Result of batch 5:
INFO  [17:03:36.512] [bbotk]  nrounds       eta max_depth classif.ce warnings errors runtime_learners
INFO  [17:03:36.512] [bbotk]      193 0.1320949         2  0.1408775        0      0            0.285
INFO  [17:03:36.512] [bbotk]                                 uhash
INFO  [17:03:36.512] [bbotk]  2a2f1cf2-c032-47c0-b081-9766944749dc
INFO  [17:03:36.524] [bbotk] Evaluating 1 configuration(s)
INFO  [17:03:36.856] [bbotk] Result of batch 6:
INFO  [17:03:36.857] [bbotk]  nrounds      eta max_depth classif.ce warnings errors runtime_learners
INFO  [17:03:36.857] [bbotk]      142 0.294247         3  0.1454824        0      0            0.289
INFO  [17:03:36.857] [bbotk]                                 uhash
INFO  [17:03:36.857] [bbotk]  7ad16d20-e412-46d0-a2f3-5f6b6d6a1191
INFO  [17:03:36.861] [bbotk] Evaluating 1 configuration(s)
INFO  [17:03:37.291] [bbotk] Result of batch 7:
INFO  [17:03:37.292] [bbotk]  nrounds        eta max_depth classif.ce warnings errors runtime_learners
INFO  [17:03:37.292] [bbotk]      126 0.03058912         5  0.1402201        0      0             0.39
INFO  [17:03:37.292] [bbotk]                                 uhash
INFO  [17:03:37.292] [bbotk]  520cf0e1-6725-408e-936a-5ac561709736
INFO  [17:03:37.302] [bbotk] Evaluating 1 configuration(s)
INFO  [17:03:37.446] [bbotk] Result of batch 8:
INFO  [17:03:37.447] [bbotk]  nrounds       eta max_depth classif.ce warnings errors runtime_learners
INFO  [17:03:37.447] [bbotk]       62 0.2035248         2  0.1369301        0      0            0.106
INFO  [17:03:37.447] [bbotk]                                 uhash
INFO  [17:03:37.447] [bbotk]  ec709ba2-281c-4e08-a093-393794092a84
INFO  [17:03:37.456] [bbotk] Evaluating 1 configuration(s)
INFO  [17:03:38.364] [bbotk] Result of batch 9:
INFO  [17:03:38.367] [bbotk]  nrounds        eta max_depth classif.ce warnings errors runtime_learners
INFO  [17:03:38.367] [bbotk]      181 0.09868932         8  0.1454837        0      0            0.868
INFO  [17:03:38.367] [bbotk]                                 uhash
INFO  [17:03:38.367] [bbotk]  97bb1f3e-f23d-421e-9003-f0781b9870a5
INFO  [17:03:38.372] [bbotk] Evaluating 1 configuration(s)
INFO  [17:03:38.802] [bbotk] Result of batch 10:
INFO  [17:03:38.804] [bbotk]  nrounds       eta max_depth classif.ce warnings errors runtime_learners
INFO  [17:03:38.804] [bbotk]       71 0.2171168         9  0.1395548        0      0            0.394
INFO  [17:03:38.804] [bbotk]                                 uhash
INFO  [17:03:38.804] [bbotk]  d9ef4813-d565-471b-84f7-81678788b138
INFO  [17:03:38.822] [bbotk] Finished optimizing after 10 evaluation(s)
INFO  [17:03:38.823] [bbotk] Result:
INFO  [17:03:38.825] [bbotk]  nrounds       eta max_depth learner_param_vals  x_domain classif.ce
INFO  [17:03:38.825] [bbotk]    <int>     <num>     <int>             <list>    <list>      <num>
INFO  [17:03:38.825] [bbotk]       62 0.2035248         2          <list[5]> <list[3]>  0.1369301
INFO  [17:03:38.916] [bbotk] Starting to optimize 3 parameter(s) with '<OptimizerBatchRandomSearch>' and '<TerminatorEvals> [n_evals=10, k=0]'
INFO  [17:03:38.933] [bbotk] Evaluating 1 configuration(s)
INFO  [17:03:39.259] [bbotk] Result of batch 1:
INFO  [17:03:39.260] [bbotk]  nrounds        eta max_depth classif.ce warnings errors runtime_learners
INFO  [17:03:39.260] [bbotk]       65 0.03862396         6  0.1481213        0      0            0.283
INFO  [17:03:39.260] [bbotk]                                 uhash
INFO  [17:03:39.260] [bbotk]  30ee42f1-0366-418e-b795-a47c73753532
INFO  [17:03:39.267] [bbotk] Evaluating 1 configuration(s)
INFO  [17:03:40.575] [bbotk] Result of batch 2:
INFO  [17:03:40.577] [bbotk]  nrounds       eta max_depth classif.ce warnings errors runtime_learners
INFO  [17:03:40.577] [bbotk]      274 0.1723423         8  0.1612783        0      0            1.263
INFO  [17:03:40.577] [bbotk]                                 uhash
INFO  [17:03:40.577] [bbotk]  9870df4d-5e32-4486-b6d3-0e2491f95e3d
INFO  [17:03:40.582] [bbotk] Evaluating 1 configuration(s)
INFO  [17:03:40.828] [bbotk] Result of batch 3:
INFO  [17:03:40.829] [bbotk]  nrounds        eta max_depth classif.ce warnings errors runtime_learners
INFO  [17:03:40.829] [bbotk]      123 0.03661205         3  0.1441752        0      0            0.208
INFO  [17:03:40.829] [bbotk]                                 uhash
INFO  [17:03:40.829] [bbotk]  fc7ab226-bbd3-494f-a4cf-1cf38c62ee5b
INFO  [17:03:40.833] [bbotk] Evaluating 1 configuration(s)
INFO  [17:03:41.551] [bbotk] Result of batch 4:
INFO  [17:03:41.552] [bbotk]  nrounds        eta max_depth classif.ce warnings errors runtime_learners
INFO  [17:03:41.552] [bbotk]      268 0.07590691         4  0.1599673        0      0            0.669
INFO  [17:03:41.552] [bbotk]                                 uhash
INFO  [17:03:41.552] [bbotk]  5ef0921e-c7ee-44c3-b949-e2406b5bf2f9
INFO  [17:03:41.557] [bbotk] Evaluating 1 configuration(s)
INFO  [17:03:42.485] [bbotk] Result of batch 5:
INFO  [17:03:42.487] [bbotk]  nrounds       eta max_depth classif.ce warnings errors runtime_learners
INFO  [17:03:42.487] [bbotk]      283 0.2320427         5  0.1639108        0      0            0.891
INFO  [17:03:42.487] [bbotk]                                 uhash
INFO  [17:03:42.487] [bbotk]  cd609da1-f604-4cb4-83df-71de1b9c9a3e
INFO  [17:03:42.494] [bbotk] Evaluating 1 configuration(s)
INFO  [17:03:43.412] [bbotk] Result of batch 6:
INFO  [17:03:43.413] [bbotk]  nrounds       eta max_depth classif.ce warnings errors runtime_learners
INFO  [17:03:43.413] [bbotk]      242 0.2356547         6  0.1658845        0      0            0.879
INFO  [17:03:43.413] [bbotk]                                 uhash
INFO  [17:03:43.413] [bbotk]  cf3d2544-e65f-4beb-9526-debfa1282788
INFO  [17:03:43.417] [bbotk] Evaluating 1 configuration(s)
INFO  [17:03:43.846] [bbotk] Result of batch 7:
INFO  [17:03:43.848] [bbotk]  nrounds       eta max_depth classif.ce warnings errors runtime_learners
INFO  [17:03:43.848] [bbotk]       65 0.2827533         9  0.1619358        0      0            0.374
INFO  [17:03:43.848] [bbotk]                                 uhash
INFO  [17:03:43.848] [bbotk]  36bf40e4-75e0-418f-a654-0fe75d086fd2
INFO  [17:03:43.859] [bbotk] Evaluating 1 configuration(s)
INFO  [17:03:44.193] [bbotk] Result of batch 8:
INFO  [17:03:44.195] [bbotk]  nrounds        eta max_depth classif.ce warnings errors runtime_learners
INFO  [17:03:44.195] [bbotk]       72 0.01541042         5  0.1468103        0      0            0.295
INFO  [17:03:44.195] [bbotk]                                 uhash
INFO  [17:03:44.195] [bbotk]  413e3b6d-adde-4091-bf52-4a6da2f39d8b
INFO  [17:03:44.206] [bbotk] Evaluating 1 configuration(s)
INFO  [17:03:45.175] [bbotk] Result of batch 9:
INFO  [17:03:45.176] [bbotk]  nrounds        eta max_depth classif.ce warnings errors runtime_learners
INFO  [17:03:45.176] [bbotk]      268 0.01243944         5  0.1428577        0      0            0.922
INFO  [17:03:45.176] [bbotk]                                 uhash
INFO  [17:03:45.176] [bbotk]  3fd8f348-8723-498c-b529-b38481c48b54
INFO  [17:03:45.180] [bbotk] Evaluating 1 configuration(s)
INFO  [17:03:46.598] [bbotk] Result of batch 10:
INFO  [17:03:46.600] [bbotk]  nrounds        eta max_depth classif.ce warnings errors runtime_learners
INFO  [17:03:46.600] [bbotk]      279 0.05411925         8  0.1573323        0      0            1.365
INFO  [17:03:46.600] [bbotk]                                 uhash
INFO  [17:03:46.600] [bbotk]  a1fa56dc-b23b-4ba8-bf43-44f5fb40cfd3
INFO  [17:03:46.612] [bbotk] Finished optimizing after 10 evaluation(s)
INFO  [17:03:46.612] [bbotk] Result:
INFO  [17:03:46.613] [bbotk]  nrounds        eta max_depth learner_param_vals  x_domain classif.ce
INFO  [17:03:46.613] [bbotk]    <int>      <num>     <int>             <list>    <list>      <num>
INFO  [17:03:46.613] [bbotk]      268 0.01243944         5          <list[5]> <list[3]>  0.1428577

### [bt]: Job terminated successfully [batchtools job.id=1838]
### [bt]: Starting job [batchtools job.id=1839]
### [bt]: Generating problem instance for problem '42e9f2146ba77696' ...
### [bt]: Applying algorithm 'run_learner' on problem '42e9f2146ba77696' for job 1839 (seed = 1840) ...
INFO  [17:03:47.135] [mlr3] Applying learner 'classif.xgboost.tuned_calib.oof_platt' on task 'kc1' (iter 9/10)
INFO  [17:03:47.191] [bbotk] Starting to optimize 3 parameter(s) with '<OptimizerBatchRandomSearch>' and '<TerminatorEvals> [n_evals=10, k=0]'
INFO  [17:03:47.202] [bbotk] Evaluating 1 configuration(s)
INFO  [17:03:47.890] [bbotk] Result of batch 1:
INFO  [17:03:47.893] [bbotk]  nrounds       eta max_depth classif.ce warnings errors runtime_learners
INFO  [17:03:47.893] [bbotk]      167 0.1426977         6  0.1482213        0      0            0.636
INFO  [17:03:47.893] [bbotk]                                 uhash
INFO  [17:03:47.893] [bbotk]  9c78e7e6-09ff-424c-a3d4-b5acb409e37c
INFO  [17:03:47.909] [bbotk] Evaluating 1 configuration(s)
INFO  [17:03:48.443] [bbotk] Result of batch 2:
INFO  [17:03:48.445] [bbotk]  nrounds        eta max_depth classif.ce warnings errors runtime_learners
INFO  [17:03:48.445] [bbotk]      238 0.08942725         3  0.1488801        0      0            0.481
INFO  [17:03:48.445] [bbotk]                                 uhash
INFO  [17:03:48.445] [bbotk]  ee5b777e-7ffa-4969-b35c-18b330037c93
INFO  [17:03:48.456] [bbotk] Evaluating 1 configuration(s)
INFO  [17:03:49.387] [bbotk] Result of batch 3:
INFO  [17:03:49.387] [bbotk]  nrounds       eta max_depth classif.ce warnings errors runtime_learners
INFO  [17:03:49.387] [bbotk]      139 0.1018716        10  0.1534914        0      0            0.891
INFO  [17:03:49.387] [bbotk]                                 uhash
INFO  [17:03:49.387] [bbotk]  d8d41aef-d6a4-433e-8d87-7e7a94256392
INFO  [17:03:49.395] [bbotk] Evaluating 1 configuration(s)
INFO  [17:03:50.181] [bbotk] Result of batch 4:
INFO  [17:03:50.183] [bbotk]  nrounds        eta max_depth classif.ce warnings errors runtime_learners
INFO  [17:03:50.183] [bbotk]      209 0.02747854         6  0.1482213        0      0            0.728
INFO  [17:03:50.183] [bbotk]                                 uhash
INFO  [17:03:50.183] [bbotk]  10ea5288-289c-48a4-9002-f6c5657f8ec3
INFO  [17:03:50.189] [bbotk] Evaluating 1 configuration(s)
INFO  [17:03:51.566] [bbotk] Result of batch 5:
INFO  [17:03:51.567] [bbotk]  nrounds       eta max_depth classif.ce warnings errors runtime_learners
INFO  [17:03:51.567] [bbotk]      263 0.2693077        10  0.1620553        0      0            1.346
INFO  [17:03:51.567] [bbotk]                                 uhash
INFO  [17:03:51.567] [bbotk]  6b1197b6-7a5f-4299-91f1-1f06bed7e13a
INFO  [17:03:51.571] [bbotk] Evaluating 1 configuration(s)
INFO  [17:03:51.958] [bbotk] Result of batch 6:
INFO  [17:03:51.960] [bbotk]  nrounds       eta max_depth classif.ce warnings errors runtime_learners
INFO  [17:03:51.960] [bbotk]       75 0.2187593         6  0.1501976        0      0            0.306
INFO  [17:03:51.960] [bbotk]                                 uhash
INFO  [17:03:51.960] [bbotk]  686f1adb-8215-4a39-9a97-b3ea307da065
INFO  [17:03:51.967] [bbotk] Evaluating 1 configuration(s)
INFO  [17:03:52.185] [bbotk] Result of batch 7:
INFO  [17:03:52.187] [bbotk]  nrounds       eta max_depth classif.ce warnings errors runtime_learners
INFO  [17:03:52.187] [bbotk]       70 0.2112073         4  0.1515152        0      0            0.184
INFO  [17:03:52.187] [bbotk]                                 uhash
INFO  [17:03:52.187] [bbotk]  9bb196ea-d849-4dee-a4ba-eb11011a8d10
INFO  [17:03:52.198] [bbotk] Evaluating 1 configuration(s)
INFO  [17:03:52.763] [bbotk] Result of batch 8:
INFO  [17:03:52.764] [bbotk]  nrounds        eta max_depth classif.ce warnings errors runtime_learners
INFO  [17:03:52.764] [bbotk]      156 0.08971667         5  0.1488801        0      0            0.522
INFO  [17:03:52.764] [bbotk]                                 uhash
INFO  [17:03:52.764] [bbotk]  7fb23ada-2ad8-4455-a37e-f5f775a08418
INFO  [17:03:52.768] [bbotk] Evaluating 1 configuration(s)
INFO  [17:03:53.336] [bbotk] Result of batch 9:
INFO  [17:03:53.338] [bbotk]  nrounds       eta max_depth classif.ce warnings errors runtime_learners
INFO  [17:03:53.338] [bbotk]      143 0.2520549         5  0.1528327        0      0            0.522
INFO  [17:03:53.338] [bbotk]                                 uhash
INFO  [17:03:53.338] [bbotk]  4b6fcc58-5988-48c5-9a4b-f078fae0745c
INFO  [17:03:53.347] [bbotk] Evaluating 1 configuration(s)
INFO  [17:03:54.539] [bbotk] Result of batch 10:
INFO  [17:03:54.540] [bbotk]  nrounds        eta max_depth classif.ce warnings errors runtime_learners
INFO  [17:03:54.540] [bbotk]      237 0.05190544         8  0.1469038        0      0            1.154
INFO  [17:03:54.540] [bbotk]                                 uhash
INFO  [17:03:54.540] [bbotk]  353170ae-8353-46b8-bdd0-5907a6692ec8
INFO  [17:03:54.556] [bbotk] Finished optimizing after 10 evaluation(s)
INFO  [17:03:54.557] [bbotk] Result:
INFO  [17:03:54.559] [bbotk]  nrounds        eta max_depth learner_param_vals  x_domain classif.ce
INFO  [17:03:54.559] [bbotk]    <int>      <num>     <int>             <list>    <list>      <num>
INFO  [17:03:54.559] [bbotk]      237 0.05190544         8          <list[5]> <list[3]>  0.1469038
INFO  [17:03:55.197] [bbotk] Starting to optimize 3 parameter(s) with '<OptimizerBatchRandomSearch>' and '<TerminatorEvals> [n_evals=10, k=0]'
INFO  [17:03:55.214] [bbotk] Evaluating 1 configuration(s)
INFO  [17:03:55.842] [bbotk] Result of batch 1:
INFO  [17:03:55.843] [bbotk]  nrounds       eta max_depth classif.ce warnings errors runtime_learners
INFO  [17:03:55.843] [bbotk]      103 0.1591172         9  0.1785244        0      0            0.584
INFO  [17:03:55.843] [bbotk]                                 uhash
INFO  [17:03:55.843] [bbotk]  e9d6191c-0c8a-439a-947e-e6012812f8b4
INFO  [17:03:55.847] [bbotk] Evaluating 1 configuration(s)
INFO  [17:03:56.640] [bbotk] Result of batch 2:
INFO  [17:03:56.643] [bbotk]  nrounds       eta max_depth classif.ce warnings errors runtime_learners
INFO  [17:03:56.643] [bbotk]      129 0.1730759        10  0.1732543        0      0            0.746
INFO  [17:03:56.643] [bbotk]                                 uhash
INFO  [17:03:56.643] [bbotk]  4411931a-9f36-4727-9818-aebe18b1221d
INFO  [17:03:56.648] [bbotk] Evaluating 1 configuration(s)
INFO  [17:03:57.591] [bbotk] Result of batch 3:
INFO  [17:03:57.592] [bbotk]  nrounds      eta max_depth classif.ce warnings errors runtime_learners
INFO  [17:03:57.592] [bbotk]      262 0.161841         6  0.1725955        0      0            0.911
INFO  [17:03:57.592] [bbotk]                                 uhash
INFO  [17:03:57.592] [bbotk]  df74603f-6665-470f-8ee1-d2f334f2268f
INFO  [17:03:57.599] [bbotk] Evaluating 1 configuration(s)
INFO  [17:03:58.029] [bbotk] Result of batch 4:
INFO  [17:03:58.033] [bbotk]  nrounds       eta max_depth classif.ce warnings errors runtime_learners
INFO  [17:03:58.033] [bbotk]       77 0.2392297         8  0.1745718        0      0            0.386
INFO  [17:03:58.033] [bbotk]                                 uhash
INFO  [17:03:58.033] [bbotk]  66341a21-61d6-4f3f-b4bb-9b23f609f04a
INFO  [17:03:58.042] [bbotk] Evaluating 1 configuration(s)
INFO  [17:03:58.321] [bbotk] Result of batch 5:
INFO  [17:03:58.323] [bbotk]  nrounds        eta max_depth classif.ce warnings errors runtime_learners
INFO  [17:03:58.323] [bbotk]      136 0.08272971         3  0.1581028        0      0            0.243
INFO  [17:03:58.323] [bbotk]                                 uhash
INFO  [17:03:58.323] [bbotk]  7b89a0d8-767e-439b-94a2-1f6566ae3c57
INFO  [17:03:58.329] [bbotk] Evaluating 1 configuration(s)
INFO  [17:03:58.554] [bbotk] Result of batch 6:
INFO  [17:03:58.555] [bbotk]  nrounds       eta max_depth classif.ce warnings errors runtime_learners
INFO  [17:03:58.555] [bbotk]       54 0.1648675         5  0.1633729        0      0            0.192
INFO  [17:03:58.555] [bbotk]                                 uhash
INFO  [17:03:58.555] [bbotk]  1ee44ac8-0503-4132-9d24-d3dc875fa98c
INFO  [17:03:58.562] [bbotk] Evaluating 1 configuration(s)
INFO  [17:03:59.821] [bbotk] Result of batch 7:
INFO  [17:03:59.822] [bbotk]  nrounds        eta max_depth classif.ce warnings errors runtime_learners
INFO  [17:03:59.822] [bbotk]      256 0.09942102         8  0.1745718        0      0            1.211
INFO  [17:03:59.822] [bbotk]                                 uhash
INFO  [17:03:59.822] [bbotk]  31bdb6c4-0837-4ee7-9c5a-10bdc026ca0e
INFO  [17:03:59.831] [bbotk] Evaluating 1 configuration(s)
INFO  [17:04:01.051] [bbotk] Result of batch 8:
INFO  [17:04:01.052] [bbotk]  nrounds       eta max_depth classif.ce warnings errors runtime_learners
INFO  [17:04:01.052] [bbotk]      239 0.1124747         8  0.1758893        0      0            1.168
INFO  [17:04:01.052] [bbotk]                                 uhash
INFO  [17:04:01.052] [bbotk]  0a7d80c4-f6c8-4e91-995c-ad4e81a0b71e
INFO  [17:04:01.056] [bbotk] Evaluating 1 configuration(s)
INFO  [17:04:01.338] [bbotk] Result of batch 9:
INFO  [17:04:01.339] [bbotk]  nrounds        eta max_depth classif.ce warnings errors runtime_learners
INFO  [17:04:01.339] [bbotk]      114 0.08102707         3  0.1567852        0      0             0.24
INFO  [17:04:01.339] [bbotk]                                 uhash
INFO  [17:04:01.339] [bbotk]  a043d92b-3e39-4c40-8aa3-80bea66dd5eb
INFO  [17:04:01.343] [bbotk] Evaluating 1 configuration(s)
INFO  [17:04:01.865] [bbotk] Result of batch 10:
INFO  [17:04:01.866] [bbotk]  nrounds        eta max_depth classif.ce warnings errors runtime_learners
INFO  [17:04:01.866] [bbotk]      228 0.06968726         3  0.1581028        0      0            0.479
INFO  [17:04:01.866] [bbotk]                                 uhash
INFO  [17:04:01.866] [bbotk]  e3df5be4-87ae-4875-87aa-67513bf17a5b
INFO  [17:04:01.879] [bbotk] Finished optimizing after 10 evaluation(s)
INFO  [17:04:01.880] [bbotk] Result:
INFO  [17:04:01.881] [bbotk]  nrounds        eta max_depth learner_param_vals  x_domain classif.ce
INFO  [17:04:01.881] [bbotk]    <int>      <num>     <int>             <list>    <list>      <num>
INFO  [17:04:01.881] [bbotk]      114 0.08102707         3          <list[5]> <list[3]>  0.1567852
INFO  [17:04:02.008] [bbotk] Starting to optimize 3 parameter(s) with '<OptimizerBatchRandomSearch>' and '<TerminatorEvals> [n_evals=10, k=0]'
INFO  [17:04:02.022] [bbotk] Evaluating 1 configuration(s)
INFO  [17:04:02.627] [bbotk] Result of batch 1:
INFO  [17:04:02.629] [bbotk]  nrounds        eta max_depth classif.ce warnings errors runtime_learners
INFO  [17:04:02.629] [bbotk]      125 0.01497939         7  0.1501976        0      0            0.572
INFO  [17:04:02.629] [bbotk]                                 uhash
INFO  [17:04:02.629] [bbotk]  b00f99e6-3f46-40df-b54e-f8906bf97d6e
INFO  [17:04:02.635] [bbotk] Evaluating 1 configuration(s)
INFO  [17:04:03.561] [bbotk] Result of batch 2:
INFO  [17:04:03.563] [bbotk]  nrounds       eta max_depth classif.ce warnings errors runtime_learners
INFO  [17:04:03.563] [bbotk]      280 0.2093874         5  0.1627141        0      0            0.881
INFO  [17:04:03.563] [bbotk]                                 uhash
INFO  [17:04:03.563] [bbotk]  e72ec657-298c-4e35-9408-8f669d627828
INFO  [17:04:03.572] [bbotk] Evaluating 1 configuration(s)
INFO  [17:04:03.832] [bbotk] Result of batch 3:
INFO  [17:04:03.834] [bbotk]  nrounds        eta max_depth classif.ce warnings errors runtime_learners
INFO  [17:04:03.834] [bbotk]       50 0.05564546         6  0.1541502        0      0            0.201
INFO  [17:04:03.834] [bbotk]                                 uhash
INFO  [17:04:03.834] [bbotk]  12b29ce1-8635-4d7e-a097-3de2495bc9c7
INFO  [17:04:03.839] [bbotk] Evaluating 1 configuration(s)
INFO  [17:04:04.270] [bbotk] Result of batch 4:
INFO  [17:04:04.271] [bbotk]  nrounds        eta max_depth classif.ce warnings errors runtime_learners
INFO  [17:04:04.271] [bbotk]       81 0.05174398         8  0.1449275        0      0            0.394
INFO  [17:04:04.271] [bbotk]                                 uhash
INFO  [17:04:04.271] [bbotk]  0f586108-0874-4758-99a8-b88337b9f59a
INFO  [17:04:04.279] [bbotk] Evaluating 1 configuration(s)
INFO  [17:04:05.749] [bbotk] Result of batch 5:
INFO  [17:04:05.750] [bbotk]  nrounds       eta max_depth classif.ce warnings errors runtime_learners
INFO  [17:04:05.750] [bbotk]      256 0.1401376        10  0.1600791        0      0            1.433
INFO  [17:04:05.750] [bbotk]                                 uhash
INFO  [17:04:05.750] [bbotk]  ab7b70c8-44ad-48c8-91c9-4d4359f9219f
INFO  [17:04:05.757] [bbotk] Evaluating 1 configuration(s)
INFO  [17:04:06.275] [bbotk] Result of batch 6:
INFO  [17:04:06.276] [bbotk]  nrounds        eta max_depth classif.ce warnings errors runtime_learners
INFO  [17:04:06.276] [bbotk]       91 0.01469753         9  0.1521739        0      0            0.481
INFO  [17:04:06.276] [bbotk]                                 uhash
INFO  [17:04:06.276] [bbotk]  e582f397-448b-4a2a-822f-c76952b9e791
INFO  [17:04:06.281] [bbotk] Evaluating 1 configuration(s)
INFO  [17:04:06.432] [bbotk] Result of batch 7:
INFO  [17:04:06.434] [bbotk]  nrounds        eta max_depth classif.ce warnings errors runtime_learners
INFO  [17:04:06.434] [bbotk]       58 0.01166795         3  0.1515152        0      0            0.113
INFO  [17:04:06.434] [bbotk]                                 uhash
INFO  [17:04:06.434] [bbotk]  f54eabfa-3320-4a8b-926c-7f73aeea70c5
INFO  [17:04:06.440] [bbotk] Evaluating 1 configuration(s)
INFO  [17:04:07.301] [bbotk] Result of batch 8:
INFO  [17:04:07.301] [bbotk]  nrounds       eta max_depth classif.ce warnings errors runtime_learners
INFO  [17:04:07.301] [bbotk]      160 0.1611584         9   0.154809        0      0            0.823
INFO  [17:04:07.301] [bbotk]                                 uhash
INFO  [17:04:07.301] [bbotk]  91d14df6-6fd8-4727-a810-cc0f0fd61cc4
INFO  [17:04:07.307] [bbotk] Evaluating 1 configuration(s)
INFO  [17:04:08.252] [bbotk] Result of batch 9:
INFO  [17:04:08.253] [bbotk]  nrounds       eta max_depth classif.ce warnings errors runtime_learners
INFO  [17:04:08.253] [bbotk]      209 0.1025642         7  0.1521739        0      0            0.914
INFO  [17:04:08.253] [bbotk]                                 uhash
INFO  [17:04:08.253] [bbotk]  84b60ac0-3ef1-4659-8f39-95f4b888013a
INFO  [17:04:08.257] [bbotk] Evaluating 1 configuration(s)
INFO  [17:04:08.599] [bbotk] Result of batch 10:
INFO  [17:04:08.600] [bbotk]  nrounds       eta max_depth classif.ce warnings errors runtime_learners
INFO  [17:04:08.600] [bbotk]      245 0.2835614         2  0.1501976        0      0            0.306
INFO  [17:04:08.600] [bbotk]                                 uhash
INFO  [17:04:08.600] [bbotk]  49e66937-e99d-48b4-a19c-85ef8e19987c
INFO  [17:04:08.622] [bbotk] Finished optimizing after 10 evaluation(s)
INFO  [17:04:08.623] [bbotk] Result:
INFO  [17:04:08.625] [bbotk]  nrounds        eta max_depth learner_param_vals  x_domain classif.ce
INFO  [17:04:08.625] [bbotk]    <int>      <num>     <int>             <list>    <list>      <num>
INFO  [17:04:08.625] [bbotk]       81 0.05174398         8          <list[5]> <list[3]>  0.1449275
INFO  [17:04:08.888] [bbotk] Starting to optimize 3 parameter(s) with '<OptimizerBatchRandomSearch>' and '<TerminatorEvals> [n_evals=10, k=0]'
INFO  [17:04:08.910] [bbotk] Evaluating 1 configuration(s)
INFO  [17:04:09.444] [bbotk] Result of batch 1:
INFO  [17:04:09.446] [bbotk]  nrounds        eta max_depth classif.ce warnings errors runtime_learners
INFO  [17:04:09.446] [bbotk]      263 0.08928357         3  0.1527391        0      0            0.487
INFO  [17:04:09.446] [bbotk]                                 uhash
INFO  [17:04:09.446] [bbotk]  213b7ffc-38e8-4b84-bf31-0255231512ad
INFO  [17:04:09.456] [bbotk] Evaluating 1 configuration(s)
INFO  [17:04:09.771] [bbotk] Result of batch 2:
INFO  [17:04:09.773] [bbotk]  nrounds       eta max_depth classif.ce warnings errors runtime_learners
INFO  [17:04:09.773] [bbotk]      135 0.2010346         3  0.1560316        0      0            0.272
INFO  [17:04:09.773] [bbotk]                                 uhash
INFO  [17:04:09.773] [bbotk]  7a6d8d84-e258-42c9-944b-9dd171491b32
INFO  [17:04:09.782] [bbotk] Evaluating 1 configuration(s)
INFO  [17:04:10.025] [bbotk] Result of batch 3:
INFO  [17:04:10.026] [bbotk]  nrounds       eta max_depth classif.ce warnings errors runtime_learners
INFO  [17:04:10.026] [bbotk]      127 0.1753383         2  0.1487866        0      0            0.191
INFO  [17:04:10.026] [bbotk]                                 uhash
INFO  [17:04:10.026] [bbotk]  a357bfdb-0f07-4c7d-a1a1-42c6297e75b0
INFO  [17:04:10.033] [bbotk] Evaluating 1 configuration(s)
INFO  [17:04:10.653] [bbotk] Result of batch 4:
INFO  [17:04:10.655] [bbotk]  nrounds       eta max_depth classif.ce warnings errors runtime_learners
INFO  [17:04:10.655] [bbotk]      217 0.2719911         4  0.1580053        0      0            0.573
INFO  [17:04:10.655] [bbotk]                                 uhash
INFO  [17:04:10.655] [bbotk]  18b25706-6c3c-4508-b7b4-5e10f237e835
INFO  [17:04:10.664] [bbotk] Evaluating 1 configuration(s)
INFO  [17:04:11.148] [bbotk] Result of batch 5:
INFO  [17:04:11.149] [bbotk]  nrounds       eta max_depth classif.ce warnings errors runtime_learners
INFO  [17:04:11.149] [bbotk]      108 0.1030758         7  0.1533966        0      0            0.449
INFO  [17:04:11.149] [bbotk]                                 uhash
INFO  [17:04:11.149] [bbotk]  22098413-96fe-479b-92ce-db4c9fad13c9
INFO  [17:04:11.159] [bbotk] Evaluating 1 configuration(s)
INFO  [17:04:11.523] [bbotk] Result of batch 6:
INFO  [17:04:11.524] [bbotk]  nrounds       eta max_depth classif.ce warnings errors runtime_learners
INFO  [17:04:11.524] [bbotk]       85 0.2289416         6  0.1533966        0      0            0.329
INFO  [17:04:11.524] [bbotk]                                 uhash
INFO  [17:04:11.524] [bbotk]  6f3cfee2-ac0b-4610-b3cd-ff3924e730d5
INFO  [17:04:11.528] [bbotk] Evaluating 1 configuration(s)
INFO  [17:04:12.264] [bbotk] Result of batch 7:
INFO  [17:04:12.265] [bbotk]  nrounds        eta max_depth classif.ce warnings errors runtime_learners
INFO  [17:04:12.265] [bbotk]      115 0.05507805        10  0.1619501        0      0            0.687
INFO  [17:04:12.265] [bbotk]                                 uhash
INFO  [17:04:12.265] [bbotk]  d1c1871a-71d8-44cd-abf0-2319e40cd5c1
INFO  [17:04:12.270] [bbotk] Evaluating 1 configuration(s)
INFO  [17:04:12.502] [bbotk] Result of batch 8:
INFO  [17:04:12.503] [bbotk]  nrounds       eta max_depth classif.ce warnings errors runtime_learners
INFO  [17:04:12.503] [bbotk]       60 0.1902584         4  0.1573466        0      0            0.182
INFO  [17:04:12.503] [bbotk]                                 uhash
INFO  [17:04:12.503] [bbotk]  acaeba1d-a017-4ce8-8a06-c7c8031f604c
INFO  [17:04:12.507] [bbotk] Evaluating 1 configuration(s)
INFO  [17:04:13.460] [bbotk] Result of batch 9:
INFO  [17:04:13.461] [bbotk]  nrounds       eta max_depth classif.ce warnings errors runtime_learners
INFO  [17:04:13.461] [bbotk]      263 0.2211831         6   0.157344        0      0            0.925
INFO  [17:04:13.461] [bbotk]                                 uhash
INFO  [17:04:13.461] [bbotk]  1937aa43-ccbe-425b-80ec-74418c840d64
INFO  [17:04:13.468] [bbotk] Evaluating 1 configuration(s)
INFO  [17:04:13.785] [bbotk] Result of batch 10:
INFO  [17:04:13.788] [bbotk]  nrounds       eta max_depth classif.ce warnings errors runtime_learners
INFO  [17:04:13.788] [bbotk]      106 0.2612885         4  0.1540605        0      0            0.268
INFO  [17:04:13.788] [bbotk]                                 uhash
INFO  [17:04:13.788] [bbotk]  b786be93-841d-44e4-b28e-04d2da3cec5b
INFO  [17:04:13.812] [bbotk] Finished optimizing after 10 evaluation(s)
INFO  [17:04:13.812] [bbotk] Result:
INFO  [17:04:13.813] [bbotk]  nrounds       eta max_depth learner_param_vals  x_domain classif.ce
INFO  [17:04:13.813] [bbotk]    <int>     <num>     <int>             <list>    <list>      <num>
INFO  [17:04:13.813] [bbotk]      127 0.1753383         2          <list[5]> <list[3]>  0.1487866
INFO  [17:04:13.948] [bbotk] Starting to optimize 3 parameter(s) with '<OptimizerBatchRandomSearch>' and '<TerminatorEvals> [n_evals=10, k=0]'
INFO  [17:04:13.967] [bbotk] Evaluating 1 configuration(s)
INFO  [17:04:14.269] [bbotk] Result of batch 1:
INFO  [17:04:14.271] [bbotk]  nrounds        eta max_depth classif.ce warnings errors runtime_learners
INFO  [17:04:14.271] [bbotk]       81 0.09345455         5  0.1474781        0      0            0.264
INFO  [17:04:14.271] [bbotk]                                 uhash
INFO  [17:04:14.271] [bbotk]  6fa3b2c6-9fe9-4987-a361-83b94599f3d3
INFO  [17:04:14.277] [bbotk] Evaluating 1 configuration(s)
INFO  [17:04:14.594] [bbotk] Result of batch 2:
INFO  [17:04:14.596] [bbotk]  nrounds       eta max_depth classif.ce warnings errors runtime_learners
INFO  [17:04:14.596] [bbotk]       52 0.2945308         9  0.1461567        0      0            0.288
INFO  [17:04:14.596] [bbotk]                                 uhash
INFO  [17:04:14.596] [bbotk]  18248336-c1f6-4193-8e72-88ccc89ad168
INFO  [17:04:14.605] [bbotk] Evaluating 1 configuration(s)
INFO  [17:04:15.006] [bbotk] Result of batch 3:
INFO  [17:04:15.007] [bbotk]  nrounds       eta max_depth classif.ce warnings errors runtime_learners
INFO  [17:04:15.007] [bbotk]      105 0.1035867         5  0.1448444        0      0            0.354
INFO  [17:04:15.007] [bbotk]                                 uhash
INFO  [17:04:15.007] [bbotk]  8183a51f-1951-43ad-9fed-0bc65d9762d3
INFO  [17:04:15.012] [bbotk] Evaluating 1 configuration(s)
INFO  [17:04:16.241] [bbotk] Result of batch 4:
INFO  [17:04:16.242] [bbotk]  nrounds        eta max_depth classif.ce warnings errors runtime_learners
INFO  [17:04:16.242] [bbotk]      221 0.02504413         9  0.1428668        0      0            1.178
INFO  [17:04:16.242] [bbotk]                                 uhash
INFO  [17:04:16.242] [bbotk]  c43961c7-b098-48be-a75d-6053c7ff04ed
INFO  [17:04:16.246] [bbotk] Evaluating 1 configuration(s)
INFO  [17:04:17.104] [bbotk] Result of batch 5:
INFO  [17:04:17.106] [bbotk]  nrounds       eta max_depth classif.ce warnings errors runtime_learners
INFO  [17:04:17.106] [bbotk]      199 0.2669375         6  0.1507667        0      0            0.802
INFO  [17:04:17.106] [bbotk]                                 uhash
INFO  [17:04:17.106] [bbotk]  42748252-e9c6-484f-9017-9692710d2f38
INFO  [17:04:17.117] [bbotk] Evaluating 1 configuration(s)
INFO  [17:04:18.227] [bbotk] Result of batch 6:
INFO  [17:04:18.228] [bbotk]  nrounds       eta max_depth classif.ce warnings errors runtime_learners
INFO  [17:04:18.228] [bbotk]      246 0.2133922         7  0.1527404        0      0            1.067
INFO  [17:04:18.228] [bbotk]                                 uhash
INFO  [17:04:18.228] [bbotk]  29a37051-bf10-4a14-b698-c6b9faa1c2e9
INFO  [17:04:18.233] [bbotk] Evaluating 1 configuration(s)
INFO  [17:04:18.638] [bbotk] Result of batch 7:
INFO  [17:04:18.639] [bbotk]  nrounds        eta max_depth classif.ce warnings errors runtime_learners
INFO  [17:04:18.639] [bbotk]      278 0.02234519         2  0.1362909        0      0            0.355
INFO  [17:04:18.639] [bbotk]                                 uhash
INFO  [17:04:18.639] [bbotk]  587f7d27-02ed-4ab0-9a81-8f503dd0ac7a
INFO  [17:04:18.643] [bbotk] Evaluating 1 configuration(s)
INFO  [17:04:19.023] [bbotk] Result of batch 8:
INFO  [17:04:19.025] [bbotk]  nrounds       eta max_depth classif.ce warnings errors runtime_learners
INFO  [17:04:19.025] [bbotk]      155 0.1734667         3  0.1382568        0      0            0.337
INFO  [17:04:19.025] [bbotk]                                 uhash
INFO  [17:04:19.025] [bbotk]  c240da29-c0cb-4af5-b01f-8628d20d2ace
INFO  [17:04:19.038] [bbotk] Evaluating 1 configuration(s)
INFO  [17:04:19.429] [bbotk] Result of batch 9:
INFO  [17:04:19.430] [bbotk]  nrounds       eta max_depth classif.ce warnings errors runtime_learners
INFO  [17:04:19.430] [bbotk]      243 0.1008508         2  0.1408996        0      0            0.351
INFO  [17:04:19.430] [bbotk]                                 uhash
INFO  [17:04:19.430] [bbotk]  5d2ad51c-a770-47a1-a620-aa32e31559c3
INFO  [17:04:19.437] [bbotk] Evaluating 1 configuration(s)
INFO  [17:04:20.361] [bbotk] Result of batch 10:
INFO  [17:04:20.362] [bbotk]  nrounds        eta max_depth classif.ce warnings errors runtime_learners
INFO  [17:04:20.362] [bbotk]      221 0.04877356         6  0.1487931        0      0            0.875
INFO  [17:04:20.362] [bbotk]                                 uhash
INFO  [17:04:20.362] [bbotk]  1dde2a7c-0a64-4b84-ad39-78c60ac1c099
INFO  [17:04:20.400] [bbotk] Finished optimizing after 10 evaluation(s)
INFO  [17:04:20.401] [bbotk] Result:
INFO  [17:04:20.402] [bbotk]  nrounds        eta max_depth learner_param_vals  x_domain classif.ce
INFO  [17:04:20.402] [bbotk]    <int>      <num>     <int>             <list>    <list>      <num>
INFO  [17:04:20.402] [bbotk]      278 0.02234519         2          <list[5]> <list[3]>  0.1362909

### [bt]: Job terminated successfully [batchtools job.id=1839]
### [bt]: Starting job [batchtools job.id=1840]
### [bt]: Generating problem instance for problem '42e9f2146ba77696' ...
### [bt]: Applying algorithm 'run_learner' on problem '42e9f2146ba77696' for job 1840 (seed = 1841) ...
INFO  [17:04:20.680] [mlr3] Applying learner 'classif.xgboost.tuned_calib.oof_platt' on task 'kc1' (iter 10/10)
INFO  [17:04:20.723] [bbotk] Starting to optimize 3 parameter(s) with '<OptimizerBatchRandomSearch>' and '<TerminatorEvals> [n_evals=10, k=0]'
INFO  [17:04:20.745] [bbotk] Evaluating 1 configuration(s)
INFO  [17:04:21.979] [bbotk] Result of batch 1:
INFO  [17:04:21.980] [bbotk]  nrounds        eta max_depth classif.ce warnings errors runtime_learners
INFO  [17:04:21.980] [bbotk]      202 0.06295019        10  0.1494362        0      0            1.193
INFO  [17:04:21.980] [bbotk]                                 uhash
INFO  [17:04:21.980] [bbotk]  34d74406-1cd2-49b3-8a29-3a474d72cc5e
INFO  [17:04:21.987] [bbotk] Evaluating 1 configuration(s)
INFO  [17:04:22.593] [bbotk] Result of batch 2:
INFO  [17:04:22.594] [bbotk]  nrounds        eta max_depth classif.ce warnings errors runtime_learners
INFO  [17:04:22.594] [bbotk]      116 0.09726165         7  0.1474625        0      0            0.559
INFO  [17:04:22.594] [bbotk]                                 uhash
INFO  [17:04:22.594] [bbotk]  ea6a5c32-5d49-4ef4-8e15-22e474b6b620
INFO  [17:04:22.603] [bbotk] Evaluating 1 configuration(s)
INFO  [17:04:23.107] [bbotk] Result of batch 3:
INFO  [17:04:23.109] [bbotk]  nrounds        eta max_depth classif.ce warnings errors runtime_learners
INFO  [17:04:23.109] [bbotk]       95 0.08481859         7  0.1435152        0      0            0.463
INFO  [17:04:23.109] [bbotk]                                 uhash
INFO  [17:04:23.109] [bbotk]  8d040b9f-a1ae-442d-a1ea-1ab305497ae7
INFO  [17:04:23.118] [bbotk] Evaluating 1 configuration(s)
INFO  [17:04:23.750] [bbotk] Result of batch 4:
INFO  [17:04:23.752] [bbotk]  nrounds        eta max_depth classif.ce warnings errors runtime_learners
INFO  [17:04:23.752] [bbotk]      169 0.04933836         5   0.144821        0      0            0.576
INFO  [17:04:23.752] [bbotk]                                 uhash
INFO  [17:04:23.752] [bbotk]  85bcfd30-1999-4c17-b23d-51e55569046e
INFO  [17:04:23.757] [bbotk] Evaluating 1 configuration(s)
INFO  [17:04:24.473] [bbotk] Result of batch 5:
INFO  [17:04:24.474] [bbotk]  nrounds       eta max_depth classif.ce warnings errors runtime_learners
INFO  [17:04:24.474] [bbotk]      207 0.2215195         5  0.1579923        0      0            0.682
INFO  [17:04:24.474] [bbotk]                                 uhash
INFO  [17:04:24.474] [bbotk]  9df87ccc-376b-4051-8b6a-947e5af5a8e2
INFO  [17:04:24.483] [bbotk] Evaluating 1 configuration(s)
INFO  [17:04:24.847] [bbotk] Result of batch 6:
INFO  [17:04:24.849] [bbotk]  nrounds       eta max_depth classif.ce warnings errors runtime_learners
INFO  [17:04:24.849] [bbotk]       56 0.2888813         7  0.1540476        0      0            0.293
INFO  [17:04:24.849] [bbotk]                                 uhash
INFO  [17:04:24.849] [bbotk]  6c92e6fc-d191-4059-9164-5129db4b22a0
INFO  [17:04:24.867] [bbotk] Evaluating 1 configuration(s)
INFO  [17:04:25.684] [bbotk] Result of batch 7:
INFO  [17:04:25.686] [bbotk]  nrounds      eta max_depth classif.ce warnings errors runtime_learners
INFO  [17:04:25.686] [bbotk]      193 0.194134         6  0.1500963        0      0            0.764
INFO  [17:04:25.686] [bbotk]                                 uhash
INFO  [17:04:25.686] [bbotk]  172ed7c5-d462-498d-a6a3-4dc4cc1de32d
INFO  [17:04:25.692] [bbotk] Evaluating 1 configuration(s)
INFO  [17:04:25.964] [bbotk] Result of batch 8:
INFO  [17:04:25.966] [bbotk]  nrounds       eta max_depth classif.ce warnings errors runtime_learners
INFO  [17:04:25.966] [bbotk]      131 0.2033082         2  0.1468025        0      0             0.23
INFO  [17:04:25.966] [bbotk]                                 uhash
INFO  [17:04:25.966] [bbotk]  1e22d433-8db7-43a4-9567-bcffda08e243
INFO  [17:04:25.976] [bbotk] Evaluating 1 configuration(s)
INFO  [17:04:26.487] [bbotk] Result of batch 9:
INFO  [17:04:26.488] [bbotk]  nrounds       eta max_depth classif.ce warnings errors runtime_learners
INFO  [17:04:26.488] [bbotk]       74 0.2201997        10  0.1520726        0      0            0.474
INFO  [17:04:26.488] [bbotk]                                 uhash
INFO  [17:04:26.488] [bbotk]  87ed3a85-e19a-4ad9-9549-9d914be480b8
INFO  [17:04:26.498] [bbotk] Evaluating 1 configuration(s)
INFO  [17:04:27.311] [bbotk] Result of batch 10:
INFO  [17:04:27.312] [bbotk]  nrounds        eta max_depth classif.ce warnings errors runtime_learners
INFO  [17:04:27.312] [bbotk]      298 0.08220417         4  0.1481213        0      0            0.771
INFO  [17:04:27.312] [bbotk]                                 uhash
INFO  [17:04:27.312] [bbotk]  ea6f81ee-8970-449d-b89e-54aec6f2f0a0
INFO  [17:04:27.320] [bbotk] Finished optimizing after 10 evaluation(s)
INFO  [17:04:27.321] [bbotk] Result:
INFO  [17:04:27.321] [bbotk]  nrounds        eta max_depth learner_param_vals  x_domain classif.ce
INFO  [17:04:27.321] [bbotk]    <int>      <num>     <int>             <list>    <list>      <num>
INFO  [17:04:27.321] [bbotk]       95 0.08481859         7          <list[5]> <list[3]>  0.1435152
INFO  [17:04:27.585] [bbotk] Starting to optimize 3 parameter(s) with '<OptimizerBatchRandomSearch>' and '<TerminatorEvals> [n_evals=10, k=0]'
INFO  [17:04:27.604] [bbotk] Evaluating 1 configuration(s)
INFO  [17:04:28.807] [bbotk] Result of batch 1:
INFO  [17:04:28.809] [bbotk]  nrounds       eta max_depth classif.ce warnings errors runtime_learners
INFO  [17:04:28.809] [bbotk]      207 0.1327739        10  0.1580209        0      0            1.161
INFO  [17:04:28.809] [bbotk]                                 uhash
INFO  [17:04:28.809] [bbotk]  87dff941-b27e-43e7-ba7f-09e46116ebbf
INFO  [17:04:28.818] [bbotk] Evaluating 1 configuration(s)
INFO  [17:04:30.089] [bbotk] Result of batch 2:
INFO  [17:04:30.090] [bbotk]  nrounds       eta max_depth classif.ce warnings errors runtime_learners
INFO  [17:04:30.090] [bbotk]      211 0.2610381        10  0.1560433        0      0            1.195
INFO  [17:04:30.090] [bbotk]                                 uhash
INFO  [17:04:30.090] [bbotk]  31e27ab4-547e-498c-b32e-412192197a73
INFO  [17:04:30.094] [bbotk] Evaluating 1 configuration(s)
INFO  [17:04:30.377] [bbotk] Result of batch 3:
INFO  [17:04:30.378] [bbotk]  nrounds        eta max_depth classif.ce warnings errors runtime_learners
INFO  [17:04:30.378] [bbotk]       87 0.06062813         4  0.1580105        0      0            0.245
INFO  [17:04:30.378] [bbotk]                                 uhash
INFO  [17:04:30.378] [bbotk]  4212d8a5-6280-46bd-939c-5e6890ce6279
INFO  [17:04:30.383] [bbotk] Evaluating 1 configuration(s)
INFO  [17:04:31.389] [bbotk] Result of batch 4:
INFO  [17:04:31.390] [bbotk]  nrounds       eta max_depth classif.ce warnings errors runtime_learners
INFO  [17:04:31.390] [bbotk]      187 0.1183069         9  0.1520947        0      0            0.964
INFO  [17:04:31.390] [bbotk]                                 uhash
INFO  [17:04:31.390] [bbotk]  676c3577-ce0a-4b54-8ee0-ccd6932b2cc9
INFO  [17:04:31.394] [bbotk] Evaluating 1 configuration(s)
INFO  [17:04:31.958] [bbotk] Result of batch 5:
INFO  [17:04:31.959] [bbotk]  nrounds        eta max_depth classif.ce warnings errors runtime_learners
INFO  [17:04:31.959] [bbotk]      261 0.02264854         3   0.150768        0      0             0.51
INFO  [17:04:31.959] [bbotk]                                 uhash
INFO  [17:04:31.959] [bbotk]  3abc34fb-af25-4cd0-baf4-4464d1ca6f5e
INFO  [17:04:31.963] [bbotk] Evaluating 1 configuration(s)
INFO  [17:04:32.272] [bbotk] Result of batch 6:
INFO  [17:04:32.273] [bbotk]  nrounds       eta max_depth classif.ce warnings errors runtime_learners
INFO  [17:04:32.273] [bbotk]       80 0.2661997         5   0.156042        0      0            0.267
INFO  [17:04:32.273] [bbotk]                                 uhash
INFO  [17:04:32.273] [bbotk]  64e0c619-e904-4d61-bbc2-be3c0a709bbb
INFO  [17:04:32.277] [bbotk] Evaluating 1 configuration(s)
INFO  [17:04:33.065] [bbotk] Result of batch 7:
INFO  [17:04:33.066] [bbotk]  nrounds        eta max_depth classif.ce warnings errors runtime_learners
INFO  [17:04:33.066] [bbotk]      189 0.02095662         7  0.1487956        0      0            0.753
INFO  [17:04:33.066] [bbotk]                                 uhash
INFO  [17:04:33.066] [bbotk]  08dec9f1-c128-4723-a57e-d843cc79b101
INFO  [17:04:33.070] [bbotk] Evaluating 1 configuration(s)
INFO  [17:04:34.407] [bbotk] Result of batch 8:
INFO  [17:04:34.408] [bbotk]  nrounds       eta max_depth classif.ce warnings errors runtime_learners
INFO  [17:04:34.408] [bbotk]      282 0.1454401         8  0.1507797        0      0            1.298
INFO  [17:04:34.408] [bbotk]                                 uhash
INFO  [17:04:34.408] [bbotk]  79bade85-01d8-42d5-8da6-47f971ceb7ee
INFO  [17:04:34.415] [bbotk] Evaluating 1 configuration(s)
INFO  [17:04:34.901] [bbotk] Result of batch 9:
INFO  [17:04:34.903] [bbotk]  nrounds       eta max_depth classif.ce warnings errors runtime_learners
INFO  [17:04:34.903] [bbotk]      215 0.1091509         3  0.1501132        0      0            0.431
INFO  [17:04:34.903] [bbotk]                                 uhash
INFO  [17:04:34.903] [bbotk]  0331753d-41d4-4579-8a09-b4a215d04e3f
INFO  [17:04:34.911] [bbotk] Evaluating 1 configuration(s)
INFO  [17:04:35.659] [bbotk] Result of batch 10:
INFO  [17:04:35.660] [bbotk]  nrounds       eta max_depth classif.ce warnings errors runtime_learners
INFO  [17:04:35.660] [bbotk]      166 0.2744574         7  0.1514359        0      0             0.71
INFO  [17:04:35.660] [bbotk]                                 uhash
INFO  [17:04:35.660] [bbotk]  ad1d9834-49e2-42a7-b25c-bde7d33c0f3c
INFO  [17:04:35.679] [bbotk] Finished optimizing after 10 evaluation(s)
INFO  [17:04:35.680] [bbotk] Result:
INFO  [17:04:35.681] [bbotk]  nrounds        eta max_depth learner_param_vals  x_domain classif.ce
INFO  [17:04:35.681] [bbotk]    <int>      <num>     <int>             <list>    <list>      <num>
INFO  [17:04:35.681] [bbotk]      189 0.02095662         7          <list[5]> <list[3]>  0.1487956
INFO  [17:04:36.113] [bbotk] Starting to optimize 3 parameter(s) with '<OptimizerBatchRandomSearch>' and '<TerminatorEvals> [n_evals=10, k=0]'
INFO  [17:04:36.128] [bbotk] Evaluating 1 configuration(s)
INFO  [17:04:36.562] [bbotk] Result of batch 1:
INFO  [17:04:36.564] [bbotk]  nrounds       eta max_depth classif.ce warnings errors runtime_learners
INFO  [17:04:36.564] [bbotk]      150 0.1202887         4  0.1494427        0      0            0.395
INFO  [17:04:36.564] [bbotk]                                 uhash
INFO  [17:04:36.564] [bbotk]  b04eac56-cff6-4dbb-9493-bc144447bcb8
INFO  [17:04:36.574] [bbotk] Evaluating 1 configuration(s)
INFO  [17:04:37.095] [bbotk] Result of batch 2:
INFO  [17:04:37.096] [bbotk]  nrounds       eta max_depth classif.ce warnings errors runtime_learners
INFO  [17:04:37.096] [bbotk]       76 0.1075576        10  0.1481291        0      0            0.483
INFO  [17:04:37.096] [bbotk]                                 uhash
INFO  [17:04:37.096] [bbotk]  b5f4f5ab-ca31-46f1-9940-ad30eef26976
INFO  [17:04:37.105] [bbotk] Evaluating 1 configuration(s)
INFO  [17:04:37.985] [bbotk] Result of batch 3:
INFO  [17:04:37.987] [bbotk]  nrounds       eta max_depth classif.ce warnings errors runtime_learners
INFO  [17:04:37.987] [bbotk]      167 0.2244589         8   0.150095        0      0            0.834
INFO  [17:04:37.987] [bbotk]                                 uhash
INFO  [17:04:37.987] [bbotk]  a0a03ecb-9c1c-4b7b-bda0-4c40c7329d78
INFO  [17:04:37.995] [bbotk] Evaluating 1 configuration(s)
INFO  [17:04:38.884] [bbotk] Result of batch 4:
INFO  [17:04:38.885] [bbotk]  nrounds       eta max_depth classif.ce warnings errors runtime_learners
INFO  [17:04:38.885] [bbotk]      252 0.2815048         6  0.1593085        0      0            0.851
INFO  [17:04:38.885] [bbotk]                                 uhash
INFO  [17:04:38.885] [bbotk]  faac98b2-57c3-48b7-a617-2787ae6030cf
INFO  [17:04:38.889] [bbotk] Evaluating 1 configuration(s)
INFO  [17:04:39.221] [bbotk] Result of batch 5:
INFO  [17:04:39.223] [bbotk]  nrounds        eta max_depth classif.ce warnings errors runtime_learners
INFO  [17:04:39.223] [bbotk]      111 0.01453418         3  0.1441856        0      0            0.288
INFO  [17:04:39.223] [bbotk]                                 uhash
INFO  [17:04:39.223] [bbotk]  c4fa9031-2309-4ad0-90da-ea974dba2f7d
INFO  [17:04:39.227] [bbotk] Evaluating 1 configuration(s)
INFO  [17:04:39.510] [bbotk] Result of batch 6:
INFO  [17:04:39.513] [bbotk]  nrounds       eta max_depth classif.ce warnings errors runtime_learners
INFO  [17:04:39.513] [bbotk]      188 0.1892863         2  0.1468077        0      0            0.242
INFO  [17:04:39.513] [bbotk]                                 uhash
INFO  [17:04:39.513] [bbotk]  4b127da5-df10-44f9-9b74-ed51494b487f
INFO  [17:04:39.523] [bbotk] Evaluating 1 configuration(s)
INFO  [17:04:39.812] [bbotk] Result of batch 7:
INFO  [17:04:39.814] [bbotk]  nrounds       eta max_depth classif.ce warnings errors runtime_learners
INFO  [17:04:39.814] [bbotk]       56 0.1669737         7   0.146145        0      0            0.239
INFO  [17:04:39.814] [bbotk]                                 uhash
INFO  [17:04:39.814] [bbotk]  a1254bb7-8257-48b7-83cb-fa2d1382a128
INFO  [17:04:39.823] [bbotk] Evaluating 1 configuration(s)
INFO  [17:04:40.749] [bbotk] Result of batch 8:
INFO  [17:04:40.750] [bbotk]  nrounds       eta max_depth classif.ce warnings errors runtime_learners
INFO  [17:04:40.750] [bbotk]      229 0.2982261         6  0.1500885        0      0            0.877
INFO  [17:04:40.750] [bbotk]                                 uhash
INFO  [17:04:40.750] [bbotk]  d1571cc6-c278-432a-b200-58d188c3c20b
INFO  [17:04:40.755] [bbotk] Evaluating 1 configuration(s)
INFO  [17:04:41.530] [bbotk] Result of batch 9:
INFO  [17:04:41.532] [bbotk]  nrounds       eta max_depth classif.ce warnings errors runtime_learners
INFO  [17:04:41.532] [bbotk]      223 0.1460183         5  0.1533836        0      0            0.739
INFO  [17:04:41.532] [bbotk]                                 uhash
INFO  [17:04:41.532] [bbotk]  3653c852-5691-48de-b842-e6756ff46947
INFO  [17:04:41.539] [bbotk] Evaluating 1 configuration(s)
INFO  [17:04:42.636] [bbotk] Result of batch 10:
INFO  [17:04:42.637] [bbotk]  nrounds        eta max_depth classif.ce warnings errors runtime_learners
INFO  [17:04:42.637] [bbotk]      248 0.07937571         7  0.1494362        0      0            1.064
INFO  [17:04:42.637] [bbotk]                                 uhash
INFO  [17:04:42.637] [bbotk]  71a95523-6e17-454a-9047-593d2d514308
INFO  [17:04:42.649] [bbotk] Finished optimizing after 10 evaluation(s)
INFO  [17:04:42.649] [bbotk] Result:
INFO  [17:04:42.651] [bbotk]  nrounds        eta max_depth learner_param_vals  x_domain classif.ce
INFO  [17:04:42.651] [bbotk]    <int>      <num>     <int>             <list>    <list>      <num>
INFO  [17:04:42.651] [bbotk]      111 0.01453418         3          <list[5]> <list[3]>  0.1441856
INFO  [17:04:42.812] [bbotk] Starting to optimize 3 parameter(s) with '<OptimizerBatchRandomSearch>' and '<TerminatorEvals> [n_evals=10, k=0]'
INFO  [17:04:42.829] [bbotk] Evaluating 1 configuration(s)
INFO  [17:04:43.205] [bbotk] Result of batch 1:
INFO  [17:04:43.206] [bbotk]  nrounds       eta max_depth classif.ce warnings errors runtime_learners
INFO  [17:04:43.206] [bbotk]      153 0.2172764         3  0.1533875        0      0            0.335
INFO  [17:04:43.206] [bbotk]                                 uhash
INFO  [17:04:43.206] [bbotk]  64b0f301-9c7a-4a37-a159-1ccb3888b520
INFO  [17:04:43.210] [bbotk] Evaluating 1 configuration(s)
INFO  [17:04:43.559] [bbotk] Result of batch 2:
INFO  [17:04:43.562] [bbotk]  nrounds       eta max_depth classif.ce warnings errors runtime_learners
INFO  [17:04:43.562] [bbotk]       51 0.2719422         9  0.1474612        0      0            0.306
INFO  [17:04:43.562] [bbotk]                                 uhash
INFO  [17:04:43.562] [bbotk]  cbe3d266-d53f-42cb-b581-5fbd6f1cebe9
INFO  [17:04:43.566] [bbotk] Evaluating 1 configuration(s)
INFO  [17:04:44.175] [bbotk] Result of batch 3:
INFO  [17:04:44.176] [bbotk]  nrounds        eta max_depth classif.ce warnings errors runtime_learners
INFO  [17:04:44.176] [bbotk]      154 0.06866349         6  0.1408814        0      0            0.572
INFO  [17:04:44.176] [bbotk]                                 uhash
INFO  [17:04:44.176] [bbotk]  9e36bfbe-7946-4dbf-b49d-382d0ab63214
INFO  [17:04:44.185] [bbotk] Evaluating 1 configuration(s)
INFO  [17:04:44.902] [bbotk] Result of batch 4:
INFO  [17:04:44.903] [bbotk]  nrounds        eta max_depth classif.ce warnings errors runtime_learners
INFO  [17:04:44.903] [bbotk]      161 0.04479458         7   0.142859        0      0            0.681
INFO  [17:04:44.903] [bbotk]                                 uhash
INFO  [17:04:44.903] [bbotk]  7fbd736c-1e3d-4742-bb5b-71c9f38026d8
INFO  [17:04:44.910] [bbotk] Evaluating 1 configuration(s)
INFO  [17:04:45.315] [bbotk] Result of batch 5:
INFO  [17:04:45.316] [bbotk]  nrounds       eta max_depth classif.ce warnings errors runtime_learners
INFO  [17:04:45.316] [bbotk]       92 0.1525251         6  0.1388999        0      0            0.359
INFO  [17:04:45.316] [bbotk]                                 uhash
INFO  [17:04:45.316] [bbotk]  8be812e6-3644-42be-b919-88d059218584
INFO  [17:04:45.325] [bbotk] Evaluating 1 configuration(s)
INFO  [17:04:46.144] [bbotk] Result of batch 6:
INFO  [17:04:46.145] [bbotk]  nrounds        eta max_depth classif.ce warnings errors runtime_learners
INFO  [17:04:46.145] [bbotk]      168 0.03018101         7  0.1402253        0      0            0.775
INFO  [17:04:46.145] [bbotk]                                 uhash
INFO  [17:04:46.145] [bbotk]  3d4c22e6-0840-48ee-ace8-88c35124b9c6
INFO  [17:04:46.149] [bbotk] Evaluating 1 configuration(s)
INFO  [17:04:46.380] [bbotk] Result of batch 7:
INFO  [17:04:46.381] [bbotk]  nrounds       eta max_depth classif.ce warnings errors runtime_learners
INFO  [17:04:46.381] [bbotk]       78 0.2464256         4  0.1448314        0      0            0.193
INFO  [17:04:46.381] [bbotk]                                 uhash
INFO  [17:04:46.381] [bbotk]  e549bcf0-54ef-48cf-96ad-6c55b2edf61b
INFO  [17:04:46.391] [bbotk] Evaluating 1 configuration(s)
INFO  [17:04:47.190] [bbotk] Result of batch 8:
INFO  [17:04:47.191] [bbotk]  nrounds        eta max_depth classif.ce warnings errors runtime_learners
INFO  [17:04:47.191] [bbotk]      124 0.02910966        10  0.1402188        0      0             0.76
INFO  [17:04:47.191] [bbotk]                                 uhash
INFO  [17:04:47.191] [bbotk]  f41c3cd4-a62a-4d2e-918f-5bb199e1b05e
INFO  [17:04:47.195] [bbotk] Evaluating 1 configuration(s)
INFO  [17:04:47.885] [bbotk] Result of batch 9:
INFO  [17:04:47.887] [bbotk]  nrounds       eta max_depth classif.ce warnings errors runtime_learners
INFO  [17:04:47.887] [bbotk]      139 0.2965699         9  0.1527274        0      0            0.638
INFO  [17:04:47.887] [bbotk]                                 uhash
INFO  [17:04:47.887] [bbotk]  9dde50dd-3bc6-4d51-84d3-91038c6afa86
INFO  [17:04:47.897] [bbotk] Evaluating 1 configuration(s)
INFO  [17:04:48.575] [bbotk] Result of batch 10:
INFO  [17:04:48.576] [bbotk]  nrounds       eta max_depth classif.ce warnings errors runtime_learners
INFO  [17:04:48.576] [bbotk]      256 0.1236395         4  0.1481161        0      0            0.644
INFO  [17:04:48.576] [bbotk]                                 uhash
INFO  [17:04:48.576] [bbotk]  55335e43-c721-46b5-b397-c8cac9a91af4
INFO  [17:04:48.585] [bbotk] Finished optimizing after 10 evaluation(s)
INFO  [17:04:48.585] [bbotk] Result:
INFO  [17:04:48.587] [bbotk]  nrounds       eta max_depth learner_param_vals  x_domain classif.ce
INFO  [17:04:48.587] [bbotk]    <int>     <num>     <int>             <list>    <list>      <num>
INFO  [17:04:48.587] [bbotk]       92 0.1525251         6          <list[5]> <list[3]>  0.1388999
INFO  [17:04:48.839] [bbotk] Starting to optimize 3 parameter(s) with '<OptimizerBatchRandomSearch>' and '<TerminatorEvals> [n_evals=10, k=0]'
INFO  [17:04:48.857] [bbotk] Evaluating 1 configuration(s)
INFO  [17:04:49.583] [bbotk] Result of batch 1:
INFO  [17:04:49.585] [bbotk]  nrounds        eta max_depth classif.ce warnings errors runtime_learners
INFO  [17:04:49.585] [bbotk]      207 0.08284893         5  0.1506602        0      0            0.675
INFO  [17:04:49.585] [bbotk]                                 uhash
INFO  [17:04:49.585] [bbotk]  fb537982-e9d5-4344-85d8-cbf5ab3ffb55
INFO  [17:04:49.594] [bbotk] Evaluating 1 configuration(s)
INFO  [17:04:50.407] [bbotk] Result of batch 2:
INFO  [17:04:50.409] [bbotk]  nrounds      eta max_depth classif.ce warnings errors runtime_learners
INFO  [17:04:50.409] [bbotk]      228 0.176699         5  0.1539475        0      0            0.759
INFO  [17:04:50.409] [bbotk]                                 uhash
INFO  [17:04:50.409] [bbotk]  839ccf09-b0c4-4703-b5da-12fabc065294
INFO  [17:04:50.417] [bbotk] Evaluating 1 configuration(s)
INFO  [17:04:51.131] [bbotk] Result of batch 3:
INFO  [17:04:51.132] [bbotk]  nrounds       eta max_depth classif.ce warnings errors runtime_learners
INFO  [17:04:51.132] [bbotk]      161 0.2442621         7  0.1539488        0      0            0.673
INFO  [17:04:51.132] [bbotk]                                 uhash
INFO  [17:04:51.132] [bbotk]  0f698a65-fb01-45d4-a4cb-e446f687db6d
INFO  [17:04:51.137] [bbotk] Evaluating 1 configuration(s)
INFO  [17:04:51.916] [bbotk] Result of batch 4:
INFO  [17:04:51.917] [bbotk]  nrounds        eta max_depth classif.ce warnings errors runtime_learners
INFO  [17:04:51.917] [bbotk]      222 0.04919707         4  0.1460567        0      0            0.733
INFO  [17:04:51.917] [bbotk]                                 uhash
INFO  [17:04:51.917] [bbotk]  9b693fd8-9430-4e0b-81e9-3fa5904d0619
INFO  [17:04:51.925] [bbotk] Evaluating 1 configuration(s)
INFO  [17:04:52.801] [bbotk] Result of batch 5:
INFO  [17:04:52.803] [bbotk]  nrounds       eta max_depth classif.ce warnings errors runtime_learners
INFO  [17:04:52.803] [bbotk]      169 0.1952652         8  0.1572348        0      0            0.811
INFO  [17:04:52.803] [bbotk]                                 uhash
INFO  [17:04:52.803] [bbotk]  03f3bdeb-e9bc-439e-b533-bbad6646f045
INFO  [17:04:52.813] [bbotk] Evaluating 1 configuration(s)
INFO  [17:04:53.190] [bbotk] Result of batch 6:
INFO  [17:04:53.191] [bbotk]  nrounds       eta max_depth classif.ce warnings errors runtime_learners
INFO  [17:04:53.191] [bbotk]       73 0.2622519         7  0.1493414        0      0            0.343
INFO  [17:04:53.191] [bbotk]                                 uhash
INFO  [17:04:53.191] [bbotk]  3a57e6d4-f44f-4e9d-83f9-b4209df1997e
INFO  [17:04:53.195] [bbotk] Evaluating 1 configuration(s)
INFO  [17:04:53.886] [bbotk] Result of batch 7:
INFO  [17:04:53.888] [bbotk]  nrounds       eta max_depth classif.ce warnings errors runtime_learners
INFO  [17:04:53.888] [bbotk]      219 0.1117047         4  0.1526339        0      0            0.631
INFO  [17:04:53.888] [bbotk]                                 uhash
INFO  [17:04:53.888] [bbotk]  feabb8ef-3c8c-4d73-b9d1-8636fd90580c
INFO  [17:04:53.897] [bbotk] Evaluating 1 configuration(s)
INFO  [17:04:54.465] [bbotk] Result of batch 8:
INFO  [17:04:54.467] [bbotk]  nrounds      eta max_depth classif.ce warnings errors runtime_learners
INFO  [17:04:54.467] [bbotk]      141 0.191831         5  0.1526378        0      0            0.519
INFO  [17:04:54.467] [bbotk]                                 uhash
INFO  [17:04:54.467] [bbotk]  07a649e6-102e-4b14-871e-f305d9a69aa5
INFO  [17:04:54.476] [bbotk] Evaluating 1 configuration(s)
INFO  [17:04:54.918] [bbotk] Result of batch 9:
INFO  [17:04:54.920] [bbotk]  nrounds       eta max_depth classif.ce warnings errors runtime_learners
INFO  [17:04:54.920] [bbotk]      136 0.1195591         4  0.1532965        0      0            0.392
INFO  [17:04:54.920] [bbotk]                                 uhash
INFO  [17:04:54.920] [bbotk]  f5203334-a6cf-435f-9c2c-6b0b15841071
INFO  [17:04:54.931] [bbotk] Evaluating 1 configuration(s)
INFO  [17:04:55.345] [bbotk] Result of batch 10:
INFO  [17:04:55.347] [bbotk]  nrounds       eta max_depth classif.ce warnings errors runtime_learners
INFO  [17:04:55.347] [bbotk]      269 0.2173112         2   0.147369        0      0            0.361
INFO  [17:04:55.347] [bbotk]                                 uhash
INFO  [17:04:55.347] [bbotk]  41734fd6-e231-428e-9bd7-9e0ef4485cdd
INFO  [17:04:55.359] [bbotk] Finished optimizing after 10 evaluation(s)
INFO  [17:04:55.360] [bbotk] Result:
INFO  [17:04:55.362] [bbotk]  nrounds        eta max_depth learner_param_vals  x_domain classif.ce
INFO  [17:04:55.362] [bbotk]    <int>      <num>     <int>             <list>    <list>      <num>
INFO  [17:04:55.362] [bbotk]      222 0.04919707         4          <list[5]> <list[3]>  0.1460567

### [bt]: Job terminated successfully [batchtools job.id=1840]
### [bt]: Calculation finished!
