### [bt]: This is batchtools v0.9.17
### [bt]: Starting calculation of 5 jobs
### [bt]: Setting working directory to '/Users/User/Documents/Studium/Semester8/Hiwi/mlr3calibration/vignettes'
### [bt]: Memory measurement disabled
### [bt]: Starting job [batchtools job.id=3051]
### [bt]: Generating problem instance for problem '6390d9e81da17366' ...
### [bt]: Applying algorithm 'run_learner' on problem '6390d9e81da17366' for job 3051 (seed = 3052) ...
INFO  [17:28:04.300] [mlr3] Applying learner 'classif.xgboost.tuned_calib.perfold_isotonic' on task 'qsar-biodeg' (iter 1/10)
INFO  [17:28:04.364] [bbotk] Starting to optimize 3 parameter(s) with '<OptimizerBatchRandomSearch>' and '<TerminatorEvals> [n_evals=10, k=0]'
INFO  [17:28:04.389] [bbotk] Evaluating 1 configuration(s)
INFO  [17:28:04.933] [bbotk] Result of batch 1:
INFO  [17:28:04.934] [bbotk]  nrounds       eta max_depth classif.ce warnings errors runtime_learners
INFO  [17:28:04.934] [bbotk]      133 0.2623546         8  0.1488801        0      0            0.504
INFO  [17:28:04.934] [bbotk]                                 uhash
INFO  [17:28:04.934] [bbotk]  64009dfc-78ac-429d-87cb-65fa31e43fa9
INFO  [17:28:04.939] [bbotk] Evaluating 1 configuration(s)
INFO  [17:28:05.404] [bbotk] Result of batch 2:
INFO  [17:28:05.405] [bbotk]  nrounds       eta max_depth classif.ce warnings errors runtime_learners
INFO  [17:28:05.405] [bbotk]      246 0.2925161         2  0.1554677        0      0            0.432
INFO  [17:28:05.405] [bbotk]                                 uhash
INFO  [17:28:05.405] [bbotk]  0a0ff758-45ce-4b6e-9436-5881d5a6e778
INFO  [17:28:05.412] [bbotk] Evaluating 1 configuration(s)
INFO  [17:28:07.069] [bbotk] Result of batch 3:
INFO  [17:28:07.070] [bbotk]  nrounds        eta max_depth classif.ce warnings errors runtime_learners
INFO  [17:28:07.070] [bbotk]      299 0.04434424         9  0.1501976        0      0             1.61
INFO  [17:28:07.070] [bbotk]                                 uhash
INFO  [17:28:07.070] [bbotk]  ea8db087-0fbe-44f7-9707-f29cd9fe9acb
INFO  [17:28:07.074] [bbotk] Evaluating 1 configuration(s)
INFO  [17:28:07.310] [bbotk] Result of batch 4:
INFO  [17:28:07.316] [bbotk]  nrounds        eta max_depth classif.ce warnings errors runtime_learners
INFO  [17:28:07.316] [bbotk]      112 0.01429121         2  0.1818182        0      0            0.195
INFO  [17:28:07.316] [bbotk]                                 uhash
INFO  [17:28:07.316] [bbotk]  e43621ac-3c12-49ee-905a-467098f16e44
INFO  [17:28:07.325] [bbotk] Evaluating 1 configuration(s)
INFO  [17:28:07.905] [bbotk] Result of batch 5:
INFO  [17:28:07.906] [bbotk]  nrounds       eta max_depth classif.ce warnings errors runtime_learners
INFO  [17:28:07.906] [bbotk]      245 0.1501325         3  0.1541502        0      0            0.536
INFO  [17:28:07.906] [bbotk]                                 uhash
INFO  [17:28:07.906] [bbotk]  c5d4a28e-fd7f-43ea-9721-ca6359a2f247
INFO  [17:28:07.914] [bbotk] Evaluating 1 configuration(s)
INFO  [17:28:08.945] [bbotk] Result of batch 6:
INFO  [17:28:08.946] [bbotk]  nrounds       eta max_depth classif.ce warnings errors runtime_learners
INFO  [17:28:08.946] [bbotk]      263 0.1047314         9  0.1475626        0      0            0.987
INFO  [17:28:08.946] [bbotk]                                 uhash
INFO  [17:28:08.946] [bbotk]  acc9acf8-bcf0-4cd2-a5d7-c65146dd3222
INFO  [17:28:08.951] [bbotk] Evaluating 1 configuration(s)
INFO  [17:28:09.209] [bbotk] Result of batch 7:
INFO  [17:28:09.210] [bbotk]  nrounds        eta max_depth classif.ce warnings errors runtime_learners
INFO  [17:28:09.210] [bbotk]      102 0.03070592         2  0.1646904        0      0            0.181
INFO  [17:28:09.210] [bbotk]                                 uhash
INFO  [17:28:09.210] [bbotk]  eacd57e0-f4cc-40bf-af92-599933851c3f
INFO  [17:28:09.214] [bbotk] Evaluating 1 configuration(s)
INFO  [17:28:09.684] [bbotk] Result of batch 8:
INFO  [17:28:09.686] [bbotk]  nrounds        eta max_depth classif.ce warnings errors runtime_learners
INFO  [17:28:09.686] [bbotk]      212 0.03546711         3  0.1475626        0      0            0.433
INFO  [17:28:09.686] [bbotk]                                 uhash
INFO  [17:28:09.686] [bbotk]  49abe933-618d-415e-a66b-6560f08f596f
INFO  [17:28:09.691] [bbotk] Evaluating 1 configuration(s)
INFO  [17:28:10.483] [bbotk] Result of batch 9:
INFO  [17:28:10.486] [bbotk]  nrounds      eta max_depth classif.ce warnings errors runtime_learners
INFO  [17:28:10.486] [bbotk]      265 0.234989        10  0.1462451        0      0            0.741
INFO  [17:28:10.486] [bbotk]                                 uhash
INFO  [17:28:10.486] [bbotk]  220b08f4-7c10-4fb6-ba7e-009355a5508e
INFO  [17:28:10.490] [bbotk] Evaluating 1 configuration(s)
INFO  [17:28:10.939] [bbotk] Result of batch 10:
INFO  [17:28:10.942] [bbotk]  nrounds        eta max_depth classif.ce warnings errors runtime_learners
INFO  [17:28:10.942] [bbotk]      137 0.06062033         4  0.1528327        0      0            0.408
INFO  [17:28:10.942] [bbotk]                                 uhash
INFO  [17:28:10.942] [bbotk]  64bfee6d-2a39-4022-af2b-e81c00c3d8c1
INFO  [17:28:10.951] [bbotk] Finished optimizing after 10 evaluation(s)
INFO  [17:28:10.952] [bbotk] Result:
INFO  [17:28:10.953] [bbotk]  nrounds      eta max_depth learner_param_vals  x_domain classif.ce
INFO  [17:28:10.953] [bbotk]    <int>    <num>     <int>             <list>    <list>      <num>
INFO  [17:28:10.953] [bbotk]      265 0.234989        10          <list[5]> <list[3]>  0.1462451
INFO  [17:28:11.421] [bbotk] Starting to optimize 3 parameter(s) with '<OptimizerBatchRandomSearch>' and '<TerminatorEvals> [n_evals=10, k=0]'
INFO  [17:28:11.433] [bbotk] Evaluating 1 configuration(s)
INFO  [17:28:11.782] [bbotk] Result of batch 1:
INFO  [17:28:11.784] [bbotk]  nrounds        eta max_depth classif.ce warnings errors runtime_learners
INFO  [17:28:11.784] [bbotk]      111 0.05218749         3  0.1620553        0      0              0.3
INFO  [17:28:11.784] [bbotk]                                 uhash
INFO  [17:28:11.784] [bbotk]  e644aeaa-7c08-4fdf-b3ca-c8089a7fcb1e
INFO  [17:28:11.792] [bbotk] Evaluating 1 configuration(s)
INFO  [17:28:12.118] [bbotk] Result of batch 2:
INFO  [17:28:12.124] [bbotk]  nrounds      eta max_depth classif.ce warnings errors runtime_learners
INFO  [17:28:12.124] [bbotk]       91 0.268877         4  0.1673254        0      0            0.286
INFO  [17:28:12.124] [bbotk]                                 uhash
INFO  [17:28:12.124] [bbotk]  9aeb0574-a4b4-40a5-a339-1a4be846355f
INFO  [17:28:12.128] [bbotk] Evaluating 1 configuration(s)
INFO  [17:28:12.870] [bbotk] Result of batch 3:
INFO  [17:28:12.871] [bbotk]  nrounds       eta max_depth classif.ce warnings errors runtime_learners
INFO  [17:28:12.871] [bbotk]      214 0.2335578         5   0.171278        0      0            0.686
INFO  [17:28:12.871] [bbotk]                                 uhash
INFO  [17:28:12.871] [bbotk]  4fb3e354-18b7-4448-8f75-4f5e120072d7
INFO  [17:28:12.882] [bbotk] Evaluating 1 configuration(s)
INFO  [17:28:13.816] [bbotk] Result of batch 4:
INFO  [17:28:13.818] [bbotk]  nrounds       eta max_depth classif.ce warnings errors runtime_learners
INFO  [17:28:13.818] [bbotk]      240 0.1528181         8  0.1567852        0      0            0.883
INFO  [17:28:13.818] [bbotk]                                 uhash
INFO  [17:28:13.818] [bbotk]  23deaf64-c61e-467d-a6bb-8f5104fda04c
INFO  [17:28:13.832] [bbotk] Evaluating 1 configuration(s)
INFO  [17:28:14.234] [bbotk] Result of batch 5:
INFO  [17:28:14.236] [bbotk]  nrounds        eta max_depth classif.ce warnings errors runtime_learners
INFO  [17:28:14.236] [bbotk]      139 0.05192999         3  0.1646904        0      0             0.36
INFO  [17:28:14.236] [bbotk]                                 uhash
INFO  [17:28:14.236] [bbotk]  21eb47ca-a973-488b-9400-2c542db80dd9
INFO  [17:28:14.242] [bbotk] Evaluating 1 configuration(s)
INFO  [17:28:14.811] [bbotk] Result of batch 6:
INFO  [17:28:14.813] [bbotk]  nrounds       eta max_depth classif.ce warnings errors runtime_learners
INFO  [17:28:14.813] [bbotk]      212 0.2283162         4  0.1620553        0      0            0.531
INFO  [17:28:14.813] [bbotk]                                 uhash
INFO  [17:28:14.813] [bbotk]  3535fd72-bd8b-4753-855a-9a6a771df02e
INFO  [17:28:14.817] [bbotk] Evaluating 1 configuration(s)
INFO  [17:28:15.301] [bbotk] Result of batch 7:
INFO  [17:28:15.302] [bbotk]  nrounds      eta max_depth classif.ce warnings errors runtime_learners
INFO  [17:28:15.302] [bbotk]      228 0.240412         3  0.1528327        0      0            0.456
INFO  [17:28:15.302] [bbotk]                                 uhash
INFO  [17:28:15.302] [bbotk]  e6e756fe-a066-412d-b7a7-9e6c8224d080
INFO  [17:28:15.310] [bbotk] Evaluating 1 configuration(s)
INFO  [17:28:16.136] [bbotk] Result of batch 8:
INFO  [17:28:16.137] [bbotk]  nrounds        eta max_depth classif.ce warnings errors runtime_learners
INFO  [17:28:16.137] [bbotk]      273 0.08351725         4  0.1646904        0      0            0.782
INFO  [17:28:16.137] [bbotk]                                 uhash
INFO  [17:28:16.137] [bbotk]  ef461577-b210-459c-bc05-10de7666a507
INFO  [17:28:16.145] [bbotk] Evaluating 1 configuration(s)
INFO  [17:28:16.588] [bbotk] Result of batch 9:
INFO  [17:28:16.590] [bbotk]  nrounds        eta max_depth classif.ce warnings errors runtime_learners
INFO  [17:28:16.590] [bbotk]      157 0.03796971         3  0.1620553        0      0            0.394
INFO  [17:28:16.590] [bbotk]                                 uhash
INFO  [17:28:16.590] [bbotk]  cb1b1ac8-b375-48f5-8746-5beef01dcbdb
INFO  [17:28:16.596] [bbotk] Evaluating 1 configuration(s)
INFO  [17:28:17.011] [bbotk] Result of batch 10:
INFO  [17:28:17.012] [bbotk]  nrounds        eta max_depth classif.ce warnings errors runtime_learners
INFO  [17:28:17.012] [bbotk]       75 0.09006015         7   0.168643        0      0            0.381
INFO  [17:28:17.012] [bbotk]                                 uhash
INFO  [17:28:17.012] [bbotk]  633dc32f-4a5e-4da3-aea5-dd9c8ffb67d1
INFO  [17:28:17.033] [bbotk] Finished optimizing after 10 evaluation(s)
INFO  [17:28:17.033] [bbotk] Result:
INFO  [17:28:17.039] [bbotk]  nrounds      eta max_depth learner_param_vals  x_domain classif.ce
INFO  [17:28:17.039] [bbotk]    <int>    <num>     <int>             <list>    <list>      <num>
INFO  [17:28:17.039] [bbotk]      228 0.240412         3          <list[5]> <list[3]>  0.1528327
INFO  [17:28:17.346] [bbotk] Starting to optimize 3 parameter(s) with '<OptimizerBatchRandomSearch>' and '<TerminatorEvals> [n_evals=10, k=0]'
INFO  [17:28:17.362] [bbotk] Evaluating 1 configuration(s)
INFO  [17:28:18.184] [bbotk] Result of batch 1:
INFO  [17:28:18.185] [bbotk]  nrounds       eta max_depth classif.ce warnings errors runtime_learners
INFO  [17:28:18.185] [bbotk]      239 0.1735485        10  0.1330698        0      0            0.772
INFO  [17:28:18.185] [bbotk]                                 uhash
INFO  [17:28:18.185] [bbotk]  f34eac93-c97f-497b-b6b5-5b367130c288
INFO  [17:28:18.189] [bbotk] Evaluating 1 configuration(s)
INFO  [17:28:18.725] [bbotk] Result of batch 2:
INFO  [17:28:18.726] [bbotk]  nrounds       eta max_depth classif.ce warnings errors runtime_learners
INFO  [17:28:18.726] [bbotk]      160 0.2931982         6  0.1370224        0      0            0.495
INFO  [17:28:18.726] [bbotk]                                 uhash
INFO  [17:28:18.726] [bbotk]  f768740d-99c1-46d0-b201-e2e3871b7c0f
INFO  [17:28:18.730] [bbotk] Evaluating 1 configuration(s)
INFO  [17:28:20.244] [bbotk] Result of batch 3:
INFO  [17:28:20.245] [bbotk]  nrounds        eta max_depth classif.ce warnings errors runtime_learners
INFO  [17:28:20.245] [bbotk]      295 0.02484445         7  0.1422925        0      0            1.484
INFO  [17:28:20.245] [bbotk]                                 uhash
INFO  [17:28:20.245] [bbotk]  46438d57-62bd-4643-906e-4f7fd51c6d19
INFO  [17:28:20.254] [bbotk] Evaluating 1 configuration(s)
INFO  [17:28:20.762] [bbotk] Result of batch 4:
INFO  [17:28:20.763] [bbotk]  nrounds       eta max_depth classif.ce warnings errors runtime_learners
INFO  [17:28:20.763] [bbotk]      240 0.2645567         3  0.1396574        0      0            0.468
INFO  [17:28:20.763] [bbotk]                                 uhash
INFO  [17:28:20.763] [bbotk]  acd30d4d-7ab3-4e83-bf7d-7540a606d675
INFO  [17:28:20.768] [bbotk] Evaluating 1 configuration(s)
INFO  [17:28:21.019] [bbotk] Result of batch 5:
INFO  [17:28:21.020] [bbotk]  nrounds       eta max_depth classif.ce warnings errors runtime_learners
INFO  [17:28:21.020] [bbotk]       57 0.1790419         5  0.1317523        0      0            0.198
INFO  [17:28:21.020] [bbotk]                                 uhash
INFO  [17:28:21.020] [bbotk]  9e742587-ec82-45a4-8210-256733a36533
INFO  [17:28:21.026] [bbotk] Evaluating 1 configuration(s)
INFO  [17:28:21.634] [bbotk] Result of batch 6:
INFO  [17:28:21.635] [bbotk]  nrounds       eta max_depth classif.ce warnings errors runtime_learners
INFO  [17:28:21.635] [bbotk]      172 0.2777318         8  0.1357049        0      0            0.559
INFO  [17:28:21.635] [bbotk]                                 uhash
INFO  [17:28:21.635] [bbotk]  f3fee1d5-59a1-4985-bd39-41a4bd8899d7
INFO  [17:28:21.639] [bbotk] Evaluating 1 configuration(s)
INFO  [17:28:22.269] [bbotk] Result of batch 7:
INFO  [17:28:22.271] [bbotk]  nrounds       eta max_depth classif.ce warnings errors runtime_learners
INFO  [17:28:22.271] [bbotk]      182 0.2665574         9  0.1383399        0      0            0.579
INFO  [17:28:22.271] [bbotk]                                 uhash
INFO  [17:28:22.271] [bbotk]  934c555d-a021-4fcf-9590-76267843f949
INFO  [17:28:22.281] [bbotk] Evaluating 1 configuration(s)
INFO  [17:28:22.746] [bbotk] Result of batch 8:
INFO  [17:28:22.747] [bbotk]  nrounds       eta max_depth classif.ce warnings errors runtime_learners
INFO  [17:28:22.747] [bbotk]      176 0.2592263         4  0.1370224        0      0            0.427
INFO  [17:28:22.747] [bbotk]                                 uhash
INFO  [17:28:22.747] [bbotk]  9ba6e513-c5af-4d5a-9238-32893d1ebf03
INFO  [17:28:22.753] [bbotk] Evaluating 1 configuration(s)
INFO  [17:28:24.233] [bbotk] Result of batch 9:
INFO  [17:28:24.234] [bbotk]  nrounds        eta max_depth classif.ce warnings errors runtime_learners
INFO  [17:28:24.234] [bbotk]      270 0.02203626         7  0.1383399        0      0            1.434
INFO  [17:28:24.234] [bbotk]                                 uhash
INFO  [17:28:24.234] [bbotk]  958efb1f-7092-4fff-8e8f-74020e094ad2
INFO  [17:28:24.238] [bbotk] Evaluating 1 configuration(s)
INFO  [17:28:24.794] [bbotk] Result of batch 10:
INFO  [17:28:24.795] [bbotk]  nrounds       eta max_depth classif.ce warnings errors runtime_learners
INFO  [17:28:24.795] [bbotk]      141 0.2404631         7  0.1343874        0      0            0.521
INFO  [17:28:24.795] [bbotk]                                 uhash
INFO  [17:28:24.795] [bbotk]  aa08cdc1-832b-4032-8456-962dae940aa3
INFO  [17:28:24.804] [bbotk] Finished optimizing after 10 evaluation(s)
INFO  [17:28:24.804] [bbotk] Result:
INFO  [17:28:24.805] [bbotk]  nrounds       eta max_depth learner_param_vals  x_domain classif.ce
INFO  [17:28:24.805] [bbotk]    <int>     <num>     <int>             <list>    <list>      <num>
INFO  [17:28:24.805] [bbotk]       57 0.1790419         5          <list[5]> <list[3]>  0.1317523
INFO  [17:28:24.980] [bbotk] Starting to optimize 3 parameter(s) with '<OptimizerBatchRandomSearch>' and '<TerminatorEvals> [n_evals=10, k=0]'
INFO  [17:28:24.999] [bbotk] Evaluating 1 configuration(s)
INFO  [17:28:25.491] [bbotk] Result of batch 1:
INFO  [17:28:25.493] [bbotk]  nrounds       eta max_depth classif.ce warnings errors runtime_learners
INFO  [17:28:25.493] [bbotk]      197 0.2776678         3  0.1396574        0      0            0.448
INFO  [17:28:25.493] [bbotk]                                 uhash
INFO  [17:28:25.493] [bbotk]  d00146e7-e68a-4279-899c-7ceb70ece2c8
INFO  [17:28:25.503] [bbotk] Evaluating 1 configuration(s)
INFO  [17:28:25.860] [bbotk] Result of batch 2:
INFO  [17:28:25.861] [bbotk]  nrounds       eta max_depth classif.ce warnings errors runtime_learners
INFO  [17:28:25.861] [bbotk]       93 0.1468024         4  0.1422925        0      0            0.317
INFO  [17:28:25.861] [bbotk]                                 uhash
INFO  [17:28:25.861] [bbotk]  58148256-0cbc-4e8d-bd8b-0a1f68a86e1d
INFO  [17:28:25.867] [bbotk] Evaluating 1 configuration(s)
INFO  [17:28:26.852] [bbotk] Result of batch 3:
INFO  [17:28:26.853] [bbotk]  nrounds      eta max_depth classif.ce warnings errors runtime_learners
INFO  [17:28:26.853] [bbotk]      276 0.173086         8  0.1383399        0      0            0.956
INFO  [17:28:26.853] [bbotk]                                 uhash
INFO  [17:28:26.853] [bbotk]  19f173dc-745c-4e8b-a7b4-9c419ba7aa3d
INFO  [17:28:26.858] [bbotk] Evaluating 1 configuration(s)
INFO  [17:28:27.347] [bbotk] Result of batch 4:
INFO  [17:28:27.349] [bbotk]  nrounds       eta max_depth classif.ce warnings errors runtime_learners
INFO  [17:28:27.349] [bbotk]      110 0.2075277         7  0.1357049        0      0            0.453
INFO  [17:28:27.349] [bbotk]                                 uhash
INFO  [17:28:27.349] [bbotk]  3c474bd7-99ba-4654-b81e-6a130adcb0ce
INFO  [17:28:27.358] [bbotk] Evaluating 1 configuration(s)
INFO  [17:28:28.766] [bbotk] Result of batch 5:
INFO  [17:28:28.768] [bbotk]  nrounds        eta max_depth classif.ce warnings errors runtime_learners
INFO  [17:28:28.768] [bbotk]      297 0.08312661        10  0.1396574        0      0            1.348
INFO  [17:28:28.768] [bbotk]                                 uhash
INFO  [17:28:28.768] [bbotk]  4383ae9b-e240-4e10-a530-b818f0d822cc
INFO  [17:28:28.777] [bbotk] Evaluating 1 configuration(s)
INFO  [17:28:29.202] [bbotk] Result of batch 6:
INFO  [17:28:29.203] [bbotk]  nrounds       eta max_depth classif.ce warnings errors runtime_learners
INFO  [17:28:29.203] [bbotk]       91 0.2584337         5  0.1370224        0      0            0.377
INFO  [17:28:29.203] [bbotk]                                 uhash
INFO  [17:28:29.203] [bbotk]  76259e75-5095-4aae-a8ed-58223d8ee2f3
INFO  [17:28:29.216] [bbotk] Evaluating 1 configuration(s)
INFO  [17:28:29.587] [bbotk] Result of batch 7:
INFO  [17:28:29.588] [bbotk]  nrounds       eta max_depth classif.ce warnings errors runtime_learners
INFO  [17:28:29.588] [bbotk]      120 0.1272262         3  0.1370224        0      0            0.323
INFO  [17:28:29.588] [bbotk]                                 uhash
INFO  [17:28:29.588] [bbotk]  1453e1ec-b99e-4448-bb15-04fee0a5592a
INFO  [17:28:29.591] [bbotk] Evaluating 1 configuration(s)
INFO  [17:28:30.153] [bbotk] Result of batch 8:
INFO  [17:28:30.154] [bbotk]  nrounds        eta max_depth classif.ce warnings errors runtime_learners
INFO  [17:28:30.154] [bbotk]      294 0.06460779         2   0.140975        0      0            0.512
INFO  [17:28:30.154] [bbotk]                                 uhash
INFO  [17:28:30.154] [bbotk]  d5dd4458-fd0d-415d-8422-ba187a051ad7
INFO  [17:28:30.161] [bbotk] Evaluating 1 configuration(s)
INFO  [17:28:30.996] [bbotk] Result of batch 9:
INFO  [17:28:30.997] [bbotk]  nrounds      eta max_depth classif.ce warnings errors runtime_learners
INFO  [17:28:30.997] [bbotk]      245 0.209998         8  0.1370224        0      0            0.805
INFO  [17:28:30.997] [bbotk]                                 uhash
INFO  [17:28:30.997] [bbotk]  a4734ce0-2e69-4b81-a934-24da9ee88637
INFO  [17:28:31.008] [bbotk] Evaluating 1 configuration(s)
INFO  [17:28:31.539] [bbotk] Result of batch 10:
INFO  [17:28:31.541] [bbotk]  nrounds        eta max_depth classif.ce warnings errors runtime_learners
INFO  [17:28:31.541] [bbotk]      158 0.07621853         4  0.1343874        0      0            0.487
INFO  [17:28:31.541] [bbotk]                                 uhash
INFO  [17:28:31.541] [bbotk]  12164d2b-e59f-43c3-aa96-8495ec9a0725
INFO  [17:28:31.555] [bbotk] Finished optimizing after 10 evaluation(s)
INFO  [17:28:31.555] [bbotk] Result:
INFO  [17:28:31.556] [bbotk]  nrounds        eta max_depth learner_param_vals  x_domain classif.ce
INFO  [17:28:31.556] [bbotk]    <int>      <num>     <int>             <list>    <list>      <num>
INFO  [17:28:31.556] [bbotk]      158 0.07621853         4          <list[5]> <list[3]>  0.1343874
INFO  [17:28:31.789] [bbotk] Starting to optimize 3 parameter(s) with '<OptimizerBatchRandomSearch>' and '<TerminatorEvals> [n_evals=10, k=0]'
INFO  [17:28:31.803] [bbotk] Evaluating 1 configuration(s)
INFO  [17:28:32.385] [bbotk] Result of batch 1:
INFO  [17:28:32.386] [bbotk]  nrounds       eta max_depth classif.ce warnings errors runtime_learners
INFO  [17:28:32.386] [bbotk]      189 0.1952629         4  0.1302792        0      0            0.526
INFO  [17:28:32.386] [bbotk]                                 uhash
INFO  [17:28:32.386] [bbotk]  2b5afd4a-5c68-449f-8de6-6d6a60d3df29
INFO  [17:28:32.390] [bbotk] Evaluating 1 configuration(s)
INFO  [17:28:33.185] [bbotk] Result of batch 2:
INFO  [17:28:33.186] [bbotk]  nrounds       eta max_depth classif.ce warnings errors runtime_learners
INFO  [17:28:33.186] [bbotk]      263 0.2266305         7  0.1302844        0      0            0.754
INFO  [17:28:33.186] [bbotk]                                 uhash
INFO  [17:28:33.186] [bbotk]  c5bd6f6d-849a-4088-b405-799fb0aaf22f
INFO  [17:28:33.189] [bbotk] Evaluating 1 configuration(s)
INFO  [17:28:34.102] [bbotk] Result of batch 3:
INFO  [17:28:34.103] [bbotk]  nrounds        eta max_depth classif.ce warnings errors runtime_learners
INFO  [17:28:34.103] [bbotk]      207 0.05114728         5  0.1394759        0      0            0.845
INFO  [17:28:34.103] [bbotk]                                 uhash
INFO  [17:28:34.103] [bbotk]  d0085e38-095a-49c0-8a3f-cc6ed91da329
INFO  [17:28:34.107] [bbotk] Evaluating 1 configuration(s)
INFO  [17:28:34.505] [bbotk] Result of batch 4:
INFO  [17:28:34.507] [bbotk]  nrounds        eta max_depth classif.ce warnings errors runtime_learners
INFO  [17:28:34.507] [bbotk]      196 0.06180319         2  0.1342369        0      0            0.343
INFO  [17:28:34.507] [bbotk]                                 uhash
INFO  [17:28:34.507] [bbotk]  6bcc9b60-53b7-4133-9569-b8f980e8b6f5
INFO  [17:28:34.521] [bbotk] Evaluating 1 configuration(s)
INFO  [17:28:34.993] [bbotk] Result of batch 5:
INFO  [17:28:34.994] [bbotk]  nrounds        eta max_depth classif.ce warnings errors runtime_learners
INFO  [17:28:34.994] [bbotk]      188 0.07507069         3  0.1329038        0      0            0.438
INFO  [17:28:34.994] [bbotk]                                 uhash
INFO  [17:28:34.994] [bbotk]  e6ecafc9-8a65-45f8-8aa3-73ee09e6d73d
INFO  [17:28:35.004] [bbotk] Evaluating 1 configuration(s)
INFO  [17:28:35.375] [bbotk] Result of batch 6:
INFO  [17:28:35.376] [bbotk]  nrounds        eta max_depth classif.ce warnings errors runtime_learners
INFO  [17:28:35.376] [bbotk]       79 0.03712807         4  0.1500316        0      0            0.297
INFO  [17:28:35.376] [bbotk]                                 uhash
INFO  [17:28:35.376] [bbotk]  a015f5d3-2716-4e59-9751-a3b3ca8ffc0c
INFO  [17:28:35.380] [bbotk] Evaluating 1 configuration(s)
INFO  [17:28:36.199] [bbotk] Result of batch 7:
INFO  [17:28:36.200] [bbotk]  nrounds        eta max_depth classif.ce warnings errors runtime_learners
INFO  [17:28:36.200] [bbotk]      143 0.07056149        10  0.1381636        0      0            0.775
INFO  [17:28:36.200] [bbotk]                                 uhash
INFO  [17:28:36.200] [bbotk]  523bb135-f425-4800-8f28-62232403be04
INFO  [17:28:36.207] [bbotk] Evaluating 1 configuration(s)
INFO  [17:28:37.032] [bbotk] Result of batch 8:
INFO  [17:28:37.034] [bbotk]  nrounds       eta max_depth classif.ce warnings errors runtime_learners
INFO  [17:28:37.034] [bbotk]      283 0.1371427         5   0.134211        0      0            0.768
INFO  [17:28:37.034] [bbotk]                                 uhash
INFO  [17:28:37.034] [bbotk]  129ad574-cdb6-4ac8-b74d-8f0cd6d9d410
INFO  [17:28:37.050] [bbotk] Evaluating 1 configuration(s)
INFO  [17:28:37.737] [bbotk] Result of batch 9:
INFO  [17:28:37.740] [bbotk]  nrounds        eta max_depth classif.ce warnings errors runtime_learners
INFO  [17:28:37.740] [bbotk]      213 0.02215665         4   0.139507        0      0            0.644
INFO  [17:28:37.740] [bbotk]                                 uhash
INFO  [17:28:37.740] [bbotk]  ecb693ab-7477-4c8f-b019-fb876ed868b4
INFO  [17:28:37.751] [bbotk] Evaluating 1 configuration(s)
INFO  [17:28:38.225] [bbotk] Result of batch 10:
INFO  [17:28:38.226] [bbotk]  nrounds       eta max_depth classif.ce warnings errors runtime_learners
INFO  [17:28:38.226] [bbotk]       78 0.1774234         8  0.1460635        0      0            0.426
INFO  [17:28:38.226] [bbotk]                                 uhash
INFO  [17:28:38.226] [bbotk]  64f1de06-8b17-4f3d-b90b-672964968ca2
INFO  [17:28:38.235] [bbotk] Finished optimizing after 10 evaluation(s)
INFO  [17:28:38.235] [bbotk] Result:
INFO  [17:28:38.236] [bbotk]  nrounds       eta max_depth learner_param_vals  x_domain classif.ce
INFO  [17:28:38.236] [bbotk]    <int>     <num>     <int>             <list>    <list>      <num>
INFO  [17:28:38.236] [bbotk]      189 0.1952629         4          <list[5]> <list[3]>  0.1302792

### [bt]: Job terminated successfully [batchtools job.id=3051]
### [bt]: Starting job [batchtools job.id=3052]
### [bt]: Generating problem instance for problem '6390d9e81da17366' ...
### [bt]: Applying algorithm 'run_learner' on problem '6390d9e81da17366' for job 3052 (seed = 3053) ...
INFO  [17:28:38.625] [mlr3] Applying learner 'classif.xgboost.tuned_calib.perfold_isotonic' on task 'qsar-biodeg' (iter 2/10)
INFO  [17:28:38.680] [bbotk] Starting to optimize 3 parameter(s) with '<OptimizerBatchRandomSearch>' and '<TerminatorEvals> [n_evals=10, k=0]'
INFO  [17:28:38.696] [bbotk] Evaluating 1 configuration(s)
INFO  [17:28:40.297] [bbotk] Result of batch 1:
INFO  [17:28:40.298] [bbotk]  nrounds        eta max_depth classif.ce warnings errors runtime_learners
INFO  [17:28:40.298] [bbotk]      279 0.02086154        10  0.1475626        0      0             1.56
INFO  [17:28:40.298] [bbotk]                                 uhash
INFO  [17:28:40.298] [bbotk]  a1779bf2-0489-433d-b70c-775e4a92b9de
INFO  [17:28:40.302] [bbotk] Evaluating 1 configuration(s)
INFO  [17:28:40.465] [bbotk] Result of batch 2:
INFO  [17:28:40.467] [bbotk]  nrounds       eta max_depth classif.ce warnings errors runtime_learners
INFO  [17:28:40.467] [bbotk]       63 0.1224317         2  0.1554677        0      0            0.112
INFO  [17:28:40.467] [bbotk]                                 uhash
INFO  [17:28:40.467] [bbotk]  b81d315f-d2dd-49dc-bf40-b0e834a0463a
INFO  [17:28:40.482] [bbotk] Evaluating 1 configuration(s)
INFO  [17:28:40.765] [bbotk] Result of batch 3:
INFO  [17:28:40.765] [bbotk]  nrounds       eta max_depth classif.ce warnings errors runtime_learners
INFO  [17:28:40.765] [bbotk]      181 0.2914316         2  0.1488801        0      0            0.253
INFO  [17:28:40.765] [bbotk]                                 uhash
INFO  [17:28:40.765] [bbotk]  561cf0fb-e348-44b7-ac01-ed19cb2ed89d
INFO  [17:28:40.774] [bbotk] Evaluating 1 configuration(s)
INFO  [17:28:41.495] [bbotk] Result of batch 4:
INFO  [17:28:41.496] [bbotk]  nrounds       eta max_depth classif.ce warnings errors runtime_learners
INFO  [17:28:41.496] [bbotk]      300 0.2393391         3  0.1396574        0      0            0.681
INFO  [17:28:41.496] [bbotk]                                 uhash
INFO  [17:28:41.496] [bbotk]  75e201d6-63d3-49d8-accc-f1a01307745f
INFO  [17:28:41.500] [bbotk] Evaluating 1 configuration(s)
INFO  [17:28:42.175] [bbotk] Result of batch 5:
INFO  [17:28:42.176] [bbotk]  nrounds        eta max_depth classif.ce warnings errors runtime_learners
INFO  [17:28:42.176] [bbotk]      162 0.08122114         7  0.1541502        0      0            0.626
INFO  [17:28:42.176] [bbotk]                                 uhash
INFO  [17:28:42.176] [bbotk]  898fdc98-115c-4ed8-87b3-5a18d68c383e
INFO  [17:28:42.180] [bbotk] Evaluating 1 configuration(s)
INFO  [17:28:42.407] [bbotk] Result of batch 6:
INFO  [17:28:42.408] [bbotk]  nrounds       eta max_depth classif.ce warnings errors runtime_learners
INFO  [17:28:42.408] [bbotk]      128 0.2690677         2  0.1449275        0      0            0.191
INFO  [17:28:42.408] [bbotk]                                 uhash
INFO  [17:28:42.408] [bbotk]  03763eb2-edc6-4f93-88d2-2e59e238fd15
INFO  [17:28:42.412] [bbotk] Evaluating 1 configuration(s)
INFO  [17:28:43.159] [bbotk] Result of batch 7:
INFO  [17:28:43.161] [bbotk]  nrounds       eta max_depth classif.ce warnings errors runtime_learners
INFO  [17:28:43.161] [bbotk]      210 0.1917886         7  0.1567852        0      0            0.715
INFO  [17:28:43.161] [bbotk]                                 uhash
INFO  [17:28:43.161] [bbotk]  29398f68-a96f-4fff-bcd8-603cf9c7b95f
INFO  [17:28:43.170] [bbotk] Evaluating 1 configuration(s)
INFO  [17:28:43.931] [bbotk] Result of batch 8:
INFO  [17:28:43.933] [bbotk]  nrounds        eta max_depth classif.ce warnings errors runtime_learners
INFO  [17:28:43.933] [bbotk]      150 0.07964793         9  0.1488801        0      0            0.719
INFO  [17:28:43.933] [bbotk]                                 uhash
INFO  [17:28:43.933] [bbotk]  f31c5d62-81e3-44ef-b39a-e4ad73884813
INFO  [17:28:43.942] [bbotk] Evaluating 1 configuration(s)
INFO  [17:28:44.708] [bbotk] Result of batch 9:
INFO  [17:28:44.709] [bbotk]  nrounds       eta max_depth classif.ce warnings errors runtime_learners
INFO  [17:28:44.709] [bbotk]      239 0.2995268         8  0.1567852        0      0            0.718
INFO  [17:28:44.709] [bbotk]                                 uhash
INFO  [17:28:44.709] [bbotk]  a28dcd04-9484-4d6e-bc67-1ac50e9ce69e
INFO  [17:28:44.713] [bbotk] Evaluating 1 configuration(s)
INFO  [17:28:44.971] [bbotk] Result of batch 10:
INFO  [17:28:44.972] [bbotk]  nrounds       eta max_depth classif.ce warnings errors runtime_learners
INFO  [17:28:44.972] [bbotk]       82 0.2403636         3  0.1396574        0      0            0.208
INFO  [17:28:44.972] [bbotk]                                 uhash
INFO  [17:28:44.972] [bbotk]  7f5f6fec-c32c-4861-842d-7fb0ca0fe0fb
INFO  [17:28:45.092] [bbotk] Finished optimizing after 10 evaluation(s)
INFO  [17:28:45.100] [bbotk] Result:
INFO  [17:28:45.103] [bbotk]  nrounds       eta max_depth learner_param_vals  x_domain classif.ce
INFO  [17:28:45.103] [bbotk]    <int>     <num>     <int>             <list>    <list>      <num>
INFO  [17:28:45.103] [bbotk]      300 0.2393391         3          <list[5]> <list[3]>  0.1396574
INFO  [17:28:45.515] [bbotk] Starting to optimize 3 parameter(s) with '<OptimizerBatchRandomSearch>' and '<TerminatorEvals> [n_evals=10, k=0]'
INFO  [17:28:45.540] [bbotk] Evaluating 1 configuration(s)
INFO  [17:28:46.047] [bbotk] Result of batch 1:
INFO  [17:28:46.048] [bbotk]  nrounds       eta max_depth classif.ce warnings errors runtime_learners
INFO  [17:28:46.048] [bbotk]      133 0.2592501         9    0.14361        0      0            0.443
INFO  [17:28:46.048] [bbotk]                                 uhash
INFO  [17:28:46.048] [bbotk]  c461015d-df4a-4315-8fd1-26a9e9418195
INFO  [17:28:46.052] [bbotk] Evaluating 1 configuration(s)
INFO  [17:28:46.884] [bbotk] Result of batch 2:
INFO  [17:28:46.886] [bbotk]  nrounds        eta max_depth classif.ce warnings errors runtime_learners
INFO  [17:28:46.886] [bbotk]      285 0.02879264         4  0.1422925        0      0            0.802
INFO  [17:28:46.886] [bbotk]                                 uhash
INFO  [17:28:46.886] [bbotk]  b5addaed-5083-41b4-8765-246579a8fbb1
INFO  [17:28:46.891] [bbotk] Evaluating 1 configuration(s)
INFO  [17:28:47.401] [bbotk] Result of batch 3:
INFO  [17:28:47.402] [bbotk]  nrounds        eta max_depth classif.ce warnings errors runtime_learners
INFO  [17:28:47.402] [bbotk]       81 0.04458782        10  0.1449275        0      0            0.476
INFO  [17:28:47.402] [bbotk]                                 uhash
INFO  [17:28:47.402] [bbotk]  ab30c936-4874-4cc0-8828-e86119c670c3
INFO  [17:28:47.407] [bbotk] Evaluating 1 configuration(s)
INFO  [17:28:47.964] [bbotk] Result of batch 4:
INFO  [17:28:47.965] [bbotk]  nrounds       eta max_depth classif.ce warnings errors runtime_learners
INFO  [17:28:47.965] [bbotk]      152 0.2922639         8  0.1501976        0      0            0.513
INFO  [17:28:47.965] [bbotk]                                 uhash
INFO  [17:28:47.965] [bbotk]  7e1470ae-a090-4eca-b543-212711c5426e
INFO  [17:28:47.970] [bbotk] Evaluating 1 configuration(s)
INFO  [17:28:48.763] [bbotk] Result of batch 5:
INFO  [17:28:48.765] [bbotk]  nrounds       eta max_depth classif.ce warnings errors runtime_learners
INFO  [17:28:48.765] [bbotk]      210 0.1269326         6  0.1383399        0      0            0.755
INFO  [17:28:48.765] [bbotk]                                 uhash
INFO  [17:28:48.765] [bbotk]  cab4e38c-c0cb-485a-b3ee-16c820d331ea
INFO  [17:28:48.775] [bbotk] Evaluating 1 configuration(s)
INFO  [17:28:49.942] [bbotk] Result of batch 6:
INFO  [17:28:49.944] [bbotk]  nrounds        eta max_depth classif.ce warnings errors runtime_learners
INFO  [17:28:49.944] [bbotk]      188 0.01674354        10  0.1528327        0      0            1.124
INFO  [17:28:49.944] [bbotk]                                 uhash
INFO  [17:28:49.944] [bbotk]  a05845b2-ec28-45fb-b703-902b6a20a654
INFO  [17:28:49.949] [bbotk] Evaluating 1 configuration(s)
INFO  [17:28:50.739] [bbotk] Result of batch 7:
INFO  [17:28:50.741] [bbotk]  nrounds       eta max_depth classif.ce warnings errors runtime_learners
INFO  [17:28:50.741] [bbotk]      152 0.1093676        10  0.1396574        0      0            0.728
INFO  [17:28:50.741] [bbotk]                                 uhash
INFO  [17:28:50.741] [bbotk]  27b924c1-cdc9-4f4e-92d4-fa72a405e980
INFO  [17:28:50.745] [bbotk] Evaluating 1 configuration(s)
INFO  [17:28:51.136] [bbotk] Result of batch 8:
INFO  [17:28:51.137] [bbotk]  nrounds       eta max_depth classif.ce warnings errors runtime_learners
INFO  [17:28:51.137] [bbotk]       70 0.2374051         7  0.1475626        0      0            0.343
INFO  [17:28:51.137] [bbotk]                                 uhash
INFO  [17:28:51.137] [bbotk]  fc82456b-7e33-48a7-80c0-682971998870
INFO  [17:28:51.141] [bbotk] Evaluating 1 configuration(s)
INFO  [17:28:51.821] [bbotk] Result of batch 9:
INFO  [17:28:51.822] [bbotk]  nrounds       eta max_depth classif.ce warnings errors runtime_learners
INFO  [17:28:51.822] [bbotk]      197 0.2028015         6  0.1449275        0      0            0.645
INFO  [17:28:51.822] [bbotk]                                 uhash
INFO  [17:28:51.822] [bbotk]  4ab2cede-5a12-4c38-bc8d-e0e700826cf9
INFO  [17:28:51.826] [bbotk] Evaluating 1 configuration(s)
INFO  [17:28:52.644] [bbotk] Result of batch 10:
INFO  [17:28:52.646] [bbotk]  nrounds       eta max_depth classif.ce warnings errors runtime_learners
INFO  [17:28:52.646] [bbotk]      244 0.1545286         5  0.1449275        0      0            0.774
INFO  [17:28:52.646] [bbotk]                                 uhash
INFO  [17:28:52.646] [bbotk]  0ca7780d-50d1-43a9-a7d5-b5442ca6df79
INFO  [17:28:52.669] [bbotk] Finished optimizing after 10 evaluation(s)
INFO  [17:28:52.669] [bbotk] Result:
INFO  [17:28:52.670] [bbotk]  nrounds       eta max_depth learner_param_vals  x_domain classif.ce
INFO  [17:28:52.670] [bbotk]    <int>     <num>     <int>             <list>    <list>      <num>
INFO  [17:28:52.670] [bbotk]      210 0.1269326         6          <list[5]> <list[3]>  0.1383399
INFO  [17:28:53.113] [bbotk] Starting to optimize 3 parameter(s) with '<OptimizerBatchRandomSearch>' and '<TerminatorEvals> [n_evals=10, k=0]'
INFO  [17:28:53.135] [bbotk] Evaluating 1 configuration(s)
INFO  [17:28:53.882] [bbotk] Result of batch 1:
INFO  [17:28:53.883] [bbotk]  nrounds       eta max_depth classif.ce warnings errors runtime_learners
INFO  [17:28:53.883] [bbotk]      212 0.2681978        10   0.140975        0      0            0.716
INFO  [17:28:53.883] [bbotk]                                 uhash
INFO  [17:28:53.883] [bbotk]  24518f10-8934-4237-83f6-c4d8bd5ddb03
INFO  [17:28:53.887] [bbotk] Evaluating 1 configuration(s)
INFO  [17:28:54.551] [bbotk] Result of batch 2:
INFO  [17:28:54.552] [bbotk]  nrounds       eta max_depth classif.ce warnings errors runtime_learners
INFO  [17:28:54.552] [bbotk]      215 0.2799308         5   0.140975        0      0            0.632
INFO  [17:28:54.552] [bbotk]                                 uhash
INFO  [17:28:54.552] [bbotk]  3cd3c304-baff-46c2-83e1-ae15bc2062bb
INFO  [17:28:54.557] [bbotk] Evaluating 1 configuration(s)
INFO  [17:28:54.781] [bbotk] Result of batch 3:
INFO  [17:28:54.782] [bbotk]  nrounds       eta max_depth classif.ce warnings errors runtime_learners
INFO  [17:28:54.782] [bbotk]       64 0.2625965         3  0.1383399        0      0            0.159
INFO  [17:28:54.782] [bbotk]                                 uhash
INFO  [17:28:54.782] [bbotk]  4e09364e-a59d-478b-826a-44f04faf7426
INFO  [17:28:54.786] [bbotk] Evaluating 1 configuration(s)
INFO  [17:28:55.388] [bbotk] Result of batch 4:
INFO  [17:28:55.390] [bbotk]  nrounds       eta max_depth classif.ce warnings errors runtime_learners
INFO  [17:28:55.390] [bbotk]      192 0.2579497         5  0.1383399        0      0            0.567
INFO  [17:28:55.390] [bbotk]                                 uhash
INFO  [17:28:55.390] [bbotk]  869c92f7-b5ec-4971-b638-9ead1663f62e
INFO  [17:28:55.399] [bbotk] Evaluating 1 configuration(s)
INFO  [17:28:55.643] [bbotk] Result of batch 5:
INFO  [17:28:55.646] [bbotk]  nrounds       eta max_depth classif.ce warnings errors runtime_learners
INFO  [17:28:55.646] [bbotk]       59 0.1616351         4   0.140975        0      0            0.205
INFO  [17:28:55.646] [bbotk]                                 uhash
INFO  [17:28:55.646] [bbotk]  d9284f76-d2a3-46a4-a66e-46862562eafc
INFO  [17:28:55.650] [bbotk] Evaluating 1 configuration(s)
INFO  [17:28:56.787] [bbotk] Result of batch 6:
INFO  [17:28:56.789] [bbotk]  nrounds        eta max_depth classif.ce warnings errors runtime_learners
INFO  [17:28:56.789] [bbotk]      216 0.04916564        10   0.140975        0      0            1.102
INFO  [17:28:56.789] [bbotk]                                 uhash
INFO  [17:28:56.789] [bbotk]  4eb4c624-ff23-4835-9349-4880a1583d1d
INFO  [17:28:56.798] [bbotk] Evaluating 1 configuration(s)
INFO  [17:28:57.451] [bbotk] Result of batch 7:
INFO  [17:28:57.452] [bbotk]  nrounds       eta max_depth classif.ce warnings errors runtime_learners
INFO  [17:28:57.452] [bbotk]      236 0.2753547         5  0.1370224        0      0             0.61
INFO  [17:28:57.452] [bbotk]                                 uhash
INFO  [17:28:57.452] [bbotk]  947c1f18-3e14-4d10-95b5-b9099cea5f94
INFO  [17:28:57.466] [bbotk] Evaluating 1 configuration(s)
INFO  [17:28:58.438] [bbotk] Result of batch 8:
INFO  [17:28:58.441] [bbotk]  nrounds      eta max_depth classif.ce warnings errors runtime_learners
INFO  [17:28:58.441] [bbotk]      217 0.185533         9  0.1330698        0      0            0.913
INFO  [17:28:58.441] [bbotk]                                 uhash
INFO  [17:28:58.441] [bbotk]  cfa799ca-7351-48f5-827e-8a837a1a237f
INFO  [17:28:58.445] [bbotk] Evaluating 1 configuration(s)
INFO  [17:28:58.659] [bbotk] Result of batch 9:
INFO  [17:28:58.660] [bbotk]  nrounds        eta max_depth classif.ce warnings errors runtime_learners
INFO  [17:28:58.660] [bbotk]       74 0.09892979         3  0.1370224        0      0            0.172
INFO  [17:28:58.660] [bbotk]                                 uhash
INFO  [17:28:58.660] [bbotk]  ae01d2b8-b2ce-4aa1-80ef-2c8383b5c0a3
INFO  [17:28:58.665] [bbotk] Evaluating 1 configuration(s)
INFO  [17:28:59.729] [bbotk] Result of batch 10:
INFO  [17:28:59.730] [bbotk]  nrounds        eta max_depth classif.ce warnings errors runtime_learners
INFO  [17:28:59.730] [bbotk]      214 0.09462694         9  0.1343874        0      0            1.018
INFO  [17:28:59.730] [bbotk]                                 uhash
INFO  [17:28:59.730] [bbotk]  3eda027f-362f-4153-92f1-6a40bb67b705
INFO  [17:28:59.743] [bbotk] Finished optimizing after 10 evaluation(s)
INFO  [17:28:59.744] [bbotk] Result:
INFO  [17:28:59.744] [bbotk]  nrounds      eta max_depth learner_param_vals  x_domain classif.ce
INFO  [17:28:59.744] [bbotk]    <int>    <num>     <int>             <list>    <list>      <num>
INFO  [17:28:59.744] [bbotk]      217 0.185533         9          <list[5]> <list[3]>  0.1330698
INFO  [17:29:00.222] [bbotk] Starting to optimize 3 parameter(s) with '<OptimizerBatchRandomSearch>' and '<TerminatorEvals> [n_evals=10, k=0]'
INFO  [17:29:00.241] [bbotk] Evaluating 1 configuration(s)
INFO  [17:29:01.182] [bbotk] Result of batch 1:
INFO  [17:29:01.185] [bbotk]  nrounds       eta max_depth classif.ce warnings errors runtime_learners
INFO  [17:29:01.185] [bbotk]      240 0.1455661         7  0.1264822        0      0            0.892
INFO  [17:29:01.185] [bbotk]                                 uhash
INFO  [17:29:01.185] [bbotk]  08569bcd-1d43-489f-9927-0e2ba5f2fcc6
INFO  [17:29:01.202] [bbotk] Evaluating 1 configuration(s)
INFO  [17:29:02.618] [bbotk] Result of batch 2:
INFO  [17:29:02.619] [bbotk]  nrounds        eta max_depth classif.ce warnings errors runtime_learners
INFO  [17:29:02.619] [bbotk]      239 0.01138344         9   0.140975        0      0            1.358
INFO  [17:29:02.619] [bbotk]                                 uhash
INFO  [17:29:02.619] [bbotk]  41c15159-2711-4da6-bc03-c87a4b662ab1
INFO  [17:29:02.623] [bbotk] Evaluating 1 configuration(s)
INFO  [17:29:02.915] [bbotk] Result of batch 3:
INFO  [17:29:02.917] [bbotk]  nrounds       eta max_depth classif.ce warnings errors runtime_learners
INFO  [17:29:02.917] [bbotk]      177 0.1199936         2  0.1304348        0      0            0.255
INFO  [17:29:02.917] [bbotk]                                 uhash
INFO  [17:29:02.917] [bbotk]  02abe123-69d8-4eb6-b260-cd5df2ae995e
INFO  [17:29:02.923] [bbotk] Evaluating 1 configuration(s)
INFO  [17:29:03.134] [bbotk] Result of batch 4:
INFO  [17:29:03.135] [bbotk]  nrounds      eta max_depth classif.ce warnings errors runtime_learners
INFO  [17:29:03.135] [bbotk]       81 0.209069         3  0.1317523        0      0            0.175
INFO  [17:29:03.135] [bbotk]                                 uhash
INFO  [17:29:03.135] [bbotk]  30fd9acb-d151-4082-a4ec-1ad42300e580
INFO  [17:29:03.147] [bbotk] Evaluating 1 configuration(s)
INFO  [17:29:03.960] [bbotk] Result of batch 5:
INFO  [17:29:03.963] [bbotk]  nrounds       eta max_depth classif.ce warnings errors runtime_learners
INFO  [17:29:03.963] [bbotk]      172 0.1080785        10  0.1330698        0      0             0.77
INFO  [17:29:03.963] [bbotk]                                 uhash
INFO  [17:29:03.963] [bbotk]  ef8fdbf8-6a22-4d09-b263-4a00af30a428
INFO  [17:29:03.972] [bbotk] Evaluating 1 configuration(s)
INFO  [17:29:04.592] [bbotk] Result of batch 6:
INFO  [17:29:04.594] [bbotk]  nrounds       eta max_depth classif.ce warnings errors runtime_learners
INFO  [17:29:04.594] [bbotk]      150 0.2841556         6  0.1291173        0      0            0.545
INFO  [17:29:04.594] [bbotk]                                 uhash
INFO  [17:29:04.594] [bbotk]  31906084-3e90-450b-831b-2fa68214645e
INFO  [17:29:04.603] [bbotk] Evaluating 1 configuration(s)
INFO  [17:29:04.887] [bbotk] Result of batch 7:
INFO  [17:29:04.888] [bbotk]  nrounds       eta max_depth classif.ce warnings errors runtime_learners
INFO  [17:29:04.888] [bbotk]      177 0.2244858         2  0.1277997        0      0            0.243
INFO  [17:29:04.888] [bbotk]                                 uhash
INFO  [17:29:04.888] [bbotk]  ac2d1762-69d8-4a2a-a209-d4319e67a1a7
INFO  [17:29:04.897] [bbotk] Evaluating 1 configuration(s)
INFO  [17:29:05.416] [bbotk] Result of batch 8:
INFO  [17:29:05.417] [bbotk]  nrounds       eta max_depth classif.ce warnings errors runtime_learners
INFO  [17:29:05.417] [bbotk]      130 0.2860725         6  0.1343874        0      0            0.451
INFO  [17:29:05.417] [bbotk]                                 uhash
INFO  [17:29:05.417] [bbotk]  4d1f03f6-7353-48a9-8eb1-632e3db62dc9
INFO  [17:29:05.421] [bbotk] Evaluating 1 configuration(s)
INFO  [17:29:05.968] [bbotk] Result of batch 9:
INFO  [17:29:05.970] [bbotk]  nrounds       eta max_depth classif.ce warnings errors runtime_learners
INFO  [17:29:05.970] [bbotk]      206 0.1490608         3  0.1212121        0      0            0.506
INFO  [17:29:05.970] [bbotk]                                 uhash
INFO  [17:29:05.970] [bbotk]  eb2ef4c9-87d0-437f-a8ef-45cc8e921e60
INFO  [17:29:05.980] [bbotk] Evaluating 1 configuration(s)
INFO  [17:29:06.529] [bbotk] Result of batch 10:
INFO  [17:29:06.531] [bbotk]  nrounds        eta max_depth classif.ce warnings errors runtime_learners
INFO  [17:29:06.531] [bbotk]       82 0.05107325        10  0.1422925        0      0            0.505
INFO  [17:29:06.531] [bbotk]                                 uhash
INFO  [17:29:06.531] [bbotk]  8fbc24d5-92a0-4b29-979e-cb6f5b0b15e1
INFO  [17:29:06.548] [bbotk] Finished optimizing after 10 evaluation(s)
INFO  [17:29:06.548] [bbotk] Result:
INFO  [17:29:06.549] [bbotk]  nrounds       eta max_depth learner_param_vals  x_domain classif.ce
INFO  [17:29:06.549] [bbotk]    <int>     <num>     <int>             <list>    <list>      <num>
INFO  [17:29:06.549] [bbotk]      206 0.1490608         3          <list[5]> <list[3]>  0.1212121
INFO  [17:29:06.793] [bbotk] Starting to optimize 3 parameter(s) with '<OptimizerBatchRandomSearch>' and '<TerminatorEvals> [n_evals=10, k=0]'
INFO  [17:29:06.805] [bbotk] Evaluating 1 configuration(s)
INFO  [17:29:07.101] [bbotk] Result of batch 1:
INFO  [17:29:07.102] [bbotk]  nrounds       eta max_depth classif.ce warnings errors runtime_learners
INFO  [17:29:07.102] [bbotk]      165 0.1141537         2  0.1420954        0      0            0.257
INFO  [17:29:07.102] [bbotk]                                 uhash
INFO  [17:29:07.102] [bbotk]  e566fc8e-4892-4258-991c-2554c2482de6
INFO  [17:29:07.111] [bbotk] Evaluating 1 configuration(s)
INFO  [17:29:08.163] [bbotk] Result of batch 2:
INFO  [17:29:08.164] [bbotk]  nrounds       eta max_depth classif.ce warnings errors runtime_learners
INFO  [17:29:08.164] [bbotk]      290 0.1636544         7  0.1342058        0      0            0.984
INFO  [17:29:08.164] [bbotk]                                 uhash
INFO  [17:29:08.164] [bbotk]  edfd4d97-f253-4edf-b211-f0670e013bfe
INFO  [17:29:08.169] [bbotk] Evaluating 1 configuration(s)
INFO  [17:29:08.615] [bbotk] Result of batch 3:
INFO  [17:29:08.617] [bbotk]  nrounds       eta max_depth classif.ce warnings errors runtime_learners
INFO  [17:29:08.617] [bbotk]      127 0.2412474         6  0.1447304        0      0            0.396
INFO  [17:29:08.617] [bbotk]                                 uhash
INFO  [17:29:08.617] [bbotk]  9cf3c9df-482f-4e89-99da-88ed5ee9df5c
INFO  [17:29:08.625] [bbotk] Evaluating 1 configuration(s)
INFO  [17:29:09.554] [bbotk] Result of batch 4:
INFO  [17:29:09.559] [bbotk]  nrounds        eta max_depth classif.ce warnings errors runtime_learners
INFO  [17:29:09.559] [bbotk]      285 0.05621176         4  0.1394603        0      0            0.881
INFO  [17:29:09.559] [bbotk]                                 uhash
INFO  [17:29:09.559] [bbotk]  7eb0f5f4-b192-4f53-854e-e43030b3595d
INFO  [17:29:09.573] [bbotk] Evaluating 1 configuration(s)
INFO  [17:29:09.876] [bbotk] Result of batch 5:
INFO  [17:29:09.877] [bbotk]  nrounds       eta max_depth classif.ce warnings errors runtime_learners
INFO  [17:29:09.877] [bbotk]      172 0.1893343         2  0.1407779        0      0             0.27
INFO  [17:29:09.877] [bbotk]                                 uhash
INFO  [17:29:09.877] [bbotk]  3712426e-329a-4275-826e-546db4553dea
INFO  [17:29:09.882] [bbotk] Evaluating 1 configuration(s)
INFO  [17:29:10.605] [bbotk] Result of batch 6:
INFO  [17:29:10.608] [bbotk]  nrounds       eta max_depth classif.ce warnings errors runtime_learners
INFO  [17:29:10.608] [bbotk]      113 0.0832505        10  0.1513077        0      0            0.678
INFO  [17:29:10.608] [bbotk]                                 uhash
INFO  [17:29:10.608] [bbotk]  f0de9229-741d-42ba-ad1c-221246f2babd
INFO  [17:29:10.622] [bbotk] Evaluating 1 configuration(s)
INFO  [17:29:11.135] [bbotk] Result of batch 7:
INFO  [17:29:11.138] [bbotk]  nrounds       eta max_depth classif.ce warnings errors runtime_learners
INFO  [17:29:11.138] [bbotk]      293 0.1671045         2  0.1460428        0      0            0.455
INFO  [17:29:11.138] [bbotk]                                 uhash
INFO  [17:29:11.138] [bbotk]  d6676a13-ebdd-420e-8ec5-630d534ad992
INFO  [17:29:11.150] [bbotk] Evaluating 1 configuration(s)
INFO  [17:29:11.680] [bbotk] Result of batch 8:
INFO  [17:29:11.681] [bbotk]  nrounds       eta max_depth classif.ce warnings errors runtime_learners
INFO  [17:29:11.681] [bbotk]      280 0.1212977         2  0.1355078        0      0            0.464
INFO  [17:29:11.681] [bbotk]                                 uhash
INFO  [17:29:11.681] [bbotk]  5cf0eb30-7d60-40da-9e82-41fd9ee4444a
INFO  [17:29:11.694] [bbotk] Evaluating 1 configuration(s)
INFO  [17:29:12.352] [bbotk] Result of batch 9:
INFO  [17:29:12.353] [bbotk]  nrounds       eta max_depth classif.ce warnings errors runtime_learners
INFO  [17:29:12.353] [bbotk]      200 0.1093154         5  0.1460272        0      0            0.613
INFO  [17:29:12.353] [bbotk]                                 uhash
INFO  [17:29:12.353] [bbotk]  f8311721-13a7-4206-b6d8-26db1a417456
INFO  [17:29:12.357] [bbotk] Evaluating 1 configuration(s)
INFO  [17:29:13.137] [bbotk] Result of batch 10:
INFO  [17:29:13.139] [bbotk]  nrounds       eta max_depth classif.ce warnings errors runtime_learners
INFO  [17:29:13.139] [bbotk]      261 0.2144011         6  0.1499901        0      0             0.73
INFO  [17:29:13.139] [bbotk]                                 uhash
INFO  [17:29:13.139] [bbotk]  1b9b714c-2eaf-4be5-80d9-b709eb844791
INFO  [17:29:13.153] [bbotk] Finished optimizing after 10 evaluation(s)
INFO  [17:29:13.153] [bbotk] Result:
INFO  [17:29:13.154] [bbotk]  nrounds       eta max_depth learner_param_vals  x_domain classif.ce
INFO  [17:29:13.154] [bbotk]    <int>     <num>     <int>             <list>    <list>      <num>
INFO  [17:29:13.154] [bbotk]      290 0.1636544         7          <list[5]> <list[3]>  0.1342058

### [bt]: Job terminated successfully [batchtools job.id=3052]
### [bt]: Starting job [batchtools job.id=3053]
### [bt]: Generating problem instance for problem '6390d9e81da17366' ...
### [bt]: Applying algorithm 'run_learner' on problem '6390d9e81da17366' for job 3053 (seed = 3054) ...
INFO  [17:29:13.833] [mlr3] Applying learner 'classif.xgboost.tuned_calib.perfold_isotonic' on task 'qsar-biodeg' (iter 3/10)
INFO  [17:29:13.898] [bbotk] Starting to optimize 3 parameter(s) with '<OptimizerBatchRandomSearch>' and '<TerminatorEvals> [n_evals=10, k=0]'
INFO  [17:29:13.908] [bbotk] Evaluating 1 configuration(s)
INFO  [17:29:14.638] [bbotk] Result of batch 1:
INFO  [17:29:14.640] [bbotk]  nrounds       eta max_depth classif.ce warnings errors runtime_learners
INFO  [17:29:14.640] [bbotk]      278 0.2648714         4  0.1304348        0      0            0.695
INFO  [17:29:14.640] [bbotk]                                 uhash
INFO  [17:29:14.640] [bbotk]  222565f7-a3e9-4c77-8e15-cad1525d73c9
INFO  [17:29:14.644] [bbotk] Evaluating 1 configuration(s)
INFO  [17:29:15.353] [bbotk] Result of batch 2:
INFO  [17:29:15.354] [bbotk]  nrounds       eta max_depth classif.ce warnings errors runtime_learners
INFO  [17:29:15.354] [bbotk]      215 0.2816797         7  0.1330698        0      0            0.658
INFO  [17:29:15.354] [bbotk]                                 uhash
INFO  [17:29:15.354] [bbotk]  22051d12-2dde-46e2-91e3-c45b6d81bbc5
INFO  [17:29:15.359] [bbotk] Evaluating 1 configuration(s)
INFO  [17:29:16.030] [bbotk] Result of batch 3:
INFO  [17:29:16.031] [bbotk]  nrounds       eta max_depth classif.ce warnings errors runtime_learners
INFO  [17:29:16.031] [bbotk]      114 0.1114559        10  0.1225296        0      0            0.615
INFO  [17:29:16.031] [bbotk]                                 uhash
INFO  [17:29:16.031] [bbotk]  4f7c3d01-e891-4e7f-bb5f-8982d9cdca33
INFO  [17:29:16.042] [bbotk] Evaluating 1 configuration(s)
INFO  [17:29:16.451] [bbotk] Result of batch 4:
INFO  [17:29:16.452] [bbotk]  nrounds       eta max_depth classif.ce warnings errors runtime_learners
INFO  [17:29:16.452] [bbotk]       78 0.1026636         5  0.1343874        0      0            0.353
INFO  [17:29:16.452] [bbotk]                                 uhash
INFO  [17:29:16.452] [bbotk]  f2db66ec-2dd6-4d02-b415-26b6bef7ff16
INFO  [17:29:16.458] [bbotk] Evaluating 1 configuration(s)
INFO  [17:29:17.109] [bbotk] Result of batch 5:
INFO  [17:29:17.111] [bbotk]  nrounds       eta max_depth classif.ce warnings errors runtime_learners
INFO  [17:29:17.111] [bbotk]      121 0.1206406        10  0.1251647        0      0            0.619
INFO  [17:29:17.111] [bbotk]                                 uhash
INFO  [17:29:17.111] [bbotk]  dbec2658-b3d9-40b8-b3ac-7dd98820679f
INFO  [17:29:17.126] [bbotk] Evaluating 1 configuration(s)
INFO  [17:29:18.086] [bbotk] Result of batch 6:
INFO  [17:29:18.088] [bbotk]  nrounds       eta max_depth classif.ce warnings errors runtime_learners
INFO  [17:29:18.088] [bbotk]      201 0.0255855         6  0.1277997        0      0            0.903
INFO  [17:29:18.088] [bbotk]                                 uhash
INFO  [17:29:18.088] [bbotk]  3a9b9ece-94e5-4add-94a8-8e582ff1c376
INFO  [17:29:18.096] [bbotk] Evaluating 1 configuration(s)
INFO  [17:29:18.422] [bbotk] Result of batch 7:
INFO  [17:29:18.424] [bbotk]  nrounds       eta max_depth classif.ce warnings errors runtime_learners
INFO  [17:29:18.424] [bbotk]       94 0.1079257         3  0.1304348        0      0            0.283
INFO  [17:29:18.424] [bbotk]                                 uhash
INFO  [17:29:18.424] [bbotk]  52e52178-533f-45c5-8cc9-3b882e08ebd5
INFO  [17:29:18.436] [bbotk] Evaluating 1 configuration(s)
INFO  [17:29:19.170] [bbotk] Result of batch 8:
INFO  [17:29:19.172] [bbotk]  nrounds       eta max_depth classif.ce warnings errors runtime_learners
INFO  [17:29:19.172] [bbotk]      231 0.2269645         4  0.1264822        0      0            0.674
INFO  [17:29:19.172] [bbotk]                                 uhash
INFO  [17:29:19.172] [bbotk]  e4c42e03-397a-4f55-84e9-bf66a12ea7eb
INFO  [17:29:19.186] [bbotk] Evaluating 1 configuration(s)
INFO  [17:29:19.987] [bbotk] Result of batch 9:
INFO  [17:29:19.989] [bbotk]  nrounds       eta max_depth classif.ce warnings errors runtime_learners
INFO  [17:29:19.989] [bbotk]      261 0.2873883         4  0.1396574        0      0            0.707
INFO  [17:29:19.989] [bbotk]                                 uhash
INFO  [17:29:19.989] [bbotk]  eadc1ea7-6ea2-4ae6-8b11-496b10f79134
INFO  [17:29:20.003] [bbotk] Evaluating 1 configuration(s)
INFO  [17:29:20.535] [bbotk] Result of batch 10:
INFO  [17:29:20.537] [bbotk]  nrounds        eta max_depth classif.ce warnings errors runtime_learners
INFO  [17:29:20.537] [bbotk]       80 0.02852141         7  0.1422925        0      0            0.459
INFO  [17:29:20.537] [bbotk]                                 uhash
INFO  [17:29:20.537] [bbotk]  a02d4508-91b5-4c3e-8386-20b282959395
INFO  [17:29:20.550] [bbotk] Finished optimizing after 10 evaluation(s)
INFO  [17:29:20.551] [bbotk] Result:
INFO  [17:29:20.553] [bbotk]  nrounds       eta max_depth learner_param_vals  x_domain classif.ce
INFO  [17:29:20.553] [bbotk]    <int>     <num>     <int>             <list>    <list>      <num>
INFO  [17:29:20.553] [bbotk]      114 0.1114559        10          <list[5]> <list[3]>  0.1225296
INFO  [17:29:20.909] [bbotk] Starting to optimize 3 parameter(s) with '<OptimizerBatchRandomSearch>' and '<TerminatorEvals> [n_evals=10, k=0]'
INFO  [17:29:20.922] [bbotk] Evaluating 1 configuration(s)
INFO  [17:29:21.675] [bbotk] Result of batch 1:
INFO  [17:29:21.676] [bbotk]  nrounds       eta max_depth classif.ce warnings errors runtime_learners
INFO  [17:29:21.676] [bbotk]      275 0.1783268         4   0.140975        0      0            0.709
INFO  [17:29:21.676] [bbotk]                                 uhash
INFO  [17:29:21.676] [bbotk]  9ddf7a3a-c214-4cb9-a73b-6aca13e08598
INFO  [17:29:21.680] [bbotk] Evaluating 1 configuration(s)
INFO  [17:29:22.188] [bbotk] Result of batch 2:
INFO  [17:29:22.189] [bbotk]  nrounds       eta max_depth classif.ce warnings errors runtime_learners
INFO  [17:29:22.189] [bbotk]      203 0.2044366         3   0.140975        0      0            0.462
INFO  [17:29:22.189] [bbotk]                                 uhash
INFO  [17:29:22.189] [bbotk]  80a7389b-de8e-455b-add5-430e57e6fc71
INFO  [17:29:22.193] [bbotk] Evaluating 1 configuration(s)
INFO  [17:29:22.790] [bbotk] Result of batch 3:
INFO  [17:29:22.792] [bbotk]  nrounds       eta max_depth classif.ce warnings errors runtime_learners
INFO  [17:29:22.792] [bbotk]      140 0.2321206         8  0.1357049        0      0            0.543
INFO  [17:29:22.792] [bbotk]                                 uhash
INFO  [17:29:22.792] [bbotk]  87fc53d3-0add-4474-9bed-bea29fb35d01
INFO  [17:29:22.802] [bbotk] Evaluating 1 configuration(s)
INFO  [17:29:23.544] [bbotk] Result of batch 4:
INFO  [17:29:23.546] [bbotk]  nrounds       eta max_depth classif.ce warnings errors runtime_learners
INFO  [17:29:23.546] [bbotk]      221 0.1775667         9  0.1343874        0      0            0.702
INFO  [17:29:23.546] [bbotk]                                 uhash
INFO  [17:29:23.546] [bbotk]  5e4dc38b-443c-4700-92ea-fb6d739f2ff2
INFO  [17:29:23.555] [bbotk] Evaluating 1 configuration(s)
INFO  [17:29:23.884] [bbotk] Result of batch 5:
INFO  [17:29:23.887] [bbotk]  nrounds        eta max_depth classif.ce warnings errors runtime_learners
INFO  [17:29:23.887] [bbotk]      126 0.07948045         3  0.1304348        0      0            0.282
INFO  [17:29:23.887] [bbotk]                                 uhash
INFO  [17:29:23.887] [bbotk]  f8e22bdf-8d90-45b3-9450-18cfb491370a
INFO  [17:29:23.894] [bbotk] Evaluating 1 configuration(s)
INFO  [17:29:24.078] [bbotk] Result of batch 6:
INFO  [17:29:24.079] [bbotk]  nrounds       eta max_depth classif.ce warnings errors runtime_learners
INFO  [17:29:24.079] [bbotk]       97 0.1704864         2  0.1291173        0      0            0.145
INFO  [17:29:24.079] [bbotk]                                 uhash
INFO  [17:29:24.079] [bbotk]  5885614e-33bd-409e-910a-eda3ebccb9a3
INFO  [17:29:24.087] [bbotk] Evaluating 1 configuration(s)
INFO  [17:29:24.528] [bbotk] Result of batch 7:
INFO  [17:29:24.529] [bbotk]  nrounds       eta max_depth classif.ce warnings errors runtime_learners
INFO  [17:29:24.529] [bbotk]       98 0.2506774        10  0.1396574        0      0            0.385
INFO  [17:29:24.529] [bbotk]                                 uhash
INFO  [17:29:24.529] [bbotk]  3d3aeafb-8b99-422d-bf34-cd0592539e02
INFO  [17:29:24.534] [bbotk] Evaluating 1 configuration(s)
INFO  [17:29:25.483] [bbotk] Result of batch 8:
INFO  [17:29:25.484] [bbotk]  nrounds       eta max_depth classif.ce warnings errors runtime_learners
INFO  [17:29:25.484] [bbotk]      246 0.1294991         9  0.1383399        0      0            0.911
INFO  [17:29:25.484] [bbotk]                                 uhash
INFO  [17:29:25.484] [bbotk]  ad0f9ad8-e0cd-419f-bd70-e782539380af
INFO  [17:29:25.488] [bbotk] Evaluating 1 configuration(s)
INFO  [17:29:26.192] [bbotk] Result of batch 9:
INFO  [17:29:26.193] [bbotk]  nrounds       eta max_depth classif.ce warnings errors runtime_learners
INFO  [17:29:26.193] [bbotk]      259 0.2991335         9  0.1357049        0      0            0.666
INFO  [17:29:26.193] [bbotk]                                 uhash
INFO  [17:29:26.193] [bbotk]  46e5811b-5d78-441e-a4e8-6e0bf77ad8bc
INFO  [17:29:26.200] [bbotk] Evaluating 1 configuration(s)
INFO  [17:29:26.914] [bbotk] Result of batch 10:
INFO  [17:29:26.916] [bbotk]  nrounds       eta max_depth classif.ce warnings errors runtime_learners
INFO  [17:29:26.916] [bbotk]      165 0.1398672         9  0.1370224        0      0            0.671
INFO  [17:29:26.916] [bbotk]                                 uhash
INFO  [17:29:26.916] [bbotk]  71ce3f98-fe4d-4b1a-be8f-27ccd8b3d293
INFO  [17:29:26.935] [bbotk] Finished optimizing after 10 evaluation(s)
INFO  [17:29:26.935] [bbotk] Result:
INFO  [17:29:26.936] [bbotk]  nrounds       eta max_depth learner_param_vals  x_domain classif.ce
INFO  [17:29:26.936] [bbotk]    <int>     <num>     <int>             <list>    <list>      <num>
INFO  [17:29:26.936] [bbotk]       97 0.1704864         2          <list[5]> <list[3]>  0.1291173
INFO  [17:29:27.062] [bbotk] Starting to optimize 3 parameter(s) with '<OptimizerBatchRandomSearch>' and '<TerminatorEvals> [n_evals=10, k=0]'
INFO  [17:29:27.077] [bbotk] Evaluating 1 configuration(s)
INFO  [17:29:27.280] [bbotk] Result of batch 1:
INFO  [17:29:27.284] [bbotk]  nrounds      eta max_depth classif.ce warnings errors runtime_learners
INFO  [17:29:27.284] [bbotk]       99 0.232693         2  0.1581028        0      0            0.144
INFO  [17:29:27.284] [bbotk]                                 uhash
INFO  [17:29:27.284] [bbotk]  daf0dd8a-891a-4e77-9843-27456ade9bf7
INFO  [17:29:27.292] [bbotk] Evaluating 1 configuration(s)
INFO  [17:29:27.770] [bbotk] Result of batch 2:
INFO  [17:29:27.771] [bbotk]  nrounds       eta max_depth classif.ce warnings errors runtime_learners
INFO  [17:29:27.771] [bbotk]      127 0.1500764         5  0.1449275        0      0            0.437
INFO  [17:29:27.771] [bbotk]                                 uhash
INFO  [17:29:27.771] [bbotk]  06c9fafb-9fd5-4a08-9809-0efc676bd806
INFO  [17:29:27.783] [bbotk] Evaluating 1 configuration(s)
INFO  [17:29:28.590] [bbotk] Result of batch 3:
INFO  [17:29:28.592] [bbotk]  nrounds        eta max_depth classif.ce warnings errors runtime_learners
INFO  [17:29:28.592] [bbotk]      126 0.03179361         9  0.1396574        0      0            0.747
INFO  [17:29:28.592] [bbotk]                                 uhash
INFO  [17:29:28.592] [bbotk]  200ac45a-42b8-4125-a14a-22d5829ca548
INFO  [17:29:28.601] [bbotk] Evaluating 1 configuration(s)
INFO  [17:29:29.251] [bbotk] Result of batch 4:
INFO  [17:29:29.253] [bbotk]  nrounds       eta max_depth classif.ce warnings errors runtime_learners
INFO  [17:29:29.253] [bbotk]      199 0.2410594         9  0.1515152        0      0            0.607
INFO  [17:29:29.253] [bbotk]                                 uhash
INFO  [17:29:29.253] [bbotk]  491ca5c7-1541-4604-9250-8b6138eb2c50
INFO  [17:29:29.266] [bbotk] Evaluating 1 configuration(s)
INFO  [17:29:30.037] [bbotk] Result of batch 5:
INFO  [17:29:30.039] [bbotk]  nrounds       eta max_depth classif.ce warnings errors runtime_learners
INFO  [17:29:30.039] [bbotk]      270 0.1618332         4  0.1554677        0      0            0.725
INFO  [17:29:30.039] [bbotk]                                 uhash
INFO  [17:29:30.039] [bbotk]  02294ce8-4613-4beb-b105-1710a27eb5c3
INFO  [17:29:30.047] [bbotk] Evaluating 1 configuration(s)
INFO  [17:29:30.276] [bbotk] Result of batch 6:
INFO  [17:29:30.278] [bbotk]  nrounds       eta max_depth classif.ce warnings errors runtime_learners
INFO  [17:29:30.278] [bbotk]      107 0.2998995         2  0.1475626        0      0            0.188
INFO  [17:29:30.278] [bbotk]                                 uhash
INFO  [17:29:30.278] [bbotk]  b2951f44-583c-47dc-b7f4-a28f5a4ea347
INFO  [17:29:30.284] [bbotk] Evaluating 1 configuration(s)
INFO  [17:29:31.347] [bbotk] Result of batch 7:
INFO  [17:29:31.348] [bbotk]  nrounds        eta max_depth classif.ce warnings errors runtime_learners
INFO  [17:29:31.348] [bbotk]      202 0.03496068         7  0.1343874        0      0            0.999
INFO  [17:29:31.348] [bbotk]                                 uhash
INFO  [17:29:31.348] [bbotk]  8caf89d8-842e-425f-aa65-7b92f45b54aa
INFO  [17:29:31.352] [bbotk] Evaluating 1 configuration(s)
INFO  [17:29:31.952] [bbotk] Result of batch 8:
INFO  [17:29:31.955] [bbotk]  nrounds        eta max_depth classif.ce warnings errors runtime_learners
INFO  [17:29:31.955] [bbotk]      131 0.09081228         6  0.1449275        0      0            0.541
INFO  [17:29:31.955] [bbotk]                                 uhash
INFO  [17:29:31.955] [bbotk]  5723259d-d5eb-4bb6-b25a-a36a81b3ae40
INFO  [17:29:31.969] [bbotk] Evaluating 1 configuration(s)
INFO  [17:29:32.509] [bbotk] Result of batch 9:
INFO  [17:29:32.510] [bbotk]  nrounds        eta max_depth classif.ce warnings errors runtime_learners
INFO  [17:29:32.510] [bbotk]      276 0.02047791         2  0.1646904        0      0            0.503
INFO  [17:29:32.510] [bbotk]                                 uhash
INFO  [17:29:32.510] [bbotk]  f1fee23b-02eb-4676-bde4-74a73e90e75a
INFO  [17:29:32.519] [bbotk] Evaluating 1 configuration(s)
INFO  [17:29:33.083] [bbotk] Result of batch 10:
INFO  [17:29:33.084] [bbotk]  nrounds        eta max_depth classif.ce warnings errors runtime_learners
INFO  [17:29:33.084] [bbotk]      195 0.05124442         4  0.1449275        0      0             0.52
INFO  [17:29:33.084] [bbotk]                                 uhash
INFO  [17:29:33.084] [bbotk]  e5a38203-8459-46dc-9983-1fc2650f4b89
INFO  [17:29:33.101] [bbotk] Finished optimizing after 10 evaluation(s)
INFO  [17:29:33.102] [bbotk] Result:
INFO  [17:29:33.104] [bbotk]  nrounds        eta max_depth learner_param_vals  x_domain classif.ce
INFO  [17:29:33.104] [bbotk]    <int>      <num>     <int>             <list>    <list>      <num>
INFO  [17:29:33.104] [bbotk]      202 0.03496068         7          <list[5]> <list[3]>  0.1343874
INFO  [17:29:33.622] [bbotk] Starting to optimize 3 parameter(s) with '<OptimizerBatchRandomSearch>' and '<TerminatorEvals> [n_evals=10, k=0]'
INFO  [17:29:33.649] [bbotk] Evaluating 1 configuration(s)
INFO  [17:29:33.861] [bbotk] Result of batch 1:
INFO  [17:29:33.862] [bbotk]  nrounds        eta max_depth classif.ce warnings errors runtime_learners
INFO  [17:29:33.862] [bbotk]      108 0.09754469         2  0.1462451        0      0            0.178
INFO  [17:29:33.862] [bbotk]                                 uhash
INFO  [17:29:33.862] [bbotk]  95faf8d8-baf7-4eab-a5b7-2d4cd844855d
INFO  [17:29:33.868] [bbotk] Evaluating 1 configuration(s)
INFO  [17:29:34.103] [bbotk] Result of batch 2:
INFO  [17:29:34.105] [bbotk]  nrounds        eta max_depth classif.ce warnings errors runtime_learners
INFO  [17:29:34.105] [bbotk]      119 0.01250866         2  0.1844532        0      0            0.169
INFO  [17:29:34.105] [bbotk]                                 uhash
INFO  [17:29:34.105] [bbotk]  3fa63b76-5393-48fe-8a60-444241a1e396
INFO  [17:29:34.120] [bbotk] Evaluating 1 configuration(s)
INFO  [17:29:34.444] [bbotk] Result of batch 3:
INFO  [17:29:34.446] [bbotk]  nrounds        eta max_depth classif.ce warnings errors runtime_learners
INFO  [17:29:34.446] [bbotk]       50 0.01852489         6  0.1673254        0      0            0.266
INFO  [17:29:34.446] [bbotk]                                 uhash
INFO  [17:29:34.446] [bbotk]  dd176b30-f385-4e0f-9b01-220610a68afd
INFO  [17:29:34.460] [bbotk] Evaluating 1 configuration(s)
INFO  [17:29:35.204] [bbotk] Result of batch 4:
INFO  [17:29:35.207] [bbotk]  nrounds       eta max_depth classif.ce warnings errors runtime_learners
INFO  [17:29:35.207] [bbotk]      235 0.2318968         6    0.14361        0      0            0.678
INFO  [17:29:35.207] [bbotk]                                 uhash
INFO  [17:29:35.207] [bbotk]  245df1dd-f973-43d5-aec6-1ec36e910473
INFO  [17:29:35.220] [bbotk] Evaluating 1 configuration(s)
INFO  [17:29:35.934] [bbotk] Result of batch 5:
INFO  [17:29:35.935] [bbotk]  nrounds       eta max_depth classif.ce warnings errors runtime_learners
INFO  [17:29:35.935] [bbotk]      191 0.2932567         8  0.1330698        0      0            0.671
INFO  [17:29:35.935] [bbotk]                                 uhash
INFO  [17:29:35.935] [bbotk]  b5b6f15a-f46a-4e99-a80a-a9d21728a4e2
INFO  [17:29:35.939] [bbotk] Evaluating 1 configuration(s)
INFO  [17:29:36.659] [bbotk] Result of batch 6:
INFO  [17:29:36.660] [bbotk]  nrounds       eta max_depth classif.ce warnings errors runtime_learners
INFO  [17:29:36.660] [bbotk]      168 0.2421091        10  0.1422925        0      0            0.679
INFO  [17:29:36.660] [bbotk]                                 uhash
INFO  [17:29:36.660] [bbotk]  28f20e4a-6d09-4242-ac14-51ccd9c33f0f
INFO  [17:29:36.663] [bbotk] Evaluating 1 configuration(s)
INFO  [17:29:37.310] [bbotk] Result of batch 7:
INFO  [17:29:37.311] [bbotk]  nrounds       eta max_depth classif.ce warnings errors runtime_learners
INFO  [17:29:37.311] [bbotk]      194 0.1916551         4    0.14361        0      0            0.587
INFO  [17:29:37.311] [bbotk]                                 uhash
INFO  [17:29:37.311] [bbotk]  f97cfd5f-39fd-46fc-af6f-f5a0cc87dfde
INFO  [17:29:37.316] [bbotk] Evaluating 1 configuration(s)
INFO  [17:29:37.658] [bbotk] Result of batch 8:
INFO  [17:29:37.659] [bbotk]  nrounds       eta max_depth classif.ce warnings errors runtime_learners
INFO  [17:29:37.659] [bbotk]       55 0.2101399         6  0.1462451        0      0            0.276
INFO  [17:29:37.659] [bbotk]                                 uhash
INFO  [17:29:37.659] [bbotk]  c69f2816-0fc3-407f-8a38-85a7986cf43e
INFO  [17:29:37.666] [bbotk] Evaluating 1 configuration(s)
INFO  [17:29:38.167] [bbotk] Result of batch 9:
INFO  [17:29:38.169] [bbotk]  nrounds       eta max_depth classif.ce warnings errors runtime_learners
INFO  [17:29:38.169] [bbotk]      188 0.1087641         3  0.1370224        0      0            0.437
INFO  [17:29:38.169] [bbotk]                                 uhash
INFO  [17:29:38.169] [bbotk]  cb78110b-1521-4931-8f97-689211f58b3d
INFO  [17:29:38.177] [bbotk] Evaluating 1 configuration(s)
INFO  [17:29:39.130] [bbotk] Result of batch 10:
INFO  [17:29:39.131] [bbotk]  nrounds       eta max_depth classif.ce warnings errors runtime_learners
INFO  [17:29:39.131] [bbotk]      296 0.1747506         4  0.1422925        0      0            0.899
INFO  [17:29:39.131] [bbotk]                                 uhash
INFO  [17:29:39.131] [bbotk]  c1d7e386-7646-4465-9641-2fbe7f90612b
INFO  [17:29:39.150] [bbotk] Finished optimizing after 10 evaluation(s)
INFO  [17:29:39.151] [bbotk] Result:
INFO  [17:29:39.153] [bbotk]  nrounds       eta max_depth learner_param_vals  x_domain classif.ce
INFO  [17:29:39.153] [bbotk]    <int>     <num>     <int>             <list>    <list>      <num>
INFO  [17:29:39.153] [bbotk]      191 0.2932567         8          <list[5]> <list[3]>  0.1330698
INFO  [17:29:39.610] [bbotk] Starting to optimize 3 parameter(s) with '<OptimizerBatchRandomSearch>' and '<TerminatorEvals> [n_evals=10, k=0]'
INFO  [17:29:39.634] [bbotk] Evaluating 1 configuration(s)
INFO  [17:29:40.755] [bbotk] Result of batch 1:
INFO  [17:29:40.759] [bbotk]  nrounds       eta max_depth classif.ce warnings errors runtime_learners
INFO  [17:29:40.759] [bbotk]      260 0.1154449         9  0.1355493        0      0             1.07
INFO  [17:29:40.759] [bbotk]                                 uhash
INFO  [17:29:40.759] [bbotk]  31fcbab1-ed41-4fac-95f2-0a4b4f23e4fb
INFO  [17:29:40.769] [bbotk] Evaluating 1 configuration(s)
INFO  [17:29:41.291] [bbotk] Result of batch 2:
INFO  [17:29:41.292] [bbotk]  nrounds       eta max_depth classif.ce warnings errors runtime_learners
INFO  [17:29:41.292] [bbotk]      104 0.2924747        10  0.1342317        0      0            0.455
INFO  [17:29:41.292] [bbotk]                                 uhash
INFO  [17:29:41.292] [bbotk]  9db570f2-9417-4a55-953c-be0e583fb89a
INFO  [17:29:41.297] [bbotk] Evaluating 1 configuration(s)
INFO  [17:29:41.776] [bbotk] Result of batch 3:
INFO  [17:29:41.777] [bbotk]  nrounds       eta max_depth classif.ce warnings errors runtime_learners
INFO  [17:29:41.777] [bbotk]       73 0.1457576         9  0.1302792        0      0            0.431
INFO  [17:29:41.777] [bbotk]                                 uhash
INFO  [17:29:41.777] [bbotk]  acf3d743-80a8-4eed-a7e4-e7f067ca240c
INFO  [17:29:41.781] [bbotk] Evaluating 1 configuration(s)
INFO  [17:29:42.785] [bbotk] Result of batch 4:
INFO  [17:29:42.787] [bbotk]  nrounds       eta max_depth classif.ce warnings errors runtime_learners
INFO  [17:29:42.787] [bbotk]      224 0.1039572         9   0.128972        0      0            0.964
INFO  [17:29:42.787] [bbotk]                                 uhash
INFO  [17:29:42.787] [bbotk]  2ae92100-a0bf-4ca9-8b9f-104247743dad
INFO  [17:29:42.795] [bbotk] Evaluating 1 configuration(s)
INFO  [17:29:43.262] [bbotk] Result of batch 5:
INFO  [17:29:43.269] [bbotk]  nrounds        eta max_depth classif.ce warnings errors runtime_learners
INFO  [17:29:43.269] [bbotk]      170 0.04933027         3  0.1381843        0      0            0.423
INFO  [17:29:43.269] [bbotk]                                 uhash
INFO  [17:29:43.269] [bbotk]  d7913846-665e-49b0-bedb-e42a517566dd
INFO  [17:29:43.277] [bbotk] Evaluating 1 configuration(s)
INFO  [17:29:44.063] [bbotk] Result of batch 6:
INFO  [17:29:44.064] [bbotk]  nrounds       eta max_depth classif.ce warnings errors runtime_learners
INFO  [17:29:44.064] [bbotk]      170 0.1269839         7  0.1329142        0      0            0.741
INFO  [17:29:44.064] [bbotk]                                 uhash
INFO  [17:29:44.064] [bbotk]  a845f03f-b980-4a18-9475-108e9272ec8c
INFO  [17:29:44.075] [bbotk] Evaluating 1 configuration(s)
INFO  [17:29:44.714] [bbotk] Result of batch 7:
INFO  [17:29:44.715] [bbotk]  nrounds        eta max_depth classif.ce warnings errors runtime_learners
INFO  [17:29:44.715] [bbotk]      113 0.07272012         8   0.128972        0      0            0.592
INFO  [17:29:44.715] [bbotk]                                 uhash
INFO  [17:29:44.715] [bbotk]  72c92c3a-d235-421a-8bd6-c1312312ea84
INFO  [17:29:44.724] [bbotk] Evaluating 1 configuration(s)
INFO  [17:29:45.897] [bbotk] Result of batch 8:
INFO  [17:29:45.898] [bbotk]  nrounds        eta max_depth classif.ce warnings errors runtime_learners
INFO  [17:29:45.898] [bbotk]      291 0.02763892         5  0.1223896        0      0            1.127
INFO  [17:29:45.898] [bbotk]                                 uhash
INFO  [17:29:45.898] [bbotk]  5d07504c-bbe7-4efb-b15f-edda78382e0c
INFO  [17:29:45.902] [bbotk] Evaluating 1 configuration(s)
INFO  [17:29:46.994] [bbotk] Result of batch 9:
INFO  [17:29:46.995] [bbotk]  nrounds       eta max_depth classif.ce warnings errors runtime_learners
INFO  [17:29:46.995] [bbotk]      291 0.1316337        10  0.1329142        0      0            1.025
INFO  [17:29:46.995] [bbotk]                                 uhash
INFO  [17:29:46.995] [bbotk]  ffdeab70-d38e-4448-8ded-a5bb59e3a43d
INFO  [17:29:47.006] [bbotk] Evaluating 1 configuration(s)
INFO  [17:29:47.143] [bbotk] Result of batch 10:
INFO  [17:29:47.144] [bbotk]  nrounds       eta max_depth classif.ce warnings errors runtime_learners
INFO  [17:29:47.144] [bbotk]       56 0.2669017         2  0.1289565        0      0            0.097
INFO  [17:29:47.144] [bbotk]                                 uhash
INFO  [17:29:47.144] [bbotk]  a06fab88-3a90-4f1a-b770-03a6d7b9f77a
INFO  [17:29:47.156] [bbotk] Finished optimizing after 10 evaluation(s)
INFO  [17:29:47.157] [bbotk] Result:
INFO  [17:29:47.159] [bbotk]  nrounds        eta max_depth learner_param_vals  x_domain classif.ce
INFO  [17:29:47.159] [bbotk]    <int>      <num>     <int>             <list>    <list>      <num>
INFO  [17:29:47.159] [bbotk]      291 0.02763892         5          <list[5]> <list[3]>  0.1223896

### [bt]: Job terminated successfully [batchtools job.id=3053]
### [bt]: Starting job [batchtools job.id=3054]
### [bt]: Generating problem instance for problem '6390d9e81da17366' ...
### [bt]: Applying algorithm 'run_learner' on problem '6390d9e81da17366' for job 3054 (seed = 3055) ...
INFO  [17:29:47.956] [mlr3] Applying learner 'classif.xgboost.tuned_calib.perfold_isotonic' on task 'qsar-biodeg' (iter 4/10)
INFO  [17:29:48.012] [bbotk] Starting to optimize 3 parameter(s) with '<OptimizerBatchRandomSearch>' and '<TerminatorEvals> [n_evals=10, k=0]'
INFO  [17:29:48.027] [bbotk] Evaluating 1 configuration(s)
INFO  [17:29:48.728] [bbotk] Result of batch 1:
INFO  [17:29:48.730] [bbotk]  nrounds       eta max_depth classif.ce warnings errors runtime_learners
INFO  [17:29:48.730] [bbotk]      120 0.1476506         9  0.1383399        0      0            0.629
INFO  [17:29:48.730] [bbotk]                                 uhash
INFO  [17:29:48.730] [bbotk]  f5a62719-17ff-495d-9145-1eea594d47c5
INFO  [17:29:48.741] [bbotk] Evaluating 1 configuration(s)
INFO  [17:29:49.303] [bbotk] Result of batch 2:
INFO  [17:29:49.305] [bbotk]  nrounds       eta max_depth classif.ce warnings errors runtime_learners
INFO  [17:29:49.305] [bbotk]      155 0.2564012         4  0.1357049        0      0            0.488
INFO  [17:29:49.305] [bbotk]                                 uhash
INFO  [17:29:49.305] [bbotk]  fd359669-b20f-4eea-991a-dc0fb6a3ab5f
INFO  [17:29:49.310] [bbotk] Evaluating 1 configuration(s)
INFO  [17:29:49.968] [bbotk] Result of batch 3:
INFO  [17:29:49.969] [bbotk]  nrounds       eta max_depth classif.ce warnings errors runtime_learners
INFO  [17:29:49.969] [bbotk]      118 0.1052026         8  0.1396574        0      0            0.601
INFO  [17:29:49.969] [bbotk]                                 uhash
INFO  [17:29:49.969] [bbotk]  b22daec2-a446-4adf-aa26-6d27db6df73a
INFO  [17:29:49.973] [bbotk] Evaluating 1 configuration(s)
INFO  [17:29:50.633] [bbotk] Result of batch 4:
INFO  [17:29:50.635] [bbotk]  nrounds        eta max_depth classif.ce warnings errors runtime_learners
INFO  [17:29:50.635] [bbotk]      183 0.05243891         4  0.1343874        0      0            0.621
INFO  [17:29:50.635] [bbotk]                                 uhash
INFO  [17:29:50.635] [bbotk]  a4f1cb32-add5-499d-bbb3-926544da82cf
INFO  [17:29:50.639] [bbotk] Evaluating 1 configuration(s)
INFO  [17:29:51.608] [bbotk] Result of batch 5:
INFO  [17:29:51.609] [bbotk]  nrounds      eta max_depth classif.ce warnings errors runtime_learners
INFO  [17:29:51.609] [bbotk]      220 0.136587         8  0.1370224        0      0              0.9
INFO  [17:29:51.609] [bbotk]                                 uhash
INFO  [17:29:51.609] [bbotk]  e832526e-b56d-4d79-9269-6bb3d7cde770
INFO  [17:29:51.615] [bbotk] Evaluating 1 configuration(s)
INFO  [17:29:52.186] [bbotk] Result of batch 6:
INFO  [17:29:52.188] [bbotk]  nrounds       eta max_depth classif.ce warnings errors runtime_learners
INFO  [17:29:52.188] [bbotk]      157 0.2462091         7  0.1396574        0      0            0.533
INFO  [17:29:52.188] [bbotk]                                 uhash
INFO  [17:29:52.188] [bbotk]  722cc25b-659b-4466-b8fd-1c102df97fa2
INFO  [17:29:52.207] [bbotk] Evaluating 1 configuration(s)
INFO  [17:29:52.627] [bbotk] Result of batch 7:
INFO  [17:29:52.628] [bbotk]  nrounds        eta max_depth classif.ce warnings errors runtime_learners
INFO  [17:29:52.628] [bbotk]       70 0.01409264         6  0.1501976        0      0            0.362
INFO  [17:29:52.628] [bbotk]                                 uhash
INFO  [17:29:52.628] [bbotk]  ad03daff-f6de-4e95-b2ab-ace744680e72
INFO  [17:29:52.632] [bbotk] Evaluating 1 configuration(s)
INFO  [17:29:53.071] [bbotk] Result of batch 8:
INFO  [17:29:53.073] [bbotk]  nrounds       eta max_depth classif.ce warnings errors runtime_learners
INFO  [17:29:53.073] [bbotk]       71 0.1904315         8   0.140975        0      0            0.364
INFO  [17:29:53.073] [bbotk]                                 uhash
INFO  [17:29:53.073] [bbotk]  e0a75ef2-ca92-4cb3-aa24-8c7d4376234b
INFO  [17:29:53.089] [bbotk] Evaluating 1 configuration(s)
INFO  [17:29:53.867] [bbotk] Result of batch 9:
INFO  [17:29:53.868] [bbotk]  nrounds       eta max_depth classif.ce warnings errors runtime_learners
INFO  [17:29:53.868] [bbotk]      241 0.2897395         9  0.1343874        0      0            0.734
INFO  [17:29:53.868] [bbotk]                                 uhash
INFO  [17:29:53.868] [bbotk]  a5ffe043-4c0f-4eee-9ed9-ae4ad5aaa09b
INFO  [17:29:53.876] [bbotk] Evaluating 1 configuration(s)
INFO  [17:29:54.797] [bbotk] Result of batch 10:
INFO  [17:29:54.804] [bbotk]  nrounds       eta max_depth classif.ce warnings errors runtime_learners
INFO  [17:29:54.804] [bbotk]      259 0.1801771         6  0.1330698        0      0            0.848
INFO  [17:29:54.804] [bbotk]                                 uhash
INFO  [17:29:54.804] [bbotk]  b85b6a95-49cd-45a1-bab6-85bb21f7b2cb
INFO  [17:29:54.831] [bbotk] Finished optimizing after 10 evaluation(s)
INFO  [17:29:54.833] [bbotk] Result:
INFO  [17:29:54.834] [bbotk]  nrounds       eta max_depth learner_param_vals  x_domain classif.ce
INFO  [17:29:54.834] [bbotk]    <int>     <num>     <int>             <list>    <list>      <num>
INFO  [17:29:54.834] [bbotk]      259 0.1801771         6          <list[5]> <list[3]>  0.1330698
INFO  [17:29:55.394] [bbotk] Starting to optimize 3 parameter(s) with '<OptimizerBatchRandomSearch>' and '<TerminatorEvals> [n_evals=10, k=0]'
INFO  [17:29:55.417] [bbotk] Evaluating 1 configuration(s)
INFO  [17:29:55.847] [bbotk] Result of batch 1:
INFO  [17:29:55.848] [bbotk]  nrounds       eta max_depth classif.ce warnings errors runtime_learners
INFO  [17:29:55.848] [bbotk]      249 0.1059033         2  0.1475626        0      0            0.388
INFO  [17:29:55.848] [bbotk]                                 uhash
INFO  [17:29:55.848] [bbotk]  0fe88303-a66a-432a-8629-acbda87cfb06
INFO  [17:29:55.856] [bbotk] Evaluating 1 configuration(s)
INFO  [17:29:56.115] [bbotk] Result of batch 2:
INFO  [17:29:56.121] [bbotk]  nrounds       eta max_depth classif.ce warnings errors runtime_learners
INFO  [17:29:56.121] [bbotk]      145 0.1615068         2  0.1370224        0      0            0.216
INFO  [17:29:56.121] [bbotk]                                 uhash
INFO  [17:29:56.121] [bbotk]  48522792-00cc-44ee-b66e-a779bb65ccb5
INFO  [17:29:56.137] [bbotk] Evaluating 1 configuration(s)
INFO  [17:29:56.672] [bbotk] Result of batch 3:
INFO  [17:29:56.674] [bbotk]  nrounds       eta max_depth classif.ce warnings errors runtime_learners
INFO  [17:29:56.674] [bbotk]      107 0.1405721         9    0.14361        0      0            0.502
INFO  [17:29:56.674] [bbotk]                                 uhash
INFO  [17:29:56.674] [bbotk]  994f4980-0454-47d8-a3af-b05758a7af45
INFO  [17:29:56.693] [bbotk] Evaluating 1 configuration(s)
INFO  [17:29:56.932] [bbotk] Result of batch 4:
INFO  [17:29:56.933] [bbotk]  nrounds       eta max_depth classif.ce warnings errors runtime_learners
INFO  [17:29:56.933] [bbotk]       91 0.1523717         2    0.14361        0      0            0.178
INFO  [17:29:56.933] [bbotk]                                 uhash
INFO  [17:29:56.933] [bbotk]  8160fc03-02a1-42f1-8bd3-a64c4514ab68
INFO  [17:29:56.938] [bbotk] Evaluating 1 configuration(s)
INFO  [17:29:57.305] [bbotk] Result of batch 5:
INFO  [17:29:57.308] [bbotk]  nrounds        eta max_depth classif.ce warnings errors runtime_learners
INFO  [17:29:57.308] [bbotk]       73 0.05710303         5    0.14361        0      0            0.311
INFO  [17:29:57.308] [bbotk]                                 uhash
INFO  [17:29:57.308] [bbotk]  cc8a9c53-d43c-406b-83b2-544d6f12a94b
INFO  [17:29:57.317] [bbotk] Evaluating 1 configuration(s)
INFO  [17:29:57.972] [bbotk] Result of batch 6:
INFO  [17:29:57.973] [bbotk]  nrounds       eta max_depth classif.ce warnings errors runtime_learners
INFO  [17:29:57.973] [bbotk]      159 0.2344802         7  0.1462451        0      0            0.607
INFO  [17:29:57.973] [bbotk]                                 uhash
INFO  [17:29:57.973] [bbotk]  836532e2-ebc0-485e-9da6-31cc7c2aa08d
INFO  [17:29:57.977] [bbotk] Evaluating 1 configuration(s)
INFO  [17:29:58.400] [bbotk] Result of batch 7:
INFO  [17:29:58.402] [bbotk]  nrounds        eta max_depth classif.ce warnings errors runtime_learners
INFO  [17:29:58.402] [bbotk]       97 0.02486816         4  0.1501976        0      0            0.359
INFO  [17:29:58.402] [bbotk]                                 uhash
INFO  [17:29:58.402] [bbotk]  62c0f808-5ae4-427d-a89c-1641285676af
INFO  [17:29:58.410] [bbotk] Evaluating 1 configuration(s)
INFO  [17:29:59.250] [bbotk] Result of batch 8:
INFO  [17:29:59.251] [bbotk]  nrounds       eta max_depth classif.ce warnings errors runtime_learners
INFO  [17:29:59.251] [bbotk]      251 0.2032076         8  0.1475626        0      0            0.791
INFO  [17:29:59.251] [bbotk]                                 uhash
INFO  [17:29:59.251] [bbotk]  395a9f99-a861-490d-8a87-6d6b72f75577
INFO  [17:29:59.255] [bbotk] Evaluating 1 configuration(s)
INFO  [17:29:59.973] [bbotk] Result of batch 9:
INFO  [17:29:59.974] [bbotk]  nrounds       eta max_depth classif.ce warnings errors runtime_learners
INFO  [17:29:59.974] [bbotk]      224 0.1326892         6  0.1462451        0      0            0.681
INFO  [17:29:59.974] [bbotk]                                 uhash
INFO  [17:29:59.974] [bbotk]  59f29ed0-4332-4c5e-b08c-bbfb6add8643
INFO  [17:29:59.982] [bbotk] Evaluating 1 configuration(s)
INFO  [17:30:00.425] [bbotk] Result of batch 10:
INFO  [17:30:00.426] [bbotk]  nrounds      eta max_depth classif.ce warnings errors runtime_learners
INFO  [17:30:00.426] [bbotk]      153 0.225977         6  0.1541502        0      0            0.406
INFO  [17:30:00.426] [bbotk]                                 uhash
INFO  [17:30:00.426] [bbotk]  23cd9d91-1f9a-41f7-9de1-26900a3329a6
INFO  [17:30:00.449] [bbotk] Finished optimizing after 10 evaluation(s)
INFO  [17:30:00.450] [bbotk] Result:
INFO  [17:30:00.451] [bbotk]  nrounds       eta max_depth learner_param_vals  x_domain classif.ce
INFO  [17:30:00.451] [bbotk]    <int>     <num>     <int>             <list>    <list>      <num>
INFO  [17:30:00.451] [bbotk]      145 0.1615068         2          <list[5]> <list[3]>  0.1370224
INFO  [17:30:00.627] [bbotk] Starting to optimize 3 parameter(s) with '<OptimizerBatchRandomSearch>' and '<TerminatorEvals> [n_evals=10, k=0]'
INFO  [17:30:00.639] [bbotk] Evaluating 1 configuration(s)
INFO  [17:30:00.912] [bbotk] Result of batch 1:
INFO  [17:30:00.914] [bbotk]  nrounds        eta max_depth classif.ce warnings errors runtime_learners
INFO  [17:30:00.914] [bbotk]      174 0.04748205         2  0.1462451        0      0            0.239
INFO  [17:30:00.914] [bbotk]                                 uhash
INFO  [17:30:00.914] [bbotk]  e1925371-1aaf-483f-b662-6017f92be944
INFO  [17:30:00.919] [bbotk] Evaluating 1 configuration(s)
INFO  [17:30:01.355] [bbotk] Result of batch 2:
INFO  [17:30:01.356] [bbotk]  nrounds       eta max_depth classif.ce warnings errors runtime_learners
INFO  [17:30:01.356] [bbotk]      146 0.1668953         5  0.1488801        0      0            0.402
INFO  [17:30:01.356] [bbotk]                                 uhash
INFO  [17:30:01.356] [bbotk]  c94fd0f8-333e-4412-9f95-cfd569243d6b
INFO  [17:30:01.359] [bbotk] Evaluating 1 configuration(s)
INFO  [17:30:01.687] [bbotk] Result of batch 3:
INFO  [17:30:01.689] [bbotk]  nrounds       eta max_depth classif.ce warnings errors runtime_learners
INFO  [17:30:01.689] [bbotk]       94 0.1852478         7  0.1501976        0      0            0.294
INFO  [17:30:01.689] [bbotk]                                 uhash
INFO  [17:30:01.689] [bbotk]  01a0f561-4105-49bc-a024-852d222bc6f7
INFO  [17:30:01.698] [bbotk] Evaluating 1 configuration(s)
INFO  [17:30:01.935] [bbotk] Result of batch 4:
INFO  [17:30:01.936] [bbotk]  nrounds       eta max_depth classif.ce warnings errors runtime_learners
INFO  [17:30:01.936] [bbotk]      117 0.2046581         3  0.1383399        0      0            0.201
INFO  [17:30:01.936] [bbotk]                                 uhash
INFO  [17:30:01.936] [bbotk]  6fd8efc2-cace-4f18-bbe0-cfb402850b27
INFO  [17:30:01.941] [bbotk] Evaluating 1 configuration(s)
INFO  [17:30:02.285] [bbotk] Result of batch 5:
INFO  [17:30:02.285] [bbotk]  nrounds        eta max_depth classif.ce warnings errors runtime_learners
INFO  [17:30:02.285] [bbotk]      242 0.05685163         2    0.14361        0      0            0.301
INFO  [17:30:02.285] [bbotk]                                 uhash
INFO  [17:30:02.285] [bbotk]  5e1ddf94-f788-468e-af59-fdcb3b5d3851
INFO  [17:30:02.289] [bbotk] Evaluating 1 configuration(s)
INFO  [17:30:02.759] [bbotk] Result of batch 6:
INFO  [17:30:02.761] [bbotk]  nrounds       eta max_depth classif.ce warnings errors runtime_learners
INFO  [17:30:02.761] [bbotk]      193 0.1101997         4  0.1449275        0      0            0.425
INFO  [17:30:02.761] [bbotk]                                 uhash
INFO  [17:30:02.761] [bbotk]  c03b8eff-ca96-47e2-94a9-10764ffbf054
INFO  [17:30:02.769] [bbotk] Evaluating 1 configuration(s)
INFO  [17:30:03.530] [bbotk] Result of batch 7:
INFO  [17:30:03.533] [bbotk]  nrounds        eta max_depth classif.ce warnings errors runtime_learners
INFO  [17:30:03.533] [bbotk]      188 0.04472614         8  0.1501976        0      0            0.716
INFO  [17:30:03.533] [bbotk]                                 uhash
INFO  [17:30:03.533] [bbotk]  c3df0711-336b-400b-97b0-13c6ce0c90a4
INFO  [17:30:03.540] [bbotk] Evaluating 1 configuration(s)
INFO  [17:30:03.947] [bbotk] Result of batch 8:
INFO  [17:30:03.948] [bbotk]  nrounds       eta max_depth classif.ce warnings errors runtime_learners
INFO  [17:30:03.948] [bbotk]       84 0.0376427         8  0.1462451        0      0            0.366
INFO  [17:30:03.948] [bbotk]                                 uhash
INFO  [17:30:03.948] [bbotk]  67641133-4384-455e-9e01-088070f80af7
INFO  [17:30:03.953] [bbotk] Evaluating 1 configuration(s)
INFO  [17:30:04.539] [bbotk] Result of batch 9:
INFO  [17:30:04.540] [bbotk]  nrounds       eta max_depth classif.ce warnings errors runtime_learners
INFO  [17:30:04.540] [bbotk]      259 0.2052551         5  0.1501976        0      0            0.551
INFO  [17:30:04.540] [bbotk]                                 uhash
INFO  [17:30:04.540] [bbotk]  a8c42bf9-cc66-4f31-ae02-26396f929c15
INFO  [17:30:04.544] [bbotk] Evaluating 1 configuration(s)
INFO  [17:30:04.984] [bbotk] Result of batch 10:
INFO  [17:30:04.985] [bbotk]  nrounds       eta max_depth classif.ce warnings errors runtime_learners
INFO  [17:30:04.985] [bbotk]      265 0.1885483         3  0.1475626        0      0            0.403
INFO  [17:30:04.985] [bbotk]                                 uhash
INFO  [17:30:04.985] [bbotk]  563ef5f4-b672-485a-99e4-b712001005d8
INFO  [17:30:04.993] [bbotk] Finished optimizing after 10 evaluation(s)
INFO  [17:30:04.993] [bbotk] Result:
INFO  [17:30:04.994] [bbotk]  nrounds       eta max_depth learner_param_vals  x_domain classif.ce
INFO  [17:30:04.994] [bbotk]    <int>     <num>     <int>             <list>    <list>      <num>
INFO  [17:30:04.994] [bbotk]      117 0.2046581         3          <list[5]> <list[3]>  0.1383399
INFO  [17:30:05.127] [bbotk] Starting to optimize 3 parameter(s) with '<OptimizerBatchRandomSearch>' and '<TerminatorEvals> [n_evals=10, k=0]'
INFO  [17:30:05.142] [bbotk] Evaluating 1 configuration(s)
INFO  [17:30:05.769] [bbotk] Result of batch 1:
INFO  [17:30:05.770] [bbotk]  nrounds       eta max_depth classif.ce warnings errors runtime_learners
INFO  [17:30:05.770] [bbotk]      267 0.2436821         8  0.1357049        0      0            0.588
INFO  [17:30:05.770] [bbotk]                                 uhash
INFO  [17:30:05.770] [bbotk]  f8025ec3-e9ec-4f89-9c2a-c30f46848116
INFO  [17:30:05.774] [bbotk] Evaluating 1 configuration(s)
INFO  [17:30:06.390] [bbotk] Result of batch 2:
INFO  [17:30:06.392] [bbotk]  nrounds       eta max_depth classif.ce warnings errors runtime_learners
INFO  [17:30:06.392] [bbotk]      196 0.1417212         9  0.1370224        0      0            0.574
INFO  [17:30:06.392] [bbotk]                                 uhash
INFO  [17:30:06.392] [bbotk]  b26c393d-df1f-4097-b35f-d45408171744
INFO  [17:30:06.402] [bbotk] Evaluating 1 configuration(s)
INFO  [17:30:07.271] [bbotk] Result of batch 3:
INFO  [17:30:07.272] [bbotk]  nrounds        eta max_depth classif.ce warnings errors runtime_learners
INFO  [17:30:07.272] [bbotk]      264 0.04111451         7  0.1370224        0      0            0.838
INFO  [17:30:07.272] [bbotk]                                 uhash
INFO  [17:30:07.272] [bbotk]  90f811b3-1c0e-4471-8436-4791519aba5c
INFO  [17:30:07.276] [bbotk] Evaluating 1 configuration(s)
INFO  [17:30:07.625] [bbotk] Result of batch 4:
INFO  [17:30:07.626] [bbotk]  nrounds       eta max_depth classif.ce warnings errors runtime_learners
INFO  [17:30:07.626] [bbotk]      188 0.2807731         4  0.1422925        0      0            0.323
INFO  [17:30:07.626] [bbotk]                                 uhash
INFO  [17:30:07.626] [bbotk]  c41c39d5-a3bf-4e94-b7ab-55cc3776828b
INFO  [17:30:07.630] [bbotk] Evaluating 1 configuration(s)
INFO  [17:30:07.834] [bbotk] Result of batch 5:
INFO  [17:30:07.835] [bbotk]  nrounds      eta max_depth classif.ce warnings errors runtime_learners
INFO  [17:30:07.835] [bbotk]      186 0.117216         2  0.1475626        0      0            0.177
INFO  [17:30:07.835] [bbotk]                                 uhash
INFO  [17:30:07.835] [bbotk]  a688f585-f09f-41ce-99a5-87e40335779b
INFO  [17:30:07.840] [bbotk] Evaluating 1 configuration(s)
INFO  [17:30:08.159] [bbotk] Result of batch 6:
INFO  [17:30:08.160] [bbotk]  nrounds       eta max_depth classif.ce warnings errors runtime_learners
INFO  [17:30:08.160] [bbotk]      102 0.1764328         9  0.1330698        0      0            0.293
INFO  [17:30:08.160] [bbotk]                                 uhash
INFO  [17:30:08.160] [bbotk]  f1422d35-9a3b-4c33-92ce-3394d4600653
INFO  [17:30:08.164] [bbotk] Evaluating 1 configuration(s)
INFO  [17:30:08.595] [bbotk] Result of batch 7:
INFO  [17:30:08.596] [bbotk]  nrounds       eta max_depth classif.ce warnings errors runtime_learners
INFO  [17:30:08.596] [bbotk]      213 0.2903735         9  0.1462451        0      0            0.402
INFO  [17:30:08.596] [bbotk]                                 uhash
INFO  [17:30:08.596] [bbotk]  3d29b0d8-0c08-46a1-9759-a5e7f02679bd
INFO  [17:30:08.600] [bbotk] Evaluating 1 configuration(s)
INFO  [17:30:09.445] [bbotk] Result of batch 8:
INFO  [17:30:09.448] [bbotk]  nrounds       eta max_depth classif.ce warnings errors runtime_learners
INFO  [17:30:09.448] [bbotk]      287 0.2692081        10  0.1422925        0      0            0.775
INFO  [17:30:09.448] [bbotk]                                 uhash
INFO  [17:30:09.448] [bbotk]  9f237d56-86bf-48d9-b12d-34cd97111987
INFO  [17:30:09.458] [bbotk] Evaluating 1 configuration(s)
INFO  [17:30:10.276] [bbotk] Result of batch 9:
INFO  [17:30:10.279] [bbotk]  nrounds       eta max_depth classif.ce warnings errors runtime_learners
INFO  [17:30:10.279] [bbotk]      201 0.1193737         5  0.1383399        0      0            0.763
INFO  [17:30:10.279] [bbotk]                                 uhash
INFO  [17:30:10.279] [bbotk]  d1c60e72-a849-404d-a968-11c767d07cfd
INFO  [17:30:10.285] [bbotk] Evaluating 1 configuration(s)
INFO  [17:30:10.833] [bbotk] Result of batch 10:
INFO  [17:30:10.835] [bbotk]  nrounds        eta max_depth classif.ce warnings errors runtime_learners
INFO  [17:30:10.835] [bbotk]      180 0.02810725         3  0.1620553        0      0            0.473
INFO  [17:30:10.835] [bbotk]                                 uhash
INFO  [17:30:10.835] [bbotk]  4bd615cd-6e89-4047-8227-06b773897b77
INFO  [17:30:10.847] [bbotk] Finished optimizing after 10 evaluation(s)
INFO  [17:30:10.848] [bbotk] Result:
INFO  [17:30:10.848] [bbotk]  nrounds       eta max_depth learner_param_vals  x_domain classif.ce
INFO  [17:30:10.848] [bbotk]    <int>     <num>     <int>             <list>    <list>      <num>
INFO  [17:30:10.848] [bbotk]      102 0.1764328         9          <list[5]> <list[3]>  0.1330698
INFO  [17:30:11.195] [bbotk] Starting to optimize 3 parameter(s) with '<OptimizerBatchRandomSearch>' and '<TerminatorEvals> [n_evals=10, k=0]'
INFO  [17:30:11.215] [bbotk] Evaluating 1 configuration(s)
INFO  [17:30:11.659] [bbotk] Result of batch 1:
INFO  [17:30:11.661] [bbotk]  nrounds       eta max_depth classif.ce warnings errors runtime_learners
INFO  [17:30:11.661] [bbotk]      221 0.2282668         2  0.1368408        0      0              0.4
INFO  [17:30:11.661] [bbotk]                                 uhash
INFO  [17:30:11.661] [bbotk]  65c4cd17-0d14-4f63-bc39-337ce5b51da3
INFO  [17:30:11.666] [bbotk] Evaluating 1 configuration(s)
INFO  [17:30:12.238] [bbotk] Result of batch 2:
INFO  [17:30:12.239] [bbotk]  nrounds      eta max_depth classif.ce warnings errors runtime_learners
INFO  [17:30:12.239] [bbotk]      150 0.247762         5  0.1237123        0      0             0.51
INFO  [17:30:12.239] [bbotk]                                 uhash
INFO  [17:30:12.239] [bbotk]  bbab21bb-a2ac-4c19-b618-b10ffa18dba5
INFO  [17:30:12.244] [bbotk] Evaluating 1 configuration(s)
INFO  [17:30:12.928] [bbotk] Result of batch 3:
INFO  [17:30:12.931] [bbotk]  nrounds       eta max_depth classif.ce warnings errors runtime_learners
INFO  [17:30:12.931] [bbotk]      197 0.2489224         8  0.1434388        0      0            0.652
INFO  [17:30:12.931] [bbotk]                                 uhash
INFO  [17:30:12.931] [bbotk]  86b7db45-b66b-40c2-ba0b-a294c67913e8
INFO  [17:30:12.940] [bbotk] Evaluating 1 configuration(s)
INFO  [17:30:13.265] [bbotk] Result of batch 4:
INFO  [17:30:13.267] [bbotk]  nrounds       eta max_depth classif.ce warnings errors runtime_learners
INFO  [17:30:13.267] [bbotk]       75 0.2963197        10  0.1381739        0      0            0.277
INFO  [17:30:13.267] [bbotk]                                 uhash
INFO  [17:30:13.267] [bbotk]  ac9298b5-54f6-4847-a4b0-ba4da7d4d72e
INFO  [17:30:13.274] [bbotk] Evaluating 1 configuration(s)
INFO  [17:30:14.043] [bbotk] Result of batch 5:
INFO  [17:30:14.045] [bbotk]  nrounds       eta max_depth classif.ce warnings errors runtime_learners
INFO  [17:30:14.045] [bbotk]      262 0.1002735         5  0.1315967        0      0            0.725
INFO  [17:30:14.045] [bbotk]                                 uhash
INFO  [17:30:14.045] [bbotk]  a5062e97-795d-4f60-a296-9d8de966733f
INFO  [17:30:14.050] [bbotk] Evaluating 1 configuration(s)
INFO  [17:30:14.665] [bbotk] Result of batch 6:
INFO  [17:30:14.667] [bbotk]  nrounds       eta max_depth classif.ce warnings errors runtime_learners
INFO  [17:30:14.667] [bbotk]      224 0.2168971         7  0.1315759        0      0            0.572
INFO  [17:30:14.667] [bbotk]                                 uhash
INFO  [17:30:14.667] [bbotk]  04c9cedd-6f39-41d8-a62d-a36b0d526826
INFO  [17:30:14.671] [bbotk] Evaluating 1 configuration(s)
INFO  [17:30:15.221] [bbotk] Result of batch 7:
INFO  [17:30:15.222] [bbotk]  nrounds       eta max_depth classif.ce warnings errors runtime_learners
INFO  [17:30:15.222] [bbotk]      179 0.2304399         7  0.1329142        0      0            0.512
INFO  [17:30:15.222] [bbotk]                                 uhash
INFO  [17:30:15.222] [bbotk]  133a66ac-1ac7-4f8b-8e1b-80c5c8896382
INFO  [17:30:15.228] [bbotk] Evaluating 1 configuration(s)
INFO  [17:30:15.595] [bbotk] Result of batch 8:
INFO  [17:30:15.596] [bbotk]  nrounds       eta max_depth classif.ce warnings errors runtime_learners
INFO  [17:30:15.596] [bbotk]      144 0.2777181         4   0.134211        0      0            0.335
INFO  [17:30:15.596] [bbotk]                                 uhash
INFO  [17:30:15.596] [bbotk]  3f8ff7a2-f5a2-49e9-b6b0-cde0117e1246
INFO  [17:30:15.600] [bbotk] Evaluating 1 configuration(s)
INFO  [17:30:16.231] [bbotk] Result of batch 9:
INFO  [17:30:16.232] [bbotk]  nrounds        eta max_depth classif.ce warnings errors runtime_learners
INFO  [17:30:16.232] [bbotk]      250 0.08997113         4  0.1394811        0      0            0.598
INFO  [17:30:16.232] [bbotk]                                 uhash
INFO  [17:30:16.232] [bbotk]  eefd8002-3388-4a7f-9d11-937311a18ff2
INFO  [17:30:16.237] [bbotk] Evaluating 1 configuration(s)
INFO  [17:30:16.796] [bbotk] Result of batch 10:
INFO  [17:30:16.797] [bbotk]  nrounds       eta max_depth classif.ce warnings errors runtime_learners
INFO  [17:30:16.797] [bbotk]      233 0.2681057         6  0.1407934        0      0            0.522
INFO  [17:30:16.797] [bbotk]                                 uhash
INFO  [17:30:16.797] [bbotk]  f48c9b3b-9cc6-4e40-8533-3cbbf1a5f0ca
INFO  [17:30:16.806] [bbotk] Finished optimizing after 10 evaluation(s)
INFO  [17:30:16.807] [bbotk] Result:
INFO  [17:30:16.809] [bbotk]  nrounds      eta max_depth learner_param_vals  x_domain classif.ce
INFO  [17:30:16.809] [bbotk]    <int>    <num>     <int>             <list>    <list>      <num>
INFO  [17:30:16.809] [bbotk]      150 0.247762         5          <list[5]> <list[3]>  0.1237123

### [bt]: Job terminated successfully [batchtools job.id=3054]
### [bt]: Starting job [batchtools job.id=3055]
### [bt]: Generating problem instance for problem '6390d9e81da17366' ...
### [bt]: Applying algorithm 'run_learner' on problem '6390d9e81da17366' for job 3055 (seed = 3056) ...
INFO  [17:30:17.154] [mlr3] Applying learner 'classif.xgboost.tuned_calib.perfold_isotonic' on task 'qsar-biodeg' (iter 5/10)
INFO  [17:30:17.191] [bbotk] Starting to optimize 3 parameter(s) with '<OptimizerBatchRandomSearch>' and '<TerminatorEvals> [n_evals=10, k=0]'
INFO  [17:30:17.201] [bbotk] Evaluating 1 configuration(s)
INFO  [17:30:17.459] [bbotk] Result of batch 1:
INFO  [17:30:17.461] [bbotk]  nrounds      eta max_depth classif.ce warnings errors runtime_learners
INFO  [17:30:17.461] [bbotk]       68 0.226763         7  0.1291173        0      0            0.216
INFO  [17:30:17.461] [bbotk]                                 uhash
INFO  [17:30:17.461] [bbotk]  26b91692-b7ad-4f24-ad86-de8192839983
INFO  [17:30:17.467] [bbotk] Evaluating 1 configuration(s)
INFO  [17:30:17.856] [bbotk] Result of batch 2:
INFO  [17:30:17.857] [bbotk]  nrounds        eta max_depth classif.ce warnings errors runtime_learners
INFO  [17:30:17.857] [bbotk]      218 0.06959347         3   0.115942        0      0            0.352
INFO  [17:30:17.857] [bbotk]                                 uhash
INFO  [17:30:17.857] [bbotk]  96bc588a-b937-442d-bd90-7adbf30d664c
INFO  [17:30:17.861] [bbotk] Evaluating 1 configuration(s)
INFO  [17:30:18.425] [bbotk] Result of batch 3:
INFO  [17:30:18.426] [bbotk]  nrounds      eta max_depth classif.ce warnings errors runtime_learners
INFO  [17:30:18.426] [bbotk]      264 0.162098         4  0.1172596        0      0            0.528
INFO  [17:30:18.426] [bbotk]                                 uhash
INFO  [17:30:18.426] [bbotk]  7a693dd3-625f-403e-b161-fb06a4b88154
INFO  [17:30:18.430] [bbotk] Evaluating 1 configuration(s)
INFO  [17:30:18.978] [bbotk] Result of batch 4:
INFO  [17:30:18.979] [bbotk]  nrounds       eta max_depth classif.ce warnings errors runtime_learners
INFO  [17:30:18.979] [bbotk]      239 0.2195189         5  0.1291173        0      0            0.517
INFO  [17:30:18.979] [bbotk]                                 uhash
INFO  [17:30:18.979] [bbotk]  1aa88632-e016-4d86-b33f-617fa92a7456
INFO  [17:30:18.982] [bbotk] Evaluating 1 configuration(s)
INFO  [17:30:19.510] [bbotk] Result of batch 5:
INFO  [17:30:19.512] [bbotk]  nrounds     eta max_depth classif.ce warnings errors runtime_learners
INFO  [17:30:19.512] [bbotk]      225 0.29424         4  0.1277997        0      0            0.465
INFO  [17:30:19.512] [bbotk]                                 uhash
INFO  [17:30:19.512] [bbotk]  e38edfbd-fd85-49c1-b137-5b66f102fec9
INFO  [17:30:19.519] [bbotk] Evaluating 1 configuration(s)
INFO  [17:30:19.648] [bbotk] Result of batch 6:
INFO  [17:30:19.649] [bbotk]  nrounds        eta max_depth classif.ce warnings errors runtime_learners
INFO  [17:30:19.649] [bbotk]       56 0.01025979         3  0.1857708        0      0            0.097
INFO  [17:30:19.649] [bbotk]                                 uhash
INFO  [17:30:19.649] [bbotk]  acf8f2d5-9d40-4903-8ab1-e1a00982ff57
INFO  [17:30:19.653] [bbotk] Evaluating 1 configuration(s)
INFO  [17:30:20.407] [bbotk] Result of batch 7:
INFO  [17:30:20.408] [bbotk]  nrounds        eta max_depth classif.ce warnings errors runtime_learners
INFO  [17:30:20.408] [bbotk]      196 0.02166114        10  0.1291173        0      0            0.724
INFO  [17:30:20.408] [bbotk]                                 uhash
INFO  [17:30:20.408] [bbotk]  7b9307d4-a4fb-48d9-813f-06a3903a388d
INFO  [17:30:20.411] [bbotk] Evaluating 1 configuration(s)
INFO  [17:30:20.813] [bbotk] Result of batch 8:
INFO  [17:30:20.814] [bbotk]  nrounds       eta max_depth classif.ce warnings errors runtime_learners
INFO  [17:30:20.814] [bbotk]      208 0.2791153         8  0.1304348        0      0            0.377
INFO  [17:30:20.814] [bbotk]                                 uhash
INFO  [17:30:20.814] [bbotk]  3f8257cb-a55e-4fb0-84c5-3cb1b2972719
INFO  [17:30:20.817] [bbotk] Evaluating 1 configuration(s)
INFO  [17:30:20.989] [bbotk] Result of batch 9:
INFO  [17:30:20.990] [bbotk]  nrounds       eta max_depth classif.ce warnings errors runtime_learners
INFO  [17:30:20.990] [bbotk]      101 0.1513885         3   0.115942        0      0            0.143
INFO  [17:30:20.990] [bbotk]                                 uhash
INFO  [17:30:20.990] [bbotk]  a17fc38f-9525-4908-b2b2-dec11b403cef
INFO  [17:30:20.994] [bbotk] Evaluating 1 configuration(s)
INFO  [17:30:22.160] [bbotk] Result of batch 10:
INFO  [17:30:22.161] [bbotk]  nrounds        eta max_depth classif.ce warnings errors runtime_learners
INFO  [17:30:22.161] [bbotk]      230 0.03718297         8  0.1291173        0      0            1.111
INFO  [17:30:22.161] [bbotk]                                 uhash
INFO  [17:30:22.161] [bbotk]  1e19d8a4-8cab-47c5-a4e4-fe81c53a8d54
INFO  [17:30:22.176] [bbotk] Finished optimizing after 10 evaluation(s)
INFO  [17:30:22.176] [bbotk] Result:
INFO  [17:30:22.178] [bbotk]  nrounds        eta max_depth learner_param_vals  x_domain classif.ce
INFO  [17:30:22.178] [bbotk]    <int>      <num>     <int>             <list>    <list>      <num>
INFO  [17:30:22.178] [bbotk]      218 0.06959347         3          <list[5]> <list[3]>   0.115942
INFO  [17:30:22.515] [bbotk] Starting to optimize 3 parameter(s) with '<OptimizerBatchRandomSearch>' and '<TerminatorEvals> [n_evals=10, k=0]'
INFO  [17:30:22.530] [bbotk] Evaluating 1 configuration(s)
INFO  [17:30:23.609] [bbotk] Result of batch 1:
INFO  [17:30:23.610] [bbotk]  nrounds       eta max_depth classif.ce warnings errors runtime_learners
INFO  [17:30:23.610] [bbotk]      213 0.1214375         7   0.115942        0      0            0.996
INFO  [17:30:23.610] [bbotk]                                 uhash
INFO  [17:30:23.610] [bbotk]  70d10fe9-9c68-43f2-9732-6ea2eee28bf5
INFO  [17:30:23.614] [bbotk] Evaluating 1 configuration(s)
INFO  [17:30:24.252] [bbotk] Result of batch 2:
INFO  [17:30:24.255] [bbotk]  nrounds       eta max_depth classif.ce warnings errors runtime_learners
INFO  [17:30:24.255] [bbotk]      167 0.2443544         7  0.1185771        0      0             0.58
INFO  [17:30:24.255] [bbotk]                                 uhash
INFO  [17:30:24.255] [bbotk]  adbcec8b-7e78-4cbc-8ef4-5734c8cc659f
INFO  [17:30:24.269] [bbotk] Evaluating 1 configuration(s)
INFO  [17:30:24.705] [bbotk] Result of batch 3:
INFO  [17:30:24.706] [bbotk]  nrounds        eta max_depth classif.ce warnings errors runtime_learners
INFO  [17:30:24.706] [bbotk]       55 0.03391652         8  0.1304348        0      0            0.387
INFO  [17:30:24.706] [bbotk]                                 uhash
INFO  [17:30:24.706] [bbotk]  6a6a798b-ab6f-4888-9e89-188a92776c0a
INFO  [17:30:24.711] [bbotk] Evaluating 1 configuration(s)
INFO  [17:30:25.578] [bbotk] Result of batch 4:
INFO  [17:30:25.579] [bbotk]  nrounds       eta max_depth classif.ce warnings errors runtime_learners
INFO  [17:30:25.579] [bbotk]      241 0.2241221         6  0.1225296        0      0            0.798
INFO  [17:30:25.579] [bbotk]                                 uhash
INFO  [17:30:25.579] [bbotk]  f8913ab3-fa14-4008-b3fb-9905407feb73
INFO  [17:30:25.586] [bbotk] Evaluating 1 configuration(s)
INFO  [17:30:26.185] [bbotk] Result of batch 5:
INFO  [17:30:26.186] [bbotk]  nrounds        eta max_depth classif.ce warnings errors runtime_learners
INFO  [17:30:26.186] [bbotk]      142 0.05323368         6  0.1119895        0      0            0.553
INFO  [17:30:26.186] [bbotk]                                 uhash
INFO  [17:30:26.186] [bbotk]  349c826c-4326-4cfc-9f18-3062fd139e3f
INFO  [17:30:26.195] [bbotk] Evaluating 1 configuration(s)
INFO  [17:30:26.543] [bbotk] Result of batch 6:
INFO  [17:30:26.544] [bbotk]  nrounds       eta max_depth classif.ce warnings errors runtime_learners
INFO  [17:30:26.544] [bbotk]      106 0.1757248         9  0.1172596        0      0            0.315
INFO  [17:30:26.544] [bbotk]                                 uhash
INFO  [17:30:26.544] [bbotk]  8e3d3484-95a1-49d0-8169-bba41b859fcf
INFO  [17:30:26.548] [bbotk] Evaluating 1 configuration(s)
INFO  [17:30:26.961] [bbotk] Result of batch 7:
INFO  [17:30:26.962] [bbotk]  nrounds       eta max_depth classif.ce warnings errors runtime_learners
INFO  [17:30:26.962] [bbotk]      227 0.1842889         4  0.1330698        0      0            0.383
INFO  [17:30:26.962] [bbotk]                                 uhash
INFO  [17:30:26.962] [bbotk]  787f43c3-6ddb-4e6f-b77f-d1f525f9aafa
INFO  [17:30:26.966] [bbotk] Evaluating 1 configuration(s)
INFO  [17:30:27.435] [bbotk] Result of batch 8:
INFO  [17:30:27.436] [bbotk]  nrounds       eta max_depth classif.ce warnings errors runtime_learners
INFO  [17:30:27.436] [bbotk]      146 0.1114589        10  0.1238472        0      0            0.435
INFO  [17:30:27.436] [bbotk]                                 uhash
INFO  [17:30:27.436] [bbotk]  57f6b101-4ab2-460f-9689-95372ae80bd9
INFO  [17:30:27.440] [bbotk] Evaluating 1 configuration(s)
INFO  [17:30:27.995] [bbotk] Result of batch 9:
INFO  [17:30:27.996] [bbotk]  nrounds        eta max_depth classif.ce warnings errors runtime_learners
INFO  [17:30:27.996] [bbotk]      161 0.05627946         9  0.1198946        0      0            0.525
INFO  [17:30:27.996] [bbotk]                                 uhash
INFO  [17:30:27.996] [bbotk]  921ae044-8900-4533-aeb4-7ce53287290e
INFO  [17:30:27.999] [bbotk] Evaluating 1 configuration(s)
INFO  [17:30:28.231] [bbotk] Result of batch 10:
INFO  [17:30:28.232] [bbotk]  nrounds       eta max_depth classif.ce warnings errors runtime_learners
INFO  [17:30:28.232] [bbotk]       85 0.1758739         5  0.1264822        0      0            0.201
INFO  [17:30:28.232] [bbotk]                                 uhash
INFO  [17:30:28.232] [bbotk]  b7b3acaf-cde3-4a1d-b133-57878a2dbef5
INFO  [17:30:28.240] [bbotk] Finished optimizing after 10 evaluation(s)
INFO  [17:30:28.240] [bbotk] Result:
INFO  [17:30:28.241] [bbotk]  nrounds        eta max_depth learner_param_vals  x_domain classif.ce
INFO  [17:30:28.241] [bbotk]    <int>      <num>     <int>             <list>    <list>      <num>
INFO  [17:30:28.241] [bbotk]      142 0.05323368         6          <list[5]> <list[3]>  0.1119895
INFO  [17:30:28.463] [bbotk] Starting to optimize 3 parameter(s) with '<OptimizerBatchRandomSearch>' and '<TerminatorEvals> [n_evals=10, k=0]'
INFO  [17:30:28.472] [bbotk] Evaluating 1 configuration(s)
INFO  [17:30:28.928] [bbotk] Result of batch 1:
INFO  [17:30:28.929] [bbotk]  nrounds       eta max_depth classif.ce warnings errors runtime_learners
INFO  [17:30:28.929] [bbotk]      246 0.1598341         4  0.1567852        0      0            0.431
INFO  [17:30:28.929] [bbotk]                                 uhash
INFO  [17:30:28.929] [bbotk]  1a879e50-0b08-46ab-87a7-028b180c828f
INFO  [17:30:28.932] [bbotk] Evaluating 1 configuration(s)
INFO  [17:30:29.367] [bbotk] Result of batch 2:
INFO  [17:30:29.368] [bbotk]  nrounds       eta max_depth classif.ce warnings errors runtime_learners
INFO  [17:30:29.368] [bbotk]      158 0.1692089         9  0.1620553        0      0            0.408
INFO  [17:30:29.368] [bbotk]                                 uhash
INFO  [17:30:29.368] [bbotk]  2d0e8122-ad2b-474f-a5af-dd311a726009
INFO  [17:30:29.372] [bbotk] Evaluating 1 configuration(s)
INFO  [17:30:29.811] [bbotk] Result of batch 3:
INFO  [17:30:29.812] [bbotk]  nrounds       eta max_depth classif.ce warnings errors runtime_learners
INFO  [17:30:29.812] [bbotk]      261 0.2771739         4  0.1541502        0      0             0.41
INFO  [17:30:29.812] [bbotk]                                 uhash
INFO  [17:30:29.812] [bbotk]  4fe1a627-610b-43dc-82dd-9b95461c6ebd
INFO  [17:30:29.816] [bbotk] Evaluating 1 configuration(s)
INFO  [17:30:30.087] [bbotk] Result of batch 4:
INFO  [17:30:30.088] [bbotk]  nrounds        eta max_depth classif.ce warnings errors runtime_learners
INFO  [17:30:30.088] [bbotk]       61 0.05478088         8  0.1581028        0      0            0.232
INFO  [17:30:30.088] [bbotk]                                 uhash
INFO  [17:30:30.088] [bbotk]  6b4b3811-24f1-4d1c-9ab3-6b085e2c4222
INFO  [17:30:30.093] [bbotk] Evaluating 1 configuration(s)
INFO  [17:30:30.632] [bbotk] Result of batch 5:
INFO  [17:30:30.633] [bbotk]  nrounds      eta max_depth classif.ce warnings errors runtime_learners
INFO  [17:30:30.633] [bbotk]      228 0.158802         8  0.1581028        0      0            0.511
INFO  [17:30:30.633] [bbotk]                                 uhash
INFO  [17:30:30.633] [bbotk]  8a834120-4835-419e-9518-c9ddfb68d44c
INFO  [17:30:30.637] [bbotk] Evaluating 1 configuration(s)
INFO  [17:30:32.055] [bbotk] Result of batch 6:
INFO  [17:30:32.067] [bbotk]  nrounds       eta max_depth classif.ce warnings errors runtime_learners
INFO  [17:30:32.067] [bbotk]      241 0.0567888        10  0.1567852        0      0            1.322
INFO  [17:30:32.067] [bbotk]                                 uhash
INFO  [17:30:32.067] [bbotk]  7f909d41-69fc-46c1-bd08-60b53882e143
INFO  [17:30:32.072] [bbotk] Evaluating 1 configuration(s)
INFO  [17:30:34.129] [bbotk] Result of batch 7:
INFO  [17:30:34.130] [bbotk]  nrounds        eta max_depth classif.ce warnings errors runtime_learners
INFO  [17:30:34.130] [bbotk]      250 0.06473017        10  0.1541502        0      0            1.996
INFO  [17:30:34.130] [bbotk]                                 uhash
INFO  [17:30:34.130] [bbotk]  5db31bd8-d604-4dba-8d4c-b45d7680c603
INFO  [17:30:34.137] [bbotk] Evaluating 1 configuration(s)
INFO  [17:30:34.446] [bbotk] Result of batch 8:
INFO  [17:30:34.450] [bbotk]  nrounds       eta max_depth classif.ce warnings errors runtime_learners
INFO  [17:30:34.450] [bbotk]       56 0.2179426         4  0.1528327        0      0             0.25
INFO  [17:30:34.450] [bbotk]                                 uhash
INFO  [17:30:34.450] [bbotk]  53256ba5-7da0-4172-99ff-ab30b4397bab
INFO  [17:30:34.464] [bbotk] Evaluating 1 configuration(s)
INFO  [17:30:35.625] [bbotk] Result of batch 9:
INFO  [17:30:35.626] [bbotk]  nrounds       eta max_depth classif.ce warnings errors runtime_learners
INFO  [17:30:35.626] [bbotk]      198 0.1829738         8  0.1594203        0      0            1.113
INFO  [17:30:35.626] [bbotk]                                 uhash
INFO  [17:30:35.626] [bbotk]  ae51398a-cfb5-4996-b4ac-8fbbf073bb2c
INFO  [17:30:35.637] [bbotk] Evaluating 1 configuration(s)
INFO  [17:30:36.703] [bbotk] Result of batch 10:
INFO  [17:30:36.704] [bbotk]  nrounds       eta max_depth classif.ce warnings errors runtime_learners
INFO  [17:30:36.704] [bbotk]      115 0.1685165         8  0.1567852        0      0            0.965
INFO  [17:30:36.704] [bbotk]                                 uhash
INFO  [17:30:36.704] [bbotk]  1d79cebf-f243-4f25-93ce-578709331e48
INFO  [17:30:36.719] [bbotk] Finished optimizing after 10 evaluation(s)
INFO  [17:30:36.721] [bbotk] Result:
INFO  [17:30:36.722] [bbotk]  nrounds       eta max_depth learner_param_vals  x_domain classif.ce
INFO  [17:30:36.722] [bbotk]    <int>     <num>     <int>             <list>    <list>      <num>
INFO  [17:30:36.722] [bbotk]       56 0.2179426         4          <list[5]> <list[3]>  0.1528327
INFO  [17:30:37.112] [bbotk] Starting to optimize 3 parameter(s) with '<OptimizerBatchRandomSearch>' and '<TerminatorEvals> [n_evals=10, k=0]'
INFO  [17:30:37.154] [bbotk] Evaluating 1 configuration(s)
INFO  [17:30:38.813] [bbotk] Result of batch 1:
INFO  [17:30:38.815] [bbotk]  nrounds       eta max_depth classif.ce warnings errors runtime_learners
INFO  [17:30:38.815] [bbotk]      297 0.1923082         4  0.1646904        0      0            1.551
INFO  [17:30:38.815] [bbotk]                                 uhash
INFO  [17:30:38.815] [bbotk]  c975d6be-1163-4749-b561-10d56f9adc56
INFO  [17:30:38.831] [bbotk] Evaluating 1 configuration(s)
INFO  [17:30:39.599] [bbotk] Result of batch 2:
INFO  [17:30:39.600] [bbotk]  nrounds       eta max_depth classif.ce warnings errors runtime_learners
INFO  [17:30:39.600] [bbotk]      260 0.1638958         2  0.1528327        0      0            0.731
INFO  [17:30:39.600] [bbotk]                                 uhash
INFO  [17:30:39.600] [bbotk]  39a8f57d-6396-4276-9842-f055c55ab3a1
INFO  [17:30:39.620] [bbotk] Evaluating 1 configuration(s)
INFO  [17:30:41.274] [bbotk] Result of batch 3:
INFO  [17:30:41.278] [bbotk]  nrounds        eta max_depth classif.ce warnings errors runtime_learners
INFO  [17:30:41.278] [bbotk]      202 0.07374853         8  0.1581028        0      0            1.568
INFO  [17:30:41.278] [bbotk]                                 uhash
INFO  [17:30:41.278] [bbotk]  de8de104-a9c6-4b02-af72-fa4202a605c3
INFO  [17:30:41.284] [bbotk] Evaluating 1 configuration(s)
INFO  [17:30:41.871] [bbotk] Result of batch 4:
INFO  [17:30:41.873] [bbotk]  nrounds       eta max_depth classif.ce warnings errors runtime_learners
INFO  [17:30:41.873] [bbotk]       81 0.2242866         5  0.1554677        0      0            0.522
INFO  [17:30:41.873] [bbotk]                                 uhash
INFO  [17:30:41.873] [bbotk]  1181272b-8bfa-4423-adc6-7335fa8bb8f3
INFO  [17:30:41.880] [bbotk] Evaluating 1 configuration(s)
INFO  [17:30:42.580] [bbotk] Result of batch 5:
INFO  [17:30:42.584] [bbotk]  nrounds      eta max_depth classif.ce warnings errors runtime_learners
INFO  [17:30:42.584] [bbotk]      126 0.271813         3  0.1633729        0      0            0.527
INFO  [17:30:42.584] [bbotk]                                 uhash
INFO  [17:30:42.584] [bbotk]  e6a168e4-098e-4b60-bb4e-276535f4136c
INFO  [17:30:42.593] [bbotk] Evaluating 1 configuration(s)
INFO  [17:30:43.002] [bbotk] Result of batch 6:
INFO  [17:30:43.003] [bbotk]  nrounds        eta max_depth classif.ce warnings errors runtime_learners
INFO  [17:30:43.003] [bbotk]       56 0.05704207         3  0.1594203        0      0             0.26
INFO  [17:30:43.003] [bbotk]                                 uhash
INFO  [17:30:43.003] [bbotk]  a4c9f4a6-2344-44ef-beac-697665130aa8
INFO  [17:30:43.008] [bbotk] Evaluating 1 configuration(s)
INFO  [17:30:43.956] [bbotk] Result of batch 7:
INFO  [17:30:43.962] [bbotk]  nrounds        eta max_depth classif.ce warnings errors runtime_learners
INFO  [17:30:43.962] [bbotk]       84 0.02191346         6  0.1725955        0      0            0.879
INFO  [17:30:43.962] [bbotk]                                 uhash
INFO  [17:30:43.962] [bbotk]  e2a06893-7f1e-4348-a524-eb6a89118852
INFO  [17:30:43.974] [bbotk] Evaluating 1 configuration(s)
INFO  [17:30:44.334] [bbotk] Result of batch 8:
INFO  [17:30:44.335] [bbotk]  nrounds        eta max_depth classif.ce warnings errors runtime_learners
INFO  [17:30:44.335] [bbotk]       57 0.05966528         3  0.1633729        0      0            0.251
INFO  [17:30:44.335] [bbotk]                                 uhash
INFO  [17:30:44.335] [bbotk]  aba2472a-5654-44d5-a7f9-993a7726b45e
INFO  [17:30:44.340] [bbotk] Evaluating 1 configuration(s)
INFO  [17:30:46.229] [bbotk] Result of batch 9:
INFO  [17:30:46.231] [bbotk]  nrounds        eta max_depth classif.ce warnings errors runtime_learners
INFO  [17:30:46.231] [bbotk]      195 0.04514716         8  0.1541502        0      0            1.825
INFO  [17:30:46.231] [bbotk]                                 uhash
INFO  [17:30:46.231] [bbotk]  2d4061d9-1431-4635-8b66-3e6c920f02ad
INFO  [17:30:46.257] [bbotk] Evaluating 1 configuration(s)
INFO  [17:30:47.063] [bbotk] Result of batch 10:
INFO  [17:30:47.065] [bbotk]  nrounds       eta max_depth classif.ce warnings errors runtime_learners
INFO  [17:30:47.065] [bbotk]      293 0.2376913         2  0.1620553        0      0            0.719
INFO  [17:30:47.065] [bbotk]                                 uhash
INFO  [17:30:47.065] [bbotk]  4782fb47-9753-4301-84fe-c2180d2190a9
INFO  [17:30:47.073] [bbotk] Finished optimizing after 10 evaluation(s)
INFO  [17:30:47.073] [bbotk] Result:
INFO  [17:30:47.074] [bbotk]  nrounds       eta max_depth learner_param_vals  x_domain classif.ce
INFO  [17:30:47.074] [bbotk]    <int>     <num>     <int>             <list>    <list>      <num>
INFO  [17:30:47.074] [bbotk]      260 0.1638958         2          <list[5]> <list[3]>  0.1528327
INFO  [17:30:47.472] [bbotk] Starting to optimize 3 parameter(s) with '<OptimizerBatchRandomSearch>' and '<TerminatorEvals> [n_evals=10, k=0]'
INFO  [17:30:47.523] [bbotk] Evaluating 1 configuration(s)
INFO  [17:30:48.005] [bbotk] Result of batch 1:
INFO  [17:30:48.008] [bbotk]  nrounds       eta max_depth classif.ce warnings errors runtime_learners
INFO  [17:30:48.008] [bbotk]       56 0.2226154         6  0.1500316        0      0             0.37
INFO  [17:30:48.008] [bbotk]                                 uhash
INFO  [17:30:48.008] [bbotk]  ea44be20-7c61-4573-b5a5-1806d23d8130
INFO  [17:30:48.027] [bbotk] Evaluating 1 configuration(s)
INFO  [17:30:49.170] [bbotk] Result of batch 2:
INFO  [17:30:49.171] [bbotk]  nrounds        eta max_depth classif.ce warnings errors runtime_learners
INFO  [17:30:49.171] [bbotk]      184 0.01476036         4  0.1526459        0      0            1.034
INFO  [17:30:49.171] [bbotk]                                 uhash
INFO  [17:30:49.171] [bbotk]  e56653ed-05a5-4e22-906d-8f91c043bd0b
INFO  [17:30:49.176] [bbotk] Evaluating 1 configuration(s)
INFO  [17:30:50.717] [bbotk] Result of batch 3:
INFO  [17:30:50.718] [bbotk]  nrounds       eta max_depth classif.ce warnings errors runtime_learners
INFO  [17:30:50.718] [bbotk]      180 0.1851651         9  0.1447615        0      0            1.449
INFO  [17:30:50.718] [bbotk]                                 uhash
INFO  [17:30:50.718] [bbotk]  413a2a3f-5a76-4b79-a01b-36c129b60f07
INFO  [17:30:50.744] [bbotk] Evaluating 1 configuration(s)
INFO  [17:30:52.150] [bbotk] Result of batch 4:
INFO  [17:30:52.156] [bbotk]  nrounds       eta max_depth classif.ce warnings errors runtime_learners
INFO  [17:30:52.156] [bbotk]      271 0.2247809         5  0.1447771        0      0            1.298
INFO  [17:30:52.156] [bbotk]                                 uhash
INFO  [17:30:52.156] [bbotk]  ba5adc77-c4e2-43d2-8de2-4884b71558a3
INFO  [17:30:52.165] [bbotk] Evaluating 1 configuration(s)
INFO  [17:30:53.540] [bbotk] Result of batch 5:
INFO  [17:30:53.543] [bbotk]  nrounds       eta max_depth classif.ce warnings errors runtime_learners
INFO  [17:30:53.543] [bbotk]      130 0.0443016         8  0.1513388        0      0            1.263
INFO  [17:30:53.543] [bbotk]                                 uhash
INFO  [17:30:53.543] [bbotk]  f274a53e-a121-4309-b0ad-2c81e92de392
INFO  [17:30:53.556] [bbotk] Evaluating 1 configuration(s)
INFO  [17:30:54.708] [bbotk] Result of batch 6:
INFO  [17:30:54.710] [bbotk]  nrounds       eta max_depth classif.ce warnings errors runtime_learners
INFO  [17:30:54.710] [bbotk]      136 0.1115522         9  0.1473862        0      0            1.058
INFO  [17:30:54.710] [bbotk]                                 uhash
INFO  [17:30:54.710] [bbotk]  4f80768d-1767-4a88-bb3c-2fa429980b6e
INFO  [17:30:54.726] [bbotk] Evaluating 1 configuration(s)
INFO  [17:30:55.597] [bbotk] Result of batch 7:
INFO  [17:30:55.601] [bbotk]  nrounds       eta max_depth classif.ce warnings errors runtime_learners
INFO  [17:30:55.601] [bbotk]      178 0.1890783         7  0.1487141        0      0            0.792
INFO  [17:30:55.601] [bbotk]                                 uhash
INFO  [17:30:55.601] [bbotk]  542a92d9-73e4-450f-aef7-bd0844be432d
INFO  [17:30:55.611] [bbotk] Evaluating 1 configuration(s)
INFO  [17:30:56.986] [bbotk] Result of batch 8:
INFO  [17:30:56.988] [bbotk]  nrounds       eta max_depth classif.ce warnings errors runtime_learners
INFO  [17:30:56.988] [bbotk]      259 0.2609526         8  0.1421213        0      0             1.26
INFO  [17:30:56.988] [bbotk]                                 uhash
INFO  [17:30:56.988] [bbotk]  f8e3edf1-8f1a-4001-a361-64558a3b22ab
INFO  [17:30:57.013] [bbotk] Evaluating 1 configuration(s)
INFO  [17:30:58.236] [bbotk] Result of batch 9:
INFO  [17:30:58.238] [bbotk]  nrounds       eta max_depth classif.ce warnings errors runtime_learners
INFO  [17:30:58.238] [bbotk]      141 0.1568035        10  0.1460739        0      0            1.082
INFO  [17:30:58.238] [bbotk]                                 uhash
INFO  [17:30:58.238] [bbotk]  21f817eb-1e28-4a40-a00a-d1425e25f2af
INFO  [17:30:58.246] [bbotk] Evaluating 1 configuration(s)
INFO  [17:30:59.639] [bbotk] Result of batch 10:
INFO  [17:30:59.645] [bbotk]  nrounds        eta max_depth classif.ce warnings errors runtime_learners
INFO  [17:30:59.645] [bbotk]      126 0.07147394         9  0.1473966        0      0            1.271
INFO  [17:30:59.645] [bbotk]                                 uhash
INFO  [17:30:59.645] [bbotk]  98b13c3d-8cf0-4c57-ae2c-a15bde82da34
INFO  [17:30:59.711] [bbotk] Finished optimizing after 10 evaluation(s)
INFO  [17:30:59.718] [bbotk] Result:
INFO  [17:30:59.724] [bbotk]  nrounds       eta max_depth learner_param_vals  x_domain classif.ce
INFO  [17:30:59.724] [bbotk]    <int>     <num>     <int>             <list>    <list>      <num>
INFO  [17:30:59.724] [bbotk]      259 0.2609526         8          <list[5]> <list[3]>  0.1421213

### [bt]: Job terminated successfully [batchtools job.id=3055]
### [bt]: Calculation finished!
