### [bt]: This is batchtools v0.9.17
### [bt]: Starting calculation of 5 jobs
### [bt]: Setting working directory to '/Users/User/Documents/Studium/Semester8/Hiwi/mlr3calibration/vignettes'
### [bt]: Memory measurement disabled
### [bt]: Starting job [batchtools job.id=1101]
### [bt]: Generating problem instance for problem '698720b8ce42ae0c' ...
### [bt]: Applying algorithm 'run_learner' on problem '698720b8ce42ae0c' for job 1101 (seed = 1102) ...
INFO  [16:46:58.698] [mlr3] Applying learner 'classif.xgboost.tuned_calib.perfold_isotonic' on task 'pc4' (iter 1/10)
INFO  [16:46:58.734] [bbotk] Starting to optimize 3 parameter(s) with '<OptimizerBatchRandomSearch>' and '<TerminatorEvals> [n_evals=10, k=0]'
INFO  [16:46:58.744] [bbotk] Evaluating 1 configuration(s)
INFO  [16:46:59.465] [bbotk] Result of batch 1:
INFO  [16:46:59.466] [bbotk]  nrounds       eta max_depth classif.ce warnings errors runtime_learners
INFO  [16:46:59.466] [bbotk]      197 0.1973175         7  0.1039105        0      0            0.687
INFO  [16:46:59.466] [bbotk]                                 uhash
INFO  [16:46:59.466] [bbotk]  dd62e5f1-466b-431a-b9af-85e1e095f7a1
INFO  [16:46:59.470] [bbotk] Evaluating 1 configuration(s)
INFO  [16:46:59.833] [bbotk] Result of batch 2:
INFO  [16:46:59.836] [bbotk]  nrounds        eta max_depth classif.ce warnings errors runtime_learners
INFO  [16:46:59.836] [bbotk]      130 0.01188561         3   0.105818        0      0            0.314
INFO  [16:46:59.836] [bbotk]                                 uhash
INFO  [16:46:59.836] [bbotk]  533b40a3-f5a4-48dc-a342-5745d45434c8
INFO  [16:46:59.839] [bbotk] Evaluating 1 configuration(s)
INFO  [16:47:00.522] [bbotk] Result of batch 3:
INFO  [16:47:00.522] [bbotk]  nrounds       eta max_depth classif.ce warnings errors runtime_learners
INFO  [16:47:00.522] [bbotk]      140 0.1357847         7  0.1115405        0      0            0.644
INFO  [16:47:00.522] [bbotk]                                 uhash
INFO  [16:47:00.522] [bbotk]  e0cbec58-591d-4c61-9c6a-d328e878099e
INFO  [16:47:00.527] [bbotk] Evaluating 1 configuration(s)
INFO  [16:47:01.558] [bbotk] Result of batch 4:
INFO  [16:47:01.559] [bbotk]  nrounds       eta max_depth classif.ce warnings errors runtime_learners
INFO  [16:47:01.559] [bbotk]      217 0.0547523         6  0.1105826        0      0            0.993
INFO  [16:47:01.559] [bbotk]                                 uhash
INFO  [16:47:01.559] [bbotk]  5a5ac819-cfa3-48a3-81dc-ee68b2deab87
INFO  [16:47:01.563] [bbotk] Evaluating 1 configuration(s)
INFO  [16:47:02.425] [bbotk] Result of batch 5:
INFO  [16:47:02.426] [bbotk]  nrounds       eta max_depth classif.ce warnings errors runtime_learners
INFO  [16:47:02.426] [bbotk]      201 0.1454347         7  0.1124901        0      0             0.81
INFO  [16:47:02.426] [bbotk]                                 uhash
INFO  [16:47:02.426] [bbotk]  eee28375-1b25-4f5b-b2b1-c6dfc82b8d0e
INFO  [16:47:02.430] [bbotk] Evaluating 1 configuration(s)
INFO  [16:47:03.290] [bbotk] Result of batch 6:
INFO  [16:47:03.291] [bbotk]  nrounds       eta max_depth classif.ce warnings errors runtime_learners
INFO  [16:47:03.291] [bbotk]      240 0.1987627         8  0.1058207        0      0            0.818
INFO  [16:47:03.291] [bbotk]                                 uhash
INFO  [16:47:03.291] [bbotk]  b5c2d2df-17d1-437b-a947-9933fcbfee70
INFO  [16:47:03.295] [bbotk] Evaluating 1 configuration(s)
INFO  [16:47:04.044] [bbotk] Result of batch 7:
INFO  [16:47:04.045] [bbotk]  nrounds       eta max_depth classif.ce warnings errors runtime_learners
INFO  [16:47:04.045] [bbotk]      194 0.1643014         5  0.1048629        0      0            0.704
INFO  [16:47:04.045] [bbotk]                                 uhash
INFO  [16:47:04.045] [bbotk]  c9b9c728-c58a-497e-b130-32564b356c90
INFO  [16:47:04.051] [bbotk] Evaluating 1 configuration(s)
INFO  [16:47:05.458] [bbotk] Result of batch 8:
INFO  [16:47:05.459] [bbotk]  nrounds        eta max_depth classif.ce warnings errors runtime_learners
INFO  [16:47:05.459] [bbotk]      290 0.04884376         7  0.1172547        0      0            1.353
INFO  [16:47:05.459] [bbotk]                                 uhash
INFO  [16:47:05.459] [bbotk]  e6e79653-ca3e-4467-9f65-078745104a0f
INFO  [16:47:05.463] [bbotk] Evaluating 1 configuration(s)
INFO  [16:47:06.321] [bbotk] Result of batch 9:
INFO  [16:47:06.322] [bbotk]  nrounds        eta max_depth classif.ce warnings errors runtime_learners
INFO  [16:47:06.322] [bbotk]      179 0.07747954         8  0.1153527        0      0            0.817
INFO  [16:47:06.322] [bbotk]                                 uhash
INFO  [16:47:06.322] [bbotk]  d1e85a6e-f628-4b30-a035-ebe433101442
INFO  [16:47:06.327] [bbotk] Evaluating 1 configuration(s)
INFO  [16:47:06.977] [bbotk] Result of batch 10:
INFO  [16:47:06.979] [bbotk]  nrounds        eta max_depth classif.ce warnings errors runtime_learners
INFO  [16:47:06.979] [bbotk]      234 0.05315885         3  0.1010533        0      0            0.596
INFO  [16:47:06.979] [bbotk]                                 uhash
INFO  [16:47:06.979] [bbotk]  1fdb8db5-20dc-4bfd-8632-29caa90819bc
INFO  [16:47:07.000] [bbotk] Finished optimizing after 10 evaluation(s)
INFO  [16:47:07.001] [bbotk] Result:
INFO  [16:47:07.001] [bbotk]  nrounds        eta max_depth learner_param_vals  x_domain classif.ce
INFO  [16:47:07.001] [bbotk]    <int>      <num>     <int>             <list>    <list>      <num>
INFO  [16:47:07.001] [bbotk]      234 0.05315885         3          <list[5]> <list[3]>  0.1010533
INFO  [16:47:07.374] [bbotk] Starting to optimize 3 parameter(s) with '<OptimizerBatchRandomSearch>' and '<TerminatorEvals> [n_evals=10, k=0]'
INFO  [16:47:07.386] [bbotk] Evaluating 1 configuration(s)
INFO  [16:47:07.927] [bbotk] Result of batch 1:
INFO  [16:47:07.928] [bbotk]  nrounds       eta max_depth classif.ce warnings errors runtime_learners
INFO  [16:47:07.928] [bbotk]      162 0.2867033         4  0.1086833        0      0            0.492
INFO  [16:47:07.928] [bbotk]                                 uhash
INFO  [16:47:07.928] [bbotk]  645f62b8-f26b-4833-892b-5dea3c598b97
INFO  [16:47:07.932] [bbotk] Evaluating 1 configuration(s)
INFO  [16:47:08.535] [bbotk] Result of batch 2:
INFO  [16:47:08.537] [bbotk]  nrounds       eta max_depth classif.ce warnings errors runtime_learners
INFO  [16:47:08.537] [bbotk]      182 0.2910976         9  0.1096302        0      0            0.571
INFO  [16:47:08.537] [bbotk]                                 uhash
INFO  [16:47:08.537] [bbotk]  e75dcd68-3f28-434b-8388-c9ade49a36bb
INFO  [16:47:08.547] [bbotk] Evaluating 1 configuration(s)
INFO  [16:47:09.590] [bbotk] Result of batch 3:
INFO  [16:47:09.591] [bbotk]  nrounds       eta max_depth classif.ce warnings errors runtime_learners
INFO  [16:47:09.591] [bbotk]      290 0.1714695         6  0.1124956        0      0            0.998
INFO  [16:47:09.591] [bbotk]                                 uhash
INFO  [16:47:09.591] [bbotk]  d93f7f2a-8743-446b-85d9-261be01dd49b
INFO  [16:47:09.595] [bbotk] Evaluating 1 configuration(s)
INFO  [16:47:09.897] [bbotk] Result of batch 4:
INFO  [16:47:09.898] [bbotk]  nrounds        eta max_depth classif.ce warnings errors runtime_learners
INFO  [16:47:09.898] [bbotk]      104 0.01653158         3  0.1162996        0      0            0.263
INFO  [16:47:09.898] [bbotk]                                 uhash
INFO  [16:47:09.898] [bbotk]  a9b069ab-c731-4902-876a-dff27db91cb2
INFO  [16:47:09.902] [bbotk] Evaluating 1 configuration(s)
INFO  [16:47:10.508] [bbotk] Result of batch 5:
INFO  [16:47:10.509] [bbotk]  nrounds        eta max_depth classif.ce warnings errors runtime_learners
INFO  [16:47:10.509] [bbotk]      230 0.08243665         3  0.1144031        0      0            0.557
INFO  [16:47:10.509] [bbotk]                                 uhash
INFO  [16:47:10.509] [bbotk]  d2b3583d-7b3d-44d4-9cee-3efdd87457ab
INFO  [16:47:10.517] [bbotk] Evaluating 1 configuration(s)
INFO  [16:47:10.756] [bbotk] Result of batch 6:
INFO  [16:47:10.758] [bbotk]  nrounds       eta max_depth classif.ce warnings errors runtime_learners
INFO  [16:47:10.758] [bbotk]       60 0.1631816         4  0.1163078        0      0            0.183
INFO  [16:47:10.758] [bbotk]                                 uhash
INFO  [16:47:10.758] [bbotk]  79b22bc1-ecb3-417f-b4ab-76c1e9dec008
INFO  [16:47:10.771] [bbotk] Evaluating 1 configuration(s)
INFO  [16:47:12.180] [bbotk] Result of batch 7:
INFO  [16:47:12.181] [bbotk]  nrounds        eta max_depth classif.ce warnings errors runtime_learners
INFO  [16:47:12.181] [bbotk]      279 0.04384183        10  0.1105908        0      0            1.368
INFO  [16:47:12.181] [bbotk]                                 uhash
INFO  [16:47:12.181] [bbotk]  1b7908cb-eb66-4f90-84be-7ad62630e74b
INFO  [16:47:12.189] [bbotk] Evaluating 1 configuration(s)
INFO  [16:47:12.479] [bbotk] Result of batch 8:
INFO  [16:47:12.481] [bbotk]  nrounds      eta max_depth classif.ce warnings errors runtime_learners
INFO  [16:47:12.481] [bbotk]       86 0.170673         4  0.1134425        0      0            0.253
INFO  [16:47:12.481] [bbotk]                                 uhash
INFO  [16:47:12.481] [bbotk]  d8bfd950-ff78-40c0-b1f1-01babdb135e4
INFO  [16:47:12.488] [bbotk] Evaluating 1 configuration(s)
INFO  [16:47:13.087] [bbotk] Result of batch 9:
INFO  [16:47:13.090] [bbotk]  nrounds       eta max_depth classif.ce warnings errors runtime_learners
INFO  [16:47:13.090] [bbotk]      171 0.2916186         4  0.1124847        0      0            0.554
INFO  [16:47:13.090] [bbotk]                                 uhash
INFO  [16:47:13.090] [bbotk]  5d1b162e-600d-4ee2-8585-8b650577f63a
INFO  [16:47:13.102] [bbotk] Evaluating 1 configuration(s)
INFO  [16:47:13.997] [bbotk] Result of batch 10:
INFO  [16:47:14.002] [bbotk]  nrounds       eta max_depth classif.ce warnings errors runtime_learners
INFO  [16:47:14.002] [bbotk]      270 0.2735483         8  0.1172466        0      0            0.855
INFO  [16:47:14.002] [bbotk]                                 uhash
INFO  [16:47:14.002] [bbotk]  f1d357bc-415f-4165-add7-44e48c9b5f94
INFO  [16:47:14.016] [bbotk] Finished optimizing after 10 evaluation(s)
INFO  [16:47:14.016] [bbotk] Result:
INFO  [16:47:14.017] [bbotk]  nrounds       eta max_depth learner_param_vals  x_domain classif.ce
INFO  [16:47:14.017] [bbotk]    <int>     <num>     <int>             <list>    <list>      <num>
INFO  [16:47:14.017] [bbotk]      162 0.2867033         4          <list[5]> <list[3]>  0.1086833
INFO  [16:47:14.280] [bbotk] Starting to optimize 3 parameter(s) with '<OptimizerBatchRandomSearch>' and '<TerminatorEvals> [n_evals=10, k=0]'
INFO  [16:47:14.289] [bbotk] Evaluating 1 configuration(s)
INFO  [16:47:14.741] [bbotk] Result of batch 1:
INFO  [16:47:14.742] [bbotk]  nrounds       eta max_depth classif.ce warnings errors runtime_learners
INFO  [16:47:14.742] [bbotk]       85 0.1317258        10 0.08952381        0      0             0.42
INFO  [16:47:14.742] [bbotk]                                 uhash
INFO  [16:47:14.742] [bbotk]  6147155e-9791-4eb4-afa8-9d7691ee4e93
INFO  [16:47:14.747] [bbotk] Evaluating 1 configuration(s)
INFO  [16:47:15.171] [bbotk] Result of batch 2:
INFO  [16:47:15.172] [bbotk]  nrounds       eta max_depth classif.ce warnings errors runtime_learners
INFO  [16:47:15.172] [bbotk]      115 0.1889773         4 0.08666667        0      0             0.38
INFO  [16:47:15.172] [bbotk]                                 uhash
INFO  [16:47:15.172] [bbotk]  11e293ed-29cc-4572-a912-944fb4054401
INFO  [16:47:15.175] [bbotk] Evaluating 1 configuration(s)
INFO  [16:47:16.562] [bbotk] Result of batch 3:
INFO  [16:47:16.563] [bbotk]  nrounds        eta max_depth classif.ce warnings errors runtime_learners
INFO  [16:47:16.563] [bbotk]      239 0.03338227        10 0.09238095        0      0            1.344
INFO  [16:47:16.563] [bbotk]                                 uhash
INFO  [16:47:16.563] [bbotk]  89eb8528-f44d-468f-ad17-a971d8e17d28
INFO  [16:47:16.567] [bbotk] Evaluating 1 configuration(s)
INFO  [16:47:17.252] [bbotk] Result of batch 4:
INFO  [16:47:17.254] [bbotk]  nrounds       eta max_depth classif.ce warnings errors runtime_learners
INFO  [16:47:17.254] [bbotk]      192 0.2960129         9 0.09142857        0      0            0.651
INFO  [16:47:17.254] [bbotk]                                 uhash
INFO  [16:47:17.254] [bbotk]  a8b96252-beca-4c1c-96d8-28dda694a44e
INFO  [16:47:17.266] [bbotk] Evaluating 1 configuration(s)
INFO  [16:47:17.912] [bbotk] Result of batch 5:
INFO  [16:47:17.913] [bbotk]  nrounds       eta max_depth classif.ce warnings errors runtime_learners
INFO  [16:47:17.913] [bbotk]      203 0.1939983         4 0.08952381        0      0            0.614
INFO  [16:47:17.913] [bbotk]                                 uhash
INFO  [16:47:17.913] [bbotk]  33c42f56-2eb3-472d-895c-0cf1ecb7034d
INFO  [16:47:17.918] [bbotk] Evaluating 1 configuration(s)
INFO  [16:47:18.435] [bbotk] Result of batch 6:
INFO  [16:47:18.436] [bbotk]  nrounds       eta max_depth classif.ce warnings errors runtime_learners
INFO  [16:47:18.436] [bbotk]      251 0.1720086         2  0.1009524        0      0            0.461
INFO  [16:47:18.436] [bbotk]                                 uhash
INFO  [16:47:18.436] [bbotk]  64b12fa0-8a34-411c-bf4f-99f6d857c70b
INFO  [16:47:18.440] [bbotk] Evaluating 1 configuration(s)
INFO  [16:47:19.215] [bbotk] Result of batch 7:
INFO  [16:47:19.216] [bbotk]  nrounds       eta max_depth classif.ce warnings errors runtime_learners
INFO  [16:47:19.216] [bbotk]      170 0.1240748         6 0.09047619        0      0            0.724
INFO  [16:47:19.216] [bbotk]                                 uhash
INFO  [16:47:19.216] [bbotk]  944ca45e-fd64-448f-a3ed-c563797d5f9b
INFO  [16:47:19.224] [bbotk] Evaluating 1 configuration(s)
INFO  [16:47:20.068] [bbotk] Result of batch 8:
INFO  [16:47:20.069] [bbotk]  nrounds      eta max_depth classif.ce warnings errors runtime_learners
INFO  [16:47:20.069] [bbotk]      280 0.194385         8 0.08952381        0      0            0.814
INFO  [16:47:20.069] [bbotk]                                 uhash
INFO  [16:47:20.069] [bbotk]  8f7ed43b-26c3-4286-9df0-391bd112d5fe
INFO  [16:47:20.073] [bbotk] Evaluating 1 configuration(s)
INFO  [16:47:21.142] [bbotk] Result of batch 9:
INFO  [16:47:21.143] [bbotk]  nrounds       eta max_depth classif.ce warnings errors runtime_learners
INFO  [16:47:21.143] [bbotk]      279 0.1124465         8 0.09428571        0      0             1.04
INFO  [16:47:21.143] [bbotk]                                 uhash
INFO  [16:47:21.143] [bbotk]  c12b2701-f79c-4b38-b664-f8f440578525
INFO  [16:47:21.153] [bbotk] Evaluating 1 configuration(s)
INFO  [16:47:22.030] [bbotk] Result of batch 10:
INFO  [16:47:22.032] [bbotk]  nrounds       eta max_depth classif.ce warnings errors runtime_learners
INFO  [16:47:22.032] [bbotk]      244 0.1832009        10 0.08857143        0      0            0.842
INFO  [16:47:22.032] [bbotk]                                 uhash
INFO  [16:47:22.032] [bbotk]  518140dd-0c60-4235-b65c-6581fd1b615e
INFO  [16:47:22.042] [bbotk] Finished optimizing after 10 evaluation(s)
INFO  [16:47:22.043] [bbotk] Result:
INFO  [16:47:22.043] [bbotk]  nrounds       eta max_depth learner_param_vals  x_domain classif.ce
INFO  [16:47:22.043] [bbotk]    <int>     <num>     <int>             <list>    <list>      <num>
INFO  [16:47:22.043] [bbotk]      115 0.1889773         4          <list[5]> <list[3]> 0.08666667
INFO  [16:47:22.186] [bbotk] Starting to optimize 3 parameter(s) with '<OptimizerBatchRandomSearch>' and '<TerminatorEvals> [n_evals=10, k=0]'
INFO  [16:47:22.195] [bbotk] Evaluating 1 configuration(s)
INFO  [16:47:22.727] [bbotk] Result of batch 1:
INFO  [16:47:22.728] [bbotk]  nrounds      eta max_depth classif.ce warnings errors runtime_learners
INFO  [16:47:22.728] [bbotk]      165 0.297368        10  0.1047619        0      0            0.493
INFO  [16:47:22.728] [bbotk]                                 uhash
INFO  [16:47:22.728] [bbotk]  cd63d2cb-db0c-49ab-97a3-44f398b0064e
INFO  [16:47:22.732] [bbotk] Evaluating 1 configuration(s)
INFO  [16:47:23.965] [bbotk] Result of batch 2:
INFO  [16:47:23.967] [bbotk]  nrounds        eta max_depth classif.ce warnings errors runtime_learners
INFO  [16:47:23.967] [bbotk]      217 0.01152119        10  0.1104762        0      0            1.184
INFO  [16:47:23.967] [bbotk]                                 uhash
INFO  [16:47:23.967] [bbotk]  8d4b441b-deeb-4fef-adf9-369572d19e77
INFO  [16:47:23.978] [bbotk] Evaluating 1 configuration(s)
INFO  [16:47:24.706] [bbotk] Result of batch 3:
INFO  [16:47:24.707] [bbotk]  nrounds       eta max_depth classif.ce warnings errors runtime_learners
INFO  [16:47:24.707] [bbotk]      185 0.1729422        10  0.1095238        0      0            0.693
INFO  [16:47:24.707] [bbotk]                                 uhash
INFO  [16:47:24.707] [bbotk]  29665519-7441-4358-b282-20871534fc1c
INFO  [16:47:24.711] [bbotk] Evaluating 1 configuration(s)
INFO  [16:47:25.352] [bbotk] Result of batch 4:
INFO  [16:47:25.353] [bbotk]  nrounds       eta max_depth classif.ce warnings errors runtime_learners
INFO  [16:47:25.353] [bbotk]      150 0.1741629         7   0.107619        0      0            0.596
INFO  [16:47:25.353] [bbotk]                                 uhash
INFO  [16:47:25.353] [bbotk]  23005e2a-5f9a-43ce-a6f5-b1946b8bc56f
INFO  [16:47:25.358] [bbotk] Evaluating 1 configuration(s)
INFO  [16:47:25.691] [bbotk] Result of batch 5:
INFO  [16:47:25.693] [bbotk]  nrounds        eta max_depth classif.ce warnings errors runtime_learners
INFO  [16:47:25.693] [bbotk]       52 0.07669822         8  0.1085714        0      0             0.28
INFO  [16:47:25.693] [bbotk]                                 uhash
INFO  [16:47:25.693] [bbotk]  077b114a-ad2d-475e-a157-8c5ad8fd26e0
INFO  [16:47:25.700] [bbotk] Evaluating 1 configuration(s)
INFO  [16:47:27.018] [bbotk] Result of batch 6:
INFO  [16:47:27.019] [bbotk]  nrounds        eta max_depth classif.ce warnings errors runtime_learners
INFO  [16:47:27.019] [bbotk]      284 0.01911298         6  0.1085714        0      0            1.273
INFO  [16:47:27.019] [bbotk]                                 uhash
INFO  [16:47:27.019] [bbotk]  63130169-99f6-4ef7-a363-dae974369e2b
INFO  [16:47:27.023] [bbotk] Evaluating 1 configuration(s)
INFO  [16:47:28.388] [bbotk] Result of batch 7:
INFO  [16:47:28.388] [bbotk]  nrounds        eta max_depth classif.ce warnings errors runtime_learners
INFO  [16:47:28.388] [bbotk]      294 0.05612009         8  0.1038095        0      0            1.327
INFO  [16:47:28.388] [bbotk]                                 uhash
INFO  [16:47:28.388] [bbotk]  6ff705e4-64a3-40ea-9617-a626bf53e7d7
INFO  [16:47:28.396] [bbotk] Evaluating 1 configuration(s)
INFO  [16:47:28.580] [bbotk] Result of batch 8:
INFO  [16:47:28.581] [bbotk]  nrounds       eta max_depth classif.ce warnings errors runtime_learners
INFO  [16:47:28.581] [bbotk]       71 0.0612062         2  0.1009524        0      0            0.148
INFO  [16:47:28.581] [bbotk]                                 uhash
INFO  [16:47:28.581] [bbotk]  48ddb2e7-a076-4c74-8ef9-e27ca54032b3
INFO  [16:47:28.588] [bbotk] Evaluating 1 configuration(s)
INFO  [16:47:29.284] [bbotk] Result of batch 9:
INFO  [16:47:29.286] [bbotk]  nrounds       eta max_depth classif.ce warnings errors runtime_learners
INFO  [16:47:29.286] [bbotk]      176 0.1952261         9  0.1047619        0      0            0.642
INFO  [16:47:29.286] [bbotk]                                 uhash
INFO  [16:47:29.286] [bbotk]  18a9ed98-1a7f-45ff-a6f7-14d41506d491
INFO  [16:47:29.295] [bbotk] Evaluating 1 configuration(s)
INFO  [16:47:29.838] [bbotk] Result of batch 10:
INFO  [16:47:29.839] [bbotk]  nrounds       eta max_depth classif.ce warnings errors runtime_learners
INFO  [16:47:29.839] [bbotk]      143 0.2573327         7  0.1019048        0      0            0.506
INFO  [16:47:29.839] [bbotk]                                 uhash
INFO  [16:47:29.839] [bbotk]  63e65fa4-e74b-4cc3-afee-961022127526
INFO  [16:47:29.847] [bbotk] Finished optimizing after 10 evaluation(s)
INFO  [16:47:29.848] [bbotk] Result:
INFO  [16:47:29.848] [bbotk]  nrounds       eta max_depth learner_param_vals  x_domain classif.ce
INFO  [16:47:29.848] [bbotk]    <int>     <num>     <int>             <list>    <list>      <num>
INFO  [16:47:29.848] [bbotk]       71 0.0612062         2          <list[5]> <list[3]>  0.1009524
INFO  [16:47:29.950] [bbotk] Starting to optimize 3 parameter(s) with '<OptimizerBatchRandomSearch>' and '<TerminatorEvals> [n_evals=10, k=0]'
INFO  [16:47:29.962] [bbotk] Evaluating 1 configuration(s)
INFO  [16:47:30.244] [bbotk] Result of batch 1:
INFO  [16:47:30.245] [bbotk]  nrounds        eta max_depth classif.ce warnings errors runtime_learners
INFO  [16:47:30.245] [bbotk]      138 0.05761421         2 0.09714286        0      0            0.249
INFO  [16:47:30.245] [bbotk]                                 uhash
INFO  [16:47:30.245] [bbotk]  9256e49e-96ee-4833-8c9d-65bc8dbc184b
INFO  [16:47:30.251] [bbotk] Evaluating 1 configuration(s)
INFO  [16:47:30.831] [bbotk] Result of batch 2:
INFO  [16:47:30.833] [bbotk]  nrounds        eta max_depth classif.ce warnings errors runtime_learners
INFO  [16:47:30.833] [bbotk]      219 0.08853594         3 0.09142857        0      0             0.54
INFO  [16:47:30.833] [bbotk]                                 uhash
INFO  [16:47:30.833] [bbotk]  2e6fa0f7-ea89-4d0a-901a-1d8b36ca04b4
INFO  [16:47:30.843] [bbotk] Evaluating 1 configuration(s)
INFO  [16:47:31.628] [bbotk] Result of batch 3:
INFO  [16:47:31.629] [bbotk]  nrounds       eta max_depth classif.ce warnings errors runtime_learners
INFO  [16:47:31.629] [bbotk]      234 0.2501178         6 0.08857143        0      0            0.728
INFO  [16:47:31.629] [bbotk]                                 uhash
INFO  [16:47:31.629] [bbotk]  3f5f1940-af1b-48f7-bfc8-d14f91da0589
INFO  [16:47:31.632] [bbotk] Evaluating 1 configuration(s)
INFO  [16:47:32.421] [bbotk] Result of batch 4:
INFO  [16:47:32.422] [bbotk]  nrounds       eta max_depth classif.ce warnings errors runtime_learners
INFO  [16:47:32.422] [bbotk]      219 0.1124107         5 0.09333333        0      0            0.756
INFO  [16:47:32.422] [bbotk]                                 uhash
INFO  [16:47:32.422] [bbotk]  0536ee9f-c08e-48ba-b143-4434ca4047db
INFO  [16:47:32.428] [bbotk] Evaluating 1 configuration(s)
INFO  [16:47:32.665] [bbotk] Result of batch 5:
INFO  [16:47:32.666] [bbotk]  nrounds       eta max_depth classif.ce warnings errors runtime_learners
INFO  [16:47:32.666] [bbotk]      125 0.2391314         2 0.09428571        0      0            0.193
INFO  [16:47:32.666] [bbotk]                                 uhash
INFO  [16:47:32.666] [bbotk]  393d5fc8-ad19-4cf1-a846-ae25df2be97d
INFO  [16:47:32.673] [bbotk] Evaluating 1 configuration(s)
INFO  [16:47:33.974] [bbotk] Result of batch 6:
INFO  [16:47:33.975] [bbotk]  nrounds        eta max_depth classif.ce warnings errors runtime_learners
INFO  [16:47:33.975] [bbotk]      291 0.07820889         9  0.0952381        0      0            1.262
INFO  [16:47:33.975] [bbotk]                                 uhash
INFO  [16:47:33.975] [bbotk]  fc3db75d-fbbf-462b-8fc8-19a5d662c6fb
INFO  [16:47:33.993] [bbotk] Evaluating 1 configuration(s)
INFO  [16:47:34.287] [bbotk] Result of batch 7:
INFO  [16:47:34.289] [bbotk]  nrounds       eta max_depth classif.ce warnings errors runtime_learners
INFO  [16:47:34.289] [bbotk]       70 0.1730082         5  0.0952381        0      0            0.255
INFO  [16:47:34.289] [bbotk]                                 uhash
INFO  [16:47:34.289] [bbotk]  e21ba876-52a8-4bdf-8227-7cd2ad026136
INFO  [16:47:34.298] [bbotk] Evaluating 1 configuration(s)
INFO  [16:47:35.194] [bbotk] Result of batch 8:
INFO  [16:47:35.196] [bbotk]  nrounds       eta max_depth classif.ce warnings errors runtime_learners
INFO  [16:47:35.196] [bbotk]      277 0.2909053         7 0.08857143        0      0            0.838
INFO  [16:47:35.196] [bbotk]                                 uhash
INFO  [16:47:35.196] [bbotk]  02e57128-8349-4ee7-8a6b-dc5c56cb8407
INFO  [16:47:35.202] [bbotk] Evaluating 1 configuration(s)
INFO  [16:47:36.011] [bbotk] Result of batch 9:
INFO  [16:47:36.012] [bbotk]  nrounds       eta max_depth classif.ce warnings errors runtime_learners
INFO  [16:47:36.012] [bbotk]      199 0.1954003         9 0.09047619        0      0             0.77
INFO  [16:47:36.012] [bbotk]                                 uhash
INFO  [16:47:36.012] [bbotk]  a7ac19fc-4bed-4ca6-ad93-91d23b6feca8
INFO  [16:47:36.016] [bbotk] Evaluating 1 configuration(s)
INFO  [16:47:36.229] [bbotk] Result of batch 10:
INFO  [16:47:36.232] [bbotk]  nrounds       eta max_depth classif.ce warnings errors runtime_learners
INFO  [16:47:36.232] [bbotk]       87 0.1224554         2 0.09428571        0      0            0.165
INFO  [16:47:36.232] [bbotk]                                 uhash
INFO  [16:47:36.232] [bbotk]  12a67470-734b-4a2c-b2fb-3a74a61756d5
INFO  [16:47:36.246] [bbotk] Finished optimizing after 10 evaluation(s)
INFO  [16:47:36.246] [bbotk] Result:
INFO  [16:47:36.247] [bbotk]  nrounds       eta max_depth learner_param_vals  x_domain classif.ce
INFO  [16:47:36.247] [bbotk]    <int>     <num>     <int>             <list>    <list>      <num>
INFO  [16:47:36.247] [bbotk]      277 0.2909053         7          <list[5]> <list[3]> 0.08857143

### [bt]: Job terminated successfully [batchtools job.id=1101]
### [bt]: Starting job [batchtools job.id=1102]
### [bt]: Generating problem instance for problem '698720b8ce42ae0c' ...
### [bt]: Applying algorithm 'run_learner' on problem '698720b8ce42ae0c' for job 1102 (seed = 1103) ...
INFO  [16:47:36.842] [mlr3] Applying learner 'classif.xgboost.tuned_calib.perfold_isotonic' on task 'pc4' (iter 2/10)
INFO  [16:47:36.899] [bbotk] Starting to optimize 3 parameter(s) with '<OptimizerBatchRandomSearch>' and '<TerminatorEvals> [n_evals=10, k=0]'
INFO  [16:47:36.910] [bbotk] Evaluating 1 configuration(s)
INFO  [16:47:37.560] [bbotk] Result of batch 1:
INFO  [16:47:37.561] [bbotk]  nrounds       eta max_depth classif.ce warnings errors runtime_learners
INFO  [16:47:37.561] [bbotk]      149 0.1827181         7 0.08676491        0      0            0.608
INFO  [16:47:37.561] [bbotk]                                 uhash
INFO  [16:47:37.561] [bbotk]  ec61c560-0020-4813-aca6-a8445494e95d
INFO  [16:47:37.567] [bbotk] Evaluating 1 configuration(s)
INFO  [16:47:38.168] [bbotk] Result of batch 2:
INFO  [16:47:38.170] [bbotk]  nrounds       eta max_depth classif.ce warnings errors runtime_learners
INFO  [16:47:38.170] [bbotk]      134 0.1165713         5 0.08675945        0      0            0.542
INFO  [16:47:38.170] [bbotk]                                 uhash
INFO  [16:47:38.170] [bbotk]  b4502334-d880-4bbb-b7cd-095f68abaafc
INFO  [16:47:38.194] [bbotk] Evaluating 1 configuration(s)
INFO  [16:47:39.175] [bbotk] Result of batch 3:
INFO  [16:47:39.176] [bbotk]  nrounds        eta max_depth classif.ce warnings errors runtime_learners
INFO  [16:47:39.176] [bbotk]      222 0.06306504         6 0.08961932        0      0            0.933
INFO  [16:47:39.176] [bbotk]                                 uhash
INFO  [16:47:39.176] [bbotk]  fb747e93-0fc6-41f0-9202-06b3d4e477dc
INFO  [16:47:39.180] [bbotk] Evaluating 1 configuration(s)
INFO  [16:47:39.764] [bbotk] Result of batch 4:
INFO  [16:47:39.765] [bbotk]  nrounds       eta max_depth classif.ce warnings errors runtime_learners
INFO  [16:47:39.765] [bbotk]      138 0.1568788         6 0.08676218        0      0             0.54
INFO  [16:47:39.765] [bbotk]                                 uhash
INFO  [16:47:39.765] [bbotk]  35bd5244-5b08-4da5-88e4-d089503f11e8
INFO  [16:47:39.770] [bbotk] Evaluating 1 configuration(s)
INFO  [16:47:40.190] [bbotk] Result of batch 5:
INFO  [16:47:40.192] [bbotk]  nrounds       eta max_depth classif.ce warnings errors runtime_learners
INFO  [16:47:40.192] [bbotk]      172 0.1512542         2 0.09249284        0      0             0.35
INFO  [16:47:40.192] [bbotk]                                 uhash
INFO  [16:47:40.192] [bbotk]  1ca85bb2-3ee9-4293-9d67-f79caba223d2
INFO  [16:47:40.201] [bbotk] Evaluating 1 configuration(s)
INFO  [16:47:40.371] [bbotk] Result of batch 6:
INFO  [16:47:40.372] [bbotk]  nrounds       eta max_depth classif.ce warnings errors runtime_learners
INFO  [16:47:40.372] [bbotk]       71 0.2767858         2 0.09343703        0      0             0.13
INFO  [16:47:40.372] [bbotk]                                 uhash
INFO  [16:47:40.372] [bbotk]  a94effa8-ad44-4d48-aa0c-caaba0c45afa
INFO  [16:47:40.376] [bbotk] Evaluating 1 configuration(s)
INFO  [16:47:40.942] [bbotk] Result of batch 7:
INFO  [16:47:40.943] [bbotk]  nrounds       eta max_depth classif.ce warnings errors runtime_learners
INFO  [16:47:40.943] [bbotk]      150 0.1286887         5 0.08675672        0      0            0.527
INFO  [16:47:40.943] [bbotk]                                 uhash
INFO  [16:47:40.943] [bbotk]  8ab09407-40de-41a3-94d0-bbc2785afc4a
INFO  [16:47:40.947] [bbotk] Evaluating 1 configuration(s)
INFO  [16:47:42.015] [bbotk] Result of batch 8:
INFO  [16:47:42.017] [bbotk]  nrounds        eta max_depth classif.ce warnings errors runtime_learners
INFO  [16:47:42.017] [bbotk]      259 0.07286847        10 0.08771183        0      0            1.032
INFO  [16:47:42.017] [bbotk]                                 uhash
INFO  [16:47:42.017] [bbotk]  cc3aeaab-228d-4485-8b2c-b390093d0776
INFO  [16:47:42.026] [bbotk] Evaluating 1 configuration(s)
INFO  [16:47:42.756] [bbotk] Result of batch 9:
INFO  [16:47:42.757] [bbotk]  nrounds       eta max_depth classif.ce warnings errors runtime_learners
INFO  [16:47:42.757] [bbotk]      176 0.1628887         7 0.08771729        0      0            0.682
INFO  [16:47:42.757] [bbotk]                                 uhash
INFO  [16:47:42.757] [bbotk]  2148b2ba-0429-4127-8ab0-70dbfddf4f19
INFO  [16:47:42.760] [bbotk] Evaluating 1 configuration(s)
INFO  [16:47:43.468] [bbotk] Result of batch 10:
INFO  [16:47:43.469] [bbotk]  nrounds       eta max_depth classif.ce warnings errors runtime_learners
INFO  [16:47:43.469] [bbotk]      210 0.2359434        10 0.08675672        0      0            0.666
INFO  [16:47:43.469] [bbotk]                                 uhash
INFO  [16:47:43.469] [bbotk]  e61c8686-49a7-46b7-bc76-a958cd4d0867
INFO  [16:47:43.485] [bbotk] Finished optimizing after 10 evaluation(s)
INFO  [16:47:43.486] [bbotk] Result:
INFO  [16:47:43.487] [bbotk]  nrounds       eta max_depth learner_param_vals  x_domain classif.ce
INFO  [16:47:43.487] [bbotk]    <int>     <num>     <int>             <list>    <list>      <num>
INFO  [16:47:43.487] [bbotk]      150 0.1286887         5          <list[5]> <list[3]> 0.08675672
INFO  [16:47:43.829] [bbotk] Starting to optimize 3 parameter(s) with '<OptimizerBatchRandomSearch>' and '<TerminatorEvals> [n_evals=10, k=0]'
INFO  [16:47:43.857] [bbotk] Evaluating 1 configuration(s)
INFO  [16:47:44.673] [bbotk] Result of batch 1:
INFO  [16:47:44.675] [bbotk]  nrounds       eta max_depth classif.ce warnings errors runtime_learners
INFO  [16:47:44.675] [bbotk]      261 0.2975087         9 0.08675672        0      0             0.78
INFO  [16:47:44.675] [bbotk]                                 uhash
INFO  [16:47:44.675] [bbotk]  bcc701cd-5e26-4fd0-9507-60cf0d97ecef
INFO  [16:47:44.683] [bbotk] Evaluating 1 configuration(s)
INFO  [16:47:45.281] [bbotk] Result of batch 2:
INFO  [16:47:45.282] [bbotk]  nrounds      eta max_depth classif.ce warnings errors runtime_learners
INFO  [16:47:45.282] [bbotk]      168 0.195148         8  0.0848465        0      0            0.569
INFO  [16:47:45.282] [bbotk]                                 uhash
INFO  [16:47:45.282] [bbotk]  202d2fea-0e7a-4635-ad58-1925f1159870
INFO  [16:47:45.292] [bbotk] Evaluating 1 configuration(s)
INFO  [16:47:46.018] [bbotk] Result of batch 3:
INFO  [16:47:46.019] [bbotk]  nrounds       eta max_depth classif.ce warnings errors runtime_learners
INFO  [16:47:46.019] [bbotk]      189 0.1983952         8 0.08771183        0      0            0.682
INFO  [16:47:46.019] [bbotk]                                 uhash
INFO  [16:47:46.019] [bbotk]  d2f49262-8cd0-440d-bb42-626924f6c3a2
INFO  [16:47:46.025] [bbotk] Evaluating 1 configuration(s)
INFO  [16:47:47.404] [bbotk] Result of batch 4:
INFO  [16:47:47.405] [bbotk]  nrounds        eta max_depth classif.ce warnings errors runtime_learners
INFO  [16:47:47.405] [bbotk]      278 0.05398117         6 0.08389958        0      0            1.322
INFO  [16:47:47.405] [bbotk]                                 uhash
INFO  [16:47:47.405] [bbotk]  ce342a72-a0f4-455a-889e-4e4258559dd8
INFO  [16:47:47.409] [bbotk] Evaluating 1 configuration(s)
INFO  [16:47:48.034] [bbotk] Result of batch 5:
INFO  [16:47:48.035] [bbotk]  nrounds       eta max_depth classif.ce warnings errors runtime_learners
INFO  [16:47:48.035] [bbotk]      176 0.1701683         4 0.08675399        0      0            0.581
INFO  [16:47:48.035] [bbotk]                                 uhash
INFO  [16:47:48.035] [bbotk]  18252c26-d8cb-4dd1-bd4d-043e5367c422
INFO  [16:47:48.047] [bbotk] Evaluating 1 configuration(s)
INFO  [16:47:48.521] [bbotk] Result of batch 6:
INFO  [16:47:48.522] [bbotk]  nrounds       eta max_depth classif.ce warnings errors runtime_learners
INFO  [16:47:48.522] [bbotk]       94 0.2173349        10 0.09056624        0      0            0.429
INFO  [16:47:48.522] [bbotk]                                 uhash
INFO  [16:47:48.522] [bbotk]  d14bfe6b-92d8-4bc6-bd71-d23966da3326
INFO  [16:47:48.526] [bbotk] Evaluating 1 configuration(s)
INFO  [16:47:49.022] [bbotk] Result of batch 7:
INFO  [16:47:49.023] [bbotk]  nrounds        eta max_depth classif.ce warnings errors runtime_learners
INFO  [16:47:49.023] [bbotk]      284 0.02681843         2 0.08961113        0      0            0.457
INFO  [16:47:49.023] [bbotk]                                 uhash
INFO  [16:47:49.023] [bbotk]  8ab970be-5f90-43cb-851e-a50f733814cf
INFO  [16:47:49.033] [bbotk] Evaluating 1 configuration(s)
INFO  [16:47:49.469] [bbotk] Result of batch 8:
INFO  [16:47:49.470] [bbotk]  nrounds       eta max_depth classif.ce warnings errors runtime_learners
INFO  [16:47:49.470] [bbotk]       80 0.2004125         7  0.0829472        0      0            0.392
INFO  [16:47:49.470] [bbotk]                                 uhash
INFO  [16:47:49.470] [bbotk]  57f8e83b-110c-429c-8b6b-0a6add6e6168
INFO  [16:47:49.474] [bbotk] Evaluating 1 configuration(s)
INFO  [16:47:49.632] [bbotk] Result of batch 9:
INFO  [16:47:49.634] [bbotk]  nrounds        eta max_depth classif.ce warnings errors runtime_learners
INFO  [16:47:49.634] [bbotk]       83 0.01058644         2  0.1010533        0      0            0.115
INFO  [16:47:49.634] [bbotk]                                 uhash
INFO  [16:47:49.634] [bbotk]  23318110-ef42-465f-9654-3a605d128486
INFO  [16:47:49.642] [bbotk] Evaluating 1 configuration(s)
INFO  [16:47:49.965] [bbotk] Result of batch 10:
INFO  [16:47:49.967] [bbotk]  nrounds       eta max_depth classif.ce warnings errors runtime_learners
INFO  [16:47:49.967] [bbotk]       62 0.2485639         7 0.08198936        0      0            0.271
INFO  [16:47:49.967] [bbotk]                                 uhash
INFO  [16:47:49.967] [bbotk]  f5310095-7416-4de9-99be-19c03bd52aa3
INFO  [16:47:49.986] [bbotk] Finished optimizing after 10 evaluation(s)
INFO  [16:47:49.987] [bbotk] Result:
INFO  [16:47:49.990] [bbotk]  nrounds       eta max_depth learner_param_vals  x_domain classif.ce
INFO  [16:47:49.990] [bbotk]    <int>     <num>     <int>             <list>    <list>      <num>
INFO  [16:47:49.990] [bbotk]       62 0.2485639         7          <list[5]> <list[3]> 0.08198936
INFO  [16:47:50.189] [bbotk] Starting to optimize 3 parameter(s) with '<OptimizerBatchRandomSearch>' and '<TerminatorEvals> [n_evals=10, k=0]'
INFO  [16:47:50.200] [bbotk] Evaluating 1 configuration(s)
INFO  [16:47:51.006] [bbotk] Result of batch 1:
INFO  [16:47:51.007] [bbotk]  nrounds        eta max_depth classif.ce warnings errors runtime_learners
INFO  [16:47:51.007] [bbotk]      299 0.01272172         3 0.09047619        0      0            0.768
INFO  [16:47:51.007] [bbotk]                                 uhash
INFO  [16:47:51.007] [bbotk]  182b299d-7ce5-4ca9-a81b-08b4cb3439be
INFO  [16:47:51.011] [bbotk] Evaluating 1 configuration(s)
INFO  [16:47:51.791] [bbotk] Result of batch 2:
INFO  [16:47:51.791] [bbotk]  nrounds       eta max_depth classif.ce warnings errors runtime_learners
INFO  [16:47:51.791] [bbotk]      246 0.1696623         4 0.08571429        0      0            0.751
INFO  [16:47:51.791] [bbotk]                                 uhash
INFO  [16:47:51.791] [bbotk]  4becc108-1149-48a3-b70a-9f6c63072126
INFO  [16:47:51.801] [bbotk] Evaluating 1 configuration(s)
INFO  [16:47:52.558] [bbotk] Result of batch 3:
INFO  [16:47:52.559] [bbotk]  nrounds       eta max_depth classif.ce warnings errors runtime_learners
INFO  [16:47:52.559] [bbotk]      237 0.2220139         4 0.08666667        0      0            0.714
INFO  [16:47:52.559] [bbotk]                                 uhash
INFO  [16:47:52.559] [bbotk]  02c90406-b5c9-4f87-ac46-01a6c672052a
INFO  [16:47:52.568] [bbotk] Evaluating 1 configuration(s)
INFO  [16:47:53.434] [bbotk] Result of batch 4:
INFO  [16:47:53.435] [bbotk]  nrounds       eta max_depth classif.ce warnings errors runtime_learners
INFO  [16:47:53.435] [bbotk]      250 0.2713514         5 0.08666667        0      0            0.826
INFO  [16:47:53.435] [bbotk]                                 uhash
INFO  [16:47:53.435] [bbotk]  9f35073b-fe37-4150-993e-37171c5a3e3e
INFO  [16:47:53.442] [bbotk] Evaluating 1 configuration(s)
INFO  [16:47:54.040] [bbotk] Result of batch 5:
INFO  [16:47:54.041] [bbotk]  nrounds       eta max_depth classif.ce warnings errors runtime_learners
INFO  [16:47:54.041] [bbotk]      142 0.2995308         9 0.08380952        0      0            0.554
INFO  [16:47:54.041] [bbotk]                                 uhash
INFO  [16:47:54.041] [bbotk]  edb4b57f-1ac1-4d56-a88d-cb65f76f4269
INFO  [16:47:54.063] [bbotk] Evaluating 1 configuration(s)
INFO  [16:47:54.927] [bbotk] Result of batch 6:
INFO  [16:47:54.929] [bbotk]  nrounds       eta max_depth classif.ce warnings errors runtime_learners
INFO  [16:47:54.929] [bbotk]      268 0.1986512         3 0.08761905        0      0            0.824
INFO  [16:47:54.929] [bbotk]                                 uhash
INFO  [16:47:54.929] [bbotk]  be88a7c7-1464-4bb6-ab7b-c7ad90679e34
INFO  [16:47:54.940] [bbotk] Evaluating 1 configuration(s)
INFO  [16:47:55.790] [bbotk] Result of batch 7:
INFO  [16:47:55.791] [bbotk]  nrounds        eta max_depth classif.ce warnings errors runtime_learners
INFO  [16:47:55.791] [bbotk]      238 0.09289439         4 0.08095238        0      0            0.803
INFO  [16:47:55.791] [bbotk]                                 uhash
INFO  [16:47:55.791] [bbotk]  aa302bf3-0a1a-4602-91ee-ce281aae5fa8
INFO  [16:47:55.795] [bbotk] Evaluating 1 configuration(s)
INFO  [16:47:56.165] [bbotk] Result of batch 8:
INFO  [16:47:56.166] [bbotk]  nrounds        eta max_depth classif.ce warnings errors runtime_learners
INFO  [16:47:56.166] [bbotk]      130 0.03046973         3 0.08666667        0      0            0.322
INFO  [16:47:56.166] [bbotk]                                 uhash
INFO  [16:47:56.166] [bbotk]  db324d96-fd55-4b6f-a68e-7bce4dbb13b9
INFO  [16:47:56.170] [bbotk] Evaluating 1 configuration(s)
INFO  [16:47:56.966] [bbotk] Result of batch 9:
INFO  [16:47:56.967] [bbotk]  nrounds        eta max_depth classif.ce warnings errors runtime_learners
INFO  [16:47:56.967] [bbotk]      231 0.03822391         4 0.08095238        0      0            0.744
INFO  [16:47:56.967] [bbotk]                                 uhash
INFO  [16:47:56.967] [bbotk]  21b79e52-b70d-4610-ae78-60563d3d55f3
INFO  [16:47:56.971] [bbotk] Evaluating 1 configuration(s)
INFO  [16:47:57.413] [bbotk] Result of batch 10:
INFO  [16:47:57.414] [bbotk]  nrounds        eta max_depth classif.ce warnings errors runtime_learners
INFO  [16:47:57.414] [bbotk]       73 0.05937728         7 0.08190476        0      0            0.403
INFO  [16:47:57.414] [bbotk]                                 uhash
INFO  [16:47:57.414] [bbotk]  1024c3a8-f86c-4120-92c8-6290cd0d454a
INFO  [16:47:57.434] [bbotk] Finished optimizing after 10 evaluation(s)
INFO  [16:47:57.434] [bbotk] Result:
INFO  [16:47:57.435] [bbotk]  nrounds        eta max_depth learner_param_vals  x_domain classif.ce
INFO  [16:47:57.435] [bbotk]    <int>      <num>     <int>             <list>    <list>      <num>
INFO  [16:47:57.435] [bbotk]      231 0.03822391         4          <list[5]> <list[3]> 0.08095238
INFO  [16:47:57.858] [bbotk] Starting to optimize 3 parameter(s) with '<OptimizerBatchRandomSearch>' and '<TerminatorEvals> [n_evals=10, k=0]'
INFO  [16:47:57.872] [bbotk] Evaluating 1 configuration(s)
INFO  [16:47:58.769] [bbotk] Result of batch 1:
INFO  [16:47:58.771] [bbotk]  nrounds       eta max_depth classif.ce warnings errors runtime_learners
INFO  [16:47:58.771] [bbotk]      193 0.1241383         8 0.08952381        0      0            0.862
INFO  [16:47:58.771] [bbotk]                                 uhash
INFO  [16:47:58.771] [bbotk]  241ccedc-0be9-4889-b90d-5784ba8f9e69
INFO  [16:47:58.777] [bbotk] Evaluating 1 configuration(s)
INFO  [16:47:59.580] [bbotk] Result of batch 2:
INFO  [16:47:59.583] [bbotk]  nrounds       eta max_depth classif.ce warnings errors runtime_learners
INFO  [16:47:59.583] [bbotk]      253 0.2852758         4 0.08761905        0      0             0.76
INFO  [16:47:59.583] [bbotk]                                 uhash
INFO  [16:47:59.583] [bbotk]  338279c0-4c30-4668-b71d-c9d81768baeb
INFO  [16:47:59.599] [bbotk] Evaluating 1 configuration(s)
INFO  [16:48:00.290] [bbotk] Result of batch 3:
INFO  [16:48:00.291] [bbotk]  nrounds       eta max_depth classif.ce warnings errors runtime_learners
INFO  [16:48:00.291] [bbotk]      156 0.1782555         7 0.08666667        0      0            0.646
INFO  [16:48:00.291] [bbotk]                                 uhash
INFO  [16:48:00.291] [bbotk]  02f41968-41a3-475a-864a-8e39eee0db6c
INFO  [16:48:00.295] [bbotk] Evaluating 1 configuration(s)
INFO  [16:48:01.645] [bbotk] Result of batch 4:
INFO  [16:48:01.647] [bbotk]  nrounds        eta max_depth classif.ce warnings errors runtime_learners
INFO  [16:48:01.647] [bbotk]      267 0.02349201         6  0.0952381        0      0            1.301
INFO  [16:48:01.647] [bbotk]                                 uhash
INFO  [16:48:01.647] [bbotk]  d7f44cac-b562-4a1e-8c9a-785ab8ca65d2
INFO  [16:48:01.655] [bbotk] Evaluating 1 configuration(s)
INFO  [16:48:02.117] [bbotk] Result of batch 5:
INFO  [16:48:02.118] [bbotk]  nrounds       eta max_depth classif.ce warnings errors runtime_learners
INFO  [16:48:02.118] [bbotk]       86 0.2059388        10 0.09142857        0      0            0.416
INFO  [16:48:02.118] [bbotk]                                 uhash
INFO  [16:48:02.118] [bbotk]  da99581c-6479-4ffb-bcff-6dee71ce0d3f
INFO  [16:48:02.122] [bbotk] Evaluating 1 configuration(s)
INFO  [16:48:02.714] [bbotk] Result of batch 6:
INFO  [16:48:02.715] [bbotk]  nrounds       eta max_depth classif.ce warnings errors runtime_learners
INFO  [16:48:02.715] [bbotk]      156 0.2818155         7 0.08095238        0      0            0.549
INFO  [16:48:02.715] [bbotk]                                 uhash
INFO  [16:48:02.715] [bbotk]  d056e5c1-4cb9-41c4-a1ad-99be4b6d2f82
INFO  [16:48:02.724] [bbotk] Evaluating 1 configuration(s)
INFO  [16:48:03.578] [bbotk] Result of batch 7:
INFO  [16:48:03.579] [bbotk]  nrounds       eta max_depth classif.ce warnings errors runtime_learners
INFO  [16:48:03.579] [bbotk]      203 0.2083891         7 0.08761905        0      0            0.817
INFO  [16:48:03.579] [bbotk]                                 uhash
INFO  [16:48:03.579] [bbotk]  1dcbfb40-8f91-44ad-916d-140a2f886a4f
INFO  [16:48:03.589] [bbotk] Evaluating 1 configuration(s)
INFO  [16:48:03.860] [bbotk] Result of batch 8:
INFO  [16:48:03.863] [bbotk]  nrounds       eta max_depth classif.ce warnings errors runtime_learners
INFO  [16:48:03.863] [bbotk]       87 0.2087292         3 0.08761905        0      0            0.238
INFO  [16:48:03.863] [bbotk]                                 uhash
INFO  [16:48:03.863] [bbotk]  be7ea539-24fd-41fb-97bf-adf3bb3bbdb5
INFO  [16:48:03.874] [bbotk] Evaluating 1 configuration(s)
INFO  [16:48:04.584] [bbotk] Result of batch 9:
INFO  [16:48:04.584] [bbotk]  nrounds       eta max_depth classif.ce warnings errors runtime_learners
INFO  [16:48:04.584] [bbotk]      230 0.1701423         4 0.08666667        0      0            0.662
INFO  [16:48:04.584] [bbotk]                                 uhash
INFO  [16:48:04.584] [bbotk]  f39113b1-aa91-4694-8e2e-02d7e219748f
INFO  [16:48:04.588] [bbotk] Evaluating 1 configuration(s)
INFO  [16:48:05.365] [bbotk] Result of batch 10:
INFO  [16:48:05.366] [bbotk]  nrounds       eta max_depth classif.ce warnings errors runtime_learners
INFO  [16:48:05.366] [bbotk]      247 0.1455688         4 0.08857143        0      0            0.739
INFO  [16:48:05.366] [bbotk]                                 uhash
INFO  [16:48:05.366] [bbotk]  a6c7441a-ac37-4326-8f42-369eb11ea20a
INFO  [16:48:05.380] [bbotk] Finished optimizing after 10 evaluation(s)
INFO  [16:48:05.380] [bbotk] Result:
INFO  [16:48:05.381] [bbotk]  nrounds       eta max_depth learner_param_vals  x_domain classif.ce
INFO  [16:48:05.381] [bbotk]    <int>     <num>     <int>             <list>    <list>      <num>
INFO  [16:48:05.381] [bbotk]      156 0.2818155         7          <list[5]> <list[3]> 0.08095238
INFO  [16:48:05.724] [bbotk] Starting to optimize 3 parameter(s) with '<OptimizerBatchRandomSearch>' and '<TerminatorEvals> [n_evals=10, k=0]'
INFO  [16:48:05.740] [bbotk] Evaluating 1 configuration(s)
INFO  [16:48:06.294] [bbotk] Result of batch 1:
INFO  [16:48:06.295] [bbotk]  nrounds       eta max_depth classif.ce warnings errors runtime_learners
INFO  [16:48:06.295] [bbotk]      187 0.2106028         3 0.09619048        0      0            0.522
INFO  [16:48:06.295] [bbotk]                                 uhash
INFO  [16:48:06.295] [bbotk]  a49cbc48-04ac-49f7-a76f-b0d76d1b0d26
INFO  [16:48:06.299] [bbotk] Evaluating 1 configuration(s)
INFO  [16:48:06.751] [bbotk] Result of batch 2:
INFO  [16:48:06.752] [bbotk]  nrounds       eta max_depth classif.ce warnings errors runtime_learners
INFO  [16:48:06.752] [bbotk]      160 0.1318891         3 0.09238095        0      0            0.378
INFO  [16:48:06.752] [bbotk]                                 uhash
INFO  [16:48:06.752] [bbotk]  771e19f4-72bf-4f87-b572-98b22d650328
INFO  [16:48:06.756] [bbotk] Evaluating 1 configuration(s)
INFO  [16:48:07.055] [bbotk] Result of batch 3:
INFO  [16:48:07.056] [bbotk]  nrounds       eta max_depth classif.ce warnings errors runtime_learners
INFO  [16:48:07.056] [bbotk]      169 0.2536474         3 0.09047619        0      0            0.273
INFO  [16:48:07.056] [bbotk]                                 uhash
INFO  [16:48:07.056] [bbotk]  5e47beed-30ba-4f19-b64e-791c753ad464
INFO  [16:48:07.060] [bbotk] Evaluating 1 configuration(s)
INFO  [16:48:08.230] [bbotk] Result of batch 4:
INFO  [16:48:08.232] [bbotk]  nrounds       eta max_depth classif.ce warnings errors runtime_learners
INFO  [16:48:08.232] [bbotk]      296 0.1043996         7        0.1        0      0            1.129
INFO  [16:48:08.232] [bbotk]                                 uhash
INFO  [16:48:08.232] [bbotk]  155e8663-6349-4ad7-aae6-96099714580c
INFO  [16:48:08.238] [bbotk] Evaluating 1 configuration(s)
INFO  [16:48:08.916] [bbotk] Result of batch 5:
INFO  [16:48:08.917] [bbotk]  nrounds       eta max_depth classif.ce warnings errors runtime_learners
INFO  [16:48:08.917] [bbotk]      148 0.1099805         5 0.09238095        0      0            0.631
INFO  [16:48:08.917] [bbotk]                                 uhash
INFO  [16:48:08.917] [bbotk]  7fb2a748-6bdf-43dc-9697-eb6e447bd7d8
INFO  [16:48:08.921] [bbotk] Evaluating 1 configuration(s)
INFO  [16:48:09.969] [bbotk] Result of batch 6:
INFO  [16:48:09.971] [bbotk]  nrounds        eta max_depth classif.ce warnings errors runtime_learners
INFO  [16:48:09.971] [bbotk]      205 0.06376677         7 0.09809524        0      0            0.989
INFO  [16:48:09.971] [bbotk]                                 uhash
INFO  [16:48:09.971] [bbotk]  9dbe87c7-93d4-4fa4-a8bf-557412f0c032
INFO  [16:48:09.988] [bbotk] Evaluating 1 configuration(s)
INFO  [16:48:10.529] [bbotk] Result of batch 7:
INFO  [16:48:10.530] [bbotk]  nrounds       eta max_depth classif.ce warnings errors runtime_learners
INFO  [16:48:10.530] [bbotk]      135 0.2508379         5 0.09809524        0      0            0.502
INFO  [16:48:10.530] [bbotk]                                 uhash
INFO  [16:48:10.530] [bbotk]  5ea187fc-ef8f-4757-b7ab-1d5c7d57a38c
INFO  [16:48:10.548] [bbotk] Evaluating 1 configuration(s)
INFO  [16:48:11.115] [bbotk] Result of batch 8:
INFO  [16:48:11.117] [bbotk]  nrounds       eta max_depth classif.ce warnings errors runtime_learners
INFO  [16:48:11.117] [bbotk]      103 0.1737645        10        0.1        0      0             0.51
INFO  [16:48:11.117] [bbotk]                                 uhash
INFO  [16:48:11.117] [bbotk]  3ce1c5f6-746d-48bf-83ea-c68bfc6454b6
INFO  [16:48:11.123] [bbotk] Evaluating 1 configuration(s)
INFO  [16:48:11.572] [bbotk] Result of batch 9:
INFO  [16:48:11.574] [bbotk]  nrounds       eta max_depth classif.ce warnings errors runtime_learners
INFO  [16:48:11.574] [bbotk]      228 0.1887737         2 0.09619048        0      0            0.395
INFO  [16:48:11.574] [bbotk]                                 uhash
INFO  [16:48:11.574] [bbotk]  38c6fbfd-a6be-4cc4-919a-9e09bab7e821
INFO  [16:48:11.587] [bbotk] Evaluating 1 configuration(s)
INFO  [16:48:12.708] [bbotk] Result of batch 10:
INFO  [16:48:12.710] [bbotk]  nrounds       eta max_depth classif.ce warnings errors runtime_learners
INFO  [16:48:12.710] [bbotk]      274 0.1210681         7  0.1009524        0      0            1.066
INFO  [16:48:12.710] [bbotk]                                 uhash
INFO  [16:48:12.710] [bbotk]  159f11b8-7a83-466d-bdd4-1ccee0ef1242
INFO  [16:48:12.718] [bbotk] Finished optimizing after 10 evaluation(s)
INFO  [16:48:12.718] [bbotk] Result:
INFO  [16:48:12.719] [bbotk]  nrounds       eta max_depth learner_param_vals  x_domain classif.ce
INFO  [16:48:12.719] [bbotk]    <int>     <num>     <int>             <list>    <list>      <num>
INFO  [16:48:12.719] [bbotk]      169 0.2536474         3          <list[5]> <list[3]> 0.09047619

### [bt]: Job terminated successfully [batchtools job.id=1102]
### [bt]: Starting job [batchtools job.id=1103]
### [bt]: Generating problem instance for problem '698720b8ce42ae0c' ...
### [bt]: Applying algorithm 'run_learner' on problem '698720b8ce42ae0c' for job 1103 (seed = 1104) ...
INFO  [16:48:13.108] [mlr3] Applying learner 'classif.xgboost.tuned_calib.perfold_isotonic' on task 'pc4' (iter 3/10)
INFO  [16:48:13.159] [bbotk] Starting to optimize 3 parameter(s) with '<OptimizerBatchRandomSearch>' and '<TerminatorEvals> [n_evals=10, k=0]'
INFO  [16:48:13.175] [bbotk] Evaluating 1 configuration(s)
INFO  [16:48:13.574] [bbotk] Result of batch 1:
INFO  [16:48:13.576] [bbotk]  nrounds       eta max_depth classif.ce warnings errors runtime_learners
INFO  [16:48:13.576] [bbotk]       99 0.1943276         4 0.09152135        0      0            0.357
INFO  [16:48:13.576] [bbotk]                                 uhash
INFO  [16:48:13.576] [bbotk]  3f22b6f6-ba49-464c-adae-43f0870f7c88
INFO  [16:48:13.582] [bbotk] Evaluating 1 configuration(s)
INFO  [16:48:14.791] [bbotk] Result of batch 2:
INFO  [16:48:14.792] [bbotk]  nrounds        eta max_depth classif.ce warnings errors runtime_learners
INFO  [16:48:14.792] [bbotk]      218 0.05586282        10  0.0915159        0      0            1.159
INFO  [16:48:14.792] [bbotk]                                 uhash
INFO  [16:48:14.792] [bbotk]  247ef59e-d89c-492d-895c-742b521161f4
INFO  [16:48:14.797] [bbotk] Evaluating 1 configuration(s)
INFO  [16:48:15.327] [bbotk] Result of batch 3:
INFO  [16:48:15.331] [bbotk]  nrounds       eta max_depth classif.ce warnings errors runtime_learners
INFO  [16:48:15.331] [bbotk]       88 0.1240776        10 0.09437577        0      0            0.482
INFO  [16:48:15.331] [bbotk]                                 uhash
INFO  [16:48:15.331] [bbotk]  29b13c2d-4cc8-468b-9a9a-2a074896cfe2
INFO  [16:48:15.335] [bbotk] Evaluating 1 configuration(s)
INFO  [16:48:15.800] [bbotk] Result of batch 4:
INFO  [16:48:15.801] [bbotk]  nrounds       eta max_depth classif.ce warnings errors runtime_learners
INFO  [16:48:15.801] [bbotk]      174 0.2667694         3 0.09436758        0      0            0.434
INFO  [16:48:15.801] [bbotk]                                 uhash
INFO  [16:48:15.801] [bbotk]  b5171be4-1362-4675-96a7-dbcf5b4563de
INFO  [16:48:15.804] [bbotk] Evaluating 1 configuration(s)
INFO  [16:48:16.147] [bbotk] Result of batch 5:
INFO  [16:48:16.155] [bbotk]  nrounds       eta max_depth classif.ce warnings errors runtime_learners
INFO  [16:48:16.155] [bbotk]       66 0.2086985         5 0.08865602        0      0            0.287
INFO  [16:48:16.155] [bbotk]                                 uhash
INFO  [16:48:16.155] [bbotk]  7ad1d911-49a0-4dab-887c-326b960e32a1
INFO  [16:48:16.160] [bbotk] Evaluating 1 configuration(s)
INFO  [16:48:16.455] [bbotk] Result of batch 6:
INFO  [16:48:16.456] [bbotk]  nrounds        eta max_depth classif.ce warnings errors runtime_learners
INFO  [16:48:16.456] [bbotk]       54 0.06267075         6 0.09628599        0      0            0.252
INFO  [16:48:16.456] [bbotk]                                 uhash
INFO  [16:48:16.456] [bbotk]  16fa6925-fe70-4172-9576-f1f5dd804da5
INFO  [16:48:16.463] [bbotk] Evaluating 1 configuration(s)
INFO  [16:48:17.479] [bbotk] Result of batch 7:
INFO  [16:48:17.481] [bbotk]  nrounds        eta max_depth classif.ce warnings errors runtime_learners
INFO  [16:48:17.481] [bbotk]      168 0.04466941        10 0.09247373        0      0            0.966
INFO  [16:48:17.481] [bbotk]                                 uhash
INFO  [16:48:17.481] [bbotk]  2cb043cd-57b1-4e81-8387-e173b3135dec
INFO  [16:48:17.487] [bbotk] Evaluating 1 configuration(s)
INFO  [16:48:18.638] [bbotk] Result of batch 8:
INFO  [16:48:18.640] [bbotk]  nrounds        eta max_depth classif.ce warnings errors runtime_learners
INFO  [16:48:18.640] [bbotk]      237 0.08510742         6 0.09055806        0      0            1.109
INFO  [16:48:18.640] [bbotk]                                 uhash
INFO  [16:48:18.640] [bbotk]  be518bd8-2d59-4a2b-913e-90c5b5071a0c
INFO  [16:48:18.653] [bbotk] Evaluating 1 configuration(s)
INFO  [16:48:19.034] [bbotk] Result of batch 9:
INFO  [16:48:19.035] [bbotk]  nrounds       eta max_depth classif.ce warnings errors runtime_learners
INFO  [16:48:19.035] [bbotk]      123 0.1602897         3 0.09437304        0      0             0.33
INFO  [16:48:19.035] [bbotk]                                 uhash
INFO  [16:48:19.035] [bbotk]  34cc90df-2374-4c05-9b91-cdeca3bc3943
INFO  [16:48:19.040] [bbotk] Evaluating 1 configuration(s)
INFO  [16:48:19.619] [bbotk] Result of batch 10:
INFO  [16:48:19.621] [bbotk]  nrounds       eta max_depth classif.ce warnings errors runtime_learners
INFO  [16:48:19.621] [bbotk]      203 0.1892412         3  0.0962778        0      0            0.541
INFO  [16:48:19.621] [bbotk]                                 uhash
INFO  [16:48:19.621] [bbotk]  e4ccb397-819b-4a8b-a025-c00e4abe5d17
INFO  [16:48:19.643] [bbotk] Finished optimizing after 10 evaluation(s)
INFO  [16:48:19.643] [bbotk] Result:
INFO  [16:48:19.644] [bbotk]  nrounds       eta max_depth learner_param_vals  x_domain classif.ce
INFO  [16:48:19.644] [bbotk]    <int>     <num>     <int>             <list>    <list>      <num>
INFO  [16:48:19.644] [bbotk]       66 0.2086985         5          <list[5]> <list[3]> 0.08865602
INFO  [16:48:19.834] [bbotk] Starting to optimize 3 parameter(s) with '<OptimizerBatchRandomSearch>' and '<TerminatorEvals> [n_evals=10, k=0]'
INFO  [16:48:19.855] [bbotk] Evaluating 1 configuration(s)
INFO  [16:48:20.682] [bbotk] Result of batch 1:
INFO  [16:48:20.683] [bbotk]  nrounds       eta max_depth classif.ce warnings errors runtime_learners
INFO  [16:48:20.683] [bbotk]      192 0.1128024         5 0.08866967        0      0            0.779
INFO  [16:48:20.683] [bbotk]                                 uhash
INFO  [16:48:20.683] [bbotk]  15bb5d75-cda9-49fe-b716-11441455cc16
INFO  [16:48:20.687] [bbotk] Evaluating 1 configuration(s)
INFO  [16:48:21.554] [bbotk] Result of batch 2:
INFO  [16:48:21.555] [bbotk]  nrounds       eta max_depth classif.ce warnings errors runtime_learners
INFO  [16:48:21.555] [bbotk]      282 0.2623136        10  0.0905717        0      0            0.822
INFO  [16:48:21.555] [bbotk]                                 uhash
INFO  [16:48:21.555] [bbotk]  949adb32-816e-4e37-a3f1-418b36514b83
INFO  [16:48:21.563] [bbotk] Evaluating 1 configuration(s)
INFO  [16:48:21.894] [bbotk] Result of batch 3:
INFO  [16:48:21.895] [bbotk]  nrounds       eta max_depth classif.ce warnings errors runtime_learners
INFO  [16:48:21.895] [bbotk]       91 0.2992735         3 0.08485742        0      0            0.259
INFO  [16:48:21.895] [bbotk]                                 uhash
INFO  [16:48:21.895] [bbotk]  e130478f-a7dd-40c4-8f95-f70d08d485a3
INFO  [16:48:21.908] [bbotk] Evaluating 1 configuration(s)
INFO  [16:48:22.942] [bbotk] Result of batch 4:
INFO  [16:48:22.943] [bbotk]  nrounds        eta max_depth classif.ce warnings errors runtime_learners
INFO  [16:48:22.943] [bbotk]      277 0.02393538         4 0.08961386        0      0            0.987
INFO  [16:48:22.943] [bbotk]                                 uhash
INFO  [16:48:22.943] [bbotk]  21d02803-2633-4e96-9a34-9cf8b5f53d99
INFO  [16:48:22.947] [bbotk] Evaluating 1 configuration(s)
INFO  [16:48:23.715] [bbotk] Result of batch 5:
INFO  [16:48:23.716] [bbotk]  nrounds       eta max_depth classif.ce warnings errors runtime_learners
INFO  [16:48:23.716] [bbotk]      213 0.1892896         5 0.09152681        0      0            0.708
INFO  [16:48:23.716] [bbotk]                                 uhash
INFO  [16:48:23.716] [bbotk]  ba124c55-7c14-4502-a1a0-40d11d8be48c
INFO  [16:48:23.720] [bbotk] Evaluating 1 configuration(s)
INFO  [16:48:24.570] [bbotk] Result of batch 6:
INFO  [16:48:24.572] [bbotk]  nrounds       eta max_depth classif.ce warnings errors runtime_learners
INFO  [16:48:24.572] [bbotk]      289 0.2558375         4 0.09344249        0      0            0.803
INFO  [16:48:24.572] [bbotk]                                 uhash
INFO  [16:48:24.572] [bbotk]  01c32a1f-1876-42b0-9008-64f7b80cf2cc
INFO  [16:48:24.582] [bbotk] Evaluating 1 configuration(s)
INFO  [16:48:24.783] [bbotk] Result of batch 7:
INFO  [16:48:24.784] [bbotk]  nrounds      eta max_depth classif.ce warnings errors runtime_learners
INFO  [16:48:24.784] [bbotk]       84 0.272748         2 0.09533906        0      0            0.156
INFO  [16:48:24.784] [bbotk]                                 uhash
INFO  [16:48:24.784] [bbotk]  da613936-725d-44cd-8852-f6950bb1f673
INFO  [16:48:24.792] [bbotk] Evaluating 1 configuration(s)
INFO  [16:48:25.201] [bbotk] Result of batch 8:
INFO  [16:48:25.202] [bbotk]  nrounds       eta max_depth classif.ce warnings errors runtime_learners
INFO  [16:48:25.202] [bbotk]       74 0.2990725        10 0.08866694        0      0            0.361
INFO  [16:48:25.202] [bbotk]                                 uhash
INFO  [16:48:25.202] [bbotk]  a0d3ff30-5782-4165-a207-d54be8a6c4cc
INFO  [16:48:25.212] [bbotk] Evaluating 1 configuration(s)
INFO  [16:48:25.570] [bbotk] Result of batch 9:
INFO  [16:48:25.572] [bbotk]  nrounds       eta max_depth classif.ce warnings errors runtime_learners
INFO  [16:48:25.572] [bbotk]       55 0.1281045         8 0.09533361        0      0            0.296
INFO  [16:48:25.572] [bbotk]                                 uhash
INFO  [16:48:25.572] [bbotk]  eec0fa77-6ec5-459f-80ff-d818c2075d56
INFO  [16:48:25.593] [bbotk] Evaluating 1 configuration(s)
INFO  [16:48:26.198] [bbotk] Result of batch 10:
INFO  [16:48:26.200] [bbotk]  nrounds       eta max_depth classif.ce warnings errors runtime_learners
INFO  [16:48:26.200] [bbotk]      153 0.1171038         4 0.08867513        0      0            0.547
INFO  [16:48:26.200] [bbotk]                                 uhash
INFO  [16:48:26.200] [bbotk]  2a6d6a34-c0cd-4773-9ab5-bd7b66dc0ecc
INFO  [16:48:26.212] [bbotk] Finished optimizing after 10 evaluation(s)
INFO  [16:48:26.212] [bbotk] Result:
INFO  [16:48:26.213] [bbotk]  nrounds       eta max_depth learner_param_vals  x_domain classif.ce
INFO  [16:48:26.213] [bbotk]    <int>     <num>     <int>             <list>    <list>      <num>
INFO  [16:48:26.213] [bbotk]       91 0.2992735         3          <list[5]> <list[3]> 0.08485742
INFO  [16:48:26.400] [bbotk] Starting to optimize 3 parameter(s) with '<OptimizerBatchRandomSearch>' and '<TerminatorEvals> [n_evals=10, k=0]'
INFO  [16:48:26.417] [bbotk] Evaluating 1 configuration(s)
INFO  [16:48:27.043] [bbotk] Result of batch 1:
INFO  [16:48:27.045] [bbotk]  nrounds       eta max_depth classif.ce warnings errors runtime_learners
INFO  [16:48:27.045] [bbotk]      158 0.2936044         8  0.1019048        0      0            0.593
INFO  [16:48:27.045] [bbotk]                                 uhash
INFO  [16:48:27.045] [bbotk]  e36fa6ce-5a09-4c9b-87a7-370a9612e9c0
INFO  [16:48:27.052] [bbotk] Evaluating 1 configuration(s)
INFO  [16:48:27.505] [bbotk] Result of batch 2:
INFO  [16:48:27.507] [bbotk]  nrounds       eta max_depth classif.ce warnings errors runtime_learners
INFO  [16:48:27.507] [bbotk]      204 0.2301372         2 0.09619048        0      0            0.407
INFO  [16:48:27.507] [bbotk]                                 uhash
INFO  [16:48:27.507] [bbotk]  fbe88022-5b53-4cd9-9a16-a5b9ae268f7e
INFO  [16:48:27.511] [bbotk] Evaluating 1 configuration(s)
INFO  [16:48:28.016] [bbotk] Result of batch 3:
INFO  [16:48:28.019] [bbotk]  nrounds       eta max_depth classif.ce warnings errors runtime_learners
INFO  [16:48:28.019] [bbotk]      115 0.2923043        10  0.1028571        0      0            0.444
INFO  [16:48:28.019] [bbotk]                                 uhash
INFO  [16:48:28.019] [bbotk]  69490ad2-dd8d-41f6-968e-ad941e3b2b1e
INFO  [16:48:28.037] [bbotk] Evaluating 1 configuration(s)
INFO  [16:48:28.834] [bbotk] Result of batch 4:
INFO  [16:48:28.836] [bbotk]  nrounds       eta max_depth classif.ce warnings errors runtime_learners
INFO  [16:48:28.836] [bbotk]      190 0.1967777         8  0.1047619        0      0            0.731
INFO  [16:48:28.836] [bbotk]                                 uhash
INFO  [16:48:28.836] [bbotk]  b2889bc5-f3b4-44a7-bb71-fa3f240f5168
INFO  [16:48:28.844] [bbotk] Evaluating 1 configuration(s)
INFO  [16:48:29.655] [bbotk] Result of batch 5:
INFO  [16:48:29.657] [bbotk]  nrounds       eta max_depth classif.ce warnings errors runtime_learners
INFO  [16:48:29.657] [bbotk]      206 0.2123248         6        0.1        0      0            0.773
INFO  [16:48:29.657] [bbotk]                                 uhash
INFO  [16:48:29.657] [bbotk]  e1dc8eff-68d6-48b9-a675-bdede5a564c4
INFO  [16:48:29.662] [bbotk] Evaluating 1 configuration(s)
INFO  [16:48:29.962] [bbotk] Result of batch 6:
INFO  [16:48:29.965] [bbotk]  nrounds        eta max_depth classif.ce warnings errors runtime_learners
INFO  [16:48:29.965] [bbotk]      143 0.09804121         2 0.09428571        0      0            0.258
INFO  [16:48:29.965] [bbotk]                                 uhash
INFO  [16:48:29.965] [bbotk]  5c3cfa05-0a6f-4f85-a3e5-0d7f127a391f
INFO  [16:48:29.983] [bbotk] Evaluating 1 configuration(s)
INFO  [16:48:30.609] [bbotk] Result of batch 7:
INFO  [16:48:30.610] [bbotk]  nrounds       eta max_depth classif.ce warnings errors runtime_learners
INFO  [16:48:30.610] [bbotk]      231 0.1125494         3 0.09333333        0      0            0.585
INFO  [16:48:30.610] [bbotk]                                 uhash
INFO  [16:48:30.610] [bbotk]  d6078947-c2aa-4971-8f0e-2d8e819a053e
INFO  [16:48:30.616] [bbotk] Evaluating 1 configuration(s)
INFO  [16:48:31.298] [bbotk] Result of batch 8:
INFO  [16:48:31.299] [bbotk]  nrounds       eta max_depth classif.ce warnings errors runtime_learners
INFO  [16:48:31.299] [bbotk]      130 0.1227931         7 0.09809524        0      0            0.632
INFO  [16:48:31.299] [bbotk]                                 uhash
INFO  [16:48:31.299] [bbotk]  8340b4d8-d573-444a-9eea-8d4a0fc443e1
INFO  [16:48:31.303] [bbotk] Evaluating 1 configuration(s)
INFO  [16:48:31.630] [bbotk] Result of batch 9:
INFO  [16:48:31.632] [bbotk]  nrounds      eta max_depth classif.ce warnings errors runtime_learners
INFO  [16:48:31.632] [bbotk]       58 0.209131         6        0.1        0      0            0.294
INFO  [16:48:31.632] [bbotk]                                 uhash
INFO  [16:48:31.632] [bbotk]  b5ff4e62-b7f1-4776-bef7-b04df1fc1485
INFO  [16:48:31.644] [bbotk] Evaluating 1 configuration(s)
INFO  [16:48:32.667] [bbotk] Result of batch 10:
INFO  [16:48:32.669] [bbotk]  nrounds        eta max_depth classif.ce warnings errors runtime_learners
INFO  [16:48:32.669] [bbotk]      200 0.08360251         9  0.1009524        0      0            0.981
INFO  [16:48:32.669] [bbotk]                                 uhash
INFO  [16:48:32.669] [bbotk]  419ccb91-9698-438e-9e05-50958daee0ef
INFO  [16:48:32.682] [bbotk] Finished optimizing after 10 evaluation(s)
INFO  [16:48:32.682] [bbotk] Result:
INFO  [16:48:32.683] [bbotk]  nrounds       eta max_depth learner_param_vals  x_domain classif.ce
INFO  [16:48:32.683] [bbotk]    <int>     <num>     <int>             <list>    <list>      <num>
INFO  [16:48:32.683] [bbotk]      231 0.1125494         3          <list[5]> <list[3]> 0.09333333
INFO  [16:48:33.016] [bbotk] Starting to optimize 3 parameter(s) with '<OptimizerBatchRandomSearch>' and '<TerminatorEvals> [n_evals=10, k=0]'
INFO  [16:48:33.026] [bbotk] Evaluating 1 configuration(s)
INFO  [16:48:33.869] [bbotk] Result of batch 1:
INFO  [16:48:33.870] [bbotk]  nrounds        eta max_depth classif.ce warnings errors runtime_learners
INFO  [16:48:33.870] [bbotk]      143 0.04585714         9  0.1028571        0      0            0.803
INFO  [16:48:33.870] [bbotk]                                 uhash
INFO  [16:48:33.870] [bbotk]  9f8d093b-4946-4202-96bf-e275bfa387c9
INFO  [16:48:33.874] [bbotk] Evaluating 1 configuration(s)
INFO  [16:48:34.755] [bbotk] Result of batch 2:
INFO  [16:48:34.757] [bbotk]  nrounds       eta max_depth classif.ce warnings errors runtime_learners
INFO  [16:48:34.757] [bbotk]      226 0.1330584         6 0.09904762        0      0            0.843
INFO  [16:48:34.757] [bbotk]                                 uhash
INFO  [16:48:34.757] [bbotk]  ab1b5724-63cb-41a0-a47b-f02896ec166f
INFO  [16:48:34.761] [bbotk] Evaluating 1 configuration(s)
INFO  [16:48:35.307] [bbotk] Result of batch 3:
INFO  [16:48:35.309] [bbotk]  nrounds       eta max_depth classif.ce warnings errors runtime_learners
INFO  [16:48:35.309] [bbotk]       86 0.1275829        10 0.09904762        0      0            0.498
INFO  [16:48:35.309] [bbotk]                                 uhash
INFO  [16:48:35.309] [bbotk]  466116e8-6c39-4004-a962-f192a458681f
INFO  [16:48:35.317] [bbotk] Evaluating 1 configuration(s)
INFO  [16:48:35.857] [bbotk] Result of batch 4:
INFO  [16:48:35.858] [bbotk]  nrounds        eta max_depth classif.ce warnings errors runtime_learners
INFO  [16:48:35.858] [bbotk]      171 0.09142957         3  0.1038095        0      0            0.513
INFO  [16:48:35.858] [bbotk]                                 uhash
INFO  [16:48:35.858] [bbotk]  cb524966-5695-426c-8993-b3ec13010e42
INFO  [16:48:35.865] [bbotk] Evaluating 1 configuration(s)
INFO  [16:48:36.395] [bbotk] Result of batch 5:
INFO  [16:48:36.396] [bbotk]  nrounds       eta max_depth classif.ce warnings errors runtime_learners
INFO  [16:48:36.396] [bbotk]      204 0.2854672         3 0.09809524        0      0            0.486
INFO  [16:48:36.396] [bbotk]                                 uhash
INFO  [16:48:36.396] [bbotk]  72f7d6b1-28a2-4d23-bfb3-b1e16a37b81e
INFO  [16:48:36.401] [bbotk] Evaluating 1 configuration(s)
INFO  [16:48:37.128] [bbotk] Result of batch 6:
INFO  [16:48:37.130] [bbotk]  nrounds        eta max_depth classif.ce warnings errors runtime_learners
INFO  [16:48:37.130] [bbotk]      209 0.05971623         3   0.107619        0      0            0.561
INFO  [16:48:37.130] [bbotk]                                 uhash
INFO  [16:48:37.130] [bbotk]  2f9e669c-6b55-461b-a101-2418f93bf725
INFO  [16:48:37.143] [bbotk] Evaluating 1 configuration(s)
INFO  [16:48:38.054] [bbotk] Result of batch 7:
INFO  [16:48:38.055] [bbotk]  nrounds       eta max_depth classif.ce warnings errors runtime_learners
INFO  [16:48:38.055] [bbotk]      265 0.2262225        10 0.09428571        0      0            0.868
INFO  [16:48:38.055] [bbotk]                                 uhash
INFO  [16:48:38.055] [bbotk]  4cbccd03-859e-464d-81ce-3a259ce4fe65
INFO  [16:48:38.061] [bbotk] Evaluating 1 configuration(s)
INFO  [16:48:38.894] [bbotk] Result of batch 8:
INFO  [16:48:38.895] [bbotk]  nrounds        eta max_depth classif.ce warnings errors runtime_learners
INFO  [16:48:38.895] [bbotk]      157 0.09121049         9 0.09809524        0      0            0.794
INFO  [16:48:38.895] [bbotk]                                 uhash
INFO  [16:48:38.895] [bbotk]  fe28ee22-9b51-48ac-b400-1c2cfe3d3af3
INFO  [16:48:38.901] [bbotk] Evaluating 1 configuration(s)
INFO  [16:48:39.614] [bbotk] Result of batch 9:
INFO  [16:48:39.615] [bbotk]  nrounds       eta max_depth classif.ce warnings errors runtime_learners
INFO  [16:48:39.615] [bbotk]      261 0.2072347         3        0.1        0      0            0.667
INFO  [16:48:39.615] [bbotk]                                 uhash
INFO  [16:48:39.615] [bbotk]  ef387fdd-851c-473f-a9c9-f4fc9ebb49e5
INFO  [16:48:39.619] [bbotk] Evaluating 1 configuration(s)
INFO  [16:48:40.080] [bbotk] Result of batch 10:
INFO  [16:48:40.081] [bbotk]  nrounds      eta max_depth classif.ce warnings errors runtime_learners
INFO  [16:48:40.081] [bbotk]       99 0.086599         5  0.1047619        0      0            0.422
INFO  [16:48:40.081] [bbotk]                                 uhash
INFO  [16:48:40.081] [bbotk]  21bc5a3a-fe9a-463e-80d9-62064e44e145
INFO  [16:48:40.096] [bbotk] Finished optimizing after 10 evaluation(s)
INFO  [16:48:40.097] [bbotk] Result:
INFO  [16:48:40.098] [bbotk]  nrounds       eta max_depth learner_param_vals  x_domain classif.ce
INFO  [16:48:40.098] [bbotk]    <int>     <num>     <int>             <list>    <list>      <num>
INFO  [16:48:40.098] [bbotk]      265 0.2262225        10          <list[5]> <list[3]> 0.09428571
INFO  [16:48:40.640] [bbotk] Starting to optimize 3 parameter(s) with '<OptimizerBatchRandomSearch>' and '<TerminatorEvals> [n_evals=10, k=0]'
INFO  [16:48:40.662] [bbotk] Evaluating 1 configuration(s)
INFO  [16:48:41.161] [bbotk] Result of batch 1:
INFO  [16:48:41.163] [bbotk]  nrounds       eta max_depth classif.ce warnings errors runtime_learners
INFO  [16:48:41.163] [bbotk]      101 0.1498611         5 0.09714286        0      0            0.442
INFO  [16:48:41.163] [bbotk]                                 uhash
INFO  [16:48:41.163] [bbotk]  47996bc3-d0e7-4db3-9dde-8c55a6b20b4d
INFO  [16:48:41.177] [bbotk] Evaluating 1 configuration(s)
INFO  [16:48:41.662] [bbotk] Result of batch 2:
INFO  [16:48:41.663] [bbotk]  nrounds       eta max_depth classif.ce warnings errors runtime_learners
INFO  [16:48:41.663] [bbotk]      166 0.2705784         3 0.09714286        0      0             0.44
INFO  [16:48:41.663] [bbotk]                                 uhash
INFO  [16:48:41.663] [bbotk]  87ba1e54-82a0-41df-a30e-00c3fc15153f
INFO  [16:48:41.668] [bbotk] Evaluating 1 configuration(s)
INFO  [16:48:43.361] [bbotk] Result of batch 3:
INFO  [16:48:43.362] [bbotk]  nrounds        eta max_depth classif.ce warnings errors runtime_learners
INFO  [16:48:43.362] [bbotk]      297 0.02649111         8 0.09714286        0      0            1.657
INFO  [16:48:43.362] [bbotk]                                 uhash
INFO  [16:48:43.362] [bbotk]  3e605f06-cd8c-422b-8f54-815b74302588
INFO  [16:48:43.373] [bbotk] Evaluating 1 configuration(s)
INFO  [16:48:44.201] [bbotk] Result of batch 4:
INFO  [16:48:44.204] [bbotk]  nrounds       eta max_depth classif.ce warnings errors runtime_learners
INFO  [16:48:44.204] [bbotk]      272 0.2707737         7  0.0952381        0      0            0.773
INFO  [16:48:44.204] [bbotk]                                 uhash
INFO  [16:48:44.204] [bbotk]  9348ca7c-a6fb-448b-8b21-a3942add234d
INFO  [16:48:44.217] [bbotk] Evaluating 1 configuration(s)
INFO  [16:48:45.093] [bbotk] Result of batch 5:
INFO  [16:48:45.095] [bbotk]  nrounds       eta max_depth classif.ce warnings errors runtime_learners
INFO  [16:48:45.095] [bbotk]      190 0.1852903         7 0.09333333        0      0            0.815
INFO  [16:48:45.095] [bbotk]                                 uhash
INFO  [16:48:45.095] [bbotk]  0645da12-eb0b-4a84-8019-df0c3a983ba8
INFO  [16:48:45.107] [bbotk] Evaluating 1 configuration(s)
INFO  [16:48:45.787] [bbotk] Result of batch 6:
INFO  [16:48:45.790] [bbotk]  nrounds        eta max_depth classif.ce warnings errors runtime_learners
INFO  [16:48:45.790] [bbotk]      188 0.03188674         4 0.09142857        0      0            0.637
INFO  [16:48:45.790] [bbotk]                                 uhash
INFO  [16:48:45.790] [bbotk]  3d551ebd-02d0-4654-b2ec-daf681efcc54
INFO  [16:48:45.802] [bbotk] Evaluating 1 configuration(s)
INFO  [16:48:46.642] [bbotk] Result of batch 7:
INFO  [16:48:46.645] [bbotk]  nrounds       eta max_depth classif.ce warnings errors runtime_learners
INFO  [16:48:46.645] [bbotk]      220 0.2277452         8 0.09142857        0      0            0.772
INFO  [16:48:46.645] [bbotk]                                 uhash
INFO  [16:48:46.645] [bbotk]  c9a22dab-b661-4f2c-a587-88dae849bdce
INFO  [16:48:46.654] [bbotk] Evaluating 1 configuration(s)
INFO  [16:48:47.819] [bbotk] Result of batch 8:
INFO  [16:48:47.821] [bbotk]  nrounds        eta max_depth classif.ce warnings errors runtime_learners
INFO  [16:48:47.821] [bbotk]      233 0.08371407         7 0.09333333        0      0            1.102
INFO  [16:48:47.821] [bbotk]                                 uhash
INFO  [16:48:47.821] [bbotk]  91735eca-b7df-40ab-a08b-d281aa26dad0
INFO  [16:48:47.828] [bbotk] Evaluating 1 configuration(s)
INFO  [16:48:48.115] [bbotk] Result of batch 9:
INFO  [16:48:48.116] [bbotk]  nrounds        eta max_depth classif.ce warnings errors runtime_learners
INFO  [16:48:48.116] [bbotk]       72 0.06183602         3 0.09619048        0      0            0.233
INFO  [16:48:48.116] [bbotk]                                 uhash
INFO  [16:48:48.116] [bbotk]  7f67ab21-8679-4023-b539-823a2fc7ff10
INFO  [16:48:48.121] [bbotk] Evaluating 1 configuration(s)
INFO  [16:48:48.625] [bbotk] Result of batch 10:
INFO  [16:48:48.627] [bbotk]  nrounds      eta max_depth classif.ce warnings errors runtime_learners
INFO  [16:48:48.627] [bbotk]      170 0.114928         3 0.09428571        0      0            0.456
INFO  [16:48:48.627] [bbotk]                                 uhash
INFO  [16:48:48.627] [bbotk]  13b2be91-c659-4982-afeb-5d6c6323388f
INFO  [16:48:48.638] [bbotk] Finished optimizing after 10 evaluation(s)
INFO  [16:48:48.638] [bbotk] Result:
INFO  [16:48:48.639] [bbotk]  nrounds        eta max_depth learner_param_vals  x_domain classif.ce
INFO  [16:48:48.639] [bbotk]    <int>      <num>     <int>             <list>    <list>      <num>
INFO  [16:48:48.639] [bbotk]      188 0.03188674         4          <list[5]> <list[3]> 0.09142857

### [bt]: Job terminated successfully [batchtools job.id=1103]
### [bt]: Starting job [batchtools job.id=1104]
### [bt]: Generating problem instance for problem '698720b8ce42ae0c' ...
### [bt]: Applying algorithm 'run_learner' on problem '698720b8ce42ae0c' for job 1104 (seed = 1105) ...
INFO  [16:48:49.039] [mlr3] Applying learner 'classif.xgboost.tuned_calib.perfold_isotonic' on task 'pc4' (iter 4/10)
INFO  [16:48:49.079] [bbotk] Starting to optimize 3 parameter(s) with '<OptimizerBatchRandomSearch>' and '<TerminatorEvals> [n_evals=10, k=0]'
INFO  [16:48:49.103] [bbotk] Evaluating 1 configuration(s)
INFO  [16:48:49.823] [bbotk] Result of batch 1:
INFO  [16:48:49.826] [bbotk]  nrounds       eta max_depth classif.ce warnings errors runtime_learners
INFO  [16:48:49.826] [bbotk]      171 0.1985388         6  0.0934152        0      0            0.646
INFO  [16:48:49.826] [bbotk]                                 uhash
INFO  [16:48:49.826] [bbotk]  bceb99a2-269b-4311-996f-8b01e2f112a5
INFO  [16:48:49.846] [bbotk] Evaluating 1 configuration(s)
INFO  [16:48:50.366] [bbotk] Result of batch 2:
INFO  [16:48:50.369] [bbotk]  nrounds        eta max_depth classif.ce warnings errors runtime_learners
INFO  [16:48:50.369] [bbotk]      127 0.06903606         4 0.09342612        0      0            0.464
INFO  [16:48:50.369] [bbotk]                                 uhash
INFO  [16:48:50.369] [bbotk]  cd032dce-fdfc-4d17-9d18-2ab00ce52d78
INFO  [16:48:50.378] [bbotk] Evaluating 1 configuration(s)
INFO  [16:48:51.380] [bbotk] Result of batch 3:
INFO  [16:48:51.382] [bbotk]  nrounds       eta max_depth classif.ce warnings errors runtime_learners
INFO  [16:48:51.382] [bbotk]      261 0.2379066         6 0.09056351        0      0            0.951
INFO  [16:48:51.382] [bbotk]                                 uhash
INFO  [16:48:51.382] [bbotk]  3d152a95-1f9f-448f-b583-b6942a582b07
INFO  [16:48:51.386] [bbotk] Evaluating 1 configuration(s)
INFO  [16:48:51.669] [bbotk] Result of batch 4:
INFO  [16:48:51.671] [bbotk]  nrounds        eta max_depth classif.ce warnings errors runtime_learners
INFO  [16:48:51.671] [bbotk]       94 0.05724875         2 0.09531723        0      0            0.202
INFO  [16:48:51.671] [bbotk]                                 uhash
INFO  [16:48:51.671] [bbotk]  d05e09f0-3798-49d5-bdaf-4d91b3abdf44
INFO  [16:48:51.686] [bbotk] Evaluating 1 configuration(s)
INFO  [16:48:52.780] [bbotk] Result of batch 5:
INFO  [16:48:52.782] [bbotk]  nrounds        eta max_depth classif.ce warnings errors runtime_learners
INFO  [16:48:52.782] [bbotk]      247 0.08398339         8  0.0896084        0      0            1.052
INFO  [16:48:52.782] [bbotk]                                 uhash
INFO  [16:48:52.782] [bbotk]  320c1ff5-f7d3-4f05-ab94-fb721dc5a1cb
INFO  [16:48:52.793] [bbotk] Evaluating 1 configuration(s)
INFO  [16:48:53.767] [bbotk] Result of batch 6:
INFO  [16:48:53.768] [bbotk]  nrounds        eta max_depth classif.ce warnings errors runtime_learners
INFO  [16:48:53.768] [bbotk]      166 0.08175974         9 0.08579888        0      0            0.916
INFO  [16:48:53.768] [bbotk]                                 uhash
INFO  [16:48:53.768] [bbotk]  23094ed5-a1ab-473b-ba2c-f05abeac2c54
INFO  [16:48:53.787] [bbotk] Evaluating 1 configuration(s)
INFO  [16:48:55.577] [bbotk] Result of batch 7:
INFO  [16:48:55.580] [bbotk]  nrounds        eta max_depth classif.ce warnings errors runtime_learners
INFO  [16:48:55.580] [bbotk]      291 0.01338181         8 0.09628326        0      0            1.701
INFO  [16:48:55.580] [bbotk]                                 uhash
INFO  [16:48:55.580] [bbotk]  3e971cbe-5080-43e4-8c37-a0b4e1e22da3
INFO  [16:48:55.591] [bbotk] Evaluating 1 configuration(s)
INFO  [16:48:56.103] [bbotk] Result of batch 8:
INFO  [16:48:56.106] [bbotk]  nrounds        eta max_depth classif.ce warnings errors runtime_learners
INFO  [16:48:56.106] [bbotk]      143 0.01455835         4  0.1000819        0      0            0.456
INFO  [16:48:56.106] [bbotk]                                 uhash
INFO  [16:48:56.106] [bbotk]  2f10cb5e-72e0-4ff6-b782-10042b1a8dd3
INFO  [16:48:56.110] [bbotk] Evaluating 1 configuration(s)
INFO  [16:48:56.545] [bbotk] Result of batch 9:
INFO  [16:48:56.548] [bbotk]  nrounds       eta max_depth classif.ce warnings errors runtime_learners
INFO  [16:48:56.548] [bbotk]       74 0.2063669         8 0.08580161        0      0            0.387
INFO  [16:48:56.548] [bbotk]                                 uhash
INFO  [16:48:56.548] [bbotk]  25226997-8be1-4d15-8777-dd1d76b0a26e
INFO  [16:48:56.558] [bbotk] Evaluating 1 configuration(s)
INFO  [16:48:57.604] [bbotk] Result of batch 10:
INFO  [16:48:57.607] [bbotk]  nrounds      eta max_depth classif.ce warnings errors runtime_learners
INFO  [16:48:57.607] [bbotk]      258 0.149918         9 0.08864784        0      0            1.004
INFO  [16:48:57.607] [bbotk]                                 uhash
INFO  [16:48:57.607] [bbotk]  11cb6092-0eb6-4955-afee-c7046e04cf4f
INFO  [16:48:57.629] [bbotk] Finished optimizing after 10 evaluation(s)
INFO  [16:48:57.630] [bbotk] Result:
INFO  [16:48:57.632] [bbotk]  nrounds        eta max_depth learner_param_vals  x_domain classif.ce
INFO  [16:48:57.632] [bbotk]    <int>      <num>     <int>             <list>    <list>      <num>
INFO  [16:48:57.632] [bbotk]      166 0.08175974         9          <list[5]> <list[3]> 0.08579888
INFO  [16:48:58.170] [bbotk] Starting to optimize 3 parameter(s) with '<OptimizerBatchRandomSearch>' and '<TerminatorEvals> [n_evals=10, k=0]'
INFO  [16:48:58.191] [bbotk] Evaluating 1 configuration(s)
INFO  [16:48:59.190] [bbotk] Result of batch 1:
INFO  [16:48:59.192] [bbotk]  nrounds       eta max_depth classif.ce warnings errors runtime_learners
INFO  [16:48:59.192] [bbotk]      245 0.1373037         5  0.1019975        0      0            0.948
INFO  [16:48:59.192] [bbotk]                                 uhash
INFO  [16:48:59.192] [bbotk]  982d5239-16a0-4024-8a5d-f49cbb2e4d6f
INFO  [16:48:59.200] [bbotk] Evaluating 1 configuration(s)
INFO  [16:48:59.818] [bbotk] Result of batch 2:
INFO  [16:48:59.821] [bbotk]  nrounds       eta max_depth classif.ce warnings errors runtime_learners
INFO  [16:48:59.821] [bbotk]      173 0.2852446         7  0.1067649        0      0            0.557
INFO  [16:48:59.821] [bbotk]                                 uhash
INFO  [16:48:59.821] [bbotk]  4f1e636a-1bc3-4ba4-b5c0-d080b73ec938
INFO  [16:48:59.835] [bbotk] Evaluating 1 configuration(s)
INFO  [16:49:00.288] [bbotk] Result of batch 3:
INFO  [16:49:00.290] [bbotk]  nrounds       eta max_depth classif.ce warnings errors runtime_learners
INFO  [16:49:00.290] [bbotk]       83 0.2711611         5  0.1000955        0      0            0.393
INFO  [16:49:00.290] [bbotk]                                 uhash
INFO  [16:49:00.290] [bbotk]  cef7e25d-a801-4196-852e-b8c3c77bc3f6
INFO  [16:49:00.301] [bbotk] Evaluating 1 configuration(s)
INFO  [16:49:01.280] [bbotk] Result of batch 4:
INFO  [16:49:01.282] [bbotk]  nrounds       eta max_depth classif.ce warnings errors runtime_learners
INFO  [16:49:01.282] [bbotk]      227 0.1364114         5 0.09913767        0      0             0.93
INFO  [16:49:01.282] [bbotk]                                 uhash
INFO  [16:49:01.282] [bbotk]  225b1dd4-b7f0-4360-88f9-809da36ffc6c
INFO  [16:49:01.304] [bbotk] Evaluating 1 configuration(s)
INFO  [16:49:01.771] [bbotk] Result of batch 5:
INFO  [16:49:01.773] [bbotk]  nrounds       eta max_depth classif.ce warnings errors runtime_learners
INFO  [16:49:01.773] [bbotk]       92 0.2459894         6  0.1020003        0      0            0.429
INFO  [16:49:01.773] [bbotk]                                 uhash
INFO  [16:49:01.773] [bbotk]  7b092c09-16ef-4bc8-8c0e-ec8c5a6562f3
INFO  [16:49:01.783] [bbotk] Evaluating 1 configuration(s)
INFO  [16:49:02.481] [bbotk] Result of batch 6:
INFO  [16:49:02.486] [bbotk]  nrounds       eta max_depth classif.ce warnings errors runtime_learners
INFO  [16:49:02.486] [bbotk]      156 0.2697615         6 0.09626688        0      0            0.648
INFO  [16:49:02.486] [bbotk]                                 uhash
INFO  [16:49:02.486] [bbotk]  5a672a29-5293-4ae8-ac92-367dd3d2d547
INFO  [16:49:02.498] [bbotk] Evaluating 1 configuration(s)
INFO  [16:49:03.160] [bbotk] Result of batch 7:
INFO  [16:49:03.161] [bbotk]  nrounds      eta max_depth classif.ce warnings errors runtime_learners
INFO  [16:49:03.161] [bbotk]      185 0.106172         4 0.09723564        0      0            0.608
INFO  [16:49:03.161] [bbotk]                                 uhash
INFO  [16:49:03.161] [bbotk]  acf8c217-8d15-417b-baab-d4d2c8441eb1
INFO  [16:49:03.168] [bbotk] Evaluating 1 configuration(s)
INFO  [16:49:03.556] [bbotk] Result of batch 8:
INFO  [16:49:03.558] [bbotk]  nrounds       eta max_depth classif.ce warnings errors runtime_learners
INFO  [16:49:03.558] [bbotk]      197 0.2308658         2 0.08865875        0      0            0.343
INFO  [16:49:03.558] [bbotk]                                 uhash
INFO  [16:49:03.558] [bbotk]  6dd75ce6-9d2b-4f03-a1a2-28784164f671
INFO  [16:49:03.573] [bbotk] Evaluating 1 configuration(s)
INFO  [16:49:04.392] [bbotk] Result of batch 9:
INFO  [16:49:04.394] [bbotk]  nrounds       eta max_depth classif.ce warnings errors runtime_learners
INFO  [16:49:04.394] [bbotk]      166 0.2056092         9  0.1019975        0      0            0.771
INFO  [16:49:04.394] [bbotk]                                 uhash
INFO  [16:49:04.394] [bbotk]  5bbcf74d-16a9-4bec-b340-1827e719774e
INFO  [16:49:04.404] [bbotk] Evaluating 1 configuration(s)
INFO  [16:49:05.033] [bbotk] Result of batch 10:
INFO  [16:49:05.034] [bbotk]  nrounds        eta max_depth classif.ce warnings errors runtime_learners
INFO  [16:49:05.034] [bbotk]      122 0.02314045         6  0.1048629        0      0             0.59
INFO  [16:49:05.034] [bbotk]                                 uhash
INFO  [16:49:05.034] [bbotk]  d7b3bff0-07eb-4c21-a169-1e840e08e95a
INFO  [16:49:05.049] [bbotk] Finished optimizing after 10 evaluation(s)
INFO  [16:49:05.049] [bbotk] Result:
INFO  [16:49:05.051] [bbotk]  nrounds       eta max_depth learner_param_vals  x_domain classif.ce
INFO  [16:49:05.051] [bbotk]    <int>     <num>     <int>             <list>    <list>      <num>
INFO  [16:49:05.051] [bbotk]      197 0.2308658         2          <list[5]> <list[3]> 0.08865875
INFO  [16:49:05.282] [bbotk] Starting to optimize 3 parameter(s) with '<OptimizerBatchRandomSearch>' and '<TerminatorEvals> [n_evals=10, k=0]'
INFO  [16:49:05.304] [bbotk] Evaluating 1 configuration(s)
INFO  [16:49:06.416] [bbotk] Result of batch 1:
INFO  [16:49:06.417] [bbotk]  nrounds      eta max_depth classif.ce warnings errors runtime_learners
INFO  [16:49:06.417] [bbotk]      295 0.171396        10 0.08190476        0      0            1.067
INFO  [16:49:06.417] [bbotk]                                 uhash
INFO  [16:49:06.417] [bbotk]  04e7c6af-4d45-466b-802f-6c95f291a086
INFO  [16:49:06.427] [bbotk] Evaluating 1 configuration(s)
INFO  [16:49:07.213] [bbotk] Result of batch 2:
INFO  [16:49:07.214] [bbotk]  nrounds       eta max_depth classif.ce warnings errors runtime_learners
INFO  [16:49:07.214] [bbotk]      204 0.1964654         5 0.08380952        0      0            0.744
INFO  [16:49:07.214] [bbotk]                                 uhash
INFO  [16:49:07.214] [bbotk]  be7dee46-f915-47a2-9ea8-afd242f3662e
INFO  [16:49:07.224] [bbotk] Evaluating 1 configuration(s)
INFO  [16:49:07.748] [bbotk] Result of batch 3:
INFO  [16:49:07.749] [bbotk]  nrounds        eta max_depth classif.ce warnings errors runtime_learners
INFO  [16:49:07.749] [bbotk]      151 0.05390441         4 0.08571429        0      0            0.477
INFO  [16:49:07.749] [bbotk]                                 uhash
INFO  [16:49:07.749] [bbotk]  88a8efe1-aec2-4ea6-b966-b5663beec6e3
INFO  [16:49:07.756] [bbotk] Evaluating 1 configuration(s)
INFO  [16:49:08.100] [bbotk] Result of batch 4:
INFO  [16:49:08.106] [bbotk]  nrounds        eta max_depth classif.ce warnings errors runtime_learners
INFO  [16:49:08.106] [bbotk]       60 0.04755952         5 0.08952381        0      0            0.262
INFO  [16:49:08.106] [bbotk]                                 uhash
INFO  [16:49:08.106] [bbotk]  89c230c7-6e83-4e9c-ab3c-15a807af0db0
INFO  [16:49:08.123] [bbotk] Evaluating 1 configuration(s)
INFO  [16:49:09.303] [bbotk] Result of batch 5:
INFO  [16:49:09.304] [bbotk]  nrounds       eta max_depth classif.ce warnings errors runtime_learners
INFO  [16:49:09.304] [bbotk]      254 0.1256647         8 0.08095238        0      0            1.112
INFO  [16:49:09.304] [bbotk]                                 uhash
INFO  [16:49:09.304] [bbotk]  dd36f001-cee1-4775-992a-44278c65808b
INFO  [16:49:09.325] [bbotk] Evaluating 1 configuration(s)
INFO  [16:49:10.163] [bbotk] Result of batch 6:
INFO  [16:49:10.166] [bbotk]  nrounds        eta max_depth classif.ce warnings errors runtime_learners
INFO  [16:49:10.166] [bbotk]      166 0.02460944         7       0.08        0      0             0.78
INFO  [16:49:10.166] [bbotk]                                 uhash
INFO  [16:49:10.166] [bbotk]  21da0ab4-e0f6-4f3c-8c52-d627b37d1315
INFO  [16:49:10.176] [bbotk] Evaluating 1 configuration(s)
INFO  [16:49:10.525] [bbotk] Result of batch 7:
INFO  [16:49:10.526] [bbotk]  nrounds       eta max_depth classif.ce warnings errors runtime_learners
INFO  [16:49:10.526] [bbotk]      183 0.1242574         2 0.07809524        0      0              0.3
INFO  [16:49:10.526] [bbotk]                                 uhash
INFO  [16:49:10.526] [bbotk]  2bd1a27f-0a8b-4b9d-8dee-ff965a0ae687
INFO  [16:49:10.535] [bbotk] Evaluating 1 configuration(s)
INFO  [16:49:11.176] [bbotk] Result of batch 8:
INFO  [16:49:11.177] [bbotk]  nrounds       eta max_depth classif.ce warnings errors runtime_learners
INFO  [16:49:11.177] [bbotk]      128 0.1439098         8 0.07904762        0      0            0.609
INFO  [16:49:11.177] [bbotk]                                 uhash
INFO  [16:49:11.177] [bbotk]  fe627e51-c977-4b47-aae7-22ed55b87812
INFO  [16:49:11.182] [bbotk] Evaluating 1 configuration(s)
INFO  [16:49:12.327] [bbotk] Result of batch 9:
INFO  [16:49:12.328] [bbotk]  nrounds        eta max_depth classif.ce warnings errors runtime_learners
INFO  [16:49:12.328] [bbotk]      211 0.05635093         7 0.08095238        0      0            1.108
INFO  [16:49:12.328] [bbotk]                                 uhash
INFO  [16:49:12.328] [bbotk]  3cdb2735-2d36-466c-9a3d-8131c9e7304c
INFO  [16:49:12.333] [bbotk] Evaluating 1 configuration(s)
INFO  [16:49:13.445] [bbotk] Result of batch 10:
INFO  [16:49:13.449] [bbotk]  nrounds       eta max_depth classif.ce warnings errors runtime_learners
INFO  [16:49:13.449] [bbotk]      247 0.1078371         9 0.08761905        0      0            1.039
INFO  [16:49:13.449] [bbotk]                                 uhash
INFO  [16:49:13.449] [bbotk]  60f49c35-1250-408a-a6ec-66983ad28f91
INFO  [16:49:13.482] [bbotk] Finished optimizing after 10 evaluation(s)
INFO  [16:49:13.483] [bbotk] Result:
INFO  [16:49:13.485] [bbotk]  nrounds       eta max_depth learner_param_vals  x_domain classif.ce
INFO  [16:49:13.485] [bbotk]    <int>     <num>     <int>             <list>    <list>      <num>
INFO  [16:49:13.485] [bbotk]      183 0.1242574         2          <list[5]> <list[3]> 0.07809524
INFO  [16:49:13.700] [bbotk] Starting to optimize 3 parameter(s) with '<OptimizerBatchRandomSearch>' and '<TerminatorEvals> [n_evals=10, k=0]'
INFO  [16:49:13.712] [bbotk] Evaluating 1 configuration(s)
INFO  [16:49:14.376] [bbotk] Result of batch 1:
INFO  [16:49:14.378] [bbotk]  nrounds        eta max_depth classif.ce warnings errors runtime_learners
INFO  [16:49:14.378] [bbotk]       97 0.02133516         9  0.1047619        0      0            0.613
INFO  [16:49:14.378] [bbotk]                                 uhash
INFO  [16:49:14.378] [bbotk]  03b3912c-24da-43a7-8811-e05a50d21b73
INFO  [16:49:14.392] [bbotk] Evaluating 1 configuration(s)
INFO  [16:49:14.764] [bbotk] Result of batch 2:
INFO  [16:49:14.765] [bbotk]  nrounds       eta max_depth classif.ce warnings errors runtime_learners
INFO  [16:49:14.765] [bbotk]      120 0.2002924         3 0.09809524        0      0            0.313
INFO  [16:49:14.765] [bbotk]                                 uhash
INFO  [16:49:14.765] [bbotk]  ea5f2e9f-a374-40ce-ab29-ad80911833ed
INFO  [16:49:14.769] [bbotk] Evaluating 1 configuration(s)
INFO  [16:49:15.438] [bbotk] Result of batch 3:
INFO  [16:49:15.440] [bbotk]  nrounds     eta max_depth classif.ce warnings errors runtime_learners
INFO  [16:49:15.440] [bbotk]      175 0.27355         6 0.09619048        0      0            0.623
INFO  [16:49:15.440] [bbotk]                                 uhash
INFO  [16:49:15.440] [bbotk]  c294e890-c5da-44cd-94f3-d6ceafd50e7e
INFO  [16:49:15.444] [bbotk] Evaluating 1 configuration(s)
INFO  [16:49:16.438] [bbotk] Result of batch 4:
INFO  [16:49:16.441] [bbotk]  nrounds       eta max_depth classif.ce warnings errors runtime_learners
INFO  [16:49:16.441] [bbotk]      206 0.1265671        10 0.09333333        0      0            0.938
INFO  [16:49:16.441] [bbotk]                                 uhash
INFO  [16:49:16.441] [bbotk]  0dfdfa66-df77-4e0b-a575-61e0459d699d
INFO  [16:49:16.450] [bbotk] Evaluating 1 configuration(s)
INFO  [16:49:17.219] [bbotk] Result of batch 5:
INFO  [16:49:17.220] [bbotk]  nrounds       eta max_depth classif.ce warnings errors runtime_learners
INFO  [16:49:17.220] [bbotk]      158 0.1527186         8 0.09619048        0      0            0.726
INFO  [16:49:17.220] [bbotk]                                 uhash
INFO  [16:49:17.220] [bbotk]  63a64182-bc06-47dd-a876-9d837c6ff3a2
INFO  [16:49:17.238] [bbotk] Evaluating 1 configuration(s)
INFO  [16:49:17.839] [bbotk] Result of batch 6:
INFO  [16:49:17.842] [bbotk]  nrounds        eta max_depth classif.ce warnings errors runtime_learners
INFO  [16:49:17.842] [bbotk]       86 0.04256519        10  0.1028571        0      0            0.532
INFO  [16:49:17.842] [bbotk]                                 uhash
INFO  [16:49:17.842] [bbotk]  ea0b29d8-a1dd-423d-8542-b44ea8677773
INFO  [16:49:17.853] [bbotk] Evaluating 1 configuration(s)
INFO  [16:49:18.445] [bbotk] Result of batch 7:
INFO  [16:49:18.446] [bbotk]  nrounds       eta max_depth classif.ce warnings errors runtime_learners
INFO  [16:49:18.446] [bbotk]      214 0.2216744         3 0.09714286        0      0            0.536
INFO  [16:49:18.446] [bbotk]                                 uhash
INFO  [16:49:18.446] [bbotk]  44d02984-c251-4542-b5ce-2af50dcd6990
INFO  [16:49:18.455] [bbotk] Evaluating 1 configuration(s)
INFO  [16:49:19.272] [bbotk] Result of batch 8:
INFO  [16:49:19.274] [bbotk]  nrounds       eta max_depth classif.ce warnings errors runtime_learners
INFO  [16:49:19.274] [bbotk]      210 0.1712556         5 0.09714286        0      0            0.771
INFO  [16:49:19.274] [bbotk]                                 uhash
INFO  [16:49:19.274] [bbotk]  ced504d3-4a1a-4618-9ad3-b103f72f4e47
INFO  [16:49:19.284] [bbotk] Evaluating 1 configuration(s)
INFO  [16:49:20.127] [bbotk] Result of batch 9:
INFO  [16:49:20.128] [bbotk]  nrounds      eta max_depth classif.ce warnings errors runtime_learners
INFO  [16:49:20.128] [bbotk]      287 0.227904         4  0.1009524        0      0            0.802
INFO  [16:49:20.128] [bbotk]                                 uhash
INFO  [16:49:20.128] [bbotk]  7afcfbf7-19f0-44f4-b8fd-7796c462540a
INFO  [16:49:20.140] [bbotk] Evaluating 1 configuration(s)
INFO  [16:49:20.664] [bbotk] Result of batch 10:
INFO  [16:49:20.665] [bbotk]  nrounds       eta max_depth classif.ce warnings errors runtime_learners
INFO  [16:49:20.665] [bbotk]      116 0.2962549         9  0.1057143        0      0            0.474
INFO  [16:49:20.665] [bbotk]                                 uhash
INFO  [16:49:20.665] [bbotk]  bf4355b4-1a1f-40c7-b486-3e80fac0a287
INFO  [16:49:20.681] [bbotk] Finished optimizing after 10 evaluation(s)
INFO  [16:49:20.682] [bbotk] Result:
INFO  [16:49:20.684] [bbotk]  nrounds       eta max_depth learner_param_vals  x_domain classif.ce
INFO  [16:49:20.684] [bbotk]    <int>     <num>     <int>             <list>    <list>      <num>
INFO  [16:49:20.684] [bbotk]      206 0.1265671        10          <list[5]> <list[3]> 0.09333333
INFO  [16:49:21.197] [bbotk] Starting to optimize 3 parameter(s) with '<OptimizerBatchRandomSearch>' and '<TerminatorEvals> [n_evals=10, k=0]'
INFO  [16:49:21.218] [bbotk] Evaluating 1 configuration(s)
INFO  [16:49:21.661] [bbotk] Result of batch 1:
INFO  [16:49:21.662] [bbotk]  nrounds       eta max_depth classif.ce warnings errors runtime_learners
INFO  [16:49:21.662] [bbotk]      212 0.2581308         2  0.1019048        0      0            0.392
INFO  [16:49:21.662] [bbotk]                                 uhash
INFO  [16:49:21.662] [bbotk]  6c9df9a0-69ec-4207-91ea-dbaf5fb19e9f
INFO  [16:49:21.675] [bbotk] Evaluating 1 configuration(s)
INFO  [16:49:23.263] [bbotk] Result of batch 2:
INFO  [16:49:23.264] [bbotk]  nrounds        eta max_depth classif.ce warnings errors runtime_learners
INFO  [16:49:23.264] [bbotk]      287 0.02930549         7  0.1009524        0      0             1.55
INFO  [16:49:23.264] [bbotk]                                 uhash
INFO  [16:49:23.264] [bbotk]  30ed4018-203e-4f0e-a538-d434c89f16b0
INFO  [16:49:23.272] [bbotk] Evaluating 1 configuration(s)
INFO  [16:49:23.964] [bbotk] Result of batch 3:
INFO  [16:49:23.966] [bbotk]  nrounds       eta max_depth classif.ce warnings errors runtime_learners
INFO  [16:49:23.966] [bbotk]      202 0.2827619         6 0.09619048        0      0            0.643
INFO  [16:49:23.966] [bbotk]                                 uhash
INFO  [16:49:23.966] [bbotk]  d059b602-9e54-4aba-9865-c8858cfd88f2
INFO  [16:49:23.974] [bbotk] Evaluating 1 configuration(s)
INFO  [16:49:25.053] [bbotk] Result of batch 4:
INFO  [16:49:25.054] [bbotk]  nrounds       eta max_depth classif.ce warnings errors runtime_learners
INFO  [16:49:25.054] [bbotk]      272 0.1573853         6  0.1047619        0      0            1.047
INFO  [16:49:25.054] [bbotk]                                 uhash
INFO  [16:49:25.054] [bbotk]  dc5bd426-00f9-4104-95b8-36b98d136e5d
INFO  [16:49:25.058] [bbotk] Evaluating 1 configuration(s)
INFO  [16:49:25.360] [bbotk] Result of batch 5:
INFO  [16:49:25.362] [bbotk]  nrounds      eta max_depth classif.ce warnings errors runtime_learners
INFO  [16:49:25.362] [bbotk]      122 0.218111         2 0.09428571        0      0            0.247
INFO  [16:49:25.362] [bbotk]                                 uhash
INFO  [16:49:25.362] [bbotk]  94702b87-4752-406c-8b0c-de5a7a6993bd
INFO  [16:49:25.369] [bbotk] Evaluating 1 configuration(s)
INFO  [16:49:26.555] [bbotk] Result of batch 6:
INFO  [16:49:26.558] [bbotk]  nrounds       eta max_depth classif.ce warnings errors runtime_learners
INFO  [16:49:26.558] [bbotk]      288 0.1173953        10 0.09904762        0      0            1.127
INFO  [16:49:26.558] [bbotk]                                 uhash
INFO  [16:49:26.558] [bbotk]  fddd26f6-8f75-4963-b921-bd566186f5c3
INFO  [16:49:26.571] [bbotk] Evaluating 1 configuration(s)
INFO  [16:49:27.564] [bbotk] Result of batch 7:
INFO  [16:49:27.567] [bbotk]  nrounds       eta max_depth classif.ce warnings errors runtime_learners
INFO  [16:49:27.567] [bbotk]      272 0.2310126         7  0.1019048        0      0            0.914
INFO  [16:49:27.567] [bbotk]                                 uhash
INFO  [16:49:27.567] [bbotk]  f93d6e2b-1c2e-41d9-9893-96d9feff886b
INFO  [16:49:27.571] [bbotk] Evaluating 1 configuration(s)
INFO  [16:49:28.209] [bbotk] Result of batch 8:
INFO  [16:49:28.210] [bbotk]  nrounds       eta max_depth classif.ce warnings errors runtime_learners
INFO  [16:49:28.210] [bbotk]      163 0.2940343         6  0.1019048        0      0            0.594
INFO  [16:49:28.210] [bbotk]                                 uhash
INFO  [16:49:28.210] [bbotk]  36f6c841-165d-4703-9ec6-cbc45c3701eb
INFO  [16:49:28.216] [bbotk] Evaluating 1 configuration(s)
INFO  [16:49:29.118] [bbotk] Result of batch 9:
INFO  [16:49:29.120] [bbotk]  nrounds       eta max_depth classif.ce warnings errors runtime_learners
INFO  [16:49:29.120] [bbotk]      218 0.1730548         9  0.1009524        0      0             0.85
INFO  [16:49:29.120] [bbotk]                                 uhash
INFO  [16:49:29.120] [bbotk]  d1587a64-26c4-4b88-aca0-524128382755
INFO  [16:49:29.131] [bbotk] Evaluating 1 configuration(s)
INFO  [16:49:29.956] [bbotk] Result of batch 10:
INFO  [16:49:29.958] [bbotk]  nrounds      eta max_depth classif.ce warnings errors runtime_learners
INFO  [16:49:29.958] [bbotk]      174 0.154576         9  0.1009524        0      0            0.785
INFO  [16:49:29.958] [bbotk]                                 uhash
INFO  [16:49:29.958] [bbotk]  12f94242-7243-4425-813d-14458d7ad6dc
INFO  [16:49:29.969] [bbotk] Finished optimizing after 10 evaluation(s)
INFO  [16:49:29.970] [bbotk] Result:
INFO  [16:49:29.970] [bbotk]  nrounds      eta max_depth learner_param_vals  x_domain classif.ce
INFO  [16:49:29.970] [bbotk]    <int>    <num>     <int>             <list>    <list>      <num>
INFO  [16:49:29.970] [bbotk]      122 0.218111         2          <list[5]> <list[3]> 0.09428571

### [bt]: Job terminated successfully [batchtools job.id=1104]
### [bt]: Starting job [batchtools job.id=1105]
### [bt]: Generating problem instance for problem '698720b8ce42ae0c' ...
### [bt]: Applying algorithm 'run_learner' on problem '698720b8ce42ae0c' for job 1105 (seed = 1106) ...
INFO  [16:49:30.284] [mlr3] Applying learner 'classif.xgboost.tuned_calib.perfold_isotonic' on task 'pc4' (iter 5/10)
INFO  [16:49:30.379] [bbotk] Starting to optimize 3 parameter(s) with '<OptimizerBatchRandomSearch>' and '<TerminatorEvals> [n_evals=10, k=0]'
INFO  [16:49:30.392] [bbotk] Evaluating 1 configuration(s)
INFO  [16:49:30.958] [bbotk] Result of batch 1:
INFO  [16:49:30.960] [bbotk]  nrounds       eta max_depth classif.ce warnings errors runtime_learners
INFO  [16:49:30.960] [bbotk]      115 0.1778496         8 0.08293082        0      0            0.502
INFO  [16:49:30.960] [bbotk]                                 uhash
INFO  [16:49:30.960] [bbotk]  6a66b573-f1de-4062-ace7-223a4404037a
INFO  [16:49:30.965] [bbotk] Evaluating 1 configuration(s)
INFO  [16:49:32.081] [bbotk] Result of batch 2:
INFO  [16:49:32.083] [bbotk]  nrounds        eta max_depth classif.ce warnings errors runtime_learners
INFO  [16:49:32.083] [bbotk]      203 0.08519085         9 0.08578797        0      0            1.064
INFO  [16:49:32.083] [bbotk]                                 uhash
INFO  [16:49:32.083] [bbotk]  afb79ebd-cef8-48b8-9db7-0f8a64e42dee
INFO  [16:49:32.095] [bbotk] Evaluating 1 configuration(s)
INFO  [16:49:32.795] [bbotk] Result of batch 3:
INFO  [16:49:32.796] [bbotk]  nrounds       eta max_depth classif.ce warnings errors runtime_learners
INFO  [16:49:32.796] [bbotk]      131 0.1025259         6 0.08578524        0      0            0.661
INFO  [16:49:32.796] [bbotk]                                 uhash
INFO  [16:49:32.796] [bbotk]  f05ad68d-c830-480d-bc64-e3d12b3bacc0
INFO  [16:49:32.800] [bbotk] Evaluating 1 configuration(s)
INFO  [16:49:33.041] [bbotk] Result of batch 4:
INFO  [16:49:33.042] [bbotk]  nrounds      eta max_depth classif.ce warnings errors runtime_learners
INFO  [16:49:33.042] [bbotk]       91 0.188199         2 0.08293082        0      0            0.203
INFO  [16:49:33.042] [bbotk]                                 uhash
INFO  [16:49:33.042] [bbotk]  25539b61-4834-4708-98f8-0f678eb96325
INFO  [16:49:33.055] [bbotk] Evaluating 1 configuration(s)
INFO  [16:49:33.352] [bbotk] Result of batch 5:
INFO  [16:49:33.353] [bbotk]  nrounds       eta max_depth classif.ce warnings errors runtime_learners
INFO  [16:49:33.353] [bbotk]       83 0.2059374         3 0.08293355        0      0            0.233
INFO  [16:49:33.353] [bbotk]                                 uhash
INFO  [16:49:33.353] [bbotk]  7ab02411-de26-4e34-9edd-7b32f785ee06
INFO  [16:49:33.359] [bbotk] Evaluating 1 configuration(s)
INFO  [16:49:33.735] [bbotk] Result of batch 6:
INFO  [16:49:33.739] [bbotk]  nrounds        eta max_depth classif.ce warnings errors runtime_learners
INFO  [16:49:33.739] [bbotk]      115 0.06806649         3 0.08007095        0      0            0.303
INFO  [16:49:33.739] [bbotk]                                 uhash
INFO  [16:49:33.739] [bbotk]  4f4e5324-9e43-496f-90d1-fd78ea26af63
INFO  [16:49:33.755] [bbotk] Evaluating 1 configuration(s)
INFO  [16:49:34.902] [bbotk] Result of batch 7:
INFO  [16:49:34.904] [bbotk]  nrounds       eta max_depth classif.ce warnings errors runtime_learners
INFO  [16:49:34.904] [bbotk]      290 0.1341642        10 0.09245736        0      0            1.096
INFO  [16:49:34.904] [bbotk]                                 uhash
INFO  [16:49:34.904] [bbotk]  6d31d877-e1b1-4914-a8bb-e0e02f7bb365
INFO  [16:49:34.909] [bbotk] Evaluating 1 configuration(s)
INFO  [16:49:35.159] [bbotk] Result of batch 8:
INFO  [16:49:35.161] [bbotk]  nrounds       eta max_depth classif.ce warnings errors runtime_learners
INFO  [16:49:35.161] [bbotk]       66 0.2449264         3  0.0896084        0      0            0.189
INFO  [16:49:35.161] [bbotk]                                 uhash
INFO  [16:49:35.161] [bbotk]  9e9f802d-badd-4188-9583-fe6674fad525
INFO  [16:49:35.168] [bbotk] Evaluating 1 configuration(s)
INFO  [16:49:35.960] [bbotk] Result of batch 9:
INFO  [16:49:35.961] [bbotk]  nrounds       eta max_depth classif.ce warnings errors runtime_learners
INFO  [16:49:35.961] [bbotk]      241 0.2354314         6 0.08674035        0      0            0.742
INFO  [16:49:35.961] [bbotk]                                 uhash
INFO  [16:49:35.961] [bbotk]  8606b0dd-ed98-471b-8934-a53cc58e319d
INFO  [16:49:35.973] [bbotk] Evaluating 1 configuration(s)
INFO  [16:49:36.756] [bbotk] Result of batch 10:
INFO  [16:49:36.757] [bbotk]  nrounds       eta max_depth classif.ce warnings errors runtime_learners
INFO  [16:49:36.757] [bbotk]      296 0.2897636         4 0.09150771        0      0            0.752
INFO  [16:49:36.757] [bbotk]                                 uhash
INFO  [16:49:36.757] [bbotk]  b63e4936-367d-40cd-8bb1-969b64fdef09
INFO  [16:49:36.766] [bbotk] Finished optimizing after 10 evaluation(s)
INFO  [16:49:36.766] [bbotk] Result:
INFO  [16:49:36.767] [bbotk]  nrounds        eta max_depth learner_param_vals  x_domain classif.ce
INFO  [16:49:36.767] [bbotk]    <int>      <num>     <int>             <list>    <list>      <num>
INFO  [16:49:36.767] [bbotk]      115 0.06806649         3          <list[5]> <list[3]> 0.08007095
INFO  [16:49:36.947] [bbotk] Starting to optimize 3 parameter(s) with '<OptimizerBatchRandomSearch>' and '<TerminatorEvals> [n_evals=10, k=0]'
INFO  [16:49:36.971] [bbotk] Evaluating 1 configuration(s)
INFO  [16:49:37.419] [bbotk] Result of batch 1:
INFO  [16:49:37.421] [bbotk]  nrounds       eta max_depth classif.ce warnings errors runtime_learners
INFO  [16:49:37.421] [bbotk]      119 0.2496439         4   0.112501        0      0            0.393
INFO  [16:49:37.421] [bbotk]                                 uhash
INFO  [16:49:37.421] [bbotk]  c2402a40-fc2f-4744-a70d-f30c2eb5edd7
INFO  [16:49:37.434] [bbotk] Evaluating 1 configuration(s)
INFO  [16:49:37.828] [bbotk] Result of batch 2:
INFO  [16:49:37.831] [bbotk]  nrounds       eta max_depth classif.ce warnings errors runtime_learners
INFO  [16:49:37.831] [bbotk]       87 0.2973499         9  0.1153473        0      0            0.346
INFO  [16:49:37.831] [bbotk]                                 uhash
INFO  [16:49:37.831] [bbotk]  c0f1df75-43d4-4b6f-a3e3-79ef7a4eba8d
INFO  [16:49:37.842] [bbotk] Evaluating 1 configuration(s)
INFO  [16:49:38.374] [bbotk] Result of batch 3:
INFO  [16:49:38.375] [bbotk]  nrounds       eta max_depth classif.ce warnings errors runtime_learners
INFO  [16:49:38.375] [bbotk]      120 0.1656224         9  0.1096412        0      0            0.491
INFO  [16:49:38.375] [bbotk]                                 uhash
INFO  [16:49:38.375] [bbotk]  0217e48d-53f6-4627-a4d4-ad4ba607bfed
INFO  [16:49:38.383] [bbotk] Evaluating 1 configuration(s)
INFO  [16:49:38.794] [bbotk] Result of batch 4:
INFO  [16:49:38.795] [bbotk]  nrounds       eta max_depth classif.ce warnings errors runtime_learners
INFO  [16:49:38.795] [bbotk]       87 0.2129074         6  0.1153473        0      0            0.365
INFO  [16:49:38.795] [bbotk]                                 uhash
INFO  [16:49:38.795] [bbotk]  e072f0cc-c8b5-4fd1-8c07-4f35ce919a59
INFO  [16:49:38.805] [bbotk] Evaluating 1 configuration(s)
INFO  [16:49:39.261] [bbotk] Result of batch 5:
INFO  [16:49:39.264] [bbotk]  nrounds       eta max_depth classif.ce warnings errors runtime_learners
INFO  [16:49:39.264] [bbotk]      106 0.2535955         9  0.1115377        0      0            0.415
INFO  [16:49:39.264] [bbotk]                                 uhash
INFO  [16:49:39.264] [bbotk]  9fb32b82-3571-4948-98ab-a8ef32209dfc
INFO  [16:49:39.271] [bbotk] Evaluating 1 configuration(s)
INFO  [16:49:39.694] [bbotk] Result of batch 6:
INFO  [16:49:39.695] [bbotk]  nrounds       eta max_depth classif.ce warnings errors runtime_learners
INFO  [16:49:39.695] [bbotk]      108 0.1622246         6  0.1191704        0      0            0.389
INFO  [16:49:39.695] [bbotk]                                 uhash
INFO  [16:49:39.695] [bbotk]  175e67fc-bdc1-4c03-96b7-49caa60e5333
INFO  [16:49:39.699] [bbotk] Evaluating 1 configuration(s)
INFO  [16:49:40.429] [bbotk] Result of batch 7:
INFO  [16:49:40.430] [bbotk]  nrounds        eta max_depth classif.ce warnings errors runtime_learners
INFO  [16:49:40.430] [bbotk]      173 0.07468414         9  0.1153554        0      0            0.702
INFO  [16:49:40.430] [bbotk]                                 uhash
INFO  [16:49:40.430] [bbotk]  e2494ff7-8bb7-47b7-a5d8-a7dce950786f
INFO  [16:49:40.439] [bbotk] Evaluating 1 configuration(s)
INFO  [16:49:41.290] [bbotk] Result of batch 8:
INFO  [16:49:41.291] [bbotk]  nrounds       eta max_depth classif.ce warnings errors runtime_learners
INFO  [16:49:41.291] [bbotk]      256 0.1200662         9  0.1163078        0      0             0.82
INFO  [16:49:41.291] [bbotk]                                 uhash
INFO  [16:49:41.291] [bbotk]  90dca770-325f-48fc-896a-4e63d8dc0755
INFO  [16:49:41.294] [bbotk] Evaluating 1 configuration(s)
INFO  [16:49:42.053] [bbotk] Result of batch 9:
INFO  [16:49:42.054] [bbotk]  nrounds       eta max_depth classif.ce warnings errors runtime_learners
INFO  [16:49:42.054] [bbotk]      249 0.2640494         6  0.1172657        0      0             0.72
INFO  [16:49:42.054] [bbotk]                                 uhash
INFO  [16:49:42.054] [bbotk]  66b5f2ca-73da-44d5-bf05-0e54bd7f4ba6
INFO  [16:49:42.059] [bbotk] Evaluating 1 configuration(s)
INFO  [16:49:42.670] [bbotk] Result of batch 10:
INFO  [16:49:42.672] [bbotk]  nrounds        eta max_depth classif.ce warnings errors runtime_learners
INFO  [16:49:42.672] [bbotk]      294 0.06101753         2 0.09914859        0      0            0.556
INFO  [16:49:42.672] [bbotk]                                 uhash
INFO  [16:49:42.672] [bbotk]  1a104b1f-d0fa-4501-9845-accca9ab6aaa
INFO  [16:49:42.687] [bbotk] Finished optimizing after 10 evaluation(s)
INFO  [16:49:42.687] [bbotk] Result:
INFO  [16:49:42.688] [bbotk]  nrounds        eta max_depth learner_param_vals  x_domain classif.ce
INFO  [16:49:42.688] [bbotk]    <int>      <num>     <int>             <list>    <list>      <num>
INFO  [16:49:42.688] [bbotk]      294 0.06101753         2          <list[5]> <list[3]> 0.09914859
INFO  [16:49:42.980] [bbotk] Starting to optimize 3 parameter(s) with '<OptimizerBatchRandomSearch>' and '<TerminatorEvals> [n_evals=10, k=0]'
INFO  [16:49:43.024] [bbotk] Evaluating 1 configuration(s)
INFO  [16:49:43.598] [bbotk] Result of batch 1:
INFO  [16:49:43.601] [bbotk]  nrounds       eta max_depth classif.ce warnings errors runtime_learners
INFO  [16:49:43.601] [bbotk]      119 0.2296072        10  0.1009524        0      0            0.527
INFO  [16:49:43.601] [bbotk]                                 uhash
INFO  [16:49:43.601] [bbotk]  0d7bcbda-06d7-4c66-8c7c-c160d7aa590d
INFO  [16:49:43.611] [bbotk] Evaluating 1 configuration(s)
INFO  [16:49:44.891] [bbotk] Result of batch 2:
INFO  [16:49:44.894] [bbotk]  nrounds        eta max_depth classif.ce warnings errors runtime_learners
INFO  [16:49:44.894] [bbotk]      242 0.08221164         7 0.09904762        0      0            1.202
INFO  [16:49:44.894] [bbotk]                                 uhash
INFO  [16:49:44.894] [bbotk]  8d922e95-2dc4-444f-a838-5c8dc1959b2b
INFO  [16:49:44.904] [bbotk] Evaluating 1 configuration(s)
INFO  [16:49:45.748] [bbotk] Result of batch 3:
INFO  [16:49:45.749] [bbotk]  nrounds        eta max_depth classif.ce warnings errors runtime_learners
INFO  [16:49:45.749] [bbotk]      121 0.08573442         8 0.09809524        0      0            0.795
INFO  [16:49:45.749] [bbotk]                                 uhash
INFO  [16:49:45.749] [bbotk]  947b8e75-1121-4ba3-a1dd-44ca2e269664
INFO  [16:49:45.753] [bbotk] Evaluating 1 configuration(s)
INFO  [16:49:46.297] [bbotk] Result of batch 4:
INFO  [16:49:46.299] [bbotk]  nrounds        eta max_depth classif.ce warnings errors runtime_learners
INFO  [16:49:46.299] [bbotk]      179 0.01853413         3 0.09904762        0      0            0.503
INFO  [16:49:46.299] [bbotk]                                 uhash
INFO  [16:49:46.299] [bbotk]  9091e7bd-2d68-4584-9838-ce2055784a46
INFO  [16:49:46.311] [bbotk] Evaluating 1 configuration(s)
INFO  [16:49:46.821] [bbotk] Result of batch 5:
INFO  [16:49:46.826] [bbotk]  nrounds       eta max_depth classif.ce warnings errors runtime_learners
INFO  [16:49:46.826] [bbotk]      165 0.1164413         3 0.09238095        0      0            0.464
INFO  [16:49:46.826] [bbotk]                                 uhash
INFO  [16:49:46.826] [bbotk]  f446124f-facb-4c29-af76-b56157e60669
INFO  [16:49:46.840] [bbotk] Evaluating 1 configuration(s)
INFO  [16:49:47.581] [bbotk] Result of batch 6:
INFO  [16:49:47.582] [bbotk]  nrounds      eta max_depth classif.ce warnings errors runtime_learners
INFO  [16:49:47.582] [bbotk]      209 0.268034         4  0.0952381        0      0            0.694
INFO  [16:49:47.582] [bbotk]                                 uhash
INFO  [16:49:47.582] [bbotk]  f1a0e152-330e-4a7d-a486-63b9b33325c4
INFO  [16:49:47.587] [bbotk] Evaluating 1 configuration(s)
INFO  [16:49:48.243] [bbotk] Result of batch 7:
INFO  [16:49:48.244] [bbotk]  nrounds       eta max_depth classif.ce warnings errors runtime_learners
INFO  [16:49:48.244] [bbotk]      222 0.2578265         5 0.09333333        0      0            0.623
INFO  [16:49:48.244] [bbotk]                                 uhash
INFO  [16:49:48.244] [bbotk]  4833aa58-f85a-460b-af35-400e375c3992
INFO  [16:49:48.255] [bbotk] Evaluating 1 configuration(s)
INFO  [16:49:49.176] [bbotk] Result of batch 8:
INFO  [16:49:49.177] [bbotk]  nrounds       eta max_depth classif.ce warnings errors runtime_learners
INFO  [16:49:49.177] [bbotk]      237 0.1920542         9 0.09428571        0      0            0.867
INFO  [16:49:49.177] [bbotk]                                 uhash
INFO  [16:49:49.177] [bbotk]  4c75fcae-3e0e-4ba6-8d15-0f70e8ced3b6
INFO  [16:49:49.186] [bbotk] Evaluating 1 configuration(s)
INFO  [16:49:49.531] [bbotk] Result of batch 9:
INFO  [16:49:49.533] [bbotk]  nrounds        eta max_depth classif.ce warnings errors runtime_learners
INFO  [16:49:49.533] [bbotk]       83 0.07441261         4 0.09904762        0      0            0.295
INFO  [16:49:49.533] [bbotk]                                 uhash
INFO  [16:49:49.533] [bbotk]  cea9fdcc-f6e7-40e3-b37d-729582b6376a
INFO  [16:49:49.550] [bbotk] Evaluating 1 configuration(s)
INFO  [16:49:49.880] [bbotk] Result of batch 10:
INFO  [16:49:49.881] [bbotk]  nrounds       eta max_depth classif.ce warnings errors runtime_learners
INFO  [16:49:49.881] [bbotk]       54 0.2689893         6  0.1047619        0      0            0.276
INFO  [16:49:49.881] [bbotk]                                 uhash
INFO  [16:49:49.881] [bbotk]  c4754cf4-1ac3-4316-8e14-4b1552a38222
INFO  [16:49:49.895] [bbotk] Finished optimizing after 10 evaluation(s)
INFO  [16:49:49.896] [bbotk] Result:
INFO  [16:49:49.898] [bbotk]  nrounds       eta max_depth learner_param_vals  x_domain classif.ce
INFO  [16:49:49.898] [bbotk]    <int>     <num>     <int>             <list>    <list>      <num>
INFO  [16:49:49.898] [bbotk]      165 0.1164413         3          <list[5]> <list[3]> 0.09238095
INFO  [16:49:50.174] [bbotk] Starting to optimize 3 parameter(s) with '<OptimizerBatchRandomSearch>' and '<TerminatorEvals> [n_evals=10, k=0]'
INFO  [16:49:50.214] [bbotk] Evaluating 1 configuration(s)
INFO  [16:49:50.838] [bbotk] Result of batch 1:
INFO  [16:49:50.842] [bbotk]  nrounds       eta max_depth classif.ce warnings errors runtime_learners
INFO  [16:49:50.842] [bbotk]      152 0.1529591         4        0.1        0      0            0.576
INFO  [16:49:50.842] [bbotk]                                 uhash
INFO  [16:49:50.842] [bbotk]  25a38d20-cdc3-4d2c-a83b-6199ee48a774
INFO  [16:49:50.858] [bbotk] Evaluating 1 configuration(s)
INFO  [16:49:51.460] [bbotk] Result of batch 2:
INFO  [16:49:51.461] [bbotk]  nrounds       eta max_depth classif.ce warnings errors runtime_learners
INFO  [16:49:51.461] [bbotk]      126 0.2679721         7 0.09619048        0      0            0.555
INFO  [16:49:51.461] [bbotk]                                 uhash
INFO  [16:49:51.461] [bbotk]  6e80be4f-7662-4c16-88d7-847b0a85735d
INFO  [16:49:51.470] [bbotk] Evaluating 1 configuration(s)
INFO  [16:49:52.564] [bbotk] Result of batch 3:
INFO  [16:49:52.568] [bbotk]  nrounds        eta max_depth classif.ce warnings errors runtime_learners
INFO  [16:49:52.568] [bbotk]      166 0.04694389         8   0.107619        0      0            1.032
INFO  [16:49:52.568] [bbotk]                                 uhash
INFO  [16:49:52.568] [bbotk]  6d4d5030-f950-4bde-8c16-393523899850
INFO  [16:49:52.577] [bbotk] Evaluating 1 configuration(s)
INFO  [16:49:53.368] [bbotk] Result of batch 4:
INFO  [16:49:53.369] [bbotk]  nrounds       eta max_depth classif.ce warnings errors runtime_learners
INFO  [16:49:53.369] [bbotk]      170 0.2500746         7  0.1009524        0      0            0.746
INFO  [16:49:53.369] [bbotk]                                 uhash
INFO  [16:49:53.369] [bbotk]  8ab799bc-8b46-4f7d-bc4b-3d1a6387ec4b
INFO  [16:49:53.375] [bbotk] Evaluating 1 configuration(s)
INFO  [16:49:53.810] [bbotk] Result of batch 5:
INFO  [16:49:53.812] [bbotk]  nrounds       eta max_depth classif.ce warnings errors runtime_learners
INFO  [16:49:53.812] [bbotk]      185 0.2768205         2        0.1        0      0            0.393
INFO  [16:49:53.812] [bbotk]                                 uhash
INFO  [16:49:53.812] [bbotk]  c5460f4c-49b8-45b9-b4d7-4e64f8b41acc
INFO  [16:49:53.820] [bbotk] Evaluating 1 configuration(s)
INFO  [16:49:54.559] [bbotk] Result of batch 6:
INFO  [16:49:54.560] [bbotk]  nrounds        eta max_depth classif.ce warnings errors runtime_learners
INFO  [16:49:54.560] [bbotk]      171 0.05686336        10  0.1038095        0      0            0.707
INFO  [16:49:54.560] [bbotk]                                 uhash
INFO  [16:49:54.560] [bbotk]  d630ba10-b7a1-4164-9713-835935c74e23
INFO  [16:49:54.565] [bbotk] Evaluating 1 configuration(s)
INFO  [16:49:54.881] [bbotk] Result of batch 7:
INFO  [16:49:54.882] [bbotk]  nrounds       eta max_depth classif.ce warnings errors runtime_learners
INFO  [16:49:54.882] [bbotk]       91 0.1681354         7  0.1066667        0      0            0.291
INFO  [16:49:54.882] [bbotk]                                 uhash
INFO  [16:49:54.882] [bbotk]  bb2e0bc4-ca5e-4dc9-a1f9-eea0c265d122
INFO  [16:49:54.888] [bbotk] Evaluating 1 configuration(s)
INFO  [16:49:55.502] [bbotk] Result of batch 8:
INFO  [16:49:55.503] [bbotk]  nrounds       eta max_depth classif.ce warnings errors runtime_learners
INFO  [16:49:55.503] [bbotk]      276 0.2489839         5  0.1038095        0      0            0.585
INFO  [16:49:55.503] [bbotk]                                 uhash
INFO  [16:49:55.503] [bbotk]  fe42e594-6091-4d11-abdd-ee137c62b05e
INFO  [16:49:55.507] [bbotk] Evaluating 1 configuration(s)
INFO  [16:49:56.224] [bbotk] Result of batch 9:
INFO  [16:49:56.225] [bbotk]  nrounds        eta max_depth classif.ce warnings errors runtime_learners
INFO  [16:49:56.225] [bbotk]      227 0.09038944         7  0.1009524        0      0            0.686
INFO  [16:49:56.225] [bbotk]                                 uhash
INFO  [16:49:56.225] [bbotk]  21e7bb93-399c-4d0b-927d-327b768d3c8f
INFO  [16:49:56.228] [bbotk] Evaluating 1 configuration(s)
INFO  [16:49:56.594] [bbotk] Result of batch 10:
INFO  [16:49:56.595] [bbotk]  nrounds      eta max_depth classif.ce warnings errors runtime_learners
INFO  [16:49:56.595] [bbotk]      162 0.240707         4  0.1047619        0      0            0.337
INFO  [16:49:56.595] [bbotk]                                 uhash
INFO  [16:49:56.595] [bbotk]  a937b315-b7da-4d07-a3eb-f893d088a4e3
INFO  [16:49:56.603] [bbotk] Finished optimizing after 10 evaluation(s)
INFO  [16:49:56.604] [bbotk] Result:
INFO  [16:49:56.604] [bbotk]  nrounds       eta max_depth learner_param_vals  x_domain classif.ce
INFO  [16:49:56.604] [bbotk]    <int>     <num>     <int>             <list>    <list>      <num>
INFO  [16:49:56.604] [bbotk]      126 0.2679721         7          <list[5]> <list[3]> 0.09619048
INFO  [16:49:56.813] [bbotk] Starting to optimize 3 parameter(s) with '<OptimizerBatchRandomSearch>' and '<TerminatorEvals> [n_evals=10, k=0]'
INFO  [16:49:56.824] [bbotk] Evaluating 1 configuration(s)
INFO  [16:49:57.403] [bbotk] Result of batch 1:
INFO  [16:49:57.404] [bbotk]  nrounds       eta max_depth classif.ce warnings errors runtime_learners
INFO  [16:49:57.404] [bbotk]      274 0.2757837         6   0.107619        0      0            0.551
INFO  [16:49:57.404] [bbotk]                                 uhash
INFO  [16:49:57.404] [bbotk]  a1343adb-42db-431a-aa5e-a79a3e705ead
INFO  [16:49:57.408] [bbotk] Evaluating 1 configuration(s)
INFO  [16:49:57.850] [bbotk] Result of batch 2:
INFO  [16:49:57.851] [bbotk]  nrounds       eta max_depth classif.ce warnings errors runtime_learners
INFO  [16:49:57.851] [bbotk]      206 0.2604146         4  0.1028571        0      0            0.414
INFO  [16:49:57.851] [bbotk]                                 uhash
INFO  [16:49:57.851] [bbotk]  1d511973-65f2-4292-975f-cf5d70104c79
INFO  [16:49:57.854] [bbotk] Evaluating 1 configuration(s)
INFO  [16:49:58.174] [bbotk] Result of batch 3:
INFO  [16:49:58.176] [bbotk]  nrounds       eta max_depth classif.ce warnings errors runtime_learners
INFO  [16:49:58.176] [bbotk]       83 0.1738216         7   0.112381        0      0            0.285
INFO  [16:49:58.176] [bbotk]                                 uhash
INFO  [16:49:58.176] [bbotk]  229ed8f5-0125-416a-8e7d-628b395d5b40
INFO  [16:49:58.185] [bbotk] Evaluating 1 configuration(s)
INFO  [16:49:59.207] [bbotk] Result of batch 4:
INFO  [16:49:59.208] [bbotk]  nrounds       eta max_depth classif.ce warnings errors runtime_learners
INFO  [16:49:59.208] [bbotk]      238 0.2890797         4  0.1104762        0      0            0.933
INFO  [16:49:59.208] [bbotk]                                 uhash
INFO  [16:49:59.208] [bbotk]  79a534fc-a0d5-4e3f-9540-7020b4cb80fc
INFO  [16:49:59.215] [bbotk] Evaluating 1 configuration(s)
INFO  [16:50:00.334] [bbotk] Result of batch 5:
INFO  [16:50:00.337] [bbotk]  nrounds        eta max_depth classif.ce warnings errors runtime_learners
INFO  [16:50:00.337] [bbotk]      277 0.01212594         2  0.1038095        0      0            1.071
INFO  [16:50:00.337] [bbotk]                                 uhash
INFO  [16:50:00.337] [bbotk]  880364c1-5fad-4c76-9dbd-5834c07c7df6
INFO  [16:50:00.354] [bbotk] Evaluating 1 configuration(s)
INFO  [16:50:01.314] [bbotk] Result of batch 6:
INFO  [16:50:01.320] [bbotk]  nrounds       eta max_depth classif.ce warnings errors runtime_learners
INFO  [16:50:01.320] [bbotk]      239 0.1936587         2  0.1057143        0      0            0.837
INFO  [16:50:01.320] [bbotk]                                 uhash
INFO  [16:50:01.320] [bbotk]  c7839ee0-60ed-4e17-b2cc-f8558ff10a8d
INFO  [16:50:01.325] [bbotk] Evaluating 1 configuration(s)
INFO  [16:50:01.899] [bbotk] Result of batch 7:
INFO  [16:50:01.920] [bbotk]  nrounds       eta max_depth classif.ce warnings errors runtime_learners
INFO  [16:50:01.920] [bbotk]       82 0.2355085         3  0.1038095        0      0            0.465
INFO  [16:50:01.920] [bbotk]                                 uhash
INFO  [16:50:01.920] [bbotk]  0a1da8a2-5bcf-486c-9007-7031f2321c6a
INFO  [16:50:01.925] [bbotk] Evaluating 1 configuration(s)
INFO  [16:50:03.513] [bbotk] Result of batch 8:
INFO  [16:50:03.519] [bbotk]  nrounds       eta max_depth classif.ce warnings errors runtime_learners
INFO  [16:50:03.519] [bbotk]      153 0.1908811         9  0.1028571        0      0            1.502
INFO  [16:50:03.519] [bbotk]                                 uhash
INFO  [16:50:03.519] [bbotk]  cfbd44d8-b9e3-4622-89e1-a9ac75a771d6
INFO  [16:50:03.547] [bbotk] Evaluating 1 configuration(s)
INFO  [16:50:04.875] [bbotk] Result of batch 9:
INFO  [16:50:04.880] [bbotk]  nrounds        eta max_depth classif.ce warnings errors runtime_learners
INFO  [16:50:04.880] [bbotk]      152 0.05665107         4  0.1114286        0      0            1.228
INFO  [16:50:04.880] [bbotk]                                 uhash
INFO  [16:50:04.880] [bbotk]  ddb4e65b-602b-401d-a086-687a265219c8
INFO  [16:50:04.908] [bbotk] Evaluating 1 configuration(s)
INFO  [16:50:05.709] [bbotk] Result of batch 10:
INFO  [16:50:05.713] [bbotk]  nrounds       eta max_depth classif.ce warnings errors runtime_learners
INFO  [16:50:05.713] [bbotk]       96 0.2955243         4  0.1142857        0      0            0.699
INFO  [16:50:05.713] [bbotk]                                 uhash
INFO  [16:50:05.713] [bbotk]  5cf83604-e252-417a-8465-3707f5425eb3
INFO  [16:50:05.765] [bbotk] Finished optimizing after 10 evaluation(s)
INFO  [16:50:05.769] [bbotk] Result:
INFO  [16:50:05.772] [bbotk]  nrounds       eta max_depth learner_param_vals  x_domain classif.ce
INFO  [16:50:05.772] [bbotk]    <int>     <num>     <int>             <list>    <list>      <num>
INFO  [16:50:05.772] [bbotk]      206 0.2604146         4          <list[5]> <list[3]>  0.1028571

### [bt]: Job terminated successfully [batchtools job.id=1105]
### [bt]: Calculation finished!
