### [bt]: This is batchtools v0.9.17
### [bt]: Starting calculation of 5 jobs
### [bt]: Setting working directory to '/Users/User/Documents/Studium/Semester8/Hiwi/mlr3calibration/vignettes'
### [bt]: Memory measurement disabled
### [bt]: Starting job [batchtools job.id=1471]
### [bt]: Generating problem instance for problem '78e20b4b43a56ff6' ...
### [bt]: Applying algorithm 'run_learner' on problem '78e20b4b43a56ff6' for job 1471 (seed = 1472) ...
INFO  [16:51:16.336] [mlr3] Applying learner 'classif.xgboost.tuned_calib.perfold_platt' on task 'pc3' (iter 1/10)
INFO  [16:51:16.372] [bbotk] Starting to optimize 3 parameter(s) with '<OptimizerBatchRandomSearch>' and '<TerminatorEvals> [n_evals=10, k=0]'
INFO  [16:51:16.383] [bbotk] Evaluating 1 configuration(s)
INFO  [16:51:17.365] [bbotk] Result of batch 1:
INFO  [16:51:17.366] [bbotk]  nrounds       eta max_depth classif.ce warnings errors runtime_learners
INFO  [16:51:17.366] [bbotk]      231 0.2102882         6  0.1094213        0      0            0.943
INFO  [16:51:17.366] [bbotk]                                 uhash
INFO  [16:51:17.366] [bbotk]  51bc212f-030c-4b11-99f7-caf33e1e48a9
INFO  [16:51:17.373] [bbotk] Evaluating 1 configuration(s)
INFO  [16:51:18.409] [bbotk] Result of batch 2:
INFO  [16:51:18.411] [bbotk]  nrounds      eta max_depth classif.ce warnings errors runtime_learners
INFO  [16:51:18.411] [bbotk]      219 0.159998         8  0.1067499        0      0            0.999
INFO  [16:51:18.411] [bbotk]                                 uhash
INFO  [16:51:18.411] [bbotk]  32a9eec7-a324-4ef8-b6dd-0f3bd97868c2
INFO  [16:51:18.419] [bbotk] Evaluating 1 configuration(s)
INFO  [16:51:18.944] [bbotk] Result of batch 3:
INFO  [16:51:18.947] [bbotk]  nrounds       eta max_depth classif.ce warnings errors runtime_learners
INFO  [16:51:18.947] [bbotk]      138 0.2164081         4  0.1040856        0      0             0.49
INFO  [16:51:18.947] [bbotk]                                 uhash
INFO  [16:51:18.947] [bbotk]  4bd5b440-bb69-4faf-a374-8e925e46a82b
INFO  [16:51:18.957] [bbotk] Evaluating 1 configuration(s)
INFO  [16:51:20.096] [bbotk] Result of batch 4:
INFO  [16:51:20.097] [bbotk]  nrounds       eta max_depth classif.ce warnings errors runtime_learners
INFO  [16:51:20.097] [bbotk]      251 0.1715246         6  0.1067522        0      0             1.11
INFO  [16:51:20.097] [bbotk]                                 uhash
INFO  [16:51:20.097] [bbotk]  de7aa572-d22f-424f-94f2-74a1c7c65836
INFO  [16:51:20.100] [bbotk] Evaluating 1 configuration(s)
INFO  [16:51:20.645] [bbotk] Result of batch 5:
INFO  [16:51:20.646] [bbotk]  nrounds       eta max_depth classif.ce warnings errors runtime_learners
INFO  [16:51:20.646] [bbotk]      172 0.2954289         3  0.1112014        0      0            0.493
INFO  [16:51:20.646] [bbotk]                                 uhash
INFO  [16:51:20.646] [bbotk]  228062d5-661c-49c6-9a09-d2ce773afab3
INFO  [16:51:20.659] [bbotk] Evaluating 1 configuration(s)
INFO  [16:51:21.335] [bbotk] Result of batch 6:
INFO  [16:51:21.336] [bbotk]  nrounds       eta max_depth classif.ce warnings errors runtime_learners
INFO  [16:51:21.336] [bbotk]      142 0.2842249         5  0.1058633        0      0            0.595
INFO  [16:51:21.336] [bbotk]                                 uhash
INFO  [16:51:21.336] [bbotk]  c5a12375-3966-472c-a277-a02f3d22f2b2
INFO  [16:51:21.340] [bbotk] Evaluating 1 configuration(s)
INFO  [16:51:22.459] [bbotk] Result of batch 7:
INFO  [16:51:22.461] [bbotk]  nrounds       eta max_depth classif.ce warnings errors runtime_learners
INFO  [16:51:22.461] [bbotk]      184 0.1938614        10  0.1103054        0      0            1.076
INFO  [16:51:22.461] [bbotk]                                 uhash
INFO  [16:51:22.461] [bbotk]  263aed77-b056-4555-af59-633dae065405
INFO  [16:51:22.467] [bbotk] Evaluating 1 configuration(s)
INFO  [16:51:22.879] [bbotk] Result of batch 8:
INFO  [16:51:22.880] [bbotk]  nrounds       eta max_depth classif.ce warnings errors runtime_learners
INFO  [16:51:22.880] [bbotk]       65 0.1277076         6  0.1049697        0      0            0.378
INFO  [16:51:22.880] [bbotk]                                 uhash
INFO  [16:51:22.880] [bbotk]  b6167788-515a-4a78-9462-098190841957
INFO  [16:51:22.884] [bbotk] Evaluating 1 configuration(s)
INFO  [16:51:23.163] [bbotk] Result of batch 9:
INFO  [16:51:23.164] [bbotk]  nrounds       eta max_depth classif.ce warnings errors runtime_learners
INFO  [16:51:23.164] [bbotk]       54 0.1977392         4  0.1156506        0      0            0.247
INFO  [16:51:23.164] [bbotk]                                 uhash
INFO  [16:51:23.164] [bbotk]  40adff1a-5e5f-49d8-88c4-c11f9addd2f3
INFO  [16:51:23.173] [bbotk] Evaluating 1 configuration(s)
INFO  [16:51:24.303] [bbotk] Result of batch 10:
INFO  [16:51:24.305] [bbotk]  nrounds       eta max_depth classif.ce warnings errors runtime_learners
INFO  [16:51:24.305] [bbotk]      289 0.2737495         7    0.10853        0      0            1.086
INFO  [16:51:24.305] [bbotk]                                 uhash
INFO  [16:51:24.305] [bbotk]  67991cc7-d204-4a2d-848b-f3f0e0d2bd6d
INFO  [16:51:24.320] [bbotk] Finished optimizing after 10 evaluation(s)
INFO  [16:51:24.320] [bbotk] Result:
INFO  [16:51:24.321] [bbotk]  nrounds       eta max_depth learner_param_vals  x_domain classif.ce
INFO  [16:51:24.321] [bbotk]    <int>     <num>     <int>             <list>    <list>      <num>
INFO  [16:51:24.321] [bbotk]      138 0.2164081         4          <list[5]> <list[3]>  0.1040856
INFO  [16:51:24.579] [bbotk] Starting to optimize 3 parameter(s) with '<OptimizerBatchRandomSearch>' and '<TerminatorEvals> [n_evals=10, k=0]'
INFO  [16:51:24.603] [bbotk] Evaluating 1 configuration(s)
INFO  [16:51:26.093] [bbotk] Result of batch 1:
INFO  [16:51:26.095] [bbotk]  nrounds        eta max_depth classif.ce warnings errors runtime_learners
INFO  [16:51:26.095] [bbotk]      269 0.09761719         9  0.1137778        0      0             1.45
INFO  [16:51:26.095] [bbotk]                                 uhash
INFO  [16:51:26.095] [bbotk]  340718ee-3c6c-41f0-aa00-055ca8afc988
INFO  [16:51:26.099] [bbotk] Evaluating 1 configuration(s)
INFO  [16:51:26.522] [bbotk] Result of batch 2:
INFO  [16:51:26.523] [bbotk]  nrounds       eta max_depth classif.ce warnings errors runtime_learners
INFO  [16:51:26.523] [bbotk]      152 0.2245825         3  0.1137778        0      0            0.389
INFO  [16:51:26.523] [bbotk]                                 uhash
INFO  [16:51:26.523] [bbotk]  897627ae-c7ed-4467-aa2d-98dad0373f6a
INFO  [16:51:26.527] [bbotk] Evaluating 1 configuration(s)
INFO  [16:51:27.553] [bbotk] Result of batch 3:
INFO  [16:51:27.554] [bbotk]  nrounds      eta max_depth classif.ce warnings errors runtime_learners
INFO  [16:51:27.554] [bbotk]      261 0.246839         7  0.1164444        0      0            0.993
INFO  [16:51:27.554] [bbotk]                                 uhash
INFO  [16:51:27.554] [bbotk]  82b347b6-6408-4351-8d2d-a9996f2c24a4
INFO  [16:51:27.557] [bbotk] Evaluating 1 configuration(s)
INFO  [16:51:27.905] [bbotk] Result of batch 4:
INFO  [16:51:27.909] [bbotk]  nrounds      eta max_depth classif.ce warnings errors runtime_learners
INFO  [16:51:27.909] [bbotk]      123 0.258797         3       0.12        0      0            0.314
INFO  [16:51:27.909] [bbotk]                                 uhash
INFO  [16:51:27.909] [bbotk]  555c68ba-170a-471a-b2b9-e9327be82e50
INFO  [16:51:27.921] [bbotk] Evaluating 1 configuration(s)
INFO  [16:51:30.089] [bbotk] Result of batch 5:
INFO  [16:51:30.091] [bbotk]  nrounds        eta max_depth classif.ce warnings errors runtime_learners
INFO  [16:51:30.091] [bbotk]      297 0.01683841        10  0.1164444        0      0            2.121
INFO  [16:51:30.091] [bbotk]                                 uhash
INFO  [16:51:30.091] [bbotk]  e37aa340-9afc-4933-81c7-09987dad2572
INFO  [16:51:30.096] [bbotk] Evaluating 1 configuration(s)
INFO  [16:51:30.615] [bbotk] Result of batch 6:
INFO  [16:51:30.618] [bbotk]  nrounds       eta max_depth classif.ce warnings errors runtime_learners
INFO  [16:51:30.618] [bbotk]      292 0.2148278         2  0.1208889        0      0            0.479
INFO  [16:51:30.618] [bbotk]                                 uhash
INFO  [16:51:30.618] [bbotk]  171586be-ac5f-44ce-9990-1e1808be6d5c
INFO  [16:51:30.627] [bbotk] Evaluating 1 configuration(s)
INFO  [16:51:31.550] [bbotk] Result of batch 7:
INFO  [16:51:31.551] [bbotk]  nrounds      eta max_depth classif.ce warnings errors runtime_learners
INFO  [16:51:31.551] [bbotk]      262 0.244665         4  0.1102222        0      0            0.879
INFO  [16:51:31.551] [bbotk]                                 uhash
INFO  [16:51:31.551] [bbotk]  80ee93bf-6228-4872-8660-33445ee00f99
INFO  [16:51:31.555] [bbotk] Evaluating 1 configuration(s)
INFO  [16:51:32.173] [bbotk] Result of batch 8:
INFO  [16:51:32.174] [bbotk]  nrounds        eta max_depth classif.ce warnings errors runtime_learners
INFO  [16:51:32.174] [bbotk]       82 0.09187278        10  0.1102222        0      0            0.558
INFO  [16:51:32.174] [bbotk]                                 uhash
INFO  [16:51:32.174] [bbotk]  1366057a-643f-458d-bfde-829514c2fe49
INFO  [16:51:32.179] [bbotk] Evaluating 1 configuration(s)
INFO  [16:51:33.369] [bbotk] Result of batch 9:
INFO  [16:51:33.370] [bbotk]  nrounds        eta max_depth classif.ce warnings errors runtime_learners
INFO  [16:51:33.370] [bbotk]      202 0.06735133         7  0.1128889        0      0            1.155
INFO  [16:51:33.370] [bbotk]                                 uhash
INFO  [16:51:33.370] [bbotk]  44971aa2-fcaf-415d-a40f-9616253bbc69
INFO  [16:51:33.374] [bbotk] Evaluating 1 configuration(s)
INFO  [16:51:33.591] [bbotk] Result of batch 10:
INFO  [16:51:33.592] [bbotk]  nrounds       eta max_depth classif.ce warnings errors runtime_learners
INFO  [16:51:33.592] [bbotk]       67 0.1879658         3  0.1155556        0      0            0.178
INFO  [16:51:33.592] [bbotk]                                 uhash
INFO  [16:51:33.592] [bbotk]  c7423d17-1d80-401b-aa7f-54db1d1671ba
INFO  [16:51:33.608] [bbotk] Finished optimizing after 10 evaluation(s)
INFO  [16:51:33.608] [bbotk] Result:
INFO  [16:51:33.609] [bbotk]  nrounds      eta max_depth learner_param_vals  x_domain classif.ce
INFO  [16:51:33.609] [bbotk]    <int>    <num>     <int>             <list>    <list>      <num>
INFO  [16:51:33.609] [bbotk]      262 0.244665         4          <list[5]> <list[3]>  0.1102222
INFO  [16:51:34.063] [bbotk] Starting to optimize 3 parameter(s) with '<OptimizerBatchRandomSearch>' and '<TerminatorEvals> [n_evals=10, k=0]'
INFO  [16:51:34.080] [bbotk] Evaluating 1 configuration(s)
INFO  [16:51:35.518] [bbotk] Result of batch 1:
INFO  [16:51:35.519] [bbotk]  nrounds        eta max_depth classif.ce warnings errors runtime_learners
INFO  [16:51:35.519] [bbotk]      241 0.08000034        10      0.096        0      0            1.384
INFO  [16:51:35.519] [bbotk]                                 uhash
INFO  [16:51:35.519] [bbotk]  213c79f7-d5f8-4c7b-b56f-2230fbb959ad
INFO  [16:51:35.525] [bbotk] Evaluating 1 configuration(s)
INFO  [16:51:36.922] [bbotk] Result of batch 2:
INFO  [16:51:36.924] [bbotk]  nrounds        eta max_depth classif.ce warnings errors runtime_learners
INFO  [16:51:36.924] [bbotk]      263 0.09924211         6 0.09155556        0      0            1.338
INFO  [16:51:36.924] [bbotk]                                 uhash
INFO  [16:51:36.924] [bbotk]  c274596a-948b-49df-ab00-84383d586c22
INFO  [16:51:36.935] [bbotk] Evaluating 1 configuration(s)
INFO  [16:51:37.848] [bbotk] Result of batch 3:
INFO  [16:51:37.849] [bbotk]  nrounds       eta max_depth classif.ce warnings errors runtime_learners
INFO  [16:51:37.849] [bbotk]      146 0.1011089         7 0.09244444        0      0            0.858
INFO  [16:51:37.849] [bbotk]                                 uhash
INFO  [16:51:37.849] [bbotk]  99d97c12-adb7-4447-8aa1-869952dc60a9
INFO  [16:51:37.853] [bbotk] Evaluating 1 configuration(s)
INFO  [16:51:39.024] [bbotk] Result of batch 4:
INFO  [16:51:39.025] [bbotk]  nrounds      eta max_depth classif.ce warnings errors runtime_learners
INFO  [16:51:39.025] [bbotk]      269 0.271634         9      0.096        0      0            1.134
INFO  [16:51:39.025] [bbotk]                                 uhash
INFO  [16:51:39.025] [bbotk]  dd8c5d78-37f1-41ac-8aea-c614497d6bae
INFO  [16:51:39.029] [bbotk] Evaluating 1 configuration(s)
INFO  [16:51:39.963] [bbotk] Result of batch 5:
INFO  [16:51:39.965] [bbotk]  nrounds       eta max_depth classif.ce warnings errors runtime_learners
INFO  [16:51:39.965] [bbotk]      230 0.2607986         5 0.09422222        0      0            0.883
INFO  [16:51:39.965] [bbotk]                                 uhash
INFO  [16:51:39.965] [bbotk]  8aebfb8b-c7af-49ec-94bf-e68da2a12bb3
INFO  [16:51:39.974] [bbotk] Evaluating 1 configuration(s)
INFO  [16:51:40.742] [bbotk] Result of batch 6:
INFO  [16:51:40.743] [bbotk]  nrounds        eta max_depth classif.ce warnings errors runtime_learners
INFO  [16:51:40.743] [bbotk]      138 0.09904124         6 0.09777778        0      0            0.719
INFO  [16:51:40.743] [bbotk]                                 uhash
INFO  [16:51:40.743] [bbotk]  21a3c9b3-c86f-4ecc-bbbf-c4de10d5dfd6
INFO  [16:51:40.751] [bbotk] Evaluating 1 configuration(s)
INFO  [16:51:41.627] [bbotk] Result of batch 7:
INFO  [16:51:41.629] [bbotk]  nrounds       eta max_depth classif.ce warnings errors runtime_learners
INFO  [16:51:41.629] [bbotk]      225 0.2939717         5 0.09066667        0      0            0.827
INFO  [16:51:41.629] [bbotk]                                 uhash
INFO  [16:51:41.629] [bbotk]  1478b65e-940c-4f27-be09-dc030080db56
INFO  [16:51:41.638] [bbotk] Evaluating 1 configuration(s)
INFO  [16:51:42.932] [bbotk] Result of batch 8:
INFO  [16:51:42.933] [bbotk]  nrounds        eta max_depth classif.ce warnings errors runtime_learners
INFO  [16:51:42.933] [bbotk]      287 0.05808075         5 0.09511111        0      0             1.26
INFO  [16:51:42.933] [bbotk]                                 uhash
INFO  [16:51:42.933] [bbotk]  f604f878-b7df-4c6e-99ee-cbebb530c0f4
INFO  [16:51:42.937] [bbotk] Evaluating 1 configuration(s)
INFO  [16:51:43.454] [bbotk] Result of batch 9:
INFO  [16:51:43.456] [bbotk]  nrounds        eta max_depth classif.ce warnings errors runtime_learners
INFO  [16:51:43.456] [bbotk]       70 0.07099669         7 0.09866667        0      0            0.462
INFO  [16:51:43.456] [bbotk]                                 uhash
INFO  [16:51:43.456] [bbotk]  e1dd4e00-e452-42d2-85ad-400968a8b550
INFO  [16:51:43.464] [bbotk] Evaluating 1 configuration(s)
INFO  [16:51:44.268] [bbotk] Result of batch 10:
INFO  [16:51:44.269] [bbotk]  nrounds        eta max_depth classif.ce warnings errors runtime_learners
INFO  [16:51:44.269] [bbotk]      219 0.03010806         4      0.096        0      0            0.761
INFO  [16:51:44.269] [bbotk]                                 uhash
INFO  [16:51:44.269] [bbotk]  5da2a4d4-5f91-406b-9700-84d22f69638b
INFO  [16:51:44.282] [bbotk] Finished optimizing after 10 evaluation(s)
INFO  [16:51:44.283] [bbotk] Result:
INFO  [16:51:44.284] [bbotk]  nrounds       eta max_depth learner_param_vals  x_domain classif.ce
INFO  [16:51:44.284] [bbotk]    <int>     <num>     <int>             <list>    <list>      <num>
INFO  [16:51:44.284] [bbotk]      225 0.2939717         5          <list[5]> <list[3]> 0.09066667
INFO  [16:51:44.783] [bbotk] Starting to optimize 3 parameter(s) with '<OptimizerBatchRandomSearch>' and '<TerminatorEvals> [n_evals=10, k=0]'
INFO  [16:51:44.805] [bbotk] Evaluating 1 configuration(s)
INFO  [16:51:45.151] [bbotk] Result of batch 1:
INFO  [16:51:45.153] [bbotk]  nrounds       eta max_depth classif.ce warnings errors runtime_learners
INFO  [16:51:45.153] [bbotk]      157 0.1031002         2  0.1191111        0      0              0.3
INFO  [16:51:45.153] [bbotk]                                 uhash
INFO  [16:51:45.153] [bbotk]  085669df-bd89-4315-b7f8-9a9d6892f2d7
INFO  [16:51:45.161] [bbotk] Evaluating 1 configuration(s)
INFO  [16:51:45.967] [bbotk] Result of batch 2:
INFO  [16:51:45.969] [bbotk]  nrounds        eta max_depth classif.ce warnings errors runtime_learners
INFO  [16:51:45.969] [bbotk]      284 0.01230314         3  0.1155556        0      0             0.77
INFO  [16:51:45.969] [bbotk]                                 uhash
INFO  [16:51:45.969] [bbotk]  f1a88135-89cb-4293-95eb-e086789fbe2b
INFO  [16:51:45.977] [bbotk] Evaluating 1 configuration(s)
INFO  [16:51:46.492] [bbotk] Result of batch 3:
INFO  [16:51:46.492] [bbotk]  nrounds       eta max_depth classif.ce warnings errors runtime_learners
INFO  [16:51:46.492] [bbotk]      149 0.2613266         2  0.1217778        0      0            0.475
INFO  [16:51:46.492] [bbotk]                                 uhash
INFO  [16:51:46.492] [bbotk]  73ec5b60-bbd9-4034-9e02-76177a1fd42e
INFO  [16:51:46.501] [bbotk] Evaluating 1 configuration(s)
INFO  [16:51:47.137] [bbotk] Result of batch 4:
INFO  [16:51:47.138] [bbotk]  nrounds       eta max_depth classif.ce warnings errors runtime_learners
INFO  [16:51:47.138] [bbotk]      137 0.2942412        10  0.1217778        0      0            0.603
INFO  [16:51:47.138] [bbotk]                                 uhash
INFO  [16:51:47.138] [bbotk]  880789c5-673f-41b5-8a27-35aa35dfb3d7
INFO  [16:51:47.145] [bbotk] Evaluating 1 configuration(s)
INFO  [16:51:47.374] [bbotk] Result of batch 5:
INFO  [16:51:47.376] [bbotk]  nrounds       eta max_depth classif.ce warnings errors runtime_learners
INFO  [16:51:47.376] [bbotk]       56 0.1960198         4  0.1217778        0      0            0.183
INFO  [16:51:47.376] [bbotk]                                 uhash
INFO  [16:51:47.376] [bbotk]  1426de76-2730-4014-afc0-3e6652d6dcb8
INFO  [16:51:47.383] [bbotk] Evaluating 1 configuration(s)
INFO  [16:51:47.981] [bbotk] Result of batch 6:
INFO  [16:51:47.983] [bbotk]  nrounds        eta max_depth classif.ce warnings errors runtime_learners
INFO  [16:51:47.983] [bbotk]       77 0.04025357         9       0.12        0      0            0.557
INFO  [16:51:47.983] [bbotk]                                 uhash
INFO  [16:51:47.983] [bbotk]  556c953b-beb9-4ad7-9dca-4f9c1cb51a9c
INFO  [16:51:47.994] [bbotk] Evaluating 1 configuration(s)
INFO  [16:51:48.601] [bbotk] Result of batch 7:
INFO  [16:51:48.601] [bbotk]  nrounds       eta max_depth classif.ce warnings errors runtime_learners
INFO  [16:51:48.601] [bbotk]      125 0.2280366         6  0.1226667        0      0            0.567
INFO  [16:51:48.601] [bbotk]                                 uhash
INFO  [16:51:48.601] [bbotk]  1c86cc84-22af-4e9e-a132-5a547e0d7c47
INFO  [16:51:48.607] [bbotk] Evaluating 1 configuration(s)
INFO  [16:51:49.662] [bbotk] Result of batch 8:
INFO  [16:51:49.664] [bbotk]  nrounds        eta max_depth classif.ce warnings errors runtime_learners
INFO  [16:51:49.664] [bbotk]      152 0.06716693         9       0.12        0      0            1.015
INFO  [16:51:49.664] [bbotk]                                 uhash
INFO  [16:51:49.664] [bbotk]  480b9598-c099-40d5-8045-7961d4599169
INFO  [16:51:49.674] [bbotk] Evaluating 1 configuration(s)
INFO  [16:51:50.219] [bbotk] Result of batch 9:
INFO  [16:51:50.220] [bbotk]  nrounds       eta max_depth classif.ce warnings errors runtime_learners
INFO  [16:51:50.220] [bbotk]      155 0.2659296         4  0.1244444        0      0            0.511
INFO  [16:51:50.220] [bbotk]                                 uhash
INFO  [16:51:50.220] [bbotk]  13b8c214-941d-491f-bcad-3685a7df2b59
INFO  [16:51:50.225] [bbotk] Evaluating 1 configuration(s)
INFO  [16:51:50.908] [bbotk] Result of batch 10:
INFO  [16:51:50.909] [bbotk]  nrounds        eta max_depth classif.ce warnings errors runtime_learners
INFO  [16:51:50.909] [bbotk]      143 0.07821558         5  0.1208889        0      0            0.644
INFO  [16:51:50.909] [bbotk]                                 uhash
INFO  [16:51:50.909] [bbotk]  dd428391-284f-433b-b6cf-4802cc5a423f
INFO  [16:51:50.931] [bbotk] Finished optimizing after 10 evaluation(s)
INFO  [16:51:50.931] [bbotk] Result:
INFO  [16:51:50.932] [bbotk]  nrounds        eta max_depth learner_param_vals  x_domain classif.ce
INFO  [16:51:50.932] [bbotk]    <int>      <num>     <int>             <list>    <list>      <num>
INFO  [16:51:50.932] [bbotk]      284 0.01230314         3          <list[5]> <list[3]>  0.1155556
INFO  [16:51:51.426] [bbotk] Starting to optimize 3 parameter(s) with '<OptimizerBatchRandomSearch>' and '<TerminatorEvals> [n_evals=10, k=0]'
INFO  [16:51:51.443] [bbotk] Evaluating 1 configuration(s)
INFO  [16:51:52.303] [bbotk] Result of batch 1:
INFO  [16:51:52.306] [bbotk]  nrounds       eta max_depth classif.ce warnings errors runtime_learners
INFO  [16:51:52.306] [bbotk]      233 0.2385167         4  0.1226667        0      0             0.81
INFO  [16:51:52.306] [bbotk]                                 uhash
INFO  [16:51:52.306] [bbotk]  05e22234-a190-4c2d-8325-cd07aebc0b24
INFO  [16:51:52.314] [bbotk] Evaluating 1 configuration(s)
INFO  [16:51:53.121] [bbotk] Result of batch 2:
INFO  [16:51:53.122] [bbotk]  nrounds      eta max_depth classif.ce warnings errors runtime_learners
INFO  [16:51:53.122] [bbotk]      224 0.212511         4  0.1164444        0      0            0.763
INFO  [16:51:53.122] [bbotk]                                 uhash
INFO  [16:51:53.122] [bbotk]  c4e4c281-bc46-4fb0-8047-d552fd4c7993
INFO  [16:51:53.126] [bbotk] Evaluating 1 configuration(s)
INFO  [16:51:53.391] [bbotk] Result of batch 3:
INFO  [16:51:53.392] [bbotk]  nrounds       eta max_depth classif.ce warnings errors runtime_learners
INFO  [16:51:53.392] [bbotk]       57 0.2130146         4  0.1128889        0      0            0.219
INFO  [16:51:53.392] [bbotk]                                 uhash
INFO  [16:51:53.392] [bbotk]  203787fd-be78-464c-b908-d5d7992e1d20
INFO  [16:51:53.395] [bbotk] Evaluating 1 configuration(s)
INFO  [16:51:53.895] [bbotk] Result of batch 4:
INFO  [16:51:53.896] [bbotk]  nrounds       eta max_depth classif.ce warnings errors runtime_learners
INFO  [16:51:53.896] [bbotk]      271 0.1224241         2  0.1155556        0      0            0.466
INFO  [16:51:53.896] [bbotk]                                 uhash
INFO  [16:51:53.896] [bbotk]  ecf85b72-a806-4222-b590-4aeae182fcb2
INFO  [16:51:53.900] [bbotk] Evaluating 1 configuration(s)
INFO  [16:51:54.945] [bbotk] Result of batch 5:
INFO  [16:51:54.947] [bbotk]  nrounds        eta max_depth classif.ce warnings errors runtime_learners
INFO  [16:51:54.947] [bbotk]      238 0.04067974         5  0.1137778        0      0            1.007
INFO  [16:51:54.947] [bbotk]                                 uhash
INFO  [16:51:54.947] [bbotk]  45f8ce65-9fcf-4aa0-be95-0c958e1aed07
INFO  [16:51:54.955] [bbotk] Evaluating 1 configuration(s)
INFO  [16:51:55.377] [bbotk] Result of batch 6:
INFO  [16:51:55.378] [bbotk]  nrounds       eta max_depth classif.ce warnings errors runtime_learners
INFO  [16:51:55.378] [bbotk]      104 0.1530767         4  0.1155556        0      0             0.38
INFO  [16:51:55.378] [bbotk]                                 uhash
INFO  [16:51:55.378] [bbotk]  89c28a6c-72d5-4759-86df-0c469cdaa249
INFO  [16:51:55.388] [bbotk] Evaluating 1 configuration(s)
INFO  [16:51:55.820] [bbotk] Result of batch 7:
INFO  [16:51:55.824] [bbotk]  nrounds        eta max_depth classif.ce warnings errors runtime_learners
INFO  [16:51:55.824] [bbotk]       68 0.06275629         8      0.112        0      0            0.393
INFO  [16:51:55.824] [bbotk]                                 uhash
INFO  [16:51:55.824] [bbotk]  93be520a-3752-43e0-8b61-667607eda39c
INFO  [16:51:55.838] [bbotk] Evaluating 1 configuration(s)
INFO  [16:51:56.823] [bbotk] Result of batch 8:
INFO  [16:51:56.825] [bbotk]  nrounds       eta max_depth classif.ce warnings errors runtime_learners
INFO  [16:51:56.825] [bbotk]      176 0.1931382         8  0.1111111        0      0             0.93
INFO  [16:51:56.825] [bbotk]                                 uhash
INFO  [16:51:56.825] [bbotk]  dd1c3bef-4d41-40f1-baed-5996f67bbd1a
INFO  [16:51:56.833] [bbotk] Evaluating 1 configuration(s)
INFO  [16:51:57.634] [bbotk] Result of batch 9:
INFO  [16:51:57.636] [bbotk]  nrounds       eta max_depth classif.ce warnings errors runtime_learners
INFO  [16:51:57.636] [bbotk]      154 0.2264865         7  0.1128889        0      0            0.765
INFO  [16:51:57.636] [bbotk]                                 uhash
INFO  [16:51:57.636] [bbotk]  15d3b76c-0678-4ba3-9a8b-a53ef82a1baa
INFO  [16:51:57.646] [bbotk] Evaluating 1 configuration(s)
INFO  [16:51:58.209] [bbotk] Result of batch 10:
INFO  [16:51:58.210] [bbotk]  nrounds       eta max_depth classif.ce warnings errors runtime_learners
INFO  [16:51:58.210] [bbotk]      205 0.1233237         3  0.1164444        0      0            0.519
INFO  [16:51:58.210] [bbotk]                                 uhash
INFO  [16:51:58.210] [bbotk]  017b10f4-5042-4cec-8b54-162b3db19db7
INFO  [16:51:58.232] [bbotk] Finished optimizing after 10 evaluation(s)
INFO  [16:51:58.233] [bbotk] Result:
INFO  [16:51:58.235] [bbotk]  nrounds       eta max_depth learner_param_vals  x_domain classif.ce
INFO  [16:51:58.235] [bbotk]    <int>     <num>     <int>             <list>    <list>      <num>
INFO  [16:51:58.235] [bbotk]      176 0.1931382         8          <list[5]> <list[3]>  0.1111111

### [bt]: Job terminated successfully [batchtools job.id=1471]
### [bt]: Starting job [batchtools job.id=1472]
### [bt]: Generating problem instance for problem '78e20b4b43a56ff6' ...
### [bt]: Applying algorithm 'run_learner' on problem '78e20b4b43a56ff6' for job 1472 (seed = 1473) ...
INFO  [16:51:58.873] [mlr3] Applying learner 'classif.xgboost.tuned_calib.perfold_platt' on task 'pc3' (iter 2/10)
INFO  [16:51:58.914] [bbotk] Starting to optimize 3 parameter(s) with '<OptimizerBatchRandomSearch>' and '<TerminatorEvals> [n_evals=10, k=0]'
INFO  [16:51:58.933] [bbotk] Evaluating 1 configuration(s)
INFO  [16:51:59.778] [bbotk] Result of batch 1:
INFO  [16:51:59.779] [bbotk]  nrounds      eta max_depth classif.ce warnings errors runtime_learners
INFO  [16:51:59.779] [bbotk]      181 0.289503        10  0.1227665        0      0            0.805
INFO  [16:51:59.779] [bbotk]                                 uhash
INFO  [16:51:59.779] [bbotk]  66290a61-4acc-4ecf-bd14-b499b1be6ec9
INFO  [16:51:59.796] [bbotk] Evaluating 1 configuration(s)
INFO  [16:52:00.614] [bbotk] Result of batch 2:
INFO  [16:52:00.616] [bbotk]  nrounds        eta max_depth classif.ce warnings errors runtime_learners
INFO  [16:52:00.616] [bbotk]      143 0.03078167         6  0.1085276        0      0            0.769
INFO  [16:52:00.616] [bbotk]                                 uhash
INFO  [16:52:00.616] [bbotk]  7b63a9f6-289c-4576-b257-1b2b8607fc3e
INFO  [16:52:00.633] [bbotk] Evaluating 1 configuration(s)
INFO  [16:52:01.513] [bbotk] Result of batch 3:
INFO  [16:52:01.514] [bbotk]  nrounds      eta max_depth classif.ce warnings errors runtime_learners
INFO  [16:52:01.514] [bbotk]      179 0.210525         6  0.1192086        0      0            0.838
INFO  [16:52:01.514] [bbotk]                                 uhash
INFO  [16:52:01.514] [bbotk]  89ef681e-ca74-4e12-af75-416a148d1f06
INFO  [16:52:01.518] [bbotk] Evaluating 1 configuration(s)
INFO  [16:52:02.453] [bbotk] Result of batch 4:
INFO  [16:52:02.454] [bbotk]  nrounds       eta max_depth classif.ce warnings errors runtime_learners
INFO  [16:52:02.454] [bbotk]      191 0.2215381         8  0.1156506        0      0              0.9
INFO  [16:52:02.454] [bbotk]                                 uhash
INFO  [16:52:02.454] [bbotk]  985db3b9-52bb-4527-90a4-9452e08670d8
INFO  [16:52:02.460] [bbotk] Evaluating 1 configuration(s)
INFO  [16:52:02.898] [bbotk] Result of batch 5:
INFO  [16:52:02.898] [bbotk]  nrounds        eta max_depth classif.ce warnings errors runtime_learners
INFO  [16:52:02.898] [bbotk]      108 0.09807172         4   0.112984        0      0            0.395
INFO  [16:52:02.898] [bbotk]                                 uhash
INFO  [16:52:02.898] [bbotk]  c5c796ca-3878-498f-9912-30671b158a92
INFO  [16:52:02.904] [bbotk] Evaluating 1 configuration(s)
INFO  [16:52:03.309] [bbotk] Result of batch 6:
INFO  [16:52:03.311] [bbotk]  nrounds       eta max_depth classif.ce warnings errors runtime_learners
INFO  [16:52:03.311] [bbotk]      191 0.2058577         2  0.1200927        0      0            0.362
INFO  [16:52:03.311] [bbotk]                                 uhash
INFO  [16:52:03.311] [bbotk]  7863590b-428f-422f-aa47-32b8cdeb2185
INFO  [16:52:03.315] [bbotk] Evaluating 1 configuration(s)
INFO  [16:52:03.849] [bbotk] Result of batch 7:
INFO  [16:52:03.850] [bbotk]  nrounds       eta max_depth classif.ce warnings errors runtime_learners
INFO  [16:52:03.850] [bbotk]       82 0.1455429         9  0.1103173        0      0            0.495
INFO  [16:52:03.850] [bbotk]                                 uhash
INFO  [16:52:03.850] [bbotk]  aa5b9461-0ded-4cba-86ed-fa8f0236e08f
INFO  [16:52:03.858] [bbotk] Evaluating 1 configuration(s)
INFO  [16:52:05.355] [bbotk] Result of batch 8:
INFO  [16:52:05.356] [bbotk]  nrounds        eta max_depth classif.ce warnings errors runtime_learners
INFO  [16:52:05.356] [bbotk]      239 0.05634331        10  0.1138705        0      0            1.459
INFO  [16:52:05.356] [bbotk]                                 uhash
INFO  [16:52:05.356] [bbotk]  f0da738f-1c19-4841-b086-cae3b5c7c833
INFO  [16:52:05.362] [bbotk] Evaluating 1 configuration(s)
INFO  [16:52:05.630] [bbotk] Result of batch 9:
INFO  [16:52:05.631] [bbotk]  nrounds       eta max_depth classif.ce warnings errors runtime_learners
INFO  [16:52:05.631] [bbotk]      106 0.1332586         2  0.1076482        0      0            0.222
INFO  [16:52:05.631] [bbotk]                                 uhash
INFO  [16:52:05.631] [bbotk]  b582df7e-aeaa-4260-a583-24ef8349852b
INFO  [16:52:05.635] [bbotk] Evaluating 1 configuration(s)
INFO  [16:52:06.524] [bbotk] Result of batch 10:
INFO  [16:52:06.526] [bbotk]  nrounds       eta max_depth classif.ce warnings errors runtime_learners
INFO  [16:52:06.526] [bbotk]      244 0.1094237         4  0.1200998        0      0            0.845
INFO  [16:52:06.526] [bbotk]                                 uhash
INFO  [16:52:06.526] [bbotk]  6392820d-e2a6-4cd5-bb66-60369f788a43
INFO  [16:52:06.533] [bbotk] Finished optimizing after 10 evaluation(s)
INFO  [16:52:06.534] [bbotk] Result:
INFO  [16:52:06.534] [bbotk]  nrounds       eta max_depth learner_param_vals  x_domain classif.ce
INFO  [16:52:06.534] [bbotk]    <int>     <num>     <int>             <list>    <list>      <num>
INFO  [16:52:06.534] [bbotk]      106 0.1332586         2          <list[5]> <list[3]>  0.1076482
INFO  [16:52:06.679] [bbotk] Starting to optimize 3 parameter(s) with '<OptimizerBatchRandomSearch>' and '<TerminatorEvals> [n_evals=10, k=0]'
INFO  [16:52:06.688] [bbotk] Evaluating 1 configuration(s)
INFO  [16:52:08.659] [bbotk] Result of batch 1:
INFO  [16:52:08.660] [bbotk]  nrounds        eta max_depth classif.ce warnings errors runtime_learners
INFO  [16:52:08.660] [bbotk]      267 0.02869924        10  0.1155556        0      0            1.928
INFO  [16:52:08.660] [bbotk]                                 uhash
INFO  [16:52:08.660] [bbotk]  7a3c2421-6eea-42da-bf65-fd9fe2d311d2
INFO  [16:52:08.666] [bbotk] Evaluating 1 configuration(s)
INFO  [16:52:09.027] [bbotk] Result of batch 2:
INFO  [16:52:09.029] [bbotk]  nrounds       eta max_depth classif.ce warnings errors runtime_learners
INFO  [16:52:09.029] [bbotk]      174 0.2982376         2      0.128        0      0            0.309
INFO  [16:52:09.029] [bbotk]                                 uhash
INFO  [16:52:09.029] [bbotk]  c609c8b9-3eb3-40e7-a2ca-097e3220fcdc
INFO  [16:52:09.037] [bbotk] Evaluating 1 configuration(s)
INFO  [16:52:09.551] [bbotk] Result of batch 3:
INFO  [16:52:09.553] [bbotk]  nrounds       eta max_depth classif.ce warnings errors runtime_learners
INFO  [16:52:09.553] [bbotk]      196 0.1539228         3  0.1235556        0      0            0.466
INFO  [16:52:09.553] [bbotk]                                 uhash
INFO  [16:52:09.553] [bbotk]  c2034fd3-a06f-4db2-a73a-b8a3647427e9
INFO  [16:52:09.558] [bbotk] Evaluating 1 configuration(s)
INFO  [16:52:10.186] [bbotk] Result of batch 4:
INFO  [16:52:10.188] [bbotk]  nrounds        eta max_depth classif.ce warnings errors runtime_learners
INFO  [16:52:10.188] [bbotk]      180 0.01143669         4  0.1093333        0      0            0.595
INFO  [16:52:10.188] [bbotk]                                 uhash
INFO  [16:52:10.188] [bbotk]  ba626fd6-e890-4e37-af4f-665ad4ef5931
INFO  [16:52:10.197] [bbotk] Evaluating 1 configuration(s)
INFO  [16:52:11.279] [bbotk] Result of batch 5:
INFO  [16:52:11.280] [bbotk]  nrounds       eta max_depth classif.ce warnings errors runtime_learners
INFO  [16:52:11.280] [bbotk]      277 0.2829985         6  0.1271111        0      0            1.046
INFO  [16:52:11.280] [bbotk]                                 uhash
INFO  [16:52:11.280] [bbotk]  d03474cd-4f23-471e-abdf-6004a9577ae7
INFO  [16:52:11.284] [bbotk] Evaluating 1 configuration(s)
INFO  [16:52:12.021] [bbotk] Result of batch 6:
INFO  [16:52:12.023] [bbotk]  nrounds       eta max_depth classif.ce warnings errors runtime_learners
INFO  [16:52:12.023] [bbotk]      133 0.1839642         7  0.1191111        0      0            0.691
INFO  [16:52:12.023] [bbotk]                                 uhash
INFO  [16:52:12.023] [bbotk]  c11bb080-c5e4-4882-b305-76022bf8c9e1
INFO  [16:52:12.031] [bbotk] Evaluating 1 configuration(s)
INFO  [16:52:12.451] [bbotk] Result of batch 7:
INFO  [16:52:12.453] [bbotk]  nrounds        eta max_depth classif.ce warnings errors runtime_learners
INFO  [16:52:12.453] [bbotk]       54 0.08890212         8  0.1164444        0      0            0.387
INFO  [16:52:12.453] [bbotk]                                 uhash
INFO  [16:52:12.453] [bbotk]  e380cc95-f8a4-4ade-9e81-1806ba29a8dc
INFO  [16:52:12.462] [bbotk] Evaluating 1 configuration(s)
INFO  [16:52:13.319] [bbotk] Result of batch 8:
INFO  [16:52:13.320] [bbotk]  nrounds       eta max_depth classif.ce warnings errors runtime_learners
INFO  [16:52:13.320] [bbotk]      182 0.1355785         5  0.1226667        0      0            0.819
INFO  [16:52:13.320] [bbotk]                                 uhash
INFO  [16:52:13.320] [bbotk]  2c7df694-8205-4d40-9cd9-fb5985476fbe
INFO  [16:52:13.324] [bbotk] Evaluating 1 configuration(s)
INFO  [16:52:14.264] [bbotk] Result of batch 9:
INFO  [16:52:14.266] [bbotk]  nrounds       eta max_depth classif.ce warnings errors runtime_learners
INFO  [16:52:14.266] [bbotk]      173 0.1990051        10  0.1271111        0      0            0.903
INFO  [16:52:14.266] [bbotk]                                 uhash
INFO  [16:52:14.266] [bbotk]  aca077bc-37d7-4311-8a31-af20814a4450
INFO  [16:52:14.274] [bbotk] Evaluating 1 configuration(s)
INFO  [16:52:14.631] [bbotk] Result of batch 10:
INFO  [16:52:14.633] [bbotk]  nrounds       eta max_depth classif.ce warnings errors runtime_learners
INFO  [16:52:14.633] [bbotk]       84 0.1021368         4  0.1173333        0      0            0.313
INFO  [16:52:14.633] [bbotk]                                 uhash
INFO  [16:52:14.633] [bbotk]  fcf5e4df-2647-4db9-ad82-36a959738fcf
INFO  [16:52:14.650] [bbotk] Finished optimizing after 10 evaluation(s)
INFO  [16:52:14.650] [bbotk] Result:
INFO  [16:52:14.651] [bbotk]  nrounds        eta max_depth learner_param_vals  x_domain classif.ce
INFO  [16:52:14.651] [bbotk]    <int>      <num>     <int>             <list>    <list>      <num>
INFO  [16:52:14.651] [bbotk]      180 0.01143669         4          <list[5]> <list[3]>  0.1093333
INFO  [16:52:14.992] [bbotk] Starting to optimize 3 parameter(s) with '<OptimizerBatchRandomSearch>' and '<TerminatorEvals> [n_evals=10, k=0]'
INFO  [16:52:15.003] [bbotk] Evaluating 1 configuration(s)
INFO  [16:52:16.101] [bbotk] Result of batch 1:
INFO  [16:52:16.102] [bbotk]  nrounds        eta max_depth classif.ce warnings errors runtime_learners
INFO  [16:52:16.102] [bbotk]      300 0.04265629         4  0.1022222        0      0            1.056
INFO  [16:52:16.102] [bbotk]                                 uhash
INFO  [16:52:16.102] [bbotk]  4c24d6f1-441e-462f-b86f-c1ab89a15e69
INFO  [16:52:16.111] [bbotk] Evaluating 1 configuration(s)
INFO  [16:52:16.759] [bbotk] Result of batch 2:
INFO  [16:52:16.760] [bbotk]  nrounds       eta max_depth classif.ce warnings errors runtime_learners
INFO  [16:52:16.760] [bbotk]      117 0.2052093         9  0.1137778        0      0            0.603
INFO  [16:52:16.760] [bbotk]                                 uhash
INFO  [16:52:16.760] [bbotk]  f5b6c96b-e2f6-4a2d-9dd3-3e2beb1e28ef
INFO  [16:52:16.764] [bbotk] Evaluating 1 configuration(s)
INFO  [16:52:17.318] [bbotk] Result of batch 3:
INFO  [16:52:17.320] [bbotk]  nrounds        eta max_depth classif.ce warnings errors runtime_learners
INFO  [16:52:17.320] [bbotk]      282 0.09541269         2  0.1093333        0      0            0.502
INFO  [16:52:17.320] [bbotk]                                 uhash
INFO  [16:52:17.320] [bbotk]  755acf58-bffa-4ad7-bef3-16b1a0b2cc4f
INFO  [16:52:17.326] [bbotk] Evaluating 1 configuration(s)
INFO  [16:52:18.768] [bbotk] Result of batch 4:
INFO  [16:52:18.769] [bbotk]  nrounds        eta max_depth classif.ce warnings errors runtime_learners
INFO  [16:52:18.769] [bbotk]      287 0.06481858         6  0.1102222        0      0            1.408
INFO  [16:52:18.769] [bbotk]                                 uhash
INFO  [16:52:18.769] [bbotk]  714e06a1-c351-4305-976c-f6a7c1bfcbc3
INFO  [16:52:18.773] [bbotk] Evaluating 1 configuration(s)
INFO  [16:52:19.904] [bbotk] Result of batch 5:
INFO  [16:52:19.906] [bbotk]  nrounds       eta max_depth classif.ce warnings errors runtime_learners
INFO  [16:52:19.906] [bbotk]      280 0.2568987        10  0.1084444        0      0            1.089
INFO  [16:52:19.906] [bbotk]                                 uhash
INFO  [16:52:19.906] [bbotk]  bb87d0f3-e7cb-4d2e-be85-af2f60e78ff2
INFO  [16:52:19.915] [bbotk] Evaluating 1 configuration(s)
INFO  [16:52:20.447] [bbotk] Result of batch 6:
INFO  [16:52:20.449] [bbotk]  nrounds       eta max_depth classif.ce warnings errors runtime_learners
INFO  [16:52:20.449] [bbotk]       71 0.1501226        10  0.1066667        0      0            0.485
INFO  [16:52:20.449] [bbotk]                                 uhash
INFO  [16:52:20.449] [bbotk]  956b797e-39d3-49ed-8f1f-8ca72971f45b
INFO  [16:52:20.456] [bbotk] Evaluating 1 configuration(s)
INFO  [16:52:21.198] [bbotk] Result of batch 7:
INFO  [16:52:21.200] [bbotk]  nrounds       eta max_depth classif.ce warnings errors runtime_learners
INFO  [16:52:21.200] [bbotk]      168 0.2894309         6  0.1111111        0      0            0.702
INFO  [16:52:21.200] [bbotk]                                 uhash
INFO  [16:52:21.200] [bbotk]  372bef44-9634-462d-84f5-a31cd08d759e
INFO  [16:52:21.208] [bbotk] Evaluating 1 configuration(s)
INFO  [16:52:21.953] [bbotk] Result of batch 8:
INFO  [16:52:21.954] [bbotk]  nrounds       eta max_depth classif.ce warnings errors runtime_learners
INFO  [16:52:21.954] [bbotk]      255 0.1463655         3      0.104        0      0            0.701
INFO  [16:52:21.954] [bbotk]                                 uhash
INFO  [16:52:21.954] [bbotk]  43111abb-01f8-4a4c-9940-944bb382a415
INFO  [16:52:21.958] [bbotk] Evaluating 1 configuration(s)
INFO  [16:52:22.519] [bbotk] Result of batch 9:
INFO  [16:52:22.520] [bbotk]  nrounds       eta max_depth classif.ce warnings errors runtime_learners
INFO  [16:52:22.520] [bbotk]       70 0.1142294        10  0.1093333        0      0            0.524
INFO  [16:52:22.520] [bbotk]                                 uhash
INFO  [16:52:22.520] [bbotk]  d53cfff8-fab4-42ac-87a6-f57c0b3eb594
INFO  [16:52:22.524] [bbotk] Evaluating 1 configuration(s)
INFO  [16:52:23.290] [bbotk] Result of batch 10:
INFO  [16:52:23.291] [bbotk]  nrounds        eta max_depth classif.ce warnings errors runtime_learners
INFO  [16:52:23.291] [bbotk]      172 0.08090985         5  0.1102222        0      0            0.724
INFO  [16:52:23.291] [bbotk]                                 uhash
INFO  [16:52:23.291] [bbotk]  761df3d2-0876-4073-9c7a-3b66a40bc464
INFO  [16:52:23.300] [bbotk] Finished optimizing after 10 evaluation(s)
INFO  [16:52:23.301] [bbotk] Result:
INFO  [16:52:23.302] [bbotk]  nrounds        eta max_depth learner_param_vals  x_domain classif.ce
INFO  [16:52:23.302] [bbotk]    <int>      <num>     <int>             <list>    <list>      <num>
INFO  [16:52:23.302] [bbotk]      300 0.04265629         4          <list[5]> <list[3]>  0.1022222
INFO  [16:52:23.863] [bbotk] Starting to optimize 3 parameter(s) with '<OptimizerBatchRandomSearch>' and '<TerminatorEvals> [n_evals=10, k=0]'
INFO  [16:52:23.873] [bbotk] Evaluating 1 configuration(s)
INFO  [16:52:24.481] [bbotk] Result of batch 1:
INFO  [16:52:24.482] [bbotk]  nrounds       eta max_depth classif.ce warnings errors runtime_learners
INFO  [16:52:24.482] [bbotk]      145 0.2256305         5  0.1084444        0      0            0.571
INFO  [16:52:24.482] [bbotk]                                 uhash
INFO  [16:52:24.482] [bbotk]  b4ccfa14-a286-48b7-8e6d-3700133d5f29
INFO  [16:52:24.486] [bbotk] Evaluating 1 configuration(s)
INFO  [16:52:25.254] [bbotk] Result of batch 2:
INFO  [16:52:25.256] [bbotk]  nrounds       eta max_depth classif.ce warnings errors runtime_learners
INFO  [16:52:25.256] [bbotk]      164 0.2540777         7  0.1146667        0      0            0.729
INFO  [16:52:25.256] [bbotk]                                 uhash
INFO  [16:52:25.256] [bbotk]  8411337d-253a-4d7d-88e4-0ea34bd4d62b
INFO  [16:52:25.260] [bbotk] Evaluating 1 configuration(s)
INFO  [16:52:25.523] [bbotk] Result of batch 3:
INFO  [16:52:25.525] [bbotk]  nrounds        eta max_depth classif.ce warnings errors runtime_learners
INFO  [16:52:25.525] [bbotk]       52 0.03518059         5  0.1093333        0      0            0.224
INFO  [16:52:25.525] [bbotk]                                 uhash
INFO  [16:52:25.525] [bbotk]  6899dfe7-664d-4aa2-976d-f46b09effef6
INFO  [16:52:25.532] [bbotk] Evaluating 1 configuration(s)
INFO  [16:52:26.614] [bbotk] Result of batch 4:
INFO  [16:52:26.615] [bbotk]  nrounds        eta max_depth classif.ce warnings errors runtime_learners
INFO  [16:52:26.615] [bbotk]      155 0.02558232         8  0.1084444        0      0            1.044
INFO  [16:52:26.615] [bbotk]                                 uhash
INFO  [16:52:26.615] [bbotk]  d949f527-f32a-41c0-bdfd-b8218e551825
INFO  [16:52:26.619] [bbotk] Evaluating 1 configuration(s)
INFO  [16:52:27.402] [bbotk] Result of batch 5:
INFO  [16:52:27.403] [bbotk]  nrounds       eta max_depth classif.ce warnings errors runtime_learners
INFO  [16:52:27.403] [bbotk]      163 0.2699997        10  0.1111111        0      0            0.749
INFO  [16:52:27.403] [bbotk]                                 uhash
INFO  [16:52:27.403] [bbotk]  e4391008-2849-41f1-8e77-03d78d906735
INFO  [16:52:27.407] [bbotk] Evaluating 1 configuration(s)
INFO  [16:52:28.378] [bbotk] Result of batch 6:
INFO  [16:52:28.379] [bbotk]  nrounds       eta max_depth classif.ce warnings errors runtime_learners
INFO  [16:52:28.379] [bbotk]      266 0.1748195         5  0.1155556        0      0            0.943
INFO  [16:52:28.379] [bbotk]                                 uhash
INFO  [16:52:28.379] [bbotk]  04b23f48-692d-4d6f-99b1-5451a35b4664
INFO  [16:52:28.383] [bbotk] Evaluating 1 configuration(s)
INFO  [16:52:28.583] [bbotk] Result of batch 7:
INFO  [16:52:28.584] [bbotk]  nrounds      eta max_depth classif.ce warnings errors runtime_learners
INFO  [16:52:28.584] [bbotk]       50 0.241867         4  0.1137778        0      0             0.17
INFO  [16:52:28.584] [bbotk]                                 uhash
INFO  [16:52:28.584] [bbotk]  51c13342-809e-45e3-8197-fcdcab66f4f2
INFO  [16:52:28.588] [bbotk] Evaluating 1 configuration(s)
INFO  [16:52:29.894] [bbotk] Result of batch 8:
INFO  [16:52:29.896] [bbotk]  nrounds       eta max_depth classif.ce warnings errors runtime_learners
INFO  [16:52:29.896] [bbotk]      244 0.1523077         8  0.1128889        0      0            1.259
INFO  [16:52:29.896] [bbotk]                                 uhash
INFO  [16:52:29.896] [bbotk]  5f736751-f2ea-4810-a785-3826ccedd684
INFO  [16:52:29.902] [bbotk] Evaluating 1 configuration(s)
INFO  [16:52:30.935] [bbotk] Result of batch 9:
INFO  [16:52:30.936] [bbotk]  nrounds       eta max_depth classif.ce warnings errors runtime_learners
INFO  [16:52:30.936] [bbotk]      258 0.1816464         5  0.1128889        0      0            0.999
INFO  [16:52:30.936] [bbotk]                                 uhash
INFO  [16:52:30.936] [bbotk]  3a96ceb5-9957-49ce-bafc-576cf0660570
INFO  [16:52:30.940] [bbotk] Evaluating 1 configuration(s)
INFO  [16:52:31.744] [bbotk] Result of batch 10:
INFO  [16:52:31.745] [bbotk]  nrounds       eta max_depth classif.ce warnings errors runtime_learners
INFO  [16:52:31.745] [bbotk]      163 0.1879247         8  0.1093333        0      0            0.759
INFO  [16:52:31.745] [bbotk]                                 uhash
INFO  [16:52:31.745] [bbotk]  2d7c5ec0-6530-4cfe-9f18-c0759a6ca6ba
INFO  [16:52:31.764] [bbotk] Finished optimizing after 10 evaluation(s)
INFO  [16:52:31.764] [bbotk] Result:
INFO  [16:52:31.765] [bbotk]  nrounds       eta max_depth learner_param_vals  x_domain classif.ce
INFO  [16:52:31.765] [bbotk]    <int>     <num>     <int>             <list>    <list>      <num>
INFO  [16:52:31.765] [bbotk]      145 0.2256305         5          <list[5]> <list[3]>  0.1084444
INFO  [16:52:32.123] [bbotk] Starting to optimize 3 parameter(s) with '<OptimizerBatchRandomSearch>' and '<TerminatorEvals> [n_evals=10, k=0]'
INFO  [16:52:32.133] [bbotk] Evaluating 1 configuration(s)
INFO  [16:52:32.931] [bbotk] Result of batch 1:
INFO  [16:52:32.932] [bbotk]  nrounds       eta max_depth classif.ce warnings errors runtime_learners
INFO  [16:52:32.932] [bbotk]      156 0.2597456         7  0.1111111        0      0            0.758
INFO  [16:52:32.932] [bbotk]                                 uhash
INFO  [16:52:32.932] [bbotk]  19386fa4-4a45-4c4e-8779-f12de8e6fa97
INFO  [16:52:32.936] [bbotk] Evaluating 1 configuration(s)
INFO  [16:52:34.003] [bbotk] Result of batch 2:
INFO  [16:52:34.005] [bbotk]  nrounds       eta max_depth classif.ce warnings errors runtime_learners
INFO  [16:52:34.005] [bbotk]      237 0.1792234         5  0.1128889        0      0            1.024
INFO  [16:52:34.005] [bbotk]                                 uhash
INFO  [16:52:34.005] [bbotk]  0b88212b-b69e-4805-b45e-69f4b1adfa86
INFO  [16:52:34.009] [bbotk] Evaluating 1 configuration(s)
INFO  [16:52:34.543] [bbotk] Result of batch 3:
INFO  [16:52:34.546] [bbotk]  nrounds       eta max_depth classif.ce warnings errors runtime_learners
INFO  [16:52:34.546] [bbotk]      116 0.1778231         5  0.1128889        0      0            0.497
INFO  [16:52:34.546] [bbotk]                                 uhash
INFO  [16:52:34.546] [bbotk]  aec7d938-f301-4278-92e3-c781d78c4b0c
INFO  [16:52:34.550] [bbotk] Evaluating 1 configuration(s)
INFO  [16:52:35.585] [bbotk] Result of batch 4:
INFO  [16:52:35.585] [bbotk]  nrounds      eta max_depth classif.ce warnings errors runtime_learners
INFO  [16:52:35.585] [bbotk]      198 0.162121         8  0.1102222        0      0            0.991
INFO  [16:52:35.585] [bbotk]                                 uhash
INFO  [16:52:35.585] [bbotk]  f094f10f-9d29-44fb-aaf5-cfbc84230299
INFO  [16:52:35.590] [bbotk] Evaluating 1 configuration(s)
INFO  [16:52:36.051] [bbotk] Result of batch 5:
INFO  [16:52:36.052] [bbotk]  nrounds       eta max_depth classif.ce warnings errors runtime_learners
INFO  [16:52:36.052] [bbotk]      120 0.2880067         4  0.1111111        0      0            0.414
INFO  [16:52:36.052] [bbotk]                                 uhash
INFO  [16:52:36.052] [bbotk]  42475ab4-5454-4b2d-8e96-6a5e49812056
INFO  [16:52:36.059] [bbotk] Evaluating 1 configuration(s)
INFO  [16:52:36.420] [bbotk] Result of batch 6:
INFO  [16:52:36.421] [bbotk]  nrounds        eta max_depth classif.ce warnings errors runtime_learners
INFO  [16:52:36.421] [bbotk]      164 0.03814508         2  0.1048889        0      0            0.316
INFO  [16:52:36.421] [bbotk]                                 uhash
INFO  [16:52:36.421] [bbotk]  a5f0dbaf-669e-49af-a453-e8a0e8704b25
INFO  [16:52:36.425] [bbotk] Evaluating 1 configuration(s)
INFO  [16:52:36.807] [bbotk] Result of batch 7:
INFO  [16:52:36.809] [bbotk]  nrounds       eta max_depth classif.ce warnings errors runtime_learners
INFO  [16:52:36.809] [bbotk]      175 0.1340642         2      0.112        0      0            0.341
INFO  [16:52:36.809] [bbotk]                                 uhash
INFO  [16:52:36.809] [bbotk]  590786a3-65c3-4a59-b08f-233a8e3c8a29
INFO  [16:52:36.819] [bbotk] Evaluating 1 configuration(s)
INFO  [16:52:37.414] [bbotk] Result of batch 8:
INFO  [16:52:37.415] [bbotk]  nrounds        eta max_depth classif.ce warnings errors runtime_learners
INFO  [16:52:37.415] [bbotk]      294 0.01851538         2      0.104        0      0            0.533
INFO  [16:52:37.415] [bbotk]                                 uhash
INFO  [16:52:37.415] [bbotk]  b9e5eaa9-9e34-46c8-9986-8d3ceda3b3ef
INFO  [16:52:37.419] [bbotk] Evaluating 1 configuration(s)
INFO  [16:52:38.490] [bbotk] Result of batch 9:
INFO  [16:52:38.491] [bbotk]  nrounds       eta max_depth classif.ce warnings errors runtime_learners
INFO  [16:52:38.491] [bbotk]      230 0.1710695         9  0.1075556        0      0            1.045
INFO  [16:52:38.491] [bbotk]                                 uhash
INFO  [16:52:38.491] [bbotk]  2c01fd1c-d0b0-4f74-8188-493e4bb9ecbe
INFO  [16:52:38.494] [bbotk] Evaluating 1 configuration(s)
INFO  [16:52:39.110] [bbotk] Result of batch 10:
INFO  [16:52:39.113] [bbotk]  nrounds       eta max_depth classif.ce warnings errors runtime_learners
INFO  [16:52:39.113] [bbotk]      150 0.2848061         7  0.1111111        0      0            0.579
INFO  [16:52:39.113] [bbotk]                                 uhash
INFO  [16:52:39.113] [bbotk]  17c1ca49-bc76-4f26-9542-8024689f89b8
INFO  [16:52:39.133] [bbotk] Finished optimizing after 10 evaluation(s)
INFO  [16:52:39.133] [bbotk] Result:
INFO  [16:52:39.135] [bbotk]  nrounds        eta max_depth learner_param_vals  x_domain classif.ce
INFO  [16:52:39.135] [bbotk]    <int>      <num>     <int>             <list>    <list>      <num>
INFO  [16:52:39.135] [bbotk]      294 0.01851538         2          <list[5]> <list[3]>      0.104

### [bt]: Job terminated successfully [batchtools job.id=1472]
### [bt]: Starting job [batchtools job.id=1473]
### [bt]: Generating problem instance for problem '78e20b4b43a56ff6' ...
### [bt]: Applying algorithm 'run_learner' on problem '78e20b4b43a56ff6' for job 1473 (seed = 1474) ...
INFO  [16:52:39.598] [mlr3] Applying learner 'classif.xgboost.tuned_calib.perfold_platt' on task 'pc3' (iter 3/10)
INFO  [16:52:39.649] [bbotk] Starting to optimize 3 parameter(s) with '<OptimizerBatchRandomSearch>' and '<TerminatorEvals> [n_evals=10, k=0]'
INFO  [16:52:39.676] [bbotk] Evaluating 1 configuration(s)
INFO  [16:52:40.207] [bbotk] Result of batch 1:
INFO  [16:52:40.209] [bbotk]  nrounds       eta max_depth classif.ce warnings errors runtime_learners
INFO  [16:52:40.209] [bbotk]      233 0.1922889         2  0.1085419        0      0            0.477
INFO  [16:52:40.209] [bbotk]                                 uhash
INFO  [16:52:40.209] [bbotk]  55a31115-a315-4a04-94f8-b66d6660de88
INFO  [16:52:40.214] [bbotk] Evaluating 1 configuration(s)
INFO  [16:52:41.264] [bbotk] Result of batch 2:
INFO  [16:52:41.266] [bbotk]  nrounds       eta max_depth classif.ce warnings errors runtime_learners
INFO  [16:52:41.266] [bbotk]      290 0.2446835         4  0.1014213        0      0            1.009
INFO  [16:52:41.266] [bbotk]                                 uhash
INFO  [16:52:41.266] [bbotk]  cf4cfb60-a8e2-481c-bf8b-9f53f5849ef0
INFO  [16:52:41.277] [bbotk] Evaluating 1 configuration(s)
INFO  [16:52:41.799] [bbotk] Result of batch 3:
INFO  [16:52:41.800] [bbotk]  nrounds       eta max_depth classif.ce warnings errors runtime_learners
INFO  [16:52:41.800] [bbotk]      232 0.1851675         2  0.1040927        0      0            0.454
INFO  [16:52:41.800] [bbotk]                                 uhash
INFO  [16:52:41.800] [bbotk]  d4ec9629-ed4c-4935-bfdc-7036143c9342
INFO  [16:52:41.806] [bbotk] Evaluating 1 configuration(s)
INFO  [16:52:42.006] [bbotk] Result of batch 4:
INFO  [16:52:42.007] [bbotk]  nrounds       eta max_depth classif.ce warnings errors runtime_learners
INFO  [16:52:42.007] [bbotk]       62 0.1782396         3  0.1005253        0      0            0.157
INFO  [16:52:42.007] [bbotk]                                 uhash
INFO  [16:52:42.007] [bbotk]  5d7a5590-bc21-42a1-a692-2de946befece
INFO  [16:52:42.011] [bbotk] Evaluating 1 configuration(s)
INFO  [16:52:43.241] [bbotk] Result of batch 5:
INFO  [16:52:43.247] [bbotk]  nrounds       eta max_depth classif.ce warnings errors runtime_learners
INFO  [16:52:43.247] [bbotk]      223 0.1109866         7  0.1040856        0      0            1.185
INFO  [16:52:43.247] [bbotk]                                 uhash
INFO  [16:52:43.247] [bbotk]  c16822b5-090e-4a24-91c8-40a74e01c011
INFO  [16:52:43.256] [bbotk] Evaluating 1 configuration(s)
INFO  [16:52:44.531] [bbotk] Result of batch 6:
INFO  [16:52:44.532] [bbotk]  nrounds       eta max_depth classif.ce warnings errors runtime_learners
INFO  [16:52:44.532] [bbotk]      213 0.1023641         8  0.1014189        0      0            1.164
INFO  [16:52:44.532] [bbotk]                                 uhash
INFO  [16:52:44.532] [bbotk]  f69dc653-0edc-4fcf-9a3e-967ade58b291
INFO  [16:52:44.543] [bbotk] Evaluating 1 configuration(s)
INFO  [16:52:45.640] [bbotk] Result of batch 7:
INFO  [16:52:45.641] [bbotk]  nrounds       eta max_depth classif.ce warnings errors runtime_learners
INFO  [16:52:45.641] [bbotk]      203 0.0181368         6 0.09696732        0      0            1.065
INFO  [16:52:45.641] [bbotk]                                 uhash
INFO  [16:52:45.641] [bbotk]  ed6cd679-a075-40f7-8dc3-7bce15ed972c
INFO  [16:52:45.645] [bbotk] Evaluating 1 configuration(s)
INFO  [16:52:46.625] [bbotk] Result of batch 8:
INFO  [16:52:46.626] [bbotk]  nrounds       eta max_depth classif.ce warnings errors runtime_learners
INFO  [16:52:46.626] [bbotk]      203 0.2336075        10  0.1049745        0      0            0.937
INFO  [16:52:46.626] [bbotk]                                 uhash
INFO  [16:52:46.626] [bbotk]  b6afb85b-3b24-4027-b545-a96863b854ac
INFO  [16:52:46.634] [bbotk] Evaluating 1 configuration(s)
INFO  [16:52:47.429] [bbotk] Result of batch 9:
INFO  [16:52:47.430] [bbotk]  nrounds      eta max_depth classif.ce warnings errors runtime_learners
INFO  [16:52:47.430] [bbotk]      228 0.156091         4  0.1023078        0      0            0.754
INFO  [16:52:47.430] [bbotk]                                 uhash
INFO  [16:52:47.430] [bbotk]  42bcd68f-4223-47df-8a54-81225746021a
INFO  [16:52:47.434] [bbotk] Evaluating 1 configuration(s)
INFO  [16:52:48.013] [bbotk] Result of batch 10:
INFO  [16:52:48.015] [bbotk]  nrounds        eta max_depth classif.ce warnings errors runtime_learners
INFO  [16:52:48.015] [bbotk]      212 0.09686547         3  0.1058657        0      0            0.524
INFO  [16:52:48.015] [bbotk]                                 uhash
INFO  [16:52:48.015] [bbotk]  7040e1da-6313-48a3-a6b6-eda2a0e32202
INFO  [16:52:48.028] [bbotk] Finished optimizing after 10 evaluation(s)
INFO  [16:52:48.029] [bbotk] Result:
INFO  [16:52:48.030] [bbotk]  nrounds       eta max_depth learner_param_vals  x_domain classif.ce
INFO  [16:52:48.030] [bbotk]    <int>     <num>     <int>             <list>    <list>      <num>
INFO  [16:52:48.030] [bbotk]      203 0.0181368         6          <list[5]> <list[3]> 0.09696732
INFO  [16:52:48.588] [bbotk] Starting to optimize 3 parameter(s) with '<OptimizerBatchRandomSearch>' and '<TerminatorEvals> [n_evals=10, k=0]'
INFO  [16:52:48.603] [bbotk] Evaluating 1 configuration(s)
INFO  [16:52:49.057] [bbotk] Result of batch 1:
INFO  [16:52:49.059] [bbotk]  nrounds       eta max_depth classif.ce warnings errors runtime_learners
INFO  [16:52:49.059] [bbotk]      246 0.2483108         2  0.1191111        0      0            0.411
INFO  [16:52:49.059] [bbotk]                                 uhash
INFO  [16:52:49.059] [bbotk]  d5740644-3b47-423d-9a5e-f0cd0b249359
INFO  [16:52:49.068] [bbotk] Evaluating 1 configuration(s)
INFO  [16:52:49.936] [bbotk] Result of batch 2:
INFO  [16:52:49.938] [bbotk]  nrounds       eta max_depth classif.ce warnings errors runtime_learners
INFO  [16:52:49.938] [bbotk]      150 0.1481151         7  0.1102222        0      0            0.828
INFO  [16:52:49.938] [bbotk]                                 uhash
INFO  [16:52:49.938] [bbotk]  c71ee87b-944c-439f-b233-56257dac052e
INFO  [16:52:49.941] [bbotk] Evaluating 1 configuration(s)
INFO  [16:52:50.779] [bbotk] Result of batch 3:
INFO  [16:52:50.781] [bbotk]  nrounds        eta max_depth classif.ce warnings errors runtime_learners
INFO  [16:52:50.781] [bbotk]      226 0.05556789         4  0.1075556        0      0            0.792
INFO  [16:52:50.781] [bbotk]                                 uhash
INFO  [16:52:50.781] [bbotk]  88bd71fe-ab99-4580-96ad-fdf7a09a003f
INFO  [16:52:50.786] [bbotk] Evaluating 1 configuration(s)
INFO  [16:52:51.412] [bbotk] Result of batch 4:
INFO  [16:52:51.414] [bbotk]  nrounds        eta max_depth classif.ce warnings errors runtime_learners
INFO  [16:52:51.414] [bbotk]      136 0.03274953         5  0.1084444        0      0            0.582
INFO  [16:52:51.414] [bbotk]                                 uhash
INFO  [16:52:51.414] [bbotk]  e404d55d-aa6c-4ecc-95dc-d716a9bc46a0
INFO  [16:52:51.422] [bbotk] Evaluating 1 configuration(s)
INFO  [16:52:52.566] [bbotk] Result of batch 5:
INFO  [16:52:52.567] [bbotk]  nrounds        eta max_depth classif.ce warnings errors runtime_learners
INFO  [16:52:52.567] [bbotk]      165 0.01518881         9  0.1164444        0      0            1.106
INFO  [16:52:52.567] [bbotk]                                 uhash
INFO  [16:52:52.567] [bbotk]  833fd4cb-3eae-4893-b024-0155ca9aebf3
INFO  [16:52:52.571] [bbotk] Evaluating 1 configuration(s)
INFO  [16:52:52.780] [bbotk] Result of batch 6:
INFO  [16:52:52.781] [bbotk]  nrounds       eta max_depth classif.ce warnings errors runtime_learners
INFO  [16:52:52.781] [bbotk]       51 0.2770257         4  0.1102222        0      0            0.171
INFO  [16:52:52.781] [bbotk]                                 uhash
INFO  [16:52:52.781] [bbotk]  b5e8aaff-dc34-44bf-ac38-a0267511b4f9
INFO  [16:52:52.785] [bbotk] Evaluating 1 configuration(s)
INFO  [16:52:53.335] [bbotk] Result of batch 7:
INFO  [16:52:53.337] [bbotk]  nrounds       eta max_depth classif.ce warnings errors runtime_learners
INFO  [16:52:53.337] [bbotk]      280 0.1146283         2      0.112        0      0            0.515
INFO  [16:52:53.337] [bbotk]                                 uhash
INFO  [16:52:53.337] [bbotk]  7de69fd9-e9ef-4474-be03-ef002341afcc
INFO  [16:52:53.342] [bbotk] Evaluating 1 configuration(s)
INFO  [16:52:53.837] [bbotk] Result of batch 8:
INFO  [16:52:53.838] [bbotk]  nrounds        eta max_depth classif.ce warnings errors runtime_learners
INFO  [16:52:53.838] [bbotk]      281 0.05344403         2  0.1093333        0      0            0.447
INFO  [16:52:53.838] [bbotk]                                 uhash
INFO  [16:52:53.838] [bbotk]  588f95dc-879d-4257-9985-d36d918eb752
INFO  [16:52:53.843] [bbotk] Evaluating 1 configuration(s)
INFO  [16:52:54.998] [bbotk] Result of batch 9:
INFO  [16:52:55.000] [bbotk]  nrounds       eta max_depth classif.ce warnings errors runtime_learners
INFO  [16:52:55.000] [bbotk]      244 0.1275397         6  0.1128889        0      0            1.109
INFO  [16:52:55.000] [bbotk]                                 uhash
INFO  [16:52:55.000] [bbotk]  2f339796-6ed2-4277-aaa0-79ded95de6a9
INFO  [16:52:55.004] [bbotk] Evaluating 1 configuration(s)
INFO  [16:52:55.417] [bbotk] Result of batch 10:
INFO  [16:52:55.418] [bbotk]  nrounds        eta max_depth classif.ce warnings errors runtime_learners
INFO  [16:52:55.418] [bbotk]      195 0.02988791         2      0.104        0      0            0.362
INFO  [16:52:55.418] [bbotk]                                 uhash
INFO  [16:52:55.418] [bbotk]  492442bd-9d9e-4619-bd0f-1a127e1a806a
INFO  [16:52:55.426] [bbotk] Finished optimizing after 10 evaluation(s)
INFO  [16:52:55.426] [bbotk] Result:
INFO  [16:52:55.427] [bbotk]  nrounds        eta max_depth learner_param_vals  x_domain classif.ce
INFO  [16:52:55.427] [bbotk]    <int>      <num>     <int>             <list>    <list>      <num>
INFO  [16:52:55.427] [bbotk]      195 0.02988791         2          <list[5]> <list[3]>      0.104
INFO  [16:52:55.620] [bbotk] Starting to optimize 3 parameter(s) with '<OptimizerBatchRandomSearch>' and '<TerminatorEvals> [n_evals=10, k=0]'
INFO  [16:52:55.630] [bbotk] Evaluating 1 configuration(s)
INFO  [16:52:57.376] [bbotk] Result of batch 1:
INFO  [16:52:57.378] [bbotk]  nrounds       eta max_depth classif.ce warnings errors runtime_learners
INFO  [16:52:57.378] [bbotk]      265 0.0561207         8  0.1173333        0      0            1.713
INFO  [16:52:57.378] [bbotk]                                 uhash
INFO  [16:52:57.378] [bbotk]  06584ea6-51ca-4bcb-a335-9126a9785edc
INFO  [16:52:57.385] [bbotk] Evaluating 1 configuration(s)
INFO  [16:52:58.220] [bbotk] Result of batch 2:
INFO  [16:52:58.221] [bbotk]  nrounds      eta max_depth classif.ce warnings errors runtime_learners
INFO  [16:52:58.221] [bbotk]      171 0.229632         7      0.112        0      0              0.8
INFO  [16:52:58.221] [bbotk]                                 uhash
INFO  [16:52:58.221] [bbotk]  42d72cb8-e450-444f-95a0-cabd20c23a2f
INFO  [16:52:58.224] [bbotk] Evaluating 1 configuration(s)
INFO  [16:52:58.957] [bbotk] Result of batch 3:
INFO  [16:52:58.958] [bbotk]  nrounds       eta max_depth classif.ce warnings errors runtime_learners
INFO  [16:52:58.958] [bbotk]      134 0.2218669         8       0.12        0      0            0.673
INFO  [16:52:58.958] [bbotk]                                 uhash
INFO  [16:52:58.958] [bbotk]  91f7b239-d47c-43a0-831e-93dd8f2efecc
INFO  [16:52:58.961] [bbotk] Evaluating 1 configuration(s)
INFO  [16:52:59.316] [bbotk] Result of batch 4:
INFO  [16:52:59.318] [bbotk]  nrounds       eta max_depth classif.ce warnings errors runtime_learners
INFO  [16:52:59.318] [bbotk]       86 0.2238744         4  0.1173333        0      0            0.303
INFO  [16:52:59.318] [bbotk]                                 uhash
INFO  [16:52:59.318] [bbotk]  df9ab3ad-b587-43f0-9a2c-61c6cd7a6726
INFO  [16:52:59.327] [bbotk] Evaluating 1 configuration(s)
INFO  [16:53:00.212] [bbotk] Result of batch 5:
INFO  [16:53:00.214] [bbotk]  nrounds       eta max_depth classif.ce warnings errors runtime_learners
INFO  [16:53:00.214] [bbotk]      190 0.1859133         6  0.1164444        0      0            0.835
INFO  [16:53:00.214] [bbotk]                                 uhash
INFO  [16:53:00.214] [bbotk]  a7070278-9c94-4390-b738-63c623c7dabc
INFO  [16:53:00.231] [bbotk] Evaluating 1 configuration(s)
INFO  [16:53:00.582] [bbotk] Result of batch 6:
INFO  [16:53:00.584] [bbotk]  nrounds      eta max_depth classif.ce warnings errors runtime_learners
INFO  [16:53:00.584] [bbotk]       68 0.269114         5      0.112        0      0             0.31
INFO  [16:53:00.584] [bbotk]                                 uhash
INFO  [16:53:00.584] [bbotk]  8a5d4bfd-1907-438c-88a4-4e4ccedf5287
INFO  [16:53:00.593] [bbotk] Evaluating 1 configuration(s)
INFO  [16:53:01.801] [bbotk] Result of batch 7:
INFO  [16:53:01.803] [bbotk]  nrounds       eta max_depth classif.ce warnings errors runtime_learners
INFO  [16:53:01.803] [bbotk]      293 0.2119898         6  0.1235556        0      0            1.162
INFO  [16:53:01.803] [bbotk]                                 uhash
INFO  [16:53:01.803] [bbotk]  92e7b635-ca0e-4c72-a7fa-9a4fb6aeaca7
INFO  [16:53:01.813] [bbotk] Evaluating 1 configuration(s)
INFO  [16:53:02.908] [bbotk] Result of batch 8:
INFO  [16:53:02.909] [bbotk]  nrounds      eta max_depth classif.ce warnings errors runtime_learners
INFO  [16:53:02.909] [bbotk]      249 0.222851         8  0.1164444        0      0            1.056
INFO  [16:53:02.909] [bbotk]                                 uhash
INFO  [16:53:02.909] [bbotk]  ca9a5b32-33c7-472e-b2f6-5b5839434540
INFO  [16:53:02.914] [bbotk] Evaluating 1 configuration(s)
INFO  [16:53:04.075] [bbotk] Result of batch 9:
INFO  [16:53:04.076] [bbotk]  nrounds       eta max_depth classif.ce warnings errors runtime_learners
INFO  [16:53:04.076] [bbotk]      277 0.0835169         5  0.1155556        0      0            1.128
INFO  [16:53:04.076] [bbotk]                                 uhash
INFO  [16:53:04.076] [bbotk]  015674b7-a036-4c16-97af-84d044315f7e
INFO  [16:53:04.080] [bbotk] Evaluating 1 configuration(s)
INFO  [16:53:04.814] [bbotk] Result of batch 10:
INFO  [16:53:04.816] [bbotk]  nrounds        eta max_depth classif.ce warnings errors runtime_learners
INFO  [16:53:04.816] [bbotk]      101 0.05404807        10  0.1093333        0      0            0.694
INFO  [16:53:04.816] [bbotk]                                 uhash
INFO  [16:53:04.816] [bbotk]  815d0739-1313-42ff-b622-267a2c81aa0f
INFO  [16:53:04.833] [bbotk] Finished optimizing after 10 evaluation(s)
INFO  [16:53:04.833] [bbotk] Result:
INFO  [16:53:04.834] [bbotk]  nrounds        eta max_depth learner_param_vals  x_domain classif.ce
INFO  [16:53:04.834] [bbotk]    <int>      <num>     <int>             <list>    <list>      <num>
INFO  [16:53:04.834] [bbotk]      101 0.05404807        10          <list[5]> <list[3]>  0.1093333
INFO  [16:53:05.226] [bbotk] Starting to optimize 3 parameter(s) with '<OptimizerBatchRandomSearch>' and '<TerminatorEvals> [n_evals=10, k=0]'
INFO  [16:53:05.241] [bbotk] Evaluating 1 configuration(s)
INFO  [16:53:06.824] [bbotk] Result of batch 1:
INFO  [16:53:06.825] [bbotk]  nrounds       eta max_depth classif.ce warnings errors runtime_learners
INFO  [16:53:06.825] [bbotk]      290 0.1063621         7  0.1146667        0      0            1.538
INFO  [16:53:06.825] [bbotk]                                 uhash
INFO  [16:53:06.825] [bbotk]  46f0b513-41b4-4a1e-9b2e-57f243dc0d39
INFO  [16:53:06.829] [bbotk] Evaluating 1 configuration(s)
INFO  [16:53:07.715] [bbotk] Result of batch 2:
INFO  [16:53:07.724] [bbotk]  nrounds       eta max_depth classif.ce warnings errors runtime_learners
INFO  [16:53:07.724] [bbotk]      243 0.1963542         4  0.1155556        0      0            0.844
INFO  [16:53:07.724] [bbotk]                                 uhash
INFO  [16:53:07.724] [bbotk]  337bbe56-ac62-46d4-819d-c028a84d934c
INFO  [16:53:07.739] [bbotk] Evaluating 1 configuration(s)
INFO  [16:53:08.845] [bbotk] Result of batch 3:
INFO  [16:53:08.846] [bbotk]  nrounds        eta max_depth classif.ce warnings errors runtime_learners
INFO  [16:53:08.846] [bbotk]      160 0.06187097         7  0.1155556        0      0             1.06
INFO  [16:53:08.846] [bbotk]                                 uhash
INFO  [16:53:08.846] [bbotk]  1e58bca6-918c-45ec-8900-4144c5e78689
INFO  [16:53:08.850] [bbotk] Evaluating 1 configuration(s)
INFO  [16:53:10.459] [bbotk] Result of batch 4:
INFO  [16:53:10.461] [bbotk]  nrounds       eta max_depth classif.ce warnings errors runtime_learners
INFO  [16:53:10.461] [bbotk]      227 0.0520935         9  0.1208889        0      0            1.572
INFO  [16:53:10.461] [bbotk]                                 uhash
INFO  [16:53:10.461] [bbotk]  a5671674-1d71-45c4-9669-3dad0c48d047
INFO  [16:53:10.474] [bbotk] Evaluating 1 configuration(s)
INFO  [16:53:11.741] [bbotk] Result of batch 5:
INFO  [16:53:11.742] [bbotk]  nrounds        eta max_depth classif.ce warnings errors runtime_learners
INFO  [16:53:11.742] [bbotk]      287 0.04556377         5  0.1191111        0      0            1.233
INFO  [16:53:11.742] [bbotk]                                 uhash
INFO  [16:53:11.742] [bbotk]  e9f3bdba-44c9-49fa-bb23-c88689e2fedf
INFO  [16:53:11.751] [bbotk] Evaluating 1 configuration(s)
INFO  [16:53:12.808] [bbotk] Result of batch 6:
INFO  [16:53:12.809] [bbotk]  nrounds        eta max_depth classif.ce warnings errors runtime_learners
INFO  [16:53:12.809] [bbotk]      291 0.01307774         4  0.1155556        0      0            1.012
INFO  [16:53:12.809] [bbotk]                                 uhash
INFO  [16:53:12.809] [bbotk]  80ff14eb-22ee-4941-8bf8-71ce59e1a9f9
INFO  [16:53:12.814] [bbotk] Evaluating 1 configuration(s)
INFO  [16:55:52.222] [bbotk] Result of batch 7:
INFO  [16:55:52.225] [bbotk]  nrounds        eta max_depth classif.ce warnings errors runtime_learners
INFO  [16:55:52.225] [bbotk]      257 0.05210998         4       0.12        0      0          159.348
INFO  [16:55:52.225] [bbotk]                                 uhash
INFO  [16:55:52.225] [bbotk]  13b40fad-753a-4ac9-bad7-2cd826d9006a
INFO  [16:55:52.262] [bbotk] Evaluating 1 configuration(s)
INFO  [16:55:52.938] [bbotk] Result of batch 8:
INFO  [16:55:52.939] [bbotk]  nrounds        eta max_depth classif.ce warnings errors runtime_learners
INFO  [16:55:52.939] [bbotk]      299 0.09945488         2  0.1128889        0      0             0.63
INFO  [16:55:52.939] [bbotk]                                 uhash
INFO  [16:55:52.939] [bbotk]  0d824a7d-dfb9-4725-a4bc-725bd9d84163
INFO  [16:55:52.943] [bbotk] Evaluating 1 configuration(s)
INFO  [16:55:53.892] [bbotk] Result of batch 9:
INFO  [16:55:53.895] [bbotk]  nrounds       eta max_depth classif.ce warnings errors runtime_learners
INFO  [16:55:53.895] [bbotk]      192 0.0122954         5  0.1155556        0      0            0.897
INFO  [16:55:53.895] [bbotk]                                 uhash
INFO  [16:55:53.895] [bbotk]  17bef089-58b5-415c-a158-6d9aa9adf673
INFO  [16:55:53.901] [bbotk] Evaluating 1 configuration(s)
INFO  [16:55:54.608] [bbotk] Result of batch 10:
INFO  [16:55:54.610] [bbotk]  nrounds       eta max_depth classif.ce warnings errors runtime_learners
INFO  [16:55:54.610] [bbotk]      133 0.2096524         5       0.12        0      0            0.658
INFO  [16:55:54.610] [bbotk]                                 uhash
INFO  [16:55:54.610] [bbotk]  b48748bd-62cc-4573-947e-d8b5923fc7df
INFO  [16:55:54.627] [bbotk] Finished optimizing after 10 evaluation(s)
INFO  [16:55:54.631] [bbotk] Result:
INFO  [16:55:54.632] [bbotk]  nrounds        eta max_depth learner_param_vals  x_domain classif.ce
INFO  [16:55:54.632] [bbotk]    <int>      <num>     <int>             <list>    <list>      <num>
INFO  [16:55:54.632] [bbotk]      299 0.09945488         2          <list[5]> <list[3]>  0.1128889
INFO  [16:55:54.943] [bbotk] Starting to optimize 3 parameter(s) with '<OptimizerBatchRandomSearch>' and '<TerminatorEvals> [n_evals=10, k=0]'
INFO  [16:55:54.964] [bbotk] Evaluating 1 configuration(s)
INFO  [16:55:56.308] [bbotk] Result of batch 1:
INFO  [16:55:56.310] [bbotk]  nrounds       eta max_depth classif.ce warnings errors runtime_learners
INFO  [16:55:56.310] [bbotk]      216 0.1391409         9      0.128        0      0            1.294
INFO  [16:55:56.310] [bbotk]                                 uhash
INFO  [16:55:56.310] [bbotk]  fe93a0d2-6e1a-4db8-8a98-7ce232eb3932
INFO  [16:55:56.316] [bbotk] Evaluating 1 configuration(s)
INFO  [16:55:57.520] [bbotk] Result of batch 2:
INFO  [16:55:57.521] [bbotk]  nrounds       eta max_depth classif.ce warnings errors runtime_learners
INFO  [16:55:57.521] [bbotk]      262 0.2222786         6      0.136        0      0            1.164
INFO  [16:55:57.521] [bbotk]                                 uhash
INFO  [16:55:57.521] [bbotk]  92dba49b-b14a-49bf-92d0-7e081757e5f2
INFO  [16:55:57.528] [bbotk] Evaluating 1 configuration(s)
INFO  [16:55:58.630] [bbotk] Result of batch 3:
INFO  [16:55:58.631] [bbotk]  nrounds       eta max_depth classif.ce warnings errors runtime_learners
INFO  [16:55:58.631] [bbotk]      193 0.1709432         9  0.1404444        0      0            1.055
INFO  [16:55:58.631] [bbotk]                                 uhash
INFO  [16:55:58.631] [bbotk]  9b80513f-e730-4753-8507-539488b28c77
INFO  [16:55:58.635] [bbotk] Evaluating 1 configuration(s)
INFO  [16:55:59.575] [bbotk] Result of batch 4:
INFO  [16:55:59.577] [bbotk]  nrounds       eta max_depth classif.ce warnings errors runtime_learners
INFO  [16:55:59.577] [bbotk]      160 0.1530742         7  0.1297778        0      0             0.89
INFO  [16:55:59.577] [bbotk]                                 uhash
INFO  [16:55:59.577] [bbotk]  59d4d9ce-09c7-4819-9f67-1d670ce5042f
INFO  [16:55:59.588] [bbotk] Evaluating 1 configuration(s)
INFO  [16:56:01.251] [bbotk] Result of batch 5:
INFO  [16:56:01.252] [bbotk]  nrounds       eta max_depth classif.ce warnings errors runtime_learners
INFO  [16:56:01.252] [bbotk]      215 0.0316489        10  0.1235556        0      0            1.609
INFO  [16:56:01.252] [bbotk]                                 uhash
INFO  [16:56:01.252] [bbotk]  e046c4b9-b905-4369-a07b-d40a69490d66
INFO  [16:56:01.256] [bbotk] Evaluating 1 configuration(s)
INFO  [16:56:02.508] [bbotk] Result of batch 6:
INFO  [16:56:02.509] [bbotk]  nrounds       eta max_depth classif.ce warnings errors runtime_learners
INFO  [16:56:02.509] [bbotk]      230 0.0751489         7  0.1306667        0      0            1.209
INFO  [16:56:02.509] [bbotk]                                 uhash
INFO  [16:56:02.509] [bbotk]  96a1bde8-c1f4-4460-a032-06ccde73b573
INFO  [16:56:02.513] [bbotk] Evaluating 1 configuration(s)
INFO  [16:56:02.998] [bbotk] Result of batch 7:
INFO  [16:56:02.999] [bbotk]  nrounds       eta max_depth classif.ce warnings errors runtime_learners
INFO  [16:56:02.999] [bbotk]       88 0.2293097         7  0.1271111        0      0            0.452
INFO  [16:56:02.999] [bbotk]                                 uhash
INFO  [16:56:02.999] [bbotk]  df8e67bd-bd6b-4c53-8509-e2eae048795b
INFO  [16:56:03.003] [bbotk] Evaluating 1 configuration(s)
INFO  [16:56:03.894] [bbotk] Result of batch 8:
INFO  [16:56:03.895] [bbotk]  nrounds       eta max_depth classif.ce warnings errors runtime_learners
INFO  [16:56:03.895] [bbotk]      178 0.1594626         6  0.1315556        0      0             0.85
INFO  [16:56:03.895] [bbotk]                                 uhash
INFO  [16:56:03.895] [bbotk]  3d22d88e-8ac2-48ff-ad04-177b5ff76426
INFO  [16:56:03.902] [bbotk] Evaluating 1 configuration(s)
INFO  [16:56:04.493] [bbotk] Result of batch 9:
INFO  [16:56:04.494] [bbotk]  nrounds       eta max_depth classif.ce warnings errors runtime_learners
INFO  [16:56:04.494] [bbotk]      101 0.1786142         7  0.1271111        0      0            0.554
INFO  [16:56:04.494] [bbotk]                                 uhash
INFO  [16:56:04.494] [bbotk]  73d96164-04c6-4623-9d06-177ca7e28d2f
INFO  [16:56:04.497] [bbotk] Evaluating 1 configuration(s)
INFO  [16:56:04.906] [bbotk] Result of batch 10:
INFO  [16:56:04.907] [bbotk]  nrounds      eta max_depth classif.ce warnings errors runtime_learners
INFO  [16:56:04.907] [bbotk]       63 0.265746         8  0.1324444        0      0            0.376
INFO  [16:56:04.907] [bbotk]                                 uhash
INFO  [16:56:04.907] [bbotk]  0d7a72b7-657d-4438-b47b-2133b2de8ec2
INFO  [16:56:04.922] [bbotk] Finished optimizing after 10 evaluation(s)
INFO  [16:56:04.922] [bbotk] Result:
INFO  [16:56:04.923] [bbotk]  nrounds       eta max_depth learner_param_vals  x_domain classif.ce
INFO  [16:56:04.923] [bbotk]    <int>     <num>     <int>             <list>    <list>      <num>
INFO  [16:56:04.923] [bbotk]      215 0.0316489        10          <list[5]> <list[3]>  0.1235556

### [bt]: Job terminated successfully [batchtools job.id=1473]
### [bt]: Starting job [batchtools job.id=1474]
### [bt]: Generating problem instance for problem '78e20b4b43a56ff6' ...
### [bt]: Applying algorithm 'run_learner' on problem '78e20b4b43a56ff6' for job 1474 (seed = 1475) ...
INFO  [16:56:05.967] [mlr3] Applying learner 'classif.xgboost.tuned_calib.perfold_platt' on task 'pc3' (iter 4/10)
INFO  [16:56:06.029] [bbotk] Starting to optimize 3 parameter(s) with '<OptimizerBatchRandomSearch>' and '<TerminatorEvals> [n_evals=10, k=0]'
INFO  [16:56:06.042] [bbotk] Evaluating 1 configuration(s)
INFO  [16:56:07.241] [bbotk] Result of batch 1:
INFO  [16:56:07.245] [bbotk]  nrounds        eta max_depth classif.ce warnings errors runtime_learners
INFO  [16:56:07.245] [bbotk]      256 0.09173829         5  0.1022222        0      0            1.168
INFO  [16:56:07.245] [bbotk]                                 uhash
INFO  [16:56:07.245] [bbotk]  e4f6d5e9-6c1d-4135-90ec-58cd8c16049d
INFO  [16:56:07.254] [bbotk] Evaluating 1 configuration(s)
INFO  [16:56:07.768] [bbotk] Result of batch 2:
INFO  [16:56:07.770] [bbotk]  nrounds       eta max_depth classif.ce warnings errors runtime_learners
INFO  [16:56:07.770] [bbotk]      261 0.2414234         2  0.1146667        0      0            0.469
INFO  [16:56:07.770] [bbotk]                                 uhash
INFO  [16:56:07.770] [bbotk]  e5f29c7f-6dc2-482a-9f7c-82fd4a592f01
INFO  [16:56:07.774] [bbotk] Evaluating 1 configuration(s)
INFO  [16:56:08.534] [bbotk] Result of batch 3:
INFO  [16:56:08.536] [bbotk]  nrounds        eta max_depth classif.ce warnings errors runtime_learners
INFO  [16:56:08.536] [bbotk]      276 0.07173122         3  0.1075556        0      0            0.714
INFO  [16:56:08.536] [bbotk]                                 uhash
INFO  [16:56:08.536] [bbotk]  6c559081-7274-4442-9f2f-05df43f07976
INFO  [16:56:08.546] [bbotk] Evaluating 1 configuration(s)
INFO  [16:56:09.166] [bbotk] Result of batch 4:
INFO  [16:56:09.167] [bbotk]  nrounds        eta max_depth classif.ce warnings errors runtime_learners
INFO  [16:56:09.167] [bbotk]       92 0.06002848         8  0.1057778        0      0            0.586
INFO  [16:56:09.167] [bbotk]                                 uhash
INFO  [16:56:09.167] [bbotk]  d8fd68c6-2a6b-4e8a-bb39-f88b34a17a14
INFO  [16:56:09.176] [bbotk] Evaluating 1 configuration(s)
INFO  [16:56:09.665] [bbotk] Result of batch 5:
INFO  [16:56:09.666] [bbotk]  nrounds      eta max_depth classif.ce warnings errors runtime_learners
INFO  [16:56:09.666] [bbotk]      233 0.295631         2  0.1111111        0      0            0.447
INFO  [16:56:09.666] [bbotk]                                 uhash
INFO  [16:56:09.666] [bbotk]  71b402f3-2d88-44f5-9eb0-21efd9c48bfc
INFO  [16:56:09.670] [bbotk] Evaluating 1 configuration(s)
INFO  [16:56:10.453] [bbotk] Result of batch 6:
INFO  [16:56:10.455] [bbotk]  nrounds       eta max_depth classif.ce warnings errors runtime_learners
INFO  [16:56:10.455] [bbotk]      153 0.2830607        10  0.1066667        0      0            0.726
INFO  [16:56:10.455] [bbotk]                                 uhash
INFO  [16:56:10.455] [bbotk]  2b4addf8-04fb-4990-b198-85677563d5c3
INFO  [16:56:10.459] [bbotk] Evaluating 1 configuration(s)
INFO  [16:56:10.822] [bbotk] Result of batch 7:
INFO  [16:56:10.824] [bbotk]  nrounds        eta max_depth classif.ce warnings errors runtime_learners
INFO  [16:56:10.824] [bbotk]      145 0.01538976         3  0.1066667        0      0            0.327
INFO  [16:56:10.824] [bbotk]                                 uhash
INFO  [16:56:10.824] [bbotk]  b138c0be-a11d-4835-9445-61dc10ad1973
INFO  [16:56:10.831] [bbotk] Evaluating 1 configuration(s)
INFO  [16:56:12.003] [bbotk] Result of batch 8:
INFO  [16:56:12.005] [bbotk]  nrounds        eta max_depth classif.ce warnings errors runtime_learners
INFO  [16:56:12.005] [bbotk]      164 0.05014669        10  0.1031111        0      0            1.135
INFO  [16:56:12.005] [bbotk]                                 uhash
INFO  [16:56:12.005] [bbotk]  aec7df6b-f7d0-467b-bcc6-71bead40c6a9
INFO  [16:56:12.014] [bbotk] Evaluating 1 configuration(s)
INFO  [16:56:12.910] [bbotk] Result of batch 9:
INFO  [16:56:12.912] [bbotk]  nrounds       eta max_depth classif.ce warnings errors runtime_learners
INFO  [16:56:12.912] [bbotk]      275 0.2584539         4  0.1102222        0      0            0.851
INFO  [16:56:12.912] [bbotk]                                 uhash
INFO  [16:56:12.912] [bbotk]  25bc5a79-dc1c-4a9d-9593-5f619e4fb122
INFO  [16:56:12.929] [bbotk] Evaluating 1 configuration(s)
INFO  [16:56:14.265] [bbotk] Result of batch 10:
INFO  [16:56:14.266] [bbotk]  nrounds        eta max_depth classif.ce warnings errors runtime_learners
INFO  [16:56:14.266] [bbotk]      207 0.04105485        10      0.104        0      0            1.295
INFO  [16:56:14.266] [bbotk]                                 uhash
INFO  [16:56:14.266] [bbotk]  a43d4068-9217-4422-aa60-3f5c5d0f4277
INFO  [16:56:14.274] [bbotk] Finished optimizing after 10 evaluation(s)
INFO  [16:56:14.274] [bbotk] Result:
INFO  [16:56:14.275] [bbotk]  nrounds        eta max_depth learner_param_vals  x_domain classif.ce
INFO  [16:56:14.275] [bbotk]    <int>      <num>     <int>             <list>    <list>      <num>
INFO  [16:56:14.275] [bbotk]      256 0.09173829         5          <list[5]> <list[3]>  0.1022222
INFO  [16:56:14.835] [bbotk] Starting to optimize 3 parameter(s) with '<OptimizerBatchRandomSearch>' and '<TerminatorEvals> [n_evals=10, k=0]'
INFO  [16:56:14.857] [bbotk] Evaluating 1 configuration(s)
INFO  [16:56:15.073] [bbotk] Result of batch 1:
INFO  [16:56:15.075] [bbotk]  nrounds       eta max_depth classif.ce warnings errors runtime_learners
INFO  [16:56:15.075] [bbotk]       65 0.1673389         3  0.1022222        0      0             0.17
INFO  [16:56:15.075] [bbotk]                                 uhash
INFO  [16:56:15.075] [bbotk]  3ed6b702-2abc-4f5d-b3d9-bbb4f6f31470
INFO  [16:56:15.081] [bbotk] Evaluating 1 configuration(s)
INFO  [16:56:15.614] [bbotk] Result of batch 2:
INFO  [16:56:15.615] [bbotk]  nrounds       eta max_depth classif.ce warnings errors runtime_learners
INFO  [16:56:15.615] [bbotk]       75 0.1213287         9      0.104        0      0             0.49
INFO  [16:56:15.615] [bbotk]                                 uhash
INFO  [16:56:15.615] [bbotk]  6c678404-478e-47bc-b7f2-62a0f1f872d1
INFO  [16:56:15.619] [bbotk] Evaluating 1 configuration(s)
INFO  [16:56:16.483] [bbotk] Result of batch 3:
INFO  [16:56:16.485] [bbotk]  nrounds      eta max_depth classif.ce warnings errors runtime_learners
INFO  [16:56:16.485] [bbotk]      167 0.041616         6  0.1031111        0      0            0.837
INFO  [16:56:16.485] [bbotk]                                 uhash
INFO  [16:56:16.485] [bbotk]  d7a0d01b-9442-4143-9f67-52cf58d28e67
INFO  [16:56:16.495] [bbotk] Evaluating 1 configuration(s)
INFO  [16:56:17.081] [bbotk] Result of batch 4:
INFO  [16:56:17.082] [bbotk]  nrounds       eta max_depth classif.ce warnings errors runtime_learners
INFO  [16:56:17.082] [bbotk]      111 0.2447823         9  0.1075556        0      0            0.545
INFO  [16:56:17.082] [bbotk]                                 uhash
INFO  [16:56:17.082] [bbotk]  32e5450d-04b6-4345-92b1-e98434c8c9cc
INFO  [16:56:17.086] [bbotk] Evaluating 1 configuration(s)
INFO  [16:56:17.884] [bbotk] Result of batch 5:
INFO  [16:56:17.885] [bbotk]  nrounds       eta max_depth classif.ce warnings errors runtime_learners
INFO  [16:56:17.885] [bbotk]      215 0.2808799        10  0.1075556        0      0            0.763
INFO  [16:56:17.885] [bbotk]                                 uhash
INFO  [16:56:17.885] [bbotk]  568e6534-4f2e-43b8-94b3-5796a785dcdc
INFO  [16:56:17.889] [bbotk] Evaluating 1 configuration(s)
INFO  [16:56:18.523] [bbotk] Result of batch 6:
INFO  [16:56:18.524] [bbotk]  nrounds       eta max_depth classif.ce warnings errors runtime_learners
INFO  [16:56:18.524] [bbotk]      231 0.2363853         3  0.1128889        0      0            0.602
INFO  [16:56:18.524] [bbotk]                                 uhash
INFO  [16:56:18.524] [bbotk]  10a9f3bd-1e8e-4abf-9300-73cc40df66a7
INFO  [16:56:18.528] [bbotk] Evaluating 1 configuration(s)
INFO  [16:56:20.093] [bbotk] Result of batch 7:
INFO  [16:56:20.093] [bbotk]  nrounds        eta max_depth classif.ce warnings errors runtime_learners
INFO  [16:56:20.093] [bbotk]      262 0.05768275         9  0.1031111        0      0            1.522
INFO  [16:56:20.093] [bbotk]                                 uhash
INFO  [16:56:20.093] [bbotk]  73f65f0c-e1f4-45eb-a7ff-260db1c9f4f8
INFO  [16:56:20.098] [bbotk] Evaluating 1 configuration(s)
INFO  [16:56:20.403] [bbotk] Result of batch 8:
INFO  [16:56:20.404] [bbotk]  nrounds       eta max_depth classif.ce warnings errors runtime_learners
INFO  [16:56:20.404] [bbotk]       56 0.2826139         5  0.1048889        0      0            0.268
INFO  [16:56:20.404] [bbotk]                                 uhash
INFO  [16:56:20.404] [bbotk]  34dfd3d8-4e15-44dd-8c18-071f7dfa160e
INFO  [16:56:20.408] [bbotk] Evaluating 1 configuration(s)
INFO  [16:56:21.021] [bbotk] Result of batch 9:
INFO  [16:56:21.022] [bbotk]  nrounds        eta max_depth classif.ce warnings errors runtime_learners
INFO  [16:56:21.022] [bbotk]       82 0.05899565         9  0.1031111        0      0             0.58
INFO  [16:56:21.022] [bbotk]                                 uhash
INFO  [16:56:21.022] [bbotk]  488fe590-161a-48a4-a451-54361cc34fb3
INFO  [16:56:21.026] [bbotk] Evaluating 1 configuration(s)
INFO  [16:56:22.298] [bbotk] Result of batch 10:
INFO  [16:56:22.299] [bbotk]  nrounds        eta max_depth classif.ce warnings errors runtime_learners
INFO  [16:56:22.299] [bbotk]      188 0.04747972        10      0.104        0      0            1.229
INFO  [16:56:22.299] [bbotk]                                 uhash
INFO  [16:56:22.299] [bbotk]  2bd8cc72-9135-434a-ae00-d77ab574875d
INFO  [16:56:22.308] [bbotk] Finished optimizing after 10 evaluation(s)
INFO  [16:56:22.309] [bbotk] Result:
INFO  [16:56:22.311] [bbotk]  nrounds       eta max_depth learner_param_vals  x_domain classif.ce
INFO  [16:56:22.311] [bbotk]    <int>     <num>     <int>             <list>    <list>      <num>
INFO  [16:56:22.311] [bbotk]       65 0.1673389         3          <list[5]> <list[3]>  0.1022222
INFO  [16:56:22.450] [bbotk] Starting to optimize 3 parameter(s) with '<OptimizerBatchRandomSearch>' and '<TerminatorEvals> [n_evals=10, k=0]'
INFO  [16:56:22.475] [bbotk] Evaluating 1 configuration(s)
INFO  [16:56:23.433] [bbotk] Result of batch 1:
INFO  [16:56:23.434] [bbotk]  nrounds       eta max_depth classif.ce warnings errors runtime_learners
INFO  [16:56:23.434] [bbotk]      209 0.2333063         6  0.1287589        0      0            0.915
INFO  [16:56:23.434] [bbotk]                                 uhash
INFO  [16:56:23.434] [bbotk]  c94e944c-3cb6-4287-a23a-496c2ba08201
INFO  [16:56:23.444] [bbotk] Evaluating 1 configuration(s)
INFO  [16:56:24.212] [bbotk] Result of batch 2:
INFO  [16:56:24.214] [bbotk]  nrounds       eta max_depth classif.ce warnings errors runtime_learners
INFO  [16:56:24.214] [bbotk]      254 0.2452538         3  0.1260946        0      0            0.724
INFO  [16:56:24.214] [bbotk]                                 uhash
INFO  [16:56:24.214] [bbotk]  9eb2d4e3-200d-45ba-842f-ed4cf7ba66e4
INFO  [16:56:24.219] [bbotk] Evaluating 1 configuration(s)
INFO  [16:56:25.144] [bbotk] Result of batch 3:
INFO  [16:56:25.145] [bbotk]  nrounds       eta max_depth classif.ce warnings errors runtime_learners
INFO  [16:56:25.145] [bbotk]      239 0.2492133         9  0.1243168        0      0            0.888
INFO  [16:56:25.145] [bbotk]                                 uhash
INFO  [16:56:25.145] [bbotk]  7cd61067-d957-48db-9ddd-4a6e7e18aa53
INFO  [16:56:25.153] [bbotk] Evaluating 1 configuration(s)
INFO  [16:56:26.207] [bbotk] Result of batch 4:
INFO  [16:56:26.209] [bbotk]  nrounds       eta max_depth classif.ce warnings errors runtime_learners
INFO  [16:56:26.209] [bbotk]      257 0.2001251         6  0.1225414        0      0            1.015
INFO  [16:56:26.209] [bbotk]                                 uhash
INFO  [16:56:26.209] [bbotk]  fc07ccae-4b74-4733-bc46-b3f94be945b6
INFO  [16:56:26.218] [bbotk] Evaluating 1 configuration(s)
INFO  [16:56:26.881] [bbotk] Result of batch 5:
INFO  [16:56:26.883] [bbotk]  nrounds       eta max_depth classif.ce warnings errors runtime_learners
INFO  [16:56:26.883] [bbotk]      246 0.2753804         3  0.1278676        0      0            0.616
INFO  [16:56:26.883] [bbotk]                                 uhash
INFO  [16:56:26.883] [bbotk]  80d52c6f-eab2-473a-be13-643bc68c803d
INFO  [16:56:26.890] [bbotk] Evaluating 1 configuration(s)
INFO  [16:56:27.397] [bbotk] Result of batch 6:
INFO  [16:56:27.398] [bbotk]  nrounds        eta max_depth classif.ce warnings errors runtime_learners
INFO  [16:56:27.398] [bbotk]      173 0.04018022         3   0.113669        0      0            0.457
INFO  [16:56:27.398] [bbotk]                                 uhash
INFO  [16:56:27.398] [bbotk]  ed280962-7692-406d-bdab-5ca8e2d6c759
INFO  [16:56:27.402] [bbotk] Evaluating 1 configuration(s)
INFO  [16:56:28.034] [bbotk] Result of batch 7:
INFO  [16:56:28.035] [bbotk]  nrounds       eta max_depth classif.ce warnings errors runtime_learners
INFO  [16:56:28.035] [bbotk]      124 0.1831079         6  0.1216572        0      0            0.591
INFO  [16:56:28.035] [bbotk]                                 uhash
INFO  [16:56:28.035] [bbotk]  9c8460e2-2aba-4b45-ac17-7c0bb0eaffa0
INFO  [16:56:28.042] [bbotk] Evaluating 1 configuration(s)
INFO  [16:56:29.123] [bbotk] Result of batch 8:
INFO  [16:56:29.125] [bbotk]  nrounds        eta max_depth classif.ce warnings errors runtime_learners
INFO  [16:56:29.125] [bbotk]      242 0.01800306         5  0.1163404        0      0            1.035
INFO  [16:56:29.125] [bbotk]                                 uhash
INFO  [16:56:29.125] [bbotk]  b78dff27-ada2-4d12-8e24-384d9b4ed9c3
INFO  [16:56:29.136] [bbotk] Evaluating 1 configuration(s)
INFO  [16:56:29.700] [bbotk] Result of batch 9:
INFO  [16:56:29.703] [bbotk]  nrounds       eta max_depth classif.ce warnings errors runtime_learners
INFO  [16:56:29.703] [bbotk]       70 0.1374404         9  0.1189882        0      0            0.511
INFO  [16:56:29.703] [bbotk]                                 uhash
INFO  [16:56:29.703] [bbotk]  90df8a24-0282-48ba-8f37-597f97541c8f
INFO  [16:56:29.713] [bbotk] Evaluating 1 configuration(s)
INFO  [16:56:30.953] [bbotk] Result of batch 10:
INFO  [16:56:30.955] [bbotk]  nrounds       eta max_depth classif.ce warnings errors runtime_learners
INFO  [16:56:30.955] [bbotk]      248 0.1603604         9  0.1260946        0      0            1.201
INFO  [16:56:30.955] [bbotk]                                 uhash
INFO  [16:56:30.955] [bbotk]  87c75719-dfd5-4598-addd-f71b8556603c
INFO  [16:56:30.965] [bbotk] Finished optimizing after 10 evaluation(s)
INFO  [16:56:30.966] [bbotk] Result:
INFO  [16:56:30.966] [bbotk]  nrounds        eta max_depth learner_param_vals  x_domain classif.ce
INFO  [16:56:30.966] [bbotk]    <int>      <num>     <int>             <list>    <list>      <num>
INFO  [16:56:30.966] [bbotk]      173 0.04018022         3          <list[5]> <list[3]>   0.113669
INFO  [16:56:31.205] [bbotk] Starting to optimize 3 parameter(s) with '<OptimizerBatchRandomSearch>' and '<TerminatorEvals> [n_evals=10, k=0]'
INFO  [16:56:31.227] [bbotk] Evaluating 1 configuration(s)
INFO  [16:56:31.991] [bbotk] Result of batch 1:
INFO  [16:56:31.992] [bbotk]  nrounds        eta max_depth classif.ce warnings errors runtime_learners
INFO  [16:56:31.992] [bbotk]      290 0.04924643         3  0.1083499        0      0            0.725
INFO  [16:56:31.992] [bbotk]                                 uhash
INFO  [16:56:31.992] [bbotk]  c8452e4c-a8cf-4b06-b017-76b5918d8e8c
INFO  [16:56:31.996] [bbotk] Evaluating 1 configuration(s)
INFO  [16:56:32.718] [bbotk] Result of batch 2:
INFO  [16:56:32.719] [bbotk]  nrounds       eta max_depth classif.ce warnings errors runtime_learners
INFO  [16:56:32.719] [bbotk]      261 0.1030858         3  0.1136738        0      0            0.673
INFO  [16:56:32.719] [bbotk]                                 uhash
INFO  [16:56:32.719] [bbotk]  f0bbecd2-5a01-48bd-baa5-2e785104c0ad
INFO  [16:56:32.723] [bbotk] Evaluating 1 configuration(s)
INFO  [16:56:33.669] [bbotk] Result of batch 3:
INFO  [16:56:33.670] [bbotk]  nrounds       eta max_depth classif.ce warnings errors runtime_learners
INFO  [16:56:33.670] [bbotk]      221 0.1269801         5  0.1074515        0      0            0.911
INFO  [16:56:33.670] [bbotk]                                 uhash
INFO  [16:56:33.670] [bbotk]  030e0591-84ad-4d70-b5ae-0aad06a05f5e
INFO  [16:56:33.679] [bbotk] Evaluating 1 configuration(s)
INFO  [16:56:33.949] [bbotk] Result of batch 4:
INFO  [16:56:33.950] [bbotk]  nrounds       eta max_depth classif.ce warnings errors runtime_learners
INFO  [16:56:33.950] [bbotk]      120 0.1034305         2  0.1047991        0      0            0.227
INFO  [16:56:33.950] [bbotk]                                 uhash
INFO  [16:56:33.950] [bbotk]  17998ac1-37e8-41a8-8aef-86911f9d888d
INFO  [16:56:33.953] [bbotk] Evaluating 1 configuration(s)
INFO  [16:56:34.406] [bbotk] Result of batch 5:
INFO  [16:56:34.407] [bbotk]  nrounds       eta max_depth classif.ce warnings errors runtime_learners
INFO  [16:56:34.407] [bbotk]      232 0.2191605         2  0.1118983        0      0            0.406
INFO  [16:56:34.407] [bbotk]                                 uhash
INFO  [16:56:34.407] [bbotk]  08dd91b9-0f5b-4933-813d-c5c2a3862339
INFO  [16:56:34.418] [bbotk] Evaluating 1 configuration(s)
INFO  [16:56:35.466] [bbotk] Result of batch 6:
INFO  [16:56:35.469] [bbotk]  nrounds       eta max_depth classif.ce warnings errors runtime_learners
INFO  [16:56:35.469] [bbotk]      223 0.1173054         6  0.1074634        0      0            1.007
INFO  [16:56:35.469] [bbotk]                                 uhash
INFO  [16:56:35.469] [bbotk]  e550f744-cdad-4e50-8626-0419184eab63
INFO  [16:56:35.473] [bbotk] Evaluating 1 configuration(s)
INFO  [16:56:35.849] [bbotk] Result of batch 7:
INFO  [16:56:35.850] [bbotk]  nrounds        eta max_depth classif.ce warnings errors runtime_learners
INFO  [16:56:35.850] [bbotk]       64 0.09624876         7 0.09946336        0      0            0.338
INFO  [16:56:35.850] [bbotk]                                 uhash
INFO  [16:56:35.850] [bbotk]  6d2e0b4e-1248-4f37-b2b8-930da6fb16ae
INFO  [16:56:35.854] [bbotk] Evaluating 1 configuration(s)
INFO  [16:56:36.306] [bbotk] Result of batch 8:
INFO  [16:56:36.307] [bbotk]  nrounds       eta max_depth classif.ce warnings errors runtime_learners
INFO  [16:56:36.307] [bbotk]      202 0.2478629         2  0.1127896        0      0             0.41
INFO  [16:56:36.307] [bbotk]                                 uhash
INFO  [16:56:36.307] [bbotk]  fb1c5e9b-d29f-4b4a-80fb-7f91e0233412
INFO  [16:56:36.315] [bbotk] Evaluating 1 configuration(s)
INFO  [16:56:37.065] [bbotk] Result of batch 9:
INFO  [16:56:37.066] [bbotk]  nrounds        eta max_depth classif.ce warnings errors runtime_learners
INFO  [16:56:37.066] [bbotk]       96 0.07552874         9  0.1039031        0      0            0.705
INFO  [16:56:37.066] [bbotk]                                 uhash
INFO  [16:56:37.066] [bbotk]  97846ac3-4df7-42b8-abaa-f901bc6fa7eb
INFO  [16:56:37.073] [bbotk] Evaluating 1 configuration(s)
INFO  [16:56:38.254] [bbotk] Result of batch 10:
INFO  [16:56:38.255] [bbotk]  nrounds       eta max_depth classif.ce warnings errors runtime_learners
INFO  [16:56:38.255] [bbotk]      249 0.0881652         5  0.1110095        0      0            1.136
INFO  [16:56:38.255] [bbotk]                                 uhash
INFO  [16:56:38.255] [bbotk]  5f553e93-2dea-4499-ab26-5d070a2c7d5c
INFO  [16:56:38.265] [bbotk] Finished optimizing after 10 evaluation(s)
INFO  [16:56:38.265] [bbotk] Result:
INFO  [16:56:38.266] [bbotk]  nrounds        eta max_depth learner_param_vals  x_domain classif.ce
INFO  [16:56:38.266] [bbotk]    <int>      <num>     <int>             <list>    <list>      <num>
INFO  [16:56:38.266] [bbotk]       64 0.09624876         7          <list[5]> <list[3]> 0.09946336
INFO  [16:56:38.484] [bbotk] Starting to optimize 3 parameter(s) with '<OptimizerBatchRandomSearch>' and '<TerminatorEvals> [n_evals=10, k=0]'
INFO  [16:56:38.494] [bbotk] Evaluating 1 configuration(s)
INFO  [16:56:39.093] [bbotk] Result of batch 1:
INFO  [16:56:39.095] [bbotk]  nrounds       eta max_depth classif.ce warnings errors runtime_learners
INFO  [16:56:39.095] [bbotk]      204 0.1667064         3   0.126104        0      0            0.556
INFO  [16:56:39.095] [bbotk]                                 uhash
INFO  [16:56:39.095] [bbotk]  0244a306-2a59-4962-8939-0712ad92ba81
INFO  [16:56:39.107] [bbotk] Evaluating 1 configuration(s)
INFO  [16:56:40.238] [bbotk] Result of batch 2:
INFO  [16:56:40.239] [bbotk]  nrounds       eta max_depth classif.ce warnings errors runtime_learners
INFO  [16:56:40.239] [bbotk]      237 0.1728771         6  0.1216714        0      0            1.073
INFO  [16:56:40.239] [bbotk]                                 uhash
INFO  [16:56:40.239] [bbotk]  75e93ea2-5f06-4665-b5e3-55f83ceb20da
INFO  [16:56:40.243] [bbotk] Evaluating 1 configuration(s)
INFO  [16:56:41.409] [bbotk] Result of batch 3:
INFO  [16:56:41.411] [bbotk]  nrounds      eta max_depth classif.ce warnings errors runtime_learners
INFO  [16:56:41.411] [bbotk]      296 0.265503         8  0.1234444        0      0            1.134
INFO  [16:56:41.411] [bbotk]                                 uhash
INFO  [16:56:41.411] [bbotk]  fd00b56f-61a1-4ca2-8aa7-65539a47a42b
INFO  [16:56:41.420] [bbotk] Evaluating 1 configuration(s)
INFO  [16:56:42.439] [bbotk] Result of batch 4:
INFO  [16:56:42.441] [bbotk]  nrounds       eta max_depth classif.ce warnings errors runtime_learners
INFO  [16:56:42.441] [bbotk]      214 0.1403873         6  0.1225508        0      0            0.975
INFO  [16:56:42.441] [bbotk]                                 uhash
INFO  [16:56:42.441] [bbotk]  7d5aded6-4a6e-4b54-af15-ddc97e1430fd
INFO  [16:56:42.450] [bbotk] Evaluating 1 configuration(s)
INFO  [16:56:42.996] [bbotk] Result of batch 5:
INFO  [16:56:42.998] [bbotk]  nrounds       eta max_depth classif.ce warnings errors runtime_learners
INFO  [16:56:42.998] [bbotk]      193 0.2409962         3  0.1216714        0      0            0.507
INFO  [16:56:42.998] [bbotk]                                 uhash
INFO  [16:56:42.998] [bbotk]  788460cc-0bfd-4695-809e-ee260a580991
INFO  [16:56:43.008] [bbotk] Evaluating 1 configuration(s)
INFO  [16:56:44.085] [bbotk] Result of batch 6:
INFO  [16:56:44.087] [bbotk]  nrounds       eta max_depth classif.ce warnings errors runtime_learners
INFO  [16:56:44.087] [bbotk]      287 0.2924763         6  0.1269976        0      0            1.041
INFO  [16:56:44.087] [bbotk]                                 uhash
INFO  [16:56:44.087] [bbotk]  295f76b8-cab7-4f12-8f1f-6d3848139060
INFO  [16:56:44.094] [bbotk] Evaluating 1 configuration(s)
INFO  [16:56:44.459] [bbotk] Result of batch 7:
INFO  [16:56:44.461] [bbotk]  nrounds       eta max_depth classif.ce warnings errors runtime_learners
INFO  [16:56:44.461] [bbotk]       54 0.0987141         8  0.1189976        0      0             0.33
INFO  [16:56:44.461] [bbotk]                                 uhash
INFO  [16:56:44.461] [bbotk]  e10128a1-a2b6-4443-b1b3-9c02850fc698
INFO  [16:56:44.471] [bbotk] Evaluating 1 configuration(s)
INFO  [16:56:45.413] [bbotk] Result of batch 8:
INFO  [16:56:45.416] [bbotk]  nrounds       eta max_depth classif.ce warnings errors runtime_learners
INFO  [16:56:45.416] [bbotk]      224 0.2372228         8  0.1225556        0      0            0.884
INFO  [16:56:45.416] [bbotk]                                 uhash
INFO  [16:56:45.416] [bbotk]  61e81c95-549c-41e4-979c-835be81bfcab
INFO  [16:56:45.429] [bbotk] Evaluating 1 configuration(s)
INFO  [16:56:47.399] [bbotk] Result of batch 9:
INFO  [16:56:47.401] [bbotk]  nrounds        eta max_depth classif.ce warnings errors runtime_learners
INFO  [16:56:47.401] [bbotk]      287 0.02581659        10  0.1172199        0      0            1.922
INFO  [16:56:47.401] [bbotk]                                 uhash
INFO  [16:56:47.401] [bbotk]  50b3b6c8-70f8-44fe-b974-ee9668a9a7e4
INFO  [16:56:47.413] [bbotk] Evaluating 1 configuration(s)
INFO  [16:56:48.411] [bbotk] Result of batch 10:
INFO  [16:56:48.414] [bbotk]  nrounds       eta max_depth classif.ce warnings errors runtime_learners
INFO  [16:56:48.414] [bbotk]      212 0.1904346         8  0.1225603        0      0            0.963
INFO  [16:56:48.414] [bbotk]                                 uhash
INFO  [16:56:48.414] [bbotk]  804d1351-97ee-4788-a384-e27515ef36c7
INFO  [16:56:48.432] [bbotk] Finished optimizing after 10 evaluation(s)
INFO  [16:56:48.433] [bbotk] Result:
INFO  [16:56:48.433] [bbotk]  nrounds        eta max_depth learner_param_vals  x_domain classif.ce
INFO  [16:56:48.433] [bbotk]    <int>      <num>     <int>             <list>    <list>      <num>
INFO  [16:56:48.433] [bbotk]      287 0.02581659        10          <list[5]> <list[3]>  0.1172199

### [bt]: Job terminated successfully [batchtools job.id=1474]
### [bt]: Starting job [batchtools job.id=1475]
### [bt]: Generating problem instance for problem '78e20b4b43a56ff6' ...
### [bt]: Applying algorithm 'run_learner' on problem '78e20b4b43a56ff6' for job 1475 (seed = 1476) ...
INFO  [16:56:49.734] [mlr3] Applying learner 'classif.xgboost.tuned_calib.perfold_platt' on task 'pc3' (iter 5/10)
INFO  [16:56:49.792] [bbotk] Starting to optimize 3 parameter(s) with '<OptimizerBatchRandomSearch>' and '<TerminatorEvals> [n_evals=10, k=0]'
INFO  [16:56:49.811] [bbotk] Evaluating 1 configuration(s)
INFO  [16:56:50.789] [bbotk] Result of batch 1:
INFO  [16:56:50.790] [bbotk]  nrounds       eta max_depth classif.ce warnings errors runtime_learners
INFO  [16:56:50.790] [bbotk]      229 0.2627796         6  0.1208889        0      0            0.939
INFO  [16:56:50.790] [bbotk]                                 uhash
INFO  [16:56:50.790] [bbotk]  deac0625-c42d-4ca6-b153-211e6d6e031a
INFO  [16:56:50.799] [bbotk] Evaluating 1 configuration(s)
INFO  [16:56:51.449] [bbotk] Result of batch 2:
INFO  [16:56:51.451] [bbotk]  nrounds       eta max_depth classif.ce warnings errors runtime_learners
INFO  [16:56:51.451] [bbotk]       96 0.1199964         9  0.1217778        0      0            0.605
INFO  [16:56:51.451] [bbotk]                                 uhash
INFO  [16:56:51.451] [bbotk]  c38eb03a-0d12-421b-8075-018b10d3e7d1
INFO  [16:56:51.456] [bbotk] Evaluating 1 configuration(s)
INFO  [16:56:52.415] [bbotk] Result of batch 3:
INFO  [16:56:52.417] [bbotk]  nrounds       eta max_depth classif.ce warnings errors runtime_learners
INFO  [16:56:52.417] [bbotk]      232 0.2284492         6  0.1253333        0      0            0.923
INFO  [16:56:52.417] [bbotk]                                 uhash
INFO  [16:56:52.417] [bbotk]  331e2eb0-a153-4810-80f0-ae0ce3208be5
INFO  [16:56:52.428] [bbotk] Evaluating 1 configuration(s)
INFO  [16:56:52.572] [bbotk] Result of batch 4:
INFO  [16:56:52.573] [bbotk]  nrounds       eta max_depth classif.ce warnings errors runtime_learners
INFO  [16:56:52.573] [bbotk]       57 0.1428511         2       0.12        0      0            0.106
INFO  [16:56:52.573] [bbotk]                                 uhash
INFO  [16:56:52.573] [bbotk]  8547c197-e984-4641-a873-27111325e87a
INFO  [16:56:52.578] [bbotk] Evaluating 1 configuration(s)
INFO  [16:56:52.775] [bbotk] Result of batch 5:
INFO  [16:56:52.776] [bbotk]  nrounds       eta max_depth classif.ce warnings errors runtime_learners
INFO  [16:56:52.776] [bbotk]       59 0.2489531         3  0.1182222        0      0             0.16
INFO  [16:56:52.776] [bbotk]                                 uhash
INFO  [16:56:52.776] [bbotk]  0ec7509d-6dc6-43e1-a4c3-302103ec1f01
INFO  [16:56:52.779] [bbotk] Evaluating 1 configuration(s)
INFO  [16:56:53.376] [bbotk] Result of batch 6:
INFO  [16:56:53.378] [bbotk]  nrounds       eta max_depth classif.ce warnings errors runtime_learners
INFO  [16:56:53.378] [bbotk]      105 0.2118004         9       0.12        0      0            0.548
INFO  [16:56:53.378] [bbotk]                                 uhash
INFO  [16:56:53.378] [bbotk]  e334e2f1-6025-4e7e-9544-da00843e8a0f
INFO  [16:56:53.387] [bbotk] Evaluating 1 configuration(s)
INFO  [16:56:54.306] [bbotk] Result of batch 7:
INFO  [16:56:54.307] [bbotk]  nrounds       eta max_depth classif.ce warnings errors runtime_learners
INFO  [16:56:54.307] [bbotk]      146 0.1020363        10  0.1226667        0      0            0.879
INFO  [16:56:54.307] [bbotk]                                 uhash
INFO  [16:56:54.307] [bbotk]  d4094b84-4241-4965-8e3b-3d66e6e46c86
INFO  [16:56:54.311] [bbotk] Evaluating 1 configuration(s)
INFO  [16:56:55.548] [bbotk] Result of batch 8:
INFO  [16:56:55.549] [bbotk]  nrounds        eta max_depth classif.ce warnings errors runtime_learners
INFO  [16:56:55.549] [bbotk]      284 0.01342039         5  0.1182222        0      0            1.191
INFO  [16:56:55.549] [bbotk]                                 uhash
INFO  [16:56:55.549] [bbotk]  022742e5-1c17-4f0a-9b8b-0854bb34b266
INFO  [16:56:55.554] [bbotk] Evaluating 1 configuration(s)
INFO  [16:56:56.116] [bbotk] Result of batch 9:
INFO  [16:56:56.118] [bbotk]  nrounds       eta max_depth classif.ce warnings errors runtime_learners
INFO  [16:56:56.118] [bbotk]      105 0.1476388         6  0.1244444        0      0            0.522
INFO  [16:56:56.118] [bbotk]                                 uhash
INFO  [16:56:56.118] [bbotk]  c4286e51-6972-4506-b17d-9418608b8393
INFO  [16:56:56.125] [bbotk] Evaluating 1 configuration(s)
INFO  [16:56:57.698] [bbotk] Result of batch 10:
INFO  [16:56:57.700] [bbotk]  nrounds        eta max_depth classif.ce warnings errors runtime_learners
INFO  [16:56:57.700] [bbotk]      272 0.05969819        10       0.12        0      0            1.532
INFO  [16:56:57.700] [bbotk]                                 uhash
INFO  [16:56:57.700] [bbotk]  d905266b-8d8e-4569-a217-48137b01af78
INFO  [16:56:57.720] [bbotk] Finished optimizing after 10 evaluation(s)
INFO  [16:56:57.720] [bbotk] Result:
INFO  [16:56:57.721] [bbotk]  nrounds       eta max_depth learner_param_vals  x_domain classif.ce
INFO  [16:56:57.721] [bbotk]    <int>     <num>     <int>             <list>    <list>      <num>
INFO  [16:56:57.721] [bbotk]       59 0.2489531         3          <list[5]> <list[3]>  0.1182222
INFO  [16:56:57.842] [bbotk] Starting to optimize 3 parameter(s) with '<OptimizerBatchRandomSearch>' and '<TerminatorEvals> [n_evals=10, k=0]'
INFO  [16:56:57.855] [bbotk] Evaluating 1 configuration(s)
INFO  [16:56:58.700] [bbotk] Result of batch 1:
INFO  [16:56:58.703] [bbotk]  nrounds       eta max_depth classif.ce warnings errors runtime_learners
INFO  [16:56:58.703] [bbotk]      178 0.2213412         9  0.1155556        0      0            0.812
INFO  [16:56:58.703] [bbotk]                                 uhash
INFO  [16:56:58.703] [bbotk]  63b994e3-42ca-46c0-8f93-ca658954f016
INFO  [16:56:58.713] [bbotk] Evaluating 1 configuration(s)
INFO  [16:56:59.111] [bbotk] Result of batch 2:
INFO  [16:56:59.112] [bbotk]  nrounds       eta max_depth classif.ce warnings errors runtime_learners
INFO  [16:56:59.112] [bbotk]       67 0.2793969         8  0.1084444        0      0             0.35
INFO  [16:56:59.112] [bbotk]                                 uhash
INFO  [16:56:59.112] [bbotk]  3c47ceea-ef1e-4935-97c3-26f6d62e244b
INFO  [16:56:59.116] [bbotk] Evaluating 1 configuration(s)
INFO  [16:56:59.499] [bbotk] Result of batch 3:
INFO  [16:56:59.500] [bbotk]  nrounds      eta max_depth classif.ce warnings errors runtime_learners
INFO  [16:56:59.500] [bbotk]       58 0.154171         6  0.1093333        0      0            0.349
INFO  [16:56:59.500] [bbotk]                                 uhash
INFO  [16:56:59.500] [bbotk]  8b7a6b4f-5045-4c90-9fa6-150034467a38
INFO  [16:56:59.504] [bbotk] Evaluating 1 configuration(s)
INFO  [16:57:00.058] [bbotk] Result of batch 4:
INFO  [16:57:00.059] [bbotk]  nrounds        eta max_depth classif.ce warnings errors runtime_learners
INFO  [16:57:00.059] [bbotk]      183 0.02424119         3 0.09777778        0      0            0.514
INFO  [16:57:00.059] [bbotk]                                 uhash
INFO  [16:57:00.059] [bbotk]  ab260677-cee3-4c8c-a30c-44749a465c93
INFO  [16:57:00.063] [bbotk] Evaluating 1 configuration(s)
INFO  [16:57:00.899] [bbotk] Result of batch 5:
INFO  [16:57:00.900] [bbotk]  nrounds        eta max_depth classif.ce warnings errors runtime_learners
INFO  [16:57:00.900] [bbotk]      111 0.09599753        10  0.1048889        0      0            0.792
INFO  [16:57:00.900] [bbotk]                                 uhash
INFO  [16:57:00.900] [bbotk]  ea074a98-30e3-450a-aed4-aa1cc022ae93
INFO  [16:57:00.904] [bbotk] Evaluating 1 configuration(s)
INFO  [16:57:02.388] [bbotk] Result of batch 6:
INFO  [16:57:02.389] [bbotk]  nrounds        eta max_depth classif.ce warnings errors runtime_learners
INFO  [16:57:02.389] [bbotk]      286 0.09371004         8  0.1111111        0      0            1.424
INFO  [16:57:02.389] [bbotk]                                 uhash
INFO  [16:57:02.389] [bbotk]  5bc4f2b4-c2bd-4f90-9190-9c59f0a7da68
INFO  [16:57:02.393] [bbotk] Evaluating 1 configuration(s)
INFO  [16:57:03.189] [bbotk] Result of batch 7:
INFO  [16:57:03.190] [bbotk]  nrounds       eta max_depth classif.ce warnings errors runtime_learners
INFO  [16:57:03.190] [bbotk]      170 0.1506653         5  0.1146667        0      0            0.759
INFO  [16:57:03.190] [bbotk]                                 uhash
INFO  [16:57:03.190] [bbotk]  41c9b010-bb0f-4a6c-81ec-26cadc6d5d74
INFO  [16:57:03.200] [bbotk] Evaluating 1 configuration(s)
INFO  [16:57:03.973] [bbotk] Result of batch 8:
INFO  [16:57:03.975] [bbotk]  nrounds        eta max_depth classif.ce warnings errors runtime_learners
INFO  [16:57:03.975] [bbotk]      108 0.07245963         7  0.1075556        0      0             0.71
INFO  [16:57:03.975] [bbotk]                                 uhash
INFO  [16:57:03.975] [bbotk]  9aaefd4d-28c8-4781-ab03-ea28609a4fc3
INFO  [16:57:03.980] [bbotk] Evaluating 1 configuration(s)
INFO  [16:57:05.294] [bbotk] Result of batch 9:
INFO  [16:57:05.295] [bbotk]  nrounds        eta max_depth classif.ce warnings errors runtime_learners
INFO  [16:57:05.295] [bbotk]      226 0.02083097         7  0.1031111        0      0            1.261
INFO  [16:57:05.295] [bbotk]                                 uhash
INFO  [16:57:05.295] [bbotk]  3bbed661-bc70-4c95-8146-a0be71f9525c
INFO  [16:57:05.304] [bbotk] Evaluating 1 configuration(s)
INFO  [16:57:06.056] [bbotk] Result of batch 10:
INFO  [16:57:06.059] [bbotk]  nrounds        eta max_depth classif.ce warnings errors runtime_learners
INFO  [16:57:06.059] [bbotk]      110 0.03005942         9  0.1004444        0      0            0.706
INFO  [16:57:06.059] [bbotk]                                 uhash
INFO  [16:57:06.059] [bbotk]  70a4d767-9a88-4931-9e5b-6c9aa44ff460
INFO  [16:57:06.073] [bbotk] Finished optimizing after 10 evaluation(s)
INFO  [16:57:06.074] [bbotk] Result:
INFO  [16:57:06.074] [bbotk]  nrounds        eta max_depth learner_param_vals  x_domain classif.ce
INFO  [16:57:06.074] [bbotk]    <int>      <num>     <int>             <list>    <list>      <num>
INFO  [16:57:06.074] [bbotk]      183 0.02424119         3          <list[5]> <list[3]> 0.09777778
INFO  [16:57:06.380] [bbotk] Starting to optimize 3 parameter(s) with '<OptimizerBatchRandomSearch>' and '<TerminatorEvals> [n_evals=10, k=0]'
INFO  [16:57:06.395] [bbotk] Evaluating 1 configuration(s)
INFO  [16:57:07.872] [bbotk] Result of batch 1:
INFO  [16:57:07.874] [bbotk]  nrounds        eta max_depth classif.ce warnings errors runtime_learners
INFO  [16:57:07.874] [bbotk]      281 0.09382809         8 0.09946099        0      0             1.43
INFO  [16:57:07.874] [bbotk]                                 uhash
INFO  [16:57:07.874] [bbotk]  ea041915-4789-4da6-a95b-b94f029be698
INFO  [16:57:07.883] [bbotk] Evaluating 1 configuration(s)
INFO  [16:57:09.466] [bbotk] Result of batch 2:
INFO  [16:57:09.467] [bbotk]  nrounds        eta max_depth classif.ce warnings errors runtime_learners
INFO  [16:57:09.467] [bbotk]      249 0.04868146         8 0.09856974        0      0            1.536
INFO  [16:57:09.467] [bbotk]                                 uhash
INFO  [16:57:09.467] [bbotk]  ba0d7f85-b610-4473-afbe-bcad91164fb8
INFO  [16:57:09.477] [bbotk] Evaluating 1 configuration(s)
INFO  [16:57:11.004] [bbotk] Result of batch 3:
INFO  [16:57:11.005] [bbotk]  nrounds       eta max_depth classif.ce warnings errors runtime_learners
INFO  [16:57:11.005] [bbotk]      288 0.1038875         6  0.1003428        0      0            1.474
INFO  [16:57:11.005] [bbotk]                                 uhash
INFO  [16:57:11.005] [bbotk]  b8257a72-8b70-4284-baeb-29d436997155
INFO  [16:57:11.011] [bbotk] Evaluating 1 configuration(s)
INFO  [16:57:11.865] [bbotk] Result of batch 4:
INFO  [16:57:11.868] [bbotk]  nrounds       eta max_depth classif.ce warnings errors runtime_learners
INFO  [16:57:11.868] [bbotk]      149 0.1257173         6  0.1012435        0      0            0.804
INFO  [16:57:11.868] [bbotk]                                 uhash
INFO  [16:57:11.868] [bbotk]  4e544ec2-f881-43b7-b211-690dbdcb7dd1
INFO  [16:57:11.880] [bbotk] Evaluating 1 configuration(s)
INFO  [16:57:12.423] [bbotk] Result of batch 5:
INFO  [16:57:12.424] [bbotk]  nrounds       eta max_depth classif.ce warnings errors runtime_learners
INFO  [16:57:12.424] [bbotk]      143 0.1013452         4  0.1056832        0      0            0.488
INFO  [16:57:12.424] [bbotk]                                 uhash
INFO  [16:57:12.424] [bbotk]  dc4a57c7-b7cd-4cd0-8253-560b07824a08
INFO  [16:57:12.428] [bbotk] Evaluating 1 configuration(s)
INFO  [16:57:13.455] [bbotk] Result of batch 6:
INFO  [16:57:13.457] [bbotk]  nrounds       eta max_depth classif.ce warnings errors runtime_learners
INFO  [16:57:13.457] [bbotk]      280 0.1607052         4  0.1030165        0      0            0.978
INFO  [16:57:13.457] [bbotk]                                 uhash
INFO  [16:57:13.457] [bbotk]  fee7d400-db1f-4214-8042-8ef8c42115ea
INFO  [16:57:13.469] [bbotk] Evaluating 1 configuration(s)
INFO  [16:57:13.785] [bbotk] Result of batch 7:
INFO  [16:57:13.787] [bbotk]  nrounds       eta max_depth classif.ce warnings errors runtime_learners
INFO  [16:57:13.787] [bbotk]       51 0.1309776         5  0.1012364        0      0            0.263
INFO  [16:57:13.787] [bbotk]                                 uhash
INFO  [16:57:13.787] [bbotk]  916e8572-19b2-4ace-acce-4d156d63f679
INFO  [16:57:13.797] [bbotk] Evaluating 1 configuration(s)
INFO  [16:57:14.144] [bbotk] Result of batch 8:
INFO  [16:57:14.146] [bbotk]  nrounds       eta max_depth classif.ce warnings errors runtime_learners
INFO  [16:57:14.146] [bbotk]       83 0.2311334         4  0.1083499        0      0            0.311
INFO  [16:57:14.146] [bbotk]                                 uhash
INFO  [16:57:14.146] [bbotk]  630ecadb-a5cd-47a3-9dc4-fabc172523f2
INFO  [16:57:14.153] [bbotk] Evaluating 1 configuration(s)
INFO  [16:57:15.249] [bbotk] Result of batch 9:
INFO  [16:57:15.250] [bbotk]  nrounds       eta max_depth classif.ce warnings errors runtime_learners
INFO  [16:57:15.250] [bbotk]      168 0.1403431        10  0.1039031        0      0            1.051
INFO  [16:57:15.250] [bbotk]                                 uhash
INFO  [16:57:15.250] [bbotk]  d72b111e-6dfa-4c73-b097-26c6d52aa711
INFO  [16:57:15.254] [bbotk] Evaluating 1 configuration(s)
INFO  [16:57:15.629] [bbotk] Result of batch 10:
INFO  [16:57:15.630] [bbotk]  nrounds       eta max_depth classif.ce warnings errors runtime_learners
INFO  [16:57:15.630] [bbotk]      177 0.1351075         2  0.1083475        0      0             0.33
INFO  [16:57:15.630] [bbotk]                                 uhash
INFO  [16:57:15.630] [bbotk]  6d06d1b1-2202-4261-82cf-b90ca283696d
INFO  [16:57:15.639] [bbotk] Finished optimizing after 10 evaluation(s)
INFO  [16:57:15.639] [bbotk] Result:
INFO  [16:57:15.640] [bbotk]  nrounds        eta max_depth learner_param_vals  x_domain classif.ce
INFO  [16:57:15.640] [bbotk]    <int>      <num>     <int>             <list>    <list>      <num>
INFO  [16:57:15.640] [bbotk]      249 0.04868146         8          <list[5]> <list[3]> 0.09856974
INFO  [16:57:16.463] [bbotk] Starting to optimize 3 parameter(s) with '<OptimizerBatchRandomSearch>' and '<TerminatorEvals> [n_evals=10, k=0]'
INFO  [16:57:16.485] [bbotk] Evaluating 1 configuration(s)
INFO  [16:57:16.999] [bbotk] Result of batch 1:
INFO  [16:57:17.000] [bbotk]  nrounds        eta max_depth classif.ce warnings errors runtime_learners
INFO  [16:57:17.000] [bbotk]      169 0.08504521         3  0.1101206        0      0            0.462
INFO  [16:57:17.000] [bbotk]                                 uhash
INFO  [16:57:17.000] [bbotk]  dd421610-7462-4e4c-b925-15a2277d0650
INFO  [16:57:17.011] [bbotk] Evaluating 1 configuration(s)
INFO  [16:57:17.691] [bbotk] Result of batch 2:
INFO  [16:57:17.693] [bbotk]  nrounds       eta max_depth classif.ce warnings errors runtime_learners
INFO  [16:57:17.693] [bbotk]      110 0.2157859         7  0.1181111        0      0             0.63
INFO  [16:57:17.693] [bbotk]                                 uhash
INFO  [16:57:17.693] [bbotk]  0a6aba09-89eb-4181-acc7-7984db7f6db0
INFO  [16:57:17.706] [bbotk] Evaluating 1 configuration(s)
INFO  [16:57:18.390] [bbotk] Result of batch 3:
INFO  [16:57:18.393] [bbotk]  nrounds       eta max_depth classif.ce warnings errors runtime_learners
INFO  [16:57:18.393] [bbotk]      110 0.2131935        10  0.1154515        0      0            0.641
INFO  [16:57:18.393] [bbotk]                                 uhash
INFO  [16:57:18.393] [bbotk]  e26996ab-c439-443e-9e1d-e70dd3c04508
INFO  [16:57:18.397] [bbotk] Evaluating 1 configuration(s)
INFO  [16:57:18.913] [bbotk] Result of batch 4:
INFO  [16:57:18.914] [bbotk]  nrounds        eta max_depth classif.ce warnings errors runtime_learners
INFO  [16:57:18.914] [bbotk]      113 0.01241124         5  0.1074563        0      0            0.473
INFO  [16:57:18.914] [bbotk]                                 uhash
INFO  [16:57:18.914] [bbotk]  86cb68d4-8cc3-476a-84ff-1a4cba511e03
INFO  [16:57:18.918] [bbotk] Evaluating 1 configuration(s)
INFO  [16:57:19.798] [bbotk] Result of batch 5:
INFO  [16:57:19.799] [bbotk]  nrounds       eta max_depth classif.ce warnings errors runtime_learners
INFO  [16:57:19.799] [bbotk]      271 0.1565575         3  0.1110071        0      0            0.808
INFO  [16:57:19.799] [bbotk]                                 uhash
INFO  [16:57:19.799] [bbotk]  da2d26b2-5b99-4098-8d1f-c291ae17a217
INFO  [16:57:19.803] [bbotk] Evaluating 1 configuration(s)
INFO  [16:57:20.515] [bbotk] Result of batch 6:
INFO  [16:57:20.517] [bbotk]  nrounds        eta max_depth classif.ce warnings errors runtime_learners
INFO  [16:57:20.517] [bbotk]      142 0.03362829         5   0.111896        0      0            0.657
INFO  [16:57:20.517] [bbotk]                                 uhash
INFO  [16:57:20.517] [bbotk]  11b8da3c-b88b-49e9-836c-755a22ab195f
INFO  [16:57:20.528] [bbotk] Evaluating 1 configuration(s)
INFO  [16:57:21.318] [bbotk] Result of batch 7:
INFO  [16:57:21.319] [bbotk]  nrounds       eta max_depth classif.ce warnings errors runtime_learners
INFO  [16:57:21.319] [bbotk]      154 0.2562584         8  0.1136714        0      0            0.726
INFO  [16:57:21.319] [bbotk]                                 uhash
INFO  [16:57:21.319] [bbotk]  40e284cc-0cee-4684-be19-1a21a17b728d
INFO  [16:57:21.323] [bbotk] Evaluating 1 configuration(s)
INFO  [16:57:21.657] [bbotk] Result of batch 8:
INFO  [16:57:21.659] [bbotk]  nrounds        eta max_depth classif.ce warnings errors runtime_learners
INFO  [16:57:21.659] [bbotk]      124 0.04716385         2 0.09858156        0      0            0.235
INFO  [16:57:21.659] [bbotk]                                 uhash
INFO  [16:57:21.659] [bbotk]  39a02029-1d7b-4bb5-b8e5-31d672708bfc
INFO  [16:57:21.665] [bbotk] Evaluating 1 configuration(s)
INFO  [16:57:22.549] [bbotk] Result of batch 9:
INFO  [16:57:22.550] [bbotk]  nrounds      eta max_depth classif.ce warnings errors runtime_learners
INFO  [16:57:22.550] [bbotk]      131 0.101831         7  0.1092317        0      0            0.834
INFO  [16:57:22.550] [bbotk]                                 uhash
INFO  [16:57:22.550] [bbotk]  cd57a48e-292d-4ee9-a681-19c2ab73d708
INFO  [16:57:22.555] [bbotk] Evaluating 1 configuration(s)
INFO  [16:57:23.044] [bbotk] Result of batch 10:
INFO  [16:57:23.045] [bbotk]  nrounds        eta max_depth classif.ce warnings errors runtime_learners
INFO  [16:57:23.045] [bbotk]      221 0.08274003         2  0.1039078        0      0            0.442
INFO  [16:57:23.045] [bbotk]                                 uhash
INFO  [16:57:23.045] [bbotk]  7a8dde1a-66b2-411f-a5de-541d31c06707
INFO  [16:57:23.053] [bbotk] Finished optimizing after 10 evaluation(s)
INFO  [16:57:23.054] [bbotk] Result:
INFO  [16:57:23.054] [bbotk]  nrounds        eta max_depth learner_param_vals  x_domain classif.ce
INFO  [16:57:23.054] [bbotk]    <int>      <num>     <int>             <list>    <list>      <num>
INFO  [16:57:23.054] [bbotk]      124 0.04716385         2          <list[5]> <list[3]> 0.09858156
INFO  [16:57:23.222] [bbotk] Starting to optimize 3 parameter(s) with '<OptimizerBatchRandomSearch>' and '<TerminatorEvals> [n_evals=10, k=0]'
INFO  [16:57:23.252] [bbotk] Evaluating 1 configuration(s)
INFO  [16:57:23.882] [bbotk] Result of batch 1:
INFO  [16:57:23.884] [bbotk]  nrounds       eta max_depth classif.ce warnings errors runtime_learners
INFO  [16:57:23.884] [bbotk]      286 0.2232964         2  0.1207896        0      0            0.586
INFO  [16:57:23.884] [bbotk]                                 uhash
INFO  [16:57:23.884] [bbotk]  abe23d04-a1f2-4189-8926-35294421fd41
INFO  [16:57:23.888] [bbotk] Evaluating 1 configuration(s)
INFO  [16:57:24.545] [bbotk] Result of batch 2:
INFO  [16:57:24.547] [bbotk]  nrounds       eta max_depth classif.ce warnings errors runtime_learners
INFO  [16:57:24.547] [bbotk]      166 0.2513063         4  0.1190118        0      0            0.606
INFO  [16:57:24.547] [bbotk]                                 uhash
INFO  [16:57:24.547] [bbotk]  cd6b97ff-31f2-4624-af33-948e32c385aa
INFO  [16:57:24.558] [bbotk] Evaluating 1 configuration(s)
INFO  [16:57:25.182] [bbotk] Result of batch 3:
INFO  [16:57:25.183] [bbotk]  nrounds       eta max_depth classif.ce warnings errors runtime_learners
INFO  [16:57:25.183] [bbotk]      156 0.1011495         4  0.1216738        0      0            0.583
INFO  [16:57:25.183] [bbotk]                                 uhash
INFO  [16:57:25.183] [bbotk]  ef0585a2-7f23-4230-ac2e-8cbbc604cc57
INFO  [16:57:25.188] [bbotk] Evaluating 1 configuration(s)
INFO  [16:57:25.945] [bbotk] Result of batch 4:
INFO  [16:57:25.948] [bbotk]  nrounds      eta max_depth classif.ce warnings errors runtime_learners
INFO  [16:57:25.948] [bbotk]      204 0.240351         4  0.1181253        0      0            0.716
INFO  [16:57:25.948] [bbotk]                                 uhash
INFO  [16:57:25.948] [bbotk]  157e3ef1-96e8-4095-b972-5ae49f8f34d1
INFO  [16:57:25.957] [bbotk] Evaluating 1 configuration(s)
INFO  [16:57:26.344] [bbotk] Result of batch 5:
INFO  [16:57:26.346] [bbotk]  nrounds        eta max_depth classif.ce warnings errors runtime_learners
INFO  [16:57:26.346] [bbotk]      127 0.04912296         3  0.1047943        0      0            0.342
INFO  [16:57:26.346] [bbotk]                                 uhash
INFO  [16:57:26.346] [bbotk]  a5dfff7d-fae6-4532-a435-af4055708212
INFO  [16:57:26.355] [bbotk] Evaluating 1 configuration(s)
INFO  [16:57:26.662] [bbotk] Result of batch 6:
INFO  [16:57:26.663] [bbotk]  nrounds       eta max_depth classif.ce warnings errors runtime_learners
INFO  [16:57:26.663] [bbotk]       63 0.1424453         4  0.1083404        0      0             0.25
INFO  [16:57:26.663] [bbotk]                                 uhash
INFO  [16:57:26.663] [bbotk]  4aee7c3d-8adc-43a6-9169-90a784e7e5cd
INFO  [16:57:26.667] [bbotk] Evaluating 1 configuration(s)
INFO  [16:57:26.873] [bbotk] Result of batch 7:
INFO  [16:57:26.875] [bbotk]  nrounds       eta max_depth classif.ce warnings errors runtime_learners
INFO  [16:57:26.875] [bbotk]       81 0.2085229         2  0.1136809        0      0            0.151
INFO  [16:57:26.875] [bbotk]                                 uhash
INFO  [16:57:26.875] [bbotk]  78b71d68-976b-40ff-a18b-ae047887de91
INFO  [16:57:26.883] [bbotk] Evaluating 1 configuration(s)
INFO  [16:57:27.289] [bbotk] Result of batch 8:
INFO  [16:57:27.291] [bbotk]  nrounds       eta max_depth classif.ce warnings errors runtime_learners
INFO  [16:57:27.291] [bbotk]       60 0.1864257         9  0.1110095        0      0            0.367
INFO  [16:57:27.291] [bbotk]                                 uhash
INFO  [16:57:27.291] [bbotk]  fb49709f-b1ea-4783-882b-6b65e17adeb5
INFO  [16:57:27.299] [bbotk] Evaluating 1 configuration(s)
INFO  [16:57:27.733] [bbotk] Result of batch 9:
INFO  [16:57:27.734] [bbotk]  nrounds       eta max_depth classif.ce warnings errors runtime_learners
INFO  [16:57:27.734] [bbotk]       83 0.2928966         5  0.1154563        0      0            0.387
INFO  [16:57:27.734] [bbotk]                                 uhash
INFO  [16:57:27.734] [bbotk]  531bbeff-c943-4d7c-8dda-22bc8248d7a0
INFO  [16:57:27.738] [bbotk] Evaluating 1 configuration(s)
INFO  [16:57:28.164] [bbotk] Result of batch 10:
INFO  [16:57:28.166] [bbotk]  nrounds        eta max_depth classif.ce warnings errors runtime_learners
INFO  [16:57:28.166] [bbotk]      211 0.06131731         2   0.115461        0      0            0.381
INFO  [16:57:28.166] [bbotk]                                 uhash
INFO  [16:57:28.166] [bbotk]  37efc910-7acb-4f48-9088-6c2dee80b5ea
INFO  [16:57:28.181] [bbotk] Finished optimizing after 10 evaluation(s)
INFO  [16:57:28.182] [bbotk] Result:
INFO  [16:57:28.182] [bbotk]  nrounds        eta max_depth learner_param_vals  x_domain classif.ce
INFO  [16:57:28.182] [bbotk]    <int>      <num>     <int>             <list>    <list>      <num>
INFO  [16:57:28.182] [bbotk]      127 0.04912296         3          <list[5]> <list[3]>  0.1047943

### [bt]: Job terminated successfully [batchtools job.id=1475]
### [bt]: Calculation finished!
