### [bt]: This is batchtools v0.9.17
### [bt]: Starting calculation of 5 jobs
### [bt]: Setting working directory to '/Users/User/Documents/Studium/Semester8/Hiwi/mlr3calibration/vignettes'
### [bt]: Memory measurement disabled
### [bt]: Starting job [batchtools job.id=1086]
### [bt]: Generating problem instance for problem '698720b8ce42ae0c' ...
### [bt]: Applying algorithm 'run_learner' on problem '698720b8ce42ae0c' for job 1086 (seed = 1087) ...
INFO  [16:44:25.510] [mlr3] Applying learner 'classif.xgboost.tuned_calib.perfold_platt' on task 'pc4' (iter 6/10)
INFO  [16:44:25.592] [bbotk] Starting to optimize 3 parameter(s) with '<OptimizerBatchRandomSearch>' and '<TerminatorEvals> [n_evals=10, k=0]'
INFO  [16:44:25.608] [bbotk] Evaluating 1 configuration(s)
INFO  [16:44:26.389] [bbotk] Result of batch 1:
INFO  [16:44:26.391] [bbotk]  nrounds       eta max_depth classif.ce warnings errors runtime_learners
INFO  [16:44:26.391] [bbotk]      280 0.2927212         9  0.0905717        0      0            0.746
INFO  [16:44:26.391] [bbotk]                                 uhash
INFO  [16:44:26.391] [bbotk]  0685e0cd-b72a-4a6f-a976-e7a83d0027bc
INFO  [16:44:26.401] [bbotk] Evaluating 1 configuration(s)
INFO  [16:44:26.969] [bbotk] Result of batch 2:
INFO  [16:44:26.971] [bbotk]  nrounds      eta max_depth classif.ce warnings errors runtime_learners
INFO  [16:44:26.971] [bbotk]      281 0.267373         2 0.09533906        0      0            0.517
INFO  [16:44:26.971] [bbotk]                                 uhash
INFO  [16:44:26.971] [bbotk]  f735c43d-4b81-4ae4-8ca9-f31d643879b3
INFO  [16:44:26.985] [bbotk] Evaluating 1 configuration(s)
INFO  [16:44:27.891] [bbotk] Result of batch 3:
INFO  [16:44:27.893] [bbotk]  nrounds       eta max_depth classif.ce warnings errors runtime_learners
INFO  [16:44:27.893] [bbotk]      285 0.2290364         5 0.09343157        0      0            0.854
INFO  [16:44:27.893] [bbotk]                                 uhash
INFO  [16:44:27.893] [bbotk]  7c7b11b7-1636-483f-a9ae-d901766527eb
INFO  [16:44:27.897] [bbotk] Evaluating 1 configuration(s)
INFO  [16:44:28.749] [bbotk] Result of batch 4:
INFO  [16:44:28.750] [bbotk]  nrounds       eta max_depth classif.ce warnings errors runtime_learners
INFO  [16:44:28.750] [bbotk]      241 0.1517048         7  0.0934343        0      0            0.828
INFO  [16:44:28.750] [bbotk]                                 uhash
INFO  [16:44:28.750] [bbotk]  4e54e9b5-d562-440a-bce2-aa9eb007caf5
INFO  [16:44:28.753] [bbotk] Evaluating 1 configuration(s)
INFO  [16:44:29.357] [bbotk] Result of batch 5:
INFO  [16:44:29.358] [bbotk]  nrounds       eta max_depth classif.ce warnings errors runtime_learners
INFO  [16:44:29.358] [bbotk]      141 0.0506317         6 0.09725747        0      0             0.57
INFO  [16:44:29.358] [bbotk]                                 uhash
INFO  [16:44:29.358] [bbotk]  eb39990e-898e-4c0a-81a2-fe54c7f119da
INFO  [16:44:29.365] [bbotk] Evaluating 1 configuration(s)
INFO  [16:44:29.775] [bbotk] Result of batch 6:
INFO  [16:44:29.776] [bbotk]  nrounds       eta max_depth classif.ce warnings errors runtime_learners
INFO  [16:44:29.776] [bbotk]       83 0.1639898         8 0.09533906        0      0            0.367
INFO  [16:44:29.776] [bbotk]                                 uhash
INFO  [16:44:29.776] [bbotk]  ab905c51-d34f-4e5d-97b0-d50c6a6d0756
INFO  [16:44:29.787] [bbotk] Evaluating 1 configuration(s)
INFO  [16:44:30.114] [bbotk] Result of batch 7:
INFO  [16:44:30.115] [bbotk]  nrounds      eta max_depth classif.ce warnings errors runtime_learners
INFO  [16:44:30.115] [bbotk]       64 0.295061         5 0.09629417        0      0            0.276
INFO  [16:44:30.115] [bbotk]                                 uhash
INFO  [16:44:30.115] [bbotk]  a4941c77-6002-42b1-a615-4de551eebb50
INFO  [16:44:30.121] [bbotk] Evaluating 1 configuration(s)
INFO  [16:44:30.579] [bbotk] Result of batch 8:
INFO  [16:44:30.581] [bbotk]  nrounds        eta max_depth classif.ce warnings errors runtime_learners
INFO  [16:44:30.581] [bbotk]      179 0.09301381         3  0.0962969        0      0             0.42
INFO  [16:44:30.581] [bbotk]                                 uhash
INFO  [16:44:30.581] [bbotk]  80682382-c797-4cd1-870b-8fae7d591c4f
INFO  [16:44:30.590] [bbotk] Evaluating 1 configuration(s)
INFO  [16:44:31.258] [bbotk] Result of batch 9:
INFO  [16:44:31.260] [bbotk]  nrounds        eta max_depth classif.ce warnings errors runtime_learners
INFO  [16:44:31.260] [bbotk]      151 0.09611839         5  0.0972411        0      0             0.61
INFO  [16:44:31.260] [bbotk]                                 uhash
INFO  [16:44:31.260] [bbotk]  e4aab5b4-27a8-44f8-bbd8-303a091bae19
INFO  [16:44:31.270] [bbotk] Evaluating 1 configuration(s)
INFO  [16:44:31.703] [bbotk] Result of batch 10:
INFO  [16:44:31.704] [bbotk]  nrounds       eta max_depth classif.ce warnings errors runtime_learners
INFO  [16:44:31.704] [bbotk]       93 0.1426004         5  0.1020194        0      0            0.393
INFO  [16:44:31.704] [bbotk]                                 uhash
INFO  [16:44:31.704] [bbotk]  7b8807f7-0607-432a-a8d7-5c64d4407921
INFO  [16:44:31.712] [bbotk] Finished optimizing after 10 evaluation(s)
INFO  [16:44:31.712] [bbotk] Result:
INFO  [16:44:31.713] [bbotk]  nrounds       eta max_depth learner_param_vals  x_domain classif.ce
INFO  [16:44:31.713] [bbotk]    <int>     <num>     <int>             <list>    <list>      <num>
INFO  [16:44:31.713] [bbotk]      280 0.2927212         9          <list[5]> <list[3]>  0.0905717
INFO  [16:44:32.223] [bbotk] Starting to optimize 3 parameter(s) with '<OptimizerBatchRandomSearch>' and '<TerminatorEvals> [n_evals=10, k=0]'
INFO  [16:44:32.242] [bbotk] Evaluating 1 configuration(s)
INFO  [16:44:32.678] [bbotk] Result of batch 1:
INFO  [16:44:32.679] [bbotk]  nrounds       eta max_depth classif.ce warnings errors runtime_learners
INFO  [16:44:32.679] [bbotk]      146 0.2543808         3  0.1086724        0      0            0.399
INFO  [16:44:32.679] [bbotk]                                 uhash
INFO  [16:44:32.679] [bbotk]  dc6006bd-d447-44f5-852a-f28f1b06bae2
INFO  [16:44:32.683] [bbotk] Evaluating 1 configuration(s)
INFO  [16:44:33.163] [bbotk] Result of batch 2:
INFO  [16:44:33.164] [bbotk]  nrounds        eta max_depth classif.ce warnings errors runtime_learners
INFO  [16:44:33.164] [bbotk]      114 0.03544462         5  0.1077227        0      0            0.444
INFO  [16:44:33.164] [bbotk]                                 uhash
INFO  [16:44:33.164] [bbotk]  a94c8931-c462-42ea-a0df-05028c22f5e2
INFO  [16:44:33.167] [bbotk] Evaluating 1 configuration(s)
INFO  [16:44:33.697] [bbotk] Result of batch 3:
INFO  [16:44:33.699] [bbotk]  nrounds       eta max_depth classif.ce warnings errors runtime_learners
INFO  [16:44:33.699] [bbotk]      190 0.1097503         3  0.1039132        0      0            0.487
INFO  [16:44:33.699] [bbotk]                                 uhash
INFO  [16:44:33.699] [bbotk]  9a02758b-d568-4299-bebb-2e370f7b8257
INFO  [16:44:33.706] [bbotk] Evaluating 1 configuration(s)
INFO  [16:44:34.216] [bbotk] Result of batch 4:
INFO  [16:44:34.217] [bbotk]  nrounds       eta max_depth classif.ce warnings errors runtime_learners
INFO  [16:44:34.217] [bbotk]      128 0.2358617         5  0.1153527        0      0             0.47
INFO  [16:44:34.217] [bbotk]                                 uhash
INFO  [16:44:34.217] [bbotk]  ce0d82da-2910-4e12-9b95-35edb4eaf30a
INFO  [16:44:34.221] [bbotk] Evaluating 1 configuration(s)
INFO  [16:44:34.987] [bbotk] Result of batch 5:
INFO  [16:44:34.988] [bbotk]  nrounds       eta max_depth classif.ce warnings errors runtime_learners
INFO  [16:44:34.988] [bbotk]      292 0.1782725         3  0.1048601        0      0            0.729
INFO  [16:44:34.988] [bbotk]                                 uhash
INFO  [16:44:34.988] [bbotk]  22c3833a-dd4b-4b97-865b-78b9090a8ef1
INFO  [16:44:34.991] [bbotk] Evaluating 1 configuration(s)
INFO  [16:44:35.685] [bbotk] Result of batch 6:
INFO  [16:44:35.686] [bbotk]  nrounds       eta max_depth classif.ce warnings errors runtime_learners
INFO  [16:44:35.686] [bbotk]      170 0.1320239         8  0.1124874        0      0            0.661
INFO  [16:44:35.686] [bbotk]                                 uhash
INFO  [16:44:35.686] [bbotk]  e955d917-48f4-489a-a7a1-9243a293ef54
INFO  [16:44:35.689] [bbotk] Evaluating 1 configuration(s)
INFO  [16:44:36.441] [bbotk] Result of batch 7:
INFO  [16:44:36.443] [bbotk]  nrounds       eta max_depth classif.ce warnings errors runtime_learners
INFO  [16:44:36.443] [bbotk]      205 0.1503807         5  0.1086724        0      0            0.704
INFO  [16:44:36.443] [bbotk]                                 uhash
INFO  [16:44:36.443] [bbotk]  c40fb63e-3703-4899-8a4b-63deffcc4f26
INFO  [16:44:36.452] [bbotk] Evaluating 1 configuration(s)
INFO  [16:44:37.003] [bbotk] Result of batch 8:
INFO  [16:44:37.005] [bbotk]  nrounds       eta max_depth classif.ce warnings errors runtime_learners
INFO  [16:44:37.005] [bbotk]      119 0.1715666         8  0.1105853        0      0            0.511
INFO  [16:44:37.005] [bbotk]                                 uhash
INFO  [16:44:37.005] [bbotk]  6c6decee-dd4f-4b69-9b21-998fa8b7b56d
INFO  [16:44:37.013] [bbotk] Evaluating 1 configuration(s)
INFO  [16:44:37.573] [bbotk] Result of batch 9:
INFO  [16:44:37.574] [bbotk]  nrounds       eta max_depth classif.ce warnings errors runtime_learners
INFO  [16:44:37.574] [bbotk]      182 0.2780941         4    0.11535        0      0            0.515
INFO  [16:44:37.574] [bbotk]                                 uhash
INFO  [16:44:37.574] [bbotk]  efa966d4-fdc7-4bb1-b96d-08e62183f3f4
INFO  [16:44:37.578] [bbotk] Evaluating 1 configuration(s)
INFO  [16:44:38.477] [bbotk] Result of batch 10:
INFO  [16:44:38.478] [bbotk]  nrounds       eta max_depth classif.ce warnings errors runtime_learners
INFO  [16:44:38.478] [bbotk]      209 0.1284151         7  0.1067704        0      0            0.856
INFO  [16:44:38.478] [bbotk]                                 uhash
INFO  [16:44:38.478] [bbotk]  5e3ad31a-9c9b-46c2-b0be-5435d6e0b718
INFO  [16:44:38.488] [bbotk] Finished optimizing after 10 evaluation(s)
INFO  [16:44:38.488] [bbotk] Result:
INFO  [16:44:38.489] [bbotk]  nrounds       eta max_depth learner_param_vals  x_domain classif.ce
INFO  [16:44:38.489] [bbotk]    <int>     <num>     <int>             <list>    <list>      <num>
INFO  [16:44:38.489] [bbotk]      190 0.1097503         3          <list[5]> <list[3]>  0.1039132
INFO  [16:44:38.782] [bbotk] Starting to optimize 3 parameter(s) with '<OptimizerBatchRandomSearch>' and '<TerminatorEvals> [n_evals=10, k=0]'
INFO  [16:44:38.804] [bbotk] Evaluating 1 configuration(s)
INFO  [16:44:39.510] [bbotk] Result of batch 1:
INFO  [16:44:39.511] [bbotk]  nrounds       eta max_depth classif.ce warnings errors runtime_learners
INFO  [16:44:39.511] [bbotk]      215 0.2125247         4 0.09904762        0      0            0.651
INFO  [16:44:39.511] [bbotk]                                 uhash
INFO  [16:44:39.511] [bbotk]  f9872209-fe7f-44d8-acd0-82c2164d6c34
INFO  [16:44:39.515] [bbotk] Evaluating 1 configuration(s)
INFO  [16:44:40.395] [bbotk] Result of batch 2:
INFO  [16:44:40.395] [bbotk]  nrounds        eta max_depth classif.ce warnings errors runtime_learners
INFO  [16:44:40.395] [bbotk]      163 0.08761301        10 0.09428571        0      0            0.836
INFO  [16:44:40.395] [bbotk]                                 uhash
INFO  [16:44:40.395] [bbotk]  b9eb9f5e-921c-4403-bb3d-9f2a738fefa6
INFO  [16:44:40.399] [bbotk] Evaluating 1 configuration(s)
INFO  [16:44:40.892] [bbotk] Result of batch 3:
INFO  [16:44:40.902] [bbotk]  nrounds       eta max_depth classif.ce warnings errors runtime_learners
INFO  [16:44:40.902] [bbotk]      269 0.1854499         2  0.0952381        0      0            0.443
INFO  [16:44:40.902] [bbotk]                                 uhash
INFO  [16:44:40.902] [bbotk]  06a9280a-8860-4e4a-83a1-fd950c99ca06
INFO  [16:44:40.906] [bbotk] Evaluating 1 configuration(s)
INFO  [16:44:41.512] [bbotk] Result of batch 4:
INFO  [16:44:41.514] [bbotk]  nrounds        eta max_depth classif.ce warnings errors runtime_learners
INFO  [16:44:41.514] [bbotk]      239 0.09994935         3  0.1038095        0      0            0.581
INFO  [16:44:41.514] [bbotk]                                 uhash
INFO  [16:44:41.514] [bbotk]  b7164731-a82e-4a34-b493-236e021b4107
INFO  [16:44:41.523] [bbotk] Evaluating 1 configuration(s)
INFO  [16:44:42.258] [bbotk] Result of batch 5:
INFO  [16:44:42.260] [bbotk]  nrounds       eta max_depth classif.ce warnings errors runtime_learners
INFO  [16:44:42.260] [bbotk]      198 0.2136677         7 0.09714286        0      0            0.694
INFO  [16:44:42.260] [bbotk]                                 uhash
INFO  [16:44:42.260] [bbotk]  0f481c21-6522-484b-af21-63e8ca8ee332
INFO  [16:44:42.265] [bbotk] Evaluating 1 configuration(s)
INFO  [16:44:42.462] [bbotk] Result of batch 6:
INFO  [16:44:42.463] [bbotk]  nrounds       eta max_depth classif.ce warnings errors runtime_learners
INFO  [16:44:42.463] [bbotk]       81 0.2298821         2        0.1        0      0            0.154
INFO  [16:44:42.463] [bbotk]                                 uhash
INFO  [16:44:42.463] [bbotk]  3fbdade3-ee84-4dbf-8e8b-de3b36e482b3
INFO  [16:44:42.466] [bbotk] Evaluating 1 configuration(s)
INFO  [16:44:43.368] [bbotk] Result of batch 7:
INFO  [16:44:43.369] [bbotk]  nrounds       eta max_depth classif.ce warnings errors runtime_learners
INFO  [16:44:43.369] [bbotk]      296 0.1816732         4 0.09809524        0      0            0.865
INFO  [16:44:43.369] [bbotk]                                 uhash
INFO  [16:44:43.369] [bbotk]  31025629-edec-415b-aed7-30f9a6e5db0f
INFO  [16:44:43.373] [bbotk] Evaluating 1 configuration(s)
INFO  [16:44:43.849] [bbotk] Result of batch 8:
INFO  [16:44:43.850] [bbotk]  nrounds       eta max_depth classif.ce warnings errors runtime_learners
INFO  [16:44:43.850] [bbotk]      151 0.1925733         4 0.09809524        0      0            0.433
INFO  [16:44:43.850] [bbotk]                                 uhash
INFO  [16:44:43.850] [bbotk]  81083a19-1c9e-4fc1-9042-e4b9939a9689
INFO  [16:44:43.854] [bbotk] Evaluating 1 configuration(s)
INFO  [16:44:44.320] [bbotk] Result of batch 9:
INFO  [16:44:44.321] [bbotk]  nrounds       eta max_depth classif.ce warnings errors runtime_learners
INFO  [16:44:44.321] [bbotk]      191 0.2765362         3  0.1047619        0      0            0.423
INFO  [16:44:44.321] [bbotk]                                 uhash
INFO  [16:44:44.321] [bbotk]  8e7abd8a-5198-49cb-8092-d6c5db00fc38
INFO  [16:44:44.325] [bbotk] Evaluating 1 configuration(s)
INFO  [16:44:44.901] [bbotk] Result of batch 10:
INFO  [16:44:44.903] [bbotk]  nrounds       eta max_depth classif.ce warnings errors runtime_learners
INFO  [16:44:44.903] [bbotk]      185 0.2615463         4 0.09333333        0      0            0.537
INFO  [16:44:44.903] [bbotk]                                 uhash
INFO  [16:44:44.903] [bbotk]  9cc1b194-2326-443a-9419-3e668edc726d
INFO  [16:44:44.928] [bbotk] Finished optimizing after 10 evaluation(s)
INFO  [16:44:44.929] [bbotk] Result:
INFO  [16:44:44.930] [bbotk]  nrounds       eta max_depth learner_param_vals  x_domain classif.ce
INFO  [16:44:44.930] [bbotk]    <int>     <num>     <int>             <list>    <list>      <num>
INFO  [16:44:44.930] [bbotk]      185 0.2615463         4          <list[5]> <list[3]> 0.09333333
INFO  [16:44:45.228] [bbotk] Starting to optimize 3 parameter(s) with '<OptimizerBatchRandomSearch>' and '<TerminatorEvals> [n_evals=10, k=0]'
INFO  [16:44:45.248] [bbotk] Evaluating 1 configuration(s)
INFO  [16:44:46.213] [bbotk] Result of batch 1:
INFO  [16:44:46.215] [bbotk]  nrounds       eta max_depth classif.ce warnings errors runtime_learners
INFO  [16:44:46.215] [bbotk]      260 0.1214273         9 0.08666667        0      0             0.92
INFO  [16:44:46.215] [bbotk]                                 uhash
INFO  [16:44:46.215] [bbotk]  7a374abf-7ef6-4b78-be85-fe3ed9d0ab2b
INFO  [16:44:46.224] [bbotk] Evaluating 1 configuration(s)
INFO  [16:44:47.263] [bbotk] Result of batch 2:
INFO  [16:44:47.264] [bbotk]  nrounds        eta max_depth classif.ce warnings errors runtime_learners
INFO  [16:44:47.264] [bbotk]      234 0.06906531        10 0.08857143        0      0            0.999
INFO  [16:44:47.264] [bbotk]                                 uhash
INFO  [16:44:47.264] [bbotk]  191b01df-9546-4c38-872f-757897187c1c
INFO  [16:44:47.271] [bbotk] Evaluating 1 configuration(s)
INFO  [16:44:47.672] [bbotk] Result of batch 3:
INFO  [16:44:47.675] [bbotk]  nrounds       eta max_depth classif.ce warnings errors runtime_learners
INFO  [16:44:47.675] [bbotk]       75 0.1639833         8 0.09142857        0      0            0.348
INFO  [16:44:47.675] [bbotk]                                 uhash
INFO  [16:44:47.675] [bbotk]  3b3e90bc-d3e6-4028-8009-f409738e14ee
INFO  [16:44:47.679] [bbotk] Evaluating 1 configuration(s)
INFO  [16:44:48.378] [bbotk] Result of batch 4:
INFO  [16:44:48.380] [bbotk]  nrounds       eta max_depth classif.ce warnings errors runtime_learners
INFO  [16:44:48.380] [bbotk]      177 0.2289467         6 0.08952381        0      0            0.646
INFO  [16:44:48.380] [bbotk]                                 uhash
INFO  [16:44:48.380] [bbotk]  031dad01-a599-42e7-9f70-b50e538b6b3b
INFO  [16:44:48.387] [bbotk] Evaluating 1 configuration(s)
INFO  [16:44:48.875] [bbotk] Result of batch 5:
INFO  [16:44:48.877] [bbotk]  nrounds       eta max_depth classif.ce warnings errors runtime_learners
INFO  [16:44:48.877] [bbotk]      123 0.2190524         5 0.08761905        0      0            0.442
INFO  [16:44:48.877] [bbotk]                                 uhash
INFO  [16:44:48.877] [bbotk]  32f80a9e-65e4-468c-9ceb-9a862c6a4bf6
INFO  [16:44:48.881] [bbotk] Evaluating 1 configuration(s)
INFO  [16:44:49.516] [bbotk] Result of batch 6:
INFO  [16:44:49.517] [bbotk]  nrounds       eta max_depth classif.ce warnings errors runtime_learners
INFO  [16:44:49.517] [bbotk]      243 0.1667228         3 0.08190476        0      0            0.584
INFO  [16:44:49.517] [bbotk]                                 uhash
INFO  [16:44:49.517] [bbotk]  0df14873-a559-45f6-a3fb-ae4c3a96a105
INFO  [16:44:49.526] [bbotk] Evaluating 1 configuration(s)
INFO  [16:44:50.832] [bbotk] Result of batch 7:
INFO  [16:44:50.834] [bbotk]  nrounds        eta max_depth classif.ce warnings errors runtime_learners
INFO  [16:44:50.834] [bbotk]      298 0.08812964         8 0.09047619        0      0            1.254
INFO  [16:44:50.834] [bbotk]                                 uhash
INFO  [16:44:50.834] [bbotk]  5a272877-5352-4825-8298-7e04b5b63d2d
INFO  [16:44:50.840] [bbotk] Evaluating 1 configuration(s)
INFO  [16:44:51.257] [bbotk] Result of batch 8:
INFO  [16:44:51.258] [bbotk]  nrounds       eta max_depth classif.ce warnings errors runtime_learners
INFO  [16:44:51.258] [bbotk]       84 0.2408695         9 0.09333333        0      0             0.38
INFO  [16:44:51.258] [bbotk]                                 uhash
INFO  [16:44:51.258] [bbotk]  7f51185b-80b0-4860-b784-6ae867a1e931
INFO  [16:44:51.265] [bbotk] Evaluating 1 configuration(s)
INFO  [16:44:52.001] [bbotk] Result of batch 9:
INFO  [16:44:52.003] [bbotk]  nrounds       eta max_depth classif.ce warnings errors runtime_learners
INFO  [16:44:52.003] [bbotk]      248 0.1969343         4 0.08571429        0      0            0.695
INFO  [16:44:52.003] [bbotk]                                 uhash
INFO  [16:44:52.003] [bbotk]  174c9cb6-3073-42a3-8a82-e241093b4a13
INFO  [16:44:52.007] [bbotk] Evaluating 1 configuration(s)
INFO  [16:44:52.851] [bbotk] Result of batch 10:
INFO  [16:44:52.852] [bbotk]  nrounds       eta max_depth classif.ce warnings errors runtime_learners
INFO  [16:44:52.852] [bbotk]      275 0.2029037         4 0.08095238        0      0            0.812
INFO  [16:44:52.852] [bbotk]                                 uhash
INFO  [16:44:52.852] [bbotk]  ee61a2ba-f463-4ec6-b20a-8bc0b7257be7
INFO  [16:44:52.860] [bbotk] Finished optimizing after 10 evaluation(s)
INFO  [16:44:52.861] [bbotk] Result:
INFO  [16:44:52.861] [bbotk]  nrounds       eta max_depth learner_param_vals  x_domain classif.ce
INFO  [16:44:52.861] [bbotk]    <int>     <num>     <int>             <list>    <list>      <num>
INFO  [16:44:52.861] [bbotk]      275 0.2029037         4          <list[5]> <list[3]> 0.08095238
INFO  [16:44:53.310] [bbotk] Starting to optimize 3 parameter(s) with '<OptimizerBatchRandomSearch>' and '<TerminatorEvals> [n_evals=10, k=0]'
INFO  [16:44:53.327] [bbotk] Evaluating 1 configuration(s)
INFO  [16:44:53.986] [bbotk] Result of batch 1:
INFO  [16:44:53.987] [bbotk]  nrounds       eta max_depth classif.ce warnings errors runtime_learners
INFO  [16:44:53.987] [bbotk]      176 0.2538099         6  0.1047619        0      0            0.621
INFO  [16:44:53.987] [bbotk]                                 uhash
INFO  [16:44:53.987] [bbotk]  cd727098-d8c6-4b5b-831b-fcaad8d7b178
INFO  [16:44:53.991] [bbotk] Evaluating 1 configuration(s)
INFO  [16:44:54.831] [bbotk] Result of batch 2:
INFO  [16:44:54.832] [bbotk]  nrounds       eta max_depth classif.ce warnings errors runtime_learners
INFO  [16:44:54.832] [bbotk]      265 0.2839062         6  0.1019048        0      0            0.791
INFO  [16:44:54.832] [bbotk]                                 uhash
INFO  [16:44:54.832] [bbotk]  478da1f0-6ffc-4bdc-83c0-dd406a701d09
INFO  [16:44:54.851] [bbotk] Evaluating 1 configuration(s)
INFO  [16:44:55.631] [bbotk] Result of batch 3:
INFO  [16:44:55.633] [bbotk]  nrounds       eta max_depth classif.ce warnings errors runtime_learners
INFO  [16:44:55.633] [bbotk]      221 0.2316491         6  0.1019048        0      0             0.73
INFO  [16:44:55.633] [bbotk]                                 uhash
INFO  [16:44:55.633] [bbotk]  1367b6cf-a75a-4c4e-95f5-00cb3d8fea88
INFO  [16:44:55.640] [bbotk] Evaluating 1 configuration(s)
INFO  [16:44:56.312] [bbotk] Result of batch 4:
INFO  [16:44:56.313] [bbotk]  nrounds        eta max_depth classif.ce warnings errors runtime_learners
INFO  [16:44:56.313] [bbotk]      166 0.09251304         5  0.1009524        0      0            0.637
INFO  [16:44:56.313] [bbotk]                                 uhash
INFO  [16:44:56.313] [bbotk]  56b70f86-02b5-49fc-8557-fc91ba888b90
INFO  [16:44:56.317] [bbotk] Evaluating 1 configuration(s)
INFO  [16:44:56.563] [bbotk] Result of batch 5:
INFO  [16:44:56.565] [bbotk]  nrounds        eta max_depth classif.ce warnings errors runtime_learners
INFO  [16:44:56.565] [bbotk]       66 0.07862915         4  0.0952381        0      0            0.206
INFO  [16:44:56.565] [bbotk]                                 uhash
INFO  [16:44:56.565] [bbotk]  d98c44fe-5c9e-48eb-a48c-6235853746bc
INFO  [16:44:56.575] [bbotk] Evaluating 1 configuration(s)
INFO  [16:44:57.389] [bbotk] Result of batch 6:
INFO  [16:44:57.390] [bbotk]  nrounds       eta max_depth classif.ce warnings errors runtime_learners
INFO  [16:44:57.390] [bbotk]      232 0.2253615         8  0.1028571        0      0            0.775
INFO  [16:44:57.390] [bbotk]                                 uhash
INFO  [16:44:57.390] [bbotk]  29f43f9f-7a74-4241-99ff-f970ae3acf5c
INFO  [16:44:57.400] [bbotk] Evaluating 1 configuration(s)
INFO  [16:44:57.755] [bbotk] Result of batch 7:
INFO  [16:44:57.757] [bbotk]  nrounds       eta max_depth classif.ce warnings errors runtime_learners
INFO  [16:44:57.757] [bbotk]       64 0.2230021         9 0.09809524        0      0            0.295
INFO  [16:44:57.757] [bbotk]                                 uhash
INFO  [16:44:57.757] [bbotk]  87f34e87-3080-4d6a-8ed7-4ce0d69ed2c5
INFO  [16:44:57.762] [bbotk] Evaluating 1 configuration(s)
INFO  [16:44:58.194] [bbotk] Result of batch 8:
INFO  [16:44:58.195] [bbotk]  nrounds        eta max_depth classif.ce warnings errors runtime_learners
INFO  [16:44:58.195] [bbotk]       66 0.02573104         6 0.09333333        0      0            0.379
INFO  [16:44:58.195] [bbotk]                                 uhash
INFO  [16:44:58.195] [bbotk]  7c01e4b0-c6d4-4c4f-8809-f223e630ddf9
INFO  [16:44:58.199] [bbotk] Evaluating 1 configuration(s)
INFO  [16:44:58.916] [bbotk] Result of batch 9:
INFO  [16:44:58.918] [bbotk]  nrounds       eta max_depth classif.ce warnings errors runtime_learners
INFO  [16:44:58.918] [bbotk]      198 0.2761331        10  0.1019048        0      0            0.666
INFO  [16:44:58.918] [bbotk]                                 uhash
INFO  [16:44:58.918] [bbotk]  f3005b53-0364-42ee-978a-3fabdf8f7a28
INFO  [16:44:58.922] [bbotk] Evaluating 1 configuration(s)
INFO  [16:44:59.330] [bbotk] Result of batch 10:
INFO  [16:44:59.331] [bbotk]  nrounds     eta max_depth classif.ce warnings errors runtime_learners
INFO  [16:44:59.331] [bbotk]       75 0.06584         9  0.1009524        0      0            0.354
INFO  [16:44:59.331] [bbotk]                                 uhash
INFO  [16:44:59.331] [bbotk]  a3480dba-5639-46f0-aa76-46ecb1d9f759
INFO  [16:44:59.353] [bbotk] Finished optimizing after 10 evaluation(s)
INFO  [16:44:59.354] [bbotk] Result:
INFO  [16:44:59.356] [bbotk]  nrounds        eta max_depth learner_param_vals  x_domain classif.ce
INFO  [16:44:59.356] [bbotk]    <int>      <num>     <int>             <list>    <list>      <num>
INFO  [16:44:59.356] [bbotk]       66 0.02573104         6          <list[5]> <list[3]> 0.09333333

### [bt]: Job terminated successfully [batchtools job.id=1086]
### [bt]: Starting job [batchtools job.id=1087]
### [bt]: Generating problem instance for problem '698720b8ce42ae0c' ...
### [bt]: Applying algorithm 'run_learner' on problem '698720b8ce42ae0c' for job 1087 (seed = 1088) ...
INFO  [16:44:59.674] [mlr3] Applying learner 'classif.xgboost.tuned_calib.perfold_platt' on task 'pc4' (iter 7/10)
INFO  [16:44:59.734] [bbotk] Starting to optimize 3 parameter(s) with '<OptimizerBatchRandomSearch>' and '<TerminatorEvals> [n_evals=10, k=0]'
INFO  [16:44:59.772] [bbotk] Evaluating 1 configuration(s)
INFO  [16:45:00.470] [bbotk] Result of batch 1:
INFO  [16:45:00.471] [bbotk]  nrounds       eta max_depth classif.ce warnings errors runtime_learners
INFO  [16:45:00.471] [bbotk]      154 0.1676082         8 0.08769546        0      0            0.664
INFO  [16:45:00.471] [bbotk]                                 uhash
INFO  [16:45:00.471] [bbotk]  f9178512-e044-4b2c-b791-41165e932747
INFO  [16:45:00.475] [bbotk] Evaluating 1 configuration(s)
INFO  [16:45:00.674] [bbotk] Result of batch 2:
INFO  [16:45:00.675] [bbotk]  nrounds        eta max_depth classif.ce warnings errors runtime_learners
INFO  [16:45:00.675] [bbotk]       79 0.05838323         2  0.1029363        0      0            0.147
INFO  [16:45:00.675] [bbotk]                                 uhash
INFO  [16:45:00.675] [bbotk]  e64c369f-ccef-4302-a95b-c4f3240511da
INFO  [16:45:00.682] [bbotk] Evaluating 1 configuration(s)
INFO  [16:45:01.085] [bbotk] Result of batch 3:
INFO  [16:45:01.086] [bbotk]  nrounds      eta max_depth classif.ce warnings errors runtime_learners
INFO  [16:45:01.086] [bbotk]      113 0.294502         4 0.09150225        0      0            0.359
INFO  [16:45:01.086] [bbotk]                                 uhash
INFO  [16:45:01.086] [bbotk]  fc4df942-fba1-4ee5-8ff8-6c723807e5f7
INFO  [16:45:01.099] [bbotk] Evaluating 1 configuration(s)
INFO  [16:45:02.095] [bbotk] Result of batch 4:
INFO  [16:45:02.096] [bbotk]  nrounds       eta max_depth classif.ce warnings errors runtime_learners
INFO  [16:45:02.096] [bbotk]      297 0.1895017        10 0.08960295        0      0             0.95
INFO  [16:45:02.096] [bbotk]                                 uhash
INFO  [16:45:02.096] [bbotk]  ef33f17c-2135-48c0-ab3d-e747158cc173
INFO  [16:45:02.100] [bbotk] Evaluating 1 configuration(s)
INFO  [16:45:03.191] [bbotk] Result of batch 5:
INFO  [16:45:03.193] [bbotk]  nrounds       eta max_depth classif.ce warnings errors runtime_learners
INFO  [16:45:03.193] [bbotk]      295 0.1265203         6 0.09150771        0      0            1.054
INFO  [16:45:03.193] [bbotk]                                 uhash
INFO  [16:45:03.193] [bbotk]  6e600f40-2dc2-41dd-b675-c8da058d3a36
INFO  [16:45:03.202] [bbotk] Evaluating 1 configuration(s)
INFO  [16:45:03.714] [bbotk] Result of batch 6:
INFO  [16:45:03.716] [bbotk]  nrounds        eta max_depth classif.ce warnings errors runtime_learners
INFO  [16:45:03.716] [bbotk]       87 0.05203081         7 0.08863419        0      0            0.465
INFO  [16:45:03.716] [bbotk]                                 uhash
INFO  [16:45:03.716] [bbotk]  a2fdef73-0d7a-46ca-9201-21fb2b42a211
INFO  [16:45:03.721] [bbotk] Evaluating 1 configuration(s)
INFO  [16:45:04.651] [bbotk] Result of batch 7:
INFO  [16:45:04.653] [bbotk]  nrounds       eta max_depth classif.ce warnings errors runtime_learners
INFO  [16:45:04.653] [bbotk]      224 0.1019795        10 0.09341247        0      0            0.894
INFO  [16:45:04.653] [bbotk]                                 uhash
INFO  [16:45:04.653] [bbotk]  3a82c49c-650b-4cb5-857b-d91360387bde
INFO  [16:45:04.666] [bbotk] Evaluating 1 configuration(s)
INFO  [16:45:05.439] [bbotk] Result of batch 8:
INFO  [16:45:05.441] [bbotk]  nrounds       eta max_depth classif.ce warnings errors runtime_learners
INFO  [16:45:05.441] [bbotk]      219 0.1788981         8 0.08769273        0      0            0.725
INFO  [16:45:05.441] [bbotk]                                 uhash
INFO  [16:45:05.441] [bbotk]  ffbb7c01-959d-4ea4-bd36-61db3f1dea25
INFO  [16:45:05.450] [bbotk] Evaluating 1 configuration(s)
INFO  [16:45:06.134] [bbotk] Result of batch 9:
INFO  [16:45:06.135] [bbotk]  nrounds       eta max_depth classif.ce warnings errors runtime_learners
INFO  [16:45:06.135] [bbotk]      183 0.2162438         7  0.0934152        0      0            0.624
INFO  [16:45:06.135] [bbotk]                                 uhash
INFO  [16:45:06.135] [bbotk]  a8324b4e-2bb3-4d3b-a682-18b529dfaec0
INFO  [16:45:06.139] [bbotk] Evaluating 1 configuration(s)
INFO  [16:45:07.041] [bbotk] Result of batch 10:
INFO  [16:45:07.042] [bbotk]  nrounds        eta max_depth classif.ce warnings errors runtime_learners
INFO  [16:45:07.042] [bbotk]      182 0.06102036         9 0.09150771        0      0            0.871
INFO  [16:45:07.042] [bbotk]                                 uhash
INFO  [16:45:07.042] [bbotk]  58759878-b27a-4158-97ab-419a351a89b1
INFO  [16:45:07.050] [bbotk] Finished optimizing after 10 evaluation(s)
INFO  [16:45:07.051] [bbotk] Result:
INFO  [16:45:07.052] [bbotk]  nrounds       eta max_depth learner_param_vals  x_domain classif.ce
INFO  [16:45:07.052] [bbotk]    <int>     <num>     <int>             <list>    <list>      <num>
INFO  [16:45:07.052] [bbotk]      219 0.1788981         8          <list[5]> <list[3]> 0.08769273
INFO  [16:45:07.494] [bbotk] Starting to optimize 3 parameter(s) with '<OptimizerBatchRandomSearch>' and '<TerminatorEvals> [n_evals=10, k=0]'
INFO  [16:45:07.513] [bbotk] Evaluating 1 configuration(s)
INFO  [16:45:07.806] [bbotk] Result of batch 1:
INFO  [16:45:07.806] [bbotk]  nrounds       eta max_depth classif.ce warnings errors runtime_learners
INFO  [16:45:07.806] [bbotk]       57 0.2515163        10 0.09532542        0      0            0.254
INFO  [16:45:07.806] [bbotk]                                 uhash
INFO  [16:45:07.806] [bbotk]  0f464822-cd85-4032-8a45-0fcdf2514e74
INFO  [16:45:07.810] [bbotk] Evaluating 1 configuration(s)
INFO  [16:45:08.500] [bbotk] Result of batch 2:
INFO  [16:45:08.502] [bbotk]  nrounds       eta max_depth classif.ce warnings errors runtime_learners
INFO  [16:45:08.502] [bbotk]      195 0.2642615         9 0.09055533        0      0             0.64
INFO  [16:45:08.502] [bbotk]                                 uhash
INFO  [16:45:08.502] [bbotk]  e82c4abf-9920-42b8-ac94-cad4f2712e2a
INFO  [16:45:08.511] [bbotk] Evaluating 1 configuration(s)
INFO  [16:45:09.086] [bbotk] Result of batch 3:
INFO  [16:45:09.088] [bbotk]  nrounds        eta max_depth classif.ce warnings errors runtime_learners
INFO  [16:45:09.088] [bbotk]      100 0.07665035         9 0.08864511        0      0            0.537
INFO  [16:45:09.088] [bbotk]                                 uhash
INFO  [16:45:09.088] [bbotk]  a39dbaa1-5ed7-4dc1-aa9a-427a807bcd82
INFO  [16:45:09.097] [bbotk] Evaluating 1 configuration(s)
INFO  [16:45:09.265] [bbotk] Result of batch 4:
INFO  [16:45:09.267] [bbotk]  nrounds       eta max_depth classif.ce warnings errors runtime_learners
INFO  [16:45:09.267] [bbotk]       77 0.2709817         2 0.08959476        0      0            0.117
INFO  [16:45:09.267] [bbotk]                                 uhash
INFO  [16:45:09.267] [bbotk]  46021a60-9c38-43c7-8ab0-5ce842fe9252
INFO  [16:45:09.275] [bbotk] Evaluating 1 configuration(s)
INFO  [16:45:09.966] [bbotk] Result of batch 5:
INFO  [16:45:09.968] [bbotk]  nrounds       eta max_depth classif.ce warnings errors runtime_learners
INFO  [16:45:09.968] [bbotk]      152 0.1123366         6 0.09626961        0      0            0.647
INFO  [16:45:09.968] [bbotk]                                 uhash
INFO  [16:45:09.968] [bbotk]  9daa7ebe-480c-4098-b110-d90a90073b60
INFO  [16:45:09.978] [bbotk] Evaluating 1 configuration(s)
INFO  [16:45:10.496] [bbotk] Result of batch 6:
INFO  [16:45:10.498] [bbotk]  nrounds        eta max_depth classif.ce warnings errors runtime_learners
INFO  [16:45:10.498] [bbotk]      134 0.03996798         5 0.08769546        0      0            0.472
INFO  [16:45:10.498] [bbotk]                                 uhash
INFO  [16:45:10.498] [bbotk]  22eeadc8-27ac-417f-90a8-fad984a33b0c
INFO  [16:45:10.502] [bbotk] Evaluating 1 configuration(s)
INFO  [16:45:10.694] [bbotk] Result of batch 7:
INFO  [16:45:10.695] [bbotk]  nrounds       eta max_depth classif.ce warnings errors runtime_learners
INFO  [16:45:10.695] [bbotk]       65 0.1956605         3 0.08959203        0      0            0.164
INFO  [16:45:10.695] [bbotk]                                 uhash
INFO  [16:45:10.695] [bbotk]  3c74353b-8499-4188-8068-34485547d0bc
INFO  [16:45:10.699] [bbotk] Evaluating 1 configuration(s)
INFO  [16:45:11.283] [bbotk] Result of batch 8:
INFO  [16:45:11.284] [bbotk]  nrounds       eta max_depth classif.ce warnings errors runtime_learners
INFO  [16:45:11.284] [bbotk]      245 0.2934801         3 0.08960022        0      0            0.558
INFO  [16:45:11.284] [bbotk]                                 uhash
INFO  [16:45:11.284] [bbotk]  58848a0f-6333-4004-9739-557e977256ac
INFO  [16:45:11.289] [bbotk] Evaluating 1 configuration(s)
INFO  [16:45:11.887] [bbotk] Result of batch 9:
INFO  [16:45:11.887] [bbotk]  nrounds       eta max_depth classif.ce warnings errors runtime_learners
INFO  [16:45:11.887] [bbotk]      233 0.1617246         3  0.0934152        0      0            0.567
INFO  [16:45:11.887] [bbotk]                                 uhash
INFO  [16:45:11.887] [bbotk]  5057182d-bb15-4241-8ca8-b3448b0181ff
INFO  [16:45:11.896] [bbotk] Evaluating 1 configuration(s)
INFO  [16:45:12.131] [bbotk] Result of batch 10:
INFO  [16:45:12.132] [bbotk]  nrounds       eta max_depth classif.ce warnings errors runtime_learners
INFO  [16:45:12.132] [bbotk]       76 0.1415267         3 0.08673762        0      0            0.192
INFO  [16:45:12.132] [bbotk]                                 uhash
INFO  [16:45:12.132] [bbotk]  58a7bd64-3e98-4b9c-8c32-9e43f4601d82
INFO  [16:45:12.140] [bbotk] Finished optimizing after 10 evaluation(s)
INFO  [16:45:12.141] [bbotk] Result:
INFO  [16:45:12.141] [bbotk]  nrounds       eta max_depth learner_param_vals  x_domain classif.ce
INFO  [16:45:12.141] [bbotk]    <int>     <num>     <int>             <list>    <list>      <num>
INFO  [16:45:12.141] [bbotk]       76 0.1415267         3          <list[5]> <list[3]> 0.08673762
INFO  [16:45:12.271] [bbotk] Starting to optimize 3 parameter(s) with '<OptimizerBatchRandomSearch>' and '<TerminatorEvals> [n_evals=10, k=0]'
INFO  [16:45:12.288] [bbotk] Evaluating 1 configuration(s)
INFO  [16:45:12.912] [bbotk] Result of batch 1:
INFO  [16:45:12.913] [bbotk]  nrounds       eta max_depth classif.ce warnings errors runtime_learners
INFO  [16:45:12.913] [bbotk]      259 0.2264916         3  0.0847619        0      0            0.589
INFO  [16:45:12.913] [bbotk]                                 uhash
INFO  [16:45:12.913] [bbotk]  f78f8904-4db8-40b0-9a0d-11b941b55e56
INFO  [16:45:12.919] [bbotk] Evaluating 1 configuration(s)
INFO  [16:45:13.236] [bbotk] Result of batch 2:
INFO  [16:45:13.237] [bbotk]  nrounds       eta max_depth classif.ce warnings errors runtime_learners
INFO  [16:45:13.237] [bbotk]       68 0.1943066         5 0.08190476        0      0            0.268
INFO  [16:45:13.237] [bbotk]                                 uhash
INFO  [16:45:13.237] [bbotk]  b882faf8-c74e-469c-9d00-6f3bf10768af
INFO  [16:45:13.241] [bbotk] Evaluating 1 configuration(s)
INFO  [16:45:13.776] [bbotk] Result of batch 3:
INFO  [16:45:13.777] [bbotk]  nrounds       eta max_depth classif.ce warnings errors runtime_learners
INFO  [16:45:13.777] [bbotk]      141 0.2137837         5 0.08571429        0      0            0.485
INFO  [16:45:13.777] [bbotk]                                 uhash
INFO  [16:45:13.777] [bbotk]  80389dd4-1d49-455c-84f4-3bd7105899c9
INFO  [16:45:13.781] [bbotk] Evaluating 1 configuration(s)
INFO  [16:45:14.869] [bbotk] Result of batch 4:
INFO  [16:45:14.871] [bbotk]  nrounds        eta max_depth classif.ce warnings errors runtime_learners
INFO  [16:45:14.871] [bbotk]      233 0.05038649         7 0.08095238        0      0            1.055
INFO  [16:45:14.871] [bbotk]                                 uhash
INFO  [16:45:14.871] [bbotk]  440b8a93-c019-4df7-b9b8-cc7fe8322488
INFO  [16:45:14.878] [bbotk] Evaluating 1 configuration(s)
INFO  [16:45:15.538] [bbotk] Result of batch 5:
INFO  [16:45:15.540] [bbotk]  nrounds       eta max_depth classif.ce warnings errors runtime_learners
INFO  [16:45:15.540] [bbotk]      189 0.2602642         8 0.08095238        0      0            0.605
INFO  [16:45:15.540] [bbotk]                                 uhash
INFO  [16:45:15.540] [bbotk]  b55fd7f2-9c13-442f-a2ae-6f1178aeea5e
INFO  [16:45:15.547] [bbotk] Evaluating 1 configuration(s)
INFO  [16:45:16.180] [bbotk] Result of batch 6:
INFO  [16:45:16.183] [bbotk]  nrounds       eta max_depth classif.ce warnings errors runtime_learners
INFO  [16:45:16.183] [bbotk]      185 0.1753249         4 0.08285714        0      0            0.584
INFO  [16:45:16.183] [bbotk]                                 uhash
INFO  [16:45:16.183] [bbotk]  b2788439-efc8-4ead-8100-dc1cbb06ee51
INFO  [16:45:16.192] [bbotk] Evaluating 1 configuration(s)
INFO  [16:45:16.585] [bbotk] Result of batch 7:
INFO  [16:45:16.587] [bbotk]  nrounds       eta max_depth classif.ce warnings errors runtime_learners
INFO  [16:45:16.587] [bbotk]      116 0.2727392         4 0.07809524        0      0            0.344
INFO  [16:45:16.587] [bbotk]                                 uhash
INFO  [16:45:16.587] [bbotk]  8eb02f9b-06f0-483b-a7ed-c83b0ff4f1d7
INFO  [16:45:16.595] [bbotk] Evaluating 1 configuration(s)
INFO  [16:45:16.900] [bbotk] Result of batch 8:
INFO  [16:45:16.901] [bbotk]  nrounds        eta max_depth classif.ce warnings errors runtime_learners
INFO  [16:45:16.901] [bbotk]      153 0.05930048         2  0.0847619        0      0            0.261
INFO  [16:45:16.901] [bbotk]                                 uhash
INFO  [16:45:16.901] [bbotk]  d202223d-52db-4f87-af42-a6e7ba6f582e
INFO  [16:45:16.905] [bbotk] Evaluating 1 configuration(s)
INFO  [16:45:17.454] [bbotk] Result of batch 9:
INFO  [16:45:17.455] [bbotk]  nrounds      eta max_depth classif.ce warnings errors runtime_learners
INFO  [16:45:17.455] [bbotk]      178 0.173069         4 0.08571429        0      0            0.506
INFO  [16:45:17.455] [bbotk]                                 uhash
INFO  [16:45:17.455] [bbotk]  668c6555-b53d-4737-9792-89e1089dcd2f
INFO  [16:45:17.458] [bbotk] Evaluating 1 configuration(s)
INFO  [16:45:18.113] [bbotk] Result of batch 10:
INFO  [16:45:18.115] [bbotk]  nrounds       eta max_depth classif.ce warnings errors runtime_learners
INFO  [16:45:18.115] [bbotk]      140 0.1372071         8 0.08380952        0      0            0.594
INFO  [16:45:18.115] [bbotk]                                 uhash
INFO  [16:45:18.115] [bbotk]  008c5310-8234-4908-8199-117a5bf1644e
INFO  [16:45:18.123] [bbotk] Finished optimizing after 10 evaluation(s)
INFO  [16:45:18.124] [bbotk] Result:
INFO  [16:45:18.124] [bbotk]  nrounds       eta max_depth learner_param_vals  x_domain classif.ce
INFO  [16:45:18.124] [bbotk]    <int>     <num>     <int>             <list>    <list>      <num>
INFO  [16:45:18.124] [bbotk]      116 0.2727392         4          <list[5]> <list[3]> 0.07809524
INFO  [16:45:18.342] [bbotk] Starting to optimize 3 parameter(s) with '<OptimizerBatchRandomSearch>' and '<TerminatorEvals> [n_evals=10, k=0]'
INFO  [16:45:18.356] [bbotk] Evaluating 1 configuration(s)
INFO  [16:45:18.774] [bbotk] Result of batch 1:
INFO  [16:45:18.776] [bbotk]  nrounds       eta max_depth classif.ce warnings errors runtime_learners
INFO  [16:45:18.776] [bbotk]      233 0.0370793         2 0.09904762        0      0            0.381
INFO  [16:45:18.776] [bbotk]                                 uhash
INFO  [16:45:18.776] [bbotk]  dfb06b37-c7cc-428f-8925-13dc71bb599a
INFO  [16:45:18.784] [bbotk] Evaluating 1 configuration(s)
INFO  [16:45:19.425] [bbotk] Result of batch 2:
INFO  [16:45:19.427] [bbotk]  nrounds      eta max_depth classif.ce warnings errors runtime_learners
INFO  [16:45:19.427] [bbotk]      199 0.289208         6 0.09714286        0      0            0.605
INFO  [16:45:19.427] [bbotk]                                 uhash
INFO  [16:45:19.427] [bbotk]  7c37ba32-94bc-49a1-ad1e-5950cfdde93a
INFO  [16:45:19.434] [bbotk] Evaluating 1 configuration(s)
INFO  [16:45:19.912] [bbotk] Result of batch 3:
INFO  [16:45:19.912] [bbotk]  nrounds       eta max_depth classif.ce warnings errors runtime_learners
INFO  [16:45:19.912] [bbotk]      145 0.2310914         5 0.09047619        0      0            0.451
INFO  [16:45:19.912] [bbotk]                                 uhash
INFO  [16:45:19.912] [bbotk]  cb237df3-a0dc-46d1-a131-5381683d326d
INFO  [16:45:19.921] [bbotk] Evaluating 1 configuration(s)
INFO  [16:45:20.355] [bbotk] Result of batch 4:
INFO  [16:45:20.357] [bbotk]  nrounds       eta max_depth classif.ce warnings errors runtime_learners
INFO  [16:45:20.357] [bbotk]      180 0.2015286         3  0.1009524        0      0            0.393
INFO  [16:45:20.357] [bbotk]                                 uhash
INFO  [16:45:20.357] [bbotk]  ad6b8a14-36da-4d42-bcf5-fd62f6be5450
INFO  [16:45:20.367] [bbotk] Evaluating 1 configuration(s)
INFO  [16:45:21.004] [bbotk] Result of batch 5:
INFO  [16:45:21.005] [bbotk]  nrounds       eta max_depth classif.ce warnings errors runtime_learners
INFO  [16:45:21.005] [bbotk]      151 0.1433922         9 0.09333333        0      0            0.586
INFO  [16:45:21.005] [bbotk]                                 uhash
INFO  [16:45:21.005] [bbotk]  bbc09958-a5fa-47dd-a025-2864d3f8e9e1
INFO  [16:45:21.011] [bbotk] Evaluating 1 configuration(s)
INFO  [16:45:21.378] [bbotk] Result of batch 6:
INFO  [16:45:21.378] [bbotk]  nrounds       eta max_depth classif.ce warnings errors runtime_learners
INFO  [16:45:21.378] [bbotk]       75 0.0835621         5 0.09904762        0      0            0.326
INFO  [16:45:21.378] [bbotk]                                 uhash
INFO  [16:45:21.378] [bbotk]  b6e70e76-8ff6-49c4-843d-5b9195370551
INFO  [16:45:21.388] [bbotk] Evaluating 1 configuration(s)
INFO  [16:45:22.220] [bbotk] Result of batch 7:
INFO  [16:45:22.221] [bbotk]  nrounds        eta max_depth classif.ce warnings errors runtime_learners
INFO  [16:45:22.221] [bbotk]      219 0.08690058         5 0.09714286        0      0            0.795
INFO  [16:45:22.221] [bbotk]                                 uhash
INFO  [16:45:22.221] [bbotk]  aacf7c6c-d9cd-485f-85d1-b583b6784abc
INFO  [16:45:22.225] [bbotk] Evaluating 1 configuration(s)
INFO  [16:45:22.903] [bbotk] Result of batch 8:
INFO  [16:45:22.904] [bbotk]  nrounds        eta max_depth classif.ce warnings errors runtime_learners
INFO  [16:45:22.904] [bbotk]      136 0.06136134         7  0.1028571        0      0            0.621
INFO  [16:45:22.904] [bbotk]                                 uhash
INFO  [16:45:22.904] [bbotk]  78c4b529-3b82-4a41-821f-b4f183c953d4
INFO  [16:45:22.912] [bbotk] Evaluating 1 configuration(s)
INFO  [16:45:23.756] [bbotk] Result of batch 9:
INFO  [16:45:23.757] [bbotk]  nrounds       eta max_depth classif.ce warnings errors runtime_learners
INFO  [16:45:23.757] [bbotk]      250 0.1671183         8 0.09904762        0      0            0.798
INFO  [16:45:23.757] [bbotk]                                 uhash
INFO  [16:45:23.757] [bbotk]  1a7d566d-5f93-4f29-b8c6-20e3dc788383
INFO  [16:45:23.766] [bbotk] Evaluating 1 configuration(s)
INFO  [16:45:24.196] [bbotk] Result of batch 10:
INFO  [16:45:24.198] [bbotk]  nrounds      eta max_depth classif.ce warnings errors runtime_learners
INFO  [16:45:24.198] [bbotk]       66 0.105615        10  0.1009524        0      0            0.389
INFO  [16:45:24.198] [bbotk]                                 uhash
INFO  [16:45:24.198] [bbotk]  502cd167-5957-4aa5-b6bc-33191ba05964
INFO  [16:45:24.218] [bbotk] Finished optimizing after 10 evaluation(s)
INFO  [16:45:24.219] [bbotk] Result:
INFO  [16:45:24.219] [bbotk]  nrounds       eta max_depth learner_param_vals  x_domain classif.ce
INFO  [16:45:24.219] [bbotk]    <int>     <num>     <int>             <list>    <list>      <num>
INFO  [16:45:24.219] [bbotk]      145 0.2310914         5          <list[5]> <list[3]> 0.09047619
INFO  [16:45:24.565] [bbotk] Starting to optimize 3 parameter(s) with '<OptimizerBatchRandomSearch>' and '<TerminatorEvals> [n_evals=10, k=0]'
INFO  [16:45:24.582] [bbotk] Evaluating 1 configuration(s)
INFO  [16:45:25.332] [bbotk] Result of batch 1:
INFO  [16:45:25.334] [bbotk]  nrounds      eta max_depth classif.ce warnings errors runtime_learners
INFO  [16:45:25.334] [bbotk]      133 0.111011         8   0.107619        0      0            0.711
INFO  [16:45:25.334] [bbotk]                                 uhash
INFO  [16:45:25.334] [bbotk]  bb56c7bd-3208-4bc2-aefe-39ca0d39479d
INFO  [16:45:25.345] [bbotk] Evaluating 1 configuration(s)
INFO  [16:45:25.644] [bbotk] Result of batch 2:
INFO  [16:45:25.646] [bbotk]  nrounds       eta max_depth classif.ce warnings errors runtime_learners
INFO  [16:45:25.646] [bbotk]       65 0.1542473         5  0.1009524        0      0            0.261
INFO  [16:45:25.646] [bbotk]                                 uhash
INFO  [16:45:25.646] [bbotk]  e948adc4-d560-42d1-adff-a10a2d72a685
INFO  [16:45:25.656] [bbotk] Evaluating 1 configuration(s)
INFO  [16:45:26.119] [bbotk] Result of batch 3:
INFO  [16:45:26.121] [bbotk]  nrounds       eta max_depth classif.ce warnings errors runtime_learners
INFO  [16:45:26.121] [bbotk]      274 0.1883773         2  0.1057143        0      0            0.418
INFO  [16:45:26.121] [bbotk]                                 uhash
INFO  [16:45:26.121] [bbotk]  109bd6a6-8eb9-463e-8a91-97f131fc0995
INFO  [16:45:26.126] [bbotk] Evaluating 1 configuration(s)
INFO  [16:45:26.689] [bbotk] Result of batch 4:
INFO  [16:45:26.690] [bbotk]  nrounds       eta max_depth classif.ce warnings errors runtime_learners
INFO  [16:45:26.690] [bbotk]      140 0.2186619        10  0.1047619        0      0            0.531
INFO  [16:45:26.690] [bbotk]                                 uhash
INFO  [16:45:26.690] [bbotk]  ea5d0073-0353-4999-a52c-15728bce83f5
INFO  [16:45:26.694] [bbotk] Evaluating 1 configuration(s)
INFO  [16:45:27.024] [bbotk] Result of batch 5:
INFO  [16:45:27.026] [bbotk]  nrounds      eta max_depth classif.ce warnings errors runtime_learners
INFO  [16:45:27.026] [bbotk]      177 0.178107         2  0.1095238        0      0            0.289
INFO  [16:45:27.026] [bbotk]                                 uhash
INFO  [16:45:27.026] [bbotk]  3e3aa539-f587-4dda-85f5-4b0260e05d40
INFO  [16:45:27.037] [bbotk] Evaluating 1 configuration(s)
INFO  [16:45:27.633] [bbotk] Result of batch 6:
INFO  [16:45:27.634] [bbotk]  nrounds       eta max_depth classif.ce warnings errors runtime_learners
INFO  [16:45:27.634] [bbotk]      174 0.2425711         8  0.1066667        0      0            0.557
INFO  [16:45:27.634] [bbotk]                                 uhash
INFO  [16:45:27.634] [bbotk]  0bd822bf-4897-40ce-9e0b-1723f1aa4c09
INFO  [16:45:27.638] [bbotk] Evaluating 1 configuration(s)
INFO  [16:45:28.291] [bbotk] Result of batch 7:
INFO  [16:45:28.292] [bbotk]  nrounds        eta max_depth classif.ce warnings errors runtime_learners
INFO  [16:45:28.292] [bbotk]      238 0.03941967         3  0.1057143        0      0            0.609
INFO  [16:45:28.292] [bbotk]                                 uhash
INFO  [16:45:28.292] [bbotk]  60c4ffdc-bdec-4ff6-8e1b-45d900560928
INFO  [16:45:28.297] [bbotk] Evaluating 1 configuration(s)
INFO  [16:45:28.808] [bbotk] Result of batch 8:
INFO  [16:45:28.810] [bbotk]  nrounds        eta max_depth classif.ce warnings errors runtime_learners
INFO  [16:45:28.810] [bbotk]      184 0.07938491         3  0.1038095        0      0            0.463
INFO  [16:45:28.810] [bbotk]                                 uhash
INFO  [16:45:28.810] [bbotk]  4f082b57-1cef-412f-80ad-8b91c5cc3b75
INFO  [16:45:28.817] [bbotk] Evaluating 1 configuration(s)
INFO  [16:45:29.452] [bbotk] Result of batch 9:
INFO  [16:45:29.457] [bbotk]  nrounds        eta max_depth classif.ce warnings errors runtime_learners
INFO  [16:45:29.457] [bbotk]       63 0.08731788         8   0.112381        0      0            0.377
INFO  [16:45:29.457] [bbotk]                                 uhash
INFO  [16:45:29.457] [bbotk]  71a9e589-7b62-47d6-b3b3-48c924196f84
INFO  [16:45:29.466] [bbotk] Evaluating 1 configuration(s)
INFO  [16:45:30.200] [bbotk] Result of batch 10:
INFO  [16:45:30.201] [bbotk]  nrounds       eta max_depth classif.ce warnings errors runtime_learners
INFO  [16:45:30.201] [bbotk]      189 0.1994369        10  0.1114286        0      0            0.699
INFO  [16:45:30.201] [bbotk]                                 uhash
INFO  [16:45:30.201] [bbotk]  a21e09e5-b1af-4003-9116-f30e6d1095ce
INFO  [16:45:30.211] [bbotk] Finished optimizing after 10 evaluation(s)
INFO  [16:45:30.212] [bbotk] Result:
INFO  [16:45:30.213] [bbotk]  nrounds       eta max_depth learner_param_vals  x_domain classif.ce
INFO  [16:45:30.213] [bbotk]    <int>     <num>     <int>             <list>    <list>      <num>
INFO  [16:45:30.213] [bbotk]       65 0.1542473         5          <list[5]> <list[3]>  0.1009524

### [bt]: Job terminated successfully [batchtools job.id=1087]
### [bt]: Starting job [batchtools job.id=1088]
### [bt]: Generating problem instance for problem '698720b8ce42ae0c' ...
### [bt]: Applying algorithm 'run_learner' on problem '698720b8ce42ae0c' for job 1088 (seed = 1089) ...
INFO  [16:45:30.538] [mlr3] Applying learner 'classif.xgboost.tuned_calib.perfold_platt' on task 'pc4' (iter 8/10)
INFO  [16:45:30.583] [bbotk] Starting to optimize 3 parameter(s) with '<OptimizerBatchRandomSearch>' and '<TerminatorEvals> [n_evals=10, k=0]'
INFO  [16:45:30.600] [bbotk] Evaluating 1 configuration(s)
INFO  [16:45:31.076] [bbotk] Result of batch 1:
INFO  [16:45:31.077] [bbotk]  nrounds       eta max_depth classif.ce warnings errors runtime_learners
INFO  [16:45:31.077] [bbotk]       95 0.1238254         7 0.09055806        0      0             0.44
INFO  [16:45:31.077] [bbotk]                                 uhash
INFO  [16:45:31.077] [bbotk]  a2719ac6-57d0-42a0-ae19-43e4c95ed579
INFO  [16:45:31.081] [bbotk] Evaluating 1 configuration(s)
INFO  [16:45:32.103] [bbotk] Result of batch 2:
INFO  [16:45:32.104] [bbotk]  nrounds       eta max_depth classif.ce warnings errors runtime_learners
INFO  [16:45:32.104] [bbotk]      294 0.1504509         8 0.09437304        0      0            0.971
INFO  [16:45:32.104] [bbotk]                                 uhash
INFO  [16:45:32.104] [bbotk]  78c816b1-38cf-4956-af49-bd2c13e2eea5
INFO  [16:45:32.112] [bbotk] Evaluating 1 configuration(s)
INFO  [16:45:32.857] [bbotk] Result of batch 3:
INFO  [16:45:32.858] [bbotk]  nrounds      eta max_depth classif.ce warnings errors runtime_learners
INFO  [16:45:32.858] [bbotk]      178 0.141269        10  0.1029581        0      0            0.713
INFO  [16:45:32.858] [bbotk]                                 uhash
INFO  [16:45:32.858] [bbotk]  1322cc5d-c7ed-41cf-86d5-951345741841
INFO  [16:45:32.862] [bbotk] Evaluating 1 configuration(s)
INFO  [16:45:33.868] [bbotk] Result of batch 4:
INFO  [16:45:33.869] [bbotk]  nrounds       eta max_depth classif.ce warnings errors runtime_learners
INFO  [16:45:33.869] [bbotk]      276 0.1423236         8  0.0962778        0      0            0.964
INFO  [16:45:33.869] [bbotk]                                 uhash
INFO  [16:45:33.869] [bbotk]  2b841aed-a419-470d-924f-79621f7375e0
INFO  [16:45:33.873] [bbotk] Evaluating 1 configuration(s)
INFO  [16:45:34.324] [bbotk] Result of batch 5:
INFO  [16:45:34.326] [bbotk]  nrounds       eta max_depth classif.ce warnings errors runtime_learners
INFO  [16:45:34.326] [bbotk]      151 0.2276014         3 0.09818256        0      0            0.411
INFO  [16:45:34.326] [bbotk]                                 uhash
INFO  [16:45:34.326] [bbotk]  291827d4-5c00-4c34-815a-6737a14a4c2e
INFO  [16:45:34.337] [bbotk] Evaluating 1 configuration(s)
INFO  [16:45:35.170] [bbotk] Result of batch 6:
INFO  [16:45:35.172] [bbotk]  nrounds        eta max_depth classif.ce warnings errors runtime_learners
INFO  [16:45:35.172] [bbotk]      207 0.02869177         5 0.09436758        0      0             0.79
INFO  [16:45:35.172] [bbotk]                                 uhash
INFO  [16:45:35.172] [bbotk]  1353c209-b126-41dc-8a63-dac6d8ef2237
INFO  [16:45:35.181] [bbotk] Evaluating 1 configuration(s)
INFO  [16:45:36.344] [bbotk] Result of batch 7:
INFO  [16:45:36.346] [bbotk]  nrounds       eta max_depth classif.ce warnings errors runtime_learners
INFO  [16:45:36.346] [bbotk]      281 0.0821948         9 0.09913767        0      0             1.13
INFO  [16:45:36.346] [bbotk]                                 uhash
INFO  [16:45:36.346] [bbotk]  a2e566f4-bb93-4322-acd9-484fbad38496
INFO  [16:45:36.354] [bbotk] Evaluating 1 configuration(s)
INFO  [16:45:36.873] [bbotk] Result of batch 8:
INFO  [16:45:36.876] [bbotk]  nrounds        eta max_depth classif.ce warnings errors runtime_learners
INFO  [16:45:36.876] [bbotk]       91 0.09737175        10 0.09437304        0      0            0.477
INFO  [16:45:36.876] [bbotk]                                 uhash
INFO  [16:45:36.876] [bbotk]  522c2e39-4dee-43ac-bd7d-d0f9e1ccadc9
INFO  [16:45:36.885] [bbotk] Evaluating 1 configuration(s)
INFO  [16:45:37.273] [bbotk] Result of batch 9:
INFO  [16:45:37.273] [bbotk]  nrounds        eta max_depth classif.ce warnings errors runtime_learners
INFO  [16:45:37.273] [bbotk]       78 0.08000742         6 0.09436212        0      0            0.344
INFO  [16:45:37.273] [bbotk]                                 uhash
INFO  [16:45:37.273] [bbotk]  5ca45c76-c7fb-48b6-9862-a4e6714a3d68
INFO  [16:45:37.282] [bbotk] Evaluating 1 configuration(s)
INFO  [16:45:37.911] [bbotk] Result of batch 10:
INFO  [16:45:37.913] [bbotk]  nrounds       eta max_depth classif.ce warnings errors runtime_learners
INFO  [16:45:37.913] [bbotk]      178 0.2149825         5 0.09246828        0      0            0.587
INFO  [16:45:37.913] [bbotk]                                 uhash
INFO  [16:45:37.913] [bbotk]  0341e5a4-1223-46dd-b7f2-df90f59c2522
INFO  [16:45:37.921] [bbotk] Finished optimizing after 10 evaluation(s)
INFO  [16:45:37.921] [bbotk] Result:
INFO  [16:45:37.922] [bbotk]  nrounds       eta max_depth learner_param_vals  x_domain classif.ce
INFO  [16:45:37.922] [bbotk]    <int>     <num>     <int>             <list>    <list>      <num>
INFO  [16:45:37.922] [bbotk]       95 0.1238254         7          <list[5]> <list[3]> 0.09055806
INFO  [16:45:38.193] [bbotk] Starting to optimize 3 parameter(s) with '<OptimizerBatchRandomSearch>' and '<TerminatorEvals> [n_evals=10, k=0]'
INFO  [16:45:38.211] [bbotk] Evaluating 1 configuration(s)
INFO  [16:45:39.078] [bbotk] Result of batch 1:
INFO  [16:45:39.079] [bbotk]  nrounds       eta max_depth classif.ce warnings errors runtime_learners
INFO  [16:45:39.079] [bbotk]      293 0.1669511         5  0.1039023        0      0            0.823
INFO  [16:45:39.079] [bbotk]                                 uhash
INFO  [16:45:39.079] [bbotk]  503d38b3-c7bb-49af-8617-9c1e520723b0
INFO  [16:45:39.083] [bbotk] Evaluating 1 configuration(s)
INFO  [16:45:39.861] [bbotk] Result of batch 2:
INFO  [16:45:39.862] [bbotk]  nrounds       eta max_depth classif.ce warnings errors runtime_learners
INFO  [16:45:39.862] [bbotk]      249 0.2768587         7  0.1048683        0      0            0.735
INFO  [16:45:39.862] [bbotk]                                 uhash
INFO  [16:45:39.862] [bbotk]  62266d37-c7fa-4d02-9974-d045aea8c2ae
INFO  [16:45:39.865] [bbotk] Evaluating 1 configuration(s)
INFO  [16:45:40.269] [bbotk] Result of batch 3:
INFO  [16:45:40.270] [bbotk]  nrounds        eta max_depth classif.ce warnings errors runtime_learners
INFO  [16:45:40.270] [bbotk]       87 0.08349829         6  0.1048574        0      0            0.364
INFO  [16:45:40.270] [bbotk]                                 uhash
INFO  [16:45:40.270] [bbotk]  e52b2e3d-b61b-44d1-b45f-009c66415f51
INFO  [16:45:40.273] [bbotk] Evaluating 1 configuration(s)
INFO  [16:45:40.914] [bbotk] Result of batch 4:
INFO  [16:45:40.915] [bbotk]  nrounds       eta max_depth classif.ce warnings errors runtime_learners
INFO  [16:45:40.915] [bbotk]      162 0.0481256         5  0.1029445        0      0            0.595
INFO  [16:45:40.915] [bbotk]                                 uhash
INFO  [16:45:40.915] [bbotk]  f87301a1-4a07-4bc5-b659-23f11cc06df8
INFO  [16:45:40.919] [bbotk] Evaluating 1 configuration(s)
INFO  [16:45:41.230] [bbotk] Result of batch 5:
INFO  [16:45:41.231] [bbotk]  nrounds       eta max_depth classif.ce warnings errors runtime_learners
INFO  [16:45:41.231] [bbotk]      166 0.2898302         2  0.1000928        0      0            0.276
INFO  [16:45:41.231] [bbotk]                                 uhash
INFO  [16:45:41.231] [bbotk]  96f47a53-45ba-444a-86bf-569344debc20
INFO  [16:45:41.234] [bbotk] Evaluating 1 configuration(s)
INFO  [16:45:41.729] [bbotk] Result of batch 6:
INFO  [16:45:41.733] [bbotk]  nrounds      eta max_depth classif.ce warnings errors runtime_learners
INFO  [16:45:41.733] [bbotk]      191 0.291097         3 0.09818256        0      0            0.449
INFO  [16:45:41.733] [bbotk]                                 uhash
INFO  [16:45:41.733] [bbotk]  1da9c7ca-1dcc-402a-bc7d-e1d25ff81fd6
INFO  [16:45:41.738] [bbotk] Evaluating 1 configuration(s)
INFO  [16:45:42.377] [bbotk] Result of batch 7:
INFO  [16:45:42.378] [bbotk]  nrounds       eta max_depth classif.ce warnings errors runtime_learners
INFO  [16:45:42.378] [bbotk]      218 0.1575056         3 0.09532542        0      0            0.599
INFO  [16:45:42.378] [bbotk]                                 uhash
INFO  [16:45:42.378] [bbotk]  35ef329d-fb96-47ba-873b-d68175dceeb1
INFO  [16:45:42.384] [bbotk] Evaluating 1 configuration(s)
INFO  [16:45:42.845] [bbotk] Result of batch 8:
INFO  [16:45:42.847] [bbotk]  nrounds        eta max_depth classif.ce warnings errors runtime_learners
INFO  [16:45:42.847] [bbotk]      178 0.04539024         3 0.09817438        0      0             0.42
INFO  [16:45:42.847] [bbotk]                                 uhash
INFO  [16:45:42.847] [bbotk]  bad0d02a-7323-4715-8602-315aa32c299c
INFO  [16:45:42.857] [bbotk] Evaluating 1 configuration(s)
INFO  [16:45:43.339] [bbotk] Result of batch 9:
INFO  [16:45:43.340] [bbotk]  nrounds       eta max_depth classif.ce warnings errors runtime_learners
INFO  [16:45:43.340] [bbotk]      248 0.2883825         2  0.1048601        0      0            0.434
INFO  [16:45:43.340] [bbotk]                                 uhash
INFO  [16:45:43.340] [bbotk]  c91ac835-5c97-4271-901a-bfdd5e97c8d3
INFO  [16:45:43.344] [bbotk] Evaluating 1 configuration(s)
INFO  [16:45:44.324] [bbotk] Result of batch 10:
INFO  [16:45:44.325] [bbotk]  nrounds       eta max_depth classif.ce warnings errors runtime_learners
INFO  [16:45:44.325] [bbotk]      253 0.1515975         9  0.1029499        0      0             0.94
INFO  [16:45:44.325] [bbotk]                                 uhash
INFO  [16:45:44.325] [bbotk]  ffffc516-1864-4aa3-8d5e-5de40024898b
INFO  [16:45:44.333] [bbotk] Finished optimizing after 10 evaluation(s)
INFO  [16:45:44.333] [bbotk] Result:
INFO  [16:45:44.334] [bbotk]  nrounds       eta max_depth learner_param_vals  x_domain classif.ce
INFO  [16:45:44.334] [bbotk]    <int>     <num>     <int>             <list>    <list>      <num>
INFO  [16:45:44.334] [bbotk]      218 0.1575056         3          <list[5]> <list[3]> 0.09532542
INFO  [16:45:44.596] [bbotk] Starting to optimize 3 parameter(s) with '<OptimizerBatchRandomSearch>' and '<TerminatorEvals> [n_evals=10, k=0]'
INFO  [16:45:44.606] [bbotk] Evaluating 1 configuration(s)
INFO  [16:45:45.151] [bbotk] Result of batch 1:
INFO  [16:45:45.153] [bbotk]  nrounds       eta max_depth classif.ce warnings errors runtime_learners
INFO  [16:45:45.153] [bbotk]      104 0.1159516         9  0.1038095        0      0            0.502
INFO  [16:45:45.153] [bbotk]                                 uhash
INFO  [16:45:45.153] [bbotk]  df9e9bac-6387-4824-aa54-e199aa20e1a0
INFO  [16:45:45.162] [bbotk] Evaluating 1 configuration(s)
INFO  [16:45:45.637] [bbotk] Result of batch 2:
INFO  [16:45:45.638] [bbotk]  nrounds        eta max_depth classif.ce warnings errors runtime_learners
INFO  [16:45:45.638] [bbotk]      275 0.02300574         2  0.1066667        0      0            0.435
INFO  [16:45:45.638] [bbotk]                                 uhash
INFO  [16:45:45.638] [bbotk]  abbcd3bc-08c8-4cdb-886e-a4b5b0559e2c
INFO  [16:45:45.644] [bbotk] Evaluating 1 configuration(s)
INFO  [16:45:46.527] [bbotk] Result of batch 3:
INFO  [16:45:46.528] [bbotk]  nrounds      eta max_depth classif.ce warnings errors runtime_learners
INFO  [16:45:46.528] [bbotk]      289 0.293627         6  0.1019048        0      0            0.836
INFO  [16:45:46.528] [bbotk]                                 uhash
INFO  [16:45:46.528] [bbotk]  31c04ed9-6e5a-4006-8e21-a9dfe6f2c1ef
INFO  [16:45:46.532] [bbotk] Evaluating 1 configuration(s)
INFO  [16:45:46.987] [bbotk] Result of batch 4:
INFO  [16:45:46.988] [bbotk]  nrounds        eta max_depth classif.ce warnings errors runtime_learners
INFO  [16:45:46.988] [bbotk]       76 0.05509261         9  0.1104762        0      0            0.413
INFO  [16:45:46.988] [bbotk]                                 uhash
INFO  [16:45:46.988] [bbotk]  b23b8eb4-a3ea-408a-bae0-7efa77a5672f
INFO  [16:45:46.992] [bbotk] Evaluating 1 configuration(s)
INFO  [16:45:47.829] [bbotk] Result of batch 5:
INFO  [16:45:47.831] [bbotk]  nrounds       eta max_depth classif.ce warnings errors runtime_learners
INFO  [16:45:47.831] [bbotk]      299 0.2598209         4  0.1095238        0      0            0.806
INFO  [16:45:47.831] [bbotk]                                 uhash
INFO  [16:45:47.831] [bbotk]  0397ee58-23ed-4636-b3d2-f2781f837bca
INFO  [16:45:47.839] [bbotk] Evaluating 1 configuration(s)
INFO  [16:45:48.282] [bbotk] Result of batch 6:
INFO  [16:45:48.283] [bbotk]  nrounds        eta max_depth classif.ce warnings errors runtime_learners
INFO  [16:45:48.283] [bbotk]      171 0.02255932         3  0.1038095        0      0            0.409
INFO  [16:45:48.283] [bbotk]                                 uhash
INFO  [16:45:48.283] [bbotk]  16066cce-8466-4819-9e3f-395e90e87832
INFO  [16:45:48.288] [bbotk] Evaluating 1 configuration(s)
INFO  [16:45:48.469] [bbotk] Result of batch 7:
INFO  [16:45:48.472] [bbotk]  nrounds        eta max_depth classif.ce warnings errors runtime_learners
INFO  [16:45:48.472] [bbotk]       71 0.05501214         2 0.09809524        0      0            0.134
INFO  [16:45:48.472] [bbotk]                                 uhash
INFO  [16:45:48.472] [bbotk]  c671125a-49f4-4f1b-8424-b8169574a14b
INFO  [16:45:48.479] [bbotk] Evaluating 1 configuration(s)
INFO  [16:45:49.242] [bbotk] Result of batch 8:
INFO  [16:45:49.244] [bbotk]  nrounds       eta max_depth classif.ce warnings errors runtime_learners
INFO  [16:45:49.244] [bbotk]      245 0.2594667         6  0.1009524        0      0            0.724
INFO  [16:45:49.244] [bbotk]                                 uhash
INFO  [16:45:49.244] [bbotk]  51f225ba-980b-4707-ac8d-af3d98212af1
INFO  [16:45:49.252] [bbotk] Evaluating 1 configuration(s)
INFO  [16:45:50.406] [bbotk] Result of batch 9:
INFO  [16:45:50.408] [bbotk]  nrounds        eta max_depth classif.ce warnings errors runtime_learners
INFO  [16:45:50.408] [bbotk]      212 0.02058108         9  0.1095238        0      0            1.115
INFO  [16:45:50.408] [bbotk]                                 uhash
INFO  [16:45:50.408] [bbotk]  faa9e28e-fc14-4427-a28f-cd6aa59d1a66
INFO  [16:45:50.412] [bbotk] Evaluating 1 configuration(s)
INFO  [16:45:51.196] [bbotk] Result of batch 10:
INFO  [16:45:51.198] [bbotk]  nrounds       eta max_depth classif.ce warnings errors runtime_learners
INFO  [16:45:51.198] [bbotk]      229 0.1651008         5  0.1085714        0      0            0.753
INFO  [16:45:51.198] [bbotk]                                 uhash
INFO  [16:45:51.198] [bbotk]  c7e9f7ed-eec7-481a-a53e-9c208f41f678
INFO  [16:45:51.214] [bbotk] Finished optimizing after 10 evaluation(s)
INFO  [16:45:51.215] [bbotk] Result:
INFO  [16:45:51.216] [bbotk]  nrounds        eta max_depth learner_param_vals  x_domain classif.ce
INFO  [16:45:51.216] [bbotk]    <int>      <num>     <int>             <list>    <list>      <num>
INFO  [16:45:51.216] [bbotk]       71 0.05501214         2          <list[5]> <list[3]> 0.09809524
INFO  [16:45:51.325] [bbotk] Starting to optimize 3 parameter(s) with '<OptimizerBatchRandomSearch>' and '<TerminatorEvals> [n_evals=10, k=0]'
INFO  [16:45:51.336] [bbotk] Evaluating 1 configuration(s)
INFO  [16:45:52.309] [bbotk] Result of batch 1:
INFO  [16:45:52.310] [bbotk]  nrounds       eta max_depth classif.ce warnings errors runtime_learners
INFO  [16:45:52.310] [bbotk]      282 0.1444302         5        0.1        0      0            0.925
INFO  [16:45:52.310] [bbotk]                                 uhash
INFO  [16:45:52.310] [bbotk]  5365cc4f-eea9-494f-befa-423302f7f630
INFO  [16:45:52.314] [bbotk] Evaluating 1 configuration(s)
INFO  [16:45:52.714] [bbotk] Result of batch 2:
INFO  [16:45:52.715] [bbotk]  nrounds       eta max_depth classif.ce warnings errors runtime_learners
INFO  [16:45:52.715] [bbotk]      123 0.1658769         4  0.1009524        0      0            0.359
INFO  [16:45:52.715] [bbotk]                                 uhash
INFO  [16:45:52.715] [bbotk]  a114ddbc-fdaf-44e3-bb89-316efa723218
INFO  [16:45:52.724] [bbotk] Evaluating 1 configuration(s)
INFO  [16:45:53.031] [bbotk] Result of batch 3:
INFO  [16:45:53.034] [bbotk]  nrounds        eta max_depth classif.ce warnings errors runtime_learners
INFO  [16:45:53.034] [bbotk]       77 0.04252826         5  0.1028571        0      0            0.264
INFO  [16:45:53.034] [bbotk]                                 uhash
INFO  [16:45:53.034] [bbotk]  6e653027-8f59-4632-9957-cfbae520274a
INFO  [16:45:53.041] [bbotk] Evaluating 1 configuration(s)
INFO  [16:45:53.798] [bbotk] Result of batch 4:
INFO  [16:45:53.799] [bbotk]  nrounds       eta max_depth classif.ce warnings errors runtime_learners
INFO  [16:45:53.799] [bbotk]      211 0.2134682         5 0.09619048        0      0            0.718
INFO  [16:45:53.799] [bbotk]                                 uhash
INFO  [16:45:53.799] [bbotk]  2e92c5d4-216f-41da-a8cb-3c7103bb4c37
INFO  [16:45:53.804] [bbotk] Evaluating 1 configuration(s)
INFO  [16:45:54.495] [bbotk] Result of batch 5:
INFO  [16:45:54.496] [bbotk]  nrounds       eta max_depth classif.ce warnings errors runtime_learners
INFO  [16:45:54.496] [bbotk]      214 0.2589657         8        0.1        0      0            0.657
INFO  [16:45:54.496] [bbotk]                                 uhash
INFO  [16:45:54.496] [bbotk]  f4f99837-f7fa-48b5-b075-9c9bf3bb9822
INFO  [16:45:54.499] [bbotk] Evaluating 1 configuration(s)
INFO  [16:45:54.813] [bbotk] Result of batch 6:
INFO  [16:45:54.815] [bbotk]  nrounds       eta max_depth classif.ce warnings errors runtime_learners
INFO  [16:45:54.815] [bbotk]       62 0.2892414         9        0.1        0      0            0.271
INFO  [16:45:54.815] [bbotk]                                 uhash
INFO  [16:45:54.815] [bbotk]  5306f812-a570-4673-8fb1-74a6a2d50337
INFO  [16:45:54.823] [bbotk] Evaluating 1 configuration(s)
INFO  [16:45:55.688] [bbotk] Result of batch 7:
INFO  [16:45:55.689] [bbotk]  nrounds       eta max_depth classif.ce warnings errors runtime_learners
INFO  [16:45:55.689] [bbotk]      250 0.2041772         7 0.09619048        0      0             0.82
INFO  [16:45:55.689] [bbotk]                                 uhash
INFO  [16:45:55.689] [bbotk]  fb8720ed-ebac-4747-b179-f11a0cbc4d03
INFO  [16:45:55.693] [bbotk] Evaluating 1 configuration(s)
INFO  [16:45:56.395] [bbotk] Result of batch 8:
INFO  [16:45:56.395] [bbotk]  nrounds       eta max_depth classif.ce warnings errors runtime_learners
INFO  [16:45:56.395] [bbotk]      159 0.1725534         6 0.09714286        0      0            0.657
INFO  [16:45:56.395] [bbotk]                                 uhash
INFO  [16:45:56.395] [bbotk]  6a5814e5-efae-4779-8335-a8f90338d9ef
INFO  [16:45:56.402] [bbotk] Evaluating 1 configuration(s)
INFO  [16:45:57.243] [bbotk] Result of batch 9:
INFO  [16:45:57.245] [bbotk]  nrounds       eta max_depth classif.ce warnings errors runtime_learners
INFO  [16:45:57.245] [bbotk]      217 0.2081315         7 0.09333333        0      0            0.786
INFO  [16:45:57.245] [bbotk]                                 uhash
INFO  [16:45:57.245] [bbotk]  9f16db0b-0b9a-40c4-9187-5642d6ba1fec
INFO  [16:45:57.253] [bbotk] Evaluating 1 configuration(s)
INFO  [16:45:58.026] [bbotk] Result of batch 10:
INFO  [16:45:58.027] [bbotk]  nrounds       eta max_depth classif.ce warnings errors runtime_learners
INFO  [16:45:58.027] [bbotk]      224 0.2243842         6 0.09714286        0      0            0.736
INFO  [16:45:58.027] [bbotk]                                 uhash
INFO  [16:45:58.027] [bbotk]  00708b0a-4bd9-41ee-be62-822a4167f395
INFO  [16:45:58.040] [bbotk] Finished optimizing after 10 evaluation(s)
INFO  [16:45:58.040] [bbotk] Result:
INFO  [16:45:58.041] [bbotk]  nrounds       eta max_depth learner_param_vals  x_domain classif.ce
INFO  [16:45:58.041] [bbotk]    <int>     <num>     <int>             <list>    <list>      <num>
INFO  [16:45:58.041] [bbotk]      217 0.2081315         7          <list[5]> <list[3]> 0.09333333
INFO  [16:45:58.483] [bbotk] Starting to optimize 3 parameter(s) with '<OptimizerBatchRandomSearch>' and '<TerminatorEvals> [n_evals=10, k=0]'
INFO  [16:45:58.494] [bbotk] Evaluating 1 configuration(s)
INFO  [16:45:59.487] [bbotk] Result of batch 1:
INFO  [16:45:59.488] [bbotk]  nrounds       eta max_depth classif.ce warnings errors runtime_learners
INFO  [16:45:59.488] [bbotk]      260 0.1064805         5  0.1114286        0      0            0.954
INFO  [16:45:59.488] [bbotk]                                 uhash
INFO  [16:45:59.488] [bbotk]  ac66c4c1-c935-47de-84ae-cd4bd3da1b8b
INFO  [16:45:59.496] [bbotk] Evaluating 1 configuration(s)
INFO  [16:45:59.776] [bbotk] Result of batch 2:
INFO  [16:45:59.777] [bbotk]  nrounds       eta max_depth classif.ce warnings errors runtime_learners
INFO  [16:45:59.777] [bbotk]       52 0.2901298         7  0.1066667        0      0            0.239
INFO  [16:45:59.777] [bbotk]                                 uhash
INFO  [16:45:59.777] [bbotk]  a5da1795-b33c-435c-bdc1-23b9dbfe61cd
INFO  [16:45:59.786] [bbotk] Evaluating 1 configuration(s)
INFO  [16:46:00.830] [bbotk] Result of batch 3:
INFO  [16:46:00.831] [bbotk]  nrounds        eta max_depth classif.ce warnings errors runtime_learners
INFO  [16:46:00.831] [bbotk]      250 0.01847545         5  0.1209524        0      0            0.981
INFO  [16:46:00.831] [bbotk]                                 uhash
INFO  [16:46:00.831] [bbotk]  49439eef-19f6-42b1-a7b7-64402b78a14e
INFO  [16:46:00.843] [bbotk] Evaluating 1 configuration(s)
INFO  [16:46:01.345] [bbotk] Result of batch 4:
INFO  [16:46:01.346] [bbotk]  nrounds       eta max_depth classif.ce warnings errors runtime_learners
INFO  [16:46:01.346] [bbotk]      125 0.2837476         5  0.1085714        0      0             0.46
INFO  [16:46:01.346] [bbotk]                                 uhash
INFO  [16:46:01.346] [bbotk]  25eb6d55-4bb1-4f55-8b03-891b9a97bedc
INFO  [16:46:01.349] [bbotk] Evaluating 1 configuration(s)
INFO  [16:46:02.074] [bbotk] Result of batch 5:
INFO  [16:46:02.076] [bbotk]  nrounds        eta max_depth classif.ce warnings errors runtime_learners
INFO  [16:46:02.076] [bbotk]      140 0.08571588        10  0.1161905        0      0            0.685
INFO  [16:46:02.076] [bbotk]                                 uhash
INFO  [16:46:02.076] [bbotk]  7dfc116d-6691-4ddc-a690-6590d166546f
INFO  [16:46:02.085] [bbotk] Evaluating 1 configuration(s)
INFO  [16:46:02.252] [bbotk] Result of batch 6:
INFO  [16:46:02.252] [bbotk]  nrounds        eta max_depth classif.ce warnings errors runtime_learners
INFO  [16:46:02.252] [bbotk]       78 0.05666393         2  0.1095238        0      0            0.134
INFO  [16:46:02.252] [bbotk]                                 uhash
INFO  [16:46:02.252] [bbotk]  ad97fd00-1532-432a-bcee-6543357b5776
INFO  [16:46:02.256] [bbotk] Evaluating 1 configuration(s)
INFO  [16:46:02.656] [bbotk] Result of batch 7:
INFO  [16:46:02.657] [bbotk]  nrounds        eta max_depth classif.ce warnings errors runtime_learners
INFO  [16:46:02.657] [bbotk]      140 0.04328111         3  0.1114286        0      0            0.354
INFO  [16:46:02.657] [bbotk]                                 uhash
INFO  [16:46:02.657] [bbotk]  3dd4b40f-3de8-4d0e-810a-d28be36c0001
INFO  [16:46:02.663] [bbotk] Evaluating 1 configuration(s)
INFO  [16:46:03.398] [bbotk] Result of batch 8:
INFO  [16:46:03.398] [bbotk]  nrounds       eta max_depth classif.ce warnings errors runtime_learners
INFO  [16:46:03.398] [bbotk]      213 0.2970873        10   0.107619        0      0            0.704
INFO  [16:46:03.398] [bbotk]                                 uhash
INFO  [16:46:03.398] [bbotk]  0c3333a1-b642-4eb8-9eed-d6e952dcdbd2
INFO  [16:46:03.402] [bbotk] Evaluating 1 configuration(s)
INFO  [16:46:03.697] [bbotk] Result of batch 9:
INFO  [16:46:03.698] [bbotk]  nrounds       eta max_depth classif.ce warnings errors runtime_learners
INFO  [16:46:03.698] [bbotk]       91 0.2353887         3  0.1152381        0      0            0.246
INFO  [16:46:03.698] [bbotk]                                 uhash
INFO  [16:46:03.698] [bbotk]  f368ca2e-aba1-4fac-80ae-eaaa846408cb
INFO  [16:46:03.705] [bbotk] Evaluating 1 configuration(s)
INFO  [16:46:04.324] [bbotk] Result of batch 10:
INFO  [16:46:04.326] [bbotk]  nrounds       eta max_depth classif.ce warnings errors runtime_learners
INFO  [16:46:04.326] [bbotk]      146 0.1669301         6  0.1114286        0      0            0.578
INFO  [16:46:04.326] [bbotk]                                 uhash
INFO  [16:46:04.326] [bbotk]  6241f5de-4d2e-44a5-9435-7486a1969bc9
INFO  [16:46:04.337] [bbotk] Finished optimizing after 10 evaluation(s)
INFO  [16:46:04.338] [bbotk] Result:
INFO  [16:46:04.338] [bbotk]  nrounds       eta max_depth learner_param_vals  x_domain classif.ce
INFO  [16:46:04.338] [bbotk]    <int>     <num>     <int>             <list>    <list>      <num>
INFO  [16:46:04.338] [bbotk]       52 0.2901298         7          <list[5]> <list[3]>  0.1066667

### [bt]: Job terminated successfully [batchtools job.id=1088]
### [bt]: Starting job [batchtools job.id=1089]
### [bt]: Generating problem instance for problem '698720b8ce42ae0c' ...
### [bt]: Applying algorithm 'run_learner' on problem '698720b8ce42ae0c' for job 1089 (seed = 1090) ...
INFO  [16:46:04.654] [mlr3] Applying learner 'classif.xgboost.tuned_calib.perfold_platt' on task 'pc4' (iter 9/10)
INFO  [16:46:04.707] [bbotk] Starting to optimize 3 parameter(s) with '<OptimizerBatchRandomSearch>' and '<TerminatorEvals> [n_evals=10, k=0]'
INFO  [16:46:04.718] [bbotk] Evaluating 1 configuration(s)
INFO  [16:46:05.263] [bbotk] Result of batch 1:
INFO  [16:46:05.264] [bbotk]  nrounds       eta max_depth classif.ce warnings errors runtime_learners
INFO  [16:46:05.264] [bbotk]      156 0.2448169         5 0.08761905        0      0            0.507
INFO  [16:46:05.264] [bbotk]                                 uhash
INFO  [16:46:05.264] [bbotk]  71f65953-d5ee-499b-93e5-6fe6ade37851
INFO  [16:46:05.268] [bbotk] Evaluating 1 configuration(s)
INFO  [16:46:05.678] [bbotk] Result of batch 2:
INFO  [16:46:05.680] [bbotk]  nrounds        eta max_depth classif.ce warnings errors runtime_learners
INFO  [16:46:05.680] [bbotk]       64 0.06170418         9 0.08761905        0      0            0.378
INFO  [16:46:05.680] [bbotk]                                 uhash
INFO  [16:46:05.680] [bbotk]  e488d690-536c-4fb6-a072-752000e9e2d3
INFO  [16:46:05.687] [bbotk] Evaluating 1 configuration(s)
INFO  [16:46:06.372] [bbotk] Result of batch 3:
INFO  [16:46:06.373] [bbotk]  nrounds      eta max_depth classif.ce warnings errors runtime_learners
INFO  [16:46:06.373] [bbotk]      162 0.196902         9 0.08285714        0      0            0.642
INFO  [16:46:06.373] [bbotk]                                 uhash
INFO  [16:46:06.373] [bbotk]  e3bbe64b-4178-4a4a-bcca-e6c6c99e9ce9
INFO  [16:46:06.378] [bbotk] Evaluating 1 configuration(s)
INFO  [16:46:07.269] [bbotk] Result of batch 4:
INFO  [16:46:07.270] [bbotk]  nrounds        eta max_depth classif.ce warnings errors runtime_learners
INFO  [16:46:07.270] [bbotk]      201 0.05809923        10 0.07714286        0      0            0.845
INFO  [16:46:07.270] [bbotk]                                 uhash
INFO  [16:46:07.270] [bbotk]  875d81f1-d504-429d-bda8-df27a959760c
INFO  [16:46:07.274] [bbotk] Evaluating 1 configuration(s)
INFO  [16:46:08.042] [bbotk] Result of batch 5:
INFO  [16:46:08.043] [bbotk]  nrounds      eta max_depth classif.ce warnings errors runtime_learners
INFO  [16:46:08.043] [bbotk]      256 0.270813         4 0.09047619        0      0            0.724
INFO  [16:46:08.043] [bbotk]                                 uhash
INFO  [16:46:08.043] [bbotk]  7d4462a2-57c0-4b5d-9a40-0a98f3dc99e2
INFO  [16:46:08.046] [bbotk] Evaluating 1 configuration(s)
INFO  [16:46:08.192] [bbotk] Result of batch 6:
INFO  [16:46:08.193] [bbotk]  nrounds        eta max_depth classif.ce warnings errors runtime_learners
INFO  [16:46:08.193] [bbotk]       52 0.07153217         3  0.1028571        0      0            0.111
INFO  [16:46:08.193] [bbotk]                                 uhash
INFO  [16:46:08.193] [bbotk]  b74a0b38-31db-49f8-bec8-7395cacb8f60
INFO  [16:46:08.203] [bbotk] Evaluating 1 configuration(s)
INFO  [16:46:08.722] [bbotk] Result of batch 7:
INFO  [16:46:08.723] [bbotk]  nrounds       eta max_depth classif.ce warnings errors runtime_learners
INFO  [16:46:08.723] [bbotk]      137 0.2889942        10  0.0847619        0      0            0.477
INFO  [16:46:08.723] [bbotk]                                 uhash
INFO  [16:46:08.723] [bbotk]  7ddd9adc-e7fa-4148-a7c0-dfb325536484
INFO  [16:46:08.727] [bbotk] Evaluating 1 configuration(s)
INFO  [16:46:09.677] [bbotk] Result of batch 8:
INFO  [16:46:09.679] [bbotk]  nrounds       eta max_depth classif.ce warnings errors runtime_learners
INFO  [16:46:09.679] [bbotk]      297 0.1838459         7 0.08952381        0      0            0.899
INFO  [16:46:09.679] [bbotk]                                 uhash
INFO  [16:46:09.679] [bbotk]  5d2ebb3a-6cb6-48ce-84d7-16dca3d9dae4
INFO  [16:46:09.683] [bbotk] Evaluating 1 configuration(s)
INFO  [16:46:10.117] [bbotk] Result of batch 9:
INFO  [16:46:10.119] [bbotk]  nrounds       eta max_depth classif.ce warnings errors runtime_learners
INFO  [16:46:10.119] [bbotk]      121 0.2829564         5 0.08952381        0      0            0.402
INFO  [16:46:10.119] [bbotk]                                 uhash
INFO  [16:46:10.119] [bbotk]  147189eb-c05c-41cf-b4c4-218052d2c9cc
INFO  [16:46:10.127] [bbotk] Evaluating 1 configuration(s)
INFO  [16:46:10.781] [bbotk] Result of batch 10:
INFO  [16:46:10.781] [bbotk]  nrounds       eta max_depth classif.ce warnings errors runtime_learners
INFO  [16:46:10.781] [bbotk]      155 0.1303412         7 0.08857143        0      0            0.607
INFO  [16:46:10.781] [bbotk]                                 uhash
INFO  [16:46:10.781] [bbotk]  2fb9700e-7699-4f66-8cd7-a3a3eab11dd9
INFO  [16:46:10.794] [bbotk] Finished optimizing after 10 evaluation(s)
INFO  [16:46:10.795] [bbotk] Result:
INFO  [16:46:10.796] [bbotk]  nrounds        eta max_depth learner_param_vals  x_domain classif.ce
INFO  [16:46:10.796] [bbotk]    <int>      <num>     <int>             <list>    <list>      <num>
INFO  [16:46:10.796] [bbotk]      201 0.05809923        10          <list[5]> <list[3]> 0.07714286
INFO  [16:46:11.413] [bbotk] Starting to optimize 3 parameter(s) with '<OptimizerBatchRandomSearch>' and '<TerminatorEvals> [n_evals=10, k=0]'
INFO  [16:46:11.430] [bbotk] Evaluating 1 configuration(s)
INFO  [16:46:11.893] [bbotk] Result of batch 1:
INFO  [16:46:11.895] [bbotk]  nrounds       eta max_depth classif.ce warnings errors runtime_learners
INFO  [16:46:11.895] [bbotk]      145 0.1587886         4 0.09238095        0      0            0.419
INFO  [16:46:11.895] [bbotk]                                 uhash
INFO  [16:46:11.895] [bbotk]  de346f70-64d2-43a7-95ab-136d806a4b0c
INFO  [16:46:11.902] [bbotk] Evaluating 1 configuration(s)
INFO  [16:46:12.700] [bbotk] Result of batch 2:
INFO  [16:46:12.702] [bbotk]  nrounds        eta max_depth classif.ce warnings errors runtime_learners
INFO  [16:46:12.702] [bbotk]      149 0.01321926        10 0.09428571        0      0            0.766
INFO  [16:46:12.702] [bbotk]                                 uhash
INFO  [16:46:12.702] [bbotk]  a4913110-a701-4e59-a345-ab3c150328e7
INFO  [16:46:12.708] [bbotk] Evaluating 1 configuration(s)
INFO  [16:46:12.832] [bbotk] Result of batch 3:
INFO  [16:46:12.834] [bbotk]  nrounds       eta max_depth classif.ce warnings errors runtime_learners
INFO  [16:46:12.834] [bbotk]       60 0.2951233         2 0.09428571        0      0             0.09
INFO  [16:46:12.834] [bbotk]                                 uhash
INFO  [16:46:12.834] [bbotk]  ec9654ba-9e5b-4075-a84b-3f601cc1f4bc
INFO  [16:46:12.842] [bbotk] Evaluating 1 configuration(s)
INFO  [16:46:13.311] [bbotk] Result of batch 4:
INFO  [16:46:13.312] [bbotk]  nrounds       eta max_depth classif.ce warnings errors runtime_learners
INFO  [16:46:13.312] [bbotk]      115 0.2108216        10 0.08952381        0      0            0.426
INFO  [16:46:13.312] [bbotk]                                 uhash
INFO  [16:46:13.312] [bbotk]  65c148f0-9b77-4b28-98ba-75b7f13eef97
INFO  [16:46:13.316] [bbotk] Evaluating 1 configuration(s)
INFO  [16:46:13.506] [bbotk] Result of batch 5:
INFO  [16:46:13.507] [bbotk]  nrounds       eta max_depth classif.ce warnings errors runtime_learners
INFO  [16:46:13.507] [bbotk]       78 0.1728831         2 0.09428571        0      0            0.146
INFO  [16:46:13.507] [bbotk]                                 uhash
INFO  [16:46:13.507] [bbotk]  28f85154-5726-403e-ad71-994ea4700711
INFO  [16:46:13.511] [bbotk] Evaluating 1 configuration(s)
INFO  [16:46:13.795] [bbotk] Result of batch 6:
INFO  [16:46:13.797] [bbotk]  nrounds       eta max_depth classif.ce warnings errors runtime_learners
INFO  [16:46:13.797] [bbotk]      122 0.1201626         2  0.0952381        0      0             0.24
INFO  [16:46:13.797] [bbotk]                                 uhash
INFO  [16:46:13.797] [bbotk]  54afe3da-2683-4a87-8cb9-7087f70443db
INFO  [16:46:13.806] [bbotk] Evaluating 1 configuration(s)
INFO  [16:46:14.619] [bbotk] Result of batch 7:
INFO  [16:46:14.620] [bbotk]  nrounds       eta max_depth classif.ce warnings errors runtime_learners
INFO  [16:46:14.620] [bbotk]      248 0.1711224         5 0.08666667        0      0            0.773
INFO  [16:46:14.620] [bbotk]                                 uhash
INFO  [16:46:14.620] [bbotk]  b2e6defc-c92d-4b09-b30c-2b28155b8cdc
INFO  [16:46:14.629] [bbotk] Evaluating 1 configuration(s)
INFO  [16:46:15.629] [bbotk] Result of batch 8:
INFO  [16:46:15.630] [bbotk]  nrounds       eta max_depth classif.ce warnings errors runtime_learners
INFO  [16:46:15.630] [bbotk]      293 0.1739561         7 0.09142857        0      0            0.953
INFO  [16:46:15.630] [bbotk]                                 uhash
INFO  [16:46:15.630] [bbotk]  0de50bb9-e292-45b0-be18-a884b76755e7
INFO  [16:46:15.634] [bbotk] Evaluating 1 configuration(s)
INFO  [16:46:16.376] [bbotk] Result of batch 9:
INFO  [16:46:16.377] [bbotk]  nrounds      eta max_depth classif.ce warnings errors runtime_learners
INFO  [16:46:16.377] [bbotk]      204 0.194719         8 0.09619048        0      0            0.699
INFO  [16:46:16.377] [bbotk]                                 uhash
INFO  [16:46:16.377] [bbotk]  0d5bd4e1-90b3-40d5-8274-34dd5e3a5925
INFO  [16:46:16.381] [bbotk] Evaluating 1 configuration(s)
INFO  [16:46:17.221] [bbotk] Result of batch 10:
INFO  [16:46:17.222] [bbotk]  nrounds       eta max_depth classif.ce warnings errors runtime_learners
INFO  [16:46:17.222] [bbotk]      293 0.2048973         8 0.09047619        0      0            0.806
INFO  [16:46:17.222] [bbotk]                                 uhash
INFO  [16:46:17.222] [bbotk]  92a50d9c-5577-440f-81f7-de08e53e5bc3
INFO  [16:46:17.230] [bbotk] Finished optimizing after 10 evaluation(s)
INFO  [16:46:17.230] [bbotk] Result:
INFO  [16:46:17.231] [bbotk]  nrounds       eta max_depth learner_param_vals  x_domain classif.ce
INFO  [16:46:17.231] [bbotk]    <int>     <num>     <int>             <list>    <list>      <num>
INFO  [16:46:17.231] [bbotk]      248 0.1711224         5          <list[5]> <list[3]> 0.08666667
INFO  [16:46:17.683] [bbotk] Starting to optimize 3 parameter(s) with '<OptimizerBatchRandomSearch>' and '<TerminatorEvals> [n_evals=10, k=0]'
INFO  [16:46:17.699] [bbotk] Evaluating 1 configuration(s)
INFO  [16:46:18.205] [bbotk] Result of batch 1:
INFO  [16:46:18.206] [bbotk]  nrounds       eta max_depth classif.ce warnings errors runtime_learners
INFO  [16:46:18.206] [bbotk]      116 0.1881524        10 0.09142857        0      0            0.466
INFO  [16:46:18.206] [bbotk]                                 uhash
INFO  [16:46:18.206] [bbotk]  063dcec2-10a7-48a3-a1e9-31801fcefb9d
INFO  [16:46:18.210] [bbotk] Evaluating 1 configuration(s)
INFO  [16:46:19.000] [bbotk] Result of batch 2:
INFO  [16:46:19.001] [bbotk]  nrounds       eta max_depth classif.ce warnings errors runtime_learners
INFO  [16:46:19.001] [bbotk]      215 0.1438585         5 0.09619048        0      0            0.744
INFO  [16:46:19.001] [bbotk]                                 uhash
INFO  [16:46:19.001] [bbotk]  58de6800-3ec9-46c0-ba5c-585d921bdf1e
INFO  [16:46:19.005] [bbotk] Evaluating 1 configuration(s)
INFO  [16:46:20.129] [bbotk] Result of batch 3:
INFO  [16:46:20.130] [bbotk]  nrounds       eta max_depth classif.ce warnings errors runtime_learners
INFO  [16:46:20.130] [bbotk]      259 0.0518062         6        0.1        0      0            1.082
INFO  [16:46:20.130] [bbotk]                                 uhash
INFO  [16:46:20.130] [bbotk]  ce98257f-d378-4486-a949-cbdd7b1475ce
INFO  [16:46:20.137] [bbotk] Evaluating 1 configuration(s)
INFO  [16:46:20.773] [bbotk] Result of batch 4:
INFO  [16:46:20.774] [bbotk]  nrounds        eta max_depth classif.ce warnings errors runtime_learners
INFO  [16:46:20.774] [bbotk]      196 0.06539995         4 0.09904762        0      0            0.598
INFO  [16:46:20.774] [bbotk]                                 uhash
INFO  [16:46:20.774] [bbotk]  4ff26d86-d3b2-4894-867d-5e702731a34c
INFO  [16:46:20.778] [bbotk] Evaluating 1 configuration(s)
INFO  [16:46:21.288] [bbotk] Result of batch 5:
INFO  [16:46:21.289] [bbotk]  nrounds      eta max_depth classif.ce warnings errors runtime_learners
INFO  [16:46:21.289] [bbotk]      130 0.223557         7 0.09428571        0      0            0.472
INFO  [16:46:21.289] [bbotk]                                 uhash
INFO  [16:46:21.289] [bbotk]  6ffc7195-d969-49b3-8306-fd510011c71a
INFO  [16:46:21.293] [bbotk] Evaluating 1 configuration(s)
INFO  [16:46:21.590] [bbotk] Result of batch 6:
INFO  [16:46:21.592] [bbotk]  nrounds       eta max_depth classif.ce warnings errors runtime_learners
INFO  [16:46:21.592] [bbotk]       64 0.2901625         5 0.09714286        0      0            0.253
INFO  [16:46:21.592] [bbotk]                                 uhash
INFO  [16:46:21.592] [bbotk]  af6b1bf3-aa85-474c-bc35-1996aae7b764
INFO  [16:46:21.600] [bbotk] Evaluating 1 configuration(s)
INFO  [16:46:23.073] [bbotk] Result of batch 7:
INFO  [16:46:23.075] [bbotk]  nrounds        eta max_depth classif.ce warnings errors runtime_learners
INFO  [16:46:23.075] [bbotk]      273 0.01154361        10  0.0952381        0      0            1.429
INFO  [16:46:23.075] [bbotk]                                 uhash
INFO  [16:46:23.075] [bbotk]  422bc121-e350-4909-83f2-87bd4034bba9
INFO  [16:46:23.083] [bbotk] Evaluating 1 configuration(s)
INFO  [16:46:23.856] [bbotk] Result of batch 8:
INFO  [16:46:23.857] [bbotk]  nrounds       eta max_depth classif.ce warnings errors runtime_learners
INFO  [16:46:23.857] [bbotk]      294 0.2893399         4  0.1019048        0      0            0.738
INFO  [16:46:23.857] [bbotk]                                 uhash
INFO  [16:46:23.857] [bbotk]  5dad4616-4016-464f-a697-8d6784fa01d2
INFO  [16:46:23.861] [bbotk] Evaluating 1 configuration(s)
INFO  [16:46:24.216] [bbotk] Result of batch 9:
INFO  [16:46:24.217] [bbotk]  nrounds       eta max_depth classif.ce warnings errors runtime_learners
INFO  [16:46:24.217] [bbotk]      116 0.2894777         4 0.09809524        0      0             0.32
INFO  [16:46:24.217] [bbotk]                                 uhash
INFO  [16:46:24.217] [bbotk]  e56258ce-8e34-4f96-85e5-863a7b5188d3
INFO  [16:46:24.225] [bbotk] Evaluating 1 configuration(s)
INFO  [16:46:24.660] [bbotk] Result of batch 10:
INFO  [16:46:24.662] [bbotk]  nrounds       eta max_depth classif.ce warnings errors runtime_learners
INFO  [16:46:24.662] [bbotk]       98 0.2690689        10 0.09238095        0      0            0.391
INFO  [16:46:24.662] [bbotk]                                 uhash
INFO  [16:46:24.662] [bbotk]  8e3fa68f-7aea-43b4-8f87-266057e8d0e4
INFO  [16:46:24.674] [bbotk] Finished optimizing after 10 evaluation(s)
INFO  [16:46:24.674] [bbotk] Result:
INFO  [16:46:24.675] [bbotk]  nrounds       eta max_depth learner_param_vals  x_domain classif.ce
INFO  [16:46:24.675] [bbotk]    <int>     <num>     <int>             <list>    <list>      <num>
INFO  [16:46:24.675] [bbotk]      116 0.1881524        10          <list[5]> <list[3]> 0.09142857
INFO  [16:46:24.993] [bbotk] Starting to optimize 3 parameter(s) with '<OptimizerBatchRandomSearch>' and '<TerminatorEvals> [n_evals=10, k=0]'
INFO  [16:46:25.018] [bbotk] Evaluating 1 configuration(s)
INFO  [16:46:25.361] [bbotk] Result of batch 1:
INFO  [16:46:25.364] [bbotk]  nrounds      eta max_depth classif.ce warnings errors runtime_learners
INFO  [16:46:25.364] [bbotk]       89 0.136685         4 0.09038936        0      0            0.297
INFO  [16:46:25.364] [bbotk]                                 uhash
INFO  [16:46:25.364] [bbotk]  a1355b24-03cb-4885-8345-1fdd732068d6
INFO  [16:46:25.374] [bbotk] Evaluating 1 configuration(s)
INFO  [16:46:26.176] [bbotk] Result of batch 2:
INFO  [16:46:26.177] [bbotk]  nrounds       eta max_depth classif.ce warnings errors runtime_learners
INFO  [16:46:26.177] [bbotk]      211 0.1739021        10 0.09325465        0      0            0.766
INFO  [16:46:26.177] [bbotk]                                 uhash
INFO  [16:46:26.177] [bbotk]  55b31a44-c549-40de-a68b-417b4ee5dc5d
INFO  [16:46:26.180] [bbotk] Evaluating 1 configuration(s)
INFO  [16:46:26.894] [bbotk] Result of batch 3:
INFO  [16:46:26.898] [bbotk]  nrounds       eta max_depth classif.ce warnings errors runtime_learners
INFO  [16:46:26.898] [bbotk]      199 0.1823957         5 0.09230498        0      0            0.682
INFO  [16:46:26.898] [bbotk]                                 uhash
INFO  [16:46:26.898] [bbotk]  82fd8b4f-3c20-47c1-9249-b3b67e1152dc
INFO  [16:46:26.908] [bbotk] Evaluating 1 configuration(s)
INFO  [16:46:27.518] [bbotk] Result of batch 4:
INFO  [16:46:27.521] [bbotk]  nrounds       eta max_depth classif.ce warnings errors runtime_learners
INFO  [16:46:27.521] [bbotk]      169 0.2120219         6 0.09420703        0      0            0.562
INFO  [16:46:27.521] [bbotk]                                 uhash
INFO  [16:46:27.521] [bbotk]  300e99d6-45ca-4767-898f-26749be1582e
INFO  [16:46:27.525] [bbotk] Evaluating 1 configuration(s)
INFO  [16:46:28.066] [bbotk] Result of batch 5:
INFO  [16:46:28.068] [bbotk]  nrounds        eta max_depth classif.ce warnings errors runtime_learners
INFO  [16:46:28.068] [bbotk]      221 0.03944423         3 0.09705874        0      0            0.495
INFO  [16:46:28.068] [bbotk]                                 uhash
INFO  [16:46:28.068] [bbotk]  9ce1798a-d138-49d2-83f8-c4db324d06d9
INFO  [16:46:28.072] [bbotk] Evaluating 1 configuration(s)
INFO  [16:46:28.214] [bbotk] Result of batch 6:
INFO  [16:46:28.215] [bbotk]  nrounds       eta max_depth classif.ce warnings errors runtime_learners
INFO  [16:46:28.215] [bbotk]       50 0.1240048         2 0.09704789        0      0            0.103
INFO  [16:46:28.215] [bbotk]                                 uhash
INFO  [16:46:28.215] [bbotk]  326dd979-5da8-4b24-9421-32e8054e0ee4
INFO  [16:46:28.223] [bbotk] Evaluating 1 configuration(s)
INFO  [16:46:28.430] [bbotk] Result of batch 7:
INFO  [16:46:28.432] [bbotk]  nrounds        eta max_depth classif.ce warnings errors runtime_learners
INFO  [16:46:28.432] [bbotk]       74 0.06779289         3  0.1018071        0      0            0.162
INFO  [16:46:28.432] [bbotk]                                 uhash
INFO  [16:46:28.432] [bbotk]  51876b0a-b88d-4a2c-a4d7-b0b43bfa9e6d
INFO  [16:46:28.441] [bbotk] Evaluating 1 configuration(s)
INFO  [16:46:28.924] [bbotk] Result of batch 8:
INFO  [16:46:28.925] [bbotk]  nrounds       eta max_depth classif.ce warnings errors runtime_learners
INFO  [16:46:28.925] [bbotk]      124 0.1935267         5 0.08659069        0      0            0.442
INFO  [16:46:28.925] [bbotk]                                 uhash
INFO  [16:46:28.925] [bbotk]  ad70e10c-7201-4a04-8ccd-4011621caa9b
INFO  [16:46:28.929] [bbotk] Evaluating 1 configuration(s)
INFO  [16:46:29.327] [bbotk] Result of batch 9:
INFO  [16:46:29.327] [bbotk]  nrounds       eta max_depth classif.ce warnings errors runtime_learners
INFO  [16:46:29.327] [bbotk]       99 0.2377905        10 0.09134988        0      0            0.359
INFO  [16:46:29.327] [bbotk]                                 uhash
INFO  [16:46:29.327] [bbotk]  d13b15f0-23f7-4c4e-a293-26e6e3966d5f
INFO  [16:46:29.336] [bbotk] Evaluating 1 configuration(s)
INFO  [16:46:29.963] [bbotk] Result of batch 10:
INFO  [16:46:29.965] [bbotk]  nrounds       eta max_depth classif.ce warnings errors runtime_learners
INFO  [16:46:29.965] [bbotk]      147 0.2118107         6 0.09420431        0      0            0.559
INFO  [16:46:29.965] [bbotk]                                 uhash
INFO  [16:46:29.965] [bbotk]  a493ca3b-cbff-424b-a76e-c87ea56ec193
INFO  [16:46:29.974] [bbotk] Finished optimizing after 10 evaluation(s)
INFO  [16:46:29.974] [bbotk] Result:
INFO  [16:46:29.975] [bbotk]  nrounds       eta max_depth learner_param_vals  x_domain classif.ce
INFO  [16:46:29.975] [bbotk]    <int>     <num>     <int>             <list>    <list>      <num>
INFO  [16:46:29.975] [bbotk]      124 0.1935267         5          <list[5]> <list[3]> 0.08659069
INFO  [16:46:30.246] [bbotk] Starting to optimize 3 parameter(s) with '<OptimizerBatchRandomSearch>' and '<TerminatorEvals> [n_evals=10, k=0]'
INFO  [16:46:30.260] [bbotk] Evaluating 1 configuration(s)
INFO  [16:46:30.680] [bbotk] Result of batch 1:
INFO  [16:46:30.682] [bbotk]  nrounds       eta max_depth classif.ce warnings errors runtime_learners
INFO  [16:46:30.682] [bbotk]      102 0.2796135         9 0.09799756        0      0            0.371
INFO  [16:46:30.682] [bbotk]                                 uhash
INFO  [16:46:30.682] [bbotk]  74f84b0a-8f13-4e08-b6b2-0ac1f75497a7
INFO  [16:46:30.688] [bbotk] Evaluating 1 configuration(s)
INFO  [16:46:31.431] [bbotk] Result of batch 2:
INFO  [16:46:31.433] [bbotk]  nrounds       eta max_depth classif.ce warnings errors runtime_learners
INFO  [16:46:31.433] [bbotk]      214 0.2290514         9 0.09610365        0      0            0.706
INFO  [16:46:31.433] [bbotk]                                 uhash
INFO  [16:46:31.433] [bbotk]  26ba6c74-91a6-4b33-9d5b-e4757a5f0e2c
INFO  [16:46:31.439] [bbotk] Evaluating 1 configuration(s)
INFO  [16:46:32.511] [bbotk] Result of batch 3:
INFO  [16:46:32.512] [bbotk]  nrounds        eta max_depth classif.ce warnings errors runtime_learners
INFO  [16:46:32.512] [bbotk]      227 0.06351327         8 0.09705603        0      0            1.035
INFO  [16:46:32.512] [bbotk]                                 uhash
INFO  [16:46:32.512] [bbotk]  c6c4a0e4-6763-474f-b282-ab1f7661e3e3
INFO  [16:46:32.516] [bbotk] Evaluating 1 configuration(s)
INFO  [16:46:33.358] [bbotk] Result of batch 4:
INFO  [16:46:33.360] [bbotk]  nrounds      eta max_depth classif.ce warnings errors runtime_learners
INFO  [16:46:33.360] [bbotk]      269 0.238056         8 0.09799756        0      0            0.792
INFO  [16:46:33.360] [bbotk]                                 uhash
INFO  [16:46:33.360] [bbotk]  eed6c088-e495-4953-8007-59d7a62bb279
INFO  [16:46:33.373] [bbotk] Evaluating 1 configuration(s)
INFO  [16:46:34.185] [bbotk] Result of batch 5:
INFO  [16:46:34.186] [bbotk]  nrounds       eta max_depth classif.ce warnings errors runtime_learners
INFO  [16:46:34.186] [bbotk]      226 0.1306607         5 0.09324651        0      0            0.774
INFO  [16:46:34.186] [bbotk]                                 uhash
INFO  [16:46:34.186] [bbotk]  1ccb7f1f-07ea-4436-8cf2-d6db7d9323eb
INFO  [16:46:34.193] [bbotk] Evaluating 1 configuration(s)
INFO  [16:46:34.438] [bbotk] Result of batch 6:
INFO  [16:46:34.440] [bbotk]  nrounds        eta max_depth classif.ce warnings errors runtime_learners
INFO  [16:46:34.440] [bbotk]      128 0.06147811         2 0.09705874        0      0            0.214
INFO  [16:46:34.440] [bbotk]                                 uhash
INFO  [16:46:34.440] [bbotk]  47218997-0262-4e37-a158-939c2d69d8ad
INFO  [16:46:34.449] [bbotk] Evaluating 1 configuration(s)
INFO  [16:46:35.275] [bbotk] Result of batch 7:
INFO  [16:46:35.276] [bbotk]  nrounds       eta max_depth classif.ce warnings errors runtime_learners
INFO  [16:46:35.276] [bbotk]      270 0.2619673         9 0.09896079        0      0            0.792
INFO  [16:46:35.276] [bbotk]                                 uhash
INFO  [16:46:35.276] [bbotk]  ba948901-4d67-4d34-a64e-735c08ce572f
INFO  [16:46:35.280] [bbotk] Evaluating 1 configuration(s)
INFO  [16:46:35.419] [bbotk] Result of batch 8:
INFO  [16:46:35.419] [bbotk]  nrounds       eta max_depth classif.ce warnings errors runtime_learners
INFO  [16:46:35.419] [bbotk]       52 0.2646995         2 0.09991317        0      0            0.098
INFO  [16:46:35.419] [bbotk]                                 uhash
INFO  [16:46:35.419] [bbotk]  e0c884cb-72d3-44bc-80ab-596e21d58345
INFO  [16:46:35.423] [bbotk] Evaluating 1 configuration(s)
INFO  [16:46:35.793] [bbotk] Result of batch 9:
INFO  [16:46:35.795] [bbotk]  nrounds       eta max_depth classif.ce warnings errors runtime_learners
INFO  [16:46:35.795] [bbotk]      218 0.2218537         2 0.09991317        0      0             0.32
INFO  [16:46:35.795] [bbotk]                                 uhash
INFO  [16:46:35.795] [bbotk]  9874d421-1e83-4aa3-bafc-1b477ba9acda
INFO  [16:46:35.801] [bbotk] Evaluating 1 configuration(s)
INFO  [16:46:36.364] [bbotk] Result of batch 10:
INFO  [16:46:36.366] [bbotk]  nrounds       eta max_depth classif.ce warnings errors runtime_learners
INFO  [16:46:36.366] [bbotk]      161 0.2756188         7 0.09894994        0      0              0.5
INFO  [16:46:36.366] [bbotk]                                 uhash
INFO  [16:46:36.366] [bbotk]  29ca25ca-ea73-49a4-8b31-b98baa36e4dc
INFO  [16:46:36.385] [bbotk] Finished optimizing after 10 evaluation(s)
INFO  [16:46:36.386] [bbotk] Result:
INFO  [16:46:36.387] [bbotk]  nrounds       eta max_depth learner_param_vals  x_domain classif.ce
INFO  [16:46:36.387] [bbotk]    <int>     <num>     <int>             <list>    <list>      <num>
INFO  [16:46:36.387] [bbotk]      226 0.1306607         5          <list[5]> <list[3]> 0.09324651

### [bt]: Job terminated successfully [batchtools job.id=1089]
### [bt]: Starting job [batchtools job.id=1090]
### [bt]: Generating problem instance for problem '698720b8ce42ae0c' ...
### [bt]: Applying algorithm 'run_learner' on problem '698720b8ce42ae0c' for job 1090 (seed = 1091) ...
INFO  [16:46:36.958] [mlr3] Applying learner 'classif.xgboost.tuned_calib.perfold_platt' on task 'pc4' (iter 10/10)
INFO  [16:46:37.003] [bbotk] Starting to optimize 3 parameter(s) with '<OptimizerBatchRandomSearch>' and '<TerminatorEvals> [n_evals=10, k=0]'
INFO  [16:46:37.017] [bbotk] Evaluating 1 configuration(s)
INFO  [16:46:37.880] [bbotk] Result of batch 1:
INFO  [16:46:37.882] [bbotk]  nrounds       eta max_depth classif.ce warnings errors runtime_learners
INFO  [16:46:37.882] [bbotk]      251 0.2644861        10  0.0952381        0      0            0.819
INFO  [16:46:37.882] [bbotk]                                 uhash
INFO  [16:46:37.882] [bbotk]  8549fa25-d6b8-42da-b17e-753f6289fb11
INFO  [16:46:37.887] [bbotk] Evaluating 1 configuration(s)
INFO  [16:46:38.561] [bbotk] Result of batch 2:
INFO  [16:46:38.563] [bbotk]  nrounds       eta max_depth classif.ce warnings errors runtime_learners
INFO  [16:46:38.563] [bbotk]      298 0.1320288         3 0.09809524        0      0            0.636
INFO  [16:46:38.563] [bbotk]                                 uhash
INFO  [16:46:38.563] [bbotk]  11945df4-f862-4c74-817a-e5c2ba3689fd
INFO  [16:46:38.573] [bbotk] Evaluating 1 configuration(s)
INFO  [16:46:38.803] [bbotk] Result of batch 3:
INFO  [16:46:38.804] [bbotk]  nrounds        eta max_depth classif.ce warnings errors runtime_learners
INFO  [16:46:38.804] [bbotk]      103 0.02196082         2  0.1095238        0      0            0.178
INFO  [16:46:38.804] [bbotk]                                 uhash
INFO  [16:46:38.804] [bbotk]  4fd945cf-5699-42db-883a-0ea82418e3cc
INFO  [16:46:38.810] [bbotk] Evaluating 1 configuration(s)
INFO  [16:46:40.266] [bbotk] Result of batch 4:
INFO  [16:46:40.268] [bbotk]  nrounds        eta max_depth classif.ce warnings errors runtime_learners
INFO  [16:46:40.268] [bbotk]      244 0.02697455        10 0.09238095        0      0            1.413
INFO  [16:46:40.268] [bbotk]                                 uhash
INFO  [16:46:40.268] [bbotk]  8b3500a3-acb8-4a03-9498-3aa111eb08c8
INFO  [16:46:40.280] [bbotk] Evaluating 1 configuration(s)
INFO  [16:46:41.339] [bbotk] Result of batch 5:
INFO  [16:46:41.340] [bbotk]  nrounds       eta max_depth classif.ce warnings errors runtime_learners
INFO  [16:46:41.340] [bbotk]      256 0.1392908        10 0.09333333        0      0             1.01
INFO  [16:46:41.340] [bbotk]                                 uhash
INFO  [16:46:41.340] [bbotk]  6da3c227-9503-4672-896c-484317295dcb
INFO  [16:46:41.348] [bbotk] Evaluating 1 configuration(s)
INFO  [16:46:41.813] [bbotk] Result of batch 6:
INFO  [16:46:41.814] [bbotk]  nrounds       eta max_depth classif.ce warnings errors runtime_learners
INFO  [16:46:41.814] [bbotk]       82 0.1608647        10 0.09714286        0      0            0.418
INFO  [16:46:41.814] [bbotk]                                 uhash
INFO  [16:46:41.814] [bbotk]  189561be-686f-46a7-b245-a1c95c376437
INFO  [16:46:41.819] [bbotk] Evaluating 1 configuration(s)
INFO  [16:46:42.467] [bbotk] Result of batch 7:
INFO  [16:46:42.468] [bbotk]  nrounds      eta max_depth classif.ce warnings errors runtime_learners
INFO  [16:46:42.468] [bbotk]      268 0.184355         3 0.09809524        0      0              0.6
INFO  [16:46:42.468] [bbotk]                                 uhash
INFO  [16:46:42.468] [bbotk]  1f4261cb-bf31-4c4f-afab-6aff5296b665
INFO  [16:46:42.472] [bbotk] Evaluating 1 configuration(s)
INFO  [16:46:42.716] [bbotk] Result of batch 8:
INFO  [16:46:42.718] [bbotk]  nrounds       eta max_depth classif.ce warnings errors runtime_learners
INFO  [16:46:42.718] [bbotk]      127 0.1848852         2 0.09047619        0      0            0.197
INFO  [16:46:42.718] [bbotk]                                 uhash
INFO  [16:46:42.718] [bbotk]  22adce72-60da-486c-8df4-80d34ae4f426
INFO  [16:46:42.727] [bbotk] Evaluating 1 configuration(s)
INFO  [16:46:43.002] [bbotk] Result of batch 9:
INFO  [16:46:43.004] [bbotk]  nrounds       eta max_depth classif.ce warnings errors runtime_learners
INFO  [16:46:43.004] [bbotk]       98 0.2593583         3 0.09428571        0      0            0.228
INFO  [16:46:43.004] [bbotk]                                 uhash
INFO  [16:46:43.004] [bbotk]  5437c719-3b07-4b5e-9acf-c714aa6eaa35
INFO  [16:46:43.032] [bbotk] Evaluating 1 configuration(s)
INFO  [16:46:43.730] [bbotk] Result of batch 10:
INFO  [16:46:43.731] [bbotk]  nrounds       eta max_depth classif.ce warnings errors runtime_learners
INFO  [16:46:43.731] [bbotk]      220 0.2906015         7 0.09809524        0      0            0.665
INFO  [16:46:43.731] [bbotk]                                 uhash
INFO  [16:46:43.731] [bbotk]  ef515724-55d9-436e-b126-7babf201bf0f
INFO  [16:46:43.745] [bbotk] Finished optimizing after 10 evaluation(s)
INFO  [16:46:43.746] [bbotk] Result:
INFO  [16:46:43.746] [bbotk]  nrounds       eta max_depth learner_param_vals  x_domain classif.ce
INFO  [16:46:43.746] [bbotk]    <int>     <num>     <int>             <list>    <list>      <num>
INFO  [16:46:43.746] [bbotk]      127 0.1848852         2          <list[5]> <list[3]> 0.09047619
INFO  [16:46:43.885] [bbotk] Starting to optimize 3 parameter(s) with '<OptimizerBatchRandomSearch>' and '<TerminatorEvals> [n_evals=10, k=0]'
INFO  [16:46:43.897] [bbotk] Evaluating 1 configuration(s)
INFO  [16:46:44.385] [bbotk] Result of batch 1:
INFO  [16:46:44.386] [bbotk]  nrounds       eta max_depth classif.ce warnings errors runtime_learners
INFO  [16:46:44.386] [bbotk]      148 0.1393878         4 0.09238095        0      0            0.443
INFO  [16:46:44.386] [bbotk]                                 uhash
INFO  [16:46:44.386] [bbotk]  f3a0337f-a2f7-42cb-88a3-994d68cfa277
INFO  [16:46:44.389] [bbotk] Evaluating 1 configuration(s)
INFO  [16:46:45.018] [bbotk] Result of batch 2:
INFO  [16:46:45.019] [bbotk]  nrounds        eta max_depth classif.ce warnings errors runtime_learners
INFO  [16:46:45.019] [bbotk]      248 0.05161969         3 0.09714286        0      0            0.586
INFO  [16:46:45.019] [bbotk]                                 uhash
INFO  [16:46:45.019] [bbotk]  3a5337c6-ec77-4bf9-834d-68b9d06c696a
INFO  [16:46:45.023] [bbotk] Evaluating 1 configuration(s)
INFO  [16:46:45.510] [bbotk] Result of batch 3:
INFO  [16:46:45.511] [bbotk]  nrounds       eta max_depth classif.ce warnings errors runtime_learners
INFO  [16:46:45.511] [bbotk]      118 0.2348203         6  0.0952381        0      0            0.444
INFO  [16:46:45.511] [bbotk]                                 uhash
INFO  [16:46:45.511] [bbotk]  df4e6893-8d52-4abd-a566-ff07498979ee
INFO  [16:46:45.515] [bbotk] Evaluating 1 configuration(s)
INFO  [16:46:45.892] [bbotk] Result of batch 4:
INFO  [16:46:45.893] [bbotk]  nrounds       eta max_depth classif.ce warnings errors runtime_learners
INFO  [16:46:45.893] [bbotk]       88 0.2592832         6 0.09619048        0      0            0.338
INFO  [16:46:45.893] [bbotk]                                 uhash
INFO  [16:46:45.893] [bbotk]  80f93890-091c-41ab-878c-cfdc6d24f8b9
INFO  [16:46:45.897] [bbotk] Evaluating 1 configuration(s)
INFO  [16:46:46.704] [bbotk] Result of batch 5:
INFO  [16:46:46.706] [bbotk]  nrounds       eta max_depth classif.ce warnings errors runtime_learners
INFO  [16:46:46.706] [bbotk]      291 0.2865413         7 0.09714286        0      0            0.768
INFO  [16:46:46.706] [bbotk]                                 uhash
INFO  [16:46:46.706] [bbotk]  ce2e98c3-f432-42e9-a5b4-f5256ad419e6
INFO  [16:46:46.715] [bbotk] Evaluating 1 configuration(s)
INFO  [16:46:47.126] [bbotk] Result of batch 6:
INFO  [16:46:47.128] [bbotk]  nrounds       eta max_depth classif.ce warnings errors runtime_learners
INFO  [16:46:47.128] [bbotk]       98 0.1861018         6  0.1009524        0      0            0.377
INFO  [16:46:47.128] [bbotk]                                 uhash
INFO  [16:46:47.128] [bbotk]  5bd4e713-29bb-4a97-be7c-e94937632571
INFO  [16:46:47.134] [bbotk] Evaluating 1 configuration(s)
INFO  [16:46:47.654] [bbotk] Result of batch 7:
INFO  [16:46:47.655] [bbotk]  nrounds        eta max_depth classif.ce warnings errors runtime_learners
INFO  [16:46:47.655] [bbotk]      102 0.05814747         8        0.1        0      0            0.478
INFO  [16:46:47.655] [bbotk]                                 uhash
INFO  [16:46:47.655] [bbotk]  3492a9e4-d3b8-4f6c-862a-9a43dc917385
INFO  [16:46:47.659] [bbotk] Evaluating 1 configuration(s)
INFO  [16:46:48.265] [bbotk] Result of batch 8:
INFO  [16:46:48.267] [bbotk]  nrounds       eta max_depth classif.ce warnings errors runtime_learners
INFO  [16:46:48.267] [bbotk]      157 0.1141399         5 0.09047619        0      0            0.572
INFO  [16:46:48.267] [bbotk]                                 uhash
INFO  [16:46:48.267] [bbotk]  75a90a7a-3b6a-409b-86c0-eaa2654558f4
INFO  [16:46:48.271] [bbotk] Evaluating 1 configuration(s)
INFO  [16:46:48.919] [bbotk] Result of batch 9:
INFO  [16:46:48.920] [bbotk]  nrounds        eta max_depth classif.ce warnings errors runtime_learners
INFO  [16:46:48.920] [bbotk]      126 0.08463641         9 0.09619048        0      0            0.614
INFO  [16:46:48.920] [bbotk]                                 uhash
INFO  [16:46:48.920] [bbotk]  d5a94bab-cbe8-49e1-8718-9be16d519e5a
INFO  [16:46:48.927] [bbotk] Evaluating 1 configuration(s)
INFO  [16:46:49.322] [bbotk] Result of batch 10:
INFO  [16:46:49.324] [bbotk]  nrounds       eta max_depth classif.ce warnings errors runtime_learners
INFO  [16:46:49.324] [bbotk]      239 0.2529905         2 0.09047619        0      0            0.346
INFO  [16:46:49.324] [bbotk]                                 uhash
INFO  [16:46:49.324] [bbotk]  db520d1f-5d23-49a1-8f63-b007f9ea4bb3
INFO  [16:46:49.338] [bbotk] Finished optimizing after 10 evaluation(s)
INFO  [16:46:49.338] [bbotk] Result:
INFO  [16:46:49.339] [bbotk]  nrounds       eta max_depth learner_param_vals  x_domain classif.ce
INFO  [16:46:49.339] [bbotk]    <int>     <num>     <int>             <list>    <list>      <num>
INFO  [16:46:49.339] [bbotk]      157 0.1141399         5          <list[5]> <list[3]> 0.09047619
INFO  [16:46:49.653] [bbotk] Starting to optimize 3 parameter(s) with '<OptimizerBatchRandomSearch>' and '<TerminatorEvals> [n_evals=10, k=0]'
INFO  [16:46:49.663] [bbotk] Evaluating 1 configuration(s)
INFO  [16:46:50.940] [bbotk] Result of batch 1:
INFO  [16:46:50.941] [bbotk]  nrounds        eta max_depth classif.ce warnings errors runtime_learners
INFO  [16:46:50.941] [bbotk]      243 0.02253067         9 0.09238095        0      0            1.247
INFO  [16:46:50.941] [bbotk]                                 uhash
INFO  [16:46:50.941] [bbotk]  f4567403-40b0-466f-b7dc-f5af4db6b042
INFO  [16:46:50.944] [bbotk] Evaluating 1 configuration(s)
INFO  [16:46:51.326] [bbotk] Result of batch 2:
INFO  [16:46:51.327] [bbotk]  nrounds       eta max_depth classif.ce warnings errors runtime_learners
INFO  [16:46:51.327] [bbotk]       94 0.2234079         8 0.09714286        0      0             0.34
INFO  [16:46:51.327] [bbotk]                                 uhash
INFO  [16:46:51.327] [bbotk]  6a58c2f4-6938-4ba7-91df-5ed84bb4e243
INFO  [16:46:51.331] [bbotk] Evaluating 1 configuration(s)
INFO  [16:46:52.165] [bbotk] Result of batch 3:
INFO  [16:46:52.166] [bbotk]  nrounds       eta max_depth classif.ce warnings errors runtime_learners
INFO  [16:46:52.166] [bbotk]      287 0.1323861         4 0.09904762        0      0            0.801
INFO  [16:46:52.166] [bbotk]                                 uhash
INFO  [16:46:52.166] [bbotk]  a40637b3-9275-47fa-8e5c-08f1e5f3c71c
INFO  [16:46:52.170] [bbotk] Evaluating 1 configuration(s)
INFO  [16:46:52.817] [bbotk] Result of batch 4:
INFO  [16:46:52.818] [bbotk]  nrounds       eta max_depth classif.ce warnings errors runtime_learners
INFO  [16:46:52.818] [bbotk]      116 0.1243617        10 0.09142857        0      0             0.61
INFO  [16:46:52.818] [bbotk]                                 uhash
INFO  [16:46:52.818] [bbotk]  80dec594-a804-4b55-ac3e-7be7d7ac2653
INFO  [16:46:52.822] [bbotk] Evaluating 1 configuration(s)
INFO  [16:46:53.364] [bbotk] Result of batch 5:
INFO  [16:46:53.366] [bbotk]  nrounds      eta max_depth classif.ce warnings errors runtime_learners
INFO  [16:46:53.366] [bbotk]      230 0.161978         3 0.09714286        0      0            0.501
INFO  [16:46:53.366] [bbotk]                                 uhash
INFO  [16:46:53.366] [bbotk]  6849909c-f31c-4b15-bfce-c4446292d2d2
INFO  [16:46:53.371] [bbotk] Evaluating 1 configuration(s)
INFO  [16:46:54.046] [bbotk] Result of batch 6:
INFO  [16:46:54.048] [bbotk]  nrounds       eta max_depth classif.ce warnings errors runtime_learners
INFO  [16:46:54.048] [bbotk]      217 0.2839241         7  0.0952381        0      0            0.636
INFO  [16:46:54.048] [bbotk]                                 uhash
INFO  [16:46:54.048] [bbotk]  084b75b3-4162-4ee7-8a18-b722e8c73263
INFO  [16:46:54.057] [bbotk] Evaluating 1 configuration(s)
INFO  [16:46:55.110] [bbotk] Result of batch 7:
INFO  [16:46:55.112] [bbotk]  nrounds        eta max_depth classif.ce warnings errors runtime_learners
INFO  [16:46:55.112] [bbotk]      198 0.05465756        10 0.09333333        0      0            1.011
INFO  [16:46:55.112] [bbotk]                                 uhash
INFO  [16:46:55.112] [bbotk]  3d6e26b8-0ef2-4c4b-b3ae-783dbd411120
INFO  [16:46:55.122] [bbotk] Evaluating 1 configuration(s)
INFO  [16:46:55.857] [bbotk] Result of batch 8:
INFO  [16:46:55.858] [bbotk]  nrounds       eta max_depth classif.ce warnings errors runtime_learners
INFO  [16:46:55.858] [bbotk]      195 0.1103263         5 0.09809524        0      0             0.68
INFO  [16:46:55.858] [bbotk]                                 uhash
INFO  [16:46:55.858] [bbotk]  17342023-c408-472d-b9ba-d1b3e40437e8
INFO  [16:46:55.862] [bbotk] Evaluating 1 configuration(s)
INFO  [16:46:56.505] [bbotk] Result of batch 9:
INFO  [16:46:56.507] [bbotk]  nrounds        eta max_depth classif.ce warnings errors runtime_learners
INFO  [16:46:56.507] [bbotk]      135 0.03448082         6 0.09333333        0      0            0.611
INFO  [16:46:56.507] [bbotk]                                 uhash
INFO  [16:46:56.507] [bbotk]  3cf76441-6c29-4450-9d26-f35df802c8f1
INFO  [16:46:56.512] [bbotk] Evaluating 1 configuration(s)
INFO  [16:46:56.930] [bbotk] Result of batch 10:
INFO  [16:46:56.931] [bbotk]  nrounds       eta max_depth classif.ce warnings errors runtime_learners
INFO  [16:46:56.931] [bbotk]      157 0.1260791         3 0.09619048        0      0            0.375
INFO  [16:46:56.931] [bbotk]                                 uhash
INFO  [16:46:56.931] [bbotk]  5e1e3841-3f6d-4d08-ad4b-ae4debc9a7c9
INFO  [16:46:56.939] [bbotk] Finished optimizing after 10 evaluation(s)
INFO  [16:46:56.940] [bbotk] Result:
INFO  [16:46:56.941] [bbotk]  nrounds       eta max_depth learner_param_vals  x_domain classif.ce
INFO  [16:46:56.941] [bbotk]    <int>     <num>     <int>             <list>    <list>      <num>
INFO  [16:46:56.941] [bbotk]      116 0.1243617        10          <list[5]> <list[3]> 0.09142857
INFO  [16:46:57.256] [bbotk] Starting to optimize 3 parameter(s) with '<OptimizerBatchRandomSearch>' and '<TerminatorEvals> [n_evals=10, k=0]'
INFO  [16:46:57.272] [bbotk] Evaluating 1 configuration(s)
INFO  [16:46:57.669] [bbotk] Result of batch 1:
INFO  [16:46:57.670] [bbotk]  nrounds       eta max_depth classif.ce warnings errors runtime_learners
INFO  [16:46:57.670] [bbotk]       98 0.1141034         5 0.09513499        0      0            0.366
INFO  [16:46:57.670] [bbotk]                                 uhash
INFO  [16:46:57.670] [bbotk]  3608267f-1eb6-47c3-8a09-6f7fbc7030cf
INFO  [16:46:57.674] [bbotk] Evaluating 1 configuration(s)
INFO  [16:46:57.881] [bbotk] Result of batch 2:
INFO  [16:46:57.882] [bbotk]  nrounds        eta max_depth classif.ce warnings errors runtime_learners
INFO  [16:46:57.882] [bbotk]       61 0.04195419         3   0.103701        0      0             0.16
INFO  [16:46:57.882] [bbotk]                                 uhash
INFO  [16:46:57.882] [bbotk]  06e73b16-b326-4c9f-b4e7-455e38cad046
INFO  [16:46:57.891] [bbotk] Evaluating 1 configuration(s)
INFO  [16:46:58.503] [bbotk] Result of batch 3:
INFO  [16:46:58.503] [bbotk]  nrounds       eta max_depth classif.ce warnings errors runtime_learners
INFO  [16:46:58.503] [bbotk]      144 0.1782828         6 0.09798942        0      0            0.575
INFO  [16:46:58.503] [bbotk]                                 uhash
INFO  [16:46:58.503] [bbotk]  d4e73f77-b8f9-4872-bd4d-9598aec11b4a
INFO  [16:46:58.507] [bbotk] Evaluating 1 configuration(s)
INFO  [16:46:59.428] [bbotk] Result of batch 4:
INFO  [16:46:59.429] [bbotk]  nrounds        eta max_depth classif.ce warnings errors runtime_learners
INFO  [16:46:59.429] [bbotk]      277 0.05435659         4 0.09608737        0      0            0.872
INFO  [16:46:59.429] [bbotk]                                 uhash
INFO  [16:46:59.429] [bbotk]  d7a7c653-85d0-4dfa-83bc-801468c2c147
INFO  [16:46:59.434] [bbotk] Evaluating 1 configuration(s)
INFO  [16:47:00.485] [bbotk] Result of batch 5:
INFO  [16:47:00.487] [bbotk]  nrounds       eta max_depth classif.ce warnings errors runtime_learners
INFO  [16:47:00.487] [bbotk]      299 0.1505965         6 0.09703975        0      0            0.999
INFO  [16:47:00.487] [bbotk]                                 uhash
INFO  [16:47:00.487] [bbotk]  7a4fbc5f-503f-41db-881b-512492be330f
INFO  [16:47:00.494] [bbotk] Evaluating 1 configuration(s)
INFO  [16:47:01.805] [bbotk] Result of batch 6:
INFO  [16:47:01.806] [bbotk]  nrounds        eta max_depth classif.ce warnings errors runtime_learners
INFO  [16:47:01.806] [bbotk]      254 0.04872532         9 0.09798399        0      0            1.257
INFO  [16:47:01.806] [bbotk]                                 uhash
INFO  [16:47:01.806] [bbotk]  05445bcf-add5-4e21-9f98-ced03f54c8bf
INFO  [16:47:01.810] [bbotk] Evaluating 1 configuration(s)
INFO  [16:47:02.894] [bbotk] Result of batch 7:
INFO  [16:47:02.897] [bbotk]  nrounds        eta max_depth classif.ce warnings errors runtime_learners
INFO  [16:47:02.897] [bbotk]      235 0.08333809        10 0.09513499        0      0            1.032
INFO  [16:47:02.897] [bbotk]                                 uhash
INFO  [16:47:02.897] [bbotk]  febe2f7b-327a-4286-8acf-9fffdc8da5c3
INFO  [16:47:02.902] [bbotk] Evaluating 1 configuration(s)
INFO  [16:47:03.624] [bbotk] Result of batch 8:
INFO  [16:47:03.625] [bbotk]  nrounds       eta max_depth classif.ce warnings errors runtime_learners
INFO  [16:47:03.625] [bbotk]      177 0.1299265         8 0.09227513        0      0            0.687
INFO  [16:47:03.625] [bbotk]                                 uhash
INFO  [16:47:03.625] [bbotk]  000e1703-56b4-4928-af4d-372c3b684849
INFO  [16:47:03.634] [bbotk] Evaluating 1 configuration(s)
INFO  [16:47:03.822] [bbotk] Result of batch 9:
INFO  [16:47:03.823] [bbotk]  nrounds      eta max_depth classif.ce warnings errors runtime_learners
INFO  [16:47:03.823] [bbotk]       55 0.221636         3 0.09988875        0      0            0.158
INFO  [16:47:03.823] [bbotk]                                 uhash
INFO  [16:47:03.823] [bbotk]  b72ebaf5-074c-4735-a4ee-9f61264a22dd
INFO  [16:47:03.829] [bbotk] Evaluating 1 configuration(s)
INFO  [16:47:04.100] [bbotk] Result of batch 10:
INFO  [16:47:04.101] [bbotk]  nrounds       eta max_depth classif.ce warnings errors runtime_learners
INFO  [16:47:04.101] [bbotk]      134 0.1991507         3 0.09418532        0      0            0.242
INFO  [16:47:04.101] [bbotk]                                 uhash
INFO  [16:47:04.101] [bbotk]  4623be59-66ee-4622-958e-a61ebbca5d1d
INFO  [16:47:04.114] [bbotk] Finished optimizing after 10 evaluation(s)
INFO  [16:47:04.114] [bbotk] Result:
INFO  [16:47:04.115] [bbotk]  nrounds       eta max_depth learner_param_vals  x_domain classif.ce
INFO  [16:47:04.115] [bbotk]    <int>     <num>     <int>             <list>    <list>      <num>
INFO  [16:47:04.115] [bbotk]      177 0.1299265         8          <list[5]> <list[3]> 0.09227513
INFO  [16:47:04.491] [bbotk] Starting to optimize 3 parameter(s) with '<OptimizerBatchRandomSearch>' and '<TerminatorEvals> [n_evals=10, k=0]'
INFO  [16:47:04.521] [bbotk] Evaluating 1 configuration(s)
INFO  [16:47:04.887] [bbotk] Result of batch 1:
INFO  [16:47:04.888] [bbotk]  nrounds        eta max_depth classif.ce warnings errors runtime_learners
INFO  [16:47:04.888] [bbotk]       55 0.07951876        10  0.1046697        0      0            0.326
INFO  [16:47:04.888] [bbotk]                                 uhash
INFO  [16:47:04.888] [bbotk]  1279a2d9-7824-4705-ae9e-b1678dae4157
INFO  [16:47:04.892] [bbotk] Evaluating 1 configuration(s)
INFO  [16:47:05.186] [bbotk] Result of batch 2:
INFO  [16:47:05.187] [bbotk]  nrounds        eta max_depth classif.ce warnings errors runtime_learners
INFO  [16:47:05.187] [bbotk]       54 0.08447629         6  0.1065744        0      0            0.258
INFO  [16:47:05.187] [bbotk]                                 uhash
INFO  [16:47:05.187] [bbotk]  a35be64d-53d4-474c-95d6-00984a959af3
INFO  [16:47:05.192] [bbotk] Evaluating 1 configuration(s)
INFO  [16:47:05.951] [bbotk] Result of batch 3:
INFO  [16:47:05.954] [bbotk]  nrounds       eta max_depth classif.ce warnings errors runtime_learners
INFO  [16:47:05.954] [bbotk]      185 0.1989847         9  0.1008547        0      0            0.714
INFO  [16:47:05.954] [bbotk]                                 uhash
INFO  [16:47:05.954] [bbotk]  e6adb880-7cc1-4d5e-86c4-869cc18ab883
INFO  [16:47:05.966] [bbotk] Evaluating 1 configuration(s)
INFO  [16:47:06.440] [bbotk] Result of batch 4:
INFO  [16:47:06.441] [bbotk]  nrounds       eta max_depth classif.ce warnings errors runtime_learners
INFO  [16:47:06.441] [bbotk]      103 0.2549602         8  0.1046615        0      0            0.425
INFO  [16:47:06.441] [bbotk]                                 uhash
INFO  [16:47:06.441] [bbotk]  9ea3cfac-522f-43fb-bbfb-47b6adffc2e0
INFO  [16:47:06.445] [bbotk] Evaluating 1 configuration(s)
INFO  [16:47:07.179] [bbotk] Result of batch 5:
INFO  [16:47:07.180] [bbotk]  nrounds       eta max_depth classif.ce warnings errors runtime_learners
INFO  [16:47:07.180] [bbotk]      265 0.1167048         3 0.09800027        0      0            0.691
INFO  [16:47:07.180] [bbotk]                                 uhash
INFO  [16:47:07.180] [bbotk]  c858bd60-7ccc-4d2f-8796-7d437b9c1b4e
INFO  [16:47:07.184] [bbotk] Evaluating 1 configuration(s)
INFO  [16:47:07.465] [bbotk] Result of batch 6:
INFO  [16:47:07.467] [bbotk]  nrounds        eta max_depth classif.ce warnings errors runtime_learners
INFO  [16:47:07.467] [bbotk]      132 0.02061462         2  0.1160955        0      0            0.239
INFO  [16:47:07.467] [bbotk]                                 uhash
INFO  [16:47:07.467] [bbotk]  c89b45be-7520-4fbd-ab62-ed31b5c4a0c2
INFO  [16:47:07.477] [bbotk] Evaluating 1 configuration(s)
INFO  [16:47:08.141] [bbotk] Result of batch 7:
INFO  [16:47:08.142] [bbotk]  nrounds        eta max_depth classif.ce warnings errors runtime_learners
INFO  [16:47:08.142] [bbotk]      145 0.05699929         5 0.09990503        0      0            0.621
INFO  [16:47:08.142] [bbotk]                                 uhash
INFO  [16:47:08.142] [bbotk]  064c3143-515c-435b-bbb5-d829c8609adb
INFO  [16:47:08.146] [bbotk] Evaluating 1 configuration(s)
INFO  [16:47:08.618] [bbotk] Result of batch 8:
INFO  [16:47:08.619] [bbotk]  nrounds       eta max_depth classif.ce warnings errors runtime_learners
INFO  [16:47:08.619] [bbotk]       75 0.1797958         8  0.1037091        0      0            0.435
INFO  [16:47:08.619] [bbotk]                                 uhash
INFO  [16:47:08.619] [bbotk]  113e3648-9020-44de-9f55-ff8355fdd26b
INFO  [16:47:08.627] [bbotk] Evaluating 1 configuration(s)
INFO  [16:47:09.400] [bbotk] Result of batch 9:
INFO  [16:47:09.401] [bbotk]  nrounds       eta max_depth classif.ce warnings errors runtime_learners
INFO  [16:47:09.401] [bbotk]      197 0.2253964         5 0.09798942        0      0            0.726
INFO  [16:47:09.401] [bbotk]                                 uhash
INFO  [16:47:09.401] [bbotk]  21a549bb-993b-40af-bb92-ac1f9e40cace
INFO  [16:47:09.410] [bbotk] Evaluating 1 configuration(s)
INFO  [16:47:10.365] [bbotk] Result of batch 10:
INFO  [16:47:10.378] [bbotk]  nrounds        eta max_depth classif.ce warnings errors runtime_learners
INFO  [16:47:10.378] [bbotk]      166 0.04505378         9    0.10372        0      0            0.908
INFO  [16:47:10.378] [bbotk]                                 uhash
INFO  [16:47:10.378] [bbotk]  00bea842-bc63-4fd2-8ccc-b258152788c7
INFO  [16:47:10.399] [bbotk] Finished optimizing after 10 evaluation(s)
INFO  [16:47:10.400] [bbotk] Result:
INFO  [16:47:10.401] [bbotk]  nrounds       eta max_depth learner_param_vals  x_domain classif.ce
INFO  [16:47:10.401] [bbotk]    <int>     <num>     <int>             <list>    <list>      <num>
INFO  [16:47:10.401] [bbotk]      197 0.2253964         5          <list[5]> <list[3]> 0.09798942

### [bt]: Job terminated successfully [batchtools job.id=1090]
### [bt]: Calculation finished!
