### [bt]: This is batchtools v0.9.17
### [bt]: Starting calculation of 5 jobs
### [bt]: Setting working directory to '/Users/User/Documents/Studium/Semester8/Hiwi/mlr3calibration/vignettes'
### [bt]: Memory measurement disabled
### [bt]: Starting job [batchtools job.id=2626]
### [bt]: Generating problem instance for problem '34d90df810f60583' ...
### [bt]: Applying algorithm 'run_learner' on problem '34d90df810f60583' for job 2626 (seed = 2627) ...
INFO  [17:16:37.293] [mlr3] Applying learner 'classif.xgboost.tuned_calib.oof_beta' on task 'phoneme' (iter 6/10)
INFO  [17:16:37.344] [bbotk] Starting to optimize 3 parameter(s) with '<OptimizerBatchRandomSearch>' and '<TerminatorEvals> [n_evals=10, k=0]'
INFO  [17:16:37.354] [bbotk] Evaluating 1 configuration(s)
INFO  [17:16:38.136] [bbotk] Result of batch 1:
INFO  [17:16:38.138] [bbotk]  nrounds       eta max_depth classif.ce warnings errors runtime_learners
INFO  [17:16:38.138] [bbotk]      205 0.1690015         4  0.1377538        0      0            0.737
INFO  [17:16:38.138] [bbotk]                                 uhash
INFO  [17:16:38.138] [bbotk]  9c58ad3f-89db-4ed9-845d-47379e186a0f
INFO  [17:16:38.147] [bbotk] Evaluating 1 configuration(s)
INFO  [17:16:39.791] [bbotk] Result of batch 2:
INFO  [17:16:39.793] [bbotk]  nrounds       eta max_depth classif.ce warnings errors runtime_learners
INFO  [17:16:39.793] [bbotk]      228 0.2198465         7  0.1251606        0      0            1.594
INFO  [17:16:39.793] [bbotk]                                 uhash
INFO  [17:16:39.793] [bbotk]  92752dab-9100-4bc9-898a-46a2b8a0f821
INFO  [17:16:39.801] [bbotk] Evaluating 1 configuration(s)
INFO  [17:16:40.809] [bbotk] Result of batch 3:
INFO  [17:16:40.810] [bbotk]  nrounds       eta max_depth classif.ce warnings errors runtime_learners
INFO  [17:16:40.810] [bbotk]       91 0.2293525         9  0.1236186        0      0            0.754
INFO  [17:16:40.810] [bbotk]                                 uhash
INFO  [17:16:40.810] [bbotk]  dad9e804-fdc7-43d5-9b1a-59ffcc89d6f6
INFO  [17:16:40.814] [bbotk] Evaluating 1 configuration(s)
INFO  [17:16:41.270] [bbotk] Result of batch 4:
INFO  [17:16:41.271] [bbotk]  nrounds       eta max_depth classif.ce warnings errors runtime_learners
INFO  [17:16:41.271] [bbotk]      144 0.1212577         3  0.1462349        0      0            0.416
INFO  [17:16:41.271] [bbotk]                                 uhash
INFO  [17:16:41.271] [bbotk]  8f3dd306-8996-4fc6-b94e-1542c2af77c7
INFO  [17:16:41.274] [bbotk] Evaluating 1 configuration(s)
INFO  [17:16:42.239] [bbotk] Result of batch 5:
INFO  [17:16:42.240] [bbotk]  nrounds        eta max_depth classif.ce warnings errors runtime_learners
INFO  [17:16:42.240] [bbotk]      236 0.03818843         4  0.1364688        0      0            0.925
INFO  [17:16:42.240] [bbotk]                                 uhash
INFO  [17:16:42.240] [bbotk]  b91efa3f-cefd-4bad-9e24-0f34ec7c15e7
INFO  [17:16:42.253] [bbotk] Evaluating 1 configuration(s)
INFO  [17:16:42.921] [bbotk] Result of batch 6:
INFO  [17:16:42.922] [bbotk]  nrounds       eta max_depth classif.ce warnings errors runtime_learners
INFO  [17:16:42.922] [bbotk]      171 0.1382211         4  0.1333847        0      0            0.628
INFO  [17:16:42.922] [bbotk]                                 uhash
INFO  [17:16:42.922] [bbotk]  63194c53-29c2-4691-96f9-dec1753f7e17
INFO  [17:16:42.926] [bbotk] Evaluating 1 configuration(s)
INFO  [17:16:44.164] [bbotk] Result of batch 7:
INFO  [17:16:44.165] [bbotk]  nrounds       eta max_depth classif.ce warnings errors runtime_learners
INFO  [17:16:44.165] [bbotk]      182 0.2255594         7  0.1264456        0      0            1.203
INFO  [17:16:44.165] [bbotk]                                 uhash
INFO  [17:16:44.165] [bbotk]  3fafcde6-21f7-4c3e-a5dd-fbb947f0df33
INFO  [17:16:44.169] [bbotk] Evaluating 1 configuration(s)
INFO  [17:16:45.306] [bbotk] Result of batch 8:
INFO  [17:16:45.308] [bbotk]  nrounds       eta max_depth classif.ce warnings errors runtime_learners
INFO  [17:16:45.308] [bbotk]      186 0.1540956         6  0.1295297        0      0            1.092
INFO  [17:16:45.308] [bbotk]                                 uhash
INFO  [17:16:45.308] [bbotk]  03259133-19e6-40f4-945b-b590dadcf6a2
INFO  [17:16:45.318] [bbotk] Evaluating 1 configuration(s)
INFO  [17:16:47.114] [bbotk] Result of batch 9:
INFO  [17:16:47.121] [bbotk]  nrounds       eta max_depth classif.ce warnings errors runtime_learners
INFO  [17:16:47.121] [bbotk]      221 0.2096829        10  0.1246466        0      0            1.729
INFO  [17:16:47.121] [bbotk]                                 uhash
INFO  [17:16:47.121] [bbotk]  87a42b4c-7a84-4e4b-9c56-e02ebc16aa67
INFO  [17:16:47.144] [bbotk] Evaluating 1 configuration(s)
INFO  [17:16:47.487] [bbotk] Result of batch 10:
INFO  [17:16:47.494] [bbotk]  nrounds       eta max_depth classif.ce warnings errors runtime_learners
INFO  [17:16:47.494] [bbotk]       92 0.1174273         3  0.1446929        0      0            0.276
INFO  [17:16:47.494] [bbotk]                                 uhash
INFO  [17:16:47.494] [bbotk]  38476a9e-f761-453d-bf9e-948b11f8d230
INFO  [17:16:47.512] [bbotk] Finished optimizing after 10 evaluation(s)
INFO  [17:16:47.512] [bbotk] Result:
INFO  [17:16:47.514] [bbotk]  nrounds       eta max_depth learner_param_vals  x_domain classif.ce
INFO  [17:16:47.514] [bbotk]    <int>     <num>     <int>             <list>    <list>      <num>
INFO  [17:16:47.514] [bbotk]       91 0.2293525         9          <list[5]> <list[3]>  0.1236186
INFO  [17:16:47.896] [bbotk] Starting to optimize 3 parameter(s) with '<OptimizerBatchRandomSearch>' and '<TerminatorEvals> [n_evals=10, k=0]'
INFO  [17:16:47.914] [bbotk] Evaluating 1 configuration(s)
INFO  [17:16:50.095] [bbotk] Result of batch 1:
INFO  [17:16:50.097] [bbotk]  nrounds        eta max_depth classif.ce warnings errors runtime_learners
INFO  [17:16:50.097] [bbotk]      205 0.02081257        10  0.1164225        0      0            2.121
INFO  [17:16:50.097] [bbotk]                                 uhash
INFO  [17:16:50.097] [bbotk]  620b776d-0be6-40ce-a62e-82ce042787f5
INFO  [17:16:50.103] [bbotk] Evaluating 1 configuration(s)
INFO  [17:16:51.492] [bbotk] Result of batch 2:
INFO  [17:16:51.493] [bbotk]  nrounds       eta max_depth classif.ce warnings errors runtime_learners
INFO  [17:16:51.493] [bbotk]      206 0.1573654         8  0.1174505        0      0            1.339
INFO  [17:16:51.493] [bbotk]                                 uhash
INFO  [17:16:51.493] [bbotk]  e8044d87-698f-450d-a409-1b48daedc60b
INFO  [17:16:51.502] [bbotk] Evaluating 1 configuration(s)
INFO  [17:16:52.395] [bbotk] Result of batch 3:
INFO  [17:16:52.395] [bbotk]  nrounds       eta max_depth classif.ce warnings errors runtime_learners
INFO  [17:16:52.395] [bbotk]      286 0.2225457         3  0.1331277        0      0             0.85
INFO  [17:16:52.395] [bbotk]                                 uhash
INFO  [17:16:52.395] [bbotk]  8d1d09af-d38a-40c7-a508-e6707b3def21
INFO  [17:16:52.399] [bbotk] Evaluating 1 configuration(s)
INFO  [17:16:53.555] [bbotk] Result of batch 4:
INFO  [17:16:53.558] [bbotk]  nrounds       eta max_depth classif.ce warnings errors runtime_learners
INFO  [17:16:53.558] [bbotk]      134 0.2123929         9  0.1197636        0      0            1.105
INFO  [17:16:53.558] [bbotk]                                 uhash
INFO  [17:16:53.558] [bbotk]  19c11e2d-9d2f-4832-850b-400163b273ee
INFO  [17:16:53.569] [bbotk] Evaluating 1 configuration(s)
INFO  [17:16:54.503] [bbotk] Result of batch 5:
INFO  [17:16:54.503] [bbotk]  nrounds        eta max_depth classif.ce warnings errors runtime_learners
INFO  [17:16:54.503] [bbotk]      214 0.02642001         4  0.1428939        0      0            0.867
INFO  [17:16:54.503] [bbotk]                                 uhash
INFO  [17:16:54.503] [bbotk]  5b098fd4-03de-4767-bb54-4a221e358165
INFO  [17:16:54.507] [bbotk] Evaluating 1 configuration(s)
INFO  [17:16:55.181] [bbotk] Result of batch 6:
INFO  [17:16:55.182] [bbotk]  nrounds        eta max_depth classif.ce warnings errors runtime_learners
INFO  [17:16:55.182] [bbotk]      112 0.07410998         6  0.1261886        0      0            0.635
INFO  [17:16:55.182] [bbotk]                                 uhash
INFO  [17:16:55.182] [bbotk]  8061d65d-f007-4531-aaab-41d3f8eb4e7a
INFO  [17:16:55.186] [bbotk] Evaluating 1 configuration(s)
INFO  [17:16:55.615] [bbotk] Result of batch 7:
INFO  [17:16:55.617] [bbotk]  nrounds       eta max_depth classif.ce warnings errors runtime_learners
INFO  [17:16:55.617] [bbotk]       70 0.1754928         6  0.1225906        0      0            0.382
INFO  [17:16:55.617] [bbotk]                                 uhash
INFO  [17:16:55.617] [bbotk]  c18fbaa3-3f54-499e-ab3b-90e57aed2b7d
INFO  [17:16:55.626] [bbotk] Evaluating 1 configuration(s)
INFO  [17:16:56.159] [bbotk] Result of batch 8:
INFO  [17:16:56.159] [bbotk]  nrounds        eta max_depth classif.ce warnings errors runtime_learners
INFO  [17:16:56.159] [bbotk]      115 0.06610153         5  0.1305577        0      0            0.481
INFO  [17:16:56.159] [bbotk]                                 uhash
INFO  [17:16:56.159] [bbotk]  efb35309-b726-4982-9054-5184dccbef78
INFO  [17:16:56.163] [bbotk] Evaluating 1 configuration(s)
INFO  [17:16:56.627] [bbotk] Result of batch 9:
INFO  [17:16:56.628] [bbotk]  nrounds       eta max_depth classif.ce warnings errors runtime_learners
INFO  [17:16:56.628] [bbotk]      240 0.1694316         2  0.1418658        0      0            0.424
INFO  [17:16:56.628] [bbotk]                                 uhash
INFO  [17:16:56.628] [bbotk]  d8849324-52c3-46be-9b4b-8a16f8bd51b7
INFO  [17:16:56.632] [bbotk] Evaluating 1 configuration(s)
INFO  [17:16:57.288] [bbotk] Result of batch 10:
INFO  [17:16:57.290] [bbotk]  nrounds       eta max_depth classif.ce warnings errors runtime_learners
INFO  [17:16:57.290] [bbotk]      242 0.1273042         3  0.1364688        0      0            0.625
INFO  [17:16:57.290] [bbotk]                                 uhash
INFO  [17:16:57.290] [bbotk]  e9bb49e4-332a-4e85-b9fb-b08917d03ffb
INFO  [17:16:57.312] [bbotk] Finished optimizing after 10 evaluation(s)
INFO  [17:16:57.312] [bbotk] Result:
INFO  [17:16:57.314] [bbotk]  nrounds        eta max_depth learner_param_vals  x_domain classif.ce
INFO  [17:16:57.314] [bbotk]    <int>      <num>     <int>             <list>    <list>      <num>
INFO  [17:16:57.314] [bbotk]      205 0.02081257        10          <list[5]> <list[3]>  0.1164225
INFO  [17:16:58.346] [bbotk] Starting to optimize 3 parameter(s) with '<OptimizerBatchRandomSearch>' and '<TerminatorEvals> [n_evals=10, k=0]'
INFO  [17:16:58.361] [bbotk] Evaluating 1 configuration(s)
INFO  [17:16:58.603] [bbotk] Result of batch 1:
INFO  [17:16:58.605] [bbotk]  nrounds       eta max_depth classif.ce warnings errors runtime_learners
INFO  [17:16:58.605] [bbotk]       71 0.2081824         3  0.1431509        0      0            0.191
INFO  [17:16:58.605] [bbotk]                                 uhash
INFO  [17:16:58.605] [bbotk]  bb5dce37-8a32-453c-af56-1d4760093acb
INFO  [17:16:58.617] [bbotk] Evaluating 1 configuration(s)
INFO  [17:16:58.852] [bbotk] Result of batch 2:
INFO  [17:16:58.853] [bbotk]  nrounds        eta max_depth classif.ce warnings errors runtime_learners
INFO  [17:16:58.853] [bbotk]       91 0.08446428         2  0.1709072        0      0            0.191
INFO  [17:16:58.853] [bbotk]                                 uhash
INFO  [17:16:58.853] [bbotk]  032e0244-41a3-43f4-9d6f-1baa2e736cab
INFO  [17:16:58.862] [bbotk] Evaluating 1 configuration(s)
INFO  [17:16:59.310] [bbotk] Result of batch 3:
INFO  [17:16:59.311] [bbotk]  nrounds       eta max_depth classif.ce warnings errors runtime_learners
INFO  [17:16:59.311] [bbotk]      161 0.2356184         3  0.1341557        0      0            0.393
INFO  [17:16:59.311] [bbotk]                                 uhash
INFO  [17:16:59.311] [bbotk]  97fcc627-ebae-47ad-bedc-86a72b973aa9
INFO  [17:16:59.315] [bbotk] Evaluating 1 configuration(s)
INFO  [17:16:59.994] [bbotk] Result of batch 4:
INFO  [17:16:59.995] [bbotk]  nrounds        eta max_depth classif.ce warnings errors runtime_learners
INFO  [17:16:59.995] [bbotk]      198 0.03305828         4  0.1413518        0      0            0.638
INFO  [17:16:59.995] [bbotk]                                 uhash
INFO  [17:16:59.995] [bbotk]  ce7a9151-96a1-41c1-ab98-c114726e8966
INFO  [17:16:59.999] [bbotk] Evaluating 1 configuration(s)
INFO  [17:17:01.337] [bbotk] Result of batch 5:
INFO  [17:17:01.339] [bbotk]  nrounds       eta max_depth classif.ce warnings errors runtime_learners
INFO  [17:17:01.339] [bbotk]      167 0.2173501        10  0.1115395        0      0            1.294
INFO  [17:17:01.339] [bbotk]                                 uhash
INFO  [17:17:01.339] [bbotk]  e128d83d-aab5-499c-9b79-444cac665077
INFO  [17:17:01.343] [bbotk] Evaluating 1 configuration(s)
INFO  [17:17:02.242] [bbotk] Result of batch 6:
INFO  [17:17:02.244] [bbotk]  nrounds        eta max_depth classif.ce warnings errors runtime_learners
INFO  [17:17:02.244] [bbotk]      259 0.08538136         4  0.1315857        0      0            0.865
INFO  [17:17:02.244] [bbotk]                                 uhash
INFO  [17:17:02.244] [bbotk]  aa63c882-4506-4ba3-a23a-6101b57bba33
INFO  [17:17:02.253] [bbotk] Evaluating 1 configuration(s)
INFO  [17:17:02.545] [bbotk] Result of batch 7:
INFO  [17:17:02.547] [bbotk]  nrounds       eta max_depth classif.ce warnings errors runtime_learners
INFO  [17:17:02.547] [bbotk]       95 0.2165754         3  0.1408378        0      0            0.225
INFO  [17:17:02.547] [bbotk]                                 uhash
INFO  [17:17:02.547] [bbotk]  ce552170-436a-4e85-ba0a-d943569f0c00
INFO  [17:17:02.554] [bbotk] Evaluating 1 configuration(s)
INFO  [17:17:03.089] [bbotk] Result of batch 8:
INFO  [17:17:03.091] [bbotk]  nrounds       eta max_depth classif.ce warnings errors runtime_learners
INFO  [17:17:03.091] [bbotk]       60 0.1737269         9  0.1148805        0      0            0.486
INFO  [17:17:03.091] [bbotk]                                 uhash
INFO  [17:17:03.091] [bbotk]  d05f72d3-9401-44fb-9e6b-14b2e78ec273
INFO  [17:17:03.100] [bbotk] Evaluating 1 configuration(s)
INFO  [17:17:04.758] [bbotk] Result of batch 9:
INFO  [17:17:04.759] [bbotk]  nrounds        eta max_depth classif.ce warnings errors runtime_learners
INFO  [17:17:04.759] [bbotk]      237 0.08873239         8  0.1151375        0      0            1.603
INFO  [17:17:04.759] [bbotk]                                 uhash
INFO  [17:17:04.759] [bbotk]  a600d6e8-6537-4f54-8ded-30f190fc45e8
INFO  [17:17:04.766] [bbotk] Evaluating 1 configuration(s)
INFO  [17:17:05.646] [bbotk] Result of batch 10:
INFO  [17:17:05.646] [bbotk]  nrounds       eta max_depth classif.ce warnings errors runtime_learners
INFO  [17:17:05.646] [bbotk]      241 0.1001614         4  0.1308147        0      0            0.847
INFO  [17:17:05.646] [bbotk]                                 uhash
INFO  [17:17:05.646] [bbotk]  e471602c-99c5-482a-87a4-322a2f7b1a23
INFO  [17:17:05.660] [bbotk] Finished optimizing after 10 evaluation(s)
INFO  [17:17:05.661] [bbotk] Result:
INFO  [17:17:05.662] [bbotk]  nrounds       eta max_depth learner_param_vals  x_domain classif.ce
INFO  [17:17:05.662] [bbotk]    <int>     <num>     <int>             <list>    <list>      <num>
INFO  [17:17:05.662] [bbotk]      167 0.2173501        10          <list[5]> <list[3]>  0.1115395
INFO  [17:17:06.346] [bbotk] Starting to optimize 3 parameter(s) with '<OptimizerBatchRandomSearch>' and '<TerminatorEvals> [n_evals=10, k=0]'
INFO  [17:17:06.365] [bbotk] Evaluating 1 configuration(s)
INFO  [17:17:06.630] [bbotk] Result of batch 1:
INFO  [17:17:06.631] [bbotk]  nrounds       eta max_depth classif.ce warnings errors runtime_learners
INFO  [17:17:06.631] [bbotk]      116 0.2678748         2  0.1472629        0      0            0.237
INFO  [17:17:06.631] [bbotk]                                 uhash
INFO  [17:17:06.631] [bbotk]  4b75f3cd-8f9a-4637-8917-e28700992e2d
INFO  [17:17:06.635] [bbotk] Evaluating 1 configuration(s)
INFO  [17:17:07.104] [bbotk] Result of batch 2:
INFO  [17:17:07.105] [bbotk]  nrounds       eta max_depth classif.ce warnings errors runtime_learners
INFO  [17:17:07.105] [bbotk]      175 0.2888873         3  0.1341557        0      0            0.426
INFO  [17:17:07.105] [bbotk]                                 uhash
INFO  [17:17:07.105] [bbotk]  f7bffdcb-f029-4e81-81f5-d30e38de4ba0
INFO  [17:17:07.109] [bbotk] Evaluating 1 configuration(s)
INFO  [17:17:07.502] [bbotk] Result of batch 3:
INFO  [17:17:07.504] [bbotk]  nrounds       eta max_depth classif.ce warnings errors runtime_learners
INFO  [17:17:07.504] [bbotk]      203 0.1212838         2   0.150604        0      0             0.36
INFO  [17:17:07.504] [bbotk]                                 uhash
INFO  [17:17:07.504] [bbotk]  d78d94d5-d237-4492-9b49-965b86f885b3
INFO  [17:17:07.514] [bbotk] Evaluating 1 configuration(s)
INFO  [17:17:08.292] [bbotk] Result of batch 4:
INFO  [17:17:08.294] [bbotk]  nrounds       eta max_depth classif.ce warnings errors runtime_learners
INFO  [17:17:08.294] [bbotk]      151 0.1896387         6  0.1274737        0      0            0.728
INFO  [17:17:08.294] [bbotk]                                 uhash
INFO  [17:17:08.294] [bbotk]  390f153b-867f-4483-9ded-162565c76b45
INFO  [17:17:08.298] [bbotk] Evaluating 1 configuration(s)
INFO  [17:17:09.416] [bbotk] Result of batch 5:
INFO  [17:17:09.417] [bbotk]  nrounds       eta max_depth classif.ce warnings errors runtime_learners
INFO  [17:17:09.417] [bbotk]      157 0.2397105         8  0.1225906        0      0            1.065
INFO  [17:17:09.417] [bbotk]                                 uhash
INFO  [17:17:09.417] [bbotk]  84f65716-4248-4a04-b008-603c25b44972
INFO  [17:17:09.423] [bbotk] Evaluating 1 configuration(s)
INFO  [17:17:09.949] [bbotk] Result of batch 6:
INFO  [17:17:09.950] [bbotk]  nrounds       eta max_depth classif.ce warnings errors runtime_learners
INFO  [17:17:09.950] [bbotk]      219 0.1717627         2  0.1421228        0      0            0.475
INFO  [17:17:09.950] [bbotk]                                 uhash
INFO  [17:17:09.950] [bbotk]  7540fa7c-42d6-4461-a1fe-a912e7a8f9f6
INFO  [17:17:09.954] [bbotk] Evaluating 1 configuration(s)
INFO  [17:17:10.622] [bbotk] Result of batch 7:
INFO  [17:17:10.623] [bbotk]  nrounds       eta max_depth classif.ce warnings errors runtime_learners
INFO  [17:17:10.623] [bbotk]      212 0.1024079         3  0.1405808        0      0             0.63
INFO  [17:17:10.623] [bbotk]                                 uhash
INFO  [17:17:10.623] [bbotk]  3dee7a68-9269-4266-b905-8c3874b4c2fc
INFO  [17:17:10.631] [bbotk] Evaluating 1 configuration(s)
INFO  [17:17:11.935] [bbotk] Result of batch 8:
INFO  [17:17:11.936] [bbotk]  nrounds      eta max_depth classif.ce warnings errors runtime_learners
INFO  [17:17:11.936] [bbotk]      146 0.231437        10  0.1228476        0      0            1.264
INFO  [17:17:11.936] [bbotk]                                 uhash
INFO  [17:17:11.936] [bbotk]  4f9a2572-618b-4751-831d-e1110a867e27
INFO  [17:17:11.939] [bbotk] Evaluating 1 configuration(s)
INFO  [17:17:13.099] [bbotk] Result of batch 9:
INFO  [17:17:13.100] [bbotk]  nrounds        eta max_depth classif.ce warnings errors runtime_learners
INFO  [17:17:13.100] [bbotk]      204 0.06589951         7  0.1231046        0      0            1.128
INFO  [17:17:13.100] [bbotk]                                 uhash
INFO  [17:17:13.100] [bbotk]  612ac842-cea8-4f33-bb2c-448967c975e5
INFO  [17:17:13.104] [bbotk] Evaluating 1 configuration(s)
INFO  [17:17:14.322] [bbotk] Result of batch 10:
INFO  [17:17:14.323] [bbotk]  nrounds       eta max_depth classif.ce warnings errors runtime_learners
INFO  [17:17:14.323] [bbotk]      160 0.1146824        10  0.1231046        0      0            1.181
INFO  [17:17:14.323] [bbotk]                                 uhash
INFO  [17:17:14.323] [bbotk]  dd8b5a13-d5f9-4379-80f9-bc52a84e5b66
INFO  [17:17:14.331] [bbotk] Finished optimizing after 10 evaluation(s)
INFO  [17:17:14.332] [bbotk] Result:
INFO  [17:17:14.333] [bbotk]  nrounds       eta max_depth learner_param_vals  x_domain classif.ce
INFO  [17:17:14.333] [bbotk]    <int>     <num>     <int>             <list>    <list>      <num>
INFO  [17:17:14.333] [bbotk]      157 0.2397105         8          <list[5]> <list[3]>  0.1225906
INFO  [17:17:14.867] [bbotk] Starting to optimize 3 parameter(s) with '<OptimizerBatchRandomSearch>' and '<TerminatorEvals> [n_evals=10, k=0]'
INFO  [17:17:14.884] [bbotk] Evaluating 1 configuration(s)
INFO  [17:17:15.347] [bbotk] Result of batch 1:
INFO  [17:17:15.349] [bbotk]  nrounds       eta max_depth classif.ce warnings errors runtime_learners
INFO  [17:17:15.349] [bbotk]       76 0.1304456         6  0.1210179        0      0            0.413
INFO  [17:17:15.349] [bbotk]                                 uhash
INFO  [17:17:15.349] [bbotk]  c548690b-9db0-48c2-a30e-7676f020533c
INFO  [17:17:15.354] [bbotk] Evaluating 1 configuration(s)
INFO  [17:17:17.448] [bbotk] Result of batch 2:
INFO  [17:17:17.450] [bbotk]  nrounds        eta max_depth classif.ce warnings errors runtime_learners
INFO  [17:17:17.450] [bbotk]      275 0.08405199         9  0.1104867        0      0            2.048
INFO  [17:17:17.450] [bbotk]                                 uhash
INFO  [17:17:17.450] [bbotk]  e3434c16-a497-4af6-9cd5-657d69535e33
INFO  [17:17:17.453] [bbotk] Evaluating 1 configuration(s)
INFO  [17:17:18.559] [bbotk] Result of batch 3:
INFO  [17:17:18.560] [bbotk]  nrounds       eta max_depth classif.ce warnings errors runtime_learners
INFO  [17:17:18.560] [bbotk]      234 0.2597088         6  0.1223027        0      0            1.071
INFO  [17:17:18.560] [bbotk]                                 uhash
INFO  [17:17:18.560] [bbotk]  a415b41c-6715-4f64-84bb-214436f53637
INFO  [17:17:18.564] [bbotk] Evaluating 1 configuration(s)
INFO  [17:17:19.440] [bbotk] Result of batch 4:
INFO  [17:17:19.442] [bbotk]  nrounds       eta max_depth classif.ce warnings errors runtime_learners
INFO  [17:17:19.442] [bbotk]      146 0.2337963         7  0.1145962        0      0             0.84
INFO  [17:17:19.442] [bbotk]                                 uhash
INFO  [17:17:19.442] [bbotk]  043b8a02-6a1c-4347-a718-bcd1a8a09d00
INFO  [17:17:19.450] [bbotk] Evaluating 1 configuration(s)
INFO  [17:17:20.796] [bbotk] Result of batch 5:
INFO  [17:17:20.800] [bbotk]  nrounds       eta max_depth classif.ce warnings errors runtime_learners
INFO  [17:17:20.800] [bbotk]      253 0.1687416         6  0.1166526        0      0            1.306
INFO  [17:17:20.800] [bbotk]                                 uhash
INFO  [17:17:20.800] [bbotk]  3008e01a-4a7c-47c8-8d5f-a316edc732f0
INFO  [17:17:20.805] [bbotk] Evaluating 1 configuration(s)
INFO  [17:17:21.825] [bbotk] Result of batch 6:
INFO  [17:17:21.827] [bbotk]  nrounds       eta max_depth classif.ce warnings errors runtime_learners
INFO  [17:17:21.827] [bbotk]      213 0.1157908         5  0.1199903        0      0            0.969
INFO  [17:17:21.827] [bbotk]                                 uhash
INFO  [17:17:21.827] [bbotk]  a9bb2db9-4e89-4d4b-9ee0-3744365ea7c0
INFO  [17:17:21.836] [bbotk] Evaluating 1 configuration(s)
INFO  [17:17:23.083] [bbotk] Result of batch 7:
INFO  [17:17:23.084] [bbotk]  nrounds       eta max_depth classif.ce warnings errors runtime_learners
INFO  [17:17:23.084] [bbotk]      143 0.0846301        10  0.1148551        0      0            1.198
INFO  [17:17:23.084] [bbotk]                                 uhash
INFO  [17:17:23.084] [bbotk]  c96ad5b0-d99f-4a10-b24a-9ed93c8f34ef
INFO  [17:17:23.093] [bbotk] Evaluating 1 configuration(s)
INFO  [17:17:23.887] [bbotk] Result of batch 8:
INFO  [17:17:23.889] [bbotk]  nrounds       eta max_depth classif.ce warnings errors runtime_learners
INFO  [17:17:23.889] [bbotk]      182 0.1920145         5   0.115109        0      0            0.739
INFO  [17:17:23.889] [bbotk]                                 uhash
INFO  [17:17:23.889] [bbotk]  43e17736-36ef-41b4-88d4-22f209d1b903
INFO  [17:17:23.897] [bbotk] Evaluating 1 configuration(s)
INFO  [17:17:25.297] [bbotk] Result of batch 9:
INFO  [17:17:25.297] [bbotk]  nrounds       eta max_depth classif.ce warnings errors runtime_learners
INFO  [17:17:25.297] [bbotk]      261 0.1580082         6  0.1169096        0      0             1.36
INFO  [17:17:25.297] [bbotk]                                 uhash
INFO  [17:17:25.297] [bbotk]  e052bae3-b1d5-4646-a553-939d54c166f2
INFO  [17:17:25.304] [bbotk] Evaluating 1 configuration(s)
INFO  [17:17:25.831] [bbotk] Result of batch 10:
INFO  [17:17:25.833] [bbotk]  nrounds       eta max_depth classif.ce warnings errors runtime_learners
INFO  [17:17:25.833] [bbotk]      263 0.2660731         2  0.1354085        0      0             0.48
INFO  [17:17:25.833] [bbotk]                                 uhash
INFO  [17:17:25.833] [bbotk]  377c18d2-fef1-40bc-bb00-f3d77e0d1736
INFO  [17:17:25.850] [bbotk] Finished optimizing after 10 evaluation(s)
INFO  [17:17:25.850] [bbotk] Result:
INFO  [17:17:25.852] [bbotk]  nrounds        eta max_depth learner_param_vals  x_domain classif.ce
INFO  [17:17:25.852] [bbotk]    <int>      <num>     <int>             <list>    <list>      <num>
INFO  [17:17:25.852] [bbotk]      275 0.08405199         9          <list[5]> <list[3]>  0.1104867
[1] -26.83104
[1] 26.25718

### [bt]: Job terminated successfully [batchtools job.id=2626]
### [bt]: Starting job [batchtools job.id=2627]
### [bt]: Generating problem instance for problem '34d90df810f60583' ...
### [bt]: Applying algorithm 'run_learner' on problem '34d90df810f60583' for job 2627 (seed = 2628) ...
INFO  [17:17:26.780] [mlr3] Applying learner 'classif.xgboost.tuned_calib.oof_beta' on task 'phoneme' (iter 7/10)
INFO  [17:17:26.819] [bbotk] Starting to optimize 3 parameter(s) with '<OptimizerBatchRandomSearch>' and '<TerminatorEvals> [n_evals=10, k=0]'
INFO  [17:17:26.833] [bbotk] Evaluating 1 configuration(s)
INFO  [17:17:27.758] [bbotk] Result of batch 1:
INFO  [17:17:27.769] [bbotk]  nrounds       eta max_depth classif.ce warnings errors runtime_learners
INFO  [17:17:27.769] [bbotk]      119 0.1908815         8  0.1184785        0      0            0.868
INFO  [17:17:27.769] [bbotk]                                 uhash
INFO  [17:17:27.769] [bbotk]  59aeafad-1f12-4625-9c0a-0601f27ecbd3
INFO  [17:17:27.775] [bbotk] Evaluating 1 configuration(s)
INFO  [17:17:28.270] [bbotk] Result of batch 2:
INFO  [17:17:28.273] [bbotk]  nrounds        eta max_depth classif.ce warnings errors runtime_learners
INFO  [17:17:28.273] [bbotk]      193 0.03913042         2  0.1747623        0      0            0.455
INFO  [17:17:28.273] [bbotk]                                 uhash
INFO  [17:17:28.273] [bbotk]  55996802-d086-4734-acf1-3ad378a63dba
INFO  [17:17:28.281] [bbotk] Evaluating 1 configuration(s)
INFO  [17:17:28.855] [bbotk] Result of batch 3:
INFO  [17:17:28.856] [bbotk]  nrounds       eta max_depth classif.ce warnings errors runtime_learners
INFO  [17:17:28.856] [bbotk]      155 0.1038868         4  0.1315857        0      0            0.539
INFO  [17:17:28.856] [bbotk]                                 uhash
INFO  [17:17:28.856] [bbotk]  4d7a200a-cd8a-4da1-a41e-f4c40e9871ab
INFO  [17:17:28.864] [bbotk] Evaluating 1 configuration(s)
INFO  [17:17:29.108] [bbotk] Result of batch 4:
INFO  [17:17:29.110] [bbotk]  nrounds        eta max_depth classif.ce warnings errors runtime_learners
INFO  [17:17:29.110] [bbotk]      106 0.01539782         2  0.2097147        0      0            0.197
INFO  [17:17:29.110] [bbotk]                                 uhash
INFO  [17:17:29.110] [bbotk]  3e0df5fc-a8de-404d-b022-80f644f7c849
INFO  [17:17:29.118] [bbotk] Evaluating 1 configuration(s)
INFO  [17:17:29.692] [bbotk] Result of batch 5:
INFO  [17:17:29.693] [bbotk]  nrounds       eta max_depth classif.ce warnings errors runtime_learners
INFO  [17:17:29.693] [bbotk]      120 0.1394577         5  0.1279877        0      0            0.527
INFO  [17:17:29.693] [bbotk]                                 uhash
INFO  [17:17:29.693] [bbotk]  17012f5f-ea89-4990-a72e-fa65362ac85e
INFO  [17:17:29.697] [bbotk] Evaluating 1 configuration(s)
INFO  [17:17:30.640] [bbotk] Result of batch 6:
INFO  [17:17:30.641] [bbotk]  nrounds       eta max_depth classif.ce warnings errors runtime_learners
INFO  [17:17:30.641] [bbotk]      134 0.2503598         8  0.1182215        0      0             0.91
INFO  [17:17:30.641] [bbotk]                                 uhash
INFO  [17:17:30.641] [bbotk]  a5a5dbcd-e53d-42ca-b660-54e8b277adc7
INFO  [17:17:30.645] [bbotk] Evaluating 1 configuration(s)
INFO  [17:17:31.008] [bbotk] Result of batch 7:
INFO  [17:17:31.010] [bbotk]  nrounds       eta max_depth classif.ce warnings errors runtime_learners
INFO  [17:17:31.010] [bbotk]       78 0.2563234         5  0.1303007        0      0            0.327
INFO  [17:17:31.010] [bbotk]                                 uhash
INFO  [17:17:31.010] [bbotk]  90798d93-a754-4b00-b99d-c602963e411c
INFO  [17:17:31.020] [bbotk] Evaluating 1 configuration(s)
INFO  [17:17:32.721] [bbotk] Result of batch 8:
INFO  [17:17:32.722] [bbotk]  nrounds        eta max_depth classif.ce warnings errors runtime_learners
INFO  [17:17:32.722] [bbotk]      203 0.06883327        10  0.1197636        0      0            1.661
INFO  [17:17:32.722] [bbotk]                                 uhash
INFO  [17:17:32.722] [bbotk]  20c39e7c-6660-45eb-9e87-f96404fa1633
INFO  [17:17:32.732] [bbotk] Evaluating 1 configuration(s)
INFO  [17:17:33.107] [bbotk] Result of batch 9:
INFO  [17:17:33.109] [bbotk]  nrounds       eta max_depth classif.ce warnings errors runtime_learners
INFO  [17:17:33.109] [bbotk]       83 0.1686952         4  0.1313287        0      0            0.316
INFO  [17:17:33.109] [bbotk]                                 uhash
INFO  [17:17:33.109] [bbotk]  1ba286d4-a6c5-4323-9dc4-5581c2b6db68
INFO  [17:17:33.117] [bbotk] Evaluating 1 configuration(s)
INFO  [17:17:33.732] [bbotk] Result of batch 10:
INFO  [17:17:33.733] [bbotk]  nrounds       eta max_depth classif.ce warnings errors runtime_learners
INFO  [17:17:33.733] [bbotk]      151 0.2905714         5  0.1218196        0      0            0.586
INFO  [17:17:33.733] [bbotk]                                 uhash
INFO  [17:17:33.733] [bbotk]  65a6ebe2-3c34-4c19-8e2e-bb5ed880479d
INFO  [17:17:33.740] [bbotk] Finished optimizing after 10 evaluation(s)
INFO  [17:17:33.741] [bbotk] Result:
INFO  [17:17:33.741] [bbotk]  nrounds       eta max_depth learner_param_vals  x_domain classif.ce
INFO  [17:17:33.741] [bbotk]    <int>     <num>     <int>             <list>    <list>      <num>
INFO  [17:17:33.741] [bbotk]      134 0.2503598         8          <list[5]> <list[3]>  0.1182215
INFO  [17:17:34.145] [bbotk] Starting to optimize 3 parameter(s) with '<OptimizerBatchRandomSearch>' and '<TerminatorEvals> [n_evals=10, k=0]'
INFO  [17:17:34.158] [bbotk] Evaluating 1 configuration(s)
INFO  [17:17:34.405] [bbotk] Result of batch 1:
INFO  [17:17:34.406] [bbotk]  nrounds       eta max_depth classif.ce warnings errors runtime_learners
INFO  [17:17:34.406] [bbotk]      107 0.1223999         2  0.1595991        0      0            0.187
INFO  [17:17:34.406] [bbotk]                                 uhash
INFO  [17:17:34.406] [bbotk]  3bb002fd-e522-4e1b-aa6e-fd8d20cd2d41
INFO  [17:17:34.410] [bbotk] Evaluating 1 configuration(s)
INFO  [17:17:35.853] [bbotk] Result of batch 2:
INFO  [17:17:35.853] [bbotk]  nrounds       eta max_depth classif.ce warnings errors runtime_learners
INFO  [17:17:35.853] [bbotk]      215 0.1437657         8  0.1225906        0      0            1.392
INFO  [17:17:35.853] [bbotk]                                 uhash
INFO  [17:17:35.853] [bbotk]  613a83e9-fa70-453a-bde0-10383da5201a
INFO  [17:17:35.857] [bbotk] Evaluating 1 configuration(s)
INFO  [17:17:36.619] [bbotk] Result of batch 3:
INFO  [17:17:36.620] [bbotk]  nrounds        eta max_depth classif.ce warnings errors runtime_learners
INFO  [17:17:36.620] [bbotk]      212 0.06217777         4  0.1359548        0      0            0.723
INFO  [17:17:36.620] [bbotk]                                 uhash
INFO  [17:17:36.620] [bbotk]  706c55f6-cded-4cad-a33b-cec0e14e0a90
INFO  [17:17:36.625] [bbotk] Evaluating 1 configuration(s)
INFO  [17:17:36.836] [bbotk] Result of batch 4:
INFO  [17:17:36.839] [bbotk]  nrounds       eta max_depth classif.ce warnings errors runtime_learners
INFO  [17:17:36.839] [bbotk]      100 0.2081348         2   0.151118        0      0            0.172
INFO  [17:17:36.839] [bbotk]                                 uhash
INFO  [17:17:36.839] [bbotk]  7fd2873c-484d-4a99-a0e9-4bd875a34130
INFO  [17:17:36.864] [bbotk] Evaluating 1 configuration(s)
INFO  [17:17:37.424] [bbotk] Result of batch 5:
INFO  [17:17:37.426] [bbotk]  nrounds       eta max_depth classif.ce warnings errors runtime_learners
INFO  [17:17:37.426] [bbotk]       62 0.1362102         9  0.1256746        0      0            0.518
INFO  [17:17:37.426] [bbotk]                                 uhash
INFO  [17:17:37.426] [bbotk]  a9e0ad53-6452-4d3d-b84f-bae10d6d500a
INFO  [17:17:37.435] [bbotk] Evaluating 1 configuration(s)
INFO  [17:17:38.632] [bbotk] Result of batch 6:
INFO  [17:17:38.633] [bbotk]  nrounds        eta max_depth classif.ce warnings errors runtime_learners
INFO  [17:17:38.633] [bbotk]      175 0.09711528         8  0.1228476        0      0            1.158
INFO  [17:17:38.633] [bbotk]                                 uhash
INFO  [17:17:38.633] [bbotk]  c2cbc20c-3d9e-462f-8955-8fb49cd6590f
INFO  [17:17:38.639] [bbotk] Evaluating 1 configuration(s)
INFO  [17:17:40.212] [bbotk] Result of batch 7:
INFO  [17:17:40.213] [bbotk]  nrounds        eta max_depth classif.ce warnings errors runtime_learners
INFO  [17:17:40.213] [bbotk]      249 0.05455773         7  0.1251606        0      0             1.53
INFO  [17:17:40.213] [bbotk]                                 uhash
INFO  [17:17:40.213] [bbotk]  2158bc2a-6888-4c37-88d9-387d0c12d3cb
INFO  [17:17:40.217] [bbotk] Evaluating 1 configuration(s)
INFO  [17:17:40.809] [bbotk] Result of batch 8:
INFO  [17:17:40.811] [bbotk]  nrounds       eta max_depth classif.ce warnings errors runtime_learners
INFO  [17:17:40.811] [bbotk]       67 0.2636734        10  0.1264456        0      0            0.559
INFO  [17:17:40.811] [bbotk]                                 uhash
INFO  [17:17:40.811] [bbotk]  bbfdb62c-49d7-4f82-8c50-6e146d685048
INFO  [17:17:40.816] [bbotk] Evaluating 1 configuration(s)
INFO  [17:17:42.920] [bbotk] Result of batch 9:
INFO  [17:17:42.921] [bbotk]  nrounds       eta max_depth classif.ce warnings errors runtime_learners
INFO  [17:17:42.921] [bbotk]      287 0.1642635         9  0.1241326        0      0            2.065
INFO  [17:17:42.921] [bbotk]                                 uhash
INFO  [17:17:42.921] [bbotk]  01eccc9c-92c6-4f9c-b76d-d9b84b8dde96
INFO  [17:17:42.925] [bbotk] Evaluating 1 configuration(s)
INFO  [17:17:43.742] [bbotk] Result of batch 10:
INFO  [17:17:43.744] [bbotk]  nrounds       eta max_depth classif.ce warnings errors runtime_learners
INFO  [17:17:43.744] [bbotk]      202 0.1986603         4  0.1313287        0      0            0.765
INFO  [17:17:43.744] [bbotk]                                 uhash
INFO  [17:17:43.744] [bbotk]  177f3367-0afb-4a62-9bd3-b5f4af385cba
INFO  [17:17:43.762] [bbotk] Finished optimizing after 10 evaluation(s)
INFO  [17:17:43.763] [bbotk] Result:
INFO  [17:17:43.764] [bbotk]  nrounds       eta max_depth learner_param_vals  x_domain classif.ce
INFO  [17:17:43.764] [bbotk]    <int>     <num>     <int>             <list>    <list>      <num>
INFO  [17:17:43.764] [bbotk]      215 0.1437657         8          <list[5]> <list[3]>  0.1225906
INFO  [17:17:44.651] [bbotk] Starting to optimize 3 parameter(s) with '<OptimizerBatchRandomSearch>' and '<TerminatorEvals> [n_evals=10, k=0]'
INFO  [17:17:44.667] [bbotk] Evaluating 1 configuration(s)
INFO  [17:17:46.481] [bbotk] Result of batch 1:
INFO  [17:17:46.482] [bbotk]  nrounds       eta max_depth classif.ce warnings errors runtime_learners
INFO  [17:17:46.482] [bbotk]      283 0.2066633         9  0.1133385        0      0            1.776
INFO  [17:17:46.482] [bbotk]                                 uhash
INFO  [17:17:46.482] [bbotk]  ba883f1e-33ad-4723-b138-6a8f60ef390c
INFO  [17:17:46.491] [bbotk] Evaluating 1 configuration(s)
INFO  [17:17:47.507] [bbotk] Result of batch 2:
INFO  [17:17:47.508] [bbotk]  nrounds        eta max_depth classif.ce warnings errors runtime_learners
INFO  [17:17:47.508] [bbotk]      226 0.03346535         5  0.1285017        0      0             0.98
INFO  [17:17:47.508] [bbotk]                                 uhash
INFO  [17:17:47.508] [bbotk]  79629ae5-9d45-40fb-99a9-e41bb6f71fe3
INFO  [17:17:47.512] [bbotk] Evaluating 1 configuration(s)
INFO  [17:17:48.847] [bbotk] Result of batch 3:
INFO  [17:17:48.848] [bbotk]  nrounds       eta max_depth classif.ce warnings errors runtime_learners
INFO  [17:17:48.848] [bbotk]      163 0.1182422        10  0.1156515        0      0            1.297
INFO  [17:17:48.848] [bbotk]                                 uhash
INFO  [17:17:48.848] [bbotk]  e9a1ddac-b503-493d-ab08-8c1a88fe2455
INFO  [17:17:48.856] [bbotk] Evaluating 1 configuration(s)
INFO  [17:17:49.382] [bbotk] Result of batch 4:
INFO  [17:17:49.383] [bbotk]  nrounds       eta max_depth classif.ce warnings errors runtime_learners
INFO  [17:17:49.383] [bbotk]      178 0.1446334         3  0.1315857        0      0            0.488
INFO  [17:17:49.383] [bbotk]                                 uhash
INFO  [17:17:49.383] [bbotk]  7f34b356-755d-47de-965d-29984db84346
INFO  [17:17:49.387] [bbotk] Evaluating 1 configuration(s)
INFO  [17:17:50.111] [bbotk] Result of batch 5:
INFO  [17:17:50.113] [bbotk]  nrounds       eta max_depth classif.ce warnings errors runtime_learners
INFO  [17:17:50.113] [bbotk]      216 0.1048266         4  0.1259316        0      0            0.686
INFO  [17:17:50.113] [bbotk]                                 uhash
INFO  [17:17:50.113] [bbotk]  c645e490-eb4b-4cce-869d-f27930521c4f
INFO  [17:17:50.116] [bbotk] Evaluating 1 configuration(s)
INFO  [17:17:50.923] [bbotk] Result of batch 6:
INFO  [17:17:50.926] [bbotk]  nrounds       eta max_depth classif.ce warnings errors runtime_learners
INFO  [17:17:50.926] [bbotk]      276 0.1952617         3  0.1331277        0      0            0.664
INFO  [17:17:50.926] [bbotk]                                 uhash
INFO  [17:17:50.926] [bbotk]  cc720106-d7e6-4c4b-b3c5-355022da0bbb
INFO  [17:17:50.941] [bbotk] Evaluating 1 configuration(s)
INFO  [17:17:51.864] [bbotk] Result of batch 7:
INFO  [17:17:51.866] [bbotk]  nrounds       eta max_depth classif.ce warnings errors runtime_learners
INFO  [17:17:51.866] [bbotk]      145 0.1911867         7  0.1192496        0      0            0.866
INFO  [17:17:51.866] [bbotk]                                 uhash
INFO  [17:17:51.866] [bbotk]  f3a08ba9-eb2d-4da9-b800-b244f9ce525d
INFO  [17:17:51.870] [bbotk] Evaluating 1 configuration(s)
INFO  [17:17:52.594] [bbotk] Result of batch 8:
INFO  [17:17:52.595] [bbotk]  nrounds        eta max_depth classif.ce warnings errors runtime_learners
INFO  [17:17:52.595] [bbotk]      157 0.07397359         5  0.1238756        0      0            0.688
INFO  [17:17:52.595] [bbotk]                                 uhash
INFO  [17:17:52.595] [bbotk]  1f587e78-b3b6-4307-948f-d663d71c59ed
INFO  [17:17:52.603] [bbotk] Evaluating 1 configuration(s)
INFO  [17:17:53.930] [bbotk] Result of batch 9:
INFO  [17:17:53.932] [bbotk]  nrounds      eta max_depth classif.ce warnings errors runtime_learners
INFO  [17:17:53.932] [bbotk]      168 0.128082         9  0.1148805        0      0             1.28
INFO  [17:17:53.932] [bbotk]                                 uhash
INFO  [17:17:53.932] [bbotk]  461b21bb-f454-48a1-9319-d8689e04e07e
INFO  [17:17:53.938] [bbotk] Evaluating 1 configuration(s)
INFO  [17:17:55.741] [bbotk] Result of batch 10:
INFO  [17:17:55.742] [bbotk]  nrounds       eta max_depth classif.ce warnings errors runtime_learners
INFO  [17:17:55.742] [bbotk]      297 0.2933568         9  0.1128245        0      0            1.763
INFO  [17:17:55.742] [bbotk]                                 uhash
INFO  [17:17:55.742] [bbotk]  6fc540f2-a90d-4554-b57b-81386b5fb9ef
INFO  [17:17:55.767] [bbotk] Finished optimizing after 10 evaluation(s)
INFO  [17:17:55.767] [bbotk] Result:
INFO  [17:17:55.769] [bbotk]  nrounds       eta max_depth learner_param_vals  x_domain classif.ce
INFO  [17:17:55.769] [bbotk]    <int>     <num>     <int>             <list>    <list>      <num>
INFO  [17:17:55.769] [bbotk]      297 0.2933568         9          <list[5]> <list[3]>  0.1128245
INFO  [17:17:56.846] [bbotk] Starting to optimize 3 parameter(s) with '<OptimizerBatchRandomSearch>' and '<TerminatorEvals> [n_evals=10, k=0]'
INFO  [17:17:56.863] [bbotk] Evaluating 1 configuration(s)
INFO  [17:17:57.700] [bbotk] Result of batch 1:
INFO  [17:17:57.703] [bbotk]  nrounds       eta max_depth classif.ce warnings errors runtime_learners
INFO  [17:17:57.703] [bbotk]      122 0.2126056         8  0.1241326        0      0            0.804
INFO  [17:17:57.703] [bbotk]                                 uhash
INFO  [17:17:57.703] [bbotk]  b07fbd31-5dcb-4b57-80f8-bddf802152c3
INFO  [17:17:57.711] [bbotk] Evaluating 1 configuration(s)
INFO  [17:17:58.818] [bbotk] Result of batch 2:
INFO  [17:17:58.819] [bbotk]  nrounds       eta max_depth classif.ce warnings errors runtime_learners
INFO  [17:17:58.819] [bbotk]      227 0.2016544         6  0.1305577        0      0            1.057
INFO  [17:17:58.819] [bbotk]                                 uhash
INFO  [17:17:58.819] [bbotk]  4d1c293b-f226-4b0d-8713-96a92e622655
INFO  [17:17:58.822] [bbotk] Evaluating 1 configuration(s)
INFO  [17:18:00.260] [bbotk] Result of batch 3:
INFO  [17:18:00.261] [bbotk]  nrounds       eta max_depth classif.ce warnings errors runtime_learners
INFO  [17:18:00.261] [bbotk]      249 0.1697394         7  0.1282447        0      0            1.397
INFO  [17:18:00.261] [bbotk]                                 uhash
INFO  [17:18:00.261] [bbotk]  efe497b4-5e3b-4765-b749-11f90c389493
INFO  [17:18:00.266] [bbotk] Evaluating 1 configuration(s)
INFO  [17:18:00.835] [bbotk] Result of batch 4:
INFO  [17:18:00.836] [bbotk]  nrounds        eta max_depth classif.ce warnings errors runtime_learners
INFO  [17:18:00.836] [bbotk]      104 0.07030332         6  0.1279877        0      0            0.526
INFO  [17:18:00.836] [bbotk]                                 uhash
INFO  [17:18:00.836] [bbotk]  518bf495-927f-45ff-ae03-2bbdee244039
INFO  [17:18:00.842] [bbotk] Evaluating 1 configuration(s)
INFO  [17:18:01.538] [bbotk] Result of batch 5:
INFO  [17:18:01.539] [bbotk]  nrounds       eta max_depth classif.ce warnings errors runtime_learners
INFO  [17:18:01.539] [bbotk]      201 0.2694086         4  0.1354408        0      0            0.653
INFO  [17:18:01.539] [bbotk]                                 uhash
INFO  [17:18:01.539] [bbotk]  7bfd2368-53ef-4919-91ef-edd8673149ff
INFO  [17:18:01.543] [bbotk] Evaluating 1 configuration(s)
INFO  [17:18:02.793] [bbotk] Result of batch 6:
INFO  [17:18:02.794] [bbotk]  nrounds       eta max_depth classif.ce warnings errors runtime_learners
INFO  [17:18:02.794] [bbotk]      260 0.2032893         5  0.1328707        0      0            1.214
INFO  [17:18:02.794] [bbotk]                                 uhash
INFO  [17:18:02.794] [bbotk]  23d24c0a-0570-49e0-8207-efa1a748f1da
INFO  [17:18:02.803] [bbotk] Evaluating 1 configuration(s)
INFO  [17:18:03.693] [bbotk] Result of batch 7:
INFO  [17:18:03.694] [bbotk]  nrounds        eta max_depth classif.ce warnings errors runtime_learners
INFO  [17:18:03.694] [bbotk]      158 0.02486751         6  0.1279877        0      0            0.857
INFO  [17:18:03.694] [bbotk]                                 uhash
INFO  [17:18:03.694] [bbotk]  eba733cc-524d-4c86-8d37-e3040bc1a604
INFO  [17:18:03.700] [bbotk] Evaluating 1 configuration(s)
INFO  [17:18:05.134] [bbotk] Result of batch 8:
INFO  [17:18:05.135] [bbotk]  nrounds       eta max_depth classif.ce warnings errors runtime_learners
INFO  [17:18:05.135] [bbotk]      281 0.1300998         6  0.1285017        0      0            1.393
INFO  [17:18:05.135] [bbotk]                                 uhash
INFO  [17:18:05.135] [bbotk]  fb00e1a6-682b-4511-b1f1-3af3d03faced
INFO  [17:18:05.157] [bbotk] Evaluating 1 configuration(s)
INFO  [17:18:07.230] [bbotk] Result of batch 9:
INFO  [17:18:07.233] [bbotk]  nrounds        eta max_depth classif.ce warnings errors runtime_learners
INFO  [17:18:07.233] [bbotk]      298 0.07216219         8  0.1285017        0      0            2.039
INFO  [17:18:07.233] [bbotk]                                 uhash
INFO  [17:18:07.233] [bbotk]  e7390cb4-6ebe-4c0b-8978-97dd89a09792
INFO  [17:18:07.241] [bbotk] Evaluating 1 configuration(s)
INFO  [17:18:07.901] [bbotk] Result of batch 10:
INFO  [17:18:07.904] [bbotk]  nrounds       eta max_depth classif.ce warnings errors runtime_learners
INFO  [17:18:07.904] [bbotk]       90 0.2616224         8  0.1259316        0      0            0.607
INFO  [17:18:07.904] [bbotk]                                 uhash
INFO  [17:18:07.904] [bbotk]  0b7c0e2b-f15f-4a92-b6b1-661d5f504d48
INFO  [17:18:07.917] [bbotk] Finished optimizing after 10 evaluation(s)
INFO  [17:18:07.917] [bbotk] Result:
INFO  [17:18:07.919] [bbotk]  nrounds       eta max_depth learner_param_vals  x_domain classif.ce
INFO  [17:18:07.919] [bbotk]    <int>     <num>     <int>             <list>    <list>      <num>
INFO  [17:18:07.919] [bbotk]      122 0.2126056         8          <list[5]> <list[3]>  0.1241326
INFO  [17:18:08.376] [bbotk] Starting to optimize 3 parameter(s) with '<OptimizerBatchRandomSearch>' and '<TerminatorEvals> [n_evals=10, k=0]'
INFO  [17:18:08.390] [bbotk] Evaluating 1 configuration(s)
INFO  [17:18:08.651] [bbotk] Result of batch 1:
INFO  [17:18:08.652] [bbotk]  nrounds      eta max_depth classif.ce warnings errors runtime_learners
INFO  [17:18:08.652] [bbotk]      112 0.292999         2  0.1469691        0      0            0.221
INFO  [17:18:08.652] [bbotk]                                 uhash
INFO  [17:18:08.652] [bbotk]  b0b656e2-c307-40c0-a00a-12fc185f7efa
INFO  [17:18:08.656] [bbotk] Evaluating 1 configuration(s)
INFO  [17:18:09.468] [bbotk] Result of batch 2:
INFO  [17:18:09.470] [bbotk]  nrounds      eta max_depth classif.ce warnings errors runtime_learners
INFO  [17:18:09.470] [bbotk]      105 0.266069         9  0.1115105        0      0            0.765
INFO  [17:18:09.470] [bbotk]                                 uhash
INFO  [17:18:09.470] [bbotk]  e4e763ed-44ad-4800-8362-21f89efa909a
INFO  [17:18:09.482] [bbotk] Evaluating 1 configuration(s)
INFO  [17:18:10.336] [bbotk] Result of batch 3:
INFO  [17:18:10.337] [bbotk]  nrounds       eta max_depth classif.ce warnings errors runtime_learners
INFO  [17:18:10.337] [bbotk]      199 0.2015411         5   0.116391        0      0            0.813
INFO  [17:18:10.337] [bbotk]                                 uhash
INFO  [17:18:10.337] [bbotk]  22e0eaa5-b462-4ed8-8490-45bf66038610
INFO  [17:18:10.341] [bbotk] Evaluating 1 configuration(s)
INFO  [17:18:11.469] [bbotk] Result of batch 4:
INFO  [17:18:11.470] [bbotk]  nrounds        eta max_depth classif.ce warnings errors runtime_learners
INFO  [17:18:11.470] [bbotk]      180 0.05364212         7  0.1171642        0      0            1.089
INFO  [17:18:11.470] [bbotk]                                 uhash
INFO  [17:18:11.470] [bbotk]  6a34f249-b661-4ba4-be36-1566c33051c5
INFO  [17:18:11.475] [bbotk] Evaluating 1 configuration(s)
INFO  [17:18:11.821] [bbotk] Result of batch 5:
INFO  [17:18:11.822] [bbotk]  nrounds       eta max_depth classif.ce warnings errors runtime_learners
INFO  [17:18:11.822] [bbotk]      167 0.2237628         2   0.143371        0      0              0.3
INFO  [17:18:11.822] [bbotk]                                 uhash
INFO  [17:18:11.822] [bbotk]  fc53b7a5-3cf7-4cb0-9523-1804a2014843
INFO  [17:18:11.826] [bbotk] Evaluating 1 configuration(s)
INFO  [17:18:13.101] [bbotk] Result of batch 6:
INFO  [17:18:13.102] [bbotk]  nrounds        eta max_depth classif.ce warnings errors runtime_learners
INFO  [17:18:13.102] [bbotk]      298 0.02215384         5  0.1271858        0      0            1.227
INFO  [17:18:13.102] [bbotk]                                 uhash
INFO  [17:18:13.102] [bbotk]  f7638142-5f48-4afd-93ce-6b866b6f0650
INFO  [17:18:13.105] [bbotk] Evaluating 1 configuration(s)
INFO  [17:18:13.442] [bbotk] Result of batch 7:
INFO  [17:18:13.443] [bbotk]  nrounds       eta max_depth classif.ce warnings errors runtime_learners
INFO  [17:18:13.443] [bbotk]       74 0.2163437         4   0.126929        0      0            0.285
INFO  [17:18:13.443] [bbotk]                                 uhash
INFO  [17:18:13.443] [bbotk]  a593e942-abd8-4e89-8a1a-b966e2e35a20
INFO  [17:18:13.447] [bbotk] Evaluating 1 configuration(s)
INFO  [17:18:14.017] [bbotk] Result of batch 8:
INFO  [17:18:14.019] [bbotk]  nrounds       eta max_depth classif.ce warnings errors runtime_learners
INFO  [17:18:14.019] [bbotk]      124 0.2223431         5  0.1225581        0      0            0.526
INFO  [17:18:14.019] [bbotk]                                 uhash
INFO  [17:18:14.019] [bbotk]  2b311cac-aadd-429d-a312-358567aa2794
INFO  [17:18:14.030] [bbotk] Evaluating 1 configuration(s)
INFO  [17:18:14.441] [bbotk] Result of batch 9:
INFO  [17:18:14.443] [bbotk]  nrounds        eta max_depth classif.ce warnings errors runtime_learners
INFO  [17:18:14.443] [bbotk]       99 0.03558006         4  0.1446559        0      0            0.359
INFO  [17:18:14.443] [bbotk]                                 uhash
INFO  [17:18:14.443] [bbotk]  ade5667e-e4ff-4e53-adeb-916afedbf19a
INFO  [17:18:14.447] [bbotk] Evaluating 1 configuration(s)
INFO  [17:18:16.267] [bbotk] Result of batch 10:
INFO  [17:18:16.269] [bbotk]  nrounds       eta max_depth classif.ce warnings errors runtime_learners
INFO  [17:18:16.269] [bbotk]      273 0.2303335        10  0.1102259        0      0            1.788
INFO  [17:18:16.269] [bbotk]                                 uhash
INFO  [17:18:16.269] [bbotk]  a537824e-5326-409d-8954-4c281b54c90f
INFO  [17:18:16.277] [bbotk] Finished optimizing after 10 evaluation(s)
INFO  [17:18:16.277] [bbotk] Result:
INFO  [17:18:16.278] [bbotk]  nrounds       eta max_depth learner_param_vals  x_domain classif.ce
INFO  [17:18:16.278] [bbotk]    <int>     <num>     <int>             <list>    <list>      <num>
INFO  [17:18:16.278] [bbotk]      273 0.2303335        10          <list[5]> <list[3]>  0.1102259
[1] -19.05623
[1] 24.64634

### [bt]: Job terminated successfully [batchtools job.id=2627]
### [bt]: Starting job [batchtools job.id=2628]
### [bt]: Generating problem instance for problem '34d90df810f60583' ...
### [bt]: Applying algorithm 'run_learner' on problem '34d90df810f60583' for job 2628 (seed = 2629) ...
INFO  [17:18:17.268] [mlr3] Applying learner 'classif.xgboost.tuned_calib.oof_beta' on task 'phoneme' (iter 8/10)
INFO  [17:18:17.309] [bbotk] Starting to optimize 3 parameter(s) with '<OptimizerBatchRandomSearch>' and '<TerminatorEvals> [n_evals=10, k=0]'
INFO  [17:18:17.322] [bbotk] Evaluating 1 configuration(s)
INFO  [17:18:18.854] [bbotk] Result of batch 1:
INFO  [17:18:18.855] [bbotk]  nrounds       eta max_depth classif.ce warnings errors runtime_learners
INFO  [17:18:18.855] [bbotk]      219 0.1372896         8  0.1238756        0      0            1.502
INFO  [17:18:18.855] [bbotk]                                 uhash
INFO  [17:18:18.855] [bbotk]  56cf014d-dcc5-413e-9217-bfc545d61410
INFO  [17:18:18.859] [bbotk] Evaluating 1 configuration(s)
INFO  [17:18:19.829] [bbotk] Result of batch 2:
INFO  [17:18:19.831] [bbotk]  nrounds        eta max_depth classif.ce warnings errors runtime_learners
INFO  [17:18:19.831] [bbotk]      120 0.01309629         8  0.1398098        0      0            0.926
INFO  [17:18:19.831] [bbotk]                                 uhash
INFO  [17:18:19.831] [bbotk]  66272b05-b4be-4b3a-a5e2-0a8ae0d9dd70
INFO  [17:18:19.839] [bbotk] Evaluating 1 configuration(s)
INFO  [17:18:20.116] [bbotk] Result of batch 3:
INFO  [17:18:20.118] [bbotk]  nrounds       eta max_depth classif.ce warnings errors runtime_learners
INFO  [17:18:20.118] [bbotk]       55 0.2135805         5  0.1292727        0      0            0.238
INFO  [17:18:20.118] [bbotk]                                 uhash
INFO  [17:18:20.118] [bbotk]  a50dcf46-4716-4610-a979-e6db239f5ed6
INFO  [17:18:20.127] [bbotk] Evaluating 1 configuration(s)
INFO  [17:18:20.816] [bbotk] Result of batch 4:
INFO  [17:18:20.818] [bbotk]  nrounds       eta max_depth classif.ce warnings errors runtime_learners
INFO  [17:18:20.818] [bbotk]      212 0.1843322         4  0.1279877        0      0            0.644
INFO  [17:18:20.818] [bbotk]                                 uhash
INFO  [17:18:20.818] [bbotk]  ef93dd56-6d6b-4de5-8dd3-df8cb7b88fb1
INFO  [17:18:20.822] [bbotk] Evaluating 1 configuration(s)
INFO  [17:18:22.752] [bbotk] Result of batch 5:
INFO  [17:18:22.753] [bbotk]  nrounds        eta max_depth classif.ce warnings errors runtime_learners
INFO  [17:18:22.753] [bbotk]      217 0.03228005        10  0.1179645        0      0            1.874
INFO  [17:18:22.753] [bbotk]                                 uhash
INFO  [17:18:22.753] [bbotk]  16d87c92-53e9-4d10-9040-2205d91f6656
INFO  [17:18:22.763] [bbotk] Evaluating 1 configuration(s)
INFO  [17:18:24.174] [bbotk] Result of batch 6:
INFO  [17:18:24.175] [bbotk]  nrounds        eta max_depth classif.ce warnings errors runtime_learners
INFO  [17:18:24.175] [bbotk]      195 0.05358186         8  0.1218196        0      0            1.362
INFO  [17:18:24.175] [bbotk]                                 uhash
INFO  [17:18:24.175] [bbotk]  6f55c5e4-69a9-4b65-b639-694c16f59faf
INFO  [17:18:24.179] [bbotk] Evaluating 1 configuration(s)
INFO  [17:18:24.519] [bbotk] Result of batch 7:
INFO  [17:18:24.520] [bbotk]  nrounds       eta max_depth classif.ce warnings errors runtime_learners
INFO  [17:18:24.520] [bbotk]      153 0.2242632         2   0.150861        0      0            0.299
INFO  [17:18:24.520] [bbotk]                                 uhash
INFO  [17:18:24.520] [bbotk]  ef869dfe-2f39-4865-9c04-6e11e4964836
INFO  [17:18:24.524] [bbotk] Evaluating 1 configuration(s)
INFO  [17:18:25.033] [bbotk] Result of batch 8:
INFO  [17:18:25.035] [bbotk]  nrounds       eta max_depth classif.ce warnings errors runtime_learners
INFO  [17:18:25.035] [bbotk]      289 0.2278188         2  0.1449499        0      0            0.466
INFO  [17:18:25.035] [bbotk]                                 uhash
INFO  [17:18:25.035] [bbotk]  ee653cd5-3fdb-4082-ae5d-428e80003e97
INFO  [17:18:25.044] [bbotk] Evaluating 1 configuration(s)
INFO  [17:18:25.453] [bbotk] Result of batch 9:
INFO  [17:18:25.454] [bbotk]  nrounds        eta max_depth classif.ce warnings errors runtime_learners
INFO  [17:18:25.454] [bbotk]      155 0.01899187         3  0.1757903        0      0             0.37
INFO  [17:18:25.454] [bbotk]                                 uhash
INFO  [17:18:25.454] [bbotk]  1d176579-ee01-413d-b994-258dc59f1a32
INFO  [17:18:25.458] [bbotk] Evaluating 1 configuration(s)
INFO  [17:18:26.893] [bbotk] Result of batch 10:
INFO  [17:18:26.895] [bbotk]  nrounds       eta max_depth classif.ce warnings errors runtime_learners
INFO  [17:18:26.895] [bbotk]      192 0.2433086         9  0.1238756        0      0            1.402
INFO  [17:18:26.895] [bbotk]                                 uhash
INFO  [17:18:26.895] [bbotk]  21ef0dca-1653-47b8-8bbe-f1ffa7661bc2
INFO  [17:18:26.908] [bbotk] Finished optimizing after 10 evaluation(s)
INFO  [17:18:26.909] [bbotk] Result:
INFO  [17:18:26.909] [bbotk]  nrounds        eta max_depth learner_param_vals  x_domain classif.ce
INFO  [17:18:26.909] [bbotk]    <int>      <num>     <int>             <list>    <list>      <num>
INFO  [17:18:26.909] [bbotk]      217 0.03228005        10          <list[5]> <list[3]>  0.1179645
INFO  [17:18:27.867] [bbotk] Starting to optimize 3 parameter(s) with '<OptimizerBatchRandomSearch>' and '<TerminatorEvals> [n_evals=10, k=0]'
INFO  [17:18:27.878] [bbotk] Evaluating 1 configuration(s)
INFO  [17:18:29.048] [bbotk] Result of batch 1:
INFO  [17:18:29.050] [bbotk]  nrounds       eta max_depth classif.ce warnings errors runtime_learners
INFO  [17:18:29.050] [bbotk]      273 0.2098845         5  0.1236186        0      0            1.125
INFO  [17:18:29.050] [bbotk]                                 uhash
INFO  [17:18:29.050] [bbotk]  d79f2efd-feea-46c7-9aea-b9ab505d6531
INFO  [17:18:29.056] [bbotk] Evaluating 1 configuration(s)
INFO  [17:18:29.730] [bbotk] Result of batch 2:
INFO  [17:18:29.731] [bbotk]  nrounds       eta max_depth classif.ce warnings errors runtime_learners
INFO  [17:18:29.731] [bbotk]       75 0.1670294         9  0.1112824        0      0            0.636
INFO  [17:18:29.731] [bbotk]                                 uhash
INFO  [17:18:29.731] [bbotk]  e3626337-6240-4702-8762-7ef39734e197
INFO  [17:18:29.735] [bbotk] Evaluating 1 configuration(s)
INFO  [17:18:30.117] [bbotk] Result of batch 3:
INFO  [17:18:30.118] [bbotk]  nrounds       eta max_depth classif.ce warnings errors runtime_learners
INFO  [17:18:30.118] [bbotk]      139 0.2164936         3  0.1351838        0      0            0.348
INFO  [17:18:30.118] [bbotk]                                 uhash
INFO  [17:18:30.118] [bbotk]  f0d39a4e-b8fd-40bc-8ba1-330f37b335e7
INFO  [17:18:30.122] [bbotk] Evaluating 1 configuration(s)
INFO  [17:18:31.349] [bbotk] Result of batch 4:
INFO  [17:18:31.350] [bbotk]  nrounds       eta max_depth classif.ce warnings errors runtime_learners
INFO  [17:18:31.350] [bbotk]      208 0.1661038         7  0.1143665        0      0             1.19
INFO  [17:18:31.350] [bbotk]                                 uhash
INFO  [17:18:31.350] [bbotk]  49b7f4da-a89b-4a97-9555-047b87dd45f1
INFO  [17:18:31.358] [bbotk] Evaluating 1 configuration(s)
INFO  [17:18:31.630] [bbotk] Result of batch 5:
INFO  [17:18:31.632] [bbotk]  nrounds       eta max_depth classif.ce warnings errors runtime_learners
INFO  [17:18:31.632] [bbotk]       72 0.1224014         4  0.1359548        0      0            0.241
INFO  [17:18:31.632] [bbotk]                                 uhash
INFO  [17:18:31.632] [bbotk]  93e0caec-5bcb-4f66-9f5d-9057e13ef2cf
INFO  [17:18:31.639] [bbotk] Evaluating 1 configuration(s)
INFO  [17:18:32.449] [bbotk] Result of batch 6:
INFO  [17:18:32.451] [bbotk]  nrounds        eta max_depth classif.ce warnings errors runtime_learners
INFO  [17:18:32.451] [bbotk]      173 0.01018217         5  0.1485479        0      0            0.767
INFO  [17:18:32.451] [bbotk]                                 uhash
INFO  [17:18:32.451] [bbotk]  df6791fa-b601-40d4-a56e-bbb8cf53f65a
INFO  [17:18:32.459] [bbotk] Evaluating 1 configuration(s)
INFO  [17:18:33.371] [bbotk] Result of batch 7:
INFO  [17:18:33.371] [bbotk]  nrounds       eta max_depth classif.ce warnings errors runtime_learners
INFO  [17:18:33.371] [bbotk]      155 0.1866481         7  0.1146235        0      0            0.871
INFO  [17:18:33.371] [bbotk]                                 uhash
INFO  [17:18:33.371] [bbotk]  ed8a59a9-b6d0-4bf3-9fdf-f7a3171fe8e5
INFO  [17:18:33.375] [bbotk] Evaluating 1 configuration(s)
INFO  [17:18:33.824] [bbotk] Result of batch 8:
INFO  [17:18:33.825] [bbotk]  nrounds       eta max_depth classif.ce warnings errors runtime_learners
INFO  [17:18:33.825] [bbotk]      220 0.1193134         2  0.1490619        0      0            0.409
INFO  [17:18:33.825] [bbotk]                                 uhash
INFO  [17:18:33.825] [bbotk]  97c65fa4-acdc-4319-b5ba-33ab60ccea72
INFO  [17:18:33.832] [bbotk] Evaluating 1 configuration(s)
INFO  [17:18:34.407] [bbotk] Result of batch 9:
INFO  [17:18:34.407] [bbotk]  nrounds        eta max_depth classif.ce warnings errors runtime_learners
INFO  [17:18:34.407] [bbotk]       72 0.08311742         8  0.1187355        0      0            0.543
INFO  [17:18:34.407] [bbotk]                                 uhash
INFO  [17:18:34.407] [bbotk]  6f9ef5ec-5580-40e3-8c66-bc9aaa8e38f6
INFO  [17:18:34.414] [bbotk] Evaluating 1 configuration(s)
INFO  [17:18:35.053] [bbotk] Result of batch 10:
INFO  [17:18:35.056] [bbotk]  nrounds       eta max_depth classif.ce warnings errors runtime_learners
INFO  [17:18:35.056] [bbotk]      116 0.2127965         6  0.1184785        0      0            0.597
INFO  [17:18:35.056] [bbotk]                                 uhash
INFO  [17:18:35.056] [bbotk]  5f701a9c-2254-4598-98f3-16dc3e23ee31
INFO  [17:18:35.074] [bbotk] Finished optimizing after 10 evaluation(s)
INFO  [17:18:35.074] [bbotk] Result:
INFO  [17:18:35.076] [bbotk]  nrounds       eta max_depth learner_param_vals  x_domain classif.ce
INFO  [17:18:35.076] [bbotk]    <int>     <num>     <int>             <list>    <list>      <num>
INFO  [17:18:35.076] [bbotk]       75 0.1670294         9          <list[5]> <list[3]>  0.1112824
INFO  [17:18:35.423] [bbotk] Starting to optimize 3 parameter(s) with '<OptimizerBatchRandomSearch>' and '<TerminatorEvals> [n_evals=10, k=0]'
INFO  [17:18:35.439] [bbotk] Evaluating 1 configuration(s)
INFO  [17:18:36.063] [bbotk] Result of batch 1:
INFO  [17:18:36.066] [bbotk]  nrounds        eta max_depth classif.ce warnings errors runtime_learners
INFO  [17:18:36.066] [bbotk]      137 0.05165335         5  0.1297867        0      0            0.579
INFO  [17:18:36.066] [bbotk]                                 uhash
INFO  [17:18:36.066] [bbotk]  af71317b-5865-4f52-baa7-6e86fd291f03
INFO  [17:18:36.071] [bbotk] Evaluating 1 configuration(s)
INFO  [17:18:36.442] [bbotk] Result of batch 2:
INFO  [17:18:36.443] [bbotk]  nrounds       eta max_depth classif.ce warnings errors runtime_learners
INFO  [17:18:36.443] [bbotk]      199 0.1076527         2  0.1488049        0      0            0.327
INFO  [17:18:36.443] [bbotk]                                 uhash
INFO  [17:18:36.443] [bbotk]  a6322308-5ecf-4a60-a5ec-99f8a70df25a
INFO  [17:18:36.450] [bbotk] Evaluating 1 configuration(s)
INFO  [17:18:37.984] [bbotk] Result of batch 3:
INFO  [17:18:37.986] [bbotk]  nrounds       eta max_depth classif.ce warnings errors runtime_learners
INFO  [17:18:37.986] [bbotk]      236 0.2600892         9  0.1143665        0      0            1.489
INFO  [17:18:37.986] [bbotk]                                 uhash
INFO  [17:18:37.986] [bbotk]  dd1dd59d-567f-409d-bc50-85df51efdb5f
INFO  [17:18:37.994] [bbotk] Evaluating 1 configuration(s)
INFO  [17:18:38.987] [bbotk] Result of batch 4:
INFO  [17:18:38.988] [bbotk]  nrounds       eta max_depth classif.ce warnings errors runtime_learners
INFO  [17:18:38.988] [bbotk]      135 0.2421199         8  0.1171935        0      0            0.948
INFO  [17:18:38.988] [bbotk]                                 uhash
INFO  [17:18:38.988] [bbotk]  437394fe-9579-40d9-9493-f1b18625545d
INFO  [17:18:38.992] [bbotk] Evaluating 1 configuration(s)
INFO  [17:18:39.266] [bbotk] Result of batch 5:
INFO  [17:18:39.267] [bbotk]  nrounds       eta max_depth classif.ce warnings errors runtime_learners
INFO  [17:18:39.267] [bbotk]      160 0.1383536         2   0.151889        0      0            0.242
INFO  [17:18:39.267] [bbotk]                                 uhash
INFO  [17:18:39.267] [bbotk]  d18feb5f-1217-4711-9822-ab18808d2959
INFO  [17:18:39.272] [bbotk] Evaluating 1 configuration(s)
INFO  [17:18:40.866] [bbotk] Result of batch 6:
INFO  [17:18:40.867] [bbotk]  nrounds       eta max_depth classif.ce warnings errors runtime_learners
INFO  [17:18:40.867] [bbotk]      260 0.2346794         8  0.1128245        0      0            1.546
INFO  [17:18:40.867] [bbotk]                                 uhash
INFO  [17:18:40.867] [bbotk]  e8044749-13b9-435f-b29d-d9555a4c3159
INFO  [17:18:40.871] [bbotk] Evaluating 1 configuration(s)
INFO  [17:18:41.416] [bbotk] Result of batch 7:
INFO  [17:18:41.418] [bbotk]  nrounds       eta max_depth classif.ce warnings errors runtime_learners
INFO  [17:18:41.418] [bbotk]       97 0.2433065         6  0.1189925        0      0            0.496
INFO  [17:18:41.418] [bbotk]                                 uhash
INFO  [17:18:41.418] [bbotk]  48f46ded-c7b4-457f-b73e-2645a5fc4ee0
INFO  [17:18:41.427] [bbotk] Evaluating 1 configuration(s)
INFO  [17:18:42.093] [bbotk] Result of batch 8:
INFO  [17:18:42.094] [bbotk]  nrounds       eta max_depth classif.ce warnings errors runtime_learners
INFO  [17:18:42.094] [bbotk]      154 0.2045235         5  0.1169365        0      0            0.624
INFO  [17:18:42.094] [bbotk]                                 uhash
INFO  [17:18:42.094] [bbotk]  e074e37a-4c66-4077-93ea-105ede9567f8
INFO  [17:18:42.098] [bbotk] Evaluating 1 configuration(s)
INFO  [17:18:42.643] [bbotk] Result of batch 9:
INFO  [17:18:42.644] [bbotk]  nrounds     eta max_depth classif.ce warnings errors runtime_learners
INFO  [17:18:42.644] [bbotk]      291 0.26001         2  0.1336417        0      0            0.505
INFO  [17:18:42.644] [bbotk]                                 uhash
INFO  [17:18:42.644] [bbotk]  ef348dfc-8888-497d-b5d9-c0cf996af297
INFO  [17:18:42.649] [bbotk] Evaluating 1 configuration(s)
INFO  [17:18:44.222] [bbotk] Result of batch 10:
INFO  [17:18:44.223] [bbotk]  nrounds        eta max_depth classif.ce warnings errors runtime_learners
INFO  [17:18:44.223] [bbotk]      246 0.03014864         7  0.1200206        0      0            1.517
INFO  [17:18:44.223] [bbotk]                                 uhash
INFO  [17:18:44.223] [bbotk]  46b35eed-2387-41cd-b012-c6e6ff02a46d
INFO  [17:18:44.231] [bbotk] Finished optimizing after 10 evaluation(s)
INFO  [17:18:44.232] [bbotk] Result:
INFO  [17:18:44.232] [bbotk]  nrounds       eta max_depth learner_param_vals  x_domain classif.ce
INFO  [17:18:44.232] [bbotk]    <int>     <num>     <int>             <list>    <list>      <num>
INFO  [17:18:44.232] [bbotk]      260 0.2346794         8          <list[5]> <list[3]>  0.1128245
INFO  [17:18:45.053] [bbotk] Starting to optimize 3 parameter(s) with '<OptimizerBatchRandomSearch>' and '<TerminatorEvals> [n_evals=10, k=0]'
INFO  [17:18:45.074] [bbotk] Evaluating 1 configuration(s)
INFO  [17:18:46.435] [bbotk] Result of batch 1:
INFO  [17:18:46.436] [bbotk]  nrounds        eta max_depth classif.ce warnings errors runtime_learners
INFO  [17:18:46.436] [bbotk]      215 0.03642531         7  0.1130815        0      0            1.314
INFO  [17:18:46.436] [bbotk]                                 uhash
INFO  [17:18:46.436] [bbotk]  a01bd91e-6dac-4ac8-a54e-60bf3728e561
INFO  [17:18:46.440] [bbotk] Evaluating 1 configuration(s)
INFO  [17:18:47.812] [bbotk] Result of batch 2:
INFO  [17:18:47.813] [bbotk]  nrounds       eta max_depth classif.ce warnings errors runtime_learners
INFO  [17:18:47.813] [bbotk]      268 0.1774226         6  0.1156515        0      0            1.332
INFO  [17:18:47.813] [bbotk]                                 uhash
INFO  [17:18:47.813] [bbotk]  e7243204-327b-460b-b95c-4599aa10946c
INFO  [17:18:47.818] [bbotk] Evaluating 1 configuration(s)
INFO  [17:18:48.537] [bbotk] Result of batch 3:
INFO  [17:18:48.538] [bbotk]  nrounds       eta max_depth classif.ce warnings errors runtime_learners
INFO  [17:18:48.538] [bbotk]      291 0.2334259         3  0.1331277        0      0            0.677
INFO  [17:18:48.538] [bbotk]                                 uhash
INFO  [17:18:48.538] [bbotk]  6d48c294-0568-4a86-b5b4-383ba4e4ebd4
INFO  [17:18:48.543] [bbotk] Evaluating 1 configuration(s)
INFO  [17:18:49.088] [bbotk] Result of batch 4:
INFO  [17:18:49.089] [bbotk]  nrounds        eta max_depth classif.ce warnings errors runtime_learners
INFO  [17:18:49.089] [bbotk]       92 0.04513025         6  0.1243896        0      0            0.504
INFO  [17:18:49.089] [bbotk]                                 uhash
INFO  [17:18:49.089] [bbotk]  1e9a612a-e934-412a-b3d0-0f95d7eb4869
INFO  [17:18:49.097] [bbotk] Evaluating 1 configuration(s)
INFO  [17:18:49.341] [bbotk] Result of batch 5:
INFO  [17:18:49.343] [bbotk]  nrounds       eta max_depth classif.ce warnings errors runtime_learners
INFO  [17:18:49.343] [bbotk]       58 0.2145936         4  0.1303007        0      0            0.208
INFO  [17:18:49.343] [bbotk]                                 uhash
INFO  [17:18:49.343] [bbotk]  55a4b8bd-1b87-418f-b997-581bf37b704e
INFO  [17:18:49.350] [bbotk] Evaluating 1 configuration(s)
INFO  [17:18:50.253] [bbotk] Result of batch 6:
INFO  [17:18:50.254] [bbotk]  nrounds        eta max_depth classif.ce warnings errors runtime_learners
INFO  [17:18:50.254] [bbotk]      138 0.03619351         7  0.1141095        0      0            0.867
INFO  [17:18:50.254] [bbotk]                                 uhash
INFO  [17:18:50.254] [bbotk]  ac993d8b-e634-4d21-88ca-5fdbd8ae2924
INFO  [17:18:50.261] [bbotk] Evaluating 1 configuration(s)
INFO  [17:18:51.926] [bbotk] Result of batch 7:
INFO  [17:18:51.927] [bbotk]  nrounds       eta max_depth classif.ce warnings errors runtime_learners
INFO  [17:18:51.927] [bbotk]      276 0.1470443         7  0.1159085        0      0            1.626
INFO  [17:18:51.927] [bbotk]                                 uhash
INFO  [17:18:51.927] [bbotk]  32f7b421-1933-4474-bedb-abb7eda047bf
INFO  [17:18:51.934] [bbotk] Evaluating 1 configuration(s)
INFO  [17:18:53.239] [bbotk] Result of batch 8:
INFO  [17:18:53.242] [bbotk]  nrounds        eta max_depth classif.ce warnings errors runtime_learners
INFO  [17:18:53.242] [bbotk]      221 0.08835883         7  0.1141095        0      0             1.26
INFO  [17:18:53.242] [bbotk]                                 uhash
INFO  [17:18:53.242] [bbotk]  90fd2a4e-8360-4420-b094-be39c0144bba
INFO  [17:18:53.252] [bbotk] Evaluating 1 configuration(s)
INFO  [17:18:53.932] [bbotk] Result of batch 9:
INFO  [17:18:53.934] [bbotk]  nrounds        eta max_depth classif.ce warnings errors runtime_learners
INFO  [17:18:53.934] [bbotk]      187 0.09197234         4  0.1313287        0      0            0.642
INFO  [17:18:53.934] [bbotk]                                 uhash
INFO  [17:18:53.934] [bbotk]  a0e47225-ca31-4d6d-8a76-e9e6a00e9ac0
INFO  [17:18:53.942] [bbotk] Evaluating 1 configuration(s)
INFO  [17:18:55.874] [bbotk] Result of batch 10:
INFO  [17:18:55.875] [bbotk]  nrounds       eta max_depth classif.ce warnings errors runtime_learners
INFO  [17:18:55.875] [bbotk]      272 0.0459697         8  0.1130815        0      0            1.885
INFO  [17:18:55.875] [bbotk]                                 uhash
INFO  [17:18:55.875] [bbotk]  ce669d28-9e1e-478c-9a29-af0e7ec4b1c8
INFO  [17:18:55.886] [bbotk] Finished optimizing after 10 evaluation(s)
INFO  [17:18:55.887] [bbotk] Result:
INFO  [17:18:55.888] [bbotk]  nrounds        eta max_depth learner_param_vals  x_domain classif.ce
INFO  [17:18:55.888] [bbotk]    <int>      <num>     <int>             <list>    <list>      <num>
INFO  [17:18:55.888] [bbotk]      215 0.03642531         7          <list[5]> <list[3]>  0.1130815
INFO  [17:18:56.577] [bbotk] Starting to optimize 3 parameter(s) with '<OptimizerBatchRandomSearch>' and '<TerminatorEvals> [n_evals=10, k=0]'
INFO  [17:18:56.587] [bbotk] Evaluating 1 configuration(s)
INFO  [17:18:57.378] [bbotk] Result of batch 1:
INFO  [17:18:57.379] [bbotk]  nrounds       eta max_depth classif.ce warnings errors runtime_learners
INFO  [17:18:57.379] [bbotk]      288 0.2163427         3  0.1279564        0      0             0.74
INFO  [17:18:57.379] [bbotk]                                 uhash
INFO  [17:18:57.379] [bbotk]  b1640f34-adcf-4cef-a83c-94a8e245ef98
INFO  [17:18:57.383] [bbotk] Evaluating 1 configuration(s)
INFO  [17:18:58.039] [bbotk] Result of batch 2:
INFO  [17:18:58.041] [bbotk]  nrounds        eta max_depth classif.ce warnings errors runtime_learners
INFO  [17:18:58.041] [bbotk]      245 0.08104193         3  0.1387458        0      0             0.62
INFO  [17:18:58.041] [bbotk]                                 uhash
INFO  [17:18:58.041] [bbotk]  f4a7d69b-e4ba-43cb-a20e-13ef709e2175
INFO  [17:18:58.049] [bbotk] Evaluating 1 configuration(s)
INFO  [17:18:58.485] [bbotk] Result of batch 3:
INFO  [17:18:58.486] [bbotk]  nrounds        eta max_depth classif.ce warnings errors runtime_learners
INFO  [17:18:58.486] [bbotk]      140 0.04020701         3  0.1554472        0      0            0.394
INFO  [17:18:58.486] [bbotk]                                 uhash
INFO  [17:18:58.486] [bbotk]  bd6247cb-9bba-4f32-8916-a5a0885d4320
INFO  [17:18:58.489] [bbotk] Evaluating 1 configuration(s)
INFO  [17:18:58.875] [bbotk] Result of batch 4:
INFO  [17:18:58.877] [bbotk]  nrounds        eta max_depth classif.ce warnings errors runtime_learners
INFO  [17:18:58.877] [bbotk]      216 0.06679724         2  0.1675234        0      0            0.351
INFO  [17:18:58.877] [bbotk]                                 uhash
INFO  [17:18:58.877] [bbotk]  f8962b27-7101-4411-b38b-248ece872c2b
INFO  [17:18:58.886] [bbotk] Evaluating 1 configuration(s)
INFO  [17:18:59.222] [bbotk] Result of batch 5:
INFO  [17:18:59.222] [bbotk]  nrounds       eta max_depth classif.ce warnings errors runtime_learners
INFO  [17:18:59.222] [bbotk]      182 0.2801182         2  0.1431136        0      0            0.301
INFO  [17:18:59.222] [bbotk]                                 uhash
INFO  [17:18:59.222] [bbotk]  70673776-98ff-42b1-8412-7ce13e38b7ed
INFO  [17:18:59.226] [bbotk] Evaluating 1 configuration(s)
INFO  [17:18:59.570] [bbotk] Result of batch 6:
INFO  [17:18:59.571] [bbotk]  nrounds       eta max_depth classif.ce warnings errors runtime_learners
INFO  [17:18:59.571] [bbotk]      186 0.2508376         2  0.1420876        0      0            0.312
INFO  [17:18:59.571] [bbotk]                                 uhash
INFO  [17:18:59.571] [bbotk]  2b4f4764-b8d0-4c98-8b0c-de40d27d0631
INFO  [17:18:59.575] [bbotk] Evaluating 1 configuration(s)
INFO  [17:18:59.955] [bbotk] Result of batch 7:
INFO  [17:18:59.957] [bbotk]  nrounds        eta max_depth classif.ce warnings errors runtime_learners
INFO  [17:18:59.957] [bbotk]       67 0.09079444         6  0.1264167        0      0            0.338
INFO  [17:18:59.957] [bbotk]                                 uhash
INFO  [17:18:59.957] [bbotk]  d9187fda-b8f3-424b-b311-4225be4797bf
INFO  [17:18:59.965] [bbotk] Evaluating 1 configuration(s)
INFO  [17:19:01.066] [bbotk] Result of batch 8:
INFO  [17:19:01.067] [bbotk]  nrounds       eta max_depth classif.ce warnings errors runtime_learners
INFO  [17:19:01.067] [bbotk]      144 0.1063694         9  0.1148524        0      0             1.04
INFO  [17:19:01.067] [bbotk]                                 uhash
INFO  [17:19:01.067] [bbotk]  c4044ca5-2b84-4736-8390-d0ade20ba786
INFO  [17:19:01.071] [bbotk] Evaluating 1 configuration(s)
INFO  [17:19:01.707] [bbotk] Result of batch 9:
INFO  [17:19:01.709] [bbotk]  nrounds       eta max_depth classif.ce warnings errors runtime_learners
INFO  [17:19:01.709] [bbotk]       77 0.1626569         9  0.1125413        0      0            0.595
INFO  [17:19:01.709] [bbotk]                                 uhash
INFO  [17:19:01.709] [bbotk]  f444697d-c70b-451a-84ab-ebace9172fb2
INFO  [17:19:01.715] [bbotk] Evaluating 1 configuration(s)
INFO  [17:19:01.936] [bbotk] Result of batch 10:
INFO  [17:19:01.936] [bbotk]  nrounds       eta max_depth classif.ce warnings errors runtime_learners
INFO  [17:19:01.936] [bbotk]      159 0.1973049         2  0.1428568        0      0            0.187
INFO  [17:19:01.936] [bbotk]                                 uhash
INFO  [17:19:01.936] [bbotk]  e62a1f97-69f4-4965-be09-1e837753ad4b
INFO  [17:19:01.951] [bbotk] Finished optimizing after 10 evaluation(s)
INFO  [17:19:01.951] [bbotk] Result:
INFO  [17:19:01.952] [bbotk]  nrounds       eta max_depth learner_param_vals  x_domain classif.ce
INFO  [17:19:01.952] [bbotk]    <int>     <num>     <int>             <list>    <list>      <num>
INFO  [17:19:01.952] [bbotk]       77 0.1626569         9          <list[5]> <list[3]>  0.1125413
[1] -29.21053
[1] 29.41288

### [bt]: Job terminated successfully [batchtools job.id=2628]
### [bt]: Starting job [batchtools job.id=2629]
### [bt]: Generating problem instance for problem '34d90df810f60583' ...
### [bt]: Applying algorithm 'run_learner' on problem '34d90df810f60583' for job 2629 (seed = 2630) ...
INFO  [17:19:02.301] [mlr3] Applying learner 'classif.xgboost.tuned_calib.oof_beta' on task 'phoneme' (iter 9/10)
INFO  [17:19:02.342] [bbotk] Starting to optimize 3 parameter(s) with '<OptimizerBatchRandomSearch>' and '<TerminatorEvals> [n_evals=10, k=0]'
INFO  [17:19:02.361] [bbotk] Evaluating 1 configuration(s)
INFO  [17:19:03.094] [bbotk] Result of batch 1:
INFO  [17:19:03.095] [bbotk]  nrounds        eta max_depth classif.ce warnings errors runtime_learners
INFO  [17:19:03.095] [bbotk]       98 0.01199116         7  0.1459779        0      0             0.69
INFO  [17:19:03.095] [bbotk]                                 uhash
INFO  [17:19:03.095] [bbotk]  0b2353d5-cf51-4f5c-b8d1-16ae4c9e20af
INFO  [17:19:03.098] [bbotk] Evaluating 1 configuration(s)
INFO  [17:19:04.389] [bbotk] Result of batch 2:
INFO  [17:19:04.390] [bbotk]  nrounds       eta max_depth classif.ce warnings errors runtime_learners
INFO  [17:19:04.390] [bbotk]      296 0.2340806         5  0.1210486        0      0            1.234
INFO  [17:19:04.390] [bbotk]                                 uhash
INFO  [17:19:04.390] [bbotk]  529b01c6-d130-4203-aaa5-13f9d9df7e99
INFO  [17:19:04.393] [bbotk] Evaluating 1 configuration(s)
INFO  [17:19:05.066] [bbotk] Result of batch 3:
INFO  [17:19:05.067] [bbotk]  nrounds        eta max_depth classif.ce warnings errors runtime_learners
INFO  [17:19:05.067] [bbotk]      250 0.06405585         3  0.1380108        0      0             0.62
INFO  [17:19:05.067] [bbotk]                                 uhash
INFO  [17:19:05.067] [bbotk]  6976a012-41b1-4406-b2ab-9c520711e826
INFO  [17:19:05.073] [bbotk] Evaluating 1 configuration(s)
INFO  [17:19:05.767] [bbotk] Result of batch 4:
INFO  [17:19:05.769] [bbotk]  nrounds        eta max_depth classif.ce warnings errors runtime_learners
INFO  [17:19:05.769] [bbotk]      159 0.07984379         5  0.1261886        0      0            0.661
INFO  [17:19:05.769] [bbotk]                                 uhash
INFO  [17:19:05.769] [bbotk]  8292d0f0-5079-41a4-9afa-e4f3fc65b05b
INFO  [17:19:05.778] [bbotk] Evaluating 1 configuration(s)
INFO  [17:19:06.467] [bbotk] Result of batch 5:
INFO  [17:19:06.468] [bbotk]  nrounds       eta max_depth classif.ce warnings errors runtime_learners
INFO  [17:19:06.468] [bbotk]      130 0.1885863         6  0.1184785        0      0            0.649
INFO  [17:19:06.468] [bbotk]                                 uhash
INFO  [17:19:06.468] [bbotk]  1e27936f-7c4f-41db-b8f1-a067adf88563
INFO  [17:19:06.477] [bbotk] Evaluating 1 configuration(s)
INFO  [17:19:06.849] [bbotk] Result of batch 6:
INFO  [17:19:06.850] [bbotk]  nrounds        eta max_depth classif.ce warnings errors runtime_learners
INFO  [17:19:06.850] [bbotk]      137 0.02154918         3  0.1698792        0      0             0.33
INFO  [17:19:06.850] [bbotk]                                 uhash
INFO  [17:19:06.850] [bbotk]  dc2d06f3-51f4-40ee-8275-946e683d5646
INFO  [17:19:06.854] [bbotk] Evaluating 1 configuration(s)
INFO  [17:19:08.401] [bbotk] Result of batch 7:
INFO  [17:19:08.402] [bbotk]  nrounds       eta max_depth classif.ce warnings errors runtime_learners
INFO  [17:19:08.402] [bbotk]      263 0.1844885         7  0.1205346        0      0            1.511
INFO  [17:19:08.402] [bbotk]                                 uhash
INFO  [17:19:08.402] [bbotk]  56bc750a-bccc-4c9e-abf0-241cb52697f7
INFO  [17:19:08.411] [bbotk] Evaluating 1 configuration(s)
INFO  [17:19:09.416] [bbotk] Result of batch 8:
INFO  [17:19:09.417] [bbotk]  nrounds       eta max_depth classif.ce warnings errors runtime_learners
INFO  [17:19:09.417] [bbotk]      151 0.2580849         8  0.1146235        0      0            0.954
INFO  [17:19:09.417] [bbotk]                                 uhash
INFO  [17:19:09.417] [bbotk]  f7dc3d4a-66ff-49a4-81c1-1105fb6b0e6a
INFO  [17:19:09.421] [bbotk] Evaluating 1 configuration(s)
INFO  [17:19:09.998] [bbotk] Result of batch 9:
INFO  [17:19:10.000] [bbotk]  nrounds       eta max_depth classif.ce warnings errors runtime_learners
INFO  [17:19:10.000] [bbotk]      116 0.1339327         5  0.1184785        0      0             0.53
INFO  [17:19:10.000] [bbotk]                                 uhash
INFO  [17:19:10.000] [bbotk]  fd7506e7-0505-41ae-87df-64ed5aa81e03
INFO  [17:19:10.009] [bbotk] Evaluating 1 configuration(s)
INFO  [17:19:12.244] [bbotk] Result of batch 10:
INFO  [17:19:12.246] [bbotk]  nrounds        eta max_depth classif.ce warnings errors runtime_learners
INFO  [17:19:12.246] [bbotk]      282 0.06567568        10  0.1148805        0      0            2.174
INFO  [17:19:12.246] [bbotk]                                 uhash
INFO  [17:19:12.246] [bbotk]  b90e2dd5-36a9-4b0e-8c9a-98049546a7dc
INFO  [17:19:12.274] [bbotk] Finished optimizing after 10 evaluation(s)
INFO  [17:19:12.275] [bbotk] Result:
INFO  [17:19:12.276] [bbotk]  nrounds       eta max_depth learner_param_vals  x_domain classif.ce
INFO  [17:19:12.276] [bbotk]    <int>     <num>     <int>             <list>    <list>      <num>
INFO  [17:19:12.276] [bbotk]      151 0.2580849         8          <list[5]> <list[3]>  0.1146235
INFO  [17:19:12.805] [bbotk] Starting to optimize 3 parameter(s) with '<OptimizerBatchRandomSearch>' and '<TerminatorEvals> [n_evals=10, k=0]'
INFO  [17:19:12.821] [bbotk] Evaluating 1 configuration(s)
INFO  [17:19:13.806] [bbotk] Result of batch 1:
INFO  [17:19:13.808] [bbotk]  nrounds       eta max_depth classif.ce warnings errors runtime_learners
INFO  [17:19:13.808] [bbotk]      286 0.1101408         4  0.1243896        0      0            0.948
INFO  [17:19:13.808] [bbotk]                                 uhash
INFO  [17:19:13.808] [bbotk]  021f0fc4-0137-4afb-b12b-c08dfc623195
INFO  [17:19:13.812] [bbotk] Evaluating 1 configuration(s)
INFO  [17:19:14.487] [bbotk] Result of batch 2:
INFO  [17:19:14.489] [bbotk]  nrounds       eta max_depth classif.ce warnings errors runtime_learners
INFO  [17:19:14.489] [bbotk]      260 0.2502312         3  0.1287587        0      0            0.636
INFO  [17:19:14.489] [bbotk]                                 uhash
INFO  [17:19:14.489] [bbotk]  3080aabf-faa0-4c71-b997-99283d565f54
INFO  [17:19:14.494] [bbotk] Evaluating 1 configuration(s)
INFO  [17:19:16.006] [bbotk] Result of batch 3:
INFO  [17:19:16.007] [bbotk]  nrounds       eta max_depth classif.ce warnings errors runtime_learners
INFO  [17:19:16.007] [bbotk]      240 0.2214693         8  0.1143665        0      0            1.463
INFO  [17:19:16.007] [bbotk]                                 uhash
INFO  [17:19:16.007] [bbotk]  bc6d224d-b506-43a9-a217-3b988be8578e
INFO  [17:19:16.011] [bbotk] Evaluating 1 configuration(s)
INFO  [17:19:16.349] [bbotk] Result of batch 4:
INFO  [17:19:16.350] [bbotk]  nrounds        eta max_depth classif.ce warnings errors runtime_learners
INFO  [17:19:16.350] [bbotk]      130 0.08153395         3  0.1408378        0      0            0.304
INFO  [17:19:16.350] [bbotk]                                 uhash
INFO  [17:19:16.350] [bbotk]  2707d46c-b42a-4c37-bb3b-fc35a616365a
INFO  [17:19:16.354] [bbotk] Evaluating 1 configuration(s)
INFO  [17:19:17.186] [bbotk] Result of batch 5:
INFO  [17:19:17.188] [bbotk]  nrounds        eta max_depth classif.ce warnings errors runtime_learners
INFO  [17:19:17.188] [bbotk]      250 0.08330309         4  0.1236186        0      0            0.797
INFO  [17:19:17.188] [bbotk]                                 uhash
INFO  [17:19:17.188] [bbotk]  3ea1ec25-6277-432f-8df8-377e1c6cc4da
INFO  [17:19:17.196] [bbotk] Evaluating 1 configuration(s)
INFO  [17:19:18.556] [bbotk] Result of batch 6:
INFO  [17:19:18.557] [bbotk]  nrounds       eta max_depth classif.ce warnings errors runtime_learners
INFO  [17:19:18.557] [bbotk]      200 0.1276566         8  0.1143665        0      0            1.319
INFO  [17:19:18.557] [bbotk]                                 uhash
INFO  [17:19:18.557] [bbotk]  b5e17bd8-4f09-4359-ad51-08978dd92c78
INFO  [17:19:18.564] [bbotk] Evaluating 1 configuration(s)
INFO  [17:19:19.380] [bbotk] Result of batch 7:
INFO  [17:19:19.381] [bbotk]  nrounds       eta max_depth classif.ce warnings errors runtime_learners
INFO  [17:19:19.381] [bbotk]      127 0.2767652         7  0.1130815        0      0            0.779
INFO  [17:19:19.381] [bbotk]                                 uhash
INFO  [17:19:19.381] [bbotk]  c7430f04-dff6-472f-bfdf-1001d13f02bc
INFO  [17:19:19.389] [bbotk] Evaluating 1 configuration(s)
INFO  [17:19:20.246] [bbotk] Result of batch 8:
INFO  [17:19:20.247] [bbotk]  nrounds       eta max_depth classif.ce warnings errors runtime_learners
INFO  [17:19:20.247] [bbotk]      138 0.1376484         7  0.1159085        0      0            0.806
INFO  [17:19:20.247] [bbotk]                                 uhash
INFO  [17:19:20.247] [bbotk]  02a0b76a-d549-450d-ba4f-48d1b362a749
INFO  [17:19:20.251] [bbotk] Evaluating 1 configuration(s)
INFO  [17:19:20.741] [bbotk] Result of batch 9:
INFO  [17:19:20.742] [bbotk]  nrounds       eta max_depth classif.ce warnings errors runtime_learners
INFO  [17:19:20.742] [bbotk]      298 0.2869786         2  0.1331277        0      0            0.451
INFO  [17:19:20.742] [bbotk]                                 uhash
INFO  [17:19:20.742] [bbotk]  099f7a15-9d65-465f-b2fb-34a419af0d77
INFO  [17:19:20.747] [bbotk] Evaluating 1 configuration(s)
INFO  [17:19:21.471] [bbotk] Result of batch 10:
INFO  [17:19:21.472] [bbotk]  nrounds        eta max_depth classif.ce warnings errors runtime_learners
INFO  [17:19:21.472] [bbotk]      130 0.04820012         6  0.1223336        0      0            0.672
INFO  [17:19:21.472] [bbotk]                                 uhash
INFO  [17:19:21.472] [bbotk]  007e1c1c-8261-4e92-bda1-210301ed318d
INFO  [17:19:21.493] [bbotk] Finished optimizing after 10 evaluation(s)
INFO  [17:19:21.493] [bbotk] Result:
INFO  [17:19:21.495] [bbotk]  nrounds       eta max_depth learner_param_vals  x_domain classif.ce
INFO  [17:19:21.495] [bbotk]    <int>     <num>     <int>             <list>    <list>      <num>
INFO  [17:19:21.495] [bbotk]      127 0.2767652         7          <list[5]> <list[3]>  0.1130815
INFO  [17:19:21.941] [bbotk] Starting to optimize 3 parameter(s) with '<OptimizerBatchRandomSearch>' and '<TerminatorEvals> [n_evals=10, k=0]'
INFO  [17:19:21.967] [bbotk] Evaluating 1 configuration(s)
INFO  [17:19:23.079] [bbotk] Result of batch 1:
INFO  [17:19:23.081] [bbotk]  nrounds       eta max_depth classif.ce warnings errors runtime_learners
INFO  [17:19:23.081] [bbotk]      193 0.0982097         6  0.1238756        0      0             1.06
INFO  [17:19:23.081] [bbotk]                                 uhash
INFO  [17:19:23.081] [bbotk]  8f004f85-a192-44bc-9118-5fc68e120854
INFO  [17:19:23.085] [bbotk] Evaluating 1 configuration(s)
INFO  [17:19:24.033] [bbotk] Result of batch 2:
INFO  [17:19:24.035] [bbotk]  nrounds       eta max_depth classif.ce warnings errors runtime_learners
INFO  [17:19:24.035] [bbotk]      178 0.1416873         6  0.1225906        0      0            0.918
INFO  [17:19:24.035] [bbotk]                                 uhash
INFO  [17:19:24.035] [bbotk]  94b9f753-48a0-41e5-9151-b584ce0d45c3
INFO  [17:19:24.039] [bbotk] Evaluating 1 configuration(s)
INFO  [17:19:24.964] [bbotk] Result of batch 3:
INFO  [17:19:24.965] [bbotk]  nrounds        eta max_depth classif.ce warnings errors runtime_learners
INFO  [17:19:24.965] [bbotk]       96 0.05971898        10  0.1161655        0      0            0.888
INFO  [17:19:24.965] [bbotk]                                 uhash
INFO  [17:19:24.965] [bbotk]  5b36612a-4c89-4d5c-8004-f1778134a450
INFO  [17:19:24.971] [bbotk] Evaluating 1 configuration(s)
INFO  [17:19:25.331] [bbotk] Result of batch 4:
INFO  [17:19:25.332] [bbotk]  nrounds        eta max_depth classif.ce warnings errors runtime_learners
INFO  [17:19:25.332] [bbotk]       60 0.09699376         6  0.1243896        0      0            0.321
INFO  [17:19:25.332] [bbotk]                                 uhash
INFO  [17:19:25.332] [bbotk]  c3538410-c4dc-489a-b17e-e5ec69302ce2
INFO  [17:19:25.336] [bbotk] Evaluating 1 configuration(s)
INFO  [17:19:25.720] [bbotk] Result of batch 5:
INFO  [17:19:25.721] [bbotk]  nrounds        eta max_depth classif.ce warnings errors runtime_learners
INFO  [17:19:25.721] [bbotk]      214 0.01741478         2  0.2009766        0      0            0.342
INFO  [17:19:25.721] [bbotk]                                 uhash
INFO  [17:19:25.721] [bbotk]  f0723d7f-ac61-4d62-a05d-c63ebcc89679
INFO  [17:19:25.725] [bbotk] Evaluating 1 configuration(s)
INFO  [17:19:25.885] [bbotk] Result of batch 6:
INFO  [17:19:25.886] [bbotk]  nrounds       eta max_depth classif.ce warnings errors runtime_learners
INFO  [17:19:25.886] [bbotk]       54 0.2741344         2   0.153688        0      0            0.114
INFO  [17:19:25.886] [bbotk]                                 uhash
INFO  [17:19:25.886] [bbotk]  43d6e3f7-8edb-4b71-9a0a-0eb01d93f9d9
INFO  [17:19:25.891] [bbotk] Evaluating 1 configuration(s)
INFO  [17:19:26.552] [bbotk] Result of batch 7:
INFO  [17:19:26.553] [bbotk]  nrounds       eta max_depth classif.ce warnings errors runtime_learners
INFO  [17:19:26.553] [bbotk]      210 0.2089897         4  0.1274737        0      0            0.629
INFO  [17:19:26.553] [bbotk]                                 uhash
INFO  [17:19:26.553] [bbotk]  bc20186f-e7d5-494d-8c1d-bbb7d575f56e
INFO  [17:19:26.557] [bbotk] Evaluating 1 configuration(s)
INFO  [17:19:26.783] [bbotk] Result of batch 8:
INFO  [17:19:26.784] [bbotk]  nrounds        eta max_depth classif.ce warnings errors runtime_learners
INFO  [17:19:26.784] [bbotk]       76 0.04790365         3  0.1698792        0      0            0.184
INFO  [17:19:26.784] [bbotk]                                 uhash
INFO  [17:19:26.784] [bbotk]  165997e5-529f-423e-a6ac-f881d1c8d218
INFO  [17:19:26.788] [bbotk] Evaluating 1 configuration(s)
INFO  [17:19:27.267] [bbotk] Result of batch 9:
INFO  [17:19:27.268] [bbotk]  nrounds       eta max_depth classif.ce warnings errors runtime_learners
INFO  [17:19:27.268] [bbotk]      279 0.1367546         2  0.1431509        0      0            0.446
INFO  [17:19:27.268] [bbotk]                                 uhash
INFO  [17:19:27.268] [bbotk]  c831fe7f-acfd-4dde-b500-4b1b6f8fc8bb
INFO  [17:19:27.272] [bbotk] Evaluating 1 configuration(s)
INFO  [17:19:28.197] [bbotk] Result of batch 10:
INFO  [17:19:28.198] [bbotk]  nrounds       eta max_depth classif.ce warnings errors runtime_learners
INFO  [17:19:28.198] [bbotk]      248 0.2612217         4  0.1308147        0      0            0.877
INFO  [17:19:28.198] [bbotk]                                 uhash
INFO  [17:19:28.198] [bbotk]  98a95dea-16d7-4130-a7e9-9841f7695841
INFO  [17:19:28.206] [bbotk] Finished optimizing after 10 evaluation(s)
INFO  [17:19:28.207] [bbotk] Result:
INFO  [17:19:28.207] [bbotk]  nrounds        eta max_depth learner_param_vals  x_domain classif.ce
INFO  [17:19:28.207] [bbotk]    <int>      <num>     <int>             <list>    <list>      <num>
INFO  [17:19:28.207] [bbotk]       96 0.05971898        10          <list[5]> <list[3]>  0.1161655
INFO  [17:19:28.658] [bbotk] Starting to optimize 3 parameter(s) with '<OptimizerBatchRandomSearch>' and '<TerminatorEvals> [n_evals=10, k=0]'
INFO  [17:19:28.674] [bbotk] Evaluating 1 configuration(s)
INFO  [17:19:29.380] [bbotk] Result of batch 1:
INFO  [17:19:29.382] [bbotk]  nrounds       eta max_depth classif.ce warnings errors runtime_learners
INFO  [17:19:29.382] [bbotk]       91 0.1393661         8  0.1192496        0      0            0.666
INFO  [17:19:29.382] [bbotk]                                 uhash
INFO  [17:19:29.382] [bbotk]  02ab9bc6-7fc5-4e86-acaf-21afcb104ab3
INFO  [17:19:29.386] [bbotk] Evaluating 1 configuration(s)
INFO  [17:19:30.231] [bbotk] Result of batch 2:
INFO  [17:19:30.232] [bbotk]  nrounds       eta max_depth classif.ce warnings errors runtime_learners
INFO  [17:19:30.232] [bbotk]      194 0.2640187         5  0.1200206        0      0            0.791
INFO  [17:19:30.232] [bbotk]                                 uhash
INFO  [17:19:30.232] [bbotk]  700bc4b8-b56b-4c0a-93c9-a0c1e9c3b1ec
INFO  [17:19:30.236] [bbotk] Evaluating 1 configuration(s)
INFO  [17:19:30.931] [bbotk] Result of batch 3:
INFO  [17:19:30.932] [bbotk]  nrounds        eta max_depth classif.ce warnings errors runtime_learners
INFO  [17:19:30.932] [bbotk]       65 0.06937734         9  0.1215626        0      0            0.647
INFO  [17:19:30.932] [bbotk]                                 uhash
INFO  [17:19:30.932] [bbotk]  3fe1872d-188d-4f38-8423-358bf7848133
INFO  [17:19:30.942] [bbotk] Evaluating 1 configuration(s)
INFO  [17:19:31.268] [bbotk] Result of batch 4:
INFO  [17:19:31.269] [bbotk]  nrounds       eta max_depth classif.ce warnings errors runtime_learners
INFO  [17:19:31.269] [bbotk]       86 0.2482798         4  0.1351838        0      0            0.283
INFO  [17:19:31.269] [bbotk]                                 uhash
INFO  [17:19:31.269] [bbotk]  800b8846-aa37-4f7a-b12d-252c37ef8a74
INFO  [17:19:31.278] [bbotk] Evaluating 1 configuration(s)
INFO  [17:19:31.846] [bbotk] Result of batch 5:
INFO  [17:19:31.847] [bbotk]  nrounds       eta max_depth classif.ce warnings errors runtime_learners
INFO  [17:19:31.847] [bbotk]      147 0.2552221         4  0.1274737        0      0            0.517
INFO  [17:19:31.847] [bbotk]                                 uhash
INFO  [17:19:31.847] [bbotk]  83b72a56-084b-41a9-b1b9-98fb8fad3950
INFO  [17:19:31.851] [bbotk] Evaluating 1 configuration(s)
INFO  [17:19:32.863] [bbotk] Result of batch 6:
INFO  [17:19:32.864] [bbotk]  nrounds       eta max_depth classif.ce warnings errors runtime_learners
INFO  [17:19:32.864] [bbotk]      202 0.1594188         6  0.1182215        0      0             0.97
INFO  [17:19:32.864] [bbotk]                                 uhash
INFO  [17:19:32.864] [bbotk]  4937bb46-55c2-466a-b77d-794a2a8bab07
INFO  [17:19:32.872] [bbotk] Evaluating 1 configuration(s)
INFO  [17:19:33.511] [bbotk] Result of batch 7:
INFO  [17:19:33.513] [bbotk]  nrounds       eta max_depth classif.ce warnings errors runtime_learners
INFO  [17:19:33.513] [bbotk]      236 0.1574161         3  0.1359548        0      0            0.599
INFO  [17:19:33.513] [bbotk]                                 uhash
INFO  [17:19:33.513] [bbotk]  cd68992c-ac28-47c0-9958-422894979d8c
INFO  [17:19:33.524] [bbotk] Evaluating 1 configuration(s)
INFO  [17:19:33.769] [bbotk] Result of batch 8:
INFO  [17:19:33.770] [bbotk]  nrounds       eta max_depth classif.ce warnings errors runtime_learners
INFO  [17:19:33.770] [bbotk]       99 0.1181789         2  0.1665382        0      0            0.188
INFO  [17:19:33.770] [bbotk]                                 uhash
INFO  [17:19:33.770] [bbotk]  fb8abc53-b52e-4ee4-b9d7-8a6028dd7b90
INFO  [17:19:33.774] [bbotk] Evaluating 1 configuration(s)
INFO  [17:19:34.290] [bbotk] Result of batch 9:
INFO  [17:19:34.292] [bbotk]  nrounds        eta max_depth classif.ce warnings errors runtime_learners
INFO  [17:19:34.292] [bbotk]      270 0.01103737         2  0.2148548        0      0            0.472
INFO  [17:19:34.292] [bbotk]                                 uhash
INFO  [17:19:34.292] [bbotk]  0333a27d-3fea-4517-bbe6-f34c213bcf7b
INFO  [17:19:34.302] [bbotk] Evaluating 1 configuration(s)
INFO  [17:19:34.954] [bbotk] Result of batch 10:
INFO  [17:19:34.956] [bbotk]  nrounds       eta max_depth classif.ce warnings errors runtime_learners
INFO  [17:19:34.956] [bbotk]      249 0.2251555         3  0.1354408        0      0            0.613
INFO  [17:19:34.956] [bbotk]                                 uhash
INFO  [17:19:34.956] [bbotk]  8d46dda7-3670-4361-aa32-01970d67eb4b
INFO  [17:19:34.964] [bbotk] Finished optimizing after 10 evaluation(s)
INFO  [17:19:34.964] [bbotk] Result:
INFO  [17:19:34.965] [bbotk]  nrounds       eta max_depth learner_param_vals  x_domain classif.ce
INFO  [17:19:34.965] [bbotk]    <int>     <num>     <int>             <list>    <list>      <num>
INFO  [17:19:34.965] [bbotk]      202 0.1594188         6          <list[5]> <list[3]>  0.1182215
INFO  [17:19:35.600] [bbotk] Starting to optimize 3 parameter(s) with '<OptimizerBatchRandomSearch>' and '<TerminatorEvals> [n_evals=10, k=0]'
INFO  [17:19:35.610] [bbotk] Evaluating 1 configuration(s)
INFO  [17:19:36.709] [bbotk] Result of batch 1:
INFO  [17:19:36.711] [bbotk]  nrounds       eta max_depth classif.ce warnings errors runtime_learners
INFO  [17:19:36.711] [bbotk]      269 0.2428269         5  0.1192187        0      0            1.063
INFO  [17:19:36.711] [bbotk]                                 uhash
INFO  [17:19:36.711] [bbotk]  a567b45a-348c-4731-a587-904842b600bf
INFO  [17:19:36.717] [bbotk] Evaluating 1 configuration(s)
INFO  [17:19:37.147] [bbotk] Result of batch 2:
INFO  [17:19:37.148] [bbotk]  nrounds      eta max_depth classif.ce warnings errors runtime_learners
INFO  [17:19:37.148] [bbotk]      209 0.226809         2  0.1467113        0      0            0.385
INFO  [17:19:37.148] [bbotk]                                 uhash
INFO  [17:19:37.148] [bbotk]  24f83c5f-4cc7-4c08-9178-e471e604a9a2
INFO  [17:19:37.152] [bbotk] Evaluating 1 configuration(s)
INFO  [17:19:38.303] [bbotk] Result of batch 3:
INFO  [17:19:38.305] [bbotk]  nrounds       eta max_depth classif.ce warnings errors runtime_learners
INFO  [17:19:38.305] [bbotk]      205 0.2267889         6  0.1220477        0      0            1.083
INFO  [17:19:38.305] [bbotk]                                 uhash
INFO  [17:19:38.305] [bbotk]  3aea81cc-dae3-4282-8bba-f285bb0813a5
INFO  [17:19:38.319] [bbotk] Evaluating 1 configuration(s)
INFO  [17:19:39.638] [bbotk] Result of batch 4:
INFO  [17:19:39.640] [bbotk]  nrounds      eta max_depth classif.ce warnings errors runtime_learners
INFO  [17:19:39.640] [bbotk]      231 0.191705         7  0.1235879        0      0            1.281
INFO  [17:19:39.640] [bbotk]                                 uhash
INFO  [17:19:39.640] [bbotk]  72333722-aceb-4cb2-b230-e86554d6ae67
INFO  [17:19:39.648] [bbotk] Evaluating 1 configuration(s)
INFO  [17:19:40.115] [bbotk] Result of batch 5:
INFO  [17:19:40.116] [bbotk]  nrounds      eta max_depth classif.ce warnings errors runtime_learners
INFO  [17:19:40.116] [bbotk]      257 0.295291         2  0.1479979        0      0            0.426
INFO  [17:19:40.116] [bbotk]                                 uhash
INFO  [17:19:40.116] [bbotk]  097cbf5b-ddb6-4d3d-929d-8dde94363622
INFO  [17:19:40.120] [bbotk] Evaluating 1 configuration(s)
INFO  [17:19:41.129] [bbotk] Result of batch 6:
INFO  [17:19:41.130] [bbotk]  nrounds       eta max_depth classif.ce warnings errors runtime_learners
INFO  [17:19:41.130] [bbotk]      293 0.1915419         4  0.1300122        0      0            0.967
INFO  [17:19:41.130] [bbotk]                                 uhash
INFO  [17:19:41.130] [bbotk]  92045458-dd3a-4223-8e97-d96dde7ad959
INFO  [17:19:41.134] [bbotk] Evaluating 1 configuration(s)
INFO  [17:19:42.967] [bbotk] Result of batch 7:
INFO  [17:19:42.968] [bbotk]  nrounds        eta max_depth classif.ce warnings errors runtime_learners
INFO  [17:19:42.968] [bbotk]      245 0.07815124         9  0.1158806        0      0            1.793
INFO  [17:19:42.968] [bbotk]                                 uhash
INFO  [17:19:42.968] [bbotk]  507a2577-f8ae-4a4e-8e73-ed51ef6d46b7
INFO  [17:19:42.972] [bbotk] Evaluating 1 configuration(s)
INFO  [17:19:43.386] [bbotk] Result of batch 8:
INFO  [17:19:43.387] [bbotk]  nrounds       eta max_depth classif.ce warnings errors runtime_learners
INFO  [17:19:43.387] [bbotk]       66 0.2903082         7  0.1202485        0      0            0.376
INFO  [17:19:43.387] [bbotk]                                 uhash
INFO  [17:19:43.387] [bbotk]  f24e72c7-6129-4755-a909-103e4a7ec1b4
INFO  [17:19:43.391] [bbotk] Evaluating 1 configuration(s)
INFO  [17:19:45.473] [bbotk] Result of batch 9:
INFO  [17:19:45.476] [bbotk]  nrounds       eta max_depth classif.ce warnings errors runtime_learners
INFO  [17:19:45.476] [bbotk]      279 0.2415657        10  0.1169094        0      0            2.034
INFO  [17:19:45.476] [bbotk]                                 uhash
INFO  [17:19:45.476] [bbotk]  14bc625e-b588-453d-b6ec-4cf8487074d7
INFO  [17:19:45.484] [bbotk] Evaluating 1 configuration(s)
INFO  [17:19:45.707] [bbotk] Result of batch 10:
INFO  [17:19:45.708] [bbotk]  nrounds       eta max_depth classif.ce warnings errors runtime_learners
INFO  [17:19:45.708] [bbotk]      104 0.2523669         2  0.1508235        0      0            0.186
INFO  [17:19:45.708] [bbotk]                                 uhash
INFO  [17:19:45.708] [bbotk]  b6e0e06e-3fd7-49ec-8c93-afc78f31ac32
INFO  [17:19:45.718] [bbotk] Finished optimizing after 10 evaluation(s)
INFO  [17:19:45.718] [bbotk] Result:
INFO  [17:19:45.720] [bbotk]  nrounds        eta max_depth learner_param_vals  x_domain classif.ce
INFO  [17:19:45.720] [bbotk]    <int>      <num>     <int>             <list>    <list>      <num>
INFO  [17:19:45.720] [bbotk]      245 0.07815124         9          <list[5]> <list[3]>  0.1158806
[1] -27.58016
[1] 28.98611

### [bt]: Job terminated successfully [batchtools job.id=2629]
### [bt]: Starting job [batchtools job.id=2630]
### [bt]: Generating problem instance for problem '34d90df810f60583' ...
### [bt]: Applying algorithm 'run_learner' on problem '34d90df810f60583' for job 2630 (seed = 2631) ...
INFO  [17:19:46.720] [mlr3] Applying learner 'classif.xgboost.tuned_calib.oof_beta' on task 'phoneme' (iter 10/10)
INFO  [17:19:46.759] [bbotk] Starting to optimize 3 parameter(s) with '<OptimizerBatchRandomSearch>' and '<TerminatorEvals> [n_evals=10, k=0]'
INFO  [17:19:46.780] [bbotk] Evaluating 1 configuration(s)
INFO  [17:19:49.026] [bbotk] Result of batch 1:
INFO  [17:19:49.027] [bbotk]  nrounds       eta max_depth classif.ce warnings errors runtime_learners
INFO  [17:19:49.027] [bbotk]      293 0.1112739        10  0.1143665        0      0            2.209
INFO  [17:19:49.027] [bbotk]                                 uhash
INFO  [17:19:49.027] [bbotk]  5b763548-fd1a-4de4-8132-a64caa5edea3
INFO  [17:19:49.034] [bbotk] Evaluating 1 configuration(s)
INFO  [17:19:50.261] [bbotk] Result of batch 2:
INFO  [17:19:50.262] [bbotk]  nrounds       eta max_depth classif.ce warnings errors runtime_learners
INFO  [17:19:50.262] [bbotk]      176 0.1533753         8  0.1138525        0      0            1.174
INFO  [17:19:50.262] [bbotk]                                 uhash
INFO  [17:19:50.262] [bbotk]  25c6f2fa-3aef-4f1d-b127-30f0e77ec13b
INFO  [17:19:50.266] [bbotk] Evaluating 1 configuration(s)
INFO  [17:19:50.945] [bbotk] Result of batch 3:
INFO  [17:19:50.947] [bbotk]  nrounds       eta max_depth classif.ce warnings errors runtime_learners
INFO  [17:19:50.947] [bbotk]      269 0.1502888         3  0.1390388        0      0            0.643
INFO  [17:19:50.947] [bbotk]                                 uhash
INFO  [17:19:50.947] [bbotk]  10a76b59-b107-48d6-b5de-d432f627dbe0
INFO  [17:19:50.960] [bbotk] Evaluating 1 configuration(s)
INFO  [17:19:51.839] [bbotk] Result of batch 4:
INFO  [17:19:51.840] [bbotk]  nrounds       eta max_depth classif.ce warnings errors runtime_learners
INFO  [17:19:51.840] [bbotk]      203 0.1485244         5  0.1269597        0      0            0.841
INFO  [17:19:51.840] [bbotk]                                 uhash
INFO  [17:19:51.840] [bbotk]  b3af8089-2e5a-4d24-b7b0-5d6bac7fca33
INFO  [17:19:51.844] [bbotk] Evaluating 1 configuration(s)
INFO  [17:19:52.996] [bbotk] Result of batch 5:
INFO  [17:19:52.997] [bbotk]  nrounds        eta max_depth classif.ce warnings errors runtime_learners
INFO  [17:19:52.997] [bbotk]      222 0.06307121         6  0.1197636        0      0            1.109
INFO  [17:19:52.997] [bbotk]                                 uhash
INFO  [17:19:52.997] [bbotk]  a9562560-7003-4661-9e5f-6bf322aa80a3
INFO  [17:19:53.001] [bbotk] Evaluating 1 configuration(s)
INFO  [17:19:54.533] [bbotk] Result of batch 6:
INFO  [17:19:54.534] [bbotk]  nrounds        eta max_depth classif.ce warnings errors runtime_learners
INFO  [17:19:54.534] [bbotk]      221 0.06058092         8  0.1169365        0      0            1.496
INFO  [17:19:54.534] [bbotk]                                 uhash
INFO  [17:19:54.534] [bbotk]  807d2b79-f2a2-4160-a1e6-0bec38ac7e6a
INFO  [17:19:54.538] [bbotk] Evaluating 1 configuration(s)
INFO  [17:19:55.149] [bbotk] Result of batch 7:
INFO  [17:19:55.150] [bbotk]  nrounds       eta max_depth classif.ce warnings errors runtime_learners
INFO  [17:19:55.150] [bbotk]      115 0.2541768         6  0.1243896        0      0            0.569
INFO  [17:19:55.150] [bbotk]                                 uhash
INFO  [17:19:55.150] [bbotk]  12ce2975-40b7-4c7e-9729-e5c4e1346fef
INFO  [17:19:55.153] [bbotk] Evaluating 1 configuration(s)
INFO  [17:19:55.618] [bbotk] Result of batch 8:
INFO  [17:19:55.619] [bbotk]  nrounds        eta max_depth classif.ce warnings errors runtime_learners
INFO  [17:19:55.619] [bbotk]      152 0.04074991         3    0.15266        0      0            0.416
INFO  [17:19:55.619] [bbotk]                                 uhash
INFO  [17:19:55.619] [bbotk]  db65f596-766a-45f5-9527-e65aad045bc9
INFO  [17:19:55.624] [bbotk] Evaluating 1 configuration(s)
INFO  [17:19:56.500] [bbotk] Result of batch 9:
INFO  [17:19:56.501] [bbotk]  nrounds        eta max_depth classif.ce warnings errors runtime_learners
INFO  [17:19:56.501] [bbotk]      102 0.01031257         9  0.1364688        0      0            0.848
INFO  [17:19:56.501] [bbotk]                                 uhash
INFO  [17:19:56.501] [bbotk]  1cdc2e14-04d8-4c42-b077-e88770b488c1
INFO  [17:19:56.507] [bbotk] Evaluating 1 configuration(s)
INFO  [17:19:56.704] [bbotk] Result of batch 10:
INFO  [17:19:56.705] [bbotk]  nrounds        eta max_depth classif.ce warnings errors runtime_learners
INFO  [17:19:56.705] [bbotk]       78 0.03171914         2  0.2079157        0      0            0.152
INFO  [17:19:56.705] [bbotk]                                 uhash
INFO  [17:19:56.705] [bbotk]  35d5457c-65ad-461c-91f5-cd7fde0f11e4
INFO  [17:19:56.735] [bbotk] Finished optimizing after 10 evaluation(s)
INFO  [17:19:56.736] [bbotk] Result:
INFO  [17:19:56.738] [bbotk]  nrounds       eta max_depth learner_param_vals  x_domain classif.ce
INFO  [17:19:56.738] [bbotk]    <int>     <num>     <int>             <list>    <list>      <num>
INFO  [17:19:56.738] [bbotk]      176 0.1533753         8          <list[5]> <list[3]>  0.1138525
INFO  [17:19:57.381] [bbotk] Starting to optimize 3 parameter(s) with '<OptimizerBatchRandomSearch>' and '<TerminatorEvals> [n_evals=10, k=0]'
INFO  [17:19:57.391] [bbotk] Evaluating 1 configuration(s)
INFO  [17:19:57.634] [bbotk] Result of batch 1:
INFO  [17:19:57.635] [bbotk]  nrounds       eta max_depth classif.ce warnings errors runtime_learners
INFO  [17:19:57.635] [bbotk]       60 0.1584303         4  0.1364688        0      0            0.204
INFO  [17:19:57.635] [bbotk]                                 uhash
INFO  [17:19:57.635] [bbotk]  4d63d732-829e-4362-85c4-4b25f3cd44c1
INFO  [17:19:57.639] [bbotk] Evaluating 1 configuration(s)
INFO  [17:19:58.485] [bbotk] Result of batch 2:
INFO  [17:19:58.486] [bbotk]  nrounds       eta max_depth classif.ce warnings errors runtime_learners
INFO  [17:19:58.486] [bbotk]      118 0.1721743         9  0.1112824        0      0             0.81
INFO  [17:19:58.486] [bbotk]                                 uhash
INFO  [17:19:58.486] [bbotk]  48074f06-7988-411d-a326-bdd5e8f46d75
INFO  [17:19:58.490] [bbotk] Evaluating 1 configuration(s)
INFO  [17:19:58.933] [bbotk] Result of batch 3:
INFO  [17:19:58.934] [bbotk]  nrounds      eta max_depth classif.ce warnings errors runtime_learners
INFO  [17:19:58.934] [bbotk]      259 0.282649         2  0.1472629        0      0            0.399
INFO  [17:19:58.934] [bbotk]                                 uhash
INFO  [17:19:58.934] [bbotk]  39122930-4f6c-4987-a714-f13e74d25126
INFO  [17:19:58.938] [bbotk] Evaluating 1 configuration(s)
INFO  [17:19:59.261] [bbotk] Result of batch 4:
INFO  [17:19:59.262] [bbotk]  nrounds        eta max_depth classif.ce warnings errors runtime_learners
INFO  [17:19:59.262] [bbotk]      114 0.06775696         3   0.154973        0      0            0.288
INFO  [17:19:59.262] [bbotk]                                 uhash
INFO  [17:19:59.262] [bbotk]  1b8242cd-d1a2-4036-afae-e0f358249873
INFO  [17:19:59.270] [bbotk] Evaluating 1 configuration(s)
INFO  [17:19:59.672] [bbotk] Result of batch 5:
INFO  [17:19:59.673] [bbotk]  nrounds       eta max_depth classif.ce warnings errors runtime_learners
INFO  [17:19:59.673] [bbotk]       65 0.2772267         6  0.1243896        0      0            0.362
INFO  [17:19:59.673] [bbotk]                                 uhash
INFO  [17:19:59.673] [bbotk]  4c77ddbb-2ff3-408e-8e9e-efb828ed62c0
INFO  [17:19:59.677] [bbotk] Evaluating 1 configuration(s)
INFO  [17:20:01.134] [bbotk] Result of batch 6:
INFO  [17:20:01.135] [bbotk]  nrounds       eta max_depth classif.ce warnings errors runtime_learners
INFO  [17:20:01.135] [bbotk]      190 0.2289697         9  0.1123105        0      0            1.421
INFO  [17:20:01.135] [bbotk]                                 uhash
INFO  [17:20:01.135] [bbotk]  f6d9bee4-5d33-42b2-b5a7-4370d1ead3f3
INFO  [17:20:01.140] [bbotk] Evaluating 1 configuration(s)
INFO  [17:20:02.174] [bbotk] Result of batch 7:
INFO  [17:20:02.176] [bbotk]  nrounds       eta max_depth classif.ce warnings errors runtime_learners
INFO  [17:20:02.176] [bbotk]      168 0.1778498         7  0.1148805        0      0            0.964
INFO  [17:20:02.176] [bbotk]                                 uhash
INFO  [17:20:02.176] [bbotk]  47f83344-807d-4b2b-b04e-1771760a7469
INFO  [17:20:02.182] [bbotk] Evaluating 1 configuration(s)
INFO  [17:20:02.407] [bbotk] Result of batch 8:
INFO  [17:20:02.408] [bbotk]  nrounds       eta max_depth classif.ce warnings errors runtime_learners
INFO  [17:20:02.408] [bbotk]       72 0.2194714         3  0.1418658        0      0            0.195
INFO  [17:20:02.408] [bbotk]                                 uhash
INFO  [17:20:02.408] [bbotk]  81c39a1a-49d0-48ba-8a5f-e6277e076838
INFO  [17:20:02.412] [bbotk] Evaluating 1 configuration(s)
INFO  [17:20:03.314] [bbotk] Result of batch 9:
INFO  [17:20:03.315] [bbotk]  nrounds       eta max_depth classif.ce warnings errors runtime_learners
INFO  [17:20:03.315] [bbotk]      139 0.2890678         7  0.1135955        0      0            0.851
INFO  [17:20:03.315] [bbotk]                                 uhash
INFO  [17:20:03.315] [bbotk]  5274b83b-99e7-41df-90db-09b951b41e38
INFO  [17:20:03.319] [bbotk] Evaluating 1 configuration(s)
INFO  [17:20:03.742] [bbotk] Result of batch 10:
INFO  [17:20:03.743] [bbotk]  nrounds        eta max_depth classif.ce warnings errors runtime_learners
INFO  [17:20:03.743] [bbotk]       65 0.07195816         7  0.1228476        0      0            0.384
INFO  [17:20:03.743] [bbotk]                                 uhash
INFO  [17:20:03.743] [bbotk]  64bd3818-33a3-4b4b-b732-fc4eaf477e23
INFO  [17:20:03.751] [bbotk] Finished optimizing after 10 evaluation(s)
INFO  [17:20:03.752] [bbotk] Result:
INFO  [17:20:03.753] [bbotk]  nrounds       eta max_depth learner_param_vals  x_domain classif.ce
INFO  [17:20:03.753] [bbotk]    <int>     <num>     <int>             <list>    <list>      <num>
INFO  [17:20:03.753] [bbotk]      118 0.1721743         9          <list[5]> <list[3]>  0.1112824
INFO  [17:20:04.189] [bbotk] Starting to optimize 3 parameter(s) with '<OptimizerBatchRandomSearch>' and '<TerminatorEvals> [n_evals=10, k=0]'
INFO  [17:20:04.200] [bbotk] Evaluating 1 configuration(s)
INFO  [17:20:04.435] [bbotk] Result of batch 1:
INFO  [17:20:04.436] [bbotk]  nrounds       eta max_depth classif.ce warnings errors runtime_learners
INFO  [17:20:04.436] [bbotk]       93 0.1372993         2  0.1613981        0      0            0.188
INFO  [17:20:04.436] [bbotk]                                 uhash
INFO  [17:20:04.436] [bbotk]  6ee82e0d-49c9-4deb-9e9e-9158335c237a
INFO  [17:20:04.440] [bbotk] Evaluating 1 configuration(s)
INFO  [17:20:05.657] [bbotk] Result of batch 2:
INFO  [17:20:05.658] [bbotk]  nrounds       eta max_depth classif.ce warnings errors runtime_learners
INFO  [17:20:05.658] [bbotk]      286 0.1490943         5  0.1223336        0      0            1.181
INFO  [17:20:05.658] [bbotk]                                 uhash
INFO  [17:20:05.658] [bbotk]  a36c2b4a-9737-4ae8-96ff-e2b7f2116d6a
INFO  [17:20:05.664] [bbotk] Evaluating 1 configuration(s)
INFO  [17:20:07.558] [bbotk] Result of batch 3:
INFO  [17:20:07.560] [bbotk]  nrounds       eta max_depth classif.ce warnings errors runtime_learners
INFO  [17:20:07.560] [bbotk]      268 0.1414245         9  0.1171935        0      0             1.83
INFO  [17:20:07.560] [bbotk]                                 uhash
INFO  [17:20:07.560] [bbotk]  34c79f6d-080d-457a-ab7e-a7214d2d3a5c
INFO  [17:20:07.566] [bbotk] Evaluating 1 configuration(s)
INFO  [17:20:08.294] [bbotk] Result of batch 4:
INFO  [17:20:08.295] [bbotk]  nrounds        eta max_depth classif.ce warnings errors runtime_learners
INFO  [17:20:08.295] [bbotk]      179 0.07980218         5  0.1279877        0      0            0.678
INFO  [17:20:08.295] [bbotk]                                 uhash
INFO  [17:20:08.295] [bbotk]  30348e54-42dc-482f-aa4a-732ac50b6dcd
INFO  [17:20:08.300] [bbotk] Evaluating 1 configuration(s)
INFO  [17:20:10.092] [bbotk] Result of batch 5:
INFO  [17:20:10.093] [bbotk]  nrounds        eta max_depth classif.ce warnings errors runtime_learners
INFO  [17:20:10.093] [bbotk]      212 0.01948772         9  0.1210486        0      0            1.747
INFO  [17:20:10.093] [bbotk]                                 uhash
INFO  [17:20:10.093] [bbotk]  aaa794ba-3cfd-47c8-a2b7-8a022e840580
INFO  [17:20:10.098] [bbotk] Evaluating 1 configuration(s)
INFO  [17:20:10.849] [bbotk] Result of batch 6:
INFO  [17:20:10.851] [bbotk]  nrounds        eta max_depth classif.ce warnings errors runtime_learners
INFO  [17:20:10.851] [bbotk]       88 0.04874168         8  0.1215626        0      0            0.703
INFO  [17:20:10.851] [bbotk]                                 uhash
INFO  [17:20:10.851] [bbotk]  503fdeff-90ec-4583-bcb3-5db390070a60
INFO  [17:20:10.859] [bbotk] Evaluating 1 configuration(s)
INFO  [17:20:12.043] [bbotk] Result of batch 7:
INFO  [17:20:12.045] [bbotk]  nrounds        eta max_depth classif.ce warnings errors runtime_learners
INFO  [17:20:12.045] [bbotk]      138 0.03528526         9  0.1197636        0      0            1.144
INFO  [17:20:12.045] [bbotk]                                 uhash
INFO  [17:20:12.045] [bbotk]  b2bd4788-b7f6-424c-901a-662411936e05
INFO  [17:20:12.054] [bbotk] Evaluating 1 configuration(s)
INFO  [17:20:12.286] [bbotk] Result of batch 8:
INFO  [17:20:12.287] [bbotk]  nrounds        eta max_depth classif.ce warnings errors runtime_learners
INFO  [17:20:12.287] [bbotk]       55 0.06557934         4  0.1477769        0      0            0.197
INFO  [17:20:12.287] [bbotk]                                 uhash
INFO  [17:20:12.287] [bbotk]  945a6748-7508-4988-ae8b-375fc4108844
INFO  [17:20:12.297] [bbotk] Evaluating 1 configuration(s)
INFO  [17:20:12.583] [bbotk] Result of batch 9:
INFO  [17:20:12.584] [bbotk]  nrounds       eta max_depth classif.ce warnings errors runtime_learners
INFO  [17:20:12.584] [bbotk]       50 0.1125125         6  0.1277307        0      0            0.254
INFO  [17:20:12.584] [bbotk]                                 uhash
INFO  [17:20:12.584] [bbotk]  9328fc49-728a-47ad-b7cc-9d7a3b3b3b23
INFO  [17:20:12.595] [bbotk] Evaluating 1 configuration(s)
INFO  [17:20:13.489] [bbotk] Result of batch 10:
INFO  [17:20:13.490] [bbotk]  nrounds       eta max_depth classif.ce warnings errors runtime_learners
INFO  [17:20:13.490] [bbotk]      252 0.1724409         4  0.1267026        0      0             0.85
INFO  [17:20:13.490] [bbotk]                                 uhash
INFO  [17:20:13.490] [bbotk]  3e28c56d-cbf7-47f3-876c-b594affad466
INFO  [17:20:13.501] [bbotk] Finished optimizing after 10 evaluation(s)
INFO  [17:20:13.502] [bbotk] Result:
INFO  [17:20:13.504] [bbotk]  nrounds       eta max_depth learner_param_vals  x_domain classif.ce
INFO  [17:20:13.504] [bbotk]    <int>     <num>     <int>             <list>    <list>      <num>
INFO  [17:20:13.504] [bbotk]      268 0.1414245         9          <list[5]> <list[3]>  0.1171935
INFO  [17:20:14.465] [bbotk] Starting to optimize 3 parameter(s) with '<OptimizerBatchRandomSearch>' and '<TerminatorEvals> [n_evals=10, k=0]'
INFO  [17:20:14.476] [bbotk] Evaluating 1 configuration(s)
INFO  [17:20:15.754] [bbotk] Result of batch 1:
INFO  [17:20:15.755] [bbotk]  nrounds       eta max_depth classif.ce warnings errors runtime_learners
INFO  [17:20:15.755] [bbotk]      176 0.1570806         9  0.1079414        0      0            1.241
INFO  [17:20:15.755] [bbotk]                                 uhash
INFO  [17:20:15.755] [bbotk]  f092f301-ff2e-40f0-9d11-a6398e8e97fa
INFO  [17:20:15.760] [bbotk] Evaluating 1 configuration(s)
INFO  [17:20:17.273] [bbotk] Result of batch 2:
INFO  [17:20:17.274] [bbotk]  nrounds       eta max_depth classif.ce warnings errors runtime_learners
INFO  [17:20:17.274] [bbotk]      249 0.1996193         8  0.1133385        0      0            1.469
INFO  [17:20:17.274] [bbotk]                                 uhash
INFO  [17:20:17.274] [bbotk]  9ce1f7f2-e3af-4411-8ad9-80b58788ba72
INFO  [17:20:17.278] [bbotk] Evaluating 1 configuration(s)
INFO  [17:20:18.505] [bbotk] Result of batch 3:
INFO  [17:20:18.506] [bbotk]  nrounds        eta max_depth classif.ce warnings errors runtime_learners
INFO  [17:20:18.506] [bbotk]      259 0.06179931         6  0.1166795        0      0            1.192
INFO  [17:20:18.506] [bbotk]                                 uhash
INFO  [17:20:18.506] [bbotk]  6a259450-9714-4c5c-9e54-0d40598339b8
INFO  [17:20:18.513] [bbotk] Evaluating 1 configuration(s)
INFO  [17:20:19.005] [bbotk] Result of batch 4:
INFO  [17:20:19.006] [bbotk]  nrounds        eta max_depth classif.ce warnings errors runtime_learners
INFO  [17:20:19.006] [bbotk]      181 0.04881748         3  0.1485479        0      0            0.452
INFO  [17:20:19.006] [bbotk]                                 uhash
INFO  [17:20:19.006] [bbotk]  6ecaf551-a762-4af1-b9d3-2c51a40dd4ed
INFO  [17:20:19.010] [bbotk] Evaluating 1 configuration(s)
INFO  [17:20:19.372] [bbotk] Result of batch 5:
INFO  [17:20:19.373] [bbotk]  nrounds       eta max_depth classif.ce warnings errors runtime_learners
INFO  [17:20:19.373] [bbotk]      185 0.2157865         2  0.1428939        0      0            0.316
INFO  [17:20:19.373] [bbotk]                                 uhash
INFO  [17:20:19.373] [bbotk]  678f81fe-54db-413a-affc-5ffe4154bc0c
INFO  [17:20:19.377] [bbotk] Evaluating 1 configuration(s)
INFO  [17:20:21.128] [bbotk] Result of batch 6:
INFO  [17:20:21.129] [bbotk]  nrounds       eta max_depth classif.ce warnings errors runtime_learners
INFO  [17:20:21.129] [bbotk]      269 0.2540296        10  0.1089694        0      0            1.715
INFO  [17:20:21.129] [bbotk]                                 uhash
INFO  [17:20:21.129] [bbotk]  b535f726-6d83-4f71-814d-f2b790b2d6c9
INFO  [17:20:21.138] [bbotk] Evaluating 1 configuration(s)
INFO  [17:20:21.510] [bbotk] Result of batch 7:
INFO  [17:20:21.511] [bbotk]  nrounds        eta max_depth classif.ce warnings errors runtime_learners
INFO  [17:20:21.511] [bbotk]      175 0.09091337         2   0.156515        0      0            0.331
INFO  [17:20:21.511] [bbotk]                                 uhash
INFO  [17:20:21.511] [bbotk]  bab35bc9-a9c4-4173-8492-6524c1c2acf4
INFO  [17:20:21.519] [bbotk] Evaluating 1 configuration(s)
INFO  [17:20:21.877] [bbotk] Result of batch 8:
INFO  [17:20:21.879] [bbotk]  nrounds       eta max_depth classif.ce warnings errors runtime_learners
INFO  [17:20:21.879] [bbotk]      122 0.1817935         3  0.1315857        0      0            0.324
INFO  [17:20:21.879] [bbotk]                                 uhash
INFO  [17:20:21.879] [bbotk]  abc2f1e2-a09a-4868-9421-9d4ed6d8c7c3
INFO  [17:20:21.888] [bbotk] Evaluating 1 configuration(s)
INFO  [17:20:22.141] [bbotk] Result of batch 9:
INFO  [17:20:22.142] [bbotk]  nrounds      eta max_depth classif.ce warnings errors runtime_learners
INFO  [17:20:22.142] [bbotk]      152 0.228431         2  0.1457209        0      0            0.222
INFO  [17:20:22.142] [bbotk]                                 uhash
INFO  [17:20:22.142] [bbotk]  815015fa-81da-4d8b-b544-b44bf234b197
INFO  [17:20:22.148] [bbotk] Evaluating 1 configuration(s)
INFO  [17:20:22.606] [bbotk] Result of batch 10:
INFO  [17:20:22.608] [bbotk]  nrounds        eta max_depth classif.ce warnings errors runtime_learners
INFO  [17:20:22.608] [bbotk]      167 0.07318976         3  0.1421228        0      0            0.418
INFO  [17:20:22.608] [bbotk]                                 uhash
INFO  [17:20:22.608] [bbotk]  b272ab74-cdc2-45a0-9225-adb8c6ac57ba
INFO  [17:20:22.627] [bbotk] Finished optimizing after 10 evaluation(s)
INFO  [17:20:22.627] [bbotk] Result:
INFO  [17:20:22.628] [bbotk]  nrounds       eta max_depth learner_param_vals  x_domain classif.ce
INFO  [17:20:22.628] [bbotk]    <int>     <num>     <int>             <list>    <list>      <num>
INFO  [17:20:22.628] [bbotk]      176 0.1570806         9          <list[5]> <list[3]>  0.1079414
INFO  [17:20:23.305] [bbotk] Starting to optimize 3 parameter(s) with '<OptimizerBatchRandomSearch>' and '<TerminatorEvals> [n_evals=10, k=0]'
INFO  [17:20:23.328] [bbotk] Evaluating 1 configuration(s)
INFO  [17:20:24.172] [bbotk] Result of batch 1:
INFO  [17:20:24.173] [bbotk]  nrounds       eta max_depth classif.ce warnings errors runtime_learners
INFO  [17:20:24.173] [bbotk]      192 0.1229286         5  0.1212721        0      0            0.802
INFO  [17:20:24.173] [bbotk]                                 uhash
INFO  [17:20:24.173] [bbotk]  d970bc27-a172-4d06-9ed1-94e3767d12c2
INFO  [17:20:24.181] [bbotk] Evaluating 1 configuration(s)
INFO  [17:20:24.631] [bbotk] Result of batch 2:
INFO  [17:20:24.633] [bbotk]  nrounds       eta max_depth classif.ce warnings errors runtime_learners
INFO  [17:20:24.633] [bbotk]       83 0.1082272         5  0.1266678        0      0            0.395
INFO  [17:20:24.633] [bbotk]                                 uhash
INFO  [17:20:24.633] [bbotk]  40bc2fef-bc80-43fb-9d27-1a99f6dba4ad
INFO  [17:20:24.642] [bbotk] Evaluating 1 configuration(s)
INFO  [17:20:25.919] [bbotk] Result of batch 3:
INFO  [17:20:25.920] [bbotk]  nrounds       eta max_depth classif.ce warnings errors runtime_learners
INFO  [17:20:25.920] [bbotk]      156 0.1312876        10  0.1104825        0      0            1.238
INFO  [17:20:25.920] [bbotk]                                 uhash
INFO  [17:20:25.920] [bbotk]  6ffc4655-50ff-4a54-97e8-2304fc515644
INFO  [17:20:25.924] [bbotk] Evaluating 1 configuration(s)
INFO  [17:20:26.198] [bbotk] Result of batch 4:
INFO  [17:20:26.200] [bbotk]  nrounds        eta max_depth classif.ce warnings errors runtime_learners
INFO  [17:20:26.200] [bbotk]       84 0.05458913         3  0.1621277        0      0            0.228
INFO  [17:20:26.200] [bbotk]                                 uhash
INFO  [17:20:26.200] [bbotk]  4271683c-2f66-4859-8e9f-09a7ff236607
INFO  [17:20:26.211] [bbotk] Evaluating 1 configuration(s)
INFO  [17:20:28.293] [bbotk] Result of batch 5:
INFO  [17:20:28.295] [bbotk]  nrounds        eta max_depth classif.ce warnings errors runtime_learners
INFO  [17:20:28.295] [bbotk]      262 0.08357302        10  0.1091973        0      0            2.042
INFO  [17:20:28.295] [bbotk]                                 uhash
INFO  [17:20:28.295] [bbotk]  de2c67a5-cbe4-4946-b64d-3ee6c825d0df
INFO  [17:20:28.301] [bbotk] Evaluating 1 configuration(s)
INFO  [17:20:28.864] [bbotk] Result of batch 6:
INFO  [17:20:28.865] [bbotk]  nrounds       eta max_depth classif.ce warnings errors runtime_learners
INFO  [17:20:28.865] [bbotk]       56 0.2063498        10  0.1076559        0      0            0.513
INFO  [17:20:28.865] [bbotk]                                 uhash
INFO  [17:20:28.865] [bbotk]  901492bb-83a6-4b28-bcb6-c96db424f3a1
INFO  [17:20:28.870] [bbotk] Evaluating 1 configuration(s)
INFO  [17:20:29.132] [bbotk] Result of batch 7:
INFO  [17:20:29.133] [bbotk]  nrounds       eta max_depth classif.ce warnings errors runtime_learners
INFO  [17:20:29.133] [bbotk]      125 0.1481604         2  0.1559608        0      0            0.201
INFO  [17:20:29.133] [bbotk]                                 uhash
INFO  [17:20:29.133] [bbotk]  874ecb39-195e-4d06-906d-f2695eec9085
INFO  [17:20:29.141] [bbotk] Evaluating 1 configuration(s)
INFO  [17:20:29.904] [bbotk] Result of batch 8:
INFO  [17:20:29.905] [bbotk]  nrounds       eta max_depth classif.ce warnings errors runtime_learners
INFO  [17:20:29.905] [bbotk]      249 0.1418985         4  0.1230727        0      0            0.729
INFO  [17:20:29.905] [bbotk]                                 uhash
INFO  [17:20:29.905] [bbotk]  136a428a-8eb5-4ebd-b32c-8c4950d66183
INFO  [17:20:29.909] [bbotk] Evaluating 1 configuration(s)
INFO  [17:20:30.219] [bbotk] Result of batch 9:
INFO  [17:20:30.221] [bbotk]  nrounds      eta max_depth classif.ce warnings errors runtime_learners
INFO  [17:20:30.221] [bbotk]      164 0.154066         2  0.1469687        0      0            0.276
INFO  [17:20:30.221] [bbotk]                                 uhash
INFO  [17:20:30.221] [bbotk]  e6e92058-d89f-4670-9360-f1d3d9ba3ea0
INFO  [17:20:30.229] [bbotk] Evaluating 1 configuration(s)
INFO  [17:20:30.697] [bbotk] Result of batch 10:
INFO  [17:20:30.699] [bbotk]  nrounds       eta max_depth classif.ce warnings errors runtime_learners
INFO  [17:20:30.699] [bbotk]      263 0.2910087         2  0.1359205        0      0            0.429
INFO  [17:20:30.699] [bbotk]                                 uhash
INFO  [17:20:30.699] [bbotk]  b9f85a28-3349-4474-9ab5-ae185111a343
INFO  [17:20:30.707] [bbotk] Finished optimizing after 10 evaluation(s)
INFO  [17:20:30.707] [bbotk] Result:
INFO  [17:20:30.708] [bbotk]  nrounds       eta max_depth learner_param_vals  x_domain classif.ce
INFO  [17:20:30.708] [bbotk]    <int>     <num>     <int>             <list>    <list>      <num>
INFO  [17:20:30.708] [bbotk]       56 0.2063498        10          <list[5]> <list[3]>  0.1076559
[1] -26.39016
[1] 26.1025

### [bt]: Job terminated successfully [batchtools job.id=2630]
### [bt]: Calculation finished!
