### [bt]: This is batchtools v0.9.17
### [bt]: Starting calculation of 5 jobs
### [bt]: Setting working directory to '/Users/User/Documents/Studium/Semester8/Hiwi/mlr3calibration/vignettes'
### [bt]: Memory measurement disabled
### [bt]: Starting job [batchtools job.id=3416]
### [bt]: Generating problem instance for problem '6fbfe6520e3d949c' ...
### [bt]: Applying algorithm 'run_learner' on problem '6fbfe6520e3d949c' for job 3416 (seed = 3417) ...
INFO  [17:31:29.320] [mlr3] Applying learner 'classif.xgboost.tuned_calib.oof_isotonic' on task 'banknote-authentication' (iter 6/10)
INFO  [17:31:29.376] [bbotk] Starting to optimize 3 parameter(s) with '<OptimizerBatchRandomSearch>' and '<TerminatorEvals> [n_evals=10, k=0]'
INFO  [17:31:29.394] [bbotk] Evaluating 1 configuration(s)
INFO  [17:31:29.535] [bbotk] Result of batch 1:
INFO  [17:31:29.536] [bbotk]  nrounds       eta max_depth  classif.ce warnings errors runtime_learners
INFO  [17:31:29.536] [bbotk]      188 0.2187919         8 0.009115471        0      0            0.102
INFO  [17:31:29.536] [bbotk]                                 uhash
INFO  [17:31:29.536] [bbotk]  6a7e3f01-ce42-4158-94e0-9126f1380c04
INFO  [17:31:29.541] [bbotk] Evaluating 1 configuration(s)
INFO  [17:31:29.666] [bbotk] Result of batch 2:
INFO  [17:31:29.667] [bbotk]  nrounds        eta max_depth classif.ce warnings errors runtime_learners
INFO  [17:31:29.667] [bbotk]       58 0.02243322         9 0.02732185        0      0            0.072
INFO  [17:31:29.667] [bbotk]                                 uhash
INFO  [17:31:29.667] [bbotk]  a6d73108-85d2-40df-8a16-ba3219814d6c
INFO  [17:31:29.671] [bbotk] Evaluating 1 configuration(s)
INFO  [17:31:29.890] [bbotk] Result of batch 3:
INFO  [17:31:29.894] [bbotk]  nrounds       eta max_depth  classif.ce warnings errors runtime_learners
INFO  [17:31:29.894] [bbotk]      219 0.2840348         4 0.006075957        0      0            0.146
INFO  [17:31:29.894] [bbotk]                                 uhash
INFO  [17:31:29.894] [bbotk]  42b17bd9-e68f-477c-b091-af930635c76c
INFO  [17:31:29.904] [bbotk] Evaluating 1 configuration(s)
INFO  [17:31:30.064] [bbotk] Result of batch 4:
INFO  [17:31:30.072] [bbotk]  nrounds      eta max_depth  classif.ce warnings errors runtime_learners
INFO  [17:31:30.072] [bbotk]      123 0.245362         4 0.006079027        0      0              0.1
INFO  [17:31:30.072] [bbotk]                                 uhash
INFO  [17:31:30.072] [bbotk]  1816a864-d17e-4bf3-a579-b45395d82116
INFO  [17:31:30.077] [bbotk] Evaluating 1 configuration(s)
INFO  [17:31:30.203] [bbotk] Result of batch 5:
INFO  [17:31:30.204] [bbotk]  nrounds       eta max_depth  classif.ce warnings errors runtime_learners
INFO  [17:31:30.204] [bbotk]       90 0.2100101         6 0.009112401        0      0            0.078
INFO  [17:31:30.204] [bbotk]                                 uhash
INFO  [17:31:30.204] [bbotk]  dd4f8e20-63a3-4447-91bd-dc5857a139ee
INFO  [17:31:30.208] [bbotk] Evaluating 1 configuration(s)
INFO  [17:31:30.403] [bbotk] Result of batch 6:
INFO  [17:31:30.406] [bbotk]  nrounds        eta max_depth classif.ce warnings errors runtime_learners
INFO  [17:31:30.406] [bbotk]      201 0.07628506        10 0.01113874        0      0            0.149
INFO  [17:31:30.406] [bbotk]                                 uhash
INFO  [17:31:30.406] [bbotk]  53fcdcbf-39c1-472c-aa5d-50d35761a639
INFO  [17:31:30.410] [bbotk] Evaluating 1 configuration(s)
INFO  [17:31:30.583] [bbotk] Result of batch 7:
INFO  [17:31:30.585] [bbotk]  nrounds       eta max_depth  classif.ce warnings errors runtime_learners
INFO  [17:31:30.585] [bbotk]      130 0.1161376         4 0.007089128        0      0            0.123
INFO  [17:31:30.585] [bbotk]                                 uhash
INFO  [17:31:30.585] [bbotk]  6c4645b6-c9c9-4e64-99d3-58f13976689d
INFO  [17:31:30.591] [bbotk] Evaluating 1 configuration(s)
INFO  [17:31:30.783] [bbotk] Result of batch 8:
INFO  [17:31:30.784] [bbotk]  nrounds       eta max_depth  classif.ce warnings errors runtime_learners
INFO  [17:31:30.784] [bbotk]      261 0.1954699        10 0.009115471        0      0            0.132
INFO  [17:31:30.784] [bbotk]                                 uhash
INFO  [17:31:30.784] [bbotk]  61ffb9b2-3aad-4963-bb2e-dbcc2bdea548
INFO  [17:31:30.802] [bbotk] Evaluating 1 configuration(s)
INFO  [17:31:31.015] [bbotk] Result of batch 9:
INFO  [17:31:31.016] [bbotk]  nrounds      eta max_depth classif.ce warnings errors runtime_learners
INFO  [17:31:31.016] [bbotk]      199 0.149433        10 0.01012864        0      0            0.164
INFO  [17:31:31.016] [bbotk]                                 uhash
INFO  [17:31:31.016] [bbotk]  5160fab2-3374-4875-be71-cb1e1327103d
INFO  [17:31:31.022] [bbotk] Evaluating 1 configuration(s)
INFO  [17:31:31.128] [bbotk] Result of batch 10:
INFO  [17:31:31.129] [bbotk]  nrounds       eta max_depth classif.ce warnings errors runtime_learners
INFO  [17:31:31.129] [bbotk]       51 0.2693296         2 0.00810537        0      0            0.043
INFO  [17:31:31.129] [bbotk]                                 uhash
INFO  [17:31:31.129] [bbotk]  6eb8cdb1-c24c-4029-8495-e356e24227d2
INFO  [17:31:31.141] [bbotk] Finished optimizing after 10 evaluation(s)
INFO  [17:31:31.141] [bbotk] Result:
INFO  [17:31:31.143] [bbotk]  nrounds       eta max_depth learner_param_vals  x_domain  classif.ce
INFO  [17:31:31.143] [bbotk]    <int>     <num>     <int>             <list>    <list>       <num>
INFO  [17:31:31.143] [bbotk]      219 0.2840348         4          <list[5]> <list[3]> 0.006075957
INFO  [17:31:31.260] [bbotk] Starting to optimize 3 parameter(s) with '<OptimizerBatchRandomSearch>' and '<TerminatorEvals> [n_evals=10, k=0]'
INFO  [17:31:31.278] [bbotk] Evaluating 1 configuration(s)
INFO  [17:31:31.397] [bbotk] Result of batch 1:
INFO  [17:31:31.398] [bbotk]  nrounds       eta max_depth  classif.ce warnings errors runtime_learners
INFO  [17:31:31.398] [bbotk]      131 0.2729382         5 0.004046544        0      0            0.083
INFO  [17:31:31.398] [bbotk]                                 uhash
INFO  [17:31:31.398] [bbotk]  ff54f670-3cd1-4108-a4ef-be17feaa99e5
INFO  [17:31:31.405] [bbotk] Evaluating 1 configuration(s)
INFO  [17:31:31.577] [bbotk] Result of batch 2:
INFO  [17:31:31.578] [bbotk]  nrounds      eta max_depth  classif.ce warnings errors runtime_learners
INFO  [17:31:31.578] [bbotk]      215 0.171084         6 0.004046544        0      0            0.112
INFO  [17:31:31.578] [bbotk]                                 uhash
INFO  [17:31:31.578] [bbotk]  38c5e2d1-5f83-4128-8fa3-0fce8b025a03
INFO  [17:31:31.583] [bbotk] Evaluating 1 configuration(s)
INFO  [17:31:31.838] [bbotk] Result of batch 3:
INFO  [17:31:31.839] [bbotk]  nrounds        eta max_depth  classif.ce warnings errors runtime_learners
INFO  [17:31:31.839] [bbotk]      269 0.03941367         2 0.008096159        0      0            0.194
INFO  [17:31:31.839] [bbotk]                                 uhash
INFO  [17:31:31.839] [bbotk]  e2888adb-7914-4e92-bd3c-6d52d2b42328
INFO  [17:31:31.843] [bbotk] Evaluating 1 configuration(s)
INFO  [17:31:32.057] [bbotk] Result of batch 4:
INFO  [17:31:32.058] [bbotk]  nrounds       eta max_depth  classif.ce warnings errors runtime_learners
INFO  [17:31:32.058] [bbotk]      293 0.1390501         7 0.004046544        0      0            0.171
INFO  [17:31:32.058] [bbotk]                                 uhash
INFO  [17:31:32.058] [bbotk]  c894295b-2e87-4159-9826-614f92e7476a
INFO  [17:31:32.068] [bbotk] Evaluating 1 configuration(s)
INFO  [17:31:32.176] [bbotk] Result of batch 5:
INFO  [17:31:32.178] [bbotk]  nrounds        eta max_depth classif.ce warnings errors runtime_learners
INFO  [17:31:32.178] [bbotk]       64 0.06149262         4  0.0101225        0      0             0.06
INFO  [17:31:32.178] [bbotk]                                 uhash
INFO  [17:31:32.178] [bbotk]  c6afda76-41dd-4d74-b3bb-8e69503718ed
INFO  [17:31:32.191] [bbotk] Evaluating 1 configuration(s)
INFO  [17:31:32.436] [bbotk] Result of batch 6:
INFO  [17:31:32.439] [bbotk]  nrounds       eta max_depth  classif.ce warnings errors runtime_learners
INFO  [17:31:32.439] [bbotk]      277 0.2652749         5 0.004046544        0      0            0.166
INFO  [17:31:32.439] [bbotk]                                 uhash
INFO  [17:31:32.439] [bbotk]  dfa79d29-8fbb-4e6f-843b-79712b756957
INFO  [17:31:32.449] [bbotk] Evaluating 1 configuration(s)
INFO  [17:31:32.633] [bbotk] Result of batch 7:
INFO  [17:31:32.634] [bbotk]  nrounds        eta max_depth classif.ce warnings errors runtime_learners
INFO  [17:31:32.634] [bbotk]      231 0.01700006         2 0.03542722        0      0            0.133
INFO  [17:31:32.634] [bbotk]                                 uhash
INFO  [17:31:32.634] [bbotk]  c1e5065a-8306-4b1b-af6e-c60c804685eb
INFO  [17:31:32.638] [bbotk] Evaluating 1 configuration(s)
INFO  [17:31:32.796] [bbotk] Result of batch 8:
INFO  [17:31:32.797] [bbotk]  nrounds       eta max_depth  classif.ce warnings errors runtime_learners
INFO  [17:31:32.797] [bbotk]      106 0.0883636         3 0.006079027        0      0            0.098
INFO  [17:31:32.797] [bbotk]                                 uhash
INFO  [17:31:32.797] [bbotk]  cc6f5760-48ec-4161-8f9f-af92bce061ba
INFO  [17:31:32.807] [bbotk] Evaluating 1 configuration(s)
INFO  [17:31:32.946] [bbotk] Result of batch 9:
INFO  [17:31:32.947] [bbotk]  nrounds        eta max_depth classif.ce warnings errors runtime_learners
INFO  [17:31:32.947] [bbotk]       72 0.01162136         6 0.02227442        0      0            0.078
INFO  [17:31:32.947] [bbotk]                                 uhash
INFO  [17:31:32.947] [bbotk]  de60e36b-ae13-4d2e-bc8e-c1eac741b338
INFO  [17:31:32.952] [bbotk] Evaluating 1 configuration(s)
INFO  [17:31:33.090] [bbotk] Result of batch 10:
INFO  [17:31:33.095] [bbotk]  nrounds       eta max_depth  classif.ce warnings errors runtime_learners
INFO  [17:31:33.095] [bbotk]      105 0.1042334         2 0.008096159        0      0            0.076
INFO  [17:31:33.095] [bbotk]                                 uhash
INFO  [17:31:33.095] [bbotk]  2947a891-1a50-48b9-9f6d-728edd1f0099
INFO  [17:31:33.110] [bbotk] Finished optimizing after 10 evaluation(s)
INFO  [17:31:33.112] [bbotk] Result:
INFO  [17:31:33.114] [bbotk]  nrounds       eta max_depth learner_param_vals  x_domain  classif.ce
INFO  [17:31:33.114] [bbotk]    <int>     <num>     <int>             <list>    <list>       <num>
INFO  [17:31:33.114] [bbotk]      131 0.2729382         5          <list[5]> <list[3]> 0.004046544
INFO  [17:31:33.229] [bbotk] Starting to optimize 3 parameter(s) with '<OptimizerBatchRandomSearch>' and '<TerminatorEvals> [n_evals=10, k=0]'
INFO  [17:31:33.250] [bbotk] Evaluating 1 configuration(s)
INFO  [17:31:33.446] [bbotk] Result of batch 1:
INFO  [17:31:33.447] [bbotk]  nrounds       eta max_depth  classif.ce warnings errors runtime_learners
INFO  [17:31:33.447] [bbotk]      222 0.1029525         7 0.004052685        0      0            0.161
INFO  [17:31:33.447] [bbotk]                                 uhash
INFO  [17:31:33.447] [bbotk]  b122eb0f-e989-4221-bd7d-ae55120504f3
INFO  [17:31:33.451] [bbotk] Evaluating 1 configuration(s)
INFO  [17:31:33.640] [bbotk] Result of batch 2:
INFO  [17:31:33.641] [bbotk]  nrounds        eta max_depth  classif.ce warnings errors runtime_learners
INFO  [17:31:33.641] [bbotk]      160 0.09898018         3 0.005065856        0      0            0.125
INFO  [17:31:33.641] [bbotk]                                 uhash
INFO  [17:31:33.641] [bbotk]  27a423cc-9f0d-4507-a568-6c35117ab5bb
INFO  [17:31:33.653] [bbotk] Evaluating 1 configuration(s)
INFO  [17:31:33.790] [bbotk] Result of batch 3:
INFO  [17:31:33.792] [bbotk]  nrounds       eta max_depth  classif.ce warnings errors runtime_learners
INFO  [17:31:33.792] [bbotk]       69 0.2220005         7 0.006079027        0      0            0.062
INFO  [17:31:33.792] [bbotk]                                 uhash
INFO  [17:31:33.792] [bbotk]  469c8fb8-b98e-4efc-bd29-ab78188e9751
INFO  [17:31:33.797] [bbotk] Evaluating 1 configuration(s)
INFO  [17:31:33.910] [bbotk] Result of batch 4:
INFO  [17:31:33.911] [bbotk]  nrounds       eta max_depth  classif.ce warnings errors runtime_learners
INFO  [17:31:33.911] [bbotk]       56 0.2967942         7 0.005065856        0      0            0.061
INFO  [17:31:33.911] [bbotk]                                 uhash
INFO  [17:31:33.911] [bbotk]  4ef3e397-616d-46c7-9ebb-2ba9536c9a9a
INFO  [17:31:33.916] [bbotk] Evaluating 1 configuration(s)
INFO  [17:31:34.017] [bbotk] Result of batch 5:
INFO  [17:31:34.018] [bbotk]  nrounds      eta max_depth  classif.ce warnings errors runtime_learners
INFO  [17:31:34.018] [bbotk]       79 0.219247         7 0.006079027        0      0            0.064
INFO  [17:31:34.018] [bbotk]                                 uhash
INFO  [17:31:34.018] [bbotk]  2eb6d421-fadf-4423-aa91-e329849860c3
INFO  [17:31:34.028] [bbotk] Evaluating 1 configuration(s)
INFO  [17:31:34.191] [bbotk] Result of batch 6:
INFO  [17:31:34.192] [bbotk]  nrounds        eta max_depth  classif.ce warnings errors runtime_learners
INFO  [17:31:34.192] [bbotk]       89 0.05830913         9 0.009112401        0      0            0.129
INFO  [17:31:34.192] [bbotk]                                 uhash
INFO  [17:31:34.192] [bbotk]  610033ca-349b-49de-9f79-b0454a74a25d
INFO  [17:31:34.196] [bbotk] Evaluating 1 configuration(s)
INFO  [17:31:34.367] [bbotk] Result of batch 7:
INFO  [17:31:34.367] [bbotk]  nrounds       eta max_depth  classif.ce warnings errors runtime_learners
INFO  [17:31:34.367] [bbotk]      216 0.1278425         2 0.002026342        0      0            0.121
INFO  [17:31:34.367] [bbotk]                                 uhash
INFO  [17:31:34.367] [bbotk]  7c4d3186-fdb7-4050-9860-af9f392af9d6
INFO  [17:31:34.380] [bbotk] Evaluating 1 configuration(s)
INFO  [17:31:34.618] [bbotk] Result of batch 8:
INFO  [17:31:34.621] [bbotk]  nrounds       eta max_depth  classif.ce warnings errors runtime_learners
INFO  [17:31:34.621] [bbotk]      229 0.2902628         7 0.007092199        0      0            0.149
INFO  [17:31:34.621] [bbotk]                                 uhash
INFO  [17:31:34.621] [bbotk]  2b1ebd73-1be6-4368-a852-426079d5501d
INFO  [17:31:34.627] [bbotk] Evaluating 1 configuration(s)
INFO  [17:31:34.739] [bbotk] Result of batch 9:
INFO  [17:31:34.744] [bbotk]  nrounds       eta max_depth  classif.ce warnings errors runtime_learners
INFO  [17:31:34.744] [bbotk]      113 0.2144724        10 0.006079027        0      0            0.073
INFO  [17:31:34.744] [bbotk]                                 uhash
INFO  [17:31:34.744] [bbotk]  20e27bd0-103e-45d5-87fb-1c57cda5d481
INFO  [17:31:34.756] [bbotk] Evaluating 1 configuration(s)
INFO  [17:31:34.986] [bbotk] Result of batch 10:
INFO  [17:31:34.987] [bbotk]  nrounds       eta max_depth  classif.ce warnings errors runtime_learners
INFO  [17:31:34.987] [bbotk]      277 0.1403667         2 0.005065856        0      0            0.182
INFO  [17:31:34.987] [bbotk]                                 uhash
INFO  [17:31:34.987] [bbotk]  f710507c-93f6-41fe-8dcf-4f270c5d3695
INFO  [17:31:34.995] [bbotk] Finished optimizing after 10 evaluation(s)
INFO  [17:31:34.995] [bbotk] Result:
INFO  [17:31:34.996] [bbotk]  nrounds       eta max_depth learner_param_vals  x_domain  classif.ce
INFO  [17:31:34.996] [bbotk]    <int>     <num>     <int>             <list>    <list>       <num>
INFO  [17:31:34.996] [bbotk]      216 0.1278425         2          <list[5]> <list[3]> 0.002026342
INFO  [17:31:35.115] [bbotk] Starting to optimize 3 parameter(s) with '<OptimizerBatchRandomSearch>' and '<TerminatorEvals> [n_evals=10, k=0]'
INFO  [17:31:35.129] [bbotk] Evaluating 1 configuration(s)
INFO  [17:31:35.310] [bbotk] Result of batch 1:
INFO  [17:31:35.311] [bbotk]  nrounds       eta max_depth classif.ce warnings errors runtime_learners
INFO  [17:31:35.311] [bbotk]      171 0.2114278         2 0.01011636        0      0            0.134
INFO  [17:31:35.311] [bbotk]                                 uhash
INFO  [17:31:35.311] [bbotk]  dbdf379a-e2d9-4f09-90cc-9d4f35e7fb2a
INFO  [17:31:35.316] [bbotk] Evaluating 1 configuration(s)
INFO  [17:31:35.513] [bbotk] Result of batch 2:
INFO  [17:31:35.518] [bbotk]  nrounds       eta max_depth classif.ce warnings errors runtime_learners
INFO  [17:31:35.518] [bbotk]      209 0.2323322         7 0.01011943        0      0            0.129
INFO  [17:31:35.518] [bbotk]                                 uhash
INFO  [17:31:35.518] [bbotk]  f9a81ece-3b25-40e5-a5e4-6a7d519db8e4
INFO  [17:31:35.536] [bbotk] Evaluating 1 configuration(s)
INFO  [17:31:35.704] [bbotk] Result of batch 3:
INFO  [17:31:35.705] [bbotk]  nrounds        eta max_depth classif.ce warnings errors runtime_learners
INFO  [17:31:35.705] [bbotk]       99 0.06658321         4 0.01012557        0      0            0.106
INFO  [17:31:35.705] [bbotk]                                 uhash
INFO  [17:31:35.705] [bbotk]  cbef15cd-9170-461a-a096-12d9abed31aa
INFO  [17:31:35.709] [bbotk] Evaluating 1 configuration(s)
INFO  [17:31:35.882] [bbotk] Result of batch 4:
INFO  [17:31:35.883] [bbotk]  nrounds       eta max_depth  classif.ce warnings errors runtime_learners
INFO  [17:31:35.883] [bbotk]      218 0.2806056         4 0.008096159        0      0            0.122
INFO  [17:31:35.883] [bbotk]                                 uhash
INFO  [17:31:35.883] [bbotk]  e95ca2ad-8483-4e89-8ae0-712f87400cdc
INFO  [17:31:35.887] [bbotk] Evaluating 1 configuration(s)
INFO  [17:31:36.100] [bbotk] Result of batch 5:
INFO  [17:31:36.105] [bbotk]  nrounds       eta max_depth classif.ce warnings errors runtime_learners
INFO  [17:31:36.105] [bbotk]      245 0.1480529         6 0.00910626        0      0            0.162
INFO  [17:31:36.105] [bbotk]                                 uhash
INFO  [17:31:36.105] [bbotk]  79d9b68d-6776-4d4d-a24f-ac4008206935
INFO  [17:31:36.122] [bbotk] Evaluating 1 configuration(s)
INFO  [17:31:36.244] [bbotk] Result of batch 6:
INFO  [17:31:36.246] [bbotk]  nrounds       eta max_depth classif.ce warnings errors runtime_learners
INFO  [17:31:36.246] [bbotk]      101 0.2755653         7 0.01011943        0      0            0.082
INFO  [17:31:36.246] [bbotk]                                 uhash
INFO  [17:31:36.246] [bbotk]  b7c3f1ae-2c68-47d6-848d-a9649eebeafa
INFO  [17:31:36.250] [bbotk] Evaluating 1 configuration(s)
INFO  [17:31:36.570] [bbotk] Result of batch 7:
INFO  [17:31:36.571] [bbotk]  nrounds        eta max_depth  classif.ce warnings errors runtime_learners
INFO  [17:31:36.571] [bbotk]      287 0.04977343        10 0.007089128        0      0            0.267
INFO  [17:31:36.571] [bbotk]                                 uhash
INFO  [17:31:36.571] [bbotk]  118ab8da-d7e9-4e6c-822a-206d61071141
INFO  [17:31:36.582] [bbotk] Evaluating 1 configuration(s)
INFO  [17:31:36.731] [bbotk] Result of batch 8:
INFO  [17:31:36.733] [bbotk]  nrounds       eta max_depth classif.ce warnings errors runtime_learners
INFO  [17:31:36.733] [bbotk]       68 0.0778149         6 0.01316816        0      0            0.102
INFO  [17:31:36.733] [bbotk]                                 uhash
INFO  [17:31:36.733] [bbotk]  992d7cde-a968-4c8c-944e-99d48a7fac17
INFO  [17:31:36.748] [bbotk] Evaluating 1 configuration(s)
INFO  [17:31:37.011] [bbotk] Result of batch 9:
INFO  [17:31:37.013] [bbotk]  nrounds        eta max_depth classif.ce warnings errors runtime_learners
INFO  [17:31:37.013] [bbotk]      176 0.01972367         6 0.01316816        0      0            0.208
INFO  [17:31:37.013] [bbotk]                                 uhash
INFO  [17:31:37.013] [bbotk]  1200a7dd-00a0-4b7a-ab53-ed5a60eae5d7
INFO  [17:31:37.023] [bbotk] Evaluating 1 configuration(s)
INFO  [17:31:37.217] [bbotk] Result of batch 10:
INFO  [17:31:37.220] [bbotk]  nrounds        eta max_depth  classif.ce warnings errors runtime_learners
INFO  [17:31:37.220] [bbotk]      178 0.06521665         8 0.007089128        0      0            0.145
INFO  [17:31:37.220] [bbotk]                                 uhash
INFO  [17:31:37.220] [bbotk]  f2b0e324-70b8-4fcb-b0b3-a64af2e53603
INFO  [17:31:37.241] [bbotk] Finished optimizing after 10 evaluation(s)
INFO  [17:31:37.242] [bbotk] Result:
INFO  [17:31:37.244] [bbotk]  nrounds        eta max_depth learner_param_vals  x_domain  classif.ce
INFO  [17:31:37.244] [bbotk]    <int>      <num>     <int>             <list>    <list>       <num>
INFO  [17:31:37.244] [bbotk]      287 0.04977343        10          <list[5]> <list[3]> 0.007089128
INFO  [17:31:37.417] [bbotk] Starting to optimize 3 parameter(s) with '<OptimizerBatchRandomSearch>' and '<TerminatorEvals> [n_evals=10, k=0]'
INFO  [17:31:37.439] [bbotk] Evaluating 1 configuration(s)
INFO  [17:31:37.686] [bbotk] Result of batch 1:
INFO  [17:31:37.687] [bbotk]  nrounds       eta max_depth classif.ce warnings errors runtime_learners
INFO  [17:31:37.687] [bbotk]      239 0.1554159         8 0.01012864        0      0            0.188
INFO  [17:31:37.687] [bbotk]                                 uhash
INFO  [17:31:37.687] [bbotk]  e999b870-3745-474d-8f26-685a58aa4e1b
INFO  [17:31:37.690] [bbotk] Evaluating 1 configuration(s)
INFO  [17:31:37.875] [bbotk] Result of batch 2:
INFO  [17:31:37.876] [bbotk]  nrounds       eta max_depth classif.ce warnings errors runtime_learners
INFO  [17:31:37.876] [bbotk]      279 0.1686515         7 0.01012864        0      0            0.145
INFO  [17:31:37.876] [bbotk]                                 uhash
INFO  [17:31:37.876] [bbotk]  b1ed0b31-c9d6-495e-99db-052d371da162
INFO  [17:31:37.889] [bbotk] Evaluating 1 configuration(s)
INFO  [17:31:38.046] [bbotk] Result of batch 3:
INFO  [17:31:38.047] [bbotk]  nrounds       eta max_depth classif.ce warnings errors runtime_learners
INFO  [17:31:38.047] [bbotk]      141 0.1350548         7 0.01012864        0      0            0.113
INFO  [17:31:38.047] [bbotk]                                 uhash
INFO  [17:31:38.047] [bbotk]  2a6980ec-41e0-44a1-bf96-631e27ce0200
INFO  [17:31:38.059] [bbotk] Evaluating 1 configuration(s)
INFO  [17:31:38.249] [bbotk] Result of batch 4:
INFO  [17:31:38.250] [bbotk]  nrounds        eta max_depth classif.ce warnings errors runtime_learners
INFO  [17:31:38.250] [bbotk]      262 0.02824833         2 0.01620767        0      0             0.16
INFO  [17:31:38.250] [bbotk]                                 uhash
INFO  [17:31:38.250] [bbotk]  bc09741a-6741-46e6-bd16-5a92f154191e
INFO  [17:31:38.254] [bbotk] Evaluating 1 configuration(s)
INFO  [17:31:38.530] [bbotk] Result of batch 5:
INFO  [17:31:38.532] [bbotk]  nrounds        eta max_depth classif.ce warnings errors runtime_learners
INFO  [17:31:38.532] [bbotk]      228 0.05325766         8 0.01114181        0      0            0.229
INFO  [17:31:38.532] [bbotk]                                 uhash
INFO  [17:31:38.532] [bbotk]  e08e5736-0f29-477d-9d77-6ba465507140
INFO  [17:31:38.545] [bbotk] Evaluating 1 configuration(s)
INFO  [17:31:39.118] [bbotk] Result of batch 6:
INFO  [17:31:39.121] [bbotk]  nrounds        eta max_depth classif.ce warnings errors runtime_learners
INFO  [17:31:39.121] [bbotk]      266 0.02580635         5 0.01114181        0      0            0.299
INFO  [17:31:39.121] [bbotk]                                 uhash
INFO  [17:31:39.121] [bbotk]  62a8bbf0-0800-4aad-a784-edc0d8dab3bd
INFO  [17:31:39.126] [bbotk] Evaluating 1 configuration(s)
INFO  [17:31:39.289] [bbotk] Result of batch 7:
INFO  [17:31:39.291] [bbotk]  nrounds       eta max_depth  classif.ce warnings errors runtime_learners
INFO  [17:31:39.291] [bbotk]       87 0.2205883         9 0.009115471        0      0            0.093
INFO  [17:31:39.291] [bbotk]                                 uhash
INFO  [17:31:39.291] [bbotk]  7c301add-7db2-4695-b90e-1e2af8525b55
INFO  [17:31:39.298] [bbotk] Evaluating 1 configuration(s)
INFO  [17:31:39.416] [bbotk] Result of batch 8:
INFO  [17:31:39.417] [bbotk]  nrounds       eta max_depth classif.ce warnings errors runtime_learners
INFO  [17:31:39.417] [bbotk]       68 0.2154851         5 0.01012864        0      0            0.067
INFO  [17:31:39.417] [bbotk]                                 uhash
INFO  [17:31:39.417] [bbotk]  f74590bf-ce4c-4629-b16f-b618baa27c72
INFO  [17:31:39.424] [bbotk] Evaluating 1 configuration(s)
INFO  [17:31:39.596] [bbotk] Result of batch 9:
INFO  [17:31:39.597] [bbotk]  nrounds       eta max_depth  classif.ce warnings errors runtime_learners
INFO  [17:31:39.597] [bbotk]      180 0.1529739         2 0.004052685        0      0            0.113
INFO  [17:31:39.597] [bbotk]                                 uhash
INFO  [17:31:39.597] [bbotk]  6c2bfa7d-bb8e-47b9-a76a-c4e424fde26c
INFO  [17:31:39.611] [bbotk] Evaluating 1 configuration(s)
INFO  [17:31:39.775] [bbotk] Result of batch 10:
INFO  [17:31:39.776] [bbotk]  nrounds       eta max_depth  classif.ce warnings errors runtime_learners
INFO  [17:31:39.776] [bbotk]      232 0.2717453         4 0.007092199        0      0            0.117
INFO  [17:31:39.776] [bbotk]                                 uhash
INFO  [17:31:39.776] [bbotk]  80475801-afc0-4a72-8a43-bca019b7b3a8
INFO  [17:31:39.785] [bbotk] Finished optimizing after 10 evaluation(s)
INFO  [17:31:39.785] [bbotk] Result:
INFO  [17:31:39.786] [bbotk]  nrounds       eta max_depth learner_param_vals  x_domain  classif.ce
INFO  [17:31:39.786] [bbotk]    <int>     <num>     <int>             <list>    <list>       <num>
INFO  [17:31:39.786] [bbotk]      180 0.1529739         2          <list[5]> <list[3]> 0.004052685

### [bt]: Job terminated successfully [batchtools job.id=3416]
### [bt]: Starting job [batchtools job.id=3417]
### [bt]: Generating problem instance for problem '6fbfe6520e3d949c' ...
### [bt]: Applying algorithm 'run_learner' on problem '6fbfe6520e3d949c' for job 3417 (seed = 3418) ...
INFO  [17:31:39.943] [mlr3] Applying learner 'classif.xgboost.tuned_calib.oof_isotonic' on task 'banknote-authentication' (iter 7/10)
INFO  [17:31:40.040] [bbotk] Starting to optimize 3 parameter(s) with '<OptimizerBatchRandomSearch>' and '<TerminatorEvals> [n_evals=10, k=0]'
INFO  [17:31:40.063] [bbotk] Evaluating 1 configuration(s)
INFO  [17:31:40.281] [bbotk] Result of batch 1:
INFO  [17:31:40.282] [bbotk]  nrounds        eta max_depth classif.ce warnings errors runtime_learners
INFO  [17:31:40.282] [bbotk]      125 0.01189075         4 0.03240306        0      0            0.149
INFO  [17:31:40.282] [bbotk]                                 uhash
INFO  [17:31:40.282] [bbotk]  bb493228-a7f0-4f33-9433-3b4d28c76047
INFO  [17:31:40.286] [bbotk] Evaluating 1 configuration(s)
INFO  [17:31:40.566] [bbotk] Result of batch 2:
INFO  [17:31:40.568] [bbotk]  nrounds       eta max_depth classif.ce warnings errors runtime_learners
INFO  [17:31:40.568] [bbotk]      258 0.0208657         3 0.01417519        0      0            0.225
INFO  [17:31:40.568] [bbotk]                                 uhash
INFO  [17:31:40.568] [bbotk]  771ab8e7-2023-41a4-b711-984ecb10eebc
INFO  [17:31:40.574] [bbotk] Evaluating 1 configuration(s)
INFO  [17:31:40.772] [bbotk] Result of batch 3:
INFO  [17:31:40.773] [bbotk]  nrounds        eta max_depth classif.ce warnings errors runtime_learners
INFO  [17:31:40.773] [bbotk]      131 0.07801124        10 0.01011329        0      0            0.133
INFO  [17:31:40.773] [bbotk]                                 uhash
INFO  [17:31:40.773] [bbotk]  9ae3c6f9-7fa8-4aa7-ab7b-56e9a9c72cf6
INFO  [17:31:40.781] [bbotk] Evaluating 1 configuration(s)
INFO  [17:31:41.002] [bbotk] Result of batch 4:
INFO  [17:31:41.004] [bbotk]  nrounds      eta max_depth  classif.ce warnings errors runtime_learners
INFO  [17:31:41.004] [bbotk]      289 0.208399         3 0.005059716        0      0            0.174
INFO  [17:31:41.004] [bbotk]                                 uhash
INFO  [17:31:41.004] [bbotk]  92149be6-d6ad-4adf-8572-631e6150292f
INFO  [17:31:41.020] [bbotk] Evaluating 1 configuration(s)
INFO  [17:31:41.215] [bbotk] Result of batch 5:
INFO  [17:31:41.216] [bbotk]  nrounds        eta max_depth classif.ce warnings errors runtime_learners
INFO  [17:31:41.216] [bbotk]      126 0.02697644         4 0.01011636        0      0            0.149
INFO  [17:31:41.216] [bbotk]                                 uhash
INFO  [17:31:41.216] [bbotk]  af481fce-edde-4e6d-a9ca-ab60e2b0c43e
INFO  [17:31:41.231] [bbotk] Evaluating 1 configuration(s)
INFO  [17:31:41.376] [bbotk] Result of batch 6:
INFO  [17:31:41.378] [bbotk]  nrounds      eta max_depth  classif.ce warnings errors runtime_learners
INFO  [17:31:41.378] [bbotk]      162 0.174486         2 0.002026342        0      0            0.108
INFO  [17:31:41.378] [bbotk]                                 uhash
INFO  [17:31:41.378] [bbotk]  761c0574-8b41-496a-8e57-2a5604049eb8
INFO  [17:31:41.402] [bbotk] Evaluating 1 configuration(s)
INFO  [17:31:41.655] [bbotk] Result of batch 7:
INFO  [17:31:41.660] [bbotk]  nrounds       eta max_depth classif.ce warnings errors runtime_learners
INFO  [17:31:41.660] [bbotk]      117 0.0531345         9 0.01011022        0      0            0.168
INFO  [17:31:41.660] [bbotk]                                 uhash
INFO  [17:31:41.660] [bbotk]  d58f3d9b-8e21-48cd-89cb-e593d569fd87
INFO  [17:31:41.673] [bbotk] Evaluating 1 configuration(s)
INFO  [17:31:41.959] [bbotk] Result of batch 8:
INFO  [17:31:41.961] [bbotk]  nrounds        eta max_depth classif.ce warnings errors runtime_learners
INFO  [17:31:41.961] [bbotk]      189 0.01989512         9 0.01618925        0      0            0.234
INFO  [17:31:41.961] [bbotk]                                 uhash
INFO  [17:31:41.961] [bbotk]  f1210be7-c52c-4f5a-a535-946b22d4108b
INFO  [17:31:41.976] [bbotk] Evaluating 1 configuration(s)
INFO  [17:31:42.211] [bbotk] Result of batch 9:
INFO  [17:31:42.212] [bbotk]  nrounds        eta max_depth  classif.ce warnings errors runtime_learners
INFO  [17:31:42.212] [bbotk]      190 0.06661871         4 0.007079918        0      0             0.19
INFO  [17:31:42.212] [bbotk]                                 uhash
INFO  [17:31:42.212] [bbotk]  b16160ea-95d8-4ba6-be2a-1704d7aefd11
INFO  [17:31:42.216] [bbotk] Evaluating 1 configuration(s)
INFO  [17:31:42.363] [bbotk] Result of batch 10:
INFO  [17:31:42.364] [bbotk]  nrounds       eta max_depth  classif.ce warnings errors runtime_learners
INFO  [17:31:42.364] [bbotk]      125 0.1846765        10 0.008093089        0      0            0.084
INFO  [17:31:42.364] [bbotk]                                 uhash
INFO  [17:31:42.364] [bbotk]  3b8ed22a-f076-4ef3-9c5f-bafba3582013
INFO  [17:31:42.383] [bbotk] Finished optimizing after 10 evaluation(s)
INFO  [17:31:42.384] [bbotk] Result:
INFO  [17:31:42.386] [bbotk]  nrounds      eta max_depth learner_param_vals  x_domain  classif.ce
INFO  [17:31:42.386] [bbotk]    <int>    <num>     <int>             <list>    <list>       <num>
INFO  [17:31:42.386] [bbotk]      162 0.174486         2          <list[5]> <list[3]> 0.002026342
INFO  [17:31:42.467] [bbotk] Starting to optimize 3 parameter(s) with '<OptimizerBatchRandomSearch>' and '<TerminatorEvals> [n_evals=10, k=0]'
INFO  [17:31:42.489] [bbotk] Evaluating 1 configuration(s)
INFO  [17:31:42.690] [bbotk] Result of batch 1:
INFO  [17:31:42.692] [bbotk]  nrounds      eta max_depth classif.ce warnings errors runtime_learners
INFO  [17:31:42.692] [bbotk]      144 0.076149         9 0.01011022        0      0            0.139
INFO  [17:31:42.692] [bbotk]                                 uhash
INFO  [17:31:42.692] [bbotk]  553174cc-1372-4007-a382-bda71d54b275
INFO  [17:31:42.698] [bbotk] Evaluating 1 configuration(s)
INFO  [17:31:42.854] [bbotk] Result of batch 2:
INFO  [17:31:42.856] [bbotk]  nrounds       eta max_depth classif.ce warnings errors runtime_learners
INFO  [17:31:42.856] [bbotk]      106 0.1555206         6 0.01011022        0      0            0.097
INFO  [17:31:42.856] [bbotk]                                 uhash
INFO  [17:31:42.856] [bbotk]  ee631697-456d-4df9-a8fa-46988c0a0fcd
INFO  [17:31:42.864] [bbotk] Evaluating 1 configuration(s)
INFO  [17:31:43.091] [bbotk] Result of batch 3:
INFO  [17:31:43.094] [bbotk]  nrounds       eta max_depth classif.ce warnings errors runtime_learners
INFO  [17:31:43.094] [bbotk]      169 0.2133133         7 0.01112339        0      0            0.149
INFO  [17:31:43.094] [bbotk]                                 uhash
INFO  [17:31:43.094] [bbotk]  b0b8b73b-e752-423f-88c1-ebafa851dfbb
INFO  [17:31:43.118] [bbotk] Evaluating 1 configuration(s)
INFO  [17:31:43.337] [bbotk] Result of batch 4:
INFO  [17:31:43.338] [bbotk]  nrounds      eta max_depth classif.ce warnings errors runtime_learners
INFO  [17:31:43.338] [bbotk]      289 0.105792         2 0.01010408        0      0            0.157
INFO  [17:31:43.338] [bbotk]                                 uhash
INFO  [17:31:43.338] [bbotk]  ccd28675-a5a5-403d-adae-d4148db208ac
INFO  [17:31:43.342] [bbotk] Evaluating 1 configuration(s)
INFO  [17:31:43.612] [bbotk] Result of batch 5:
INFO  [17:31:43.613] [bbotk]  nrounds        eta max_depth classif.ce warnings errors runtime_learners
INFO  [17:31:43.613] [bbotk]      296 0.07544809         9 0.01011022        0      0            0.222
INFO  [17:31:43.613] [bbotk]                                 uhash
INFO  [17:31:43.613] [bbotk]  6c8e1075-fd74-45c5-a5b7-2b67699528d6
INFO  [17:31:43.620] [bbotk] Evaluating 1 configuration(s)
INFO  [17:31:43.822] [bbotk] Result of batch 6:
INFO  [17:31:43.825] [bbotk]  nrounds       eta max_depth classif.ce warnings errors runtime_learners
INFO  [17:31:43.825] [bbotk]      287 0.1609714         5 0.01011022        0      0            0.162
INFO  [17:31:43.825] [bbotk]                                 uhash
INFO  [17:31:43.825] [bbotk]  79a2e0cc-d99f-41ef-b18a-6f3b6998a09c
INFO  [17:31:43.836] [bbotk] Evaluating 1 configuration(s)
INFO  [17:31:44.043] [bbotk] Result of batch 7:
INFO  [17:31:44.045] [bbotk]  nrounds        eta max_depth classif.ce warnings errors runtime_learners
INFO  [17:31:44.045] [bbotk]      109 0.01020738         8 0.02934512        0      0             0.14
INFO  [17:31:44.045] [bbotk]                                 uhash
INFO  [17:31:44.045] [bbotk]  1898b120-fcf3-455f-b7ff-3cc14be52c67
INFO  [17:31:44.049] [bbotk] Evaluating 1 configuration(s)
INFO  [17:31:44.273] [bbotk] Result of batch 8:
INFO  [17:31:44.274] [bbotk]  nrounds       eta max_depth classif.ce warnings errors runtime_learners
INFO  [17:31:44.274] [bbotk]      298 0.2261585         7 0.01112339        0      0            0.154
INFO  [17:31:44.274] [bbotk]                                 uhash
INFO  [17:31:44.274] [bbotk]  9d83070f-8dfa-4cae-a8b0-858ca94b8310
INFO  [17:31:44.281] [bbotk] Evaluating 1 configuration(s)
INFO  [17:31:44.597] [bbotk] Result of batch 9:
INFO  [17:31:44.600] [bbotk]  nrounds        eta max_depth classif.ce warnings errors runtime_learners
INFO  [17:31:44.600] [bbotk]      298 0.08088362         5 0.01011022        0      0            0.238
INFO  [17:31:44.600] [bbotk]                                 uhash
INFO  [17:31:44.600] [bbotk]  dd6ef24b-dd29-4936-b420-c79d289e304c
INFO  [17:31:44.605] [bbotk] Evaluating 1 configuration(s)
INFO  [17:31:44.724] [bbotk] Result of batch 10:
INFO  [17:31:44.725] [bbotk]  nrounds        eta max_depth classif.ce warnings errors runtime_learners
INFO  [17:31:44.725] [bbotk]       70 0.01266106         2 0.08196862        0      0            0.059
INFO  [17:31:44.725] [bbotk]                                 uhash
INFO  [17:31:44.725] [bbotk]  0a10998c-b8c4-4707-af1a-7fc70c4d359c
INFO  [17:31:44.741] [bbotk] Finished optimizing after 10 evaluation(s)
INFO  [17:31:44.742] [bbotk] Result:
INFO  [17:31:44.742] [bbotk]  nrounds      eta max_depth learner_param_vals  x_domain classif.ce
INFO  [17:31:44.742] [bbotk]    <int>    <num>     <int>             <list>    <list>      <num>
INFO  [17:31:44.742] [bbotk]      289 0.105792         2          <list[5]> <list[3]> 0.01010408
INFO  [17:31:44.883] [bbotk] Starting to optimize 3 parameter(s) with '<OptimizerBatchRandomSearch>' and '<TerminatorEvals> [n_evals=10, k=0]'
INFO  [17:31:44.898] [bbotk] Evaluating 1 configuration(s)
INFO  [17:31:45.049] [bbotk] Result of batch 1:
INFO  [17:31:45.050] [bbotk]  nrounds        eta max_depth classif.ce warnings errors runtime_learners
INFO  [17:31:45.050] [bbotk]       76 0.02949965         5  0.0262964        0      0            0.088
INFO  [17:31:45.050] [bbotk]                                 uhash
INFO  [17:31:45.050] [bbotk]  893c33e2-6b42-4690-871a-59474bc4fd3d
INFO  [17:31:45.054] [bbotk] Evaluating 1 configuration(s)
INFO  [17:31:45.250] [bbotk] Result of batch 2:
INFO  [17:31:45.251] [bbotk]  nrounds       eta max_depth classif.ce warnings errors runtime_learners
INFO  [17:31:45.251] [bbotk]      200 0.1087429         4 0.01112032        0      0            0.157
INFO  [17:31:45.251] [bbotk]                                 uhash
INFO  [17:31:45.251] [bbotk]  6dd8f6f6-28cd-450c-a555-86081e1e7c34
INFO  [17:31:45.256] [bbotk] Evaluating 1 configuration(s)
INFO  [17:31:45.446] [bbotk] Result of batch 3:
INFO  [17:31:45.447] [bbotk]  nrounds       eta max_depth classif.ce warnings errors runtime_learners
INFO  [17:31:45.447] [bbotk]      164 0.2563822         7 0.01617697        0      0            0.131
INFO  [17:31:45.447] [bbotk]                                 uhash
INFO  [17:31:45.447] [bbotk]  fb0df496-b741-4dd6-912b-f18ba89d794c
INFO  [17:31:45.451] [bbotk] Evaluating 1 configuration(s)
INFO  [17:31:45.646] [bbotk] Result of batch 4:
INFO  [17:31:45.647] [bbotk]  nrounds       eta max_depth classif.ce warnings errors runtime_learners
INFO  [17:31:45.647] [bbotk]      248 0.2525576         3 0.00909705        0      0            0.131
INFO  [17:31:45.647] [bbotk]                                 uhash
INFO  [17:31:45.647] [bbotk]  6c0bf5d8-7a3e-449e-aadf-3475f42732a7
INFO  [17:31:45.652] [bbotk] Evaluating 1 configuration(s)
INFO  [17:31:45.835] [bbotk] Result of batch 5:
INFO  [17:31:45.836] [bbotk]  nrounds       eta max_depth classif.ce warnings errors runtime_learners
INFO  [17:31:45.836] [bbotk]      177 0.2827455         9 0.01617697        0      0            0.117
INFO  [17:31:45.836] [bbotk]                                 uhash
INFO  [17:31:45.836] [bbotk]  daa991ea-64b3-4d23-9213-cee8952a97ad
INFO  [17:31:45.851] [bbotk] Evaluating 1 configuration(s)
INFO  [17:31:45.941] [bbotk] Result of batch 6:
INFO  [17:31:45.942] [bbotk]  nrounds       eta max_depth classif.ce warnings errors runtime_learners
INFO  [17:31:45.942] [bbotk]       77 0.2884037         9 0.01516687        0      0             0.05
INFO  [17:31:45.942] [bbotk]                                 uhash
INFO  [17:31:45.942] [bbotk]  409f2d3b-c913-45fd-81bc-2cf66f6ed700
INFO  [17:31:45.946] [bbotk] Evaluating 1 configuration(s)
INFO  [17:31:46.054] [bbotk] Result of batch 7:
INFO  [17:31:46.058] [bbotk]  nrounds       eta max_depth classif.ce warnings errors runtime_learners
INFO  [17:31:46.058] [bbotk]      106 0.2753798         6 0.01314666        0      0            0.068
INFO  [17:31:46.058] [bbotk]                                 uhash
INFO  [17:31:46.058] [bbotk]  9988aede-40b8-4855-b830-56ba3dce7501
INFO  [17:31:46.064] [bbotk] Evaluating 1 configuration(s)
INFO  [17:31:46.231] [bbotk] Result of batch 8:
INFO  [17:31:46.232] [bbotk]  nrounds        eta max_depth classif.ce warnings errors runtime_learners
INFO  [17:31:46.232] [bbotk]      155 0.05666238         4 0.01618004        0      0            0.128
INFO  [17:31:46.232] [bbotk]                                 uhash
INFO  [17:31:46.232] [bbotk]  dbad89d9-1e89-4008-8442-ae79a9e64f1b
INFO  [17:31:46.236] [bbotk] Evaluating 1 configuration(s)
INFO  [17:31:46.378] [bbotk] Result of batch 9:
INFO  [17:31:46.379] [bbotk]  nrounds       eta max_depth classif.ce warnings errors runtime_learners
INFO  [17:31:46.379] [bbotk]       97 0.1069521         6 0.01719321        0      0              0.1
INFO  [17:31:46.379] [bbotk]                                 uhash
INFO  [17:31:46.379] [bbotk]  38d0b4ba-e9df-4f57-8d3e-295534f56d87
INFO  [17:31:46.393] [bbotk] Evaluating 1 configuration(s)
INFO  [17:31:46.539] [bbotk] Result of batch 10:
INFO  [17:31:46.541] [bbotk]  nrounds       eta max_depth classif.ce warnings errors runtime_learners
INFO  [17:31:46.541] [bbotk]       96 0.1453817         5 0.01617697        0      0            0.079
INFO  [17:31:46.541] [bbotk]                                 uhash
INFO  [17:31:46.541] [bbotk]  62ab80dd-484b-4255-a0fd-fde1c6ce48a3
INFO  [17:31:46.566] [bbotk] Finished optimizing after 10 evaluation(s)
INFO  [17:31:46.566] [bbotk] Result:
INFO  [17:31:46.568] [bbotk]  nrounds       eta max_depth learner_param_vals  x_domain classif.ce
INFO  [17:31:46.568] [bbotk]    <int>     <num>     <int>             <list>    <list>      <num>
INFO  [17:31:46.568] [bbotk]      248 0.2525576         3          <list[5]> <list[3]> 0.00909705
INFO  [17:31:46.670] [bbotk] Starting to optimize 3 parameter(s) with '<OptimizerBatchRandomSearch>' and '<TerminatorEvals> [n_evals=10, k=0]'
INFO  [17:31:46.697] [bbotk] Evaluating 1 configuration(s)
INFO  [17:31:46.924] [bbotk] Result of batch 1:
INFO  [17:31:46.925] [bbotk]  nrounds        eta max_depth  classif.ce warnings errors runtime_learners
INFO  [17:31:46.925] [bbotk]      158 0.04760944         3 0.007073777        0      0            0.167
INFO  [17:31:46.925] [bbotk]                                 uhash
INFO  [17:31:46.925] [bbotk]  e9d99a3f-a8db-4048-8f7f-ddd8c60658eb
INFO  [17:31:46.940] [bbotk] Evaluating 1 configuration(s)
INFO  [17:31:47.145] [bbotk] Result of batch 2:
INFO  [17:31:47.147] [bbotk]  nrounds       eta max_depth  classif.ce warnings errors runtime_learners
INFO  [17:31:47.147] [bbotk]      280 0.0849055         3 0.005050505        0      0            0.164
INFO  [17:31:47.147] [bbotk]                                 uhash
INFO  [17:31:47.147] [bbotk]  c4af444a-b43e-437e-bbec-bfa8b2e1ddcd
INFO  [17:31:47.159] [bbotk] Evaluating 1 configuration(s)
INFO  [17:31:47.340] [bbotk] Result of batch 3:
INFO  [17:31:47.344] [bbotk]  nrounds       eta max_depth classif.ce warnings errors runtime_learners
INFO  [17:31:47.344] [bbotk]      296 0.2133303         7 0.01011022        0      0            0.139
INFO  [17:31:47.344] [bbotk]                                 uhash
INFO  [17:31:47.344] [bbotk]  b786d5e2-8279-4a9a-9413-b81e74385c34
INFO  [17:31:47.349] [bbotk] Evaluating 1 configuration(s)
INFO  [17:31:47.497] [bbotk] Result of batch 4:
INFO  [17:31:47.498] [bbotk]  nrounds       eta max_depth classif.ce warnings errors runtime_learners
INFO  [17:31:47.498] [bbotk]      124 0.1311821         9 0.01011329        0      0            0.099
INFO  [17:31:47.498] [bbotk]                                 uhash
INFO  [17:31:47.498] [bbotk]  52795eb8-fbff-411e-8389-d5439fa97163
INFO  [17:31:47.504] [bbotk] Evaluating 1 configuration(s)
INFO  [17:31:47.637] [bbotk] Result of batch 5:
INFO  [17:31:47.639] [bbotk]  nrounds      eta max_depth  classif.ce warnings errors runtime_learners
INFO  [17:31:47.639] [bbotk]      171 0.178996         2 0.005059716        0      0            0.088
INFO  [17:31:47.639] [bbotk]                                 uhash
INFO  [17:31:47.639] [bbotk]  863e57b2-3014-475d-bd86-edc3afb6aa9b
INFO  [17:31:47.649] [bbotk] Evaluating 1 configuration(s)
INFO  [17:31:47.848] [bbotk] Result of batch 6:
INFO  [17:31:47.849] [bbotk]  nrounds        eta max_depth classif.ce warnings errors runtime_learners
INFO  [17:31:47.849] [bbotk]      159 0.08467884         8 0.01112339        0      0            0.143
INFO  [17:31:47.849] [bbotk]                                 uhash
INFO  [17:31:47.849] [bbotk]  29f3ebce-10e5-4f97-a6ca-eb993e43efe2
INFO  [17:31:47.854] [bbotk] Evaluating 1 configuration(s)
INFO  [17:31:47.991] [bbotk] Result of batch 7:
INFO  [17:31:47.993] [bbotk]  nrounds        eta max_depth classif.ce warnings errors runtime_learners
INFO  [17:31:47.993] [bbotk]       65 0.09743609         9 0.01416291        0      0            0.091
INFO  [17:31:47.993] [bbotk]                                 uhash
INFO  [17:31:47.993] [bbotk]  84144dfd-8694-4db9-9ab4-d196853d9885
INFO  [17:31:48.012] [bbotk] Evaluating 1 configuration(s)
INFO  [17:31:48.286] [bbotk] Result of batch 8:
INFO  [17:31:48.287] [bbotk]  nrounds       eta max_depth classif.ce warnings errors runtime_learners
INFO  [17:31:48.287] [bbotk]      288 0.1492416         8 0.00910012        0      0            0.212
INFO  [17:31:48.287] [bbotk]                                 uhash
INFO  [17:31:48.287] [bbotk]  aeb7094a-8ab1-4d65-9fca-e5822bddeafb
INFO  [17:31:48.291] [bbotk] Evaluating 1 configuration(s)
INFO  [17:31:48.505] [bbotk] Result of batch 9:
INFO  [17:31:48.506] [bbotk]  nrounds        eta max_depth classif.ce warnings errors runtime_learners
INFO  [17:31:48.506] [bbotk]      142 0.05165428         7 0.01416291        0      0            0.169
INFO  [17:31:48.506] [bbotk]                                 uhash
INFO  [17:31:48.506] [bbotk]  0c366390-d1a7-4b20-b100-a73197045631
INFO  [17:31:48.511] [bbotk] Evaluating 1 configuration(s)
INFO  [17:31:48.699] [bbotk] Result of batch 10:
INFO  [17:31:48.700] [bbotk]  nrounds        eta max_depth classif.ce warnings errors runtime_learners
INFO  [17:31:48.700] [bbotk]      114 0.02166492        10 0.01517915        0      0            0.134
INFO  [17:31:48.700] [bbotk]                                 uhash
INFO  [17:31:48.700] [bbotk]  f3046a6c-82c9-4fcc-a120-4240362f4dd4
INFO  [17:31:48.720] [bbotk] Finished optimizing after 10 evaluation(s)
INFO  [17:31:48.723] [bbotk] Result:
INFO  [17:31:48.725] [bbotk]  nrounds       eta max_depth learner_param_vals  x_domain  classif.ce
INFO  [17:31:48.725] [bbotk]    <int>     <num>     <int>             <list>    <list>       <num>
INFO  [17:31:48.725] [bbotk]      280 0.0849055         3          <list[5]> <list[3]> 0.005050505
INFO  [17:31:48.864] [bbotk] Starting to optimize 3 parameter(s) with '<OptimizerBatchRandomSearch>' and '<TerminatorEvals> [n_evals=10, k=0]'
INFO  [17:31:48.885] [bbotk] Evaluating 1 configuration(s)
INFO  [17:31:49.090] [bbotk] Result of batch 1:
INFO  [17:31:49.101] [bbotk]  nrounds        eta max_depth classif.ce warnings errors runtime_learners
INFO  [17:31:49.101] [bbotk]      161 0.01137393         4 0.02024193        0      0            0.158
INFO  [17:31:49.101] [bbotk]                                 uhash
INFO  [17:31:49.101] [bbotk]  bdbc4fea-5e61-413c-8b79-7a1850ea884e
INFO  [17:31:49.106] [bbotk] Evaluating 1 configuration(s)
INFO  [17:31:49.255] [bbotk] Result of batch 2:
INFO  [17:31:49.256] [bbotk]  nrounds       eta max_depth  classif.ce warnings errors runtime_learners
INFO  [17:31:49.256] [bbotk]       97 0.2144353         4 0.008096159        0      0            0.098
INFO  [17:31:49.256] [bbotk]                                 uhash
INFO  [17:31:49.256] [bbotk]  262aba58-5da5-4e3b-bc2c-5c1a8f0df088
INFO  [17:31:49.259] [bbotk] Evaluating 1 configuration(s)
INFO  [17:31:49.570] [bbotk] Result of batch 3:
INFO  [17:31:49.571] [bbotk]  nrounds        eta max_depth classif.ce warnings errors runtime_learners
INFO  [17:31:49.571] [bbotk]      166 0.01394475         7 0.01518222        0      0            0.229
INFO  [17:31:49.571] [bbotk]                                 uhash
INFO  [17:31:49.571] [bbotk]  d1ab1219-502d-43d5-9bca-ff6fd4e0e4a7
INFO  [17:31:49.575] [bbotk] Evaluating 1 configuration(s)
INFO  [17:31:49.722] [bbotk] Result of batch 4:
INFO  [17:31:49.723] [bbotk]  nrounds       eta max_depth  classif.ce warnings errors runtime_learners
INFO  [17:31:49.723] [bbotk]      205 0.2885271         8 0.007082988        0      0             0.11
INFO  [17:31:49.723] [bbotk]                                 uhash
INFO  [17:31:49.723] [bbotk]  dba68f87-bda5-494a-8d3b-3aa7a3dc0834
INFO  [17:31:49.727] [bbotk] Evaluating 1 configuration(s)
INFO  [17:31:49.927] [bbotk] Result of batch 5:
INFO  [17:31:49.928] [bbotk]  nrounds       eta max_depth classif.ce warnings errors runtime_learners
INFO  [17:31:49.928] [bbotk]      225 0.1305911         6 0.00910626        0      0            0.123
INFO  [17:31:49.928] [bbotk]                                 uhash
INFO  [17:31:49.928] [bbotk]  a4a66017-1171-4dec-bdb2-bed6543d0824
INFO  [17:31:49.941] [bbotk] Evaluating 1 configuration(s)
INFO  [17:31:50.120] [bbotk] Result of batch 6:
INFO  [17:31:50.121] [bbotk]  nrounds       eta max_depth classif.ce warnings errors runtime_learners
INFO  [17:31:50.121] [bbotk]      222 0.2075693        10 0.00910626        0      0            0.128
INFO  [17:31:50.121] [bbotk]                                 uhash
INFO  [17:31:50.121] [bbotk]  6394c7c3-d442-45de-be0f-bae3e5ad8c87
INFO  [17:31:50.125] [bbotk] Evaluating 1 configuration(s)
INFO  [17:31:50.305] [bbotk] Result of batch 7:
INFO  [17:31:50.306] [bbotk]  nrounds        eta max_depth classif.ce warnings errors runtime_learners
INFO  [17:31:50.306] [bbotk]      130 0.07155692         6 0.00910626        0      0            0.127
INFO  [17:31:50.306] [bbotk]                                 uhash
INFO  [17:31:50.306] [bbotk]  255e03be-18f4-427a-8112-c8b7f2bec103
INFO  [17:31:50.309] [bbotk] Evaluating 1 configuration(s)
INFO  [17:31:50.515] [bbotk] Result of batch 8:
INFO  [17:31:50.517] [bbotk]  nrounds       eta max_depth  classif.ce warnings errors runtime_learners
INFO  [17:31:50.517] [bbotk]      250 0.2677573         6 0.008093089        0      0            0.134
INFO  [17:31:50.517] [bbotk]                                 uhash
INFO  [17:31:50.517] [bbotk]  acab433f-edd9-49bd-9715-329e2c27e309
INFO  [17:31:50.524] [bbotk] Evaluating 1 configuration(s)
INFO  [17:31:50.775] [bbotk] Result of batch 9:
INFO  [17:31:50.776] [bbotk]  nrounds       eta max_depth  classif.ce warnings errors runtime_learners
INFO  [17:31:50.776] [bbotk]      256 0.1654157         5 0.008093089        0      0            0.174
INFO  [17:31:50.776] [bbotk]                                 uhash
INFO  [17:31:50.776] [bbotk]  eda5dba7-c0b6-4d3c-b37d-924b7e03252a
INFO  [17:31:50.783] [bbotk] Evaluating 1 configuration(s)
INFO  [17:31:51.005] [bbotk] Result of batch 10:
INFO  [17:31:51.006] [bbotk]  nrounds       eta max_depth  classif.ce warnings errors runtime_learners
INFO  [17:31:51.006] [bbotk]      242 0.2837852         9 0.008093089        0      0            0.169
INFO  [17:31:51.006] [bbotk]                                 uhash
INFO  [17:31:51.006] [bbotk]  296e285a-8c44-44ad-b5cb-fab8a08515c1
INFO  [17:31:51.019] [bbotk] Finished optimizing after 10 evaluation(s)
INFO  [17:31:51.019] [bbotk] Result:
INFO  [17:31:51.021] [bbotk]  nrounds       eta max_depth learner_param_vals  x_domain  classif.ce
INFO  [17:31:51.021] [bbotk]    <int>     <num>     <int>             <list>    <list>       <num>
INFO  [17:31:51.021] [bbotk]      205 0.2885271         8          <list[5]> <list[3]> 0.007082988

### [bt]: Job terminated successfully [batchtools job.id=3417]
### [bt]: Starting job [batchtools job.id=3418]
### [bt]: Generating problem instance for problem '6fbfe6520e3d949c' ...
### [bt]: Applying algorithm 'run_learner' on problem '6fbfe6520e3d949c' for job 3418 (seed = 3419) ...
INFO  [17:31:51.211] [mlr3] Applying learner 'classif.xgboost.tuned_calib.oof_isotonic' on task 'banknote-authentication' (iter 8/10)
INFO  [17:31:51.269] [bbotk] Starting to optimize 3 parameter(s) with '<OptimizerBatchRandomSearch>' and '<TerminatorEvals> [n_evals=10, k=0]'
INFO  [17:31:51.290] [bbotk] Evaluating 1 configuration(s)
INFO  [17:31:51.470] [bbotk] Result of batch 1:
INFO  [17:31:51.471] [bbotk]  nrounds       eta max_depth  classif.ce warnings errors runtime_learners
INFO  [17:31:51.471] [bbotk]      202 0.2385003         9 0.008096159        0      0            0.143
INFO  [17:31:51.471] [bbotk]                                 uhash
INFO  [17:31:51.471] [bbotk]  55cead26-da56-4868-a7f1-6639f1c9b4c3
INFO  [17:31:51.475] [bbotk] Evaluating 1 configuration(s)
INFO  [17:31:51.592] [bbotk] Result of batch 2:
INFO  [17:31:51.594] [bbotk]  nrounds       eta max_depth classif.ce warnings errors runtime_learners
INFO  [17:31:51.594] [bbotk]       67 0.1013336        10 0.01214577        0      0            0.074
INFO  [17:31:51.594] [bbotk]                                 uhash
INFO  [17:31:51.594] [bbotk]  80f9bd15-dd4c-4ed7-a72d-565a2c776814
INFO  [17:31:51.602] [bbotk] Evaluating 1 configuration(s)
INFO  [17:31:51.872] [bbotk] Result of batch 3:
INFO  [17:31:51.873] [bbotk]  nrounds       eta max_depth  classif.ce warnings errors runtime_learners
INFO  [17:31:51.873] [bbotk]      296 0.1219063         3 0.008096159        0      0            0.194
INFO  [17:31:51.873] [bbotk]                                 uhash
INFO  [17:31:51.873] [bbotk]  0cb095a0-ade9-4ae4-9e8b-a5dc0adbbbbe
INFO  [17:31:51.880] [bbotk] Evaluating 1 configuration(s)
INFO  [17:31:52.090] [bbotk] Result of batch 4:
INFO  [17:31:52.091] [bbotk]  nrounds       eta max_depth classif.ce warnings errors runtime_learners
INFO  [17:31:52.091] [bbotk]      232 0.1225661         4 0.00910933        0      0            0.154
INFO  [17:31:52.091] [bbotk]                                 uhash
INFO  [17:31:52.091] [bbotk]  8f3e7cc3-670f-4f9d-869f-9bd189059bab
INFO  [17:31:52.106] [bbotk] Evaluating 1 configuration(s)
INFO  [17:31:52.226] [bbotk] Result of batch 5:
INFO  [17:31:52.227] [bbotk]  nrounds        eta max_depth classif.ce warnings errors runtime_learners
INFO  [17:31:52.227] [bbotk]       65 0.01647681         2 0.06983206        0      0             0.06
INFO  [17:31:52.227] [bbotk]                                 uhash
INFO  [17:31:52.227] [bbotk]  b223fcc2-c568-4ee0-a03e-7890a0dcbb20
INFO  [17:31:52.236] [bbotk] Evaluating 1 configuration(s)
INFO  [17:31:52.424] [bbotk] Result of batch 6:
INFO  [17:31:52.426] [bbotk]  nrounds        eta max_depth classif.ce warnings errors runtime_learners
INFO  [17:31:52.426] [bbotk]      123 0.07673752        10  0.0111326        0      0            0.138
INFO  [17:31:52.426] [bbotk]                                 uhash
INFO  [17:31:52.426] [bbotk]  97287562-9169-457f-ba6f-e24ea7852b46
INFO  [17:31:52.436] [bbotk] Evaluating 1 configuration(s)
INFO  [17:31:52.721] [bbotk] Result of batch 7:
INFO  [17:31:52.722] [bbotk]  nrounds        eta max_depth classif.ce warnings errors runtime_learners
INFO  [17:31:52.722] [bbotk]      223 0.01411645         4  0.0131528        0      0            0.213
INFO  [17:31:52.722] [bbotk]                                 uhash
INFO  [17:31:52.722] [bbotk]  9288d22b-4306-4661-b30c-893b9cc71c36
INFO  [17:31:52.733] [bbotk] Evaluating 1 configuration(s)
INFO  [17:31:52.991] [bbotk] Result of batch 8:
INFO  [17:31:52.993] [bbotk]  nrounds        eta max_depth classif.ce warnings errors runtime_learners
INFO  [17:31:52.993] [bbotk]      291 0.05689412         6 0.00910933        0      0            0.204
INFO  [17:31:52.993] [bbotk]                                 uhash
INFO  [17:31:52.993] [bbotk]  d8e094bf-2dcb-4b17-bfb0-6cce77ee49db
INFO  [17:31:53.007] [bbotk] Evaluating 1 configuration(s)
INFO  [17:31:53.174] [bbotk] Result of batch 9:
INFO  [17:31:53.177] [bbotk]  nrounds       eta max_depth classif.ce warnings errors runtime_learners
INFO  [17:31:53.177] [bbotk]      142 0.2530148         2 0.00910933        0      0            0.086
INFO  [17:31:53.177] [bbotk]                                 uhash
INFO  [17:31:53.177] [bbotk]  cce5b1c3-d1d5-40ec-988b-c1474f02c8bf
INFO  [17:31:53.189] [bbotk] Evaluating 1 configuration(s)
INFO  [17:31:53.356] [bbotk] Result of batch 10:
INFO  [17:31:53.358] [bbotk]  nrounds      eta max_depth  classif.ce warnings errors runtime_learners
INFO  [17:31:53.358] [bbotk]      168 0.221975        10 0.006072887        0      0            0.112
INFO  [17:31:53.358] [bbotk]                                 uhash
INFO  [17:31:53.358] [bbotk]  2861dbcc-2083-49f1-9f1e-131635aa51b7
INFO  [17:31:53.367] [bbotk] Finished optimizing after 10 evaluation(s)
INFO  [17:31:53.368] [bbotk] Result:
INFO  [17:31:53.373] [bbotk]  nrounds      eta max_depth learner_param_vals  x_domain  classif.ce
INFO  [17:31:53.373] [bbotk]    <int>    <num>     <int>             <list>    <list>       <num>
INFO  [17:31:53.373] [bbotk]      168 0.221975        10          <list[5]> <list[3]> 0.006072887
INFO  [17:31:53.481] [bbotk] Starting to optimize 3 parameter(s) with '<OptimizerBatchRandomSearch>' and '<TerminatorEvals> [n_evals=10, k=0]'
INFO  [17:31:53.507] [bbotk] Evaluating 1 configuration(s)
INFO  [17:31:53.672] [bbotk] Result of batch 1:
INFO  [17:31:53.673] [bbotk]  nrounds       eta max_depth  classif.ce warnings errors runtime_learners
INFO  [17:31:53.673] [bbotk]      222 0.1820021         8 0.004043474        0      0            0.127
INFO  [17:31:53.673] [bbotk]                                 uhash
INFO  [17:31:53.673] [bbotk]  670b8e25-1bb2-4daa-afa3-ebe819e09f3e
INFO  [17:31:53.676] [bbotk] Evaluating 1 configuration(s)
INFO  [17:31:53.841] [bbotk] Result of batch 2:
INFO  [17:31:53.842] [bbotk]  nrounds       eta max_depth  classif.ce warnings errors runtime_learners
INFO  [17:31:53.842] [bbotk]      194 0.1327865         4 0.004043474        0      0            0.127
INFO  [17:31:53.842] [bbotk]                                 uhash
INFO  [17:31:53.842] [bbotk]  cc7f06a3-6d89-43fe-965d-6d446d822cc7
INFO  [17:31:53.845] [bbotk] Evaluating 1 configuration(s)
INFO  [17:31:53.942] [bbotk] Result of batch 3:
INFO  [17:31:53.944] [bbotk]  nrounds        eta max_depth classif.ce warnings errors runtime_learners
INFO  [17:31:53.944] [bbotk]       58 0.02838978         3 0.04050229        0      0            0.053
INFO  [17:31:53.944] [bbotk]                                 uhash
INFO  [17:31:53.944] [bbotk]  ade6a77b-3488-4928-b0ff-e1e4ec5bc30e
INFO  [17:31:53.950] [bbotk] Evaluating 1 configuration(s)
INFO  [17:31:54.137] [bbotk] Result of batch 4:
INFO  [17:31:54.142] [bbotk]  nrounds       eta max_depth  classif.ce warnings errors runtime_learners
INFO  [17:31:54.142] [bbotk]      182 0.2046048         8 0.004043474        0      0            0.131
INFO  [17:31:54.142] [bbotk]                                 uhash
INFO  [17:31:54.142] [bbotk]  a2937a9c-2e0f-4a15-ae0c-0344efb5709e
INFO  [17:31:54.157] [bbotk] Evaluating 1 configuration(s)
INFO  [17:31:54.310] [bbotk] Result of batch 5:
INFO  [17:31:54.313] [bbotk]  nrounds       eta max_depth  classif.ce warnings errors runtime_learners
INFO  [17:31:54.313] [bbotk]       74 0.2874161         9 0.005059716        0      0            0.077
INFO  [17:31:54.313] [bbotk]                                 uhash
INFO  [17:31:54.313] [bbotk]  847a37b7-7221-4a4c-83fb-4498ef15d3a9
INFO  [17:31:54.324] [bbotk] Evaluating 1 configuration(s)
INFO  [17:31:54.462] [bbotk] Result of batch 6:
INFO  [17:31:54.468] [bbotk]  nrounds      eta max_depth  classif.ce warnings errors runtime_learners
INFO  [17:31:54.468] [bbotk]       91 0.213077         2 0.006072887        0      0            0.075
INFO  [17:31:54.468] [bbotk]                                 uhash
INFO  [17:31:54.468] [bbotk]  ed013bb8-9386-46e7-97f0-0db52cd1993c
INFO  [17:31:54.477] [bbotk] Evaluating 1 configuration(s)
INFO  [17:31:54.760] [bbotk] Result of batch 7:
INFO  [17:31:54.762] [bbotk]  nrounds        eta max_depth  classif.ce warnings errors runtime_learners
INFO  [17:31:54.762] [bbotk]      276 0.06315329         9 0.003036443        0      0             0.24
INFO  [17:31:54.762] [bbotk]                                 uhash
INFO  [17:31:54.762] [bbotk]  975ce99a-151a-4d32-b05f-632fd3d4e2d6
INFO  [17:31:54.768] [bbotk] Evaluating 1 configuration(s)
INFO  [17:31:54.914] [bbotk] Result of batch 8:
INFO  [17:31:54.921] [bbotk]  nrounds       eta max_depth  classif.ce warnings errors runtime_learners
INFO  [17:31:54.921] [bbotk]      111 0.1105338         3 0.007086058        0      0            0.087
INFO  [17:31:54.921] [bbotk]                                 uhash
INFO  [17:31:54.921] [bbotk]  95792d34-aa6f-4ec1-82c3-4fd5a85b3647
INFO  [17:31:54.934] [bbotk] Evaluating 1 configuration(s)
INFO  [17:31:55.032] [bbotk] Result of batch 9:
INFO  [17:31:55.033] [bbotk]  nrounds       eta max_depth  classif.ce warnings errors runtime_learners
INFO  [17:31:55.033] [bbotk]       88 0.1860141         5 0.004046544        0      0            0.061
INFO  [17:31:55.033] [bbotk]                                 uhash
INFO  [17:31:55.033] [bbotk]  c503e5a6-ede1-43c1-b503-e5c38fdf1240
INFO  [17:31:55.037] [bbotk] Evaluating 1 configuration(s)
INFO  [17:31:55.190] [bbotk] Result of batch 10:
INFO  [17:31:55.191] [bbotk]  nrounds        eta max_depth classif.ce warnings errors runtime_learners
INFO  [17:31:55.191] [bbotk]      209 0.06404871         2 0.00910626        0      0             0.11
INFO  [17:31:55.191] [bbotk]                                 uhash
INFO  [17:31:55.191] [bbotk]  2e6529f6-7f0a-49a6-be27-b4656837c8db
INFO  [17:31:55.205] [bbotk] Finished optimizing after 10 evaluation(s)
INFO  [17:31:55.208] [bbotk] Result:
INFO  [17:31:55.208] [bbotk]  nrounds        eta max_depth learner_param_vals  x_domain  classif.ce
INFO  [17:31:55.208] [bbotk]    <int>      <num>     <int>             <list>    <list>       <num>
INFO  [17:31:55.208] [bbotk]      276 0.06315329         9          <list[5]> <list[3]> 0.003036443
INFO  [17:31:55.374] [bbotk] Starting to optimize 3 parameter(s) with '<OptimizerBatchRandomSearch>' and '<TerminatorEvals> [n_evals=10, k=0]'
INFO  [17:31:55.389] [bbotk] Evaluating 1 configuration(s)
INFO  [17:31:55.658] [bbotk] Result of batch 1:
INFO  [17:31:55.660] [bbotk]  nrounds       eta max_depth classif.ce warnings errors runtime_learners
INFO  [17:31:55.660] [bbotk]      278 0.1073247         4 0.00910012        0      0            0.195
INFO  [17:31:55.660] [bbotk]                                 uhash
INFO  [17:31:55.660] [bbotk]  4eff631f-1131-4c0a-bc4d-9b4a495ddddd
INFO  [17:31:55.666] [bbotk] Evaluating 1 configuration(s)
INFO  [17:31:55.818] [bbotk] Result of batch 2:
INFO  [17:31:55.819] [bbotk]  nrounds       eta max_depth classif.ce warnings errors runtime_learners
INFO  [17:31:55.819] [bbotk]      207 0.1907094         8 0.01011329        0      0            0.104
INFO  [17:31:55.819] [bbotk]                                 uhash
INFO  [17:31:55.819] [bbotk]  c4e5d9f2-419f-46cb-9121-b55e8068ad56
INFO  [17:31:55.824] [bbotk] Evaluating 1 configuration(s)
INFO  [17:31:55.960] [bbotk] Result of batch 3:
INFO  [17:31:55.962] [bbotk]  nrounds       eta max_depth  classif.ce warnings errors runtime_learners
INFO  [17:31:55.962] [bbotk]      118 0.1615185         2 0.003036443        0      0            0.088
INFO  [17:31:55.962] [bbotk]                                 uhash
INFO  [17:31:55.962] [bbotk]  eee82837-1cbc-4040-a11f-630a3f1238ba
INFO  [17:31:55.972] [bbotk] Evaluating 1 configuration(s)
INFO  [17:31:56.176] [bbotk] Result of batch 4:
INFO  [17:31:56.178] [bbotk]  nrounds        eta max_depth classif.ce warnings errors runtime_learners
INFO  [17:31:56.178] [bbotk]      139 0.02836938         4 0.01416291        0      0            0.146
INFO  [17:31:56.178] [bbotk]                                 uhash
INFO  [17:31:56.178] [bbotk]  34c62e1d-a3ab-4343-9fdd-f8cc293631fe
INFO  [17:31:56.187] [bbotk] Evaluating 1 configuration(s)
INFO  [17:31:56.304] [bbotk] Result of batch 5:
INFO  [17:31:56.305] [bbotk]  nrounds       eta max_depth classif.ce warnings errors runtime_learners
INFO  [17:31:56.305] [bbotk]       66 0.2137601         9 0.01011329        0      0            0.069
INFO  [17:31:56.305] [bbotk]                                 uhash
INFO  [17:31:56.305] [bbotk]  5ca8fa54-9ada-4f37-a006-6295aef18a67
INFO  [17:31:56.309] [bbotk] Evaluating 1 configuration(s)
INFO  [17:31:56.499] [bbotk] Result of batch 6:
INFO  [17:31:56.501] [bbotk]  nrounds       eta max_depth classif.ce warnings errors runtime_learners
INFO  [17:31:56.501] [bbotk]      284 0.2612724         6 0.01011329        0      0            0.137
INFO  [17:31:56.501] [bbotk]                                 uhash
INFO  [17:31:56.501] [bbotk]  174897e4-15c0-4de9-a593-a72547499b96
INFO  [17:31:56.509] [bbotk] Evaluating 1 configuration(s)
INFO  [17:31:56.727] [bbotk] Result of batch 7:
INFO  [17:31:56.728] [bbotk]  nrounds       eta max_depth classif.ce warnings errors runtime_learners
INFO  [17:31:56.728] [bbotk]      300 0.2451944         6 0.01011329        0      0            0.153
INFO  [17:31:56.728] [bbotk]                                 uhash
INFO  [17:31:56.728] [bbotk]  9e77e0d5-ce57-42b5-b166-a7444c890d27
INFO  [17:31:56.736] [bbotk] Evaluating 1 configuration(s)
INFO  [17:31:56.874] [bbotk] Result of batch 8:
INFO  [17:31:56.876] [bbotk]  nrounds       eta max_depth classif.ce warnings errors runtime_learners
INFO  [17:31:56.876] [bbotk]      144 0.2983216         5 0.01011329        0      0            0.086
INFO  [17:31:56.876] [bbotk]                                 uhash
INFO  [17:31:56.876] [bbotk]  48a492e0-f746-4426-8e9a-2e21b3c9dfb9
INFO  [17:31:56.886] [bbotk] Evaluating 1 configuration(s)
INFO  [17:31:57.051] [bbotk] Result of batch 9:
INFO  [17:31:57.053] [bbotk]  nrounds       eta max_depth  classif.ce warnings errors runtime_learners
INFO  [17:31:57.053] [bbotk]      226 0.2018521         3 0.004046544        0      0            0.119
INFO  [17:31:57.053] [bbotk]                                 uhash
INFO  [17:31:57.053] [bbotk]  11b7db8e-775f-41ce-93af-27a47e43f0f7
INFO  [17:31:57.065] [bbotk] Evaluating 1 configuration(s)
INFO  [17:31:57.342] [bbotk] Result of batch 10:
INFO  [17:31:57.345] [bbotk]  nrounds        eta max_depth classif.ce warnings errors runtime_learners
INFO  [17:31:57.345] [bbotk]      238 0.02923186        10 0.01011329        0      0            0.234
INFO  [17:31:57.345] [bbotk]                                 uhash
INFO  [17:31:57.345] [bbotk]  e42a244f-dea7-4a7d-b5fe-13e39f67f660
INFO  [17:31:57.365] [bbotk] Finished optimizing after 10 evaluation(s)
INFO  [17:31:57.366] [bbotk] Result:
INFO  [17:31:57.368] [bbotk]  nrounds       eta max_depth learner_param_vals  x_domain  classif.ce
INFO  [17:31:57.368] [bbotk]    <int>     <num>     <int>             <list>    <list>       <num>
INFO  [17:31:57.368] [bbotk]      118 0.1615185         2          <list[5]> <list[3]> 0.003036443
INFO  [17:31:57.460] [bbotk] Starting to optimize 3 parameter(s) with '<OptimizerBatchRandomSearch>' and '<TerminatorEvals> [n_evals=10, k=0]'
INFO  [17:31:57.476] [bbotk] Evaluating 1 configuration(s)
INFO  [17:31:57.677] [bbotk] Result of batch 1:
INFO  [17:31:57.679] [bbotk]  nrounds       eta max_depth  classif.ce warnings errors runtime_learners
INFO  [17:31:57.679] [bbotk]      282 0.1832373         5 0.008099229        0      0            0.158
INFO  [17:31:57.679] [bbotk]                                 uhash
INFO  [17:31:57.679] [bbotk]  3124221d-b6a1-4925-9955-aad0fb5bf347
INFO  [17:31:57.684] [bbotk] Evaluating 1 configuration(s)
INFO  [17:31:57.809] [bbotk] Result of batch 2:
INFO  [17:31:57.811] [bbotk]  nrounds       eta max_depth  classif.ce warnings errors runtime_learners
INFO  [17:31:57.811] [bbotk]       58 0.1838202         3 0.009112401        0      0            0.072
INFO  [17:31:57.811] [bbotk]                                 uhash
INFO  [17:31:57.811] [bbotk]  1be9017d-afdd-4816-9576-fb99e2c54959
INFO  [17:31:57.819] [bbotk] Evaluating 1 configuration(s)
INFO  [17:31:58.015] [bbotk] Result of batch 3:
INFO  [17:31:58.018] [bbotk]  nrounds       eta max_depth  classif.ce warnings errors runtime_learners
INFO  [17:31:58.018] [bbotk]      263 0.1967326         9 0.008096159        0      0            0.149
INFO  [17:31:58.018] [bbotk]                                 uhash
INFO  [17:31:58.018] [bbotk]  23806bed-1887-43c1-be5a-08be47793808
INFO  [17:31:58.022] [bbotk] Evaluating 1 configuration(s)
INFO  [17:31:58.153] [bbotk] Result of batch 4:
INFO  [17:31:58.155] [bbotk]  nrounds       eta max_depth  classif.ce warnings errors runtime_learners
INFO  [17:31:58.155] [bbotk]      157 0.1785087         4 0.006072887        0      0             0.09
INFO  [17:31:58.155] [bbotk]                                 uhash
INFO  [17:31:58.155] [bbotk]  594592bc-454c-4849-91ac-a693f37da6ed
INFO  [17:31:58.162] [bbotk] Evaluating 1 configuration(s)
INFO  [17:31:58.299] [bbotk] Result of batch 5:
INFO  [17:31:58.300] [bbotk]  nrounds       eta max_depth  classif.ce warnings errors runtime_learners
INFO  [17:31:58.300] [bbotk]      188 0.2990073         2 0.005059716        0      0            0.098
INFO  [17:31:58.300] [bbotk]                                 uhash
INFO  [17:31:58.300] [bbotk]  5d6e6721-618c-4e6d-b656-8fc70afb9d4f
INFO  [17:31:58.305] [bbotk] Evaluating 1 configuration(s)
INFO  [17:31:58.477] [bbotk] Result of batch 6:
INFO  [17:31:58.478] [bbotk]  nrounds       eta max_depth  classif.ce warnings errors runtime_learners
INFO  [17:31:58.478] [bbotk]      282 0.2261895         3 0.006072887        0      0             0.12
INFO  [17:31:58.478] [bbotk]                                 uhash
INFO  [17:31:58.478] [bbotk]  b14c4f02-a29b-4c8c-b658-2b180d6c70b5
INFO  [17:31:58.482] [bbotk] Evaluating 1 configuration(s)
INFO  [17:31:58.676] [bbotk] Result of batch 7:
INFO  [17:31:58.677] [bbotk]  nrounds        eta max_depth classif.ce warnings errors runtime_learners
INFO  [17:31:58.677] [bbotk]      130 0.02483371         7 0.01315895        0      0            0.157
INFO  [17:31:58.677] [bbotk]                                 uhash
INFO  [17:31:58.677] [bbotk]  3a7db55f-f601-4e91-ad92-1f7719b3b9db
INFO  [17:31:58.686] [bbotk] Evaluating 1 configuration(s)
INFO  [17:31:58.854] [bbotk] Result of batch 8:
INFO  [17:31:58.856] [bbotk]  nrounds       eta max_depth classif.ce warnings errors runtime_learners
INFO  [17:31:58.856] [bbotk]      256 0.2985302         4 0.00910933        0      0            0.127
INFO  [17:31:58.856] [bbotk]                                 uhash
INFO  [17:31:58.856] [bbotk]  25760764-b1f8-48b7-93ac-1c437d62cad9
INFO  [17:31:58.866] [bbotk] Evaluating 1 configuration(s)
INFO  [17:31:58.969] [bbotk] Result of batch 9:
INFO  [17:31:58.971] [bbotk]  nrounds       eta max_depth classif.ce warnings errors runtime_learners
INFO  [17:31:58.971] [bbotk]       80 0.2289683         7 0.00910626        0      0             0.06
INFO  [17:31:58.971] [bbotk]                                 uhash
INFO  [17:31:58.971] [bbotk]  caa83cd1-1cb7-404d-a03d-94e138903e47
INFO  [17:31:58.981] [bbotk] Evaluating 1 configuration(s)
INFO  [17:31:59.090] [bbotk] Result of batch 10:
INFO  [17:31:59.091] [bbotk]  nrounds       eta max_depth  classif.ce warnings errors runtime_learners
INFO  [17:31:59.091] [bbotk]      103 0.2216724         3 0.008099229        0      0            0.069
INFO  [17:31:59.091] [bbotk]                                 uhash
INFO  [17:31:59.091] [bbotk]  1dc5b221-b1c5-4dfc-9d6b-85a191f21c07
INFO  [17:31:59.107] [bbotk] Finished optimizing after 10 evaluation(s)
INFO  [17:31:59.108] [bbotk] Result:
INFO  [17:31:59.108] [bbotk]  nrounds       eta max_depth learner_param_vals  x_domain  classif.ce
INFO  [17:31:59.108] [bbotk]    <int>     <num>     <int>             <list>    <list>       <num>
INFO  [17:31:59.108] [bbotk]      188 0.2990073         2          <list[5]> <list[3]> 0.005059716
INFO  [17:31:59.225] [bbotk] Starting to optimize 3 parameter(s) with '<OptimizerBatchRandomSearch>' and '<TerminatorEvals> [n_evals=10, k=0]'
INFO  [17:31:59.237] [bbotk] Evaluating 1 configuration(s)
INFO  [17:31:59.440] [bbotk] Result of batch 1:
INFO  [17:31:59.441] [bbotk]  nrounds       eta max_depth classif.ce warnings errors runtime_learners
INFO  [17:31:59.441] [bbotk]      208 0.2269101         8  0.0101225        0      0            0.154
INFO  [17:31:59.441] [bbotk]                                 uhash
INFO  [17:31:59.441] [bbotk]  a0d62f9e-0933-40b8-b1d3-28e69a9507f7
INFO  [17:31:59.445] [bbotk] Evaluating 1 configuration(s)
INFO  [17:31:59.578] [bbotk] Result of batch 2:
INFO  [17:31:59.583] [bbotk]  nrounds        eta max_depth classif.ce warnings errors runtime_learners
INFO  [17:31:59.583] [bbotk]       66 0.02176058         3 0.04858617        0      0            0.082
INFO  [17:31:59.583] [bbotk]                                 uhash
INFO  [17:31:59.583] [bbotk]  5c58a70c-6c0a-432c-8e3f-bb3988e8a8d2
INFO  [17:31:59.587] [bbotk] Evaluating 1 configuration(s)
INFO  [17:31:59.785] [bbotk] Result of batch 3:
INFO  [17:31:59.786] [bbotk]  nrounds       eta max_depth  classif.ce warnings errors runtime_learners
INFO  [17:31:59.786] [bbotk]      241 0.1046222         9 0.008096159        0      0            0.158
INFO  [17:31:59.786] [bbotk]                                 uhash
INFO  [17:31:59.786] [bbotk]  f9963116-cc94-4940-95bb-61566c106226
INFO  [17:31:59.790] [bbotk] Evaluating 1 configuration(s)
INFO  [17:32:00.007] [bbotk] Result of batch 4:
INFO  [17:32:00.008] [bbotk]  nrounds        eta max_depth classif.ce warnings errors runtime_learners
INFO  [17:32:00.008] [bbotk]      265 0.08089118         7 0.00910933        0      0            0.168
INFO  [17:32:00.008] [bbotk]                                 uhash
INFO  [17:32:00.008] [bbotk]  9d46555f-a6af-4e07-ba83-006f14511de5
INFO  [17:32:00.014] [bbotk] Evaluating 1 configuration(s)
INFO  [17:32:00.115] [bbotk] Result of batch 5:
INFO  [17:32:00.117] [bbotk]  nrounds       eta max_depth  classif.ce warnings errors runtime_learners
INFO  [17:32:00.117] [bbotk]       55 0.1354632         3 0.008099229        0      0            0.044
INFO  [17:32:00.117] [bbotk]                                 uhash
INFO  [17:32:00.117] [bbotk]  3a80d668-884b-4587-b446-9388f4573fb1
INFO  [17:32:00.127] [bbotk] Evaluating 1 configuration(s)
INFO  [17:32:00.330] [bbotk] Result of batch 6:
INFO  [17:32:00.331] [bbotk]  nrounds        eta max_depth classif.ce warnings errors runtime_learners
INFO  [17:32:00.331] [bbotk]      153 0.06260377         5 0.01011943        0      0            0.138
INFO  [17:32:00.331] [bbotk]                                 uhash
INFO  [17:32:00.331] [bbotk]  f1bfd04d-1b24-43fa-9113-f9d19e90cdb2
INFO  [17:32:00.342] [bbotk] Evaluating 1 configuration(s)
INFO  [17:32:00.521] [bbotk] Result of batch 7:
INFO  [17:32:00.522] [bbotk]  nrounds       eta max_depth  classif.ce warnings errors runtime_learners
INFO  [17:32:00.522] [bbotk]      230 0.1396148         3 0.008099229        0      0            0.133
INFO  [17:32:00.522] [bbotk]                                 uhash
INFO  [17:32:00.522] [bbotk]  4419ddc3-4e41-4c82-b550-d818893de29f
INFO  [17:32:00.526] [bbotk] Evaluating 1 configuration(s)
INFO  [17:32:00.672] [bbotk] Result of batch 8:
INFO  [17:32:00.674] [bbotk]  nrounds      eta max_depth classif.ce warnings errors runtime_learners
INFO  [17:32:00.674] [bbotk]      180 0.212734         8  0.0101225        0      0            0.109
INFO  [17:32:00.674] [bbotk]                                 uhash
INFO  [17:32:00.674] [bbotk]  21ee4004-263b-4b02-bd85-50e9e1f1d273
INFO  [17:32:00.681] [bbotk] Evaluating 1 configuration(s)
INFO  [17:32:00.804] [bbotk] Result of batch 9:
INFO  [17:32:00.805] [bbotk]  nrounds     eta max_depth  classif.ce warnings errors runtime_learners
INFO  [17:32:00.805] [bbotk]      157 0.18878         2 0.005059716        0      0            0.084
INFO  [17:32:00.805] [bbotk]                                 uhash
INFO  [17:32:00.805] [bbotk]  49e53eac-86f7-4e65-929a-a848c3f14e58
INFO  [17:32:00.813] [bbotk] Evaluating 1 configuration(s)
INFO  [17:32:00.948] [bbotk] Result of batch 10:
INFO  [17:32:00.951] [bbotk]  nrounds       eta max_depth classif.ce warnings errors runtime_learners
INFO  [17:32:00.951] [bbotk]       53 0.1756715         8 0.00910933        0      0            0.071
INFO  [17:32:00.951] [bbotk]                                 uhash
INFO  [17:32:00.951] [bbotk]  12e5c9c4-bd99-4fcd-b8f6-891974467235
INFO  [17:32:00.964] [bbotk] Finished optimizing after 10 evaluation(s)
INFO  [17:32:00.965] [bbotk] Result:
INFO  [17:32:00.967] [bbotk]  nrounds     eta max_depth learner_param_vals  x_domain  classif.ce
INFO  [17:32:00.967] [bbotk]    <int>   <num>     <int>             <list>    <list>       <num>
INFO  [17:32:00.967] [bbotk]      157 0.18878         2          <list[5]> <list[3]> 0.005059716

### [bt]: Job terminated successfully [batchtools job.id=3418]
### [bt]: Starting job [batchtools job.id=3419]
### [bt]: Generating problem instance for problem '6fbfe6520e3d949c' ...
### [bt]: Applying algorithm 'run_learner' on problem '6fbfe6520e3d949c' for job 3419 (seed = 3420) ...
INFO  [17:32:01.100] [mlr3] Applying learner 'classif.xgboost.tuned_calib.oof_isotonic' on task 'banknote-authentication' (iter 9/10)
INFO  [17:32:01.157] [bbotk] Starting to optimize 3 parameter(s) with '<OptimizerBatchRandomSearch>' and '<TerminatorEvals> [n_evals=10, k=0]'
INFO  [17:32:01.171] [bbotk] Evaluating 1 configuration(s)
INFO  [17:32:01.320] [bbotk] Result of batch 1:
INFO  [17:32:01.322] [bbotk]  nrounds       eta max_depth classif.ce warnings errors runtime_learners
INFO  [17:32:01.322] [bbotk]      198 0.2596144         7  0.0121427        0      0            0.094
INFO  [17:32:01.322] [bbotk]                                 uhash
INFO  [17:32:01.322] [bbotk]  72783ed5-d0f9-4d63-98f7-437ff127d36d
INFO  [17:32:01.329] [bbotk] Evaluating 1 configuration(s)
INFO  [17:32:01.546] [bbotk] Result of batch 2:
INFO  [17:32:01.546] [bbotk]  nrounds       eta max_depth  classif.ce warnings errors runtime_learners
INFO  [17:32:01.546] [bbotk]      291 0.2300769         3 0.007086058        0      0            0.156
INFO  [17:32:01.546] [bbotk]                                 uhash
INFO  [17:32:01.546] [bbotk]  d46722b7-d4f3-4eca-a821-f4e2c3130b80
INFO  [17:32:01.554] [bbotk] Evaluating 1 configuration(s)
INFO  [17:32:01.702] [bbotk] Result of batch 3:
INFO  [17:32:01.704] [bbotk]  nrounds        eta max_depth classif.ce warnings errors runtime_learners
INFO  [17:32:01.704] [bbotk]      139 0.04990575         2 0.02226828        0      0            0.089
INFO  [17:32:01.704] [bbotk]                                 uhash
INFO  [17:32:01.704] [bbotk]  866558a9-c099-4d74-a939-a4c5d29f5d9f
INFO  [17:32:01.719] [bbotk] Evaluating 1 configuration(s)
INFO  [17:32:01.852] [bbotk] Result of batch 4:
INFO  [17:32:01.855] [bbotk]  nrounds      eta max_depth  classif.ce warnings errors runtime_learners
INFO  [17:32:01.855] [bbotk]      115 0.144726         2 0.008099229        0      0            0.067
INFO  [17:32:01.855] [bbotk]                                 uhash
INFO  [17:32:01.855] [bbotk]  4228dd98-4311-43ef-89db-6f6f28967a0a
INFO  [17:32:01.862] [bbotk] Evaluating 1 configuration(s)
INFO  [17:32:02.206] [bbotk] Result of batch 5:
INFO  [17:32:02.208] [bbotk]  nrounds        eta max_depth classif.ce warnings errors runtime_learners
INFO  [17:32:02.208] [bbotk]      255 0.01347404        10 0.01214577        0      0            0.277
INFO  [17:32:02.208] [bbotk]                                 uhash
INFO  [17:32:02.208] [bbotk]  53222200-ffa8-40cc-998a-9089b431f7cc
INFO  [17:32:02.221] [bbotk] Evaluating 1 configuration(s)
INFO  [17:32:02.424] [bbotk] Result of batch 6:
INFO  [17:32:02.426] [bbotk]  nrounds       eta max_depth classif.ce warnings errors runtime_learners
INFO  [17:32:02.426] [bbotk]      168 0.2974253         7 0.01315587        0      0            0.144
INFO  [17:32:02.426] [bbotk]                                 uhash
INFO  [17:32:02.426] [bbotk]  72a32a6d-d4f3-4ee6-ad69-6593c636eadc
INFO  [17:32:02.431] [bbotk] Evaluating 1 configuration(s)
INFO  [17:32:02.583] [bbotk] Result of batch 7:
INFO  [17:32:02.584] [bbotk]  nrounds       eta max_depth classif.ce warnings errors runtime_learners
INFO  [17:32:02.584] [bbotk]      142 0.1211701         8 0.01214577        0      0            0.109
INFO  [17:32:02.584] [bbotk]                                 uhash
INFO  [17:32:02.584] [bbotk]  409974aa-af36-44bb-a254-cf54c9817aaf
INFO  [17:32:02.588] [bbotk] Evaluating 1 configuration(s)
INFO  [17:32:02.683] [bbotk] Result of batch 8:
INFO  [17:32:02.684] [bbotk]  nrounds        eta max_depth classif.ce warnings errors runtime_learners
INFO  [17:32:02.684] [bbotk]       57 0.08179192         3 0.01721163        0      0             0.06
INFO  [17:32:02.684] [bbotk]                                 uhash
INFO  [17:32:02.684] [bbotk]  f2a03468-064f-4dda-80b4-7e5d558e5469
INFO  [17:32:02.698] [bbotk] Evaluating 1 configuration(s)
INFO  [17:32:02.913] [bbotk] Result of batch 9:
INFO  [17:32:02.916] [bbotk]  nrounds       eta max_depth classif.ce warnings errors runtime_learners
INFO  [17:32:02.916] [bbotk]      245 0.1170827         3 0.00910933        0      0            0.162
INFO  [17:32:02.916] [bbotk]                                 uhash
INFO  [17:32:02.916] [bbotk]  2e2ff058-d69d-469a-a6d8-2053f10d12b8
INFO  [17:32:02.920] [bbotk] Evaluating 1 configuration(s)
INFO  [17:32:03.091] [bbotk] Result of batch 10:
INFO  [17:32:03.092] [bbotk]  nrounds       eta max_depth  classif.ce warnings errors runtime_learners
INFO  [17:32:03.092] [bbotk]      182 0.2761416         2 0.008099229        0      0            0.136
INFO  [17:32:03.092] [bbotk]                                 uhash
INFO  [17:32:03.092] [bbotk]  633d5673-57b2-4030-9c0f-fd3d58b6fa54
INFO  [17:32:03.115] [bbotk] Finished optimizing after 10 evaluation(s)
INFO  [17:32:03.116] [bbotk] Result:
INFO  [17:32:03.123] [bbotk]  nrounds       eta max_depth learner_param_vals  x_domain  classif.ce
INFO  [17:32:03.123] [bbotk]    <int>     <num>     <int>             <list>    <list>       <num>
INFO  [17:32:03.123] [bbotk]      291 0.2300769         3          <list[5]> <list[3]> 0.007086058
INFO  [17:32:03.292] [bbotk] Starting to optimize 3 parameter(s) with '<OptimizerBatchRandomSearch>' and '<TerminatorEvals> [n_evals=10, k=0]'
INFO  [17:32:03.313] [bbotk] Evaluating 1 configuration(s)
INFO  [17:32:03.513] [bbotk] Result of batch 1:
INFO  [17:32:03.514] [bbotk]  nrounds       eta max_depth  classif.ce warnings errors runtime_learners
INFO  [17:32:03.514] [bbotk]      227 0.1536743         8 0.005062786        0      0             0.15
INFO  [17:32:03.514] [bbotk]                                 uhash
INFO  [17:32:03.514] [bbotk]  37c5e754-f698-4db4-9dd4-e169a95ffc83
INFO  [17:32:03.521] [bbotk] Evaluating 1 configuration(s)
INFO  [17:32:03.714] [bbotk] Result of batch 2:
INFO  [17:32:03.715] [bbotk]  nrounds       eta max_depth  classif.ce warnings errors runtime_learners
INFO  [17:32:03.715] [bbotk]      283 0.2463365         8 0.006075957        0      0            0.148
INFO  [17:32:03.715] [bbotk]                                 uhash
INFO  [17:32:03.715] [bbotk]  b1bf6593-bd0b-423b-8fb1-bd20c26ac926
INFO  [17:32:03.725] [bbotk] Evaluating 1 configuration(s)
INFO  [17:32:03.921] [bbotk] Result of batch 3:
INFO  [17:32:03.923] [bbotk]  nrounds        eta max_depth  classif.ce warnings errors runtime_learners
INFO  [17:32:03.923] [bbotk]      232 0.08913797        10 0.004049615        0      0            0.152
INFO  [17:32:03.923] [bbotk]                                 uhash
INFO  [17:32:03.923] [bbotk]  3c0ece59-acde-485b-a5b3-b1907d7a9031
INFO  [17:32:03.933] [bbotk] Evaluating 1 configuration(s)
INFO  [17:32:04.090] [bbotk] Result of batch 4:
INFO  [17:32:04.092] [bbotk]  nrounds       eta max_depth  classif.ce warnings errors runtime_learners
INFO  [17:32:04.092] [bbotk]      203 0.2589271         3 0.005065856        0      0            0.096
INFO  [17:32:04.092] [bbotk]                                 uhash
INFO  [17:32:04.092] [bbotk]  a09c07c5-44b4-46ed-a30a-abe0345c3058
INFO  [17:32:04.105] [bbotk] Evaluating 1 configuration(s)
INFO  [17:32:04.340] [bbotk] Result of batch 5:
INFO  [17:32:04.341] [bbotk]  nrounds        eta max_depth  classif.ce warnings errors runtime_learners
INFO  [17:32:04.341] [bbotk]      293 0.03553532         3 0.008096159        0      0            0.186
INFO  [17:32:04.341] [bbotk]                                 uhash
INFO  [17:32:04.341] [bbotk]  8c65c455-ef00-4fe6-94d4-1484ae6c00aa
INFO  [17:32:04.345] [bbotk] Evaluating 1 configuration(s)
INFO  [17:32:04.532] [bbotk] Result of batch 6:
INFO  [17:32:04.534] [bbotk]  nrounds       eta max_depth  classif.ce warnings errors runtime_learners
INFO  [17:32:04.534] [bbotk]      219 0.2330205         7 0.004049615        0      0            0.122
INFO  [17:32:04.534] [bbotk]                                 uhash
INFO  [17:32:04.534] [bbotk]  054dc89b-d328-4718-b99e-1eb5af364f08
INFO  [17:32:04.539] [bbotk] Evaluating 1 configuration(s)
INFO  [17:32:04.697] [bbotk] Result of batch 7:
INFO  [17:32:04.699] [bbotk]  nrounds        eta max_depth  classif.ce warnings errors runtime_learners
INFO  [17:32:04.699] [bbotk]      167 0.07422229         3 0.006075957        0      0            0.108
INFO  [17:32:04.699] [bbotk]                                 uhash
INFO  [17:32:04.699] [bbotk]  ec7e2fcd-06d8-41df-8120-f9074dcc7afa
INFO  [17:32:04.704] [bbotk] Evaluating 1 configuration(s)
INFO  [17:32:04.806] [bbotk] Result of batch 8:
INFO  [17:32:04.807] [bbotk]  nrounds        eta max_depth  classif.ce warnings errors runtime_learners
INFO  [17:32:04.807] [bbotk]       68 0.07385327         8 0.007086058        0      0            0.065
INFO  [17:32:04.807] [bbotk]                                 uhash
INFO  [17:32:04.807] [bbotk]  24011f77-ce06-4c30-a34b-971e5bdcfdf5
INFO  [17:32:04.814] [bbotk] Evaluating 1 configuration(s)
INFO  [17:32:04.944] [bbotk] Result of batch 9:
INFO  [17:32:04.945] [bbotk]  nrounds       eta max_depth  classif.ce warnings errors runtime_learners
INFO  [17:32:04.945] [bbotk]      148 0.2080847         9 0.004049615        0      0            0.091
INFO  [17:32:04.945] [bbotk]                                 uhash
INFO  [17:32:04.945] [bbotk]  5c6733da-f27a-4dd9-9d25-3cced46ed1f4
INFO  [17:32:04.949] [bbotk] Evaluating 1 configuration(s)
INFO  [17:32:05.193] [bbotk] Result of batch 10:
INFO  [17:32:05.195] [bbotk]  nrounds      eta max_depth  classif.ce warnings errors runtime_learners
INFO  [17:32:05.195] [bbotk]      262 0.076895         8 0.004049615        0      0            0.196
INFO  [17:32:05.195] [bbotk]                                 uhash
INFO  [17:32:05.195] [bbotk]  77ae1f09-a1a7-4950-9a16-b41692ecbf60
INFO  [17:32:05.204] [bbotk] Finished optimizing after 10 evaluation(s)
INFO  [17:32:05.204] [bbotk] Result:
INFO  [17:32:05.205] [bbotk]  nrounds        eta max_depth learner_param_vals  x_domain  classif.ce
INFO  [17:32:05.205] [bbotk]    <int>      <num>     <int>             <list>    <list>       <num>
INFO  [17:32:05.205] [bbotk]      232 0.08913797        10          <list[5]> <list[3]> 0.004049615
INFO  [17:32:05.302] [bbotk] Starting to optimize 3 parameter(s) with '<OptimizerBatchRandomSearch>' and '<TerminatorEvals> [n_evals=10, k=0]'
INFO  [17:32:05.321] [bbotk] Evaluating 1 configuration(s)
INFO  [17:32:05.512] [bbotk] Result of batch 1:
INFO  [17:32:05.513] [bbotk]  nrounds       eta max_depth  classif.ce warnings errors runtime_learners
INFO  [17:32:05.513] [bbotk]      243 0.1372526         4 0.005065856        0      0            0.139
INFO  [17:32:05.513] [bbotk]                                 uhash
INFO  [17:32:05.513] [bbotk]  b9a02c1f-d0de-4eb3-ba7b-839d5f42faea
INFO  [17:32:05.517] [bbotk] Evaluating 1 configuration(s)
INFO  [17:32:05.654] [bbotk] Result of batch 2:
INFO  [17:32:05.658] [bbotk]  nrounds       eta max_depth  classif.ce warnings errors runtime_learners
INFO  [17:32:05.658] [bbotk]      173 0.2680842         9 0.006079027        0      0             0.09
INFO  [17:32:05.658] [bbotk]                                 uhash
INFO  [17:32:05.658] [bbotk]  34e2ae91-8176-4438-beaa-4a5025a4a483
INFO  [17:32:05.669] [bbotk] Evaluating 1 configuration(s)
INFO  [17:32:05.785] [bbotk] Result of batch 3:
INFO  [17:32:05.786] [bbotk]  nrounds       eta max_depth  classif.ce warnings errors runtime_learners
INFO  [17:32:05.786] [bbotk]       90 0.2138202         3 0.004052685        0      0            0.078
INFO  [17:32:05.786] [bbotk]                                 uhash
INFO  [17:32:05.786] [bbotk]  8982a7a5-15cd-4540-9345-a427557b75af
INFO  [17:32:05.790] [bbotk] Evaluating 1 configuration(s)
INFO  [17:32:05.955] [bbotk] Result of batch 4:
INFO  [17:32:05.957] [bbotk]  nrounds       eta max_depth  classif.ce warnings errors runtime_learners
INFO  [17:32:05.957] [bbotk]      261 0.2278597        10 0.006079027        0      0            0.126
INFO  [17:32:05.957] [bbotk]                                 uhash
INFO  [17:32:05.957] [bbotk]  fe245d1a-deab-4b3f-91e6-54ad1c320439
INFO  [17:32:05.971] [bbotk] Evaluating 1 configuration(s)
INFO  [17:32:06.159] [bbotk] Result of batch 5:
INFO  [17:32:06.161] [bbotk]  nrounds       eta max_depth  classif.ce warnings errors runtime_learners
INFO  [17:32:06.161] [bbotk]      232 0.1631016         3 0.003039514        0      0            0.148
INFO  [17:32:06.161] [bbotk]                                 uhash
INFO  [17:32:06.161] [bbotk]  4bcc695d-eb47-4713-9571-d7b78cead2de
INFO  [17:32:06.165] [bbotk] Evaluating 1 configuration(s)
INFO  [17:32:06.251] [bbotk] Result of batch 6:
INFO  [17:32:06.252] [bbotk]  nrounds     eta max_depth  classif.ce warnings errors runtime_learners
INFO  [17:32:06.252] [bbotk]       65 0.23526         7 0.006079027        0      0            0.048
INFO  [17:32:06.252] [bbotk]                                 uhash
INFO  [17:32:06.252] [bbotk]  171b0083-b873-43e0-b9cb-b0dd44196ed6
INFO  [17:32:06.256] [bbotk] Evaluating 1 configuration(s)
INFO  [17:32:06.438] [bbotk] Result of batch 7:
INFO  [17:32:06.440] [bbotk]  nrounds       eta max_depth  classif.ce warnings errors runtime_learners
INFO  [17:32:06.440] [bbotk]       59 0.1934164         3 0.004052685        0      0            0.137
INFO  [17:32:06.440] [bbotk]                                 uhash
INFO  [17:32:06.440] [bbotk]  80cf012f-e405-42cd-b38b-7291466d74f4
INFO  [17:32:06.453] [bbotk] Evaluating 1 configuration(s)
INFO  [17:32:06.629] [bbotk] Result of batch 8:
INFO  [17:32:06.630] [bbotk]  nrounds       eta max_depth  classif.ce warnings errors runtime_learners
INFO  [17:32:06.630] [bbotk]      201 0.2314966         3 0.003039514        0      0            0.108
INFO  [17:32:06.630] [bbotk]                                 uhash
INFO  [17:32:06.630] [bbotk]  922885b6-e22b-499a-9632-5640934e9fc1
INFO  [17:32:06.634] [bbotk] Evaluating 1 configuration(s)
INFO  [17:32:06.830] [bbotk] Result of batch 9:
INFO  [17:32:06.831] [bbotk]  nrounds       eta max_depth  classif.ce warnings errors runtime_learners
INFO  [17:32:06.831] [bbotk]      224 0.1558494         6 0.005065856        0      0            0.137
INFO  [17:32:06.831] [bbotk]                                 uhash
INFO  [17:32:06.831] [bbotk]  f9657edc-2719-4b79-8a18-24e36c6fe505
INFO  [17:32:06.835] [bbotk] Evaluating 1 configuration(s)
INFO  [17:32:07.032] [bbotk] Result of batch 10:
INFO  [17:32:07.033] [bbotk]  nrounds        eta max_depth  classif.ce warnings errors runtime_learners
INFO  [17:32:07.033] [bbotk]      185 0.04365733         5 0.006079027        0      0            0.149
INFO  [17:32:07.033] [bbotk]                                 uhash
INFO  [17:32:07.033] [bbotk]  64894391-e01a-4af3-a7b5-b0a01ea942fb
INFO  [17:32:07.053] [bbotk] Finished optimizing after 10 evaluation(s)
INFO  [17:32:07.053] [bbotk] Result:
INFO  [17:32:07.055] [bbotk]  nrounds       eta max_depth learner_param_vals  x_domain  classif.ce
INFO  [17:32:07.055] [bbotk]    <int>     <num>     <int>             <list>    <list>       <num>
INFO  [17:32:07.055] [bbotk]      232 0.1631016         3          <list[5]> <list[3]> 0.003039514
INFO  [17:32:07.152] [bbotk] Starting to optimize 3 parameter(s) with '<OptimizerBatchRandomSearch>' and '<TerminatorEvals> [n_evals=10, k=0]'
INFO  [17:32:07.162] [bbotk] Evaluating 1 configuration(s)
INFO  [17:32:07.369] [bbotk] Result of batch 1:
INFO  [17:32:07.370] [bbotk]  nrounds        eta max_depth classif.ce warnings errors runtime_learners
INFO  [17:32:07.370] [bbotk]      211 0.08847112        10 0.01619539        0      0            0.162
INFO  [17:32:07.370] [bbotk]                                 uhash
INFO  [17:32:07.370] [bbotk]  cd9b9195-bd52-4025-80ba-8170ea8ede6f
INFO  [17:32:07.379] [bbotk] Evaluating 1 configuration(s)
INFO  [17:32:07.539] [bbotk] Result of batch 2:
INFO  [17:32:07.541] [bbotk]  nrounds      eta max_depth classif.ce warnings errors runtime_learners
INFO  [17:32:07.541] [bbotk]      197 0.240245         7 0.01214577        0      0            0.108
INFO  [17:32:07.541] [bbotk]                                 uhash
INFO  [17:32:07.541] [bbotk]  de9803be-5980-49e9-a381-4892770f7a2a
INFO  [17:32:07.573] [bbotk] Evaluating 1 configuration(s)
INFO  [17:32:07.717] [bbotk] Result of batch 3:
INFO  [17:32:07.719] [bbotk]  nrounds       eta max_depth classif.ce warnings errors runtime_learners
INFO  [17:32:07.719] [bbotk]       65 0.1425487         4 0.01215191        0      0            0.082
INFO  [17:32:07.719] [bbotk]                                 uhash
INFO  [17:32:07.719] [bbotk]  9aa87295-8d75-4e93-a6d9-827f4941d439
INFO  [17:32:07.724] [bbotk] Evaluating 1 configuration(s)
INFO  [17:32:07.896] [bbotk] Result of batch 4:
INFO  [17:32:07.897] [bbotk]  nrounds       eta max_depth classif.ce warnings errors runtime_learners
INFO  [17:32:07.897] [bbotk]      258 0.2768782         5 0.01416905        0      0            0.115
INFO  [17:32:07.897] [bbotk]                                 uhash
INFO  [17:32:07.897] [bbotk]  f1e0b099-66a7-4a6a-8c68-40ab16a72dcf
INFO  [17:32:07.902] [bbotk] Evaluating 1 configuration(s)
INFO  [17:32:08.018] [bbotk] Result of batch 5:
INFO  [17:32:08.020] [bbotk]  nrounds        eta max_depth classif.ce warnings errors runtime_learners
INFO  [17:32:08.020] [bbotk]       69 0.01696235         3 0.04555893        0      0            0.058
INFO  [17:32:08.020] [bbotk]                                 uhash
INFO  [17:32:08.020] [bbotk]  1ec1e3cf-2284-4fcd-9a32-4c27060e1ed1
INFO  [17:32:08.032] [bbotk] Evaluating 1 configuration(s)
INFO  [17:32:08.158] [bbotk] Result of batch 6:
INFO  [17:32:08.159] [bbotk]  nrounds        eta max_depth classif.ce warnings errors runtime_learners
INFO  [17:32:08.159] [bbotk]       54 0.06508392         6 0.01922876        0      0            0.079
INFO  [17:32:08.159] [bbotk]                                 uhash
INFO  [17:32:08.159] [bbotk]  0fda8cc7-0d2c-468b-a684-a5325b21ceb6
INFO  [17:32:08.163] [bbotk] Evaluating 1 configuration(s)
INFO  [17:32:08.387] [bbotk] Result of batch 7:
INFO  [17:32:08.389] [bbotk]  nrounds       eta max_depth classif.ce warnings errors runtime_learners
INFO  [17:32:08.389] [bbotk]      298 0.1715203        10 0.01113567        0      0             0.17
INFO  [17:32:08.389] [bbotk]                                 uhash
INFO  [17:32:08.389] [bbotk]  44305c30-91a3-4a46-8588-59dfcd1b75e0
INFO  [17:32:08.397] [bbotk] Evaluating 1 configuration(s)
INFO  [17:32:08.597] [bbotk] Result of batch 8:
INFO  [17:32:08.598] [bbotk]  nrounds       eta max_depth classif.ce warnings errors runtime_learners
INFO  [17:32:08.598] [bbotk]      264 0.1745056         4 0.01316202        0      0            0.154
INFO  [17:32:08.598] [bbotk]                                 uhash
INFO  [17:32:08.598] [bbotk]  5bf94a4c-2299-4492-aded-9dff72563f1c
INFO  [17:32:08.610] [bbotk] Evaluating 1 configuration(s)
INFO  [17:32:08.749] [bbotk] Result of batch 9:
INFO  [17:32:08.751] [bbotk]  nrounds       eta max_depth classif.ce warnings errors runtime_learners
INFO  [17:32:08.751] [bbotk]       96 0.1353724         4 0.01113874        0      0             0.08
INFO  [17:32:08.751] [bbotk]                                 uhash
INFO  [17:32:08.751] [bbotk]  8b821160-0caa-45d1-a62b-3e94fcc87534
INFO  [17:32:08.757] [bbotk] Evaluating 1 configuration(s)
INFO  [17:32:09.006] [bbotk] Result of batch 10:
INFO  [17:32:09.007] [bbotk]  nrounds       eta max_depth  classif.ce warnings errors runtime_learners
INFO  [17:32:09.007] [bbotk]      291 0.2604971         2 0.007089128        0      0            0.187
INFO  [17:32:09.007] [bbotk]                                 uhash
INFO  [17:32:09.007] [bbotk]  e663545b-ada4-47f6-9f44-22cb7f234c96
INFO  [17:32:09.024] [bbotk] Finished optimizing after 10 evaluation(s)
INFO  [17:32:09.024] [bbotk] Result:
INFO  [17:32:09.025] [bbotk]  nrounds       eta max_depth learner_param_vals  x_domain  classif.ce
INFO  [17:32:09.025] [bbotk]    <int>     <num>     <int>             <list>    <list>       <num>
INFO  [17:32:09.025] [bbotk]      291 0.2604971         2          <list[5]> <list[3]> 0.007089128
INFO  [17:32:09.134] [bbotk] Starting to optimize 3 parameter(s) with '<OptimizerBatchRandomSearch>' and '<TerminatorEvals> [n_evals=10, k=0]'
INFO  [17:32:09.158] [bbotk] Evaluating 1 configuration(s)
INFO  [17:32:09.359] [bbotk] Result of batch 1:
INFO  [17:32:09.362] [bbotk]  nrounds       eta max_depth classif.ce warnings errors runtime_learners
INFO  [17:32:09.362] [bbotk]      281 0.1987085         2 0.01013171        0      0            0.142
INFO  [17:32:09.362] [bbotk]                                 uhash
INFO  [17:32:09.362] [bbotk]  315b7937-fb71-4a16-a0e7-b76a12af90d9
INFO  [17:32:09.374] [bbotk] Evaluating 1 configuration(s)
INFO  [17:32:09.524] [bbotk] Result of batch 2:
INFO  [17:32:09.526] [bbotk]  nrounds       eta max_depth classif.ce warnings errors runtime_learners
INFO  [17:32:09.526] [bbotk]      143 0.2497104         8 0.01113874        0      0            0.099
INFO  [17:32:09.526] [bbotk]                                 uhash
INFO  [17:32:09.526] [bbotk]  56eded3d-1ed0-4df9-becd-68bada488229
INFO  [17:32:09.537] [bbotk] Evaluating 1 configuration(s)
INFO  [17:32:09.709] [bbotk] Result of batch 3:
INFO  [17:32:09.711] [bbotk]  nrounds       eta max_depth classif.ce warnings errors runtime_learners
INFO  [17:32:09.711] [bbotk]      260 0.2431958         7 0.01113874        0      0             0.13
INFO  [17:32:09.711] [bbotk]                                 uhash
INFO  [17:32:09.711] [bbotk]  584b7998-06ff-4c29-a355-e89ba68aee97
INFO  [17:32:09.721] [bbotk] Evaluating 1 configuration(s)
INFO  [17:32:09.843] [bbotk] Result of batch 4:
INFO  [17:32:09.844] [bbotk]  nrounds        eta max_depth classif.ce warnings errors runtime_learners
INFO  [17:32:09.844] [bbotk]       65 0.07830054        10 0.01214884        0      0            0.074
INFO  [17:32:09.844] [bbotk]                                 uhash
INFO  [17:32:09.844] [bbotk]  5683b65e-c971-433b-8c33-bafcefb709c5
INFO  [17:32:09.861] [bbotk] Evaluating 1 configuration(s)
INFO  [17:32:10.094] [bbotk] Result of batch 5:
INFO  [17:32:10.095] [bbotk]  nrounds       eta max_depth classif.ce warnings errors runtime_learners
INFO  [17:32:10.095] [bbotk]      243 0.2431072         9 0.01113874        0      0            0.181
INFO  [17:32:10.095] [bbotk]                                 uhash
INFO  [17:32:10.095] [bbotk]  ac369770-683c-4803-9a1d-567d1c7ff0b2
INFO  [17:32:10.099] [bbotk] Evaluating 1 configuration(s)
INFO  [17:32:10.388] [bbotk] Result of batch 6:
INFO  [17:32:10.392] [bbotk]  nrounds       eta max_depth classif.ce warnings errors runtime_learners
INFO  [17:32:10.392] [bbotk]      251 0.0305545         4 0.01214884        0      0            0.231
INFO  [17:32:10.392] [bbotk]                                 uhash
INFO  [17:32:10.392] [bbotk]  b114a043-df05-4a9b-80d3-0794383fe51e
INFO  [17:32:10.397] [bbotk] Evaluating 1 configuration(s)
INFO  [17:32:10.577] [bbotk] Result of batch 7:
INFO  [17:32:10.579] [bbotk]  nrounds       eta max_depth classif.ce warnings errors runtime_learners
INFO  [17:32:10.579] [bbotk]      294 0.1490985         7 0.01113874        0      0            0.144
INFO  [17:32:10.579] [bbotk]                                 uhash
INFO  [17:32:10.579] [bbotk]  6ade834e-318c-4c7a-8d44-625270046ea7
INFO  [17:32:10.590] [bbotk] Evaluating 1 configuration(s)
INFO  [17:32:10.711] [bbotk] Result of batch 8:
INFO  [17:32:10.712] [bbotk]  nrounds       eta max_depth classif.ce warnings errors runtime_learners
INFO  [17:32:10.712] [bbotk]       60 0.1340933         6 0.01113874        0      0            0.064
INFO  [17:32:10.712] [bbotk]                                 uhash
INFO  [17:32:10.712] [bbotk]  d5c1a726-8840-4f0f-8bb8-4e8922b231f7
INFO  [17:32:10.716] [bbotk] Evaluating 1 configuration(s)
INFO  [17:32:10.899] [bbotk] Result of batch 9:
INFO  [17:32:10.901] [bbotk]  nrounds       eta max_depth classif.ce warnings errors runtime_learners
INFO  [17:32:10.901] [bbotk]      263 0.2638374         2 0.00810537        0      0            0.132
INFO  [17:32:10.901] [bbotk]                                 uhash
INFO  [17:32:10.901] [bbotk]  2046d53a-29f7-4ff4-a5cb-ee7af52dc525
INFO  [17:32:10.906] [bbotk] Evaluating 1 configuration(s)
INFO  [17:32:11.059] [bbotk] Result of batch 10:
INFO  [17:32:11.060] [bbotk]  nrounds       eta max_depth classif.ce warnings errors runtime_learners
INFO  [17:32:11.060] [bbotk]      130 0.2507887         9 0.01113874        0      0            0.101
INFO  [17:32:11.060] [bbotk]                                 uhash
INFO  [17:32:11.060] [bbotk]  693025bf-066b-44f7-9e98-4e7daba71e8b
INFO  [17:32:11.068] [bbotk] Finished optimizing after 10 evaluation(s)
INFO  [17:32:11.068] [bbotk] Result:
INFO  [17:32:11.069] [bbotk]  nrounds       eta max_depth learner_param_vals  x_domain classif.ce
INFO  [17:32:11.069] [bbotk]    <int>     <num>     <int>             <list>    <list>      <num>
INFO  [17:32:11.069] [bbotk]      263 0.2638374         2          <list[5]> <list[3]> 0.00810537

### [bt]: Job terminated successfully [batchtools job.id=3419]
### [bt]: Starting job [batchtools job.id=3420]
### [bt]: Generating problem instance for problem '6fbfe6520e3d949c' ...
### [bt]: Applying algorithm 'run_learner' on problem '6fbfe6520e3d949c' for job 3420 (seed = 3421) ...
INFO  [17:32:11.315] [mlr3] Applying learner 'classif.xgboost.tuned_calib.oof_isotonic' on task 'banknote-authentication' (iter 10/10)
INFO  [17:32:11.371] [bbotk] Starting to optimize 3 parameter(s) with '<OptimizerBatchRandomSearch>' and '<TerminatorEvals> [n_evals=10, k=0]'
INFO  [17:32:11.387] [bbotk] Evaluating 1 configuration(s)
INFO  [17:32:11.607] [bbotk] Result of batch 1:
INFO  [17:32:11.609] [bbotk]  nrounds        eta max_depth classif.ce warnings errors runtime_learners
INFO  [17:32:11.609] [bbotk]      160 0.06167435         8 0.00910012        0      0            0.169
INFO  [17:32:11.609] [bbotk]                                 uhash
INFO  [17:32:11.609] [bbotk]  7bba906f-3723-4b89-b841-c1ecb251eaae
INFO  [17:32:11.615] [bbotk] Evaluating 1 configuration(s)
INFO  [17:32:11.777] [bbotk] Result of batch 2:
INFO  [17:32:11.779] [bbotk]  nrounds       eta max_depth classif.ce warnings errors runtime_learners
INFO  [17:32:11.779] [bbotk]      142 0.1137866        10 0.01011329        0      0            0.119
INFO  [17:32:11.779] [bbotk]                                 uhash
INFO  [17:32:11.779] [bbotk]  599b8cb9-bf3e-4b1e-a0d0-59e5074b68e3
INFO  [17:32:11.785] [bbotk] Evaluating 1 configuration(s)
INFO  [17:32:11.963] [bbotk] Result of batch 3:
INFO  [17:32:11.965] [bbotk]  nrounds        eta max_depth classif.ce warnings errors runtime_learners
INFO  [17:32:11.965] [bbotk]      111 0.08273965        10 0.00910319        0      0            0.106
INFO  [17:32:11.965] [bbotk]                                 uhash
INFO  [17:32:11.965] [bbotk]  7a2ba451-fdca-477d-a0f8-56719f584be5
INFO  [17:32:11.978] [bbotk] Evaluating 1 configuration(s)
INFO  [17:32:12.189] [bbotk] Result of batch 4:
INFO  [17:32:12.190] [bbotk]  nrounds       eta max_depth classif.ce warnings errors runtime_learners
INFO  [17:32:12.190] [bbotk]      192 0.2771464         7 0.01112339        0      0            0.154
INFO  [17:32:12.190] [bbotk]                                 uhash
INFO  [17:32:12.190] [bbotk]  4f4f5b62-9770-49e1-b9f4-8d24b2516149
INFO  [17:32:12.195] [bbotk] Evaluating 1 configuration(s)
INFO  [17:32:12.361] [bbotk] Result of batch 5:
INFO  [17:32:12.363] [bbotk]  nrounds       eta max_depth  classif.ce warnings errors runtime_learners
INFO  [17:32:12.363] [bbotk]      152 0.2272742         2 0.008099229        0      0             0.09
INFO  [17:32:12.363] [bbotk]                                 uhash
INFO  [17:32:12.363] [bbotk]  4d5bda85-da42-4d67-ab28-522f7598b24d
INFO  [17:32:12.379] [bbotk] Evaluating 1 configuration(s)
INFO  [17:32:12.562] [bbotk] Result of batch 6:
INFO  [17:32:12.565] [bbotk]  nrounds       eta max_depth  classif.ce warnings errors runtime_learners
INFO  [17:32:12.565] [bbotk]      190 0.2599965         5 0.008096159        0      0            0.116
INFO  [17:32:12.565] [bbotk]                                 uhash
INFO  [17:32:12.565] [bbotk]  d5d364c1-a0ec-4d44-910c-c4278fa59e38
INFO  [17:32:12.580] [bbotk] Evaluating 1 configuration(s)
INFO  [17:32:12.815] [bbotk] Result of batch 7:
INFO  [17:32:12.817] [bbotk]  nrounds        eta max_depth classif.ce warnings errors runtime_learners
INFO  [17:32:12.817] [bbotk]      219 0.09861919         9 0.00910319        0      0             0.16
INFO  [17:32:12.817] [bbotk]                                 uhash
INFO  [17:32:12.817] [bbotk]  50c5c62c-7c68-4034-81dc-6bea63c91166
INFO  [17:32:12.823] [bbotk] Evaluating 1 configuration(s)
INFO  [17:32:12.992] [bbotk] Result of batch 8:
INFO  [17:32:12.995] [bbotk]  nrounds       eta max_depth  classif.ce warnings errors runtime_learners
INFO  [17:32:12.995] [bbotk]      131 0.1712912         9 0.008090019        0      0            0.122
INFO  [17:32:12.995] [bbotk]                                 uhash
INFO  [17:32:12.995] [bbotk]  6d27f6c1-939c-4cc5-9760-9f806939c8ff
INFO  [17:32:13.009] [bbotk] Evaluating 1 configuration(s)
INFO  [17:32:13.245] [bbotk] Result of batch 9:
INFO  [17:32:13.246] [bbotk]  nrounds       eta max_depth  classif.ce warnings errors runtime_learners
INFO  [17:32:13.246] [bbotk]      298 0.1783927         2 0.009112401        0      0            0.179
INFO  [17:32:13.246] [bbotk]                                 uhash
INFO  [17:32:13.246] [bbotk]  533651c9-d94d-43b6-ad60-8e12fcb576f6
INFO  [17:32:13.250] [bbotk] Evaluating 1 configuration(s)
INFO  [17:32:13.462] [bbotk] Result of batch 10:
INFO  [17:32:13.464] [bbotk]  nrounds       eta max_depth classif.ce warnings errors runtime_learners
INFO  [17:32:13.464] [bbotk]      254 0.1005634         8 0.00910319        0      0            0.159
INFO  [17:32:13.464] [bbotk]                                 uhash
INFO  [17:32:13.464] [bbotk]  0d04f3ca-a096-4756-a991-b036dd3af546
INFO  [17:32:13.481] [bbotk] Finished optimizing after 10 evaluation(s)
INFO  [17:32:13.482] [bbotk] Result:
INFO  [17:32:13.482] [bbotk]  nrounds       eta max_depth learner_param_vals  x_domain  classif.ce
INFO  [17:32:13.482] [bbotk]    <int>     <num>     <int>             <list>    <list>       <num>
INFO  [17:32:13.482] [bbotk]      131 0.1712912         9          <list[5]> <list[3]> 0.008090019
INFO  [17:32:13.607] [bbotk] Starting to optimize 3 parameter(s) with '<OptimizerBatchRandomSearch>' and '<TerminatorEvals> [n_evals=10, k=0]'
INFO  [17:32:13.639] [bbotk] Evaluating 1 configuration(s)
INFO  [17:32:13.816] [bbotk] Result of batch 1:
INFO  [17:32:13.817] [bbotk]  nrounds       eta max_depth  classif.ce warnings errors runtime_learners
INFO  [17:32:13.817] [bbotk]      167 0.2750344         9 0.008090019        0      0            0.106
INFO  [17:32:13.817] [bbotk]                                 uhash
INFO  [17:32:13.817] [bbotk]  41f9d836-3cc2-46d2-9a2b-e045d0943f20
INFO  [17:32:13.828] [bbotk] Evaluating 1 configuration(s)
INFO  [17:32:13.988] [bbotk] Result of batch 2:
INFO  [17:32:13.989] [bbotk]  nrounds      eta max_depth  classif.ce warnings errors runtime_learners
INFO  [17:32:13.989] [bbotk]      149 0.201472         9 0.008090019        0      0            0.114
INFO  [17:32:13.989] [bbotk]                                 uhash
INFO  [17:32:13.989] [bbotk]  bc0c8af1-e156-49a8-be8c-344bdd0ae0f4
INFO  [17:32:14.007] [bbotk] Evaluating 1 configuration(s)
INFO  [17:32:14.255] [bbotk] Result of batch 3:
INFO  [17:32:14.257] [bbotk]  nrounds        eta max_depth  classif.ce warnings errors runtime_learners
INFO  [17:32:14.257] [bbotk]      243 0.07208641        10 0.008090019        0      0            0.195
INFO  [17:32:14.257] [bbotk]                                 uhash
INFO  [17:32:14.257] [bbotk]  dc9f2244-0fe8-4a32-a89c-f7b2555b3338
INFO  [17:32:14.261] [bbotk] Evaluating 1 configuration(s)
INFO  [17:32:14.447] [bbotk] Result of batch 4:
INFO  [17:32:14.448] [bbotk]  nrounds       eta max_depth  classif.ce warnings errors runtime_learners
INFO  [17:32:14.448] [bbotk]      258 0.2802125         3 0.006069817        0      0            0.138
INFO  [17:32:14.448] [bbotk]                                 uhash
INFO  [17:32:14.448] [bbotk]  a3054b63-8081-4832-8e9a-d34b6674cc1a
INFO  [17:32:14.452] [bbotk] Evaluating 1 configuration(s)
INFO  [17:32:14.606] [bbotk] Result of batch 5:
INFO  [17:32:14.607] [bbotk]  nrounds       eta max_depth  classif.ce warnings errors runtime_learners
INFO  [17:32:14.607] [bbotk]      227 0.2149933         5 0.008090019        0      0            0.122
INFO  [17:32:14.607] [bbotk]                                 uhash
INFO  [17:32:14.607] [bbotk]  7caca013-5c77-4c02-a5e9-809d516866f6
INFO  [17:32:14.618] [bbotk] Evaluating 1 configuration(s)
INFO  [17:32:14.744] [bbotk] Result of batch 6:
INFO  [17:32:14.745] [bbotk]  nrounds       eta max_depth  classif.ce warnings errors runtime_learners
INFO  [17:32:14.745] [bbotk]      177 0.2657815         5 0.008090019        0      0            0.082
INFO  [17:32:14.745] [bbotk]                                 uhash
INFO  [17:32:14.745] [bbotk]  6932b57d-527d-426b-b567-134497655c5a
INFO  [17:32:14.749] [bbotk] Evaluating 1 configuration(s)
INFO  [17:32:14.985] [bbotk] Result of batch 7:
INFO  [17:32:14.986] [bbotk]  nrounds     eta max_depth  classif.ce warnings errors runtime_learners
INFO  [17:32:14.986] [bbotk]      273 0.14619         4 0.007079918        0      0            0.186
INFO  [17:32:14.986] [bbotk]                                 uhash
INFO  [17:32:14.986] [bbotk]  dfc951b3-ca8c-494d-af66-029ed1514de4
INFO  [17:32:14.990] [bbotk] Evaluating 1 configuration(s)
INFO  [17:32:15.165] [bbotk] Result of batch 8:
INFO  [17:32:15.166] [bbotk]  nrounds       eta max_depth  classif.ce warnings errors runtime_learners
INFO  [17:32:15.166] [bbotk]      291 0.2475438         5 0.008090019        0      0             0.13
INFO  [17:32:15.166] [bbotk]                                 uhash
INFO  [17:32:15.166] [bbotk]  a640e2de-1485-4ca1-8a3a-8b7211ebde7e
INFO  [17:32:15.171] [bbotk] Evaluating 1 configuration(s)
INFO  [17:32:15.285] [bbotk] Result of batch 9:
INFO  [17:32:15.286] [bbotk]  nrounds       eta max_depth classif.ce warnings errors runtime_learners
INFO  [17:32:15.286] [bbotk]      174 0.2756975         2 0.00910012        0      0            0.075
INFO  [17:32:15.286] [bbotk]                                 uhash
INFO  [17:32:15.286] [bbotk]  3aa9ee29-2b70-405c-abf8-0af22fa6598f
INFO  [17:32:15.295] [bbotk] Evaluating 1 configuration(s)
INFO  [17:32:15.420] [bbotk] Result of batch 10:
INFO  [17:32:15.426] [bbotk]  nrounds       eta max_depth  classif.ce warnings errors runtime_learners
INFO  [17:32:15.426] [bbotk]      117 0.2526205         9 0.008090019        0      0            0.079
INFO  [17:32:15.426] [bbotk]                                 uhash
INFO  [17:32:15.426] [bbotk]  6d425d24-d199-41e1-943e-471e089d5215
INFO  [17:32:15.441] [bbotk] Finished optimizing after 10 evaluation(s)
INFO  [17:32:15.441] [bbotk] Result:
INFO  [17:32:15.444] [bbotk]  nrounds       eta max_depth learner_param_vals  x_domain  classif.ce
INFO  [17:32:15.444] [bbotk]    <int>     <num>     <int>             <list>    <list>       <num>
INFO  [17:32:15.444] [bbotk]      258 0.2802125         3          <list[5]> <list[3]> 0.006069817
INFO  [17:32:15.560] [bbotk] Starting to optimize 3 parameter(s) with '<OptimizerBatchRandomSearch>' and '<TerminatorEvals> [n_evals=10, k=0]'
INFO  [17:32:15.576] [bbotk] Evaluating 1 configuration(s)
INFO  [17:32:15.676] [bbotk] Result of batch 1:
INFO  [17:32:15.677] [bbotk]  nrounds       eta max_depth classif.ce warnings errors runtime_learners
INFO  [17:32:15.677] [bbotk]       91 0.1618729         2 0.01012557        0      0            0.062
INFO  [17:32:15.677] [bbotk]                                 uhash
INFO  [17:32:15.677] [bbotk]  34abf773-2c96-49b5-a8dc-a9aac8d70a16
INFO  [17:32:15.687] [bbotk] Evaluating 1 configuration(s)
INFO  [17:32:15.865] [bbotk] Result of batch 2:
INFO  [17:32:15.866] [bbotk]  nrounds       eta max_depth  classif.ce warnings errors runtime_learners
INFO  [17:32:15.866] [bbotk]      157 0.1112092         8 0.007086058        0      0            0.124
INFO  [17:32:15.866] [bbotk]                                 uhash
INFO  [17:32:15.866] [bbotk]  d5d13fd1-cbcc-4d34-946c-9a74e2df678d
INFO  [17:32:15.873] [bbotk] Evaluating 1 configuration(s)
INFO  [17:32:16.043] [bbotk] Result of batch 3:
INFO  [17:32:16.044] [bbotk]  nrounds       eta max_depth  classif.ce warnings errors runtime_learners
INFO  [17:32:16.044] [bbotk]      142 0.1083649         9 0.007086058        0      0            0.105
INFO  [17:32:16.044] [bbotk]                                 uhash
INFO  [17:32:16.044] [bbotk]  cf3c01f0-2a73-4347-9de4-3385db5f823a
INFO  [17:32:16.049] [bbotk] Evaluating 1 configuration(s)
INFO  [17:32:16.238] [bbotk] Result of batch 4:
INFO  [17:32:16.239] [bbotk]  nrounds       eta max_depth  classif.ce warnings errors runtime_learners
INFO  [17:32:16.239] [bbotk]      199 0.2089708         8 0.007086058        0      0            0.115
INFO  [17:32:16.239] [bbotk]                                 uhash
INFO  [17:32:16.239] [bbotk]  b77982b1-0354-49b5-8436-e7c96851cd59
INFO  [17:32:16.243] [bbotk] Evaluating 1 configuration(s)
INFO  [17:32:16.388] [bbotk] Result of batch 5:
INFO  [17:32:16.389] [bbotk]  nrounds       eta max_depth  classif.ce warnings errors runtime_learners
INFO  [17:32:16.389] [bbotk]      157 0.2680306         6 0.006072887        0      0            0.081
INFO  [17:32:16.389] [bbotk]                                 uhash
INFO  [17:32:16.389] [bbotk]  9b6164c2-15f8-4815-b98d-6af2bba62ba8
INFO  [17:32:16.393] [bbotk] Evaluating 1 configuration(s)
INFO  [17:32:16.472] [bbotk] Result of batch 6:
INFO  [17:32:16.473] [bbotk]  nrounds       eta max_depth classif.ce warnings errors runtime_learners
INFO  [17:32:16.473] [bbotk]       66 0.1354944         2 0.01012557        0      0            0.042
INFO  [17:32:16.473] [bbotk]                                 uhash
INFO  [17:32:16.473] [bbotk]  607b6928-16fb-4fb9-81c6-3ee8dd595fc5
INFO  [17:32:16.479] [bbotk] Evaluating 1 configuration(s)
INFO  [17:32:16.667] [bbotk] Result of batch 7:
INFO  [17:32:16.669] [bbotk]  nrounds       eta max_depth  classif.ce warnings errors runtime_learners
INFO  [17:32:16.669] [bbotk]      292 0.1776279         9 0.007086058        0      0            0.141
INFO  [17:32:16.669] [bbotk]                                 uhash
INFO  [17:32:16.669] [bbotk]  c70d4329-3947-4ea6-8496-eddf113bc3ba
INFO  [17:32:16.683] [bbotk] Evaluating 1 configuration(s)
INFO  [17:32:16.933] [bbotk] Result of batch 8:
INFO  [17:32:16.936] [bbotk]  nrounds      eta max_depth  classif.ce warnings errors runtime_learners
INFO  [17:32:16.936] [bbotk]      285 0.231224         4 0.007086058        0      0            0.162
INFO  [17:32:16.936] [bbotk]                                 uhash
INFO  [17:32:16.936] [bbotk]  e7500541-4908-406d-96ed-0691d5ab425e
INFO  [17:32:16.956] [bbotk] Evaluating 1 configuration(s)
INFO  [17:32:17.100] [bbotk] Result of batch 9:
INFO  [17:32:17.102] [bbotk]  nrounds       eta max_depth  classif.ce warnings errors runtime_learners
INFO  [17:32:17.102] [bbotk]      115 0.1950724         5 0.006072887        0      0            0.084
INFO  [17:32:17.102] [bbotk]                                 uhash
INFO  [17:32:17.102] [bbotk]  14cd8517-521d-43aa-9afa-526e077dd98d
INFO  [17:32:17.114] [bbotk] Evaluating 1 configuration(s)
INFO  [17:32:17.232] [bbotk] Result of batch 10:
INFO  [17:32:17.234] [bbotk]  nrounds       eta max_depth  classif.ce warnings errors runtime_learners
INFO  [17:32:17.234] [bbotk]      113 0.1282926         8 0.007086058        0      0            0.078
INFO  [17:32:17.234] [bbotk]                                 uhash
INFO  [17:32:17.234] [bbotk]  38af512c-dfc6-4545-a305-351bcb381e2b
INFO  [17:32:17.250] [bbotk] Finished optimizing after 10 evaluation(s)
INFO  [17:32:17.250] [bbotk] Result:
INFO  [17:32:17.251] [bbotk]  nrounds       eta max_depth learner_param_vals  x_domain  classif.ce
INFO  [17:32:17.251] [bbotk]    <int>     <num>     <int>             <list>    <list>       <num>
INFO  [17:32:17.251] [bbotk]      157 0.2680306         6          <list[5]> <list[3]> 0.006072887
INFO  [17:32:17.349] [bbotk] Starting to optimize 3 parameter(s) with '<OptimizerBatchRandomSearch>' and '<TerminatorEvals> [n_evals=10, k=0]'
INFO  [17:32:17.359] [bbotk] Evaluating 1 configuration(s)
INFO  [17:32:17.542] [bbotk] Result of batch 1:
INFO  [17:32:17.543] [bbotk]  nrounds       eta max_depth  classif.ce warnings errors runtime_learners
INFO  [17:32:17.543] [bbotk]      233 0.1023191         3 0.007089128        0      0            0.135
INFO  [17:32:17.543] [bbotk]                                 uhash
INFO  [17:32:17.543] [bbotk]  a9c76f85-bcae-4bc3-82ad-9746f7dba802
INFO  [17:32:17.552] [bbotk] Evaluating 1 configuration(s)
INFO  [17:32:17.700] [bbotk] Result of batch 2:
INFO  [17:32:17.701] [bbotk]  nrounds        eta max_depth  classif.ce warnings errors runtime_learners
INFO  [17:32:17.701] [bbotk]      152 0.09316133         6 0.007086058        0      0            0.106
INFO  [17:32:17.701] [bbotk]                                 uhash
INFO  [17:32:17.701] [bbotk]  f93dc965-96b2-4725-ab56-8f999b6fa692
INFO  [17:32:17.705] [bbotk] Evaluating 1 configuration(s)
INFO  [17:32:17.821] [bbotk] Result of batch 3:
INFO  [17:32:17.823] [bbotk]  nrounds       eta max_depth  classif.ce warnings errors runtime_learners
INFO  [17:32:17.823] [bbotk]       68 0.2719595         4 0.004049615        0      0            0.062
INFO  [17:32:17.823] [bbotk]                                 uhash
INFO  [17:32:17.823] [bbotk]  339ddf1e-8328-47fc-a4f6-2363fc3d32a4
INFO  [17:32:17.834] [bbotk] Evaluating 1 configuration(s)
INFO  [17:32:18.046] [bbotk] Result of batch 4:
INFO  [17:32:18.048] [bbotk]  nrounds        eta max_depth  classif.ce warnings errors runtime_learners
INFO  [17:32:18.048] [bbotk]      114 0.06383271         8 0.008093089        0      0            0.146
INFO  [17:32:18.048] [bbotk]                                 uhash
INFO  [17:32:18.048] [bbotk]  149240e6-dfc8-49bc-8847-43d5e8c19d20
INFO  [17:32:18.070] [bbotk] Evaluating 1 configuration(s)
INFO  [17:32:18.280] [bbotk] Result of batch 5:
INFO  [17:32:18.283] [bbotk]  nrounds       eta max_depth classif.ce warnings errors runtime_learners
INFO  [17:32:18.283] [bbotk]      227 0.1052353         3  0.0081023        0      0            0.152
INFO  [17:32:18.283] [bbotk]                                 uhash
INFO  [17:32:18.283] [bbotk]  c570a041-6a9b-4276-aebd-9ae010e04296
INFO  [17:32:18.289] [bbotk] Evaluating 1 configuration(s)
INFO  [17:32:18.394] [bbotk] Result of batch 6:
INFO  [17:32:18.395] [bbotk]  nrounds       eta max_depth  classif.ce warnings errors runtime_learners
INFO  [17:32:18.395] [bbotk]       64 0.1789565         6 0.007086058        0      0            0.059
INFO  [17:32:18.395] [bbotk]                                 uhash
INFO  [17:32:18.395] [bbotk]  a08fdc14-6e7b-4fbf-b0ab-dcd4d4b3b9f1
INFO  [17:32:18.400] [bbotk] Evaluating 1 configuration(s)
INFO  [17:32:18.599] [bbotk] Result of batch 7:
INFO  [17:32:18.601] [bbotk]  nrounds       eta max_depth  classif.ce warnings errors runtime_learners
INFO  [17:32:18.601] [bbotk]      267 0.2785714        10 0.006079027        0      0            0.135
INFO  [17:32:18.601] [bbotk]                                 uhash
INFO  [17:32:18.601] [bbotk]  592798e2-032b-4a83-9b51-3f4fd139c4fd
INFO  [17:32:18.614] [bbotk] Evaluating 1 configuration(s)
INFO  [17:32:18.807] [bbotk] Result of batch 8:
INFO  [17:32:18.808] [bbotk]  nrounds     eta max_depth  classif.ce warnings errors runtime_learners
INFO  [17:32:18.808] [bbotk]      258 0.18953         2 0.006079027        0      0            0.137
INFO  [17:32:18.808] [bbotk]                                 uhash
INFO  [17:32:18.808] [bbotk]  bf4b07e4-396d-49da-be2f-d0d78aa2f749
INFO  [17:32:18.812] [bbotk] Evaluating 1 configuration(s)
INFO  [17:32:18.949] [bbotk] Result of batch 9:
INFO  [17:32:18.950] [bbotk]  nrounds        eta max_depth classif.ce warnings errors runtime_learners
INFO  [17:32:18.950] [bbotk]       66 0.07103667        10  0.0131528        0      0            0.095
INFO  [17:32:18.950] [bbotk]                                 uhash
INFO  [17:32:18.950] [bbotk]  971eabc4-0407-4be7-8679-be02bc760d50
INFO  [17:32:18.961] [bbotk] Evaluating 1 configuration(s)
INFO  [17:32:19.166] [bbotk] Result of batch 10:
INFO  [17:32:19.169] [bbotk]  nrounds       eta max_depth  classif.ce warnings errors runtime_learners
INFO  [17:32:19.169] [bbotk]      240 0.2783982         2 0.007089128        0      0            0.124
INFO  [17:32:19.169] [bbotk]                                 uhash
INFO  [17:32:19.169] [bbotk]  7679ba85-e5ff-4a4e-b1f9-560c639561af
INFO  [17:32:19.192] [bbotk] Finished optimizing after 10 evaluation(s)
INFO  [17:32:19.192] [bbotk] Result:
INFO  [17:32:19.194] [bbotk]  nrounds       eta max_depth learner_param_vals  x_domain  classif.ce
INFO  [17:32:19.194] [bbotk]    <int>     <num>     <int>             <list>    <list>       <num>
INFO  [17:32:19.194] [bbotk]       68 0.2719595         4          <list[5]> <list[3]> 0.004049615
INFO  [17:32:19.296] [bbotk] Starting to optimize 3 parameter(s) with '<OptimizerBatchRandomSearch>' and '<TerminatorEvals> [n_evals=10, k=0]'
INFO  [17:32:19.321] [bbotk] Evaluating 1 configuration(s)
INFO  [17:32:19.454] [bbotk] Result of batch 1:
INFO  [17:32:19.460] [bbotk]  nrounds       eta max_depth classif.ce warnings errors runtime_learners
INFO  [17:32:19.460] [bbotk]       87 0.1784487         7 0.00910933        0      0            0.092
INFO  [17:32:19.460] [bbotk]                                 uhash
INFO  [17:32:19.460] [bbotk]  6ee4f436-08d0-4ecf-ab0a-8ca0d6e18416
INFO  [17:32:19.470] [bbotk] Evaluating 1 configuration(s)
INFO  [17:32:19.641] [bbotk] Result of batch 2:
INFO  [17:32:19.642] [bbotk]  nrounds       eta max_depth  classif.ce warnings errors runtime_learners
INFO  [17:32:19.642] [bbotk]      267 0.2342171         2 0.006075957        0      0            0.122
INFO  [17:32:19.642] [bbotk]                                 uhash
INFO  [17:32:19.642] [bbotk]  23faef29-5b56-49e0-91e9-486b975d3f12
INFO  [17:32:19.646] [bbotk] Evaluating 1 configuration(s)
INFO  [17:32:19.759] [bbotk] Result of batch 3:
INFO  [17:32:19.761] [bbotk]  nrounds       eta max_depth classif.ce warnings errors runtime_learners
INFO  [17:32:19.761] [bbotk]      106 0.2856717        10 0.01012557        0      0            0.069
INFO  [17:32:19.761] [bbotk]                                 uhash
INFO  [17:32:19.761] [bbotk]  50efd81c-063e-4d09-8c08-1b064a56cb7e
INFO  [17:32:19.767] [bbotk] Evaluating 1 configuration(s)
INFO  [17:32:19.951] [bbotk] Result of batch 4:
INFO  [17:32:19.952] [bbotk]  nrounds       eta max_depth  classif.ce warnings errors runtime_learners
INFO  [17:32:19.952] [bbotk]      292 0.2393623         9 0.008099229        0      0             0.14
INFO  [17:32:19.952] [bbotk]                                 uhash
INFO  [17:32:19.952] [bbotk]  d7ba9c37-9e99-4e3a-b96c-b8a86aca1a21
INFO  [17:32:19.955] [bbotk] Evaluating 1 configuration(s)
INFO  [17:32:20.164] [bbotk] Result of batch 5:
INFO  [17:32:20.168] [bbotk]  nrounds       eta max_depth  classif.ce warnings errors runtime_learners
INFO  [17:32:20.168] [bbotk]      286 0.1883959         2 0.006075957        0      0            0.162
INFO  [17:32:20.168] [bbotk]                                 uhash
INFO  [17:32:20.168] [bbotk]  2ac062eb-6252-43c5-832e-fefe6a38a4a8
INFO  [17:32:20.191] [bbotk] Evaluating 1 configuration(s)
INFO  [17:32:20.449] [bbotk] Result of batch 6:
INFO  [17:32:20.450] [bbotk]  nrounds        eta max_depth classif.ce warnings errors runtime_learners
INFO  [17:32:20.450] [bbotk]      142 0.04152144         9 0.01620153        0      0            0.172
INFO  [17:32:20.450] [bbotk]                                 uhash
INFO  [17:32:20.450] [bbotk]  425d4e7a-51b8-4cd1-bc8f-e0ce0a340e99
INFO  [17:32:20.460] [bbotk] Evaluating 1 configuration(s)
INFO  [17:32:20.589] [bbotk] Result of batch 7:
INFO  [17:32:20.590] [bbotk]  nrounds        eta max_depth classif.ce warnings errors runtime_learners
INFO  [17:32:20.590] [bbotk]      154 0.04958932         2 0.01720549        0      0            0.087
INFO  [17:32:20.590] [bbotk]                                 uhash
INFO  [17:32:20.590] [bbotk]  071d51a3-a468-4e02-998a-1248ee154ecd
INFO  [17:32:20.595] [bbotk] Evaluating 1 configuration(s)
INFO  [17:32:20.707] [bbotk] Result of batch 8:
INFO  [17:32:20.709] [bbotk]  nrounds       eta max_depth classif.ce warnings errors runtime_learners
INFO  [17:32:20.709] [bbotk]      106 0.1712328         2  0.0081023        0      0            0.068
INFO  [17:32:20.709] [bbotk]                                 uhash
INFO  [17:32:20.709] [bbotk]  e4dadbf2-2bcf-475f-8c92-7af32674d7d0
INFO  [17:32:20.716] [bbotk] Evaluating 1 configuration(s)
INFO  [17:32:20.927] [bbotk] Result of batch 9:
INFO  [17:32:20.928] [bbotk]  nrounds       eta max_depth  classif.ce warnings errors runtime_learners
INFO  [17:32:20.928] [bbotk]      290 0.1884257         9 0.009112401        0      0            0.167
INFO  [17:32:20.928] [bbotk]                                 uhash
INFO  [17:32:20.928] [bbotk]  701af0b9-9d5c-4150-a25c-79c9e907b688
INFO  [17:32:20.932] [bbotk] Evaluating 1 configuration(s)
INFO  [17:32:21.121] [bbotk] Result of batch 10:
INFO  [17:32:21.122] [bbotk]  nrounds       eta max_depth  classif.ce warnings errors runtime_learners
INFO  [17:32:21.122] [bbotk]      217 0.2467602         2 0.005062786        0      0            0.119
INFO  [17:32:21.122] [bbotk]                                 uhash
INFO  [17:32:21.122] [bbotk]  6aea9494-7be9-49b7-aac3-6c0245423e99
INFO  [17:32:21.133] [bbotk] Finished optimizing after 10 evaluation(s)
INFO  [17:32:21.133] [bbotk] Result:
INFO  [17:32:21.135] [bbotk]  nrounds       eta max_depth learner_param_vals  x_domain  classif.ce
INFO  [17:32:21.135] [bbotk]    <int>     <num>     <int>             <list>    <list>       <num>
INFO  [17:32:21.135] [bbotk]      217 0.2467602         2          <list[5]> <list[3]> 0.005062786

### [bt]: Job terminated successfully [batchtools job.id=3420]
### [bt]: Calculation finished!
