### [bt]: This is batchtools v0.9.17
### [bt]: Starting calculation of 5 jobs
### [bt]: Setting working directory to '/Users/User/Documents/Studium/Semester8/Hiwi/mlr3calibration/vignettes'
### [bt]: Memory measurement disabled
### [bt]: Starting job [batchtools job.id=1871]
### [bt]: Generating problem instance for problem '42e9f2146ba77696' ...
### [bt]: Applying algorithm 'run_learner' on problem '42e9f2146ba77696' for job 1871 (seed = 1872) ...
INFO  [17:02:30.321] [mlr3] Applying learner 'classif.xgboost.tuned_calib.perfold_beta' on task 'kc1' (iter 1/10)
INFO  [17:02:30.376] [bbotk] Starting to optimize 3 parameter(s) with '<OptimizerBatchRandomSearch>' and '<TerminatorEvals> [n_evals=10, k=0]'
INFO  [17:02:30.390] [bbotk] Evaluating 1 configuration(s)
INFO  [17:02:31.145] [bbotk] Result of batch 1:
INFO  [17:02:31.146] [bbotk]  nrounds       eta max_depth classif.ce warnings errors runtime_learners
INFO  [17:02:31.146] [bbotk]      174 0.2589176         6  0.1534914        0      0            0.718
INFO  [17:02:31.146] [bbotk]                                 uhash
INFO  [17:02:31.146] [bbotk]  9318f86c-0800-450c-9857-64213f91ccc2
INFO  [17:02:31.150] [bbotk] Evaluating 1 configuration(s)
INFO  [17:02:31.382] [bbotk] Result of batch 2:
INFO  [17:02:31.384] [bbotk]  nrounds        eta max_depth classif.ce warnings errors runtime_learners
INFO  [17:02:31.384] [bbotk]       83 0.07410238         3  0.1403162        0      0            0.178
INFO  [17:02:31.384] [bbotk]                                 uhash
INFO  [17:02:31.384] [bbotk]  c538c9b9-094f-4a30-bf94-f5e07af2b988
INFO  [17:02:31.395] [bbotk] Evaluating 1 configuration(s)
INFO  [17:02:32.347] [bbotk] Result of batch 3:
INFO  [17:02:32.349] [bbotk]  nrounds       eta max_depth classif.ce warnings errors runtime_learners
INFO  [17:02:32.349] [bbotk]      153 0.2085208         9   0.157444        0      0            0.904
INFO  [17:02:32.349] [bbotk]                                 uhash
INFO  [17:02:32.349] [bbotk]  9de5745c-1c87-4363-b20e-d045a8892bfc
INFO  [17:02:32.354] [bbotk] Evaluating 1 configuration(s)
INFO  [17:02:33.096] [bbotk] Result of batch 4:
INFO  [17:02:33.098] [bbotk]  nrounds       eta max_depth classif.ce warnings errors runtime_learners
INFO  [17:02:33.098] [bbotk]      135 0.2375817         8  0.1528327        0      0            0.693
INFO  [17:02:33.098] [bbotk]                                 uhash
INFO  [17:02:33.098] [bbotk]  5acf4085-1a7b-4f79-a135-86021b539f17
INFO  [17:02:33.106] [bbotk] Evaluating 1 configuration(s)
INFO  [17:02:34.167] [bbotk] Result of batch 5:
INFO  [17:02:34.168] [bbotk]  nrounds        eta max_depth classif.ce warnings errors runtime_learners
INFO  [17:02:34.168] [bbotk]      193 0.09613339         8  0.1528327        0      0            1.014
INFO  [17:02:34.168] [bbotk]                                 uhash
INFO  [17:02:34.168] [bbotk]  68af5b61-e593-4a50-8d9b-fe81b59a8dd2
INFO  [17:02:34.175] [bbotk] Evaluating 1 configuration(s)
INFO  [17:02:34.667] [bbotk] Result of batch 6:
INFO  [17:02:34.670] [bbotk]  nrounds        eta max_depth classif.ce warnings errors runtime_learners
INFO  [17:02:34.670] [bbotk]      117 0.06615311         5  0.1370224        0      0             0.44
INFO  [17:02:34.670] [bbotk]                                 uhash
INFO  [17:02:34.670] [bbotk]  d26ade56-1ce5-4fb9-920e-2318e195d48a
INFO  [17:02:34.680] [bbotk] Evaluating 1 configuration(s)
INFO  [17:02:35.376] [bbotk] Result of batch 7:
INFO  [17:02:35.378] [bbotk]  nrounds       eta max_depth classif.ce warnings errors runtime_learners
INFO  [17:02:35.378] [bbotk]      278 0.1813005         3  0.1554677        0      0            0.653
INFO  [17:02:35.378] [bbotk]                                 uhash
INFO  [17:02:35.378] [bbotk]  aa3e1607-4988-449d-b936-e2f3f978c377
INFO  [17:02:35.388] [bbotk] Evaluating 1 configuration(s)
INFO  [17:02:36.555] [bbotk] Result of batch 8:
INFO  [17:02:36.558] [bbotk]  nrounds        eta max_depth classif.ce warnings errors runtime_learners
INFO  [17:02:36.558] [bbotk]      247 0.08751858         7  0.1541502        0      0            1.127
INFO  [17:02:36.558] [bbotk]                                 uhash
INFO  [17:02:36.558] [bbotk]  2f33f5bc-534a-4a24-aafa-d499d6a5cfde
INFO  [17:02:36.567] [bbotk] Evaluating 1 configuration(s)
INFO  [17:02:37.597] [bbotk] Result of batch 9:
INFO  [17:02:37.599] [bbotk]  nrounds      eta max_depth classif.ce warnings errors runtime_learners
INFO  [17:02:37.599] [bbotk]      171 0.229713         9  0.1515152        0      0            0.989
INFO  [17:02:37.599] [bbotk]                                 uhash
INFO  [17:02:37.599] [bbotk]  b6366566-82ff-4a13-bb74-fdedd8c1e8a0
INFO  [17:02:37.603] [bbotk] Evaluating 1 configuration(s)
INFO  [17:02:38.157] [bbotk] Result of batch 10:
INFO  [17:02:38.158] [bbotk]  nrounds       eta max_depth classif.ce warnings errors runtime_learners
INFO  [17:02:38.158] [bbotk]      174 0.1221054         4  0.1508564        0      0            0.494
INFO  [17:02:38.158] [bbotk]                                 uhash
INFO  [17:02:38.158] [bbotk]  50275ef7-b796-4bb7-b63e-b03c26a3da7b
INFO  [17:02:38.192] [bbotk] Finished optimizing after 10 evaluation(s)
INFO  [17:02:38.192] [bbotk] Result:
INFO  [17:02:38.193] [bbotk]  nrounds        eta max_depth learner_param_vals  x_domain classif.ce
INFO  [17:02:38.193] [bbotk]    <int>      <num>     <int>             <list>    <list>      <num>
INFO  [17:02:38.193] [bbotk]      117 0.06615311         5          <list[5]> <list[3]>  0.1370224
INFO  [17:02:38.433] [bbotk] Starting to optimize 3 parameter(s) with '<OptimizerBatchRandomSearch>' and '<TerminatorEvals> [n_evals=10, k=0]'
INFO  [17:02:38.447] [bbotk] Evaluating 1 configuration(s)
INFO  [17:02:38.849] [bbotk] Result of batch 1:
INFO  [17:02:38.850] [bbotk]  nrounds        eta max_depth classif.ce warnings errors runtime_learners
INFO  [17:02:38.850] [bbotk]      162 0.01207074         3  0.1501976        0      0            0.352
INFO  [17:02:38.850] [bbotk]                                 uhash
INFO  [17:02:38.850] [bbotk]  85a98b84-b154-47b1-a9d9-de50504f262a
INFO  [17:02:38.854] [bbotk] Evaluating 1 configuration(s)
INFO  [17:02:39.190] [bbotk] Result of batch 2:
INFO  [17:02:39.192] [bbotk]  nrounds       eta max_depth classif.ce warnings errors runtime_learners
INFO  [17:02:39.192] [bbotk]      179 0.1547555         2  0.1455863        0      0            0.292
INFO  [17:02:39.192] [bbotk]                                 uhash
INFO  [17:02:39.192] [bbotk]  a48883a7-c6e4-4462-8341-c69ef5b33d00
INFO  [17:02:39.198] [bbotk] Evaluating 1 configuration(s)
INFO  [17:02:39.461] [bbotk] Result of batch 3:
INFO  [17:02:39.463] [bbotk]  nrounds       eta max_depth classif.ce warnings errors runtime_learners
INFO  [17:02:39.463] [bbotk]      136 0.2896012         2  0.1515152        0      0            0.204
INFO  [17:02:39.463] [bbotk]                                 uhash
INFO  [17:02:39.463] [bbotk]  99032267-06a9-4342-bbd6-9b8dc11d6046
INFO  [17:02:39.469] [bbotk] Evaluating 1 configuration(s)
INFO  [17:02:40.978] [bbotk] Result of batch 4:
INFO  [17:02:40.980] [bbotk]  nrounds       eta max_depth classif.ce warnings errors runtime_learners
INFO  [17:02:40.980] [bbotk]      297 0.2222398         7  0.1600791        0      0            1.474
INFO  [17:02:40.980] [bbotk]                                 uhash
INFO  [17:02:40.980] [bbotk]  848a0087-79b1-4a53-9b19-e2af944cce00
INFO  [17:02:40.991] [bbotk] Evaluating 1 configuration(s)
INFO  [17:02:41.250] [bbotk] Result of batch 5:
INFO  [17:02:41.252] [bbotk]  nrounds        eta max_depth classif.ce warnings errors runtime_learners
INFO  [17:02:41.252] [bbotk]      127 0.05353688         2  0.1449275        0      0            0.221
INFO  [17:02:41.252] [bbotk]                                 uhash
INFO  [17:02:41.252] [bbotk]  746a9c25-98f6-4cd6-a6e9-a84630f94916
INFO  [17:02:41.261] [bbotk] Evaluating 1 configuration(s)
INFO  [17:02:42.104] [bbotk] Result of batch 6:
INFO  [17:02:42.106] [bbotk]  nrounds       eta max_depth classif.ce warnings errors runtime_learners
INFO  [17:02:42.106] [bbotk]      216 0.2884064         6  0.1613966        0      0            0.789
INFO  [17:02:42.106] [bbotk]                                 uhash
INFO  [17:02:42.106] [bbotk]  fcb29d51-05d6-4aa9-a6fb-d44b5559f73a
INFO  [17:02:42.116] [bbotk] Evaluating 1 configuration(s)
INFO  [17:02:42.593] [bbotk] Result of batch 7:
INFO  [17:02:42.595] [bbotk]  nrounds       eta max_depth classif.ce warnings errors runtime_learners
INFO  [17:02:42.595] [bbotk]       77 0.1614547         9  0.1594203        0      0            0.421
INFO  [17:02:42.595] [bbotk]                                 uhash
INFO  [17:02:42.595] [bbotk]  dd4a6d9b-bbe0-42b2-a7c0-844feb11f9c1
INFO  [17:02:42.611] [bbotk] Evaluating 1 configuration(s)
INFO  [17:02:43.270] [bbotk] Result of batch 8:
INFO  [17:02:43.271] [bbotk]  nrounds        eta max_depth classif.ce warnings errors runtime_learners
INFO  [17:02:43.271] [bbotk]      219 0.05072527         4  0.1515152        0      0            0.613
INFO  [17:02:43.271] [bbotk]                                 uhash
INFO  [17:02:43.271] [bbotk]  0e25a94a-295d-48b4-b875-239727ec5cbd
INFO  [17:02:43.275] [bbotk] Evaluating 1 configuration(s)
INFO  [17:02:44.274] [bbotk] Result of batch 9:
INFO  [17:02:44.277] [bbotk]  nrounds        eta max_depth classif.ce warnings errors runtime_learners
INFO  [17:02:44.277] [bbotk]      225 0.05543665         6  0.1528327        0      0            0.958
INFO  [17:02:44.277] [bbotk]                                 uhash
INFO  [17:02:44.277] [bbotk]  2d4d9f15-9051-4469-90d3-d831ab0e293e
INFO  [17:02:44.281] [bbotk] Evaluating 1 configuration(s)
INFO  [17:02:45.515] [bbotk] Result of batch 10:
INFO  [17:02:45.517] [bbotk]  nrounds       eta max_depth classif.ce warnings errors runtime_learners
INFO  [17:02:45.517] [bbotk]      220 0.1065724         9  0.1607378        0      0             1.19
INFO  [17:02:45.517] [bbotk]                                 uhash
INFO  [17:02:45.517] [bbotk]  30d27bf6-05b4-4b6d-aeaa-de7906a6f03e
INFO  [17:02:45.540] [bbotk] Finished optimizing after 10 evaluation(s)
INFO  [17:02:45.540] [bbotk] Result:
INFO  [17:02:45.542] [bbotk]  nrounds        eta max_depth learner_param_vals  x_domain classif.ce
INFO  [17:02:45.542] [bbotk]    <int>      <num>     <int>             <list>    <list>      <num>
INFO  [17:02:45.542] [bbotk]      127 0.05353688         2          <list[5]> <list[3]>  0.1449275
INFO  [17:02:45.664] [bbotk] Starting to optimize 3 parameter(s) with '<OptimizerBatchRandomSearch>' and '<TerminatorEvals> [n_evals=10, k=0]'
INFO  [17:02:45.675] [bbotk] Evaluating 1 configuration(s)
INFO  [17:02:46.990] [bbotk] Result of batch 1:
INFO  [17:02:46.992] [bbotk]  nrounds       eta max_depth classif.ce warnings errors runtime_learners
INFO  [17:02:46.992] [bbotk]      246 0.1659024        10  0.1640316        0      0            1.281
INFO  [17:02:46.992] [bbotk]                                 uhash
INFO  [17:02:46.992] [bbotk]  26b1c234-87e1-4b4c-bf54-46626a903851
INFO  [17:02:47.000] [bbotk] Evaluating 1 configuration(s)
INFO  [17:02:47.238] [bbotk] Result of batch 2:
INFO  [17:02:47.239] [bbotk]  nrounds       eta max_depth classif.ce warnings errors runtime_learners
INFO  [17:02:47.239] [bbotk]       71 0.2022927         4   0.154809        0      0            0.188
INFO  [17:02:47.239] [bbotk]                                 uhash
INFO  [17:02:47.239] [bbotk]  ec1b86c1-7e10-4cac-8b80-c2038078a06a
INFO  [17:02:47.246] [bbotk] Evaluating 1 configuration(s)
INFO  [17:02:47.598] [bbotk] Result of batch 3:
INFO  [17:02:47.599] [bbotk]  nrounds       eta max_depth classif.ce warnings errors runtime_learners
INFO  [17:02:47.599] [bbotk]      233 0.2739713         2  0.1613966        0      0            0.314
INFO  [17:02:47.599] [bbotk]                                 uhash
INFO  [17:02:47.599] [bbotk]  663f8f23-1dd2-4294-9e46-c1735d31f6a9
INFO  [17:02:47.603] [bbotk] Evaluating 1 configuration(s)
INFO  [17:02:47.966] [bbotk] Result of batch 4:
INFO  [17:02:47.968] [bbotk]  nrounds       eta max_depth classif.ce warnings errors runtime_learners
INFO  [17:02:47.968] [bbotk]      235 0.2949826         2  0.1613966        0      0            0.327
INFO  [17:02:47.968] [bbotk]                                 uhash
INFO  [17:02:47.968] [bbotk]  4503ee64-12ba-43b4-bbc0-ca1e48934f46
INFO  [17:02:47.973] [bbotk] Evaluating 1 configuration(s)
INFO  [17:02:49.131] [bbotk] Result of batch 5:
INFO  [17:02:49.132] [bbotk]  nrounds        eta max_depth classif.ce warnings errors runtime_learners
INFO  [17:02:49.132] [bbotk]      223 0.04289639         8  0.1581028        0      0            1.127
INFO  [17:02:49.132] [bbotk]                                 uhash
INFO  [17:02:49.132] [bbotk]  5067d439-cd33-4180-937b-7b9c78b1c44b
INFO  [17:02:49.141] [bbotk] Evaluating 1 configuration(s)
INFO  [17:02:49.301] [bbotk] Result of batch 6:
INFO  [17:02:49.302] [bbotk]  nrounds       eta max_depth classif.ce warnings errors runtime_learners
INFO  [17:02:49.302] [bbotk]       57 0.1993392         3  0.1567852        0      0            0.116
INFO  [17:02:49.302] [bbotk]                                 uhash
INFO  [17:02:49.302] [bbotk]  3c1b39cc-5e70-44c1-a732-254c8d15d639
INFO  [17:02:49.306] [bbotk] Evaluating 1 configuration(s)
INFO  [17:02:49.829] [bbotk] Result of batch 7:
INFO  [17:02:49.830] [bbotk]  nrounds      eta max_depth classif.ce warnings errors runtime_learners
INFO  [17:02:49.830] [bbotk]       91 0.259406         9  0.1620553        0      0            0.481
INFO  [17:02:49.830] [bbotk]                                 uhash
INFO  [17:02:49.830] [bbotk]  46581798-77a5-4728-969a-483dd49be4d7
INFO  [17:02:49.836] [bbotk] Evaluating 1 configuration(s)
INFO  [17:02:50.228] [bbotk] Result of batch 8:
INFO  [17:02:50.230] [bbotk]  nrounds       eta max_depth classif.ce warnings errors runtime_learners
INFO  [17:02:50.230] [bbotk]      105 0.2059191         5  0.1581028        0      0            0.342
INFO  [17:02:50.230] [bbotk]                                 uhash
INFO  [17:02:50.230] [bbotk]  6e03d424-86fd-4874-ac79-92beb919ebc7
INFO  [17:02:50.236] [bbotk] Evaluating 1 configuration(s)
INFO  [17:02:50.698] [bbotk] Result of batch 9:
INFO  [17:02:50.700] [bbotk]  nrounds        eta max_depth classif.ce warnings errors runtime_learners
INFO  [17:02:50.700] [bbotk]      207 0.08064611         3   0.154809        0      0            0.427
INFO  [17:02:50.700] [bbotk]                                 uhash
INFO  [17:02:50.700] [bbotk]  92985c1d-fb02-4614-b915-ea4ec717ca22
INFO  [17:02:50.706] [bbotk] Evaluating 1 configuration(s)
INFO  [17:02:51.827] [bbotk] Result of batch 10:
INFO  [17:02:51.828] [bbotk]  nrounds       eta max_depth classif.ce warnings errors runtime_learners
INFO  [17:02:51.828] [bbotk]      296 0.1812034         6  0.1613966        0      0            1.089
INFO  [17:02:51.828] [bbotk]                                 uhash
INFO  [17:02:51.828] [bbotk]  d04a3620-a37e-4109-9d1c-341909e5e001
INFO  [17:02:51.841] [bbotk] Finished optimizing after 10 evaluation(s)
INFO  [17:02:51.841] [bbotk] Result:
INFO  [17:02:51.842] [bbotk]  nrounds       eta max_depth learner_param_vals  x_domain classif.ce
INFO  [17:02:51.842] [bbotk]    <int>     <num>     <int>             <list>    <list>      <num>
INFO  [17:02:51.842] [bbotk]       71 0.2022927         4          <list[5]> <list[3]>   0.154809
INFO  [17:02:52.000] [bbotk] Starting to optimize 3 parameter(s) with '<OptimizerBatchRandomSearch>' and '<TerminatorEvals> [n_evals=10, k=0]'
INFO  [17:02:52.010] [bbotk] Evaluating 1 configuration(s)
INFO  [17:02:52.299] [bbotk] Result of batch 1:
INFO  [17:02:52.301] [bbotk]  nrounds       eta max_depth classif.ce warnings errors runtime_learners
INFO  [17:02:52.301] [bbotk]      207 0.1265228         2  0.1606482        0      0            0.246
INFO  [17:02:52.301] [bbotk]                                 uhash
INFO  [17:02:52.301] [bbotk]  f1d61a25-01d6-4e07-9bbb-abb24cd36e4c
INFO  [17:02:52.310] [bbotk] Evaluating 1 configuration(s)
INFO  [17:02:52.610] [bbotk] Result of batch 2:
INFO  [17:02:52.617] [bbotk]  nrounds        eta max_depth classif.ce warnings errors runtime_learners
INFO  [17:02:52.617] [bbotk]      195 0.07327252         2  0.1553846        0      0            0.256
INFO  [17:02:52.617] [bbotk]                                 uhash
INFO  [17:02:52.617] [bbotk]  45a3011c-b0a0-4122-91af-2f597b115191
INFO  [17:02:52.621] [bbotk] Evaluating 1 configuration(s)
INFO  [17:02:53.110] [bbotk] Result of batch 3:
INFO  [17:02:53.112] [bbotk]  nrounds       eta max_depth classif.ce warnings errors runtime_learners
INFO  [17:02:53.112] [bbotk]      172 0.1947823         4   0.159992        0      0            0.452
INFO  [17:02:53.112] [bbotk]                                 uhash
INFO  [17:02:53.112] [bbotk]  4ae96002-dad8-47f5-8b6a-4255ac6ae75c
INFO  [17:02:53.120] [bbotk] Evaluating 1 configuration(s)
INFO  [17:02:53.785] [bbotk] Result of batch 4:
INFO  [17:02:53.787] [bbotk]  nrounds       eta max_depth classif.ce warnings errors runtime_learners
INFO  [17:02:53.787] [bbotk]      153 0.2526126         7  0.1626218        0      0            0.636
INFO  [17:02:53.787] [bbotk]                                 uhash
INFO  [17:02:53.787] [bbotk]  360edeae-40db-449f-9e32-1d769a0f562e
INFO  [17:02:53.791] [bbotk] Evaluating 1 configuration(s)
INFO  [17:02:54.549] [bbotk] Result of batch 5:
INFO  [17:02:54.551] [bbotk]  nrounds        eta max_depth classif.ce warnings errors runtime_learners
INFO  [17:02:54.551] [bbotk]      166 0.04631941         7  0.1626244        0      0            0.713
INFO  [17:02:54.551] [bbotk]                                 uhash
INFO  [17:02:54.551] [bbotk]  f53674c0-be08-4f0c-b688-69bf90d9e761
INFO  [17:02:54.561] [bbotk] Evaluating 1 configuration(s)
INFO  [17:02:55.646] [bbotk] Result of batch 6:
INFO  [17:02:55.647] [bbotk]  nrounds       eta max_depth classif.ce warnings errors runtime_learners
INFO  [17:02:55.647] [bbotk]      243 0.2356911         7  0.1665744        0      0            1.044
INFO  [17:02:55.647] [bbotk]                                 uhash
INFO  [17:02:55.647] [bbotk]  3c883290-536d-4dc3-a21a-d34b34233a69
INFO  [17:02:55.651] [bbotk] Evaluating 1 configuration(s)
INFO  [17:02:56.608] [bbotk] Result of batch 7:
INFO  [17:02:56.610] [bbotk]  nrounds       eta max_depth classif.ce warnings errors runtime_learners
INFO  [17:02:56.610] [bbotk]      215 0.2165144         7  0.1613043        0      0            0.914
INFO  [17:02:56.610] [bbotk]                                 uhash
INFO  [17:02:56.610] [bbotk]  729cbd8d-3c65-492a-b423-4ba375478958
INFO  [17:02:56.615] [bbotk] Evaluating 1 configuration(s)
INFO  [17:02:57.991] [bbotk] Result of batch 8:
INFO  [17:02:57.992] [bbotk]  nrounds       eta max_depth classif.ce warnings errors runtime_learners
INFO  [17:02:57.992] [bbotk]      299 0.2698677         8   0.167888        0      0            1.333
INFO  [17:02:57.992] [bbotk]                                 uhash
INFO  [17:02:57.992] [bbotk]  8dd383bd-bf0c-4103-a554-6b3ab4c8a240
INFO  [17:02:57.996] [bbotk] Evaluating 1 configuration(s)
INFO  [17:02:59.025] [bbotk] Result of batch 9:
INFO  [17:02:59.026] [bbotk]  nrounds       eta max_depth classif.ce warnings errors runtime_learners
INFO  [17:02:59.026] [bbotk]      247 0.1936127         7   0.159992        0      0            0.994
INFO  [17:02:59.026] [bbotk]                                 uhash
INFO  [17:02:59.026] [bbotk]  147692e0-c2b7-4d7c-96cc-4c5ed4d196c7
INFO  [17:02:59.030] [bbotk] Evaluating 1 configuration(s)
INFO  [17:03:00.052] [bbotk] Result of batch 10:
INFO  [17:03:00.054] [bbotk]  nrounds       eta max_depth classif.ce warnings errors runtime_learners
INFO  [17:03:00.054] [bbotk]      225 0.1028966         8  0.1573569        0      0             0.98
INFO  [17:03:00.054] [bbotk]                                 uhash
INFO  [17:03:00.054] [bbotk]  764c385d-63c1-4cfe-93f3-65df172ae72c
INFO  [17:03:00.062] [bbotk] Finished optimizing after 10 evaluation(s)
INFO  [17:03:00.063] [bbotk] Result:
INFO  [17:03:00.064] [bbotk]  nrounds        eta max_depth learner_param_vals  x_domain classif.ce
INFO  [17:03:00.064] [bbotk]    <int>      <num>     <int>             <list>    <list>      <num>
INFO  [17:03:00.064] [bbotk]      195 0.07327252         2          <list[5]> <list[3]>  0.1553846
INFO  [17:03:00.209] [bbotk] Starting to optimize 3 parameter(s) with '<OptimizerBatchRandomSearch>' and '<TerminatorEvals> [n_evals=10, k=0]'
INFO  [17:03:00.220] [bbotk] Evaluating 1 configuration(s)
INFO  [17:03:00.430] [bbotk] Result of batch 1:
INFO  [17:03:00.432] [bbotk]  nrounds       eta max_depth classif.ce warnings errors runtime_learners
INFO  [17:03:00.432] [bbotk]       83 0.2687845         3  0.1685377        0      0            0.172
INFO  [17:03:00.432] [bbotk]                                 uhash
INFO  [17:03:00.432] [bbotk]  836ae9b4-94c2-438c-99c1-3995f74720f0
INFO  [17:03:00.441] [bbotk] Evaluating 1 configuration(s)
INFO  [17:03:01.629] [bbotk] Result of batch 2:
INFO  [17:03:01.631] [bbotk]  nrounds       eta max_depth classif.ce warnings errors runtime_learners
INFO  [17:03:01.631] [bbotk]      248 0.2837505         8  0.1652361        0      0            1.128
INFO  [17:03:01.631] [bbotk]                                 uhash
INFO  [17:03:01.631] [bbotk]  773c4262-9fe8-4444-a555-9494ef97e4e6
INFO  [17:03:01.641] [bbotk] Evaluating 1 configuration(s)
INFO  [17:03:02.804] [bbotk] Result of batch 3:
INFO  [17:03:02.806] [bbotk]  nrounds       eta max_depth classif.ce warnings errors runtime_learners
INFO  [17:03:02.806] [bbotk]      215 0.1667288         9  0.1645799        0      0            1.116
INFO  [17:03:02.806] [bbotk]                                 uhash
INFO  [17:03:02.806] [bbotk]  e1aacb64-a3f6-436b-8eb7-c59e04e4d93c
INFO  [17:03:02.815] [bbotk] Evaluating 1 configuration(s)
INFO  [17:03:03.197] [bbotk] Result of batch 4:
INFO  [17:03:03.199] [bbotk]  nrounds       eta max_depth classif.ce warnings errors runtime_learners
INFO  [17:03:03.199] [bbotk]      253 0.1886737         2  0.1599816        0      0            0.337
INFO  [17:03:03.199] [bbotk]                                 uhash
INFO  [17:03:03.199] [bbotk]  e3cdf4ab-57ed-46df-8b0a-ad2267ad69e8
INFO  [17:03:03.205] [bbotk] Evaluating 1 configuration(s)
INFO  [17:03:03.814] [bbotk] Result of batch 5:
INFO  [17:03:03.817] [bbotk]  nrounds      eta max_depth classif.ce warnings errors runtime_learners
INFO  [17:03:03.817] [bbotk]      282 0.217327         3  0.1612952        0      0            0.543
INFO  [17:03:03.817] [bbotk]                                 uhash
INFO  [17:03:03.817] [bbotk]  69d2fb73-1bc0-4546-83c6-2824ba00f1e2
INFO  [17:03:03.823] [bbotk] Evaluating 1 configuration(s)
INFO  [17:03:04.158] [bbotk] Result of batch 6:
INFO  [17:03:04.159] [bbotk]  nrounds       eta max_depth classif.ce warnings errors runtime_learners
INFO  [17:03:04.159] [bbotk]      112 0.1929561         4   0.162605        0      0            0.304
INFO  [17:03:04.159] [bbotk]                                 uhash
INFO  [17:03:04.159] [bbotk]  c8bb1ae9-3fcf-48da-aa2d-b4ef2b385c0f
INFO  [17:03:04.168] [bbotk] Evaluating 1 configuration(s)
INFO  [17:03:04.752] [bbotk] Result of batch 7:
INFO  [17:03:04.754] [bbotk]  nrounds       eta max_depth classif.ce warnings errors runtime_learners
INFO  [17:03:04.754] [bbotk]      122 0.2561986         7  0.1606313        0      0             0.54
INFO  [17:03:04.754] [bbotk]                                 uhash
INFO  [17:03:04.754] [bbotk]  a81e06f0-2521-48c3-a57f-c4bfa35b9085
INFO  [17:03:04.761] [bbotk] Evaluating 1 configuration(s)
INFO  [17:03:05.837] [bbotk] Result of batch 8:
INFO  [17:03:05.838] [bbotk]  nrounds        eta max_depth classif.ce warnings errors runtime_learners
INFO  [17:03:05.838] [bbotk]      198 0.04613215         8   0.157344        0      0            1.037
INFO  [17:03:05.838] [bbotk]                                 uhash
INFO  [17:03:05.838] [bbotk]  ae01581a-73bb-497f-ae0c-d22a18c85728
INFO  [17:03:05.843] [bbotk] Evaluating 1 configuration(s)
INFO  [17:03:06.362] [bbotk] Result of batch 9:
INFO  [17:03:06.364] [bbotk]  nrounds       eta max_depth classif.ce warnings errors runtime_learners
INFO  [17:03:06.364] [bbotk]      152 0.2704733         5    0.16524        0      0            0.484
INFO  [17:03:06.364] [bbotk]                                 uhash
INFO  [17:03:06.364] [bbotk]  53e7443b-cb50-4933-b610-8460b97e92e3
INFO  [17:03:06.375] [bbotk] Evaluating 1 configuration(s)
INFO  [17:03:07.643] [bbotk] Result of batch 10:
INFO  [17:03:07.645] [bbotk]  nrounds       eta max_depth classif.ce warnings errors runtime_learners
INFO  [17:03:07.645] [bbotk]      218 0.2969776        10  0.1685351        0      0            1.225
INFO  [17:03:07.645] [bbotk]                                 uhash
INFO  [17:03:07.645] [bbotk]  ea370967-851f-4078-a4c8-74c66fb4f903
INFO  [17:03:07.663] [bbotk] Finished optimizing after 10 evaluation(s)
INFO  [17:03:07.664] [bbotk] Result:
INFO  [17:03:07.664] [bbotk]  nrounds        eta max_depth learner_param_vals  x_domain classif.ce
INFO  [17:03:07.664] [bbotk]    <int>      <num>     <int>             <list>    <list>      <num>
INFO  [17:03:07.664] [bbotk]      198 0.04613215         8          <list[5]> <list[3]>   0.157344
[1] 0.8342195
[1] 44.33795
[1] -14.85179
[1] 42.17854
[1] -57.1107
[1] 10.23867
[1] -0.8795915
[1] 46.70663
[1] -9.810009
[1] 40.77703

### [bt]: Job terminated successfully [batchtools job.id=1871]
### [bt]: Starting job [batchtools job.id=1872]
### [bt]: Generating problem instance for problem '42e9f2146ba77696' ...
### [bt]: Applying algorithm 'run_learner' on problem '42e9f2146ba77696' for job 1872 (seed = 1873) ...
INFO  [17:03:08.344] [mlr3] Applying learner 'classif.xgboost.tuned_calib.perfold_beta' on task 'kc1' (iter 2/10)
INFO  [17:03:08.389] [bbotk] Starting to optimize 3 parameter(s) with '<OptimizerBatchRandomSearch>' and '<TerminatorEvals> [n_evals=10, k=0]'
INFO  [17:03:08.404] [bbotk] Evaluating 1 configuration(s)
INFO  [17:03:08.713] [bbotk] Result of batch 1:
INFO  [17:03:08.715] [bbotk]  nrounds       eta max_depth classif.ce warnings errors runtime_learners
INFO  [17:03:08.715] [bbotk]      122 0.2552587         3  0.1515152        0      0            0.273
INFO  [17:03:08.715] [bbotk]                                 uhash
INFO  [17:03:08.715] [bbotk]  7445c7e4-9b16-4b1f-a101-f0af2e25df37
INFO  [17:03:08.721] [bbotk] Evaluating 1 configuration(s)
INFO  [17:03:09.325] [bbotk] Result of batch 2:
INFO  [17:03:09.326] [bbotk]  nrounds      eta max_depth classif.ce warnings errors runtime_learners
INFO  [17:03:09.326] [bbotk]      125 0.167774         7  0.1633729        0      0            0.561
INFO  [17:03:09.326] [bbotk]                                 uhash
INFO  [17:03:09.326] [bbotk]  2104e966-f7d9-4b87-a4a3-a061e1f7053a
INFO  [17:03:09.335] [bbotk] Evaluating 1 configuration(s)
INFO  [17:03:09.808] [bbotk] Result of batch 3:
INFO  [17:03:09.809] [bbotk]  nrounds        eta max_depth classif.ce warnings errors runtime_learners
INFO  [17:03:09.809] [bbotk]      157 0.04160773         4  0.1455863        0      0            0.429
INFO  [17:03:09.809] [bbotk]                                 uhash
INFO  [17:03:09.809] [bbotk]  a7392b61-badc-48a0-a378-f83af8db353a
INFO  [17:03:09.824] [bbotk] Evaluating 1 configuration(s)
INFO  [17:03:10.905] [bbotk] Result of batch 4:
INFO  [17:03:10.906] [bbotk]  nrounds        eta max_depth classif.ce warnings errors runtime_learners
INFO  [17:03:10.906] [bbotk]      192 0.06046761         9  0.1587615        0      0            1.039
INFO  [17:03:10.906] [bbotk]                                 uhash
INFO  [17:03:10.906] [bbotk]  c2023eaa-11c7-4f19-b728-743263e69ecd
INFO  [17:03:10.910] [bbotk] Evaluating 1 configuration(s)
INFO  [17:03:12.297] [bbotk] Result of batch 5:
INFO  [17:03:12.298] [bbotk]  nrounds       eta max_depth classif.ce warnings errors runtime_learners
INFO  [17:03:12.298] [bbotk]      282 0.2559024         9  0.1666667        0      0            1.354
INFO  [17:03:12.298] [bbotk]                                 uhash
INFO  [17:03:12.298] [bbotk]  474e3f81-90ab-4d49-b0b6-9741bd4e733f
INFO  [17:03:12.301] [bbotk] Evaluating 1 configuration(s)
INFO  [17:03:13.904] [bbotk] Result of batch 6:
INFO  [17:03:13.905] [bbotk]  nrounds      eta max_depth classif.ce warnings errors runtime_learners
INFO  [17:03:13.905] [bbotk]      285 0.142598        10  0.1653491        0      0            1.568
INFO  [17:03:13.905] [bbotk]                                 uhash
INFO  [17:03:13.905] [bbotk]  5debd3a5-c48d-48a6-8ae0-af7ce8c8fe0a
INFO  [17:03:13.917] [bbotk] Evaluating 1 configuration(s)
INFO  [17:03:14.734] [bbotk] Result of batch 7:
INFO  [17:03:14.735] [bbotk]  nrounds        eta max_depth classif.ce warnings errors runtime_learners
INFO  [17:03:14.735] [bbotk]      268 0.02885006         4  0.1475626        0      0            0.783
INFO  [17:03:14.735] [bbotk]                                 uhash
INFO  [17:03:14.735] [bbotk]  1fe3b170-5f72-4598-9c68-07b5270161ac
INFO  [17:03:14.739] [bbotk] Evaluating 1 configuration(s)
INFO  [17:03:15.271] [bbotk] Result of batch 8:
INFO  [17:03:15.272] [bbotk]  nrounds       eta max_depth classif.ce warnings errors runtime_learners
INFO  [17:03:15.272] [bbotk]      114 0.2030387         6  0.1613966        0      0            0.493
INFO  [17:03:15.272] [bbotk]                                 uhash
INFO  [17:03:15.272] [bbotk]  77a92bdf-d8c0-4f94-bbcd-2c14e3330280
INFO  [17:03:15.285] [bbotk] Evaluating 1 configuration(s)
INFO  [17:03:16.137] [bbotk] Result of batch 9:
INFO  [17:03:16.138] [bbotk]  nrounds       eta max_depth classif.ce warnings errors runtime_learners
INFO  [17:03:16.138] [bbotk]      168 0.1916289         8  0.1666667        0      0             0.81
INFO  [17:03:16.138] [bbotk]                                 uhash
INFO  [17:03:16.138] [bbotk]  db41c37e-0662-41f4-bed5-bf99240fc9e9
INFO  [17:03:16.143] [bbotk] Evaluating 1 configuration(s)
INFO  [17:03:16.654] [bbotk] Result of batch 10:
INFO  [17:03:16.655] [bbotk]  nrounds       eta max_depth classif.ce warnings errors runtime_learners
INFO  [17:03:16.655] [bbotk]      121 0.2736446         5  0.1627141        0      0            0.459
INFO  [17:03:16.655] [bbotk]                                 uhash
INFO  [17:03:16.655] [bbotk]  92b66d81-d3e0-41ac-9331-799ef69199ac
INFO  [17:03:16.663] [bbotk] Finished optimizing after 10 evaluation(s)
INFO  [17:03:16.663] [bbotk] Result:
INFO  [17:03:16.664] [bbotk]  nrounds        eta max_depth learner_param_vals  x_domain classif.ce
INFO  [17:03:16.664] [bbotk]    <int>      <num>     <int>             <list>    <list>      <num>
INFO  [17:03:16.664] [bbotk]      157 0.04160773         4          <list[5]> <list[3]>  0.1455863
INFO  [17:03:16.929] [bbotk] Starting to optimize 3 parameter(s) with '<OptimizerBatchRandomSearch>' and '<TerminatorEvals> [n_evals=10, k=0]'
INFO  [17:03:16.939] [bbotk] Evaluating 1 configuration(s)
INFO  [17:03:18.098] [bbotk] Result of batch 1:
INFO  [17:03:18.099] [bbotk]  nrounds        eta max_depth classif.ce warnings errors runtime_learners
INFO  [17:03:18.099] [bbotk]      275 0.02290145         6  0.1449275        0      0            1.115
INFO  [17:03:18.099] [bbotk]                                 uhash
INFO  [17:03:18.099] [bbotk]  9a51f488-70f6-45ff-97e8-cc253b7d005f
INFO  [17:03:18.103] [bbotk] Evaluating 1 configuration(s)
INFO  [17:03:19.413] [bbotk] Result of batch 2:
INFO  [17:03:19.415] [bbotk]  nrounds       eta max_depth classif.ce warnings errors runtime_learners
INFO  [17:03:19.415] [bbotk]      249 0.2987753        10  0.1660079        0      0            1.274
INFO  [17:03:19.415] [bbotk]                                 uhash
INFO  [17:03:19.415] [bbotk]  ea4915ec-de65-4016-bc0f-6d7c87038399
INFO  [17:03:19.420] [bbotk] Evaluating 1 configuration(s)
INFO  [17:03:20.109] [bbotk] Result of batch 3:
INFO  [17:03:20.110] [bbotk]  nrounds       eta max_depth classif.ce warnings errors runtime_learners
INFO  [17:03:20.110] [bbotk]      138 0.2113588         8  0.1581028        0      0            0.656
INFO  [17:03:20.110] [bbotk]                                 uhash
INFO  [17:03:20.110] [bbotk]  2bc441f3-b3e6-445c-b85e-60b8a27d1fce
INFO  [17:03:20.114] [bbotk] Evaluating 1 configuration(s)
INFO  [17:03:20.999] [bbotk] Result of batch 4:
INFO  [17:03:21.000] [bbotk]  nrounds       eta max_depth classif.ce warnings errors runtime_learners
INFO  [17:03:21.000] [bbotk]      196 0.2996253         7  0.1666667        0      0            0.847
INFO  [17:03:21.000] [bbotk]                                 uhash
INFO  [17:03:21.000] [bbotk]  bba1f8f7-48e4-4b50-8be3-56bf826a9dee
INFO  [17:03:21.007] [bbotk] Evaluating 1 configuration(s)
INFO  [17:03:21.178] [bbotk] Result of batch 5:
INFO  [17:03:21.186] [bbotk]  nrounds        eta max_depth classif.ce warnings errors runtime_learners
INFO  [17:03:21.186] [bbotk]       66 0.08698641         2  0.1475626        0      0            0.127
INFO  [17:03:21.186] [bbotk]                                 uhash
INFO  [17:03:21.186] [bbotk]  a862d57f-7160-4a47-a958-71507bb48049
INFO  [17:03:21.192] [bbotk] Evaluating 1 configuration(s)
INFO  [17:03:22.277] [bbotk] Result of batch 6:
INFO  [17:03:22.279] [bbotk]  nrounds       eta max_depth classif.ce warnings errors runtime_learners
INFO  [17:03:22.279] [bbotk]      280 0.2586778         6  0.1607378        0      0            1.051
INFO  [17:03:22.279] [bbotk]                                 uhash
INFO  [17:03:22.279] [bbotk]  732c6e36-8718-4a8c-8680-19270d9e0e8f
INFO  [17:03:22.287] [bbotk] Evaluating 1 configuration(s)
INFO  [17:03:23.207] [bbotk] Result of batch 7:
INFO  [17:03:23.209] [bbotk]  nrounds      eta max_depth classif.ce warnings errors runtime_learners
INFO  [17:03:23.209] [bbotk]      165 0.289751        10  0.1613966        0      0            0.863
INFO  [17:03:23.209] [bbotk]                                 uhash
INFO  [17:03:23.209] [bbotk]  4b1c7351-f3ac-4dab-89f7-db9374c56295
INFO  [17:03:23.219] [bbotk] Evaluating 1 configuration(s)
INFO  [17:03:23.911] [bbotk] Result of batch 8:
INFO  [17:03:23.912] [bbotk]  nrounds       eta max_depth classif.ce warnings errors runtime_learners
INFO  [17:03:23.912] [bbotk]      253 0.2929463         4  0.1600791        0      0            0.648
INFO  [17:03:23.912] [bbotk]                                 uhash
INFO  [17:03:23.912] [bbotk]  257ea95f-1d26-4ccc-b7ff-1b349d5ce992
INFO  [17:03:23.916] [bbotk] Evaluating 1 configuration(s)
INFO  [17:03:25.300] [bbotk] Result of batch 9:
INFO  [17:03:25.301] [bbotk]  nrounds       eta max_depth classif.ce warnings errors runtime_learners
INFO  [17:03:25.301] [bbotk]      249 0.1446009         9  0.1600791        0      0            1.339
INFO  [17:03:25.301] [bbotk]                                 uhash
INFO  [17:03:25.301] [bbotk]  8a27e18c-3772-45ab-aea2-ac513b6aff8a
INFO  [17:03:25.305] [bbotk] Evaluating 1 configuration(s)
INFO  [17:03:26.456] [bbotk] Result of batch 10:
INFO  [17:03:26.459] [bbotk]  nrounds        eta max_depth classif.ce warnings errors runtime_learners
INFO  [17:03:26.459] [bbotk]      297 0.02412656         6  0.1422925        0      0            1.095
INFO  [17:03:26.459] [bbotk]                                 uhash
INFO  [17:03:26.459] [bbotk]  1721dd3b-e123-4109-97e6-12097339fe4e
INFO  [17:03:26.477] [bbotk] Finished optimizing after 10 evaluation(s)
INFO  [17:03:26.477] [bbotk] Result:
INFO  [17:03:26.478] [bbotk]  nrounds        eta max_depth learner_param_vals  x_domain classif.ce
INFO  [17:03:26.478] [bbotk]    <int>      <num>     <int>             <list>    <list>      <num>
INFO  [17:03:26.478] [bbotk]      297 0.02412656         6          <list[5]> <list[3]>  0.1422925
INFO  [17:03:27.053] [bbotk] Starting to optimize 3 parameter(s) with '<OptimizerBatchRandomSearch>' and '<TerminatorEvals> [n_evals=10, k=0]'
INFO  [17:03:27.066] [bbotk] Evaluating 1 configuration(s)
INFO  [17:03:27.647] [bbotk] Result of batch 1:
INFO  [17:03:27.649] [bbotk]  nrounds      eta max_depth classif.ce warnings errors runtime_learners
INFO  [17:03:27.649] [bbotk]      129 0.225524         7  0.1462451        0      0             0.54
INFO  [17:03:27.649] [bbotk]                                 uhash
INFO  [17:03:27.649] [bbotk]  769f25e7-fac8-4ec4-a3ee-de1e93146ba3
INFO  [17:03:27.653] [bbotk] Evaluating 1 configuration(s)
INFO  [17:03:28.009] [bbotk] Result of batch 2:
INFO  [17:03:28.010] [bbotk]  nrounds       eta max_depth classif.ce warnings errors runtime_learners
INFO  [17:03:28.010] [bbotk]      147 0.2693939         3  0.1429513        0      0            0.313
INFO  [17:03:28.010] [bbotk]                                 uhash
INFO  [17:03:28.010] [bbotk]  ac7d8620-d528-427d-8d3b-ba9a63573235
INFO  [17:03:28.014] [bbotk] Evaluating 1 configuration(s)
INFO  [17:03:28.653] [bbotk] Result of batch 3:
INFO  [17:03:28.655] [bbotk]  nrounds        eta max_depth classif.ce warnings errors runtime_learners
INFO  [17:03:28.655] [bbotk]      173 0.01504054         6   0.140975        0      0            0.601
INFO  [17:03:28.655] [bbotk]                                 uhash
INFO  [17:03:28.655] [bbotk]  86a88bf3-b285-41c6-9368-c0599f7f7096
INFO  [17:03:28.663] [bbotk] Evaluating 1 configuration(s)
INFO  [17:03:28.841] [bbotk] Result of batch 4:
INFO  [17:03:28.842] [bbotk]  nrounds       eta max_depth classif.ce warnings errors runtime_learners
INFO  [17:03:28.842] [bbotk]       67 0.0978197         3  0.1389987        0      0            0.141
INFO  [17:03:28.842] [bbotk]                                 uhash
INFO  [17:03:28.842] [bbotk]  783fb9e8-f9fb-4031-979a-0be83cfc6a44
INFO  [17:03:28.846] [bbotk] Evaluating 1 configuration(s)
INFO  [17:03:29.798] [bbotk] Result of batch 5:
INFO  [17:03:29.800] [bbotk]  nrounds       eta max_depth classif.ce warnings errors runtime_learners
INFO  [17:03:29.800] [bbotk]      294 0.1113527         5  0.1462451        0      0            0.912
INFO  [17:03:29.800] [bbotk]                                 uhash
INFO  [17:03:29.800] [bbotk]  7a2c2920-b4ea-496b-84bb-87daac64f203
INFO  [17:03:29.809] [bbotk] Evaluating 1 configuration(s)
INFO  [17:03:30.241] [bbotk] Result of batch 6:
INFO  [17:03:30.241] [bbotk]  nrounds       eta max_depth classif.ce warnings errors runtime_learners
INFO  [17:03:30.241] [bbotk]      273 0.2975045         2  0.1469038        0      0            0.387
INFO  [17:03:30.241] [bbotk]                                 uhash
INFO  [17:03:30.241] [bbotk]  7b068037-a393-4aa0-ab08-6eca1cc1cad6
INFO  [17:03:30.246] [bbotk] Evaluating 1 configuration(s)
INFO  [17:03:30.459] [bbotk] Result of batch 7:
INFO  [17:03:30.461] [bbotk]  nrounds       eta max_depth classif.ce warnings errors runtime_learners
INFO  [17:03:30.461] [bbotk]       54 0.1916989         5  0.1442688        0      0            0.177
INFO  [17:03:30.461] [bbotk]                                 uhash
INFO  [17:03:30.461] [bbotk]  21c8ff56-7c5a-48cc-9da4-0f78af7cab03
INFO  [17:03:30.469] [bbotk] Evaluating 1 configuration(s)
INFO  [17:03:31.001] [bbotk] Result of batch 8:
INFO  [17:03:31.002] [bbotk]  nrounds        eta max_depth classif.ce warnings errors runtime_learners
INFO  [17:03:31.002] [bbotk]      246 0.06553185         3  0.1350461        0      0            0.483
INFO  [17:03:31.002] [bbotk]                                 uhash
INFO  [17:03:31.002] [bbotk]  181fc9c8-2e1a-463e-be2a-b302878eef4e
INFO  [17:03:31.011] [bbotk] Evaluating 1 configuration(s)
INFO  [17:03:31.268] [bbotk] Result of batch 9:
INFO  [17:03:31.269] [bbotk]  nrounds       eta max_depth classif.ce warnings errors runtime_learners
INFO  [17:03:31.269] [bbotk]       55 0.2742546         6  0.1449275        0      0            0.218
INFO  [17:03:31.269] [bbotk]                                 uhash
INFO  [17:03:31.269] [bbotk]  888f51ed-f80e-42bf-8332-c0bb983675e4
INFO  [17:03:31.277] [bbotk] Evaluating 1 configuration(s)
INFO  [17:03:31.650] [bbotk] Result of batch 10:
INFO  [17:03:31.651] [bbotk]  nrounds        eta max_depth classif.ce warnings errors runtime_learners
INFO  [17:03:31.651] [bbotk]      280 0.08361402         2  0.1350461        0      0            0.323
INFO  [17:03:31.651] [bbotk]                                 uhash
INFO  [17:03:31.651] [bbotk]  211fc1a2-6d10-419b-b272-523ad7921344
INFO  [17:03:31.662] [bbotk] Finished optimizing after 10 evaluation(s)
INFO  [17:03:31.662] [bbotk] Result:
INFO  [17:03:31.663] [bbotk]  nrounds        eta max_depth learner_param_vals  x_domain classif.ce
INFO  [17:03:31.663] [bbotk]    <int>      <num>     <int>             <list>    <list>      <num>
INFO  [17:03:31.663] [bbotk]      246 0.06553185         3          <list[5]> <list[3]>  0.1350461
INFO  [17:03:31.947] [bbotk] Starting to optimize 3 parameter(s) with '<OptimizerBatchRandomSearch>' and '<TerminatorEvals> [n_evals=10, k=0]'
INFO  [17:03:31.957] [bbotk] Evaluating 1 configuration(s)
INFO  [17:03:32.155] [bbotk] Result of batch 1:
INFO  [17:03:32.156] [bbotk]  nrounds       eta max_depth classif.ce warnings errors runtime_learners
INFO  [17:03:32.156] [bbotk]       82 0.1194253         3  0.1468103        0      0            0.168
INFO  [17:03:32.156] [bbotk]                                 uhash
INFO  [17:03:32.156] [bbotk]  988bb2e1-7d05-4178-bbfd-8e2cfed22d75
INFO  [17:03:32.160] [bbotk] Evaluating 1 configuration(s)
INFO  [17:03:32.574] [bbotk] Result of batch 2:
INFO  [17:03:32.576] [bbotk]  nrounds       eta max_depth classif.ce warnings errors runtime_learners
INFO  [17:03:32.576] [bbotk]       67 0.2096042         8   0.159979        0      0             0.36
INFO  [17:03:32.576] [bbotk]                                 uhash
INFO  [17:03:32.576] [bbotk]  a7e5bd4b-3743-4e20-9954-7508c19e7275
INFO  [17:03:32.580] [bbotk] Evaluating 1 configuration(s)
INFO  [17:03:32.806] [bbotk] Result of batch 3:
INFO  [17:03:32.808] [bbotk]  nrounds        eta max_depth classif.ce warnings errors runtime_learners
INFO  [17:03:32.808] [bbotk]       53 0.05866281         5  0.1474768        0      0            0.187
INFO  [17:03:32.808] [bbotk]                                 uhash
INFO  [17:03:32.808] [bbotk]  55b9a58c-e426-4907-a881-3e662d6918c5
INFO  [17:03:32.814] [bbotk] Evaluating 1 configuration(s)
INFO  [17:03:33.711] [bbotk] Result of batch 4:
INFO  [17:03:33.713] [bbotk]  nrounds       eta max_depth classif.ce warnings errors runtime_learners
INFO  [17:03:33.713] [bbotk]      282 0.1066244         5  0.1593202        0      0            0.861
INFO  [17:03:33.713] [bbotk]                                 uhash
INFO  [17:03:33.713] [bbotk]  0ac31af1-19ed-40de-9c7e-fbabf2acc5a2
INFO  [17:03:33.722] [bbotk] Evaluating 1 configuration(s)
INFO  [17:03:34.041] [bbotk] Result of batch 5:
INFO  [17:03:34.043] [bbotk]  nrounds        eta max_depth classif.ce warnings errors runtime_learners
INFO  [17:03:34.043] [bbotk]      178 0.01049864         3  0.1547115        0      0            0.288
INFO  [17:03:34.043] [bbotk]                                 uhash
INFO  [17:03:34.043] [bbotk]  390149d2-06ba-453f-8afb-81cf325e23aa
INFO  [17:03:34.052] [bbotk] Evaluating 1 configuration(s)
INFO  [17:03:34.318] [bbotk] Result of batch 6:
INFO  [17:03:34.318] [bbotk]  nrounds       eta max_depth classif.ce warnings errors runtime_learners
INFO  [17:03:34.318] [bbotk]       62 0.2796312         5  0.1632715        0      0            0.225
INFO  [17:03:34.318] [bbotk]                                 uhash
INFO  [17:03:34.318] [bbotk]  3d42650f-5cd4-4cce-8640-0300b6c5c10e
INFO  [17:03:34.323] [bbotk] Evaluating 1 configuration(s)
INFO  [17:03:34.994] [bbotk] Result of batch 7:
INFO  [17:03:34.996] [bbotk]  nrounds       eta max_depth classif.ce warnings errors runtime_learners
INFO  [17:03:34.996] [bbotk]      237 0.2997341         4  0.1718302        0      0            0.613
INFO  [17:03:34.996] [bbotk]                                 uhash
INFO  [17:03:34.996] [bbotk]  79788124-f821-4e22-af3c-b792b1d3ded0
INFO  [17:03:35.004] [bbotk] Evaluating 1 configuration(s)
INFO  [17:03:35.760] [bbotk] Result of batch 8:
INFO  [17:03:35.761] [bbotk]  nrounds        eta max_depth classif.ce warnings errors runtime_learners
INFO  [17:03:35.761] [bbotk]      218 0.09139842         5  0.1593202        0      0            0.713
INFO  [17:03:35.761] [bbotk]                                 uhash
INFO  [17:03:35.761] [bbotk]  599e32ca-4521-48ab-9bde-75708790da29
INFO  [17:03:35.765] [bbotk] Evaluating 1 configuration(s)
INFO  [17:03:36.196] [bbotk] Result of batch 9:
INFO  [17:03:36.198] [bbotk]  nrounds       eta max_depth classif.ce warnings errors runtime_learners
INFO  [17:03:36.198] [bbotk]      102 0.0922436         6  0.1586615        0      0            0.394
INFO  [17:03:36.198] [bbotk]                                 uhash
INFO  [17:03:36.198] [bbotk]  b5f9f36d-c7f3-4920-b10b-e32ea43fb5e6
INFO  [17:03:36.206] [bbotk] Evaluating 1 configuration(s)
INFO  [17:03:36.708] [bbotk] Result of batch 10:
INFO  [17:03:36.710] [bbotk]  nrounds       eta max_depth classif.ce warnings errors runtime_learners
INFO  [17:03:36.710] [bbotk]      104 0.2472002         7  0.1619553        0      0            0.461
INFO  [17:03:36.710] [bbotk]                                 uhash
INFO  [17:03:36.710] [bbotk]  9ea80db1-ece8-40f1-9727-21f853d72eab
INFO  [17:03:36.729] [bbotk] Finished optimizing after 10 evaluation(s)
INFO  [17:03:36.730] [bbotk] Result:
INFO  [17:03:36.731] [bbotk]  nrounds       eta max_depth learner_param_vals  x_domain classif.ce
INFO  [17:03:36.731] [bbotk]    <int>     <num>     <int>             <list>    <list>      <num>
INFO  [17:03:36.731] [bbotk]       82 0.1194253         3          <list[5]> <list[3]>  0.1468103
INFO  [17:03:36.849] [bbotk] Starting to optimize 3 parameter(s) with '<OptimizerBatchRandomSearch>' and '<TerminatorEvals> [n_evals=10, k=0]'
INFO  [17:03:36.861] [bbotk] Evaluating 1 configuration(s)
INFO  [17:03:37.335] [bbotk] Result of batch 1:
INFO  [17:03:37.337] [bbotk]  nrounds       eta max_depth classif.ce warnings errors runtime_learners
INFO  [17:03:37.337] [bbotk]      176 0.1718133         4  0.1586654        0      0            0.438
INFO  [17:03:37.337] [bbotk]                                 uhash
INFO  [17:03:37.337] [bbotk]  e6ae839a-b5c9-408f-a226-dc5b8ce9e8b4
INFO  [17:03:37.347] [bbotk] Evaluating 1 configuration(s)
INFO  [17:03:38.103] [bbotk] Result of batch 2:
INFO  [17:03:38.105] [bbotk]  nrounds       eta max_depth classif.ce warnings errors runtime_learners
INFO  [17:03:38.105] [bbotk]      198 0.2917097         6  0.1494466        0      0            0.711
INFO  [17:03:38.105] [bbotk]                                 uhash
INFO  [17:03:38.105] [bbotk]  14711537-2e78-4812-9bda-0ef885a074e4
INFO  [17:03:38.113] [bbotk] Evaluating 1 configuration(s)
INFO  [17:03:38.522] [bbotk] Result of batch 3:
INFO  [17:03:38.523] [bbotk]  nrounds        eta max_depth classif.ce warnings errors runtime_learners
INFO  [17:03:38.523] [bbotk]      101 0.01910078         6  0.1487879        0      0            0.375
INFO  [17:03:38.523] [bbotk]                                 uhash
INFO  [17:03:38.523] [bbotk]  e285edd1-39a6-4a00-ba75-5797066761b9
INFO  [17:03:38.532] [bbotk] Evaluating 1 configuration(s)
INFO  [17:03:38.919] [bbotk] Result of batch 4:
INFO  [17:03:38.920] [bbotk]  nrounds        eta max_depth classif.ce warnings errors runtime_learners
INFO  [17:03:38.920] [bbotk]      280 0.02029459         2  0.1435139        0      0            0.343
INFO  [17:03:38.920] [bbotk]                                 uhash
INFO  [17:03:38.920] [bbotk]  414f8edb-a4a5-4112-a88d-7e293791740f
INFO  [17:03:38.968] [bbotk] Evaluating 1 configuration(s)
INFO  [17:03:39.304] [bbotk] Result of batch 5:
INFO  [17:03:39.306] [bbotk]  nrounds       eta max_depth classif.ce warnings errors runtime_learners
INFO  [17:03:39.306] [bbotk]       65 0.2522692         6  0.1540605        0      0             0.27
INFO  [17:03:39.306] [bbotk]                                 uhash
INFO  [17:03:39.306] [bbotk]  dbd4ba68-cb6d-4163-afb6-a10cc1a089a6
INFO  [17:03:39.314] [bbotk] Evaluating 1 configuration(s)
INFO  [17:03:40.160] [bbotk] Result of batch 6:
INFO  [17:03:40.162] [bbotk]  nrounds       eta max_depth classif.ce warnings errors runtime_learners
INFO  [17:03:40.162] [bbotk]      300 0.2963056         4  0.1593254        0      0            0.799
INFO  [17:03:40.162] [bbotk]                                 uhash
INFO  [17:03:40.162] [bbotk]  ea6a0740-be45-4269-bed5-1a2113295cc9
INFO  [17:03:40.172] [bbotk] Evaluating 1 configuration(s)
INFO  [17:03:40.326] [bbotk] Result of batch 7:
INFO  [17:03:40.327] [bbotk]  nrounds        eta max_depth classif.ce warnings errors runtime_learners
INFO  [17:03:40.327] [bbotk]       55 0.08074322         3  0.1428603        0      0            0.111
INFO  [17:03:40.327] [bbotk]                                 uhash
INFO  [17:03:40.327] [bbotk]  c8a11c67-b7ea-4306-b351-af11176cebd1
INFO  [17:03:40.336] [bbotk] Evaluating 1 configuration(s)
INFO  [17:03:40.648] [bbotk] Result of batch 8:
INFO  [17:03:40.649] [bbotk]  nrounds       eta max_depth classif.ce warnings errors runtime_learners
INFO  [17:03:40.649] [bbotk]      192 0.1847775         2  0.1468064        0      0            0.275
INFO  [17:03:40.649] [bbotk]                                 uhash
INFO  [17:03:40.649] [bbotk]  221fb47d-75a2-41f7-8e6f-4acf1d82858d
INFO  [17:03:40.657] [bbotk] Evaluating 1 configuration(s)
INFO  [17:03:41.647] [bbotk] Result of batch 9:
INFO  [17:03:41.648] [bbotk]  nrounds       eta max_depth classif.ce warnings errors runtime_learners
INFO  [17:03:41.648] [bbotk]      181 0.2531846        10  0.1553781        0      0            0.953
INFO  [17:03:41.648] [bbotk]                                 uhash
INFO  [17:03:41.648] [bbotk]  fd9b0f16-2051-46c8-bfeb-17744fd9b518
INFO  [17:03:41.651] [bbotk] Evaluating 1 configuration(s)
INFO  [17:03:42.533] [bbotk] Result of batch 10:
INFO  [17:03:42.536] [bbotk]  nrounds       eta max_depth classif.ce warnings errors runtime_learners
INFO  [17:03:42.536] [bbotk]      253 0.1927192         6  0.1520843        0      0            0.839
INFO  [17:03:42.536] [bbotk]                                 uhash
INFO  [17:03:42.536] [bbotk]  78e70124-7887-4f49-a4b8-1595a0519545
INFO  [17:03:42.554] [bbotk] Finished optimizing after 10 evaluation(s)
INFO  [17:03:42.554] [bbotk] Result:
INFO  [17:03:42.556] [bbotk]  nrounds        eta max_depth learner_param_vals  x_domain classif.ce
INFO  [17:03:42.556] [bbotk]    <int>      <num>     <int>             <list>    <list>      <num>
INFO  [17:03:42.556] [bbotk]       55 0.08074322         3          <list[5]> <list[3]>  0.1428603
[1] -34.37908
[1] 28.15494
[1] -54.67803
[1] 27.72444
[1] -10.05225
[1] 38.73921
[1] -52.37189
[1] 20.77427
[1] -18.38225
[1] 49.30978

### [bt]: Job terminated successfully [batchtools job.id=1872]
### [bt]: Starting job [batchtools job.id=1873]
### [bt]: Generating problem instance for problem '42e9f2146ba77696' ...
### [bt]: Applying algorithm 'run_learner' on problem '42e9f2146ba77696' for job 1873 (seed = 1874) ...
INFO  [17:03:42.755] [mlr3] Applying learner 'classif.xgboost.tuned_calib.perfold_beta' on task 'kc1' (iter 3/10)
INFO  [17:03:42.815] [bbotk] Starting to optimize 3 parameter(s) with '<OptimizerBatchRandomSearch>' and '<TerminatorEvals> [n_evals=10, k=0]'
INFO  [17:03:42.825] [bbotk] Evaluating 1 configuration(s)
INFO  [17:03:43.630] [bbotk] Result of batch 1:
INFO  [17:03:43.633] [bbotk]  nrounds       eta max_depth classif.ce warnings errors runtime_learners
INFO  [17:03:43.633] [bbotk]      198 0.1409342         6  0.1561265        0      0            0.754
INFO  [17:03:43.633] [bbotk]                                 uhash
INFO  [17:03:43.633] [bbotk]  05ba66b1-2528-45b8-9272-aca1ef047f3c
INFO  [17:03:43.645] [bbotk] Evaluating 1 configuration(s)
INFO  [17:03:44.254] [bbotk] Result of batch 2:
INFO  [17:03:44.255] [bbotk]  nrounds       eta max_depth classif.ce warnings errors runtime_learners
INFO  [17:03:44.255] [bbotk]       91 0.0943162         9  0.1488801        0      0            0.564
INFO  [17:03:44.255] [bbotk]                                 uhash
INFO  [17:03:44.255] [bbotk]  04c174dc-003b-449c-8680-3df411387a32
INFO  [17:03:44.259] [bbotk] Evaluating 1 configuration(s)
INFO  [17:03:45.290] [bbotk] Result of batch 3:
INFO  [17:03:45.291] [bbotk]  nrounds       eta max_depth classif.ce warnings errors runtime_learners
INFO  [17:03:45.291] [bbotk]      254 0.1671078         6  0.1521739        0      0            0.996
INFO  [17:03:45.291] [bbotk]                                 uhash
INFO  [17:03:45.291] [bbotk]  2d47f908-e8db-4b60-90f6-e3f0f786aaf5
INFO  [17:03:45.298] [bbotk] Evaluating 1 configuration(s)
INFO  [17:03:46.253] [bbotk] Result of batch 4:
INFO  [17:03:46.254] [bbotk]  nrounds       eta max_depth classif.ce warnings errors runtime_learners
INFO  [17:03:46.254] [bbotk]      154 0.1238585        10   0.154809        0      0            0.917
INFO  [17:03:46.254] [bbotk]                                 uhash
INFO  [17:03:46.254] [bbotk]  f39b3828-0f1e-412a-bb54-1797b94c40ef
INFO  [17:03:46.259] [bbotk] Evaluating 1 configuration(s)
INFO  [17:03:47.042] [bbotk] Result of batch 5:
INFO  [17:03:47.043] [bbotk]  nrounds       eta max_depth classif.ce warnings errors runtime_learners
INFO  [17:03:47.043] [bbotk]      177 0.2511674         6  0.1567852        0      0            0.729
INFO  [17:03:47.043] [bbotk]                                 uhash
INFO  [17:03:47.043] [bbotk]  76f41a99-ce3d-4f1c-860a-7b49222b9636
INFO  [17:03:47.047] [bbotk] Evaluating 1 configuration(s)
INFO  [17:03:47.616] [bbotk] Result of batch 6:
INFO  [17:03:47.619] [bbotk]  nrounds       eta max_depth classif.ce warnings errors runtime_learners
INFO  [17:03:47.619] [bbotk]      165 0.2591442         5  0.1508564        0      0            0.517
INFO  [17:03:47.619] [bbotk]                                 uhash
INFO  [17:03:47.619] [bbotk]  280b0f7f-c523-4954-95e1-6953b6bbff2e
INFO  [17:03:47.631] [bbotk] Evaluating 1 configuration(s)
INFO  [17:03:48.722] [bbotk] Result of batch 7:
INFO  [17:03:48.723] [bbotk]  nrounds       eta max_depth classif.ce warnings errors runtime_learners
INFO  [17:03:48.723] [bbotk]      271 0.2433635         6  0.1600791        0      0            1.043
INFO  [17:03:48.723] [bbotk]                                 uhash
INFO  [17:03:48.723] [bbotk]  17717c60-852c-42f6-9be7-246d8df258f3
INFO  [17:03:48.727] [bbotk] Evaluating 1 configuration(s)
INFO  [17:03:49.612] [bbotk] Result of batch 8:
INFO  [17:03:49.613] [bbotk]  nrounds       eta max_depth classif.ce warnings errors runtime_learners
INFO  [17:03:49.613] [bbotk]      149 0.2346595         9   0.154809        0      0            0.836
INFO  [17:03:49.613] [bbotk]                                 uhash
INFO  [17:03:49.613] [bbotk]  a1da9115-dda0-485d-b307-4dc1b3705668
INFO  [17:03:49.622] [bbotk] Evaluating 1 configuration(s)
INFO  [17:03:50.026] [bbotk] Result of batch 9:
INFO  [17:03:50.027] [bbotk]  nrounds       eta max_depth classif.ce warnings errors runtime_learners
INFO  [17:03:50.027] [bbotk]      128 0.2807844         4  0.1620553        0      0            0.363
INFO  [17:03:50.027] [bbotk]                                 uhash
INFO  [17:03:50.027] [bbotk]  b6525a26-85f7-4c18-a185-5b483a4b01c3
INFO  [17:03:50.031] [bbotk] Evaluating 1 configuration(s)
INFO  [17:03:50.455] [bbotk] Result of batch 10:
INFO  [17:03:50.456] [bbotk]  nrounds       eta max_depth classif.ce warnings errors runtime_learners
INFO  [17:03:50.456] [bbotk]      155 0.1260477         4  0.1521739        0      0            0.391
INFO  [17:03:50.456] [bbotk]                                 uhash
INFO  [17:03:50.456] [bbotk]  a6a139da-d669-43bc-b29a-cc339461f8b0
INFO  [17:03:50.470] [bbotk] Finished optimizing after 10 evaluation(s)
INFO  [17:03:50.471] [bbotk] Result:
INFO  [17:03:50.473] [bbotk]  nrounds       eta max_depth learner_param_vals  x_domain classif.ce
INFO  [17:03:50.473] [bbotk]    <int>     <num>     <int>             <list>    <list>      <num>
INFO  [17:03:50.473] [bbotk]       91 0.0943162         9          <list[5]> <list[3]>  0.1488801
INFO  [17:03:50.801] [bbotk] Starting to optimize 3 parameter(s) with '<OptimizerBatchRandomSearch>' and '<TerminatorEvals> [n_evals=10, k=0]'
INFO  [17:03:50.831] [bbotk] Evaluating 1 configuration(s)
INFO  [17:03:51.500] [bbotk] Result of batch 1:
INFO  [17:03:51.501] [bbotk]  nrounds       eta max_depth classif.ce warnings errors runtime_learners
INFO  [17:03:51.501] [bbotk]      189 0.1332233         5  0.1482213        0      0            0.615
INFO  [17:03:51.501] [bbotk]                                 uhash
INFO  [17:03:51.501] [bbotk]  d9e7233d-9714-448b-8833-fd027821a5b2
INFO  [17:03:51.509] [bbotk] Evaluating 1 configuration(s)
INFO  [17:03:51.683] [bbotk] Result of batch 2:
INFO  [17:03:51.684] [bbotk]  nrounds        eta max_depth classif.ce warnings errors runtime_learners
INFO  [17:03:51.684] [bbotk]      110 0.04586327         2  0.1370224        0      0             0.13
INFO  [17:03:51.684] [bbotk]                                 uhash
INFO  [17:03:51.684] [bbotk]  7c6144a7-4e25-4efa-9cf0-7b61b04941a1
INFO  [17:03:51.689] [bbotk] Evaluating 1 configuration(s)
INFO  [17:03:53.197] [bbotk] Result of batch 3:
INFO  [17:03:53.198] [bbotk]  nrounds        eta max_depth classif.ce warnings errors runtime_learners
INFO  [17:03:53.198] [bbotk]      283 0.01703853         9  0.1429513        0      0            1.463
INFO  [17:03:53.198] [bbotk]                                 uhash
INFO  [17:03:53.198] [bbotk]  d8e66bb8-dbeb-4e50-b746-7de19d1aa5b0
INFO  [17:03:53.202] [bbotk] Evaluating 1 configuration(s)
INFO  [17:03:54.359] [bbotk] Result of batch 4:
INFO  [17:03:54.360] [bbotk]  nrounds       eta max_depth classif.ce warnings errors runtime_learners
INFO  [17:03:54.360] [bbotk]      276 0.1856579         7  0.1495389        0      0            1.114
INFO  [17:03:54.360] [bbotk]                                 uhash
INFO  [17:03:54.360] [bbotk]  41059889-0f67-4acd-8777-9f5085abcd4d
INFO  [17:03:54.369] [bbotk] Evaluating 1 configuration(s)
INFO  [17:03:55.325] [bbotk] Result of batch 5:
INFO  [17:03:55.326] [bbotk]  nrounds       eta max_depth classif.ce warnings errors runtime_learners
INFO  [17:03:55.326] [bbotk]      295 0.2528743         5  0.1488801        0      0             0.92
INFO  [17:03:55.326] [bbotk]                                 uhash
INFO  [17:03:55.326] [bbotk]  a012da5b-c652-47b8-9d61-9559bad8347f
INFO  [17:03:55.334] [bbotk] Evaluating 1 configuration(s)
INFO  [17:03:55.955] [bbotk] Result of batch 6:
INFO  [17:03:55.956] [bbotk]  nrounds       eta max_depth classif.ce warnings errors runtime_learners
INFO  [17:03:55.956] [bbotk]      150 0.1761268         6  0.1488801        0      0            0.577
INFO  [17:03:55.956] [bbotk]                                 uhash
INFO  [17:03:55.956] [bbotk]  ae717259-96ca-4abb-a9b9-63cb89f994c3
INFO  [17:03:55.960] [bbotk] Evaluating 1 configuration(s)
INFO  [17:03:57.408] [bbotk] Result of batch 7:
INFO  [17:03:57.409] [bbotk]  nrounds       eta max_depth classif.ce warnings errors runtime_learners
INFO  [17:03:57.409] [bbotk]      279 0.2513638         9  0.1455863        0      0            1.414
INFO  [17:03:57.409] [bbotk]                                 uhash
INFO  [17:03:57.409] [bbotk]  e56240de-4848-4c6b-849c-7e73af4933b2
INFO  [17:03:57.413] [bbotk] Evaluating 1 configuration(s)
INFO  [17:03:58.543] [bbotk] Result of batch 8:
INFO  [17:03:58.545] [bbotk]  nrounds       eta max_depth classif.ce warnings errors runtime_learners
INFO  [17:03:58.545] [bbotk]      192 0.1714066        10  0.1449275        0      0            1.088
INFO  [17:03:58.545] [bbotk]                                 uhash
INFO  [17:03:58.545] [bbotk]  4fdbd66f-8fbb-4b70-bed0-09afa071c1e5
INFO  [17:03:58.555] [bbotk] Evaluating 1 configuration(s)
INFO  [17:03:59.420] [bbotk] Result of batch 9:
INFO  [17:03:59.422] [bbotk]  nrounds        eta max_depth classif.ce warnings errors runtime_learners
INFO  [17:03:59.422] [bbotk]      147 0.04215686        10  0.1469038        0      0            0.814
INFO  [17:03:59.422] [bbotk]                                 uhash
INFO  [17:03:59.422] [bbotk]  52ca7c03-4b17-4d11-bccb-8d2dbdb70779
INFO  [17:03:59.431] [bbotk] Evaluating 1 configuration(s)
INFO  [17:04:00.098] [bbotk] Result of batch 10:
INFO  [17:04:00.099] [bbotk]  nrounds       eta max_depth classif.ce warnings errors runtime_learners
INFO  [17:04:00.099] [bbotk]      159 0.1996026         6  0.1475626        0      0            0.617
INFO  [17:04:00.099] [bbotk]                                 uhash
INFO  [17:04:00.099] [bbotk]  7cc31d29-784e-464e-aef2-43c28ee5d585
INFO  [17:04:00.107] [bbotk] Finished optimizing after 10 evaluation(s)
INFO  [17:04:00.107] [bbotk] Result:
INFO  [17:04:00.108] [bbotk]  nrounds        eta max_depth learner_param_vals  x_domain classif.ce
INFO  [17:04:00.108] [bbotk]    <int>      <num>     <int>             <list>    <list>      <num>
INFO  [17:04:00.108] [bbotk]      110 0.04586327         2          <list[5]> <list[3]>  0.1370224
INFO  [17:04:00.220] [bbotk] Starting to optimize 3 parameter(s) with '<OptimizerBatchRandomSearch>' and '<TerminatorEvals> [n_evals=10, k=0]'
INFO  [17:04:00.242] [bbotk] Evaluating 1 configuration(s)
INFO  [17:04:01.353] [bbotk] Result of batch 1:
INFO  [17:04:01.354] [bbotk]  nrounds       eta max_depth classif.ce warnings errors runtime_learners
INFO  [17:04:01.354] [bbotk]      300 0.2583043         6   0.168643        0      0            1.064
INFO  [17:04:01.354] [bbotk]                                 uhash
INFO  [17:04:01.354] [bbotk]  b1e95089-64fe-4559-873c-d7e7d3b7bebc
INFO  [17:04:01.358] [bbotk] Evaluating 1 configuration(s)
INFO  [17:04:02.065] [bbotk] Result of batch 2:
INFO  [17:04:02.067] [bbotk]  nrounds       eta max_depth classif.ce warnings errors runtime_learners
INFO  [17:04:02.067] [bbotk]      264 0.2917662         4  0.1745718        0      0            0.672
INFO  [17:04:02.067] [bbotk]                                 uhash
INFO  [17:04:02.067] [bbotk]  76c4fd62-5f0d-4cc4-9aa4-bbf244c441e5
INFO  [17:04:02.076] [bbotk] Evaluating 1 configuration(s)
INFO  [17:04:02.529] [bbotk] Result of batch 3:
INFO  [17:04:02.530] [bbotk]  nrounds       eta max_depth classif.ce warnings errors runtime_learners
INFO  [17:04:02.530] [bbotk]      173 0.2860604         4  0.1679842        0      0              0.4
INFO  [17:04:02.530] [bbotk]                                 uhash
INFO  [17:04:02.530] [bbotk]  f69d3926-1f06-4586-bd13-d09026354dee
INFO  [17:04:02.535] [bbotk] Evaluating 1 configuration(s)
INFO  [17:04:03.216] [bbotk] Result of batch 4:
INFO  [17:04:03.218] [bbotk]  nrounds        eta max_depth classif.ce warnings errors runtime_learners
INFO  [17:04:03.218] [bbotk]      145 0.07056062         7  0.1607378        0      0            0.626
INFO  [17:04:03.218] [bbotk]                                 uhash
INFO  [17:04:03.218] [bbotk]  8b4ac10e-8f41-4808-b224-255ab97874a5
INFO  [17:04:03.226] [bbotk] Evaluating 1 configuration(s)
INFO  [17:04:04.377] [bbotk] Result of batch 5:
INFO  [17:04:04.379] [bbotk]  nrounds       eta max_depth classif.ce warnings errors runtime_learners
INFO  [17:04:04.379] [bbotk]      222 0.1735723         9  0.1693017        0      0            1.119
INFO  [17:04:04.379] [bbotk]                                 uhash
INFO  [17:04:04.379] [bbotk]  764cec8a-9da5-4e66-bf92-f29f8de133cb
INFO  [17:04:04.386] [bbotk] Evaluating 1 configuration(s)
INFO  [17:04:05.941] [bbotk] Result of batch 6:
INFO  [17:04:05.942] [bbotk]  nrounds       eta max_depth classif.ce warnings errors runtime_learners
INFO  [17:04:05.942] [bbotk]      296 0.1209753        10  0.1719368        0      0            1.519
INFO  [17:04:05.942] [bbotk]                                 uhash
INFO  [17:04:05.942] [bbotk]  8c935d87-ec53-4ae5-9cd5-a9cf7076f789
INFO  [17:04:05.946] [bbotk] Evaluating 1 configuration(s)
INFO  [17:04:07.026] [bbotk] Result of batch 7:
INFO  [17:04:07.028] [bbotk]  nrounds       eta max_depth classif.ce warnings errors runtime_learners
INFO  [17:04:07.028] [bbotk]      271 0.2880439         7  0.1752306        0      0            1.025
INFO  [17:04:07.028] [bbotk]                                 uhash
INFO  [17:04:07.028] [bbotk]  e2a783c3-3457-4f53-96d1-897b408b52c8
INFO  [17:04:07.039] [bbotk] Evaluating 1 configuration(s)
INFO  [17:04:07.300] [bbotk] Result of batch 8:
INFO  [17:04:07.302] [bbotk]  nrounds       eta max_depth classif.ce warnings errors runtime_learners
INFO  [17:04:07.302] [bbotk]       57 0.2294241         6  0.1620553        0      0            0.227
INFO  [17:04:07.302] [bbotk]                                 uhash
INFO  [17:04:07.302] [bbotk]  4ac22f37-9d64-4fe5-a41c-392786c490b7
INFO  [17:04:07.308] [bbotk] Evaluating 1 configuration(s)
INFO  [17:04:08.074] [bbotk] Result of batch 9:
INFO  [17:04:08.075] [bbotk]  nrounds       eta max_depth classif.ce warnings errors runtime_learners
INFO  [17:04:08.075] [bbotk]      248 0.2353108         5  0.1660079        0      0            0.732
INFO  [17:04:08.075] [bbotk]                                 uhash
INFO  [17:04:08.075] [bbotk]  9cce0913-c63a-4f3f-9ec3-67e3e05f6fa7
INFO  [17:04:08.079] [bbotk] Evaluating 1 configuration(s)
INFO  [17:04:08.511] [bbotk] Result of batch 10:
INFO  [17:04:08.512] [bbotk]  nrounds        eta max_depth classif.ce warnings errors runtime_learners
INFO  [17:04:08.512] [bbotk]      100 0.02933509         6  0.1567852        0      0            0.391
INFO  [17:04:08.512] [bbotk]                                 uhash
INFO  [17:04:08.512] [bbotk]  df3bf9ac-fe54-4da1-ab2c-2f214f197ebb
INFO  [17:04:08.524] [bbotk] Finished optimizing after 10 evaluation(s)
INFO  [17:04:08.525] [bbotk] Result:
INFO  [17:04:08.526] [bbotk]  nrounds        eta max_depth learner_param_vals  x_domain classif.ce
INFO  [17:04:08.526] [bbotk]    <int>      <num>     <int>             <list>    <list>      <num>
INFO  [17:04:08.526] [bbotk]      100 0.02933509         6          <list[5]> <list[3]>  0.1567852
INFO  [17:04:08.765] [bbotk] Starting to optimize 3 parameter(s) with '<OptimizerBatchRandomSearch>' and '<TerminatorEvals> [n_evals=10, k=0]'
INFO  [17:04:08.775] [bbotk] Evaluating 1 configuration(s)
INFO  [17:04:09.976] [bbotk] Result of batch 1:
INFO  [17:04:09.977] [bbotk]  nrounds       eta max_depth classif.ce warnings errors runtime_learners
INFO  [17:04:09.977] [bbotk]      244 0.1657116         9  0.1691965        0      0            1.157
INFO  [17:04:09.977] [bbotk]                                 uhash
INFO  [17:04:09.977] [bbotk]  fced2c1f-b9f4-4e85-89e0-5d7ec7e2038b
INFO  [17:04:09.981] [bbotk] Evaluating 1 configuration(s)
INFO  [17:04:10.391] [bbotk] Result of batch 2:
INFO  [17:04:10.393] [bbotk]  nrounds       eta max_depth classif.ce warnings errors runtime_learners
INFO  [17:04:10.393] [bbotk]      266 0.2086415         2  0.1573505        0      0            0.361
INFO  [17:04:10.393] [bbotk]                                 uhash
INFO  [17:04:10.393] [bbotk]  c74066ae-cea8-43d7-9498-a568a8f5b978
INFO  [17:04:10.402] [bbotk] Evaluating 1 configuration(s)
INFO  [17:04:11.226] [bbotk] Result of batch 3:
INFO  [17:04:11.228] [bbotk]  nrounds        eta max_depth classif.ce warnings errors runtime_learners
INFO  [17:04:11.228] [bbotk]      220 0.07957159         6  0.1619579        0      0            0.782
INFO  [17:04:11.228] [bbotk]                                 uhash
INFO  [17:04:11.228] [bbotk]  561ae101-65ce-4ace-9e48-ac264e3819cc
INFO  [17:04:11.237] [bbotk] Evaluating 1 configuration(s)
INFO  [17:04:12.260] [bbotk] Result of batch 4:
INFO  [17:04:12.262] [bbotk]  nrounds       eta max_depth classif.ce warnings errors runtime_learners
INFO  [17:04:12.262] [bbotk]      286 0.1943739         6  0.1711715        0      0            0.981
INFO  [17:04:12.262] [bbotk]                                 uhash
INFO  [17:04:12.262] [bbotk]  e54fc19a-0323-4234-9296-b558ff3be587
INFO  [17:04:12.272] [bbotk] Evaluating 1 configuration(s)
INFO  [17:04:12.417] [bbotk] Result of batch 5:
INFO  [17:04:12.418] [bbotk]  nrounds        eta max_depth classif.ce warnings errors runtime_learners
INFO  [17:04:12.418] [bbotk]       73 0.04107729         2  0.1481239        0      0            0.107
INFO  [17:04:12.418] [bbotk]                                 uhash
INFO  [17:04:12.418] [bbotk]  248d3ee5-5962-4b81-bc02-b7e9b57a7ba2
INFO  [17:04:12.423] [bbotk] Evaluating 1 configuration(s)
INFO  [17:04:13.839] [bbotk] Result of batch 6:
INFO  [17:04:13.840] [bbotk]  nrounds        eta max_depth classif.ce warnings errors runtime_learners
INFO  [17:04:13.840] [bbotk]      250 0.07899915        10  0.1632741        0      0            1.383
INFO  [17:04:13.840] [bbotk]                                 uhash
INFO  [17:04:13.840] [bbotk]  e9c5b496-cbaf-4a98-8407-7b7f554b8c9e
INFO  [17:04:13.844] [bbotk] Evaluating 1 configuration(s)
INFO  [17:04:14.469] [bbotk] Result of batch 7:
INFO  [17:04:14.471] [bbotk]  nrounds       eta max_depth classif.ce warnings errors runtime_learners
INFO  [17:04:14.471] [bbotk]      110 0.2645093        10  0.1665601        0      0            0.594
INFO  [17:04:14.471] [bbotk]                                 uhash
INFO  [17:04:14.471] [bbotk]  1e478f0f-aa9d-4e0b-9322-cf83d1394f4b
INFO  [17:04:14.478] [bbotk] Evaluating 1 configuration(s)
INFO  [17:04:15.005] [bbotk] Result of batch 8:
INFO  [17:04:15.007] [bbotk]  nrounds        eta max_depth classif.ce warnings errors runtime_learners
INFO  [17:04:15.007] [bbotk]      120 0.02978274         7  0.1534057        0      0            0.489
INFO  [17:04:15.007] [bbotk]                                 uhash
INFO  [17:04:15.007] [bbotk]  53fe4b78-7858-4688-91a2-638ee13c22bb
INFO  [17:04:15.021] [bbotk] Evaluating 1 configuration(s)
INFO  [17:04:16.005] [bbotk] Result of batch 9:
INFO  [17:04:16.006] [bbotk]  nrounds       eta max_depth classif.ce warnings errors runtime_learners
INFO  [17:04:16.006] [bbotk]      160 0.0383984        10   0.154054        0      0            0.951
INFO  [17:04:16.006] [bbotk]                                 uhash
INFO  [17:04:16.006] [bbotk]  8d7ae1b0-8949-4b44-8292-752953672727
INFO  [17:04:16.025] [bbotk] Evaluating 1 configuration(s)
INFO  [17:04:17.246] [bbotk] Result of batch 10:
INFO  [17:04:17.247] [bbotk]  nrounds       eta max_depth classif.ce warnings errors runtime_learners
INFO  [17:04:17.247] [bbotk]      248 0.1871002         8  0.1678828        0      0            1.181
INFO  [17:04:17.247] [bbotk]                                 uhash
INFO  [17:04:17.247] [bbotk]  354a0b8b-c7a3-4b63-aca0-523c2acff4df
INFO  [17:04:17.269] [bbotk] Finished optimizing after 10 evaluation(s)
INFO  [17:04:17.269] [bbotk] Result:
INFO  [17:04:17.270] [bbotk]  nrounds        eta max_depth learner_param_vals  x_domain classif.ce
INFO  [17:04:17.270] [bbotk]    <int>      <num>     <int>             <list>    <list>      <num>
INFO  [17:04:17.270] [bbotk]       73 0.04107729         2          <list[5]> <list[3]>  0.1481239
INFO  [17:04:17.376] [bbotk] Starting to optimize 3 parameter(s) with '<OptimizerBatchRandomSearch>' and '<TerminatorEvals> [n_evals=10, k=0]'
INFO  [17:04:17.396] [bbotk] Evaluating 1 configuration(s)
INFO  [17:04:17.848] [bbotk] Result of batch 1:
INFO  [17:04:17.852] [bbotk]  nrounds       eta max_depth classif.ce warnings errors runtime_learners
INFO  [17:04:17.852] [bbotk]       80 0.2834145         8  0.1461463        0      0            0.412
INFO  [17:04:17.852] [bbotk]                                 uhash
INFO  [17:04:17.852] [bbotk]  c0b4c07a-35d0-41ea-b47f-f3572130e380
INFO  [17:04:17.861] [bbotk] Evaluating 1 configuration(s)
INFO  [17:04:18.185] [bbotk] Result of batch 2:
INFO  [17:04:18.186] [bbotk]  nrounds      eta max_depth classif.ce warnings errors runtime_learners
INFO  [17:04:18.186] [bbotk]       83 0.234741         5  0.1408736        0      0            0.288
INFO  [17:04:18.186] [bbotk]                                 uhash
INFO  [17:04:18.186] [bbotk]  eec98df4-1771-4334-9646-b7b9233e6a27
INFO  [17:04:18.193] [bbotk] Evaluating 1 configuration(s)
INFO  [17:04:18.732] [bbotk] Result of batch 3:
INFO  [17:04:18.733] [bbotk]  nrounds       eta max_depth classif.ce warnings errors runtime_learners
INFO  [17:04:18.733] [bbotk]      142 0.1662314         5  0.1435152        0      0            0.487
INFO  [17:04:18.733] [bbotk]                                 uhash
INFO  [17:04:18.733] [bbotk]  00d0b92a-7733-47b2-9549-8e31992e14c5
INFO  [17:04:18.738] [bbotk] Evaluating 1 configuration(s)
INFO  [17:04:19.175] [bbotk] Result of batch 4:
INFO  [17:04:19.177] [bbotk]  nrounds       eta max_depth classif.ce warnings errors runtime_learners
INFO  [17:04:19.177] [bbotk]      143 0.1132515         4  0.1421976        0      0            0.388
INFO  [17:04:19.177] [bbotk]                                 uhash
INFO  [17:04:19.177] [bbotk]  0506424b-0167-42fa-aa86-2ef691c711d2
INFO  [17:04:19.181] [bbotk] Evaluating 1 configuration(s)
INFO  [17:04:20.088] [bbotk] Result of batch 5:
INFO  [17:04:20.095] [bbotk]  nrounds        eta max_depth classif.ce warnings errors runtime_learners
INFO  [17:04:20.095] [bbotk]      166 0.08055272         8  0.1454837        0      0            0.849
INFO  [17:04:20.095] [bbotk]                                 uhash
INFO  [17:04:20.095] [bbotk]  617af6bd-c5ca-4f4e-83da-e375f607ba5f
INFO  [17:04:20.099] [bbotk] Evaluating 1 configuration(s)
INFO  [17:04:20.604] [bbotk] Result of batch 6:
INFO  [17:04:20.605] [bbotk]  nrounds       eta max_depth classif.ce warnings errors runtime_learners
INFO  [17:04:20.605] [bbotk]      132 0.2717481         6  0.1441661        0      0            0.465
INFO  [17:04:20.605] [bbotk]                                 uhash
INFO  [17:04:20.605] [bbotk]  05cdca48-744a-44a7-8e15-d3d21ebf1aea
INFO  [17:04:20.609] [bbotk] Evaluating 1 configuration(s)
INFO  [17:04:21.409] [bbotk] Result of batch 7:
INFO  [17:04:21.410] [bbotk]  nrounds       eta max_depth classif.ce warnings errors runtime_learners
INFO  [17:04:21.410] [bbotk]      198 0.2699779         6  0.1520726        0      0            0.761
INFO  [17:04:21.410] [bbotk]                                 uhash
INFO  [17:04:21.410] [bbotk]  d3554bf1-1083-4d6c-8057-3f80efd626f1
INFO  [17:04:21.414] [bbotk] Evaluating 1 configuration(s)
INFO  [17:04:22.302] [bbotk] Result of batch 8:
INFO  [17:04:22.303] [bbotk]  nrounds       eta max_depth classif.ce warnings errors runtime_learners
INFO  [17:04:22.303] [bbotk]      286 0.1728525         4  0.1494349        0      0            0.849
INFO  [17:04:22.303] [bbotk]                                 uhash
INFO  [17:04:22.303] [bbotk]  e7944eab-754f-43e5-a36d-af8e92b23040
INFO  [17:04:22.318] [bbotk] Evaluating 1 configuration(s)
INFO  [17:04:23.010] [bbotk] Result of batch 9:
INFO  [17:04:23.012] [bbotk]  nrounds       eta max_depth classif.ce warnings errors runtime_learners
INFO  [17:04:23.012] [bbotk]      125 0.2687882         8  0.1500976        0      0            0.645
INFO  [17:04:23.012] [bbotk]                                 uhash
INFO  [17:04:23.012] [bbotk]  5b533d6d-a0cf-440e-af1e-3210360c660b
INFO  [17:04:23.016] [bbotk] Evaluating 1 configuration(s)
INFO  [17:04:23.147] [bbotk] Result of batch 10:
INFO  [17:04:23.148] [bbotk]  nrounds       eta max_depth classif.ce warnings errors runtime_learners
INFO  [17:04:23.148] [bbotk]       82 0.1800627         2  0.1356087        0      0            0.103
INFO  [17:04:23.148] [bbotk]                                 uhash
INFO  [17:04:23.148] [bbotk]  becd8018-6956-4631-b864-755b761c3747
INFO  [17:04:23.156] [bbotk] Finished optimizing after 10 evaluation(s)
INFO  [17:04:23.156] [bbotk] Result:
INFO  [17:04:23.157] [bbotk]  nrounds       eta max_depth learner_param_vals  x_domain classif.ce
INFO  [17:04:23.157] [bbotk]    <int>     <num>     <int>             <list>    <list>      <num>
INFO  [17:04:23.157] [bbotk]       82 0.1800627         2          <list[5]> <list[3]>  0.1356087
[1] -30.49189
[1] 20.20822
[1] 1.221956
[1] 55.80889
[1] 1.016657
[1] 55.18752
[1] 0.8219752
[1] 54.3264
[1] -8.891236
[1] 42.07041

### [bt]: Job terminated successfully [batchtools job.id=1873]
### [bt]: Starting job [batchtools job.id=1874]
### [bt]: Generating problem instance for problem '42e9f2146ba77696' ...
### [bt]: Applying algorithm 'run_learner' on problem '42e9f2146ba77696' for job 1874 (seed = 1875) ...
INFO  [17:04:23.385] [mlr3] Applying learner 'classif.xgboost.tuned_calib.perfold_beta' on task 'kc1' (iter 4/10)
INFO  [17:04:23.431] [bbotk] Starting to optimize 3 parameter(s) with '<OptimizerBatchRandomSearch>' and '<TerminatorEvals> [n_evals=10, k=0]'
INFO  [17:04:23.447] [bbotk] Evaluating 1 configuration(s)
INFO  [17:04:23.781] [bbotk] Result of batch 1:
INFO  [17:04:23.784] [bbotk]  nrounds       eta max_depth classif.ce warnings errors runtime_learners
INFO  [17:04:23.784] [bbotk]      108 0.1707602         4  0.1607378        0      0            0.276
INFO  [17:04:23.784] [bbotk]                                 uhash
INFO  [17:04:23.784] [bbotk]  1da5f674-fef4-4156-a378-5f675f436de9
INFO  [17:04:23.792] [bbotk] Evaluating 1 configuration(s)
INFO  [17:04:24.880] [bbotk] Result of batch 2:
INFO  [17:04:24.881] [bbotk]  nrounds        eta max_depth classif.ce warnings errors runtime_learners
INFO  [17:04:24.881] [bbotk]      296 0.08143719         5  0.1541502        0      0            1.036
INFO  [17:04:24.881] [bbotk]                                 uhash
INFO  [17:04:24.881] [bbotk]  a556401f-f5e1-4c66-98e7-e9563df3b8e9
INFO  [17:04:24.892] [bbotk] Evaluating 1 configuration(s)
INFO  [17:04:25.425] [bbotk] Result of batch 3:
INFO  [17:04:25.426] [bbotk]  nrounds       eta max_depth classif.ce warnings errors runtime_learners
INFO  [17:04:25.426] [bbotk]       95 0.1597795         8  0.1561265        0      0            0.495
INFO  [17:04:25.426] [bbotk]                                 uhash
INFO  [17:04:25.426] [bbotk]  fcb01274-f18b-41d7-8a41-caad015cdb60
INFO  [17:04:25.430] [bbotk] Evaluating 1 configuration(s)
INFO  [17:04:25.801] [bbotk] Result of batch 4:
INFO  [17:04:25.803] [bbotk]  nrounds       eta max_depth classif.ce warnings errors runtime_learners
INFO  [17:04:25.803] [bbotk]       55 0.2831787         8   0.157444        0      0            0.327
INFO  [17:04:25.803] [bbotk]                                 uhash
INFO  [17:04:25.803] [bbotk]  08dfa2c7-4628-4c5e-bdf1-13ca642ed91e
INFO  [17:04:25.816] [bbotk] Evaluating 1 configuration(s)
INFO  [17:04:26.490] [bbotk] Result of batch 5:
INFO  [17:04:26.492] [bbotk]  nrounds       eta max_depth classif.ce warnings errors runtime_learners
INFO  [17:04:26.492] [bbotk]      112 0.1520443         9  0.1594203        0      0            0.621
INFO  [17:04:26.492] [bbotk]                                 uhash
INFO  [17:04:26.492] [bbotk]  d96d3239-d83f-41e5-9fb7-837f4282049f
INFO  [17:04:26.499] [bbotk] Evaluating 1 configuration(s)
INFO  [17:04:26.786] [bbotk] Result of batch 6:
INFO  [17:04:26.787] [bbotk]  nrounds        eta max_depth classif.ce warnings errors runtime_learners
INFO  [17:04:26.787] [bbotk]      129 0.03519267         3  0.1475626        0      0            0.239
INFO  [17:04:26.787] [bbotk]                                 uhash
INFO  [17:04:26.787] [bbotk]  48154d9b-cb25-4d12-bb2e-958dde8968a7
INFO  [17:04:26.791] [bbotk] Evaluating 1 configuration(s)
INFO  [17:04:28.195] [bbotk] Result of batch 7:
INFO  [17:04:28.197] [bbotk]  nrounds       eta max_depth classif.ce warnings errors runtime_learners
INFO  [17:04:28.197] [bbotk]      285 0.2636846        10   0.168643        0      0            1.357
INFO  [17:04:28.197] [bbotk]                                 uhash
INFO  [17:04:28.197] [bbotk]  6dab753a-988a-498c-86ee-3706ad1b0339
INFO  [17:04:28.205] [bbotk] Evaluating 1 configuration(s)
INFO  [17:04:28.806] [bbotk] Result of batch 8:
INFO  [17:04:28.807] [bbotk]  nrounds       eta max_depth classif.ce warnings errors runtime_learners
INFO  [17:04:28.807] [bbotk]      216 0.1407992         4  0.1607378        0      0             0.56
INFO  [17:04:28.807] [bbotk]                                 uhash
INFO  [17:04:28.807] [bbotk]  90c8dd61-c423-4bae-a7ba-b96b9c19be4d
INFO  [17:04:28.812] [bbotk] Evaluating 1 configuration(s)
INFO  [17:04:29.537] [bbotk] Result of batch 9:
INFO  [17:04:29.539] [bbotk]  nrounds       eta max_depth classif.ce warnings errors runtime_learners
INFO  [17:04:29.539] [bbotk]      213 0.1862501         5  0.1587615        0      0            0.647
INFO  [17:04:29.539] [bbotk]                                 uhash
INFO  [17:04:29.539] [bbotk]  ae2f7af5-14a0-4802-bc0e-20d6348166d5
INFO  [17:04:29.544] [bbotk] Evaluating 1 configuration(s)
INFO  [17:04:29.905] [bbotk] Result of batch 10:
INFO  [17:04:29.906] [bbotk]  nrounds        eta max_depth classif.ce warnings errors runtime_learners
INFO  [17:04:29.906] [bbotk]      162 0.02425925         3  0.1469038        0      0            0.313
INFO  [17:04:29.906] [bbotk]                                 uhash
INFO  [17:04:29.906] [bbotk]  eb4defd6-e170-45ab-a00a-3d9f5065d461
INFO  [17:04:29.917] [bbotk] Finished optimizing after 10 evaluation(s)
INFO  [17:04:29.917] [bbotk] Result:
INFO  [17:04:29.918] [bbotk]  nrounds        eta max_depth learner_param_vals  x_domain classif.ce
INFO  [17:04:29.918] [bbotk]    <int>      <num>     <int>             <list>    <list>      <num>
INFO  [17:04:29.918] [bbotk]      162 0.02425925         3          <list[5]> <list[3]>  0.1469038
INFO  [17:04:30.128] [bbotk] Starting to optimize 3 parameter(s) with '<OptimizerBatchRandomSearch>' and '<TerminatorEvals> [n_evals=10, k=0]'
INFO  [17:04:30.149] [bbotk] Evaluating 1 configuration(s)
INFO  [17:04:31.114] [bbotk] Result of batch 1:
INFO  [17:04:31.115] [bbotk]  nrounds        eta max_depth classif.ce warnings errors runtime_learners
INFO  [17:04:31.115] [bbotk]      198 0.07036265         8  0.1613966        0      0            0.935
INFO  [17:04:31.115] [bbotk]                                 uhash
INFO  [17:04:31.115] [bbotk]  54384180-3ba8-4b97-bcce-a4b5d79652b4
INFO  [17:04:31.121] [bbotk] Evaluating 1 configuration(s)
INFO  [17:04:31.809] [bbotk] Result of batch 2:
INFO  [17:04:31.810] [bbotk]  nrounds       eta max_depth classif.ce warnings errors runtime_learners
INFO  [17:04:31.810] [bbotk]      270 0.1296724         4  0.1620553        0      0            0.642
INFO  [17:04:31.810] [bbotk]                                 uhash
INFO  [17:04:31.810] [bbotk]  9bd18cd9-4cf6-4ff3-b0c9-e9cc4873f5ee
INFO  [17:04:31.814] [bbotk] Evaluating 1 configuration(s)
INFO  [17:04:32.605] [bbotk] Result of batch 3:
INFO  [17:04:32.606] [bbotk]  nrounds       eta max_depth classif.ce warnings errors runtime_learners
INFO  [17:04:32.606] [bbotk]      230 0.1833099         6  0.1653491        0      0            0.756
INFO  [17:04:32.606] [bbotk]                                 uhash
INFO  [17:04:32.606] [bbotk]  7f8bee05-6ea9-4dcf-96b7-811d30d6eed0
INFO  [17:04:32.610] [bbotk] Evaluating 1 configuration(s)
INFO  [17:04:33.510] [bbotk] Result of batch 4:
INFO  [17:04:33.511] [bbotk]  nrounds       eta max_depth classif.ce warnings errors runtime_learners
INFO  [17:04:33.511] [bbotk]      158 0.0885772        10  0.1587615        0      0            0.861
INFO  [17:04:33.511] [bbotk]                                 uhash
INFO  [17:04:33.511] [bbotk]  c40f4594-8222-4f24-be09-450e29584542
INFO  [17:04:33.520] [bbotk] Evaluating 1 configuration(s)
INFO  [17:04:34.053] [bbotk] Result of batch 5:
INFO  [17:04:34.056] [bbotk]  nrounds       eta max_depth classif.ce warnings errors runtime_learners
INFO  [17:04:34.056] [bbotk]      138 0.1333343         5  0.1646904        0      0            0.416
INFO  [17:04:34.056] [bbotk]                                 uhash
INFO  [17:04:34.056] [bbotk]  88895a1c-6e27-48f9-b580-05bac181a266
INFO  [17:04:34.070] [bbotk] Evaluating 1 configuration(s)
INFO  [17:04:35.272] [bbotk] Result of batch 6:
INFO  [17:04:35.273] [bbotk]  nrounds       eta max_depth classif.ce warnings errors runtime_learners
INFO  [17:04:35.273] [bbotk]      262 0.2501262         8  0.1640316        0      0            1.156
INFO  [17:04:35.273] [bbotk]                                 uhash
INFO  [17:04:35.273] [bbotk]  63e6982d-4d65-4d4f-8f1a-2f0053b99df1
INFO  [17:04:35.276] [bbotk] Evaluating 1 configuration(s)
INFO  [17:04:35.779] [bbotk] Result of batch 7:
INFO  [17:04:35.780] [bbotk]  nrounds       eta max_depth classif.ce warnings errors runtime_learners
INFO  [17:04:35.780] [bbotk]       80 0.2313972        10  0.1627141        0      0            0.469
INFO  [17:04:35.780] [bbotk]                                 uhash
INFO  [17:04:35.780] [bbotk]  f0c5452e-df21-4ee7-ac72-b64487b06af2
INFO  [17:04:35.787] [bbotk] Evaluating 1 configuration(s)
INFO  [17:04:36.641] [bbotk] Result of batch 8:
INFO  [17:04:36.643] [bbotk]  nrounds       eta max_depth classif.ce warnings errors runtime_learners
INFO  [17:04:36.643] [bbotk]      160 0.2186698         9  0.1607378        0      0            0.812
INFO  [17:04:36.643] [bbotk]                                 uhash
INFO  [17:04:36.643] [bbotk]  04036523-913b-448c-8b84-e3405be10ad1
INFO  [17:04:36.652] [bbotk] Evaluating 1 configuration(s)
INFO  [17:04:37.062] [bbotk] Result of batch 9:
INFO  [17:04:37.064] [bbotk]  nrounds       eta max_depth classif.ce warnings errors runtime_learners
INFO  [17:04:37.064] [bbotk]      208 0.2812722         3  0.1587615        0      0            0.376
INFO  [17:04:37.064] [bbotk]                                 uhash
INFO  [17:04:37.064] [bbotk]  daffa0aa-ba16-49df-b79a-2b7d21dc1cf8
INFO  [17:04:37.078] [bbotk] Evaluating 1 configuration(s)
INFO  [17:04:37.695] [bbotk] Result of batch 10:
INFO  [17:04:37.696] [bbotk]  nrounds       eta max_depth classif.ce warnings errors runtime_learners
INFO  [17:04:37.696] [bbotk]      274 0.1030225         3  0.1640316        0      0            0.569
INFO  [17:04:37.696] [bbotk]                                 uhash
INFO  [17:04:37.696] [bbotk]  c0443f34-c0a2-4aa7-8104-06f4410db326
INFO  [17:04:37.707] [bbotk] Finished optimizing after 10 evaluation(s)
INFO  [17:04:37.708] [bbotk] Result:
INFO  [17:04:37.709] [bbotk]  nrounds       eta max_depth learner_param_vals  x_domain classif.ce
INFO  [17:04:37.709] [bbotk]    <int>     <num>     <int>             <list>    <list>      <num>
INFO  [17:04:37.709] [bbotk]      158 0.0885772        10          <list[5]> <list[3]>  0.1587615
INFO  [17:04:38.192] [bbotk] Starting to optimize 3 parameter(s) with '<OptimizerBatchRandomSearch>' and '<TerminatorEvals> [n_evals=10, k=0]'
INFO  [17:04:38.203] [bbotk] Evaluating 1 configuration(s)
INFO  [17:04:38.566] [bbotk] Result of batch 1:
INFO  [17:04:38.567] [bbotk]  nrounds        eta max_depth classif.ce warnings errors runtime_learners
INFO  [17:04:38.567] [bbotk]       66 0.01942932         7  0.1469038        0      0            0.321
INFO  [17:04:38.567] [bbotk]                                 uhash
INFO  [17:04:38.567] [bbotk]  289b836f-238c-43a9-b3b8-b6d221a4080d
INFO  [17:04:38.574] [bbotk] Evaluating 1 configuration(s)
INFO  [17:04:38.973] [bbotk] Result of batch 2:
INFO  [17:04:38.975] [bbotk]  nrounds        eta max_depth classif.ce warnings errors runtime_learners
INFO  [17:04:38.975] [bbotk]      137 0.06840292         4  0.1422925        0      0             0.36
INFO  [17:04:38.975] [bbotk]                                 uhash
INFO  [17:04:38.975] [bbotk]  b40848d2-46c9-474c-b6d4-9423a5d70a4e
INFO  [17:04:38.984] [bbotk] Evaluating 1 configuration(s)
INFO  [17:04:39.866] [bbotk] Result of batch 3:
INFO  [17:04:39.868] [bbotk]  nrounds       eta max_depth classif.ce warnings errors runtime_learners
INFO  [17:04:39.868] [bbotk]      183 0.0299763         7  0.1396574        0      0            0.814
INFO  [17:04:39.868] [bbotk]                                 uhash
INFO  [17:04:39.868] [bbotk]  eca44513-ceab-4047-88a1-d11488d01e63
INFO  [17:04:39.873] [bbotk] Evaluating 1 configuration(s)
INFO  [17:04:40.073] [bbotk] Result of batch 4:
INFO  [17:04:40.075] [bbotk]  nrounds       eta max_depth classif.ce warnings errors runtime_learners
INFO  [17:04:40.075] [bbotk]      112 0.0864171         2   0.140975        0      0            0.153
INFO  [17:04:40.075] [bbotk]                                 uhash
INFO  [17:04:40.075] [bbotk]  c992f29f-757f-4aa5-adf9-72474375aee8
INFO  [17:04:40.084] [bbotk] Evaluating 1 configuration(s)
INFO  [17:04:40.701] [bbotk] Result of batch 5:
INFO  [17:04:40.702] [bbotk]  nrounds        eta max_depth classif.ce warnings errors runtime_learners
INFO  [17:04:40.702] [bbotk]      117 0.09590922         8  0.1422925        0      0            0.574
INFO  [17:04:40.702] [bbotk]                                 uhash
INFO  [17:04:40.702] [bbotk]  44cab403-f75a-4f1d-9c12-0399e55b708d
INFO  [17:04:40.706] [bbotk] Evaluating 1 configuration(s)
INFO  [17:04:41.722] [bbotk] Result of batch 6:
INFO  [17:04:41.723] [bbotk]  nrounds       eta max_depth classif.ce warnings errors runtime_learners
INFO  [17:04:41.723] [bbotk]      216 0.2468459         8  0.1475626        0      0            0.974
INFO  [17:04:41.723] [bbotk]                                 uhash
INFO  [17:04:41.723] [bbotk]  92e91018-a259-42ac-8cb0-73e547becba1
INFO  [17:04:41.727] [bbotk] Evaluating 1 configuration(s)
INFO  [17:04:42.517] [bbotk] Result of batch 7:
INFO  [17:04:42.518] [bbotk]  nrounds        eta max_depth classif.ce warnings errors runtime_learners
INFO  [17:04:42.518] [bbotk]      238 0.02444599         5  0.1449275        0      0            0.756
INFO  [17:04:42.518] [bbotk]                                 uhash
INFO  [17:04:42.518] [bbotk]  7012532f-505b-4b17-9ace-28efdf87d933
INFO  [17:04:42.527] [bbotk] Evaluating 1 configuration(s)
INFO  [17:04:42.703] [bbotk] Result of batch 8:
INFO  [17:04:42.704] [bbotk]  nrounds       eta max_depth classif.ce warnings errors runtime_learners
INFO  [17:04:42.704] [bbotk]       74 0.1762451         2   0.140975        0      0            0.138
INFO  [17:04:42.704] [bbotk]                                 uhash
INFO  [17:04:42.704] [bbotk]  0ad5cd0c-29f2-42d0-af61-74b232402fcf
INFO  [17:04:42.708] [bbotk] Evaluating 1 configuration(s)
INFO  [17:04:43.824] [bbotk] Result of batch 9:
INFO  [17:04:43.825] [bbotk]  nrounds        eta max_depth classif.ce warnings errors runtime_learners
INFO  [17:04:43.825] [bbotk]      299 0.06175438         6  0.1422925        0      0            1.081
INFO  [17:04:43.825] [bbotk]                                 uhash
INFO  [17:04:43.825] [bbotk]  7850267a-1eb2-434b-8d6c-81508e07f5a1
INFO  [17:04:43.833] [bbotk] Evaluating 1 configuration(s)
INFO  [17:04:44.672] [bbotk] Result of batch 10:
INFO  [17:04:44.673] [bbotk]  nrounds       eta max_depth classif.ce warnings errors runtime_learners
INFO  [17:04:44.673] [bbotk]      224 0.2174668         6  0.1488801        0      0            0.801
INFO  [17:04:44.673] [bbotk]                                 uhash
INFO  [17:04:44.673] [bbotk]  8414ebef-7e9f-4b77-9447-854b29ca6b3b
INFO  [17:04:44.681] [bbotk] Finished optimizing after 10 evaluation(s)
INFO  [17:04:44.681] [bbotk] Result:
INFO  [17:04:44.682] [bbotk]  nrounds       eta max_depth learner_param_vals  x_domain classif.ce
INFO  [17:04:44.682] [bbotk]    <int>     <num>     <int>             <list>    <list>      <num>
INFO  [17:04:44.682] [bbotk]      183 0.0299763         7          <list[5]> <list[3]>  0.1396574
INFO  [17:04:45.128] [bbotk] Starting to optimize 3 parameter(s) with '<OptimizerBatchRandomSearch>' and '<TerminatorEvals> [n_evals=10, k=0]'
INFO  [17:04:45.144] [bbotk] Evaluating 1 configuration(s)
INFO  [17:04:45.992] [bbotk] Result of batch 1:
INFO  [17:04:45.994] [bbotk]  nrounds      eta max_depth classif.ce warnings errors runtime_learners
INFO  [17:04:45.994] [bbotk]      251 0.148815         5  0.1481304        0      0            0.812
INFO  [17:04:45.994] [bbotk]                                 uhash
INFO  [17:04:45.994] [bbotk]  c3f84486-8103-4249-937c-5cc7aefeb7a7
INFO  [17:04:46.003] [bbotk] Evaluating 1 configuration(s)
INFO  [17:04:46.684] [bbotk] Result of batch 2:
INFO  [17:04:46.685] [bbotk]  nrounds        eta max_depth classif.ce warnings errors runtime_learners
INFO  [17:04:46.685] [bbotk]      161 0.01520418         6  0.1514203        0      0            0.641
INFO  [17:04:46.685] [bbotk]                                 uhash
INFO  [17:04:46.685] [bbotk]  d12cc91b-8d2c-4d3a-92b5-70a751a5e1e6
INFO  [17:04:46.689] [bbotk] Evaluating 1 configuration(s)
INFO  [17:04:48.084] [bbotk] Result of batch 3:
INFO  [17:04:48.085] [bbotk]  nrounds       eta max_depth classif.ce warnings errors runtime_learners
INFO  [17:04:48.085] [bbotk]      282 0.2529918        10  0.1514229        0      0            1.348
INFO  [17:04:48.085] [bbotk]                                 uhash
INFO  [17:04:48.085] [bbotk]  bf12561b-27a9-45c8-8699-2a07d8b5d76e
INFO  [17:04:48.093] [bbotk] Evaluating 1 configuration(s)
INFO  [17:04:49.379] [bbotk] Result of batch 4:
INFO  [17:04:49.380] [bbotk]  nrounds       eta max_depth classif.ce warnings errors runtime_learners
INFO  [17:04:49.380] [bbotk]      293 0.1181368         7  0.1527352        0      0            1.238
INFO  [17:04:49.380] [bbotk]                                 uhash
INFO  [17:04:49.380] [bbotk]  3cc15a65-50f8-4c0b-a33e-ef07d4e56b77
INFO  [17:04:49.386] [bbotk] Evaluating 1 configuration(s)
INFO  [17:04:49.861] [bbotk] Result of batch 5:
INFO  [17:04:49.863] [bbotk]  nrounds       eta max_depth classif.ce warnings errors runtime_learners
INFO  [17:04:49.863] [bbotk]      298 0.2356313         2  0.1481265        0      0            0.423
INFO  [17:04:49.863] [bbotk]                                 uhash
INFO  [17:04:49.863] [bbotk]  96f329f3-52b7-412c-ab42-02c587e2e2d3
INFO  [17:04:49.872] [bbotk] Evaluating 1 configuration(s)
INFO  [17:04:50.681] [bbotk] Result of batch 6:
INFO  [17:04:50.682] [bbotk]  nrounds        eta max_depth classif.ce warnings errors runtime_learners
INFO  [17:04:50.682] [bbotk]      171 0.06275997         7  0.1514164        0      0            0.754
INFO  [17:04:50.682] [bbotk]                                 uhash
INFO  [17:04:50.682] [bbotk]  da2084ec-364b-4c13-b867-dcd30caa17a1
INFO  [17:04:50.686] [bbotk] Evaluating 1 configuration(s)
INFO  [17:04:51.496] [bbotk] Result of batch 7:
INFO  [17:04:51.497] [bbotk]  nrounds        eta max_depth classif.ce warnings errors runtime_learners
INFO  [17:04:51.497] [bbotk]      248 0.08534727         5  0.1514229        0      0             0.78
INFO  [17:04:51.497] [bbotk]                                 uhash
INFO  [17:04:51.497] [bbotk]  90cbad78-24f2-415f-a639-64e7941f5092
INFO  [17:04:51.505] [bbotk] Evaluating 1 configuration(s)
INFO  [17:04:51.985] [bbotk] Result of batch 8:
INFO  [17:04:51.986] [bbotk]  nrounds       eta max_depth classif.ce warnings errors runtime_learners
INFO  [17:04:51.986] [bbotk]      272 0.1740029         2  0.1494388        0      0            0.438
INFO  [17:04:51.986] [bbotk]                                 uhash
INFO  [17:04:51.986] [bbotk]  ed2591ed-1a03-40ea-8f67-fe3ac79f1628
INFO  [17:04:51.990] [bbotk] Evaluating 1 configuration(s)
INFO  [17:04:52.440] [bbotk] Result of batch 9:
INFO  [17:04:52.441] [bbotk]  nrounds        eta max_depth classif.ce warnings errors runtime_learners
INFO  [17:04:52.441] [bbotk]      295 0.05083534         2  0.1402304        0      0            0.397
INFO  [17:04:52.441] [bbotk]                                 uhash
INFO  [17:04:52.441] [bbotk]  a93323b9-6922-4c4f-8256-e53572ba254a
INFO  [17:04:52.445] [bbotk] Evaluating 1 configuration(s)
INFO  [17:04:53.739] [bbotk] Result of batch 10:
INFO  [17:04:53.741] [bbotk]  nrounds       eta max_depth classif.ce warnings errors runtime_learners
INFO  [17:04:53.741] [bbotk]      273 0.0134807         7  0.1454966        0      0            1.252
INFO  [17:04:53.741] [bbotk]                                 uhash
INFO  [17:04:53.741] [bbotk]  c4196d78-7299-47fc-bb2f-0c60110e3d17
INFO  [17:04:53.768] [bbotk] Finished optimizing after 10 evaluation(s)
INFO  [17:04:53.768] [bbotk] Result:
INFO  [17:04:53.771] [bbotk]  nrounds        eta max_depth learner_param_vals  x_domain classif.ce
INFO  [17:04:53.771] [bbotk]    <int>      <num>     <int>             <list>    <list>      <num>
INFO  [17:04:53.771] [bbotk]      295 0.05083534         2          <list[5]> <list[3]>  0.1402304
INFO  [17:04:54.016] [bbotk] Starting to optimize 3 parameter(s) with '<OptimizerBatchRandomSearch>' and '<TerminatorEvals> [n_evals=10, k=0]'
INFO  [17:04:54.038] [bbotk] Evaluating 1 configuration(s)
INFO  [17:04:54.397] [bbotk] Result of batch 1:
INFO  [17:04:54.398] [bbotk]  nrounds        eta max_depth classif.ce warnings errors runtime_learners
INFO  [17:04:54.398] [bbotk]      109 0.04472208         4  0.1461424        0      0            0.303
INFO  [17:04:54.398] [bbotk]                                 uhash
INFO  [17:04:54.398] [bbotk]  4388d449-1317-457d-af40-5cfd0c308474
INFO  [17:04:54.403] [bbotk] Evaluating 1 configuration(s)
INFO  [17:04:55.168] [bbotk] Result of batch 2:
INFO  [17:04:55.170] [bbotk]  nrounds        eta max_depth classif.ce warnings errors runtime_learners
INFO  [17:04:55.170] [bbotk]      270 0.03340998         4  0.1494323        0      0            0.724
INFO  [17:04:55.170] [bbotk]                                 uhash
INFO  [17:04:55.170] [bbotk]  313655d7-ab80-49a8-962c-4f1caa321117
INFO  [17:04:55.175] [bbotk] Evaluating 1 configuration(s)
INFO  [17:04:55.495] [bbotk] Result of batch 3:
INFO  [17:04:55.496] [bbotk]  nrounds       eta max_depth classif.ce warnings errors runtime_learners
INFO  [17:04:55.496] [bbotk]      119 0.1928075         3  0.1520674        0      0            0.275
INFO  [17:04:55.496] [bbotk]                                 uhash
INFO  [17:04:55.496] [bbotk]  c56b2906-a642-44c2-b92b-75ad913758c4
INFO  [17:04:55.500] [bbotk] Evaluating 1 configuration(s)
INFO  [17:04:56.029] [bbotk] Result of batch 4:
INFO  [17:04:56.031] [bbotk]  nrounds        eta max_depth classif.ce warnings errors runtime_learners
INFO  [17:04:56.031] [bbotk]       85 0.06887355         7  0.1547037        0      0             0.44
INFO  [17:04:56.031] [bbotk]                                 uhash
INFO  [17:04:56.031] [bbotk]  988014f2-3961-450b-af74-424091bc540b
INFO  [17:04:56.042] [bbotk] Evaluating 1 configuration(s)
INFO  [17:04:56.382] [bbotk] Result of batch 5:
INFO  [17:04:56.384] [bbotk]  nrounds       eta max_depth classif.ce warnings errors runtime_learners
INFO  [17:04:56.384] [bbotk]      131 0.1917884         3   0.154705        0      0            0.283
INFO  [17:04:56.384] [bbotk]                                 uhash
INFO  [17:04:56.384] [bbotk]  e9a5c06b-88af-4b5f-aad1-ebbbee349f96
INFO  [17:04:56.394] [bbotk] Evaluating 1 configuration(s)
INFO  [17:04:58.102] [bbotk] Result of batch 6:
INFO  [17:04:58.103] [bbotk]  nrounds        eta max_depth classif.ce warnings errors runtime_learners
INFO  [17:04:58.103] [bbotk]      293 0.09449557         9  0.1593111        0      0            1.677
INFO  [17:04:58.103] [bbotk]                                 uhash
INFO  [17:04:58.103] [bbotk]  9d5f21d4-220e-4744-a805-d18c49f214da
INFO  [17:04:58.107] [bbotk] Evaluating 1 configuration(s)
INFO  [17:04:59.363] [bbotk] Result of batch 7:
INFO  [17:04:59.364] [bbotk]  nrounds       eta max_depth classif.ce warnings errors runtime_learners
INFO  [17:04:59.364] [bbotk]      243 0.2700614         9   0.164576        0      0             1.22
INFO  [17:04:59.364] [bbotk]                                 uhash
INFO  [17:04:59.364] [bbotk]  5932bd11-13f3-4a04-952a-488fbb060306
INFO  [17:04:59.367] [bbotk] Evaluating 1 configuration(s)
INFO  [17:05:00.299] [bbotk] Result of batch 8:
INFO  [17:05:00.303] [bbotk]  nrounds       eta max_depth classif.ce warnings errors runtime_learners
INFO  [17:05:00.303] [bbotk]      166 0.2945552         8  0.1645708        0      0            0.894
INFO  [17:05:00.303] [bbotk]                                 uhash
INFO  [17:05:00.303] [bbotk]  8ae9559f-be27-4e0e-91b7-d3fea3d8addf
INFO  [17:05:00.324] [bbotk] Evaluating 1 configuration(s)
INFO  [17:05:01.834] [bbotk] Result of batch 9:
INFO  [17:05:01.836] [bbotk]  nrounds       eta max_depth classif.ce warnings errors runtime_learners
INFO  [17:05:01.836] [bbotk]      240 0.1577313        10  0.1573336        0      0            1.461
INFO  [17:05:01.836] [bbotk]                                 uhash
INFO  [17:05:01.836] [bbotk]  cdeb422d-fa7b-4f66-bce9-717d2fce4da3
INFO  [17:05:01.846] [bbotk] Evaluating 1 configuration(s)
INFO  [17:05:02.230] [bbotk] Result of batch 10:
INFO  [17:05:02.231] [bbotk]  nrounds        eta max_depth classif.ce warnings errors runtime_learners
INFO  [17:05:02.231] [bbotk]      218 0.07944567         2    0.14417        0      0            0.325
INFO  [17:05:02.231] [bbotk]                                 uhash
INFO  [17:05:02.231] [bbotk]  f23bd244-58e0-4448-a666-e4d1cbf1fef3
INFO  [17:05:02.249] [bbotk] Finished optimizing after 10 evaluation(s)
INFO  [17:05:02.250] [bbotk] Result:
INFO  [17:05:02.251] [bbotk]  nrounds        eta max_depth learner_param_vals  x_domain classif.ce
INFO  [17:05:02.251] [bbotk]    <int>      <num>     <int>             <list>    <list>      <num>
INFO  [17:05:02.251] [bbotk]      218 0.07944567         2          <list[5]> <list[3]>    0.14417
[1] -98.36104
[1] 23.53677
[1] -1.303787
[1] 28.3503
[1] -5.121739
[1] 31.17205
[1] -43.91219
[1] 20.99002
[1] -0.2585936
[1] 45.75655

### [bt]: Job terminated successfully [batchtools job.id=1874]
### [bt]: Starting job [batchtools job.id=1875]
### [bt]: Generating problem instance for problem '42e9f2146ba77696' ...
### [bt]: Applying algorithm 'run_learner' on problem '42e9f2146ba77696' for job 1875 (seed = 1876) ...
INFO  [17:05:02.597] [mlr3] Applying learner 'classif.xgboost.tuned_calib.perfold_beta' on task 'kc1' (iter 5/10)
INFO  [17:05:02.642] [bbotk] Starting to optimize 3 parameter(s) with '<OptimizerBatchRandomSearch>' and '<TerminatorEvals> [n_evals=10, k=0]'
INFO  [17:05:02.666] [bbotk] Evaluating 1 configuration(s)
INFO  [17:05:03.055] [bbotk] Result of batch 1:
INFO  [17:05:03.057] [bbotk]  nrounds       eta max_depth classif.ce warnings errors runtime_learners
INFO  [17:05:03.057] [bbotk]      248 0.1039316         2  0.1541502        0      0            0.338
INFO  [17:05:03.057] [bbotk]                                 uhash
INFO  [17:05:03.057] [bbotk]  9ac3aa56-07d6-4686-b217-c81e2c81041e
INFO  [17:05:03.076] [bbotk] Evaluating 1 configuration(s)
INFO  [17:05:03.505] [bbotk] Result of batch 2:
INFO  [17:05:03.506] [bbotk]  nrounds        eta max_depth classif.ce warnings errors runtime_learners
INFO  [17:05:03.506] [bbotk]       61 0.07690715         9  0.1561265        0      0            0.377
INFO  [17:05:03.506] [bbotk]                                 uhash
INFO  [17:05:03.506] [bbotk]  8d2322bb-8525-459e-95f2-d44a46ed9703
INFO  [17:05:03.510] [bbotk] Evaluating 1 configuration(s)
INFO  [17:05:04.491] [bbotk] Result of batch 3:
INFO  [17:05:04.492] [bbotk]  nrounds        eta max_depth classif.ce warnings errors runtime_learners
INFO  [17:05:04.492] [bbotk]      162 0.06143607         6  0.1534914        0      0            0.938
INFO  [17:05:04.492] [bbotk]                                 uhash
INFO  [17:05:04.492] [bbotk]  d283cbd7-ff37-43f4-a4bf-8aee19743d9f
INFO  [17:05:04.497] [bbotk] Evaluating 1 configuration(s)
INFO  [17:05:04.860] [bbotk] Result of batch 4:
INFO  [17:05:04.861] [bbotk]  nrounds       eta max_depth classif.ce warnings errors runtime_learners
INFO  [17:05:04.861] [bbotk]      206 0.1774807         2  0.1567852        0      0            0.326
INFO  [17:05:04.861] [bbotk]                                 uhash
INFO  [17:05:04.861] [bbotk]  4c72b0ab-5c84-436d-aa99-b0575553079e
INFO  [17:05:04.865] [bbotk] Evaluating 1 configuration(s)
INFO  [17:05:06.071] [bbotk] Result of batch 5:
INFO  [17:05:06.072] [bbotk]  nrounds        eta max_depth classif.ce warnings errors runtime_learners
INFO  [17:05:06.072] [bbotk]      209 0.07363507         8  0.1554677        0      0            1.157
INFO  [17:05:06.072] [bbotk]                                 uhash
INFO  [17:05:06.072] [bbotk]  684a6879-b959-4e96-9f54-6a8a2f0c6513
INFO  [17:05:06.076] [bbotk] Evaluating 1 configuration(s)
INFO  [17:05:07.214] [bbotk] Result of batch 6:
INFO  [17:05:07.215] [bbotk]  nrounds      eta max_depth classif.ce warnings errors runtime_learners
INFO  [17:05:07.215] [bbotk]      228 0.229693         7  0.1554677        0      0            1.094
INFO  [17:05:07.215] [bbotk]                                 uhash
INFO  [17:05:07.215] [bbotk]  ebcb07db-ba01-4d15-9e7b-b06d0554baec
INFO  [17:05:07.219] [bbotk] Evaluating 1 configuration(s)
INFO  [17:05:07.704] [bbotk] Result of batch 7:
INFO  [17:05:07.706] [bbotk]  nrounds        eta max_depth classif.ce warnings errors runtime_learners
INFO  [17:05:07.706] [bbotk]       80 0.07082413         8  0.1475626        0      0            0.435
INFO  [17:05:07.706] [bbotk]                                 uhash
INFO  [17:05:07.706] [bbotk]  5237f584-1a64-48b6-9896-9c8079170eac
INFO  [17:05:07.710] [bbotk] Evaluating 1 configuration(s)
INFO  [17:05:08.994] [bbotk] Result of batch 8:
INFO  [17:05:08.996] [bbotk]  nrounds       eta max_depth classif.ce warnings errors runtime_learners
INFO  [17:05:08.996] [bbotk]      233 0.2179932         7  0.1607378        0      0             1.23
INFO  [17:05:08.996] [bbotk]                                 uhash
INFO  [17:05:08.996] [bbotk]  7f785bdf-70a8-4755-8834-325855125dcb
INFO  [17:05:09.006] [bbotk] Evaluating 1 configuration(s)
INFO  [17:05:09.959] [bbotk] Result of batch 9:
INFO  [17:05:09.960] [bbotk]  nrounds       eta max_depth classif.ce warnings errors runtime_learners
INFO  [17:05:09.960] [bbotk]      128 0.1792013        10  0.1594203        0      0            0.907
INFO  [17:05:09.960] [bbotk]                                 uhash
INFO  [17:05:09.960] [bbotk]  43d9589b-89ac-4f4d-9bd4-d7d1ef4712a2
INFO  [17:05:09.967] [bbotk] Evaluating 1 configuration(s)
INFO  [17:05:10.527] [bbotk] Result of batch 10:
INFO  [17:05:10.529] [bbotk]  nrounds       eta max_depth classif.ce warnings errors runtime_learners
INFO  [17:05:10.529] [bbotk]       78 0.1244389        10  0.1561265        0      0            0.509
INFO  [17:05:10.529] [bbotk]                                 uhash
INFO  [17:05:10.529] [bbotk]  a9564375-e67c-442a-b9b9-437a58e7f2ec
INFO  [17:05:10.538] [bbotk] Finished optimizing after 10 evaluation(s)
INFO  [17:05:10.539] [bbotk] Result:
INFO  [17:05:10.539] [bbotk]  nrounds        eta max_depth learner_param_vals  x_domain classif.ce
INFO  [17:05:10.539] [bbotk]    <int>      <num>     <int>             <list>    <list>      <num>
INFO  [17:05:10.539] [bbotk]       80 0.07082413         8          <list[5]> <list[3]>  0.1475626
INFO  [17:05:10.821] [bbotk] Starting to optimize 3 parameter(s) with '<OptimizerBatchRandomSearch>' and '<TerminatorEvals> [n_evals=10, k=0]'
INFO  [17:05:10.835] [bbotk] Evaluating 1 configuration(s)
INFO  [17:05:11.157] [bbotk] Result of batch 1:
INFO  [17:05:11.159] [bbotk]  nrounds       eta max_depth classif.ce warnings errors runtime_learners
INFO  [17:05:11.159] [bbotk]       65 0.1963238         5  0.1442688        0      0            0.265
INFO  [17:05:11.159] [bbotk]                                 uhash
INFO  [17:05:11.159] [bbotk]  0a006aa8-a8a3-4a66-b2c1-564d16cd2702
INFO  [17:05:11.165] [bbotk] Evaluating 1 configuration(s)
INFO  [17:05:11.547] [bbotk] Result of batch 2:
INFO  [17:05:11.548] [bbotk]  nrounds      eta max_depth classif.ce warnings errors runtime_learners
INFO  [17:05:11.548] [bbotk]       59 0.218753         8  0.1469038        0      0            0.338
INFO  [17:05:11.548] [bbotk]                                 uhash
INFO  [17:05:11.548] [bbotk]  48169913-d28c-491c-a94f-34a101c262fc
INFO  [17:05:11.552] [bbotk] Evaluating 1 configuration(s)
INFO  [17:05:12.676] [bbotk] Result of batch 3:
INFO  [17:05:12.678] [bbotk]  nrounds      eta max_depth classif.ce warnings errors runtime_learners
INFO  [17:05:12.678] [bbotk]      200 0.184431         7  0.1515152        0      0            1.067
INFO  [17:05:12.678] [bbotk]                                 uhash
INFO  [17:05:12.678] [bbotk]  3e1ca516-b1eb-4b6c-a5b2-5683c6e5c914
INFO  [17:05:12.684] [bbotk] Evaluating 1 configuration(s)
INFO  [17:05:13.565] [bbotk] Result of batch 4:
INFO  [17:05:13.565] [bbotk]  nrounds       eta max_depth classif.ce warnings errors runtime_learners
INFO  [17:05:13.565] [bbotk]      135 0.1516582        10  0.1455863        0      0             0.84
INFO  [17:05:13.565] [bbotk]                                 uhash
INFO  [17:05:13.565] [bbotk]  9f0b128d-f20d-49cc-9249-9cc430840199
INFO  [17:05:13.569] [bbotk] Evaluating 1 configuration(s)
INFO  [17:05:14.067] [bbotk] Result of batch 5:
INFO  [17:05:14.068] [bbotk]  nrounds        eta max_depth classif.ce warnings errors runtime_learners
INFO  [17:05:14.068] [bbotk]      125 0.07306905         5  0.1469038        0      0            0.461
INFO  [17:05:14.068] [bbotk]                                 uhash
INFO  [17:05:14.068] [bbotk]  3de938a8-4871-4529-a009-6d6440d6b336
INFO  [17:05:14.072] [bbotk] Evaluating 1 configuration(s)
INFO  [17:05:14.341] [bbotk] Result of batch 6:
INFO  [17:05:14.342] [bbotk]  nrounds        eta max_depth classif.ce warnings errors runtime_learners
INFO  [17:05:14.342] [bbotk]      104 0.01997055         3  0.1554677        0      0            0.225
INFO  [17:05:14.342] [bbotk]                                 uhash
INFO  [17:05:14.342] [bbotk]  b74dd538-38e0-4b80-a5fb-cf3b3b2ede82
INFO  [17:05:14.347] [bbotk] Evaluating 1 configuration(s)
INFO  [17:05:15.093] [bbotk] Result of batch 7:
INFO  [17:05:15.095] [bbotk]  nrounds        eta max_depth classif.ce warnings errors runtime_learners
INFO  [17:05:15.095] [bbotk]      172 0.07990944         6  0.1488801        0      0            0.698
INFO  [17:05:15.095] [bbotk]                                 uhash
INFO  [17:05:15.095] [bbotk]  f686d994-7ab0-41fd-bbc8-00741daf0a15
INFO  [17:05:15.104] [bbotk] Evaluating 1 configuration(s)
INFO  [17:05:15.426] [bbotk] Result of batch 8:
INFO  [17:05:15.427] [bbotk]  nrounds       eta max_depth classif.ce warnings errors runtime_learners
INFO  [17:05:15.427] [bbotk]       82 0.2452681         5  0.1515152        0      0            0.271
INFO  [17:05:15.427] [bbotk]                                 uhash
INFO  [17:05:15.427] [bbotk]  dd6d18c3-e640-4c32-b9c3-e501fdaeeba9
INFO  [17:05:15.431] [bbotk] Evaluating 1 configuration(s)
INFO  [17:05:16.677] [bbotk] Result of batch 9:
INFO  [17:05:16.678] [bbotk]  nrounds       eta max_depth classif.ce warnings errors runtime_learners
INFO  [17:05:16.678] [bbotk]      189 0.2128995        10  0.1508564        0      0            1.206
INFO  [17:05:16.678] [bbotk]                                 uhash
INFO  [17:05:16.678] [bbotk]  fd53b896-c465-482d-9b3e-0726a3ac70d5
INFO  [17:05:16.690] [bbotk] Evaluating 1 configuration(s)
INFO  [17:05:17.068] [bbotk] Result of batch 10:
INFO  [17:05:17.069] [bbotk]  nrounds       eta max_depth classif.ce warnings errors runtime_learners
INFO  [17:05:17.069] [bbotk]      201 0.2424129         2  0.1449275        0      0            0.324
INFO  [17:05:17.069] [bbotk]                                 uhash
INFO  [17:05:17.069] [bbotk]  29a0f833-035a-467c-876d-6ba70694343c
INFO  [17:05:17.078] [bbotk] Finished optimizing after 10 evaluation(s)
INFO  [17:05:17.078] [bbotk] Result:
INFO  [17:05:17.079] [bbotk]  nrounds       eta max_depth learner_param_vals  x_domain classif.ce
INFO  [17:05:17.079] [bbotk]    <int>     <num>     <int>             <list>    <list>      <num>
INFO  [17:05:17.079] [bbotk]       65 0.1963238         5          <list[5]> <list[3]>  0.1442688
INFO  [17:05:17.253] [bbotk] Starting to optimize 3 parameter(s) with '<OptimizerBatchRandomSearch>' and '<TerminatorEvals> [n_evals=10, k=0]'
INFO  [17:05:17.269] [bbotk] Evaluating 1 configuration(s)
INFO  [17:05:17.499] [bbotk] Result of batch 1:
INFO  [17:05:17.500] [bbotk]  nrounds       eta max_depth classif.ce warnings errors runtime_learners
INFO  [17:05:17.500] [bbotk]       58 0.2578128         4  0.1449275        0      0            0.171
INFO  [17:05:17.500] [bbotk]                                 uhash
INFO  [17:05:17.500] [bbotk]  7a2dcd01-e53a-4116-9ddc-14cd41de6371
INFO  [17:05:17.504] [bbotk] Evaluating 1 configuration(s)
INFO  [17:05:18.282] [bbotk] Result of batch 2:
INFO  [17:05:18.285] [bbotk]  nrounds        eta max_depth classif.ce warnings errors runtime_learners
INFO  [17:05:18.285] [bbotk]      154 0.01900882         7  0.1416337        0      0             0.73
INFO  [17:05:18.285] [bbotk]                                 uhash
INFO  [17:05:18.285] [bbotk]  a7c71f52-0b9e-4763-a0aa-4ce074f4231b
INFO  [17:05:18.290] [bbotk] Evaluating 1 configuration(s)
INFO  [17:05:18.848] [bbotk] Result of batch 3:
INFO  [17:05:18.849] [bbotk]  nrounds       eta max_depth classif.ce warnings errors runtime_learners
INFO  [17:05:18.849] [bbotk]      186 0.2157149         4  0.1508564        0      0            0.501
INFO  [17:05:18.849] [bbotk]                                 uhash
INFO  [17:05:18.849] [bbotk]  02c9ccc7-0805-4a79-8aad-f927ffd60cd4
INFO  [17:05:18.853] [bbotk] Evaluating 1 configuration(s)
INFO  [17:05:19.608] [bbotk] Result of batch 4:
INFO  [17:05:19.609] [bbotk]  nrounds       eta max_depth classif.ce warnings errors runtime_learners
INFO  [17:05:19.609] [bbotk]      186 0.2968387         5  0.1455863        0      0            0.712
INFO  [17:05:19.609] [bbotk]                                 uhash
INFO  [17:05:19.609] [bbotk]  82863bce-edb4-4057-9c59-a34f3a4d38fb
INFO  [17:05:19.616] [bbotk] Evaluating 1 configuration(s)
INFO  [17:05:20.424] [bbotk] Result of batch 5:
INFO  [17:05:20.425] [bbotk]  nrounds       eta max_depth classif.ce warnings errors runtime_learners
INFO  [17:05:20.425] [bbotk]      261 0.2028286         4  0.1449275        0      0             0.76
INFO  [17:05:20.425] [bbotk]                                 uhash
INFO  [17:05:20.425] [bbotk]  a33ba51b-8283-448e-95c7-40608898ae8e
INFO  [17:05:20.430] [bbotk] Evaluating 1 configuration(s)
INFO  [17:05:20.976] [bbotk] Result of batch 6:
INFO  [17:05:20.977] [bbotk]  nrounds       eta max_depth classif.ce warnings errors runtime_learners
INFO  [17:05:20.977] [bbotk]      250 0.2374073         3  0.1475626        0      0            0.506
INFO  [17:05:20.977] [bbotk]                                 uhash
INFO  [17:05:20.977] [bbotk]  4ccc9fe0-cbe5-4b45-8586-7c9b40e929f3
INFO  [17:05:20.982] [bbotk] Evaluating 1 configuration(s)
INFO  [17:05:21.423] [bbotk] Result of batch 7:
INFO  [17:05:21.425] [bbotk]  nrounds       eta max_depth classif.ce warnings errors runtime_learners
INFO  [17:05:21.425] [bbotk]      141 0.1712638         4    0.14361        0      0            0.401
INFO  [17:05:21.425] [bbotk]                                 uhash
INFO  [17:05:21.425] [bbotk]  fb5dee7d-e359-43f6-ad67-e66430fbab2c
INFO  [17:05:21.433] [bbotk] Evaluating 1 configuration(s)
INFO  [17:05:21.792] [bbotk] Result of batch 8:
INFO  [17:05:21.793] [bbotk]  nrounds        eta max_depth classif.ce warnings errors runtime_learners
INFO  [17:05:21.793] [bbotk]      116 0.08670511         4  0.1429513        0      0            0.304
INFO  [17:05:21.793] [bbotk]                                 uhash
INFO  [17:05:21.793] [bbotk]  9800e261-9323-4bdc-85e7-9af88f64bc4e
INFO  [17:05:21.797] [bbotk] Evaluating 1 configuration(s)
INFO  [17:05:23.127] [bbotk] Result of batch 9:
INFO  [17:05:23.129] [bbotk]  nrounds       eta max_depth classif.ce warnings errors runtime_learners
INFO  [17:05:23.129] [bbotk]      218 0.1360362        10  0.1501976        0      0            1.295
INFO  [17:05:23.129] [bbotk]                                 uhash
INFO  [17:05:23.129] [bbotk]  db058d4d-7418-4a56-a50c-3b0c3c0578e8
INFO  [17:05:23.134] [bbotk] Evaluating 1 configuration(s)
INFO  [17:05:23.520] [bbotk] Result of batch 10:
INFO  [17:05:23.522] [bbotk]  nrounds       eta max_depth classif.ce warnings errors runtime_learners
INFO  [17:05:23.522] [bbotk]      268 0.0571964         2  0.1357049        0      0            0.338
INFO  [17:05:23.522] [bbotk]                                 uhash
INFO  [17:05:23.522] [bbotk]  94439c4d-44db-432f-91f5-8e68b5dfd2d5
INFO  [17:05:23.540] [bbotk] Finished optimizing after 10 evaluation(s)
INFO  [17:05:23.540] [bbotk] Result:
INFO  [17:05:23.542] [bbotk]  nrounds       eta max_depth learner_param_vals  x_domain classif.ce
INFO  [17:05:23.542] [bbotk]    <int>     <num>     <int>             <list>    <list>      <num>
INFO  [17:05:23.542] [bbotk]      268 0.0571964         2          <list[5]> <list[3]>  0.1357049
INFO  [17:05:23.748] [bbotk] Starting to optimize 3 parameter(s) with '<OptimizerBatchRandomSearch>' and '<TerminatorEvals> [n_evals=10, k=0]'
INFO  [17:05:23.767] [bbotk] Evaluating 1 configuration(s)
INFO  [17:05:24.692] [bbotk] Result of batch 1:
INFO  [17:05:24.693] [bbotk]  nrounds        eta max_depth classif.ce warnings errors runtime_learners
INFO  [17:05:24.693] [bbotk]      158 0.05033441         9  0.1448353        0      0            0.866
INFO  [17:05:24.693] [bbotk]                                 uhash
INFO  [17:05:24.693] [bbotk]  aec2fee2-7116-48f0-996c-14b0c0d73bb0
INFO  [17:05:24.702] [bbotk] Evaluating 1 configuration(s)
INFO  [17:05:25.704] [bbotk] Result of batch 2:
INFO  [17:05:25.706] [bbotk]  nrounds       eta max_depth classif.ce warnings errors runtime_learners
INFO  [17:05:25.706] [bbotk]      279 0.2728831         5  0.1500963        0      0            0.947
INFO  [17:05:25.706] [bbotk]                                 uhash
INFO  [17:05:25.706] [bbotk]  268643c4-ec22-42fb-a5e7-b9e9e4a268c0
INFO  [17:05:25.710] [bbotk] Evaluating 1 configuration(s)
INFO  [17:05:27.088] [bbotk] Result of batch 3:
INFO  [17:05:27.096] [bbotk]  nrounds      eta max_depth classif.ce warnings errors runtime_learners
INFO  [17:05:27.096] [bbotk]      245 0.213577         9  0.1520752        0      0            1.326
INFO  [17:05:27.096] [bbotk]                                 uhash
INFO  [17:05:27.096] [bbotk]  522cf9ba-4fbd-4e51-8524-2421462dfd98
INFO  [17:05:27.106] [bbotk] Evaluating 1 configuration(s)
INFO  [17:05:27.791] [bbotk] Result of batch 4:
INFO  [17:05:27.792] [bbotk]  nrounds        eta max_depth classif.ce warnings errors runtime_learners
INFO  [17:05:27.792] [bbotk]      115 0.01360314         9  0.1487775        0      0            0.644
INFO  [17:05:27.792] [bbotk]                                 uhash
INFO  [17:05:27.792] [bbotk]  7ce43503-209f-4848-b6ac-40998e57fce4
INFO  [17:05:27.796] [bbotk] Evaluating 1 configuration(s)
INFO  [17:05:28.321] [bbotk] Result of batch 5:
INFO  [17:05:28.322] [bbotk]  nrounds       eta max_depth classif.ce warnings errors runtime_learners
INFO  [17:05:28.322] [bbotk]      114 0.1024605         6  0.1468103        0      0            0.487
INFO  [17:05:28.322] [bbotk]                                 uhash
INFO  [17:05:28.322] [bbotk]  fc910be2-052a-4f36-ae6c-4400fbf16579
INFO  [17:05:28.325] [bbotk] Evaluating 1 configuration(s)
INFO  [17:05:29.499] [bbotk] Result of batch 6:
INFO  [17:05:29.499] [bbotk]  nrounds       eta max_depth classif.ce warnings errors runtime_learners
INFO  [17:05:29.499] [bbotk]      230 0.2262215         9   0.153394        0      0             1.12
INFO  [17:05:29.499] [bbotk]                                 uhash
INFO  [17:05:29.499] [bbotk]  33b1c9a1-1241-41fa-85dc-44691b914f2e
INFO  [17:05:29.504] [bbotk] Evaluating 1 configuration(s)
INFO  [17:05:29.908] [bbotk] Result of batch 7:
INFO  [17:05:29.910] [bbotk]  nrounds       eta max_depth classif.ce warnings errors runtime_learners
INFO  [17:05:29.910] [bbotk]      233 0.1054888         2  0.1527378        0      0            0.368
INFO  [17:05:29.910] [bbotk]                                 uhash
INFO  [17:05:29.910] [bbotk]  b9da799d-fd85-492c-9b94-f52fdc2f1141
INFO  [17:05:29.918] [bbotk] Evaluating 1 configuration(s)
INFO  [17:05:30.570] [bbotk] Result of batch 8:
INFO  [17:05:30.572] [bbotk]  nrounds      eta max_depth classif.ce warnings errors runtime_learners
INFO  [17:05:30.572] [bbotk]      138 0.162882         7  0.1408827        0      0            0.604
INFO  [17:05:30.572] [bbotk]                                 uhash
INFO  [17:05:30.572] [bbotk]  5e227a33-8f65-4103-b087-1802bace87ff
INFO  [17:05:30.580] [bbotk] Evaluating 1 configuration(s)
INFO  [17:05:31.247] [bbotk] Result of batch 9:
INFO  [17:05:31.249] [bbotk]  nrounds       eta max_depth classif.ce warnings errors runtime_learners
INFO  [17:05:31.249] [bbotk]      135 0.2606729         7   0.147469        0      0            0.609
INFO  [17:05:31.249] [bbotk]                                 uhash
INFO  [17:05:31.249] [bbotk]  d0723151-6bd7-42bf-a7a9-8ab002f03adc
INFO  [17:05:31.258] [bbotk] Evaluating 1 configuration(s)
INFO  [17:05:32.668] [bbotk] Result of batch 10:
INFO  [17:05:32.670] [bbotk]  nrounds       eta max_depth classif.ce warnings errors runtime_learners
INFO  [17:05:32.670] [bbotk]      275 0.2377224         9  0.1487788        0      0            1.368
INFO  [17:05:32.670] [bbotk]                                 uhash
INFO  [17:05:32.670] [bbotk]  91f0e426-4c43-424d-98bd-f7023d83f8f8
INFO  [17:05:32.686] [bbotk] Finished optimizing after 10 evaluation(s)
INFO  [17:05:32.687] [bbotk] Result:
INFO  [17:05:32.689] [bbotk]  nrounds      eta max_depth learner_param_vals  x_domain classif.ce
INFO  [17:05:32.689] [bbotk]    <int>    <num>     <int>             <list>    <list>      <num>
INFO  [17:05:32.689] [bbotk]      138 0.162882         7          <list[5]> <list[3]>  0.1408827
INFO  [17:05:33.074] [bbotk] Starting to optimize 3 parameter(s) with '<OptimizerBatchRandomSearch>' and '<TerminatorEvals> [n_evals=10, k=0]'
INFO  [17:05:33.087] [bbotk] Evaluating 1 configuration(s)
INFO  [17:05:33.469] [bbotk] Result of batch 1:
INFO  [17:05:33.473] [bbotk]  nrounds       eta max_depth classif.ce warnings errors runtime_learners
INFO  [17:05:33.473] [bbotk]      101 0.2372816         5  0.1244111        0      0            0.352
INFO  [17:05:33.473] [bbotk]                                 uhash
INFO  [17:05:33.473] [bbotk]  9fe53529-6366-46af-bbd4-b58336e8eb25
INFO  [17:05:33.479] [bbotk] Evaluating 1 configuration(s)
INFO  [17:05:34.142] [bbotk] Result of batch 2:
INFO  [17:05:34.144] [bbotk]  nrounds       eta max_depth classif.ce warnings errors runtime_learners
INFO  [17:05:34.144] [bbotk]      159 0.1386415         6  0.1303347        0      0             0.63
INFO  [17:05:34.144] [bbotk]                                 uhash
INFO  [17:05:34.144] [bbotk]  97de0965-2b47-46d7-800d-c3523ee7b8b2
INFO  [17:05:34.160] [bbotk] Evaluating 1 configuration(s)
INFO  [17:05:34.662] [bbotk] Result of batch 3:
INFO  [17:05:34.663] [bbotk]  nrounds       eta max_depth classif.ce warnings errors runtime_learners
INFO  [17:05:34.663] [bbotk]      300 0.2979406         2  0.1336246        0      0            0.449
INFO  [17:05:34.663] [bbotk]                                 uhash
INFO  [17:05:34.663] [bbotk]  dae64de7-1596-4b52-8eb6-8f2c2d3af871
INFO  [17:05:34.667] [bbotk] Evaluating 1 configuration(s)
INFO  [17:05:35.192] [bbotk] Result of batch 4:
INFO  [17:05:35.193] [bbotk]  nrounds       eta max_depth classif.ce warnings errors runtime_learners
INFO  [17:05:35.193] [bbotk]      160 0.1499231         4  0.1257234        0      0            0.481
INFO  [17:05:35.193] [bbotk]                                 uhash
INFO  [17:05:35.193] [bbotk]  e236c7c2-dbe9-4a49-8bf9-91f2a4e5c7df
INFO  [17:05:35.197] [bbotk] Evaluating 1 configuration(s)
INFO  [17:05:35.534] [bbotk] Result of batch 5:
INFO  [17:05:35.535] [bbotk]  nrounds       eta max_depth classif.ce warnings errors runtime_learners
INFO  [17:05:35.535] [bbotk]      198 0.2679335         2  0.1290198        0      0            0.273
INFO  [17:05:35.535] [bbotk]                                 uhash
INFO  [17:05:35.535] [bbotk]  ed215e49-b1c6-4ea2-ae0e-bd6bd0d7b689
INFO  [17:05:35.543] [bbotk] Evaluating 1 configuration(s)
INFO  [17:05:36.141] [bbotk] Result of batch 6:
INFO  [17:05:36.142] [bbotk]  nrounds       eta max_depth classif.ce warnings errors runtime_learners
INFO  [17:05:36.142] [bbotk]       98 0.1781229        10  0.1303334        0      0            0.567
INFO  [17:05:36.142] [bbotk]                                 uhash
INFO  [17:05:36.142] [bbotk]  42ce316a-578b-4df3-b0bd-616d93f3deb6
INFO  [17:05:36.146] [bbotk] Evaluating 1 configuration(s)
INFO  [17:05:36.431] [bbotk] Result of batch 7:
INFO  [17:05:36.432] [bbotk]  nrounds        eta max_depth classif.ce warnings errors runtime_learners
INFO  [17:05:36.432] [bbotk]       56 0.02282872         6  0.1329646        0      0            0.218
INFO  [17:05:36.432] [bbotk]                                 uhash
INFO  [17:05:36.432] [bbotk]  0b03681e-16e9-4041-b707-a48a6f867980
INFO  [17:05:36.436] [bbotk] Evaluating 1 configuration(s)
INFO  [17:05:36.643] [bbotk] Result of batch 8:
INFO  [17:05:36.644] [bbotk]  nrounds       eta max_depth classif.ce warnings errors runtime_learners
INFO  [17:05:36.644] [bbotk]       50 0.1172776         4  0.1270435        0      0            0.167
INFO  [17:05:36.644] [bbotk]                                 uhash
INFO  [17:05:36.644] [bbotk]  20b66fe3-28c1-476c-a326-41fc15b8765f
INFO  [17:05:36.648] [bbotk] Evaluating 1 configuration(s)
INFO  [17:05:37.457] [bbotk] Result of batch 9:
INFO  [17:05:37.458] [bbotk]  nrounds      eta max_depth classif.ce warnings errors runtime_learners
INFO  [17:05:37.458] [bbotk]      283 0.291735         4  0.1349409        0      0            0.767
INFO  [17:05:37.458] [bbotk]                                 uhash
INFO  [17:05:37.458] [bbotk]  d39adc3f-1b49-45c7-945b-46c531af86d8
INFO  [17:05:37.464] [bbotk] Evaluating 1 configuration(s)
INFO  [17:05:38.436] [bbotk] Result of batch 10:
INFO  [17:05:38.438] [bbotk]  nrounds       eta max_depth classif.ce warnings errors runtime_learners
INFO  [17:05:38.438] [bbotk]      289 0.2247005         5  0.1323175        0      0            0.923
INFO  [17:05:38.438] [bbotk]                                 uhash
INFO  [17:05:38.438] [bbotk]  4c810284-c16c-42a7-ab66-926d915cf2a9
INFO  [17:05:38.451] [bbotk] Finished optimizing after 10 evaluation(s)
INFO  [17:05:38.451] [bbotk] Result:
INFO  [17:05:38.452] [bbotk]  nrounds       eta max_depth learner_param_vals  x_domain classif.ce
INFO  [17:05:38.452] [bbotk]    <int>     <num>     <int>             <list>    <list>      <num>
INFO  [17:05:38.452] [bbotk]      101 0.2372816         5          <list[5]> <list[3]>  0.1244111
[1] -70.39948
[1] 21.9704
[1] -13.0389
[1] 34.06549
[1] -139.1304
[1] 30.11769
[1] -32.05472
[1] 11.79608
[1] -8.18466
[1] 18.54996

### [bt]: Job terminated successfully [batchtools job.id=1875]
### [bt]: Calculation finished!
