### [bt]: This is batchtools v0.9.17
### [bt]: Starting calculation of 5 jobs
### [bt]: Setting working directory to '/Users/User/Documents/Studium/Semester8/Hiwi/mlr3calibration/vignettes'
### [bt]: Memory measurement disabled
### [bt]: Starting job [batchtools job.id=3441]
### [bt]: Generating problem instance for problem '6fbfe6520e3d949c' ...
### [bt]: Applying algorithm 'run_learner' on problem '6fbfe6520e3d949c' for job 3441 (seed = 3442) ...
INFO  [17:32:07.910] [mlr3] Applying learner 'classif.xgboost.tuned_calib.perfold_isotonic' on task 'banknote-authentication' (iter 1/10)
INFO  [17:32:07.975] [bbotk] Starting to optimize 3 parameter(s) with '<OptimizerBatchRandomSearch>' and '<TerminatorEvals> [n_evals=10, k=0]'
INFO  [17:32:08.000] [bbotk] Evaluating 1 configuration(s)
INFO  [17:32:08.106] [bbotk] Result of batch 1:
INFO  [17:32:08.110] [bbotk]  nrounds       eta max_depth  classif.ce warnings errors runtime_learners
INFO  [17:32:08.110] [bbotk]       61 0.2393924         4 0.007092199        0      0            0.062
INFO  [17:32:08.110] [bbotk]                                 uhash
INFO  [17:32:08.110] [bbotk]  04f80b8c-6eda-442d-9fbf-5e5811a9e651
INFO  [17:32:08.120] [bbotk] Evaluating 1 configuration(s)
INFO  [17:32:08.232] [bbotk] Result of batch 2:
INFO  [17:32:08.234] [bbotk]  nrounds      eta max_depth classif.ce warnings errors runtime_learners
INFO  [17:32:08.234] [bbotk]       77 0.222137         8 0.01114488        0      0            0.057
INFO  [17:32:08.234] [bbotk]                                 uhash
INFO  [17:32:08.234] [bbotk]  a6f53fd5-3b83-410b-b672-ca273701f6a9
INFO  [17:32:08.244] [bbotk] Evaluating 1 configuration(s)
INFO  [17:32:08.381] [bbotk] Result of batch 3:
INFO  [17:32:08.382] [bbotk]  nrounds       eta max_depth classif.ce warnings errors runtime_learners
INFO  [17:32:08.382] [bbotk]       66 0.1355915         8 0.01215805        0      0            0.094
INFO  [17:32:08.382] [bbotk]                                 uhash
INFO  [17:32:08.382] [bbotk]  3f70d3e6-13f1-4c0b-b254-6a1fe98277bd
INFO  [17:32:08.389] [bbotk] Evaluating 1 configuration(s)
INFO  [17:32:08.535] [bbotk] Result of batch 4:
INFO  [17:32:08.535] [bbotk]  nrounds       eta max_depth  classif.ce warnings errors runtime_learners
INFO  [17:32:08.535] [bbotk]       97 0.2434689         2 0.007092199        0      0            0.081
INFO  [17:32:08.535] [bbotk]                                 uhash
INFO  [17:32:08.535] [bbotk]  bc30e162-a17d-4a03-930c-28472545216e
INFO  [17:32:08.539] [bbotk] Evaluating 1 configuration(s)
INFO  [17:32:08.681] [bbotk] Result of batch 5:
INFO  [17:32:08.683] [bbotk]  nrounds       eta max_depth  classif.ce warnings errors runtime_learners
INFO  [17:32:08.683] [bbotk]      175 0.2378729         2 0.006079027        0      0            0.084
INFO  [17:32:08.683] [bbotk]                                 uhash
INFO  [17:32:08.683] [bbotk]  548b5a57-8f12-42c4-88b8-0ca65a673712
INFO  [17:32:08.691] [bbotk] Evaluating 1 configuration(s)
INFO  [17:32:08.838] [bbotk] Result of batch 6:
INFO  [17:32:08.840] [bbotk]  nrounds      eta max_depth  classif.ce warnings errors runtime_learners
INFO  [17:32:08.840] [bbotk]      222 0.179574         9 0.009118541        0      0            0.116
INFO  [17:32:08.840] [bbotk]                                 uhash
INFO  [17:32:08.840] [bbotk]  7ceb50f9-e89e-495d-8695-75d030fb708c
INFO  [17:32:08.853] [bbotk] Evaluating 1 configuration(s)
INFO  [17:32:09.046] [bbotk] Result of batch 7:
INFO  [17:32:09.047] [bbotk]  nrounds        eta max_depth classif.ce warnings errors runtime_learners
INFO  [17:32:09.047] [bbotk]      182 0.08903342         4 0.00810537        0      0            0.148
INFO  [17:32:09.047] [bbotk]                                 uhash
INFO  [17:32:09.047] [bbotk]  da778821-1388-4361-a669-8aac70519383
INFO  [17:32:09.057] [bbotk] Evaluating 1 configuration(s)
INFO  [17:32:09.212] [bbotk] Result of batch 8:
INFO  [17:32:09.214] [bbotk]  nrounds       eta max_depth classif.ce warnings errors runtime_learners
INFO  [17:32:09.214] [bbotk]       99 0.2352379         9 0.01013171        0      0             0.08
INFO  [17:32:09.214] [bbotk]                                 uhash
INFO  [17:32:09.214] [bbotk]  0da02445-2f33-4829-9577-616fcbb73081
INFO  [17:32:09.229] [bbotk] Evaluating 1 configuration(s)
INFO  [17:32:09.336] [bbotk] Result of batch 9:
INFO  [17:32:09.336] [bbotk]  nrounds       eta max_depth classif.ce warnings errors runtime_learners
INFO  [17:32:09.336] [bbotk]      100 0.1753154        10 0.01013171        0      0            0.062
INFO  [17:32:09.336] [bbotk]                                 uhash
INFO  [17:32:09.336] [bbotk]  8777ff16-84a6-4650-91c9-9091b08a45e6
INFO  [17:32:09.341] [bbotk] Evaluating 1 configuration(s)
INFO  [17:32:09.501] [bbotk] Result of batch 10:
INFO  [17:32:09.502] [bbotk]  nrounds        eta max_depth classif.ce warnings errors runtime_learners
INFO  [17:32:09.502] [bbotk]       74 0.09515468         8 0.01215805        0      0            0.102
INFO  [17:32:09.502] [bbotk]                                 uhash
INFO  [17:32:09.502] [bbotk]  217a9161-f833-490f-8af1-f367ce88ec89
INFO  [17:32:09.517] [bbotk] Finished optimizing after 10 evaluation(s)
INFO  [17:32:09.517] [bbotk] Result:
INFO  [17:32:09.518] [bbotk]  nrounds       eta max_depth learner_param_vals  x_domain  classif.ce
INFO  [17:32:09.518] [bbotk]    <int>     <num>     <int>             <list>    <list>       <num>
INFO  [17:32:09.518] [bbotk]      175 0.2378729         2          <list[5]> <list[3]> 0.006079027
INFO  [17:32:09.619] [bbotk] Starting to optimize 3 parameter(s) with '<OptimizerBatchRandomSearch>' and '<TerminatorEvals> [n_evals=10, k=0]'
INFO  [17:32:09.640] [bbotk] Evaluating 1 configuration(s)
INFO  [17:32:09.767] [bbotk] Result of batch 1:
INFO  [17:32:09.769] [bbotk]  nrounds       eta max_depth classif.ce warnings errors runtime_learners
INFO  [17:32:09.769] [bbotk]      107 0.1060458         2 0.01013171        0      0            0.078
INFO  [17:32:09.769] [bbotk]                                 uhash
INFO  [17:32:09.769] [bbotk]  0ffbcf16-41ec-4c58-82fc-1f78eb0d7064
INFO  [17:32:09.779] [bbotk] Evaluating 1 configuration(s)
INFO  [17:32:09.912] [bbotk] Result of batch 2:
INFO  [17:32:09.916] [bbotk]  nrounds        eta max_depth classif.ce warnings errors runtime_learners
INFO  [17:32:09.916] [bbotk]       53 0.05599536         5 0.01013171        0      0            0.089
INFO  [17:32:09.916] [bbotk]                                 uhash
INFO  [17:32:09.916] [bbotk]  271c6884-ff48-49cc-9bf2-81f93f9340fb
INFO  [17:32:09.927] [bbotk] Evaluating 1 configuration(s)
INFO  [17:32:10.064] [bbotk] Result of batch 3:
INFO  [17:32:10.067] [bbotk]  nrounds       eta max_depth  classif.ce warnings errors runtime_learners
INFO  [17:32:10.067] [bbotk]      181 0.2539822         8 0.007092199        0      0            0.082
INFO  [17:32:10.067] [bbotk]                                 uhash
INFO  [17:32:10.067] [bbotk]  41bb2ffb-0211-4eef-b989-bffdfb5a9a3d
INFO  [17:32:10.079] [bbotk] Evaluating 1 configuration(s)
INFO  [17:32:10.230] [bbotk] Result of batch 4:
INFO  [17:32:10.231] [bbotk]  nrounds       eta max_depth  classif.ce warnings errors runtime_learners
INFO  [17:32:10.231] [bbotk]      159 0.2714535         4 0.007092199        0      0            0.087
INFO  [17:32:10.231] [bbotk]                                 uhash
INFO  [17:32:10.231] [bbotk]  e09a873c-5c46-45bf-ae5b-3ffce8521871
INFO  [17:32:10.246] [bbotk] Evaluating 1 configuration(s)
INFO  [17:32:10.456] [bbotk] Result of batch 5:
INFO  [17:32:10.458] [bbotk]  nrounds       eta max_depth  classif.ce warnings errors runtime_learners
INFO  [17:32:10.458] [bbotk]      288 0.1550643         8 0.007092199        0      0            0.155
INFO  [17:32:10.458] [bbotk]                                 uhash
INFO  [17:32:10.458] [bbotk]  9d3efd30-9021-44ef-b50b-331ad681a062
INFO  [17:32:10.469] [bbotk] Evaluating 1 configuration(s)
INFO  [17:32:10.609] [bbotk] Result of batch 6:
INFO  [17:32:10.610] [bbotk]  nrounds       eta max_depth  classif.ce warnings errors runtime_learners
INFO  [17:32:10.610] [bbotk]      223 0.2608901         6 0.006079027        0      0            0.098
INFO  [17:32:10.610] [bbotk]                                 uhash
INFO  [17:32:10.610] [bbotk]  11bd3351-4911-4764-836d-e3cdb7ca7e7c
INFO  [17:32:10.614] [bbotk] Evaluating 1 configuration(s)
INFO  [17:32:10.710] [bbotk] Result of batch 7:
INFO  [17:32:10.714] [bbotk]  nrounds        eta max_depth classif.ce warnings errors runtime_learners
INFO  [17:32:10.714] [bbotk]       94 0.09199264         2 0.01114488        0      0            0.052
INFO  [17:32:10.714] [bbotk]                                 uhash
INFO  [17:32:10.714] [bbotk]  27d0d9dd-8b44-499e-b987-f50679ebfc98
INFO  [17:32:10.723] [bbotk] Evaluating 1 configuration(s)
INFO  [17:32:10.831] [bbotk] Result of batch 8:
INFO  [17:32:10.833] [bbotk]  nrounds       eta max_depth  classif.ce warnings errors runtime_learners
INFO  [17:32:10.833] [bbotk]      102 0.2153808        10 0.009118541        0      0            0.068
INFO  [17:32:10.833] [bbotk]                                 uhash
INFO  [17:32:10.833] [bbotk]  c640b11a-f77a-41ee-a5aa-6edc31c9bb38
INFO  [17:32:10.852] [bbotk] Evaluating 1 configuration(s)
INFO  [17:32:10.982] [bbotk] Result of batch 9:
INFO  [17:32:10.983] [bbotk]  nrounds       eta max_depth classif.ce warnings errors runtime_learners
INFO  [17:32:10.983] [bbotk]       75 0.1784109         4 0.00810537        0      0             0.09
INFO  [17:32:10.983] [bbotk]                                 uhash
INFO  [17:32:10.983] [bbotk]  0afef089-3174-43ce-8da4-bcfc6fbc3c57
INFO  [17:32:10.990] [bbotk] Evaluating 1 configuration(s)
INFO  [17:32:11.138] [bbotk] Result of batch 10:
INFO  [17:32:11.139] [bbotk]  nrounds       eta max_depth classif.ce warnings errors runtime_learners
INFO  [17:32:11.139] [bbotk]       93 0.1874341         6 0.01013171        0      0             0.08
INFO  [17:32:11.139] [bbotk]                                 uhash
INFO  [17:32:11.139] [bbotk]  220c0e6c-7724-488f-ad01-0f61476ed175
INFO  [17:32:11.147] [bbotk] Finished optimizing after 10 evaluation(s)
INFO  [17:32:11.147] [bbotk] Result:
INFO  [17:32:11.149] [bbotk]  nrounds       eta max_depth learner_param_vals  x_domain  classif.ce
INFO  [17:32:11.149] [bbotk]    <int>     <num>     <int>             <list>    <list>       <num>
INFO  [17:32:11.149] [bbotk]      223 0.2608901         6          <list[5]> <list[3]> 0.006079027
INFO  [17:32:11.266] [bbotk] Starting to optimize 3 parameter(s) with '<OptimizerBatchRandomSearch>' and '<TerminatorEvals> [n_evals=10, k=0]'
INFO  [17:32:11.277] [bbotk] Evaluating 1 configuration(s)
INFO  [17:32:11.403] [bbotk] Result of batch 1:
INFO  [17:32:11.405] [bbotk]  nrounds        eta max_depth classif.ce warnings errors runtime_learners
INFO  [17:32:11.405] [bbotk]       72 0.06567789        10 0.01317123        0      0            0.086
INFO  [17:32:11.405] [bbotk]                                 uhash
INFO  [17:32:11.405] [bbotk]  1d9c0368-cde3-4568-b4a5-c9f1f777a202
INFO  [17:32:11.414] [bbotk] Evaluating 1 configuration(s)
INFO  [17:32:11.594] [bbotk] Result of batch 2:
INFO  [17:32:11.595] [bbotk]  nrounds     eta max_depth classif.ce warnings errors runtime_learners
INFO  [17:32:11.595] [bbotk]      258 0.25962         4 0.01013171        0      0            0.144
INFO  [17:32:11.595] [bbotk]                                 uhash
INFO  [17:32:11.595] [bbotk]  f403312a-312e-4606-98f5-b857acf93bfe
INFO  [17:32:11.599] [bbotk] Evaluating 1 configuration(s)
INFO  [17:32:11.700] [bbotk] Result of batch 3:
INFO  [17:32:11.702] [bbotk]  nrounds       eta max_depth classif.ce warnings errors runtime_learners
INFO  [17:32:11.702] [bbotk]       82 0.2620577         8 0.01013171        0      0            0.058
INFO  [17:32:11.702] [bbotk]                                 uhash
INFO  [17:32:11.702] [bbotk]  94330543-4cd9-48c2-a8c8-f272d9eef6c1
INFO  [17:32:11.710] [bbotk] Evaluating 1 configuration(s)
INFO  [17:32:11.976] [bbotk] Result of batch 4:
INFO  [17:32:11.977] [bbotk]  nrounds        eta max_depth classif.ce warnings errors runtime_learners
INFO  [17:32:11.977] [bbotk]      251 0.05594667        10 0.01013171        0      0             0.22
INFO  [17:32:11.977] [bbotk]                                 uhash
INFO  [17:32:11.977] [bbotk]  f99b549d-b3b9-4dc6-b698-bbd0594f10bd
INFO  [17:32:11.982] [bbotk] Evaluating 1 configuration(s)
INFO  [17:32:12.150] [bbotk] Result of batch 5:
INFO  [17:32:12.151] [bbotk]  nrounds       eta max_depth classif.ce warnings errors runtime_learners
INFO  [17:32:12.151] [bbotk]      148 0.2505571        10 0.01013171        0      0            0.113
INFO  [17:32:12.151] [bbotk]                                 uhash
INFO  [17:32:12.151] [bbotk]  d316b78a-57a0-4858-b38d-408fde41e56c
INFO  [17:32:12.160] [bbotk] Evaluating 1 configuration(s)
INFO  [17:32:12.375] [bbotk] Result of batch 6:
INFO  [17:32:12.378] [bbotk]  nrounds       eta max_depth classif.ce warnings errors runtime_learners
INFO  [17:32:12.378] [bbotk]      286 0.1292153         3 0.01215805        0      0             0.16
INFO  [17:32:12.378] [bbotk]                                 uhash
INFO  [17:32:12.378] [bbotk]  7bd6e6a6-0021-4e9f-869e-fe7b2cffe2cf
INFO  [17:32:12.396] [bbotk] Evaluating 1 configuration(s)
INFO  [17:32:12.516] [bbotk] Result of batch 7:
INFO  [17:32:12.517] [bbotk]  nrounds       eta max_depth classif.ce warnings errors runtime_learners
INFO  [17:32:12.517] [bbotk]      230 0.2614432         6 0.01013171        0      0            0.082
INFO  [17:32:12.517] [bbotk]                                 uhash
INFO  [17:32:12.517] [bbotk]  a6ebd4b3-5ef6-40de-8c99-b9cdaf407747
INFO  [17:32:12.522] [bbotk] Evaluating 1 configuration(s)
INFO  [17:32:12.693] [bbotk] Result of batch 8:
INFO  [17:32:12.694] [bbotk]  nrounds        eta max_depth classif.ce warnings errors runtime_learners
INFO  [17:32:12.694] [bbotk]      239 0.02512161        10 0.01114488        0      0            0.138
INFO  [17:32:12.694] [bbotk]                                 uhash
INFO  [17:32:12.694] [bbotk]  ff51280e-bd04-4b0d-a2c3-9c8e6420042c
INFO  [17:32:12.698] [bbotk] Evaluating 1 configuration(s)
INFO  [17:32:12.813] [bbotk] Result of batch 9:
INFO  [17:32:12.814] [bbotk]  nrounds       eta max_depth classif.ce warnings errors runtime_learners
INFO  [17:32:12.814] [bbotk]      193 0.1567395         6 0.01013171        0      0            0.084
INFO  [17:32:12.814] [bbotk]                                 uhash
INFO  [17:32:12.814] [bbotk]  a0fa5f9d-26f6-4f88-a5b3-8890595b8af2
INFO  [17:32:12.819] [bbotk] Evaluating 1 configuration(s)
INFO  [17:32:13.087] [bbotk] Result of batch 10:
INFO  [17:32:13.088] [bbotk]  nrounds       eta max_depth classif.ce warnings errors runtime_learners
INFO  [17:32:13.088] [bbotk]      273 0.0998304        10 0.01013171        0      0            0.202
INFO  [17:32:13.088] [bbotk]                                 uhash
INFO  [17:32:13.088] [bbotk]  a5af1f8a-8e36-40dc-8aac-9314af647015
INFO  [17:32:13.100] [bbotk] Finished optimizing after 10 evaluation(s)
INFO  [17:32:13.101] [bbotk] Result:
INFO  [17:32:13.103] [bbotk]  nrounds     eta max_depth learner_param_vals  x_domain classif.ce
INFO  [17:32:13.103] [bbotk]    <int>   <num>     <int>             <list>    <list>      <num>
INFO  [17:32:13.103] [bbotk]      258 0.25962         4          <list[5]> <list[3]> 0.01013171
INFO  [17:32:13.216] [bbotk] Starting to optimize 3 parameter(s) with '<OptimizerBatchRandomSearch>' and '<TerminatorEvals> [n_evals=10, k=0]'
INFO  [17:32:13.227] [bbotk] Evaluating 1 configuration(s)
INFO  [17:32:13.359] [bbotk] Result of batch 1:
INFO  [17:32:13.362] [bbotk]  nrounds       eta max_depth classif.ce warnings errors runtime_learners
INFO  [17:32:13.362] [bbotk]      124 0.1921154         9 0.01013171        0      0            0.085
INFO  [17:32:13.362] [bbotk]                                 uhash
INFO  [17:32:13.362] [bbotk]  3028c401-5911-4248-8c61-b47e8b36469e
INFO  [17:32:13.367] [bbotk] Evaluating 1 configuration(s)
INFO  [17:32:13.563] [bbotk] Result of batch 2:
INFO  [17:32:13.564] [bbotk]  nrounds       eta max_depth classif.ce warnings errors runtime_learners
INFO  [17:32:13.564] [bbotk]      153 0.0698419         7 0.01215805        0      0            0.141
INFO  [17:32:13.564] [bbotk]                                 uhash
INFO  [17:32:13.564] [bbotk]  f926b11f-c827-4583-801f-dad2e382467b
INFO  [17:32:13.571] [bbotk] Evaluating 1 configuration(s)
INFO  [17:32:13.724] [bbotk] Result of batch 3:
INFO  [17:32:13.727] [bbotk]  nrounds      eta max_depth  classif.ce warnings errors runtime_learners
INFO  [17:32:13.727] [bbotk]      145 0.274554         3 0.009118541        0      0            0.107
INFO  [17:32:13.727] [bbotk]                                 uhash
INFO  [17:32:13.727] [bbotk]  a70c4345-3036-4a04-baac-37329cec1fc8
INFO  [17:32:13.733] [bbotk] Evaluating 1 configuration(s)
INFO  [17:32:13.877] [bbotk] Result of batch 4:
INFO  [17:32:13.878] [bbotk]  nrounds       eta max_depth classif.ce warnings errors runtime_learners
INFO  [17:32:13.878] [bbotk]       71 0.1862019         5 0.01215805        0      0            0.081
INFO  [17:32:13.878] [bbotk]                                 uhash
INFO  [17:32:13.878] [bbotk]  6b20a33a-3aa7-46fc-a7e4-5093e96fbd86
INFO  [17:32:13.883] [bbotk] Evaluating 1 configuration(s)
INFO  [17:32:14.071] [bbotk] Result of batch 5:
INFO  [17:32:14.073] [bbotk]  nrounds       eta max_depth classif.ce warnings errors runtime_learners
INFO  [17:32:14.073] [bbotk]      213 0.1253285         7 0.01114488        0      0            0.146
INFO  [17:32:14.073] [bbotk]                                 uhash
INFO  [17:32:14.073] [bbotk]  bcc62422-991f-4c64-9c1e-c1038c9de95e
INFO  [17:32:14.084] [bbotk] Evaluating 1 configuration(s)
INFO  [17:32:14.254] [bbotk] Result of batch 6:
INFO  [17:32:14.255] [bbotk]  nrounds       eta max_depth classif.ce warnings errors runtime_learners
INFO  [17:32:14.255] [bbotk]      185 0.2751426         8 0.01114488        0      0            0.117
INFO  [17:32:14.255] [bbotk]                                 uhash
INFO  [17:32:14.255] [bbotk]  309c2419-2486-4390-921b-2307c2f767d4
INFO  [17:32:14.259] [bbotk] Evaluating 1 configuration(s)
INFO  [17:32:14.582] [bbotk] Result of batch 7:
INFO  [17:32:14.584] [bbotk]  nrounds        eta max_depth classif.ce warnings errors runtime_learners
INFO  [17:32:14.584] [bbotk]      270 0.01914254         8 0.01621074        0      0            0.276
INFO  [17:32:14.584] [bbotk]                                 uhash
INFO  [17:32:14.584] [bbotk]  bd21a932-f197-4b80-8958-5ad4a75b617d
INFO  [17:32:14.593] [bbotk] Evaluating 1 configuration(s)
INFO  [17:32:14.715] [bbotk] Result of batch 8:
INFO  [17:32:14.716] [bbotk]  nrounds       eta max_depth  classif.ce warnings errors runtime_learners
INFO  [17:32:14.716] [bbotk]       63 0.1789997         3 0.007092199        0      0            0.061
INFO  [17:32:14.716] [bbotk]                                 uhash
INFO  [17:32:14.716] [bbotk]  0d2df204-9470-4cef-85dc-cdbea12e646d
INFO  [17:32:14.722] [bbotk] Evaluating 1 configuration(s)
INFO  [17:32:14.851] [bbotk] Result of batch 9:
INFO  [17:32:14.853] [bbotk]  nrounds       eta max_depth  classif.ce warnings errors runtime_learners
INFO  [17:32:14.853] [bbotk]      132 0.1065924         2 0.009118541        0      0             0.09
INFO  [17:32:14.853] [bbotk]                                 uhash
INFO  [17:32:14.853] [bbotk]  4b6a01cb-6eae-4b02-88a4-56ff3bcf8c9d
INFO  [17:32:14.862] [bbotk] Evaluating 1 configuration(s)
INFO  [17:32:15.027] [bbotk] Result of batch 10:
INFO  [17:32:15.029] [bbotk]  nrounds      eta max_depth classif.ce warnings errors runtime_learners
INFO  [17:32:15.029] [bbotk]      291 0.222174         6 0.01114488        0      0            0.117
INFO  [17:32:15.029] [bbotk]                                 uhash
INFO  [17:32:15.029] [bbotk]  7e303b19-7952-4655-886d-4c1d4699ee38
INFO  [17:32:15.041] [bbotk] Finished optimizing after 10 evaluation(s)
INFO  [17:32:15.041] [bbotk] Result:
INFO  [17:32:15.042] [bbotk]  nrounds       eta max_depth learner_param_vals  x_domain  classif.ce
INFO  [17:32:15.042] [bbotk]    <int>     <num>     <int>             <list>    <list>       <num>
INFO  [17:32:15.042] [bbotk]       63 0.1789997         3          <list[5]> <list[3]> 0.007092199
INFO  [17:32:15.137] [bbotk] Starting to optimize 3 parameter(s) with '<OptimizerBatchRandomSearch>' and '<TerminatorEvals> [n_evals=10, k=0]'
INFO  [17:32:15.150] [bbotk] Evaluating 1 configuration(s)
INFO  [17:32:15.380] [bbotk] Result of batch 1:
INFO  [17:32:15.382] [bbotk]  nrounds        eta max_depth classif.ce warnings errors runtime_learners
INFO  [17:32:15.382] [bbotk]      278 0.06859826         5 0.01012557        0      0            0.187
INFO  [17:32:15.382] [bbotk]                                 uhash
INFO  [17:32:15.382] [bbotk]  156cdc02-86a0-4780-bd54-dceab2d1f20d
INFO  [17:32:15.391] [bbotk] Evaluating 1 configuration(s)
INFO  [17:32:15.668] [bbotk] Result of batch 2:
INFO  [17:32:15.669] [bbotk]  nrounds        eta max_depth classif.ce warnings errors runtime_learners
INFO  [17:32:15.669] [bbotk]      157 0.04328181         9 0.01012557        0      0            0.156
INFO  [17:32:15.669] [bbotk]                                 uhash
INFO  [17:32:15.669] [bbotk]  106a2511-065f-45ba-a249-fa81a3fd0e36
INFO  [17:32:15.673] [bbotk] Evaluating 1 configuration(s)
INFO  [17:32:15.803] [bbotk] Result of batch 3:
INFO  [17:32:15.806] [bbotk]  nrounds       eta max_depth classif.ce warnings errors runtime_learners
INFO  [17:32:15.806] [bbotk]      183 0.1416043         6 0.01316509        0      0            0.094
INFO  [17:32:15.806] [bbotk]                                 uhash
INFO  [17:32:15.806] [bbotk]  f9a8b0de-1762-4b97-834b-a726c43fd087
INFO  [17:32:15.816] [bbotk] Evaluating 1 configuration(s)
INFO  [17:32:16.003] [bbotk] Result of batch 4:
INFO  [17:32:16.004] [bbotk]  nrounds        eta max_depth classif.ce warnings errors runtime_learners
INFO  [17:32:16.004] [bbotk]      239 0.08676783         8 0.01215191        0      0            0.148
INFO  [17:32:16.004] [bbotk]                                 uhash
INFO  [17:32:16.004] [bbotk]  68aa7033-95af-426c-b266-2cb065648660
INFO  [17:32:16.008] [bbotk] Evaluating 1 configuration(s)
INFO  [17:32:16.128] [bbotk] Result of batch 5:
INFO  [17:32:16.129] [bbotk]  nrounds       eta max_depth classif.ce warnings errors runtime_learners
INFO  [17:32:16.129] [bbotk]      225 0.2035728         6 0.01113874        0      0            0.092
INFO  [17:32:16.129] [bbotk]                                 uhash
INFO  [17:32:16.129] [bbotk]  d7a51f16-1f4e-4ad9-bec5-e9378c520dc2
INFO  [17:32:16.133] [bbotk] Evaluating 1 configuration(s)
INFO  [17:32:16.372] [bbotk] Result of batch 6:
INFO  [17:32:16.377] [bbotk]  nrounds       eta max_depth  classif.ce warnings errors runtime_learners
INFO  [17:32:16.377] [bbotk]      175 0.0492863         9 0.009112401        0      0            0.192
INFO  [17:32:16.377] [bbotk]                                 uhash
INFO  [17:32:16.377] [bbotk]  9b2e251f-5708-4f35-b57e-e91deb66da79
INFO  [17:32:16.382] [bbotk] Evaluating 1 configuration(s)
INFO  [17:32:16.589] [bbotk] Result of batch 7:
INFO  [17:32:16.591] [bbotk]  nrounds        eta max_depth  classif.ce warnings errors runtime_learners
INFO  [17:32:16.591] [bbotk]      238 0.07992471         3 0.006075957        0      0            0.166
INFO  [17:32:16.591] [bbotk]                                 uhash
INFO  [17:32:16.591] [bbotk]  25e1115b-45d0-43d0-83be-ce02d3b6d95c
INFO  [17:32:16.598] [bbotk] Evaluating 1 configuration(s)
INFO  [17:32:16.810] [bbotk] Result of batch 8:
INFO  [17:32:16.812] [bbotk]  nrounds        eta max_depth  classif.ce warnings errors runtime_learners
INFO  [17:32:16.812] [bbotk]      274 0.06406642         7 0.009112401        0      0            0.173
INFO  [17:32:16.812] [bbotk]                                 uhash
INFO  [17:32:16.812] [bbotk]  94863a71-bbcf-4759-912f-545940da7e34
INFO  [17:32:16.822] [bbotk] Evaluating 1 configuration(s)
INFO  [17:32:17.006] [bbotk] Result of batch 9:
INFO  [17:32:17.007] [bbotk]  nrounds       eta max_depth classif.ce warnings errors runtime_learners
INFO  [17:32:17.007] [bbotk]      253 0.1805893         2 0.00810537        0      0            0.143
INFO  [17:32:17.007] [bbotk]                                 uhash
INFO  [17:32:17.007] [bbotk]  d4b0bfc7-b011-4a20-9988-80ac01ecedf7
INFO  [17:32:17.012] [bbotk] Evaluating 1 configuration(s)
INFO  [17:32:17.231] [bbotk] Result of batch 10:
INFO  [17:32:17.233] [bbotk]  nrounds        eta max_depth  classif.ce warnings errors runtime_learners
INFO  [17:32:17.233] [bbotk]      230 0.07549784         3 0.005062786        0      0            0.163
INFO  [17:32:17.233] [bbotk]                                 uhash
INFO  [17:32:17.233] [bbotk]  7eaf525a-f01b-4434-8057-f982ddbe3932
INFO  [17:32:17.243] [bbotk] Finished optimizing after 10 evaluation(s)
INFO  [17:32:17.243] [bbotk] Result:
INFO  [17:32:17.244] [bbotk]  nrounds        eta max_depth learner_param_vals  x_domain  classif.ce
INFO  [17:32:17.244] [bbotk]    <int>      <num>     <int>             <list>    <list>       <num>
INFO  [17:32:17.244] [bbotk]      230 0.07549784         3          <list[5]> <list[3]> 0.005062786

### [bt]: Job terminated successfully [batchtools job.id=3441]
### [bt]: Starting job [batchtools job.id=3442]
### [bt]: Generating problem instance for problem '6fbfe6520e3d949c' ...
### [bt]: Applying algorithm 'run_learner' on problem '6fbfe6520e3d949c' for job 3442 (seed = 3443) ...
INFO  [17:32:17.445] [mlr3] Applying learner 'classif.xgboost.tuned_calib.perfold_isotonic' on task 'banknote-authentication' (iter 2/10)
INFO  [17:32:17.504] [bbotk] Starting to optimize 3 parameter(s) with '<OptimizerBatchRandomSearch>' and '<TerminatorEvals> [n_evals=10, k=0]'
INFO  [17:32:17.522] [bbotk] Evaluating 1 configuration(s)
INFO  [17:32:17.690] [bbotk] Result of batch 1:
INFO  [17:32:17.692] [bbotk]  nrounds       eta max_depth  classif.ce warnings errors runtime_learners
INFO  [17:32:17.692] [bbotk]      280 0.2058737         3 0.004052685        0      0            0.123
INFO  [17:32:17.692] [bbotk]                                 uhash
INFO  [17:32:17.692] [bbotk]  8c816604-3107-49aa-8632-bd0bbe50ca99
INFO  [17:32:17.703] [bbotk] Evaluating 1 configuration(s)
INFO  [17:32:17.912] [bbotk] Result of batch 2:
INFO  [17:32:17.921] [bbotk]  nrounds     eta max_depth  classif.ce warnings errors runtime_learners
INFO  [17:32:17.921] [bbotk]      231 0.12681         3 0.005065856        0      0            0.143
INFO  [17:32:17.921] [bbotk]                                 uhash
INFO  [17:32:17.921] [bbotk]  b688b42d-0fd5-406f-ac42-829a40566999
INFO  [17:32:17.946] [bbotk] Evaluating 1 configuration(s)
INFO  [17:32:18.080] [bbotk] Result of batch 3:
INFO  [17:32:18.081] [bbotk]  nrounds      eta max_depth  classif.ce warnings errors runtime_learners
INFO  [17:32:18.081] [bbotk]      137 0.226558         6 0.006079027        0      0            0.086
INFO  [17:32:18.081] [bbotk]                                 uhash
INFO  [17:32:18.081] [bbotk]  97081fe2-3411-4187-abd6-46917584b866
INFO  [17:32:18.085] [bbotk] Evaluating 1 configuration(s)
INFO  [17:32:18.277] [bbotk] Result of batch 4:
INFO  [17:32:18.281] [bbotk]  nrounds       eta max_depth  classif.ce warnings errors runtime_learners
INFO  [17:32:18.281] [bbotk]      221 0.1689905         8 0.006079027        0      0             0.14
INFO  [17:32:18.281] [bbotk]                                 uhash
INFO  [17:32:18.281] [bbotk]  6a17741e-3c36-4890-9882-8c6da5e3b7be
INFO  [17:32:18.292] [bbotk] Evaluating 1 configuration(s)
INFO  [17:32:18.477] [bbotk] Result of batch 5:
INFO  [17:32:18.478] [bbotk]  nrounds     eta max_depth  classif.ce warnings errors runtime_learners
INFO  [17:32:18.478] [bbotk]      282 0.18013         7 0.006079027        0      0            0.139
INFO  [17:32:18.478] [bbotk]                                 uhash
INFO  [17:32:18.478] [bbotk]  fccaa56d-9a0c-4604-ab35-1932a623d517
INFO  [17:32:18.482] [bbotk] Evaluating 1 configuration(s)
INFO  [17:32:18.673] [bbotk] Result of batch 6:
INFO  [17:32:18.674] [bbotk]  nrounds       eta max_depth  classif.ce warnings errors runtime_learners
INFO  [17:32:18.674] [bbotk]      285 0.1594918        10 0.006079027        0      0            0.149
INFO  [17:32:18.674] [bbotk]                                 uhash
INFO  [17:32:18.674] [bbotk]  551ca7e5-5dfc-44d8-884c-666bf230f686
INFO  [17:32:18.681] [bbotk] Evaluating 1 configuration(s)
INFO  [17:32:19.039] [bbotk] Result of batch 7:
INFO  [17:32:19.040] [bbotk]  nrounds        eta max_depth classif.ce warnings errors runtime_learners
INFO  [17:32:19.040] [bbotk]      285 0.02161691        10 0.01013171        0      0            0.313
INFO  [17:32:19.040] [bbotk]                                 uhash
INFO  [17:32:19.040] [bbotk]  48cd4bd5-fd47-4ab2-94a4-5b8b24b52ef4
INFO  [17:32:19.044] [bbotk] Evaluating 1 configuration(s)
INFO  [17:32:19.179] [bbotk] Result of batch 8:
INFO  [17:32:19.181] [bbotk]  nrounds      eta max_depth  classif.ce warnings errors runtime_learners
INFO  [17:32:19.181] [bbotk]      124 0.223256         9 0.006079027        0      0            0.086
INFO  [17:32:19.181] [bbotk]                                 uhash
INFO  [17:32:19.181] [bbotk]  c3b1c4fd-fcf7-495b-a99a-ad8b3dfb41a1
INFO  [17:32:19.194] [bbotk] Evaluating 1 configuration(s)
INFO  [17:32:19.351] [bbotk] Result of batch 9:
INFO  [17:32:19.356] [bbotk]  nrounds       eta max_depth  classif.ce warnings errors runtime_learners
INFO  [17:32:19.356] [bbotk]      128 0.1222233         9 0.007092199        0      0            0.085
INFO  [17:32:19.356] [bbotk]                                 uhash
INFO  [17:32:19.356] [bbotk]  9d0385d5-b761-46d3-bf9b-4ac1579baa39
INFO  [17:32:19.364] [bbotk] Evaluating 1 configuration(s)
INFO  [17:32:19.527] [bbotk] Result of batch 10:
INFO  [17:32:19.528] [bbotk]  nrounds       eta max_depth  classif.ce warnings errors runtime_learners
INFO  [17:32:19.528] [bbotk]      157 0.1980293         3 0.005065856        0      0            0.095
INFO  [17:32:19.528] [bbotk]                                 uhash
INFO  [17:32:19.528] [bbotk]  92a63c52-2d9b-4a28-be83-8fe72d2d4435
INFO  [17:32:19.536] [bbotk] Finished optimizing after 10 evaluation(s)
INFO  [17:32:19.536] [bbotk] Result:
INFO  [17:32:19.537] [bbotk]  nrounds       eta max_depth learner_param_vals  x_domain  classif.ce
INFO  [17:32:19.537] [bbotk]    <int>     <num>     <int>             <list>    <list>       <num>
INFO  [17:32:19.537] [bbotk]      280 0.2058737         3          <list[5]> <list[3]> 0.004052685
INFO  [17:32:19.636] [bbotk] Starting to optimize 3 parameter(s) with '<OptimizerBatchRandomSearch>' and '<TerminatorEvals> [n_evals=10, k=0]'
INFO  [17:32:19.665] [bbotk] Evaluating 1 configuration(s)
INFO  [17:32:19.795] [bbotk] Result of batch 1:
INFO  [17:32:19.796] [bbotk]  nrounds       eta max_depth  classif.ce warnings errors runtime_learners
INFO  [17:32:19.796] [bbotk]      104 0.1363032         4 0.007092199        0      0            0.088
INFO  [17:32:19.796] [bbotk]                                 uhash
INFO  [17:32:19.796] [bbotk]  77b317b0-87ac-4675-9905-bebaff0d48fe
INFO  [17:32:19.800] [bbotk] Evaluating 1 configuration(s)
INFO  [17:32:19.946] [bbotk] Result of batch 2:
INFO  [17:32:19.947] [bbotk]  nrounds       eta max_depth  classif.ce warnings errors runtime_learners
INFO  [17:32:19.947] [bbotk]      153 0.2522002         8 0.007092199        0      0            0.104
INFO  [17:32:19.947] [bbotk]                                 uhash
INFO  [17:32:19.947] [bbotk]  3ff61040-96f5-4007-8c92-5ad1569de0a0
INFO  [17:32:19.959] [bbotk] Evaluating 1 configuration(s)
INFO  [17:32:20.237] [bbotk] Result of batch 3:
INFO  [17:32:20.239] [bbotk]  nrounds        eta max_depth classif.ce warnings errors runtime_learners
INFO  [17:32:20.239] [bbotk]      271 0.03723382         9 0.01114488        0      0            0.228
INFO  [17:32:20.239] [bbotk]                                 uhash
INFO  [17:32:20.239] [bbotk]  6b15298c-0910-40df-b7f5-e29129e1d0fc
INFO  [17:32:20.251] [bbotk] Evaluating 1 configuration(s)
INFO  [17:32:20.478] [bbotk] Result of batch 4:
INFO  [17:32:20.481] [bbotk]  nrounds        eta max_depth  classif.ce warnings errors runtime_learners
INFO  [17:32:20.481] [bbotk]      276 0.05707797         4 0.007092199        0      0            0.183
INFO  [17:32:20.481] [bbotk]                                 uhash
INFO  [17:32:20.481] [bbotk]  0f11f1dd-7fbc-42f1-9c03-b712d6b5a310
INFO  [17:32:20.492] [bbotk] Evaluating 1 configuration(s)
INFO  [17:32:20.649] [bbotk] Result of batch 5:
INFO  [17:32:20.652] [bbotk]  nrounds        eta max_depth classif.ce warnings errors runtime_learners
INFO  [17:32:20.652] [bbotk]      101 0.07403851         8 0.01114488        0      0              0.1
INFO  [17:32:20.652] [bbotk]                                 uhash
INFO  [17:32:20.652] [bbotk]  0cec9f37-31f2-4cec-9bb7-ad5b8951e356
INFO  [17:32:20.662] [bbotk] Evaluating 1 configuration(s)
INFO  [17:32:20.798] [bbotk] Result of batch 6:
INFO  [17:32:20.799] [bbotk]  nrounds       eta max_depth classif.ce warnings errors runtime_learners
INFO  [17:32:20.799] [bbotk]       76 0.2126492         3 0.01013171        0      0            0.083
INFO  [17:32:20.799] [bbotk]                                 uhash
INFO  [17:32:20.799] [bbotk]  455704ce-1e1a-40b5-bf7c-373be6ad502f
INFO  [17:32:20.809] [bbotk] Evaluating 1 configuration(s)
INFO  [17:32:20.961] [bbotk] Result of batch 7:
INFO  [17:32:20.963] [bbotk]  nrounds       eta max_depth  classif.ce warnings errors runtime_learners
INFO  [17:32:20.963] [bbotk]      190 0.2466896         2 0.006079027        0      0            0.115
INFO  [17:32:20.963] [bbotk]                                 uhash
INFO  [17:32:20.963] [bbotk]  280edaa4-d8a2-4689-bdbe-175a17f7f34f
INFO  [17:32:20.977] [bbotk] Evaluating 1 configuration(s)
INFO  [17:32:21.178] [bbotk] Result of batch 8:
INFO  [17:32:21.179] [bbotk]  nrounds       eta max_depth  classif.ce warnings errors runtime_learners
INFO  [17:32:21.179] [bbotk]      228 0.1572212         9 0.009118541        0      0            0.142
INFO  [17:32:21.179] [bbotk]                                 uhash
INFO  [17:32:21.179] [bbotk]  6ea3bf41-582e-4f0d-9dfe-dd75d97ab312
INFO  [17:32:21.190] [bbotk] Evaluating 1 configuration(s)
INFO  [17:32:21.427] [bbotk] Result of batch 9:
INFO  [17:32:21.429] [bbotk]  nrounds       eta max_depth classif.ce warnings errors runtime_learners
INFO  [17:32:21.429] [bbotk]      265 0.1414374         5 0.00810537        0      0            0.182
INFO  [17:32:21.429] [bbotk]                                 uhash
INFO  [17:32:21.429] [bbotk]  69a8cc20-c51f-4d4a-ab5e-a194c4c7ba71
INFO  [17:32:21.438] [bbotk] Evaluating 1 configuration(s)
INFO  [17:32:21.631] [bbotk] Result of batch 10:
INFO  [17:32:21.632] [bbotk]  nrounds       eta max_depth  classif.ce warnings errors runtime_learners
INFO  [17:32:21.632] [bbotk]      256 0.1508241         4 0.007092199        0      0            0.151
INFO  [17:32:21.632] [bbotk]                                 uhash
INFO  [17:32:21.632] [bbotk]  e819a833-2f8a-4ad7-b30b-ddf2afa7ae7e
INFO  [17:32:21.640] [bbotk] Finished optimizing after 10 evaluation(s)
INFO  [17:32:21.640] [bbotk] Result:
INFO  [17:32:21.641] [bbotk]  nrounds       eta max_depth learner_param_vals  x_domain  classif.ce
INFO  [17:32:21.641] [bbotk]    <int>     <num>     <int>             <list>    <list>       <num>
INFO  [17:32:21.641] [bbotk]      190 0.2466896         2          <list[5]> <list[3]> 0.006079027
INFO  [17:32:21.769] [bbotk] Starting to optimize 3 parameter(s) with '<OptimizerBatchRandomSearch>' and '<TerminatorEvals> [n_evals=10, k=0]'
INFO  [17:32:21.782] [bbotk] Evaluating 1 configuration(s)
INFO  [17:32:21.909] [bbotk] Result of batch 1:
INFO  [17:32:21.914] [bbotk]  nrounds       eta max_depth  classif.ce warnings errors runtime_learners
INFO  [17:32:21.914] [bbotk]       74 0.2957731         2 0.007092199        0      0            0.056
INFO  [17:32:21.914] [bbotk]                                 uhash
INFO  [17:32:21.914] [bbotk]  6fd55ab3-0a94-4f48-8842-98fbecc2dc89
INFO  [17:32:21.924] [bbotk] Evaluating 1 configuration(s)
INFO  [17:32:22.082] [bbotk] Result of batch 2:
INFO  [17:32:22.083] [bbotk]  nrounds        eta max_depth classif.ce warnings errors runtime_learners
INFO  [17:32:22.083] [bbotk]       67 0.07561442         6  0.0141844        0      0            0.095
INFO  [17:32:22.083] [bbotk]                                 uhash
INFO  [17:32:22.083] [bbotk]  8263e0e4-c70e-4dfb-88bd-0cb3ddeb909f
INFO  [17:32:22.093] [bbotk] Evaluating 1 configuration(s)
INFO  [17:32:22.254] [bbotk] Result of batch 3:
INFO  [17:32:22.256] [bbotk]  nrounds      eta max_depth classif.ce warnings errors runtime_learners
INFO  [17:32:22.256] [bbotk]      221 0.222726        10 0.01114488        0      0            0.097
INFO  [17:32:22.256] [bbotk]                                 uhash
INFO  [17:32:22.256] [bbotk]  751bcc9d-5540-4a18-8550-2531309243af
INFO  [17:32:22.264] [bbotk] Evaluating 1 configuration(s)
INFO  [17:32:22.433] [bbotk] Result of batch 4:
INFO  [17:32:22.435] [bbotk]  nrounds       eta max_depth  classif.ce warnings errors runtime_learners
INFO  [17:32:22.435] [bbotk]      261 0.2130938         2 0.005065856        0      0             0.12
INFO  [17:32:22.435] [bbotk]                                 uhash
INFO  [17:32:22.435] [bbotk]  e6002007-4ce4-46d5-bc18-6c47591a0988
INFO  [17:32:22.445] [bbotk] Evaluating 1 configuration(s)
INFO  [17:32:22.621] [bbotk] Result of batch 5:
INFO  [17:32:22.622] [bbotk]  nrounds       eta max_depth classif.ce warnings errors runtime_learners
INFO  [17:32:22.622] [bbotk]      280 0.2367329         2 0.00810537        0      0            0.127
INFO  [17:32:22.622] [bbotk]                                 uhash
INFO  [17:32:22.622] [bbotk]  d77c3577-91b1-40c8-859d-90a8a2b35dff
INFO  [17:32:22.634] [bbotk] Evaluating 1 configuration(s)
INFO  [17:32:22.811] [bbotk] Result of batch 6:
INFO  [17:32:22.813] [bbotk]  nrounds      eta max_depth classif.ce warnings errors runtime_learners
INFO  [17:32:22.813] [bbotk]      268 0.282239         4 0.01215805        0      0            0.115
INFO  [17:32:22.813] [bbotk]                                 uhash
INFO  [17:32:22.813] [bbotk]  4cc01e23-bf8c-4d10-acb9-19240952f809
INFO  [17:32:22.826] [bbotk] Evaluating 1 configuration(s)
INFO  [17:32:23.105] [bbotk] Result of batch 7:
INFO  [17:32:23.106] [bbotk]  nrounds        eta max_depth classif.ce warnings errors runtime_learners
INFO  [17:32:23.106] [bbotk]      300 0.04599152         4  0.0141844        0      0             0.23
INFO  [17:32:23.106] [bbotk]                                 uhash
INFO  [17:32:23.106] [bbotk]  eae84729-bf04-47d7-a725-0b815c7c343b
INFO  [17:32:23.118] [bbotk] Evaluating 1 configuration(s)
INFO  [17:32:23.313] [bbotk] Result of batch 8:
INFO  [17:32:23.314] [bbotk]  nrounds      eta max_depth classif.ce warnings errors runtime_learners
INFO  [17:32:23.314] [bbotk]      183 0.282033        10 0.01013171        0      0            0.137
INFO  [17:32:23.314] [bbotk]                                 uhash
INFO  [17:32:23.314] [bbotk]  10c965f6-ab48-4d4a-8362-a68184d95ef5
INFO  [17:32:23.320] [bbotk] Evaluating 1 configuration(s)
INFO  [17:32:23.443] [bbotk] Result of batch 9:
INFO  [17:32:23.444] [bbotk]  nrounds       eta max_depth classif.ce warnings errors runtime_learners
INFO  [17:32:23.444] [bbotk]       92 0.2221966         8 0.01215805        0      0            0.063
INFO  [17:32:23.444] [bbotk]                                 uhash
INFO  [17:32:23.444] [bbotk]  91dd3269-0cc8-4117-9ccf-d58724970b58
INFO  [17:32:23.448] [bbotk] Evaluating 1 configuration(s)
INFO  [17:32:23.635] [bbotk] Result of batch 10:
INFO  [17:32:23.636] [bbotk]  nrounds        eta max_depth classif.ce warnings errors runtime_learners
INFO  [17:32:23.636] [bbotk]      183 0.08446815        10 0.01114488        0      0            0.151
INFO  [17:32:23.636] [bbotk]                                 uhash
INFO  [17:32:23.636] [bbotk]  e95aea6e-b650-409f-8682-5c9b028a4874
INFO  [17:32:23.655] [bbotk] Finished optimizing after 10 evaluation(s)
INFO  [17:32:23.655] [bbotk] Result:
INFO  [17:32:23.657] [bbotk]  nrounds       eta max_depth learner_param_vals  x_domain  classif.ce
INFO  [17:32:23.657] [bbotk]    <int>     <num>     <int>             <list>    <list>       <num>
INFO  [17:32:23.657] [bbotk]      261 0.2130938         2          <list[5]> <list[3]> 0.005065856
INFO  [17:32:23.756] [bbotk] Starting to optimize 3 parameter(s) with '<OptimizerBatchRandomSearch>' and '<TerminatorEvals> [n_evals=10, k=0]'
INFO  [17:32:23.769] [bbotk] Evaluating 1 configuration(s)
INFO  [17:32:23.913] [bbotk] Result of batch 1:
INFO  [17:32:23.914] [bbotk]  nrounds        eta max_depth classif.ce warnings errors runtime_learners
INFO  [17:32:23.914] [bbotk]      134 0.03183952         3 0.01722391        0      0            0.097
INFO  [17:32:23.914] [bbotk]                                 uhash
INFO  [17:32:23.914] [bbotk]  d7f19969-6820-4ea2-98e7-1b67ce733ae4
INFO  [17:32:23.918] [bbotk] Evaluating 1 configuration(s)
INFO  [17:32:24.079] [bbotk] Result of batch 2:
INFO  [17:32:24.080] [bbotk]  nrounds       eta max_depth classif.ce warnings errors runtime_learners
INFO  [17:32:24.080] [bbotk]      202 0.1279486         7 0.01013171        0      0            0.117
INFO  [17:32:24.080] [bbotk]                                 uhash
INFO  [17:32:24.080] [bbotk]  6b83505c-1369-4514-babb-c5e21805d6ad
INFO  [17:32:24.088] [bbotk] Evaluating 1 configuration(s)
INFO  [17:32:24.256] [bbotk] Result of batch 3:
INFO  [17:32:24.258] [bbotk]  nrounds        eta max_depth classif.ce warnings errors runtime_learners
INFO  [17:32:24.258] [bbotk]      234 0.06184165         2 0.01013171        0      0            0.122
INFO  [17:32:24.258] [bbotk]                                 uhash
INFO  [17:32:24.258] [bbotk]  eb39ec38-22cf-4dd1-95b9-4e248b9016db
INFO  [17:32:24.269] [bbotk] Evaluating 1 configuration(s)
INFO  [17:32:24.418] [bbotk] Result of batch 4:
INFO  [17:32:24.420] [bbotk]  nrounds        eta max_depth classif.ce warnings errors runtime_learners
INFO  [17:32:24.420] [bbotk]       92 0.02997967         8 0.01621074        0      0            0.091
INFO  [17:32:24.420] [bbotk]                                 uhash
INFO  [17:32:24.420] [bbotk]  46fa42bf-f790-4b48-b15d-346da9946d61
INFO  [17:32:24.432] [bbotk] Evaluating 1 configuration(s)
INFO  [17:32:24.564] [bbotk] Result of batch 5:
INFO  [17:32:24.567] [bbotk]  nrounds       eta max_depth  classif.ce warnings errors runtime_learners
INFO  [17:32:24.567] [bbotk]      136 0.1864832         5 0.009118541        0      0            0.091
INFO  [17:32:24.567] [bbotk]                                 uhash
INFO  [17:32:24.567] [bbotk]  14486670-a551-4573-ab18-8cba1b4f5877
INFO  [17:32:24.578] [bbotk] Evaluating 1 configuration(s)
INFO  [17:32:24.734] [bbotk] Result of batch 6:
INFO  [17:32:24.735] [bbotk]  nrounds       eta max_depth  classif.ce warnings errors runtime_learners
INFO  [17:32:24.735] [bbotk]      151 0.2065336        10 0.009118541        0      0            0.099
INFO  [17:32:24.735] [bbotk]                                 uhash
INFO  [17:32:24.735] [bbotk]  f0a20d67-03cb-4b1b-85e5-897add27b35d
INFO  [17:32:24.739] [bbotk] Evaluating 1 configuration(s)
INFO  [17:32:24.891] [bbotk] Result of batch 7:
INFO  [17:32:24.894] [bbotk]  nrounds       eta max_depth  classif.ce warnings errors runtime_learners
INFO  [17:32:24.894] [bbotk]      254 0.2581963        10 0.007092199        0      0            0.114
INFO  [17:32:24.894] [bbotk]                                 uhash
INFO  [17:32:24.894] [bbotk]  cd53cda7-6e7b-4a45-b5d4-444c731724f3
INFO  [17:32:24.904] [bbotk] Evaluating 1 configuration(s)
INFO  [17:32:25.008] [bbotk] Result of batch 8:
INFO  [17:32:25.010] [bbotk]  nrounds        eta max_depth classif.ce warnings errors runtime_learners
INFO  [17:32:25.010] [bbotk]       50 0.05573476         9 0.01621074        0      0            0.068
INFO  [17:32:25.010] [bbotk]                                 uhash
INFO  [17:32:25.010] [bbotk]  89200647-a394-476e-b379-4619456508bc
INFO  [17:32:25.020] [bbotk] Evaluating 1 configuration(s)
INFO  [17:32:25.250] [bbotk] Result of batch 9:
INFO  [17:32:25.251] [bbotk]  nrounds        eta max_depth classif.ce warnings errors runtime_learners
INFO  [17:32:25.251] [bbotk]      284 0.06726993        10 0.01013171        0      0            0.177
INFO  [17:32:25.251] [bbotk]                                 uhash
INFO  [17:32:25.251] [bbotk]  308af29b-1e0f-4422-b1fb-183120e5ccb4
INFO  [17:32:25.256] [bbotk] Evaluating 1 configuration(s)
INFO  [17:32:25.369] [bbotk] Result of batch 10:
INFO  [17:32:25.371] [bbotk]  nrounds       eta max_depth  classif.ce warnings errors runtime_learners
INFO  [17:32:25.371] [bbotk]      133 0.1902393         6 0.009118541        0      0            0.077
INFO  [17:32:25.371] [bbotk]                                 uhash
INFO  [17:32:25.371] [bbotk]  232a4739-5a05-4af9-a2eb-125095b23c53
INFO  [17:32:25.393] [bbotk] Finished optimizing after 10 evaluation(s)
INFO  [17:32:25.394] [bbotk] Result:
INFO  [17:32:25.395] [bbotk]  nrounds       eta max_depth learner_param_vals  x_domain  classif.ce
INFO  [17:32:25.395] [bbotk]    <int>     <num>     <int>             <list>    <list>       <num>
INFO  [17:32:25.395] [bbotk]      254 0.2581963        10          <list[5]> <list[3]> 0.007092199
INFO  [17:32:25.519] [bbotk] Starting to optimize 3 parameter(s) with '<OptimizerBatchRandomSearch>' and '<TerminatorEvals> [n_evals=10, k=0]'
INFO  [17:32:25.532] [bbotk] Evaluating 1 configuration(s)
INFO  [17:32:25.653] [bbotk] Result of batch 1:
INFO  [17:32:25.655] [bbotk]  nrounds       eta max_depth  classif.ce warnings errors runtime_learners
INFO  [17:32:25.655] [bbotk]      161 0.2810264         2 0.006072887        0      0            0.075
INFO  [17:32:25.655] [bbotk]                                 uhash
INFO  [17:32:25.655] [bbotk]  886b7885-92da-4792-9dd8-45580458449f
INFO  [17:32:25.665] [bbotk] Evaluating 1 configuration(s)
INFO  [17:32:25.795] [bbotk] Result of batch 2:
INFO  [17:32:25.797] [bbotk]  nrounds      eta max_depth  classif.ce warnings errors runtime_learners
INFO  [17:32:25.797] [bbotk]      120 0.223427        10 0.008099229        0      0            0.081
INFO  [17:32:25.797] [bbotk]                                 uhash
INFO  [17:32:25.797] [bbotk]  e6929e67-a188-491b-9026-517546ef1e90
INFO  [17:32:25.808] [bbotk] Evaluating 1 configuration(s)
INFO  [17:32:26.131] [bbotk] Result of batch 3:
INFO  [17:32:26.131] [bbotk]  nrounds        eta max_depth classif.ce warnings errors runtime_learners
INFO  [17:32:26.131] [bbotk]      289 0.01034341        10 0.01316202        0      0            0.277
INFO  [17:32:26.131] [bbotk]                                 uhash
INFO  [17:32:26.131] [bbotk]  d9387d91-08c1-48fa-ac18-6a07c5b79400
INFO  [17:32:26.136] [bbotk] Evaluating 1 configuration(s)
INFO  [17:32:26.323] [bbotk] Result of batch 4:
INFO  [17:32:26.324] [bbotk]  nrounds       eta max_depth  classif.ce warnings errors runtime_learners
INFO  [17:32:26.324] [bbotk]      245 0.1832012         9 0.007086058        0      0            0.141
INFO  [17:32:26.324] [bbotk]                                 uhash
INFO  [17:32:26.324] [bbotk]  96cccd5a-35fb-4593-9e84-bb60bed79ecb
INFO  [17:32:26.330] [bbotk] Evaluating 1 configuration(s)
INFO  [17:32:26.444] [bbotk] Result of batch 5:
INFO  [17:32:26.445] [bbotk]  nrounds        eta max_depth classif.ce warnings errors runtime_learners
INFO  [17:32:26.445] [bbotk]       54 0.04049141         9 0.01417519        0      0            0.064
INFO  [17:32:26.445] [bbotk]                                 uhash
INFO  [17:32:26.445] [bbotk]  149bc014-5f7c-46d8-9d99-4c65c07e6af3
INFO  [17:32:26.449] [bbotk] Evaluating 1 configuration(s)
INFO  [17:32:26.543] [bbotk] Result of batch 6:
INFO  [17:32:26.544] [bbotk]  nrounds       eta max_depth  classif.ce warnings errors runtime_learners
INFO  [17:32:26.544] [bbotk]       82 0.1952202         2 0.006072887        0      0            0.056
INFO  [17:32:26.544] [bbotk]                                 uhash
INFO  [17:32:26.544] [bbotk]  6e47b7bc-656c-4956-a1f3-6bcdc8ab2a7d
INFO  [17:32:26.548] [bbotk] Evaluating 1 configuration(s)
INFO  [17:32:26.678] [bbotk] Result of batch 7:
INFO  [17:32:26.681] [bbotk]  nrounds       eta max_depth  classif.ce warnings errors runtime_learners
INFO  [17:32:26.681] [bbotk]      109 0.1457654         7 0.009112401        0      0            0.078
INFO  [17:32:26.681] [bbotk]                                 uhash
INFO  [17:32:26.681] [bbotk]  cf1f7966-b618-4139-a738-ff33159d9dbb
INFO  [17:32:26.688] [bbotk] Evaluating 1 configuration(s)
INFO  [17:32:26.927] [bbotk] Result of batch 8:
INFO  [17:32:26.928] [bbotk]  nrounds        eta max_depth classif.ce warnings errors runtime_learners
INFO  [17:32:26.928] [bbotk]      165 0.02196339         9 0.01417519        0      0            0.191
INFO  [17:32:26.928] [bbotk]                                 uhash
INFO  [17:32:26.928] [bbotk]  995600d5-6fab-4d61-8752-2f6da51ee169
INFO  [17:32:26.932] [bbotk] Evaluating 1 configuration(s)
INFO  [17:32:27.125] [bbotk] Result of batch 9:
INFO  [17:32:27.126] [bbotk]  nrounds       eta max_depth  classif.ce warnings errors runtime_learners
INFO  [17:32:27.126] [bbotk]      292 0.1170409         5 0.005059716        0      0            0.144
INFO  [17:32:27.126] [bbotk]                                 uhash
INFO  [17:32:27.126] [bbotk]  1973fabe-a3df-4dca-a477-538607a5e16a
INFO  [17:32:27.130] [bbotk] Evaluating 1 configuration(s)
INFO  [17:32:27.286] [bbotk] Result of batch 10:
INFO  [17:32:27.287] [bbotk]  nrounds       eta max_depth  classif.ce warnings errors runtime_learners
INFO  [17:32:27.287] [bbotk]      222 0.2447125        10 0.007086058        0      0            0.113
INFO  [17:32:27.287] [bbotk]                                 uhash
INFO  [17:32:27.287] [bbotk]  be3e510d-3597-41fc-b92c-162689711dea
INFO  [17:32:27.297] [bbotk] Finished optimizing after 10 evaluation(s)
INFO  [17:32:27.298] [bbotk] Result:
INFO  [17:32:27.300] [bbotk]  nrounds       eta max_depth learner_param_vals  x_domain  classif.ce
INFO  [17:32:27.300] [bbotk]    <int>     <num>     <int>             <list>    <list>       <num>
INFO  [17:32:27.300] [bbotk]      292 0.1170409         5          <list[5]> <list[3]> 0.005059716

### [bt]: Job terminated successfully [batchtools job.id=3442]
### [bt]: Starting job [batchtools job.id=3443]
### [bt]: Generating problem instance for problem '6fbfe6520e3d949c' ...
### [bt]: Applying algorithm 'run_learner' on problem '6fbfe6520e3d949c' for job 3443 (seed = 3444) ...
INFO  [17:32:27.531] [mlr3] Applying learner 'classif.xgboost.tuned_calib.perfold_isotonic' on task 'banknote-authentication' (iter 3/10)
INFO  [17:32:27.574] [bbotk] Starting to optimize 3 parameter(s) with '<OptimizerBatchRandomSearch>' and '<TerminatorEvals> [n_evals=10, k=0]'
INFO  [17:32:27.590] [bbotk] Evaluating 1 configuration(s)
INFO  [17:32:27.796] [bbotk] Result of batch 1:
INFO  [17:32:27.802] [bbotk]  nrounds       eta max_depth classif.ce warnings errors runtime_learners
INFO  [17:32:27.802] [bbotk]      220 0.0784944         5 0.01011636        0      0            0.158
INFO  [17:32:27.802] [bbotk]                                 uhash
INFO  [17:32:27.802] [bbotk]  ea71d930-928c-4d5b-8a73-f8a6aaa27401
INFO  [17:32:27.807] [bbotk] Evaluating 1 configuration(s)
INFO  [17:32:27.949] [bbotk] Result of batch 2:
INFO  [17:32:27.950] [bbotk]  nrounds       eta max_depth classif.ce warnings errors runtime_learners
INFO  [17:32:27.950] [bbotk]      204 0.2635431         5 0.01011636        0      0            0.109
INFO  [17:32:27.950] [bbotk]                                 uhash
INFO  [17:32:27.950] [bbotk]  cc754841-8cdd-4307-b692-be27aa60bd0b
INFO  [17:32:27.954] [bbotk] Evaluating 1 configuration(s)
INFO  [17:32:28.098] [bbotk] Result of batch 3:
INFO  [17:32:28.101] [bbotk]  nrounds       eta max_depth classif.ce warnings errors runtime_learners
INFO  [17:32:28.101] [bbotk]      230 0.2363316         9 0.01011636        0      0            0.104
INFO  [17:32:28.101] [bbotk]                                 uhash
INFO  [17:32:28.101] [bbotk]  0c672a8f-39e8-45fe-abc6-65a1d8b0782b
INFO  [17:32:28.114] [bbotk] Evaluating 1 configuration(s)
INFO  [17:32:28.219] [bbotk] Result of batch 4:
INFO  [17:32:28.220] [bbotk]  nrounds       eta max_depth classif.ce warnings errors runtime_learners
INFO  [17:32:28.220] [bbotk]       93 0.2504294         6 0.01011636        0      0            0.058
INFO  [17:32:28.220] [bbotk]                                 uhash
INFO  [17:32:28.220] [bbotk]  801d6835-4cbd-465a-8e04-a0c8fc6a2bf1
INFO  [17:32:28.224] [bbotk] Evaluating 1 configuration(s)
INFO  [17:32:28.329] [bbotk] Result of batch 5:
INFO  [17:32:28.331] [bbotk]  nrounds        eta max_depth classif.ce warnings errors runtime_learners
INFO  [17:32:28.331] [bbotk]      102 0.02523024         2 0.05465291        0      0            0.058
INFO  [17:32:28.331] [bbotk]                                 uhash
INFO  [17:32:28.331] [bbotk]  affdf152-e901-4fc1-b29f-049bebf1f521
INFO  [17:32:28.337] [bbotk] Evaluating 1 configuration(s)
INFO  [17:32:28.424] [bbotk] Result of batch 6:
INFO  [17:32:28.425] [bbotk]  nrounds        eta max_depth classif.ce warnings errors runtime_learners
INFO  [17:32:28.425] [bbotk]       51 0.03341024         2 0.06881582        0      0            0.038
INFO  [17:32:28.425] [bbotk]                                 uhash
INFO  [17:32:28.425] [bbotk]  761f2b70-53c2-44a0-8a77-2df16e34aff8
INFO  [17:32:28.430] [bbotk] Evaluating 1 configuration(s)
INFO  [17:32:28.614] [bbotk] Result of batch 7:
INFO  [17:32:28.615] [bbotk]  nrounds       eta max_depth classif.ce warnings errors runtime_learners
INFO  [17:32:28.615] [bbotk]      200 0.1057417         6 0.01011636        0      0             0.14
INFO  [17:32:28.615] [bbotk]                                 uhash
INFO  [17:32:28.615] [bbotk]  09b82f96-89ea-4064-a40e-d0eb7946a692
INFO  [17:32:28.623] [bbotk] Evaluating 1 configuration(s)
INFO  [17:32:28.839] [bbotk] Result of batch 8:
INFO  [17:32:28.841] [bbotk]  nrounds        eta max_depth classif.ce warnings errors runtime_learners
INFO  [17:32:28.841] [bbotk]      260 0.06406263        10 0.01011636        0      0            0.161
INFO  [17:32:28.841] [bbotk]                                 uhash
INFO  [17:32:28.841] [bbotk]  ef6c4090-ad5b-444a-a173-e164cb6e0a78
INFO  [17:32:28.845] [bbotk] Evaluating 1 configuration(s)
INFO  [17:32:28.981] [bbotk] Result of batch 9:
INFO  [17:32:28.982] [bbotk]  nrounds       eta max_depth classif.ce warnings errors runtime_learners
INFO  [17:32:28.982] [bbotk]      159 0.1735133         4 0.01011636        0      0            0.096
INFO  [17:32:28.982] [bbotk]                                 uhash
INFO  [17:32:28.982] [bbotk]  6cb8160a-1564-4f2d-9ed3-510ec32273e4
INFO  [17:32:28.988] [bbotk] Evaluating 1 configuration(s)
INFO  [17:32:29.153] [bbotk] Result of batch 10:
INFO  [17:32:29.154] [bbotk]  nrounds       eta max_depth classif.ce warnings errors runtime_learners
INFO  [17:32:29.154] [bbotk]      203 0.1279645         8 0.01011636        0      0            0.123
INFO  [17:32:29.154] [bbotk]                                 uhash
INFO  [17:32:29.154] [bbotk]  9489a77e-b053-401a-a18f-6ac45e7dc746
INFO  [17:32:29.174] [bbotk] Finished optimizing after 10 evaluation(s)
INFO  [17:32:29.174] [bbotk] Result:
INFO  [17:32:29.177] [bbotk]  nrounds       eta max_depth learner_param_vals  x_domain classif.ce
INFO  [17:32:29.177] [bbotk]    <int>     <num>     <int>             <list>    <list>      <num>
INFO  [17:32:29.177] [bbotk]      220 0.0784944         5          <list[5]> <list[3]> 0.01011636
INFO  [17:32:29.296] [bbotk] Starting to optimize 3 parameter(s) with '<OptimizerBatchRandomSearch>' and '<TerminatorEvals> [n_evals=10, k=0]'
INFO  [17:32:29.308] [bbotk] Evaluating 1 configuration(s)
INFO  [17:32:29.536] [bbotk] Result of batch 1:
INFO  [17:32:29.537] [bbotk]  nrounds        eta max_depth  classif.ce warnings errors runtime_learners
INFO  [17:32:29.537] [bbotk]      300 0.09718374         7 0.009112401        0      0            0.175
INFO  [17:32:29.537] [bbotk]                                 uhash
INFO  [17:32:29.537] [bbotk]  d61cbeae-d65e-4bc1-8b9c-3b6c48739333
INFO  [17:32:29.545] [bbotk] Evaluating 1 configuration(s)
INFO  [17:32:29.679] [bbotk] Result of batch 2:
INFO  [17:32:29.681] [bbotk]  nrounds       eta max_depth  classif.ce warnings errors runtime_learners
INFO  [17:32:29.681] [bbotk]      269 0.2843076         2 0.005065856        0      0              0.1
INFO  [17:32:29.681] [bbotk]                                 uhash
INFO  [17:32:29.681] [bbotk]  3ee45536-ce3d-4246-9edd-c27225dc5c3c
INFO  [17:32:29.688] [bbotk] Evaluating 1 configuration(s)
INFO  [17:32:29.783] [bbotk] Result of batch 3:
INFO  [17:32:29.784] [bbotk]  nrounds       eta max_depth classif.ce warnings errors runtime_learners
INFO  [17:32:29.784] [bbotk]      126 0.2640199         7 0.01012557        0      0            0.063
INFO  [17:32:29.784] [bbotk]                                 uhash
INFO  [17:32:29.784] [bbotk]  fc23f1af-5170-4955-b04b-b86620b625f8
INFO  [17:32:29.793] [bbotk] Evaluating 1 configuration(s)
INFO  [17:32:29.964] [bbotk] Result of batch 4:
INFO  [17:32:29.965] [bbotk]  nrounds        eta max_depth classif.ce warnings errors runtime_learners
INFO  [17:32:29.965] [bbotk]      154 0.06855217         7 0.01012557        0      0            0.129
INFO  [17:32:29.965] [bbotk]                                 uhash
INFO  [17:32:29.965] [bbotk]  7b430eb8-e9ae-4fdd-abe9-deb04072c7a4
INFO  [17:32:29.971] [bbotk] Evaluating 1 configuration(s)
INFO  [17:32:30.093] [bbotk] Result of batch 5:
INFO  [17:32:30.094] [bbotk]  nrounds       eta max_depth  classif.ce warnings errors runtime_learners
INFO  [17:32:30.094] [bbotk]      162 0.2617236         9 0.008099229        0      0             0.08
INFO  [17:32:30.094] [bbotk]                                 uhash
INFO  [17:32:30.094] [bbotk]  e3723fab-5247-435f-8534-b79f7fd1b09c
INFO  [17:32:30.103] [bbotk] Evaluating 1 configuration(s)
INFO  [17:32:30.273] [bbotk] Result of batch 6:
INFO  [17:32:30.276] [bbotk]  nrounds        eta max_depth classif.ce warnings errors runtime_learners
INFO  [17:32:30.276] [bbotk]      143 0.04597246         6 0.01012557        0      0            0.134
INFO  [17:32:30.276] [bbotk]                                 uhash
INFO  [17:32:30.276] [bbotk]  446184a4-f990-410d-ad54-02636277dcc4
INFO  [17:32:30.281] [bbotk] Evaluating 1 configuration(s)
INFO  [17:32:30.396] [bbotk] Result of batch 7:
INFO  [17:32:30.399] [bbotk]  nrounds       eta max_depth classif.ce warnings errors runtime_learners
INFO  [17:32:30.399] [bbotk]      202 0.2850993        10 0.01012557        0      0            0.083
INFO  [17:32:30.399] [bbotk]                                 uhash
INFO  [17:32:30.399] [bbotk]  fceafe17-35b3-4b3b-bc87-d12ec3ddda36
INFO  [17:32:30.404] [bbotk] Evaluating 1 configuration(s)
INFO  [17:32:30.533] [bbotk] Result of batch 8:
INFO  [17:32:30.534] [bbotk]  nrounds       eta max_depth classif.ce warnings errors runtime_learners
INFO  [17:32:30.534] [bbotk]      181 0.2299624        10 0.01012557        0      0            0.089
INFO  [17:32:30.534] [bbotk]                                 uhash
INFO  [17:32:30.534] [bbotk]  3fd5a6c4-39f9-4ac6-ab56-2227490b308b
INFO  [17:32:30.544] [bbotk] Evaluating 1 configuration(s)
INFO  [17:32:30.634] [bbotk] Result of batch 9:
INFO  [17:32:30.635] [bbotk]  nrounds       eta max_depth classif.ce warnings errors runtime_learners
INFO  [17:32:30.635] [bbotk]       64 0.1681515         9 0.01012557        0      0            0.051
INFO  [17:32:30.635] [bbotk]                                 uhash
INFO  [17:32:30.635] [bbotk]  a25fae92-667e-4fd3-94e4-359490cc4850
INFO  [17:32:30.640] [bbotk] Evaluating 1 configuration(s)
INFO  [17:32:30.790] [bbotk] Result of batch 10:
INFO  [17:32:30.791] [bbotk]  nrounds        eta max_depth  classif.ce warnings errors runtime_learners
INFO  [17:32:30.791] [bbotk]      196 0.07538895         3 0.007092199        0      0            0.114
INFO  [17:32:30.791] [bbotk]                                 uhash
INFO  [17:32:30.791] [bbotk]  a90ff2b1-878d-4a51-b999-69fdd6cf6024
INFO  [17:32:30.805] [bbotk] Finished optimizing after 10 evaluation(s)
INFO  [17:32:30.805] [bbotk] Result:
INFO  [17:32:30.806] [bbotk]  nrounds       eta max_depth learner_param_vals  x_domain  classif.ce
INFO  [17:32:30.806] [bbotk]    <int>     <num>     <int>             <list>    <list>       <num>
INFO  [17:32:30.806] [bbotk]      269 0.2843076         2          <list[5]> <list[3]> 0.005065856
INFO  [17:32:30.911] [bbotk] Starting to optimize 3 parameter(s) with '<OptimizerBatchRandomSearch>' and '<TerminatorEvals> [n_evals=10, k=0]'
INFO  [17:32:30.940] [bbotk] Evaluating 1 configuration(s)
INFO  [17:32:31.041] [bbotk] Result of batch 1:
INFO  [17:32:31.042] [bbotk]  nrounds       eta max_depth  classif.ce warnings errors runtime_learners
INFO  [17:32:31.042] [bbotk]       59 0.1628681         5 0.007082988        0      0            0.057
INFO  [17:32:31.042] [bbotk]                                 uhash
INFO  [17:32:31.042] [bbotk]  0e809eea-ca8f-4126-b14d-1a5017454f34
INFO  [17:32:31.046] [bbotk] Evaluating 1 configuration(s)
INFO  [17:32:31.212] [bbotk] Result of batch 2:
INFO  [17:32:31.213] [bbotk]  nrounds       eta max_depth  classif.ce warnings errors runtime_learners
INFO  [17:32:31.213] [bbotk]      289 0.2781758         7 0.007082988        0      0            0.117
INFO  [17:32:31.213] [bbotk]                                 uhash
INFO  [17:32:31.213] [bbotk]  ca1b5c61-76d9-46c0-a79c-95f0af0322e1
INFO  [17:32:31.217] [bbotk] Evaluating 1 configuration(s)
INFO  [17:32:31.336] [bbotk] Result of batch 3:
INFO  [17:32:31.337] [bbotk]  nrounds       eta max_depth  classif.ce warnings errors runtime_learners
INFO  [17:32:31.337] [bbotk]       89 0.1848255        10 0.006072887        0      0            0.073
INFO  [17:32:31.337] [bbotk]                                 uhash
INFO  [17:32:31.337] [bbotk]  cf92e62c-3ac5-4eea-a76d-06f369ee77a1
INFO  [17:32:31.348] [bbotk] Evaluating 1 configuration(s)
INFO  [17:32:31.456] [bbotk] Result of batch 4:
INFO  [17:32:31.457] [bbotk]  nrounds       eta max_depth  classif.ce warnings errors runtime_learners
INFO  [17:32:31.457] [bbotk]       70 0.1038047         4 0.008093089        0      0            0.075
INFO  [17:32:31.457] [bbotk]                                 uhash
INFO  [17:32:31.457] [bbotk]  3e8c2376-d9f8-490c-adef-4acdeb77f83b
INFO  [17:32:31.461] [bbotk] Evaluating 1 configuration(s)
INFO  [17:32:31.563] [bbotk] Result of batch 5:
INFO  [17:32:31.564] [bbotk]  nrounds       eta max_depth  classif.ce warnings errors runtime_learners
INFO  [17:32:31.564] [bbotk]      108 0.2240394         6 0.007082988        0      0            0.064
INFO  [17:32:31.564] [bbotk]                                 uhash
INFO  [17:32:31.564] [bbotk]  d7f3f208-a3e9-41a2-a1d3-78f4e2aab800
INFO  [17:32:31.569] [bbotk] Evaluating 1 configuration(s)
INFO  [17:32:31.695] [bbotk] Result of batch 6:
INFO  [17:32:31.696] [bbotk]  nrounds        eta max_depth classif.ce warnings errors runtime_learners
INFO  [17:32:31.696] [bbotk]       84 0.05759802         7 0.01112339        0      0            0.081
INFO  [17:32:31.696] [bbotk]                                 uhash
INFO  [17:32:31.696] [bbotk]  913148ec-60b3-4936-aaab-3a66e26f5797
INFO  [17:32:31.700] [bbotk] Evaluating 1 configuration(s)
INFO  [17:32:31.862] [bbotk] Result of batch 7:
INFO  [17:32:31.867] [bbotk]  nrounds       eta max_depth  classif.ce warnings errors runtime_learners
INFO  [17:32:31.867] [bbotk]      165 0.1179661         4 0.004046544        0      0            0.102
INFO  [17:32:31.867] [bbotk]                                 uhash
INFO  [17:32:31.867] [bbotk]  3d9975eb-bfbf-4025-bf0e-819c659fa773
INFO  [17:32:31.881] [bbotk] Evaluating 1 configuration(s)
INFO  [17:32:32.023] [bbotk] Result of batch 8:
INFO  [17:32:32.025] [bbotk]  nrounds       eta max_depth  classif.ce warnings errors runtime_learners
INFO  [17:32:32.025] [bbotk]      183 0.2157589         7 0.006072887        0      0             0.11
INFO  [17:32:32.025] [bbotk]                                 uhash
INFO  [17:32:32.025] [bbotk]  c2397794-727a-4b78-98c4-a9aed75dfb83
INFO  [17:32:32.035] [bbotk] Evaluating 1 configuration(s)
INFO  [17:32:32.207] [bbotk] Result of batch 9:
INFO  [17:32:32.208] [bbotk]  nrounds        eta max_depth  classif.ce warnings errors runtime_learners
INFO  [17:32:32.208] [bbotk]      269 0.08624338         9 0.006072887        0      0            0.135
INFO  [17:32:32.208] [bbotk]                                 uhash
INFO  [17:32:32.208] [bbotk]  612cf262-8a12-47d2-9e57-7b143816a795
INFO  [17:32:32.217] [bbotk] Evaluating 1 configuration(s)
INFO  [17:32:32.347] [bbotk] Result of batch 10:
INFO  [17:32:32.348] [bbotk]  nrounds        eta max_depth classif.ce warnings errors runtime_learners
INFO  [17:32:32.348] [bbotk]      100 0.03934085         5 0.01213656        0      0            0.092
INFO  [17:32:32.348] [bbotk]                                 uhash
INFO  [17:32:32.348] [bbotk]  a72bf9dd-bafd-4306-b763-f4f0495ebbc0
INFO  [17:32:32.358] [bbotk] Finished optimizing after 10 evaluation(s)
INFO  [17:32:32.359] [bbotk] Result:
INFO  [17:32:32.361] [bbotk]  nrounds       eta max_depth learner_param_vals  x_domain  classif.ce
INFO  [17:32:32.361] [bbotk]    <int>     <num>     <int>             <list>    <list>       <num>
INFO  [17:32:32.361] [bbotk]      165 0.1179661         4          <list[5]> <list[3]> 0.004046544
INFO  [17:32:32.469] [bbotk] Starting to optimize 3 parameter(s) with '<OptimizerBatchRandomSearch>' and '<TerminatorEvals> [n_evals=10, k=0]'
INFO  [17:32:32.483] [bbotk] Evaluating 1 configuration(s)
INFO  [17:32:32.577] [bbotk] Result of batch 1:
INFO  [17:32:32.578] [bbotk]  nrounds        eta max_depth  classif.ce warnings errors runtime_learners
INFO  [17:32:32.578] [bbotk]       60 0.09806301         9 0.009112401        0      0            0.064
INFO  [17:32:32.578] [bbotk]                                 uhash
INFO  [17:32:32.578] [bbotk]  58a1fadd-4931-4a8f-9ce0-ce602fb27cfd
INFO  [17:32:32.583] [bbotk] Evaluating 1 configuration(s)
INFO  [17:32:32.666] [bbotk] Result of batch 2:
INFO  [17:32:32.667] [bbotk]  nrounds       eta max_depth  classif.ce warnings errors runtime_learners
INFO  [17:32:32.667] [bbotk]       53 0.2344467        10 0.009112401        0      0            0.043
INFO  [17:32:32.667] [bbotk]                                 uhash
INFO  [17:32:32.667] [bbotk]  95871e61-0b70-497f-85fe-a33232da80b7
INFO  [17:32:32.672] [bbotk] Evaluating 1 configuration(s)
INFO  [17:32:32.745] [bbotk] Result of batch 3:
INFO  [17:32:32.746] [bbotk]  nrounds       eta max_depth classif.ce warnings errors runtime_learners
INFO  [17:32:32.746] [bbotk]       54 0.1160256         4 0.01011943        0      0            0.044
INFO  [17:32:32.746] [bbotk]                                 uhash
INFO  [17:32:32.746] [bbotk]  8b30aa01-47cc-44af-be56-d4820978ecb9
INFO  [17:32:32.750] [bbotk] Evaluating 1 configuration(s)
INFO  [17:32:32.858] [bbotk] Result of batch 4:
INFO  [17:32:32.858] [bbotk]  nrounds       eta max_depth  classif.ce warnings errors runtime_learners
INFO  [17:32:32.858] [bbotk]      107 0.2206012         9 0.005059716        0      0            0.064
INFO  [17:32:32.858] [bbotk]                                 uhash
INFO  [17:32:32.858] [bbotk]  64a06f68-4526-44b7-8075-e4f769114efc
INFO  [17:32:32.862] [bbotk] Evaluating 1 configuration(s)
INFO  [17:32:32.963] [bbotk] Result of batch 5:
INFO  [17:32:32.964] [bbotk]  nrounds       eta max_depth  classif.ce warnings errors runtime_learners
INFO  [17:32:32.964] [bbotk]      221 0.2435925        10 0.007086058        0      0            0.071
INFO  [17:32:32.964] [bbotk]                                 uhash
INFO  [17:32:32.964] [bbotk]  bd595a46-42e0-4de6-b9a3-abb08b292b87
INFO  [17:32:32.967] [bbotk] Evaluating 1 configuration(s)
INFO  [17:32:33.109] [bbotk] Result of batch 6:
INFO  [17:32:33.112] [bbotk]  nrounds        eta max_depth  classif.ce warnings errors runtime_learners
INFO  [17:32:33.112] [bbotk]      136 0.05396066         8 0.009112401        0      0            0.112
INFO  [17:32:33.112] [bbotk]                                 uhash
INFO  [17:32:33.112] [bbotk]  2c208adb-1a03-43b1-be26-9b3867bc4bd5
INFO  [17:32:33.123] [bbotk] Evaluating 1 configuration(s)
INFO  [17:32:33.208] [bbotk] Result of batch 7:
INFO  [17:32:33.209] [bbotk]  nrounds       eta max_depth  classif.ce warnings errors runtime_learners
INFO  [17:32:33.209] [bbotk]      137 0.1863644         9 0.007086058        0      0            0.057
INFO  [17:32:33.209] [bbotk]                                 uhash
INFO  [17:32:33.209] [bbotk]  0c25fe68-e6e4-4375-8736-5c73f0b39beb
INFO  [17:32:33.214] [bbotk] Evaluating 1 configuration(s)
INFO  [17:32:33.362] [bbotk] Result of batch 8:
INFO  [17:32:33.363] [bbotk]  nrounds        eta max_depth  classif.ce warnings errors runtime_learners
INFO  [17:32:33.363] [bbotk]      286 0.05640686         5 0.009112401        0      0             0.12
INFO  [17:32:33.363] [bbotk]                                 uhash
INFO  [17:32:33.363] [bbotk]  453d3860-6282-4f32-a847-1d6eb9c3a27d
INFO  [17:32:33.367] [bbotk] Evaluating 1 configuration(s)
INFO  [17:32:33.463] [bbotk] Result of batch 9:
INFO  [17:32:33.465] [bbotk]  nrounds       eta max_depth  classif.ce warnings errors runtime_learners
INFO  [17:32:33.465] [bbotk]      217 0.2831623         8 0.006072887        0      0            0.064
INFO  [17:32:33.465] [bbotk]                                 uhash
INFO  [17:32:33.465] [bbotk]  5be832b5-3e4d-44fb-9e87-d571294ee210
INFO  [17:32:33.470] [bbotk] Evaluating 1 configuration(s)
INFO  [17:32:33.593] [bbotk] Result of batch 10:
INFO  [17:32:33.595] [bbotk]  nrounds       eta max_depth  classif.ce warnings errors runtime_learners
INFO  [17:32:33.595] [bbotk]      283 0.1948082         6 0.006072887        0      0            0.085
INFO  [17:32:33.595] [bbotk]                                 uhash
INFO  [17:32:33.595] [bbotk]  14f7ee53-f073-4d69-b32a-3623f8dd16b9
INFO  [17:32:33.609] [bbotk] Finished optimizing after 10 evaluation(s)
INFO  [17:32:33.610] [bbotk] Result:
INFO  [17:32:33.611] [bbotk]  nrounds       eta max_depth learner_param_vals  x_domain  classif.ce
INFO  [17:32:33.611] [bbotk]    <int>     <num>     <int>             <list>    <list>       <num>
INFO  [17:32:33.611] [bbotk]      107 0.2206012         9          <list[5]> <list[3]> 0.005059716
INFO  [17:32:33.663] [bbotk] Starting to optimize 3 parameter(s) with '<OptimizerBatchRandomSearch>' and '<TerminatorEvals> [n_evals=10, k=0]'
INFO  [17:32:33.673] [bbotk] Evaluating 1 configuration(s)
INFO  [17:32:33.791] [bbotk] Result of batch 1:
INFO  [17:32:33.792] [bbotk]  nrounds       eta max_depth classif.ce warnings errors runtime_learners
INFO  [17:32:33.792] [bbotk]      270 0.1320148         3  0.0111326        0      0             0.09
INFO  [17:32:33.792] [bbotk]                                 uhash
INFO  [17:32:33.792] [bbotk]  f84de0dd-7126-4808-ba7f-1dfa1399c62b
INFO  [17:32:33.797] [bbotk] Evaluating 1 configuration(s)
INFO  [17:32:33.911] [bbotk] Result of batch 2:
INFO  [17:32:33.912] [bbotk]  nrounds       eta max_depth classif.ce warnings errors runtime_learners
INFO  [17:32:33.912] [bbotk]      198 0.1015242        10 0.01417212        0      0            0.084
INFO  [17:32:33.912] [bbotk]                                 uhash
INFO  [17:32:33.912] [bbotk]  55ac0b45-9dd4-42b0-9251-092697535c73
INFO  [17:32:33.916] [bbotk] Evaluating 1 configuration(s)
INFO  [17:32:34.001] [bbotk] Result of batch 3:
INFO  [17:32:34.002] [bbotk]  nrounds       eta max_depth  classif.ce warnings errors runtime_learners
INFO  [17:32:34.002] [bbotk]      205 0.2966565         2 0.008093089        0      0            0.058
INFO  [17:32:34.002] [bbotk]                                 uhash
INFO  [17:32:34.002] [bbotk]  69f6481e-d290-4efa-a990-3809168dd27e
INFO  [17:32:34.006] [bbotk] Evaluating 1 configuration(s)
INFO  [17:32:34.094] [bbotk] Result of batch 4:
INFO  [17:32:34.095] [bbotk]  nrounds        eta max_depth classif.ce warnings errors runtime_learners
INFO  [17:32:34.095] [bbotk]      111 0.09757076         7 0.01518222        0      0             0.06
INFO  [17:32:34.095] [bbotk]                                 uhash
INFO  [17:32:34.095] [bbotk]  f4ff2b94-8267-421d-9df6-1d4c50071409
INFO  [17:32:34.099] [bbotk] Evaluating 1 configuration(s)
INFO  [17:32:34.165] [bbotk] Result of batch 5:
INFO  [17:32:34.166] [bbotk]  nrounds       eta max_depth classif.ce warnings errors runtime_learners
INFO  [17:32:34.166] [bbotk]       60 0.1203196         4 0.01416905        0      0             0.04
INFO  [17:32:34.166] [bbotk]                                 uhash
INFO  [17:32:34.166] [bbotk]  bfdfa3a1-d3b3-4ef6-9660-b763f49ad977
INFO  [17:32:34.170] [bbotk] Evaluating 1 configuration(s)
INFO  [17:32:34.275] [bbotk] Result of batch 6:
INFO  [17:32:34.277] [bbotk]  nrounds      eta max_depth classif.ce warnings errors runtime_learners
INFO  [17:32:34.277] [bbotk]      192 0.159763         5 0.01316202        0      0            0.068
INFO  [17:32:34.277] [bbotk]                                 uhash
INFO  [17:32:34.277] [bbotk]  efb35d57-3f64-409d-a208-1f2c58e31f1f
INFO  [17:32:34.283] [bbotk] Evaluating 1 configuration(s)
INFO  [17:32:34.353] [bbotk] Result of batch 7:
INFO  [17:32:34.354] [bbotk]  nrounds      eta max_depth classif.ce warnings errors runtime_learners
INFO  [17:32:34.354] [bbotk]      111 0.271868         6 0.01417212        0      0            0.044
INFO  [17:32:34.354] [bbotk]                                 uhash
INFO  [17:32:34.354] [bbotk]  5f33a9c1-3a7d-4ad3-b9ec-b155fd3ee311
INFO  [17:32:34.357] [bbotk] Evaluating 1 configuration(s)
INFO  [17:32:34.465] [bbotk] Result of batch 8:
INFO  [17:32:34.466] [bbotk]  nrounds       eta max_depth classif.ce warnings errors runtime_learners
INFO  [17:32:34.466] [bbotk]      178 0.0868901         6 0.01518222        0      0            0.081
INFO  [17:32:34.466] [bbotk]                                 uhash
INFO  [17:32:34.466] [bbotk]  c815a7b0-0483-4047-80eb-676fa392e926
INFO  [17:32:34.470] [bbotk] Evaluating 1 configuration(s)
INFO  [17:32:34.556] [bbotk] Result of batch 9:
INFO  [17:32:34.557] [bbotk]  nrounds       eta max_depth classif.ce warnings errors runtime_learners
INFO  [17:32:34.557] [bbotk]      185 0.2767541        10 0.01417212        0      0            0.059
INFO  [17:32:34.557] [bbotk]                                 uhash
INFO  [17:32:34.557] [bbotk]  e3caf7cc-717d-4071-b81e-bf58e55dc903
INFO  [17:32:34.561] [bbotk] Evaluating 1 configuration(s)
INFO  [17:32:34.650] [bbotk] Result of batch 10:
INFO  [17:32:34.650] [bbotk]  nrounds      eta max_depth classif.ce warnings errors runtime_learners
INFO  [17:32:34.650] [bbotk]      190 0.204824         7 0.01316202        0      0            0.063
INFO  [17:32:34.650] [bbotk]                                 uhash
INFO  [17:32:34.650] [bbotk]  23b1082a-7c98-4cf2-9122-a4dc2ef02060
INFO  [17:32:34.658] [bbotk] Finished optimizing after 10 evaluation(s)
INFO  [17:32:34.659] [bbotk] Result:
INFO  [17:32:34.660] [bbotk]  nrounds       eta max_depth learner_param_vals  x_domain  classif.ce
INFO  [17:32:34.660] [bbotk]    <int>     <num>     <int>             <list>    <list>       <num>
INFO  [17:32:34.660] [bbotk]      205 0.2966565         2          <list[5]> <list[3]> 0.008093089

### [bt]: Job terminated successfully [batchtools job.id=3443]
### [bt]: Starting job [batchtools job.id=3444]
### [bt]: Generating problem instance for problem '6fbfe6520e3d949c' ...
### [bt]: Applying algorithm 'run_learner' on problem '6fbfe6520e3d949c' for job 3444 (seed = 3445) ...
INFO  [17:32:34.769] [mlr3] Applying learner 'classif.xgboost.tuned_calib.perfold_isotonic' on task 'banknote-authentication' (iter 4/10)
INFO  [17:32:34.799] [bbotk] Starting to optimize 3 parameter(s) with '<OptimizerBatchRandomSearch>' and '<TerminatorEvals> [n_evals=10, k=0]'
INFO  [17:32:34.822] [bbotk] Evaluating 1 configuration(s)
INFO  [17:32:34.960] [bbotk] Result of batch 1:
INFO  [17:32:34.961] [bbotk]  nrounds        eta max_depth classif.ce warnings errors runtime_learners
INFO  [17:32:34.961] [bbotk]      205 0.04215719         5 0.01011943        0      0            0.107
INFO  [17:32:34.961] [bbotk]                                 uhash
INFO  [17:32:34.961] [bbotk]  f755bf16-6e50-4629-a2b9-664e87b81093
INFO  [17:32:34.979] [bbotk] Evaluating 1 configuration(s)
INFO  [17:32:35.151] [bbotk] Result of batch 2:
INFO  [17:32:35.152] [bbotk]  nrounds        eta max_depth classif.ce warnings errors runtime_learners
INFO  [17:32:35.152] [bbotk]      292 0.02964804         5 0.01011943        0      0            0.146
INFO  [17:32:35.152] [bbotk]                                 uhash
INFO  [17:32:35.152] [bbotk]  ece879e0-4bac-4746-8780-80c62a78c2c9
INFO  [17:32:35.156] [bbotk] Evaluating 1 configuration(s)
INFO  [17:32:35.218] [bbotk] Result of batch 3:
INFO  [17:32:35.219] [bbotk]  nrounds       eta max_depth classif.ce warnings errors runtime_learners
INFO  [17:32:35.219] [bbotk]       74 0.2090133         4 0.00910933        0      0            0.038
INFO  [17:32:35.219] [bbotk]                                 uhash
INFO  [17:32:35.219] [bbotk]  0af60f71-8808-48d6-ac48-9ff483a10006
INFO  [17:32:35.223] [bbotk] Evaluating 1 configuration(s)
INFO  [17:32:35.303] [bbotk] Result of batch 4:
INFO  [17:32:35.304] [bbotk]  nrounds      eta max_depth classif.ce warnings errors runtime_learners
INFO  [17:32:35.304] [bbotk]      152 0.244077         4 0.01011943        0      0            0.054
INFO  [17:32:35.304] [bbotk]                                 uhash
INFO  [17:32:35.304] [bbotk]  91153012-db4e-4c24-9b08-e2ddf198cdff
INFO  [17:32:35.308] [bbotk] Evaluating 1 configuration(s)
INFO  [17:32:35.396] [bbotk] Result of batch 5:
INFO  [17:32:35.397] [bbotk]  nrounds       eta max_depth  classif.ce warnings errors runtime_learners
INFO  [17:32:35.397] [bbotk]      222 0.2814422         2 0.008099229        0      0            0.061
INFO  [17:32:35.397] [bbotk]                                 uhash
INFO  [17:32:35.397] [bbotk]  2446f637-19fa-4feb-bca2-64e7336aa6b5
INFO  [17:32:35.401] [bbotk] Evaluating 1 configuration(s)
INFO  [17:32:35.473] [bbotk] Result of batch 6:
INFO  [17:32:35.474] [bbotk]  nrounds       eta max_depth  classif.ce warnings errors runtime_learners
INFO  [17:32:35.474] [bbotk]      114 0.2413754         5 0.008096159        0      0            0.045
INFO  [17:32:35.474] [bbotk]                                 uhash
INFO  [17:32:35.474] [bbotk]  0fe3b8a3-8217-4204-a703-f0402b02b777
INFO  [17:32:35.478] [bbotk] Evaluating 1 configuration(s)
INFO  [17:32:35.667] [bbotk] Result of batch 7:
INFO  [17:32:35.668] [bbotk]  nrounds        eta max_depth classif.ce warnings errors runtime_learners
INFO  [17:32:35.668] [bbotk]      230 0.02085545         7 0.01214577        0      0            0.155
INFO  [17:32:35.668] [bbotk]                                 uhash
INFO  [17:32:35.668] [bbotk]  22b6c025-e6b2-41db-95c9-96c84c3bca24
INFO  [17:32:35.672] [bbotk] Evaluating 1 configuration(s)
INFO  [17:32:35.756] [bbotk] Result of batch 8:
INFO  [17:32:35.756] [bbotk]  nrounds       eta max_depth classif.ce warnings errors runtime_learners
INFO  [17:32:35.756] [bbotk]      107 0.1216001         3 0.01112953        0      0            0.054
INFO  [17:32:35.756] [bbotk]                                 uhash
INFO  [17:32:35.756] [bbotk]  36644810-3171-4186-a152-224cfe025007
INFO  [17:32:35.760] [bbotk] Evaluating 1 configuration(s)
INFO  [17:32:35.830] [bbotk] Result of batch 9:
INFO  [17:32:35.832] [bbotk]  nrounds       eta max_depth  classif.ce warnings errors runtime_learners
INFO  [17:32:35.832] [bbotk]       90 0.1885306         9 0.008096159        0      0            0.045
INFO  [17:32:35.832] [bbotk]                                 uhash
INFO  [17:32:35.832] [bbotk]  7b389865-43f5-4cc2-9fc1-46744bc5785e
INFO  [17:32:35.837] [bbotk] Evaluating 1 configuration(s)
INFO  [17:32:35.946] [bbotk] Result of batch 10:
INFO  [17:32:35.946] [bbotk]  nrounds       eta max_depth classif.ce warnings errors runtime_learners
INFO  [17:32:35.946] [bbotk]      292 0.2447315         4 0.00910933        0      0            0.082
INFO  [17:32:35.946] [bbotk]                                 uhash
INFO  [17:32:35.946] [bbotk]  beac61b1-c16e-4678-8e6d-fdcad9c57ca3
INFO  [17:32:35.954] [bbotk] Finished optimizing after 10 evaluation(s)
INFO  [17:32:35.954] [bbotk] Result:
INFO  [17:32:35.955] [bbotk]  nrounds       eta max_depth learner_param_vals  x_domain  classif.ce
INFO  [17:32:35.955] [bbotk]    <int>     <num>     <int>             <list>    <list>       <num>
INFO  [17:32:35.955] [bbotk]      114 0.2413754         5          <list[5]> <list[3]> 0.008096159
INFO  [17:32:36.005] [bbotk] Starting to optimize 3 parameter(s) with '<OptimizerBatchRandomSearch>' and '<TerminatorEvals> [n_evals=10, k=0]'
INFO  [17:32:36.016] [bbotk] Evaluating 1 configuration(s)
INFO  [17:32:36.137] [bbotk] Result of batch 1:
INFO  [17:32:36.138] [bbotk]  nrounds        eta max_depth classif.ce warnings errors runtime_learners
INFO  [17:32:36.138] [bbotk]      270 0.09267772         4 0.01011636        0      0            0.094
INFO  [17:32:36.138] [bbotk]                                 uhash
INFO  [17:32:36.138] [bbotk]  9e28d089-f371-49a6-be57-040d73df0ee3
INFO  [17:32:36.143] [bbotk] Evaluating 1 configuration(s)
INFO  [17:32:36.250] [bbotk] Result of batch 2:
INFO  [17:32:36.251] [bbotk]  nrounds       eta max_depth classif.ce warnings errors runtime_learners
INFO  [17:32:36.251] [bbotk]      263 0.2814629         9 0.01011636        0      0            0.077
INFO  [17:32:36.251] [bbotk]                                 uhash
INFO  [17:32:36.251] [bbotk]  f8c07a31-42c8-44f2-a30c-33877110fd35
INFO  [17:32:36.255] [bbotk] Evaluating 1 configuration(s)
INFO  [17:32:36.354] [bbotk] Result of batch 3:
INFO  [17:32:36.355] [bbotk]  nrounds       eta max_depth classif.ce warnings errors runtime_learners
INFO  [17:32:36.355] [bbotk]      148 0.2550707         8 0.01011636        0      0            0.069
INFO  [17:32:36.355] [bbotk]                                 uhash
INFO  [17:32:36.355] [bbotk]  8fc5cc15-f642-421e-8ccb-fa47a71252e6
INFO  [17:32:36.360] [bbotk] Evaluating 1 configuration(s)
INFO  [17:32:36.464] [bbotk] Result of batch 4:
INFO  [17:32:36.465] [bbotk]  nrounds       eta max_depth  classif.ce warnings errors runtime_learners
INFO  [17:32:36.465] [bbotk]      261 0.2869141         4 0.007079918        0      0            0.077
INFO  [17:32:36.465] [bbotk]                                 uhash
INFO  [17:32:36.465] [bbotk]  7843c26e-f8e2-4e78-b217-249b070c79e7
INFO  [17:32:36.469] [bbotk] Evaluating 1 configuration(s)
INFO  [17:32:36.557] [bbotk] Result of batch 5:
INFO  [17:32:36.559] [bbotk]  nrounds       eta max_depth  classif.ce warnings errors runtime_learners
INFO  [17:32:36.559] [bbotk]      196 0.2299538         2 0.005053575        0      0            0.061
INFO  [17:32:36.559] [bbotk]                                 uhash
INFO  [17:32:36.559] [bbotk]  2f166aa0-f027-460f-891d-2356d38f1e2b
INFO  [17:32:36.564] [bbotk] Evaluating 1 configuration(s)
INFO  [17:32:36.671] [bbotk] Result of batch 6:
INFO  [17:32:36.672] [bbotk]  nrounds       eta max_depth  classif.ce warnings errors runtime_learners
INFO  [17:32:36.672] [bbotk]      279 0.1987085         3 0.007079918        0      0            0.083
INFO  [17:32:36.672] [bbotk]                                 uhash
INFO  [17:32:36.672] [bbotk]  fe620d16-6e0f-4a32-b99d-ab243f6ace31
INFO  [17:32:36.677] [bbotk] Evaluating 1 configuration(s)
INFO  [17:32:36.740] [bbotk] Result of batch 7:
INFO  [17:32:36.742] [bbotk]  nrounds       eta max_depth classif.ce warnings errors runtime_learners
INFO  [17:32:36.742] [bbotk]       54 0.1617174        10  0.0121427        0      0            0.037
INFO  [17:32:36.742] [bbotk]                                 uhash
INFO  [17:32:36.742] [bbotk]  7a8889f8-2bc7-4a9e-8ed8-44f13eb5dc55
INFO  [17:32:36.747] [bbotk] Evaluating 1 configuration(s)
INFO  [17:32:36.839] [bbotk] Result of batch 8:
INFO  [17:32:36.840] [bbotk]  nrounds       eta max_depth  classif.ce warnings errors runtime_learners
INFO  [17:32:36.840] [bbotk]      165 0.1473922         3 0.007079918        0      0            0.064
INFO  [17:32:36.840] [bbotk]                                 uhash
INFO  [17:32:36.840] [bbotk]  fb741c23-1737-477a-b0f1-9490cf0cd753
INFO  [17:32:36.844] [bbotk] Evaluating 1 configuration(s)
INFO  [17:32:37.094] [bbotk] Result of batch 9:
INFO  [17:32:37.096] [bbotk]  nrounds        eta max_depth classif.ce warnings errors runtime_learners
INFO  [17:32:37.096] [bbotk]      218 0.01909336         7  0.0131528        0      0            0.133
INFO  [17:32:37.096] [bbotk]                                 uhash
INFO  [17:32:37.096] [bbotk]  fc490ff9-debd-4c6a-b895-910d218b102a
INFO  [17:32:37.104] [bbotk] Evaluating 1 configuration(s)
INFO  [17:32:37.184] [bbotk] Result of batch 10:
INFO  [17:32:37.185] [bbotk]  nrounds       eta max_depth  classif.ce warnings errors runtime_learners
INFO  [17:32:37.185] [bbotk]      119 0.2273568         2 0.006063676        0      0            0.043
INFO  [17:32:37.185] [bbotk]                                 uhash
INFO  [17:32:37.185] [bbotk]  34f42c8d-ed60-42c3-bafd-df9151c5d82a
INFO  [17:32:37.193] [bbotk] Finished optimizing after 10 evaluation(s)
INFO  [17:32:37.193] [bbotk] Result:
INFO  [17:32:37.194] [bbotk]  nrounds       eta max_depth learner_param_vals  x_domain  classif.ce
INFO  [17:32:37.194] [bbotk]    <int>     <num>     <int>             <list>    <list>       <num>
INFO  [17:32:37.194] [bbotk]      196 0.2299538         2          <list[5]> <list[3]> 0.005053575
INFO  [17:32:37.248] [bbotk] Starting to optimize 3 parameter(s) with '<OptimizerBatchRandomSearch>' and '<TerminatorEvals> [n_evals=10, k=0]'
INFO  [17:32:37.258] [bbotk] Evaluating 1 configuration(s)
INFO  [17:32:37.336] [bbotk] Result of batch 1:
INFO  [17:32:37.337] [bbotk]  nrounds       eta max_depth  classif.ce warnings errors runtime_learners
INFO  [17:32:37.337] [bbotk]      136 0.2947011         8 0.004046544        0      0            0.048
INFO  [17:32:37.337] [bbotk]                                 uhash
INFO  [17:32:37.337] [bbotk]  34d43a27-c917-4cb9-a368-536667e5f273
INFO  [17:32:37.341] [bbotk] Evaluating 1 configuration(s)
INFO  [17:32:37.448] [bbotk] Result of batch 2:
INFO  [17:32:37.449] [bbotk]  nrounds       eta max_depth  classif.ce warnings errors runtime_learners
INFO  [17:32:37.449] [bbotk]      206 0.1438946         6 0.004046544        0      0             0.08
INFO  [17:32:37.449] [bbotk]                                 uhash
INFO  [17:32:37.449] [bbotk]  71d44932-6256-41c0-a51a-5195077f23ee
INFO  [17:32:37.453] [bbotk] Evaluating 1 configuration(s)
INFO  [17:32:37.571] [bbotk] Result of batch 3:
INFO  [17:32:37.572] [bbotk]  nrounds        eta max_depth classif.ce warnings errors runtime_learners
INFO  [17:32:37.572] [bbotk]      128 0.02765249        10 0.00910933        0      0            0.088
INFO  [17:32:37.572] [bbotk]                                 uhash
INFO  [17:32:37.572] [bbotk]  1180f1cb-06eb-46d3-86a4-6c73d4ca96c4
INFO  [17:32:37.576] [bbotk] Evaluating 1 configuration(s)
INFO  [17:32:37.668] [bbotk] Result of batch 4:
INFO  [17:32:37.669] [bbotk]  nrounds       eta max_depth  classif.ce warnings errors runtime_learners
INFO  [17:32:37.669] [bbotk]      195 0.2845413         9 0.004046544        0      0            0.064
INFO  [17:32:37.669] [bbotk]                                 uhash
INFO  [17:32:37.669] [bbotk]  b8a81e59-a4e8-4b10-b7b0-3d36ae5ce5c3
INFO  [17:32:37.673] [bbotk] Evaluating 1 configuration(s)
INFO  [17:32:37.746] [bbotk] Result of batch 5:
INFO  [17:32:37.747] [bbotk]  nrounds       eta max_depth  classif.ce warnings errors runtime_learners
INFO  [17:32:37.747] [bbotk]       95 0.1929562         6 0.005059716        0      0            0.046
INFO  [17:32:37.747] [bbotk]                                 uhash
INFO  [17:32:37.747] [bbotk]  a8dd9ada-5772-48a4-8062-e6dd495f0ecb
INFO  [17:32:37.751] [bbotk] Evaluating 1 configuration(s)
INFO  [17:32:37.858] [bbotk] Result of batch 6:
INFO  [17:32:37.859] [bbotk]  nrounds       eta max_depth  classif.ce warnings errors runtime_learners
INFO  [17:32:37.859] [bbotk]      133 0.1816294         9 0.005059716        0      0            0.075
INFO  [17:32:37.859] [bbotk]                                 uhash
INFO  [17:32:37.859] [bbotk]  f7dd56f3-aeb6-49ca-9649-27511fac1c58
INFO  [17:32:37.863] [bbotk] Evaluating 1 configuration(s)
INFO  [17:32:37.956] [bbotk] Result of batch 7:
INFO  [17:32:37.957] [bbotk]  nrounds       eta max_depth  classif.ce warnings errors runtime_learners
INFO  [17:32:37.957] [bbotk]      175 0.1893175         6 0.004046544        0      0            0.064
INFO  [17:32:37.957] [bbotk]                                 uhash
INFO  [17:32:37.957] [bbotk]  f946a64e-e643-448b-8268-c0bebde458cc
INFO  [17:32:37.961] [bbotk] Evaluating 1 configuration(s)
INFO  [17:32:38.053] [bbotk] Result of batch 8:
INFO  [17:32:38.054] [bbotk]  nrounds       eta max_depth  classif.ce warnings errors runtime_learners
INFO  [17:32:38.054] [bbotk]      177 0.2201863         9 0.004046544        0      0            0.065
INFO  [17:32:38.054] [bbotk]                                 uhash
INFO  [17:32:38.054] [bbotk]  a0d8e5bd-0992-4cde-bc51-efb8024d3628
INFO  [17:32:38.058] [bbotk] Evaluating 1 configuration(s)
INFO  [17:32:38.221] [bbotk] Result of batch 9:
INFO  [17:32:38.222] [bbotk]  nrounds        eta max_depth  classif.ce warnings errors runtime_learners
INFO  [17:32:38.222] [bbotk]      238 0.03258674         6 0.004046544        0      0            0.134
INFO  [17:32:38.222] [bbotk]                                 uhash
INFO  [17:32:38.222] [bbotk]  01ce47e9-e557-48d6-b542-8577d4c5a036
INFO  [17:32:38.225] [bbotk] Evaluating 1 configuration(s)
INFO  [17:32:38.375] [bbotk] Result of batch 10:
INFO  [17:32:38.376] [bbotk]  nrounds        eta max_depth  classif.ce warnings errors runtime_learners
INFO  [17:32:38.376] [bbotk]      295 0.05510343         4 0.006072887        0      0            0.118
INFO  [17:32:38.376] [bbotk]                                 uhash
INFO  [17:32:38.376] [bbotk]  e672680b-55a9-4481-9a39-4546f84d8387
INFO  [17:32:38.384] [bbotk] Finished optimizing after 10 evaluation(s)
INFO  [17:32:38.384] [bbotk] Result:
INFO  [17:32:38.385] [bbotk]  nrounds       eta max_depth learner_param_vals  x_domain  classif.ce
INFO  [17:32:38.385] [bbotk]    <int>     <num>     <int>             <list>    <list>       <num>
INFO  [17:32:38.385] [bbotk]      136 0.2947011         8          <list[5]> <list[3]> 0.004046544
INFO  [17:32:38.437] [bbotk] Starting to optimize 3 parameter(s) with '<OptimizerBatchRandomSearch>' and '<TerminatorEvals> [n_evals=10, k=0]'
INFO  [17:32:38.449] [bbotk] Evaluating 1 configuration(s)
INFO  [17:32:38.553] [bbotk] Result of batch 1:
INFO  [17:32:38.553] [bbotk]  nrounds       eta max_depth  classif.ce warnings errors runtime_learners
INFO  [17:32:38.553] [bbotk]      214 0.1459861         8 0.005062786        0      0            0.076
INFO  [17:32:38.553] [bbotk]                                 uhash
INFO  [17:32:38.553] [bbotk]  4db70db7-3908-480c-98a5-29e2aace2f60
INFO  [17:32:38.565] [bbotk] Evaluating 1 configuration(s)
INFO  [17:32:38.707] [bbotk] Result of batch 2:
INFO  [17:32:38.708] [bbotk]  nrounds        eta max_depth  classif.ce warnings errors runtime_learners
INFO  [17:32:38.708] [bbotk]      251 0.09135332         7 0.005062786        0      0            0.107
INFO  [17:32:38.708] [bbotk]                                 uhash
INFO  [17:32:38.708] [bbotk]  daab4122-7644-4784-80bb-d6d86d0cc0ff
INFO  [17:32:38.713] [bbotk] Evaluating 1 configuration(s)
INFO  [17:32:38.814] [bbotk] Result of batch 3:
INFO  [17:32:38.815] [bbotk]  nrounds     eta max_depth  classif.ce warnings errors runtime_learners
INFO  [17:32:38.815] [bbotk]      251 0.22511         3 0.002026342        0      0            0.076
INFO  [17:32:38.815] [bbotk]                                 uhash
INFO  [17:32:38.815] [bbotk]  c03d5d94-cf08-4833-8234-32c6953d5a6f
INFO  [17:32:38.820] [bbotk] Evaluating 1 configuration(s)
INFO  [17:32:38.911] [bbotk] Result of batch 4:
INFO  [17:32:38.912] [bbotk]  nrounds       eta max_depth  classif.ce warnings errors runtime_learners
INFO  [17:32:38.912] [bbotk]      180 0.1910527         7 0.005062786        0      0            0.065
INFO  [17:32:38.912] [bbotk]                                 uhash
INFO  [17:32:38.912] [bbotk]  a06834c2-7aa3-465d-af8a-8294bfa1da26
INFO  [17:32:38.916] [bbotk] Evaluating 1 configuration(s)
INFO  [17:32:39.021] [bbotk] Result of batch 5:
INFO  [17:32:39.022] [bbotk]  nrounds       eta max_depth  classif.ce warnings errors runtime_learners
INFO  [17:32:39.022] [bbotk]      256 0.2373324         6 0.006075957        0      0            0.077
INFO  [17:32:39.022] [bbotk]                                 uhash
INFO  [17:32:39.022] [bbotk]  cfba0193-d6a0-48f0-b79c-4d9eaa6d1019
INFO  [17:32:39.028] [bbotk] Evaluating 1 configuration(s)
INFO  [17:32:39.138] [bbotk] Result of batch 6:
INFO  [17:32:39.140] [bbotk]  nrounds       eta max_depth  classif.ce warnings errors runtime_learners
INFO  [17:32:39.140] [bbotk]      103 0.1992096         4 0.005065856        0      0            0.068
INFO  [17:32:39.140] [bbotk]                                 uhash
INFO  [17:32:39.140] [bbotk]  934fe4ae-7cbd-422e-b2d7-ffe1da123ee8
INFO  [17:32:39.151] [bbotk] Evaluating 1 configuration(s)
INFO  [17:32:39.385] [bbotk] Result of batch 7:
INFO  [17:32:39.387] [bbotk]  nrounds        eta max_depth  classif.ce warnings errors runtime_learners
INFO  [17:32:39.387] [bbotk]      198 0.07224195         6 0.006075957        0      0            0.172
INFO  [17:32:39.387] [bbotk]                                 uhash
INFO  [17:32:39.387] [bbotk]  1000665b-7c62-4b9f-b2bd-c846323bccc7
INFO  [17:32:39.403] [bbotk] Evaluating 1 configuration(s)
INFO  [17:32:39.543] [bbotk] Result of batch 8:
INFO  [17:32:39.545] [bbotk]  nrounds       eta max_depth  classif.ce warnings errors runtime_learners
INFO  [17:32:39.545] [bbotk]       90 0.2685433         9 0.007089128        0      0            0.086
INFO  [17:32:39.545] [bbotk]                                 uhash
INFO  [17:32:39.545] [bbotk]  9c423eec-7402-410a-a8b3-6264964c48c6
INFO  [17:32:39.565] [bbotk] Evaluating 1 configuration(s)
INFO  [17:32:39.716] [bbotk] Result of batch 9:
INFO  [17:32:39.717] [bbotk]  nrounds       eta max_depth  classif.ce warnings errors runtime_learners
INFO  [17:32:39.717] [bbotk]      159 0.1365259         2 0.007082988        0      0            0.111
INFO  [17:32:39.717] [bbotk]                                 uhash
INFO  [17:32:39.717] [bbotk]  e2d34bab-9473-4196-a60f-124467dd398d
INFO  [17:32:39.726] [bbotk] Evaluating 1 configuration(s)
INFO  [17:32:39.929] [bbotk] Result of batch 10:
INFO  [17:32:39.930] [bbotk]  nrounds       eta max_depth  classif.ce warnings errors runtime_learners
INFO  [17:32:39.930] [bbotk]      213 0.1606439         8 0.007082988        0      0            0.157
INFO  [17:32:39.930] [bbotk]                                 uhash
INFO  [17:32:39.930] [bbotk]  a367a897-b875-4483-b8ec-cfccd6ec100f
INFO  [17:32:39.950] [bbotk] Finished optimizing after 10 evaluation(s)
INFO  [17:32:39.950] [bbotk] Result:
INFO  [17:32:39.951] [bbotk]  nrounds     eta max_depth learner_param_vals  x_domain  classif.ce
INFO  [17:32:39.951] [bbotk]    <int>   <num>     <int>             <list>    <list>       <num>
INFO  [17:32:39.951] [bbotk]      251 0.22511         3          <list[5]> <list[3]> 0.002026342
INFO  [17:32:40.057] [bbotk] Starting to optimize 3 parameter(s) with '<OptimizerBatchRandomSearch>' and '<TerminatorEvals> [n_evals=10, k=0]'
INFO  [17:32:40.089] [bbotk] Evaluating 1 configuration(s)
INFO  [17:32:40.284] [bbotk] Result of batch 1:
INFO  [17:32:40.285] [bbotk]  nrounds       eta max_depth  classif.ce warnings errors runtime_learners
INFO  [17:32:40.285] [bbotk]      266 0.1328131         4 0.004046544        0      0            0.153
INFO  [17:32:40.285] [bbotk]                                 uhash
INFO  [17:32:40.285] [bbotk]  01a80180-6da1-4215-a28d-f9549ace297a
INFO  [17:32:40.289] [bbotk] Evaluating 1 configuration(s)
INFO  [17:32:40.437] [bbotk] Result of batch 2:
INFO  [17:32:40.438] [bbotk]  nrounds      eta max_depth  classif.ce warnings errors runtime_learners
INFO  [17:32:40.438] [bbotk]       95 0.115287         6 0.008093089        0      0            0.094
INFO  [17:32:40.438] [bbotk]                                 uhash
INFO  [17:32:40.438] [bbotk]  2c463274-741a-4c85-8e3d-de3e3fe4b58d
INFO  [17:32:40.442] [bbotk] Evaluating 1 configuration(s)
INFO  [17:32:40.565] [bbotk] Result of batch 3:
INFO  [17:32:40.571] [bbotk]  nrounds       eta max_depth  classif.ce warnings errors runtime_learners
INFO  [17:32:40.571] [bbotk]      151 0.2689298        10 0.005059716        0      0            0.082
INFO  [17:32:40.571] [bbotk]                                 uhash
INFO  [17:32:40.571] [bbotk]  fce6a14c-dce8-4c1a-bcd0-c39dfba31bc8
INFO  [17:32:40.582] [bbotk] Evaluating 1 configuration(s)
INFO  [17:32:40.747] [bbotk] Result of batch 4:
INFO  [17:32:40.748] [bbotk]  nrounds        eta max_depth  classif.ce warnings errors runtime_learners
INFO  [17:32:40.748] [bbotk]      123 0.09522737         9 0.008093089        0      0            0.108
INFO  [17:32:40.748] [bbotk]                                 uhash
INFO  [17:32:40.748] [bbotk]  3411fd76-c947-4417-9f39-21766e5a8fa1
INFO  [17:32:40.752] [bbotk] Evaluating 1 configuration(s)
INFO  [17:32:40.940] [bbotk] Result of batch 5:
INFO  [17:32:40.943] [bbotk]  nrounds       eta max_depth  classif.ce warnings errors runtime_learners
INFO  [17:32:40.943] [bbotk]      136 0.2068756         2 0.005065856        0      0            0.087
INFO  [17:32:40.943] [bbotk]                                 uhash
INFO  [17:32:40.943] [bbotk]  00fa0871-fc9b-4a9f-ad63-695744588c43
INFO  [17:32:40.952] [bbotk] Evaluating 1 configuration(s)
INFO  [17:32:41.150] [bbotk] Result of batch 6:
INFO  [17:32:41.152] [bbotk]  nrounds       eta max_depth  classif.ce warnings errors runtime_learners
INFO  [17:32:41.152] [bbotk]      220 0.1189885         4 0.003033373        0      0            0.142
INFO  [17:32:41.152] [bbotk]                                 uhash
INFO  [17:32:41.152] [bbotk]  9d2addb8-0ac8-464f-9d08-c2c9d1961493
INFO  [17:32:41.167] [bbotk] Evaluating 1 configuration(s)
INFO  [17:32:41.305] [bbotk] Result of batch 7:
INFO  [17:32:41.306] [bbotk]  nrounds       eta max_depth  classif.ce warnings errors runtime_learners
INFO  [17:32:41.306] [bbotk]      156 0.1826766         2 0.004052685        0      0            0.097
INFO  [17:32:41.306] [bbotk]                                 uhash
INFO  [17:32:41.306] [bbotk]  0b2bfc34-83b8-4233-a0da-734b0beb9d4a
INFO  [17:32:41.310] [bbotk] Evaluating 1 configuration(s)
INFO  [17:32:41.432] [bbotk] Result of batch 8:
INFO  [17:32:41.434] [bbotk]  nrounds       eta max_depth  classif.ce warnings errors runtime_learners
INFO  [17:32:41.434] [bbotk]       96 0.2744092         8 0.004046544        0      0            0.087
INFO  [17:32:41.434] [bbotk]                                 uhash
INFO  [17:32:41.434] [bbotk]  c5be5ee5-8dd4-4920-93d3-b0a55cc784e7
INFO  [17:32:41.444] [bbotk] Evaluating 1 configuration(s)
INFO  [17:32:41.588] [bbotk] Result of batch 9:
INFO  [17:32:41.589] [bbotk]  nrounds       eta max_depth  classif.ce warnings errors runtime_learners
INFO  [17:32:41.589] [bbotk]      168 0.2564393         9 0.004046544        0      0            0.089
INFO  [17:32:41.589] [bbotk]                                 uhash
INFO  [17:32:41.589] [bbotk]  745651fb-2fc0-48f5-acfa-6c50265fe9d4
INFO  [17:32:41.597] [bbotk] Evaluating 1 configuration(s)
INFO  [17:32:41.836] [bbotk] Result of batch 10:
INFO  [17:32:41.837] [bbotk]  nrounds        eta max_depth  classif.ce warnings errors runtime_learners
INFO  [17:32:41.837] [bbotk]      294 0.09560102         9 0.004046544        0      0             0.18
INFO  [17:32:41.837] [bbotk]                                 uhash
INFO  [17:32:41.837] [bbotk]  bb7e0af8-8295-464d-92d6-6f2c405d92c6
INFO  [17:32:41.850] [bbotk] Finished optimizing after 10 evaluation(s)
INFO  [17:32:41.851] [bbotk] Result:
INFO  [17:32:41.852] [bbotk]  nrounds       eta max_depth learner_param_vals  x_domain  classif.ce
INFO  [17:32:41.852] [bbotk]    <int>     <num>     <int>             <list>    <list>       <num>
INFO  [17:32:41.852] [bbotk]      220 0.1189885         4          <list[5]> <list[3]> 0.003033373

### [bt]: Job terminated successfully [batchtools job.id=3444]
### [bt]: Starting job [batchtools job.id=3445]
### [bt]: Generating problem instance for problem '6fbfe6520e3d949c' ...
### [bt]: Applying algorithm 'run_learner' on problem '6fbfe6520e3d949c' for job 3445 (seed = 3446) ...
INFO  [17:32:42.156] [mlr3] Applying learner 'classif.xgboost.tuned_calib.perfold_isotonic' on task 'banknote-authentication' (iter 5/10)
INFO  [17:32:42.203] [bbotk] Starting to optimize 3 parameter(s) with '<OptimizerBatchRandomSearch>' and '<TerminatorEvals> [n_evals=10, k=0]'
INFO  [17:32:42.234] [bbotk] Evaluating 1 configuration(s)
INFO  [17:32:42.391] [bbotk] Result of batch 1:
INFO  [17:32:42.392] [bbotk]  nrounds       eta max_depth classif.ce warnings errors runtime_learners
INFO  [17:32:42.392] [bbotk]      126 0.1563523         4 0.01316509        0      0            0.103
INFO  [17:32:42.392] [bbotk]                                 uhash
INFO  [17:32:42.392] [bbotk]  e5266310-b5c4-4aa8-b2fb-0b885df36fca
INFO  [17:32:42.414] [bbotk] Evaluating 1 configuration(s)
INFO  [17:32:42.546] [bbotk] Result of batch 2:
INFO  [17:32:42.548] [bbotk]  nrounds       eta max_depth classif.ce warnings errors runtime_learners
INFO  [17:32:42.548] [bbotk]       53 0.1923807         4 0.02025114        0      0            0.058
INFO  [17:32:42.548] [bbotk]                                 uhash
INFO  [17:32:42.548] [bbotk]  1dedef95-7ceb-4f98-abaf-5f527aadf5ab
INFO  [17:32:42.566] [bbotk] Evaluating 1 configuration(s)
INFO  [17:32:42.692] [bbotk] Result of batch 3:
INFO  [17:32:42.694] [bbotk]  nrounds       eta max_depth classif.ce warnings errors runtime_learners
INFO  [17:32:42.694] [bbotk]      148 0.1974257        10 0.02024807        0      0            0.083
INFO  [17:32:42.694] [bbotk]                                 uhash
INFO  [17:32:42.694] [bbotk]  92c483d7-9d46-4825-91b7-7976d1a8960e
INFO  [17:32:42.702] [bbotk] Evaluating 1 configuration(s)
INFO  [17:32:42.904] [bbotk] Result of batch 4:
INFO  [17:32:42.905] [bbotk]  nrounds        eta max_depth classif.ce warnings errors runtime_learners
INFO  [17:32:42.905] [bbotk]      286 0.09885376         2 0.01011943        0      0            0.173
INFO  [17:32:42.905] [bbotk]                                 uhash
INFO  [17:32:42.905] [bbotk]  d01672f2-4ba7-4441-9b4a-87da03c072f8
INFO  [17:32:42.909] [bbotk] Evaluating 1 configuration(s)
INFO  [17:32:43.130] [bbotk] Result of batch 5:
INFO  [17:32:43.132] [bbotk]  nrounds       eta max_depth classif.ce warnings errors runtime_learners
INFO  [17:32:43.132] [bbotk]      255 0.1205134         8 0.01822787        0      0            0.167
INFO  [17:32:43.132] [bbotk]                                 uhash
INFO  [17:32:43.132] [bbotk]  22a4d7c2-78fe-40d5-bdb3-492ad867158c
INFO  [17:32:43.147] [bbotk] Evaluating 1 configuration(s)
INFO  [17:32:43.331] [bbotk] Result of batch 6:
INFO  [17:32:43.333] [bbotk]  nrounds      eta max_depth classif.ce warnings errors runtime_learners
INFO  [17:32:43.333] [bbotk]      182 0.257525         9 0.01923797        0      0            0.117
INFO  [17:32:43.333] [bbotk]                                 uhash
INFO  [17:32:43.333] [bbotk]  ab49a98c-d8b1-4386-808b-a8e9838a9f53
INFO  [17:32:43.346] [bbotk] Evaluating 1 configuration(s)
INFO  [17:32:43.485] [bbotk] Result of batch 7:
INFO  [17:32:43.486] [bbotk]  nrounds       eta max_depth  classif.ce warnings errors runtime_learners
INFO  [17:32:43.486] [bbotk]      133 0.2482526         2 0.006079027        0      0             0.09
INFO  [17:32:43.486] [bbotk]                                 uhash
INFO  [17:32:43.486] [bbotk]  4c365597-b5f7-49e3-8a98-5f337d255a36
INFO  [17:32:43.490] [bbotk] Evaluating 1 configuration(s)
INFO  [17:32:43.788] [bbotk] Result of batch 8:
INFO  [17:32:43.790] [bbotk]  nrounds        eta max_depth classif.ce warnings errors runtime_learners
INFO  [17:32:43.790] [bbotk]      224 0.03847391         6 0.02126431        0      0            0.233
INFO  [17:32:43.790] [bbotk]                                 uhash
INFO  [17:32:43.790] [bbotk]  5585db7d-75fd-456c-b8dc-dea6dccb6848
INFO  [17:32:43.796] [bbotk] Evaluating 1 configuration(s)
INFO  [17:32:43.892] [bbotk] Result of batch 9:
INFO  [17:32:43.895] [bbotk]  nrounds       eta max_depth classif.ce warnings errors runtime_learners
INFO  [17:32:43.895] [bbotk]       63 0.1797489         6 0.02227135        0      0            0.053
INFO  [17:32:43.895] [bbotk]                                 uhash
INFO  [17:32:43.895] [bbotk]  f58aed88-e46b-4cc3-b38a-b6bfc43f6b05
INFO  [17:32:43.911] [bbotk] Evaluating 1 configuration(s)
INFO  [17:32:44.077] [bbotk] Result of batch 10:
INFO  [17:32:44.079] [bbotk]  nrounds       eta max_depth classif.ce warnings errors runtime_learners
INFO  [17:32:44.079] [bbotk]      135 0.2336836         7 0.02025114        0      0             0.11
INFO  [17:32:44.079] [bbotk]                                 uhash
INFO  [17:32:44.079] [bbotk]  02672d37-0f5d-438f-a61e-e2d39690aee3
INFO  [17:32:44.093] [bbotk] Finished optimizing after 10 evaluation(s)
INFO  [17:32:44.093] [bbotk] Result:
INFO  [17:32:44.094] [bbotk]  nrounds       eta max_depth learner_param_vals  x_domain  classif.ce
INFO  [17:32:44.094] [bbotk]    <int>     <num>     <int>             <list>    <list>       <num>
INFO  [17:32:44.094] [bbotk]      133 0.2482526         2          <list[5]> <list[3]> 0.006079027
INFO  [17:32:44.203] [bbotk] Starting to optimize 3 parameter(s) with '<OptimizerBatchRandomSearch>' and '<TerminatorEvals> [n_evals=10, k=0]'
INFO  [17:32:44.222] [bbotk] Evaluating 1 configuration(s)
INFO  [17:32:44.503] [bbotk] Result of batch 1:
INFO  [17:32:44.504] [bbotk]  nrounds        eta max_depth  classif.ce warnings errors runtime_learners
INFO  [17:32:44.504] [bbotk]      247 0.04250148         6 0.006072887        0      0            0.226
INFO  [17:32:44.504] [bbotk]                                 uhash
INFO  [17:32:44.504] [bbotk]  e39a0bf1-7993-4bcf-9af6-b53549362443
INFO  [17:32:44.508] [bbotk] Evaluating 1 configuration(s)
INFO  [17:32:44.707] [bbotk] Result of batch 2:
INFO  [17:32:44.708] [bbotk]  nrounds      eta max_depth  classif.ce warnings errors runtime_learners
INFO  [17:32:44.708] [bbotk]      138 0.115183         9 0.005059716        0      0            0.126
INFO  [17:32:44.708] [bbotk]                                 uhash
INFO  [17:32:44.708] [bbotk]  43044bf9-260c-4a44-843c-0737c1853394
INFO  [17:32:44.713] [bbotk] Evaluating 1 configuration(s)
INFO  [17:32:44.865] [bbotk] Result of batch 3:
INFO  [17:32:44.866] [bbotk]  nrounds       eta max_depth  classif.ce warnings errors runtime_learners
INFO  [17:32:44.866] [bbotk]      118 0.2128152         9 0.006069817        0      0            0.091
INFO  [17:32:44.866] [bbotk]                                 uhash
INFO  [17:32:44.866] [bbotk]  8f82bf27-a9d9-4103-9999-87c65d499ab9
INFO  [17:32:44.871] [bbotk] Evaluating 1 configuration(s)
INFO  [17:32:45.022] [bbotk] Result of batch 4:
INFO  [17:32:45.023] [bbotk]  nrounds       eta max_depth  classif.ce warnings errors runtime_learners
INFO  [17:32:45.023] [bbotk]      185 0.1832836         5 0.006069817        0      0             0.11
INFO  [17:32:45.023] [bbotk]                                 uhash
INFO  [17:32:45.023] [bbotk]  739384c4-d18f-472a-a7c8-d552de48330a
INFO  [17:32:45.031] [bbotk] Evaluating 1 configuration(s)
INFO  [17:32:45.200] [bbotk] Result of batch 5:
INFO  [17:32:45.204] [bbotk]  nrounds       eta max_depth  classif.ce warnings errors runtime_learners
INFO  [17:32:45.204] [bbotk]       85 0.1013213        10 0.008099229        0      0            0.107
INFO  [17:32:45.204] [bbotk]                                 uhash
INFO  [17:32:45.204] [bbotk]  37cbc2cc-d379-4cac-adf7-12f214408b60
INFO  [17:32:45.214] [bbotk] Evaluating 1 configuration(s)
INFO  [17:32:45.388] [bbotk] Result of batch 6:
INFO  [17:32:45.389] [bbotk]  nrounds       eta max_depth  classif.ce warnings errors runtime_learners
INFO  [17:32:45.389] [bbotk]      214 0.2182565         6 0.006069817        0      0             0.12
INFO  [17:32:45.389] [bbotk]                                 uhash
INFO  [17:32:45.389] [bbotk]  cbb43d90-fd7c-49a8-9301-080c9df36e68
INFO  [17:32:45.393] [bbotk] Evaluating 1 configuration(s)
INFO  [17:32:45.525] [bbotk] Result of batch 7:
INFO  [17:32:45.527] [bbotk]  nrounds       eta max_depth  classif.ce warnings errors runtime_learners
INFO  [17:32:45.527] [bbotk]      107 0.2996515        10 0.006069817        0      0            0.086
INFO  [17:32:45.527] [bbotk]                                 uhash
INFO  [17:32:45.527] [bbotk]  aee0b94e-3454-42f3-ae5f-f223c70d01c1
INFO  [17:32:45.539] [bbotk] Evaluating 1 configuration(s)
INFO  [17:32:45.720] [bbotk] Result of batch 8:
INFO  [17:32:45.721] [bbotk]  nrounds       eta max_depth  classif.ce warnings errors runtime_learners
INFO  [17:32:45.721] [bbotk]      139 0.2351451         3 0.005059716        0      0            0.104
INFO  [17:32:45.721] [bbotk]                                 uhash
INFO  [17:32:45.721] [bbotk]  353336f0-6804-41f7-bffb-ce36a6a612cd
INFO  [17:32:45.725] [bbotk] Evaluating 1 configuration(s)
INFO  [17:32:45.942] [bbotk] Result of batch 9:
INFO  [17:32:45.944] [bbotk]  nrounds       eta max_depth  classif.ce warnings errors runtime_learners
INFO  [17:32:45.944] [bbotk]      240 0.2200105         6 0.007079918        0      0            0.131
INFO  [17:32:45.944] [bbotk]                                 uhash
INFO  [17:32:45.944] [bbotk]  9f2be62e-dda7-4c71-933b-e0027cbba9db
INFO  [17:32:45.951] [bbotk] Evaluating 1 configuration(s)
INFO  [17:32:46.102] [bbotk] Result of batch 10:
INFO  [17:32:46.103] [bbotk]  nrounds       eta max_depth  classif.ce warnings errors runtime_learners
INFO  [17:32:46.103] [bbotk]      214 0.1500513         6 0.006069817        0      0             0.11
INFO  [17:32:46.103] [bbotk]                                 uhash
INFO  [17:32:46.103] [bbotk]  a7652790-a5ef-4a74-9e0b-d5ed9898733b
INFO  [17:32:46.118] [bbotk] Finished optimizing after 10 evaluation(s)
INFO  [17:32:46.118] [bbotk] Result:
INFO  [17:32:46.119] [bbotk]  nrounds      eta max_depth learner_param_vals  x_domain  classif.ce
INFO  [17:32:46.119] [bbotk]    <int>    <num>     <int>             <list>    <list>       <num>
INFO  [17:32:46.119] [bbotk]      138 0.115183         9          <list[5]> <list[3]> 0.005059716
INFO  [17:32:46.209] [bbotk] Starting to optimize 3 parameter(s) with '<OptimizerBatchRandomSearch>' and '<TerminatorEvals> [n_evals=10, k=0]'
INFO  [17:32:46.224] [bbotk] Evaluating 1 configuration(s)
INFO  [17:32:46.339] [bbotk] Result of batch 1:
INFO  [17:32:46.340] [bbotk]  nrounds       eta max_depth classif.ce warnings errors runtime_learners
INFO  [17:32:46.340] [bbotk]       88 0.2837784         7 0.01011943        0      0            0.061
INFO  [17:32:46.340] [bbotk]                                 uhash
INFO  [17:32:46.340] [bbotk]  551ed096-4391-44dd-9e2a-133035451ef7
INFO  [17:32:46.345] [bbotk] Evaluating 1 configuration(s)
INFO  [17:32:46.510] [bbotk] Result of batch 2:
INFO  [17:32:46.512] [bbotk]  nrounds       eta max_depth  classif.ce warnings errors runtime_learners
INFO  [17:32:46.512] [bbotk]      287 0.2915627         6 0.008096159        0      0            0.125
INFO  [17:32:46.512] [bbotk]                                 uhash
INFO  [17:32:46.512] [bbotk]  573a75a3-1049-4f98-9f71-e94d33745c0d
INFO  [17:32:46.522] [bbotk] Evaluating 1 configuration(s)
INFO  [17:32:46.660] [bbotk] Result of batch 3:
INFO  [17:32:46.661] [bbotk]  nrounds       eta max_depth  classif.ce warnings errors runtime_learners
INFO  [17:32:46.661] [bbotk]      135 0.1919181         5 0.007086058        0      0            0.094
INFO  [17:32:46.661] [bbotk]                                 uhash
INFO  [17:32:46.661] [bbotk]  a08676b2-6528-41d7-a3d5-eb287a41aa3d
INFO  [17:32:46.665] [bbotk] Evaluating 1 configuration(s)
INFO  [17:32:46.812] [bbotk] Result of batch 4:
INFO  [17:32:46.812] [bbotk]  nrounds       eta max_depth  classif.ce warnings errors runtime_learners
INFO  [17:32:46.812] [bbotk]      212 0.2026635        10 0.007086058        0      0            0.095
INFO  [17:32:46.812] [bbotk]                                 uhash
INFO  [17:32:46.812] [bbotk]  3792eb16-a141-4086-9c04-814a627865e7
INFO  [17:32:46.816] [bbotk] Evaluating 1 configuration(s)
INFO  [17:32:46.980] [bbotk] Result of batch 5:
INFO  [17:32:46.982] [bbotk]  nrounds       eta max_depth classif.ce warnings errors runtime_learners
INFO  [17:32:46.982] [bbotk]       97 0.1004708         5 0.01011943        0      0            0.087
INFO  [17:32:46.982] [bbotk]                                 uhash
INFO  [17:32:46.982] [bbotk]  1703d5ac-6915-4f0a-9d10-6cf76699e7df
INFO  [17:32:46.986] [bbotk] Evaluating 1 configuration(s)
INFO  [17:32:47.177] [bbotk] Result of batch 6:
INFO  [17:32:47.178] [bbotk]  nrounds        eta max_depth classif.ce warnings errors runtime_learners
INFO  [17:32:47.178] [bbotk]      180 0.03832831         3 0.01011943        0      0            0.135
INFO  [17:32:47.178] [bbotk]                                 uhash
INFO  [17:32:47.178] [bbotk]  f235ac12-6f26-42bc-ae09-1468340dcb83
INFO  [17:32:47.182] [bbotk] Evaluating 1 configuration(s)
INFO  [17:32:47.292] [bbotk] Result of batch 7:
INFO  [17:32:47.293] [bbotk]  nrounds       eta max_depth classif.ce warnings errors runtime_learners
INFO  [17:32:47.293] [bbotk]       74 0.2653241        10 0.01011943        0      0            0.057
INFO  [17:32:47.293] [bbotk]                                 uhash
INFO  [17:32:47.293] [bbotk]  62d8db40-aec8-4a7b-a693-6a9e2d0359aa
INFO  [17:32:47.297] [bbotk] Evaluating 1 configuration(s)
INFO  [17:32:47.441] [bbotk] Result of batch 8:
INFO  [17:32:47.443] [bbotk]  nrounds       eta max_depth classif.ce warnings errors runtime_learners
INFO  [17:32:47.443] [bbotk]      225 0.2157928        10 0.00910626        0      0            0.101
INFO  [17:32:47.443] [bbotk]                                 uhash
INFO  [17:32:47.443] [bbotk]  e62d6d6a-7a6d-4274-a18f-10168136cb12
INFO  [17:32:47.450] [bbotk] Evaluating 1 configuration(s)
INFO  [17:32:47.610] [bbotk] Result of batch 9:
INFO  [17:32:47.611] [bbotk]  nrounds        eta max_depth classif.ce warnings errors runtime_learners
INFO  [17:32:47.611] [bbotk]      135 0.02640676         8 0.01518222        0      0             0.13
INFO  [17:32:47.611] [bbotk]                                 uhash
INFO  [17:32:47.611] [bbotk]  61572f9e-284e-4f16-9382-57f02d4f4388
INFO  [17:32:47.616] [bbotk] Evaluating 1 configuration(s)
INFO  [17:32:47.722] [bbotk] Result of batch 10:
INFO  [17:32:47.723] [bbotk]  nrounds       eta max_depth  classif.ce warnings errors runtime_learners
INFO  [17:32:47.723] [bbotk]      166 0.2556665         4 0.004049615        0      0            0.069
INFO  [17:32:47.723] [bbotk]                                 uhash
INFO  [17:32:47.723] [bbotk]  29f39727-2f41-4bb0-bb42-7ffda5c7461d
INFO  [17:32:47.742] [bbotk] Finished optimizing after 10 evaluation(s)
INFO  [17:32:47.743] [bbotk] Result:
INFO  [17:32:47.745] [bbotk]  nrounds       eta max_depth learner_param_vals  x_domain  classif.ce
INFO  [17:32:47.745] [bbotk]    <int>     <num>     <int>             <list>    <list>       <num>
INFO  [17:32:47.745] [bbotk]      166 0.2556665         4          <list[5]> <list[3]> 0.004049615
INFO  [17:32:47.842] [bbotk] Starting to optimize 3 parameter(s) with '<OptimizerBatchRandomSearch>' and '<TerminatorEvals> [n_evals=10, k=0]'
INFO  [17:32:47.861] [bbotk] Evaluating 1 configuration(s)
INFO  [17:32:48.030] [bbotk] Result of batch 1:
INFO  [17:32:48.031] [bbotk]  nrounds      eta max_depth  classif.ce warnings errors runtime_learners
INFO  [17:32:48.031] [bbotk]      152 0.113125         9 0.007092199        0      0            0.102
INFO  [17:32:48.031] [bbotk]                                 uhash
INFO  [17:32:48.031] [bbotk]  08c047d0-e17d-4d8a-a808-d10af52a9333
INFO  [17:32:48.039] [bbotk] Evaluating 1 configuration(s)
INFO  [17:32:48.188] [bbotk] Result of batch 2:
INFO  [17:32:48.190] [bbotk]  nrounds       eta max_depth  classif.ce warnings errors runtime_learners
INFO  [17:32:48.190] [bbotk]      178 0.1291085        10 0.007092199        0      0            0.102
INFO  [17:32:48.190] [bbotk]                                 uhash
INFO  [17:32:48.190] [bbotk]  f3533952-d03b-41fc-a334-830d4fafcada
INFO  [17:32:48.195] [bbotk] Evaluating 1 configuration(s)
INFO  [17:32:48.324] [bbotk] Result of batch 3:
INFO  [17:32:48.326] [bbotk]  nrounds       eta max_depth  classif.ce warnings errors runtime_learners
INFO  [17:32:48.326] [bbotk]      119 0.1154228         7 0.009115471        0      0             0.09
INFO  [17:32:48.326] [bbotk]                                 uhash
INFO  [17:32:48.326] [bbotk]  ed537b07-e0e3-4d6c-8f86-87e909a490aa
INFO  [17:32:48.330] [bbotk] Evaluating 1 configuration(s)
INFO  [17:32:48.486] [bbotk] Result of batch 4:
INFO  [17:32:48.488] [bbotk]  nrounds      eta max_depth  classif.ce warnings errors runtime_learners
INFO  [17:32:48.488] [bbotk]      266 0.214439         7 0.007092199        0      0            0.122
INFO  [17:32:48.488] [bbotk]                                 uhash
INFO  [17:32:48.488] [bbotk]  905e40d4-363e-4fc5-926a-45b36e4fca91
INFO  [17:32:48.495] [bbotk] Evaluating 1 configuration(s)
INFO  [17:32:48.647] [bbotk] Result of batch 5:
INFO  [17:32:48.649] [bbotk]  nrounds       eta max_depth  classif.ce warnings errors runtime_learners
INFO  [17:32:48.649] [bbotk]      154 0.2720394         7 0.007092199        0      0            0.096
INFO  [17:32:48.649] [bbotk]                                 uhash
INFO  [17:32:48.649] [bbotk]  e31e050b-1871-405d-af46-4ceb08e0ee4e
INFO  [17:32:48.654] [bbotk] Evaluating 1 configuration(s)
INFO  [17:32:48.831] [bbotk] Result of batch 6:
INFO  [17:32:48.832] [bbotk]  nrounds       eta max_depth classif.ce warnings errors runtime_learners
INFO  [17:32:48.832] [bbotk]      279 0.2596877         9  0.0081023        0      0            0.123
INFO  [17:32:48.832] [bbotk]                                 uhash
INFO  [17:32:48.832] [bbotk]  1cb048b2-5a59-43a8-a4f4-6b9f6900877f
INFO  [17:32:48.839] [bbotk] Evaluating 1 configuration(s)
INFO  [17:32:49.001] [bbotk] Result of batch 7:
INFO  [17:32:49.002] [bbotk]  nrounds       eta max_depth  classif.ce warnings errors runtime_learners
INFO  [17:32:49.002] [bbotk]      231 0.2914422         4 0.004052685        0      0            0.125
INFO  [17:32:49.002] [bbotk]                                 uhash
INFO  [17:32:49.002] [bbotk]  5d2ec2d6-faa5-47a5-a74b-6bc88fa88d65
INFO  [17:32:49.006] [bbotk] Evaluating 1 configuration(s)
INFO  [17:32:49.221] [bbotk] Result of batch 8:
INFO  [17:32:49.222] [bbotk]  nrounds        eta max_depth  classif.ce warnings errors runtime_learners
INFO  [17:32:49.222] [bbotk]      125 0.07425102        10 0.009115471        0      0             0.15
INFO  [17:32:49.222] [bbotk]                                 uhash
INFO  [17:32:49.222] [bbotk]  f0f31456-84ab-46b7-901d-1b8660b270a1
INFO  [17:32:49.228] [bbotk] Evaluating 1 configuration(s)
INFO  [17:32:49.413] [bbotk] Result of batch 9:
INFO  [17:32:49.414] [bbotk]  nrounds       eta max_depth  classif.ce warnings errors runtime_learners
INFO  [17:32:49.414] [bbotk]      251 0.1545419         4 0.003039514        0      0            0.141
INFO  [17:32:49.414] [bbotk]                                 uhash
INFO  [17:32:49.414] [bbotk]  c9c13140-6422-439c-9549-4019be59f09c
INFO  [17:32:49.419] [bbotk] Evaluating 1 configuration(s)
INFO  [17:32:49.563] [bbotk] Result of batch 10:
INFO  [17:32:49.564] [bbotk]  nrounds       eta max_depth  classif.ce warnings errors runtime_learners
INFO  [17:32:49.564] [bbotk]      163 0.1214654         7 0.007092199        0      0            0.107
INFO  [17:32:49.564] [bbotk]                                 uhash
INFO  [17:32:49.564] [bbotk]  8a24b12a-8c22-40f2-b578-ffaf0b054853
INFO  [17:32:49.573] [bbotk] Finished optimizing after 10 evaluation(s)
INFO  [17:32:49.573] [bbotk] Result:
INFO  [17:32:49.574] [bbotk]  nrounds       eta max_depth learner_param_vals  x_domain  classif.ce
INFO  [17:32:49.574] [bbotk]    <int>     <num>     <int>             <list>    <list>       <num>
INFO  [17:32:49.574] [bbotk]      251 0.1545419         4          <list[5]> <list[3]> 0.003039514
INFO  [17:32:49.684] [bbotk] Starting to optimize 3 parameter(s) with '<OptimizerBatchRandomSearch>' and '<TerminatorEvals> [n_evals=10, k=0]'
INFO  [17:32:49.703] [bbotk] Evaluating 1 configuration(s)
INFO  [17:32:49.852] [bbotk] Result of batch 1:
INFO  [17:32:49.853] [bbotk]  nrounds        eta max_depth classif.ce warnings errors runtime_learners
INFO  [17:32:49.853] [bbotk]      186 0.06468052         3 0.01011943        0      0            0.115
INFO  [17:32:49.853] [bbotk]                                 uhash
INFO  [17:32:49.853] [bbotk]  72f31287-2930-4566-9569-b9a2c9a04d5b
INFO  [17:32:49.857] [bbotk] Evaluating 1 configuration(s)
INFO  [17:32:49.948] [bbotk] Result of batch 2:
INFO  [17:32:49.950] [bbotk]  nrounds       eta max_depth  classif.ce warnings errors runtime_learners
INFO  [17:32:49.950] [bbotk]       66 0.2173222         3 0.007086058        0      0            0.048
INFO  [17:32:49.950] [bbotk]                                 uhash
INFO  [17:32:49.950] [bbotk]  49f6fedd-1867-42ff-a010-81193db550cf
INFO  [17:32:49.959] [bbotk] Evaluating 1 configuration(s)
INFO  [17:32:50.097] [bbotk] Result of batch 3:
INFO  [17:32:50.099] [bbotk]  nrounds       eta max_depth classif.ce warnings errors runtime_learners
INFO  [17:32:50.099] [bbotk]      181 0.2013002        10  0.0111326        0      0              0.1
INFO  [17:32:50.099] [bbotk]                                 uhash
INFO  [17:32:50.099] [bbotk]  5574dfef-fb4e-4d36-b7d0-735b3f378e35
INFO  [17:32:50.105] [bbotk] Evaluating 1 configuration(s)
INFO  [17:32:50.321] [bbotk] Result of batch 4:
INFO  [17:32:50.322] [bbotk]  nrounds       eta max_depth classif.ce warnings errors runtime_learners
INFO  [17:32:50.322] [bbotk]      283 0.1445944         2 0.01113567        0      0            0.157
INFO  [17:32:50.322] [bbotk]                                 uhash
INFO  [17:32:50.322] [bbotk]  a333db04-c175-46e3-a8d4-f76e773c8d79
INFO  [17:32:50.326] [bbotk] Evaluating 1 configuration(s)
INFO  [17:32:50.511] [bbotk] Result of batch 5:
INFO  [17:32:50.516] [bbotk]  nrounds        eta max_depth classif.ce warnings errors runtime_learners
INFO  [17:32:50.516] [bbotk]      204 0.07557664         6 0.01214577        0      0            0.144
INFO  [17:32:50.516] [bbotk]                                 uhash
INFO  [17:32:50.516] [bbotk]  7e96c22f-271b-4372-a4bf-a0dbf8a66f2c
INFO  [17:32:50.524] [bbotk] Evaluating 1 configuration(s)
INFO  [17:32:50.653] [bbotk] Result of batch 6:
INFO  [17:32:50.654] [bbotk]  nrounds        eta max_depth classif.ce warnings errors runtime_learners
INFO  [17:32:50.654] [bbotk]      129 0.03313388         2 0.03236929        0      0            0.077
INFO  [17:32:50.654] [bbotk]                                 uhash
INFO  [17:32:50.654] [bbotk]  a0e54852-5cec-4917-8071-d6b407c60462
INFO  [17:32:50.664] [bbotk] Evaluating 1 configuration(s)
INFO  [17:32:50.823] [bbotk] Result of batch 7:
INFO  [17:32:50.824] [bbotk]  nrounds       eta max_depth classif.ce warnings errors runtime_learners
INFO  [17:32:50.824] [bbotk]      270 0.2918534         2 0.01113567        0      0            0.112
INFO  [17:32:50.824] [bbotk]                                 uhash
INFO  [17:32:50.824] [bbotk]  c024b3e5-dc9f-4999-bf70-6761dc9345c0
INFO  [17:32:50.828] [bbotk] Evaluating 1 configuration(s)
INFO  [17:32:50.936] [bbotk] Result of batch 8:
INFO  [17:32:50.937] [bbotk]  nrounds       eta max_depth classif.ce warnings errors runtime_learners
INFO  [17:32:50.937] [bbotk]       56 0.2065335         7  0.0121427        0      0            0.052
INFO  [17:32:50.937] [bbotk]                                 uhash
INFO  [17:32:50.937] [bbotk]  785f54b0-5671-4a19-ab14-fbe95203912c
INFO  [17:32:50.941] [bbotk] Evaluating 1 configuration(s)
INFO  [17:32:51.093] [bbotk] Result of batch 9:
INFO  [17:32:51.094] [bbotk]  nrounds       eta max_depth classif.ce warnings errors runtime_learners
INFO  [17:32:51.094] [bbotk]      162 0.1039761         4  0.0111326        0      0            0.118
INFO  [17:32:51.094] [bbotk]                                 uhash
INFO  [17:32:51.094] [bbotk]  d2fb6663-2bb6-4920-9a98-fcba1bc8fee9
INFO  [17:32:51.098] [bbotk] Evaluating 1 configuration(s)
INFO  [17:32:51.225] [bbotk] Result of batch 10:
INFO  [17:32:51.226] [bbotk]  nrounds       eta max_depth classif.ce warnings errors runtime_learners
INFO  [17:32:51.226] [bbotk]      186 0.1233663         2 0.01113567        0      0            0.091
INFO  [17:32:51.226] [bbotk]                                 uhash
INFO  [17:32:51.226] [bbotk]  3c125343-07c7-402b-8355-d0d39f93f258
INFO  [17:32:51.237] [bbotk] Finished optimizing after 10 evaluation(s)
INFO  [17:32:51.238] [bbotk] Result:
INFO  [17:32:51.239] [bbotk]  nrounds       eta max_depth learner_param_vals  x_domain  classif.ce
INFO  [17:32:51.239] [bbotk]    <int>     <num>     <int>             <list>    <list>       <num>
INFO  [17:32:51.239] [bbotk]       66 0.2173222         3          <list[5]> <list[3]> 0.007086058

### [bt]: Job terminated successfully [batchtools job.id=3445]
### [bt]: Calculation finished!
