### [bt]: This is batchtools v0.9.17
### [bt]: Starting calculation of 5 jobs
### [bt]: Setting working directory to '/Users/User/Documents/Studium/Semester8/Hiwi/mlr3calibration/vignettes'
### [bt]: Memory measurement disabled
### [bt]: Starting job [batchtools job.id=1846]
### [bt]: Generating problem instance for problem '42e9f2146ba77696' ...
### [bt]: Applying algorithm 'run_learner' on problem '42e9f2146ba77696' for job 1846 (seed = 1847) ...
INFO  [17:01:57.981] [mlr3] Applying learner 'classif.xgboost.tuned_calib.oof_beta' on task 'kc1' (iter 6/10)
INFO  [17:01:58.034] [bbotk] Starting to optimize 3 parameter(s) with '<OptimizerBatchRandomSearch>' and '<TerminatorEvals> [n_evals=10, k=0]'
INFO  [17:01:58.060] [bbotk] Evaluating 1 configuration(s)
INFO  [17:01:58.921] [bbotk] Result of batch 1:
INFO  [17:01:58.924] [bbotk]  nrounds        eta max_depth classif.ce warnings errors runtime_learners
INFO  [17:01:58.924] [bbotk]      134 0.03112554        10  0.1449275        0      0            0.817
INFO  [17:01:58.924] [bbotk]                                 uhash
INFO  [17:01:58.924] [bbotk]  b94ff14d-7ebe-429b-aef0-1e6e82ac971f
INFO  [17:01:58.937] [bbotk] Evaluating 1 configuration(s)
INFO  [17:01:59.536] [bbotk] Result of batch 2:
INFO  [17:01:59.537] [bbotk]  nrounds        eta max_depth classif.ce warnings errors runtime_learners
INFO  [17:01:59.537] [bbotk]      124 0.06657392         6  0.1376812        0      0            0.539
INFO  [17:01:59.537] [bbotk]                                 uhash
INFO  [17:01:59.537] [bbotk]  b48d7bf6-407e-450e-8cce-3ae06e0698f0
INFO  [17:01:59.541] [bbotk] Evaluating 1 configuration(s)
INFO  [17:02:00.718] [bbotk] Result of batch 3:
INFO  [17:02:00.721] [bbotk]  nrounds       eta max_depth classif.ce warnings errors runtime_learners
INFO  [17:02:00.721] [bbotk]      238 0.2113152         7  0.1449275        0      0            1.132
INFO  [17:02:00.721] [bbotk]                                 uhash
INFO  [17:02:00.721] [bbotk]  1a413980-e6ee-49b1-a590-78bd8f66c3f4
INFO  [17:02:00.734] [bbotk] Evaluating 1 configuration(s)
INFO  [17:02:01.820] [bbotk] Result of batch 4:
INFO  [17:02:01.822] [bbotk]  nrounds       eta max_depth classif.ce warnings errors runtime_learners
INFO  [17:02:01.822] [bbotk]      279 0.2257278         6  0.1429513        0      0            1.049
INFO  [17:02:01.822] [bbotk]                                 uhash
INFO  [17:02:01.822] [bbotk]  9a8735b1-c44f-49f8-bfa0-26a094d5b799
INFO  [17:02:01.830] [bbotk] Evaluating 1 configuration(s)
INFO  [17:02:02.870] [bbotk] Result of batch 5:
INFO  [17:02:02.873] [bbotk]  nrounds       eta max_depth classif.ce warnings errors runtime_learners
INFO  [17:02:02.873] [bbotk]      231 0.1825986         8  0.1462451        0      0            1.005
INFO  [17:02:02.873] [bbotk]                                 uhash
INFO  [17:02:02.873] [bbotk]  62eeb8f6-6031-4c38-9e46-7859381e06b9
INFO  [17:02:02.882] [bbotk] Evaluating 1 configuration(s)
INFO  [17:02:03.749] [bbotk] Result of batch 6:
INFO  [17:02:03.751] [bbotk]  nrounds        eta max_depth classif.ce warnings errors runtime_learners
INFO  [17:02:03.751] [bbotk]      197 0.04950456         7  0.1383399        0      0            0.828
INFO  [17:02:03.751] [bbotk]                                 uhash
INFO  [17:02:03.751] [bbotk]  aaaf340b-09fc-4dc7-8a0d-5f5ae0146b0d
INFO  [17:02:03.759] [bbotk] Evaluating 1 configuration(s)
INFO  [17:02:04.285] [bbotk] Result of batch 7:
INFO  [17:02:04.286] [bbotk]  nrounds       eta max_depth classif.ce warnings errors runtime_learners
INFO  [17:02:04.286] [bbotk]      123 0.2335572         6  0.1376812        0      0             0.48
INFO  [17:02:04.286] [bbotk]                                 uhash
INFO  [17:02:04.286] [bbotk]  c0eb4291-b962-4f63-840e-5b31c70b1489
INFO  [17:02:04.293] [bbotk] Evaluating 1 configuration(s)
INFO  [17:02:04.626] [bbotk] Result of batch 8:
INFO  [17:02:04.629] [bbotk]  nrounds       eta max_depth classif.ce warnings errors runtime_learners
INFO  [17:02:04.629] [bbotk]      104 0.0556543         4  0.1389987        0      0            0.292
INFO  [17:02:04.629] [bbotk]                                 uhash
INFO  [17:02:04.629] [bbotk]  ca088459-94a5-43e0-9756-a9cbba0dbd72
INFO  [17:02:04.640] [bbotk] Evaluating 1 configuration(s)
INFO  [17:02:05.020] [bbotk] Result of batch 9:
INFO  [17:02:05.022] [bbotk]  nrounds       eta max_depth classif.ce warnings errors runtime_learners
INFO  [17:02:05.022] [bbotk]       77 0.1092269         6    0.14361        0      0            0.335
INFO  [17:02:05.022] [bbotk]                                 uhash
INFO  [17:02:05.022] [bbotk]  fd4271eb-1c21-42e6-b17e-253c4e986096
INFO  [17:02:05.029] [bbotk] Evaluating 1 configuration(s)
INFO  [17:02:05.462] [bbotk] Result of batch 10:
INFO  [17:02:05.463] [bbotk]  nrounds       eta max_depth classif.ce warnings errors runtime_learners
INFO  [17:02:05.463] [bbotk]       78 0.2954917         8  0.1416337        0      0            0.387
INFO  [17:02:05.463] [bbotk]                                 uhash
INFO  [17:02:05.463] [bbotk]  280aaa2a-d2b1-4d80-8137-1b9b319d4adb
INFO  [17:02:05.477] [bbotk] Finished optimizing after 10 evaluation(s)
INFO  [17:02:05.477] [bbotk] Result:
INFO  [17:02:05.478] [bbotk]  nrounds        eta max_depth learner_param_vals  x_domain classif.ce
INFO  [17:02:05.478] [bbotk]    <int>      <num>     <int>             <list>    <list>      <num>
INFO  [17:02:05.478] [bbotk]      124 0.06657392         6          <list[5]> <list[3]>  0.1376812
INFO  [17:02:05.782] [bbotk] Starting to optimize 3 parameter(s) with '<OptimizerBatchRandomSearch>' and '<TerminatorEvals> [n_evals=10, k=0]'
INFO  [17:02:05.800] [bbotk] Evaluating 1 configuration(s)
INFO  [17:02:06.761] [bbotk] Result of batch 1:
INFO  [17:02:06.762] [bbotk]  nrounds      eta max_depth classif.ce warnings errors runtime_learners
INFO  [17:02:06.762] [bbotk]      284 0.286785         5  0.1462451        0      0            0.914
INFO  [17:02:06.762] [bbotk]                                 uhash
INFO  [17:02:06.762] [bbotk]  c93e03d7-bba4-4bb4-8d1d-563bd842ced2
INFO  [17:02:06.770] [bbotk] Evaluating 1 configuration(s)
INFO  [17:02:08.085] [bbotk] Result of batch 2:
INFO  [17:02:08.087] [bbotk]  nrounds        eta max_depth classif.ce warnings errors runtime_learners
INFO  [17:02:08.087] [bbotk]      203 0.01373903        10  0.1403162        0      0            1.261
INFO  [17:02:08.087] [bbotk]                                 uhash
INFO  [17:02:08.087] [bbotk]  fcd5de4d-49a8-410d-83fe-25603e93dc34
INFO  [17:02:08.099] [bbotk] Evaluating 1 configuration(s)
INFO  [17:02:08.996] [bbotk] Result of batch 3:
INFO  [17:02:08.997] [bbotk]  nrounds      eta max_depth classif.ce warnings errors runtime_learners
INFO  [17:02:08.997] [bbotk]      182 0.100563         7  0.1442688        0      0            0.859
INFO  [17:02:08.997] [bbotk]                                 uhash
INFO  [17:02:08.997] [bbotk]  a7f94ffa-4f35-4e54-97a3-b655dc761f74
INFO  [17:02:09.001] [bbotk] Evaluating 1 configuration(s)
INFO  [17:02:09.335] [bbotk] Result of batch 4:
INFO  [17:02:09.337] [bbotk]  nrounds       eta max_depth classif.ce warnings errors runtime_learners
INFO  [17:02:09.337] [bbotk]      138 0.1360176         3  0.1442688        0      0            0.294
INFO  [17:02:09.337] [bbotk]                                 uhash
INFO  [17:02:09.337] [bbotk]  602c5cf5-7db5-4a5f-9353-19571d2b09d2
INFO  [17:02:09.344] [bbotk] Evaluating 1 configuration(s)
INFO  [17:02:10.169] [bbotk] Result of batch 5:
INFO  [17:02:10.170] [bbotk]  nrounds       eta max_depth classif.ce warnings errors runtime_learners
INFO  [17:02:10.170] [bbotk]      177 0.1962723         7  0.1475626        0      0            0.782
INFO  [17:02:10.170] [bbotk]                                 uhash
INFO  [17:02:10.170] [bbotk]  ca702c9f-96c1-42ee-94af-2c4390de779e
INFO  [17:02:10.175] [bbotk] Evaluating 1 configuration(s)
INFO  [17:02:10.685] [bbotk] Result of batch 6:
INFO  [17:02:10.687] [bbotk]  nrounds       eta max_depth classif.ce warnings errors runtime_learners
INFO  [17:02:10.687] [bbotk]       81 0.1664034         9  0.1488801        0      0            0.463
INFO  [17:02:10.687] [bbotk]                                 uhash
INFO  [17:02:10.687] [bbotk]  accb6e58-997a-4ebc-a00e-d74f22db57cb
INFO  [17:02:10.693] [bbotk] Evaluating 1 configuration(s)
INFO  [17:02:12.446] [bbotk] Result of batch 7:
INFO  [17:02:12.448] [bbotk]  nrounds        eta max_depth classif.ce warnings errors runtime_learners
INFO  [17:02:12.448] [bbotk]      295 0.04637571         9  0.1449275        0      0              1.7
INFO  [17:02:12.448] [bbotk]                                 uhash
INFO  [17:02:12.448] [bbotk]  d3450635-1a12-4c05-ad9f-7489f53daf36
INFO  [17:02:12.454] [bbotk] Evaluating 1 configuration(s)
INFO  [17:02:12.794] [bbotk] Result of batch 8:
INFO  [17:02:12.796] [bbotk]  nrounds       eta max_depth classif.ce warnings errors runtime_learners
INFO  [17:02:12.796] [bbotk]       57 0.0712981         8  0.1442688        0      0            0.297
INFO  [17:02:12.796] [bbotk]                                 uhash
INFO  [17:02:12.796] [bbotk]  cc13698b-a246-4d48-88f2-7bd8bfc19772
INFO  [17:02:12.801] [bbotk] Evaluating 1 configuration(s)
INFO  [17:02:13.342] [bbotk] Result of batch 9:
INFO  [17:02:13.343] [bbotk]  nrounds       eta max_depth classif.ce warnings errors runtime_learners
INFO  [17:02:13.343] [bbotk]      258 0.0505394         2  0.1416337        0      0              0.5
INFO  [17:02:13.343] [bbotk]                                 uhash
INFO  [17:02:13.343] [bbotk]  b0bd1a2b-cc30-45b6-b413-7fa9efff958a
INFO  [17:02:13.349] [bbotk] Evaluating 1 configuration(s)
INFO  [17:02:14.310] [bbotk] Result of batch 10:
INFO  [17:02:14.311] [bbotk]  nrounds       eta max_depth classif.ce warnings errors runtime_learners
INFO  [17:02:14.311] [bbotk]      170 0.2757881         8  0.1554677        0      0             0.91
INFO  [17:02:14.311] [bbotk]                                 uhash
INFO  [17:02:14.311] [bbotk]  b2db09ac-414f-4cd2-a841-f0623b4a495c
INFO  [17:02:14.323] [bbotk] Finished optimizing after 10 evaluation(s)
INFO  [17:02:14.324] [bbotk] Result:
INFO  [17:02:14.324] [bbotk]  nrounds        eta max_depth learner_param_vals  x_domain classif.ce
INFO  [17:02:14.324] [bbotk]    <int>      <num>     <int>             <list>    <list>      <num>
INFO  [17:02:14.324] [bbotk]      203 0.01373903        10          <list[5]> <list[3]>  0.1403162
INFO  [17:02:15.002] [bbotk] Starting to optimize 3 parameter(s) with '<OptimizerBatchRandomSearch>' and '<TerminatorEvals> [n_evals=10, k=0]'
INFO  [17:02:15.025] [bbotk] Evaluating 1 configuration(s)
INFO  [17:02:16.431] [bbotk] Result of batch 1:
INFO  [17:02:16.433] [bbotk]  nrounds       eta max_depth classif.ce warnings errors runtime_learners
INFO  [17:02:16.433] [bbotk]      267 0.2570725        10  0.1640316        0      0            1.354
INFO  [17:02:16.433] [bbotk]                                 uhash
INFO  [17:02:16.433] [bbotk]  094f3de7-75ff-4df1-8a67-2e1b7ad82ee7
INFO  [17:02:16.437] [bbotk] Evaluating 1 configuration(s)
INFO  [17:02:17.032] [bbotk] Result of batch 2:
INFO  [17:02:17.034] [bbotk]  nrounds       eta max_depth classif.ce warnings errors runtime_learners
INFO  [17:02:17.034] [bbotk]       87 0.2815077        10  0.1627141        0      0            0.543
INFO  [17:02:17.034] [bbotk]                                 uhash
INFO  [17:02:17.034] [bbotk]  3eb08923-f56b-434c-b5c0-3e8c124b2961
INFO  [17:02:17.039] [bbotk] Evaluating 1 configuration(s)
INFO  [17:02:18.495] [bbotk] Result of batch 3:
INFO  [17:02:18.496] [bbotk]  nrounds      eta max_depth classif.ce warnings errors runtime_learners
INFO  [17:02:18.496] [bbotk]      275 0.022828         8  0.1594203        0      0            1.411
INFO  [17:02:18.496] [bbotk]                                 uhash
INFO  [17:02:18.496] [bbotk]  e6833112-d97e-44fa-bea0-4738b9a57d9c
INFO  [17:02:18.502] [bbotk] Evaluating 1 configuration(s)
INFO  [17:02:18.847] [bbotk] Result of batch 4:
INFO  [17:02:18.849] [bbotk]  nrounds        eta max_depth classif.ce warnings errors runtime_learners
INFO  [17:02:18.849] [bbotk]      123 0.04335283         4   0.154809        0      0            0.305
INFO  [17:02:18.849] [bbotk]                                 uhash
INFO  [17:02:18.849] [bbotk]  9fa49f15-6a79-4e0e-a932-e600357cd16c
INFO  [17:02:18.855] [bbotk] Evaluating 1 configuration(s)
INFO  [17:02:19.405] [bbotk] Result of batch 5:
INFO  [17:02:19.406] [bbotk]  nrounds       eta max_depth classif.ce warnings errors runtime_learners
INFO  [17:02:19.406] [bbotk]      235 0.1435188         3  0.1627141        0      0            0.508
INFO  [17:02:19.406] [bbotk]                                 uhash
INFO  [17:02:19.406] [bbotk]  cfef53a1-c986-4e50-9ac8-f941c4c93012
INFO  [17:02:19.414] [bbotk] Evaluating 1 configuration(s)
INFO  [17:02:20.944] [bbotk] Result of batch 6:
INFO  [17:02:20.945] [bbotk]  nrounds        eta max_depth classif.ce warnings errors runtime_learners
INFO  [17:02:20.945] [bbotk]      248 0.05660756        10  0.1627141        0      0             1.49
INFO  [17:02:20.945] [bbotk]                                 uhash
INFO  [17:02:20.945] [bbotk]  3e2a445f-1a53-497d-a7d8-0edbe88354be
INFO  [17:02:20.951] [bbotk] Evaluating 1 configuration(s)
INFO  [17:02:21.408] [bbotk] Result of batch 7:
INFO  [17:02:21.409] [bbotk]  nrounds       eta max_depth classif.ce warnings errors runtime_learners
INFO  [17:02:21.409] [bbotk]      153 0.2968338         4  0.1660079        0      0             0.42
INFO  [17:02:21.409] [bbotk]                                 uhash
INFO  [17:02:21.409] [bbotk]  28a300cd-d79c-4d21-bdb7-6bc6c75cefd8
INFO  [17:02:21.418] [bbotk] Evaluating 1 configuration(s)
INFO  [17:02:21.861] [bbotk] Result of batch 8:
INFO  [17:02:21.862] [bbotk]  nrounds       eta max_depth classif.ce warnings errors runtime_learners
INFO  [17:02:21.862] [bbotk]      153 0.2544428         4  0.1587615        0      0            0.396
INFO  [17:02:21.862] [bbotk]                                 uhash
INFO  [17:02:21.862] [bbotk]  f5ef42d2-4a04-4840-ae9f-c59d4e669492
INFO  [17:02:21.867] [bbotk] Evaluating 1 configuration(s)
INFO  [17:02:22.136] [bbotk] Result of batch 9:
INFO  [17:02:22.137] [bbotk]  nrounds        eta max_depth classif.ce warnings errors runtime_learners
INFO  [17:02:22.137] [bbotk]      105 0.09670786         3  0.1594203        0      0            0.229
INFO  [17:02:22.137] [bbotk]                                 uhash
INFO  [17:02:22.137] [bbotk]  dbfe826e-9ead-4c17-9e23-2a93ce1f40ab
INFO  [17:02:22.141] [bbotk] Evaluating 1 configuration(s)
INFO  [17:02:22.478] [bbotk] Result of batch 10:
INFO  [17:02:22.479] [bbotk]  nrounds       eta max_depth classif.ce warnings errors runtime_learners
INFO  [17:02:22.479] [bbotk]      156 0.2251077         4  0.1706192        0      0            0.297
INFO  [17:02:22.479] [bbotk]                                 uhash
INFO  [17:02:22.479] [bbotk]  2a991234-fc20-4e4e-9587-1064d195c63c
INFO  [17:02:22.505] [bbotk] Finished optimizing after 10 evaluation(s)
INFO  [17:02:22.505] [bbotk] Result:
INFO  [17:02:22.507] [bbotk]  nrounds        eta max_depth learner_param_vals  x_domain classif.ce
INFO  [17:02:22.507] [bbotk]    <int>      <num>     <int>             <list>    <list>      <num>
INFO  [17:02:22.507] [bbotk]      123 0.04335283         4          <list[5]> <list[3]>   0.154809
INFO  [17:02:22.739] [bbotk] Starting to optimize 3 parameter(s) with '<OptimizerBatchRandomSearch>' and '<TerminatorEvals> [n_evals=10, k=0]'
INFO  [17:02:22.757] [bbotk] Evaluating 1 configuration(s)
INFO  [17:02:23.616] [bbotk] Result of batch 1:
INFO  [17:02:23.617] [bbotk]  nrounds        eta max_depth classif.ce warnings errors runtime_learners
INFO  [17:02:23.617] [bbotk]      191 0.04336042         6  0.1507459        0      0            0.808
INFO  [17:02:23.617] [bbotk]                                 uhash
INFO  [17:02:23.617] [bbotk]  744ec794-0d0f-444c-b9ad-8236fa291c75
INFO  [17:02:23.621] [bbotk] Evaluating 1 configuration(s)
INFO  [17:02:24.537] [bbotk] Result of batch 2:
INFO  [17:02:24.538] [bbotk]  nrounds      eta max_depth classif.ce warnings errors runtime_learners
INFO  [17:02:24.538] [bbotk]      143 0.268711        10  0.1546933        0      0            0.865
INFO  [17:02:24.538] [bbotk]                                 uhash
INFO  [17:02:24.538] [bbotk]  3e20f9f9-9e97-4bb3-83bc-f4dab2359860
INFO  [17:02:24.542] [bbotk] Evaluating 1 configuration(s)
INFO  [17:02:25.660] [bbotk] Result of batch 3:
INFO  [17:02:25.661] [bbotk]  nrounds       eta max_depth classif.ce warnings errors runtime_learners
INFO  [17:02:25.661] [bbotk]      182 0.1293422         9  0.1546998        0      0            1.078
INFO  [17:02:25.661] [bbotk]                                 uhash
INFO  [17:02:25.661] [bbotk]  44275130-0951-447f-86bd-32ad788602a7
INFO  [17:02:25.664] [bbotk] Evaluating 1 configuration(s)
INFO  [17:02:26.463] [bbotk] Result of batch 4:
INFO  [17:02:26.464] [bbotk]  nrounds        eta max_depth classif.ce warnings errors runtime_learners
INFO  [17:02:26.464] [bbotk]      149 0.09160833         9  0.1514125        0      0            0.762
INFO  [17:02:26.464] [bbotk]                                 uhash
INFO  [17:02:26.464] [bbotk]  83aa6b5c-48fd-4487-a8c8-baf4d0f6dbb2
INFO  [17:02:26.470] [bbotk] Evaluating 1 configuration(s)
INFO  [17:02:27.081] [bbotk] Result of batch 5:
INFO  [17:02:27.082] [bbotk]  nrounds       eta max_depth classif.ce warnings errors runtime_learners
INFO  [17:02:27.082] [bbotk]      279 0.2645917         3  0.1573349        0      0            0.566
INFO  [17:02:27.082] [bbotk]                                 uhash
INFO  [17:02:27.082] [bbotk]  95f2fa0d-7012-48c2-aba9-ea1a12d2635a
INFO  [17:02:27.086] [bbotk] Evaluating 1 configuration(s)
INFO  [17:02:27.963] [bbotk] Result of batch 6:
INFO  [17:02:27.964] [bbotk]  nrounds        eta max_depth classif.ce warnings errors runtime_learners
INFO  [17:02:27.964] [bbotk]      159 0.02480052         9  0.1467986        0      0            0.844
INFO  [17:02:27.964] [bbotk]                                 uhash
INFO  [17:02:27.964] [bbotk]  b1f2291f-8c13-4296-8499-ced7558f0dc1
INFO  [17:02:27.969] [bbotk] Evaluating 1 configuration(s)
INFO  [17:02:29.002] [bbotk] Result of batch 7:
INFO  [17:02:29.003] [bbotk]  nrounds        eta max_depth classif.ce warnings errors runtime_learners
INFO  [17:02:29.003] [bbotk]      300 0.04821549         5  0.1540398        0      0            0.986
INFO  [17:02:29.003] [bbotk]                                 uhash
INFO  [17:02:29.003] [bbotk]  18e20b18-4580-4e54-8cf3-f58e7fbaa82e
INFO  [17:02:29.008] [bbotk] Evaluating 1 configuration(s)
INFO  [17:02:29.449] [bbotk] Result of batch 8:
INFO  [17:02:29.451] [bbotk]  nrounds       eta max_depth classif.ce warnings errors runtime_learners
INFO  [17:02:29.451] [bbotk]      141 0.2023042         4  0.1573388        0      0            0.404
INFO  [17:02:29.451] [bbotk]                                 uhash
INFO  [17:02:29.451] [bbotk]  93d50659-ab48-437e-a6bc-6d42abf8e38c
INFO  [17:02:29.457] [bbotk] Evaluating 1 configuration(s)
INFO  [17:02:29.915] [bbotk] Result of batch 9:
INFO  [17:02:29.916] [bbotk]  nrounds        eta max_depth classif.ce warnings errors runtime_learners
INFO  [17:02:29.916] [bbotk]      168 0.05522057         4    0.14417        0      0            0.411
INFO  [17:02:29.916] [bbotk]                                 uhash
INFO  [17:02:29.916] [bbotk]  5c176a8d-1198-4395-85cb-3e0138130b61
INFO  [17:02:29.920] [bbotk] Evaluating 1 configuration(s)
INFO  [17:02:30.775] [bbotk] Result of batch 10:
INFO  [17:02:30.776] [bbotk]  nrounds        eta max_depth classif.ce warnings errors runtime_learners
INFO  [17:02:30.776] [bbotk]      166 0.04564826         7  0.1520687        0      0             0.81
INFO  [17:02:30.776] [bbotk]                                 uhash
INFO  [17:02:30.776] [bbotk]  ba60457e-cea0-4af0-bc39-d3536e3773a0
INFO  [17:02:30.793] [bbotk] Finished optimizing after 10 evaluation(s)
INFO  [17:02:30.793] [bbotk] Result:
INFO  [17:02:30.794] [bbotk]  nrounds        eta max_depth learner_param_vals  x_domain classif.ce
INFO  [17:02:30.794] [bbotk]    <int>      <num>     <int>             <list>    <list>      <num>
INFO  [17:02:30.794] [bbotk]      168 0.05522057         4          <list[5]> <list[3]>    0.14417
INFO  [17:02:31.072] [bbotk] Starting to optimize 3 parameter(s) with '<OptimizerBatchRandomSearch>' and '<TerminatorEvals> [n_evals=10, k=0]'
INFO  [17:02:31.107] [bbotk] Evaluating 1 configuration(s)
INFO  [17:02:31.631] [bbotk] Result of batch 1:
INFO  [17:02:31.635] [bbotk]  nrounds       eta max_depth classif.ce warnings errors runtime_learners
INFO  [17:02:31.635] [bbotk]      133 0.2375795         5  0.1382438        0      0            0.464
INFO  [17:02:31.635] [bbotk]                                 uhash
INFO  [17:02:31.635] [bbotk]  c508cfe8-3867-46be-a3fe-aceddca5db63
INFO  [17:02:31.651] [bbotk] Evaluating 1 configuration(s)
INFO  [17:02:33.227] [bbotk] Result of batch 2:
INFO  [17:02:33.229] [bbotk]  nrounds        eta max_depth classif.ce warnings errors runtime_learners
INFO  [17:02:33.229] [bbotk]      269 0.02408453         9   0.146145        0      0            1.538
INFO  [17:02:33.229] [bbotk]                                 uhash
INFO  [17:02:33.229] [bbotk]  8ef83213-57db-44c4-b9bc-c65f03bf2db5
INFO  [17:02:33.237] [bbotk] Evaluating 1 configuration(s)
INFO  [17:02:34.019] [bbotk] Result of batch 3:
INFO  [17:02:34.021] [bbotk]  nrounds        eta max_depth classif.ce warnings errors runtime_learners
INFO  [17:02:34.021] [bbotk]      260 0.04415185         4   0.136921        0      0            0.735
INFO  [17:02:34.021] [bbotk]                                 uhash
INFO  [17:02:34.021] [bbotk]  8b547ee1-5db1-4b0d-b94e-75854e6a2a4c
INFO  [17:02:34.031] [bbotk] Evaluating 1 configuration(s)
INFO  [17:02:34.325] [bbotk] Result of batch 4:
INFO  [17:02:34.326] [bbotk]  nrounds       eta max_depth classif.ce warnings errors runtime_learners
INFO  [17:02:34.326] [bbotk]       89 0.0558972         4  0.1362623        0      0            0.262
INFO  [17:02:34.326] [bbotk]                                 uhash
INFO  [17:02:34.326] [bbotk]  50d58134-d85e-4ccd-98ec-762bed390ffc
INFO  [17:02:34.334] [bbotk] Evaluating 1 configuration(s)
INFO  [17:02:34.854] [bbotk] Result of batch 5:
INFO  [17:02:34.856] [bbotk]  nrounds        eta max_depth classif.ce warnings errors runtime_learners
INFO  [17:02:34.856] [bbotk]      177 0.09048006         4    0.13561        0      0            0.489
INFO  [17:02:34.856] [bbotk]                                 uhash
INFO  [17:02:34.856] [bbotk]  15acab61-139b-4b32-ae42-2a7876da61e7
INFO  [17:02:34.861] [bbotk] Evaluating 1 configuration(s)
INFO  [17:02:35.278] [bbotk] Result of batch 6:
INFO  [17:02:35.279] [bbotk]  nrounds        eta max_depth classif.ce warnings errors runtime_learners
INFO  [17:02:35.279] [bbotk]      208 0.05357228         3  0.1375798        0      0            0.374
INFO  [17:02:35.279] [bbotk]                                 uhash
INFO  [17:02:35.279] [bbotk]  18a587d7-7697-45ce-b5ac-4863523e38aa
INFO  [17:02:35.286] [bbotk] Evaluating 1 configuration(s)
INFO  [17:02:36.102] [bbotk] Result of batch 7:
INFO  [17:02:36.103] [bbotk]  nrounds       eta max_depth classif.ce warnings errors runtime_learners
INFO  [17:02:36.103] [bbotk]      205 0.2696909         6  0.1461463        0      0            0.769
INFO  [17:02:36.103] [bbotk]                                 uhash
INFO  [17:02:36.103] [bbotk]  397d9ddc-79eb-45d8-a97b-efe300eeed99
INFO  [17:02:36.107] [bbotk] Evaluating 1 configuration(s)
INFO  [17:02:36.474] [bbotk] Result of batch 8:
INFO  [17:02:36.475] [bbotk]  nrounds       eta max_depth classif.ce warnings errors runtime_learners
INFO  [17:02:36.475] [bbotk]      140 0.2229986         3  0.1356113        0      0            0.328
INFO  [17:02:36.475] [bbotk]                                 uhash
INFO  [17:02:36.475] [bbotk]  5b176eb3-6894-475b-a4b0-80505e7f280a
INFO  [17:02:36.479] [bbotk] Evaluating 1 configuration(s)
INFO  [17:02:37.013] [bbotk] Result of batch 9:
INFO  [17:02:37.017] [bbotk]  nrounds       eta max_depth classif.ce warnings errors runtime_learners
INFO  [17:02:37.017] [bbotk]      149 0.2809334         4  0.1468038        0      0            0.475
INFO  [17:02:37.017] [bbotk]                                 uhash
INFO  [17:02:37.017] [bbotk]  521cedea-9cb7-4c1e-8e05-cb44c15a182d
INFO  [17:02:37.024] [bbotk] Evaluating 1 configuration(s)
INFO  [17:02:37.758] [bbotk] Result of batch 10:
INFO  [17:02:37.759] [bbotk]  nrounds        eta max_depth classif.ce warnings errors runtime_learners
INFO  [17:02:37.759] [bbotk]      105 0.05501642        10  0.1428525        0      0            0.694
INFO  [17:02:37.759] [bbotk]                                 uhash
INFO  [17:02:37.759] [bbotk]  dbab39c7-f9ba-4ca4-a611-8bd56c1f7cda
INFO  [17:02:37.768] [bbotk] Finished optimizing after 10 evaluation(s)
INFO  [17:02:37.768] [bbotk] Result:
INFO  [17:02:37.770] [bbotk]  nrounds        eta max_depth learner_param_vals  x_domain classif.ce
INFO  [17:02:37.770] [bbotk]    <int>      <num>     <int>             <list>    <list>      <num>
INFO  [17:02:37.770] [bbotk]      177 0.09048006         4          <list[5]> <list[3]>    0.13561
[1] -30.31648
[1] 28.19991

### [bt]: Job terminated successfully [batchtools job.id=1846]
### [bt]: Starting job [batchtools job.id=1847]
### [bt]: Generating problem instance for problem '42e9f2146ba77696' ...
### [bt]: Applying algorithm 'run_learner' on problem '42e9f2146ba77696' for job 1847 (seed = 1848) ...
INFO  [17:02:38.128] [mlr3] Applying learner 'classif.xgboost.tuned_calib.oof_beta' on task 'kc1' (iter 7/10)
INFO  [17:02:38.189] [bbotk] Starting to optimize 3 parameter(s) with '<OptimizerBatchRandomSearch>' and '<TerminatorEvals> [n_evals=10, k=0]'
INFO  [17:02:38.204] [bbotk] Evaluating 1 configuration(s)
INFO  [17:02:38.615] [bbotk] Result of batch 1:
INFO  [17:02:38.616] [bbotk]  nrounds       eta max_depth classif.ce warnings errors runtime_learners
INFO  [17:02:38.616] [bbotk]      264 0.1354892         2  0.1600791        0      0            0.369
INFO  [17:02:38.616] [bbotk]                                 uhash
INFO  [17:02:38.616] [bbotk]  baff1aa5-7865-4ff6-9386-a139da654606
INFO  [17:02:38.620] [bbotk] Evaluating 1 configuration(s)
INFO  [17:02:40.102] [bbotk] Result of batch 2:
INFO  [17:02:40.103] [bbotk]  nrounds       eta max_depth classif.ce warnings errors runtime_learners
INFO  [17:02:40.103] [bbotk]      264 0.2794205        10  0.1633729        0      0            1.433
INFO  [17:02:40.103] [bbotk]                                 uhash
INFO  [17:02:40.103] [bbotk]  2a065b23-7dbe-4180-a830-1b92bd000f3c
INFO  [17:02:40.107] [bbotk] Evaluating 1 configuration(s)
INFO  [17:02:40.425] [bbotk] Result of batch 3:
INFO  [17:02:40.427] [bbotk]  nrounds       eta max_depth classif.ce warnings errors runtime_learners
INFO  [17:02:40.427] [bbotk]      117 0.2044807         5   0.171278        0      0            0.288
INFO  [17:02:40.427] [bbotk]                                 uhash
INFO  [17:02:40.427] [bbotk]  87c8f381-7650-46ab-8035-44944f7a0712
INFO  [17:02:40.433] [bbotk] Evaluating 1 configuration(s)
INFO  [17:02:41.230] [bbotk] Result of batch 4:
INFO  [17:02:41.231] [bbotk]  nrounds        eta max_depth classif.ce warnings errors runtime_learners
INFO  [17:02:41.231] [bbotk]      168 0.02532769         7  0.1594203        0      0            0.757
INFO  [17:02:41.231] [bbotk]                                 uhash
INFO  [17:02:41.231] [bbotk]  682be637-b8eb-4701-8095-fdccb0166860
INFO  [17:02:41.235] [bbotk] Evaluating 1 configuration(s)
INFO  [17:02:41.664] [bbotk] Result of batch 5:
INFO  [17:02:41.665] [bbotk]  nrounds        eta max_depth classif.ce warnings errors runtime_learners
INFO  [17:02:41.665] [bbotk]      150 0.07807316         4  0.1561265        0      0            0.387
INFO  [17:02:41.665] [bbotk]                                 uhash
INFO  [17:02:41.665] [bbotk]  4a5a27f5-c169-48b3-9642-027d55f46c1a
INFO  [17:02:41.669] [bbotk] Evaluating 1 configuration(s)
INFO  [17:02:42.336] [bbotk] Result of batch 6:
INFO  [17:02:42.337] [bbotk]  nrounds      eta max_depth classif.ce warnings errors runtime_learners
INFO  [17:02:42.337] [bbotk]      136 0.190139         6  0.1607378        0      0            0.629
INFO  [17:02:42.337] [bbotk]                                 uhash
INFO  [17:02:42.337] [bbotk]  c42cbe97-6a45-4077-bd53-6ca008fda38b
INFO  [17:02:42.347] [bbotk] Evaluating 1 configuration(s)
INFO  [17:02:42.634] [bbotk] Result of batch 7:
INFO  [17:02:42.636] [bbotk]  nrounds        eta max_depth classif.ce warnings errors runtime_learners
INFO  [17:02:42.636] [bbotk]       51 0.06687951         7  0.1594203        0      0            0.239
INFO  [17:02:42.636] [bbotk]                                 uhash
INFO  [17:02:42.636] [bbotk]  f018a8b1-e676-4907-96c9-a8760d1a355c
INFO  [17:02:42.643] [bbotk] Evaluating 1 configuration(s)
INFO  [17:02:43.220] [bbotk] Result of batch 8:
INFO  [17:02:43.221] [bbotk]  nrounds        eta max_depth classif.ce warnings errors runtime_learners
INFO  [17:02:43.221] [bbotk]       81 0.09086217        10  0.1633729        0      0            0.529
INFO  [17:02:43.221] [bbotk]                                 uhash
INFO  [17:02:43.221] [bbotk]  02d662db-be59-4190-8297-5e1d42500654
INFO  [17:02:43.231] [bbotk] Evaluating 1 configuration(s)
INFO  [17:02:44.150] [bbotk] Result of batch 9:
INFO  [17:02:44.151] [bbotk]  nrounds       eta max_depth classif.ce warnings errors runtime_learners
INFO  [17:02:44.151] [bbotk]      227 0.2935234         6  0.1666667        0      0            0.873
INFO  [17:02:44.151] [bbotk]                                 uhash
INFO  [17:02:44.151] [bbotk]  b2e303aa-50ad-446b-85d0-3b839509af8e
INFO  [17:02:44.155] [bbotk] Evaluating 1 configuration(s)
INFO  [17:02:44.667] [bbotk] Result of batch 10:
INFO  [17:02:44.669] [bbotk]  nrounds       eta max_depth classif.ce warnings errors runtime_learners
INFO  [17:02:44.669] [bbotk]      162 0.2573882         4  0.1600791        0      0            0.469
INFO  [17:02:44.669] [bbotk]                                 uhash
INFO  [17:02:44.669] [bbotk]  961589a8-208a-414d-9c40-132f52e7df9a
INFO  [17:02:44.693] [bbotk] Finished optimizing after 10 evaluation(s)
INFO  [17:02:44.694] [bbotk] Result:
INFO  [17:02:44.695] [bbotk]  nrounds        eta max_depth learner_param_vals  x_domain classif.ce
INFO  [17:02:44.695] [bbotk]    <int>      <num>     <int>             <list>    <list>      <num>
INFO  [17:02:44.695] [bbotk]      150 0.07807316         4          <list[5]> <list[3]>  0.1561265
INFO  [17:02:44.936] [bbotk] Starting to optimize 3 parameter(s) with '<OptimizerBatchRandomSearch>' and '<TerminatorEvals> [n_evals=10, k=0]'
INFO  [17:02:44.953] [bbotk] Evaluating 1 configuration(s)
INFO  [17:02:45.885] [bbotk] Result of batch 1:
INFO  [17:02:45.888] [bbotk]  nrounds      eta max_depth classif.ce warnings errors runtime_learners
INFO  [17:02:45.888] [bbotk]      167 0.198478         9  0.1561265        0      0            0.888
INFO  [17:02:45.888] [bbotk]                                 uhash
INFO  [17:02:45.888] [bbotk]  48a43024-10b4-4a9a-bacd-b86de4fab599
INFO  [17:02:45.892] [bbotk] Evaluating 1 configuration(s)
INFO  [17:02:46.399] [bbotk] Result of batch 2:
INFO  [17:02:46.401] [bbotk]  nrounds       eta max_depth classif.ce warnings errors runtime_learners
INFO  [17:02:46.401] [bbotk]      187 0.1629269         4  0.1515152        0      0            0.471
INFO  [17:02:46.401] [bbotk]                                 uhash
INFO  [17:02:46.401] [bbotk]  dd90757b-7684-4e81-8b31-96d66910e237
INFO  [17:02:46.408] [bbotk] Evaluating 1 configuration(s)
INFO  [17:02:47.110] [bbotk] Result of batch 3:
INFO  [17:02:47.112] [bbotk]  nrounds       eta max_depth classif.ce warnings errors runtime_learners
INFO  [17:02:47.112] [bbotk]      137 0.2637832         9  0.1554677        0      0            0.668
INFO  [17:02:47.112] [bbotk]                                 uhash
INFO  [17:02:47.112] [bbotk]  867fe2b9-0c32-4c67-9a6d-7dbc7e2af265
INFO  [17:02:47.120] [bbotk] Evaluating 1 configuration(s)
INFO  [17:02:47.630] [bbotk] Result of batch 4:
INFO  [17:02:47.631] [bbotk]  nrounds       eta max_depth classif.ce warnings errors runtime_learners
INFO  [17:02:47.631] [bbotk]       92 0.1927773        10  0.1594203        0      0            0.482
INFO  [17:02:47.631] [bbotk]                                 uhash
INFO  [17:02:47.631] [bbotk]  7346be94-ef77-4bb5-a61e-936bd272cda9
INFO  [17:02:47.637] [bbotk] Evaluating 1 configuration(s)
INFO  [17:02:47.968] [bbotk] Result of batch 5:
INFO  [17:02:47.969] [bbotk]  nrounds      eta max_depth classif.ce warnings errors runtime_learners
INFO  [17:02:47.969] [bbotk]      158 0.290424         3  0.1587615        0      0            0.296
INFO  [17:02:47.969] [bbotk]                                 uhash
INFO  [17:02:47.969] [bbotk]  869ff606-8eee-4481-b49d-573a0d8345a2
INFO  [17:02:47.973] [bbotk] Evaluating 1 configuration(s)
INFO  [17:02:48.200] [bbotk] Result of batch 6:
INFO  [17:02:48.201] [bbotk]  nrounds       eta max_depth classif.ce warnings errors runtime_learners
INFO  [17:02:48.201] [bbotk]      105 0.2758063         2  0.1501976        0      0            0.194
INFO  [17:02:48.201] [bbotk]                                 uhash
INFO  [17:02:48.201] [bbotk]  8770de95-faa3-4f3e-9178-d7266e3152ca
INFO  [17:02:48.204] [bbotk] Evaluating 1 configuration(s)
INFO  [17:02:49.851] [bbotk] Result of batch 7:
INFO  [17:02:49.852] [bbotk]  nrounds       eta max_depth classif.ce warnings errors runtime_learners
INFO  [17:02:49.852] [bbotk]      296 0.1746958        10  0.1587615        0      0            1.607
INFO  [17:02:49.852] [bbotk]                                 uhash
INFO  [17:02:49.852] [bbotk]  a3faa04b-8271-4fd1-b31f-41f564d9ad38
INFO  [17:02:49.855] [bbotk] Evaluating 1 configuration(s)
INFO  [17:02:51.320] [bbotk] Result of batch 8:
INFO  [17:02:51.321] [bbotk]  nrounds        eta max_depth classif.ce warnings errors runtime_learners
INFO  [17:02:51.321] [bbotk]      263 0.05219066         9   0.157444        0      0             1.43
INFO  [17:02:51.321] [bbotk]                                 uhash
INFO  [17:02:51.321] [bbotk]  bebbe399-84a3-4d14-8e1d-120f85e047bd
INFO  [17:02:51.325] [bbotk] Evaluating 1 configuration(s)
INFO  [17:02:51.985] [bbotk] Result of batch 9:
INFO  [17:02:51.986] [bbotk]  nrounds       eta max_depth classif.ce warnings errors runtime_learners
INFO  [17:02:51.986] [bbotk]      119 0.1655311         9  0.1521739        0      0            0.631
INFO  [17:02:51.986] [bbotk]                                 uhash
INFO  [17:02:51.986] [bbotk]  632d33f0-b5cf-472d-bf5f-e9790bf0c3ce
INFO  [17:02:51.995] [bbotk] Evaluating 1 configuration(s)
INFO  [17:02:52.550] [bbotk] Result of batch 10:
INFO  [17:02:52.552] [bbotk]  nrounds        eta max_depth classif.ce warnings errors runtime_learners
INFO  [17:02:52.552] [bbotk]       98 0.09626216         8  0.1521739        0      0            0.519
INFO  [17:02:52.552] [bbotk]                                 uhash
INFO  [17:02:52.552] [bbotk]  eff4340a-dae3-462d-bb61-c60477586185
INFO  [17:02:52.572] [bbotk] Finished optimizing after 10 evaluation(s)
INFO  [17:02:52.572] [bbotk] Result:
INFO  [17:02:52.574] [bbotk]  nrounds       eta max_depth learner_param_vals  x_domain classif.ce
INFO  [17:02:52.574] [bbotk]    <int>     <num>     <int>             <list>    <list>      <num>
INFO  [17:02:52.574] [bbotk]      105 0.2758063         2          <list[5]> <list[3]>  0.1501976
INFO  [17:02:52.701] [bbotk] Starting to optimize 3 parameter(s) with '<OptimizerBatchRandomSearch>' and '<TerminatorEvals> [n_evals=10, k=0]'
INFO  [17:02:52.713] [bbotk] Evaluating 1 configuration(s)
INFO  [17:02:53.775] [bbotk] Result of batch 1:
INFO  [17:02:53.776] [bbotk]  nrounds        eta max_depth classif.ce warnings errors runtime_learners
INFO  [17:02:53.776] [bbotk]      287 0.08777411         6  0.1508564        0      0            1.028
INFO  [17:02:53.776] [bbotk]                                 uhash
INFO  [17:02:53.776] [bbotk]  6ac57a97-e89e-4a82-aaea-80bec6ed760a
INFO  [17:02:53.780] [bbotk] Evaluating 1 configuration(s)
INFO  [17:02:54.135] [bbotk] Result of batch 2:
INFO  [17:02:54.136] [bbotk]  nrounds       eta max_depth classif.ce warnings errors runtime_learners
INFO  [17:02:54.136] [bbotk]      118 0.1736724         4  0.1508564        0      0            0.318
INFO  [17:02:54.136] [bbotk]                                 uhash
INFO  [17:02:54.136] [bbotk]  f0e9bb02-0978-45eb-a3e7-abe288511f0e
INFO  [17:02:54.140] [bbotk] Evaluating 1 configuration(s)
INFO  [17:02:54.287] [bbotk] Result of batch 3:
INFO  [17:02:54.289] [bbotk]  nrounds       eta max_depth classif.ce warnings errors runtime_learners
INFO  [17:02:54.289] [bbotk]       63 0.2067634         2  0.1482213        0      0            0.101
INFO  [17:02:54.289] [bbotk]                                 uhash
INFO  [17:02:54.289] [bbotk]  b51fc778-0989-4061-9856-570df2850355
INFO  [17:02:54.298] [bbotk] Evaluating 1 configuration(s)
INFO  [17:02:54.948] [bbotk] Result of batch 4:
INFO  [17:02:54.949] [bbotk]  nrounds       eta max_depth classif.ce warnings errors runtime_learners
INFO  [17:02:54.949] [bbotk]      113 0.2983504        10  0.1475626        0      0            0.614
INFO  [17:02:54.949] [bbotk]                                 uhash
INFO  [17:02:54.949] [bbotk]  35969285-91d8-4779-976f-ce3fe13b690c
INFO  [17:02:54.952] [bbotk] Evaluating 1 configuration(s)
INFO  [17:02:55.510] [bbotk] Result of batch 5:
INFO  [17:02:55.511] [bbotk]  nrounds       eta max_depth classif.ce warnings errors runtime_learners
INFO  [17:02:55.511] [bbotk]       86 0.2106472        10   0.154809        0      0            0.508
INFO  [17:02:55.511] [bbotk]                                 uhash
INFO  [17:02:55.511] [bbotk]  4452fd86-3bcd-4f28-ab69-54c927491516
INFO  [17:02:55.519] [bbotk] Evaluating 1 configuration(s)
INFO  [17:02:56.190] [bbotk] Result of batch 6:
INFO  [17:02:56.192] [bbotk]  nrounds       eta max_depth classif.ce warnings errors runtime_learners
INFO  [17:02:56.192] [bbotk]      154 0.2182559         6  0.1581028        0      0            0.624
INFO  [17:02:56.192] [bbotk]                                 uhash
INFO  [17:02:56.192] [bbotk]  25cb7b5c-07ef-4ee2-9cf6-435185784dfc
INFO  [17:02:56.200] [bbotk] Evaluating 1 configuration(s)
INFO  [17:02:57.561] [bbotk] Result of batch 7:
INFO  [17:02:57.562] [bbotk]  nrounds       eta max_depth classif.ce warnings errors runtime_learners
INFO  [17:02:57.562] [bbotk]      246 0.1790431        10  0.1561265        0      0            1.318
INFO  [17:02:57.562] [bbotk]                                 uhash
INFO  [17:02:57.562] [bbotk]  bc79303e-30d0-4162-b224-115c49724438
INFO  [17:02:57.568] [bbotk] Evaluating 1 configuration(s)
INFO  [17:02:57.836] [bbotk] Result of batch 8:
INFO  [17:02:57.838] [bbotk]  nrounds       eta max_depth classif.ce warnings errors runtime_learners
INFO  [17:02:57.838] [bbotk]      113 0.1630829         3  0.1501976        0      0            0.221
INFO  [17:02:57.838] [bbotk]                                 uhash
INFO  [17:02:57.838] [bbotk]  e4fba80a-ee57-4266-b555-acf7bc2bfca6
INFO  [17:02:57.847] [bbotk] Evaluating 1 configuration(s)
INFO  [17:02:58.184] [bbotk] Result of batch 9:
INFO  [17:02:58.185] [bbotk]  nrounds       eta max_depth classif.ce warnings errors runtime_learners
INFO  [17:02:58.185] [bbotk]       58 0.2628812         8  0.1482213        0      0            0.301
INFO  [17:02:58.185] [bbotk]                                 uhash
INFO  [17:02:58.185] [bbotk]  57f597d4-9de1-4147-8224-3488f7749df4
INFO  [17:02:58.195] [bbotk] Evaluating 1 configuration(s)
INFO  [17:02:59.560] [bbotk] Result of batch 10:
INFO  [17:02:59.561] [bbotk]  nrounds       eta max_depth classif.ce warnings errors runtime_learners
INFO  [17:02:59.561] [bbotk]      259 0.2117039         9  0.1541502        0      0            1.329
INFO  [17:02:59.561] [bbotk]                                 uhash
INFO  [17:02:59.561] [bbotk]  1470c0dd-ab78-4498-b17d-9e0c5f704266
INFO  [17:02:59.576] [bbotk] Finished optimizing after 10 evaluation(s)
INFO  [17:02:59.576] [bbotk] Result:
INFO  [17:02:59.577] [bbotk]  nrounds       eta max_depth learner_param_vals  x_domain classif.ce
INFO  [17:02:59.577] [bbotk]    <int>     <num>     <int>             <list>    <list>      <num>
INFO  [17:02:59.577] [bbotk]      113 0.2983504        10          <list[5]> <list[3]>  0.1475626
INFO  [17:02:59.910] [bbotk] Starting to optimize 3 parameter(s) with '<OptimizerBatchRandomSearch>' and '<TerminatorEvals> [n_evals=10, k=0]'
INFO  [17:02:59.920] [bbotk] Evaluating 1 configuration(s)
INFO  [17:03:00.405] [bbotk] Result of batch 1:
INFO  [17:03:00.407] [bbotk]  nrounds        eta max_depth classif.ce warnings errors runtime_learners
INFO  [17:03:00.407] [bbotk]      135 0.08236413         5  0.1520687        0      0            0.437
INFO  [17:03:00.407] [bbotk]                                 uhash
INFO  [17:03:00.407] [bbotk]  b31e04d4-d20c-4a5e-bc95-9d27a40b371d
INFO  [17:03:00.413] [bbotk] Evaluating 1 configuration(s)
INFO  [17:03:01.316] [bbotk] Result of batch 2:
INFO  [17:03:01.317] [bbotk]  nrounds       eta max_depth classif.ce warnings errors runtime_learners
INFO  [17:03:01.317] [bbotk]      180 0.2465812         9  0.1507472        0      0            0.858
INFO  [17:03:01.317] [bbotk]                                 uhash
INFO  [17:03:01.317] [bbotk]  10d08b56-46e0-4d73-b214-e774eb18b9ca
INFO  [17:03:01.322] [bbotk] Evaluating 1 configuration(s)
INFO  [17:03:02.547] [bbotk] Result of batch 3:
INFO  [17:03:02.549] [bbotk]  nrounds        eta max_depth classif.ce warnings errors runtime_learners
INFO  [17:03:02.549] [bbotk]      194 0.06213068        10  0.1481109        0      0            1.183
INFO  [17:03:02.549] [bbotk]                                 uhash
INFO  [17:03:02.549] [bbotk]  3507f026-9930-4b3d-a9b6-bbc3e932dce3
INFO  [17:03:02.556] [bbotk] Evaluating 1 configuration(s)
INFO  [17:03:03.295] [bbotk] Result of batch 4:
INFO  [17:03:03.296] [bbotk]  nrounds       eta max_depth classif.ce warnings errors runtime_learners
INFO  [17:03:03.296] [bbotk]      216 0.2091734         5  0.1546998        0      0            0.695
INFO  [17:03:03.296] [bbotk]                                 uhash
INFO  [17:03:03.296] [bbotk]  8b056685-9469-40f4-b22d-a7570bfd67e3
INFO  [17:03:03.300] [bbotk] Evaluating 1 configuration(s)
INFO  [17:03:03.632] [bbotk] Result of batch 5:
INFO  [17:03:03.633] [bbotk]  nrounds       eta max_depth classif.ce warnings errors runtime_learners
INFO  [17:03:03.633] [bbotk]       91 0.1281103         5  0.1507498        0      0            0.297
INFO  [17:03:03.633] [bbotk]                                 uhash
INFO  [17:03:03.633] [bbotk]  2809681c-6487-4ec4-8dea-dd46bcfd2e21
INFO  [17:03:03.637] [bbotk] Evaluating 1 configuration(s)
INFO  [17:03:04.599] [bbotk] Result of batch 6:
INFO  [17:03:04.600] [bbotk]  nrounds       eta max_depth classif.ce warnings errors runtime_learners
INFO  [17:03:04.600] [bbotk]      169 0.1892485         9  0.1560134        0      0            0.918
INFO  [17:03:04.600] [bbotk]                                 uhash
INFO  [17:03:04.600] [bbotk]  7945611e-3b2c-42bc-a609-7b4c01a9f2e9
INFO  [17:03:04.604] [bbotk] Evaluating 1 configuration(s)
INFO  [17:03:04.845] [bbotk] Result of batch 7:
INFO  [17:03:04.847] [bbotk]  nrounds        eta max_depth classif.ce warnings errors runtime_learners
INFO  [17:03:04.847] [bbotk]       82 0.02473479         4  0.1514138        0      0            0.206
INFO  [17:03:04.847] [bbotk]                                 uhash
INFO  [17:03:04.847] [bbotk]  6046376d-421f-4494-8c7e-c28943e1d361
INFO  [17:03:04.852] [bbotk] Evaluating 1 configuration(s)
INFO  [17:03:05.008] [bbotk] Result of batch 8:
INFO  [17:03:05.009] [bbotk]  nrounds       eta max_depth classif.ce warnings errors runtime_learners
INFO  [17:03:05.009] [bbotk]       65 0.1529735         2  0.1474586        0      0            0.107
INFO  [17:03:05.009] [bbotk]                                 uhash
INFO  [17:03:05.009] [bbotk]  c1bd6be8-af86-4376-bc96-4ef021c44e17
INFO  [17:03:05.017] [bbotk] Evaluating 1 configuration(s)
INFO  [17:03:05.227] [bbotk] Result of batch 9:
INFO  [17:03:05.228] [bbotk]  nrounds       eta max_depth classif.ce warnings errors runtime_learners
INFO  [17:03:05.228] [bbotk]       92 0.2958858         3  0.1487723        0      0            0.177
INFO  [17:03:05.228] [bbotk]                                 uhash
INFO  [17:03:05.228] [bbotk]  0ea2f6d4-0408-4302-b7f9-b95ec1a4a2fd
INFO  [17:03:05.237] [bbotk] Evaluating 1 configuration(s)
INFO  [17:03:06.245] [bbotk] Result of batch 10:
INFO  [17:03:06.247] [bbotk]  nrounds       eta max_depth classif.ce warnings errors runtime_learners
INFO  [17:03:06.247] [bbotk]      294 0.1483266         5   0.157331        0      0            0.952
INFO  [17:03:06.247] [bbotk]                                 uhash
INFO  [17:03:06.247] [bbotk]  c25b4906-bfca-47cc-a73f-b91fff21251f
INFO  [17:03:06.270] [bbotk] Finished optimizing after 10 evaluation(s)
INFO  [17:03:06.270] [bbotk] Result:
INFO  [17:03:06.271] [bbotk]  nrounds       eta max_depth learner_param_vals  x_domain classif.ce
INFO  [17:03:06.271] [bbotk]    <int>     <num>     <int>             <list>    <list>      <num>
INFO  [17:03:06.271] [bbotk]       65 0.1529735         2          <list[5]> <list[3]>  0.1474586
INFO  [17:03:06.365] [bbotk] Starting to optimize 3 parameter(s) with '<OptimizerBatchRandomSearch>' and '<TerminatorEvals> [n_evals=10, k=0]'
INFO  [17:03:06.376] [bbotk] Evaluating 1 configuration(s)
INFO  [17:03:07.011] [bbotk] Result of batch 1:
INFO  [17:03:07.012] [bbotk]  nrounds      eta max_depth classif.ce warnings errors runtime_learners
INFO  [17:03:07.012] [bbotk]      204 0.146699         4  0.1573362        0      0             0.59
INFO  [17:03:07.012] [bbotk]                                 uhash
INFO  [17:03:07.012] [bbotk]  43f8f3f5-b32a-4e18-86a1-1894df1c39cc
INFO  [17:03:07.016] [bbotk] Evaluating 1 configuration(s)
INFO  [17:03:07.145] [bbotk] Result of batch 2:
INFO  [17:03:07.146] [bbotk]  nrounds        eta max_depth classif.ce warnings errors runtime_learners
INFO  [17:03:07.146] [bbotk]       50 0.05516771         3  0.1487749        0      0            0.094
INFO  [17:03:07.146] [bbotk]                                 uhash
INFO  [17:03:07.146] [bbotk]  a0d67823-136f-42d3-8338-593dc176e91c
INFO  [17:03:07.161] [bbotk] Evaluating 1 configuration(s)
INFO  [17:03:07.963] [bbotk] Result of batch 3:
INFO  [17:03:07.964] [bbotk]  nrounds       eta max_depth classif.ce warnings errors runtime_learners
INFO  [17:03:07.964] [bbotk]      164 0.1927615         8  0.1632702        0      0            0.761
INFO  [17:03:07.964] [bbotk]                                 uhash
INFO  [17:03:07.964] [bbotk]  5450358b-57b8-4e0e-88c1-4cdf16c1dad8
INFO  [17:03:07.968] [bbotk] Evaluating 1 configuration(s)
INFO  [17:03:09.060] [bbotk] Result of batch 4:
INFO  [17:03:09.061] [bbotk]  nrounds       eta max_depth classif.ce warnings errors runtime_learners
INFO  [17:03:09.061] [bbotk]      276 0.1184764         5  0.1533953        0      0             1.04
INFO  [17:03:09.061] [bbotk]                                 uhash
INFO  [17:03:09.061] [bbotk]  b6331744-d5c6-4bfa-9ca8-e371838c4823
INFO  [17:03:09.068] [bbotk] Evaluating 1 configuration(s)
INFO  [17:03:10.814] [bbotk] Result of batch 5:
INFO  [17:03:10.815] [bbotk]  nrounds        eta max_depth classif.ce warnings errors runtime_learners
INFO  [17:03:10.815] [bbotk]      300 0.06971995         9  0.1566813        0      0            1.699
INFO  [17:03:10.815] [bbotk]                                 uhash
INFO  [17:03:10.815] [bbotk]  b6f40de2-2043-4b18-86f7-01a3c2f337d1
INFO  [17:03:10.819] [bbotk] Evaluating 1 configuration(s)
INFO  [17:03:11.427] [bbotk] Result of batch 6:
INFO  [17:03:11.431] [bbotk]  nrounds       eta max_depth classif.ce warnings errors runtime_learners
INFO  [17:03:11.431] [bbotk]      107 0.1810915         6  0.1533914        0      0            0.556
INFO  [17:03:11.431] [bbotk]                                 uhash
INFO  [17:03:11.431] [bbotk]  2d02f4cf-8ce1-4d6a-beb0-615696612ca8
INFO  [17:03:11.436] [bbotk] Evaluating 1 configuration(s)
INFO  [17:03:12.847] [bbotk] Result of batch 7:
INFO  [17:03:12.849] [bbotk]  nrounds       eta max_depth classif.ce warnings errors runtime_learners
INFO  [17:03:12.849] [bbotk]      244 0.1629633        10  0.1560238        0      0            1.375
INFO  [17:03:12.849] [bbotk]                                 uhash
INFO  [17:03:12.849] [bbotk]  7bcf639d-053c-482a-a06d-ef4e130d78c6
INFO  [17:03:12.857] [bbotk] Evaluating 1 configuration(s)
INFO  [17:03:13.790] [bbotk] Result of batch 8:
INFO  [17:03:13.792] [bbotk]  nrounds       eta max_depth classif.ce warnings errors runtime_learners
INFO  [17:03:13.792] [bbotk]      154 0.0936069        10  0.1573388        0      0            0.896
INFO  [17:03:13.792] [bbotk]                                 uhash
INFO  [17:03:13.792] [bbotk]  f49cc887-e0db-4867-bb2e-c1f64b2984c0
INFO  [17:03:13.801] [bbotk] Evaluating 1 configuration(s)
INFO  [17:03:14.165] [bbotk] Result of batch 9:
INFO  [17:03:14.166] [bbotk]  nrounds        eta max_depth classif.ce warnings errors runtime_learners
INFO  [17:03:14.166] [bbotk]       65 0.02425406         8  0.1586524        0      0            0.321
INFO  [17:03:14.166] [bbotk]                                 uhash
INFO  [17:03:14.166] [bbotk]  814eedc3-b47a-4f8d-b2f9-ad76398edf38
INFO  [17:03:14.170] [bbotk] Evaluating 1 configuration(s)
INFO  [17:03:14.487] [bbotk] Result of batch 10:
INFO  [17:03:14.488] [bbotk]  nrounds        eta max_depth classif.ce warnings errors runtime_learners
INFO  [17:03:14.488] [bbotk]      241 0.09548126         2  0.1481226        0      0            0.285
INFO  [17:03:14.488] [bbotk]                                 uhash
INFO  [17:03:14.488] [bbotk]  89dadc3b-af02-4eba-9069-09ea2a89365e
INFO  [17:03:14.503] [bbotk] Finished optimizing after 10 evaluation(s)
INFO  [17:03:14.504] [bbotk] Result:
INFO  [17:03:14.504] [bbotk]  nrounds        eta max_depth learner_param_vals  x_domain classif.ce
INFO  [17:03:14.504] [bbotk]    <int>      <num>     <int>             <list>    <list>      <num>
INFO  [17:03:14.504] [bbotk]      241 0.09548126         2          <list[5]> <list[3]>  0.1481226
[1] -15.6171
[1] 24.13359

### [bt]: Job terminated successfully [batchtools job.id=1847]
### [bt]: Starting job [batchtools job.id=1848]
### [bt]: Generating problem instance for problem '42e9f2146ba77696' ...
### [bt]: Applying algorithm 'run_learner' on problem '42e9f2146ba77696' for job 1848 (seed = 1849) ...
INFO  [17:03:14.768] [mlr3] Applying learner 'classif.xgboost.tuned_calib.oof_beta' on task 'kc1' (iter 8/10)
INFO  [17:03:14.826] [bbotk] Starting to optimize 3 parameter(s) with '<OptimizerBatchRandomSearch>' and '<TerminatorEvals> [n_evals=10, k=0]'
INFO  [17:03:14.838] [bbotk] Evaluating 1 configuration(s)
INFO  [17:03:15.062] [bbotk] Result of batch 1:
INFO  [17:03:15.063] [bbotk]  nrounds        eta max_depth classif.ce warnings errors runtime_learners
INFO  [17:03:15.063] [bbotk]       83 0.07049243         3  0.1554677        0      0            0.185
INFO  [17:03:15.063] [bbotk]                                 uhash
INFO  [17:03:15.063] [bbotk]  f6dd37f2-223b-4f09-b2ef-463d485aee7e
INFO  [17:03:15.072] [bbotk] Evaluating 1 configuration(s)
INFO  [17:03:16.860] [bbotk] Result of batch 2:
INFO  [17:03:16.862] [bbotk]  nrounds       eta max_depth classif.ce warnings errors runtime_learners
INFO  [17:03:16.862] [bbotk]      299 0.1690733        10   0.168643        0      0            1.731
INFO  [17:03:16.862] [bbotk]                                 uhash
INFO  [17:03:16.862] [bbotk]  8f931845-ead5-4f77-a33b-b84fa1193e40
INFO  [17:03:16.872] [bbotk] Evaluating 1 configuration(s)
INFO  [17:03:17.774] [bbotk] Result of batch 3:
INFO  [17:03:17.778] [bbotk]  nrounds       eta max_depth classif.ce warnings errors runtime_learners
INFO  [17:03:17.778] [bbotk]      158 0.2019238        10  0.1640316        0      0            0.867
INFO  [17:03:17.778] [bbotk]                                 uhash
INFO  [17:03:17.778] [bbotk]  fc20b2f5-2357-4121-94a3-8d685f376970
INFO  [17:03:17.782] [bbotk] Evaluating 1 configuration(s)
INFO  [17:03:18.073] [bbotk] Result of batch 4:
INFO  [17:03:18.074] [bbotk]  nrounds        eta max_depth classif.ce warnings errors runtime_learners
INFO  [17:03:18.074] [bbotk]       57 0.04017701         7  0.1587615        0      0             0.25
INFO  [17:03:18.074] [bbotk]                                 uhash
INFO  [17:03:18.074] [bbotk]  4f53e2ad-f5e1-4c03-82bf-4f01d600e649
INFO  [17:03:18.078] [bbotk] Evaluating 1 configuration(s)
INFO  [17:03:18.282] [bbotk] Result of batch 5:
INFO  [17:03:18.285] [bbotk]  nrounds       eta max_depth classif.ce warnings errors runtime_learners
INFO  [17:03:18.285] [bbotk]       94 0.2810323         2   0.157444        0      0             0.14
INFO  [17:03:18.285] [bbotk]                                 uhash
INFO  [17:03:18.285] [bbotk]  f6239614-0abc-4bd5-b39d-27849dfcab71
INFO  [17:03:18.292] [bbotk] Evaluating 1 configuration(s)
INFO  [17:03:18.705] [bbotk] Result of batch 6:
INFO  [17:03:18.707] [bbotk]  nrounds       eta max_depth classif.ce warnings errors runtime_learners
INFO  [17:03:18.707] [bbotk]       61 0.2448324        10  0.1627141        0      0            0.384
INFO  [17:03:18.707] [bbotk]                                 uhash
INFO  [17:03:18.707] [bbotk]  cf5fa01a-9887-4b7c-9f59-d730aa76b71d
INFO  [17:03:18.715] [bbotk] Evaluating 1 configuration(s)
INFO  [17:03:18.900] [bbotk] Result of batch 7:
INFO  [17:03:18.902] [bbotk]  nrounds       eta max_depth classif.ce warnings errors runtime_learners
INFO  [17:03:18.902] [bbotk]       99 0.2988602         2  0.1594203        0      0            0.144
INFO  [17:03:18.902] [bbotk]                                 uhash
INFO  [17:03:18.902] [bbotk]  6464f026-02df-46ab-a606-0320301f2ef6
INFO  [17:03:18.909] [bbotk] Evaluating 1 configuration(s)
INFO  [17:03:19.595] [bbotk] Result of batch 8:
INFO  [17:03:19.596] [bbotk]  nrounds       eta max_depth classif.ce warnings errors runtime_learners
INFO  [17:03:19.596] [bbotk]      295 0.2475024         3  0.1693017        0      0             0.65
INFO  [17:03:19.596] [bbotk]                                 uhash
INFO  [17:03:19.596] [bbotk]  3854ba83-7f5a-4219-9bba-a0df3d6a80ce
INFO  [17:03:19.605] [bbotk] Evaluating 1 configuration(s)
INFO  [17:03:20.098] [bbotk] Result of batch 9:
INFO  [17:03:20.100] [bbotk]  nrounds       eta max_depth classif.ce warnings errors runtime_learners
INFO  [17:03:20.100] [bbotk]      110 0.1328532         7  0.1600791        0      0            0.454
INFO  [17:03:20.100] [bbotk]                                 uhash
INFO  [17:03:20.100] [bbotk]  01a4ce67-0875-4c23-ad8d-f3517aebf23c
INFO  [17:03:20.108] [bbotk] Evaluating 1 configuration(s)
INFO  [17:03:20.934] [bbotk] Result of batch 10:
INFO  [17:03:20.935] [bbotk]  nrounds        eta max_depth classif.ce warnings errors runtime_learners
INFO  [17:03:20.935] [bbotk]      158 0.08540017         9  0.1620553        0      0            0.792
INFO  [17:03:20.935] [bbotk]                                 uhash
INFO  [17:03:20.935] [bbotk]  95a63c13-e643-4d7f-b698-82364e61d558
INFO  [17:03:20.946] [bbotk] Finished optimizing after 10 evaluation(s)
INFO  [17:03:20.946] [bbotk] Result:
INFO  [17:03:20.947] [bbotk]  nrounds        eta max_depth learner_param_vals  x_domain classif.ce
INFO  [17:03:20.947] [bbotk]    <int>      <num>     <int>             <list>    <list>      <num>
INFO  [17:03:20.947] [bbotk]       83 0.07049243         3          <list[5]> <list[3]>  0.1554677
INFO  [17:03:21.093] [bbotk] Starting to optimize 3 parameter(s) with '<OptimizerBatchRandomSearch>' and '<TerminatorEvals> [n_evals=10, k=0]'
INFO  [17:03:21.114] [bbotk] Evaluating 1 configuration(s)
INFO  [17:03:21.821] [bbotk] Result of batch 1:
INFO  [17:03:21.822] [bbotk]  nrounds       eta max_depth classif.ce warnings errors runtime_learners
INFO  [17:03:21.822] [bbotk]      138 0.2077918         8  0.1442688        0      0            0.668
INFO  [17:03:21.822] [bbotk]                                 uhash
INFO  [17:03:21.822] [bbotk]  d13bf922-ed55-479b-ac24-0a2b361f9830
INFO  [17:03:21.826] [bbotk] Evaluating 1 configuration(s)
INFO  [17:03:22.695] [bbotk] Result of batch 2:
INFO  [17:03:22.696] [bbotk]  nrounds      eta max_depth classif.ce warnings errors runtime_learners
INFO  [17:03:22.696] [bbotk]      138 0.125972        10  0.1442688        0      0            0.833
INFO  [17:03:22.696] [bbotk]                                 uhash
INFO  [17:03:22.696] [bbotk]  a16e8fe5-7427-4146-95fc-cd0ff8b09b10
INFO  [17:03:22.700] [bbotk] Evaluating 1 configuration(s)
INFO  [17:03:24.243] [bbotk] Result of batch 3:
INFO  [17:03:24.245] [bbotk]  nrounds       eta max_depth classif.ce warnings errors runtime_learners
INFO  [17:03:24.245] [bbotk]      280 0.1542206        10    0.14361        0      0            1.511
INFO  [17:03:24.245] [bbotk]                                 uhash
INFO  [17:03:24.245] [bbotk]  2e670424-4e9b-49ff-b0d0-bf4931c02a07
INFO  [17:03:24.250] [bbotk] Evaluating 1 configuration(s)
INFO  [17:03:24.508] [bbotk] Result of batch 4:
INFO  [17:03:24.509] [bbotk]  nrounds       eta max_depth classif.ce warnings errors runtime_learners
INFO  [17:03:24.509] [bbotk]      169 0.1287268         2  0.1455863        0      0            0.216
INFO  [17:03:24.509] [bbotk]                                 uhash
INFO  [17:03:24.509] [bbotk]  27e25174-1f7c-4c0f-9b24-657087bb34af
INFO  [17:03:24.513] [bbotk] Evaluating 1 configuration(s)
INFO  [17:03:25.287] [bbotk] Result of batch 5:
INFO  [17:03:25.288] [bbotk]  nrounds       eta max_depth classif.ce warnings errors runtime_learners
INFO  [17:03:25.288] [bbotk]      272 0.1992395         4  0.1482213        0      0             0.72
INFO  [17:03:25.288] [bbotk]                                 uhash
INFO  [17:03:25.288] [bbotk]  82c3e810-30e2-47da-8f0f-2ed65ae3a482
INFO  [17:03:25.292] [bbotk] Evaluating 1 configuration(s)
INFO  [17:03:25.769] [bbotk] Result of batch 6:
INFO  [17:03:25.770] [bbotk]  nrounds       eta max_depth classif.ce warnings errors runtime_learners
INFO  [17:03:25.770] [bbotk]       73 0.1133195         9  0.1403162        0      0            0.417
INFO  [17:03:25.770] [bbotk]                                 uhash
INFO  [17:03:25.770] [bbotk]  fbccc2d8-a648-458d-acf4-7f9120961a9b
INFO  [17:03:25.773] [bbotk] Evaluating 1 configuration(s)
INFO  [17:03:26.221] [bbotk] Result of batch 7:
INFO  [17:03:26.222] [bbotk]  nrounds        eta max_depth classif.ce warnings errors runtime_learners
INFO  [17:03:26.222] [bbotk]      149 0.03065817         4  0.1396574        0      0            0.407
INFO  [17:03:26.222] [bbotk]                                 uhash
INFO  [17:03:26.222] [bbotk]  c3e45af2-2811-4d66-b7e2-9a8a4b0dcbd2
INFO  [17:03:26.225] [bbotk] Evaluating 1 configuration(s)
INFO  [17:03:27.262] [bbotk] Result of batch 8:
INFO  [17:03:27.263] [bbotk]  nrounds       eta max_depth classif.ce warnings errors runtime_learners
INFO  [17:03:27.263] [bbotk]      209 0.1576953         8  0.1475626        0      0            0.991
INFO  [17:03:27.263] [bbotk]                                 uhash
INFO  [17:03:27.263] [bbotk]  1652fab1-38c8-4d0d-8eb8-279643e020a9
INFO  [17:03:27.267] [bbotk] Evaluating 1 configuration(s)
INFO  [17:03:27.498] [bbotk] Result of batch 9:
INFO  [17:03:27.500] [bbotk]  nrounds       eta max_depth classif.ce warnings errors runtime_learners
INFO  [17:03:27.500] [bbotk]       91 0.2995697         3  0.1508564        0      0            0.187
INFO  [17:03:27.500] [bbotk]                                 uhash
INFO  [17:03:27.500] [bbotk]  649473fc-64ff-4188-836f-a8b64af577ac
INFO  [17:03:27.508] [bbotk] Evaluating 1 configuration(s)
INFO  [17:03:29.104] [bbotk] Result of batch 10:
INFO  [17:03:29.107] [bbotk]  nrounds        eta max_depth classif.ce warnings errors runtime_learners
INFO  [17:03:29.107] [bbotk]      296 0.04710202         9    0.14361        0      0            1.557
INFO  [17:03:29.107] [bbotk]                                 uhash
INFO  [17:03:29.107] [bbotk]  4b7d9aa7-62b5-48cc-9f5e-13bc49d6e908
INFO  [17:03:29.116] [bbotk] Finished optimizing after 10 evaluation(s)
INFO  [17:03:29.116] [bbotk] Result:
INFO  [17:03:29.117] [bbotk]  nrounds        eta max_depth learner_param_vals  x_domain classif.ce
INFO  [17:03:29.117] [bbotk]    <int>      <num>     <int>             <list>    <list>      <num>
INFO  [17:03:29.117] [bbotk]      149 0.03065817         4          <list[5]> <list[3]>  0.1396574
INFO  [17:03:29.354] [bbotk] Starting to optimize 3 parameter(s) with '<OptimizerBatchRandomSearch>' and '<TerminatorEvals> [n_evals=10, k=0]'
INFO  [17:03:29.372] [bbotk] Evaluating 1 configuration(s)
INFO  [17:03:29.659] [bbotk] Result of batch 1:
INFO  [17:03:29.660] [bbotk]  nrounds        eta max_depth classif.ce warnings errors runtime_learners
INFO  [17:03:29.660] [bbotk]       89 0.09296861         4  0.1534914        0      0            0.242
INFO  [17:03:29.660] [bbotk]                                 uhash
INFO  [17:03:29.660] [bbotk]  a6317b8e-7e8b-47d8-9bb5-b6b203bdd205
INFO  [17:03:29.664] [bbotk] Evaluating 1 configuration(s)
INFO  [17:03:30.184] [bbotk] Result of batch 2:
INFO  [17:03:30.185] [bbotk]  nrounds       eta max_depth classif.ce warnings errors runtime_learners
INFO  [17:03:30.185] [bbotk]      173 0.1431025         4  0.1515152        0      0            0.489
INFO  [17:03:30.185] [bbotk]                                 uhash
INFO  [17:03:30.185] [bbotk]  548da45a-b1ad-4e62-8b81-ed4fef49eaa4
INFO  [17:03:30.190] [bbotk] Evaluating 1 configuration(s)
INFO  [17:03:31.601] [bbotk] Result of batch 3:
INFO  [17:03:31.603] [bbotk]  nrounds       eta max_depth classif.ce warnings errors runtime_learners
INFO  [17:03:31.603] [bbotk]      258 0.1839927         9  0.1587615        0      0            1.361
INFO  [17:03:31.603] [bbotk]                                 uhash
INFO  [17:03:31.603] [bbotk]  ac008cf9-d989-48f8-96b1-8fd6fa410c3e
INFO  [17:03:31.612] [bbotk] Evaluating 1 configuration(s)
INFO  [17:03:32.493] [bbotk] Result of batch 4:
INFO  [17:03:32.494] [bbotk]  nrounds       eta max_depth classif.ce warnings errors runtime_learners
INFO  [17:03:32.494] [bbotk]      272 0.2271991         5  0.1607378        0      0            0.842
INFO  [17:03:32.494] [bbotk]                                 uhash
INFO  [17:03:32.494] [bbotk]  2d022d3d-43ef-4976-97bc-03c9a0c47d4b
INFO  [17:03:32.503] [bbotk] Evaluating 1 configuration(s)
INFO  [17:03:32.679] [bbotk] Result of batch 5:
INFO  [17:03:32.680] [bbotk]  nrounds        eta max_depth classif.ce warnings errors runtime_learners
INFO  [17:03:32.680] [bbotk]      108 0.02271221         2  0.1442688        0      0            0.139
INFO  [17:03:32.680] [bbotk]                                 uhash
INFO  [17:03:32.680] [bbotk]  59688ea5-b408-4090-9b16-678eb958fd3f
INFO  [17:03:32.684] [bbotk] Evaluating 1 configuration(s)
INFO  [17:03:33.373] [bbotk] Result of batch 6:
INFO  [17:03:33.375] [bbotk]  nrounds       eta max_depth classif.ce warnings errors runtime_learners
INFO  [17:03:33.375] [bbotk]      106 0.1143542        10  0.1561265        0      0            0.652
INFO  [17:03:33.375] [bbotk]                                 uhash
INFO  [17:03:33.375] [bbotk]  b74894ac-1455-4f52-b9e8-2234a1c0eba0
INFO  [17:03:33.384] [bbotk] Evaluating 1 configuration(s)
INFO  [17:03:34.428] [bbotk] Result of batch 7:
INFO  [17:03:34.430] [bbotk]  nrounds      eta max_depth classif.ce warnings errors runtime_learners
INFO  [17:03:34.430] [bbotk]      246 0.270121         8  0.1613966        0      0            1.003
INFO  [17:03:34.430] [bbotk]                                 uhash
INFO  [17:03:34.430] [bbotk]  33a0d75a-df5d-4654-9899-877dd2866580
INFO  [17:03:34.440] [bbotk] Evaluating 1 configuration(s)
INFO  [17:03:34.897] [bbotk] Result of batch 8:
INFO  [17:03:34.898] [bbotk]  nrounds       eta max_depth classif.ce warnings errors runtime_learners
INFO  [17:03:34.898] [bbotk]      128 0.1614999         5  0.1521739        0      0            0.414
INFO  [17:03:34.898] [bbotk]                                 uhash
INFO  [17:03:34.898] [bbotk]  be536480-1ac5-4d8a-b53b-4f0e1a1ea5e1
INFO  [17:03:34.902] [bbotk] Evaluating 1 configuration(s)
INFO  [17:03:35.159] [bbotk] Result of batch 9:
INFO  [17:03:35.160] [bbotk]  nrounds       eta max_depth classif.ce warnings errors runtime_learners
INFO  [17:03:35.160] [bbotk]      161 0.2635428         2  0.1508564        0      0            0.218
INFO  [17:03:35.160] [bbotk]                                 uhash
INFO  [17:03:35.160] [bbotk]  eae609ae-c94b-487b-b589-db11801ec54b
INFO  [17:03:35.168] [bbotk] Evaluating 1 configuration(s)
INFO  [17:03:35.364] [bbotk] Result of batch 10:
INFO  [17:03:35.365] [bbotk]  nrounds       eta max_depth classif.ce warnings errors runtime_learners
INFO  [17:03:35.365] [bbotk]       97 0.2730634         2  0.1515152        0      0            0.151
INFO  [17:03:35.365] [bbotk]                                 uhash
INFO  [17:03:35.365] [bbotk]  a6883318-1f5d-4c59-b6b4-8cd40e266e5c
INFO  [17:03:35.379] [bbotk] Finished optimizing after 10 evaluation(s)
INFO  [17:03:35.379] [bbotk] Result:
INFO  [17:03:35.381] [bbotk]  nrounds        eta max_depth learner_param_vals  x_domain classif.ce
INFO  [17:03:35.381] [bbotk]    <int>      <num>     <int>             <list>    <list>      <num>
INFO  [17:03:35.381] [bbotk]      108 0.02271221         2          <list[5]> <list[3]>  0.1442688
INFO  [17:03:35.514] [bbotk] Starting to optimize 3 parameter(s) with '<OptimizerBatchRandomSearch>' and '<TerminatorEvals> [n_evals=10, k=0]'
INFO  [17:03:35.533] [bbotk] Evaluating 1 configuration(s)
INFO  [17:03:36.555] [bbotk] Result of batch 1:
INFO  [17:03:36.556] [bbotk]  nrounds       eta max_depth classif.ce warnings errors runtime_learners
INFO  [17:03:36.556] [bbotk]      189 0.1020928         9  0.1527378        0      0            0.973
INFO  [17:03:36.556] [bbotk]                                 uhash
INFO  [17:03:36.556] [bbotk]  c7974d28-3e78-460c-b53c-a684b1ee84ac
INFO  [17:03:36.559] [bbotk] Evaluating 1 configuration(s)
INFO  [17:03:36.817] [bbotk] Result of batch 2:
INFO  [17:03:36.819] [bbotk]  nrounds       eta max_depth classif.ce warnings errors runtime_learners
INFO  [17:03:36.819] [bbotk]      152 0.2287768         2  0.1474664        0      0            0.218
INFO  [17:03:36.819] [bbotk]                                 uhash
INFO  [17:03:36.819] [bbotk]  768f46e7-16c7-441f-b1a9-39296382f7c7
INFO  [17:03:36.823] [bbotk] Evaluating 1 configuration(s)
INFO  [17:03:37.560] [bbotk] Result of batch 3:
INFO  [17:03:37.561] [bbotk]  nrounds       eta max_depth classif.ce warnings errors runtime_learners
INFO  [17:03:37.561] [bbotk]      128 0.1413937        10   0.149444        0      0            0.694
INFO  [17:03:37.561] [bbotk]                                 uhash
INFO  [17:03:37.561] [bbotk]  9fc9187a-2634-475c-a475-e2d2de331a0b
INFO  [17:03:37.566] [bbotk] Evaluating 1 configuration(s)
INFO  [17:03:38.435] [bbotk] Result of batch 4:
INFO  [17:03:38.436] [bbotk]  nrounds       eta max_depth classif.ce warnings errors runtime_learners
INFO  [17:03:38.436] [bbotk]      273 0.1362811         5  0.1527352        0      0            0.834
INFO  [17:03:38.436] [bbotk]                                 uhash
INFO  [17:03:38.436] [bbotk]  b7b88f68-28c3-4e62-8e65-01349d889e5c
INFO  [17:03:38.440] [bbotk] Evaluating 1 configuration(s)
INFO  [17:03:38.926] [bbotk] Result of batch 5:
INFO  [17:03:38.928] [bbotk]  nrounds       eta max_depth classif.ce warnings errors runtime_learners
INFO  [17:03:38.928] [bbotk]       87 0.2987561         9  0.1547115        0      0            0.446
INFO  [17:03:38.928] [bbotk]                                 uhash
INFO  [17:03:38.928] [bbotk]  cc38cafc-2bcd-4aa0-87dc-0efcc8b2f150
INFO  [17:03:38.939] [bbotk] Evaluating 1 configuration(s)
INFO  [17:03:39.385] [bbotk] Result of batch 6:
INFO  [17:03:39.386] [bbotk]  nrounds        eta max_depth classif.ce warnings errors runtime_learners
INFO  [17:03:39.386] [bbotk]      142 0.05495502         4  0.1428564        0      0            0.391
INFO  [17:03:39.386] [bbotk]                                 uhash
INFO  [17:03:39.386] [bbotk]  fd2b2c95-1902-469d-81be-72f81c6ea139
INFO  [17:03:39.390] [bbotk] Evaluating 1 configuration(s)
INFO  [17:03:40.357] [bbotk] Result of batch 7:
INFO  [17:03:40.358] [bbotk]  nrounds        eta max_depth classif.ce warnings errors runtime_learners
INFO  [17:03:40.358] [bbotk]      172 0.05436448         9  0.1553703        0      0            0.936
INFO  [17:03:40.358] [bbotk]                                 uhash
INFO  [17:03:40.358] [bbotk]  b6ac24e7-0c87-4ea7-bfbd-098755aa60ce
INFO  [17:03:40.368] [bbotk] Evaluating 1 configuration(s)
INFO  [17:03:40.616] [bbotk] Result of batch 8:
INFO  [17:03:40.618] [bbotk]  nrounds       eta max_depth classif.ce warnings errors runtime_learners
INFO  [17:03:40.618] [bbotk]      134 0.1952501         2   0.144834        0      0            0.201
INFO  [17:03:40.618] [bbotk]                                 uhash
INFO  [17:03:40.618] [bbotk]  53e1287e-161b-4875-8e9d-d2b623218e0c
INFO  [17:03:40.623] [bbotk] Evaluating 1 configuration(s)
INFO  [17:03:41.272] [bbotk] Result of batch 9:
INFO  [17:03:41.273] [bbotk]  nrounds       eta max_depth classif.ce warnings errors runtime_learners
INFO  [17:03:41.273] [bbotk]      117 0.2656296         9  0.1507602        0      0            0.603
INFO  [17:03:41.273] [bbotk]                                 uhash
INFO  [17:03:41.273] [bbotk]  6f53d744-9cbd-4e66-b78d-2470b4f8dfbb
INFO  [17:03:41.277] [bbotk] Evaluating 1 configuration(s)
INFO  [17:03:41.489] [bbotk] Result of batch 10:
INFO  [17:03:41.490] [bbotk]  nrounds       eta max_depth classif.ce warnings errors runtime_learners
INFO  [17:03:41.490] [bbotk]       78 0.1639815         3  0.1474729        0      0            0.173
INFO  [17:03:41.490] [bbotk]                                 uhash
INFO  [17:03:41.490] [bbotk]  f190b333-ff5b-4197-af0f-e149292efa42
INFO  [17:03:41.504] [bbotk] Finished optimizing after 10 evaluation(s)
INFO  [17:03:41.504] [bbotk] Result:
INFO  [17:03:41.505] [bbotk]  nrounds        eta max_depth learner_param_vals  x_domain classif.ce
INFO  [17:03:41.505] [bbotk]    <int>      <num>     <int>             <list>    <list>      <num>
INFO  [17:03:41.505] [bbotk]      142 0.05495502         4          <list[5]> <list[3]>  0.1428564
INFO  [17:03:41.737] [bbotk] Starting to optimize 3 parameter(s) with '<OptimizerBatchRandomSearch>' and '<TerminatorEvals> [n_evals=10, k=0]'
INFO  [17:03:41.751] [bbotk] Evaluating 1 configuration(s)
INFO  [17:03:42.123] [bbotk] Result of batch 1:
INFO  [17:03:42.124] [bbotk]  nrounds       eta max_depth classif.ce warnings errors runtime_learners
INFO  [17:03:42.124] [bbotk]      216 0.0497519         2  0.1388947        0      0            0.325
INFO  [17:03:42.124] [bbotk]                                 uhash
INFO  [17:03:42.124] [bbotk]  455f56c2-2178-479c-b7ce-e14ba6bdb45c
INFO  [17:03:42.128] [bbotk] Evaluating 1 configuration(s)
INFO  [17:03:42.540] [bbotk] Result of batch 2:
INFO  [17:03:42.541] [bbotk]  nrounds       eta max_depth classif.ce warnings errors runtime_learners
INFO  [17:03:42.541] [bbotk]      255 0.1540907         2  0.1500859        0      0             0.37
INFO  [17:03:42.541] [bbotk]                                 uhash
INFO  [17:03:42.541] [bbotk]  5a9b3f5c-1196-4161-b6a7-bffef156a9a1
INFO  [17:03:42.546] [bbotk] Evaluating 1 configuration(s)
INFO  [17:03:42.775] [bbotk] Result of batch 3:
INFO  [17:03:42.777] [bbotk]  nrounds        eta max_depth classif.ce warnings errors runtime_learners
INFO  [17:03:42.777] [bbotk]       56 0.09699406         5  0.1415259        0      0            0.192
INFO  [17:03:42.777] [bbotk]                                 uhash
INFO  [17:03:42.777] [bbotk]  60141dc0-72cd-41a3-9212-76e8afb001db
INFO  [17:03:42.786] [bbotk] Evaluating 1 configuration(s)
INFO  [17:03:43.114] [bbotk] Result of batch 4:
INFO  [17:03:43.116] [bbotk]  nrounds       eta max_depth classif.ce warnings errors runtime_learners
INFO  [17:03:43.116] [bbotk]      107 0.1800083         4  0.1573336        0      0            0.282
INFO  [17:03:43.116] [bbotk]                                 uhash
INFO  [17:03:43.116] [bbotk]  66bbb011-1dfb-463b-8b0f-15002ca5eb1f
INFO  [17:03:43.123] [bbotk] Evaluating 1 configuration(s)
INFO  [17:03:43.721] [bbotk] Result of batch 5:
INFO  [17:03:43.722] [bbotk]  nrounds       eta max_depth classif.ce warnings errors runtime_learners
INFO  [17:03:43.722] [bbotk]       93 0.1209208        10  0.1520596        0      0            0.562
INFO  [17:03:43.722] [bbotk]                                 uhash
INFO  [17:03:43.722] [bbotk]  3cf1058f-77dd-42ff-a1c0-0b2d1a64aee8
INFO  [17:03:43.726] [bbotk] Evaluating 1 configuration(s)
INFO  [17:03:44.437] [bbotk] Result of batch 6:
INFO  [17:03:44.439] [bbotk]  nrounds       eta max_depth classif.ce warnings errors runtime_learners
INFO  [17:03:44.439] [bbotk]      137 0.1570949         7  0.1546972        0      0            0.652
INFO  [17:03:44.439] [bbotk]                                 uhash
INFO  [17:03:44.439] [bbotk]  fd350f35-a823-48d7-9a52-e2eadeaab3ce
INFO  [17:03:44.453] [bbotk] Evaluating 1 configuration(s)
INFO  [17:03:45.144] [bbotk] Result of batch 7:
INFO  [17:03:45.146] [bbotk]  nrounds       eta max_depth classif.ce warnings errors runtime_learners
INFO  [17:03:45.146] [bbotk]      262 0.1562393         4  0.1606222        0      0             0.65
INFO  [17:03:45.146] [bbotk]                                 uhash
INFO  [17:03:45.146] [bbotk]  d3aac081-df2b-40d7-8d84-e203ea788eed
INFO  [17:03:45.157] [bbotk] Evaluating 1 configuration(s)
INFO  [17:03:46.131] [bbotk] Result of batch 8:
INFO  [17:03:46.132] [bbotk]  nrounds       eta max_depth classif.ce warnings errors runtime_learners
INFO  [17:03:46.132] [bbotk]      157 0.2468477        10  0.1586485        0      0            0.927
INFO  [17:03:46.132] [bbotk]                                 uhash
INFO  [17:03:46.132] [bbotk]  f6531c06-06e3-42a6-9c23-b9e21aed93e3
INFO  [17:03:46.136] [bbotk] Evaluating 1 configuration(s)
INFO  [17:03:46.390] [bbotk] Result of batch 9:
INFO  [17:03:46.392] [bbotk]  nrounds        eta max_depth classif.ce warnings errors runtime_learners
INFO  [17:03:46.392] [bbotk]      115 0.04055644         3  0.1382308        0      0            0.223
INFO  [17:03:46.392] [bbotk]                                 uhash
INFO  [17:03:46.392] [bbotk]  9f3bb701-5371-4597-a323-cf9bca7cd290
INFO  [17:03:46.400] [bbotk] Evaluating 1 configuration(s)
INFO  [17:03:47.312] [bbotk] Result of batch 10:
INFO  [17:03:47.320] [bbotk]  nrounds       eta max_depth classif.ce warnings errors runtime_learners
INFO  [17:03:47.320] [bbotk]      219 0.2068265         6  0.1533758        0      0            0.871
INFO  [17:03:47.320] [bbotk]                                 uhash
INFO  [17:03:47.320] [bbotk]  d46947fc-407e-4783-9caa-96c6a8a14d59
INFO  [17:03:47.329] [bbotk] Finished optimizing after 10 evaluation(s)
INFO  [17:03:47.329] [bbotk] Result:
INFO  [17:03:47.330] [bbotk]  nrounds        eta max_depth learner_param_vals  x_domain classif.ce
INFO  [17:03:47.330] [bbotk]    <int>      <num>     <int>             <list>    <list>      <num>
INFO  [17:03:47.330] [bbotk]      115 0.04055644         3          <list[5]> <list[3]>  0.1382308
[1] -4.567182
[1] 45.80134

### [bt]: Job terminated successfully [batchtools job.id=1848]
### [bt]: Starting job [batchtools job.id=1849]
### [bt]: Generating problem instance for problem '42e9f2146ba77696' ...
### [bt]: Applying algorithm 'run_learner' on problem '42e9f2146ba77696' for job 1849 (seed = 1850) ...
INFO  [17:03:47.504] [mlr3] Applying learner 'classif.xgboost.tuned_calib.oof_beta' on task 'kc1' (iter 9/10)
INFO  [17:03:47.540] [bbotk] Starting to optimize 3 parameter(s) with '<OptimizerBatchRandomSearch>' and '<TerminatorEvals> [n_evals=10, k=0]'
INFO  [17:03:47.561] [bbotk] Evaluating 1 configuration(s)
INFO  [17:03:48.265] [bbotk] Result of batch 1:
INFO  [17:03:48.266] [bbotk]  nrounds        eta max_depth classif.ce warnings errors runtime_learners
INFO  [17:03:48.266] [bbotk]      122 0.03231742         8  0.1541502        0      0            0.661
INFO  [17:03:48.266] [bbotk]                                 uhash
INFO  [17:03:48.266] [bbotk]  13ab9d4c-42ac-4238-b5e5-294deb82cc15
INFO  [17:03:48.272] [bbotk] Evaluating 1 configuration(s)
INFO  [17:03:49.658] [bbotk] Result of batch 2:
INFO  [17:03:49.659] [bbotk]  nrounds       eta max_depth classif.ce warnings errors runtime_learners
INFO  [17:03:49.659] [bbotk]      285 0.2128512         8  0.1488801        0      0            1.349
INFO  [17:03:49.659] [bbotk]                                 uhash
INFO  [17:03:49.659] [bbotk]  2a174cd7-b9a0-4b63-b568-14a819c6ace3
INFO  [17:03:49.663] [bbotk] Evaluating 1 configuration(s)
INFO  [17:03:50.033] [bbotk] Result of batch 3:
INFO  [17:03:50.034] [bbotk]  nrounds       eta max_depth classif.ce warnings errors runtime_learners
INFO  [17:03:50.034] [bbotk]      215 0.2448758         2  0.1627141        0      0            0.314
INFO  [17:03:50.034] [bbotk]                                 uhash
INFO  [17:03:50.034] [bbotk]  52066f08-5690-4981-82d7-6627fdea0017
INFO  [17:03:50.039] [bbotk] Evaluating 1 configuration(s)
INFO  [17:03:51.491] [bbotk] Result of batch 4:
INFO  [17:03:51.492] [bbotk]  nrounds       eta max_depth classif.ce warnings errors runtime_learners
INFO  [17:03:51.492] [bbotk]      257 0.2571868        10  0.1455863        0      0            1.409
INFO  [17:03:51.492] [bbotk]                                 uhash
INFO  [17:03:51.492] [bbotk]  6fabdcea-0744-4f8d-aeae-c1383a6b769a
INFO  [17:03:51.497] [bbotk] Evaluating 1 configuration(s)
INFO  [17:03:51.604] [bbotk] Result of batch 5:
INFO  [17:03:51.606] [bbotk]  nrounds        eta max_depth classif.ce warnings errors runtime_learners
INFO  [17:03:51.606] [bbotk]       51 0.08837523         2  0.1515152        0      0            0.064
INFO  [17:03:51.606] [bbotk]                                 uhash
INFO  [17:03:51.606] [bbotk]  4d206201-2489-4eb1-8f6b-038fc47366c1
INFO  [17:03:51.613] [bbotk] Evaluating 1 configuration(s)
INFO  [17:03:52.518] [bbotk] Result of batch 6:
INFO  [17:03:52.519] [bbotk]  nrounds       eta max_depth classif.ce warnings errors runtime_learners
INFO  [17:03:52.519] [bbotk]      177 0.1025874         8  0.1455863        0      0            0.862
INFO  [17:03:52.519] [bbotk]                                 uhash
INFO  [17:03:52.519] [bbotk]  7c73936f-552d-4323-ad82-f00e99948a6c
INFO  [17:03:52.523] [bbotk] Evaluating 1 configuration(s)
INFO  [17:03:53.033] [bbotk] Result of batch 7:
INFO  [17:03:53.034] [bbotk]  nrounds       eta max_depth classif.ce warnings errors runtime_learners
INFO  [17:03:53.034] [bbotk]      118 0.2808898         6  0.1455863        0      0            0.461
INFO  [17:03:53.034] [bbotk]                                 uhash
INFO  [17:03:53.034] [bbotk]  45c15830-a147-443d-b19a-fa88684296c3
INFO  [17:03:53.044] [bbotk] Evaluating 1 configuration(s)
INFO  [17:03:54.234] [bbotk] Result of batch 8:
INFO  [17:03:54.235] [bbotk]  nrounds        eta max_depth classif.ce warnings errors runtime_learners
INFO  [17:03:54.235] [bbotk]      207 0.08282223        10  0.1462451        0      0            1.144
INFO  [17:03:54.235] [bbotk]                                 uhash
INFO  [17:03:54.235] [bbotk]  0e93ec67-6664-4649-adc0-507127066613
INFO  [17:03:54.242] [bbotk] Evaluating 1 configuration(s)
INFO  [17:03:54.794] [bbotk] Result of batch 9:
INFO  [17:03:54.796] [bbotk]  nrounds      eta max_depth classif.ce warnings errors runtime_learners
INFO  [17:03:54.796] [bbotk]      216 0.216544         3  0.1462451        0      0            0.503
INFO  [17:03:54.796] [bbotk]                                 uhash
INFO  [17:03:54.796] [bbotk]  f30d4a0b-34b5-4e65-9e17-426c87334799
INFO  [17:03:54.801] [bbotk] Evaluating 1 configuration(s)
INFO  [17:03:55.323] [bbotk] Result of batch 10:
INFO  [17:03:55.325] [bbotk]  nrounds       eta max_depth classif.ce warnings errors runtime_learners
INFO  [17:03:55.325] [bbotk]      177 0.2667893         4  0.1416337        0      0            0.476
INFO  [17:03:55.325] [bbotk]                                 uhash
INFO  [17:03:55.325] [bbotk]  0dcc992e-cefc-4352-a920-83b679de2a82
INFO  [17:03:55.345] [bbotk] Finished optimizing after 10 evaluation(s)
INFO  [17:03:55.346] [bbotk] Result:
INFO  [17:03:55.347] [bbotk]  nrounds       eta max_depth learner_param_vals  x_domain classif.ce
INFO  [17:03:55.347] [bbotk]    <int>     <num>     <int>             <list>    <list>      <num>
INFO  [17:03:55.347] [bbotk]      177 0.2667893         4          <list[5]> <list[3]>  0.1416337
INFO  [17:03:55.598] [bbotk] Starting to optimize 3 parameter(s) with '<OptimizerBatchRandomSearch>' and '<TerminatorEvals> [n_evals=10, k=0]'
INFO  [17:03:55.617] [bbotk] Evaluating 1 configuration(s)
INFO  [17:03:57.141] [bbotk] Result of batch 1:
INFO  [17:03:57.142] [bbotk]  nrounds       eta max_depth classif.ce warnings errors runtime_learners
INFO  [17:03:57.142] [bbotk]      295 0.2425235        10  0.1521739        0      0             1.49
INFO  [17:03:57.142] [bbotk]                                 uhash
INFO  [17:03:57.142] [bbotk]  923942b3-7818-4ed7-84e2-e4deda255afa
INFO  [17:03:57.146] [bbotk] Evaluating 1 configuration(s)
INFO  [17:03:58.228] [bbotk] Result of batch 2:
INFO  [17:03:58.230] [bbotk]  nrounds        eta max_depth classif.ce warnings errors runtime_learners
INFO  [17:03:58.230] [bbotk]      232 0.01786434         7  0.1416337        0      0            1.028
INFO  [17:03:58.230] [bbotk]                                 uhash
INFO  [17:03:58.230] [bbotk]  fab517a5-e9de-4652-9d1b-4235e7e53685
INFO  [17:03:58.234] [bbotk] Evaluating 1 configuration(s)
INFO  [17:03:58.422] [bbotk] Result of batch 3:
INFO  [17:03:58.423] [bbotk]  nrounds        eta max_depth classif.ce warnings errors runtime_learners
INFO  [17:03:58.423] [bbotk]       63 0.02372059         3  0.1488801        0      0            0.149
INFO  [17:03:58.423] [bbotk]                                 uhash
INFO  [17:03:58.423] [bbotk]  8f1de1bf-5f2d-4b11-9ca2-b4885d75c4cb
INFO  [17:03:58.427] [bbotk] Evaluating 1 configuration(s)
INFO  [17:03:59.177] [bbotk] Result of batch 4:
INFO  [17:03:59.179] [bbotk]  nrounds       eta max_depth classif.ce warnings errors runtime_learners
INFO  [17:03:59.179] [bbotk]      274 0.2557302         4  0.1501976        0      0            0.718
INFO  [17:03:59.179] [bbotk]                                 uhash
INFO  [17:03:59.179] [bbotk]  5a293f45-c1db-47c8-a57d-0d59023f697f
INFO  [17:03:59.187] [bbotk] Evaluating 1 configuration(s)
INFO  [17:04:00.438] [bbotk] Result of batch 5:
INFO  [17:04:00.439] [bbotk]  nrounds       eta max_depth classif.ce warnings errors runtime_learners
INFO  [17:04:00.439] [bbotk]      238 0.0949659         9  0.1482213        0      0            1.217
INFO  [17:04:00.439] [bbotk]                                 uhash
INFO  [17:04:00.439] [bbotk]  afea3edd-ebc4-4aeb-94af-f42cfb0bea39
INFO  [17:04:00.443] [bbotk] Evaluating 1 configuration(s)
INFO  [17:04:01.230] [bbotk] Result of batch 6:
INFO  [17:04:01.231] [bbotk]  nrounds        eta max_depth classif.ce warnings errors runtime_learners
INFO  [17:04:01.231] [bbotk]      176 0.04250143         7  0.1429513        0      0            0.753
INFO  [17:04:01.231] [bbotk]                                 uhash
INFO  [17:04:01.231] [bbotk]  b6fb0d9b-34c9-4dda-9f16-3ce1d038a6e9
INFO  [17:04:01.234] [bbotk] Evaluating 1 configuration(s)
INFO  [17:04:01.987] [bbotk] Result of batch 7:
INFO  [17:04:01.988] [bbotk]  nrounds       eta max_depth classif.ce warnings errors runtime_learners
INFO  [17:04:01.988] [bbotk]      256 0.1585568         4  0.1521739        0      0            0.698
INFO  [17:04:01.988] [bbotk]                                 uhash
INFO  [17:04:01.988] [bbotk]  5e414aaa-b2ad-42ab-9dcc-9228025220a9
INFO  [17:04:01.997] [bbotk] Evaluating 1 configuration(s)
INFO  [17:04:02.632] [bbotk] Result of batch 8:
INFO  [17:04:02.633] [bbotk]  nrounds        eta max_depth classif.ce warnings errors runtime_learners
INFO  [17:04:02.633] [bbotk]      113 0.06812747         9  0.1501976        0      0            0.604
INFO  [17:04:02.633] [bbotk]                                 uhash
INFO  [17:04:02.633] [bbotk]  6939f379-4691-4d8c-bc21-a52d830bf161
INFO  [17:04:02.638] [bbotk] Evaluating 1 configuration(s)
INFO  [17:04:03.311] [bbotk] Result of batch 9:
INFO  [17:04:03.312] [bbotk]  nrounds       eta max_depth classif.ce warnings errors runtime_learners
INFO  [17:04:03.312] [bbotk]      231 0.0490966         4  0.1422925        0      0            0.633
INFO  [17:04:03.312] [bbotk]                                 uhash
INFO  [17:04:03.312] [bbotk]  9bf2a1de-60a9-4da0-80d0-31355c1cb424
INFO  [17:04:03.316] [bbotk] Evaluating 1 configuration(s)
INFO  [17:04:03.500] [bbotk] Result of batch 10:
INFO  [17:04:03.501] [bbotk]  nrounds       eta max_depth classif.ce warnings errors runtime_learners
INFO  [17:04:03.501] [bbotk]      100 0.2315175         3    0.14361        0      0             0.15
INFO  [17:04:03.501] [bbotk]                                 uhash
INFO  [17:04:03.501] [bbotk]  3ee02572-d9f1-4b94-b9dd-ea13a44ff220
INFO  [17:04:03.509] [bbotk] Finished optimizing after 10 evaluation(s)
INFO  [17:04:03.509] [bbotk] Result:
INFO  [17:04:03.510] [bbotk]  nrounds        eta max_depth learner_param_vals  x_domain classif.ce
INFO  [17:04:03.510] [bbotk]    <int>      <num>     <int>             <list>    <list>      <num>
INFO  [17:04:03.510] [bbotk]      232 0.01786434         7          <list[5]> <list[3]>  0.1416337
INFO  [17:04:04.049] [bbotk] Starting to optimize 3 parameter(s) with '<OptimizerBatchRandomSearch>' and '<TerminatorEvals> [n_evals=10, k=0]'
INFO  [17:04:04.072] [bbotk] Evaluating 1 configuration(s)
INFO  [17:04:04.822] [bbotk] Result of batch 1:
INFO  [17:04:04.824] [bbotk]  nrounds       eta max_depth classif.ce warnings errors runtime_learners
INFO  [17:04:04.824] [bbotk]      190 0.1323839         6  0.1488801        0      0            0.702
INFO  [17:04:04.824] [bbotk]                                 uhash
INFO  [17:04:04.824] [bbotk]  d4031298-0687-4c06-bdeb-33df832635c8
INFO  [17:04:04.832] [bbotk] Evaluating 1 configuration(s)
INFO  [17:04:05.198] [bbotk] Result of batch 2:
INFO  [17:04:05.199] [bbotk]  nrounds       eta max_depth classif.ce warnings errors runtime_learners
INFO  [17:04:05.199] [bbotk]       88 0.2922812         6  0.1495389        0      0            0.325
INFO  [17:04:05.199] [bbotk]                                 uhash
INFO  [17:04:05.199] [bbotk]  88c03ae9-8e76-4e10-85d6-4760af9e8961
INFO  [17:04:05.206] [bbotk] Evaluating 1 configuration(s)
INFO  [17:04:05.508] [bbotk] Result of batch 3:
INFO  [17:04:05.510] [bbotk]  nrounds       eta max_depth classif.ce warnings errors runtime_learners
INFO  [17:04:05.510] [bbotk]       66 0.1100495         7  0.1455863        0      0            0.264
INFO  [17:04:05.510] [bbotk]                                 uhash
INFO  [17:04:05.510] [bbotk]  64843fc4-07a5-4d9c-b0b4-3a927b7e8b9d
INFO  [17:04:05.519] [bbotk] Evaluating 1 configuration(s)
INFO  [17:04:06.104] [bbotk] Result of batch 4:
INFO  [17:04:06.107] [bbotk]  nrounds        eta max_depth classif.ce warnings errors runtime_learners
INFO  [17:04:06.107] [bbotk]       97 0.04197308        10  0.1508564        0      0            0.546
INFO  [17:04:06.107] [bbotk]                                 uhash
INFO  [17:04:06.107] [bbotk]  fed11f5d-084c-4580-b571-44fb31cf685e
INFO  [17:04:06.111] [bbotk] Evaluating 1 configuration(s)
INFO  [17:04:06.490] [bbotk] Result of batch 5:
INFO  [17:04:06.491] [bbotk]  nrounds       eta max_depth classif.ce warnings errors runtime_learners
INFO  [17:04:06.491] [bbotk]      119 0.2864022         4  0.1534914        0      0            0.336
INFO  [17:04:06.491] [bbotk]                                 uhash
INFO  [17:04:06.491] [bbotk]  dda2029f-6e21-4b77-8ae3-1b8e240555f7
INFO  [17:04:06.495] [bbotk] Evaluating 1 configuration(s)
INFO  [17:04:06.778] [bbotk] Result of batch 6:
INFO  [17:04:06.779] [bbotk]  nrounds       eta max_depth classif.ce warnings errors runtime_learners
INFO  [17:04:06.779] [bbotk]       97 0.1808843         4  0.1455863        0      0            0.243
INFO  [17:04:06.779] [bbotk]                                 uhash
INFO  [17:04:06.779] [bbotk]  64229d1c-26ad-477d-b605-6f2ec57a81ad
INFO  [17:04:06.785] [bbotk] Evaluating 1 configuration(s)
INFO  [17:04:07.358] [bbotk] Result of batch 7:
INFO  [17:04:07.359] [bbotk]  nrounds       eta max_depth classif.ce warnings errors runtime_learners
INFO  [17:04:07.359] [bbotk]      111 0.2095842         8  0.1521739        0      0            0.539
INFO  [17:04:07.359] [bbotk]                                 uhash
INFO  [17:04:07.359] [bbotk]  4e02f537-2a92-4246-a9c0-43363e9b8b9d
INFO  [17:04:07.364] [bbotk] Evaluating 1 configuration(s)
INFO  [17:04:08.035] [bbotk] Result of batch 8:
INFO  [17:04:08.037] [bbotk]  nrounds        eta max_depth classif.ce warnings errors runtime_learners
INFO  [17:04:08.037] [bbotk]      244 0.05547304         4  0.1442688        0      0            0.626
INFO  [17:04:08.037] [bbotk]                                 uhash
INFO  [17:04:08.037] [bbotk]  1639fed2-05a8-486b-9888-b89962cc4fb6
INFO  [17:04:08.041] [bbotk] Evaluating 1 configuration(s)
INFO  [17:04:08.382] [bbotk] Result of batch 9:
INFO  [17:04:08.383] [bbotk]  nrounds       eta max_depth classif.ce warnings errors runtime_learners
INFO  [17:04:08.383] [bbotk]       67 0.2171009         7  0.1488801        0      0            0.306
INFO  [17:04:08.383] [bbotk]                                 uhash
INFO  [17:04:08.383] [bbotk]  ae2ffb40-36db-45eb-af5b-f4c8398b7128
INFO  [17:04:08.389] [bbotk] Evaluating 1 configuration(s)
INFO  [17:04:09.710] [bbotk] Result of batch 10:
INFO  [17:04:09.712] [bbotk]  nrounds        eta max_depth classif.ce warnings errors runtime_learners
INFO  [17:04:09.712] [bbotk]      269 0.09753604         8  0.1521739        0      0            1.267
INFO  [17:04:09.712] [bbotk]                                 uhash
INFO  [17:04:09.712] [bbotk]  d26bd3ed-99aa-4333-8501-d58a26f661d0
INFO  [17:04:09.724] [bbotk] Finished optimizing after 10 evaluation(s)
INFO  [17:04:09.724] [bbotk] Result:
INFO  [17:04:09.725] [bbotk]  nrounds        eta max_depth learner_param_vals  x_domain classif.ce
INFO  [17:04:09.725] [bbotk]    <int>      <num>     <int>             <list>    <list>      <num>
INFO  [17:04:09.725] [bbotk]      244 0.05547304         4          <list[5]> <list[3]>  0.1442688
INFO  [17:04:10.063] [bbotk] Starting to optimize 3 parameter(s) with '<OptimizerBatchRandomSearch>' and '<TerminatorEvals> [n_evals=10, k=0]'
INFO  [17:04:10.083] [bbotk] Evaluating 1 configuration(s)
INFO  [17:04:10.854] [bbotk] Result of batch 1:
INFO  [17:04:10.855] [bbotk]  nrounds       eta max_depth classif.ce warnings errors runtime_learners
INFO  [17:04:10.855] [bbotk]      130 0.1484223        10  0.1599673        0      0            0.741
INFO  [17:04:10.855] [bbotk]                                 uhash
INFO  [17:04:10.855] [bbotk]  8bb17883-6c18-41c1-b3b4-3eb27fe747fc
INFO  [17:04:10.859] [bbotk] Evaluating 1 configuration(s)
INFO  [17:04:11.812] [bbotk] Result of batch 2:
INFO  [17:04:11.813] [bbotk]  nrounds       eta max_depth classif.ce warnings errors runtime_learners
INFO  [17:04:11.813] [bbotk]      240 0.1523175         6  0.1645773        0      0            0.908
INFO  [17:04:11.813] [bbotk]                                 uhash
INFO  [17:04:11.813] [bbotk]  637a3d23-89fb-4066-ac74-96ff3242a3c5
INFO  [17:04:11.817] [bbotk] Evaluating 1 configuration(s)
INFO  [17:04:13.046] [bbotk] Result of batch 3:
INFO  [17:04:13.047] [bbotk]  nrounds       eta max_depth classif.ce warnings errors runtime_learners
INFO  [17:04:13.047] [bbotk]      232 0.2684212        10  0.1593072        0      0            1.182
INFO  [17:04:13.047] [bbotk]                                 uhash
INFO  [17:04:13.047] [bbotk]  56a103fa-a3e0-4000-b2e3-0ccd52d3399c
INFO  [17:04:13.051] [bbotk] Evaluating 1 configuration(s)
INFO  [17:04:13.219] [bbotk] Result of batch 4:
INFO  [17:04:13.221] [bbotk]  nrounds       eta max_depth classif.ce warnings errors runtime_learners
INFO  [17:04:13.221] [bbotk]       53 0.2771902         3  0.1573297        0      0            0.126
INFO  [17:04:13.221] [bbotk]                                 uhash
INFO  [17:04:13.221] [bbotk]  35144845-6d6b-4298-9cdc-712a060c907a
INFO  [17:04:13.230] [bbotk] Evaluating 1 configuration(s)
INFO  [17:04:13.571] [bbotk] Result of batch 5:
INFO  [17:04:13.573] [bbotk]  nrounds      eta max_depth classif.ce warnings errors runtime_learners
INFO  [17:04:13.573] [bbotk]      123 0.192272         4  0.1599686        0      0            0.302
INFO  [17:04:13.573] [bbotk]                                 uhash
INFO  [17:04:13.573] [bbotk]  b641cdd9-4292-476e-84e1-48bb8c4e285a
INFO  [17:04:13.581] [bbotk] Evaluating 1 configuration(s)
INFO  [17:04:13.822] [bbotk] Result of batch 6:
INFO  [17:04:13.824] [bbotk]  nrounds      eta max_depth classif.ce warnings errors runtime_learners
INFO  [17:04:13.824] [bbotk]      100 0.141136         3  0.1540372        0      0            0.196
INFO  [17:04:13.824] [bbotk]                                 uhash
INFO  [17:04:13.824] [bbotk]  1fe1e9db-a255-4264-8956-ddd1661aedb5
INFO  [17:04:13.830] [bbotk] Evaluating 1 configuration(s)
INFO  [17:04:15.094] [bbotk] Result of batch 7:
INFO  [17:04:15.095] [bbotk]  nrounds      eta max_depth classif.ce warnings errors runtime_learners
INFO  [17:04:15.095] [bbotk]      240 0.274567         9   0.161941        0      0            1.227
INFO  [17:04:15.095] [bbotk]                                 uhash
INFO  [17:04:15.095] [bbotk]  fad7c484-54b9-4295-8e57-1bf22773312b
INFO  [17:04:15.102] [bbotk] Evaluating 1 configuration(s)
INFO  [17:04:15.704] [bbotk] Result of batch 8:
INFO  [17:04:15.705] [bbotk]  nrounds       eta max_depth classif.ce warnings errors runtime_learners
INFO  [17:04:15.705] [bbotk]      211 0.0609367         4  0.1566787        0      0            0.566
INFO  [17:04:15.705] [bbotk]                                 uhash
INFO  [17:04:15.705] [bbotk]  e2e616bb-6125-44e8-9e99-e1b87e45b455
INFO  [17:04:15.710] [bbotk] Evaluating 1 configuration(s)
INFO  [17:04:16.425] [bbotk] Result of batch 9:
INFO  [17:04:16.427] [bbotk]  nrounds       eta max_depth classif.ce warnings errors runtime_learners
INFO  [17:04:16.427] [bbotk]      269 0.2191268         4  0.1625985        0      0             0.67
INFO  [17:04:16.427] [bbotk]                                 uhash
INFO  [17:04:16.427] [bbotk]  010fafd0-b1d3-4cd3-bb18-1272335c68a3
INFO  [17:04:16.432] [bbotk] Evaluating 1 configuration(s)
INFO  [17:04:17.545] [bbotk] Result of batch 10:
INFO  [17:04:17.547] [bbotk]  nrounds       eta max_depth classif.ce warnings errors runtime_learners
INFO  [17:04:17.547] [bbotk]      201 0.1357871         9  0.1599673        0      0            1.065
INFO  [17:04:17.547] [bbotk]                                 uhash
INFO  [17:04:17.547] [bbotk]  bff66ec3-efa2-481e-b70e-136b6d8025bc
INFO  [17:04:17.565] [bbotk] Finished optimizing after 10 evaluation(s)
INFO  [17:04:17.565] [bbotk] Result:
INFO  [17:04:17.566] [bbotk]  nrounds      eta max_depth learner_param_vals  x_domain classif.ce
INFO  [17:04:17.566] [bbotk]    <int>    <num>     <int>             <list>    <list>      <num>
INFO  [17:04:17.566] [bbotk]      100 0.141136         3          <list[5]> <list[3]>  0.1540372
INFO  [17:04:17.707] [bbotk] Starting to optimize 3 parameter(s) with '<OptimizerBatchRandomSearch>' and '<TerminatorEvals> [n_evals=10, k=0]'
INFO  [17:04:17.719] [bbotk] Evaluating 1 configuration(s)
INFO  [17:04:19.190] [bbotk] Result of batch 1:
INFO  [17:04:19.193] [bbotk]  nrounds        eta max_depth classif.ce warnings errors runtime_learners
INFO  [17:04:19.193] [bbotk]      213 0.04476642         9  0.1468077        0      0            1.432
INFO  [17:04:19.193] [bbotk]                                 uhash
INFO  [17:04:19.193] [bbotk]  2e629e45-e5d9-4fd6-9175-714981a7548e
INFO  [17:04:19.199] [bbotk] Evaluating 1 configuration(s)
INFO  [17:04:19.492] [bbotk] Result of batch 2:
INFO  [17:04:19.494] [bbotk]  nrounds       eta max_depth classif.ce warnings errors runtime_learners
INFO  [17:04:19.494] [bbotk]       83 0.1150794         4  0.1474664        0      0            0.243
INFO  [17:04:19.494] [bbotk]                                 uhash
INFO  [17:04:19.494] [bbotk]  22f83bf9-dc3b-4c85-b9b1-c0234840524a
INFO  [17:04:19.500] [bbotk] Evaluating 1 configuration(s)
INFO  [17:04:20.185] [bbotk] Result of batch 3:
INFO  [17:04:20.186] [bbotk]  nrounds      eta max_depth classif.ce warnings errors runtime_learners
INFO  [17:04:20.186] [bbotk]      160 0.286797         6  0.1665536        0      0            0.647
INFO  [17:04:20.186] [bbotk]                                 uhash
INFO  [17:04:20.186] [bbotk]  6ec876dc-432e-4db6-9628-e4cf49b88926
INFO  [17:04:20.192] [bbotk] Evaluating 1 configuration(s)
INFO  [17:04:20.884] [bbotk] Result of batch 4:
INFO  [17:04:20.885] [bbotk]  nrounds       eta max_depth classif.ce warnings errors runtime_learners
INFO  [17:04:20.885] [bbotk]      172 0.1867483         6  0.1566774        0      0            0.652
INFO  [17:04:20.885] [bbotk]                                 uhash
INFO  [17:04:20.885] [bbotk]  76a608ef-9f76-46e9-83bf-91d39295d0d4
INFO  [17:04:20.892] [bbotk] Evaluating 1 configuration(s)
INFO  [17:04:21.124] [bbotk] Result of batch 5:
INFO  [17:04:21.125] [bbotk]  nrounds       eta max_depth classif.ce warnings errors runtime_learners
INFO  [17:04:21.125] [bbotk]      139 0.2637526         2  0.1527339        0      0            0.187
INFO  [17:04:21.125] [bbotk]                                 uhash
INFO  [17:04:21.125] [bbotk]  74158ea4-74db-40c4-92cb-c2406f95b119
INFO  [17:04:21.134] [bbotk] Evaluating 1 configuration(s)
INFO  [17:04:22.110] [bbotk] Result of batch 6:
INFO  [17:04:22.111] [bbotk]  nrounds       eta max_depth classif.ce warnings errors runtime_learners
INFO  [17:04:22.111] [bbotk]      158 0.2485868         9  0.1540476        0      0            0.921
INFO  [17:04:22.111] [bbotk]                                 uhash
INFO  [17:04:22.111] [bbotk]  e1182852-b773-4d5f-bcd6-65a64c5b0f62
INFO  [17:04:22.119] [bbotk] Evaluating 1 configuration(s)
INFO  [17:04:22.873] [bbotk] Result of batch 7:
INFO  [17:04:22.874] [bbotk]  nrounds        eta max_depth classif.ce warnings errors runtime_learners
INFO  [17:04:22.874] [bbotk]      151 0.06364439         7  0.1474625        0      0              0.7
INFO  [17:04:22.874] [bbotk]                                 uhash
INFO  [17:04:22.874] [bbotk]  691c7b47-bfe5-487a-af0d-88e40bb9d2ba
INFO  [17:04:22.880] [bbotk] Evaluating 1 configuration(s)
INFO  [17:04:23.024] [bbotk] Result of batch 8:
INFO  [17:04:23.024] [bbotk]  nrounds       eta max_depth classif.ce warnings errors runtime_learners
INFO  [17:04:23.024] [bbotk]       51 0.2803594         3   0.146809        0      0             0.11
INFO  [17:04:23.024] [bbotk]                                 uhash
INFO  [17:04:23.024] [bbotk]  e70b9c5b-db87-4bbd-8b49-f9920a83672b
INFO  [17:04:23.030] [bbotk] Evaluating 1 configuration(s)
INFO  [17:04:23.263] [bbotk] Result of batch 9:
INFO  [17:04:23.264] [bbotk]  nrounds       eta max_depth classif.ce warnings errors runtime_learners
INFO  [17:04:23.264] [bbotk]      128 0.1592787         2  0.1487814        0      0            0.194
INFO  [17:04:23.264] [bbotk]                                 uhash
INFO  [17:04:23.264] [bbotk]  b802511b-5341-40f4-bafd-19550d7dfa72
INFO  [17:04:23.268] [bbotk] Evaluating 1 configuration(s)
INFO  [17:04:23.695] [bbotk] Result of batch 10:
INFO  [17:04:23.697] [bbotk]  nrounds       eta max_depth classif.ce warnings errors runtime_learners
INFO  [17:04:23.697] [bbotk]      181 0.1076488         3  0.1474651        0      0            0.375
INFO  [17:04:23.697] [bbotk]                                 uhash
INFO  [17:04:23.697] [bbotk]  4b70d6f1-59e9-4ac9-8016-759b6d935eeb
INFO  [17:04:23.716] [bbotk] Finished optimizing after 10 evaluation(s)
INFO  [17:04:23.716] [bbotk] Result:
INFO  [17:04:23.718] [bbotk]  nrounds        eta max_depth learner_param_vals  x_domain classif.ce
INFO  [17:04:23.718] [bbotk]    <int>      <num>     <int>             <list>    <list>      <num>
INFO  [17:04:23.718] [bbotk]      213 0.04476642         9          <list[5]> <list[3]>  0.1468077
[1] -5.71275
[1] 30.90787

### [bt]: Job terminated successfully [batchtools job.id=1849]
### [bt]: Starting job [batchtools job.id=1850]
### [bt]: Generating problem instance for problem '42e9f2146ba77696' ...
### [bt]: Applying algorithm 'run_learner' on problem '42e9f2146ba77696' for job 1850 (seed = 1851) ...
INFO  [17:04:24.402] [mlr3] Applying learner 'classif.xgboost.tuned_calib.oof_beta' on task 'kc1' (iter 10/10)
INFO  [17:04:24.460] [bbotk] Starting to optimize 3 parameter(s) with '<OptimizerBatchRandomSearch>' and '<TerminatorEvals> [n_evals=10, k=0]'
INFO  [17:04:24.473] [bbotk] Evaluating 1 configuration(s)
INFO  [17:04:25.455] [bbotk] Result of batch 1:
INFO  [17:04:25.456] [bbotk]  nrounds       eta max_depth classif.ce warnings errors runtime_learners
INFO  [17:04:25.456] [bbotk]      193 0.2930473         8  0.1494388        0      0            0.938
INFO  [17:04:25.456] [bbotk]                                 uhash
INFO  [17:04:25.456] [bbotk]  3c11a8a7-242e-4a19-89c9-d92fe32c81e5
INFO  [17:04:25.460] [bbotk] Evaluating 1 configuration(s)
INFO  [17:04:26.162] [bbotk] Result of batch 2:
INFO  [17:04:26.164] [bbotk]  nrounds       eta max_depth classif.ce warnings errors runtime_learners
INFO  [17:04:26.164] [bbotk]      283 0.2790399         3   0.146145        0      0            0.651
INFO  [17:04:26.164] [bbotk]                                 uhash
INFO  [17:04:26.164] [bbotk]  009f19d1-d23a-4b94-a2ef-f3480c8b13ce
INFO  [17:04:26.168] [bbotk] Evaluating 1 configuration(s)
INFO  [17:04:26.703] [bbotk] Result of batch 3:
INFO  [17:04:26.705] [bbotk]  nrounds       eta max_depth classif.ce warnings errors runtime_learners
INFO  [17:04:26.705] [bbotk]      263 0.1689451         3  0.1468077        0      0            0.498
INFO  [17:04:26.705] [bbotk]                                 uhash
INFO  [17:04:26.705] [bbotk]  14773c8b-5281-4d07-8167-faf9c0abcfa7
INFO  [17:04:26.714] [bbotk] Evaluating 1 configuration(s)
INFO  [17:04:26.911] [bbotk] Result of batch 4:
INFO  [17:04:26.913] [bbotk]  nrounds        eta max_depth classif.ce warnings errors runtime_learners
INFO  [17:04:26.913] [bbotk]       59 0.08208416         3   0.144834        0      0            0.146
INFO  [17:04:26.913] [bbotk]                                 uhash
INFO  [17:04:26.913] [bbotk]  48d851ca-2034-4f41-9e81-f3f78254c4a8
INFO  [17:04:26.922] [bbotk] Evaluating 1 configuration(s)
INFO  [17:04:27.843] [bbotk] Result of batch 5:
INFO  [17:04:27.844] [bbotk]  nrounds       eta max_depth classif.ce warnings errors runtime_learners
INFO  [17:04:27.844] [bbotk]      286 0.2290232         5  0.1514177        0      0            0.881
INFO  [17:04:27.844] [bbotk]                                 uhash
INFO  [17:04:27.844] [bbotk]  7fad5e77-ab3d-4dad-8e80-57eb755ca3e8
INFO  [17:04:27.854] [bbotk] Evaluating 1 configuration(s)
INFO  [17:04:28.176] [bbotk] Result of batch 6:
INFO  [17:04:28.177] [bbotk]  nrounds       eta max_depth classif.ce warnings errors runtime_learners
INFO  [17:04:28.177] [bbotk]       87 0.1469118         5  0.1408853        0      0            0.286
INFO  [17:04:28.177] [bbotk]                                 uhash
INFO  [17:04:28.177] [bbotk]  b4069530-4217-420d-a2da-8f4892b0559d
INFO  [17:04:28.181] [bbotk] Evaluating 1 configuration(s)
INFO  [17:04:28.643] [bbotk] Result of batch 7:
INFO  [17:04:28.644] [bbotk]  nrounds       eta max_depth classif.ce warnings errors runtime_learners
INFO  [17:04:28.644] [bbotk]      164 0.2109857         4  0.1468064        0      0            0.428
INFO  [17:04:28.644] [bbotk]                                 uhash
INFO  [17:04:28.644] [bbotk]  92b68eb8-e548-47fb-acc1-e2392f62e612
INFO  [17:04:28.653] [bbotk] Evaluating 1 configuration(s)
INFO  [17:04:29.322] [bbotk] Result of batch 8:
INFO  [17:04:29.324] [bbotk]  nrounds        eta max_depth classif.ce warnings errors runtime_learners
INFO  [17:04:29.324] [bbotk]      175 0.09874609         6  0.1461476        0      0             0.61
INFO  [17:04:29.324] [bbotk]                                 uhash
INFO  [17:04:29.324] [bbotk]  6c86fe73-b7f6-4e07-85f1-5658d4c2a630
INFO  [17:04:29.329] [bbotk] Evaluating 1 configuration(s)
INFO  [17:04:29.649] [bbotk] Result of batch 9:
INFO  [17:04:29.651] [bbotk]  nrounds       eta max_depth classif.ce warnings errors runtime_learners
INFO  [17:04:29.651] [bbotk]       90 0.1805392         5  0.1461528        0      0             0.28
INFO  [17:04:29.651] [bbotk]                                 uhash
INFO  [17:04:29.651] [bbotk]  ea1ea003-3f62-443a-a34f-e29bc33bdfdd
INFO  [17:04:29.661] [bbotk] Evaluating 1 configuration(s)
INFO  [17:04:30.115] [bbotk] Result of batch 10:
INFO  [17:04:30.116] [bbotk]  nrounds       eta max_depth classif.ce warnings errors runtime_learners
INFO  [17:04:30.116] [bbotk]       88 0.2943818         7  0.1500976        0      0            0.403
INFO  [17:04:30.116] [bbotk]                                 uhash
INFO  [17:04:30.116] [bbotk]  15884f3b-0e90-41eb-97d5-4dfc8e079bf8
INFO  [17:04:30.128] [bbotk] Finished optimizing after 10 evaluation(s)
INFO  [17:04:30.128] [bbotk] Result:
INFO  [17:04:30.130] [bbotk]  nrounds       eta max_depth learner_param_vals  x_domain classif.ce
INFO  [17:04:30.130] [bbotk]    <int>     <num>     <int>             <list>    <list>      <num>
INFO  [17:04:30.130] [bbotk]       87 0.1469118         5          <list[5]> <list[3]>  0.1408853
INFO  [17:04:30.331] [bbotk] Starting to optimize 3 parameter(s) with '<OptimizerBatchRandomSearch>' and '<TerminatorEvals> [n_evals=10, k=0]'
INFO  [17:04:30.351] [bbotk] Evaluating 1 configuration(s)
INFO  [17:04:30.693] [bbotk] Result of batch 1:
INFO  [17:04:30.695] [bbotk]  nrounds       eta max_depth classif.ce warnings errors runtime_learners
INFO  [17:04:30.695] [bbotk]      226 0.2803371         2  0.1435126        0      0            0.304
INFO  [17:04:30.695] [bbotk]                                 uhash
INFO  [17:04:30.695] [bbotk]  7c63ca7c-8c5c-4d8b-9cf8-0091ef47d030
INFO  [17:04:30.700] [bbotk] Evaluating 1 configuration(s)
INFO  [17:04:32.221] [bbotk] Result of batch 2:
INFO  [17:04:32.222] [bbotk]  nrounds        eta max_depth classif.ce warnings errors runtime_learners
INFO  [17:04:32.222] [bbotk]      247 0.06631912        10  0.1461476        0      0            1.477
INFO  [17:04:32.222] [bbotk]                                 uhash
INFO  [17:04:32.222] [bbotk]  0e1bfb83-5632-4f29-9fa2-e366f11bc857
INFO  [17:04:32.225] [bbotk] Evaluating 1 configuration(s)
INFO  [17:04:32.907] [bbotk] Result of batch 3:
INFO  [17:04:32.908] [bbotk]  nrounds    eta max_depth classif.ce warnings errors runtime_learners
INFO  [17:04:32.908] [bbotk]      147 0.2307         7  0.1560225        0      0            0.636
INFO  [17:04:32.908] [bbotk]                                 uhash
INFO  [17:04:32.908] [bbotk]  5df06812-9afe-4ee7-aaaf-fd44fae3895b
INFO  [17:04:32.913] [bbotk] Evaluating 1 configuration(s)
INFO  [17:04:33.704] [bbotk] Result of batch 4:
INFO  [17:04:33.705] [bbotk]  nrounds       eta max_depth classif.ce warnings errors runtime_learners
INFO  [17:04:33.705] [bbotk]      277 0.1938648         4  0.1474638        0      0            0.744
INFO  [17:04:33.705] [bbotk]                                 uhash
INFO  [17:04:33.705] [bbotk]  064f9b04-7c76-4061-bb55-e402870436b7
INFO  [17:04:33.712] [bbotk] Evaluating 1 configuration(s)
INFO  [17:04:35.224] [bbotk] Result of batch 5:
INFO  [17:04:35.225] [bbotk]  nrounds        eta max_depth classif.ce warnings errors runtime_learners
INFO  [17:04:35.225] [bbotk]      256 0.06044059        10  0.1454914        0      0            1.482
INFO  [17:04:35.225] [bbotk]                                 uhash
INFO  [17:04:35.225] [bbotk]  a79b4638-7caf-48e5-8f1a-570b31ca8f1b
INFO  [17:04:35.234] [bbotk] Evaluating 1 configuration(s)
INFO  [17:04:36.452] [bbotk] Result of batch 6:
INFO  [17:04:36.454] [bbotk]  nrounds       eta max_depth classif.ce warnings errors runtime_learners
INFO  [17:04:36.454] [bbotk]      278 0.2495881         8  0.1487775        0      0            1.174
INFO  [17:04:36.454] [bbotk]                                 uhash
INFO  [17:04:36.454] [bbotk]  0627c95e-6878-410b-abc4-071765dbcd2a
INFO  [17:04:36.462] [bbotk] Evaluating 1 configuration(s)
INFO  [17:04:37.023] [bbotk] Result of batch 7:
INFO  [17:04:37.024] [bbotk]  nrounds        eta max_depth classif.ce warnings errors runtime_learners
INFO  [17:04:37.024] [bbotk]       86 0.02740093        10  0.1389038        0      0            0.516
INFO  [17:04:37.024] [bbotk]                                 uhash
INFO  [17:04:37.024] [bbotk]  230898f8-5f9f-47ff-b9ea-b49ed215d97c
INFO  [17:04:37.028] [bbotk] Evaluating 1 configuration(s)
INFO  [17:04:37.568] [bbotk] Result of batch 8:
INFO  [17:04:37.569] [bbotk]  nrounds       eta max_depth classif.ce warnings errors runtime_learners
INFO  [17:04:37.569] [bbotk]      138 0.2439748         6   0.148784        0      0            0.502
INFO  [17:04:37.569] [bbotk]                                 uhash
INFO  [17:04:37.569] [bbotk]  d6625052-0066-48bc-a38d-e6c0b9e4293c
INFO  [17:04:37.573] [bbotk] Evaluating 1 configuration(s)
INFO  [17:04:38.671] [bbotk] Result of batch 9:
INFO  [17:04:38.674] [bbotk]  nrounds       eta max_depth classif.ce warnings errors runtime_learners
INFO  [17:04:38.674] [bbotk]      293 0.2697213         6  0.1500937        0      0            1.048
INFO  [17:04:38.674] [bbotk]                                 uhash
INFO  [17:04:38.674] [bbotk]  562ccae7-f605-4829-bf67-05c8dcabea64
INFO  [17:04:38.683] [bbotk] Evaluating 1 configuration(s)
INFO  [17:04:39.527] [bbotk] Result of batch 10:
INFO  [17:04:39.528] [bbotk]  nrounds       eta max_depth classif.ce warnings errors runtime_learners
INFO  [17:04:39.528] [bbotk]      173 0.2656114         8  0.1487788        0      0            0.791
INFO  [17:04:39.528] [bbotk]                                 uhash
INFO  [17:04:39.528] [bbotk]  a63dcc54-f618-44dc-a455-2a401988e3c8
INFO  [17:04:39.536] [bbotk] Finished optimizing after 10 evaluation(s)
INFO  [17:04:39.536] [bbotk] Result:
INFO  [17:04:39.537] [bbotk]  nrounds        eta max_depth learner_param_vals  x_domain classif.ce
INFO  [17:04:39.537] [bbotk]    <int>      <num>     <int>             <list>    <list>      <num>
INFO  [17:04:39.537] [bbotk]       86 0.02740093        10          <list[5]> <list[3]>  0.1389038
INFO  [17:04:39.831] [bbotk] Starting to optimize 3 parameter(s) with '<OptimizerBatchRandomSearch>' and '<TerminatorEvals> [n_evals=10, k=0]'
INFO  [17:04:39.847] [bbotk] Evaluating 1 configuration(s)
INFO  [17:04:39.973] [bbotk] Result of batch 1:
INFO  [17:04:39.974] [bbotk]  nrounds       eta max_depth classif.ce warnings errors runtime_learners
INFO  [17:04:39.974] [bbotk]       72 0.2909391         2  0.1488034        0      0            0.094
INFO  [17:04:39.974] [bbotk]                                 uhash
INFO  [17:04:39.974] [bbotk]  ea55fba5-b4c0-43cc-a480-7f1361b81666
INFO  [17:04:39.981] [bbotk] Evaluating 1 configuration(s)
INFO  [17:04:40.224] [bbotk] Result of batch 2:
INFO  [17:04:40.226] [bbotk]  nrounds       eta max_depth classif.ce warnings errors runtime_learners
INFO  [17:04:40.226] [bbotk]       84 0.2800857         4   0.144196        0      0            0.208
INFO  [17:04:40.226] [bbotk]                                 uhash
INFO  [17:04:40.226] [bbotk]  4fcb1b63-9c3b-4a31-b6c5-adf168acc261
INFO  [17:04:40.231] [bbotk] Evaluating 1 configuration(s)
INFO  [17:04:40.563] [bbotk] Result of batch 3:
INFO  [17:04:40.564] [bbotk]  nrounds        eta max_depth classif.ce warnings errors runtime_learners
INFO  [17:04:40.564] [bbotk]      209 0.01464637         2  0.1494661        0      0            0.288
INFO  [17:04:40.564] [bbotk]                                 uhash
INFO  [17:04:40.564] [bbotk]  35bc89e2-ce25-403c-897d-154dc44008c9
INFO  [17:04:40.572] [bbotk] Evaluating 1 configuration(s)
INFO  [17:04:40.793] [bbotk] Result of batch 4:
INFO  [17:04:40.795] [bbotk]  nrounds       eta max_depth classif.ce warnings errors runtime_learners
INFO  [17:04:40.795] [bbotk]       78 0.2079847         3  0.1461697        0      0            0.182
INFO  [17:04:40.795] [bbotk]                                 uhash
INFO  [17:04:40.795] [bbotk]  54e2665c-e54b-462c-8942-f5f9d81a7e50
INFO  [17:04:40.804] [bbotk] Evaluating 1 configuration(s)
INFO  [17:04:41.017] [bbotk] Result of batch 5:
INFO  [17:04:41.018] [bbotk]  nrounds        eta max_depth classif.ce warnings errors runtime_learners
INFO  [17:04:41.018] [bbotk]       82 0.07194356         3  0.1474885        0      0            0.166
INFO  [17:04:41.018] [bbotk]                                 uhash
INFO  [17:04:41.018] [bbotk]  df1e8577-9351-4960-b9fa-e0d9b4f27ed8
INFO  [17:04:41.022] [bbotk] Evaluating 1 configuration(s)
INFO  [17:04:41.678] [bbotk] Result of batch 6:
INFO  [17:04:41.679] [bbotk]  nrounds       eta max_depth classif.ce warnings errors runtime_learners
INFO  [17:04:41.679] [bbotk]      123 0.1597265         9   0.145507        0      0            0.605
INFO  [17:04:41.679] [bbotk]                                 uhash
INFO  [17:04:41.679] [bbotk]  d28db2e7-371a-4efe-bb19-dc1f76b22cc5
INFO  [17:04:41.682] [bbotk] Evaluating 1 configuration(s)
INFO  [17:04:42.217] [bbotk] Result of batch 7:
INFO  [17:04:42.218] [bbotk]  nrounds       eta max_depth classif.ce warnings errors runtime_learners
INFO  [17:04:42.218] [bbotk]      246 0.1848251         3  0.1534135        0      0            0.495
INFO  [17:04:42.218] [bbotk]                                 uhash
INFO  [17:04:42.218] [bbotk]  63e78cf0-f0b9-4be2-8390-37133097a06e
INFO  [17:04:42.230] [bbotk] Evaluating 1 configuration(s)
INFO  [17:04:42.734] [bbotk] Result of batch 8:
INFO  [17:04:42.735] [bbotk]  nrounds       eta max_depth classif.ce warnings errors runtime_learners
INFO  [17:04:42.735] [bbotk]      128 0.2438891         6  0.1435385        0      0            0.455
INFO  [17:04:42.735] [bbotk]                                 uhash
INFO  [17:04:42.735] [bbotk]  2bbe69a2-a1e1-4a15-8b61-59c225ae612f
INFO  [17:04:42.742] [bbotk] Evaluating 1 configuration(s)
INFO  [17:04:43.740] [bbotk] Result of batch 9:
INFO  [17:04:43.742] [bbotk]  nrounds       eta max_depth classif.ce warnings errors runtime_learners
INFO  [17:04:43.742] [bbotk]      204 0.2797156         9  0.1488086        0      0            0.951
INFO  [17:04:43.742] [bbotk]                                 uhash
INFO  [17:04:43.742] [bbotk]  6bfd0d4d-ae29-4b92-af50-37ce15eaf4e4
INFO  [17:04:43.747] [bbotk] Evaluating 1 configuration(s)
INFO  [17:04:44.468] [bbotk] Result of batch 10:
INFO  [17:04:44.469] [bbotk]  nrounds        eta max_depth classif.ce warnings errors runtime_learners
INFO  [17:04:44.469] [bbotk]      165 0.05024501         7  0.1468285        0      0            0.682
INFO  [17:04:44.469] [bbotk]                                 uhash
INFO  [17:04:44.469] [bbotk]  01285d27-9a37-41cf-b024-a036b284c83c
INFO  [17:04:44.478] [bbotk] Finished optimizing after 10 evaluation(s)
INFO  [17:04:44.478] [bbotk] Result:
INFO  [17:04:44.479] [bbotk]  nrounds       eta max_depth learner_param_vals  x_domain classif.ce
INFO  [17:04:44.479] [bbotk]    <int>     <num>     <int>             <list>    <list>      <num>
INFO  [17:04:44.479] [bbotk]      128 0.2438891         6          <list[5]> <list[3]>  0.1435385
INFO  [17:04:44.769] [bbotk] Starting to optimize 3 parameter(s) with '<OptimizerBatchRandomSearch>' and '<TerminatorEvals> [n_evals=10, k=0]'
INFO  [17:04:44.783] [bbotk] Evaluating 1 configuration(s)
INFO  [17:04:45.353] [bbotk] Result of batch 1:
INFO  [17:04:45.354] [bbotk]  nrounds       eta max_depth classif.ce warnings errors runtime_learners
INFO  [17:04:45.354] [bbotk]      140 0.1819396         6  0.1547167        0      0            0.529
INFO  [17:04:45.354] [bbotk]                                 uhash
INFO  [17:04:45.354] [bbotk]  4d65ecca-2f75-4083-bdc8-244f1eb45011
INFO  [17:04:45.370] [bbotk] Evaluating 1 configuration(s)
INFO  [17:04:46.617] [bbotk] Result of batch 2:
INFO  [17:04:46.618] [bbotk]  nrounds      eta max_depth classif.ce warnings errors runtime_learners
INFO  [17:04:46.618] [bbotk]      256 0.273989         8  0.1580079        0      0            1.207
INFO  [17:04:46.618] [bbotk]                                 uhash
INFO  [17:04:46.618] [bbotk]  19f79c2f-7d39-409f-b542-2e08ce9c8ad8
INFO  [17:04:46.630] [bbotk] Evaluating 1 configuration(s)
INFO  [17:04:47.642] [bbotk] Result of batch 3:
INFO  [17:04:47.643] [bbotk]  nrounds       eta max_depth classif.ce warnings errors runtime_learners
INFO  [17:04:47.643] [bbotk]      201 0.2100389         9  0.1586693        0      0            0.967
INFO  [17:04:47.643] [bbotk]                                 uhash
INFO  [17:04:47.643] [bbotk]  aba80d44-b7e2-4c49-aece-610699fa82e3
INFO  [17:04:47.647] [bbotk] Evaluating 1 configuration(s)
INFO  [17:04:47.881] [bbotk] Result of batch 4:
INFO  [17:04:47.883] [bbotk]  nrounds        eta max_depth classif.ce warnings errors runtime_learners
INFO  [17:04:47.883] [bbotk]       84 0.09182946         3  0.1501106        0      0            0.181
INFO  [17:04:47.883] [bbotk]                                 uhash
INFO  [17:04:47.883] [bbotk]  8d105be2-4f78-41c3-90cc-9e664985b753
INFO  [17:04:47.888] [bbotk] Evaluating 1 configuration(s)
INFO  [17:04:48.744] [bbotk] Result of batch 5:
INFO  [17:04:48.745] [bbotk]  nrounds       eta max_depth classif.ce warnings errors runtime_learners
INFO  [17:04:48.745] [bbotk]      233 0.2502409         5  0.1560329        0      0              0.8
INFO  [17:04:48.745] [bbotk]                                 uhash
INFO  [17:04:48.745] [bbotk]  6c8b8852-35ce-4fe8-ab1c-c110a5323ca5
INFO  [17:04:48.749] [bbotk] Evaluating 1 configuration(s)
INFO  [17:04:49.725] [bbotk] Result of batch 6:
INFO  [17:04:49.726] [bbotk]  nrounds       eta max_depth classif.ce warnings errors runtime_learners
INFO  [17:04:49.726] [bbotk]      298 0.2544321         5  0.1580105        0      0            0.934
INFO  [17:04:49.726] [bbotk]                                 uhash
INFO  [17:04:49.726] [bbotk]  6811d7c3-a434-45e0-9441-fb720c9f85c2
INFO  [17:04:49.730] [bbotk] Evaluating 1 configuration(s)
INFO  [17:04:50.740] [bbotk] Result of batch 7:
INFO  [17:04:50.741] [bbotk]  nrounds       eta max_depth classif.ce warnings errors runtime_learners
INFO  [17:04:50.741] [bbotk]      282 0.1345606         5   0.152743        0      0            0.952
INFO  [17:04:50.741] [bbotk]                                 uhash
INFO  [17:04:50.741] [bbotk]  94e45cd6-62ac-42c4-8a8a-797604aa2493
INFO  [17:04:50.746] [bbotk] Evaluating 1 configuration(s)
INFO  [17:04:51.343] [bbotk] Result of batch 8:
INFO  [17:04:51.345] [bbotk]  nrounds        eta max_depth classif.ce warnings errors runtime_learners
INFO  [17:04:51.345] [bbotk]       96 0.01517976         9  0.1507641        0      0            0.548
INFO  [17:04:51.345] [bbotk]                                 uhash
INFO  [17:04:51.345] [bbotk]  b01547c3-fd52-4b00-9abb-58812eb7fdb6
INFO  [17:04:51.354] [bbotk] Evaluating 1 configuration(s)
INFO  [17:04:51.737] [bbotk] Result of batch 9:
INFO  [17:04:51.738] [bbotk]  nrounds      eta max_depth classif.ce warnings errors runtime_learners
INFO  [17:04:51.738] [bbotk]       90 0.104379         6  0.1481291        0      0            0.342
INFO  [17:04:51.738] [bbotk]                                 uhash
INFO  [17:04:51.738] [bbotk]  700348b8-9777-4baf-9b81-1403c36ce465
INFO  [17:04:51.742] [bbotk] Evaluating 1 configuration(s)
INFO  [17:04:52.804] [bbotk] Result of batch 10:
INFO  [17:04:52.806] [bbotk]  nrounds       eta max_depth classif.ce warnings errors runtime_learners
INFO  [17:04:52.806] [bbotk]      179 0.0368539         9  0.1560277        0      0            1.022
INFO  [17:04:52.806] [bbotk]                                 uhash
INFO  [17:04:52.806] [bbotk]  b1c2a5d7-8a47-47af-8d7e-b10421a43f84
INFO  [17:04:52.828] [bbotk] Finished optimizing after 10 evaluation(s)
INFO  [17:04:52.828] [bbotk] Result:
INFO  [17:04:52.829] [bbotk]  nrounds      eta max_depth learner_param_vals  x_domain classif.ce
INFO  [17:04:52.829] [bbotk]    <int>    <num>     <int>             <list>    <list>      <num>
INFO  [17:04:52.829] [bbotk]       90 0.104379         6          <list[5]> <list[3]>  0.1481291
INFO  [17:04:53.048] [bbotk] Starting to optimize 3 parameter(s) with '<OptimizerBatchRandomSearch>' and '<TerminatorEvals> [n_evals=10, k=0]'
INFO  [17:04:53.067] [bbotk] Evaluating 1 configuration(s)
INFO  [17:04:53.573] [bbotk] Result of batch 1:
INFO  [17:04:53.574] [bbotk]  nrounds        eta max_depth classif.ce warnings errors runtime_learners
INFO  [17:04:53.574] [bbotk]      166 0.09827249         4   0.146045        0      0            0.457
INFO  [17:04:53.574] [bbotk]                                 uhash
INFO  [17:04:53.574] [bbotk]  4b16c90a-2a24-4164-9caa-037e318b7006
INFO  [17:04:53.580] [bbotk] Evaluating 1 configuration(s)
INFO  [17:04:54.533] [bbotk] Result of batch 2:
INFO  [17:04:54.534] [bbotk]  nrounds       eta max_depth classif.ce warnings errors runtime_learners
INFO  [17:04:54.534] [bbotk]      153 0.2085565        10  0.1486774        0      0             0.91
INFO  [17:04:54.534] [bbotk]                                 uhash
INFO  [17:04:54.534] [bbotk]  1e45bc79-e706-4cd9-9be0-e332fccf234e
INFO  [17:04:54.546] [bbotk] Evaluating 1 configuration(s)
INFO  [17:04:54.685] [bbotk] Result of batch 3:
INFO  [17:04:54.687] [bbotk]  nrounds       eta max_depth classif.ce warnings errors runtime_learners
INFO  [17:04:54.687] [bbotk]       51 0.2168711         2  0.1467102        0      0            0.082
INFO  [17:04:54.687] [bbotk]                                 uhash
INFO  [17:04:54.687] [bbotk]  ca08e4cf-faa5-413e-bfa9-04e9259eadf3
INFO  [17:04:54.695] [bbotk] Evaluating 1 configuration(s)
INFO  [17:04:55.744] [bbotk] Result of batch 4:
INFO  [17:04:55.745] [bbotk]  nrounds        eta max_depth classif.ce warnings errors runtime_learners
INFO  [17:04:55.745] [bbotk]      186 0.08770522         9  0.1453927        0      0            1.003
INFO  [17:04:55.745] [bbotk]                                 uhash
INFO  [17:04:55.745] [bbotk]  9e176e38-41ff-4533-ae57-6fe186cd2bd0
INFO  [17:04:55.753] [bbotk] Evaluating 1 configuration(s)
INFO  [17:04:56.213] [bbotk] Result of batch 5:
INFO  [17:04:56.214] [bbotk]  nrounds        eta max_depth classif.ce warnings errors runtime_learners
INFO  [17:04:56.214] [bbotk]      252 0.05507996         2   0.147369        0      0            0.418
INFO  [17:04:56.214] [bbotk]                                 uhash
INFO  [17:04:56.214] [bbotk]  cd5f6a16-9569-4046-b19e-68e6036dca81
INFO  [17:04:56.224] [bbotk] Evaluating 1 configuration(s)
INFO  [17:04:56.693] [bbotk] Result of batch 6:
INFO  [17:04:56.694] [bbotk]  nrounds       eta max_depth classif.ce warnings errors runtime_learners
INFO  [17:04:56.694] [bbotk]      291 0.1678805         2  0.1447365        0      0            0.434
INFO  [17:04:56.694] [bbotk]                                 uhash
INFO  [17:04:56.694] [bbotk]  699b1870-9bdd-4b64-af40-efb642642c07
INFO  [17:04:56.701] [bbotk] Evaluating 1 configuration(s)
INFO  [17:04:57.393] [bbotk] Result of batch 7:
INFO  [17:04:57.394] [bbotk]  nrounds        eta max_depth classif.ce warnings errors runtime_learners
INFO  [17:04:57.394] [bbotk]      224 0.06038401         4  0.1460463        0      0            0.655
INFO  [17:04:57.394] [bbotk]                                 uhash
INFO  [17:04:57.394] [bbotk]  4eb6dcb1-361a-4b57-8807-07ed11d2ea66
INFO  [17:04:57.408] [bbotk] Evaluating 1 configuration(s)
INFO  [17:04:58.888] [bbotk] Result of batch 8:
INFO  [17:04:58.889] [bbotk]  nrounds        eta max_depth classif.ce warnings errors runtime_learners
INFO  [17:04:58.889] [bbotk]      289 0.02510481         8  0.1506576        0      0            1.437
INFO  [17:04:58.889] [bbotk]                                 uhash
INFO  [17:04:58.889] [bbotk]  aafd10b5-bb67-4280-a409-4372ad502e81
INFO  [17:04:58.893] [bbotk] Evaluating 1 configuration(s)
INFO  [17:04:59.299] [bbotk] Result of batch 9:
INFO  [17:04:59.301] [bbotk]  nrounds        eta max_depth classif.ce warnings errors runtime_learners
INFO  [17:04:59.301] [bbotk]       89 0.08713396         6  0.1499988        0      0            0.369
INFO  [17:04:59.301] [bbotk]                                 uhash
INFO  [17:04:59.301] [bbotk]  4e225b95-72b5-48aa-9a6f-caa58cdee135
INFO  [17:04:59.310] [bbotk] Evaluating 1 configuration(s)
INFO  [17:04:59.457] [bbotk] Result of batch 10:
INFO  [17:04:59.458] [bbotk]  nrounds        eta max_depth classif.ce warnings errors runtime_learners
INFO  [17:04:59.458] [bbotk]       84 0.05667751         2  0.1407957        0      0            0.107
INFO  [17:04:59.458] [bbotk]                                 uhash
INFO  [17:04:59.458] [bbotk]  c519ec69-d3a7-4fde-89a9-ec073bd4523c
INFO  [17:04:59.477] [bbotk] Finished optimizing after 10 evaluation(s)
INFO  [17:04:59.479] [bbotk] Result:
INFO  [17:04:59.479] [bbotk]  nrounds        eta max_depth learner_param_vals  x_domain classif.ce
INFO  [17:04:59.479] [bbotk]    <int>      <num>     <int>             <list>    <list>      <num>
INFO  [17:04:59.479] [bbotk]       84 0.05667751         2          <list[5]> <list[3]>  0.1407957
[1] -21.34545
[1] 26.75152

### [bt]: Job terminated successfully [batchtools job.id=1850]
### [bt]: Calculation finished!
