### [bt]: This is batchtools v0.9.17
### [bt]: Starting calculation of 5 jobs
### [bt]: Setting working directory to '/Users/User/Documents/Studium/Semester8/Hiwi/mlr3calibration/vignettes'
### [bt]: Memory measurement disabled
### [bt]: Starting job [batchtools job.id=2666]
### [bt]: Generating problem instance for problem '34d90df810f60583' ...
### [bt]: Applying algorithm 'run_learner' on problem '34d90df810f60583' for job 2666 (seed = 2667) ...
INFO  [17:20:32.989] [mlr3] Applying learner 'classif.xgboost.tuned_calib.perfold_isotonic' on task 'phoneme' (iter 6/10)
INFO  [17:20:33.025] [bbotk] Starting to optimize 3 parameter(s) with '<OptimizerBatchRandomSearch>' and '<TerminatorEvals> [n_evals=10, k=0]'
INFO  [17:20:33.034] [bbotk] Evaluating 1 configuration(s)
INFO  [17:20:33.408] [bbotk] Result of batch 1:
INFO  [17:20:33.409] [bbotk]  nrounds       eta max_depth classif.ce warnings errors runtime_learners
INFO  [17:20:33.409] [bbotk]      203 0.2022906         2  0.1446929        0      0            0.337
INFO  [17:20:33.409] [bbotk]                                 uhash
INFO  [17:20:33.409] [bbotk]  3788b64b-5655-497d-a508-5360688510bf
INFO  [17:20:33.415] [bbotk] Evaluating 1 configuration(s)
INFO  [17:20:34.701] [bbotk] Result of batch 2:
INFO  [17:20:34.703] [bbotk]  nrounds        eta max_depth classif.ce warnings errors runtime_learners
INFO  [17:20:34.703] [bbotk]      143 0.06234588        10  0.1177075        0      0            1.236
INFO  [17:20:34.703] [bbotk]                                 uhash
INFO  [17:20:34.703] [bbotk]  1bd88ecb-44f5-438d-b9c5-0f3167ec6158
INFO  [17:20:34.711] [bbotk] Evaluating 1 configuration(s)
INFO  [17:20:35.593] [bbotk] Result of batch 3:
INFO  [17:20:35.594] [bbotk]  nrounds     eta max_depth classif.ce warnings errors runtime_learners
INFO  [17:20:35.594] [bbotk]      127 0.12642         7  0.1143665        0      0            0.845
INFO  [17:20:35.594] [bbotk]                                 uhash
INFO  [17:20:35.594] [bbotk]  d1e74e65-93d4-4de6-b71d-3c7bee55a885
INFO  [17:20:35.600] [bbotk] Evaluating 1 configuration(s)
INFO  [17:20:36.137] [bbotk] Result of batch 4:
INFO  [17:20:36.139] [bbotk]  nrounds        eta max_depth classif.ce warnings errors runtime_learners
INFO  [17:20:36.139] [bbotk]      173 0.03394723         3   0.151632        0      0            0.478
INFO  [17:20:36.139] [bbotk]                                 uhash
INFO  [17:20:36.139] [bbotk]  1c738b2e-2e9e-4dea-8ea4-c6bb72c01aa0
INFO  [17:20:36.146] [bbotk] Evaluating 1 configuration(s)
INFO  [17:20:36.568] [bbotk] Result of batch 5:
INFO  [17:20:36.570] [bbotk]  nrounds       eta max_depth classif.ce warnings errors runtime_learners
INFO  [17:20:36.570] [bbotk]      126 0.2256571         4  0.1228476        0      0            0.389
INFO  [17:20:36.570] [bbotk]                                 uhash
INFO  [17:20:36.570] [bbotk]  fdf88592-1a33-47b6-a35e-997b08664404
INFO  [17:20:36.582] [bbotk] Evaluating 1 configuration(s)
INFO  [17:20:38.320] [bbotk] Result of batch 6:
INFO  [17:20:38.321] [bbotk]  nrounds       eta max_depth classif.ce warnings errors runtime_learners
INFO  [17:20:38.321] [bbotk]      211 0.2009203        10  0.1128245        0      0            1.662
INFO  [17:20:38.321] [bbotk]                                 uhash
INFO  [17:20:38.321] [bbotk]  e6f8a8bb-fea9-4c7c-ba0a-9f72613117c8
INFO  [17:20:38.325] [bbotk] Evaluating 1 configuration(s)
INFO  [17:20:39.202] [bbotk] Result of batch 7:
INFO  [17:20:39.204] [bbotk]  nrounds       eta max_depth classif.ce warnings errors runtime_learners
INFO  [17:20:39.204] [bbotk]      105 0.1652114         9  0.1187355        0      0            0.837
INFO  [17:20:39.204] [bbotk]                                 uhash
INFO  [17:20:39.204] [bbotk]  8f5cdd22-0313-4f87-808b-b87a4a66e38b
INFO  [17:20:39.212] [bbotk] Evaluating 1 configuration(s)
INFO  [17:20:40.151] [bbotk] Result of batch 8:
INFO  [17:20:40.153] [bbotk]  nrounds       eta max_depth classif.ce warnings errors runtime_learners
INFO  [17:20:40.153] [bbotk]      286 0.0509439         4  0.1282447        0      0            0.897
INFO  [17:20:40.153] [bbotk]                                 uhash
INFO  [17:20:40.153] [bbotk]  9e633bb1-b80c-4aa6-96d0-924ba22f5cdb
INFO  [17:20:40.159] [bbotk] Evaluating 1 configuration(s)
INFO  [17:20:40.726] [bbotk] Result of batch 9:
INFO  [17:20:40.728] [bbotk]  nrounds       eta max_depth classif.ce warnings errors runtime_learners
INFO  [17:20:40.728] [bbotk]      103 0.1962103         6  0.1189925        0      0            0.531
INFO  [17:20:40.728] [bbotk]                                 uhash
INFO  [17:20:40.728] [bbotk]  3bd44fc2-b93a-44db-8365-b072ca4a12b0
INFO  [17:20:40.731] [bbotk] Evaluating 1 configuration(s)
INFO  [17:20:41.150] [bbotk] Result of batch 10:
INFO  [17:20:41.151] [bbotk]  nrounds       eta max_depth classif.ce warnings errors runtime_learners
INFO  [17:20:41.151] [bbotk]       66 0.2392554         7  0.1179645        0      0            0.378
INFO  [17:20:41.151] [bbotk]                                 uhash
INFO  [17:20:41.151] [bbotk]  a1a7d410-8369-4e12-89fb-45a11d84d104
INFO  [17:20:41.163] [bbotk] Finished optimizing after 10 evaluation(s)
INFO  [17:20:41.163] [bbotk] Result:
INFO  [17:20:41.165] [bbotk]  nrounds       eta max_depth learner_param_vals  x_domain classif.ce
INFO  [17:20:41.165] [bbotk]    <int>     <num>     <int>             <list>    <list>      <num>
INFO  [17:20:41.165] [bbotk]      211 0.2009203        10          <list[5]> <list[3]>  0.1128245
INFO  [17:20:42.056] [bbotk] Starting to optimize 3 parameter(s) with '<OptimizerBatchRandomSearch>' and '<TerminatorEvals> [n_evals=10, k=0]'
INFO  [17:20:42.081] [bbotk] Evaluating 1 configuration(s)
INFO  [17:20:42.545] [bbotk] Result of batch 1:
INFO  [17:20:42.547] [bbotk]  nrounds       eta max_depth classif.ce warnings errors runtime_learners
INFO  [17:20:42.547] [bbotk]      241 0.1248075         2  0.1444359        0      0             0.42
INFO  [17:20:42.547] [bbotk]                                 uhash
INFO  [17:20:42.547] [bbotk]  81733dd8-fb1a-4417-aa62-9ff89a9bdb18
INFO  [17:20:42.553] [bbotk] Evaluating 1 configuration(s)
INFO  [17:20:42.988] [bbotk] Result of batch 2:
INFO  [17:20:42.989] [bbotk]  nrounds        eta max_depth classif.ce warnings errors runtime_learners
INFO  [17:20:42.989] [bbotk]       87 0.04539152         5  0.1261886        0      0            0.385
INFO  [17:20:42.989] [bbotk]                                 uhash
INFO  [17:20:42.989] [bbotk]  fbe79d8e-eb51-43ae-9688-21ef3eaf9628
INFO  [17:20:42.994] [bbotk] Evaluating 1 configuration(s)
INFO  [17:20:44.003] [bbotk] Result of batch 3:
INFO  [17:20:44.004] [bbotk]  nrounds       eta max_depth classif.ce warnings errors runtime_learners
INFO  [17:20:44.004] [bbotk]      144 0.2599265         9  0.1128245        0      0            0.975
INFO  [17:20:44.004] [bbotk]                                 uhash
INFO  [17:20:44.004] [bbotk]  28f1b2a4-68e5-454d-b47c-d3a8c9f82083
INFO  [17:20:44.008] [bbotk] Evaluating 1 configuration(s)
INFO  [17:20:44.648] [bbotk] Result of batch 4:
INFO  [17:20:44.650] [bbotk]  nrounds       eta max_depth classif.ce warnings errors runtime_learners
INFO  [17:20:44.650] [bbotk]      143 0.2251339         5  0.1192496        0      0            0.598
INFO  [17:20:44.650] [bbotk]                                 uhash
INFO  [17:20:44.650] [bbotk]  6f857391-5ecc-4da2-8d62-53fd116a73fd
INFO  [17:20:44.658] [bbotk] Evaluating 1 configuration(s)
INFO  [17:20:45.788] [bbotk] Result of batch 5:
INFO  [17:20:45.789] [bbotk]  nrounds        eta max_depth classif.ce warnings errors runtime_learners
INFO  [17:20:45.789] [bbotk]      253 0.02649148         5  0.1215626        0      0            1.094
INFO  [17:20:45.789] [bbotk]                                 uhash
INFO  [17:20:45.789] [bbotk]  43a1cc0b-c718-4837-89e3-bacffddb085f
INFO  [17:20:45.796] [bbotk] Evaluating 1 configuration(s)
INFO  [17:20:46.698] [bbotk] Result of batch 6:
INFO  [17:20:46.699] [bbotk]  nrounds      eta max_depth classif.ce warnings errors runtime_learners
INFO  [17:20:46.699] [bbotk]      103 0.165632         9  0.1099974        0      0            0.861
INFO  [17:20:46.699] [bbotk]                                 uhash
INFO  [17:20:46.699] [bbotk]  386057a0-4509-4f64-a56b-0f3443a52622
INFO  [17:20:46.706] [bbotk] Evaluating 1 configuration(s)
INFO  [17:20:47.768] [bbotk] Result of batch 7:
INFO  [17:20:47.769] [bbotk]  nrounds      eta max_depth classif.ce warnings errors runtime_learners
INFO  [17:20:47.769] [bbotk]      212 0.180503         6  0.1138525        0      0            1.025
INFO  [17:20:47.769] [bbotk]                                 uhash
INFO  [17:20:47.769] [bbotk]  9e72911e-f251-43b3-bf1a-2e912741f37b
INFO  [17:20:47.773] [bbotk] Evaluating 1 configuration(s)
INFO  [17:20:48.163] [bbotk] Result of batch 8:
INFO  [17:20:48.165] [bbotk]  nrounds       eta max_depth classif.ce warnings errors runtime_learners
INFO  [17:20:48.165] [bbotk]      210 0.2068853         2  0.1444359        0      0            0.347
INFO  [17:20:48.165] [bbotk]                                 uhash
INFO  [17:20:48.165] [bbotk]  5740cbc3-ece5-49d2-80ec-868d99b31662
INFO  [17:20:48.173] [bbotk] Evaluating 1 configuration(s)
INFO  [17:20:48.738] [bbotk] Result of batch 9:
INFO  [17:20:48.739] [bbotk]  nrounds       eta max_depth classif.ce warnings errors runtime_learners
INFO  [17:20:48.739] [bbotk]      293 0.2163558         2  0.1387818        0      0            0.517
INFO  [17:20:48.739] [bbotk]                                 uhash
INFO  [17:20:48.739] [bbotk]  39071749-fcd5-40b5-abd6-be6b2573c0a4
INFO  [17:20:48.746] [bbotk] Evaluating 1 configuration(s)
INFO  [17:20:50.237] [bbotk] Result of batch 10:
INFO  [17:20:50.238] [bbotk]  nrounds       eta max_depth classif.ce warnings errors runtime_learners
INFO  [17:20:50.238] [bbotk]      158 0.0220629        10  0.1164225        0      0            1.442
INFO  [17:20:50.238] [bbotk]                                 uhash
INFO  [17:20:50.238] [bbotk]  60f76959-9a01-4e87-96e6-b2932021a47e
INFO  [17:20:50.252] [bbotk] Finished optimizing after 10 evaluation(s)
INFO  [17:20:50.253] [bbotk] Result:
INFO  [17:20:50.255] [bbotk]  nrounds      eta max_depth learner_param_vals  x_domain classif.ce
INFO  [17:20:50.255] [bbotk]    <int>    <num>     <int>             <list>    <list>      <num>
INFO  [17:20:50.255] [bbotk]      103 0.165632         9          <list[5]> <list[3]>  0.1099974
INFO  [17:20:50.644] [bbotk] Starting to optimize 3 parameter(s) with '<OptimizerBatchRandomSearch>' and '<TerminatorEvals> [n_evals=10, k=0]'
INFO  [17:20:50.664] [bbotk] Evaluating 1 configuration(s)
INFO  [17:20:51.478] [bbotk] Result of batch 1:
INFO  [17:20:51.479] [bbotk]  nrounds       eta max_depth classif.ce warnings errors runtime_learners
INFO  [17:20:51.479] [bbotk]      162 0.2929545         6  0.1153945        0      0            0.761
INFO  [17:20:51.479] [bbotk]                                 uhash
INFO  [17:20:51.479] [bbotk]  887f29fb-dc7f-43e4-9cbf-88f1ff41af3e
INFO  [17:20:51.483] [bbotk] Evaluating 1 configuration(s)
INFO  [17:20:51.711] [bbotk] Result of batch 2:
INFO  [17:20:51.712] [bbotk]  nrounds       eta max_depth classif.ce warnings errors runtime_learners
INFO  [17:20:51.712] [bbotk]       55 0.2503457         4  0.1323567        0      0            0.192
INFO  [17:20:51.712] [bbotk]                                 uhash
INFO  [17:20:51.712] [bbotk]  90ce0aa9-a547-41bd-96b8-350e86105578
INFO  [17:20:51.721] [bbotk] Evaluating 1 configuration(s)
INFO  [17:20:53.091] [bbotk] Result of batch 3:
INFO  [17:20:53.093] [bbotk]  nrounds      eta max_depth classif.ce warnings errors runtime_learners
INFO  [17:20:53.093] [bbotk]      166 0.080189         9  0.1135955        0      0            1.323
INFO  [17:20:53.093] [bbotk]                                 uhash
INFO  [17:20:53.093] [bbotk]  5bdd7d50-e154-4619-a489-70e13e64a11c
INFO  [17:20:53.098] [bbotk] Evaluating 1 configuration(s)
INFO  [17:20:53.518] [bbotk] Result of batch 4:
INFO  [17:20:53.520] [bbotk]  nrounds        eta max_depth classif.ce warnings errors runtime_learners
INFO  [17:20:53.520] [bbotk]      132 0.03373825         3   0.157543        0      0            0.376
INFO  [17:20:53.520] [bbotk]                                 uhash
INFO  [17:20:53.520] [bbotk]  35fee145-d779-4a34-bfcf-841d614298e9
INFO  [17:20:53.529] [bbotk] Evaluating 1 configuration(s)
INFO  [17:20:54.078] [bbotk] Result of batch 5:
INFO  [17:20:54.080] [bbotk]  nrounds       eta max_depth classif.ce warnings errors runtime_learners
INFO  [17:20:54.080] [bbotk]       54 0.2717666        10  0.1135955        0      0            0.507
INFO  [17:20:54.080] [bbotk]                                 uhash
INFO  [17:20:54.080] [bbotk]  fc915243-4ed2-44d7-9d2d-da972f425233
INFO  [17:20:54.086] [bbotk] Evaluating 1 configuration(s)
INFO  [17:20:55.440] [bbotk] Result of batch 6:
INFO  [17:20:55.442] [bbotk]  nrounds       eta max_depth classif.ce warnings errors runtime_learners
INFO  [17:20:55.442] [bbotk]      245 0.2923339         6  0.1128245        0      0            1.308
INFO  [17:20:55.442] [bbotk]                                 uhash
INFO  [17:20:55.442] [bbotk]  a453cb14-5302-430c-a0d5-122f155b5431
INFO  [17:20:55.452] [bbotk] Evaluating 1 configuration(s)
INFO  [17:20:57.273] [bbotk] Result of batch 7:
INFO  [17:20:57.275] [bbotk]  nrounds        eta max_depth classif.ce warnings errors runtime_learners
INFO  [17:20:57.275] [bbotk]      250 0.04941167         8  0.1143665        0      0            1.771
INFO  [17:20:57.275] [bbotk]                                 uhash
INFO  [17:20:57.275] [bbotk]  b6136fdf-8962-45ac-9cd5-7f0aaf875e56
INFO  [17:20:57.283] [bbotk] Evaluating 1 configuration(s)
INFO  [17:20:57.673] [bbotk] Result of batch 8:
INFO  [17:20:57.674] [bbotk]  nrounds       eta max_depth classif.ce warnings errors runtime_learners
INFO  [17:20:57.674] [bbotk]       67 0.1933404         6  0.1200206        0      0            0.347
INFO  [17:20:57.674] [bbotk]                                 uhash
INFO  [17:20:57.674] [bbotk]  e78f01fe-7169-4605-9e2b-f30fc8492f24
INFO  [17:20:57.678] [bbotk] Evaluating 1 configuration(s)
INFO  [17:20:58.759] [bbotk] Result of batch 9:
INFO  [17:20:58.760] [bbotk]  nrounds        eta max_depth classif.ce warnings errors runtime_learners
INFO  [17:20:58.760] [bbotk]      157 0.08750016         8  0.1148805        0      0            1.046
INFO  [17:20:58.760] [bbotk]                                 uhash
INFO  [17:20:58.760] [bbotk]  90ebfcc0-48fb-4f4f-82ca-103f19351fe7
INFO  [17:20:58.771] [bbotk] Evaluating 1 configuration(s)
INFO  [17:20:59.558] [bbotk] Result of batch 10:
INFO  [17:20:59.559] [bbotk]  nrounds      eta max_depth classif.ce warnings errors runtime_learners
INFO  [17:20:59.559] [bbotk]      101 0.203773         8  0.1117965        0      0            0.747
INFO  [17:20:59.559] [bbotk]                                 uhash
INFO  [17:20:59.559] [bbotk]  0b41eb7e-d3bd-4282-ab73-1a2baafd9b8c
INFO  [17:20:59.568] [bbotk] Finished optimizing after 10 evaluation(s)
INFO  [17:20:59.569] [bbotk] Result:
INFO  [17:20:59.570] [bbotk]  nrounds      eta max_depth learner_param_vals  x_domain classif.ce
INFO  [17:20:59.570] [bbotk]    <int>    <num>     <int>             <list>    <list>      <num>
INFO  [17:20:59.570] [bbotk]      101 0.203773         8          <list[5]> <list[3]>  0.1117965
INFO  [17:21:00.019] [bbotk] Starting to optimize 3 parameter(s) with '<OptimizerBatchRandomSearch>' and '<TerminatorEvals> [n_evals=10, k=0]'
INFO  [17:21:00.032] [bbotk] Evaluating 1 configuration(s)
INFO  [17:21:01.040] [bbotk] Result of batch 1:
INFO  [17:21:01.041] [bbotk]  nrounds        eta max_depth classif.ce warnings errors runtime_learners
INFO  [17:21:01.041] [bbotk]      140 0.08616075         7  0.1254176        0      0            0.975
INFO  [17:21:01.041] [bbotk]                                 uhash
INFO  [17:21:01.041] [bbotk]  a67fe700-7128-4c17-89db-0a020f34c915
INFO  [17:21:01.048] [bbotk] Evaluating 1 configuration(s)
INFO  [17:21:01.508] [bbotk] Result of batch 2:
INFO  [17:21:01.510] [bbotk]  nrounds      eta max_depth classif.ce warnings errors runtime_learners
INFO  [17:21:01.510] [bbotk]       63 0.131847         5  0.1341557        0      0            0.401
INFO  [17:21:01.510] [bbotk]                                 uhash
INFO  [17:21:01.510] [bbotk]  b5bba619-c902-49e6-8b13-7d44e5bc95e4
INFO  [17:21:01.515] [bbotk] Evaluating 1 configuration(s)
INFO  [17:21:02.067] [bbotk] Result of batch 3:
INFO  [17:21:02.069] [bbotk]  nrounds       eta max_depth classif.ce warnings errors runtime_learners
INFO  [17:21:02.069] [bbotk]      147 0.2231294         4  0.1333847        0      0            0.509
INFO  [17:21:02.069] [bbotk]                                 uhash
INFO  [17:21:02.069] [bbotk]  c94bb3f0-25f7-44a6-abd3-36b035015833
INFO  [17:21:02.078] [bbotk] Evaluating 1 configuration(s)
INFO  [17:21:02.328] [bbotk] Result of batch 4:
INFO  [17:21:02.330] [bbotk]  nrounds        eta max_depth classif.ce warnings errors runtime_learners
INFO  [17:21:02.330] [bbotk]      110 0.08839137         2  0.1680802        0      0            0.214
INFO  [17:21:02.330] [bbotk]                                 uhash
INFO  [17:21:02.330] [bbotk]  38cbba58-dfdc-4217-9011-fde186617e61
INFO  [17:21:02.336] [bbotk] Evaluating 1 configuration(s)
INFO  [17:21:03.939] [bbotk] Result of batch 5:
INFO  [17:21:03.940] [bbotk]  nrounds       eta max_depth classif.ce warnings errors runtime_learners
INFO  [17:21:03.940] [bbotk]      253 0.2667378        10  0.1179645        0      0            1.569
INFO  [17:21:03.940] [bbotk]                                 uhash
INFO  [17:21:03.940] [bbotk]  118521f4-dfca-4b08-af17-234f6e4b0de8
INFO  [17:21:03.946] [bbotk] Evaluating 1 configuration(s)
INFO  [17:21:04.822] [bbotk] Result of batch 6:
INFO  [17:21:04.823] [bbotk]  nrounds       eta max_depth classif.ce warnings errors runtime_learners
INFO  [17:21:04.823] [bbotk]      122 0.1284655         9  0.1218196        0      0            0.837
INFO  [17:21:04.823] [bbotk]                                 uhash
INFO  [17:21:04.823] [bbotk]  1d6dcb44-8bcf-4761-82b0-959041bd2e16
INFO  [17:21:04.826] [bbotk] Evaluating 1 configuration(s)
INFO  [17:21:06.205] [bbotk] Result of batch 7:
INFO  [17:21:06.207] [bbotk]  nrounds        eta max_depth classif.ce warnings errors runtime_learners
INFO  [17:21:06.207] [bbotk]      207 0.07401573         8  0.1259316        0      0            1.343
INFO  [17:21:06.207] [bbotk]                                 uhash
INFO  [17:21:06.207] [bbotk]  792f2c36-402d-448c-9949-de1679d58356
INFO  [17:21:06.215] [bbotk] Evaluating 1 configuration(s)
INFO  [17:21:06.488] [bbotk] Result of batch 8:
INFO  [17:21:06.488] [bbotk]  nrounds       eta max_depth classif.ce warnings errors runtime_learners
INFO  [17:21:06.488] [bbotk]      114 0.1186026         2  0.1583141        0      0            0.206
INFO  [17:21:06.488] [bbotk]                                 uhash
INFO  [17:21:06.488] [bbotk]  2f1b581e-41fa-428b-9ba3-716bd934920e
INFO  [17:21:06.493] [bbotk] Evaluating 1 configuration(s)
INFO  [17:21:07.627] [bbotk] Result of batch 9:
INFO  [17:21:07.628] [bbotk]  nrounds       eta max_depth classif.ce warnings errors runtime_learners
INFO  [17:21:07.628] [bbotk]      226 0.1509205         6  0.1228476        0      0            1.107
INFO  [17:21:07.628] [bbotk]                                 uhash
INFO  [17:21:07.628] [bbotk]  d980503b-2080-4c0a-af2e-eb3e162245b5
INFO  [17:21:07.632] [bbotk] Evaluating 1 configuration(s)
INFO  [17:21:07.976] [bbotk] Result of batch 10:
INFO  [17:21:07.977] [bbotk]  nrounds       eta max_depth classif.ce warnings errors runtime_learners
INFO  [17:21:07.977] [bbotk]       79 0.1699485         4  0.1413518        0      0            0.314
INFO  [17:21:07.977] [bbotk]                                 uhash
INFO  [17:21:07.977] [bbotk]  d7063ebb-1dca-48c2-b3f0-2968e88ec135
INFO  [17:21:07.988] [bbotk] Finished optimizing after 10 evaluation(s)
INFO  [17:21:07.989] [bbotk] Result:
INFO  [17:21:07.990] [bbotk]  nrounds       eta max_depth learner_param_vals  x_domain classif.ce
INFO  [17:21:07.990] [bbotk]    <int>     <num>     <int>             <list>    <list>      <num>
INFO  [17:21:07.990] [bbotk]      253 0.2667378        10          <list[5]> <list[3]>  0.1179645
INFO  [17:21:08.938] [bbotk] Starting to optimize 3 parameter(s) with '<OptimizerBatchRandomSearch>' and '<TerminatorEvals> [n_evals=10, k=0]'
INFO  [17:21:08.951] [bbotk] Evaluating 1 configuration(s)
INFO  [17:21:10.130] [bbotk] Result of batch 1:
INFO  [17:21:10.135] [bbotk]  nrounds        eta max_depth classif.ce warnings errors runtime_learners
INFO  [17:21:10.135] [bbotk]      277 0.01049063         4  0.1474876        0      0            1.131
INFO  [17:21:10.135] [bbotk]                                 uhash
INFO  [17:21:10.135] [bbotk]  d24a0ab6-2e2f-4803-a43b-0d19e8ad037c
INFO  [17:21:10.139] [bbotk] Evaluating 1 configuration(s)
INFO  [17:21:10.768] [bbotk] Result of batch 2:
INFO  [17:21:10.773] [bbotk]  nrounds       eta max_depth classif.ce warnings errors runtime_learners
INFO  [17:21:10.773] [bbotk]      107 0.1293373         6  0.1228183        0      0            0.558
INFO  [17:21:10.773] [bbotk]                                 uhash
INFO  [17:21:10.773] [bbotk]  a41182df-06f1-45ad-a563-04991014e49a
INFO  [17:21:10.783] [bbotk] Evaluating 1 configuration(s)
INFO  [17:21:11.498] [bbotk] Result of batch 3:
INFO  [17:21:11.500] [bbotk]  nrounds       eta max_depth classif.ce warnings errors runtime_learners
INFO  [17:21:11.500] [bbotk]      136 0.0918988         6  0.1197366        0      0            0.679
INFO  [17:21:11.500] [bbotk]                                 uhash
INFO  [17:21:11.500] [bbotk]  4c13efa3-47cb-4bb7-b90d-f690892deb11
INFO  [17:21:11.511] [bbotk] Evaluating 1 configuration(s)
INFO  [17:21:12.968] [bbotk] Result of batch 4:
INFO  [17:21:12.969] [bbotk]  nrounds       eta max_depth classif.ce warnings errors runtime_learners
INFO  [17:21:12.969] [bbotk]      278 0.1305676         5  0.1197362        0      0            1.405
INFO  [17:21:12.969] [bbotk]                                 uhash
INFO  [17:21:12.969] [bbotk]  d44a2cc8-739b-4143-b849-a94f004b65a7
INFO  [17:21:12.973] [bbotk] Evaluating 1 configuration(s)
INFO  [17:21:13.475] [bbotk] Result of batch 5:
INFO  [17:21:13.476] [bbotk]  nrounds        eta max_depth classif.ce warnings errors runtime_learners
INFO  [17:21:13.476] [bbotk]      261 0.02777746         2   0.182428        0      0            0.467
INFO  [17:21:13.476] [bbotk]                                 uhash
INFO  [17:21:13.476] [bbotk]  a3c93b3a-5d6b-4fd2-8277-a6bfc22c58fe
INFO  [17:21:13.481] [bbotk] Evaluating 1 configuration(s)
INFO  [17:21:14.253] [bbotk] Result of batch 6:
INFO  [17:21:14.255] [bbotk]  nrounds        eta max_depth classif.ce warnings errors runtime_learners
INFO  [17:21:14.255] [bbotk]       81 0.04421931         8  0.1169088        0      0            0.726
INFO  [17:21:14.255] [bbotk]                                 uhash
INFO  [17:21:14.255] [bbotk]  014b7843-9d91-401c-9837-c81ff418b587
INFO  [17:21:14.265] [bbotk] Evaluating 1 configuration(s)
INFO  [17:21:14.628] [bbotk] Result of batch 7:
INFO  [17:21:14.629] [bbotk]  nrounds       eta max_depth classif.ce warnings errors runtime_learners
INFO  [17:21:14.629] [bbotk]      170 0.2178265         2   0.143377        0      0            0.322
INFO  [17:21:14.629] [bbotk]                                 uhash
INFO  [17:21:14.629] [bbotk]  c247a098-fedd-410f-9b04-b8400efcafa9
INFO  [17:21:14.632] [bbotk] Evaluating 1 configuration(s)
INFO  [17:21:15.765] [bbotk] Result of batch 8:
INFO  [17:21:15.766] [bbotk]  nrounds        eta max_depth classif.ce warnings errors runtime_learners
INFO  [17:21:15.766] [bbotk]      253 0.03985557         5  0.1261605        0      0             1.08
INFO  [17:21:15.766] [bbotk]                                 uhash
INFO  [17:21:15.766] [bbotk]  10ea9a86-7e3a-4624-9e33-726252f7f510
INFO  [17:21:15.770] [bbotk] Evaluating 1 configuration(s)
INFO  [17:21:16.446] [bbotk] Result of batch 9:
INFO  [17:21:16.448] [bbotk]  nrounds       eta max_depth classif.ce warnings errors runtime_learners
INFO  [17:21:16.448] [bbotk]      166 0.1442309         4  0.1269325        0      0            0.599
INFO  [17:21:16.448] [bbotk]                                 uhash
INFO  [17:21:16.448] [bbotk]  b2bb970e-4f57-4726-aa39-fb35494ef9a5
INFO  [17:21:16.458] [bbotk] Evaluating 1 configuration(s)
INFO  [17:21:16.909] [bbotk] Result of batch 10:
INFO  [17:21:16.911] [bbotk]  nrounds       eta max_depth classif.ce warnings errors runtime_learners
INFO  [17:21:16.911] [bbotk]      151 0.1403503         3   0.133356        0      0            0.413
INFO  [17:21:16.911] [bbotk]                                 uhash
INFO  [17:21:16.911] [bbotk]  cd17197a-90f0-46b3-a27e-0c9722328c18
INFO  [17:21:16.931] [bbotk] Finished optimizing after 10 evaluation(s)
INFO  [17:21:16.931] [bbotk] Result:
INFO  [17:21:16.932] [bbotk]  nrounds        eta max_depth learner_param_vals  x_domain classif.ce
INFO  [17:21:16.932] [bbotk]    <int>      <num>     <int>             <list>    <list>      <num>
INFO  [17:21:16.932] [bbotk]       81 0.04421931         8          <list[5]> <list[3]>  0.1169088

### [bt]: Job terminated successfully [batchtools job.id=2666]
### [bt]: Starting job [batchtools job.id=2667]
### [bt]: Generating problem instance for problem '34d90df810f60583' ...
### [bt]: Applying algorithm 'run_learner' on problem '34d90df810f60583' for job 2667 (seed = 2668) ...
INFO  [17:21:17.411] [mlr3] Applying learner 'classif.xgboost.tuned_calib.perfold_isotonic' on task 'phoneme' (iter 7/10)
INFO  [17:21:17.454] [bbotk] Starting to optimize 3 parameter(s) with '<OptimizerBatchRandomSearch>' and '<TerminatorEvals> [n_evals=10, k=0]'
INFO  [17:21:17.472] [bbotk] Evaluating 1 configuration(s)
INFO  [17:21:19.280] [bbotk] Result of batch 1:
INFO  [17:21:19.282] [bbotk]  nrounds       eta max_depth classif.ce warnings errors runtime_learners
INFO  [17:21:19.282] [bbotk]      247 0.2171954         8  0.1197636        0      0            1.758
INFO  [17:21:19.282] [bbotk]                                 uhash
INFO  [17:21:19.282] [bbotk]  3526b039-2590-46c8-bf5f-d5ba9f4c6179
INFO  [17:21:19.291] [bbotk] Evaluating 1 configuration(s)
INFO  [17:21:21.530] [bbotk] Result of batch 2:
INFO  [17:21:21.531] [bbotk]  nrounds        eta max_depth classif.ce warnings errors runtime_learners
INFO  [17:21:21.531] [bbotk]      248 0.01369275         9  0.1267026        0      0            2.188
INFO  [17:21:21.531] [bbotk]                                 uhash
INFO  [17:21:21.531] [bbotk]  89d0cf30-0d96-4a69-956d-2281c870a76f
INFO  [17:21:21.536] [bbotk] Evaluating 1 configuration(s)
INFO  [17:21:22.644] [bbotk] Result of batch 3:
INFO  [17:21:22.645] [bbotk]  nrounds       eta max_depth classif.ce warnings errors runtime_learners
INFO  [17:21:22.645] [bbotk]      142 0.2129187         9  0.1218196        0      0            1.078
INFO  [17:21:22.645] [bbotk]                                 uhash
INFO  [17:21:22.645] [bbotk]  c49b5bcf-3e66-4c3d-b730-579348506231
INFO  [17:21:22.650] [bbotk] Evaluating 1 configuration(s)
INFO  [17:21:23.206] [bbotk] Result of batch 4:
INFO  [17:21:23.209] [bbotk]  nrounds        eta max_depth classif.ce warnings errors runtime_learners
INFO  [17:21:23.209] [bbotk]      147 0.09448853         4  0.1377538        0      0            0.517
INFO  [17:21:23.209] [bbotk]                                 uhash
INFO  [17:21:23.209] [bbotk]  46ba266b-0f2b-4e79-8795-6af5d3dabb72
INFO  [17:21:23.221] [bbotk] Evaluating 1 configuration(s)
INFO  [17:21:23.731] [bbotk] Result of batch 5:
INFO  [17:21:23.732] [bbotk]  nrounds       eta max_depth classif.ce warnings errors runtime_learners
INFO  [17:21:23.732] [bbotk]      149 0.1045329         4  0.1372398        0      0            0.481
INFO  [17:21:23.732] [bbotk]                                 uhash
INFO  [17:21:23.732] [bbotk]  fd7b9d9f-321e-4e2d-835c-a3658c5c468a
INFO  [17:21:23.736] [bbotk] Evaluating 1 configuration(s)
INFO  [17:21:24.151] [bbotk] Result of batch 6:
INFO  [17:21:24.153] [bbotk]  nrounds        eta max_depth classif.ce warnings errors runtime_learners
INFO  [17:21:24.153] [bbotk]      209 0.07893451         2   0.155487        0      0            0.356
INFO  [17:21:24.153] [bbotk]                                 uhash
INFO  [17:21:24.153] [bbotk]  a7f98e81-0327-45d0-a6b8-470047fe0fa1
INFO  [17:21:24.157] [bbotk] Evaluating 1 configuration(s)
INFO  [17:21:24.753] [bbotk] Result of batch 7:
INFO  [17:21:24.755] [bbotk]  nrounds        eta max_depth classif.ce warnings errors runtime_learners
INFO  [17:21:24.755] [bbotk]      107 0.05487957         6  0.1374968        0      0            0.559
INFO  [17:21:24.755] [bbotk]                                 uhash
INFO  [17:21:24.755] [bbotk]  73455268-acb7-49d2-be26-e2d109ca58a0
INFO  [17:21:24.760] [bbotk] Evaluating 1 configuration(s)
INFO  [17:21:26.576] [bbotk] Result of batch 8:
INFO  [17:21:26.578] [bbotk]  nrounds        eta max_depth classif.ce warnings errors runtime_learners
INFO  [17:21:26.578] [bbotk]      256 0.09439071         8  0.1195066        0      0            1.778
INFO  [17:21:26.578] [bbotk]                                 uhash
INFO  [17:21:26.578] [bbotk]  1c0ae2d2-1ffa-4d09-a4bf-6d9691b5c80a
INFO  [17:21:26.583] [bbotk] Evaluating 1 configuration(s)
INFO  [17:21:28.020] [bbotk] Result of batch 9:
INFO  [17:21:28.021] [bbotk]  nrounds        eta max_depth classif.ce warnings errors runtime_learners
INFO  [17:21:28.021] [bbotk]      263 0.06085746         6  0.1315857        0      0            1.386
INFO  [17:21:28.021] [bbotk]                                 uhash
INFO  [17:21:28.021] [bbotk]  9253b1a3-fd4b-418e-92b7-9b8a62be0bda
INFO  [17:21:28.025] [bbotk] Evaluating 1 configuration(s)
INFO  [17:21:28.892] [bbotk] Result of batch 10:
INFO  [17:21:28.893] [bbotk]  nrounds        eta max_depth classif.ce warnings errors runtime_learners
INFO  [17:21:28.893] [bbotk]      222 0.05525515         5  0.1338987        0      0            0.836
INFO  [17:21:28.893] [bbotk]                                 uhash
INFO  [17:21:28.893] [bbotk]  9774cf25-508b-4f5d-b272-afa80cdecca1
INFO  [17:21:28.902] [bbotk] Finished optimizing after 10 evaluation(s)
INFO  [17:21:28.903] [bbotk] Result:
INFO  [17:21:28.903] [bbotk]  nrounds        eta max_depth learner_param_vals  x_domain classif.ce
INFO  [17:21:28.903] [bbotk]    <int>      <num>     <int>             <list>    <list>      <num>
INFO  [17:21:28.903] [bbotk]      256 0.09439071         8          <list[5]> <list[3]>  0.1195066
INFO  [17:21:29.774] [bbotk] Starting to optimize 3 parameter(s) with '<OptimizerBatchRandomSearch>' and '<TerminatorEvals> [n_evals=10, k=0]'
INFO  [17:21:29.792] [bbotk] Evaluating 1 configuration(s)
INFO  [17:21:30.000] [bbotk] Result of batch 1:
INFO  [17:21:30.001] [bbotk]  nrounds        eta max_depth classif.ce warnings errors runtime_learners
INFO  [17:21:30.001] [bbotk]       50 0.08543603         3  0.1655102        0      0            0.161
INFO  [17:21:30.001] [bbotk]                                 uhash
INFO  [17:21:30.001] [bbotk]  599fe2bf-f49e-4450-a2fe-aade0dbbc9aa
INFO  [17:21:30.007] [bbotk] Evaluating 1 configuration(s)
INFO  [17:21:31.937] [bbotk] Result of batch 2:
INFO  [17:21:31.938] [bbotk]  nrounds       eta max_depth classif.ce warnings errors runtime_learners
INFO  [17:21:31.938] [bbotk]      288 0.1476943         8  0.1220766        0      0            1.898
INFO  [17:21:31.938] [bbotk]                                 uhash
INFO  [17:21:31.938] [bbotk]  40cededb-1e25-4271-85a5-fdc75f7e1bde
INFO  [17:21:31.942] [bbotk] Evaluating 1 configuration(s)
INFO  [17:21:34.676] [bbotk] Result of batch 3:
INFO  [17:21:34.678] [bbotk]  nrounds        eta max_depth classif.ce warnings errors runtime_learners
INFO  [17:21:34.678] [bbotk]      289 0.01070991        10  0.1261886        0      0            2.698
INFO  [17:21:34.678] [bbotk]                                 uhash
INFO  [17:21:34.678] [bbotk]  01ad7ab0-2bea-4624-b5af-0b8c6686096a
INFO  [17:21:34.682] [bbotk] Evaluating 1 configuration(s)
INFO  [17:21:35.076] [bbotk] Result of batch 4:
INFO  [17:21:35.077] [bbotk]  nrounds       eta max_depth classif.ce warnings errors runtime_learners
INFO  [17:21:35.077] [bbotk]      121 0.2260378         3  0.1403238        0      0            0.348
INFO  [17:21:35.077] [bbotk]                                 uhash
INFO  [17:21:35.077] [bbotk]  f4f6a9c2-9a8e-4ce9-86a5-743dede7c0ea
INFO  [17:21:35.080] [bbotk] Evaluating 1 configuration(s)
INFO  [17:21:35.748] [bbotk] Result of batch 5:
INFO  [17:21:35.750] [bbotk]  nrounds       eta max_depth classif.ce warnings errors runtime_learners
INFO  [17:21:35.750] [bbotk]      162 0.1840827         5  0.1282447        0      0            0.631
INFO  [17:21:35.750] [bbotk]                                 uhash
INFO  [17:21:35.750] [bbotk]  347c79e1-1006-436a-a6d6-a55a96602e7d
INFO  [17:21:35.754] [bbotk] Evaluating 1 configuration(s)
INFO  [17:21:36.428] [bbotk] Result of batch 6:
INFO  [17:21:36.430] [bbotk]  nrounds        eta max_depth classif.ce warnings errors runtime_learners
INFO  [17:21:36.430] [bbotk]      214 0.02144465         3  0.1606271        0      0            0.628
INFO  [17:21:36.430] [bbotk]                                 uhash
INFO  [17:21:36.430] [bbotk]  a4d8d8ef-b30b-4743-9a14-1247e9fa347b
INFO  [17:21:36.441] [bbotk] Evaluating 1 configuration(s)
INFO  [17:21:37.599] [bbotk] Result of batch 7:
INFO  [17:21:37.600] [bbotk]  nrounds        eta max_depth classif.ce warnings errors runtime_learners
INFO  [17:21:37.600] [bbotk]      126 0.05368045        10  0.1210486        0      0            1.106
INFO  [17:21:37.600] [bbotk]                                 uhash
INFO  [17:21:37.600] [bbotk]  d45587b9-552c-44ba-ab84-ec88aef6d9df
INFO  [17:21:37.610] [bbotk] Evaluating 1 configuration(s)
INFO  [17:21:39.266] [bbotk] Result of batch 8:
INFO  [17:21:39.267] [bbotk]  nrounds      eta max_depth classif.ce warnings errors runtime_learners
INFO  [17:21:39.267] [bbotk]      276 0.137306         7  0.1249036        0      0            1.613
INFO  [17:21:39.267] [bbotk]                                 uhash
INFO  [17:21:39.267] [bbotk]  66d73aeb-4acc-43f4-abfc-b33f0d7ebd20
INFO  [17:21:39.271] [bbotk] Evaluating 1 configuration(s)
INFO  [17:21:40.798] [bbotk] Result of batch 9:
INFO  [17:21:40.800] [bbotk]  nrounds        eta max_depth classif.ce warnings errors runtime_learners
INFO  [17:21:40.800] [bbotk]      290 0.02548636         6  0.1308147        0      0            1.485
INFO  [17:21:40.800] [bbotk]                                 uhash
INFO  [17:21:40.800] [bbotk]  b0d08571-20b5-448e-b50c-a95c0b9b2ce7
INFO  [17:21:40.807] [bbotk] Evaluating 1 configuration(s)
INFO  [17:21:41.348] [bbotk] Result of batch 10:
INFO  [17:21:41.349] [bbotk]  nrounds       eta max_depth classif.ce warnings errors runtime_learners
INFO  [17:21:41.349] [bbotk]       56 0.1673453        10  0.1254176        0      0            0.492
INFO  [17:21:41.349] [bbotk]                                 uhash
INFO  [17:21:41.349] [bbotk]  66c32451-266f-47f4-88ce-361698131877
INFO  [17:21:41.365] [bbotk] Finished optimizing after 10 evaluation(s)
INFO  [17:21:41.365] [bbotk] Result:
INFO  [17:21:41.366] [bbotk]  nrounds        eta max_depth learner_param_vals  x_domain classif.ce
INFO  [17:21:41.366] [bbotk]    <int>      <num>     <int>             <list>    <list>      <num>
INFO  [17:21:41.366] [bbotk]      126 0.05368045        10          <list[5]> <list[3]>  0.1210486
INFO  [17:21:41.857] [bbotk] Starting to optimize 3 parameter(s) with '<OptimizerBatchRandomSearch>' and '<TerminatorEvals> [n_evals=10, k=0]'
INFO  [17:21:41.866] [bbotk] Evaluating 1 configuration(s)
INFO  [17:21:43.122] [bbotk] Result of batch 1:
INFO  [17:21:43.122] [bbotk]  nrounds        eta max_depth classif.ce warnings errors runtime_learners
INFO  [17:21:43.122] [bbotk]      277 0.04575497         5  0.1315857        0      0            1.217
INFO  [17:21:43.122] [bbotk]                                 uhash
INFO  [17:21:43.122] [bbotk]  77148bff-d7b1-4ca2-84b8-90a08b2d6689
INFO  [17:21:43.126] [bbotk] Evaluating 1 configuration(s)
INFO  [17:21:44.337] [bbotk] Result of batch 2:
INFO  [17:21:44.338] [bbotk]  nrounds        eta max_depth classif.ce warnings errors runtime_learners
INFO  [17:21:44.338] [bbotk]      265 0.06300786         5  0.1282447        0      0            1.157
INFO  [17:21:44.338] [bbotk]                                 uhash
INFO  [17:21:44.338] [bbotk]  7b859008-0a77-4647-83f7-62a87c517f78
INFO  [17:21:44.342] [bbotk] Evaluating 1 configuration(s)
INFO  [17:21:45.117] [bbotk] Result of batch 3:
INFO  [17:21:45.119] [bbotk]  nrounds       eta max_depth classif.ce warnings errors runtime_learners
INFO  [17:21:45.119] [bbotk]       81 0.2015445        10  0.1179645        0      0            0.734
INFO  [17:21:45.119] [bbotk]                                 uhash
INFO  [17:21:45.119] [bbotk]  eea9cf1b-47a8-4d1b-b3a5-96a91ebc4fb4
INFO  [17:21:45.127] [bbotk] Evaluating 1 configuration(s)
INFO  [17:21:46.870] [bbotk] Result of batch 4:
INFO  [17:21:46.873] [bbotk]  nrounds        eta max_depth classif.ce warnings errors runtime_learners
INFO  [17:21:46.873] [bbotk]      205 0.02875598         9  0.1187355        0      0            1.692
INFO  [17:21:46.873] [bbotk]                                 uhash
INFO  [17:21:46.873] [bbotk]  eacab590-1700-49ec-917d-12fc314137c4
INFO  [17:21:46.885] [bbotk] Evaluating 1 configuration(s)
INFO  [17:21:47.744] [bbotk] Result of batch 5:
INFO  [17:21:47.746] [bbotk]  nrounds       eta max_depth classif.ce warnings errors runtime_learners
INFO  [17:21:47.746] [bbotk]      139 0.2795443         7  0.1202776        0      0             0.81
INFO  [17:21:47.746] [bbotk]                                 uhash
INFO  [17:21:47.746] [bbotk]  df207efa-c997-4eed-af14-5b5c4a55afd1
INFO  [17:21:47.754] [bbotk] Evaluating 1 configuration(s)
INFO  [17:21:48.282] [bbotk] Result of batch 6:
INFO  [17:21:48.283] [bbotk]  nrounds       eta max_depth classif.ce warnings errors runtime_learners
INFO  [17:21:48.283] [bbotk]      110 0.2342622         5  0.1282447        0      0            0.479
INFO  [17:21:48.283] [bbotk]                                 uhash
INFO  [17:21:48.283] [bbotk]  8d677c17-60f0-4b2b-814c-0dec1e5011a9
INFO  [17:21:48.287] [bbotk] Evaluating 1 configuration(s)
INFO  [17:21:49.448] [bbotk] Result of batch 7:
INFO  [17:21:49.450] [bbotk]  nrounds       eta max_depth classif.ce warnings errors runtime_learners
INFO  [17:21:49.450] [bbotk]      187 0.2253297         7  0.1174505        0      0            1.109
INFO  [17:21:49.450] [bbotk]                                 uhash
INFO  [17:21:49.450] [bbotk]  4e354266-f63d-4809-9956-3b5da94042b5
INFO  [17:21:49.460] [bbotk] Evaluating 1 configuration(s)
INFO  [17:21:51.415] [bbotk] Result of batch 8:
INFO  [17:21:51.416] [bbotk]  nrounds        eta max_depth classif.ce warnings errors runtime_learners
INFO  [17:21:51.416] [bbotk]      287 0.08587307         8  0.1225906        0      0             1.92
INFO  [17:21:51.416] [bbotk]                                 uhash
INFO  [17:21:51.416] [bbotk]  5b5d2d47-0183-4461-b8f8-fe9c1e2dfbe0
INFO  [17:21:51.420] [bbotk] Evaluating 1 configuration(s)
INFO  [17:21:51.844] [bbotk] Result of batch 9:
INFO  [17:21:51.845] [bbotk]  nrounds        eta max_depth classif.ce warnings errors runtime_learners
INFO  [17:21:51.845] [bbotk]       59 0.02938965         6  0.1320997        0      0             0.39
INFO  [17:21:51.845] [bbotk]                                 uhash
INFO  [17:21:51.845] [bbotk]  b718c682-3df7-4f94-81bc-afcf0e27abd6
INFO  [17:21:51.849] [bbotk] Evaluating 1 configuration(s)
INFO  [17:21:52.230] [bbotk] Result of batch 10:
INFO  [17:21:52.231] [bbotk]  nrounds        eta max_depth classif.ce warnings errors runtime_learners
INFO  [17:21:52.231] [bbotk]       65 0.08522999         6  0.1249036        0      0            0.343
INFO  [17:21:52.231] [bbotk]                                 uhash
INFO  [17:21:52.231] [bbotk]  742c15d8-4ebf-4c59-84d9-b6ac8c035da3
INFO  [17:21:52.250] [bbotk] Finished optimizing after 10 evaluation(s)
INFO  [17:21:52.251] [bbotk] Result:
INFO  [17:21:52.252] [bbotk]  nrounds       eta max_depth learner_param_vals  x_domain classif.ce
INFO  [17:21:52.252] [bbotk]    <int>     <num>     <int>             <list>    <list>      <num>
INFO  [17:21:52.252] [bbotk]      187 0.2253297         7          <list[5]> <list[3]>  0.1174505
INFO  [17:21:52.811] [bbotk] Starting to optimize 3 parameter(s) with '<OptimizerBatchRandomSearch>' and '<TerminatorEvals> [n_evals=10, k=0]'
INFO  [17:21:52.833] [bbotk] Evaluating 1 configuration(s)
INFO  [17:21:53.422] [bbotk] Result of batch 1:
INFO  [17:21:53.424] [bbotk]  nrounds        eta max_depth classif.ce warnings errors runtime_learners
INFO  [17:21:53.424] [bbotk]      276 0.08271844         2  0.1477769        0      0            0.539
INFO  [17:21:53.424] [bbotk]                                 uhash
INFO  [17:21:53.424] [bbotk]  17f61292-79b5-4020-a0b1-19cea68cf1a3
INFO  [17:21:53.431] [bbotk] Evaluating 1 configuration(s)
INFO  [17:21:55.377] [bbotk] Result of batch 2:
INFO  [17:21:55.379] [bbotk]  nrounds       eta max_depth classif.ce warnings errors runtime_learners
INFO  [17:21:55.379] [bbotk]      268 0.2261537         9  0.1151375        0      0            1.905
INFO  [17:21:55.379] [bbotk]                                 uhash
INFO  [17:21:55.379] [bbotk]  45411bd0-cf07-461b-9c1a-af2e6091f85a
INFO  [17:21:55.393] [bbotk] Evaluating 1 configuration(s)
INFO  [17:21:55.678] [bbotk] Result of batch 3:
INFO  [17:21:55.679] [bbotk]  nrounds       eta max_depth classif.ce warnings errors runtime_learners
INFO  [17:21:55.679] [bbotk]       58 0.1555765         4  0.1277307        0      0            0.237
INFO  [17:21:55.679] [bbotk]                                 uhash
INFO  [17:21:55.679] [bbotk]  af3ed663-2eb5-4c64-a52a-bf2e6c4238ed
INFO  [17:21:55.689] [bbotk] Evaluating 1 configuration(s)
INFO  [17:21:57.559] [bbotk] Result of batch 4:
INFO  [17:21:57.560] [bbotk]  nrounds       eta max_depth classif.ce warnings errors runtime_learners
INFO  [17:21:57.560] [bbotk]      232 0.1956367        10  0.1135955        0      0            1.827
INFO  [17:21:57.560] [bbotk]                                 uhash
INFO  [17:21:57.560] [bbotk]  051a2165-5e92-400d-abfb-690348eb9552
INFO  [17:21:57.567] [bbotk] Evaluating 1 configuration(s)
INFO  [17:21:57.944] [bbotk] Result of batch 5:
INFO  [17:21:57.945] [bbotk]  nrounds        eta max_depth classif.ce warnings errors runtime_learners
INFO  [17:21:57.945] [bbotk]       53 0.03583863         6  0.1328707        0      0            0.337
INFO  [17:21:57.945] [bbotk]                                 uhash
INFO  [17:21:57.945] [bbotk]  978f2560-6e68-4490-a8e9-a9cb91a764bc
INFO  [17:21:57.951] [bbotk] Evaluating 1 configuration(s)
INFO  [17:21:58.464] [bbotk] Result of batch 6:
INFO  [17:21:58.466] [bbotk]  nrounds       eta max_depth classif.ce warnings errors runtime_learners
INFO  [17:21:58.466] [bbotk]      147 0.1666067         4  0.1233616        0      0            0.472
INFO  [17:21:58.466] [bbotk]                                 uhash
INFO  [17:21:58.466] [bbotk]  c09b874d-e5b0-4dab-b694-31fc013ed8df
INFO  [17:21:58.487] [bbotk] Evaluating 1 configuration(s)
INFO  [17:22:00.077] [bbotk] Result of batch 7:
INFO  [17:22:00.078] [bbotk]  nrounds       eta max_depth classif.ce warnings errors runtime_learners
INFO  [17:22:00.078] [bbotk]      201 0.1897338         9  0.1117965        0      0             1.54
INFO  [17:22:00.078] [bbotk]                                 uhash
INFO  [17:22:00.078] [bbotk]  bdea0965-c89e-4324-9981-c24855245461
INFO  [17:22:00.083] [bbotk] Evaluating 1 configuration(s)
INFO  [17:22:00.576] [bbotk] Result of batch 8:
INFO  [17:22:00.577] [bbotk]  nrounds       eta max_depth classif.ce warnings errors runtime_learners
INFO  [17:22:00.577] [bbotk]       67 0.1864172         7  0.1156515        0      0            0.448
INFO  [17:22:00.577] [bbotk]                                 uhash
INFO  [17:22:00.577] [bbotk]  c46022ad-3667-4b41-8bd1-ec397b8ce223
INFO  [17:22:00.583] [bbotk] Evaluating 1 configuration(s)
INFO  [17:22:01.013] [bbotk] Result of batch 9:
INFO  [17:22:01.014] [bbotk]  nrounds        eta max_depth classif.ce warnings errors runtime_learners
INFO  [17:22:01.014] [bbotk]       74 0.05392682         5  0.1308147        0      0            0.369
INFO  [17:22:01.014] [bbotk]                                 uhash
INFO  [17:22:01.014] [bbotk]  d8987f00-5cf5-4f34-a1e1-a5ee84dfc6cd
INFO  [17:22:01.022] [bbotk] Evaluating 1 configuration(s)
INFO  [17:22:01.540] [bbotk] Result of batch 10:
INFO  [17:22:01.541] [bbotk]  nrounds        eta max_depth classif.ce warnings errors runtime_learners
INFO  [17:22:01.541] [bbotk]      259 0.04251276         2  0.1621691        0      0            0.468
INFO  [17:22:01.541] [bbotk]                                 uhash
INFO  [17:22:01.541] [bbotk]  9b98a32c-373e-4c3e-91fd-1acd014946dd
INFO  [17:22:01.557] [bbotk] Finished optimizing after 10 evaluation(s)
INFO  [17:22:01.558] [bbotk] Result:
INFO  [17:22:01.559] [bbotk]  nrounds       eta max_depth learner_param_vals  x_domain classif.ce
INFO  [17:22:01.559] [bbotk]    <int>     <num>     <int>             <list>    <list>      <num>
INFO  [17:22:01.559] [bbotk]      201 0.1897338         9          <list[5]> <list[3]>  0.1117965
INFO  [17:22:02.411] [bbotk] Starting to optimize 3 parameter(s) with '<OptimizerBatchRandomSearch>' and '<TerminatorEvals> [n_evals=10, k=0]'
INFO  [17:22:02.422] [bbotk] Evaluating 1 configuration(s)
INFO  [17:22:03.741] [bbotk] Result of batch 1:
INFO  [17:22:03.742] [bbotk]  nrounds      eta max_depth classif.ce warnings errors runtime_learners
INFO  [17:22:03.742] [bbotk]      202 0.278385         7  0.1179382        0      0            1.276
INFO  [17:22:03.742] [bbotk]                                 uhash
INFO  [17:22:03.742] [bbotk]  a99c35c8-25df-406a-94dc-f7d2bb57a0c5
INFO  [17:22:03.746] [bbotk] Evaluating 1 configuration(s)
INFO  [17:22:04.183] [bbotk] Result of batch 2:
INFO  [17:22:04.184] [bbotk]  nrounds       eta max_depth classif.ce warnings errors runtime_learners
INFO  [17:22:04.184] [bbotk]       97 0.1779344         5  0.1330937        0      0            0.395
INFO  [17:22:04.184] [bbotk]                                 uhash
INFO  [17:22:04.184] [bbotk]  057a5a91-f63e-4a17-8028-ca0a6cf6d863
INFO  [17:22:04.188] [bbotk] Evaluating 1 configuration(s)
INFO  [17:22:05.256] [bbotk] Result of batch 3:
INFO  [17:22:05.258] [bbotk]  nrounds        eta max_depth classif.ce warnings errors runtime_learners
INFO  [17:22:05.258] [bbotk]      280 0.05342648         4   0.141831        0      0            1.024
INFO  [17:22:05.258] [bbotk]                                 uhash
INFO  [17:22:05.258] [bbotk]  923f6cb1-6edc-405e-b1d9-7679b81f353f
INFO  [17:22:05.262] [bbotk] Evaluating 1 configuration(s)
INFO  [17:22:06.095] [bbotk] Result of batch 4:
INFO  [17:22:06.097] [bbotk]  nrounds      eta max_depth classif.ce warnings errors runtime_learners
INFO  [17:22:06.097] [bbotk]      128 0.265704         8  0.1210211        0      0            0.777
INFO  [17:22:06.097] [bbotk]                                 uhash
INFO  [17:22:06.097] [bbotk]  209d6c53-1c58-4a1c-a47d-2897172cf9a0
INFO  [17:22:06.107] [bbotk] Evaluating 1 configuration(s)
INFO  [17:22:07.518] [bbotk] Result of batch 5:
INFO  [17:22:07.519] [bbotk]  nrounds        eta max_depth classif.ce warnings errors runtime_learners
INFO  [17:22:07.519] [bbotk]      284 0.08401553         6  0.1264152        0      0            1.362
INFO  [17:22:07.519] [bbotk]                                 uhash
INFO  [17:22:07.519] [bbotk]  eca3baec-0f37-49c1-83b9-6989a6382bae
INFO  [17:22:07.527] [bbotk] Evaluating 1 configuration(s)
INFO  [17:22:08.956] [bbotk] Result of batch 6:
INFO  [17:22:08.959] [bbotk]  nrounds       eta max_depth classif.ce warnings errors runtime_learners
INFO  [17:22:08.959] [bbotk]      217 0.1823786         8  0.1241045        0      0            1.372
INFO  [17:22:08.959] [bbotk]                                 uhash
INFO  [17:22:08.959] [bbotk]  59b30219-bad8-4db3-9124-f6af1f79a132
INFO  [17:22:08.967] [bbotk] Evaluating 1 configuration(s)
INFO  [17:22:09.680] [bbotk] Result of batch 7:
INFO  [17:22:09.681] [bbotk]  nrounds       eta max_depth classif.ce warnings errors runtime_learners
INFO  [17:22:09.681] [bbotk]       86 0.2340674         9  0.1205063        0      0            0.665
INFO  [17:22:09.681] [bbotk]                                 uhash
INFO  [17:22:09.681] [bbotk]  dc0b2c83-f644-4d1b-8ba6-1dfc36fe7805
INFO  [17:22:09.685] [bbotk] Evaluating 1 configuration(s)
INFO  [17:22:10.628] [bbotk] Result of batch 8:
INFO  [17:22:10.629] [bbotk]  nrounds       eta max_depth classif.ce warnings errors runtime_learners
INFO  [17:22:10.629] [bbotk]      179 0.2244388         6  0.1225615        0      0             0.91
INFO  [17:22:10.629] [bbotk]                                 uhash
INFO  [17:22:10.629] [bbotk]  ba11d72c-290a-4131-8957-85a02511ecad
INFO  [17:22:10.640] [bbotk] Evaluating 1 configuration(s)
INFO  [17:22:12.342] [bbotk] Result of batch 9:
INFO  [17:22:12.343] [bbotk]  nrounds       eta max_depth classif.ce warnings errors runtime_learners
INFO  [17:22:12.343] [bbotk]      232 0.2051834         9  0.1156246        0      0            1.664
INFO  [17:22:12.343] [bbotk]                                 uhash
INFO  [17:22:12.343] [bbotk]  4f35dc73-ff33-4920-9cea-2d4e7f5b2b3e
INFO  [17:22:12.347] [bbotk] Evaluating 1 configuration(s)
INFO  [17:22:13.445] [bbotk] Result of batch 10:
INFO  [17:22:13.446] [bbotk]  nrounds        eta max_depth classif.ce warnings errors runtime_learners
INFO  [17:22:13.446] [bbotk]      139 0.03389828         8  0.1292418        0      0            1.053
INFO  [17:22:13.446] [bbotk]                                 uhash
INFO  [17:22:13.446] [bbotk]  1d3f35df-ee50-43b2-be5e-788658b9137a
INFO  [17:22:13.457] [bbotk] Finished optimizing after 10 evaluation(s)
INFO  [17:22:13.457] [bbotk] Result:
INFO  [17:22:13.459] [bbotk]  nrounds       eta max_depth learner_param_vals  x_domain classif.ce
INFO  [17:22:13.459] [bbotk]    <int>     <num>     <int>             <list>    <list>      <num>
INFO  [17:22:13.459] [bbotk]      232 0.2051834         9          <list[5]> <list[3]>  0.1156246

### [bt]: Job terminated successfully [batchtools job.id=2667]
### [bt]: Starting job [batchtools job.id=2668]
### [bt]: Generating problem instance for problem '34d90df810f60583' ...
### [bt]: Applying algorithm 'run_learner' on problem '34d90df810f60583' for job 2668 (seed = 2669) ...
INFO  [17:22:14.435] [mlr3] Applying learner 'classif.xgboost.tuned_calib.perfold_isotonic' on task 'phoneme' (iter 8/10)
INFO  [17:22:14.471] [bbotk] Starting to optimize 3 parameter(s) with '<OptimizerBatchRandomSearch>' and '<TerminatorEvals> [n_evals=10, k=0]'
INFO  [17:22:14.480] [bbotk] Evaluating 1 configuration(s)
INFO  [17:22:14.997] [bbotk] Result of batch 1:
INFO  [17:22:14.998] [bbotk]  nrounds      eta max_depth classif.ce warnings errors runtime_learners
INFO  [17:22:14.998] [bbotk]       82 0.141883         6  0.1205346        0      0            0.475
INFO  [17:22:14.998] [bbotk]                                 uhash
INFO  [17:22:14.998] [bbotk]  73aa3c9e-6988-4fad-927a-155a3e842146
INFO  [17:22:15.010] [bbotk] Evaluating 1 configuration(s)
INFO  [17:22:16.967] [bbotk] Result of batch 2:
INFO  [17:22:16.969] [bbotk]  nrounds       eta max_depth classif.ce warnings errors runtime_learners
INFO  [17:22:16.969] [bbotk]      251 0.2090356         9  0.1112824        0      0            1.915
INFO  [17:22:16.969] [bbotk]                                 uhash
INFO  [17:22:16.969] [bbotk]  0ed10821-9b35-47ea-88aa-bab2dd5514d9
INFO  [17:22:16.978] [bbotk] Evaluating 1 configuration(s)
INFO  [17:22:17.831] [bbotk] Result of batch 3:
INFO  [17:22:17.832] [bbotk]  nrounds        eta max_depth classif.ce warnings errors runtime_learners
INFO  [17:22:17.832] [bbotk]       84 0.04087444        10  0.1205346        0      0            0.811
INFO  [17:22:17.832] [bbotk]                                 uhash
INFO  [17:22:17.832] [bbotk]  2aa39285-b4b7-413d-9751-5349544eec3e
INFO  [17:22:17.836] [bbotk] Evaluating 1 configuration(s)
INFO  [17:22:18.664] [bbotk] Result of batch 4:
INFO  [17:22:18.667] [bbotk]  nrounds        eta max_depth classif.ce warnings errors runtime_learners
INFO  [17:22:18.667] [bbotk]      142 0.05261413         6  0.1238756        0      0            0.763
INFO  [17:22:18.667] [bbotk]                                 uhash
INFO  [17:22:18.667] [bbotk]  a82d4bc9-4f0b-40e2-9055-8ea1dcd6d155
INFO  [17:22:18.685] [bbotk] Evaluating 1 configuration(s)
INFO  [17:22:19.012] [bbotk] Result of batch 5:
INFO  [17:22:19.013] [bbotk]  nrounds      eta max_depth classif.ce warnings errors runtime_learners
INFO  [17:22:19.013] [bbotk]      133 0.145526         2  0.1459779        0      0            0.277
INFO  [17:22:19.013] [bbotk]                                 uhash
INFO  [17:22:19.013] [bbotk]  eb882c8b-be0c-4d4b-88db-52c70b1a9c59
INFO  [17:22:19.017] [bbotk] Evaluating 1 configuration(s)
INFO  [17:22:19.443] [bbotk] Result of batch 6:
INFO  [17:22:19.444] [bbotk]  nrounds        eta max_depth classif.ce warnings errors runtime_learners
INFO  [17:22:19.444] [bbotk]       52 0.08650488         7  0.1192496        0      0            0.372
INFO  [17:22:19.444] [bbotk]                                 uhash
INFO  [17:22:19.444] [bbotk]  ef73473d-b4f0-40db-a99a-c7015d152938
INFO  [17:22:19.448] [bbotk] Evaluating 1 configuration(s)
INFO  [17:22:21.257] [bbotk] Result of batch 7:
INFO  [17:22:21.259] [bbotk]  nrounds       eta max_depth classif.ce warnings errors runtime_learners
INFO  [17:22:21.259] [bbotk]      255 0.2687254        10  0.1102544        0      0            1.774
INFO  [17:22:21.259] [bbotk]                                 uhash
INFO  [17:22:21.259] [bbotk]  8af9b453-d896-4721-802e-44c774e5acaf
INFO  [17:22:21.267] [bbotk] Evaluating 1 configuration(s)
INFO  [17:22:22.449] [bbotk] Result of batch 8:
INFO  [17:22:22.451] [bbotk]  nrounds       eta max_depth classif.ce warnings errors runtime_learners
INFO  [17:22:22.451] [bbotk]      163 0.1940245         7  0.1117965        0      0            1.142
INFO  [17:22:22.451] [bbotk]                                 uhash
INFO  [17:22:22.451] [bbotk]  dd365801-fa5b-4921-89f2-e194452d832e
INFO  [17:22:22.455] [bbotk] Evaluating 1 configuration(s)
INFO  [17:22:23.360] [bbotk] Result of batch 9:
INFO  [17:22:23.361] [bbotk]  nrounds       eta max_depth classif.ce warnings errors runtime_learners
INFO  [17:22:23.361] [bbotk]      111 0.1582219         8  0.1117965        0      0            0.844
INFO  [17:22:23.361] [bbotk]                                 uhash
INFO  [17:22:23.361] [bbotk]  d53571a0-5c7b-45bf-b272-c2c88fbda4b3
INFO  [17:22:23.371] [bbotk] Evaluating 1 configuration(s)
INFO  [17:22:25.326] [bbotk] Result of batch 10:
INFO  [17:22:25.327] [bbotk]  nrounds      eta max_depth classif.ce warnings errors runtime_learners
INFO  [17:22:25.327] [bbotk]      278 0.179441         9  0.1102544        0      0            1.921
INFO  [17:22:25.327] [bbotk]                                 uhash
INFO  [17:22:25.327] [bbotk]  14d274d1-9e87-47df-bea0-ffb70878d063
INFO  [17:22:25.345] [bbotk] Finished optimizing after 10 evaluation(s)
INFO  [17:22:25.346] [bbotk] Result:
INFO  [17:22:25.348] [bbotk]  nrounds       eta max_depth learner_param_vals  x_domain classif.ce
INFO  [17:22:25.348] [bbotk]    <int>     <num>     <int>             <list>    <list>      <num>
INFO  [17:22:25.348] [bbotk]      255 0.2687254        10          <list[5]> <list[3]>  0.1102544
INFO  [17:22:26.393] [bbotk] Starting to optimize 3 parameter(s) with '<OptimizerBatchRandomSearch>' and '<TerminatorEvals> [n_evals=10, k=0]'
INFO  [17:22:26.419] [bbotk] Evaluating 1 configuration(s)
INFO  [17:22:27.030] [bbotk] Result of batch 1:
INFO  [17:22:27.032] [bbotk]  nrounds       eta max_depth classif.ce warnings errors runtime_learners
INFO  [17:22:27.032] [bbotk]      107 0.2232991         6  0.1189925        0      0            0.565
INFO  [17:22:27.032] [bbotk]                                 uhash
INFO  [17:22:27.032] [bbotk]  468a9891-f981-4ba2-852e-ebf410b73c8b
INFO  [17:22:27.040] [bbotk] Evaluating 1 configuration(s)
INFO  [17:22:27.533] [bbotk] Result of batch 2:
INFO  [17:22:27.535] [bbotk]  nrounds       eta max_depth classif.ce warnings errors runtime_learners
INFO  [17:22:27.535] [bbotk]       64 0.2436046         8  0.1123105        0      0            0.455
INFO  [17:22:27.535] [bbotk]                                 uhash
INFO  [17:22:27.535] [bbotk]  9d4aff34-34f9-4411-8c7f-7a6d3a1fea7a
INFO  [17:22:27.544] [bbotk] Evaluating 1 configuration(s)
INFO  [17:22:28.158] [bbotk] Result of batch 3:
INFO  [17:22:28.159] [bbotk]  nrounds        eta max_depth classif.ce warnings errors runtime_learners
INFO  [17:22:28.159] [bbotk]      149 0.08967675         4  0.1300437        0      0            0.567
INFO  [17:22:28.159] [bbotk]                                 uhash
INFO  [17:22:28.159] [bbotk]  e5c8f530-314c-419a-ba8d-55472a09df6c
INFO  [17:22:28.163] [bbotk] Evaluating 1 configuration(s)
INFO  [17:22:28.371] [bbotk] Result of batch 4:
INFO  [17:22:28.372] [bbotk]  nrounds       eta max_depth classif.ce warnings errors runtime_learners
INFO  [17:22:28.372] [bbotk]       64 0.2463451         2   0.155744        0      0            0.149
INFO  [17:22:28.372] [bbotk]                                 uhash
INFO  [17:22:28.372] [bbotk]  ed9b5b05-f5f1-4468-ae79-e1ad60a557ce
INFO  [17:22:28.379] [bbotk] Evaluating 1 configuration(s)
INFO  [17:22:28.842] [bbotk] Result of batch 5:
INFO  [17:22:28.844] [bbotk]  nrounds        eta max_depth classif.ce warnings errors runtime_learners
INFO  [17:22:28.844] [bbotk]      217 0.02993957         2  0.1793883        0      0            0.424
INFO  [17:22:28.844] [bbotk]                                 uhash
INFO  [17:22:28.844] [bbotk]  8a2ebfac-6141-458f-885b-b769354b26e4
INFO  [17:22:28.854] [bbotk] Evaluating 1 configuration(s)
INFO  [17:22:29.428] [bbotk] Result of batch 6:
INFO  [17:22:29.430] [bbotk]  nrounds       eta max_depth classif.ce warnings errors runtime_learners
INFO  [17:22:29.430] [bbotk]      181 0.1085656         3  0.1387818        0      0            0.532
INFO  [17:22:29.430] [bbotk]                                 uhash
INFO  [17:22:29.430] [bbotk]  36363939-0af7-4c9a-951e-631ecc3054bd
INFO  [17:22:29.438] [bbotk] Evaluating 1 configuration(s)
INFO  [17:22:29.916] [bbotk] Result of batch 7:
INFO  [17:22:29.917] [bbotk]  nrounds       eta max_depth classif.ce warnings errors runtime_learners
INFO  [17:22:29.917] [bbotk]      138 0.1009845         3  0.1441789        0      0            0.427
INFO  [17:22:29.917] [bbotk]                                 uhash
INFO  [17:22:29.917] [bbotk]  59af80b3-9d91-40cc-ad71-89c322fa3a5c
INFO  [17:22:29.921] [bbotk] Evaluating 1 configuration(s)
INFO  [17:22:31.117] [bbotk] Result of batch 8:
INFO  [17:22:31.118] [bbotk]  nrounds       eta max_depth classif.ce warnings errors runtime_learners
INFO  [17:22:31.118] [bbotk]      289 0.1504451         5  0.1246466        0      0             1.14
INFO  [17:22:31.118] [bbotk]                                 uhash
INFO  [17:22:31.118] [bbotk]  41d562b4-d02d-4cd3-9e77-08ea31edca1e
INFO  [17:22:31.122] [bbotk] Evaluating 1 configuration(s)
INFO  [17:22:33.033] [bbotk] Result of batch 9:
INFO  [17:22:33.035] [bbotk]  nrounds        eta max_depth classif.ce warnings errors runtime_learners
INFO  [17:22:33.035] [bbotk]      269 0.07878317         7  0.1164225        0      0            1.769
INFO  [17:22:33.035] [bbotk]                                 uhash
INFO  [17:22:33.035] [bbotk]  04fbe66c-f352-4459-99e4-b1fb55d75932
INFO  [17:22:33.040] [bbotk] Evaluating 1 configuration(s)
INFO  [17:22:33.574] [bbotk] Result of batch 10:
INFO  [17:22:33.575] [bbotk]  nrounds       eta max_depth classif.ce warnings errors runtime_learners
INFO  [17:22:33.575] [bbotk]       56 0.2763108         9  0.1079414        0      0            0.493
INFO  [17:22:33.575] [bbotk]                                 uhash
INFO  [17:22:33.575] [bbotk]  463db279-81d5-4835-aa63-0f150a7988ca
INFO  [17:22:33.586] [bbotk] Finished optimizing after 10 evaluation(s)
INFO  [17:22:33.587] [bbotk] Result:
INFO  [17:22:33.589] [bbotk]  nrounds       eta max_depth learner_param_vals  x_domain classif.ce
INFO  [17:22:33.589] [bbotk]    <int>     <num>     <int>             <list>    <list>      <num>
INFO  [17:22:33.589] [bbotk]       56 0.2763108         9          <list[5]> <list[3]>  0.1079414
INFO  [17:22:33.917] [bbotk] Starting to optimize 3 parameter(s) with '<OptimizerBatchRandomSearch>' and '<TerminatorEvals> [n_evals=10, k=0]'
INFO  [17:22:33.929] [bbotk] Evaluating 1 configuration(s)
INFO  [17:22:35.448] [bbotk] Result of batch 1:
INFO  [17:22:35.450] [bbotk]  nrounds       eta max_depth classif.ce warnings errors runtime_learners
INFO  [17:22:35.450] [bbotk]      176 0.1402337         9  0.1097404        0      0            1.469
INFO  [17:22:35.450] [bbotk]                                 uhash
INFO  [17:22:35.450] [bbotk]  b74fe186-1355-4458-b414-786a36832bac
INFO  [17:22:35.457] [bbotk] Evaluating 1 configuration(s)
INFO  [17:22:36.448] [bbotk] Result of batch 2:
INFO  [17:22:36.449] [bbotk]  nrounds       eta max_depth classif.ce warnings errors runtime_learners
INFO  [17:22:36.449] [bbotk]      139 0.1184508         7  0.1123105        0      0             0.94
INFO  [17:22:36.449] [bbotk]                                 uhash
INFO  [17:22:36.449] [bbotk]  401f42f0-3f34-4bff-901d-55e1749fd32d
INFO  [17:22:36.455] [bbotk] Evaluating 1 configuration(s)
INFO  [17:22:36.888] [bbotk] Result of batch 3:
INFO  [17:22:36.890] [bbotk]  nrounds       eta max_depth classif.ce warnings errors runtime_learners
INFO  [17:22:36.890] [bbotk]       60 0.1654959         7  0.1171935        0      0            0.391
INFO  [17:22:36.890] [bbotk]                                 uhash
INFO  [17:22:36.890] [bbotk]  9f9c1b43-23a0-4df9-94dd-191fc9f573a1
INFO  [17:22:36.904] [bbotk] Evaluating 1 configuration(s)
INFO  [17:22:37.951] [bbotk] Result of batch 4:
INFO  [17:22:37.952] [bbotk]  nrounds       eta max_depth classif.ce warnings errors runtime_learners
INFO  [17:22:37.952] [bbotk]      125 0.2053515         9  0.1171935        0      0            0.993
INFO  [17:22:37.952] [bbotk]                                 uhash
INFO  [17:22:37.952] [bbotk]  5e25a234-fac8-43ae-94fb-dddc7f65b484
INFO  [17:22:37.956] [bbotk] Evaluating 1 configuration(s)
INFO  [17:22:38.720] [bbotk] Result of batch 5:
INFO  [17:22:38.721] [bbotk]  nrounds       eta max_depth classif.ce warnings errors runtime_learners
INFO  [17:22:38.721] [bbotk]      166 0.1977785         5  0.1200206        0      0            0.717
INFO  [17:22:38.721] [bbotk]                                 uhash
INFO  [17:22:38.721] [bbotk]  d14f206b-d527-4d4c-ab94-cdddd178175f
INFO  [17:22:38.725] [bbotk] Evaluating 1 configuration(s)
INFO  [17:22:39.518] [bbotk] Result of batch 6:
INFO  [17:22:39.519] [bbotk]  nrounds       eta max_depth classif.ce warnings errors runtime_learners
INFO  [17:22:39.519] [bbotk]      277 0.2848601         3  0.1274737        0      0            0.746
INFO  [17:22:39.519] [bbotk]                                 uhash
INFO  [17:22:39.519] [bbotk]  97b52bbc-9f30-4c66-b5fd-7d867e24236b
INFO  [17:22:39.523] [bbotk] Evaluating 1 configuration(s)
INFO  [17:22:40.543] [bbotk] Result of batch 7:
INFO  [17:22:40.544] [bbotk]  nrounds       eta max_depth classif.ce warnings errors runtime_learners
INFO  [17:22:40.544] [bbotk]      251 0.0155372         4  0.1444359        0      0            0.983
INFO  [17:22:40.544] [bbotk]                                 uhash
INFO  [17:22:40.544] [bbotk]  4ba15f4d-3e4e-4692-b8c6-d1da8dcbbd11
INFO  [17:22:40.552] [bbotk] Evaluating 1 configuration(s)
INFO  [17:22:42.059] [bbotk] Result of batch 8:
INFO  [17:22:42.061] [bbotk]  nrounds      eta max_depth classif.ce warnings errors runtime_learners
INFO  [17:22:42.061] [bbotk]      258 0.204744         6  0.1146235        0      0            1.462
INFO  [17:22:42.061] [bbotk]                                 uhash
INFO  [17:22:42.061] [bbotk]  8637e09f-924e-4e79-9e1d-43b56029713d
INFO  [17:22:42.070] [bbotk] Evaluating 1 configuration(s)
INFO  [17:22:43.779] [bbotk] Result of batch 9:
INFO  [17:22:43.780] [bbotk]  nrounds        eta max_depth classif.ce warnings errors runtime_learners
INFO  [17:22:43.780] [bbotk]      243 0.07817882         7  0.1148805        0      0            1.654
INFO  [17:22:43.780] [bbotk]                                 uhash
INFO  [17:22:43.780] [bbotk]  8180f3bd-e334-44e5-946b-e434e0adfdc5
INFO  [17:22:43.784] [bbotk] Evaluating 1 configuration(s)
INFO  [17:22:44.835] [bbotk] Result of batch 10:
INFO  [17:22:44.838] [bbotk]  nrounds        eta max_depth classif.ce warnings errors runtime_learners
INFO  [17:22:44.838] [bbotk]      143 0.05676208         7  0.1215626        0      0            0.994
INFO  [17:22:44.838] [bbotk]                                 uhash
INFO  [17:22:44.838] [bbotk]  f7180000-3d7a-476b-a3ea-274e9307d201
INFO  [17:22:44.853] [bbotk] Finished optimizing after 10 evaluation(s)
INFO  [17:22:44.854] [bbotk] Result:
INFO  [17:22:44.854] [bbotk]  nrounds       eta max_depth learner_param_vals  x_domain classif.ce
INFO  [17:22:44.854] [bbotk]    <int>     <num>     <int>             <list>    <list>      <num>
INFO  [17:22:44.854] [bbotk]      176 0.1402337         9          <list[5]> <list[3]>  0.1097404
INFO  [17:22:45.626] [bbotk] Starting to optimize 3 parameter(s) with '<OptimizerBatchRandomSearch>' and '<TerminatorEvals> [n_evals=10, k=0]'
INFO  [17:22:45.642] [bbotk] Evaluating 1 configuration(s)
INFO  [17:22:46.782] [bbotk] Result of batch 1:
INFO  [17:22:46.784] [bbotk]  nrounds        eta max_depth classif.ce warnings errors runtime_learners
INFO  [17:22:46.784] [bbotk]      244 0.03917304         5  0.1346698        0      0            1.099
INFO  [17:22:46.784] [bbotk]                                 uhash
INFO  [17:22:46.784] [bbotk]  d7414bf2-0f59-492a-a4b0-6e6efa932239
INFO  [17:22:46.788] [bbotk] Evaluating 1 configuration(s)
INFO  [17:22:47.118] [bbotk] Result of batch 2:
INFO  [17:22:47.119] [bbotk]  nrounds        eta max_depth classif.ce warnings errors runtime_learners
INFO  [17:22:47.119] [bbotk]      103 0.02841158         3  0.1688512        0      0            0.286
INFO  [17:22:47.119] [bbotk]                                 uhash
INFO  [17:22:47.119] [bbotk]  b363e6fc-3866-40f9-9d67-b0951bbe0dce
INFO  [17:22:47.126] [bbotk] Evaluating 1 configuration(s)
INFO  [17:22:48.234] [bbotk] Result of batch 3:
INFO  [17:22:48.243] [bbotk]  nrounds        eta max_depth classif.ce warnings errors runtime_learners
INFO  [17:22:48.243] [bbotk]      156 0.01627747         7  0.1323567        0      0            1.065
INFO  [17:22:48.243] [bbotk]                                 uhash
INFO  [17:22:48.243] [bbotk]  b929c9ac-ef65-45ed-be3c-3fef84ab55e7
INFO  [17:22:48.254] [bbotk] Evaluating 1 configuration(s)
INFO  [17:22:49.802] [bbotk] Result of batch 4:
INFO  [17:22:49.803] [bbotk]  nrounds       eta max_depth classif.ce warnings errors runtime_learners
INFO  [17:22:49.803] [bbotk]      172 0.1089859         9  0.1164225        0      0            1.489
INFO  [17:22:49.803] [bbotk]                                 uhash
INFO  [17:22:49.803] [bbotk]  4d920a3e-021f-4522-b1d2-e18dfc34e13b
INFO  [17:22:49.807] [bbotk] Evaluating 1 configuration(s)
INFO  [17:22:51.394] [bbotk] Result of batch 5:
INFO  [17:22:51.395] [bbotk]  nrounds       eta max_depth classif.ce warnings errors runtime_learners
INFO  [17:22:51.395] [bbotk]      285 0.1854177         6  0.1200206        0      0            1.529
INFO  [17:22:51.395] [bbotk]                                 uhash
INFO  [17:22:51.395] [bbotk]  53cf36e2-1b6f-4236-84fb-8c3744f3703d
INFO  [17:22:51.399] [bbotk] Evaluating 1 configuration(s)
INFO  [17:22:52.293] [bbotk] Result of batch 6:
INFO  [17:22:52.294] [bbotk]  nrounds       eta max_depth classif.ce warnings errors runtime_learners
INFO  [17:22:52.294] [bbotk]      243 0.1924441         5  0.1254176        0      0            0.846
INFO  [17:22:52.294] [bbotk]                                 uhash
INFO  [17:22:52.294] [bbotk]  6cd227d0-54fe-4270-8d4d-bbd8ad66006c
INFO  [17:22:52.303] [bbotk] Evaluating 1 configuration(s)
INFO  [17:22:52.543] [bbotk] Result of batch 7:
INFO  [17:22:52.545] [bbotk]  nrounds        eta max_depth classif.ce warnings errors runtime_learners
INFO  [17:22:52.545] [bbotk]       98 0.04302043         2  0.1924955        0      0            0.179
INFO  [17:22:52.545] [bbotk]                                 uhash
INFO  [17:22:52.545] [bbotk]  64bcbb93-fe3f-4e7a-ad1f-8493157a4b11
INFO  [17:22:52.550] [bbotk] Evaluating 1 configuration(s)
INFO  [17:22:53.597] [bbotk] Result of batch 8:
INFO  [17:22:53.599] [bbotk]  nrounds       eta max_depth classif.ce warnings errors runtime_learners
INFO  [17:22:53.599] [bbotk]      257 0.1199802         4  0.1318427        0      0            0.996
INFO  [17:22:53.599] [bbotk]                                 uhash
INFO  [17:22:53.599] [bbotk]  41aac7f1-1b2d-4293-aad6-9f18116dc957
INFO  [17:22:53.610] [bbotk] Evaluating 1 configuration(s)
INFO  [17:22:54.532] [bbotk] Result of batch 9:
INFO  [17:22:54.533] [bbotk]  nrounds        eta max_depth classif.ce warnings errors runtime_learners
INFO  [17:22:54.533] [bbotk]      108 0.03910548         8  0.1254176        0      0            0.863
INFO  [17:22:54.533] [bbotk]                                 uhash
INFO  [17:22:54.533] [bbotk]  29dd8060-f8b8-4245-b853-61c1c6969761
INFO  [17:22:54.537] [bbotk] Evaluating 1 configuration(s)
INFO  [17:22:56.730] [bbotk] Result of batch 10:
INFO  [17:22:56.735] [bbotk]  nrounds       eta max_depth classif.ce warnings errors runtime_learners
INFO  [17:22:56.735] [bbotk]      299 0.1704892         9  0.1192496        0      0            2.151
INFO  [17:22:56.735] [bbotk]                                 uhash
INFO  [17:22:56.735] [bbotk]  3271c70b-c060-4b71-a2a9-1055c03b5228
INFO  [17:22:56.750] [bbotk] Finished optimizing after 10 evaluation(s)
INFO  [17:22:56.750] [bbotk] Result:
INFO  [17:22:56.751] [bbotk]  nrounds       eta max_depth learner_param_vals  x_domain classif.ce
INFO  [17:22:56.751] [bbotk]    <int>     <num>     <int>             <list>    <list>      <num>
INFO  [17:22:56.751] [bbotk]      172 0.1089859         9          <list[5]> <list[3]>  0.1164225
INFO  [17:22:57.545] [bbotk] Starting to optimize 3 parameter(s) with '<OptimizerBatchRandomSearch>' and '<TerminatorEvals> [n_evals=10, k=0]'
INFO  [17:22:57.555] [bbotk] Evaluating 1 configuration(s)
INFO  [17:22:59.287] [bbotk] Result of batch 1:
INFO  [17:22:59.288] [bbotk]  nrounds        eta max_depth classif.ce warnings errors runtime_learners
INFO  [17:22:59.288] [bbotk]      286 0.06637332         7  0.1235873        0      0            1.694
INFO  [17:22:59.288] [bbotk]                                 uhash
INFO  [17:22:59.288] [bbotk]  f8dc92c4-37eb-4648-9514-a01f7bc3f325
INFO  [17:22:59.292] [bbotk] Evaluating 1 configuration(s)
INFO  [17:23:01.139] [bbotk] Result of batch 2:
INFO  [17:23:01.141] [bbotk]  nrounds       eta max_depth classif.ce warnings errors runtime_learners
INFO  [17:23:01.141] [bbotk]      250 0.1824413         9  0.1189617        0      0            1.806
INFO  [17:23:01.141] [bbotk]                                 uhash
INFO  [17:23:01.141] [bbotk]  06009013-2baf-49a7-a417-3c389659372f
INFO  [17:23:01.145] [bbotk] Evaluating 1 configuration(s)
INFO  [17:23:01.559] [bbotk] Result of batch 3:
INFO  [17:23:01.560] [bbotk]  nrounds        eta max_depth classif.ce warnings errors runtime_learners
INFO  [17:23:01.560] [bbotk]       66 0.08622045         5  0.1418314        0      0             0.34
INFO  [17:23:01.560] [bbotk]                                 uhash
INFO  [17:23:01.560] [bbotk]  cce7d69a-1bf0-4cdf-89f2-1ce2c1f8b7a8
INFO  [17:23:01.565] [bbotk] Evaluating 1 configuration(s)
INFO  [17:23:02.862] [bbotk] Result of batch 4:
INFO  [17:23:02.863] [bbotk]  nrounds       eta max_depth classif.ce warnings errors runtime_learners
INFO  [17:23:02.863] [bbotk]      143 0.2696391        10  0.1205027        0      0            1.242
INFO  [17:23:02.863] [bbotk]                                 uhash
INFO  [17:23:02.863] [bbotk]  cf3e04b7-face-4290-8b60-77a4306fb7bf
INFO  [17:23:02.867] [bbotk] Evaluating 1 configuration(s)
INFO  [17:23:03.137] [bbotk] Result of batch 5:
INFO  [17:23:03.140] [bbotk]  nrounds       eta max_depth classif.ce warnings errors runtime_learners
INFO  [17:23:03.140] [bbotk]      117 0.2198867         2  0.1497963        0      0            0.222
INFO  [17:23:03.140] [bbotk]                                 uhash
INFO  [17:23:03.140] [bbotk]  6a397f9f-c472-46ab-878a-154c8ce2d0c1
INFO  [17:23:03.144] [bbotk] Evaluating 1 configuration(s)
INFO  [17:23:03.475] [bbotk] Result of batch 6:
INFO  [17:23:03.476] [bbotk]  nrounds       eta max_depth classif.ce warnings errors runtime_learners
INFO  [17:23:03.476] [bbotk]       71 0.1511422         4  0.1392622        0      0             0.29
INFO  [17:23:03.476] [bbotk]                                 uhash
INFO  [17:23:03.476] [bbotk]  429403aa-836d-49d2-8015-8f3b3fcf07ef
INFO  [17:23:03.480] [bbotk] Evaluating 1 configuration(s)
INFO  [17:23:03.683] [bbotk] Result of batch 7:
INFO  [17:23:03.685] [bbotk]  nrounds       eta max_depth classif.ce warnings errors runtime_learners
INFO  [17:23:03.685] [bbotk]       76 0.2397846         2  0.1572486        0      0            0.161
INFO  [17:23:03.685] [bbotk]                                 uhash
INFO  [17:23:03.685] [bbotk]  f10c6b46-86ce-4726-af55-9b8b6a9c68ef
INFO  [17:23:03.696] [bbotk] Evaluating 1 configuration(s)
INFO  [17:23:04.747] [bbotk] Result of batch 8:
INFO  [17:23:04.748] [bbotk]  nrounds       eta max_depth classif.ce warnings errors runtime_learners
INFO  [17:23:04.748] [bbotk]      101 0.1294423        10  0.1210181        0      0            0.993
INFO  [17:23:04.748] [bbotk]                                 uhash
INFO  [17:23:04.748] [bbotk]  7b3811f0-536f-4f03-94a9-373f5f0bb978
INFO  [17:23:04.753] [bbotk] Evaluating 1 configuration(s)
INFO  [17:23:05.955] [bbotk] Result of batch 9:
INFO  [17:23:05.956] [bbotk]  nrounds       eta max_depth classif.ce warnings errors runtime_learners
INFO  [17:23:05.956] [bbotk]      280 0.2655607         5  0.1248723        0      0             1.14
INFO  [17:23:05.956] [bbotk]                                 uhash
INFO  [17:23:05.956] [bbotk]  e5a018c7-1e4a-408c-9653-766e08c5126a
INFO  [17:23:05.960] [bbotk] Evaluating 1 configuration(s)
INFO  [17:23:07.124] [bbotk] Result of batch 10:
INFO  [17:23:07.125] [bbotk]  nrounds       eta max_depth classif.ce warnings errors runtime_learners
INFO  [17:23:07.125] [bbotk]      294 0.1774056         4  0.1294986        0      0            1.107
INFO  [17:23:07.125] [bbotk]                                 uhash
INFO  [17:23:07.125] [bbotk]  3be75b75-97e8-4b5c-8f3a-9ea075a148e9
INFO  [17:23:07.134] [bbotk] Finished optimizing after 10 evaluation(s)
INFO  [17:23:07.134] [bbotk] Result:
INFO  [17:23:07.135] [bbotk]  nrounds       eta max_depth learner_param_vals  x_domain classif.ce
INFO  [17:23:07.135] [bbotk]    <int>     <num>     <int>             <list>    <list>      <num>
INFO  [17:23:07.135] [bbotk]      250 0.1824413         9          <list[5]> <list[3]>  0.1189617

### [bt]: Job terminated successfully [batchtools job.id=2668]
### [bt]: Starting job [batchtools job.id=2669]
### [bt]: Generating problem instance for problem '34d90df810f60583' ...
### [bt]: Applying algorithm 'run_learner' on problem '34d90df810f60583' for job 2669 (seed = 2670) ...
INFO  [17:23:08.260] [mlr3] Applying learner 'classif.xgboost.tuned_calib.perfold_isotonic' on task 'phoneme' (iter 9/10)
INFO  [17:23:08.306] [bbotk] Starting to optimize 3 parameter(s) with '<OptimizerBatchRandomSearch>' and '<TerminatorEvals> [n_evals=10, k=0]'
INFO  [17:23:08.334] [bbotk] Evaluating 1 configuration(s)
INFO  [17:23:09.416] [bbotk] Result of batch 1:
INFO  [17:23:09.418] [bbotk]  nrounds       eta max_depth classif.ce warnings errors runtime_learners
INFO  [17:23:09.418] [bbotk]      291 0.1466817         4  0.1197636        0      0            1.034
INFO  [17:23:09.418] [bbotk]                                 uhash
INFO  [17:23:09.418] [bbotk]  934a755c-9a55-4912-bc9d-a4e448f3df37
INFO  [17:23:09.424] [bbotk] Evaluating 1 configuration(s)
INFO  [17:23:11.444] [bbotk] Result of batch 2:
INFO  [17:23:11.445] [bbotk]  nrounds        eta max_depth classif.ce warnings errors runtime_learners
INFO  [17:23:11.445] [bbotk]      208 0.08720182        10  0.1146235        0      0            1.959
INFO  [17:23:11.445] [bbotk]                                 uhash
INFO  [17:23:11.445] [bbotk]  f523d046-de28-49ae-8ad1-a3a9e7c6f2af
INFO  [17:23:11.451] [bbotk] Evaluating 1 configuration(s)
INFO  [17:23:12.449] [bbotk] Result of batch 3:
INFO  [17:23:12.450] [bbotk]  nrounds       eta max_depth classif.ce warnings errors runtime_learners
INFO  [17:23:12.450] [bbotk]      239 0.2606743         4  0.1251606        0      0            0.939
INFO  [17:23:12.450] [bbotk]                                 uhash
INFO  [17:23:12.450] [bbotk]  31ab8e87-375d-45d1-9575-c7981d6693d0
INFO  [17:23:12.454] [bbotk] Evaluating 1 configuration(s)
INFO  [17:23:13.896] [bbotk] Result of batch 4:
INFO  [17:23:13.897] [bbotk]  nrounds       eta max_depth classif.ce warnings errors runtime_learners
INFO  [17:23:13.897] [bbotk]      202 0.2503062         8  0.1161655        0      0            1.397
INFO  [17:23:13.897] [bbotk]                                 uhash
INFO  [17:23:13.897] [bbotk]  39e5bcad-b7fe-4ccb-8102-5212d68cc653
INFO  [17:23:13.904] [bbotk] Evaluating 1 configuration(s)
INFO  [17:23:14.765] [bbotk] Result of batch 5:
INFO  [17:23:14.768] [bbotk]  nrounds        eta max_depth classif.ce warnings errors runtime_learners
INFO  [17:23:14.768] [bbotk]      205 0.01798054         4  0.1380108        0      0            0.786
INFO  [17:23:14.768] [bbotk]                                 uhash
INFO  [17:23:14.768] [bbotk]  ab2af37d-7fd8-403f-974d-4e9a1024b618
INFO  [17:23:14.774] [bbotk] Evaluating 1 configuration(s)
INFO  [17:23:15.366] [bbotk] Result of batch 6:
INFO  [17:23:15.367] [bbotk]  nrounds       eta max_depth classif.ce warnings errors runtime_learners
INFO  [17:23:15.367] [bbotk]      182 0.1208977         4  0.1254176        0      0            0.558
INFO  [17:23:15.367] [bbotk]                                 uhash
INFO  [17:23:15.367] [bbotk]  8da67786-a459-4e6b-9f41-a50417081c11
INFO  [17:23:15.371] [bbotk] Evaluating 1 configuration(s)
INFO  [17:23:16.617] [bbotk] Result of batch 7:
INFO  [17:23:16.618] [bbotk]  nrounds       eta max_depth classif.ce warnings errors runtime_learners
INFO  [17:23:16.618] [bbotk]      133 0.1497101        10  0.1081984        0      0            1.194
INFO  [17:23:16.618] [bbotk]                                 uhash
INFO  [17:23:16.618] [bbotk]  1e86636b-48c5-4209-980c-fcf29d2d311b
INFO  [17:23:16.622] [bbotk] Evaluating 1 configuration(s)
INFO  [17:23:17.285] [bbotk] Result of batch 8:
INFO  [17:23:17.286] [bbotk]  nrounds       eta max_depth classif.ce warnings errors runtime_learners
INFO  [17:23:17.286] [bbotk]      157 0.1540361         4  0.1231046        0      0            0.613
INFO  [17:23:17.286] [bbotk]                                 uhash
INFO  [17:23:17.286] [bbotk]  aa65fe2b-44eb-4540-96ba-8e7a21807e61
INFO  [17:23:17.290] [bbotk] Evaluating 1 configuration(s)
INFO  [17:23:17.821] [bbotk] Result of batch 9:
INFO  [17:23:17.822] [bbotk]  nrounds       eta max_depth classif.ce warnings errors runtime_learners
INFO  [17:23:17.822] [bbotk]      120 0.2939143         4  0.1225906        0      0            0.466
INFO  [17:23:17.822] [bbotk]                                 uhash
INFO  [17:23:17.822] [bbotk]  152f7c0a-4763-46c3-9906-c33358847572
INFO  [17:23:17.826] [bbotk] Evaluating 1 configuration(s)
INFO  [17:23:18.740] [bbotk] Result of batch 10:
INFO  [17:23:18.742] [bbotk]  nrounds        eta max_depth classif.ce warnings errors runtime_learners
INFO  [17:23:18.742] [bbotk]      108 0.02924591         7  0.1207916        0      0            0.853
INFO  [17:23:18.742] [bbotk]                                 uhash
INFO  [17:23:18.742] [bbotk]  72cc8a01-c086-4dad-95cb-7e3a960e8702
INFO  [17:23:18.773] [bbotk] Finished optimizing after 10 evaluation(s)
INFO  [17:23:18.774] [bbotk] Result:
INFO  [17:23:18.775] [bbotk]  nrounds       eta max_depth learner_param_vals  x_domain classif.ce
INFO  [17:23:18.775] [bbotk]    <int>     <num>     <int>             <list>    <list>      <num>
INFO  [17:23:18.775] [bbotk]      133 0.1497101        10          <list[5]> <list[3]>  0.1081984
INFO  [17:23:19.426] [bbotk] Starting to optimize 3 parameter(s) with '<OptimizerBatchRandomSearch>' and '<TerminatorEvals> [n_evals=10, k=0]'
INFO  [17:23:19.441] [bbotk] Evaluating 1 configuration(s)
INFO  [17:23:20.139] [bbotk] Result of batch 1:
INFO  [17:23:20.142] [bbotk]  nrounds        eta max_depth classif.ce warnings errors runtime_learners
INFO  [17:23:20.142] [bbotk]      117 0.03155722         6  0.1323567        0      0            0.647
INFO  [17:23:20.142] [bbotk]                                 uhash
INFO  [17:23:20.142] [bbotk]  9221d6e1-4855-4fd0-a1d6-2d1c43a73f0f
INFO  [17:23:20.153] [bbotk] Evaluating 1 configuration(s)
INFO  [17:23:20.526] [bbotk] Result of batch 2:
INFO  [17:23:20.527] [bbotk]  nrounds       eta max_depth classif.ce warnings errors runtime_learners
INFO  [17:23:20.527] [bbotk]      208 0.0345555         2  0.1806733        0      0            0.332
INFO  [17:23:20.527] [bbotk]                                 uhash
INFO  [17:23:20.527] [bbotk]  93c5cc9d-e9ea-4144-96d8-146eac13e4b2
INFO  [17:23:20.531] [bbotk] Evaluating 1 configuration(s)
INFO  [17:23:21.084] [bbotk] Result of batch 3:
INFO  [17:23:21.085] [bbotk]  nrounds       eta max_depth classif.ce warnings errors runtime_learners
INFO  [17:23:21.085] [bbotk]      272 0.1083878         2  0.1490619        0      0             0.51
INFO  [17:23:21.085] [bbotk]                                 uhash
INFO  [17:23:21.085] [bbotk]  42b156c5-1287-4832-b8a0-dc6517e6543e
INFO  [17:23:21.090] [bbotk] Evaluating 1 configuration(s)
INFO  [17:23:21.455] [bbotk] Result of batch 4:
INFO  [17:23:21.456] [bbotk]  nrounds       eta max_depth classif.ce warnings errors runtime_learners
INFO  [17:23:21.456] [bbotk]      109 0.1132509         3  0.1382678        0      0            0.296
INFO  [17:23:21.456] [bbotk]                                 uhash
INFO  [17:23:21.456] [bbotk]  6264cff5-e2d9-478a-9a7b-bd3d1ed3dd12
INFO  [17:23:21.471] [bbotk] Evaluating 1 configuration(s)
INFO  [17:23:23.349] [bbotk] Result of batch 5:
INFO  [17:23:23.351] [bbotk]  nrounds        eta max_depth classif.ce warnings errors runtime_learners
INFO  [17:23:23.351] [bbotk]      285 0.07984775         7  0.1153945        0      0            1.818
INFO  [17:23:23.351] [bbotk]                                 uhash
INFO  [17:23:23.351] [bbotk]  797ed971-2997-453e-bea4-2c3ccd6a225e
INFO  [17:23:23.355] [bbotk] Evaluating 1 configuration(s)
INFO  [17:23:23.766] [bbotk] Result of batch 6:
INFO  [17:23:23.767] [bbotk]  nrounds       eta max_depth classif.ce warnings errors runtime_learners
INFO  [17:23:23.767] [bbotk]      124 0.1349165         3  0.1374968        0      0            0.358
INFO  [17:23:23.767] [bbotk]                                 uhash
INFO  [17:23:23.767] [bbotk]  f0a50320-43b2-4f68-b412-12da3f9786d6
INFO  [17:23:23.779] [bbotk] Evaluating 1 configuration(s)
INFO  [17:23:24.051] [bbotk] Result of batch 7:
INFO  [17:23:24.052] [bbotk]  nrounds       eta max_depth classif.ce warnings errors runtime_learners
INFO  [17:23:24.052] [bbotk]       68 0.2320848         2  0.1621691        0      0             0.19
INFO  [17:23:24.052] [bbotk]                                 uhash
INFO  [17:23:24.052] [bbotk]  d383e702-2ad6-4bae-ae44-b5641ae09e68
INFO  [17:23:24.056] [bbotk] Evaluating 1 configuration(s)
INFO  [17:23:24.941] [bbotk] Result of batch 8:
INFO  [17:23:24.942] [bbotk]  nrounds       eta max_depth classif.ce warnings errors runtime_learners
INFO  [17:23:24.942] [bbotk]      143 0.1340383         6  0.1220766        0      0            0.834
INFO  [17:23:24.942] [bbotk]                                 uhash
INFO  [17:23:24.942] [bbotk]  1186d2c1-bc88-47e8-83cc-3286ce626032
INFO  [17:23:24.946] [bbotk] Evaluating 1 configuration(s)
INFO  [17:23:26.911] [bbotk] Result of batch 9:
INFO  [17:23:26.912] [bbotk]  nrounds       eta max_depth classif.ce warnings errors runtime_learners
INFO  [17:23:26.912] [bbotk]      233 0.2060926         8  0.1161655        0      0              1.9
INFO  [17:23:26.912] [bbotk]                                 uhash
INFO  [17:23:26.912] [bbotk]  0d687070-7637-4b2c-9810-ded7ea4b56c1
INFO  [17:23:26.932] [bbotk] Evaluating 1 configuration(s)
INFO  [17:23:28.001] [bbotk] Result of batch 10:
INFO  [17:23:28.002] [bbotk]  nrounds       eta max_depth classif.ce warnings errors runtime_learners
INFO  [17:23:28.002] [bbotk]      257 0.1063217         4  0.1267026        0      0            1.001
INFO  [17:23:28.002] [bbotk]                                 uhash
INFO  [17:23:28.002] [bbotk]  d0bb2b80-20f4-4b5c-ba66-e5e5f403b956
INFO  [17:23:28.017] [bbotk] Finished optimizing after 10 evaluation(s)
INFO  [17:23:28.018] [bbotk] Result:
INFO  [17:23:28.020] [bbotk]  nrounds        eta max_depth learner_param_vals  x_domain classif.ce
INFO  [17:23:28.020] [bbotk]    <int>      <num>     <int>             <list>    <list>      <num>
INFO  [17:23:28.020] [bbotk]      285 0.07984775         7          <list[5]> <list[3]>  0.1153945
INFO  [17:23:29.207] [bbotk] Starting to optimize 3 parameter(s) with '<OptimizerBatchRandomSearch>' and '<TerminatorEvals> [n_evals=10, k=0]'
INFO  [17:23:29.221] [bbotk] Evaluating 1 configuration(s)
INFO  [17:23:30.465] [bbotk] Result of batch 1:
INFO  [17:23:30.466] [bbotk]  nrounds      eta max_depth classif.ce warnings errors runtime_learners
INFO  [17:23:30.466] [bbotk]      188 0.208232         7  0.1192496        0      0            1.196
INFO  [17:23:30.466] [bbotk]                                 uhash
INFO  [17:23:30.466] [bbotk]  910d8595-e48e-4947-a037-910b4132bcbb
INFO  [17:23:30.470] [bbotk] Evaluating 1 configuration(s)
INFO  [17:23:30.838] [bbotk] Result of batch 2:
INFO  [17:23:30.839] [bbotk]  nrounds       eta max_depth classif.ce warnings errors runtime_learners
INFO  [17:23:30.839] [bbotk]       64 0.2760298         5  0.1241326        0      0            0.318
INFO  [17:23:30.839] [bbotk]                                 uhash
INFO  [17:23:30.839] [bbotk]  9e3f6a28-27bf-488f-96b6-2925ab7a0d7f
INFO  [17:23:30.855] [bbotk] Evaluating 1 configuration(s)
INFO  [17:23:33.071] [bbotk] Result of batch 3:
INFO  [17:23:33.072] [bbotk]  nrounds       eta max_depth classif.ce warnings errors runtime_learners
INFO  [17:23:33.072] [bbotk]      293 0.2783557        10  0.1107684        0      0            2.149
INFO  [17:23:33.072] [bbotk]                                 uhash
INFO  [17:23:33.072] [bbotk]  9a493d7b-0002-413c-9f1e-30805830a941
INFO  [17:23:33.089] [bbotk] Evaluating 1 configuration(s)
INFO  [17:23:33.857] [bbotk] Result of batch 4:
INFO  [17:23:33.858] [bbotk]  nrounds       eta max_depth classif.ce warnings errors runtime_learners
INFO  [17:23:33.858] [bbotk]      163 0.2279904         5  0.1192496        0      0            0.709
INFO  [17:23:33.858] [bbotk]                                 uhash
INFO  [17:23:33.858] [bbotk]  8c6f168e-241e-402d-adc7-b838a633afac
INFO  [17:23:33.862] [bbotk] Evaluating 1 configuration(s)
INFO  [17:23:34.424] [bbotk] Result of batch 5:
INFO  [17:23:34.428] [bbotk]  nrounds       eta max_depth classif.ce warnings errors runtime_learners
INFO  [17:23:34.428] [bbotk]      263 0.1291454         2  0.1405808        0      0            0.524
INFO  [17:23:34.428] [bbotk]                                 uhash
INFO  [17:23:34.428] [bbotk]  9a39dddd-0e88-46ed-ba87-d0d3769233ee
INFO  [17:23:34.439] [bbotk] Evaluating 1 configuration(s)
INFO  [17:23:36.142] [bbotk] Result of batch 6:
INFO  [17:23:36.143] [bbotk]  nrounds       eta max_depth classif.ce warnings errors runtime_learners
INFO  [17:23:36.143] [bbotk]      247 0.1151753         7  0.1171935        0      0            1.649
INFO  [17:23:36.143] [bbotk]                                 uhash
INFO  [17:23:36.143] [bbotk]  f83d684d-090e-42e3-87a2-d419e3de9da5
INFO  [17:23:36.148] [bbotk] Evaluating 1 configuration(s)
INFO  [17:23:37.247] [bbotk] Result of batch 7:
INFO  [17:23:37.248] [bbotk]  nrounds        eta max_depth classif.ce warnings errors runtime_learners
INFO  [17:23:37.248] [bbotk]      293 0.06661042         3  0.1326137        0      0            0.748
INFO  [17:23:37.248] [bbotk]                                 uhash
INFO  [17:23:37.248] [bbotk]  3c8c136c-b8ed-4c52-8e81-a7e7695b5a23
INFO  [17:23:37.252] [bbotk] Evaluating 1 configuration(s)
INFO  [17:23:39.019] [bbotk] Result of batch 8:
INFO  [17:23:39.023] [bbotk]  nrounds       eta max_depth classif.ce warnings errors runtime_learners
INFO  [17:23:39.023] [bbotk]      262 0.2708549         7  0.1184785        0      0            1.714
INFO  [17:23:39.023] [bbotk]                                 uhash
INFO  [17:23:39.023] [bbotk]  e6f4e272-8cc4-4c8f-a900-eb835a5a889a
INFO  [17:23:39.034] [bbotk] Evaluating 1 configuration(s)
INFO  [17:23:39.242] [bbotk] Result of batch 9:
INFO  [17:23:39.243] [bbotk]  nrounds        eta max_depth classif.ce warnings errors runtime_learners
INFO  [17:23:39.243] [bbotk]       50 0.02342964         3  0.1919815        0      0            0.163
INFO  [17:23:39.243] [bbotk]                                 uhash
INFO  [17:23:39.243] [bbotk]  f5c0c87d-b781-469e-bd2c-0d5548829ea0
INFO  [17:23:39.254] [bbotk] Evaluating 1 configuration(s)
INFO  [17:23:40.039] [bbotk] Result of batch 10:
INFO  [17:23:40.041] [bbotk]  nrounds       eta max_depth classif.ce warnings errors runtime_learners
INFO  [17:23:40.041] [bbotk]      172 0.1661029         5  0.1192496        0      0            0.752
INFO  [17:23:40.041] [bbotk]                                 uhash
INFO  [17:23:40.041] [bbotk]  e089f842-922b-46d3-be80-17de681aea25
INFO  [17:23:40.050] [bbotk] Finished optimizing after 10 evaluation(s)
INFO  [17:23:40.050] [bbotk] Result:
INFO  [17:23:40.051] [bbotk]  nrounds       eta max_depth learner_param_vals  x_domain classif.ce
INFO  [17:23:40.051] [bbotk]    <int>     <num>     <int>             <list>    <list>      <num>
INFO  [17:23:40.051] [bbotk]      293 0.2783557        10          <list[5]> <list[3]>  0.1107684
INFO  [17:23:41.341] [bbotk] Starting to optimize 3 parameter(s) with '<OptimizerBatchRandomSearch>' and '<TerminatorEvals> [n_evals=10, k=0]'
INFO  [17:23:41.362] [bbotk] Evaluating 1 configuration(s)
INFO  [17:23:42.082] [bbotk] Result of batch 1:
INFO  [17:23:42.083] [bbotk]  nrounds       eta max_depth classif.ce warnings errors runtime_learners
INFO  [17:23:42.083] [bbotk]      236 0.1791905         3  0.1285017        0      0            0.668
INFO  [17:23:42.083] [bbotk]                                 uhash
INFO  [17:23:42.083] [bbotk]  3f043383-0171-4403-a32a-eba41deb6ebc
INFO  [17:23:42.092] [bbotk] Evaluating 1 configuration(s)
INFO  [17:23:42.407] [bbotk] Result of batch 2:
INFO  [17:23:42.409] [bbotk]  nrounds       eta max_depth classif.ce warnings errors runtime_learners
INFO  [17:23:42.409] [bbotk]       93 0.1775081         3  0.1364688        0      0            0.262
INFO  [17:23:42.409] [bbotk]                                 uhash
INFO  [17:23:42.409] [bbotk]  da35cf6a-572a-4804-a210-0d06b5e553ce
INFO  [17:23:42.413] [bbotk] Evaluating 1 configuration(s)
INFO  [17:23:42.863] [bbotk] Result of batch 3:
INFO  [17:23:42.865] [bbotk]  nrounds        eta max_depth classif.ce warnings errors runtime_learners
INFO  [17:23:42.865] [bbotk]      214 0.08819456         2  0.1467489        0      0            0.399
INFO  [17:23:42.865] [bbotk]                                 uhash
INFO  [17:23:42.865] [bbotk]  612a8363-ee8b-4e67-bf07-2083b4e0178e
INFO  [17:23:42.872] [bbotk] Evaluating 1 configuration(s)
INFO  [17:23:45.703] [bbotk] Result of batch 4:
INFO  [17:23:45.705] [bbotk]  nrounds        eta max_depth classif.ce warnings errors runtime_learners
INFO  [17:23:45.705] [bbotk]      287 0.02799968        10  0.1079414        0      0            2.794
INFO  [17:23:45.705] [bbotk]                                 uhash
INFO  [17:23:45.705] [bbotk]  def77317-aa6a-4753-8ac7-1b73cbfaaf41
INFO  [17:23:45.709] [bbotk] Evaluating 1 configuration(s)
INFO  [17:23:46.488] [bbotk] Result of batch 5:
INFO  [17:23:46.489] [bbotk]  nrounds        eta max_depth classif.ce warnings errors runtime_learners
INFO  [17:23:46.489] [bbotk]      132 0.02684254         5  0.1308147        0      0            0.728
INFO  [17:23:46.489] [bbotk]                                 uhash
INFO  [17:23:46.489] [bbotk]  1b1d952d-f0bf-485d-92c9-4c6768289f06
INFO  [17:23:46.494] [bbotk] Evaluating 1 configuration(s)
INFO  [17:23:47.940] [bbotk] Result of batch 6:
INFO  [17:23:47.942] [bbotk]  nrounds        eta max_depth classif.ce warnings errors runtime_learners
INFO  [17:23:47.942] [bbotk]      193 0.03701149         7  0.1156515        0      0            1.398
INFO  [17:23:47.942] [bbotk]                                 uhash
INFO  [17:23:47.942] [bbotk]  955ea8f2-3498-4a5d-b8de-327da00fe60c
INFO  [17:23:47.952] [bbotk] Evaluating 1 configuration(s)
INFO  [17:23:48.965] [bbotk] Result of batch 7:
INFO  [17:23:48.966] [bbotk]  nrounds      eta max_depth classif.ce warnings errors runtime_learners
INFO  [17:23:48.966] [bbotk]      173 0.153438         6  0.1133385        0      0            0.974
INFO  [17:23:48.966] [bbotk]                                 uhash
INFO  [17:23:48.966] [bbotk]  c930611a-7d57-4c04-92ea-a60bd07527c9
INFO  [17:23:48.970] [bbotk] Evaluating 1 configuration(s)
INFO  [17:23:50.078] [bbotk] Result of batch 8:
INFO  [17:23:50.079] [bbotk]  nrounds       eta max_depth classif.ce warnings errors runtime_learners
INFO  [17:23:50.079] [bbotk]      118 0.1354781         9  0.1069134        0      0            1.075
INFO  [17:23:50.079] [bbotk]                                 uhash
INFO  [17:23:50.079] [bbotk]  9b0597bc-9b36-4104-aa40-933f21656e1b
INFO  [17:23:50.083] [bbotk] Evaluating 1 configuration(s)
INFO  [17:23:50.514] [bbotk] Result of batch 9:
INFO  [17:23:50.516] [bbotk]  nrounds       eta max_depth classif.ce warnings errors runtime_learners
INFO  [17:23:50.516] [bbotk]       68 0.1286225         6  0.1195066        0      0            0.394
INFO  [17:23:50.516] [bbotk]                                 uhash
INFO  [17:23:50.516] [bbotk]  b0aed28c-976d-46fe-adaa-7044877893ce
INFO  [17:23:50.527] [bbotk] Evaluating 1 configuration(s)
INFO  [17:23:50.802] [bbotk] Result of batch 10:
INFO  [17:23:50.803] [bbotk]  nrounds       eta max_depth classif.ce warnings errors runtime_learners
INFO  [17:23:50.803] [bbotk]      117 0.1578243         2  0.1482909        0      0             0.24
INFO  [17:23:50.803] [bbotk]                                 uhash
INFO  [17:23:50.803] [bbotk]  444f0978-ea9f-4e2b-858c-e1903e481ebf
INFO  [17:23:50.816] [bbotk] Finished optimizing after 10 evaluation(s)
INFO  [17:23:50.816] [bbotk] Result:
INFO  [17:23:50.817] [bbotk]  nrounds       eta max_depth learner_param_vals  x_domain classif.ce
INFO  [17:23:50.817] [bbotk]    <int>     <num>     <int>             <list>    <list>      <num>
INFO  [17:23:50.817] [bbotk]      118 0.1354781         9          <list[5]> <list[3]>  0.1069134
INFO  [17:23:51.386] [bbotk] Starting to optimize 3 parameter(s) with '<OptimizerBatchRandomSearch>' and '<TerminatorEvals> [n_evals=10, k=0]'
INFO  [17:23:51.410] [bbotk] Evaluating 1 configuration(s)
INFO  [17:23:51.979] [bbotk] Result of batch 1:
INFO  [17:23:51.983] [bbotk]  nrounds      eta max_depth classif.ce warnings errors runtime_learners
INFO  [17:23:51.983] [bbotk]      114 0.210488         5  0.1215319        0      0            0.508
INFO  [17:23:51.983] [bbotk]                                 uhash
INFO  [17:23:51.983] [bbotk]  1a955bbc-5a21-4f9d-bde5-6271eb5373d8
INFO  [17:23:51.987] [bbotk] Evaluating 1 configuration(s)
INFO  [17:23:54.394] [bbotk] Result of batch 2:
INFO  [17:23:54.395] [bbotk]  nrounds        eta max_depth classif.ce warnings errors runtime_learners
INFO  [17:23:54.395] [bbotk]      246 0.06308835        10  0.1138246        0      0            2.328
INFO  [17:23:54.395] [bbotk]                                 uhash
INFO  [17:23:54.395] [bbotk]  5668e2d9-2533-49bf-a56b-8bebbc2e6bfb
INFO  [17:23:54.405] [bbotk] Evaluating 1 configuration(s)
INFO  [17:23:55.933] [bbotk] Result of batch 3:
INFO  [17:23:55.934] [bbotk]  nrounds       eta max_depth classif.ce warnings errors runtime_learners
INFO  [17:23:55.934] [bbotk]      190 0.1678994        10  0.1153662        0      0            1.496
INFO  [17:23:55.934] [bbotk]                                 uhash
INFO  [17:23:55.934] [bbotk]  19fcdb9a-69b4-47a5-8fec-8e4d2d3a7aa9
INFO  [17:23:55.938] [bbotk] Evaluating 1 configuration(s)
INFO  [17:23:56.235] [bbotk] Result of batch 4:
INFO  [17:23:56.236] [bbotk]  nrounds       eta max_depth classif.ce warnings errors runtime_learners
INFO  [17:23:56.236] [bbotk]      173 0.2385715         2  0.1436294        0      0            0.259
INFO  [17:23:56.236] [bbotk]                                 uhash
INFO  [17:23:56.236] [bbotk]  f01f110c-36fa-41af-a814-5e48aeb7d2e2
INFO  [17:23:56.245] [bbotk] Evaluating 1 configuration(s)
INFO  [17:23:57.136] [bbotk] Result of batch 5:
INFO  [17:23:57.138] [bbotk]  nrounds        eta max_depth classif.ce warnings errors runtime_learners
INFO  [17:23:57.138] [bbotk]      107 0.03735531         9  0.1197337        0      0            0.834
INFO  [17:23:57.138] [bbotk]                                 uhash
INFO  [17:23:57.138] [bbotk]  8e35dd02-5099-4ee6-a10c-1ef78cc203fd
INFO  [17:23:57.142] [bbotk] Evaluating 1 configuration(s)
INFO  [17:23:58.966] [bbotk] Result of batch 6:
INFO  [17:23:58.968] [bbotk]  nrounds        eta max_depth classif.ce warnings errors runtime_learners
INFO  [17:23:58.968] [bbotk]      256 0.08440006        10   0.114596        0      0            1.788
INFO  [17:23:58.968] [bbotk]                                 uhash
INFO  [17:23:58.968] [bbotk]  c8a9696c-a5c5-4a88-9766-72af338aea5b
INFO  [17:23:58.974] [bbotk] Evaluating 1 configuration(s)
INFO  [17:23:59.157] [bbotk] Result of batch 7:
INFO  [17:23:59.159] [bbotk]  nrounds       eta max_depth classif.ce warnings errors runtime_learners
INFO  [17:23:59.159] [bbotk]       50 0.2779147         4   0.130268        0      0            0.148
INFO  [17:23:59.159] [bbotk]                                 uhash
INFO  [17:23:59.159] [bbotk]  8e3f9fcf-d36b-4837-8512-16bee298d984
INFO  [17:23:59.163] [bbotk] Evaluating 1 configuration(s)
INFO  [17:23:59.962] [bbotk] Result of batch 8:
INFO  [17:23:59.963] [bbotk]  nrounds       eta max_depth classif.ce warnings errors runtime_learners
INFO  [17:23:59.963] [bbotk]      177 0.1980313         6  0.1205055        0      0            0.761
INFO  [17:23:59.963] [bbotk]                                 uhash
INFO  [17:23:59.963] [bbotk]  fa985b0f-278d-4ca2-a1ea-feb45761e9de
INFO  [17:23:59.969] [bbotk] Evaluating 1 configuration(s)
INFO  [17:24:00.591] [bbotk] Result of batch 9:
INFO  [17:24:00.592] [bbotk]  nrounds       eta max_depth classif.ce warnings errors runtime_learners
INFO  [17:24:00.592] [bbotk]      183 0.1092971         5  0.1220473        0      0            0.592
INFO  [17:24:00.592] [bbotk]                                 uhash
INFO  [17:24:00.592] [bbotk]  b516c8b0-6303-4a93-9a99-8866df1d7dcc
INFO  [17:24:00.596] [bbotk] Evaluating 1 configuration(s)
INFO  [17:24:00.756] [bbotk] Result of batch 10:
INFO  [17:24:00.757] [bbotk]  nrounds       eta max_depth classif.ce warnings errors runtime_learners
INFO  [17:24:00.757] [bbotk]       98 0.1931004         2  0.1492825        0      0            0.131
INFO  [17:24:00.757] [bbotk]                                 uhash
INFO  [17:24:00.757] [bbotk]  10d7ea92-81a2-4c8d-8265-28df585469fd
INFO  [17:24:00.764] [bbotk] Finished optimizing after 10 evaluation(s)
INFO  [17:24:00.765] [bbotk] Result:
INFO  [17:24:00.765] [bbotk]  nrounds        eta max_depth learner_param_vals  x_domain classif.ce
INFO  [17:24:00.765] [bbotk]    <int>      <num>     <int>             <list>    <list>      <num>
INFO  [17:24:00.765] [bbotk]      246 0.06308835        10          <list[5]> <list[3]>  0.1138246

### [bt]: Job terminated successfully [batchtools job.id=2669]
### [bt]: Starting job [batchtools job.id=2670]
### [bt]: Generating problem instance for problem '34d90df810f60583' ...
### [bt]: Applying algorithm 'run_learner' on problem '34d90df810f60583' for job 2670 (seed = 2671) ...
INFO  [17:24:01.627] [mlr3] Applying learner 'classif.xgboost.tuned_calib.perfold_isotonic' on task 'phoneme' (iter 10/10)
INFO  [17:24:01.663] [bbotk] Starting to optimize 3 parameter(s) with '<OptimizerBatchRandomSearch>' and '<TerminatorEvals> [n_evals=10, k=0]'
INFO  [17:24:01.673] [bbotk] Evaluating 1 configuration(s)
INFO  [17:24:02.054] [bbotk] Result of batch 1:
INFO  [17:24:02.055] [bbotk]  nrounds       eta max_depth classif.ce warnings errors runtime_learners
INFO  [17:24:02.055] [bbotk]      296 0.1372094         2  0.1493189        0      0            0.348
INFO  [17:24:02.055] [bbotk]                                 uhash
INFO  [17:24:02.055] [bbotk]  84691b38-8d7c-4036-be5d-fa62b70df7cc
INFO  [17:24:02.059] [bbotk] Evaluating 1 configuration(s)
INFO  [17:24:03.348] [bbotk] Result of batch 2:
INFO  [17:24:03.349] [bbotk]  nrounds       eta max_depth classif.ce warnings errors runtime_learners
INFO  [17:24:03.349] [bbotk]      285 0.1789325         8  0.1171935        0      0            1.258
INFO  [17:24:03.349] [bbotk]                                 uhash
INFO  [17:24:03.349] [bbotk]  02e187bf-3712-427e-b6b5-beb6fcae2219
INFO  [17:24:03.353] [bbotk] Evaluating 1 configuration(s)
INFO  [17:24:03.792] [bbotk] Result of batch 3:
INFO  [17:24:03.792] [bbotk]  nrounds        eta max_depth classif.ce warnings errors runtime_learners
INFO  [17:24:03.792] [bbotk]      244 0.02574849         3   0.156258        0      0            0.411
INFO  [17:24:03.792] [bbotk]                                 uhash
INFO  [17:24:03.792] [bbotk]  ee574c24-ee1e-4184-974e-10c17040ddb7
INFO  [17:24:03.797] [bbotk] Evaluating 1 configuration(s)
INFO  [17:24:04.040] [bbotk] Result of batch 4:
INFO  [17:24:04.041] [bbotk]  nrounds        eta max_depth classif.ce warnings errors runtime_learners
INFO  [17:24:04.041] [bbotk]      120 0.08398106         3   0.150604        0      0            0.216
INFO  [17:24:04.041] [bbotk]                                 uhash
INFO  [17:24:04.041] [bbotk]  50a9872e-d56a-4e04-aa3b-41c6c0f15a6b
INFO  [17:24:04.045] [bbotk] Evaluating 1 configuration(s)
INFO  [17:24:04.303] [bbotk] Result of batch 5:
INFO  [17:24:04.304] [bbotk]  nrounds       eta max_depth classif.ce warnings errors runtime_learners
INFO  [17:24:04.304] [bbotk]      137 0.1900603         3  0.1374968        0      0             0.23
INFO  [17:24:04.304] [bbotk]                                 uhash
INFO  [17:24:04.304] [bbotk]  3771df96-216f-4a8b-9f46-d836da418115
INFO  [17:24:04.309] [bbotk] Evaluating 1 configuration(s)
INFO  [17:24:04.477] [bbotk] Result of batch 6:
INFO  [17:24:04.478] [bbotk]  nrounds       eta max_depth classif.ce warnings errors runtime_learners
INFO  [17:24:04.478] [bbotk]      120 0.2814585         2  0.1495759        0      0            0.139
INFO  [17:24:04.478] [bbotk]                                 uhash
INFO  [17:24:04.478] [bbotk]  e07cafb0-a673-4da2-9505-63941709416b
INFO  [17:24:04.482] [bbotk] Evaluating 1 configuration(s)
INFO  [17:24:04.857] [bbotk] Result of batch 7:
INFO  [17:24:04.858] [bbotk]  nrounds        eta max_depth classif.ce warnings errors runtime_learners
INFO  [17:24:04.858] [bbotk]       80 0.08368529         7  0.1233616        0      0            0.347
INFO  [17:24:04.858] [bbotk]                                 uhash
INFO  [17:24:04.858] [bbotk]  2c30fc5f-2f7a-497c-8b2c-749ed749e5f4
INFO  [17:24:04.861] [bbotk] Evaluating 1 configuration(s)
INFO  [17:24:05.105] [bbotk] Result of batch 8:
INFO  [17:24:05.106] [bbotk]  nrounds        eta max_depth classif.ce warnings errors runtime_learners
INFO  [17:24:05.106] [bbotk]       67 0.03385988         5  0.1387818        0      0            0.215
INFO  [17:24:05.106] [bbotk]                                 uhash
INFO  [17:24:05.106] [bbotk]  9ac486dc-5b6d-4e23-bc99-8e69bc2375d3
INFO  [17:24:05.109] [bbotk] Evaluating 1 configuration(s)
INFO  [17:24:05.597] [bbotk] Result of batch 9:
INFO  [17:24:05.598] [bbotk]  nrounds       eta max_depth classif.ce warnings errors runtime_learners
INFO  [17:24:05.598] [bbotk]      122 0.2990034         6  0.1202776        0      0            0.457
INFO  [17:24:05.598] [bbotk]                                 uhash
INFO  [17:24:05.598] [bbotk]  73526859-c9cf-4ec6-a12d-b8c0fc0f9017
INFO  [17:24:05.601] [bbotk] Evaluating 1 configuration(s)
INFO  [17:24:06.077] [bbotk] Result of batch 10:
INFO  [17:24:06.078] [bbotk]  nrounds       eta max_depth classif.ce warnings errors runtime_learners
INFO  [17:24:06.078] [bbotk]      209 0.2755815         2  0.1475199        0      0            0.444
INFO  [17:24:06.078] [bbotk]                                 uhash
INFO  [17:24:06.078] [bbotk]  081d33e6-23ef-4b5b-b7cb-d875271f0197
INFO  [17:24:06.104] [bbotk] Finished optimizing after 10 evaluation(s)
INFO  [17:24:06.105] [bbotk] Result:
INFO  [17:24:06.105] [bbotk]  nrounds       eta max_depth learner_param_vals  x_domain classif.ce
INFO  [17:24:06.105] [bbotk]    <int>     <num>     <int>             <list>    <list>      <num>
INFO  [17:24:06.105] [bbotk]      285 0.1789325         8          <list[5]> <list[3]>  0.1171935
INFO  [17:24:07.207] [bbotk] Starting to optimize 3 parameter(s) with '<OptimizerBatchRandomSearch>' and '<TerminatorEvals> [n_evals=10, k=0]'
INFO  [17:24:07.221] [bbotk] Evaluating 1 configuration(s)
INFO  [17:24:07.494] [bbotk] Result of batch 1:
INFO  [17:24:07.495] [bbotk]  nrounds       eta max_depth classif.ce warnings errors runtime_learners
INFO  [17:24:07.495] [bbotk]      131 0.2447921         2  0.1475199        0      0            0.233
INFO  [17:24:07.495] [bbotk]                                 uhash
INFO  [17:24:07.495] [bbotk]  af199a48-efa0-413b-b10a-1d182d04b174
INFO  [17:24:07.505] [bbotk] Evaluating 1 configuration(s)
INFO  [17:24:10.211] [bbotk] Result of batch 2:
INFO  [17:24:10.212] [bbotk]  nrounds        eta max_depth classif.ce warnings errors runtime_learners
INFO  [17:24:10.212] [bbotk]      283 0.02797022         9  0.1169365        0      0            2.636
INFO  [17:24:10.212] [bbotk]                                 uhash
INFO  [17:24:10.212] [bbotk]  5b0fb3ed-7370-4f2a-9040-b2110d520e58
INFO  [17:24:10.222] [bbotk] Evaluating 1 configuration(s)
INFO  [17:24:10.854] [bbotk] Result of batch 3:
INFO  [17:24:10.855] [bbotk]  nrounds        eta max_depth classif.ce warnings errors runtime_learners
INFO  [17:24:10.855] [bbotk]       81 0.01061876         6   0.156772        0      0            0.576
INFO  [17:24:10.855] [bbotk]                                 uhash
INFO  [17:24:10.855] [bbotk]  baffcfd3-a5c2-4c7d-9bb7-b037578bb745
INFO  [17:24:10.858] [bbotk] Evaluating 1 configuration(s)
INFO  [17:24:11.729] [bbotk] Result of batch 4:
INFO  [17:24:11.730] [bbotk]  nrounds       eta max_depth classif.ce warnings errors runtime_learners
INFO  [17:24:11.730] [bbotk]      150 0.1434499         5  0.1305577        0      0            0.825
INFO  [17:24:11.730] [bbotk]                                 uhash
INFO  [17:24:11.730] [bbotk]  16246f83-f3ce-4dd8-845d-3774285f8e47
INFO  [17:24:11.734] [bbotk] Evaluating 1 configuration(s)
INFO  [17:24:12.915] [bbotk] Result of batch 5:
INFO  [17:24:12.916] [bbotk]  nrounds       eta max_depth classif.ce warnings errors runtime_learners
INFO  [17:24:12.916] [bbotk]      274 0.1512385         4  0.1295297        0      0             1.11
INFO  [17:24:12.916] [bbotk]                                 uhash
INFO  [17:24:12.916] [bbotk]  1edc28c2-7f88-4f0c-8e08-41d73b703bab
INFO  [17:24:12.927] [bbotk] Evaluating 1 configuration(s)
INFO  [17:24:13.659] [bbotk] Result of batch 6:
INFO  [17:24:13.660] [bbotk]  nrounds       eta max_depth classif.ce warnings errors runtime_learners
INFO  [17:24:13.660] [bbotk]       75 0.1170111         8  0.1202776        0      0            0.674
INFO  [17:24:13.660] [bbotk]                                 uhash
INFO  [17:24:13.660] [bbotk]  ce6d6a11-e9c7-421b-902b-d0d67ea3fb00
INFO  [17:24:13.673] [bbotk] Evaluating 1 configuration(s)
INFO  [17:24:14.867] [bbotk] Result of batch 7:
INFO  [17:24:14.868] [bbotk]  nrounds       eta max_depth classif.ce warnings errors runtime_learners
INFO  [17:24:14.868] [bbotk]      153 0.2210621         7  0.1202776        0      0            1.132
INFO  [17:24:14.868] [bbotk]                                 uhash
INFO  [17:24:14.868] [bbotk]  8904c054-f1df-4e6e-8cc5-9271e8cf2d15
INFO  [17:24:14.877] [bbotk] Evaluating 1 configuration(s)
INFO  [17:24:15.065] [bbotk] Result of batch 8:
INFO  [17:24:15.068] [bbotk]  nrounds       eta max_depth classif.ce warnings errors runtime_learners
INFO  [17:24:15.068] [bbotk]       60 0.2239336         2  0.1662812        0      0            0.125
INFO  [17:24:15.068] [bbotk]                                 uhash
INFO  [17:24:15.068] [bbotk]  7b6cc5f1-8ba0-4fac-85f5-5dfadba2a2a5
INFO  [17:24:15.082] [bbotk] Evaluating 1 configuration(s)
INFO  [17:24:15.848] [bbotk] Result of batch 9:
INFO  [17:24:15.849] [bbotk]  nrounds        eta max_depth classif.ce warnings errors runtime_learners
INFO  [17:24:15.849] [bbotk]      117 0.07545095         7  0.1259316        0      0            0.721
INFO  [17:24:15.849] [bbotk]                                 uhash
INFO  [17:24:15.849] [bbotk]  01f83077-f7ef-4e29-b7c0-574f91ee0f15
INFO  [17:24:15.857] [bbotk] Evaluating 1 configuration(s)
INFO  [17:24:16.274] [bbotk] Result of batch 10:
INFO  [17:24:16.275] [bbotk]  nrounds        eta max_depth classif.ce warnings errors runtime_learners
INFO  [17:24:16.275] [bbotk]       90 0.07298539         7  0.1236186        0      0             0.39
INFO  [17:24:16.275] [bbotk]                                 uhash
INFO  [17:24:16.275] [bbotk]  5aa55e43-35d8-4e91-b402-d3f0253efdf8
INFO  [17:24:16.284] [bbotk] Finished optimizing after 10 evaluation(s)
INFO  [17:24:16.284] [bbotk] Result:
INFO  [17:24:16.285] [bbotk]  nrounds        eta max_depth learner_param_vals  x_domain classif.ce
INFO  [17:24:16.285] [bbotk]    <int>      <num>     <int>             <list>    <list>      <num>
INFO  [17:24:16.285] [bbotk]      283 0.02797022         9          <list[5]> <list[3]>  0.1169365
INFO  [17:24:17.044] [bbotk] Starting to optimize 3 parameter(s) with '<OptimizerBatchRandomSearch>' and '<TerminatorEvals> [n_evals=10, k=0]'
INFO  [17:24:17.056] [bbotk] Evaluating 1 configuration(s)
INFO  [17:24:17.422] [bbotk] Result of batch 1:
INFO  [17:24:17.423] [bbotk]  nrounds        eta max_depth classif.ce warnings errors runtime_learners
INFO  [17:24:17.423] [bbotk]      204 0.06236592         3  0.1403238        0      0            0.335
INFO  [17:24:17.423] [bbotk]                                 uhash
INFO  [17:24:17.423] [bbotk]  53225d55-3231-4d1d-840a-ad0cc1dd1591
INFO  [17:24:17.430] [bbotk] Evaluating 1 configuration(s)
INFO  [17:24:18.566] [bbotk] Result of batch 2:
INFO  [17:24:18.567] [bbotk]  nrounds        eta max_depth classif.ce warnings errors runtime_learners
INFO  [17:24:18.567] [bbotk]      235 0.02981202         8  0.1143665        0      0            1.108
INFO  [17:24:18.567] [bbotk]                                 uhash
INFO  [17:24:18.567] [bbotk]  02683149-e426-46f6-9d87-405aa1f321ae
INFO  [17:24:18.570] [bbotk] Evaluating 1 configuration(s)
INFO  [17:24:18.865] [bbotk] Result of batch 3:
INFO  [17:24:18.866] [bbotk]  nrounds       eta max_depth classif.ce warnings errors runtime_learners
INFO  [17:24:18.866] [bbotk]      130 0.1045263         3  0.1392958        0      0            0.269
INFO  [17:24:18.866] [bbotk]                                 uhash
INFO  [17:24:18.866] [bbotk]  9e045edd-3988-4ccc-a509-bc5b1819a742
INFO  [17:24:18.870] [bbotk] Evaluating 1 configuration(s)
INFO  [17:24:19.294] [bbotk] Result of batch 4:
INFO  [17:24:19.295] [bbotk]  nrounds       eta max_depth classif.ce warnings errors runtime_learners
INFO  [17:24:19.295] [bbotk]      101 0.2490051         7  0.1161655        0      0            0.397
INFO  [17:24:19.295] [bbotk]                                 uhash
INFO  [17:24:19.295] [bbotk]  031824ee-92b8-46ab-a06d-6e7659ea4346
INFO  [17:24:19.298] [bbotk] Evaluating 1 configuration(s)
INFO  [17:24:19.639] [bbotk] Result of batch 5:
INFO  [17:24:19.640] [bbotk]  nrounds        eta max_depth classif.ce warnings errors runtime_learners
INFO  [17:24:19.640] [bbotk]       74 0.09391746         7  0.1153945        0      0            0.314
INFO  [17:24:19.640] [bbotk]                                 uhash
INFO  [17:24:19.640] [bbotk]  48103dc3-1c30-4298-b37d-1d36adf23953
INFO  [17:24:19.644] [bbotk] Evaluating 1 configuration(s)
INFO  [17:24:20.028] [bbotk] Result of batch 6:
INFO  [17:24:20.029] [bbotk]  nrounds       eta max_depth classif.ce warnings errors runtime_learners
INFO  [17:24:20.029] [bbotk]      104 0.1059556         6  0.1205346        0      0            0.356
INFO  [17:24:20.029] [bbotk]                                 uhash
INFO  [17:24:20.029] [bbotk]  88d906c2-4371-4fc0-863b-b095c30e4fce
INFO  [17:24:20.033] [bbotk] Evaluating 1 configuration(s)
INFO  [17:24:21.202] [bbotk] Result of batch 7:
INFO  [17:24:21.203] [bbotk]  nrounds       eta max_depth classif.ce warnings errors runtime_learners
INFO  [17:24:21.203] [bbotk]      202 0.2785872        10  0.1110254        0      0            1.112
INFO  [17:24:21.203] [bbotk]                                 uhash
INFO  [17:24:21.203] [bbotk]  48f8c139-582a-4635-9693-ad8bb854f19d
INFO  [17:24:21.237] [bbotk] Evaluating 1 configuration(s)
INFO  [17:24:23.075] [bbotk] Result of batch 8:
INFO  [17:24:23.080] [bbotk]  nrounds        eta max_depth classif.ce warnings errors runtime_learners
INFO  [17:24:23.080] [bbotk]      228 0.09942642         4  0.1269597        0      0            1.744
INFO  [17:24:23.080] [bbotk]                                 uhash
INFO  [17:24:23.080] [bbotk]  e5d7358e-0b30-49bb-b085-874851574451
INFO  [17:24:23.085] [bbotk] Evaluating 1 configuration(s)
INFO  [17:24:25.253] [bbotk] Result of batch 9:
INFO  [17:24:25.265] [bbotk]  nrounds       eta max_depth classif.ce warnings errors runtime_learners
INFO  [17:24:25.265] [bbotk]      192 0.1079153         7  0.1107684        0      0            2.099
INFO  [17:24:25.265] [bbotk]                                 uhash
INFO  [17:24:25.265] [bbotk]  eda63c2b-59cb-40b2-914c-a76cab9161cb
INFO  [17:24:25.316] [bbotk] Evaluating 1 configuration(s)
INFO  [17:24:26.351] [bbotk] Result of batch 10:
INFO  [17:24:26.353] [bbotk]  nrounds       eta max_depth classif.ce warnings errors runtime_learners
INFO  [17:24:26.353] [bbotk]      117 0.2254684         5  0.1171935        0      0            0.957
INFO  [17:24:26.353] [bbotk]                                 uhash
INFO  [17:24:26.353] [bbotk]  f513951c-ba03-49f4-9661-797e03f75fce
INFO  [17:24:26.365] [bbotk] Finished optimizing after 10 evaluation(s)
INFO  [17:24:26.365] [bbotk] Result:
INFO  [17:24:26.366] [bbotk]  nrounds       eta max_depth learner_param_vals  x_domain classif.ce
INFO  [17:24:26.366] [bbotk]    <int>     <num>     <int>             <list>    <list>      <num>
INFO  [17:24:26.366] [bbotk]      192 0.1079153         7          <list[5]> <list[3]>  0.1107684
INFO  [17:24:27.569] [bbotk] Starting to optimize 3 parameter(s) with '<OptimizerBatchRandomSearch>' and '<TerminatorEvals> [n_evals=10, k=0]'
INFO  [17:24:27.597] [bbotk] Evaluating 1 configuration(s)
INFO  [17:24:29.411] [bbotk] Result of batch 1:
INFO  [17:24:29.413] [bbotk]  nrounds        eta max_depth classif.ce warnings errors runtime_learners
INFO  [17:24:29.413] [bbotk]      164 0.09267291         7  0.1192496        0      0            1.716
INFO  [17:24:29.413] [bbotk]                                 uhash
INFO  [17:24:29.413] [bbotk]  2240e59d-4035-402c-b291-bc6fa6066502
INFO  [17:24:29.417] [bbotk] Evaluating 1 configuration(s)
INFO  [17:24:32.318] [bbotk] Result of batch 2:
INFO  [17:24:32.319] [bbotk]  nrounds      eta max_depth classif.ce warnings errors runtime_learners
INFO  [17:24:32.319] [bbotk]      276 0.253945         6  0.1164225        0      0            2.819
INFO  [17:24:32.319] [bbotk]                                 uhash
INFO  [17:24:32.319] [bbotk]  1355bbd2-e84c-4342-8084-61cabc8d0116
INFO  [17:24:32.326] [bbotk] Evaluating 1 configuration(s)
INFO  [17:24:33.595] [bbotk] Result of batch 3:
INFO  [17:24:33.597] [bbotk]  nrounds       eta max_depth classif.ce warnings errors runtime_learners
INFO  [17:24:33.597] [bbotk]      136 0.2797143         5  0.1184785        0      0             1.15
INFO  [17:24:33.597] [bbotk]                                 uhash
INFO  [17:24:33.597] [bbotk]  58979243-7a97-4e4d-aa8d-8dfbdd96fc44
INFO  [17:24:33.610] [bbotk] Evaluating 1 configuration(s)
INFO  [17:24:35.102] [bbotk] Result of batch 4:
INFO  [17:24:35.104] [bbotk]  nrounds        eta max_depth classif.ce warnings errors runtime_learners
INFO  [17:24:35.104] [bbotk]      183 0.02092314         4  0.1423799        0      0            1.391
INFO  [17:24:35.104] [bbotk]                                 uhash
INFO  [17:24:35.104] [bbotk]  24303cd8-fcab-44b6-a81e-bd794d55fd63
INFO  [17:24:35.110] [bbotk] Evaluating 1 configuration(s)
INFO  [17:24:36.313] [bbotk] Result of batch 5:
INFO  [17:24:36.315] [bbotk]  nrounds       eta max_depth classif.ce warnings errors runtime_learners
INFO  [17:24:36.315] [bbotk]      232 0.2656428         3  0.1285017        0      0            1.123
INFO  [17:24:36.315] [bbotk]                                 uhash
INFO  [17:24:36.315] [bbotk]  662c81ba-3c4a-48e0-92cc-04b7358b8c7b
INFO  [17:24:36.324] [bbotk] Evaluating 1 configuration(s)
INFO  [17:24:38.801] [bbotk] Result of batch 6:
INFO  [17:24:38.803] [bbotk]  nrounds       eta max_depth classif.ce warnings errors runtime_learners
INFO  [17:24:38.803] [bbotk]      193 0.2467296         8  0.1156515        0      0            2.403
INFO  [17:24:38.803] [bbotk]                                 uhash
INFO  [17:24:38.803] [bbotk]  0a82f14c-96c0-4680-814a-3409ecde024d
INFO  [17:24:38.808] [bbotk] Evaluating 1 configuration(s)
INFO  [17:24:40.093] [bbotk] Result of batch 7:
INFO  [17:24:40.109] [bbotk]  nrounds       eta max_depth classif.ce warnings errors runtime_learners
INFO  [17:24:40.109] [bbotk]       90 0.2379192         8  0.1123105        0      0            1.182
INFO  [17:24:40.109] [bbotk]                                 uhash
INFO  [17:24:40.109] [bbotk]  50faf620-fd4d-4d7e-a8f0-27d6aba2e4f9
INFO  [17:24:40.120] [bbotk] Evaluating 1 configuration(s)
INFO  [17:24:41.154] [bbotk] Result of batch 8:
INFO  [17:24:41.156] [bbotk]  nrounds        eta max_depth classif.ce warnings errors runtime_learners
INFO  [17:24:41.156] [bbotk]       86 0.09937312         6  0.1192496        0      0            0.947
INFO  [17:24:41.156] [bbotk]                                 uhash
INFO  [17:24:41.156] [bbotk]  7cf32e29-4865-4860-9c8b-3ca1e2c65a81
INFO  [17:24:41.172] [bbotk] Evaluating 1 configuration(s)
INFO  [17:24:43.179] [bbotk] Result of batch 9:
INFO  [17:24:43.181] [bbotk]  nrounds        eta max_depth classif.ce warnings errors runtime_learners
INFO  [17:24:43.181] [bbotk]      110 0.03229323        10  0.1177075        0      0            1.943
INFO  [17:24:43.181] [bbotk]                                 uhash
INFO  [17:24:43.181] [bbotk]  8d415f52-628d-4580-a75f-815094ee84ee
INFO  [17:24:43.228] [bbotk] Evaluating 1 configuration(s)
INFO  [17:24:46.705] [bbotk] Result of batch 10:
INFO  [17:24:46.708] [bbotk]  nrounds       eta max_depth classif.ce warnings errors runtime_learners
INFO  [17:24:46.708] [bbotk]      244 0.1291137         9  0.1159085        0      0            3.356
INFO  [17:24:46.708] [bbotk]                                 uhash
INFO  [17:24:46.708] [bbotk]  a0c1ca7f-6d05-4898-a671-95f9918d9a50
INFO  [17:24:46.741] [bbotk] Finished optimizing after 10 evaluation(s)
INFO  [17:24:46.742] [bbotk] Result:
INFO  [17:24:46.744] [bbotk]  nrounds       eta max_depth learner_param_vals  x_domain classif.ce
INFO  [17:24:46.744] [bbotk]    <int>     <num>     <int>             <list>    <list>      <num>
INFO  [17:24:46.744] [bbotk]       90 0.2379192         8          <list[5]> <list[3]>  0.1123105
INFO  [17:24:47.349] [bbotk] Starting to optimize 3 parameter(s) with '<OptimizerBatchRandomSearch>' and '<TerminatorEvals> [n_evals=10, k=0]'
INFO  [17:24:47.364] [bbotk] Evaluating 1 configuration(s)
INFO  [17:24:47.992] [bbotk] Result of batch 1:
INFO  [17:24:47.994] [bbotk]  nrounds       eta max_depth classif.ce warnings errors runtime_learners
INFO  [17:24:47.994] [bbotk]       87 0.1636198         6  0.1187043        0      0             0.58
INFO  [17:24:47.994] [bbotk]                                 uhash
INFO  [17:24:47.994] [bbotk]  c1560c01-18b8-48c6-a243-b1061cf1a0ef
INFO  [17:24:48.002] [bbotk] Evaluating 1 configuration(s)
INFO  [17:24:48.895] [bbotk] Result of batch 2:
INFO  [17:24:48.904] [bbotk]  nrounds       eta max_depth classif.ce warnings errors runtime_learners
INFO  [17:24:48.904] [bbotk]      116 0.2702908         4  0.1225579        0      0            0.857
INFO  [17:24:48.904] [bbotk]                                 uhash
INFO  [17:24:48.904] [bbotk]  7284f739-4540-45e3-ac3e-811f91268ea8
INFO  [17:24:48.931] [bbotk] Evaluating 1 configuration(s)
INFO  [17:24:49.424] [bbotk] Result of batch 3:
INFO  [17:24:49.425] [bbotk]  nrounds       eta max_depth classif.ce warnings errors runtime_learners
INFO  [17:24:49.425] [bbotk]      117 0.2929312         5  0.1163904        0      0            0.446
INFO  [17:24:49.425] [bbotk]                                 uhash
INFO  [17:24:49.425] [bbotk]  7c67634f-4853-4c94-b9c2-9e399a33eee6
INFO  [17:24:49.441] [bbotk] Evaluating 1 configuration(s)
INFO  [17:24:50.727] [bbotk] Result of batch 4:
INFO  [17:24:50.728] [bbotk]  nrounds       eta max_depth classif.ce warnings errors runtime_learners
INFO  [17:24:50.728] [bbotk]      145 0.1112813        10  0.1112543        0      0             1.24
INFO  [17:24:50.728] [bbotk]                                 uhash
INFO  [17:24:50.728] [bbotk]  cb82f571-d055-4e98-aa8f-eacbc5bd59d9
INFO  [17:24:50.738] [bbotk] Evaluating 1 configuration(s)
INFO  [17:24:51.923] [bbotk] Result of batch 5:
INFO  [17:24:51.924] [bbotk]  nrounds       eta max_depth classif.ce warnings errors runtime_learners
INFO  [17:24:51.924] [bbotk]      199 0.1250726         7  0.1145934        0      0            1.141
INFO  [17:24:51.924] [bbotk]                                 uhash
INFO  [17:24:51.924] [bbotk]  ead3fc0a-39e3-43d6-8d8a-dbb02e3f9ddf
INFO  [17:24:51.931] [bbotk] Evaluating 1 configuration(s)
INFO  [17:24:53.108] [bbotk] Result of batch 6:
INFO  [17:24:53.109] [bbotk]  nrounds       eta max_depth classif.ce warnings errors runtime_learners
INFO  [17:24:53.109] [bbotk]      260 0.2283718         6  0.1135652        0      0            1.138
INFO  [17:24:53.109] [bbotk]                                 uhash
INFO  [17:24:53.109] [bbotk]  d88a7429-da60-414b-b5e9-791c1f3a458b
INFO  [17:24:53.113] [bbotk] Evaluating 1 configuration(s)
INFO  [17:24:53.536] [bbotk] Result of batch 7:
INFO  [17:24:53.538] [bbotk]  nrounds        eta max_depth classif.ce warnings errors runtime_learners
INFO  [17:24:53.538] [bbotk]       52 0.03796208         9  0.1266694        0      0             0.38
INFO  [17:24:53.538] [bbotk]                                 uhash
INFO  [17:24:53.538] [bbotk]  9de2bbd8-5cf8-4e98-b7da-93286f4b6217
INFO  [17:24:53.544] [bbotk] Evaluating 1 configuration(s)
INFO  [17:24:54.393] [bbotk] Result of batch 8:
INFO  [17:24:54.394] [bbotk]  nrounds        eta max_depth classif.ce warnings errors runtime_learners
INFO  [17:24:54.394] [bbotk]      129 0.04523269         8  0.1135648        0      0            0.804
INFO  [17:24:54.394] [bbotk]                                 uhash
INFO  [17:24:54.394] [bbotk]  7ea439e8-64fe-4e64-b8f9-09736140ed7f
INFO  [17:24:54.400] [bbotk] Evaluating 1 configuration(s)
INFO  [17:24:55.333] [bbotk] Result of batch 9:
INFO  [17:24:55.334] [bbotk]  nrounds       eta max_depth classif.ce warnings errors runtime_learners
INFO  [17:24:55.334] [bbotk]      134 0.1054693         9  0.1112527        0      0             0.89
INFO  [17:24:55.334] [bbotk]                                 uhash
INFO  [17:24:55.334] [bbotk]  74960266-9d69-4035-89a7-693d1ce592f0
INFO  [17:24:55.338] [bbotk] Evaluating 1 configuration(s)
INFO  [17:24:56.051] [bbotk] Result of batch 10:
INFO  [17:24:56.053] [bbotk]  nrounds        eta max_depth classif.ce warnings errors runtime_learners
INFO  [17:24:56.053] [bbotk]      293 0.07920511         3  0.1366903        0      0            0.636
INFO  [17:24:56.053] [bbotk]                                 uhash
INFO  [17:24:56.053] [bbotk]  74698d0b-5f7d-4af3-8378-500590694950
INFO  [17:24:56.072] [bbotk] Finished optimizing after 10 evaluation(s)
INFO  [17:24:56.072] [bbotk] Result:
INFO  [17:24:56.073] [bbotk]  nrounds       eta max_depth learner_param_vals  x_domain classif.ce
INFO  [17:24:56.073] [bbotk]    <int>     <num>     <int>             <list>    <list>      <num>
INFO  [17:24:56.073] [bbotk]      134 0.1054693         9          <list[5]> <list[3]>  0.1112527

### [bt]: Job terminated successfully [batchtools job.id=2670]
### [bt]: Calculation finished!
