### [bt]: This is batchtools v0.9.17
### [bt]: Starting calculation of 5 jobs
### [bt]: Setting working directory to '/Users/User/Documents/Studium/Semester8/Hiwi/mlr3calibration/vignettes'
### [bt]: Memory measurement disabled
### [bt]: Starting job [batchtools job.id=1071]
### [bt]: Generating problem instance for problem '698720b8ce42ae0c' ...
### [bt]: Applying algorithm 'run_learner' on problem '698720b8ce42ae0c' for job 1071 (seed = 1072) ...
INFO  [16:44:13.607] [mlr3] Applying learner 'classif.xgboost.tuned_calib.oof_isotonic' on task 'pc4' (iter 1/10)
INFO  [16:44:13.666] [bbotk] Starting to optimize 3 parameter(s) with '<OptimizerBatchRandomSearch>' and '<TerminatorEvals> [n_evals=10, k=0]'
INFO  [16:44:13.681] [bbotk] Evaluating 1 configuration(s)
INFO  [16:44:14.295] [bbotk] Result of batch 1:
INFO  [16:44:14.297] [bbotk]  nrounds       eta max_depth classif.ce warnings errors runtime_learners
INFO  [16:44:14.297] [bbotk]      138 0.2927144         6 0.09247101        0      0            0.565
INFO  [16:44:14.297] [bbotk]                                 uhash
INFO  [16:44:14.297] [bbotk]  7b888cd0-aa71-4c00-8403-b9b77f404020
INFO  [16:44:14.304] [bbotk] Evaluating 1 configuration(s)
INFO  [16:44:14.930] [bbotk] Result of batch 2:
INFO  [16:44:14.931] [bbotk]  nrounds       eta max_depth classif.ce warnings errors runtime_learners
INFO  [16:44:14.931] [bbotk]      282 0.2916387         2  0.0934343        0      0            0.555
INFO  [16:44:14.931] [bbotk]                                 uhash
INFO  [16:44:14.931] [bbotk]  f0816252-8370-42f4-995f-cd8556bd3456
INFO  [16:44:14.936] [bbotk] Evaluating 1 configuration(s)
INFO  [16:44:16.040] [bbotk] Result of batch 3:
INFO  [16:44:16.042] [bbotk]  nrounds     eta max_depth classif.ce warnings errors runtime_learners
INFO  [16:44:16.042] [bbotk]      256 0.16695         5  0.0886533        0      0            1.043
INFO  [16:44:16.042] [bbotk]                                 uhash
INFO  [16:44:16.042] [bbotk]  f1410a28-d4dc-4d0c-bb02-7665a27a31d2
INFO  [16:44:16.051] [bbotk] Evaluating 1 configuration(s)
INFO  [16:44:16.360] [bbotk] Result of batch 4:
INFO  [16:44:16.362] [bbotk]  nrounds       eta max_depth classif.ce warnings errors runtime_learners
INFO  [16:44:16.362] [bbotk]       82 0.1320624         3 0.09342612        0      0            0.268
INFO  [16:44:16.362] [bbotk]                                 uhash
INFO  [16:44:16.362] [bbotk]  22ebb717-3cb0-4096-815f-cf082c3b03f1
INFO  [16:44:16.367] [bbotk] Evaluating 1 configuration(s)
INFO  [16:44:17.471] [bbotk] Result of batch 5:
INFO  [16:44:17.472] [bbotk]  nrounds        eta max_depth classif.ce warnings errors runtime_learners
INFO  [16:44:17.472] [bbotk]      226 0.09141332         8 0.09056351        0      0            1.075
INFO  [16:44:17.472] [bbotk]                                 uhash
INFO  [16:44:17.472] [bbotk]  55378eb8-3a64-47c8-87e2-01e94fb7ba85
INFO  [16:44:17.475] [bbotk] Evaluating 1 configuration(s)
INFO  [16:44:19.204] [bbotk] Result of batch 6:
INFO  [16:44:19.205] [bbotk]  nrounds        eta max_depth classif.ce warnings errors runtime_learners
INFO  [16:44:19.205] [bbotk]      300 0.02874889         9 0.09342339        0      0            1.702
INFO  [16:44:19.205] [bbotk]                                 uhash
INFO  [16:44:19.205] [bbotk]  def0a62e-53a2-426a-9914-2c1d12498814
INFO  [16:44:19.214] [bbotk] Evaluating 1 configuration(s)
INFO  [16:44:19.964] [bbotk] Result of batch 7:
INFO  [16:44:19.966] [bbotk]  nrounds        eta max_depth classif.ce warnings errors runtime_learners
INFO  [16:44:19.966] [bbotk]      284 0.01245043         3  0.1067731        0      0            0.717
INFO  [16:44:19.966] [bbotk]                                 uhash
INFO  [16:44:19.966] [bbotk]  f899ce7c-0261-4af0-911f-562e2d10a721
INFO  [16:44:19.978] [bbotk] Evaluating 1 configuration(s)
INFO  [16:44:21.056] [bbotk] Result of batch 8:
INFO  [16:44:21.060] [bbotk]  nrounds        eta max_depth classif.ce warnings errors runtime_learners
INFO  [16:44:21.060] [bbotk]      195 0.06838795         9 0.09628599        0      0            1.041
INFO  [16:44:21.060] [bbotk]                                 uhash
INFO  [16:44:21.060] [bbotk]  058c43cf-e7a3-49d5-90d5-a5ec5d55f2db
INFO  [16:44:21.069] [bbotk] Evaluating 1 configuration(s)
INFO  [16:44:21.474] [bbotk] Result of batch 9:
INFO  [16:44:21.475] [bbotk]  nrounds       eta max_depth classif.ce warnings errors runtime_learners
INFO  [16:44:21.475] [bbotk]       88 0.2686627         5 0.09533634        0      0            0.361
INFO  [16:44:21.475] [bbotk]                                 uhash
INFO  [16:44:21.475] [bbotk]  137f7855-b40f-47c1-a548-5ee3c403a32e
INFO  [16:44:21.479] [bbotk] Evaluating 1 configuration(s)
INFO  [16:44:22.462] [bbotk] Result of batch 10:
INFO  [16:44:22.464] [bbotk]  nrounds       eta max_depth classif.ce warnings errors runtime_learners
INFO  [16:44:22.464] [bbotk]      271 0.1989137         6 0.09055806        0      0            0.933
INFO  [16:44:22.464] [bbotk]                                 uhash
INFO  [16:44:22.464] [bbotk]  28485316-f573-4990-a1f6-312f98d0810f
INFO  [16:44:22.487] [bbotk] Finished optimizing after 10 evaluation(s)
INFO  [16:44:22.488] [bbotk] Result:
INFO  [16:44:22.489] [bbotk]  nrounds     eta max_depth learner_param_vals  x_domain classif.ce
INFO  [16:44:22.489] [bbotk]    <int>   <num>     <int>             <list>    <list>      <num>
INFO  [16:44:22.489] [bbotk]      256 0.16695         5          <list[5]> <list[3]>  0.0886533
INFO  [16:44:23.034] [bbotk] Starting to optimize 3 parameter(s) with '<OptimizerBatchRandomSearch>' and '<TerminatorEvals> [n_evals=10, k=0]'
INFO  [16:44:23.044] [bbotk] Evaluating 1 configuration(s)
INFO  [16:44:23.431] [bbotk] Result of batch 1:
INFO  [16:44:23.432] [bbotk]  nrounds     eta max_depth classif.ce warnings errors runtime_learners
INFO  [16:44:23.432] [bbotk]      146 0.20445         3 0.08864511        0      0            0.348
INFO  [16:44:23.432] [bbotk]                                 uhash
INFO  [16:44:23.432] [bbotk]  22a105e7-ac33-41f8-a044-7bab42ca98e5
INFO  [16:44:23.437] [bbotk] Evaluating 1 configuration(s)
INFO  [16:44:24.131] [bbotk] Result of batch 2:
INFO  [16:44:24.134] [bbotk]  nrounds       eta max_depth classif.ce warnings errors runtime_learners
INFO  [16:44:24.134] [bbotk]      140 0.1220853         7  0.1020003        0      0            0.644
INFO  [16:44:24.134] [bbotk]                                 uhash
INFO  [16:44:24.134] [bbotk]  d8d3c844-7fd2-49d3-a4bd-82455eaafc09
INFO  [16:44:24.143] [bbotk] Evaluating 1 configuration(s)
INFO  [16:44:24.518] [bbotk] Result of batch 3:
INFO  [16:44:24.520] [bbotk]  nrounds       eta max_depth classif.ce warnings errors runtime_learners
INFO  [16:44:24.520] [bbotk]       59 0.2139291        10  0.1048492        0      0            0.322
INFO  [16:44:24.520] [bbotk]                                 uhash
INFO  [16:44:24.520] [bbotk]  3e3f69b2-2c38-4058-ad50-d813868ac505
INFO  [16:44:24.529] [bbotk] Evaluating 1 configuration(s)
INFO  [16:44:25.665] [bbotk] Result of batch 4:
INFO  [16:44:25.666] [bbotk]  nrounds        eta max_depth classif.ce warnings errors runtime_learners
INFO  [16:44:25.666] [bbotk]      265 0.07473685         7 0.09818529        0      0            1.097
INFO  [16:44:25.666] [bbotk]                                 uhash
INFO  [16:44:25.666] [bbotk]  c383fed9-a593-47a4-95ad-5ba3c44cc773
INFO  [16:44:25.670] [bbotk] Evaluating 1 configuration(s)
INFO  [16:44:26.724] [bbotk] Result of batch 5:
INFO  [16:44:26.725] [bbotk]  nrounds       eta max_depth classif.ce warnings errors runtime_learners
INFO  [16:44:26.725] [bbotk]      284 0.2092702         8  0.0991404        0      0            1.006
INFO  [16:44:26.725] [bbotk]                                 uhash
INFO  [16:44:26.725] [bbotk]  8370c152-6b05-4fa7-beec-d487c81bcdd1
INFO  [16:44:26.733] [bbotk] Evaluating 1 configuration(s)
INFO  [16:44:27.705] [bbotk] Result of batch 6:
INFO  [16:44:27.707] [bbotk]  nrounds       eta max_depth classif.ce warnings errors runtime_learners
INFO  [16:44:27.707] [bbotk]      297 0.1838529         6  0.0962778        0      0            0.934
INFO  [16:44:27.707] [bbotk]                                 uhash
INFO  [16:44:27.707] [bbotk]  61cc5a3a-103e-46f1-a99d-db8273fcefbf
INFO  [16:44:27.716] [bbotk] Evaluating 1 configuration(s)
INFO  [16:44:28.979] [bbotk] Result of batch 7:
INFO  [16:44:28.980] [bbotk]  nrounds        eta max_depth classif.ce warnings errors runtime_learners
INFO  [16:44:28.980] [bbotk]      288 0.07371461        10  0.1077146        0      0            1.227
INFO  [16:44:28.980] [bbotk]                                 uhash
INFO  [16:44:28.980] [bbotk]  f6cb151c-8404-4bed-a2e0-74d573164fe1
INFO  [16:44:28.984] [bbotk] Evaluating 1 configuration(s)
INFO  [16:44:29.498] [bbotk] Result of batch 8:
INFO  [16:44:29.499] [bbotk]  nrounds       eta max_depth classif.ce warnings errors runtime_learners
INFO  [16:44:29.499] [bbotk]       93 0.1216589        10  0.1039023        0      0            0.477
INFO  [16:44:29.499] [bbotk]                                 uhash
INFO  [16:44:29.499] [bbotk]  304fe63b-6412-49b1-bc5c-5070ac772125
INFO  [16:44:29.503] [bbotk] Evaluating 1 configuration(s)
INFO  [16:44:30.456] [bbotk] Result of batch 9:
INFO  [16:44:30.457] [bbotk]  nrounds       eta max_depth classif.ce warnings errors runtime_learners
INFO  [16:44:30.457] [bbotk]      262 0.1957662         7  0.1019948        0      0            0.904
INFO  [16:44:30.457] [bbotk]                                 uhash
INFO  [16:44:30.457] [bbotk]  56843e94-319b-4f8c-bece-6b47b9719c7e
INFO  [16:44:30.463] [bbotk] Evaluating 1 configuration(s)
INFO  [16:44:31.482] [bbotk] Result of batch 10:
INFO  [16:44:31.486] [bbotk]  nrounds        eta max_depth classif.ce warnings errors runtime_learners
INFO  [16:44:31.486] [bbotk]      216 0.09924965        10 0.09723018        0      0            0.977
INFO  [16:44:31.486] [bbotk]                                 uhash
INFO  [16:44:31.486] [bbotk]  5096795c-e23e-4b5b-92c0-a82294e4bced
INFO  [16:44:31.499] [bbotk] Finished optimizing after 10 evaluation(s)
INFO  [16:44:31.499] [bbotk] Result:
INFO  [16:44:31.500] [bbotk]  nrounds     eta max_depth learner_param_vals  x_domain classif.ce
INFO  [16:44:31.500] [bbotk]    <int>   <num>     <int>             <list>    <list>      <num>
INFO  [16:44:31.500] [bbotk]      146 0.20445         3          <list[5]> <list[3]> 0.08864511
INFO  [16:44:31.767] [bbotk] Starting to optimize 3 parameter(s) with '<OptimizerBatchRandomSearch>' and '<TerminatorEvals> [n_evals=10, k=0]'
INFO  [16:44:31.777] [bbotk] Evaluating 1 configuration(s)
INFO  [16:44:32.435] [bbotk] Result of batch 1:
INFO  [16:44:32.437] [bbotk]  nrounds      eta max_depth classif.ce warnings errors runtime_learners
INFO  [16:44:32.437] [bbotk]      169 0.265948         7 0.07238095        0      0            0.613
INFO  [16:44:32.437] [bbotk]                                 uhash
INFO  [16:44:32.437] [bbotk]  ad4307af-c8e7-4323-8902-f2a3fe5a2157
INFO  [16:44:32.449] [bbotk] Evaluating 1 configuration(s)
INFO  [16:44:33.209] [bbotk] Result of batch 2:
INFO  [16:44:33.210] [bbotk]  nrounds       eta max_depth classif.ce warnings errors runtime_learners
INFO  [16:44:33.210] [bbotk]      220 0.1966866         4 0.08190476        0      0             0.72
INFO  [16:44:33.210] [bbotk]                                 uhash
INFO  [16:44:33.210] [bbotk]  ef10c195-1d02-409b-a15e-bb640383c6ba
INFO  [16:44:33.213] [bbotk] Evaluating 1 configuration(s)
INFO  [16:44:33.685] [bbotk] Result of batch 3:
INFO  [16:44:33.686] [bbotk]  nrounds       eta max_depth classif.ce warnings errors runtime_learners
INFO  [16:44:33.686] [bbotk]      109 0.2683429        10       0.08        0      0            0.433
INFO  [16:44:33.686] [bbotk]                                 uhash
INFO  [16:44:33.686] [bbotk]  da796a82-6e60-451c-9ce0-ca4f03348bdf
INFO  [16:44:33.694] [bbotk] Evaluating 1 configuration(s)
INFO  [16:44:34.634] [bbotk] Result of batch 4:
INFO  [16:44:34.635] [bbotk]  nrounds        eta max_depth classif.ce warnings errors runtime_learners
INFO  [16:44:34.635] [bbotk]      211 0.08951869        10 0.08095238        0      0            0.896
INFO  [16:44:34.635] [bbotk]                                 uhash
INFO  [16:44:34.635] [bbotk]  4b6c923e-5816-4630-9230-4fabf97d89e6
INFO  [16:44:34.648] [bbotk] Evaluating 1 configuration(s)
INFO  [16:44:34.967] [bbotk] Result of batch 5:
INFO  [16:44:34.969] [bbotk]  nrounds       eta max_depth classif.ce warnings errors runtime_learners
INFO  [16:44:34.969] [bbotk]       60 0.1409187         6 0.08095238        0      0            0.277
INFO  [16:44:34.969] [bbotk]                                 uhash
INFO  [16:44:34.969] [bbotk]  51046209-3403-4af1-ac7a-b4da27540b9d
INFO  [16:44:34.973] [bbotk] Evaluating 1 configuration(s)
INFO  [16:44:35.231] [bbotk] Result of batch 6:
INFO  [16:44:35.232] [bbotk]  nrounds       eta max_depth classif.ce warnings errors runtime_learners
INFO  [16:44:35.232] [bbotk]       88 0.2496629         3 0.08190476        0      0            0.228
INFO  [16:44:35.232] [bbotk]                                 uhash
INFO  [16:44:35.232] [bbotk]  180d30af-86be-4cec-944a-a3d2ed6a1876
INFO  [16:44:35.236] [bbotk] Evaluating 1 configuration(s)
INFO  [16:44:35.696] [bbotk] Result of batch 7:
INFO  [16:44:35.698] [bbotk]  nrounds      eta max_depth classif.ce warnings errors runtime_learners
INFO  [16:44:35.698] [bbotk]      120 0.272407         8 0.08095238        0      0            0.418
INFO  [16:44:35.698] [bbotk]                                 uhash
INFO  [16:44:35.698] [bbotk]  7febe164-b62e-4a96-8140-e0ee8f959d07
INFO  [16:44:35.707] [bbotk] Evaluating 1 configuration(s)
INFO  [16:44:36.432] [bbotk] Result of batch 8:
INFO  [16:44:36.434] [bbotk]  nrounds       eta max_depth classif.ce warnings errors runtime_learners
INFO  [16:44:36.434] [bbotk]      258 0.2799508         6 0.08095238        0      0            0.668
INFO  [16:44:36.434] [bbotk]                                 uhash
INFO  [16:44:36.434] [bbotk]  23050806-e16f-4a4d-9110-ab004498a5b8
INFO  [16:44:36.443] [bbotk] Evaluating 1 configuration(s)
INFO  [16:44:37.233] [bbotk] Result of batch 9:
INFO  [16:44:37.235] [bbotk]  nrounds       eta max_depth classif.ce warnings errors runtime_learners
INFO  [16:44:37.235] [bbotk]      266 0.2939204         9 0.08285714        0      0            0.738
INFO  [16:44:37.235] [bbotk]                                 uhash
INFO  [16:44:37.235] [bbotk]  f3c56dfa-4ff5-407a-8162-881372286a6e
INFO  [16:44:37.245] [bbotk] Evaluating 1 configuration(s)
INFO  [16:44:38.068] [bbotk] Result of batch 10:
INFO  [16:44:38.069] [bbotk]  nrounds       eta max_depth classif.ce warnings errors runtime_learners
INFO  [16:44:38.069] [bbotk]      214 0.1653882         9 0.08380952        0      0            0.768
INFO  [16:44:38.069] [bbotk]                                 uhash
INFO  [16:44:38.069] [bbotk]  2679f972-eaeb-4f5e-8ce7-1f34e975f4cb
INFO  [16:44:38.077] [bbotk] Finished optimizing after 10 evaluation(s)
INFO  [16:44:38.077] [bbotk] Result:
INFO  [16:44:38.078] [bbotk]  nrounds      eta max_depth learner_param_vals  x_domain classif.ce
INFO  [16:44:38.078] [bbotk]    <int>    <num>     <int>             <list>    <list>      <num>
INFO  [16:44:38.078] [bbotk]      169 0.265948         7          <list[5]> <list[3]> 0.07238095
INFO  [16:44:38.396] [bbotk] Starting to optimize 3 parameter(s) with '<OptimizerBatchRandomSearch>' and '<TerminatorEvals> [n_evals=10, k=0]'
INFO  [16:44:38.409] [bbotk] Evaluating 1 configuration(s)
INFO  [16:44:39.421] [bbotk] Result of batch 1:
INFO  [16:44:39.422] [bbotk]  nrounds        eta max_depth classif.ce warnings errors runtime_learners
INFO  [16:44:39.422] [bbotk]      226 0.05884058         6  0.1142857        0      0            0.972
INFO  [16:44:39.422] [bbotk]                                 uhash
INFO  [16:44:39.422] [bbotk]  c2cbfaca-3ea2-4ba9-ad14-eb36771b52a5
INFO  [16:44:39.425] [bbotk] Evaluating 1 configuration(s)
INFO  [16:44:40.203] [bbotk] Result of batch 2:
INFO  [16:44:40.206] [bbotk]  nrounds        eta max_depth classif.ce warnings errors runtime_learners
INFO  [16:44:40.206] [bbotk]      139 0.09807041        10  0.1133333        0      0            0.735
INFO  [16:44:40.206] [bbotk]                                 uhash
INFO  [16:44:40.206] [bbotk]  ee49f815-24fa-42b5-a233-20aa1f7d60d8
INFO  [16:44:40.215] [bbotk] Evaluating 1 configuration(s)
INFO  [16:44:41.574] [bbotk] Result of batch 3:
INFO  [16:44:41.575] [bbotk]  nrounds        eta max_depth classif.ce warnings errors runtime_learners
INFO  [16:44:41.575] [bbotk]      273 0.03706519         6  0.1133333        0      0            1.311
INFO  [16:44:41.575] [bbotk]                                 uhash
INFO  [16:44:41.575] [bbotk]  42448ae8-d890-4878-8bcd-71b68523a0ed
INFO  [16:44:41.578] [bbotk] Evaluating 1 configuration(s)
INFO  [16:44:42.067] [bbotk] Result of batch 4:
INFO  [16:44:42.067] [bbotk]  nrounds       eta max_depth classif.ce warnings errors runtime_learners
INFO  [16:44:42.067] [bbotk]      193 0.1884385         3  0.1057143        0      0            0.455
INFO  [16:44:42.067] [bbotk]                                 uhash
INFO  [16:44:42.067] [bbotk]  0649edf3-5a8d-4564-bd2c-ea6f28363382
INFO  [16:44:42.072] [bbotk] Evaluating 1 configuration(s)
INFO  [16:44:42.462] [bbotk] Result of batch 5:
INFO  [16:44:42.463] [bbotk]  nrounds       eta max_depth classif.ce warnings errors runtime_learners
INFO  [16:44:42.463] [bbotk]      193 0.2309717         2  0.1133333        0      0            0.345
INFO  [16:44:42.463] [bbotk]                                 uhash
INFO  [16:44:42.463] [bbotk]  1d34d5b6-fa24-4514-9697-5078b7fd3b46
INFO  [16:44:42.467] [bbotk] Evaluating 1 configuration(s)
INFO  [16:44:43.049] [bbotk] Result of batch 6:
INFO  [16:44:43.050] [bbotk]  nrounds       eta max_depth classif.ce warnings errors runtime_learners
INFO  [16:44:43.050] [bbotk]      153 0.2536686        10  0.1095238        0      0            0.549
INFO  [16:44:43.050] [bbotk]                                 uhash
INFO  [16:44:43.050] [bbotk]  1edd31fb-6313-4c2f-8148-830e028d5cad
INFO  [16:44:43.053] [bbotk] Evaluating 1 configuration(s)
INFO  [16:44:43.746] [bbotk] Result of batch 7:
INFO  [16:44:43.747] [bbotk]  nrounds        eta max_depth classif.ce warnings errors runtime_learners
INFO  [16:44:43.747] [bbotk]      142 0.05546458         6  0.1142857        0      0            0.658
INFO  [16:44:43.747] [bbotk]                                 uhash
INFO  [16:44:43.747] [bbotk]  df0e16c7-38cf-4ac7-ae6c-5654a3cbebef
INFO  [16:44:43.751] [bbotk] Evaluating 1 configuration(s)
INFO  [16:44:44.589] [bbotk] Result of batch 8:
INFO  [16:44:44.590] [bbotk]  nrounds        eta max_depth classif.ce warnings errors runtime_learners
INFO  [16:44:44.590] [bbotk]      186 0.08892326         6  0.1095238        0      0            0.793
INFO  [16:44:44.590] [bbotk]                                 uhash
INFO  [16:44:44.590] [bbotk]  92d28b39-05e7-417b-80b9-bf33057b9915
INFO  [16:44:44.594] [bbotk] Evaluating 1 configuration(s)
INFO  [16:44:44.858] [bbotk] Result of batch 9:
INFO  [16:44:44.859] [bbotk]  nrounds       eta max_depth classif.ce warnings errors runtime_learners
INFO  [16:44:44.859] [bbotk]       57 0.2511474         6  0.1095238        0      0            0.238
INFO  [16:44:44.859] [bbotk]                                 uhash
INFO  [16:44:44.859] [bbotk]  b55cc03a-1722-4bd7-aa55-362662929809
INFO  [16:44:44.867] [bbotk] Evaluating 1 configuration(s)
INFO  [16:44:45.633] [bbotk] Result of batch 10:
INFO  [16:44:45.634] [bbotk]  nrounds       eta max_depth classif.ce warnings errors runtime_learners
INFO  [16:44:45.634] [bbotk]      284 0.1755325         4  0.1009524        0      0            0.718
INFO  [16:44:45.634] [bbotk]                                 uhash
INFO  [16:44:45.634] [bbotk]  9b7866fb-fb17-4417-a6cc-a4fff607e6ea
INFO  [16:44:45.646] [bbotk] Finished optimizing after 10 evaluation(s)
INFO  [16:44:45.646] [bbotk] Result:
INFO  [16:44:45.648] [bbotk]  nrounds       eta max_depth learner_param_vals  x_domain classif.ce
INFO  [16:44:45.648] [bbotk]    <int>     <num>     <int>             <list>    <list>      <num>
INFO  [16:44:45.648] [bbotk]      284 0.1755325         4          <list[5]> <list[3]>  0.1009524
INFO  [16:44:46.109] [bbotk] Starting to optimize 3 parameter(s) with '<OptimizerBatchRandomSearch>' and '<TerminatorEvals> [n_evals=10, k=0]'
INFO  [16:44:46.119] [bbotk] Evaluating 1 configuration(s)
INFO  [16:44:46.360] [bbotk] Result of batch 1:
INFO  [16:44:46.371] [bbotk]  nrounds        eta max_depth classif.ce warnings errors runtime_learners
INFO  [16:44:46.371] [bbotk]      109 0.07482132         2 0.09904762        0      0            0.196
INFO  [16:44:46.371] [bbotk]                                 uhash
INFO  [16:44:46.371] [bbotk]  7bded00b-be88-4844-8dd8-15a4a99e2d5a
INFO  [16:44:46.380] [bbotk] Evaluating 1 configuration(s)
INFO  [16:44:46.993] [bbotk] Result of batch 2:
INFO  [16:44:46.995] [bbotk]  nrounds      eta max_depth classif.ce warnings errors runtime_learners
INFO  [16:44:46.995] [bbotk]      158 0.276987         8 0.09619048        0      0            0.576
INFO  [16:44:46.995] [bbotk]                                 uhash
INFO  [16:44:46.995] [bbotk]  d1cba322-122a-4e63-a729-5409afea65ef
INFO  [16:44:47.007] [bbotk] Evaluating 1 configuration(s)
INFO  [16:44:47.185] [bbotk] Result of batch 3:
INFO  [16:44:47.186] [bbotk]  nrounds       eta max_depth classif.ce warnings errors runtime_learners
INFO  [16:44:47.186] [bbotk]       58 0.1005877         3  0.1009524        0      0            0.142
INFO  [16:44:47.186] [bbotk]                                 uhash
INFO  [16:44:47.186] [bbotk]  2d764b6a-2700-4dca-9d92-3d223a5792ee
INFO  [16:44:47.189] [bbotk] Evaluating 1 configuration(s)
INFO  [16:44:47.814] [bbotk] Result of batch 4:
INFO  [16:44:47.815] [bbotk]  nrounds       eta max_depth classif.ce warnings errors runtime_learners
INFO  [16:44:47.815] [bbotk]      191 0.2865124         8 0.09619048        0      0            0.585
INFO  [16:44:47.815] [bbotk]                                 uhash
INFO  [16:44:47.815] [bbotk]  86a53a7b-3392-4081-9948-65aab5b29304
INFO  [16:44:47.824] [bbotk] Evaluating 1 configuration(s)
INFO  [16:44:48.606] [bbotk] Result of batch 5:
INFO  [16:44:48.607] [bbotk]  nrounds      eta max_depth classif.ce warnings errors runtime_learners
INFO  [16:44:48.607] [bbotk]      212 0.280409         9 0.09428571        0      0            0.732
INFO  [16:44:48.607] [bbotk]                                 uhash
INFO  [16:44:48.607] [bbotk]  7d478916-930d-465c-9d3f-d8f35cfdb215
INFO  [16:44:48.611] [bbotk] Evaluating 1 configuration(s)
INFO  [16:44:49.295] [bbotk] Result of batch 6:
INFO  [16:44:49.296] [bbotk]  nrounds        eta max_depth classif.ce warnings errors runtime_learners
INFO  [16:44:49.296] [bbotk]      155 0.07016753         6        0.1        0      0            0.646
INFO  [16:44:49.296] [bbotk]                                 uhash
INFO  [16:44:49.296] [bbotk]  d19c5fad-c47c-4e46-bfab-504702b259d1
INFO  [16:44:49.300] [bbotk] Evaluating 1 configuration(s)
INFO  [16:44:49.755] [bbotk] Result of batch 7:
INFO  [16:44:49.756] [bbotk]  nrounds       eta max_depth classif.ce warnings errors runtime_learners
INFO  [16:44:49.756] [bbotk]       63 0.0755518        10  0.1009524        0      0            0.405
INFO  [16:44:49.756] [bbotk]                                 uhash
INFO  [16:44:49.756] [bbotk]  248c2604-fe6b-483a-bece-7fd62ccd2bff
INFO  [16:44:49.760] [bbotk] Evaluating 1 configuration(s)
INFO  [16:44:50.778] [bbotk] Result of batch 8:
INFO  [16:44:50.779] [bbotk]  nrounds       eta max_depth classif.ce warnings errors runtime_learners
INFO  [16:44:50.779] [bbotk]      209 0.1017512         7  0.1066667        0      0            0.968
INFO  [16:44:50.779] [bbotk]                                 uhash
INFO  [16:44:50.779] [bbotk]  994d4dfd-6142-4c70-bacd-46d6d525cf6b
INFO  [16:44:50.788] [bbotk] Evaluating 1 configuration(s)
INFO  [16:44:52.074] [bbotk] Result of batch 9:
INFO  [16:44:52.076] [bbotk]  nrounds        eta max_depth classif.ce warnings errors runtime_learners
INFO  [16:44:52.076] [bbotk]      246 0.03846988         7  0.1038095        0      0            1.233
INFO  [16:44:52.076] [bbotk]                                 uhash
INFO  [16:44:52.076] [bbotk]  5891f9a2-6af9-448a-a4f3-c0f882236c02
INFO  [16:44:52.085] [bbotk] Evaluating 1 configuration(s)
INFO  [16:44:52.726] [bbotk] Result of batch 10:
INFO  [16:44:52.727] [bbotk]  nrounds       eta max_depth classif.ce warnings errors runtime_learners
INFO  [16:44:52.727] [bbotk]      160 0.1601759        10  0.1047619        0      0            0.602
INFO  [16:44:52.727] [bbotk]                                 uhash
INFO  [16:44:52.727] [bbotk]  d6ba2e20-789c-4281-9421-bd56f9415287
INFO  [16:44:52.746] [bbotk] Finished optimizing after 10 evaluation(s)
INFO  [16:44:52.746] [bbotk] Result:
INFO  [16:44:52.747] [bbotk]  nrounds      eta max_depth learner_param_vals  x_domain classif.ce
INFO  [16:44:52.747] [bbotk]    <int>    <num>     <int>             <list>    <list>      <num>
INFO  [16:44:52.747] [bbotk]      212 0.280409         9          <list[5]> <list[3]> 0.09428571

### [bt]: Job terminated successfully [batchtools job.id=1071]
### [bt]: Starting job [batchtools job.id=1072]
### [bt]: Generating problem instance for problem '698720b8ce42ae0c' ...
### [bt]: Applying algorithm 'run_learner' on problem '698720b8ce42ae0c' for job 1072 (seed = 1073) ...
INFO  [16:44:53.145] [mlr3] Applying learner 'classif.xgboost.tuned_calib.oof_isotonic' on task 'pc4' (iter 2/10)
INFO  [16:44:53.204] [bbotk] Starting to optimize 3 parameter(s) with '<OptimizerBatchRandomSearch>' and '<TerminatorEvals> [n_evals=10, k=0]'
INFO  [16:44:53.224] [bbotk] Evaluating 1 configuration(s)
INFO  [16:44:53.815] [bbotk] Result of batch 1:
INFO  [16:44:53.817] [bbotk]  nrounds       eta max_depth classif.ce warnings errors runtime_learners
INFO  [16:44:53.817] [bbotk]      116 0.1320932         8  0.1048574        0      0            0.553
INFO  [16:44:53.817] [bbotk]                                 uhash
INFO  [16:44:53.817] [bbotk]  e508361e-3b01-4d8e-b735-a7b7b7ceaeaa
INFO  [16:44:53.829] [bbotk] Evaluating 1 configuration(s)
INFO  [16:44:54.581] [bbotk] Result of batch 2:
INFO  [16:44:54.583] [bbotk]  nrounds       eta max_depth classif.ce warnings errors runtime_learners
INFO  [16:44:54.583] [bbotk]      226 0.2356257         8  0.1010397        0      0            0.705
INFO  [16:44:54.583] [bbotk]                                 uhash
INFO  [16:44:54.583] [bbotk]  e63edc9c-ef1f-470b-a42a-3bedcb964f72
INFO  [16:44:54.591] [bbotk] Evaluating 1 configuration(s)
INFO  [16:44:54.827] [bbotk] Result of batch 3:
INFO  [16:44:54.828] [bbotk]  nrounds       eta max_depth classif.ce warnings errors runtime_learners
INFO  [16:44:54.828] [bbotk]       90 0.1702907         2 0.09628053        0      0            0.186
INFO  [16:44:54.828] [bbotk]                                 uhash
INFO  [16:44:54.828] [bbotk]  202fc59d-a8b5-415a-9d4a-af1a12ab2f40
INFO  [16:44:54.832] [bbotk] Evaluating 1 configuration(s)
INFO  [16:44:55.322] [bbotk] Result of batch 4:
INFO  [16:44:55.323] [bbotk]  nrounds        eta max_depth classif.ce warnings errors runtime_learners
INFO  [16:44:55.323] [bbotk]      166 0.04031125         3  0.1029581        0      0            0.454
INFO  [16:44:55.323] [bbotk]                                 uhash
INFO  [16:44:55.323] [bbotk]  c5203da6-c8dd-40c3-886b-9dd3368e59ef
INFO  [16:44:55.327] [bbotk] Evaluating 1 configuration(s)
INFO  [16:44:55.739] [bbotk] Result of batch 5:
INFO  [16:44:55.740] [bbotk]  nrounds       eta max_depth classif.ce warnings errors runtime_learners
INFO  [16:44:55.740] [bbotk]       88 0.2119702        10  0.1077227        0      0             0.38
INFO  [16:44:55.740] [bbotk]                                 uhash
INFO  [16:44:55.740] [bbotk]  d4fc4ec8-5e1d-478c-bbbc-39dc9debc6b6
INFO  [16:44:55.749] [bbotk] Evaluating 1 configuration(s)
INFO  [16:44:56.139] [bbotk] Result of batch 6:
INFO  [16:44:56.141] [bbotk]  nrounds       eta max_depth classif.ce warnings errors runtime_learners
INFO  [16:44:56.141] [bbotk]      108 0.1040069         4  0.0962778        0      0            0.339
INFO  [16:44:56.141] [bbotk]                                 uhash
INFO  [16:44:56.141] [bbotk]  b2d8336e-2e0e-446c-a5d7-f08f08c5d3fb
INFO  [16:44:56.150] [bbotk] Evaluating 1 configuration(s)
INFO  [16:44:56.555] [bbotk] Result of batch 7:
INFO  [16:44:56.557] [bbotk]  nrounds       eta max_depth classif.ce warnings errors runtime_learners
INFO  [16:44:56.557] [bbotk]      234 0.1582666         2 0.09723018        0      0            0.361
INFO  [16:44:56.557] [bbotk]                                 uhash
INFO  [16:44:56.557] [bbotk]  4f6d0cd9-7a56-4d23-826c-48ecd33db777
INFO  [16:44:56.568] [bbotk] Evaluating 1 configuration(s)
INFO  [16:44:56.756] [bbotk] Result of batch 8:
INFO  [16:44:56.758] [bbotk]  nrounds       eta max_depth classif.ce warnings errors runtime_learners
INFO  [16:44:56.758] [bbotk]       57 0.2465279         3 0.09342066        0      0            0.144
INFO  [16:44:56.758] [bbotk]                                 uhash
INFO  [16:44:56.758] [bbotk]  3a2b04ed-9bdd-44a4-9d9f-3113961c8447
INFO  [16:44:56.766] [bbotk] Evaluating 1 configuration(s)
INFO  [16:44:57.336] [bbotk] Result of batch 9:
INFO  [16:44:57.339] [bbotk]  nrounds       eta max_depth classif.ce warnings errors runtime_learners
INFO  [16:44:57.339] [bbotk]      102 0.1482474         9    0.10772        0      0            0.521
INFO  [16:44:57.339] [bbotk]                                 uhash
INFO  [16:44:57.339] [bbotk]  824a5fad-1d49-443d-b3a5-c0f11e516a0f
INFO  [16:44:57.351] [bbotk] Evaluating 1 configuration(s)
INFO  [16:44:57.643] [bbotk] Result of batch 10:
INFO  [16:44:57.644] [bbotk]  nrounds       eta max_depth classif.ce warnings errors runtime_learners
INFO  [16:44:57.644] [bbotk]       64 0.1359368         5 0.09723018        0      0            0.247
INFO  [16:44:57.644] [bbotk]                                 uhash
INFO  [16:44:57.644] [bbotk]  76015a90-f401-4568-8c59-4e4fc6920c1b
INFO  [16:44:57.660] [bbotk] Finished optimizing after 10 evaluation(s)
INFO  [16:44:57.660] [bbotk] Result:
INFO  [16:44:57.663] [bbotk]  nrounds       eta max_depth learner_param_vals  x_domain classif.ce
INFO  [16:44:57.663] [bbotk]    <int>     <num>     <int>             <list>    <list>      <num>
INFO  [16:44:57.663] [bbotk]       57 0.2465279         3          <list[5]> <list[3]> 0.09342066
INFO  [16:44:57.796] [bbotk] Starting to optimize 3 parameter(s) with '<OptimizerBatchRandomSearch>' and '<TerminatorEvals> [n_evals=10, k=0]'
INFO  [16:44:57.824] [bbotk] Evaluating 1 configuration(s)
INFO  [16:44:58.541] [bbotk] Result of batch 1:
INFO  [16:44:58.543] [bbotk]  nrounds       eta max_depth classif.ce warnings errors runtime_learners
INFO  [16:44:58.543] [bbotk]      193 0.2857407        10 0.08101787        0      0            0.674
INFO  [16:44:58.543] [bbotk]                                 uhash
INFO  [16:44:58.543] [bbotk]  a96a7bef-f374-4a10-8aaf-7bdd20089cc5
INFO  [16:44:58.563] [bbotk] Evaluating 1 configuration(s)
INFO  [16:44:58.983] [bbotk] Result of batch 2:
INFO  [16:44:58.984] [bbotk]  nrounds        eta max_depth classif.ce warnings errors runtime_learners
INFO  [16:44:58.984] [bbotk]       67 0.08722194         9 0.08960022        0      0            0.376
INFO  [16:44:58.984] [bbotk]                                 uhash
INFO  [16:44:58.984] [bbotk]  3fa7afa2-ffac-4b56-82c0-ae8791539df3
INFO  [16:44:58.998] [bbotk] Evaluating 1 configuration(s)
INFO  [16:44:59.712] [bbotk] Result of batch 3:
INFO  [16:44:59.713] [bbotk]  nrounds       eta max_depth classif.ce warnings errors runtime_learners
INFO  [16:44:59.713] [bbotk]      164 0.1072591         6 0.08292809        0      0            0.672
INFO  [16:44:59.713] [bbotk]                                 uhash
INFO  [16:44:59.713] [bbotk]  31b19fb1-4e67-4c14-a10a-2c6857ee4bd1
INFO  [16:44:59.717] [bbotk] Evaluating 1 configuration(s)
INFO  [16:45:00.175] [bbotk] Result of batch 4:
INFO  [16:45:00.176] [bbotk]  nrounds       eta max_depth classif.ce warnings errors runtime_learners
INFO  [16:45:00.176] [bbotk]       90 0.1591361         5 0.08293082        0      0            0.391
INFO  [16:45:00.176] [bbotk]                                 uhash
INFO  [16:45:00.176] [bbotk]  0ebf9760-5425-4d1f-8fcb-cc1b25e7161d
INFO  [16:45:00.179] [bbotk] Evaluating 1 configuration(s)
INFO  [16:45:00.391] [bbotk] Result of batch 5:
INFO  [16:45:00.393] [bbotk]  nrounds       eta max_depth classif.ce warnings errors runtime_learners
INFO  [16:45:00.393] [bbotk]       87 0.1898744         2  0.0810206        0      0            0.161
INFO  [16:45:00.393] [bbotk]                                 uhash
INFO  [16:45:00.393] [bbotk]  a5f5b4df-4436-4183-a29f-769f875c9b20
INFO  [16:45:00.403] [bbotk] Evaluating 1 configuration(s)
INFO  [16:45:01.092] [bbotk] Result of batch 6:
INFO  [16:45:01.093] [bbotk]  nrounds       eta max_depth classif.ce warnings errors runtime_learners
INFO  [16:45:01.093] [bbotk]      254 0.1537233         3 0.08674853        0      0            0.645
INFO  [16:45:01.093] [bbotk]                                 uhash
INFO  [16:45:01.093] [bbotk]  8493a87d-aac1-4816-bfad-2d9be8d5302e
INFO  [16:45:01.097] [bbotk] Evaluating 1 configuration(s)
INFO  [16:45:01.723] [bbotk] Result of batch 7:
INFO  [16:45:01.724] [bbotk]  nrounds       eta max_depth classif.ce warnings errors runtime_learners
INFO  [16:45:01.724] [bbotk]      155 0.1509974         6 0.08674308        0      0            0.578
INFO  [16:45:01.724] [bbotk]                                 uhash
INFO  [16:45:01.724] [bbotk]  b2367fe6-58f5-4334-9f8f-c77b8b95ec6c
INFO  [16:45:01.728] [bbotk] Evaluating 1 configuration(s)
INFO  [16:45:02.193] [bbotk] Result of batch 8:
INFO  [16:45:02.194] [bbotk]  nrounds       eta max_depth classif.ce warnings errors runtime_learners
INFO  [16:45:02.194] [bbotk]       77 0.2122856        10 0.08006549        0      0            0.347
INFO  [16:45:02.194] [bbotk]                                 uhash
INFO  [16:45:02.194] [bbotk]  3ddfe874-2035-4840-a857-6279fb5ac6f1
INFO  [16:45:02.197] [bbotk] Evaluating 1 configuration(s)
INFO  [16:45:03.038] [bbotk] Result of batch 9:
INFO  [16:45:03.039] [bbotk]  nrounds        eta max_depth classif.ce warnings errors runtime_learners
INFO  [16:45:03.039] [bbotk]      186 0.03903997         6 0.08673489        0      0            0.801
INFO  [16:45:03.039] [bbotk]                                 uhash
INFO  [16:45:03.039] [bbotk]  2229ff13-084b-4a7d-bb60-04b9f96e7fc4
INFO  [16:45:03.043] [bbotk] Evaluating 1 configuration(s)
INFO  [16:45:03.517] [bbotk] Result of batch 10:
INFO  [16:45:03.519] [bbotk]  nrounds       eta max_depth classif.ce warnings errors runtime_learners
INFO  [16:45:03.519] [bbotk]      205 0.1913824         3 0.08769546        0      0            0.436
INFO  [16:45:03.519] [bbotk]                                 uhash
INFO  [16:45:03.519] [bbotk]  f2f48ff7-4072-4455-b5ab-67803deef5dd
INFO  [16:45:03.538] [bbotk] Finished optimizing after 10 evaluation(s)
INFO  [16:45:03.538] [bbotk] Result:
INFO  [16:45:03.539] [bbotk]  nrounds       eta max_depth learner_param_vals  x_domain classif.ce
INFO  [16:45:03.539] [bbotk]    <int>     <num>     <int>             <list>    <list>      <num>
INFO  [16:45:03.539] [bbotk]       77 0.2122856        10          <list[5]> <list[3]> 0.08006549
INFO  [16:45:03.792] [bbotk] Starting to optimize 3 parameter(s) with '<OptimizerBatchRandomSearch>' and '<TerminatorEvals> [n_evals=10, k=0]'
INFO  [16:45:03.808] [bbotk] Evaluating 1 configuration(s)
INFO  [16:45:04.768] [bbotk] Result of batch 1:
INFO  [16:45:04.769] [bbotk]  nrounds       eta max_depth classif.ce warnings errors runtime_learners
INFO  [16:45:04.769] [bbotk]      277 0.1190172         8 0.08952381        0      0            0.917
INFO  [16:45:04.769] [bbotk]                                 uhash
INFO  [16:45:04.769] [bbotk]  11986253-05ae-40d6-af21-2d25d5f06657
INFO  [16:45:04.774] [bbotk] Evaluating 1 configuration(s)
INFO  [16:45:05.464] [bbotk] Result of batch 2:
INFO  [16:45:05.466] [bbotk]  nrounds        eta max_depth classif.ce warnings errors runtime_learners
INFO  [16:45:05.466] [bbotk]      177 0.08239709         5  0.0952381        0      0            0.639
INFO  [16:45:05.466] [bbotk]                                 uhash
INFO  [16:45:05.466] [bbotk]  c73d62ac-d7c6-4ac2-aca6-7bdde154f769
INFO  [16:45:05.475] [bbotk] Evaluating 1 configuration(s)
INFO  [16:45:06.128] [bbotk] Result of batch 3:
INFO  [16:45:06.129] [bbotk]  nrounds      eta max_depth classif.ce warnings errors runtime_learners
INFO  [16:45:06.129] [bbotk]      178 0.180469         9 0.08761905        0      0            0.615
INFO  [16:45:06.129] [bbotk]                                 uhash
INFO  [16:45:06.129] [bbotk]  c46e0b28-c8d1-4649-a3ec-596c06d8e246
INFO  [16:45:06.133] [bbotk] Evaluating 1 configuration(s)
INFO  [16:45:06.855] [bbotk] Result of batch 4:
INFO  [16:45:06.856] [bbotk]  nrounds       eta max_depth classif.ce warnings errors runtime_learners
INFO  [16:45:06.856] [bbotk]      195 0.1704531        10 0.08761905        0      0            0.674
INFO  [16:45:06.856] [bbotk]                                 uhash
INFO  [16:45:06.856] [bbotk]  ef0e67aa-e940-45ac-9c3d-c525cb96de7b
INFO  [16:45:06.861] [bbotk] Evaluating 1 configuration(s)
INFO  [16:45:07.123] [bbotk] Result of batch 5:
INFO  [16:45:07.124] [bbotk]  nrounds        eta max_depth classif.ce warnings errors runtime_learners
INFO  [16:45:07.124] [bbotk]      132 0.04278728         2 0.09714286        0      0             0.23
INFO  [16:45:07.124] [bbotk]                                 uhash
INFO  [16:45:07.124] [bbotk]  45ceabf3-be9f-45ba-8f3a-cea08571191c
INFO  [16:45:07.130] [bbotk] Evaluating 1 configuration(s)
INFO  [16:45:07.792] [bbotk] Result of batch 6:
INFO  [16:45:07.793] [bbotk]  nrounds      eta max_depth classif.ce warnings errors runtime_learners
INFO  [16:45:07.793] [bbotk]      230 0.241084         5 0.08761905        0      0            0.611
INFO  [16:45:07.793] [bbotk]                                 uhash
INFO  [16:45:07.793] [bbotk]  5ea980e5-4175-4e2b-b8af-71147b29ed17
INFO  [16:45:07.796] [bbotk] Evaluating 1 configuration(s)
INFO  [16:45:08.111] [bbotk] Result of batch 7:
INFO  [16:45:08.113] [bbotk]  nrounds      eta max_depth classif.ce warnings errors runtime_learners
INFO  [16:45:08.113] [bbotk]      176 0.286642         2  0.1009524        0      0            0.276
INFO  [16:45:08.113] [bbotk]                                 uhash
INFO  [16:45:08.113] [bbotk]  fdba4d16-02ac-4cd5-b8bf-6bc73948efb4
INFO  [16:45:08.121] [bbotk] Evaluating 1 configuration(s)
INFO  [16:45:08.627] [bbotk] Result of batch 8:
INFO  [16:45:08.628] [bbotk]  nrounds        eta max_depth classif.ce warnings errors runtime_learners
INFO  [16:45:08.628] [bbotk]      283 0.05980082         2        0.1        0      0            0.459
INFO  [16:45:08.628] [bbotk]                                 uhash
INFO  [16:45:08.628] [bbotk]  07c6eb87-1570-41c8-ba27-fac622a689d9
INFO  [16:45:08.631] [bbotk] Evaluating 1 configuration(s)
INFO  [16:45:09.159] [bbotk] Result of batch 9:
INFO  [16:45:09.160] [bbotk]  nrounds       eta max_depth classif.ce warnings errors runtime_learners
INFO  [16:45:09.160] [bbotk]      149 0.2154693        10 0.08571429        0      0            0.494
INFO  [16:45:09.160] [bbotk]                                 uhash
INFO  [16:45:09.160] [bbotk]  7d59d85d-0176-4829-b889-8ffaa606de54
INFO  [16:45:09.164] [bbotk] Evaluating 1 configuration(s)
INFO  [16:45:09.557] [bbotk] Result of batch 10:
INFO  [16:45:09.559] [bbotk]  nrounds      eta max_depth classif.ce warnings errors runtime_learners
INFO  [16:45:09.559] [bbotk]      234 0.236757         2  0.1019048        0      0            0.354
INFO  [16:45:09.559] [bbotk]                                 uhash
INFO  [16:45:09.559] [bbotk]  1c572887-c4c3-4a5f-8b19-303034e6c026
INFO  [16:45:09.572] [bbotk] Finished optimizing after 10 evaluation(s)
INFO  [16:45:09.572] [bbotk] Result:
INFO  [16:45:09.573] [bbotk]  nrounds       eta max_depth learner_param_vals  x_domain classif.ce
INFO  [16:45:09.573] [bbotk]    <int>     <num>     <int>             <list>    <list>      <num>
INFO  [16:45:09.573] [bbotk]      149 0.2154693        10          <list[5]> <list[3]> 0.08571429
INFO  [16:45:09.900] [bbotk] Starting to optimize 3 parameter(s) with '<OptimizerBatchRandomSearch>' and '<TerminatorEvals> [n_evals=10, k=0]'
INFO  [16:45:09.911] [bbotk] Evaluating 1 configuration(s)
INFO  [16:45:10.895] [bbotk] Result of batch 1:
INFO  [16:45:10.897] [bbotk]  nrounds       eta max_depth classif.ce warnings errors runtime_learners
INFO  [16:45:10.897] [bbotk]      238 0.1131103         6 0.09333333        0      0            0.938
INFO  [16:45:10.897] [bbotk]                                 uhash
INFO  [16:45:10.897] [bbotk]  85b81782-d7b1-415d-9380-3b3030f1913c
INFO  [16:45:10.901] [bbotk] Evaluating 1 configuration(s)
INFO  [16:45:11.549] [bbotk] Result of batch 2:
INFO  [16:45:11.550] [bbotk]  nrounds       eta max_depth classif.ce warnings errors runtime_learners
INFO  [16:45:11.550] [bbotk]      266 0.1707115         3 0.09142857        0      0            0.606
INFO  [16:45:11.550] [bbotk]                                 uhash
INFO  [16:45:11.550] [bbotk]  562812f3-e1d1-4b38-a085-3070a8a914ef
INFO  [16:45:11.557] [bbotk] Evaluating 1 configuration(s)
INFO  [16:45:12.515] [bbotk] Result of batch 3:
INFO  [16:45:12.518] [bbotk]  nrounds        eta max_depth classif.ce warnings errors runtime_learners
INFO  [16:45:12.518] [bbotk]      267 0.07328204         4 0.08952381        0      0            0.893
INFO  [16:45:12.518] [bbotk]                                 uhash
INFO  [16:45:12.518] [bbotk]  a00de7d9-4dfc-47da-a23e-cda6976c266e
INFO  [16:45:12.532] [bbotk] Evaluating 1 configuration(s)
INFO  [16:45:12.984] [bbotk] Result of batch 4:
INFO  [16:45:12.985] [bbotk]  nrounds       eta max_depth classif.ce warnings errors runtime_learners
INFO  [16:45:12.985] [bbotk]      148 0.2478525         4 0.09333333        0      0            0.408
INFO  [16:45:12.985] [bbotk]                                 uhash
INFO  [16:45:12.985] [bbotk]  8467d08b-acc3-47f1-b643-a03523c20f22
INFO  [16:45:12.989] [bbotk] Evaluating 1 configuration(s)
INFO  [16:45:13.758] [bbotk] Result of batch 5:
INFO  [16:45:13.759] [bbotk]  nrounds        eta max_depth classif.ce warnings errors runtime_learners
INFO  [16:45:13.759] [bbotk]      186 0.03990492         6 0.08761905        0      0            0.735
INFO  [16:45:13.759] [bbotk]                                 uhash
INFO  [16:45:13.759] [bbotk]  5f3a08cc-2f36-4b1e-9773-be5b3d947e49
INFO  [16:45:13.770] [bbotk] Evaluating 1 configuration(s)
INFO  [16:45:14.629] [bbotk] Result of batch 6:
INFO  [16:45:14.631] [bbotk]  nrounds       eta max_depth classif.ce warnings errors runtime_learners
INFO  [16:45:14.631] [bbotk]      252 0.1333118         5 0.09238095        0      0            0.815
INFO  [16:45:14.631] [bbotk]                                 uhash
INFO  [16:45:14.631] [bbotk]  354936e8-722a-4dca-8db5-cb283a0fc346
INFO  [16:45:14.641] [bbotk] Evaluating 1 configuration(s)
INFO  [16:45:14.948] [bbotk] Result of batch 7:
INFO  [16:45:14.949] [bbotk]  nrounds      eta max_depth classif.ce warnings errors runtime_learners
INFO  [16:45:14.949] [bbotk]       51 0.189042        10  0.0952381        0      0            0.266
INFO  [16:45:14.949] [bbotk]                                 uhash
INFO  [16:45:14.949] [bbotk]  1cfbdfde-cc2b-491c-98ab-f01bef3c7633
INFO  [16:45:14.953] [bbotk] Evaluating 1 configuration(s)
INFO  [16:45:15.378] [bbotk] Result of batch 8:
INFO  [16:45:15.379] [bbotk]  nrounds        eta max_depth classif.ce warnings errors runtime_learners
INFO  [16:45:15.379] [bbotk]      260 0.02761709         2 0.08761905        0      0            0.387
INFO  [16:45:15.379] [bbotk]                                 uhash
INFO  [16:45:15.379] [bbotk]  c73ada2b-8e6a-429f-94e3-2880e1c76603
INFO  [16:45:15.387] [bbotk] Evaluating 1 configuration(s)
INFO  [16:45:16.435] [bbotk] Result of batch 9:
INFO  [16:45:16.436] [bbotk]  nrounds       eta max_depth classif.ce warnings errors runtime_learners
INFO  [16:45:16.436] [bbotk]      287 0.1055808         7 0.09428571        0      0            1.006
INFO  [16:45:16.436] [bbotk]                                 uhash
INFO  [16:45:16.436] [bbotk]  13818da8-14d9-46c9-824b-f90d5492cadc
INFO  [16:45:16.442] [bbotk] Evaluating 1 configuration(s)
INFO  [16:45:16.975] [bbotk] Result of batch 10:
INFO  [16:45:16.977] [bbotk]  nrounds       eta max_depth classif.ce warnings errors runtime_learners
INFO  [16:45:16.977] [bbotk]      149 0.1839175         5 0.09428571        0      0            0.489
INFO  [16:45:16.977] [bbotk]                                 uhash
INFO  [16:45:16.977] [bbotk]  338cc2e9-b3f6-498e-89a3-6c4256f4e903
INFO  [16:45:16.999] [bbotk] Finished optimizing after 10 evaluation(s)
INFO  [16:45:16.999] [bbotk] Result:
INFO  [16:45:17.001] [bbotk]  nrounds        eta max_depth learner_param_vals  x_domain classif.ce
INFO  [16:45:17.001] [bbotk]    <int>      <num>     <int>             <list>    <list>      <num>
INFO  [16:45:17.001] [bbotk]      260 0.02761709         2          <list[5]> <list[3]> 0.08761905
INFO  [16:45:17.262] [bbotk] Starting to optimize 3 parameter(s) with '<OptimizerBatchRandomSearch>' and '<TerminatorEvals> [n_evals=10, k=0]'
INFO  [16:45:17.287] [bbotk] Evaluating 1 configuration(s)
INFO  [16:45:17.789] [bbotk] Result of batch 1:
INFO  [16:45:17.790] [bbotk]  nrounds       eta max_depth classif.ce warnings errors runtime_learners
INFO  [16:45:17.790] [bbotk]      156 0.1197496         4 0.09047619        0      0            0.463
INFO  [16:45:17.790] [bbotk]                                 uhash
INFO  [16:45:17.790] [bbotk]  3c69744a-3336-4099-a9ca-c2b28dbb7986
INFO  [16:45:17.794] [bbotk] Evaluating 1 configuration(s)
INFO  [16:45:18.667] [bbotk] Result of batch 2:
INFO  [16:45:18.668] [bbotk]  nrounds       eta max_depth classif.ce warnings errors runtime_learners
INFO  [16:45:18.668] [bbotk]      239 0.1387559         7 0.09333333        0      0            0.837
INFO  [16:45:18.668] [bbotk]                                 uhash
INFO  [16:45:18.668] [bbotk]  819896f8-4ef6-4efb-b411-ca3b0851d37d
INFO  [16:45:18.672] [bbotk] Evaluating 1 configuration(s)
INFO  [16:45:19.149] [bbotk] Result of batch 3:
INFO  [16:45:19.151] [bbotk]  nrounds      eta max_depth classif.ce warnings errors runtime_learners
INFO  [16:45:19.151] [bbotk]      122 0.238909         8 0.09333333        0      0            0.434
INFO  [16:45:19.151] [bbotk]                                 uhash
INFO  [16:45:19.151] [bbotk]  a1ec749d-8fa7-403f-92ac-561a76845c68
INFO  [16:45:19.161] [bbotk] Evaluating 1 configuration(s)
INFO  [16:45:19.952] [bbotk] Result of batch 4:
INFO  [16:45:19.954] [bbotk]  nrounds        eta max_depth classif.ce warnings errors runtime_learners
INFO  [16:45:19.954] [bbotk]      150 0.05041804         8 0.09333333        0      0            0.759
INFO  [16:45:19.954] [bbotk]                                 uhash
INFO  [16:45:19.954] [bbotk]  f93921d8-da01-4388-83a9-12338bf49b70
INFO  [16:45:19.963] [bbotk] Evaluating 1 configuration(s)
INFO  [16:45:20.607] [bbotk] Result of batch 5:
INFO  [16:45:20.608] [bbotk]  nrounds       eta max_depth classif.ce warnings errors runtime_learners
INFO  [16:45:20.608] [bbotk]      185 0.1881736         6 0.09428571        0      0            0.598
INFO  [16:45:20.608] [bbotk]                                 uhash
INFO  [16:45:20.608] [bbotk]  e5637af7-fffd-4ac8-896c-e73b7bfea9c5
INFO  [16:45:20.614] [bbotk] Evaluating 1 configuration(s)
INFO  [16:45:21.099] [bbotk] Result of batch 6:
INFO  [16:45:21.101] [bbotk]  nrounds       eta max_depth classif.ce warnings errors runtime_learners
INFO  [16:45:21.101] [bbotk]      105 0.1528486         6  0.0952381        0      0             0.44
INFO  [16:45:21.101] [bbotk]                                 uhash
INFO  [16:45:21.101] [bbotk]  b9fc6a29-b915-4ba2-9fd6-280678f683e8
INFO  [16:45:21.110] [bbotk] Evaluating 1 configuration(s)
INFO  [16:45:21.622] [bbotk] Result of batch 7:
INFO  [16:45:21.624] [bbotk]  nrounds       eta max_depth classif.ce warnings errors runtime_learners
INFO  [16:45:21.624] [bbotk]       98 0.1693314         8 0.09619048        0      0             0.46
INFO  [16:45:21.624] [bbotk]                                 uhash
INFO  [16:45:21.624] [bbotk]  9432eff6-3e34-4990-810a-070dc479deef
INFO  [16:45:21.632] [bbotk] Evaluating 1 configuration(s)
INFO  [16:45:22.264] [bbotk] Result of batch 8:
INFO  [16:45:22.265] [bbotk]  nrounds       eta max_depth classif.ce warnings errors runtime_learners
INFO  [16:45:22.265] [bbotk]      173 0.2718407         6 0.09333333        0      0            0.582
INFO  [16:45:22.265] [bbotk]                                 uhash
INFO  [16:45:22.265] [bbotk]  61965605-1025-4c07-9b42-6cd67716832b
INFO  [16:45:22.269] [bbotk] Evaluating 1 configuration(s)
INFO  [16:45:23.156] [bbotk] Result of batch 9:
INFO  [16:45:23.157] [bbotk]  nrounds        eta max_depth classif.ce warnings errors runtime_learners
INFO  [16:45:23.157] [bbotk]      220 0.03894677         5  0.0952381        0      0             0.85
INFO  [16:45:23.157] [bbotk]                                 uhash
INFO  [16:45:23.157] [bbotk]  36bf6830-2659-413c-ba7a-5aa2bf566489
INFO  [16:45:23.166] [bbotk] Evaluating 1 configuration(s)
INFO  [16:45:23.891] [bbotk] Result of batch 10:
INFO  [16:45:23.896] [bbotk]  nrounds        eta max_depth classif.ce warnings errors runtime_learners
INFO  [16:45:23.896] [bbotk]      151 0.04915856         6 0.08952381        0      0            0.657
INFO  [16:45:23.896] [bbotk]                                 uhash
INFO  [16:45:23.896] [bbotk]  ec519ee6-a239-43df-b528-f0c2163d3a19
INFO  [16:45:23.913] [bbotk] Finished optimizing after 10 evaluation(s)
INFO  [16:45:23.914] [bbotk] Result:
INFO  [16:45:23.916] [bbotk]  nrounds        eta max_depth learner_param_vals  x_domain classif.ce
INFO  [16:45:23.916] [bbotk]    <int>      <num>     <int>             <list>    <list>      <num>
INFO  [16:45:23.916] [bbotk]      151 0.04915856         6          <list[5]> <list[3]> 0.08952381

### [bt]: Job terminated successfully [batchtools job.id=1072]
### [bt]: Starting job [batchtools job.id=1073]
### [bt]: Generating problem instance for problem '698720b8ce42ae0c' ...
### [bt]: Applying algorithm 'run_learner' on problem '698720b8ce42ae0c' for job 1073 (seed = 1074) ...
INFO  [16:45:24.352] [mlr3] Applying learner 'classif.xgboost.tuned_calib.oof_isotonic' on task 'pc4' (iter 3/10)
INFO  [16:45:24.394] [bbotk] Starting to optimize 3 parameter(s) with '<OptimizerBatchRandomSearch>' and '<TerminatorEvals> [n_evals=10, k=0]'
INFO  [16:45:24.416] [bbotk] Evaluating 1 configuration(s)
INFO  [16:45:24.943] [bbotk] Result of batch 1:
INFO  [16:45:24.944] [bbotk]  nrounds       eta max_depth classif.ce warnings errors runtime_learners
INFO  [16:45:24.944] [bbotk]      114 0.1595618         5 0.09054987        0      0            0.492
INFO  [16:45:24.944] [bbotk]                                 uhash
INFO  [16:45:24.944] [bbotk]  a2768527-b6df-4fb5-b3f5-4052f7910c96
INFO  [16:45:24.953] [bbotk] Evaluating 1 configuration(s)
INFO  [16:45:25.695] [bbotk] Result of batch 2:
INFO  [16:45:25.697] [bbotk]  nrounds       eta max_depth classif.ce warnings errors runtime_learners
INFO  [16:45:25.697] [bbotk]      161 0.1287863         8 0.09054714        0      0              0.7
INFO  [16:45:25.697] [bbotk]                                 uhash
INFO  [16:45:25.697] [bbotk]  acf17247-0b54-43a6-9d78-5042143250c5
INFO  [16:45:25.704] [bbotk] Evaluating 1 configuration(s)
INFO  [16:45:26.466] [bbotk] Result of batch 3:
INFO  [16:45:26.467] [bbotk]  nrounds        eta max_depth classif.ce warnings errors runtime_learners
INFO  [16:45:26.467] [bbotk]      218 0.01252527         5 0.09150225        0      0            0.727
INFO  [16:45:26.467] [bbotk]                                 uhash
INFO  [16:45:26.467] [bbotk]  017ecf9e-0044-4674-b510-113f35a8c945
INFO  [16:45:26.471] [bbotk] Evaluating 1 configuration(s)
INFO  [16:45:27.797] [bbotk] Result of batch 4:
INFO  [16:45:27.799] [bbotk]  nrounds       eta max_depth classif.ce warnings errors runtime_learners
INFO  [16:45:27.799] [bbotk]      294 0.0495928         8 0.09054987        0      0            1.286
INFO  [16:45:27.799] [bbotk]                                 uhash
INFO  [16:45:27.799] [bbotk]  a27f1098-7a4f-4572-8a2d-ba5d8f761582
INFO  [16:45:27.808] [bbotk] Evaluating 1 configuration(s)
INFO  [16:45:28.174] [bbotk] Result of batch 5:
INFO  [16:45:28.175] [bbotk]  nrounds       eta max_depth classif.ce warnings errors runtime_learners
INFO  [16:45:28.175] [bbotk]      101 0.1438573         4 0.08865057        0      0            0.314
INFO  [16:45:28.175] [bbotk]                                 uhash
INFO  [16:45:28.175] [bbotk]  18ddbf5f-67a5-4c45-8d55-a6e8982e2128
INFO  [16:45:28.179] [bbotk] Evaluating 1 configuration(s)
INFO  [16:45:28.622] [bbotk] Result of batch 6:
INFO  [16:45:28.626] [bbotk]  nrounds       eta max_depth classif.ce warnings errors runtime_learners
INFO  [16:45:28.626] [bbotk]      254 0.2436001         2 0.08674035        0      0            0.403
INFO  [16:45:28.626] [bbotk]                                 uhash
INFO  [16:45:28.626] [bbotk]  72fe54da-bf1b-422a-bebf-e8aaedd23f44
INFO  [16:45:28.630] [bbotk] Evaluating 1 configuration(s)
INFO  [16:45:28.971] [bbotk] Result of batch 7:
INFO  [16:45:28.974] [bbotk]  nrounds       eta max_depth classif.ce warnings errors runtime_learners
INFO  [16:45:28.974] [bbotk]       87 0.1274878         4 0.08673762        0      0            0.297
INFO  [16:45:28.974] [bbotk]                                 uhash
INFO  [16:45:28.974] [bbotk]  7c6ff15f-4d7a-4b30-85cd-8928b627dcde
INFO  [16:45:28.983] [bbotk] Evaluating 1 configuration(s)
INFO  [16:45:29.407] [bbotk] Result of batch 8:
INFO  [16:45:29.411] [bbotk]  nrounds       eta max_depth classif.ce warnings errors runtime_learners
INFO  [16:45:29.411] [bbotk]       75 0.2341553         8  0.0905526        0      0            0.381
INFO  [16:45:29.411] [bbotk]                                 uhash
INFO  [16:45:29.411] [bbotk]  1850a8a8-5b2d-4eba-a501-487f4b63519e
INFO  [16:45:29.415] [bbotk] Evaluating 1 configuration(s)
INFO  [16:45:29.780] [bbotk] Result of batch 9:
INFO  [16:45:29.781] [bbotk]  nrounds       eta max_depth classif.ce warnings errors runtime_learners
INFO  [16:45:29.781] [bbotk]      189 0.1968044         2    0.08769        0      0            0.305
INFO  [16:45:29.781] [bbotk]                                 uhash
INFO  [16:45:29.781] [bbotk]  fd52ac8b-7c3c-4ede-bdea-603e89ba4b42
INFO  [16:45:29.785] [bbotk] Evaluating 1 configuration(s)
INFO  [16:45:30.318] [bbotk] Result of batch 10:
INFO  [16:45:30.319] [bbotk]  nrounds       eta max_depth classif.ce warnings errors runtime_learners
INFO  [16:45:30.319] [bbotk]      136 0.1700681         7 0.08864511        0      0            0.501
INFO  [16:45:30.319] [bbotk]                                 uhash
INFO  [16:45:30.319] [bbotk]  388afe93-2297-4aad-bbec-5ab88d78936e
INFO  [16:45:30.327] [bbotk] Finished optimizing after 10 evaluation(s)
INFO  [16:45:30.327] [bbotk] Result:
INFO  [16:45:30.328] [bbotk]  nrounds       eta max_depth learner_param_vals  x_domain classif.ce
INFO  [16:45:30.328] [bbotk]    <int>     <num>     <int>             <list>    <list>      <num>
INFO  [16:45:30.328] [bbotk]       87 0.1274878         4          <list[5]> <list[3]> 0.08673762
INFO  [16:45:30.488] [bbotk] Starting to optimize 3 parameter(s) with '<OptimizerBatchRandomSearch>' and '<TerminatorEvals> [n_evals=10, k=0]'
INFO  [16:45:30.506] [bbotk] Evaluating 1 configuration(s)
INFO  [16:45:30.994] [bbotk] Result of batch 1:
INFO  [16:45:30.995] [bbotk]  nrounds       eta max_depth classif.ce warnings errors runtime_learners
INFO  [16:45:30.995] [bbotk]      145 0.2098172         4 0.09533361        0      0             0.45
INFO  [16:45:30.995] [bbotk]                                 uhash
INFO  [16:45:30.995] [bbotk]  0a6846f7-9303-47d8-a727-ec8327813d28
INFO  [16:45:31.001] [bbotk] Evaluating 1 configuration(s)
INFO  [16:45:32.050] [bbotk] Result of batch 2:
INFO  [16:45:32.052] [bbotk]  nrounds        eta max_depth classif.ce warnings errors runtime_learners
INFO  [16:45:32.052] [bbotk]      193 0.05562623        10 0.09914586        0      0            0.988
INFO  [16:45:32.052] [bbotk]                                 uhash
INFO  [16:45:32.052] [bbotk]  99cdc956-dceb-4aba-9955-eaefab638e7f
INFO  [16:45:32.061] [bbotk] Evaluating 1 configuration(s)
INFO  [16:45:32.791] [bbotk] Result of batch 3:
INFO  [16:45:32.793] [bbotk]  nrounds       eta max_depth classif.ce warnings errors runtime_learners
INFO  [16:45:32.793] [bbotk]      206 0.2439737         8 0.08865875        0      0            0.682
INFO  [16:45:32.793] [bbotk]                                 uhash
INFO  [16:45:32.793] [bbotk]  29b6be80-1b3a-4fd2-b0da-7bac4af696f8
INFO  [16:45:32.802] [bbotk] Evaluating 1 configuration(s)
INFO  [16:45:33.069] [bbotk] Result of batch 4:
INFO  [16:45:33.071] [bbotk]  nrounds        eta max_depth classif.ce warnings errors runtime_learners
INFO  [16:45:33.071] [bbotk]      137 0.09676523         2  0.1000873        0      0            0.219
INFO  [16:45:33.071] [bbotk]                                 uhash
INFO  [16:45:33.071] [bbotk]  3b3bae3c-97ca-4e2e-82b6-6d09ee883cd1
INFO  [16:45:33.078] [bbotk] Evaluating 1 configuration(s)
INFO  [16:45:33.863] [bbotk] Result of batch 5:
INFO  [16:45:33.864] [bbotk]  nrounds        eta max_depth classif.ce warnings errors runtime_learners
INFO  [16:45:33.864] [bbotk]      176 0.08668828         8 0.09438395        0      0            0.744
INFO  [16:45:33.864] [bbotk]                                 uhash
INFO  [16:45:33.864] [bbotk]  432fb706-8312-4a04-85f4-ab61e80ba44a
INFO  [16:45:33.868] [bbotk] Evaluating 1 configuration(s)
INFO  [16:45:34.626] [bbotk] Result of batch 6:
INFO  [16:45:34.628] [bbotk]  nrounds       eta max_depth classif.ce warnings errors runtime_learners
INFO  [16:45:34.628] [bbotk]      171 0.1712525        10 0.08961113        0      0            0.715
INFO  [16:45:34.628] [bbotk]                                 uhash
INFO  [16:45:34.628] [bbotk]  dbd5fe75-5af2-4261-bfe6-ee44e9f0dd5e
INFO  [16:45:34.633] [bbotk] Evaluating 1 configuration(s)
INFO  [16:45:35.048] [bbotk] Result of batch 7:
INFO  [16:45:35.050] [bbotk]  nrounds       eta max_depth classif.ce warnings errors runtime_learners
INFO  [16:45:35.050] [bbotk]      248 0.2445999         2  0.0991404        0      0            0.376
INFO  [16:45:35.050] [bbotk]                                 uhash
INFO  [16:45:35.050] [bbotk]  93bd75df-78cc-4f9a-b87e-e79e907d6027
INFO  [16:45:35.060] [bbotk] Evaluating 1 configuration(s)
INFO  [16:45:35.879] [bbotk] Result of batch 8:
INFO  [16:45:35.881] [bbotk]  nrounds       eta max_depth classif.ce warnings errors runtime_learners
INFO  [16:45:35.881] [bbotk]      279 0.2637166        10 0.09533088        0      0            0.758
INFO  [16:45:35.881] [bbotk]                                 uhash
INFO  [16:45:35.881] [bbotk]  9012974c-1d03-4f58-a336-9bbfa7e92db4
INFO  [16:45:35.887] [bbotk] Evaluating 1 configuration(s)
INFO  [16:45:37.186] [bbotk] Result of batch 9:
INFO  [16:45:37.187] [bbotk]  nrounds        eta max_depth classif.ce warnings errors runtime_learners
INFO  [16:45:37.187] [bbotk]      241 0.03972171         9  0.1029663        0      0            1.259
INFO  [16:45:37.187] [bbotk]                                 uhash
INFO  [16:45:37.187] [bbotk]  2837c1ba-3df2-427a-a8e9-b909bc7691e7
INFO  [16:45:37.194] [bbotk] Evaluating 1 configuration(s)
INFO  [16:45:37.433] [bbotk] Result of batch 10:
INFO  [16:45:37.434] [bbotk]  nrounds       eta max_depth classif.ce warnings errors runtime_learners
INFO  [16:45:37.434] [bbotk]       78 0.2359285         3 0.09723291        0      0            0.204
INFO  [16:45:37.434] [bbotk]                                 uhash
INFO  [16:45:37.434] [bbotk]  90a72de7-7123-4be6-a952-cb498bb86486
INFO  [16:45:37.447] [bbotk] Finished optimizing after 10 evaluation(s)
INFO  [16:45:37.448] [bbotk] Result:
INFO  [16:45:37.449] [bbotk]  nrounds       eta max_depth learner_param_vals  x_domain classif.ce
INFO  [16:45:37.449] [bbotk]    <int>     <num>     <int>             <list>    <list>      <num>
INFO  [16:45:37.449] [bbotk]      206 0.2439737         8          <list[5]> <list[3]> 0.08865875
INFO  [16:45:37.821] [bbotk] Starting to optimize 3 parameter(s) with '<OptimizerBatchRandomSearch>' and '<TerminatorEvals> [n_evals=10, k=0]'
INFO  [16:45:37.838] [bbotk] Evaluating 1 configuration(s)
INFO  [16:45:38.250] [bbotk] Result of batch 1:
INFO  [16:45:38.252] [bbotk]  nrounds        eta max_depth classif.ce warnings errors runtime_learners
INFO  [16:45:38.252] [bbotk]       63 0.02827213         9  0.1085714        0      0            0.359
INFO  [16:45:38.252] [bbotk]                                 uhash
INFO  [16:45:38.252] [bbotk]  9a5bf036-fe1e-4a49-987e-62df20feba63
INFO  [16:45:38.260] [bbotk] Evaluating 1 configuration(s)
INFO  [16:45:38.801] [bbotk] Result of batch 2:
INFO  [16:45:38.802] [bbotk]  nrounds       eta max_depth classif.ce warnings errors runtime_learners
INFO  [16:45:38.802] [bbotk]      169 0.1890682         4  0.0952381        0      0            0.499
INFO  [16:45:38.802] [bbotk]                                 uhash
INFO  [16:45:38.802] [bbotk]  77b93c10-dcc8-4a86-9e39-a44791bf6941
INFO  [16:45:38.808] [bbotk] Evaluating 1 configuration(s)
INFO  [16:45:40.325] [bbotk] Result of batch 3:
INFO  [16:45:40.327] [bbotk]  nrounds        eta max_depth classif.ce warnings errors runtime_learners
INFO  [16:45:40.327] [bbotk]      275 0.03072376        10        0.1        0      0            1.474
INFO  [16:45:40.327] [bbotk]                                 uhash
INFO  [16:45:40.327] [bbotk]  a2b99a8c-f23e-4484-b529-b1741e7139ea
INFO  [16:45:40.336] [bbotk] Evaluating 1 configuration(s)
INFO  [16:45:41.048] [bbotk] Result of batch 4:
INFO  [16:45:41.049] [bbotk]  nrounds       eta max_depth classif.ce warnings errors runtime_learners
INFO  [16:45:41.049] [bbotk]      164 0.1999899        10 0.09714286        0      0            0.658
INFO  [16:45:41.049] [bbotk]                                 uhash
INFO  [16:45:41.049] [bbotk]  394b47c2-6dea-46e5-bfca-d88f454dff9d
INFO  [16:45:41.056] [bbotk] Evaluating 1 configuration(s)
INFO  [16:45:41.416] [bbotk] Result of batch 5:
INFO  [16:45:41.418] [bbotk]  nrounds       eta max_depth classif.ce warnings errors runtime_learners
INFO  [16:45:41.418] [bbotk]       74 0.1824987         8        0.1        0      0            0.318
INFO  [16:45:41.418] [bbotk]                                 uhash
INFO  [16:45:41.418] [bbotk]  00f9e8f9-c461-418d-945c-a19ebce046fa
INFO  [16:45:41.428] [bbotk] Evaluating 1 configuration(s)
INFO  [16:45:42.140] [bbotk] Result of batch 6:
INFO  [16:45:42.142] [bbotk]  nrounds       eta max_depth classif.ce warnings errors runtime_learners
INFO  [16:45:42.142] [bbotk]      295 0.1637912         3 0.09142857        0      0            0.667
INFO  [16:45:42.142] [bbotk]                                 uhash
INFO  [16:45:42.142] [bbotk]  cd5ec957-ec23-4ecd-b7d2-5885ea135a2e
INFO  [16:45:42.146] [bbotk] Evaluating 1 configuration(s)
INFO  [16:45:42.848] [bbotk] Result of batch 7:
INFO  [16:45:42.849] [bbotk]  nrounds       eta max_depth classif.ce warnings errors runtime_learners
INFO  [16:45:42.849] [bbotk]      199 0.2060805         7  0.1028571        0      0            0.663
INFO  [16:45:42.849] [bbotk]                                 uhash
INFO  [16:45:42.849] [bbotk]  19970e12-62bd-42e3-9208-cc6ff64699f7
INFO  [16:45:42.858] [bbotk] Evaluating 1 configuration(s)
INFO  [16:45:43.310] [bbotk] Result of batch 8:
INFO  [16:45:43.312] [bbotk]  nrounds       eta max_depth classif.ce warnings errors runtime_learners
INFO  [16:45:43.312] [bbotk]      102 0.2405898         7 0.09238095        0      0            0.389
INFO  [16:45:43.312] [bbotk]                                 uhash
INFO  [16:45:43.312] [bbotk]  8daa77b8-4cd0-493e-9be4-5bc17ba18666
INFO  [16:45:43.315] [bbotk] Evaluating 1 configuration(s)
INFO  [16:45:44.041] [bbotk] Result of batch 9:
INFO  [16:45:44.042] [bbotk]  nrounds       eta max_depth classif.ce warnings errors runtime_learners
INFO  [16:45:44.042] [bbotk]      185 0.1960442         9 0.09904762        0      0            0.688
INFO  [16:45:44.042] [bbotk]                                 uhash
INFO  [16:45:44.042] [bbotk]  c61edef6-84d2-488f-a5cd-97a82e01ee9e
INFO  [16:45:44.046] [bbotk] Evaluating 1 configuration(s)
INFO  [16:45:44.702] [bbotk] Result of batch 10:
INFO  [16:45:44.703] [bbotk]  nrounds       eta max_depth classif.ce warnings errors runtime_learners
INFO  [16:45:44.703] [bbotk]      213 0.2910048         7 0.09904762        0      0            0.623
INFO  [16:45:44.703] [bbotk]                                 uhash
INFO  [16:45:44.703] [bbotk]  65ebc2a3-78f9-406d-ae5f-acd96707802b
INFO  [16:45:44.711] [bbotk] Finished optimizing after 10 evaluation(s)
INFO  [16:45:44.711] [bbotk] Result:
INFO  [16:45:44.712] [bbotk]  nrounds       eta max_depth learner_param_vals  x_domain classif.ce
INFO  [16:45:44.712] [bbotk]    <int>     <num>     <int>             <list>    <list>      <num>
INFO  [16:45:44.712] [bbotk]      295 0.1637912         3          <list[5]> <list[3]> 0.09142857
INFO  [16:45:45.070] [bbotk] Starting to optimize 3 parameter(s) with '<OptimizerBatchRandomSearch>' and '<TerminatorEvals> [n_evals=10, k=0]'
INFO  [16:45:45.081] [bbotk] Evaluating 1 configuration(s)
INFO  [16:45:45.882] [bbotk] Result of batch 1:
INFO  [16:45:45.883] [bbotk]  nrounds        eta max_depth classif.ce warnings errors runtime_learners
INFO  [16:45:45.883] [bbotk]      138 0.05077471         9        0.1        0      0            0.767
INFO  [16:45:45.883] [bbotk]                                 uhash
INFO  [16:45:45.883] [bbotk]  ab7d24a8-eda7-4249-825e-9d85f1eacc38
INFO  [16:45:45.891] [bbotk] Evaluating 1 configuration(s)
INFO  [16:45:46.047] [bbotk] Result of batch 2:
INFO  [16:45:46.049] [bbotk]  nrounds       eta max_depth classif.ce warnings errors runtime_learners
INFO  [16:45:46.049] [bbotk]       62 0.0920824         2        0.1        0      0            0.114
INFO  [16:45:46.049] [bbotk]                                 uhash
INFO  [16:45:46.049] [bbotk]  d1aa9045-e098-4763-883c-eba0ac51131f
INFO  [16:45:46.058] [bbotk] Evaluating 1 configuration(s)
INFO  [16:45:46.860] [bbotk] Result of batch 3:
INFO  [16:45:46.861] [bbotk]  nrounds        eta max_depth classif.ce warnings errors runtime_learners
INFO  [16:45:46.861] [bbotk]      253 0.06652937         4  0.1038095        0      0            0.759
INFO  [16:45:46.861] [bbotk]                                 uhash
INFO  [16:45:46.861] [bbotk]  7b486d66-e450-43b7-bdfa-eb3934283fb1
INFO  [16:45:46.865] [bbotk] Evaluating 1 configuration(s)
INFO  [16:45:47.612] [bbotk] Result of batch 4:
INFO  [16:45:47.614] [bbotk]  nrounds       eta max_depth classif.ce warnings errors runtime_learners
INFO  [16:45:47.614] [bbotk]      197 0.2241611         9  0.1019048        0      0            0.696
INFO  [16:45:47.614] [bbotk]                                 uhash
INFO  [16:45:47.614] [bbotk]  133edf57-984b-45f5-aa01-6f322035f61f
INFO  [16:45:47.620] [bbotk] Evaluating 1 configuration(s)
INFO  [16:45:47.872] [bbotk] Result of batch 5:
INFO  [16:45:47.873] [bbotk]  nrounds      eta max_depth classif.ce warnings errors runtime_learners
INFO  [16:45:47.873] [bbotk]       61 0.277983         5  0.1142857        0      0            0.208
INFO  [16:45:47.873] [bbotk]                                 uhash
INFO  [16:45:47.873] [bbotk]  0a7a2db2-ff04-4040-8b46-c971d785a627
INFO  [16:45:47.877] [bbotk] Evaluating 1 configuration(s)
INFO  [16:45:48.332] [bbotk] Result of batch 6:
INFO  [16:45:48.334] [bbotk]  nrounds      eta max_depth classif.ce warnings errors runtime_learners
INFO  [16:45:48.334] [bbotk]      114 0.279405        10        0.1        0      0            0.416
INFO  [16:45:48.334] [bbotk]                                 uhash
INFO  [16:45:48.334] [bbotk]  fe8e0cc7-ed73-4a9c-8334-6e597123a2d7
INFO  [16:45:48.340] [bbotk] Evaluating 1 configuration(s)
INFO  [16:45:49.346] [bbotk] Result of batch 7:
INFO  [16:45:49.347] [bbotk]  nrounds       eta max_depth classif.ce warnings errors runtime_learners
INFO  [16:45:49.347] [bbotk]      297 0.1615416         7  0.1009524        0      0            0.959
INFO  [16:45:49.347] [bbotk]                                 uhash
INFO  [16:45:49.347] [bbotk]  229f712d-530a-420b-bc46-13538d801946
INFO  [16:45:49.355] [bbotk] Evaluating 1 configuration(s)
INFO  [16:45:50.110] [bbotk] Result of batch 8:
INFO  [16:45:50.112] [bbotk]  nrounds       eta max_depth classif.ce warnings errors runtime_learners
INFO  [16:45:50.112] [bbotk]      233 0.2274895        10  0.1009524        0      0             0.71
INFO  [16:45:50.112] [bbotk]                                 uhash
INFO  [16:45:50.112] [bbotk]  ac0aa8ae-6257-42c7-8fca-b705bbdef089
INFO  [16:45:50.120] [bbotk] Evaluating 1 configuration(s)
INFO  [16:45:50.875] [bbotk] Result of batch 9:
INFO  [16:45:50.876] [bbotk]  nrounds       eta max_depth classif.ce warnings errors runtime_learners
INFO  [16:45:50.876] [bbotk]      209 0.1573056         8  0.1028571        0      0            0.713
INFO  [16:45:50.876] [bbotk]                                 uhash
INFO  [16:45:50.876] [bbotk]  7735d99a-0ad3-4d95-a410-5faeadf7c723
INFO  [16:45:50.880] [bbotk] Evaluating 1 configuration(s)
INFO  [16:45:51.791] [bbotk] Result of batch 10:
INFO  [16:45:51.793] [bbotk]  nrounds       eta max_depth classif.ce warnings errors runtime_learners
INFO  [16:45:51.793] [bbotk]      274 0.1629186         9  0.1038095        0      0            0.878
INFO  [16:45:51.793] [bbotk]                                 uhash
INFO  [16:45:51.793] [bbotk]  c68cbfda-a4e6-43b0-945b-b9b1bad883f2
INFO  [16:45:51.806] [bbotk] Finished optimizing after 10 evaluation(s)
INFO  [16:45:51.806] [bbotk] Result:
INFO  [16:45:51.807] [bbotk]  nrounds        eta max_depth learner_param_vals  x_domain classif.ce
INFO  [16:45:51.807] [bbotk]    <int>      <num>     <int>             <list>    <list>      <num>
INFO  [16:45:51.807] [bbotk]      138 0.05077471         9          <list[5]> <list[3]>        0.1
INFO  [16:45:52.257] [bbotk] Starting to optimize 3 parameter(s) with '<OptimizerBatchRandomSearch>' and '<TerminatorEvals> [n_evals=10, k=0]'
INFO  [16:45:52.278] [bbotk] Evaluating 1 configuration(s)
INFO  [16:45:53.107] [bbotk] Result of batch 1:
INFO  [16:45:53.109] [bbotk]  nrounds     eta max_depth classif.ce warnings errors runtime_learners
INFO  [16:45:53.109] [bbotk]      211 0.14308         5  0.1009524        0      0            0.781
INFO  [16:45:53.109] [bbotk]                                 uhash
INFO  [16:45:53.109] [bbotk]  62149ff5-c409-4711-99f6-9e74f6f3d1b4
INFO  [16:45:53.118] [bbotk] Evaluating 1 configuration(s)
INFO  [16:45:53.716] [bbotk] Result of batch 2:
INFO  [16:45:53.718] [bbotk]  nrounds        eta max_depth classif.ce warnings errors runtime_learners
INFO  [16:45:53.718] [bbotk]      112 0.06240742        10 0.09714286        0      0            0.565
INFO  [16:45:53.718] [bbotk]                                 uhash
INFO  [16:45:53.718] [bbotk]  d250502f-4cbc-4ad4-88f0-2d82e65d0ef1
INFO  [16:45:53.726] [bbotk] Evaluating 1 configuration(s)
INFO  [16:45:54.727] [bbotk] Result of batch 3:
INFO  [16:45:54.730] [bbotk]  nrounds        eta max_depth classif.ce warnings errors runtime_learners
INFO  [16:45:54.730] [bbotk]      252 0.09787145         7  0.1038095        0      0            0.953
INFO  [16:45:54.730] [bbotk]                                 uhash
INFO  [16:45:54.730] [bbotk]  82b4e4d5-427d-4757-b606-611af033a9ba
INFO  [16:45:54.739] [bbotk] Evaluating 1 configuration(s)
INFO  [16:45:55.671] [bbotk] Result of batch 4:
INFO  [16:45:55.672] [bbotk]  nrounds       eta max_depth classif.ce warnings errors runtime_learners
INFO  [16:45:55.672] [bbotk]      274 0.1420381         5  0.1047619        0      0            0.885
INFO  [16:45:55.672] [bbotk]                                 uhash
INFO  [16:45:55.672] [bbotk]  fd6a988e-24c7-4ebb-ab4f-aa221d246164
INFO  [16:45:55.676] [bbotk] Evaluating 1 configuration(s)
INFO  [16:45:56.123] [bbotk] Result of batch 5:
INFO  [16:45:56.124] [bbotk]  nrounds        eta max_depth classif.ce warnings errors runtime_learners
INFO  [16:45:56.124] [bbotk]       81 0.03360291         8  0.1019048        0      0            0.412
INFO  [16:45:56.124] [bbotk]                                 uhash
INFO  [16:45:56.124] [bbotk]  b5868a20-cae9-4784-8a5a-59e5703a67b6
INFO  [16:45:56.133] [bbotk] Evaluating 1 configuration(s)
INFO  [16:45:56.718] [bbotk] Result of batch 6:
INFO  [16:45:56.720] [bbotk]  nrounds       eta max_depth classif.ce warnings errors runtime_learners
INFO  [16:45:56.720] [bbotk]      168 0.2586571         7 0.09714286        0      0            0.542
INFO  [16:45:56.720] [bbotk]                                 uhash
INFO  [16:45:56.720] [bbotk]  20eaa2bc-36ea-4ef8-b38c-7423f08637f4
INFO  [16:45:56.728] [bbotk] Evaluating 1 configuration(s)
INFO  [16:45:57.176] [bbotk] Result of batch 7:
INFO  [16:45:57.178] [bbotk]  nrounds        eta max_depth classif.ce warnings errors runtime_learners
INFO  [16:45:57.178] [bbotk]       83 0.03796821         6  0.1085714        0      0            0.386
INFO  [16:45:57.178] [bbotk]                                 uhash
INFO  [16:45:57.178] [bbotk]  c071a348-32d3-47ab-89cc-9295d637fd5d
INFO  [16:45:57.191] [bbotk] Evaluating 1 configuration(s)
INFO  [16:45:57.674] [bbotk] Result of batch 8:
INFO  [16:45:57.676] [bbotk]  nrounds       eta max_depth classif.ce warnings errors runtime_learners
INFO  [16:45:57.676] [bbotk]       96 0.2029219         6  0.1057143        0      0            0.428
INFO  [16:45:57.676] [bbotk]                                 uhash
INFO  [16:45:57.676] [bbotk]  6fc07e3d-f144-4db6-ac35-65d3116489a6
INFO  [16:45:57.680] [bbotk] Evaluating 1 configuration(s)
INFO  [16:45:58.761] [bbotk] Result of batch 9:
INFO  [16:45:58.763] [bbotk]  nrounds       eta max_depth classif.ce warnings errors runtime_learners
INFO  [16:45:58.763] [bbotk]      297 0.1154435        10        0.1        0      0            1.054
INFO  [16:45:58.763] [bbotk]                                 uhash
INFO  [16:45:58.763] [bbotk]  eac86a7f-eaad-4a7b-b875-6d80b26f917c
INFO  [16:45:58.771] [bbotk] Evaluating 1 configuration(s)
INFO  [16:45:59.711] [bbotk] Result of batch 10:
INFO  [16:45:59.712] [bbotk]  nrounds        eta max_depth classif.ce warnings errors runtime_learners
INFO  [16:45:59.712] [bbotk]      218 0.01430587         7  0.1028571        0      0            0.901
INFO  [16:45:59.712] [bbotk]                                 uhash
INFO  [16:45:59.712] [bbotk]  9e8fe181-a060-4ad2-a46c-538c789061f1
INFO  [16:45:59.724] [bbotk] Finished optimizing after 10 evaluation(s)
INFO  [16:45:59.724] [bbotk] Result:
INFO  [16:45:59.725] [bbotk]  nrounds        eta max_depth learner_param_vals  x_domain classif.ce
INFO  [16:45:59.725] [bbotk]    <int>      <num>     <int>             <list>    <list>      <num>
INFO  [16:45:59.725] [bbotk]      112 0.06240742        10          <list[5]> <list[3]> 0.09714286

### [bt]: Job terminated successfully [batchtools job.id=1073]
### [bt]: Starting job [batchtools job.id=1074]
### [bt]: Generating problem instance for problem '698720b8ce42ae0c' ...
### [bt]: Applying algorithm 'run_learner' on problem '698720b8ce42ae0c' for job 1074 (seed = 1075) ...
INFO  [16:46:00.146] [mlr3] Applying learner 'classif.xgboost.tuned_calib.oof_isotonic' on task 'pc4' (iter 4/10)
INFO  [16:46:00.190] [bbotk] Starting to optimize 3 parameter(s) with '<OptimizerBatchRandomSearch>' and '<TerminatorEvals> [n_evals=10, k=0]'
INFO  [16:46:00.207] [bbotk] Evaluating 1 configuration(s)
INFO  [16:46:00.829] [bbotk] Result of batch 1:
INFO  [16:46:00.830] [bbotk]  nrounds      eta max_depth classif.ce warnings errors runtime_learners
INFO  [16:46:00.830] [bbotk]      179 0.104141         5 0.09152135        0      0            0.587
INFO  [16:46:00.830] [bbotk]                                 uhash
INFO  [16:46:00.830] [bbotk]  1fa84243-9417-435e-8682-06385196120b
INFO  [16:46:00.834] [bbotk] Evaluating 1 configuration(s)
INFO  [16:46:01.441] [bbotk] Result of batch 2:
INFO  [16:46:01.442] [bbotk]  nrounds       eta max_depth classif.ce warnings errors runtime_learners
INFO  [16:46:01.442] [bbotk]      190 0.2243688         5 0.09723564        0      0            0.566
INFO  [16:46:01.442] [bbotk]                                 uhash
INFO  [16:46:01.442] [bbotk]  6b22597a-f82a-45fc-ad0b-1c0f91626209
INFO  [16:46:01.447] [bbotk] Evaluating 1 configuration(s)
INFO  [16:46:02.241] [bbotk] Result of batch 3:
INFO  [16:46:02.242] [bbotk]  nrounds       eta max_depth classif.ce warnings errors runtime_learners
INFO  [16:46:02.242] [bbotk]      278 0.2763926         5 0.09152681        0      0            0.754
INFO  [16:46:02.242] [bbotk]                                 uhash
INFO  [16:46:02.242] [bbotk]  a9f874c0-7b7e-4032-8039-078c129dfd20
INFO  [16:46:02.247] [bbotk] Evaluating 1 configuration(s)
INFO  [16:46:02.579] [bbotk] Result of batch 4:
INFO  [16:46:02.580] [bbotk]  nrounds       eta max_depth classif.ce warnings errors runtime_learners
INFO  [16:46:02.580] [bbotk]       74 0.2685755         7 0.09533361        0      0            0.279
INFO  [16:46:02.580] [bbotk]                                 uhash
INFO  [16:46:02.580] [bbotk]  1f303cdf-f47c-4447-90c9-04837dea50f1
INFO  [16:46:02.584] [bbotk] Evaluating 1 configuration(s)
INFO  [16:46:03.817] [bbotk] Result of batch 5:
INFO  [16:46:03.818] [bbotk]  nrounds        eta max_depth classif.ce warnings errors runtime_learners
INFO  [16:46:03.818] [bbotk]      299 0.08200545         9 0.09533361        0      0            1.173
INFO  [16:46:03.818] [bbotk]                                 uhash
INFO  [16:46:03.818] [bbotk]  678b892b-aa0b-43d8-803e-2258faaeeb3b
INFO  [16:46:03.823] [bbotk] Evaluating 1 configuration(s)
INFO  [16:46:04.162] [bbotk] Result of batch 6:
INFO  [16:46:04.163] [bbotk]  nrounds      eta max_depth classif.ce warnings errors runtime_learners
INFO  [16:46:04.163] [bbotk]       86 0.104494         5 0.08961386        0      0            0.307
INFO  [16:46:04.163] [bbotk]                                 uhash
INFO  [16:46:04.163] [bbotk]  d7c73c9a-22df-4c1c-9a78-33a4cd9fefa0
INFO  [16:46:04.166] [bbotk] Evaluating 1 configuration(s)
INFO  [16:46:05.030] [bbotk] Result of batch 7:
INFO  [16:46:05.031] [bbotk]  nrounds       eta max_depth classif.ce warnings errors runtime_learners
INFO  [16:46:05.031] [bbotk]      222 0.1162651         9 0.09533634        0      0            0.819
INFO  [16:46:05.031] [bbotk]                                 uhash
INFO  [16:46:05.031] [bbotk]  58241f99-62c6-432c-bed7-f28b9bc42ceb
INFO  [16:46:05.035] [bbotk] Evaluating 1 configuration(s)
INFO  [16:46:05.476] [bbotk] Result of batch 8:
INFO  [16:46:05.478] [bbotk]  nrounds       eta max_depth classif.ce warnings errors runtime_learners
INFO  [16:46:05.478] [bbotk]      189 0.2397101         3 0.09533088        0      0            0.394
INFO  [16:46:05.478] [bbotk]                                 uhash
INFO  [16:46:05.478] [bbotk]  dffabeb2-51be-457e-9b84-16098691f351
INFO  [16:46:05.481] [bbotk] Evaluating 1 configuration(s)
INFO  [16:46:05.782] [bbotk] Result of batch 9:
INFO  [16:46:05.784] [bbotk]  nrounds       eta max_depth classif.ce warnings errors runtime_learners
INFO  [16:46:05.784] [bbotk]       57 0.1103509         5 0.09152135        0      0            0.246
INFO  [16:46:05.784] [bbotk]                                 uhash
INFO  [16:46:05.784] [bbotk]  ceafe458-f8f7-4115-af9b-1b865ac61bdb
INFO  [16:46:05.797] [bbotk] Evaluating 1 configuration(s)
INFO  [16:46:06.275] [bbotk] Result of batch 10:
INFO  [16:46:06.276] [bbotk]  nrounds       eta max_depth classif.ce warnings errors runtime_learners
INFO  [16:46:06.276] [bbotk]      137 0.2992652         6 0.09438395        0      0            0.441
INFO  [16:46:06.276] [bbotk]                                 uhash
INFO  [16:46:06.276] [bbotk]  4506fcef-1edd-41cd-bea0-c40d7d233b55
INFO  [16:46:06.290] [bbotk] Finished optimizing after 10 evaluation(s)
INFO  [16:46:06.291] [bbotk] Result:
INFO  [16:46:06.293] [bbotk]  nrounds      eta max_depth learner_param_vals  x_domain classif.ce
INFO  [16:46:06.293] [bbotk]    <int>    <num>     <int>             <list>    <list>      <num>
INFO  [16:46:06.293] [bbotk]       86 0.104494         5          <list[5]> <list[3]> 0.08961386
INFO  [16:46:06.469] [bbotk] Starting to optimize 3 parameter(s) with '<OptimizerBatchRandomSearch>' and '<TerminatorEvals> [n_evals=10, k=0]'
INFO  [16:46:06.489] [bbotk] Evaluating 1 configuration(s)
INFO  [16:46:07.418] [bbotk] Result of batch 1:
INFO  [16:46:07.419] [bbotk]  nrounds      eta max_depth classif.ce warnings errors runtime_learners
INFO  [16:46:07.419] [bbotk]      167 0.079405        10 0.09627234        0      0            0.892
INFO  [16:46:07.419] [bbotk]                                 uhash
INFO  [16:46:07.419] [bbotk]  e0fb1239-e850-497a-bee2-6bdd8edadf48
INFO  [16:46:07.427] [bbotk] Evaluating 1 configuration(s)
INFO  [16:46:08.207] [bbotk] Result of batch 2:
INFO  [16:46:08.210] [bbotk]  nrounds       eta max_depth classif.ce warnings errors runtime_learners
INFO  [16:46:08.210] [bbotk]      224 0.2462789         6 0.09818802        0      0            0.729
INFO  [16:46:08.210] [bbotk]                                 uhash
INFO  [16:46:08.210] [bbotk]  e103ae52-149a-456e-99b5-c21242622f89
INFO  [16:46:08.218] [bbotk] Evaluating 1 configuration(s)
INFO  [16:46:08.772] [bbotk] Result of batch 3:
INFO  [16:46:08.773] [bbotk]  nrounds       eta max_depth classif.ce warnings errors runtime_learners
INFO  [16:46:08.773] [bbotk]      198 0.2797192         5 0.09819348        0      0            0.524
INFO  [16:46:08.773] [bbotk]                                 uhash
INFO  [16:46:08.773] [bbotk]  5e7e0c77-1ccd-4d71-af59-bc78888b1b24
INFO  [16:46:08.777] [bbotk] Evaluating 1 configuration(s)
INFO  [16:46:09.323] [bbotk] Result of batch 4:
INFO  [16:46:09.324] [bbotk]  nrounds        eta max_depth classif.ce warnings errors runtime_learners
INFO  [16:46:09.324] [bbotk]       98 0.03471649         8 0.09818802        0      0            0.512
INFO  [16:46:09.324] [bbotk]                                 uhash
INFO  [16:46:09.324] [bbotk]  78555cca-81c5-4a01-8ee7-d684778d26d4
INFO  [16:46:09.328] [bbotk] Evaluating 1 configuration(s)
INFO  [16:46:09.583] [bbotk] Result of batch 5:
INFO  [16:46:09.586] [bbotk]  nrounds      eta max_depth classif.ce warnings errors runtime_learners
INFO  [16:46:09.586] [bbotk]       50 0.297863         7  0.1038968        0      0            0.203
INFO  [16:46:09.586] [bbotk]                                 uhash
INFO  [16:46:09.586] [bbotk]  bc2d4dc7-2875-46e7-985d-4abcc7de3faf
INFO  [16:46:09.596] [bbotk] Evaluating 1 configuration(s)
INFO  [16:46:10.530] [bbotk] Result of batch 6:
INFO  [16:46:10.531] [bbotk]  nrounds       eta max_depth classif.ce warnings errors runtime_learners
INFO  [16:46:10.531] [bbotk]      300 0.1050455         4 0.09723291        0      0            0.888
INFO  [16:46:10.531] [bbotk]                                 uhash
INFO  [16:46:10.531] [bbotk]  005df630-f8d9-436b-9951-c3dddc2fccdd
INFO  [16:46:10.536] [bbotk] Evaluating 1 configuration(s)
INFO  [16:46:11.167] [bbotk] Result of batch 7:
INFO  [16:46:11.169] [bbotk]  nrounds       eta max_depth classif.ce warnings errors runtime_learners
INFO  [16:46:11.169] [bbotk]      125 0.1316139        10  0.0934152        0      0             0.59
INFO  [16:46:11.169] [bbotk]                                 uhash
INFO  [16:46:11.169] [bbotk]  ee4eaf31-a7b2-429d-af9a-29c16a19e0d7
INFO  [16:46:11.177] [bbotk] Evaluating 1 configuration(s)
INFO  [16:46:11.941] [bbotk] Result of batch 8:
INFO  [16:46:11.943] [bbotk]  nrounds        eta max_depth classif.ce warnings errors runtime_learners
INFO  [16:46:11.943] [bbotk]      174 0.06857629         5 0.09532815        0      0            0.715
INFO  [16:46:11.943] [bbotk]                                 uhash
INFO  [16:46:11.943] [bbotk]  7c1255e2-2e43-4c37-9f9d-c5854d1ee069
INFO  [16:46:11.950] [bbotk] Evaluating 1 configuration(s)
INFO  [16:46:12.631] [bbotk] Result of batch 9:
INFO  [16:46:12.633] [bbotk]  nrounds       eta max_depth classif.ce warnings errors runtime_learners
INFO  [16:46:12.633] [bbotk]      192 0.2168117         6 0.09818256        0      0            0.624
INFO  [16:46:12.633] [bbotk]                                 uhash
INFO  [16:46:12.633] [bbotk]  b49a8af4-df11-4b84-9d8c-6740fd2886f4
INFO  [16:46:12.642] [bbotk] Evaluating 1 configuration(s)
INFO  [16:46:13.477] [bbotk] Result of batch 10:
INFO  [16:46:13.480] [bbotk]  nrounds       eta max_depth classif.ce warnings errors runtime_learners
INFO  [16:46:13.480] [bbotk]      215 0.1134731         5  0.1029554        0      0            0.797
INFO  [16:46:13.480] [bbotk]                                 uhash
INFO  [16:46:13.480] [bbotk]  bba77071-a9a1-49eb-b572-9c9a93a40883
INFO  [16:46:13.499] [bbotk] Finished optimizing after 10 evaluation(s)
INFO  [16:46:13.500] [bbotk] Result:
INFO  [16:46:13.501] [bbotk]  nrounds       eta max_depth learner_param_vals  x_domain classif.ce
INFO  [16:46:13.501] [bbotk]    <int>     <num>     <int>             <list>    <list>      <num>
INFO  [16:46:13.501] [bbotk]      125 0.1316139        10          <list[5]> <list[3]>  0.0934152
INFO  [16:46:13.873] [bbotk] Starting to optimize 3 parameter(s) with '<OptimizerBatchRandomSearch>' and '<TerminatorEvals> [n_evals=10, k=0]'
INFO  [16:46:13.883] [bbotk] Evaluating 1 configuration(s)
INFO  [16:46:14.713] [bbotk] Result of batch 1:
INFO  [16:46:14.715] [bbotk]  nrounds      eta max_depth classif.ce warnings errors runtime_learners
INFO  [16:46:14.715] [bbotk]      300 0.207813         4 0.09904762        0      0             0.79
INFO  [16:46:14.715] [bbotk]                                 uhash
INFO  [16:46:14.715] [bbotk]  f63a3959-9679-498d-8211-852d5aeff022
INFO  [16:46:14.723] [bbotk] Evaluating 1 configuration(s)
INFO  [16:46:14.916] [bbotk] Result of batch 2:
INFO  [16:46:14.917] [bbotk]  nrounds       eta max_depth classif.ce warnings errors runtime_learners
INFO  [16:46:14.917] [bbotk]       52 0.1043062         3  0.1019048        0      0            0.156
INFO  [16:46:14.917] [bbotk]                                 uhash
INFO  [16:46:14.917] [bbotk]  3e12a669-7af6-46ed-9c6c-e8ead85fe8c0
INFO  [16:46:14.920] [bbotk] Evaluating 1 configuration(s)
INFO  [16:46:15.736] [bbotk] Result of batch 3:
INFO  [16:46:15.737] [bbotk]  nrounds        eta max_depth classif.ce warnings errors runtime_learners
INFO  [16:46:15.737] [bbotk]      197 0.02984379         5  0.1009524        0      0             0.78
INFO  [16:46:15.737] [bbotk]                                 uhash
INFO  [16:46:15.737] [bbotk]  716d748d-6075-4d84-bdd2-7581b7f910d1
INFO  [16:46:15.742] [bbotk] Evaluating 1 configuration(s)
INFO  [16:46:16.149] [bbotk] Result of batch 4:
INFO  [16:46:16.151] [bbotk]  nrounds       eta max_depth classif.ce warnings errors runtime_learners
INFO  [16:46:16.151] [bbotk]      229 0.1603664         2 0.09047619        0      0            0.355
INFO  [16:46:16.151] [bbotk]                                 uhash
INFO  [16:46:16.151] [bbotk]  bb086f0b-c27f-4032-8a69-59660b6fb033
INFO  [16:46:16.170] [bbotk] Evaluating 1 configuration(s)
INFO  [16:46:17.194] [bbotk] Result of batch 5:
INFO  [16:46:17.195] [bbotk]  nrounds        eta max_depth classif.ce warnings errors runtime_learners
INFO  [16:46:17.195] [bbotk]      234 0.07391654         8 0.09714286        0      0            0.983
INFO  [16:46:17.195] [bbotk]                                 uhash
INFO  [16:46:17.195] [bbotk]  100a83c4-d1e6-44c6-a543-c967577b0814
INFO  [16:46:17.199] [bbotk] Evaluating 1 configuration(s)
INFO  [16:46:17.897] [bbotk] Result of batch 6:
INFO  [16:46:17.899] [bbotk]  nrounds       eta max_depth classif.ce warnings errors runtime_learners
INFO  [16:46:17.899] [bbotk]      162 0.1063813         7  0.0952381        0      0            0.656
INFO  [16:46:17.899] [bbotk]                                 uhash
INFO  [16:46:17.899] [bbotk]  82b7990b-16d7-41b0-bed8-73247546e2f2
INFO  [16:46:17.903] [bbotk] Evaluating 1 configuration(s)
INFO  [16:46:18.351] [bbotk] Result of batch 7:
INFO  [16:46:18.352] [bbotk]  nrounds       eta max_depth classif.ce warnings errors runtime_learners
INFO  [16:46:18.352] [bbotk]      174 0.2467113         3  0.1019048        0      0            0.417
INFO  [16:46:18.352] [bbotk]                                 uhash
INFO  [16:46:18.352] [bbotk]  1aef03eb-9059-4c1d-a0fa-063c9f23f4fb
INFO  [16:46:18.358] [bbotk] Evaluating 1 configuration(s)
INFO  [16:46:18.567] [bbotk] Result of batch 8:
INFO  [16:46:18.569] [bbotk]  nrounds       eta max_depth classif.ce warnings errors runtime_learners
INFO  [16:46:18.569] [bbotk]       95 0.1764219         2        0.1        0      0            0.158
INFO  [16:46:18.569] [bbotk]                                 uhash
INFO  [16:46:18.569] [bbotk]  d1124946-bae3-46c1-be1f-c4f32f6d1e7b
INFO  [16:46:18.580] [bbotk] Evaluating 1 configuration(s)
INFO  [16:46:19.522] [bbotk] Result of batch 9:
INFO  [16:46:19.523] [bbotk]  nrounds       eta max_depth classif.ce warnings errors runtime_learners
INFO  [16:46:19.523] [bbotk]      276 0.1083681         5 0.09714286        0      0            0.905
INFO  [16:46:19.523] [bbotk]                                 uhash
INFO  [16:46:19.523] [bbotk]  735ebaaa-4c57-4ba8-8370-2be094bf8062
INFO  [16:46:19.527] [bbotk] Evaluating 1 configuration(s)
INFO  [16:46:19.758] [bbotk] Result of batch 10:
INFO  [16:46:19.760] [bbotk]  nrounds       eta max_depth classif.ce warnings errors runtime_learners
INFO  [16:46:19.760] [bbotk]      117 0.2565163         2 0.08952381        0      0            0.182
INFO  [16:46:19.760] [bbotk]                                 uhash
INFO  [16:46:19.760] [bbotk]  c5eb2728-e408-4f74-9978-b21d3ab42cdd
INFO  [16:46:19.773] [bbotk] Finished optimizing after 10 evaluation(s)
INFO  [16:46:19.774] [bbotk] Result:
INFO  [16:46:19.775] [bbotk]  nrounds       eta max_depth learner_param_vals  x_domain classif.ce
INFO  [16:46:19.775] [bbotk]    <int>     <num>     <int>             <list>    <list>      <num>
INFO  [16:46:19.775] [bbotk]      117 0.2565163         2          <list[5]> <list[3]> 0.08952381
INFO  [16:46:19.916] [bbotk] Starting to optimize 3 parameter(s) with '<OptimizerBatchRandomSearch>' and '<TerminatorEvals> [n_evals=10, k=0]'
INFO  [16:46:19.951] [bbotk] Evaluating 1 configuration(s)
INFO  [16:46:20.357] [bbotk] Result of batch 1:
INFO  [16:46:20.359] [bbotk]  nrounds       eta max_depth classif.ce warnings errors runtime_learners
INFO  [16:46:20.359] [bbotk]      119 0.2747273         4   0.107619        0      0            0.353
INFO  [16:46:20.359] [bbotk]                                 uhash
INFO  [16:46:20.359] [bbotk]  2fa47eb5-196f-440a-bfad-3a8046187ad0
INFO  [16:46:20.363] [bbotk] Evaluating 1 configuration(s)
INFO  [16:46:21.080] [bbotk] Result of batch 2:
INFO  [16:46:21.081] [bbotk]  nrounds       eta max_depth classif.ce warnings errors runtime_learners
INFO  [16:46:21.081] [bbotk]      259 0.1946358         4  0.1028571        0      0            0.688
INFO  [16:46:21.081] [bbotk]                                 uhash
INFO  [16:46:21.081] [bbotk]  0fdbefe7-0836-430a-9186-2a4f870ca668
INFO  [16:46:21.085] [bbotk] Evaluating 1 configuration(s)
INFO  [16:46:21.488] [bbotk] Result of batch 3:
INFO  [16:46:21.491] [bbotk]  nrounds       eta max_depth classif.ce warnings errors runtime_learners
INFO  [16:46:21.491] [bbotk]       87 0.1531648         6  0.1028571        0      0            0.358
INFO  [16:46:21.491] [bbotk]                                 uhash
INFO  [16:46:21.491] [bbotk]  4dcb85d8-1e6a-4d3b-a665-395fcc84cf36
INFO  [16:46:21.498] [bbotk] Evaluating 1 configuration(s)
INFO  [16:46:22.256] [bbotk] Result of batch 4:
INFO  [16:46:22.257] [bbotk]  nrounds       eta max_depth classif.ce warnings errors runtime_learners
INFO  [16:46:22.257] [bbotk]      191 0.1733147        10  0.1028571        0      0            0.721
INFO  [16:46:22.257] [bbotk]                                 uhash
INFO  [16:46:22.257] [bbotk]  d017d009-71fd-499d-beb5-aaa980722ff7
INFO  [16:46:22.263] [bbotk] Evaluating 1 configuration(s)
INFO  [16:46:22.976] [bbotk] Result of batch 5:
INFO  [16:46:22.978] [bbotk]  nrounds       eta max_depth classif.ce warnings errors runtime_learners
INFO  [16:46:22.978] [bbotk]      178 0.1991536         8 0.09904762        0      0            0.659
INFO  [16:46:22.978] [bbotk]                                 uhash
INFO  [16:46:22.978] [bbotk]  9fb56926-0279-46cc-978b-8c94df0132ae
INFO  [16:46:22.989] [bbotk] Evaluating 1 configuration(s)
INFO  [16:46:23.924] [bbotk] Result of batch 6:
INFO  [16:46:23.925] [bbotk]  nrounds       eta max_depth classif.ce warnings errors runtime_learners
INFO  [16:46:23.925] [bbotk]      222 0.1076792        10 0.09904762        0      0              0.9
INFO  [16:46:23.925] [bbotk]                                 uhash
INFO  [16:46:23.925] [bbotk]  3bbfc7c9-cd55-4c3d-8f4f-0937a30d72b4
INFO  [16:46:23.929] [bbotk] Evaluating 1 configuration(s)
INFO  [16:46:24.526] [bbotk] Result of batch 7:
INFO  [16:46:24.528] [bbotk]  nrounds       eta max_depth classif.ce warnings errors runtime_learners
INFO  [16:46:24.528] [bbotk]      162 0.2594223         7  0.1085714        0      0            0.538
INFO  [16:46:24.528] [bbotk]                                 uhash
INFO  [16:46:24.528] [bbotk]  c90add1b-3170-4388-9c9b-7b8e8a3ee329
INFO  [16:46:24.535] [bbotk] Evaluating 1 configuration(s)
INFO  [16:46:25.092] [bbotk] Result of batch 8:
INFO  [16:46:25.093] [bbotk]  nrounds       eta max_depth classif.ce warnings errors runtime_learners
INFO  [16:46:25.093] [bbotk]      145 0.2592571         8  0.1133333        0      0            0.518
INFO  [16:46:25.093] [bbotk]                                 uhash
INFO  [16:46:25.093] [bbotk]  e755a4e4-3861-4044-a696-e3d0dcb92624
INFO  [16:46:25.097] [bbotk] Evaluating 1 configuration(s)
INFO  [16:46:25.580] [bbotk] Result of batch 9:
INFO  [16:46:25.581] [bbotk]  nrounds       eta max_depth classif.ce warnings errors runtime_learners
INFO  [16:46:25.581] [bbotk]      147 0.2545862         4 0.09904762        0      0            0.449
INFO  [16:46:25.581] [bbotk]                                 uhash
INFO  [16:46:25.581] [bbotk]  51459590-ea9a-4385-8802-d215f2582afa
INFO  [16:46:25.584] [bbotk] Evaluating 1 configuration(s)
INFO  [16:46:26.520] [bbotk] Result of batch 10:
INFO  [16:46:26.521] [bbotk]  nrounds       eta max_depth classif.ce warnings errors runtime_learners
INFO  [16:46:26.521] [bbotk]      299 0.2237224        10        0.1        0      0            0.897
INFO  [16:46:26.521] [bbotk]                                 uhash
INFO  [16:46:26.521] [bbotk]  0fc3b8b3-5915-4b79-9a99-2fa7e40094ce
INFO  [16:46:26.535] [bbotk] Finished optimizing after 10 evaluation(s)
INFO  [16:46:26.535] [bbotk] Result:
INFO  [16:46:26.542] [bbotk]  nrounds       eta max_depth learner_param_vals  x_domain classif.ce
INFO  [16:46:26.542] [bbotk]    <int>     <num>     <int>             <list>    <list>      <num>
INFO  [16:46:26.542] [bbotk]      178 0.1991536         8          <list[5]> <list[3]> 0.09904762
INFO  [16:46:26.942] [bbotk] Starting to optimize 3 parameter(s) with '<OptimizerBatchRandomSearch>' and '<TerminatorEvals> [n_evals=10, k=0]'
INFO  [16:46:26.961] [bbotk] Evaluating 1 configuration(s)
INFO  [16:46:27.425] [bbotk] Result of batch 1:
INFO  [16:46:27.426] [bbotk]  nrounds      eta max_depth classif.ce warnings errors runtime_learners
INFO  [16:46:27.426] [bbotk]      286 0.156079         2  0.1038095        0      0            0.425
INFO  [16:46:27.426] [bbotk]                                 uhash
INFO  [16:46:27.426] [bbotk]  cadd50c3-c6f1-4c82-a125-f35b23161788
INFO  [16:46:27.429] [bbotk] Evaluating 1 configuration(s)
INFO  [16:46:27.916] [bbotk] Result of batch 2:
INFO  [16:46:27.917] [bbotk]  nrounds       eta max_depth classif.ce warnings errors runtime_learners
INFO  [16:46:27.917] [bbotk]      175 0.1086158         3  0.1009524        0      0            0.439
INFO  [16:46:27.917] [bbotk]                                 uhash
INFO  [16:46:27.917] [bbotk]  a1234947-e386-47ba-b9f7-7422ade06569
INFO  [16:46:27.921] [bbotk] Evaluating 1 configuration(s)
INFO  [16:46:28.734] [bbotk] Result of batch 3:
INFO  [16:46:28.735] [bbotk]  nrounds       eta max_depth classif.ce warnings errors runtime_learners
INFO  [16:46:28.735] [bbotk]      250 0.2540021         7  0.1038095        0      0            0.764
INFO  [16:46:28.735] [bbotk]                                 uhash
INFO  [16:46:28.735] [bbotk]  59aedfa3-8e21-4da5-87e7-338dacf566ed
INFO  [16:46:28.738] [bbotk] Evaluating 1 configuration(s)
INFO  [16:46:29.222] [bbotk] Result of batch 4:
INFO  [16:46:29.223] [bbotk]  nrounds        eta max_depth classif.ce warnings errors runtime_learners
INFO  [16:46:29.223] [bbotk]      136 0.09173845         4  0.1009524        0      0            0.446
INFO  [16:46:29.223] [bbotk]                                 uhash
INFO  [16:46:29.223] [bbotk]  6a4ba18f-bf82-43ec-87cc-f934ab14b817
INFO  [16:46:29.230] [bbotk] Evaluating 1 configuration(s)
INFO  [16:46:29.818] [bbotk] Result of batch 5:
INFO  [16:46:29.819] [bbotk]  nrounds       eta max_depth classif.ce warnings errors runtime_learners
INFO  [16:46:29.819] [bbotk]      112 0.1197069         9  0.1009524        0      0            0.544
INFO  [16:46:29.819] [bbotk]                                 uhash
INFO  [16:46:29.819] [bbotk]  12b57dc2-840f-47e5-956e-9d6400e7ed53
INFO  [16:46:29.823] [bbotk] Evaluating 1 configuration(s)
INFO  [16:46:30.053] [bbotk] Result of batch 6:
INFO  [16:46:30.059] [bbotk]  nrounds       eta max_depth classif.ce warnings errors runtime_learners
INFO  [16:46:30.059] [bbotk]       58 0.1664553         3 0.09904762        0      0            0.177
INFO  [16:46:30.059] [bbotk]                                 uhash
INFO  [16:46:30.059] [bbotk]  f2818382-8e85-44d0-aea4-21ef725e6595
INFO  [16:46:30.066] [bbotk] Evaluating 1 configuration(s)
INFO  [16:46:30.531] [bbotk] Result of batch 7:
INFO  [16:46:30.531] [bbotk]  nrounds       eta max_depth classif.ce warnings errors runtime_learners
INFO  [16:46:30.531] [bbotk]      108 0.2031798         8  0.1019048        0      0            0.427
INFO  [16:46:30.531] [bbotk]                                 uhash
INFO  [16:46:30.531] [bbotk]  7786e2c0-397d-4e1a-9c61-92b4091ea0e5
INFO  [16:46:30.539] [bbotk] Evaluating 1 configuration(s)
INFO  [16:46:31.911] [bbotk] Result of batch 8:
INFO  [16:46:31.912] [bbotk]  nrounds        eta max_depth classif.ce warnings errors runtime_learners
INFO  [16:46:31.912] [bbotk]      286 0.06176736         9 0.09714286        0      0            1.337
INFO  [16:46:31.912] [bbotk]                                 uhash
INFO  [16:46:31.912] [bbotk]  94b7632d-bd66-4fd3-9dbb-0634284c20cc
INFO  [16:46:31.916] [bbotk] Evaluating 1 configuration(s)
INFO  [16:46:33.124] [bbotk] Result of batch 9:
INFO  [16:46:33.125] [bbotk]  nrounds        eta max_depth classif.ce warnings errors runtime_learners
INFO  [16:46:33.125] [bbotk]      275 0.07393198         9  0.1028571        0      0             1.18
INFO  [16:46:33.125] [bbotk]                                 uhash
INFO  [16:46:33.125] [bbotk]  0248c44c-f70f-4325-966c-9c01c13c22ff
INFO  [16:46:33.134] [bbotk] Evaluating 1 configuration(s)
INFO  [16:46:33.465] [bbotk] Result of batch 10:
INFO  [16:46:33.467] [bbotk]  nrounds       eta max_depth classif.ce warnings errors runtime_learners
INFO  [16:46:33.467] [bbotk]       72 0.1876402         4 0.09904762        0      0            0.237
INFO  [16:46:33.467] [bbotk]                                 uhash
INFO  [16:46:33.467] [bbotk]  b6830cd7-254f-454b-8465-3f213b9e8adb
INFO  [16:46:33.476] [bbotk] Finished optimizing after 10 evaluation(s)
INFO  [16:46:33.476] [bbotk] Result:
INFO  [16:46:33.477] [bbotk]  nrounds        eta max_depth learner_param_vals  x_domain classif.ce
INFO  [16:46:33.477] [bbotk]    <int>      <num>     <int>             <list>    <list>      <num>
INFO  [16:46:33.477] [bbotk]      286 0.06176736         9          <list[5]> <list[3]> 0.09714286

### [bt]: Job terminated successfully [batchtools job.id=1074]
### [bt]: Starting job [batchtools job.id=1075]
### [bt]: Generating problem instance for problem '698720b8ce42ae0c' ...
### [bt]: Applying algorithm 'run_learner' on problem '698720b8ce42ae0c' for job 1075 (seed = 1076) ...
INFO  [16:46:34.211] [mlr3] Applying learner 'classif.xgboost.tuned_calib.oof_isotonic' on task 'pc4' (iter 5/10)
INFO  [16:46:34.259] [bbotk] Starting to optimize 3 parameter(s) with '<OptimizerBatchRandomSearch>' and '<TerminatorEvals> [n_evals=10, k=0]'
INFO  [16:46:34.286] [bbotk] Evaluating 1 configuration(s)
INFO  [16:46:35.081] [bbotk] Result of batch 1:
INFO  [16:46:35.083] [bbotk]  nrounds       eta max_depth classif.ce warnings errors runtime_learners
INFO  [16:46:35.083] [bbotk]      238 0.1101743         4 0.09724655        0      0            0.737
INFO  [16:46:35.083] [bbotk]                                 uhash
INFO  [16:46:35.083] [bbotk]  26243588-e4ce-4bd1-be91-2ecd1f8f115c
INFO  [16:46:35.090] [bbotk] Evaluating 1 configuration(s)
INFO  [16:46:35.508] [bbotk] Result of batch 2:
INFO  [16:46:35.509] [bbotk]  nrounds        eta max_depth classif.ce warnings errors runtime_learners
INFO  [16:46:35.509] [bbotk]      111 0.03194352         5 0.09915132        0      0            0.371
INFO  [16:46:35.509] [bbotk]                                 uhash
INFO  [16:46:35.509] [bbotk]  75abd04b-c5bc-407a-a69c-d96867fa7270
INFO  [16:46:35.513] [bbotk] Evaluating 1 configuration(s)
INFO  [16:46:35.840] [bbotk] Result of batch 3:
INFO  [16:46:35.842] [bbotk]  nrounds       eta max_depth classif.ce warnings errors runtime_learners
INFO  [16:46:35.842] [bbotk]       68 0.2072965         6 0.09439214        0      0            0.286
INFO  [16:46:35.842] [bbotk]                                 uhash
INFO  [16:46:35.842] [bbotk]  6bc04b2e-c8f5-4566-98c6-60abce11ab5a
INFO  [16:46:35.851] [bbotk] Evaluating 1 configuration(s)
INFO  [16:46:36.455] [bbotk] Result of batch 4:
INFO  [16:46:36.456] [bbotk]  nrounds       eta max_depth classif.ce warnings errors runtime_learners
INFO  [16:46:36.456] [bbotk]      252 0.1485728         3 0.09343703        0      0            0.555
INFO  [16:46:36.456] [bbotk]                                 uhash
INFO  [16:46:36.456] [bbotk]  36d293a3-4fc3-41b3-9075-74eda223b279
INFO  [16:46:36.460] [bbotk] Evaluating 1 configuration(s)
INFO  [16:46:37.239] [bbotk] Result of batch 5:
INFO  [16:46:37.240] [bbotk]  nrounds       eta max_depth classif.ce warnings errors runtime_learners
INFO  [16:46:37.240] [bbotk]      214 0.2357233         6  0.1001092        0      0            0.725
INFO  [16:46:37.240] [bbotk]                                 uhash
INFO  [16:46:37.240] [bbotk]  82cc56f8-6467-4b87-8210-4010540bd1d4
INFO  [16:46:37.246] [bbotk] Evaluating 1 configuration(s)
INFO  [16:46:37.661] [bbotk] Result of batch 6:
INFO  [16:46:37.663] [bbotk]  nrounds      eta max_depth classif.ce warnings errors runtime_learners
INFO  [16:46:37.663] [bbotk]      135 0.067301         3  0.1020166        0      0            0.371
INFO  [16:46:37.663] [bbotk]                                 uhash
INFO  [16:46:37.663] [bbotk]  ce05ced3-3ee8-4351-a190-829d8a99a2f8
INFO  [16:46:37.672] [bbotk] Evaluating 1 configuration(s)
INFO  [16:46:37.840] [bbotk] Result of batch 7:
INFO  [16:46:37.843] [bbotk]  nrounds       eta max_depth classif.ce warnings errors runtime_learners
INFO  [16:46:37.843] [bbotk]       67 0.1391787         2 0.09821258        0      0            0.128
INFO  [16:46:37.843] [bbotk]                                 uhash
INFO  [16:46:37.843] [bbotk]  46f45497-776b-4a58-bd80-c3f1fc3f9b65
INFO  [16:46:37.847] [bbotk] Evaluating 1 configuration(s)
INFO  [16:46:38.198] [bbotk] Result of batch 8:
INFO  [16:46:38.200] [bbotk]  nrounds        eta max_depth classif.ce warnings errors runtime_learners
INFO  [16:46:38.200] [bbotk]       61 0.09149833         8 0.09915677        0      0            0.317
INFO  [16:46:38.200] [bbotk]                                 uhash
INFO  [16:46:38.200] [bbotk]  2632aad9-e5b9-42d6-abaf-5cf4d6df04d2
INFO  [16:46:38.204] [bbotk] Evaluating 1 configuration(s)
INFO  [16:46:38.611] [bbotk] Result of batch 9:
INFO  [16:46:38.613] [bbotk]  nrounds       eta max_depth classif.ce warnings errors runtime_learners
INFO  [16:46:38.613] [bbotk]      231 0.2027809         2 0.09439214        0      0            0.363
INFO  [16:46:38.613] [bbotk]                                 uhash
INFO  [16:46:38.613] [bbotk]  774ce38a-7fbd-4be1-abf6-bf7e78e90d82
INFO  [16:46:38.621] [bbotk] Evaluating 1 configuration(s)
INFO  [16:46:39.252] [bbotk] Result of batch 10:
INFO  [16:46:39.253] [bbotk]  nrounds       eta max_depth classif.ce warnings errors runtime_learners
INFO  [16:46:39.253] [bbotk]      238 0.1052981         3 0.09153227        0      0            0.596
INFO  [16:46:39.253] [bbotk]                                 uhash
INFO  [16:46:39.253] [bbotk]  16a75259-4e52-4d17-a349-a87ce26ab30a
INFO  [16:46:39.263] [bbotk] Finished optimizing after 10 evaluation(s)
INFO  [16:46:39.263] [bbotk] Result:
INFO  [16:46:39.264] [bbotk]  nrounds       eta max_depth learner_param_vals  x_domain classif.ce
INFO  [16:46:39.264] [bbotk]    <int>     <num>     <int>             <list>    <list>      <num>
INFO  [16:46:39.264] [bbotk]      238 0.1052981         3          <list[5]> <list[3]> 0.09153227
INFO  [16:46:39.568] [bbotk] Starting to optimize 3 parameter(s) with '<OptimizerBatchRandomSearch>' and '<TerminatorEvals> [n_evals=10, k=0]'
INFO  [16:46:39.578] [bbotk] Evaluating 1 configuration(s)
INFO  [16:46:39.972] [bbotk] Result of batch 1:
INFO  [16:46:39.974] [bbotk]  nrounds       eta max_depth classif.ce warnings errors runtime_learners
INFO  [16:46:39.974] [bbotk]      200 0.2541054         2 0.09626143        0      0             0.34
INFO  [16:46:39.974] [bbotk]                                 uhash
INFO  [16:46:39.974] [bbotk]  98e82b7d-ceb1-4c91-a7a1-3b0b770239a8
INFO  [16:46:39.983] [bbotk] Evaluating 1 configuration(s)
INFO  [16:46:41.468] [bbotk] Result of batch 2:
INFO  [16:46:41.469] [bbotk]  nrounds        eta max_depth classif.ce warnings errors runtime_learners
INFO  [16:46:41.469] [bbotk]      277 0.01564462         8 0.09816619        0      0            1.439
INFO  [16:46:41.469] [bbotk]                                 uhash
INFO  [16:46:41.469] [bbotk]  e21bb7f4-9a17-4111-84e2-074f128c62f0
INFO  [16:46:41.480] [bbotk] Evaluating 1 configuration(s)
INFO  [16:46:41.853] [bbotk] Result of batch 3:
INFO  [16:46:41.854] [bbotk]  nrounds      eta max_depth classif.ce warnings errors runtime_learners
INFO  [16:46:41.854] [bbotk]       91 0.292636         9 0.09911857        0      0            0.338
INFO  [16:46:41.854] [bbotk]                                 uhash
INFO  [16:46:41.854] [bbotk]  40d64cd3-3d58-4ee2-a6f9-a85994b38b19
INFO  [16:46:41.857] [bbotk] Evaluating 1 configuration(s)
INFO  [16:46:42.282] [bbotk] Result of batch 4:
INFO  [16:46:42.284] [bbotk]  nrounds       eta max_depth classif.ce warnings errors runtime_learners
INFO  [16:46:42.284] [bbotk]      129 0.1397858         4 0.09626416        0      0             0.38
INFO  [16:46:42.284] [bbotk]                                 uhash
INFO  [16:46:42.284] [bbotk]  ace2684c-76d0-4514-9d35-053bcad951ed
INFO  [16:46:42.293] [bbotk] Evaluating 1 configuration(s)
INFO  [16:46:43.478] [bbotk] Result of batch 5:
INFO  [16:46:43.480] [bbotk]  nrounds        eta max_depth classif.ce warnings errors runtime_learners
INFO  [16:46:43.480] [bbotk]      281 0.09146592         9 0.09816346        0      0            1.115
INFO  [16:46:43.480] [bbotk]                                 uhash
INFO  [16:46:43.480] [bbotk]  d0eb5c2f-1c4f-49c2-acd2-991c24b3ace2
INFO  [16:46:43.485] [bbotk] Evaluating 1 configuration(s)
INFO  [16:46:44.775] [bbotk] Result of batch 6:
INFO  [16:46:44.776] [bbotk]  nrounds        eta max_depth classif.ce warnings errors runtime_learners
INFO  [16:46:44.776] [bbotk]      297 0.06995887         8 0.09721927        0      0            1.253
INFO  [16:46:44.776] [bbotk]                                 uhash
INFO  [16:46:44.776] [bbotk]  7f510929-0816-418d-8052-0389f79a974e
INFO  [16:46:44.780] [bbotk] Evaluating 1 configuration(s)
INFO  [16:46:45.707] [bbotk] Result of batch 7:
INFO  [16:46:45.710] [bbotk]  nrounds       eta max_depth classif.ce warnings errors runtime_learners
INFO  [16:46:45.710] [bbotk]      292 0.2344396        10 0.09816892        0      0            0.893
INFO  [16:46:45.710] [bbotk]                                 uhash
INFO  [16:46:45.710] [bbotk]  03ff2cad-aa31-42a9-9097-bac38a61a5da
INFO  [16:46:45.727] [bbotk] Evaluating 1 configuration(s)
INFO  [16:46:46.559] [bbotk] Result of batch 8:
INFO  [16:46:46.560] [bbotk]  nrounds        eta max_depth classif.ce warnings errors runtime_learners
INFO  [16:46:46.560] [bbotk]      166 0.05937051        10 0.09817438        0      0            0.795
INFO  [16:46:46.560] [bbotk]                                 uhash
INFO  [16:46:46.560] [bbotk]  8319c514-4e3b-44e8-a700-29250e66a522
INFO  [16:46:46.564] [bbotk] Evaluating 1 configuration(s)
INFO  [16:46:46.685] [bbotk] Result of batch 9:
INFO  [16:46:46.687] [bbotk]  nrounds       eta max_depth classif.ce warnings errors runtime_learners
INFO  [16:46:46.687] [bbotk]       53 0.1571299         2  0.1048465        0      0            0.078
INFO  [16:46:46.687] [bbotk]                                 uhash
INFO  [16:46:46.687] [bbotk]  0586b802-5ef3-4b9c-aa84-2caf85ed36f3
INFO  [16:46:46.696] [bbotk] Evaluating 1 configuration(s)
INFO  [16:46:47.610] [bbotk] Result of batch 10:
INFO  [16:46:47.612] [bbotk]  nrounds       eta max_depth classif.ce warnings errors runtime_learners
INFO  [16:46:47.612] [bbotk]      270 0.1577266         6 0.09625597        0      0             0.88
INFO  [16:46:47.612] [bbotk]                                 uhash
INFO  [16:46:47.612] [bbotk]  751582c6-8d99-470a-8363-4f6c932f3922
INFO  [16:46:47.631] [bbotk] Finished optimizing after 10 evaluation(s)
INFO  [16:46:47.631] [bbotk] Result:
INFO  [16:46:47.633] [bbotk]  nrounds       eta max_depth learner_param_vals  x_domain classif.ce
INFO  [16:46:47.633] [bbotk]    <int>     <num>     <int>             <list>    <list>      <num>
INFO  [16:46:47.633] [bbotk]      270 0.1577266         6          <list[5]> <list[3]> 0.09625597
INFO  [16:46:48.201] [bbotk] Starting to optimize 3 parameter(s) with '<OptimizerBatchRandomSearch>' and '<TerminatorEvals> [n_evals=10, k=0]'
INFO  [16:46:48.217] [bbotk] Evaluating 1 configuration(s)
INFO  [16:46:48.479] [bbotk] Result of batch 1:
INFO  [16:46:48.480] [bbotk]  nrounds        eta max_depth classif.ce warnings errors runtime_learners
INFO  [16:46:48.480] [bbotk]      164 0.08075275         2  0.1085714        0      0             0.22
INFO  [16:46:48.480] [bbotk]                                 uhash
INFO  [16:46:48.480] [bbotk]  4f096c9d-a1ba-4266-ae33-e1e4ebe74612
INFO  [16:46:48.485] [bbotk] Evaluating 1 configuration(s)
INFO  [16:46:49.281] [bbotk] Result of batch 2:
INFO  [16:46:49.283] [bbotk]  nrounds        eta max_depth classif.ce warnings errors runtime_learners
INFO  [16:46:49.283] [bbotk]      200 0.03420718         5  0.1095238        0      0            0.762
INFO  [16:46:49.283] [bbotk]                                 uhash
INFO  [16:46:49.283] [bbotk]  f8ad8d60-3c90-4362-a619-0f5724dad4f1
INFO  [16:46:49.292] [bbotk] Evaluating 1 configuration(s)
INFO  [16:46:49.636] [bbotk] Result of batch 3:
INFO  [16:46:49.637] [bbotk]  nrounds       eta max_depth classif.ce warnings errors runtime_learners
INFO  [16:46:49.637] [bbotk]      166 0.1115628         2  0.1095238        0      0            0.302
INFO  [16:46:49.637] [bbotk]                                 uhash
INFO  [16:46:49.637] [bbotk]  8e5c2c08-37ba-4254-873c-0e9258f5112d
INFO  [16:46:49.655] [bbotk] Evaluating 1 configuration(s)
INFO  [16:46:49.847] [bbotk] Result of batch 4:
INFO  [16:46:49.848] [bbotk]  nrounds       eta max_depth classif.ce warnings errors runtime_learners
INFO  [16:46:49.848] [bbotk]       86 0.2625913         2  0.1038095        0      0            0.147
INFO  [16:46:49.848] [bbotk]                                 uhash
INFO  [16:46:49.848] [bbotk]  e43ca167-fa4f-4917-9e1b-e0fcc2d04d57
INFO  [16:46:49.852] [bbotk] Evaluating 1 configuration(s)
INFO  [16:46:50.311] [bbotk] Result of batch 5:
INFO  [16:46:50.312] [bbotk]  nrounds      eta max_depth classif.ce warnings errors runtime_learners
INFO  [16:46:50.312] [bbotk]      266 0.229005         2  0.1038095        0      0            0.421
INFO  [16:46:50.312] [bbotk]                                 uhash
INFO  [16:46:50.312] [bbotk]  4ce85473-213d-4c6b-b89e-7ce79f401e9e
INFO  [16:46:50.316] [bbotk] Evaluating 1 configuration(s)
INFO  [16:46:50.635] [bbotk] Result of batch 6:
INFO  [16:46:50.636] [bbotk]  nrounds       eta max_depth classif.ce warnings errors runtime_learners
INFO  [16:46:50.636] [bbotk]       88 0.1723392         4  0.1038095        0      0            0.279
INFO  [16:46:50.636] [bbotk]                                 uhash
INFO  [16:46:50.636] [bbotk]  9f5a847a-1b77-4712-8c70-bf7c0ae95802
INFO  [16:46:50.640] [bbotk] Evaluating 1 configuration(s)
INFO  [16:46:50.845] [bbotk] Result of batch 7:
INFO  [16:46:50.847] [bbotk]  nrounds       eta max_depth classif.ce warnings errors runtime_learners
INFO  [16:46:50.847] [bbotk]       76 0.0774029         2  0.1085714        0      0            0.143
INFO  [16:46:50.847] [bbotk]                                 uhash
INFO  [16:46:50.847] [bbotk]  ebe574d1-afc5-4211-83d9-b001610d35d2
INFO  [16:46:50.856] [bbotk] Evaluating 1 configuration(s)
INFO  [16:46:51.632] [bbotk] Result of batch 8:
INFO  [16:46:51.633] [bbotk]  nrounds       eta max_depth classif.ce warnings errors runtime_learners
INFO  [16:46:51.633] [bbotk]      201 0.1365399         7  0.1019048        0      0            0.743
INFO  [16:46:51.633] [bbotk]                                 uhash
INFO  [16:46:51.633] [bbotk]  87bb40ef-d41a-4b34-8a9d-584d85f306c7
INFO  [16:46:51.640] [bbotk] Evaluating 1 configuration(s)
INFO  [16:46:52.760] [bbotk] Result of batch 9:
INFO  [16:46:52.761] [bbotk]  nrounds        eta max_depth classif.ce warnings errors runtime_learners
INFO  [16:46:52.761] [bbotk]      249 0.07264645         9  0.1057143        0      0            1.076
INFO  [16:46:52.761] [bbotk]                                 uhash
INFO  [16:46:52.761] [bbotk]  39b28df0-2a16-4fee-831d-de47103f9b98
INFO  [16:46:52.767] [bbotk] Evaluating 1 configuration(s)
INFO  [16:46:53.452] [bbotk] Result of batch 10:
INFO  [16:46:53.453] [bbotk]  nrounds        eta max_depth classif.ce warnings errors runtime_learners
INFO  [16:46:53.453] [bbotk]      188 0.02098777         5  0.1142857        0      0            0.645
INFO  [16:46:53.453] [bbotk]                                 uhash
INFO  [16:46:53.453] [bbotk]  6481a4ec-9d73-491f-95af-8ebc689cbb2d
INFO  [16:46:53.476] [bbotk] Finished optimizing after 10 evaluation(s)
INFO  [16:46:53.477] [bbotk] Result:
INFO  [16:46:53.480] [bbotk]  nrounds       eta max_depth learner_param_vals  x_domain classif.ce
INFO  [16:46:53.480] [bbotk]    <int>     <num>     <int>             <list>    <list>      <num>
INFO  [16:46:53.480] [bbotk]      201 0.1365399         7          <list[5]> <list[3]>  0.1019048
INFO  [16:46:53.943] [bbotk] Starting to optimize 3 parameter(s) with '<OptimizerBatchRandomSearch>' and '<TerminatorEvals> [n_evals=10, k=0]'
INFO  [16:46:53.958] [bbotk] Evaluating 1 configuration(s)
INFO  [16:46:55.048] [bbotk] Result of batch 1:
INFO  [16:46:55.049] [bbotk]  nrounds        eta max_depth classif.ce warnings errors runtime_learners
INFO  [16:46:55.049] [bbotk]      199 0.04684205         9  0.1114286        0      0            1.053
INFO  [16:46:55.049] [bbotk]                                 uhash
INFO  [16:46:55.049] [bbotk]  b8066415-1645-4d0c-b08d-45574ecf638f
INFO  [16:46:55.053] [bbotk] Evaluating 1 configuration(s)
INFO  [16:46:56.041] [bbotk] Result of batch 2:
INFO  [16:46:56.043] [bbotk]  nrounds        eta max_depth classif.ce warnings errors runtime_learners
INFO  [16:46:56.043] [bbotk]      296 0.03171145         4  0.1066667        0      0            0.948
INFO  [16:46:56.043] [bbotk]                                 uhash
INFO  [16:46:56.043] [bbotk]  e61f3dea-dcb8-446a-82d2-7d26b0b4c2c7
INFO  [16:46:56.052] [bbotk] Evaluating 1 configuration(s)
INFO  [16:46:56.663] [bbotk] Result of batch 3:
INFO  [16:46:56.665] [bbotk]  nrounds        eta max_depth classif.ce warnings errors runtime_learners
INFO  [16:46:56.665] [bbotk]      172 0.04376142         4  0.1057143        0      0             0.57
INFO  [16:46:56.665] [bbotk]                                 uhash
INFO  [16:46:56.665] [bbotk]  b7721081-a0e9-49d8-8945-fa91ba59041b
INFO  [16:46:56.675] [bbotk] Evaluating 1 configuration(s)
INFO  [16:46:57.505] [bbotk] Result of batch 4:
INFO  [16:46:57.506] [bbotk]  nrounds        eta max_depth classif.ce warnings errors runtime_learners
INFO  [16:46:57.506] [bbotk]      170 0.03006962         7  0.1104762        0      0            0.795
INFO  [16:46:57.506] [bbotk]                                 uhash
INFO  [16:46:57.506] [bbotk]  3ebb29ec-ac4b-4d22-bad4-e72feaa7b6bb
INFO  [16:46:57.511] [bbotk] Evaluating 1 configuration(s)
INFO  [16:46:58.290] [bbotk] Result of batch 5:
INFO  [16:46:58.292] [bbotk]  nrounds        eta max_depth classif.ce warnings errors runtime_learners
INFO  [16:46:58.292] [bbotk]      163 0.09601448         8   0.112381        0      0            0.738
INFO  [16:46:58.292] [bbotk]                                 uhash
INFO  [16:46:58.292] [bbotk]  9d83498f-7ee3-4cfb-ac2e-0ee47c8bf211
INFO  [16:46:58.302] [bbotk] Evaluating 1 configuration(s)
INFO  [16:46:58.927] [bbotk] Result of batch 6:
INFO  [16:46:58.928] [bbotk]  nrounds       eta max_depth classif.ce warnings errors runtime_learners
INFO  [16:46:58.928] [bbotk]      196 0.1987171         4  0.1161905        0      0            0.579
INFO  [16:46:58.928] [bbotk]                                 uhash
INFO  [16:46:58.928] [bbotk]  571688e9-210c-4b0c-8bd4-6c666a5ab926
INFO  [16:46:58.935] [bbotk] Evaluating 1 configuration(s)
INFO  [16:46:59.143] [bbotk] Result of batch 7:
INFO  [16:46:59.144] [bbotk]  nrounds        eta max_depth classif.ce warnings errors runtime_learners
INFO  [16:46:59.144] [bbotk]       94 0.06182857         2 0.09904762        0      0            0.163
INFO  [16:46:59.144] [bbotk]                                 uhash
INFO  [16:46:59.144] [bbotk]  b5bd7a2b-4ea1-4364-a67e-db441c2cc137
INFO  [16:46:59.147] [bbotk] Evaluating 1 configuration(s)
INFO  [16:47:00.134] [bbotk] Result of batch 8:
INFO  [16:47:00.137] [bbotk]  nrounds       eta max_depth classif.ce warnings errors runtime_learners
INFO  [16:47:00.137] [bbotk]      230 0.1172528        10  0.1095238        0      0            0.946
INFO  [16:47:00.137] [bbotk]                                 uhash
INFO  [16:47:00.137] [bbotk]  1c36d311-833b-47d7-adac-883c59c1f7b7
INFO  [16:47:00.142] [bbotk] Evaluating 1 configuration(s)
INFO  [16:47:00.454] [bbotk] Result of batch 9:
INFO  [16:47:00.455] [bbotk]  nrounds        eta max_depth classif.ce warnings errors runtime_learners
INFO  [16:47:00.455] [bbotk]      146 0.03417824         2  0.1038095        0      0            0.273
INFO  [16:47:00.455] [bbotk]                                 uhash
INFO  [16:47:00.455] [bbotk]  b0840c69-52cc-4a6b-ac6e-27a777fc64df
INFO  [16:47:00.462] [bbotk] Evaluating 1 configuration(s)
INFO  [16:47:00.896] [bbotk] Result of batch 10:
INFO  [16:47:00.897] [bbotk]  nrounds        eta max_depth classif.ce warnings errors runtime_learners
INFO  [16:47:00.897] [bbotk]       68 0.09197224        10  0.1085714        0      0            0.392
INFO  [16:47:00.897] [bbotk]                                 uhash
INFO  [16:47:00.897] [bbotk]  b8cb33de-f7bc-4e9f-be87-0bc58198d8b9
INFO  [16:47:00.916] [bbotk] Finished optimizing after 10 evaluation(s)
INFO  [16:47:00.917] [bbotk] Result:
INFO  [16:47:00.917] [bbotk]  nrounds        eta max_depth learner_param_vals  x_domain classif.ce
INFO  [16:47:00.917] [bbotk]    <int>      <num>     <int>             <list>    <list>      <num>
INFO  [16:47:00.917] [bbotk]       94 0.06182857         2          <list[5]> <list[3]> 0.09904762
INFO  [16:47:01.044] [bbotk] Starting to optimize 3 parameter(s) with '<OptimizerBatchRandomSearch>' and '<TerminatorEvals> [n_evals=10, k=0]'
INFO  [16:47:01.061] [bbotk] Evaluating 1 configuration(s)
INFO  [16:47:01.331] [bbotk] Result of batch 1:
INFO  [16:47:01.333] [bbotk]  nrounds       eta max_depth classif.ce warnings errors runtime_learners
INFO  [16:47:01.333] [bbotk]       51 0.2888467         6   0.107619        0      0            0.236
INFO  [16:47:01.333] [bbotk]                                 uhash
INFO  [16:47:01.333] [bbotk]  25eeea86-cdbb-4282-af59-6574d465f372
INFO  [16:47:01.342] [bbotk] Evaluating 1 configuration(s)
INFO  [16:47:01.718] [bbotk] Result of batch 2:
INFO  [16:47:01.719] [bbotk]  nrounds       eta max_depth classif.ce warnings errors runtime_learners
INFO  [16:47:01.719] [bbotk]      190 0.2440432         2  0.1095238        0      0            0.335
INFO  [16:47:01.719] [bbotk]                                 uhash
INFO  [16:47:01.719] [bbotk]  cb4ffaed-87bc-4db2-bc5c-12180a03267a
INFO  [16:47:01.725] [bbotk] Evaluating 1 configuration(s)
INFO  [16:47:02.099] [bbotk] Result of batch 3:
INFO  [16:47:02.101] [bbotk]  nrounds        eta max_depth classif.ce warnings errors runtime_learners
INFO  [16:47:02.101] [bbotk]      181 0.06712454         2 0.09809524        0      0            0.314
INFO  [16:47:02.101] [bbotk]                                 uhash
INFO  [16:47:02.101] [bbotk]  5db65728-0795-4e04-b3f2-9be2e68c4a89
INFO  [16:47:02.107] [bbotk] Evaluating 1 configuration(s)
INFO  [16:47:03.006] [bbotk] Result of batch 4:
INFO  [16:47:03.007] [bbotk]  nrounds       eta max_depth classif.ce warnings errors runtime_learners
INFO  [16:47:03.007] [bbotk]      269 0.1906424         7  0.1038095        0      0            0.857
INFO  [16:47:03.007] [bbotk]                                 uhash
INFO  [16:47:03.007] [bbotk]  ac278899-f9a4-4c59-98de-c0c664809108
INFO  [16:47:03.013] [bbotk] Evaluating 1 configuration(s)
INFO  [16:47:03.501] [bbotk] Result of batch 5:
INFO  [16:47:03.502] [bbotk]  nrounds       eta max_depth classif.ce warnings errors runtime_learners
INFO  [16:47:03.502] [bbotk]      196 0.1067214         3  0.1038095        0      0            0.454
INFO  [16:47:03.502] [bbotk]                                 uhash
INFO  [16:47:03.502] [bbotk]  1d5f428f-977b-4c7a-8fc8-6278e4192d44
INFO  [16:47:03.506] [bbotk] Evaluating 1 configuration(s)
INFO  [16:47:04.238] [bbotk] Result of batch 6:
INFO  [16:47:04.239] [bbotk]  nrounds       eta max_depth classif.ce warnings errors runtime_learners
INFO  [16:47:04.239] [bbotk]      190 0.2122417         5  0.1057143        0      0             0.66
INFO  [16:47:04.239] [bbotk]                                 uhash
INFO  [16:47:04.239] [bbotk]  938139df-f6dd-4790-bfdd-b7dfed802b8e
INFO  [16:47:04.253] [bbotk] Evaluating 1 configuration(s)
INFO  [16:47:05.170] [bbotk] Result of batch 7:
INFO  [16:47:05.172] [bbotk]  nrounds       eta max_depth classif.ce warnings errors runtime_learners
INFO  [16:47:05.172] [bbotk]      278 0.2286882         9  0.1009524        0      0            0.855
INFO  [16:47:05.172] [bbotk]                                 uhash
INFO  [16:47:05.172] [bbotk]  1fee2c1e-a333-4874-b542-fc7d6f9d09e7
INFO  [16:47:05.179] [bbotk] Evaluating 1 configuration(s)
INFO  [16:47:05.368] [bbotk] Result of batch 8:
INFO  [16:47:05.369] [bbotk]  nrounds        eta max_depth classif.ce warnings errors runtime_learners
INFO  [16:47:05.369] [bbotk]       50 0.09134895         4  0.1085714        0      0            0.154
INFO  [16:47:05.369] [bbotk]                                 uhash
INFO  [16:47:05.369] [bbotk]  90247d31-5736-4dec-be21-d16db335414c
INFO  [16:47:05.373] [bbotk] Evaluating 1 configuration(s)
INFO  [16:47:06.065] [bbotk] Result of batch 9:
INFO  [16:47:06.066] [bbotk]  nrounds        eta max_depth classif.ce warnings errors runtime_learners
INFO  [16:47:06.066] [bbotk]      123 0.02187917         9  0.1057143        0      0            0.635
INFO  [16:47:06.066] [bbotk]                                 uhash
INFO  [16:47:06.066] [bbotk]  494b6671-a4e3-443a-a623-ea261c6f004d
INFO  [16:47:06.071] [bbotk] Evaluating 1 configuration(s)
INFO  [16:47:07.023] [bbotk] Result of batch 10:
INFO  [16:47:07.027] [bbotk]  nrounds        eta max_depth classif.ce warnings errors runtime_learners
INFO  [16:47:07.027] [bbotk]      187 0.07315178         8  0.1047619        0      0            0.897
INFO  [16:47:07.027] [bbotk]                                 uhash
INFO  [16:47:07.027] [bbotk]  7f92ff19-d1ee-4a4d-b11c-eda8e433c662
INFO  [16:47:07.039] [bbotk] Finished optimizing after 10 evaluation(s)
INFO  [16:47:07.040] [bbotk] Result:
INFO  [16:47:07.042] [bbotk]  nrounds        eta max_depth learner_param_vals  x_domain classif.ce
INFO  [16:47:07.042] [bbotk]    <int>      <num>     <int>             <list>    <list>      <num>
INFO  [16:47:07.042] [bbotk]      181 0.06712454         2          <list[5]> <list[3]> 0.09809524

### [bt]: Job terminated successfully [batchtools job.id=1075]
### [bt]: Calculation finished!
