### [bt]: This is batchtools v0.9.17
### [bt]: Starting calculation of 5 jobs
### [bt]: Setting working directory to '/Users/User/Documents/Studium/Semester8/Hiwi/mlr3calibration/vignettes'
### [bt]: Memory measurement disabled
### [bt]: Starting job [batchtools job.id=2221]
### [bt]: Generating problem instance for problem 'a63d756aec4c60c1' ...
### [bt]: Applying algorithm 'run_learner' on problem 'a63d756aec4c60c1' for job 2221 (seed = 2222) ...
INFO  [17:08:16.471] [mlr3] Applying learner 'classif.xgboost.tuned_calib.oof_platt' on task 'pc1' (iter 1/10)
INFO  [17:08:16.531] [bbotk] Starting to optimize 3 parameter(s) with '<OptimizerBatchRandomSearch>' and '<TerminatorEvals> [n_evals=10, k=0]'
INFO  [17:08:16.541] [bbotk] Evaluating 1 configuration(s)
INFO  [17:08:16.790] [bbotk] Result of batch 1:
INFO  [17:08:16.791] [bbotk]  nrounds        eta max_depth classif.ce warnings errors runtime_learners
INFO  [17:08:16.791] [bbotk]      106 0.01256312         2  0.0726817        0      0            0.176
INFO  [17:08:16.791] [bbotk]                                 uhash
INFO  [17:08:16.791] [bbotk]  5082f16f-30ca-49e5-bcc4-3e0f4b573e85
INFO  [17:08:16.803] [bbotk] Evaluating 1 configuration(s)
INFO  [17:08:17.596] [bbotk] Result of batch 2:
INFO  [17:08:17.597] [bbotk]  nrounds       eta max_depth classif.ce warnings errors runtime_learners
INFO  [17:08:17.597] [bbotk]      258 0.2303211         5 0.06516291        0      0            0.724
INFO  [17:08:17.597] [bbotk]                                 uhash
INFO  [17:08:17.597] [bbotk]  e01ccf09-0ffc-48c8-a57b-4fde469ddd9a
INFO  [17:08:17.601] [bbotk] Evaluating 1 configuration(s)
INFO  [17:08:18.157] [bbotk] Result of batch 3:
INFO  [17:08:18.158] [bbotk]  nrounds        eta max_depth classif.ce warnings errors runtime_learners
INFO  [17:08:18.158] [bbotk]      251 0.06558404         3 0.06265664        0      0            0.503
INFO  [17:08:18.158] [bbotk]                                 uhash
INFO  [17:08:18.158] [bbotk]  35fc0896-8a27-452b-b5f9-53f720da27a9
INFO  [17:08:18.162] [bbotk] Evaluating 1 configuration(s)
INFO  [17:08:19.407] [bbotk] Result of batch 4:
INFO  [17:08:19.410] [bbotk]  nrounds        eta max_depth classif.ce warnings errors runtime_learners
INFO  [17:08:19.410] [bbotk]      277 0.03452446         8 0.06641604        0      0            1.146
INFO  [17:08:19.410] [bbotk]                                 uhash
INFO  [17:08:19.410] [bbotk]  3eb72f50-a092-4435-aa24-14c83e179be6
INFO  [17:08:19.424] [bbotk] Evaluating 1 configuration(s)
INFO  [17:08:20.010] [bbotk] Result of batch 5:
INFO  [17:08:20.015] [bbotk]  nrounds      eta max_depth classif.ce warnings errors runtime_learners
INFO  [17:08:20.015] [bbotk]      180 0.113951         9 0.06516291        0      0            0.523
INFO  [17:08:20.015] [bbotk]                                 uhash
INFO  [17:08:20.015] [bbotk]  873bc8f2-0f7e-4f22-89b0-f95527ecdc2a
INFO  [17:08:20.019] [bbotk] Evaluating 1 configuration(s)
INFO  [17:08:20.585] [bbotk] Result of batch 6:
INFO  [17:08:20.586] [bbotk]  nrounds        eta max_depth classif.ce warnings errors runtime_learners
INFO  [17:08:20.586] [bbotk]      199 0.03591517         3 0.06390977        0      0            0.469
INFO  [17:08:20.586] [bbotk]                                 uhash
INFO  [17:08:20.586] [bbotk]  76ba9ff3-5140-4c3e-bd28-b6068f2f0b65
INFO  [17:08:20.596] [bbotk] Evaluating 1 configuration(s)
INFO  [17:08:20.984] [bbotk] Result of batch 7:
INFO  [17:08:20.986] [bbotk]  nrounds       eta max_depth classif.ce warnings errors runtime_learners
INFO  [17:08:20.986] [bbotk]      270 0.2681522         2 0.07017544        0      0            0.329
INFO  [17:08:20.986] [bbotk]                                 uhash
INFO  [17:08:20.986] [bbotk]  6f03c0c0-ec2e-4003-8d50-d8d21c7a339d
INFO  [17:08:20.990] [bbotk] Evaluating 1 configuration(s)
INFO  [17:08:21.452] [bbotk] Result of batch 8:
INFO  [17:08:21.453] [bbotk]  nrounds      eta max_depth classif.ce warnings errors runtime_learners
INFO  [17:08:21.453] [bbotk]      123 0.206175         6 0.06516291        0      0             0.36
INFO  [17:08:21.453] [bbotk]                                 uhash
INFO  [17:08:21.453] [bbotk]  971b83dd-e87b-458e-8f93-8421443aa08e
INFO  [17:08:21.477] [bbotk] Evaluating 1 configuration(s)
INFO  [17:08:21.774] [bbotk] Result of batch 9:
INFO  [17:08:21.775] [bbotk]  nrounds       eta max_depth classif.ce warnings errors runtime_learners
INFO  [17:08:21.775] [bbotk]      108 0.1524366         3 0.06390977        0      0            0.255
INFO  [17:08:21.775] [bbotk]                                 uhash
INFO  [17:08:21.775] [bbotk]  234250e8-30e5-40bb-ae58-8db983cb51f3
INFO  [17:08:21.785] [bbotk] Evaluating 1 configuration(s)
INFO  [17:08:22.535] [bbotk] Result of batch 10:
INFO  [17:08:22.536] [bbotk]  nrounds        eta max_depth classif.ce warnings errors runtime_learners
INFO  [17:08:22.536] [bbotk]      250 0.08445233         4 0.06766917        0      0            0.697
INFO  [17:08:22.536] [bbotk]                                 uhash
INFO  [17:08:22.536] [bbotk]  f8efc7cf-b14e-4a1c-97b3-bbc2f4e4c623
INFO  [17:08:22.566] [bbotk] Finished optimizing after 10 evaluation(s)
INFO  [17:08:22.566] [bbotk] Result:
INFO  [17:08:22.569] [bbotk]  nrounds        eta max_depth learner_param_vals  x_domain classif.ce
INFO  [17:08:22.569] [bbotk]    <int>      <num>     <int>             <list>    <list>      <num>
INFO  [17:08:22.569] [bbotk]      251 0.06558404         3          <list[5]> <list[3]> 0.06265664
INFO  [17:08:22.896] [bbotk] Starting to optimize 3 parameter(s) with '<OptimizerBatchRandomSearch>' and '<TerminatorEvals> [n_evals=10, k=0]'
INFO  [17:08:22.913] [bbotk] Evaluating 1 configuration(s)
INFO  [17:08:23.685] [bbotk] Result of batch 1:
INFO  [17:08:23.687] [bbotk]  nrounds       eta max_depth classif.ce warnings errors runtime_learners
INFO  [17:08:23.687] [bbotk]      254 0.2735148        10 0.06892231        0      0            0.674
INFO  [17:08:23.687] [bbotk]                                 uhash
INFO  [17:08:23.687] [bbotk]  5e3d7f75-41eb-47b2-8743-e4e9bb4cf069
INFO  [17:08:23.709] [bbotk] Evaluating 1 configuration(s)
INFO  [17:08:24.052] [bbotk] Result of batch 2:
INFO  [17:08:24.053] [bbotk]  nrounds       eta max_depth classif.ce warnings errors runtime_learners
INFO  [17:08:24.053] [bbotk]      238 0.1725495         3 0.06892231        0      0            0.294
INFO  [17:08:24.053] [bbotk]                                 uhash
INFO  [17:08:24.053] [bbotk]  7468b013-5782-41ef-8614-dd0e4144c41c
INFO  [17:08:24.057] [bbotk] Evaluating 1 configuration(s)
INFO  [17:08:24.472] [bbotk] Result of batch 3:
INFO  [17:08:24.474] [bbotk]  nrounds       eta max_depth classif.ce warnings errors runtime_learners
INFO  [17:08:24.474] [bbotk]      243 0.1735666         7 0.06892231        0      0            0.375
INFO  [17:08:24.474] [bbotk]                                 uhash
INFO  [17:08:24.474] [bbotk]  74bb8946-917f-4bca-96ab-5dea0affa492
INFO  [17:08:24.486] [bbotk] Evaluating 1 configuration(s)
INFO  [17:08:24.668] [bbotk] Result of batch 4:
INFO  [17:08:24.670] [bbotk]  nrounds       eta max_depth classif.ce warnings errors runtime_learners
INFO  [17:08:24.670] [bbotk]       62 0.1091461         7 0.06516291        0      0            0.131
INFO  [17:08:24.670] [bbotk]                                 uhash
INFO  [17:08:24.670] [bbotk]  ba85654e-b053-45b1-bfa1-fdc2c9748d98
INFO  [17:08:24.682] [bbotk] Evaluating 1 configuration(s)
INFO  [17:08:24.984] [bbotk] Result of batch 5:
INFO  [17:08:24.985] [bbotk]  nrounds       eta max_depth classif.ce warnings errors runtime_learners
INFO  [17:08:24.985] [bbotk]      157 0.1800145         8 0.06892231        0      0            0.269
INFO  [17:08:24.985] [bbotk]                                 uhash
INFO  [17:08:24.985] [bbotk]  8ed81743-078b-47f4-9bce-c64c2b87202d
INFO  [17:08:24.989] [bbotk] Evaluating 1 configuration(s)
INFO  [17:08:25.442] [bbotk] Result of batch 6:
INFO  [17:08:25.444] [bbotk]  nrounds       eta max_depth classif.ce warnings errors runtime_learners
INFO  [17:08:25.444] [bbotk]      252 0.1458525        10 0.07142857        0      0            0.422
INFO  [17:08:25.444] [bbotk]                                 uhash
INFO  [17:08:25.444] [bbotk]  25eab754-c4c1-4d27-8e14-d5e775afa71d
INFO  [17:08:25.454] [bbotk] Evaluating 1 configuration(s)
INFO  [17:08:25.677] [bbotk] Result of batch 7:
INFO  [17:08:25.678] [bbotk]  nrounds       eta max_depth classif.ce warnings errors runtime_learners
INFO  [17:08:25.678] [bbotk]      106 0.1628572         8 0.07017544        0      0            0.194
INFO  [17:08:25.678] [bbotk]                                 uhash
INFO  [17:08:25.678] [bbotk]  dbe13628-581c-41b3-8491-95b6c3df8248
INFO  [17:08:25.685] [bbotk] Evaluating 1 configuration(s)
INFO  [17:08:25.875] [bbotk] Result of batch 8:
INFO  [17:08:25.876] [bbotk]  nrounds        eta max_depth classif.ce warnings errors runtime_learners
INFO  [17:08:25.876] [bbotk]      226 0.02169691         2  0.0726817        0      0             0.16
INFO  [17:08:25.876] [bbotk]                                 uhash
INFO  [17:08:25.876] [bbotk]  6a564ac7-50d8-42da-82c1-587fae529880
INFO  [17:08:25.880] [bbotk] Evaluating 1 configuration(s)
INFO  [17:08:26.264] [bbotk] Result of batch 9:
INFO  [17:08:26.265] [bbotk]  nrounds      eta max_depth classif.ce warnings errors runtime_learners
INFO  [17:08:26.265] [bbotk]      263 0.221916        10 0.07142857        0      0            0.347
INFO  [17:08:26.265] [bbotk]                                 uhash
INFO  [17:08:26.265] [bbotk]  24941fc3-8070-404f-8207-24f790cdd64e
INFO  [17:08:26.270] [bbotk] Evaluating 1 configuration(s)
INFO  [17:08:26.624] [bbotk] Result of batch 10:
INFO  [17:08:26.625] [bbotk]  nrounds      eta max_depth classif.ce warnings errors runtime_learners
INFO  [17:08:26.625] [bbotk]      253 0.211302         5 0.06766917        0      0            0.326
INFO  [17:08:26.625] [bbotk]                                 uhash
INFO  [17:08:26.625] [bbotk]  fc1071c0-a59a-45d7-9c66-d05088b8d147
INFO  [17:08:26.633] [bbotk] Finished optimizing after 10 evaluation(s)
INFO  [17:08:26.633] [bbotk] Result:
INFO  [17:08:26.634] [bbotk]  nrounds       eta max_depth learner_param_vals  x_domain classif.ce
INFO  [17:08:26.634] [bbotk]    <int>     <num>     <int>             <list>    <list>      <num>
INFO  [17:08:26.634] [bbotk]       62 0.1091461         7          <list[5]> <list[3]> 0.06516291
INFO  [17:08:26.745] [bbotk] Starting to optimize 3 parameter(s) with '<OptimizerBatchRandomSearch>' and '<TerminatorEvals> [n_evals=10, k=0]'
INFO  [17:08:26.760] [bbotk] Evaluating 1 configuration(s)
INFO  [17:08:27.230] [bbotk] Result of batch 1:
INFO  [17:08:27.231] [bbotk]  nrounds       eta max_depth classif.ce warnings errors runtime_learners
INFO  [17:08:27.231] [bbotk]      256 0.0725485         9 0.06015038        0      0            0.437
INFO  [17:08:27.231] [bbotk]                                 uhash
INFO  [17:08:27.231] [bbotk]  367b44c5-9688-4353-b0be-a00dda1f1633
INFO  [17:08:27.235] [bbotk] Evaluating 1 configuration(s)
INFO  [17:08:27.539] [bbotk] Result of batch 2:
INFO  [17:08:27.541] [bbotk]  nrounds       eta max_depth classif.ce warnings errors runtime_learners
INFO  [17:08:27.541] [bbotk]      161 0.1057761         8 0.05889724        0      0            0.271
INFO  [17:08:27.541] [bbotk]                                 uhash
INFO  [17:08:27.541] [bbotk]  650d61d7-c152-4d96-a83a-aff0c94f4265
INFO  [17:08:27.546] [bbotk] Evaluating 1 configuration(s)
INFO  [17:08:27.758] [bbotk] Result of batch 3:
INFO  [17:08:27.759] [bbotk]  nrounds        eta max_depth classif.ce warnings errors runtime_learners
INFO  [17:08:27.759] [bbotk]      192 0.03010183         3 0.06140351        0      0            0.187
INFO  [17:08:27.759] [bbotk]                                 uhash
INFO  [17:08:27.759] [bbotk]  cdba2ace-969a-4c1f-aeda-bc12c9060ce7
INFO  [17:08:27.763] [bbotk] Evaluating 1 configuration(s)
INFO  [17:08:28.054] [bbotk] Result of batch 4:
INFO  [17:08:28.056] [bbotk]  nrounds        eta max_depth classif.ce warnings errors runtime_learners
INFO  [17:08:28.056] [bbotk]      138 0.05511476         7 0.05764411        0      0            0.256
INFO  [17:08:28.056] [bbotk]                                 uhash
INFO  [17:08:28.056] [bbotk]  e0eb9403-03e2-49db-a2c6-d9343faa9af7
INFO  [17:08:28.065] [bbotk] Evaluating 1 configuration(s)
INFO  [17:08:28.357] [bbotk] Result of batch 5:
INFO  [17:08:28.358] [bbotk]  nrounds        eta max_depth classif.ce warnings errors runtime_learners
INFO  [17:08:28.358] [bbotk]      151 0.07975301         5 0.05639098        0      0            0.242
INFO  [17:08:28.358] [bbotk]                                 uhash
INFO  [17:08:28.358] [bbotk]  4f054146-560d-4967-9dcf-41c726149be0
INFO  [17:08:28.362] [bbotk] Evaluating 1 configuration(s)
INFO  [17:08:28.508] [bbotk] Result of batch 6:
INFO  [17:08:28.509] [bbotk]  nrounds       eta max_depth classif.ce warnings errors runtime_learners
INFO  [17:08:28.509] [bbotk]       66 0.1507852         5 0.05764411        0      0            0.118
INFO  [17:08:28.509] [bbotk]                                 uhash
INFO  [17:08:28.509] [bbotk]  6975f212-f90d-4e10-9d18-dcc8dda8b1e3
INFO  [17:08:28.513] [bbotk] Evaluating 1 configuration(s)
INFO  [17:08:28.737] [bbotk] Result of batch 7:
INFO  [17:08:28.738] [bbotk]  nrounds        eta max_depth classif.ce warnings errors runtime_learners
INFO  [17:08:28.738] [bbotk]      111 0.01903585         6 0.06641604        0      0            0.192
INFO  [17:08:28.738] [bbotk]                                 uhash
INFO  [17:08:28.738] [bbotk]  709189c4-10e0-4b24-83d3-df5a7f541f4f
INFO  [17:08:28.741] [bbotk] Evaluating 1 configuration(s)
INFO  [17:08:29.024] [bbotk] Result of batch 8:
INFO  [17:08:29.025] [bbotk]  nrounds       eta max_depth classif.ce warnings errors runtime_learners
INFO  [17:08:29.025] [bbotk]      153 0.1471437         7 0.06140351        0      0            0.251
INFO  [17:08:29.025] [bbotk]                                 uhash
INFO  [17:08:29.025] [bbotk]  2ece9d58-3905-44e0-bf1d-e7b2d44d4fd3
INFO  [17:08:29.033] [bbotk] Evaluating 1 configuration(s)
INFO  [17:08:29.211] [bbotk] Result of batch 9:
INFO  [17:08:29.213] [bbotk]  nrounds       eta max_depth classif.ce warnings errors runtime_learners
INFO  [17:08:29.213] [bbotk]       84 0.2362159        10 0.05639098        0      0            0.139
INFO  [17:08:29.213] [bbotk]                                 uhash
INFO  [17:08:29.213] [bbotk]  39773693-4d98-4da0-b7fd-ffec12228627
INFO  [17:08:29.219] [bbotk] Evaluating 1 configuration(s)
INFO  [17:08:29.511] [bbotk] Result of batch 10:
INFO  [17:08:29.512] [bbotk]  nrounds       eta max_depth classif.ce warnings errors runtime_learners
INFO  [17:08:29.512] [bbotk]      214 0.2810121         4 0.05764411        0      0            0.258
INFO  [17:08:29.512] [bbotk]                                 uhash
INFO  [17:08:29.512] [bbotk]  02cf9a6e-09c4-432c-96da-67fe9ec24d49
INFO  [17:08:29.524] [bbotk] Finished optimizing after 10 evaluation(s)
INFO  [17:08:29.524] [bbotk] Result:
INFO  [17:08:29.525] [bbotk]  nrounds        eta max_depth learner_param_vals  x_domain classif.ce
INFO  [17:08:29.525] [bbotk]    <int>      <num>     <int>             <list>    <list>      <num>
INFO  [17:08:29.525] [bbotk]      151 0.07975301         5          <list[5]> <list[3]> 0.05639098
INFO  [17:08:29.694] [bbotk] Starting to optimize 3 parameter(s) with '<OptimizerBatchRandomSearch>' and '<TerminatorEvals> [n_evals=10, k=0]'
INFO  [17:08:29.703] [bbotk] Evaluating 1 configuration(s)
INFO  [17:08:29.857] [bbotk] Result of batch 1:
INFO  [17:08:29.858] [bbotk]  nrounds        eta max_depth classif.ce warnings errors runtime_learners
INFO  [17:08:29.858] [bbotk]       60 0.08048577         7 0.07257845        0      0            0.122
INFO  [17:08:29.858] [bbotk]                                 uhash
INFO  [17:08:29.858] [bbotk]  16e1b04c-ab4a-4854-976e-58a9b0a6309e
INFO  [17:08:29.866] [bbotk] Evaluating 1 configuration(s)
INFO  [17:08:30.204] [bbotk] Result of batch 2:
INFO  [17:08:30.206] [bbotk]  nrounds       eta max_depth classif.ce warnings errors runtime_learners
INFO  [17:08:30.206] [bbotk]      237 0.2186033         8 0.08008786        0      0            0.307
INFO  [17:08:30.206] [bbotk]                                 uhash
INFO  [17:08:30.206] [bbotk]  93e3cef5-34b0-4eb0-9f81-fcbe6497d722
INFO  [17:08:30.212] [bbotk] Evaluating 1 configuration(s)
INFO  [17:08:30.739] [bbotk] Result of batch 3:
INFO  [17:08:30.740] [bbotk]  nrounds        eta max_depth classif.ce warnings errors runtime_learners
INFO  [17:08:30.740] [bbotk]      271 0.05655735         9 0.07883942        0      0            0.497
INFO  [17:08:30.740] [bbotk]                                 uhash
INFO  [17:08:30.740] [bbotk]  91ef68e3-18bb-48c2-bac2-b963d3bea4f2
INFO  [17:08:30.744] [bbotk] Evaluating 1 configuration(s)
INFO  [17:08:30.882] [bbotk] Result of batch 4:
INFO  [17:08:30.883] [bbotk]  nrounds        eta max_depth classif.ce warnings errors runtime_learners
INFO  [17:08:30.883] [bbotk]       66 0.09719031         5 0.07633315        0      0            0.102
INFO  [17:08:30.883] [bbotk]                                 uhash
INFO  [17:08:30.883] [bbotk]  28cfd4ff-a2d2-4259-a877-8041e15ad043
INFO  [17:08:30.888] [bbotk] Evaluating 1 configuration(s)
INFO  [17:08:31.051] [bbotk] Result of batch 5:
INFO  [17:08:31.052] [bbotk]  nrounds       eta max_depth classif.ce warnings errors runtime_learners
INFO  [17:08:31.052] [bbotk]      143 0.2210269         2 0.07132532        0      0             0.12
INFO  [17:08:31.052] [bbotk]                                 uhash
INFO  [17:08:31.052] [bbotk]  59500089-cc8a-4c79-9b1e-8e62b64c3bcb
INFO  [17:08:31.056] [bbotk] Evaluating 1 configuration(s)
INFO  [17:08:31.622] [bbotk] Result of batch 6:
INFO  [17:08:31.624] [bbotk]  nrounds        eta max_depth classif.ce warnings errors runtime_learners
INFO  [17:08:31.624] [bbotk]      248 0.01619092         5 0.07257376        0      0            0.526
INFO  [17:08:31.624] [bbotk]                                 uhash
INFO  [17:08:31.624] [bbotk]  52eceb19-5430-40c9-8205-c89076610a43
INFO  [17:08:31.635] [bbotk] Evaluating 1 configuration(s)
INFO  [17:08:31.817] [bbotk] Result of batch 7:
INFO  [17:08:31.819] [bbotk]  nrounds       eta max_depth classif.ce warnings errors runtime_learners
INFO  [17:08:31.819] [bbotk]      116 0.2847399         2 0.07633785        0      0            0.125
INFO  [17:08:31.819] [bbotk]                                 uhash
INFO  [17:08:31.819] [bbotk]  b1bea514-f474-4da1-8d48-8e3caf48716b
INFO  [17:08:31.823] [bbotk] Evaluating 1 configuration(s)
INFO  [17:08:31.986] [bbotk] Result of batch 8:
INFO  [17:08:31.992] [bbotk]  nrounds       eta max_depth classif.ce warnings errors runtime_learners
INFO  [17:08:31.992] [bbotk]       68 0.2810874         3 0.07633315        0      0             0.12
INFO  [17:08:31.992] [bbotk]                                 uhash
INFO  [17:08:31.992] [bbotk]  9e7cf999-c4cb-4dc9-b661-6c74bf34a6a9
INFO  [17:08:32.001] [bbotk] Evaluating 1 configuration(s)
INFO  [17:08:32.341] [bbotk] Result of batch 9:
INFO  [17:08:32.342] [bbotk]  nrounds       eta max_depth classif.ce warnings errors runtime_learners
INFO  [17:08:32.342] [bbotk]      151 0.1163247         4 0.07633315        0      0            0.295
INFO  [17:08:32.342] [bbotk]                                 uhash
INFO  [17:08:32.342] [bbotk]  2e149f17-3544-4749-8e67-eb2f170a9c9f
INFO  [17:08:32.346] [bbotk] Evaluating 1 configuration(s)
INFO  [17:08:32.787] [bbotk] Result of batch 10:
INFO  [17:08:32.790] [bbotk]  nrounds      eta max_depth classif.ce warnings errors runtime_learners
INFO  [17:08:32.790] [bbotk]      172 0.113186         7 0.07633315        0      0            0.388
INFO  [17:08:32.790] [bbotk]                                 uhash
INFO  [17:08:32.790] [bbotk]  cd7248bc-4aa2-4578-9917-2fa3eb951e4f
INFO  [17:08:32.816] [bbotk] Finished optimizing after 10 evaluation(s)
INFO  [17:08:32.817] [bbotk] Result:
INFO  [17:08:32.819] [bbotk]  nrounds       eta max_depth learner_param_vals  x_domain classif.ce
INFO  [17:08:32.819] [bbotk]    <int>     <num>     <int>             <list>    <list>      <num>
INFO  [17:08:32.819] [bbotk]      143 0.2210269         2          <list[5]> <list[3]> 0.07132532
INFO  [17:08:32.952] [bbotk] Starting to optimize 3 parameter(s) with '<OptimizerBatchRandomSearch>' and '<TerminatorEvals> [n_evals=10, k=0]'
INFO  [17:08:32.975] [bbotk] Evaluating 1 configuration(s)
INFO  [17:08:33.548] [bbotk] Result of batch 1:
INFO  [17:08:33.549] [bbotk]  nrounds       eta max_depth classif.ce warnings errors runtime_learners
INFO  [17:08:33.549] [bbotk]      290 0.1807537         5 0.07258314        0      0            0.521
INFO  [17:08:33.549] [bbotk]                                 uhash
INFO  [17:08:33.549] [bbotk]  c7be0c3a-bf2b-4ba3-a69d-c72d7b40f0c9
INFO  [17:08:33.558] [bbotk] Evaluating 1 configuration(s)
INFO  [17:08:33.922] [bbotk] Result of batch 2:
INFO  [17:08:33.923] [bbotk]  nrounds       eta max_depth classif.ce warnings errors runtime_learners
INFO  [17:08:33.923] [bbotk]      161 0.2769649        10  0.0713347        0      0            0.311
INFO  [17:08:33.923] [bbotk]                                 uhash
INFO  [17:08:33.923] [bbotk]  e465e445-119b-41a3-8aaa-774fd4229cf5
INFO  [17:08:33.932] [bbotk] Evaluating 1 configuration(s)
INFO  [17:08:34.441] [bbotk] Result of batch 3:
INFO  [17:08:34.443] [bbotk]  nrounds       eta max_depth classif.ce warnings errors runtime_learners
INFO  [17:08:34.443] [bbotk]      226 0.2612628         6 0.07258314        0      0            0.453
INFO  [17:08:34.443] [bbotk]                                 uhash
INFO  [17:08:34.443] [bbotk]  c19379eb-2c67-462a-a072-e114099d7534
INFO  [17:08:34.459] [bbotk] Evaluating 1 configuration(s)
INFO  [17:08:34.945] [bbotk] Result of batch 4:
INFO  [17:08:34.946] [bbotk]  nrounds        eta max_depth classif.ce warnings errors runtime_learners
INFO  [17:08:34.946] [bbotk]      198 0.01223612         5 0.07009565        0      0            0.422
INFO  [17:08:34.946] [bbotk]                                 uhash
INFO  [17:08:34.946] [bbotk]  cba848d9-37c8-49fd-89ef-15f0d268f429
INFO  [17:08:34.950] [bbotk] Evaluating 1 configuration(s)
INFO  [17:08:35.116] [bbotk] Result of batch 5:
INFO  [17:08:35.117] [bbotk]  nrounds        eta max_depth classif.ce warnings errors runtime_learners
INFO  [17:08:35.117] [bbotk]       50 0.03236987         6 0.08010663        0      0            0.118
INFO  [17:08:35.117] [bbotk]                                 uhash
INFO  [17:08:35.117] [bbotk]  e041476f-369f-4af7-953a-3c491f69f9a7
INFO  [17:08:35.130] [bbotk] Evaluating 1 configuration(s)
INFO  [17:08:35.733] [bbotk] Result of batch 6:
INFO  [17:08:35.735] [bbotk]  nrounds       eta max_depth classif.ce warnings errors runtime_learners
INFO  [17:08:35.735] [bbotk]      226 0.1852006         6 0.06882844        0      0            0.547
INFO  [17:08:35.735] [bbotk]                                 uhash
INFO  [17:08:35.735] [bbotk]  f5ca1713-f888-493a-9d1a-0b7d35ca3e74
INFO  [17:08:35.740] [bbotk] Evaluating 1 configuration(s)
INFO  [17:08:35.979] [bbotk] Result of batch 7:
INFO  [17:08:35.981] [bbotk]  nrounds       eta max_depth classif.ce warnings errors runtime_learners
INFO  [17:08:35.981] [bbotk]      152 0.1996508         2 0.07008626        0      0            0.179
INFO  [17:08:35.981] [bbotk]                                 uhash
INFO  [17:08:35.981] [bbotk]  0252f9fc-f0d6-4f92-8cc7-3f3343eba98b
INFO  [17:08:35.986] [bbotk] Evaluating 1 configuration(s)
INFO  [17:08:36.465] [bbotk] Result of batch 8:
INFO  [17:08:36.466] [bbotk]  nrounds        eta max_depth classif.ce warnings errors runtime_learners
INFO  [17:08:36.466] [bbotk]      174 0.03082843         5 0.06883313        0      0             0.43
INFO  [17:08:36.466] [bbotk]                                 uhash
INFO  [17:08:36.466] [bbotk]  a2431385-ec88-4ebe-a2a2-82a7d9aaa1d8
INFO  [17:08:36.470] [bbotk] Evaluating 1 configuration(s)
INFO  [17:08:36.645] [bbotk] Result of batch 9:
INFO  [17:08:36.648] [bbotk]  nrounds      eta max_depth classif.ce warnings errors runtime_learners
INFO  [17:08:36.648] [bbotk]      103 0.147059         3 0.06883782        0      0             0.13
INFO  [17:08:36.648] [bbotk]                                 uhash
INFO  [17:08:36.648] [bbotk]  6a1cec2c-79dc-4b6d-89c4-8b0ea6bfb3c1
INFO  [17:08:36.661] [bbotk] Evaluating 1 configuration(s)
INFO  [17:08:36.847] [bbotk] Result of batch 10:
INFO  [17:08:36.848] [bbotk]  nrounds       eta max_depth classif.ce warnings errors runtime_learners
INFO  [17:08:36.848] [bbotk]       78 0.1786738         3 0.07008626        0      0            0.132
INFO  [17:08:36.848] [bbotk]                                 uhash
INFO  [17:08:36.848] [bbotk]  41d2920e-9f10-4e15-931f-151a2ff6cfe1
INFO  [17:08:36.858] [bbotk] Finished optimizing after 10 evaluation(s)
INFO  [17:08:36.859] [bbotk] Result:
INFO  [17:08:36.860] [bbotk]  nrounds       eta max_depth learner_param_vals  x_domain classif.ce
INFO  [17:08:36.860] [bbotk]    <int>     <num>     <int>             <list>    <list>      <num>
INFO  [17:08:36.860] [bbotk]      226 0.1852006         6          <list[5]> <list[3]> 0.06882844

### [bt]: Job terminated successfully [batchtools job.id=2221]
### [bt]: Starting job [batchtools job.id=2222]
### [bt]: Generating problem instance for problem 'a63d756aec4c60c1' ...
### [bt]: Applying algorithm 'run_learner' on problem 'a63d756aec4c60c1' for job 2222 (seed = 2223) ...
INFO  [17:08:37.226] [mlr3] Applying learner 'classif.xgboost.tuned_calib.oof_platt' on task 'pc1' (iter 2/10)
INFO  [17:08:37.272] [bbotk] Starting to optimize 3 parameter(s) with '<OptimizerBatchRandomSearch>' and '<TerminatorEvals> [n_evals=10, k=0]'
INFO  [17:08:37.293] [bbotk] Evaluating 1 configuration(s)
INFO  [17:08:37.701] [bbotk] Result of batch 1:
INFO  [17:08:37.702] [bbotk]  nrounds       eta max_depth classif.ce warnings errors runtime_learners
INFO  [17:08:37.702] [bbotk]      189 0.1909115         5 0.06140351        0      0            0.368
INFO  [17:08:37.702] [bbotk]                                 uhash
INFO  [17:08:37.702] [bbotk]  34a18f54-c46a-4af2-b92f-e46e39021900
INFO  [17:08:37.709] [bbotk] Evaluating 1 configuration(s)
INFO  [17:08:37.936] [bbotk] Result of batch 2:
INFO  [17:08:37.937] [bbotk]  nrounds       eta max_depth classif.ce warnings errors runtime_learners
INFO  [17:08:37.937] [bbotk]       81 0.1214855         6 0.06892231        0      0            0.176
INFO  [17:08:37.937] [bbotk]                                 uhash
INFO  [17:08:37.937] [bbotk]  45c9df0a-7b61-454a-b6a0-62ecb5704a08
INFO  [17:08:37.941] [bbotk] Evaluating 1 configuration(s)
INFO  [17:08:38.118] [bbotk] Result of batch 3:
INFO  [17:08:38.120] [bbotk]  nrounds        eta max_depth classif.ce warnings errors runtime_learners
INFO  [17:08:38.120] [bbotk]       73 0.05059567         4 0.06766917        0      0            0.133
INFO  [17:08:38.120] [bbotk]                                 uhash
INFO  [17:08:38.120] [bbotk]  e4000442-240e-48a2-abb4-eb15d795c3c1
INFO  [17:08:38.134] [bbotk] Evaluating 1 configuration(s)
INFO  [17:08:38.499] [bbotk] Result of batch 4:
INFO  [17:08:38.500] [bbotk]  nrounds        eta max_depth classif.ce warnings errors runtime_learners
INFO  [17:08:38.500] [bbotk]      271 0.03982751         2 0.07017544        0      0            0.326
INFO  [17:08:38.500] [bbotk]                                 uhash
INFO  [17:08:38.500] [bbotk]  c85ef75d-4e2d-469a-b80a-1b5b04d79fc1
INFO  [17:08:38.509] [bbotk] Evaluating 1 configuration(s)
INFO  [17:08:38.761] [bbotk] Result of batch 5:
INFO  [17:08:38.764] [bbotk]  nrounds       eta max_depth classif.ce warnings errors runtime_learners
INFO  [17:08:38.764] [bbotk]      239 0.1495529         2 0.07142857        0      0            0.215
INFO  [17:08:38.764] [bbotk]                                 uhash
INFO  [17:08:38.764] [bbotk]  f35fbeba-5949-4ce1-9f76-eaf70ebc7e5a
INFO  [17:08:38.773] [bbotk] Evaluating 1 configuration(s)
INFO  [17:08:39.299] [bbotk] Result of batch 6:
INFO  [17:08:39.300] [bbotk]  nrounds        eta max_depth classif.ce warnings errors runtime_learners
INFO  [17:08:39.300] [bbotk]      271 0.08679402         5 0.06140351        0      0            0.481
INFO  [17:08:39.300] [bbotk]                                 uhash
INFO  [17:08:39.300] [bbotk]  4dba7fab-cc43-426a-8372-e1876b695e6c
INFO  [17:08:39.308] [bbotk] Evaluating 1 configuration(s)
INFO  [17:08:39.734] [bbotk] Result of batch 7:
INFO  [17:08:39.736] [bbotk]  nrounds       eta max_depth classif.ce warnings errors runtime_learners
INFO  [17:08:39.736] [bbotk]      192 0.1522755        10 0.06390977        0      0            0.388
INFO  [17:08:39.736] [bbotk]                                 uhash
INFO  [17:08:39.736] [bbotk]  9a5a2d15-9a2c-480a-9e1b-fc9635d33090
INFO  [17:08:39.740] [bbotk] Evaluating 1 configuration(s)
INFO  [17:08:40.277] [bbotk] Result of batch 8:
INFO  [17:08:40.282] [bbotk]  nrounds       eta max_depth classif.ce warnings errors runtime_learners
INFO  [17:08:40.282] [bbotk]      279 0.1697975        10 0.06390977        0      0            0.494
INFO  [17:08:40.282] [bbotk]                                 uhash
INFO  [17:08:40.282] [bbotk]  d1c5900a-2f73-4423-aebc-afc5ec57f585
INFO  [17:08:40.291] [bbotk] Evaluating 1 configuration(s)
INFO  [17:08:40.676] [bbotk] Result of batch 9:
INFO  [17:08:40.677] [bbotk]  nrounds       eta max_depth classif.ce warnings errors runtime_learners
INFO  [17:08:40.677] [bbotk]      193 0.2987299         6 0.06390977        0      0            0.344
INFO  [17:08:40.677] [bbotk]                                 uhash
INFO  [17:08:40.677] [bbotk]  dd320706-86cb-471f-8445-64efd5777158
INFO  [17:08:40.685] [bbotk] Evaluating 1 configuration(s)
INFO  [17:08:41.000] [bbotk] Result of batch 10:
INFO  [17:08:41.002] [bbotk]  nrounds      eta max_depth classif.ce warnings errors runtime_learners
INFO  [17:08:41.002] [bbotk]      149 0.272776         8 0.06015038        0      0            0.261
INFO  [17:08:41.002] [bbotk]                                 uhash
INFO  [17:08:41.002] [bbotk]  cb9d48ee-70d0-48f0-930b-963889783a00
INFO  [17:08:41.020] [bbotk] Finished optimizing after 10 evaluation(s)
INFO  [17:08:41.020] [bbotk] Result:
INFO  [17:08:41.021] [bbotk]  nrounds      eta max_depth learner_param_vals  x_domain classif.ce
INFO  [17:08:41.021] [bbotk]    <int>    <num>     <int>             <list>    <list>      <num>
INFO  [17:08:41.021] [bbotk]      149 0.272776         8          <list[5]> <list[3]> 0.06015038
INFO  [17:08:41.259] [bbotk] Starting to optimize 3 parameter(s) with '<OptimizerBatchRandomSearch>' and '<TerminatorEvals> [n_evals=10, k=0]'
INFO  [17:08:41.286] [bbotk] Evaluating 1 configuration(s)
INFO  [17:08:41.519] [bbotk] Result of batch 1:
INFO  [17:08:41.520] [bbotk]  nrounds       eta max_depth classif.ce warnings errors runtime_learners
INFO  [17:08:41.520] [bbotk]       76 0.2869115         6 0.07142857        0      0            0.193
INFO  [17:08:41.520] [bbotk]                                 uhash
INFO  [17:08:41.520] [bbotk]  18fa74a8-aa7f-4957-b388-7f24f11121fb
INFO  [17:08:41.526] [bbotk] Evaluating 1 configuration(s)
INFO  [17:08:42.286] [bbotk] Result of batch 2:
INFO  [17:08:42.287] [bbotk]  nrounds        eta max_depth classif.ce warnings errors runtime_learners
INFO  [17:08:42.287] [bbotk]      284 0.06168533         9 0.06766917        0      0             0.72
INFO  [17:08:42.287] [bbotk]                                 uhash
INFO  [17:08:42.287] [bbotk]  eb3e6807-919c-40ca-a745-e5eb0c2913e7
INFO  [17:08:42.291] [bbotk] Evaluating 1 configuration(s)
INFO  [17:08:42.801] [bbotk] Result of batch 3:
INFO  [17:08:42.803] [bbotk]  nrounds       eta max_depth classif.ce warnings errors runtime_learners
INFO  [17:08:42.803] [bbotk]      281 0.2421046         4 0.07518797        0      0            0.452
INFO  [17:08:42.803] [bbotk]                                 uhash
INFO  [17:08:42.803] [bbotk]  1c2b54ff-6262-400e-a59b-cf5592e4d62c
INFO  [17:08:42.810] [bbotk] Evaluating 1 configuration(s)
INFO  [17:08:42.999] [bbotk] Result of batch 4:
INFO  [17:08:43.000] [bbotk]  nrounds       eta max_depth classif.ce warnings errors runtime_learners
INFO  [17:08:43.000] [bbotk]      108 0.1611657         3 0.07017544        0      0            0.145
INFO  [17:08:43.000] [bbotk]                                 uhash
INFO  [17:08:43.000] [bbotk]  9a17f27b-b3b3-45b9-ac6e-909bcc9da01a
INFO  [17:08:43.005] [bbotk] Evaluating 1 configuration(s)
INFO  [17:08:43.583] [bbotk] Result of batch 5:
INFO  [17:08:43.585] [bbotk]  nrounds        eta max_depth classif.ce warnings errors runtime_learners
INFO  [17:08:43.585] [bbotk]      239 0.06067879         8 0.06641604        0      0            0.525
INFO  [17:08:43.585] [bbotk]                                 uhash
INFO  [17:08:43.585] [bbotk]  7eb4a05b-5beb-4280-9c99-3b3dbe83cc21
INFO  [17:08:43.589] [bbotk] Evaluating 1 configuration(s)
INFO  [17:08:44.080] [bbotk] Result of batch 6:
INFO  [17:08:44.081] [bbotk]  nrounds       eta max_depth classif.ce warnings errors runtime_learners
INFO  [17:08:44.081] [bbotk]      201 0.1270644         9  0.0726817        0      0            0.456
INFO  [17:08:44.081] [bbotk]                                 uhash
INFO  [17:08:44.081] [bbotk]  0304fd63-4c9e-49b8-b3e3-3a7dd75b1b24
INFO  [17:08:44.093] [bbotk] Evaluating 1 configuration(s)
INFO  [17:08:44.513] [bbotk] Result of batch 7:
INFO  [17:08:44.514] [bbotk]  nrounds       eta max_depth classif.ce warnings errors runtime_learners
INFO  [17:08:44.514] [bbotk]      202 0.2643317         9 0.06641604        0      0            0.389
INFO  [17:08:44.514] [bbotk]                                 uhash
INFO  [17:08:44.514] [bbotk]  4822ffdf-28f7-4c98-ba23-410f50a8e76c
INFO  [17:08:44.521] [bbotk] Evaluating 1 configuration(s)
INFO  [17:08:44.815] [bbotk] Result of batch 8:
INFO  [17:08:44.816] [bbotk]  nrounds       eta max_depth classif.ce warnings errors runtime_learners
INFO  [17:08:44.816] [bbotk]       98 0.2353821         2 0.06892231        0      0            0.242
INFO  [17:08:44.816] [bbotk]                                 uhash
INFO  [17:08:44.816] [bbotk]  37c90e19-c345-489b-8b9c-fed0fbbad3dc
INFO  [17:08:44.820] [bbotk] Evaluating 1 configuration(s)
INFO  [17:08:45.388] [bbotk] Result of batch 9:
INFO  [17:08:45.390] [bbotk]  nrounds      eta max_depth classif.ce warnings errors runtime_learners
INFO  [17:08:45.390] [bbotk]      260 0.173896         8 0.07142857        0      0            0.526
INFO  [17:08:45.390] [bbotk]                                 uhash
INFO  [17:08:45.390] [bbotk]  dd807169-f4c6-4e19-984f-9f59f595b21d
INFO  [17:08:45.396] [bbotk] Evaluating 1 configuration(s)
INFO  [17:08:46.081] [bbotk] Result of batch 10:
INFO  [17:08:46.082] [bbotk]  nrounds        eta max_depth classif.ce warnings errors runtime_learners
INFO  [17:08:46.082] [bbotk]      248 0.05211286         8 0.06892231        0      0            0.635
INFO  [17:08:46.082] [bbotk]                                 uhash
INFO  [17:08:46.082] [bbotk]  344c6be3-af9d-4c69-9a71-3fd650468504
INFO  [17:08:46.093] [bbotk] Finished optimizing after 10 evaluation(s)
INFO  [17:08:46.094] [bbotk] Result:
INFO  [17:08:46.096] [bbotk]  nrounds        eta max_depth learner_param_vals  x_domain classif.ce
INFO  [17:08:46.096] [bbotk]    <int>      <num>     <int>             <list>    <list>      <num>
INFO  [17:08:46.096] [bbotk]      239 0.06067879         8          <list[5]> <list[3]> 0.06641604
INFO  [17:08:46.483] [bbotk] Starting to optimize 3 parameter(s) with '<OptimizerBatchRandomSearch>' and '<TerminatorEvals> [n_evals=10, k=0]'
INFO  [17:08:46.500] [bbotk] Evaluating 1 configuration(s)
INFO  [17:08:46.952] [bbotk] Result of batch 1:
INFO  [17:08:46.955] [bbotk]  nrounds       eta max_depth classif.ce warnings errors runtime_learners
INFO  [17:08:46.955] [bbotk]      234 0.1837466         5 0.06641604        0      0            0.415
INFO  [17:08:46.955] [bbotk]                                 uhash
INFO  [17:08:46.955] [bbotk]  9f401b81-3950-4662-8cff-5ec46b4bb131
INFO  [17:08:46.970] [bbotk] Evaluating 1 configuration(s)
INFO  [17:08:47.258] [bbotk] Result of batch 2:
INFO  [17:08:47.260] [bbotk]  nrounds        eta max_depth classif.ce warnings errors runtime_learners
INFO  [17:08:47.260] [bbotk]       84 0.02727532        10 0.05889724        0      0            0.236
INFO  [17:08:47.260] [bbotk]                                 uhash
INFO  [17:08:47.260] [bbotk]  d3f28e77-a1f6-4929-b078-39fb1a1f3d59
INFO  [17:08:47.273] [bbotk] Evaluating 1 configuration(s)
INFO  [17:08:47.776] [bbotk] Result of batch 3:
INFO  [17:08:47.778] [bbotk]  nrounds        eta max_depth classif.ce warnings errors runtime_learners
INFO  [17:08:47.778] [bbotk]      230 0.03704842         4 0.06390977        0      0            0.439
INFO  [17:08:47.778] [bbotk]                                 uhash
INFO  [17:08:47.778] [bbotk]  641e2bc9-d757-448e-91a3-51a82de02395
INFO  [17:08:47.786] [bbotk] Evaluating 1 configuration(s)
INFO  [17:08:48.155] [bbotk] Result of batch 4:
INFO  [17:08:48.156] [bbotk]  nrounds       eta max_depth classif.ce warnings errors runtime_learners
INFO  [17:08:48.156] [bbotk]      264 0.1581127         3 0.06516291        0      0            0.318
INFO  [17:08:48.156] [bbotk]                                 uhash
INFO  [17:08:48.156] [bbotk]  25659fa8-42c5-495c-94e7-3e480fd9399d
INFO  [17:08:48.160] [bbotk] Evaluating 1 configuration(s)
INFO  [17:08:48.447] [bbotk] Result of batch 5:
INFO  [17:08:48.448] [bbotk]  nrounds       eta max_depth classif.ce warnings errors runtime_learners
INFO  [17:08:48.448] [bbotk]      194 0.1915435         3 0.06516291        0      0            0.244
INFO  [17:08:48.448] [bbotk]                                 uhash
INFO  [17:08:48.448] [bbotk]  a015a8fd-42d7-4a83-8df0-be461dd5684b
INFO  [17:08:48.454] [bbotk] Evaluating 1 configuration(s)
INFO  [17:08:48.613] [bbotk] Result of batch 6:
INFO  [17:08:48.615] [bbotk]  nrounds       eta max_depth classif.ce warnings errors runtime_learners
INFO  [17:08:48.615] [bbotk]       56 0.2658189         6 0.06516291        0      0            0.113
INFO  [17:08:48.615] [bbotk]                                 uhash
INFO  [17:08:48.615] [bbotk]  9664e210-3bae-458c-a03b-02a01874c3c2
INFO  [17:08:48.624] [bbotk] Evaluating 1 configuration(s)
INFO  [17:08:49.324] [bbotk] Result of batch 7:
INFO  [17:08:49.325] [bbotk]  nrounds        eta max_depth classif.ce warnings errors runtime_learners
INFO  [17:08:49.325] [bbotk]      263 0.05932152        10 0.05889724        0      0            0.646
INFO  [17:08:49.325] [bbotk]                                 uhash
INFO  [17:08:49.325] [bbotk]  cd5f5909-5820-4c29-bcd4-ca9b40a5d9be
INFO  [17:08:49.329] [bbotk] Evaluating 1 configuration(s)
INFO  [17:08:49.512] [bbotk] Result of batch 8:
INFO  [17:08:49.513] [bbotk]  nrounds       eta max_depth classif.ce warnings errors runtime_learners
INFO  [17:08:49.513] [bbotk]      127 0.1121086         2 0.06390977        0      0            0.131
INFO  [17:08:49.513] [bbotk]                                 uhash
INFO  [17:08:49.513] [bbotk]  cac55035-466b-4d37-b7c6-1eb73e3bfa2e
INFO  [17:08:49.517] [bbotk] Evaluating 1 configuration(s)
INFO  [17:08:49.998] [bbotk] Result of batch 9:
INFO  [17:08:49.999] [bbotk]  nrounds       eta max_depth classif.ce warnings errors runtime_learners
INFO  [17:08:49.999] [bbotk]      247 0.2070136         7 0.06641604        0      0            0.422
INFO  [17:08:49.999] [bbotk]                                 uhash
INFO  [17:08:49.999] [bbotk]  f3819a9f-0907-4cac-94ef-8c86cc1893ff
INFO  [17:08:50.003] [bbotk] Evaluating 1 configuration(s)
INFO  [17:08:50.306] [bbotk] Result of batch 10:
INFO  [17:08:50.308] [bbotk]  nrounds       eta max_depth classif.ce warnings errors runtime_learners
INFO  [17:08:50.308] [bbotk]      216 0.2612986         2  0.0726817        0      0            0.265
INFO  [17:08:50.308] [bbotk]                                 uhash
INFO  [17:08:50.308] [bbotk]  675c7dd9-7c73-4400-a798-93cbda6163c6
INFO  [17:08:50.330] [bbotk] Finished optimizing after 10 evaluation(s)
INFO  [17:08:50.331] [bbotk] Result:
INFO  [17:08:50.332] [bbotk]  nrounds        eta max_depth learner_param_vals  x_domain classif.ce
INFO  [17:08:50.332] [bbotk]    <int>      <num>     <int>             <list>    <list>      <num>
INFO  [17:08:50.332] [bbotk]       84 0.02727532        10          <list[5]> <list[3]> 0.05889724
INFO  [17:08:50.513] [bbotk] Starting to optimize 3 parameter(s) with '<OptimizerBatchRandomSearch>' and '<TerminatorEvals> [n_evals=10, k=0]'
INFO  [17:08:50.538] [bbotk] Evaluating 1 configuration(s)
INFO  [17:08:50.958] [bbotk] Result of batch 1:
INFO  [17:08:50.960] [bbotk]  nrounds       eta max_depth classif.ce warnings errors runtime_learners
INFO  [17:08:50.960] [bbotk]      280 0.2672857         3 0.06882844        0      0            0.372
INFO  [17:08:50.960] [bbotk]                                 uhash
INFO  [17:08:50.960] [bbotk]  4404ef2d-518a-453f-9299-4aec56bd99f9
INFO  [17:08:50.973] [bbotk] Evaluating 1 configuration(s)
INFO  [17:08:51.214] [bbotk] Result of batch 2:
INFO  [17:08:51.215] [bbotk]  nrounds       eta max_depth classif.ce warnings errors runtime_learners
INFO  [17:08:51.215] [bbotk]      104 0.2885115         3 0.06382999        0      0            0.189
INFO  [17:08:51.215] [bbotk]                                 uhash
INFO  [17:08:51.215] [bbotk]  392cfb8c-3b80-498f-bab0-5d560e70d837
INFO  [17:08:51.220] [bbotk] Evaluating 1 configuration(s)
INFO  [17:08:51.591] [bbotk] Result of batch 3:
INFO  [17:08:51.593] [bbotk]  nrounds       eta max_depth classif.ce warnings errors runtime_learners
INFO  [17:08:51.593] [bbotk]      191 0.2283106         5 0.06883782        0      0            0.332
INFO  [17:08:51.593] [bbotk]                                 uhash
INFO  [17:08:51.593] [bbotk]  452d8921-27c0-49c4-aa14-342333118cfd
INFO  [17:08:51.597] [bbotk] Evaluating 1 configuration(s)
INFO  [17:08:51.805] [bbotk] Result of batch 4:
INFO  [17:08:51.806] [bbotk]  nrounds       eta max_depth classif.ce warnings errors runtime_learners
INFO  [17:08:51.806] [bbotk]      109 0.2022669         3 0.06633156        0      0            0.176
INFO  [17:08:51.806] [bbotk]                                 uhash
INFO  [17:08:51.806] [bbotk]  2bece9fe-3d26-425e-a693-e1b159f79ecc
INFO  [17:08:51.810] [bbotk] Evaluating 1 configuration(s)
INFO  [17:08:52.082] [bbotk] Result of batch 5:
INFO  [17:08:52.084] [bbotk]  nrounds        eta max_depth classif.ce warnings errors runtime_learners
INFO  [17:08:52.084] [bbotk]      111 0.03361366         5 0.06257216        0      0            0.239
INFO  [17:08:52.084] [bbotk]                                 uhash
INFO  [17:08:52.084] [bbotk]  7833bd06-5224-4c58-87a6-9486283e10d6
INFO  [17:08:52.097] [bbotk] Evaluating 1 configuration(s)
INFO  [17:08:52.358] [bbotk] Result of batch 6:
INFO  [17:08:52.360] [bbotk]  nrounds       eta max_depth classif.ce warnings errors runtime_learners
INFO  [17:08:52.360] [bbotk]      205 0.2062234         2    0.06758        0      0            0.196
INFO  [17:08:52.360] [bbotk]                                 uhash
INFO  [17:08:52.360] [bbotk]  9eee810e-cbc9-42ef-b75c-a13904818b9e
INFO  [17:08:52.366] [bbotk] Evaluating 1 configuration(s)
INFO  [17:08:52.521] [bbotk] Result of batch 7:
INFO  [17:08:52.522] [bbotk]  nrounds       eta max_depth classif.ce warnings errors runtime_learners
INFO  [17:08:52.522] [bbotk]      105 0.1161043         2 0.06757531        0      0            0.114
INFO  [17:08:52.522] [bbotk]                                 uhash
INFO  [17:08:52.522] [bbotk]  568224a8-d604-4ebf-97f0-7361d0116150
INFO  [17:08:52.526] [bbotk] Evaluating 1 configuration(s)
INFO  [17:08:52.950] [bbotk] Result of batch 8:
INFO  [17:08:52.953] [bbotk]  nrounds      eta max_depth classif.ce warnings errors runtime_learners
INFO  [17:08:52.953] [bbotk]      245 0.240223         9 0.06758469        0      0             0.38
INFO  [17:08:52.953] [bbotk]                                 uhash
INFO  [17:08:52.953] [bbotk]  7056b7fd-b655-421a-b3ab-4ee156b20eba
INFO  [17:08:52.965] [bbotk] Evaluating 1 configuration(s)
INFO  [17:08:53.293] [bbotk] Result of batch 9:
INFO  [17:08:53.295] [bbotk]  nrounds       eta max_depth classif.ce warnings errors runtime_learners
INFO  [17:08:53.295] [bbotk]      179 0.2858825         4 0.06508312        0      0            0.278
INFO  [17:08:53.295] [bbotk]                                 uhash
INFO  [17:08:53.295] [bbotk]  86943f74-f886-4d6a-8bcd-b74eaf8be3b7
INFO  [17:08:53.300] [bbotk] Evaluating 1 configuration(s)
INFO  [17:08:53.495] [bbotk] Result of batch 10:
INFO  [17:08:53.497] [bbotk]  nrounds       eta max_depth classif.ce warnings errors runtime_learners
INFO  [17:08:53.497] [bbotk]       86 0.2103327         3 0.06632687        0      0            0.149
INFO  [17:08:53.497] [bbotk]                                 uhash
INFO  [17:08:53.497] [bbotk]  a548f03d-3b40-44c1-b267-7f6c2ad8c45c
INFO  [17:08:53.517] [bbotk] Finished optimizing after 10 evaluation(s)
INFO  [17:08:53.517] [bbotk] Result:
INFO  [17:08:53.519] [bbotk]  nrounds        eta max_depth learner_param_vals  x_domain classif.ce
INFO  [17:08:53.519] [bbotk]    <int>      <num>     <int>             <list>    <list>      <num>
INFO  [17:08:53.519] [bbotk]      111 0.03361366         5          <list[5]> <list[3]> 0.06257216
INFO  [17:08:53.689] [bbotk] Starting to optimize 3 parameter(s) with '<OptimizerBatchRandomSearch>' and '<TerminatorEvals> [n_evals=10, k=0]'
INFO  [17:08:53.712] [bbotk] Evaluating 1 configuration(s)
INFO  [17:08:54.187] [bbotk] Result of batch 1:
INFO  [17:08:54.188] [bbotk]  nrounds       eta max_depth classif.ce warnings errors runtime_learners
INFO  [17:08:54.188] [bbotk]      218 0.1522861        10 0.06007059        0      0            0.426
INFO  [17:08:54.188] [bbotk]                                 uhash
INFO  [17:08:54.188] [bbotk]  6e8dd1fc-e45b-46cd-9af0-ef5e021dd2ef
INFO  [17:08:54.192] [bbotk] Evaluating 1 configuration(s)
INFO  [17:08:54.550] [bbotk] Result of batch 2:
INFO  [17:08:54.550] [bbotk]  nrounds       eta max_depth classif.ce warnings errors runtime_learners
INFO  [17:08:54.550] [bbotk]      218 0.1047951         3 0.05882684        0      0            0.314
INFO  [17:08:54.550] [bbotk]                                 uhash
INFO  [17:08:54.550] [bbotk]  9f013b85-2bb1-4ebd-8944-4aac232aa48f
INFO  [17:08:54.562] [bbotk] Evaluating 1 configuration(s)
INFO  [17:08:54.721] [bbotk] Result of batch 3:
INFO  [17:08:54.722] [bbotk]  nrounds        eta max_depth classif.ce warnings errors runtime_learners
INFO  [17:08:54.722] [bbotk]       51 0.08519963         4 0.05631119        0      0            0.106
INFO  [17:08:54.722] [bbotk]                                 uhash
INFO  [17:08:54.722] [bbotk]  faec0693-385f-41af-ab14-6efabb06afae
INFO  [17:08:54.727] [bbotk] Evaluating 1 configuration(s)
INFO  [17:08:55.221] [bbotk] Result of batch 4:
INFO  [17:08:55.223] [bbotk]  nrounds     eta max_depth classif.ce warnings errors runtime_learners
INFO  [17:08:55.223] [bbotk]      240 0.20734        10  0.0600659        0      0            0.457
INFO  [17:08:55.223] [bbotk]                                 uhash
INFO  [17:08:55.223] [bbotk]  ae7296d6-025a-460f-862e-8d076e95b857
INFO  [17:08:55.236] [bbotk] Evaluating 1 configuration(s)
INFO  [17:08:55.726] [bbotk] Result of batch 5:
INFO  [17:08:55.727] [bbotk]  nrounds    eta max_depth classif.ce warnings errors runtime_learners
INFO  [17:08:55.727] [bbotk]      251 0.2417         4 0.06633625        0      0            0.441
INFO  [17:08:55.727] [bbotk]                                 uhash
INFO  [17:08:55.727] [bbotk]  9c66dfe9-a79c-4014-8899-4d224c1586a3
INFO  [17:08:55.736] [bbotk] Evaluating 1 configuration(s)
INFO  [17:08:55.996] [bbotk] Result of batch 6:
INFO  [17:08:55.997] [bbotk]  nrounds       eta max_depth classif.ce warnings errors runtime_learners
INFO  [17:08:55.997] [bbotk]      185 0.1106003         3 0.06133311        0      0            0.226
INFO  [17:08:55.997] [bbotk]                                 uhash
INFO  [17:08:55.997] [bbotk]  07e37a15-f0ab-4dad-9fea-5e1255ed4143
INFO  [17:08:56.000] [bbotk] Evaluating 1 configuration(s)
INFO  [17:08:56.448] [bbotk] Result of batch 7:
INFO  [17:08:56.450] [bbotk]  nrounds       eta max_depth classif.ce warnings errors runtime_learners
INFO  [17:08:56.450] [bbotk]      225 0.2374501         5 0.06382999        0      0            0.399
INFO  [17:08:56.450] [bbotk]                                 uhash
INFO  [17:08:56.450] [bbotk]  05ad2f35-4c51-406b-8e2a-dd9c57451364
INFO  [17:08:56.460] [bbotk] Evaluating 1 configuration(s)
INFO  [17:08:56.881] [bbotk] Result of batch 8:
INFO  [17:08:56.882] [bbotk]  nrounds       eta max_depth classif.ce warnings errors runtime_learners
INFO  [17:08:56.882] [bbotk]      237 0.2845039         9 0.06132372        0      0            0.378
INFO  [17:08:56.882] [bbotk]                                 uhash
INFO  [17:08:56.882] [bbotk]  b2756760-9b6d-4840-ae05-c783f208d29c
INFO  [17:08:56.886] [bbotk] Evaluating 1 configuration(s)
INFO  [17:08:57.111] [bbotk] Result of batch 9:
INFO  [17:08:57.112] [bbotk]  nrounds        eta max_depth classif.ce warnings errors runtime_learners
INFO  [17:08:57.112] [bbotk]       83 0.01587597         6 0.06007059        0      0            0.178
INFO  [17:08:57.112] [bbotk]                                 uhash
INFO  [17:08:57.112] [bbotk]  61af2238-60cb-4b0b-91ef-eb35b45508a9
INFO  [17:08:57.118] [bbotk] Evaluating 1 configuration(s)
INFO  [17:08:57.361] [bbotk] Result of batch 10:
INFO  [17:08:57.365] [bbotk]  nrounds        eta max_depth classif.ce warnings errors runtime_learners
INFO  [17:08:57.365] [bbotk]      108 0.02209405         4 0.05756432        0      0            0.198
INFO  [17:08:57.365] [bbotk]                                 uhash
INFO  [17:08:57.365] [bbotk]  4a956140-90f5-498a-9f6b-b82371c8086f
INFO  [17:08:57.383] [bbotk] Finished optimizing after 10 evaluation(s)
INFO  [17:08:57.383] [bbotk] Result:
INFO  [17:08:57.384] [bbotk]  nrounds        eta max_depth learner_param_vals  x_domain classif.ce
INFO  [17:08:57.384] [bbotk]    <int>      <num>     <int>             <list>    <list>      <num>
INFO  [17:08:57.384] [bbotk]       51 0.08519963         4          <list[5]> <list[3]> 0.05631119

### [bt]: Job terminated successfully [batchtools job.id=2222]
### [bt]: Starting job [batchtools job.id=2223]
### [bt]: Generating problem instance for problem 'a63d756aec4c60c1' ...
### [bt]: Applying algorithm 'run_learner' on problem 'a63d756aec4c60c1' for job 2223 (seed = 2224) ...
INFO  [17:08:57.589] [mlr3] Applying learner 'classif.xgboost.tuned_calib.oof_platt' on task 'pc1' (iter 3/10)
INFO  [17:08:57.659] [bbotk] Starting to optimize 3 parameter(s) with '<OptimizerBatchRandomSearch>' and '<TerminatorEvals> [n_evals=10, k=0]'
INFO  [17:08:57.673] [bbotk] Evaluating 1 configuration(s)
INFO  [17:08:57.952] [bbotk] Result of batch 1:
INFO  [17:08:57.954] [bbotk]  nrounds       eta max_depth classif.ce warnings errors runtime_learners
INFO  [17:08:57.954] [bbotk]      124 0.1569264         4 0.07518797        0      0            0.234
INFO  [17:08:57.954] [bbotk]                                 uhash
INFO  [17:08:57.954] [bbotk]  8021863b-3a0e-46b6-b382-e223335936e8
INFO  [17:08:57.960] [bbotk] Evaluating 1 configuration(s)
INFO  [17:08:58.343] [bbotk] Result of batch 2:
INFO  [17:08:58.344] [bbotk]  nrounds       eta max_depth classif.ce warnings errors runtime_learners
INFO  [17:08:58.344] [bbotk]      125 0.1455397        10 0.07017544        0      0            0.341
INFO  [17:08:58.344] [bbotk]                                 uhash
INFO  [17:08:58.344] [bbotk]  280611aa-bf05-44ce-b9bd-2ed2578a6879
INFO  [17:08:58.352] [bbotk] Evaluating 1 configuration(s)
INFO  [17:08:58.634] [bbotk] Result of batch 3:
INFO  [17:08:58.636] [bbotk]  nrounds       eta max_depth classif.ce warnings errors runtime_learners
INFO  [17:08:58.636] [bbotk]      247 0.2512581         2 0.07518797        0      0            0.233
INFO  [17:08:58.636] [bbotk]                                 uhash
INFO  [17:08:58.636] [bbotk]  19e9fadb-ac33-4dd7-8904-12eaaa121a99
INFO  [17:08:58.643] [bbotk] Evaluating 1 configuration(s)
INFO  [17:08:58.971] [bbotk] Result of batch 4:
INFO  [17:08:58.973] [bbotk]  nrounds      eta max_depth classif.ce warnings errors runtime_learners
INFO  [17:08:58.973] [bbotk]      192 0.204513         3 0.07017544        0      0            0.289
INFO  [17:08:58.973] [bbotk]                                 uhash
INFO  [17:08:58.973] [bbotk]  da4600d6-3b51-4359-b572-48870754ebf4
INFO  [17:08:58.982] [bbotk] Evaluating 1 configuration(s)
INFO  [17:08:59.264] [bbotk] Result of batch 5:
INFO  [17:08:59.266] [bbotk]  nrounds        eta max_depth classif.ce warnings errors runtime_learners
INFO  [17:08:59.266] [bbotk]       91 0.08274858         6 0.07142857        0      0            0.219
INFO  [17:08:59.266] [bbotk]                                 uhash
INFO  [17:08:59.266] [bbotk]  8b3a915d-d220-4d2f-952e-67632962101e
INFO  [17:08:59.270] [bbotk] Evaluating 1 configuration(s)
INFO  [17:08:59.879] [bbotk] Result of batch 6:
INFO  [17:08:59.880] [bbotk]  nrounds       eta max_depth classif.ce warnings errors runtime_learners
INFO  [17:08:59.880] [bbotk]      261 0.1029526         8 0.07142857        0      0            0.576
INFO  [17:08:59.880] [bbotk]                                 uhash
INFO  [17:08:59.880] [bbotk]  5a950513-662c-4b82-9225-90bfe8181674
INFO  [17:08:59.886] [bbotk] Evaluating 1 configuration(s)
INFO  [17:09:00.334] [bbotk] Result of batch 7:
INFO  [17:09:00.335] [bbotk]  nrounds      eta max_depth classif.ce warnings errors runtime_learners
INFO  [17:09:00.335] [bbotk]      176 0.131577         6 0.07769424        0      0            0.404
INFO  [17:09:00.335] [bbotk]                                 uhash
INFO  [17:09:00.335] [bbotk]  133d3da7-8565-4cbe-9617-4b8813f9e0e4
INFO  [17:09:00.344] [bbotk] Evaluating 1 configuration(s)
INFO  [17:09:00.892] [bbotk] Result of batch 8:
INFO  [17:09:00.895] [bbotk]  nrounds       eta max_depth classif.ce warnings errors runtime_learners
INFO  [17:09:00.895] [bbotk]      276 0.2960143         9 0.07393484        0      0            0.481
INFO  [17:09:00.895] [bbotk]                                 uhash
INFO  [17:09:00.895] [bbotk]  e6e18b03-2adb-457d-a441-158e3582f29f
INFO  [17:09:00.899] [bbotk] Evaluating 1 configuration(s)
INFO  [17:09:01.267] [bbotk] Result of batch 9:
INFO  [17:09:01.268] [bbotk]  nrounds       eta max_depth classif.ce warnings errors runtime_learners
INFO  [17:09:01.268] [bbotk]      136 0.1421121         8  0.0764411        0      0            0.326
INFO  [17:09:01.268] [bbotk]                                 uhash
INFO  [17:09:01.268] [bbotk]  c9f5112c-a57c-4ac4-9edb-b26c19e91f83
INFO  [17:09:01.271] [bbotk] Evaluating 1 configuration(s)
INFO  [17:09:01.682] [bbotk] Result of batch 10:
INFO  [17:09:01.684] [bbotk]  nrounds       eta max_depth classif.ce warnings errors runtime_learners
INFO  [17:09:01.684] [bbotk]      208 0.2735077         9 0.07017544        0      0            0.379
INFO  [17:09:01.684] [bbotk]                                 uhash
INFO  [17:09:01.684] [bbotk]  182bc96c-c85d-4396-b431-8ecf2da26d55
INFO  [17:09:01.703] [bbotk] Finished optimizing after 10 evaluation(s)
INFO  [17:09:01.704] [bbotk] Result:
INFO  [17:09:01.705] [bbotk]  nrounds       eta max_depth learner_param_vals  x_domain classif.ce
INFO  [17:09:01.705] [bbotk]    <int>     <num>     <int>             <list>    <list>      <num>
INFO  [17:09:01.705] [bbotk]      125 0.1455397        10          <list[5]> <list[3]> 0.07017544
INFO  [17:09:01.966] [bbotk] Starting to optimize 3 parameter(s) with '<OptimizerBatchRandomSearch>' and '<TerminatorEvals> [n_evals=10, k=0]'
INFO  [17:09:01.978] [bbotk] Evaluating 1 configuration(s)
INFO  [17:09:02.154] [bbotk] Result of batch 1:
INFO  [17:09:02.155] [bbotk]  nrounds       eta max_depth classif.ce warnings errors runtime_learners
INFO  [17:09:02.155] [bbotk]      126 0.2785856         2 0.06766917        0      0            0.135
INFO  [17:09:02.155] [bbotk]                                 uhash
INFO  [17:09:02.155] [bbotk]  1fa224bd-824b-4637-b014-c5d1ea796d0c
INFO  [17:09:02.159] [bbotk] Evaluating 1 configuration(s)
INFO  [17:09:02.539] [bbotk] Result of batch 2:
INFO  [17:09:02.540] [bbotk]  nrounds       eta max_depth classif.ce warnings errors runtime_learners
INFO  [17:09:02.540] [bbotk]      213 0.2918389         4 0.06766917        0      0            0.343
INFO  [17:09:02.540] [bbotk]                                 uhash
INFO  [17:09:02.540] [bbotk]  e4e3b05e-0638-4d6b-843b-73f7ddbbc048
INFO  [17:09:02.544] [bbotk] Evaluating 1 configuration(s)
INFO  [17:09:02.998] [bbotk] Result of batch 3:
INFO  [17:09:02.999] [bbotk]  nrounds       eta max_depth classif.ce warnings errors runtime_learners
INFO  [17:09:02.999] [bbotk]      239 0.1754909         7 0.06516291        0      0            0.409
INFO  [17:09:02.999] [bbotk]                                 uhash
INFO  [17:09:02.999] [bbotk]  4853aaed-74ad-4a28-8744-5236d8a684a1
INFO  [17:09:03.007] [bbotk] Evaluating 1 configuration(s)
INFO  [17:09:03.584] [bbotk] Result of batch 4:
INFO  [17:09:03.586] [bbotk]  nrounds        eta max_depth classif.ce warnings errors runtime_learners
INFO  [17:09:03.586] [bbotk]      243 0.09419128         8 0.06516291        0      0            0.533
INFO  [17:09:03.586] [bbotk]                                 uhash
INFO  [17:09:03.586] [bbotk]  4513f21b-7e42-4e43-93c7-25e0d18f8909
INFO  [17:09:03.595] [bbotk] Evaluating 1 configuration(s)
INFO  [17:09:04.277] [bbotk] Result of batch 5:
INFO  [17:09:04.279] [bbotk]  nrounds        eta max_depth classif.ce warnings errors runtime_learners
INFO  [17:09:04.279] [bbotk]      262 0.03975065        10 0.06390977        0      0            0.644
INFO  [17:09:04.279] [bbotk]                                 uhash
INFO  [17:09:04.279] [bbotk]  7d85edf8-960e-40a0-b863-09f6b7d47bf5
INFO  [17:09:04.313] [bbotk] Evaluating 1 configuration(s)
INFO  [17:09:04.667] [bbotk] Result of batch 6:
INFO  [17:09:04.669] [bbotk]  nrounds       eta max_depth classif.ce warnings errors runtime_learners
INFO  [17:09:04.669] [bbotk]      226 0.2137786         3 0.06516291        0      0            0.312
INFO  [17:09:04.669] [bbotk]                                 uhash
INFO  [17:09:04.669] [bbotk]  7671dd75-34bd-46f2-aa91-c85abeb87fe4
INFO  [17:09:04.675] [bbotk] Evaluating 1 configuration(s)
INFO  [17:09:05.065] [bbotk] Result of batch 7:
INFO  [17:09:05.067] [bbotk]  nrounds       eta max_depth classif.ce warnings errors runtime_learners
INFO  [17:09:05.067] [bbotk]      170 0.2126722         9 0.06766917        0      0            0.342
INFO  [17:09:05.067] [bbotk]                                 uhash
INFO  [17:09:05.067] [bbotk]  35f9834a-a967-4dd9-87ae-03a48b9613b5
INFO  [17:09:05.078] [bbotk] Evaluating 1 configuration(s)
INFO  [17:09:05.516] [bbotk] Result of batch 8:
INFO  [17:09:05.518] [bbotk]  nrounds       eta max_depth classif.ce warnings errors runtime_learners
INFO  [17:09:05.518] [bbotk]      191 0.1041236         6 0.06390977        0      0            0.387
INFO  [17:09:05.518] [bbotk]                                 uhash
INFO  [17:09:05.518] [bbotk]  1b16ee2d-5bef-4ba7-b262-322ee6336056
INFO  [17:09:05.522] [bbotk] Evaluating 1 configuration(s)
INFO  [17:09:06.061] [bbotk] Result of batch 9:
INFO  [17:09:06.062] [bbotk]  nrounds      eta max_depth classif.ce warnings errors runtime_learners
INFO  [17:09:06.062] [bbotk]      281 0.054946         4 0.06766917        0      0            0.508
INFO  [17:09:06.062] [bbotk]                                 uhash
INFO  [17:09:06.062] [bbotk]  bcbd696a-b0aa-4524-a2c1-962859735cdb
INFO  [17:09:06.066] [bbotk] Evaluating 1 configuration(s)
INFO  [17:09:06.561] [bbotk] Result of batch 10:
INFO  [17:09:06.562] [bbotk]  nrounds       eta max_depth classif.ce warnings errors runtime_learners
INFO  [17:09:06.562] [bbotk]      239 0.1165129         8 0.06766917        0      0            0.461
INFO  [17:09:06.562] [bbotk]                                 uhash
INFO  [17:09:06.562] [bbotk]  cdebf3b2-628b-4d06-83d4-3e68edf69dbf
INFO  [17:09:06.578] [bbotk] Finished optimizing after 10 evaluation(s)
INFO  [17:09:06.578] [bbotk] Result:
INFO  [17:09:06.580] [bbotk]  nrounds        eta max_depth learner_param_vals  x_domain classif.ce
INFO  [17:09:06.580] [bbotk]    <int>      <num>     <int>             <list>    <list>      <num>
INFO  [17:09:06.580] [bbotk]      262 0.03975065        10          <list[5]> <list[3]> 0.06390977
INFO  [17:09:06.963] [bbotk] Starting to optimize 3 parameter(s) with '<OptimizerBatchRandomSearch>' and '<TerminatorEvals> [n_evals=10, k=0]'
INFO  [17:09:06.980] [bbotk] Evaluating 1 configuration(s)
INFO  [17:09:07.543] [bbotk] Result of batch 1:
INFO  [17:09:07.544] [bbotk]  nrounds       eta max_depth classif.ce warnings errors runtime_learners
INFO  [17:09:07.544] [bbotk]      284 0.1743408         7 0.07393484        0      0            0.522
INFO  [17:09:07.544] [bbotk]                                 uhash
INFO  [17:09:07.544] [bbotk]  3e59adb8-f0c1-4464-b8e3-e5f75b1eeec6
INFO  [17:09:07.553] [bbotk] Evaluating 1 configuration(s)
INFO  [17:09:07.872] [bbotk] Result of batch 2:
INFO  [17:09:07.874] [bbotk]  nrounds       eta max_depth classif.ce warnings errors runtime_learners
INFO  [17:09:07.874] [bbotk]      162 0.2917225         9 0.07518797        0      0            0.278
INFO  [17:09:07.874] [bbotk]                                 uhash
INFO  [17:09:07.874] [bbotk]  90972754-c5bc-42f4-8026-f894c05cba96
INFO  [17:09:07.882] [bbotk] Evaluating 1 configuration(s)
INFO  [17:09:08.457] [bbotk] Result of batch 3:
INFO  [17:09:08.459] [bbotk]  nrounds      eta max_depth classif.ce warnings errors runtime_learners
INFO  [17:09:08.459] [bbotk]      294 0.193826        10 0.07769424        0      0            0.539
INFO  [17:09:08.459] [bbotk]                                 uhash
INFO  [17:09:08.459] [bbotk]  e0986a08-ed0f-450e-86ff-9d439b5b04af
INFO  [17:09:08.470] [bbotk] Evaluating 1 configuration(s)
INFO  [17:09:09.028] [bbotk] Result of batch 4:
INFO  [17:09:09.032] [bbotk]  nrounds       eta max_depth classif.ce warnings errors runtime_learners
INFO  [17:09:09.032] [bbotk]      298 0.2074634         7 0.07769424        0      0            0.516
INFO  [17:09:09.032] [bbotk]                                 uhash
INFO  [17:09:09.032] [bbotk]  2004cc73-a08c-4ed5-b4d9-13ae48cf46c3
INFO  [17:09:09.038] [bbotk] Evaluating 1 configuration(s)
INFO  [17:09:09.183] [bbotk] Result of batch 5:
INFO  [17:09:09.184] [bbotk]  nrounds       eta max_depth classif.ce warnings errors runtime_learners
INFO  [17:09:09.184] [bbotk]      108 0.2498276         2 0.07894737        0      0            0.109
INFO  [17:09:09.184] [bbotk]                                 uhash
INFO  [17:09:09.184] [bbotk]  bb60ffad-3697-4e64-8e3e-fd77a299510b
INFO  [17:09:09.188] [bbotk] Evaluating 1 configuration(s)
INFO  [17:09:09.676] [bbotk] Result of batch 6:
INFO  [17:09:09.677] [bbotk]  nrounds       eta max_depth classif.ce warnings errors runtime_learners
INFO  [17:09:09.677] [bbotk]      276 0.2483478         6 0.07894737        0      0            0.435
INFO  [17:09:09.677] [bbotk]                                 uhash
INFO  [17:09:09.677] [bbotk]  174a4df1-afdd-4134-b7b6-87e192770a71
INFO  [17:09:09.681] [bbotk] Evaluating 1 configuration(s)
INFO  [17:09:09.929] [bbotk] Result of batch 7:
INFO  [17:09:09.930] [bbotk]  nrounds        eta max_depth classif.ce warnings errors runtime_learners
INFO  [17:09:09.930] [bbotk]       79 0.07757824         6 0.07518797        0      0            0.208
INFO  [17:09:09.930] [bbotk]                                 uhash
INFO  [17:09:09.930] [bbotk]  434e84dd-778c-42d6-90b5-eab9d62ffea8
INFO  [17:09:09.938] [bbotk] Evaluating 1 configuration(s)
INFO  [17:09:10.193] [bbotk] Result of batch 8:
INFO  [17:09:10.194] [bbotk]  nrounds        eta max_depth classif.ce warnings errors runtime_learners
INFO  [17:09:10.194] [bbotk]      107 0.05821701         5 0.07769424        0      0            0.219
INFO  [17:09:10.194] [bbotk]                                 uhash
INFO  [17:09:10.194] [bbotk]  96c2b6b2-71d8-46e3-8f1d-fce2e04f50d4
INFO  [17:09:10.198] [bbotk] Evaluating 1 configuration(s)
INFO  [17:09:10.587] [bbotk] Result of batch 9:
INFO  [17:09:10.589] [bbotk]  nrounds      eta max_depth classif.ce warnings errors runtime_learners
INFO  [17:09:10.589] [bbotk]      181 0.049119         5 0.07769424        0      0            0.355
INFO  [17:09:10.589] [bbotk]                                 uhash
INFO  [17:09:10.589] [bbotk]  ad4e7ac8-2698-4346-b39f-5ec4b345e328
INFO  [17:09:10.597] [bbotk] Evaluating 1 configuration(s)
INFO  [17:09:11.437] [bbotk] Result of batch 10:
INFO  [17:09:11.438] [bbotk]  nrounds        eta max_depth classif.ce warnings errors runtime_learners
INFO  [17:09:11.438] [bbotk]      293 0.01198753         9  0.0764411        0      0            0.786
INFO  [17:09:11.438] [bbotk]                                 uhash
INFO  [17:09:11.438] [bbotk]  27ff62fb-f329-468a-8689-b3d8401d4247
INFO  [17:09:11.451] [bbotk] Finished optimizing after 10 evaluation(s)
INFO  [17:09:11.451] [bbotk] Result:
INFO  [17:09:11.453] [bbotk]  nrounds       eta max_depth learner_param_vals  x_domain classif.ce
INFO  [17:09:11.453] [bbotk]    <int>     <num>     <int>             <list>    <list>      <num>
INFO  [17:09:11.453] [bbotk]      284 0.1743408         7          <list[5]> <list[3]> 0.07393484
INFO  [17:09:11.828] [bbotk] Starting to optimize 3 parameter(s) with '<OptimizerBatchRandomSearch>' and '<TerminatorEvals> [n_evals=10, k=0]'
INFO  [17:09:11.870] [bbotk] Evaluating 1 configuration(s)
INFO  [17:09:11.993] [bbotk] Result of batch 1:
INFO  [17:09:11.994] [bbotk]  nrounds       eta max_depth classif.ce warnings errors runtime_learners
INFO  [17:09:11.994] [bbotk]       50 0.1641973         2 0.07009096        0      0            0.075
INFO  [17:09:11.994] [bbotk]                                 uhash
INFO  [17:09:11.994] [bbotk]  3be245ff-6e83-4e9f-829e-42f4d779faee
INFO  [17:09:11.998] [bbotk] Evaluating 1 configuration(s)
INFO  [17:09:12.138] [bbotk] Result of batch 2:
INFO  [17:09:12.139] [bbotk]  nrounds        eta max_depth classif.ce warnings errors runtime_learners
INFO  [17:09:12.139] [bbotk]       83 0.04080766         2 0.06883313        0      0            0.095
INFO  [17:09:12.139] [bbotk]                                 uhash
INFO  [17:09:12.139] [bbotk]  2a69d263-f6e5-4d97-b2db-a58c6f5a4bca
INFO  [17:09:12.145] [bbotk] Evaluating 1 configuration(s)
INFO  [17:09:12.480] [bbotk] Result of batch 3:
INFO  [17:09:12.481] [bbotk]  nrounds       eta max_depth classif.ce warnings errors runtime_learners
INFO  [17:09:12.481] [bbotk]      136 0.2083041         5  0.0688566        0      0            0.298
INFO  [17:09:12.481] [bbotk]                                 uhash
INFO  [17:09:12.481] [bbotk]  84d3d9b5-8f9f-4250-a9a4-bd80562d10ab
INFO  [17:09:12.490] [bbotk] Evaluating 1 configuration(s)
INFO  [17:09:13.324] [bbotk] Result of batch 4:
INFO  [17:09:13.325] [bbotk]  nrounds        eta max_depth classif.ce warnings errors runtime_learners
INFO  [17:09:13.325] [bbotk]      288 0.02979494         7 0.06635033        0      0            0.789
INFO  [17:09:13.325] [bbotk]                                 uhash
INFO  [17:09:13.325] [bbotk]  7dcfb5be-b8c0-48de-a003-fb863fd825a8
INFO  [17:09:13.330] [bbotk] Evaluating 1 configuration(s)
INFO  [17:09:13.639] [bbotk] Result of batch 5:
INFO  [17:09:13.640] [bbotk]  nrounds        eta max_depth classif.ce warnings errors runtime_learners
INFO  [17:09:13.640] [bbotk]      138 0.01714554         4 0.06508312        0      0            0.252
INFO  [17:09:13.640] [bbotk]                                 uhash
INFO  [17:09:13.640] [bbotk]  0d09ea56-f91c-423c-8682-2b54463ac535
INFO  [17:09:13.644] [bbotk] Evaluating 1 configuration(s)
INFO  [17:09:14.259] [bbotk] Result of batch 6:
INFO  [17:09:14.268] [bbotk]  nrounds        eta max_depth classif.ce warnings errors runtime_learners
INFO  [17:09:14.268] [bbotk]      228 0.06736588         9 0.07136756        0      0            0.572
INFO  [17:09:14.268] [bbotk]                                 uhash
INFO  [17:09:14.268] [bbotk]  600ac0c6-dd01-4096-bdc0-d64df2408713
INFO  [17:09:14.274] [bbotk] Evaluating 1 configuration(s)
INFO  [17:09:14.668] [bbotk] Result of batch 7:
INFO  [17:09:14.669] [bbotk]  nrounds       eta max_depth classif.ce warnings errors runtime_learners
INFO  [17:09:14.669] [bbotk]      183 0.2759124         8 0.07636601        0      0            0.345
INFO  [17:09:14.669] [bbotk]                                 uhash
INFO  [17:09:14.669] [bbotk]  5e63ff2c-8be3-4eee-bfb7-f1550552eec7
INFO  [17:09:14.677] [bbotk] Evaluating 1 configuration(s)
INFO  [17:09:14.957] [bbotk] Result of batch 8:
INFO  [17:09:14.960] [bbotk]  nrounds       eta max_depth classif.ce warnings errors runtime_learners
INFO  [17:09:14.960] [bbotk]      208 0.2904538         2 0.07135817        0      0            0.234
INFO  [17:09:14.960] [bbotk]                                 uhash
INFO  [17:09:14.960] [bbotk]  6c3a4bde-b791-4acf-9f2d-a80791142af1
INFO  [17:09:14.972] [bbotk] Evaluating 1 configuration(s)
INFO  [17:09:15.488] [bbotk] Result of batch 9:
INFO  [17:09:15.490] [bbotk]  nrounds        eta max_depth classif.ce warnings errors runtime_learners
INFO  [17:09:15.490] [bbotk]      223 0.09913345         7 0.07385974        0      0            0.476
INFO  [17:09:15.490] [bbotk]                                 uhash
INFO  [17:09:15.490] [bbotk]  29ec88db-1927-4893-8abf-e30e73cc76e0
INFO  [17:09:15.497] [bbotk] Evaluating 1 configuration(s)
INFO  [17:09:15.828] [bbotk] Result of batch 10:
INFO  [17:09:15.830] [bbotk]  nrounds       eta max_depth classif.ce warnings errors runtime_learners
INFO  [17:09:15.830] [bbotk]      155 0.2369467         8   0.072616        0      0            0.298
INFO  [17:09:15.830] [bbotk]                                 uhash
INFO  [17:09:15.830] [bbotk]  cdf8d678-311c-4dd4-948d-d54e2fe79311
INFO  [17:09:15.842] [bbotk] Finished optimizing after 10 evaluation(s)
INFO  [17:09:15.842] [bbotk] Result:
INFO  [17:09:15.843] [bbotk]  nrounds        eta max_depth learner_param_vals  x_domain classif.ce
INFO  [17:09:15.843] [bbotk]    <int>      <num>     <int>             <list>    <list>      <num>
INFO  [17:09:15.843] [bbotk]      138 0.01714554         4          <list[5]> <list[3]> 0.06508312
INFO  [17:09:16.007] [bbotk] Starting to optimize 3 parameter(s) with '<OptimizerBatchRandomSearch>' and '<TerminatorEvals> [n_evals=10, k=0]'
INFO  [17:09:16.018] [bbotk] Evaluating 1 configuration(s)
INFO  [17:09:16.541] [bbotk] Result of batch 1:
INFO  [17:09:16.542] [bbotk]  nrounds       eta max_depth classif.ce warnings errors runtime_learners
INFO  [17:09:16.542] [bbotk]      273 0.1538919         4    0.06758        0      0            0.464
INFO  [17:09:16.542] [bbotk]                                 uhash
INFO  [17:09:16.542] [bbotk]  2e8b6f79-f681-4ab4-9188-8e1f6377c176
INFO  [17:09:16.548] [bbotk] Evaluating 1 configuration(s)
INFO  [17:09:16.973] [bbotk] Result of batch 2:
INFO  [17:09:16.974] [bbotk]  nrounds       eta max_depth classif.ce warnings errors runtime_learners
INFO  [17:09:16.974] [bbotk]      205 0.2951736         9 0.07132532        0      0            0.388
INFO  [17:09:16.974] [bbotk]                                 uhash
INFO  [17:09:16.974] [bbotk]  8d0130f4-60f9-48d5-9d57-d25c5c32535c
INFO  [17:09:16.983] [bbotk] Evaluating 1 configuration(s)
INFO  [17:09:17.481] [bbotk] Result of batch 3:
INFO  [17:09:17.482] [bbotk]  nrounds       eta max_depth classif.ce warnings errors runtime_learners
INFO  [17:09:17.482] [bbotk]      226 0.1326088         8 0.07257376        0      0            0.453
INFO  [17:09:17.482] [bbotk]                                 uhash
INFO  [17:09:17.482] [bbotk]  d16bf23d-1dcb-4194-bcf2-9e9ddc4f73ce
INFO  [17:09:17.489] [bbotk] Evaluating 1 configuration(s)
INFO  [17:09:17.821] [bbotk] Result of batch 4:
INFO  [17:09:17.822] [bbotk]  nrounds        eta max_depth classif.ce warnings errors runtime_learners
INFO  [17:09:17.822] [bbotk]      108 0.04829969         6 0.07258784        0      0            0.275
INFO  [17:09:17.822] [bbotk]                                 uhash
INFO  [17:09:17.822] [bbotk]  a6464057-758a-4a44-8442-613fd28da95d
INFO  [17:09:17.826] [bbotk] Evaluating 1 configuration(s)
INFO  [17:09:18.443] [bbotk] Result of batch 5:
INFO  [17:09:18.445] [bbotk]  nrounds        eta max_depth classif.ce warnings errors runtime_learners
INFO  [17:09:18.445] [bbotk]      278 0.09649254         6 0.07383628        0      0            0.577
INFO  [17:09:18.445] [bbotk]                                 uhash
INFO  [17:09:18.445] [bbotk]  5681262d-2315-487e-ad51-bcc761e0cd4a
INFO  [17:09:18.453] [bbotk] Evaluating 1 configuration(s)
INFO  [17:09:19.048] [bbotk] Result of batch 6:
INFO  [17:09:19.050] [bbotk]  nrounds        eta max_depth classif.ce warnings errors runtime_learners
INFO  [17:09:19.050] [bbotk]      245 0.09000037         5  0.0713347        0      0            0.536
INFO  [17:09:19.050] [bbotk]                                 uhash
INFO  [17:09:19.050] [bbotk]  5f46902b-d7df-461d-95ec-75de6a68abd3
INFO  [17:09:19.065] [bbotk] Evaluating 1 configuration(s)
INFO  [17:09:19.300] [bbotk] Result of batch 7:
INFO  [17:09:19.301] [bbotk]  nrounds        eta max_depth classif.ce warnings errors runtime_learners
INFO  [17:09:19.301] [bbotk]       60 0.06621967        10 0.07008157        0      0            0.182
INFO  [17:09:19.301] [bbotk]                                 uhash
INFO  [17:09:19.301] [bbotk]  b7b2d44f-42fe-43cf-a9bb-d557746acaa6
INFO  [17:09:19.305] [bbotk] Evaluating 1 configuration(s)
INFO  [17:09:19.727] [bbotk] Result of batch 8:
INFO  [17:09:19.728] [bbotk]  nrounds       eta max_depth classif.ce warnings errors runtime_learners
INFO  [17:09:19.728] [bbotk]      215 0.2130112         6 0.07382689        0      0            0.375
INFO  [17:09:19.728] [bbotk]                                 uhash
INFO  [17:09:19.728] [bbotk]  571b62ea-8c00-4899-bfd2-f93bb8aa7973
INFO  [17:09:19.732] [bbotk] Evaluating 1 configuration(s)
INFO  [17:09:20.174] [bbotk] Result of batch 9:
INFO  [17:09:20.175] [bbotk]  nrounds       eta max_depth classif.ce warnings errors runtime_learners
INFO  [17:09:20.175] [bbotk]      179 0.1014302         7  0.0713347        0      0            0.405
INFO  [17:09:20.175] [bbotk]                                 uhash
INFO  [17:09:20.175] [bbotk]  99932f04-ae94-499f-aaf1-23243b732c1a
INFO  [17:09:20.179] [bbotk] Evaluating 1 configuration(s)
INFO  [17:09:20.548] [bbotk] Result of batch 10:
INFO  [17:09:20.550] [bbotk]  nrounds       eta max_depth classif.ce warnings errors runtime_learners
INFO  [17:09:20.550] [bbotk]      133 0.1181463         8 0.06883313        0      0            0.338
INFO  [17:09:20.550] [bbotk]                                 uhash
INFO  [17:09:20.550] [bbotk]  92a8c3e4-94f1-4da2-b063-3e941e581ab3
INFO  [17:09:20.561] [bbotk] Finished optimizing after 10 evaluation(s)
INFO  [17:09:20.562] [bbotk] Result:
INFO  [17:09:20.562] [bbotk]  nrounds       eta max_depth learner_param_vals  x_domain classif.ce
INFO  [17:09:20.562] [bbotk]    <int>     <num>     <int>             <list>    <list>      <num>
INFO  [17:09:20.562] [bbotk]      273 0.1538919         4          <list[5]> <list[3]>    0.06758

### [bt]: Job terminated successfully [batchtools job.id=2223]
### [bt]: Starting job [batchtools job.id=2224]
### [bt]: Generating problem instance for problem 'a63d756aec4c60c1' ...
### [bt]: Applying algorithm 'run_learner' on problem 'a63d756aec4c60c1' for job 2224 (seed = 2225) ...
INFO  [17:09:20.862] [mlr3] Applying learner 'classif.xgboost.tuned_calib.oof_platt' on task 'pc1' (iter 4/10)
INFO  [17:09:20.914] [bbotk] Starting to optimize 3 parameter(s) with '<OptimizerBatchRandomSearch>' and '<TerminatorEvals> [n_evals=10, k=0]'
INFO  [17:09:20.931] [bbotk] Evaluating 1 configuration(s)
INFO  [17:09:21.271] [bbotk] Result of batch 1:
INFO  [17:09:21.272] [bbotk]  nrounds       eta max_depth classif.ce warnings errors runtime_learners
INFO  [17:09:21.272] [bbotk]      221 0.1656472         3 0.05388471        0      0            0.305
INFO  [17:09:21.272] [bbotk]                                 uhash
INFO  [17:09:21.272] [bbotk]  dd8bf11c-9dca-4528-945b-f154a9ba3866
INFO  [17:09:21.276] [bbotk] Evaluating 1 configuration(s)
INFO  [17:09:21.501] [bbotk] Result of batch 2:
INFO  [17:09:21.502] [bbotk]  nrounds      eta max_depth classif.ce warnings errors runtime_learners
INFO  [17:09:21.502] [bbotk]       98 0.254804         4 0.05764411        0      0            0.189
INFO  [17:09:21.502] [bbotk]                                 uhash
INFO  [17:09:21.502] [bbotk]  2d851f13-2c4d-4320-8050-49f75a850515
INFO  [17:09:21.508] [bbotk] Evaluating 1 configuration(s)
INFO  [17:09:21.717] [bbotk] Result of batch 3:
INFO  [17:09:21.719] [bbotk]  nrounds       eta max_depth classif.ce warnings errors runtime_learners
INFO  [17:09:21.719] [bbotk]       76 0.2402751         5 0.05764411        0      0            0.158
INFO  [17:09:21.719] [bbotk]                                 uhash
INFO  [17:09:21.719] [bbotk]  e2e04dbd-78e7-48ac-9c3f-9d1f7a5517c4
INFO  [17:09:21.731] [bbotk] Evaluating 1 configuration(s)
INFO  [17:09:22.036] [bbotk] Result of batch 4:
INFO  [17:09:22.037] [bbotk]  nrounds       eta max_depth classif.ce warnings errors runtime_learners
INFO  [17:09:22.037] [bbotk]      120 0.1106568         6 0.05513784        0      0            0.252
INFO  [17:09:22.037] [bbotk]                                 uhash
INFO  [17:09:22.037] [bbotk]  7b813e06-2a3a-47ab-ba95-0d035ae5f2a3
INFO  [17:09:22.041] [bbotk] Evaluating 1 configuration(s)
INFO  [17:09:22.370] [bbotk] Result of batch 5:
INFO  [17:09:22.371] [bbotk]  nrounds       eta max_depth classif.ce warnings errors runtime_learners
INFO  [17:09:22.371] [bbotk]      200 0.2650568         3 0.06140351        0      0            0.275
INFO  [17:09:22.371] [bbotk]                                 uhash
INFO  [17:09:22.371] [bbotk]  6e07cede-f7bd-4ebc-8c36-595de0510010
INFO  [17:09:22.375] [bbotk] Evaluating 1 configuration(s)
INFO  [17:09:22.869] [bbotk] Result of batch 6:
INFO  [17:09:22.871] [bbotk]  nrounds       eta max_depth classif.ce warnings errors runtime_learners
INFO  [17:09:22.871] [bbotk]      298 0.2628988         5 0.05889724        0      0             0.43
INFO  [17:09:22.871] [bbotk]                                 uhash
INFO  [17:09:22.871] [bbotk]  80dd67ff-8958-41fa-84b8-560f6cc5e892
INFO  [17:09:22.875] [bbotk] Evaluating 1 configuration(s)
INFO  [17:09:23.112] [bbotk] Result of batch 7:
INFO  [17:09:23.115] [bbotk]  nrounds       eta max_depth classif.ce warnings errors runtime_learners
INFO  [17:09:23.115] [bbotk]       98 0.1622894         7 0.05764411        0      0            0.183
INFO  [17:09:23.115] [bbotk]                                 uhash
INFO  [17:09:23.115] [bbotk]  a516d302-2504-4a85-9731-42466e4dd23e
INFO  [17:09:23.125] [bbotk] Evaluating 1 configuration(s)
INFO  [17:09:23.401] [bbotk] Result of batch 8:
INFO  [17:09:23.402] [bbotk]  nrounds       eta max_depth classif.ce warnings errors runtime_learners
INFO  [17:09:23.402] [bbotk]       96 0.2011222        10 0.05764411        0      0            0.223
INFO  [17:09:23.402] [bbotk]                                 uhash
INFO  [17:09:23.402] [bbotk]  d5fd6890-1b21-4665-acc4-8286f7521cea
INFO  [17:09:23.405] [bbotk] Evaluating 1 configuration(s)
INFO  [17:09:23.880] [bbotk] Result of batch 9:
INFO  [17:09:23.882] [bbotk]  nrounds       eta max_depth classif.ce warnings errors runtime_learners
INFO  [17:09:23.882] [bbotk]      190 0.1383795         9 0.05639098        0      0             0.43
INFO  [17:09:23.882] [bbotk]                                 uhash
INFO  [17:09:23.882] [bbotk]  dfad0a73-f85a-4fd8-9e5e-7add7f308054
INFO  [17:09:23.892] [bbotk] Evaluating 1 configuration(s)
INFO  [17:09:24.104] [bbotk] Result of batch 10:
INFO  [17:09:24.106] [bbotk]  nrounds        eta max_depth classif.ce warnings errors runtime_learners
INFO  [17:09:24.106] [bbotk]       70 0.04978475         7 0.05388471        0      0            0.172
INFO  [17:09:24.106] [bbotk]                                 uhash
INFO  [17:09:24.106] [bbotk]  cc02083f-6068-4bbb-9313-1d65f377e542
INFO  [17:09:24.127] [bbotk] Finished optimizing after 10 evaluation(s)
INFO  [17:09:24.127] [bbotk] Result:
INFO  [17:09:24.128] [bbotk]  nrounds       eta max_depth learner_param_vals  x_domain classif.ce
INFO  [17:09:24.128] [bbotk]    <int>     <num>     <int>             <list>    <list>      <num>
INFO  [17:09:24.128] [bbotk]      221 0.1656472         3          <list[5]> <list[3]> 0.05388471
INFO  [17:09:24.321] [bbotk] Starting to optimize 3 parameter(s) with '<OptimizerBatchRandomSearch>' and '<TerminatorEvals> [n_evals=10, k=0]'
INFO  [17:09:24.332] [bbotk] Evaluating 1 configuration(s)
INFO  [17:09:24.581] [bbotk] Result of batch 1:
INFO  [17:09:24.583] [bbotk]  nrounds      eta max_depth classif.ce warnings errors runtime_learners
INFO  [17:09:24.583] [bbotk]      107 0.117268         4 0.07393484        0      0            0.203
INFO  [17:09:24.583] [bbotk]                                 uhash
INFO  [17:09:24.583] [bbotk]  3f2da7f0-02ee-4686-924e-621a49a9201f
INFO  [17:09:24.593] [bbotk] Evaluating 1 configuration(s)
INFO  [17:09:24.997] [bbotk] Result of batch 2:
INFO  [17:09:24.998] [bbotk]  nrounds      eta max_depth classif.ce warnings errors runtime_learners
INFO  [17:09:24.998] [bbotk]      199 0.265996        10  0.0726817        0      0            0.368
INFO  [17:09:24.998] [bbotk]                                 uhash
INFO  [17:09:24.998] [bbotk]  0019db92-a9d8-4313-a932-ede9f3dd8f41
INFO  [17:09:25.002] [bbotk] Evaluating 1 configuration(s)
INFO  [17:09:25.285] [bbotk] Result of batch 3:
INFO  [17:09:25.286] [bbotk]  nrounds        eta max_depth classif.ce warnings errors runtime_learners
INFO  [17:09:25.286] [bbotk]      100 0.01971591         6  0.0726817        0      0            0.238
INFO  [17:09:25.286] [bbotk]                                 uhash
INFO  [17:09:25.286] [bbotk]  5be8dc11-10f6-4639-9994-a07cbc264173
INFO  [17:09:25.290] [bbotk] Evaluating 1 configuration(s)
INFO  [17:09:25.501] [bbotk] Result of batch 4:
INFO  [17:09:25.503] [bbotk]  nrounds       eta max_depth classif.ce warnings errors runtime_learners
INFO  [17:09:25.503] [bbotk]       79 0.2659203         8 0.07894737        0      0            0.174
INFO  [17:09:25.503] [bbotk]                                 uhash
INFO  [17:09:25.503] [bbotk]  0de0f3af-1b51-47b3-8b36-cac540616063
INFO  [17:09:25.512] [bbotk] Evaluating 1 configuration(s)
INFO  [17:09:25.876] [bbotk] Result of batch 5:
INFO  [17:09:25.877] [bbotk]  nrounds       eta max_depth classif.ce warnings errors runtime_learners
INFO  [17:09:25.877] [bbotk]      195 0.2315436         5  0.0764411        0      0            0.318
INFO  [17:09:25.877] [bbotk]                                 uhash
INFO  [17:09:25.877] [bbotk]  98b4d11a-860b-4596-be63-158e1671e49c
INFO  [17:09:25.881] [bbotk] Evaluating 1 configuration(s)
INFO  [17:09:26.188] [bbotk] Result of batch 6:
INFO  [17:09:26.189] [bbotk]  nrounds       eta max_depth classif.ce warnings errors runtime_learners
INFO  [17:09:26.189] [bbotk]      131 0.2099702         4  0.0764411        0      0            0.243
INFO  [17:09:26.189] [bbotk]                                 uhash
INFO  [17:09:26.189] [bbotk]  abb544f8-5e4e-483c-b666-ed3b4928828f
INFO  [17:09:26.195] [bbotk] Evaluating 1 configuration(s)
INFO  [17:09:26.409] [bbotk] Result of batch 7:
INFO  [17:09:26.410] [bbotk]  nrounds        eta max_depth classif.ce warnings errors runtime_learners
INFO  [17:09:26.410] [bbotk]       76 0.02770629         7  0.0764411        0      0            0.178
INFO  [17:09:26.410] [bbotk]                                 uhash
INFO  [17:09:26.410] [bbotk]  435e18e6-3f67-41ee-89c0-8bcfe1a658f5
INFO  [17:09:26.413] [bbotk] Evaluating 1 configuration(s)
INFO  [17:09:26.838] [bbotk] Result of batch 8:
INFO  [17:09:26.839] [bbotk]  nrounds       eta max_depth classif.ce warnings errors runtime_learners
INFO  [17:09:26.839] [bbotk]      250 0.2601268         4  0.0802005        0      0            0.381
INFO  [17:09:26.839] [bbotk]                                 uhash
INFO  [17:09:26.839] [bbotk]  74c82dd1-d55f-4826-a86f-a6a2e33a0713
INFO  [17:09:26.845] [bbotk] Evaluating 1 configuration(s)
INFO  [17:09:27.242] [bbotk] Result of batch 9:
INFO  [17:09:27.243] [bbotk]  nrounds       eta max_depth classif.ce warnings errors runtime_learners
INFO  [17:09:27.243] [bbotk]      199 0.2587796         4 0.08145363        0      0             0.35
INFO  [17:09:27.243] [bbotk]                                 uhash
INFO  [17:09:27.243] [bbotk]  89aa317e-8cec-46c0-8149-7426dfcce00b
INFO  [17:09:27.247] [bbotk] Evaluating 1 configuration(s)
INFO  [17:09:27.719] [bbotk] Result of batch 10:
INFO  [17:09:27.720] [bbotk]  nrounds        eta max_depth classif.ce warnings errors runtime_learners
INFO  [17:09:27.720] [bbotk]      171 0.05833115         9 0.07142857        0      0            0.435
INFO  [17:09:27.720] [bbotk]                                 uhash
INFO  [17:09:27.720] [bbotk]  f31057ec-b972-4760-8df4-55eb455d1921
INFO  [17:09:27.737] [bbotk] Finished optimizing after 10 evaluation(s)
INFO  [17:09:27.737] [bbotk] Result:
INFO  [17:09:27.738] [bbotk]  nrounds        eta max_depth learner_param_vals  x_domain classif.ce
INFO  [17:09:27.738] [bbotk]    <int>      <num>     <int>             <list>    <list>      <num>
INFO  [17:09:27.738] [bbotk]      171 0.05833115         9          <list[5]> <list[3]> 0.07142857
INFO  [17:09:28.038] [bbotk] Starting to optimize 3 parameter(s) with '<OptimizerBatchRandomSearch>' and '<TerminatorEvals> [n_evals=10, k=0]'
INFO  [17:09:28.057] [bbotk] Evaluating 1 configuration(s)
INFO  [17:09:28.491] [bbotk] Result of batch 1:
INFO  [17:09:28.494] [bbotk]  nrounds        eta max_depth classif.ce warnings errors runtime_learners
INFO  [17:09:28.494] [bbotk]      213 0.04956655         4 0.05889724        0      0            0.398
INFO  [17:09:28.494] [bbotk]                                 uhash
INFO  [17:09:28.494] [bbotk]  4f4bf500-dfba-41c3-9dad-2cc9f0bf5c81
INFO  [17:09:28.504] [bbotk] Evaluating 1 configuration(s)
INFO  [17:09:28.989] [bbotk] Result of batch 2:
INFO  [17:09:28.990] [bbotk]  nrounds       eta max_depth classif.ce warnings errors runtime_learners
INFO  [17:09:28.990] [bbotk]      218 0.1294355         7 0.06265664        0      0            0.431
INFO  [17:09:28.990] [bbotk]                                 uhash
INFO  [17:09:28.990] [bbotk]  9f947d0e-24bf-4e7d-b335-ee4a9835a0cc
INFO  [17:09:28.999] [bbotk] Evaluating 1 configuration(s)
INFO  [17:09:29.468] [bbotk] Result of batch 3:
INFO  [17:09:29.469] [bbotk]  nrounds       eta max_depth classif.ce warnings errors runtime_learners
INFO  [17:09:29.469] [bbotk]      281 0.1446951         3 0.06766917        0      0            0.413
INFO  [17:09:29.469] [bbotk]                                 uhash
INFO  [17:09:29.469] [bbotk]  a118cc42-2c23-49c3-bce9-bd75acf599b7
INFO  [17:09:29.472] [bbotk] Evaluating 1 configuration(s)
INFO  [17:09:29.847] [bbotk] Result of batch 4:
INFO  [17:09:29.849] [bbotk]  nrounds        eta max_depth classif.ce warnings errors runtime_learners
INFO  [17:09:29.849] [bbotk]      158 0.04545668         7 0.06015038        0      0             0.34
INFO  [17:09:29.849] [bbotk]                                 uhash
INFO  [17:09:29.849] [bbotk]  639fde12-b9a5-44d6-a2c8-920593317288
INFO  [17:09:29.858] [bbotk] Evaluating 1 configuration(s)
INFO  [17:09:30.085] [bbotk] Result of batch 5:
INFO  [17:09:30.087] [bbotk]  nrounds        eta max_depth classif.ce warnings errors runtime_learners
INFO  [17:09:30.087] [bbotk]       57 0.09237937         9 0.05513784        0      0            0.172
INFO  [17:09:30.087] [bbotk]                                 uhash
INFO  [17:09:30.087] [bbotk]  46bc4522-c5f9-4783-babd-1da13f42f25b
INFO  [17:09:30.097] [bbotk] Evaluating 1 configuration(s)
INFO  [17:09:30.715] [bbotk] Result of batch 6:
INFO  [17:09:30.716] [bbotk]  nrounds        eta max_depth classif.ce warnings errors runtime_learners
INFO  [17:09:30.716] [bbotk]      227 0.05310379         8 0.06140351        0      0            0.561
INFO  [17:09:30.716] [bbotk]                                 uhash
INFO  [17:09:30.716] [bbotk]  a319c349-f8b9-4f18-8ea1-3deb013ccd1e
INFO  [17:09:30.719] [bbotk] Evaluating 1 configuration(s)
INFO  [17:09:31.102] [bbotk] Result of batch 7:
INFO  [17:09:31.103] [bbotk]  nrounds       eta max_depth classif.ce warnings errors runtime_learners
INFO  [17:09:31.103] [bbotk]      176 0.1457627         6 0.06265664        0      0            0.348
INFO  [17:09:31.103] [bbotk]                                 uhash
INFO  [17:09:31.103] [bbotk]  a700fd1f-6042-470b-92ef-9387989a65f1
INFO  [17:09:31.114] [bbotk] Evaluating 1 configuration(s)
INFO  [17:09:31.517] [bbotk] Result of batch 8:
INFO  [17:09:31.518] [bbotk]  nrounds       eta max_depth classif.ce warnings errors runtime_learners
INFO  [17:09:31.518] [bbotk]      159 0.2790942         9 0.05889724        0      0            0.355
INFO  [17:09:31.518] [bbotk]                                 uhash
INFO  [17:09:31.518] [bbotk]  ee0d1088-7bc9-4f6d-8ea6-e2d1a16cedda
INFO  [17:09:31.522] [bbotk] Evaluating 1 configuration(s)
INFO  [17:09:31.760] [bbotk] Result of batch 9:
INFO  [17:09:31.761] [bbotk]  nrounds       eta max_depth classif.ce warnings errors runtime_learners
INFO  [17:09:31.761] [bbotk]       89 0.2884863         6 0.06390977        0      0            0.188
INFO  [17:09:31.761] [bbotk]                                 uhash
INFO  [17:09:31.761] [bbotk]  43928308-878d-49c1-b9fa-91791a6674d2
INFO  [17:09:31.765] [bbotk] Evaluating 1 configuration(s)
INFO  [17:09:32.331] [bbotk] Result of batch 10:
INFO  [17:09:32.332] [bbotk]  nrounds       eta max_depth classif.ce warnings errors runtime_learners
INFO  [17:09:32.332] [bbotk]      261 0.1459998         8 0.06140351        0      0            0.508
INFO  [17:09:32.332] [bbotk]                                 uhash
INFO  [17:09:32.332] [bbotk]  5f82875b-902f-4e5f-830c-86817684dc49
INFO  [17:09:32.346] [bbotk] Finished optimizing after 10 evaluation(s)
INFO  [17:09:32.347] [bbotk] Result:
INFO  [17:09:32.348] [bbotk]  nrounds        eta max_depth learner_param_vals  x_domain classif.ce
INFO  [17:09:32.348] [bbotk]    <int>      <num>     <int>             <list>    <list>      <num>
INFO  [17:09:32.348] [bbotk]       57 0.09237937         9          <list[5]> <list[3]> 0.05513784
INFO  [17:09:32.491] [bbotk] Starting to optimize 3 parameter(s) with '<OptimizerBatchRandomSearch>' and '<TerminatorEvals> [n_evals=10, k=0]'
INFO  [17:09:32.513] [bbotk] Evaluating 1 configuration(s)
INFO  [17:09:32.937] [bbotk] Result of batch 1:
INFO  [17:09:32.938] [bbotk]  nrounds       eta max_depth classif.ce warnings errors runtime_learners
INFO  [17:09:32.938] [bbotk]      178 0.2577229         6 0.08510978        0      0            0.382
INFO  [17:09:32.938] [bbotk]                                 uhash
INFO  [17:09:32.938] [bbotk]  8940f43e-b7b0-44f0-ae6d-ee8936fd4fa9
INFO  [17:09:32.943] [bbotk] Evaluating 1 configuration(s)
INFO  [17:09:33.233] [bbotk] Result of batch 2:
INFO  [17:09:33.234] [bbotk]  nrounds       eta max_depth classif.ce warnings errors runtime_learners
INFO  [17:09:33.234] [bbotk]      157 0.2895555         4 0.09011292        0      0            0.254
INFO  [17:09:33.234] [bbotk]                                 uhash
INFO  [17:09:33.234] [bbotk]  322f8348-4fa3-45fa-bcf6-a736407313fc
INFO  [17:09:33.238] [bbotk] Evaluating 1 configuration(s)
INFO  [17:09:33.596] [bbotk] Result of batch 3:
INFO  [17:09:33.600] [bbotk]  nrounds        eta max_depth classif.ce warnings errors runtime_learners
INFO  [17:09:33.600] [bbotk]       94 0.09761403         6 0.08385665        0      0            0.275
INFO  [17:09:33.600] [bbotk]                                 uhash
INFO  [17:09:33.600] [bbotk]  a2c89d2e-7023-4c2b-9563-0ce4c12c9b34
INFO  [17:09:33.617] [bbotk] Evaluating 1 configuration(s)
INFO  [17:09:34.014] [bbotk] Result of batch 4:
INFO  [17:09:34.015] [bbotk]  nrounds       eta max_depth classif.ce warnings errors runtime_learners
INFO  [17:09:34.015] [bbotk]      167 0.1461103         8 0.08385665        0      0             0.36
INFO  [17:09:34.015] [bbotk]                                 uhash
INFO  [17:09:34.015] [bbotk]  f1d8f888-91a7-4234-b122-5db45c160215
INFO  [17:09:34.023] [bbotk] Evaluating 1 configuration(s)
INFO  [17:09:34.444] [bbotk] Result of batch 5:
INFO  [17:09:34.445] [bbotk]  nrounds      eta max_depth classif.ce warnings errors runtime_learners
INFO  [17:09:34.445] [bbotk]      179 0.176621        10 0.08385665        0      0            0.376
INFO  [17:09:34.445] [bbotk]                                 uhash
INFO  [17:09:34.445] [bbotk]  de0f4d40-3ad4-40c8-90f2-4b019e869199
INFO  [17:09:34.449] [bbotk] Evaluating 1 configuration(s)
INFO  [17:09:34.962] [bbotk] Result of batch 6:
INFO  [17:09:34.964] [bbotk]  nrounds       eta max_depth classif.ce warnings errors runtime_learners
INFO  [17:09:34.964] [bbotk]      258 0.1870174         5 0.08886448        0      0            0.472
INFO  [17:09:34.964] [bbotk]                                 uhash
INFO  [17:09:34.964] [bbotk]  b1c46165-c7bd-4f95-8501-03b6d2f6968c
INFO  [17:09:34.968] [bbotk] Evaluating 1 configuration(s)
INFO  [17:09:35.173] [bbotk] Result of batch 7:
INFO  [17:09:35.174] [bbotk]  nrounds        eta max_depth classif.ce warnings errors runtime_learners
INFO  [17:09:35.174] [bbotk]      109 0.05799796         3 0.07259253        0      0            0.166
INFO  [17:09:35.174] [bbotk]                                 uhash
INFO  [17:09:35.174] [bbotk]  0cd400d7-24af-4187-9beb-660f4e478627
INFO  [17:09:35.178] [bbotk] Evaluating 1 configuration(s)
INFO  [17:09:35.659] [bbotk] Result of batch 8:
INFO  [17:09:35.661] [bbotk]  nrounds        eta max_depth classif.ce warnings errors runtime_learners
INFO  [17:09:35.661] [bbotk]      171 0.08995931         8 0.08135038        0      0            0.441
INFO  [17:09:35.661] [bbotk]                                 uhash
INFO  [17:09:35.661] [bbotk]  2d921c97-70b4-4ad8-9dcd-5441a9a83277
INFO  [17:09:35.674] [bbotk] Evaluating 1 configuration(s)
INFO  [17:09:36.046] [bbotk] Result of batch 9:
INFO  [17:09:36.048] [bbotk]  nrounds       eta max_depth classif.ce warnings errors runtime_learners
INFO  [17:09:36.048] [bbotk]      130 0.1081986        10 0.08385665        0      0            0.333
INFO  [17:09:36.048] [bbotk]                                 uhash
INFO  [17:09:36.048] [bbotk]  68c2c8ae-fdb9-4d94-99d8-495c01189c95
INFO  [17:09:36.070] [bbotk] Evaluating 1 configuration(s)
INFO  [17:09:36.723] [bbotk] Result of batch 10:
INFO  [17:09:36.724] [bbotk]  nrounds       eta max_depth classif.ce warnings errors runtime_learners
INFO  [17:09:36.724] [bbotk]      260 0.0934808        10 0.08510978        0      0            0.604
INFO  [17:09:36.724] [bbotk]                                 uhash
INFO  [17:09:36.724] [bbotk]  c7b97c78-f6f3-4bce-9adc-f8ada66c5a1c
INFO  [17:09:36.736] [bbotk] Finished optimizing after 10 evaluation(s)
INFO  [17:09:36.737] [bbotk] Result:
INFO  [17:09:36.738] [bbotk]  nrounds        eta max_depth learner_param_vals  x_domain classif.ce
INFO  [17:09:36.738] [bbotk]    <int>      <num>     <int>             <list>    <list>      <num>
INFO  [17:09:36.738] [bbotk]      109 0.05799796         3          <list[5]> <list[3]> 0.07259253
INFO  [17:09:36.836] [bbotk] Starting to optimize 3 parameter(s) with '<OptimizerBatchRandomSearch>' and '<TerminatorEvals> [n_evals=10, k=0]'
INFO  [17:09:36.850] [bbotk] Evaluating 1 configuration(s)
INFO  [17:09:37.281] [bbotk] Result of batch 1:
INFO  [17:09:37.282] [bbotk]  nrounds       eta max_depth classif.ce warnings errors runtime_learners
INFO  [17:09:37.282] [bbotk]      192 0.1439228         6  0.0713347        0      0            0.387
INFO  [17:09:37.282] [bbotk]                                 uhash
INFO  [17:09:37.282] [bbotk]  519a9fcd-5bcb-4d06-9352-9d976f18afa0
INFO  [17:09:37.286] [bbotk] Evaluating 1 configuration(s)
INFO  [17:09:37.430] [bbotk] Result of batch 2:
INFO  [17:09:37.431] [bbotk]  nrounds        eta max_depth classif.ce warnings errors runtime_learners
INFO  [17:09:37.431] [bbotk]       51 0.03412429         5 0.07384566        0      0             0.11
INFO  [17:09:37.431] [bbotk]                                 uhash
INFO  [17:09:37.431] [bbotk]  a86af944-21f5-4e63-a71e-ad5353732c05
INFO  [17:09:37.435] [bbotk] Evaluating 1 configuration(s)
INFO  [17:09:37.704] [bbotk] Result of batch 3:
INFO  [17:09:37.705] [bbotk]  nrounds       eta max_depth classif.ce warnings errors runtime_learners
INFO  [17:09:37.705] [bbotk]       96 0.1402295         9 0.06507843        0      0            0.227
INFO  [17:09:37.705] [bbotk]                                 uhash
INFO  [17:09:37.705] [bbotk]  ab51839d-0b84-4155-9d9e-55711dfb2c36
INFO  [17:09:37.714] [bbotk] Evaluating 1 configuration(s)
INFO  [17:09:37.944] [bbotk] Result of batch 4:
INFO  [17:09:37.947] [bbotk]  nrounds       eta max_depth classif.ce warnings errors runtime_learners
INFO  [17:09:37.947] [bbotk]       90 0.2856922         5 0.07384566        0      0            0.187
INFO  [17:09:37.947] [bbotk]                                 uhash
INFO  [17:09:37.947] [bbotk]  be702d4b-15c0-4b67-9cb1-7f90badb56cf
INFO  [17:09:37.963] [bbotk] Evaluating 1 configuration(s)
INFO  [17:09:38.151] [bbotk] Result of batch 5:
INFO  [17:09:38.152] [bbotk]  nrounds      eta max_depth classif.ce warnings errors runtime_learners
INFO  [17:09:38.152] [bbotk]       51 0.136681         7 0.07133001        0      0            0.138
INFO  [17:09:38.152] [bbotk]                                 uhash
INFO  [17:09:38.152] [bbotk]  8efe0249-cfca-4eb1-b055-f79edbd6896b
INFO  [17:09:38.161] [bbotk] Evaluating 1 configuration(s)
INFO  [17:09:38.481] [bbotk] Result of batch 6:
INFO  [17:09:38.483] [bbotk]  nrounds       eta max_depth classif.ce warnings errors runtime_learners
INFO  [17:09:38.483] [bbotk]      153 0.2263793         6 0.07383628        0      0            0.271
INFO  [17:09:38.483] [bbotk]                                 uhash
INFO  [17:09:38.483] [bbotk]  5d48f317-d514-47d4-948d-895773dbe14d
INFO  [17:09:38.488] [bbotk] Evaluating 1 configuration(s)
INFO  [17:09:38.717] [bbotk] Result of batch 7:
INFO  [17:09:38.718] [bbotk]  nrounds        eta max_depth classif.ce warnings errors runtime_learners
INFO  [17:09:38.718] [bbotk]      184 0.09907411         2 0.08010194        0      0            0.174
INFO  [17:09:38.718] [bbotk]                                 uhash
INFO  [17:09:38.718] [bbotk]  822f3f4d-18ae-41f5-8597-f67b34256802
INFO  [17:09:38.723] [bbotk] Evaluating 1 configuration(s)
INFO  [17:09:39.036] [bbotk] Result of batch 8:
INFO  [17:09:39.038] [bbotk]  nrounds        eta max_depth classif.ce warnings errors runtime_learners
INFO  [17:09:39.038] [bbotk]      249 0.03695094         2 0.07258784        0      0            0.266
INFO  [17:09:39.038] [bbotk]                                 uhash
INFO  [17:09:39.038] [bbotk]  9b5aa7ca-5be2-42e1-bea4-c40ec7daf2fa
INFO  [17:09:39.048] [bbotk] Evaluating 1 configuration(s)
INFO  [17:09:39.246] [bbotk] Result of batch 9:
INFO  [17:09:39.247] [bbotk]  nrounds        eta max_depth classif.ce warnings errors runtime_learners
INFO  [17:09:39.247] [bbotk]       53 0.06352937         9 0.07259722        0      0            0.138
INFO  [17:09:39.247] [bbotk]                                 uhash
INFO  [17:09:39.247] [bbotk]  3c828f15-338f-4553-b500-9ac2c46f9361
INFO  [17:09:39.252] [bbotk] Evaluating 1 configuration(s)
INFO  [17:09:39.657] [bbotk] Result of batch 10:
INFO  [17:09:39.659] [bbotk]  nrounds       eta max_depth classif.ce warnings errors runtime_learners
INFO  [17:09:39.659] [bbotk]      192 0.1847609         4  0.0713347        0      0            0.345
INFO  [17:09:39.659] [bbotk]                                 uhash
INFO  [17:09:39.659] [bbotk]  fc979331-278a-4de3-ab0a-0b11d9fda004
INFO  [17:09:39.674] [bbotk] Finished optimizing after 10 evaluation(s)
INFO  [17:09:39.675] [bbotk] Result:
INFO  [17:09:39.675] [bbotk]  nrounds       eta max_depth learner_param_vals  x_domain classif.ce
INFO  [17:09:39.675] [bbotk]    <int>     <num>     <int>             <list>    <list>      <num>
INFO  [17:09:39.675] [bbotk]       96 0.1402295         9          <list[5]> <list[3]> 0.06507843

### [bt]: Job terminated successfully [batchtools job.id=2224]
### [bt]: Starting job [batchtools job.id=2225]
### [bt]: Generating problem instance for problem 'a63d756aec4c60c1' ...
### [bt]: Applying algorithm 'run_learner' on problem 'a63d756aec4c60c1' for job 2225 (seed = 2226) ...
INFO  [17:09:39.928] [mlr3] Applying learner 'classif.xgboost.tuned_calib.oof_platt' on task 'pc1' (iter 5/10)
INFO  [17:09:39.983] [bbotk] Starting to optimize 3 parameter(s) with '<OptimizerBatchRandomSearch>' and '<TerminatorEvals> [n_evals=10, k=0]'
INFO  [17:09:39.999] [bbotk] Evaluating 1 configuration(s)
INFO  [17:09:40.183] [bbotk] Result of batch 1:
INFO  [17:09:40.185] [bbotk]  nrounds        eta max_depth classif.ce warnings errors runtime_learners
INFO  [17:09:40.185] [bbotk]      101 0.02531674         3 0.07894737        0      0            0.142
INFO  [17:09:40.185] [bbotk]                                 uhash
INFO  [17:09:40.185] [bbotk]  62a45f7d-2949-4569-98ec-e82ccc15d6b0
INFO  [17:09:40.189] [bbotk] Evaluating 1 configuration(s)
INFO  [17:09:40.574] [bbotk] Result of batch 2:
INFO  [17:09:40.575] [bbotk]  nrounds       eta max_depth classif.ce warnings errors runtime_learners
INFO  [17:09:40.575] [bbotk]      220 0.1821413         3  0.0914787        0      0             0.34
INFO  [17:09:40.575] [bbotk]                                 uhash
INFO  [17:09:40.575] [bbotk]  0c73ee03-0580-4955-8f9c-1fa4576a7ef7
INFO  [17:09:40.587] [bbotk] Evaluating 1 configuration(s)
INFO  [17:09:41.055] [bbotk] Result of batch 3:
INFO  [17:09:41.057] [bbotk]  nrounds       eta max_depth classif.ce warnings errors runtime_learners
INFO  [17:09:41.057] [bbotk]      238 0.2092732         6 0.09273183        0      0            0.426
INFO  [17:09:41.057] [bbotk]                                 uhash
INFO  [17:09:41.057] [bbotk]  38d31d10-13b2-41e5-9e53-bc90a7184015
INFO  [17:09:41.068] [bbotk] Evaluating 1 configuration(s)
INFO  [17:09:41.373] [bbotk] Result of batch 4:
INFO  [17:09:41.374] [bbotk]  nrounds       eta max_depth classif.ce warnings errors runtime_learners
INFO  [17:09:41.374] [bbotk]      282 0.2304557         2  0.0839599        0      0            0.264
INFO  [17:09:41.374] [bbotk]                                 uhash
INFO  [17:09:41.374] [bbotk]  d94096e5-311b-47fd-a87e-4559fdf86bd0
INFO  [17:09:41.381] [bbotk] Evaluating 1 configuration(s)
INFO  [17:09:41.807] [bbotk] Result of batch 5:
INFO  [17:09:41.809] [bbotk]  nrounds       eta max_depth classif.ce warnings errors runtime_learners
INFO  [17:09:41.809] [bbotk]      285 0.2473049         3  0.0877193        0      0            0.377
INFO  [17:09:41.809] [bbotk]                                 uhash
INFO  [17:09:41.809] [bbotk]  0f8abbe6-eaa1-492a-b50c-0735d79f062b
INFO  [17:09:41.818] [bbotk] Evaluating 1 configuration(s)
INFO  [17:09:42.158] [bbotk] Result of batch 6:
INFO  [17:09:42.159] [bbotk]  nrounds        eta max_depth classif.ce warnings errors runtime_learners
INFO  [17:09:42.159] [bbotk]      129 0.07862591         6 0.08270677        0      0            0.297
INFO  [17:09:42.159] [bbotk]                                 uhash
INFO  [17:09:42.159] [bbotk]  91630d17-7d7a-4477-ae10-59737c67ecd3
INFO  [17:09:42.163] [bbotk] Evaluating 1 configuration(s)
INFO  [17:09:42.453] [bbotk] Result of batch 7:
INFO  [17:09:42.454] [bbotk]  nrounds       eta max_depth classif.ce warnings errors runtime_learners
INFO  [17:09:42.454] [bbotk]      252 0.1550926         2 0.08646617        0      0            0.249
INFO  [17:09:42.454] [bbotk]                                 uhash
INFO  [17:09:42.454] [bbotk]  b8f4be93-03f7-4f88-8259-3b147ca08ace
INFO  [17:09:42.463] [bbotk] Evaluating 1 configuration(s)
INFO  [17:09:42.811] [bbotk] Result of batch 8:
INFO  [17:09:42.813] [bbotk]  nrounds        eta max_depth classif.ce warnings errors runtime_learners
INFO  [17:09:42.813] [bbotk]      118 0.06304738        10 0.08145363        0      0             0.31
INFO  [17:09:42.813] [bbotk]                                 uhash
INFO  [17:09:42.813] [bbotk]  2b2353f7-d3a1-4545-8f87-f5f30d2a00c2
INFO  [17:09:42.822] [bbotk] Evaluating 1 configuration(s)
INFO  [17:09:43.151] [bbotk] Result of batch 9:
INFO  [17:09:43.153] [bbotk]  nrounds    eta max_depth classif.ce warnings errors runtime_learners
INFO  [17:09:43.153] [bbotk]      291 0.2095         2  0.0877193        0      0            0.277
INFO  [17:09:43.153] [bbotk]                                 uhash
INFO  [17:09:43.153] [bbotk]  26832799-ced0-483f-8ac2-61daab23b6a3
INFO  [17:09:43.159] [bbotk] Evaluating 1 configuration(s)
INFO  [17:09:43.451] [bbotk] Result of batch 10:
INFO  [17:09:43.453] [bbotk]  nrounds        eta max_depth classif.ce warnings errors runtime_learners
INFO  [17:09:43.453] [bbotk]       91 0.03155369        10  0.0839599        0      0            0.261
INFO  [17:09:43.453] [bbotk]                                 uhash
INFO  [17:09:43.453] [bbotk]  df99ad1f-2d74-43c1-a033-1ca0eb67208e
INFO  [17:09:43.479] [bbotk] Finished optimizing after 10 evaluation(s)
INFO  [17:09:43.480] [bbotk] Result:
INFO  [17:09:43.482] [bbotk]  nrounds        eta max_depth learner_param_vals  x_domain classif.ce
INFO  [17:09:43.482] [bbotk]    <int>      <num>     <int>             <list>    <list>      <num>
INFO  [17:09:43.482] [bbotk]      101 0.02531674         3          <list[5]> <list[3]> 0.07894737
INFO  [17:09:43.595] [bbotk] Starting to optimize 3 parameter(s) with '<OptimizerBatchRandomSearch>' and '<TerminatorEvals> [n_evals=10, k=0]'
INFO  [17:09:43.610] [bbotk] Evaluating 1 configuration(s)
INFO  [17:09:43.794] [bbotk] Result of batch 1:
INFO  [17:09:43.795] [bbotk]  nrounds       eta max_depth classif.ce warnings errors runtime_learners
INFO  [17:09:43.795] [bbotk]       80 0.1954966         4 0.06641604        0      0            0.146
INFO  [17:09:43.795] [bbotk]                                 uhash
INFO  [17:09:43.795] [bbotk]  fada470b-caa3-4e6b-ae63-0840ecf6a5d8
INFO  [17:09:43.799] [bbotk] Evaluating 1 configuration(s)
INFO  [17:09:44.326] [bbotk] Result of batch 2:
INFO  [17:09:44.327] [bbotk]  nrounds       eta max_depth classif.ce warnings errors runtime_learners
INFO  [17:09:44.327] [bbotk]      282 0.1947358        10  0.0764411        0      0            0.482
INFO  [17:09:44.327] [bbotk]                                 uhash
INFO  [17:09:44.327] [bbotk]  72fe7541-4cbd-4121-9503-0b36ba4ff928
INFO  [17:09:44.331] [bbotk] Evaluating 1 configuration(s)
INFO  [17:09:44.622] [bbotk] Result of batch 3:
INFO  [17:09:44.623] [bbotk]  nrounds       eta max_depth classif.ce warnings errors runtime_learners
INFO  [17:09:44.623] [bbotk]      217 0.1375419         2 0.06766917        0      0            0.261
INFO  [17:09:44.623] [bbotk]                                 uhash
INFO  [17:09:44.623] [bbotk]  0ae2ea3d-9849-4825-9469-781ab83332a1
INFO  [17:09:44.627] [bbotk] Evaluating 1 configuration(s)
INFO  [17:09:44.878] [bbotk] Result of batch 4:
INFO  [17:09:44.879] [bbotk]  nrounds       eta max_depth classif.ce warnings errors runtime_learners
INFO  [17:09:44.879] [bbotk]      152 0.1495617         3 0.07769424        0      0            0.215
INFO  [17:09:44.879] [bbotk]                                 uhash
INFO  [17:09:44.879] [bbotk]  5f19a9aa-355c-4093-9768-51e0f654a2a9
INFO  [17:09:44.886] [bbotk] Evaluating 1 configuration(s)
INFO  [17:09:45.160] [bbotk] Result of batch 5:
INFO  [17:09:45.161] [bbotk]  nrounds      eta max_depth classif.ce warnings errors runtime_learners
INFO  [17:09:45.161] [bbotk]      115 0.108176         5 0.07393484        0      0             0.23
INFO  [17:09:45.161] [bbotk]                                 uhash
INFO  [17:09:45.161] [bbotk]  e88ab12d-77aa-4b02-98f8-4d9370a5292d
INFO  [17:09:45.165] [bbotk] Evaluating 1 configuration(s)
INFO  [17:09:45.642] [bbotk] Result of batch 6:
INFO  [17:09:45.643] [bbotk]  nrounds       eta max_depth classif.ce warnings errors runtime_learners
INFO  [17:09:45.643] [bbotk]      295 0.2285555         3 0.07769424        0      0            0.417
INFO  [17:09:45.643] [bbotk]                                 uhash
INFO  [17:09:45.643] [bbotk]  7dfce08f-3d4d-4dd1-885a-ac44210c511a
INFO  [17:09:45.648] [bbotk] Evaluating 1 configuration(s)
INFO  [17:09:45.992] [bbotk] Result of batch 7:
INFO  [17:09:45.992] [bbotk]  nrounds       eta max_depth classif.ce warnings errors runtime_learners
INFO  [17:09:45.992] [bbotk]      227 0.1504898         3 0.07769424        0      0            0.287
INFO  [17:09:45.992] [bbotk]                                 uhash
INFO  [17:09:45.992] [bbotk]  f227ecdf-5beb-4c13-baea-98c89f22cfd9
INFO  [17:09:45.997] [bbotk] Evaluating 1 configuration(s)
INFO  [17:09:46.232] [bbotk] Result of batch 8:
INFO  [17:09:46.233] [bbotk]  nrounds       eta max_depth classif.ce warnings errors runtime_learners
INFO  [17:09:46.233] [bbotk]      215 0.2059744         2 0.07017544        0      0            0.198
INFO  [17:09:46.233] [bbotk]                                 uhash
INFO  [17:09:46.233] [bbotk]  2ca3c27d-70cf-4391-8d0b-b8e2fa8e6b7a
INFO  [17:09:46.236] [bbotk] Evaluating 1 configuration(s)
INFO  [17:09:46.549] [bbotk] Result of batch 9:
INFO  [17:09:46.551] [bbotk]  nrounds        eta max_depth classif.ce warnings errors runtime_learners
INFO  [17:09:46.551] [bbotk]      226 0.05381831         2 0.06516291        0      0            0.257
INFO  [17:09:46.551] [bbotk]                                 uhash
INFO  [17:09:46.551] [bbotk]  169461a9-2840-42f8-b878-9460a60869c1
INFO  [17:09:46.561] [bbotk] Evaluating 1 configuration(s)
INFO  [17:09:47.054] [bbotk] Result of batch 10:
INFO  [17:09:47.056] [bbotk]  nrounds        eta max_depth classif.ce warnings errors runtime_learners
INFO  [17:09:47.056] [bbotk]      167 0.06691201         7 0.06766917        0      0            0.444
INFO  [17:09:47.056] [bbotk]                                 uhash
INFO  [17:09:47.056] [bbotk]  c6b1f17c-c387-473f-9e00-28dade673937
INFO  [17:09:47.072] [bbotk] Finished optimizing after 10 evaluation(s)
INFO  [17:09:47.072] [bbotk] Result:
INFO  [17:09:47.073] [bbotk]  nrounds        eta max_depth learner_param_vals  x_domain classif.ce
INFO  [17:09:47.073] [bbotk]    <int>      <num>     <int>             <list>    <list>      <num>
INFO  [17:09:47.073] [bbotk]      226 0.05381831         2          <list[5]> <list[3]> 0.06516291
INFO  [17:09:47.261] [bbotk] Starting to optimize 3 parameter(s) with '<OptimizerBatchRandomSearch>' and '<TerminatorEvals> [n_evals=10, k=0]'
INFO  [17:09:47.291] [bbotk] Evaluating 1 configuration(s)
INFO  [17:09:47.497] [bbotk] Result of batch 1:
INFO  [17:09:47.499] [bbotk]  nrounds       eta max_depth classif.ce warnings errors runtime_learners
INFO  [17:09:47.499] [bbotk]      160 0.2781471         2  0.0726817        0      0            0.158
INFO  [17:09:47.499] [bbotk]                                 uhash
INFO  [17:09:47.499] [bbotk]  79f343ca-05a7-4ad1-aea9-447b13f27c82
INFO  [17:09:47.510] [bbotk] Evaluating 1 configuration(s)
INFO  [17:09:47.828] [bbotk] Result of batch 2:
INFO  [17:09:47.829] [bbotk]  nrounds       eta max_depth classif.ce warnings errors runtime_learners
INFO  [17:09:47.829] [bbotk]      137 0.2911155         6 0.07017544        0      0            0.289
INFO  [17:09:47.829] [bbotk]                                 uhash
INFO  [17:09:47.829] [bbotk]  98391a46-7efa-46e0-80f3-453a894941b1
INFO  [17:09:47.834] [bbotk] Evaluating 1 configuration(s)
INFO  [17:09:48.257] [bbotk] Result of batch 3:
INFO  [17:09:48.258] [bbotk]  nrounds       eta max_depth classif.ce warnings errors runtime_learners
INFO  [17:09:48.258] [bbotk]      184 0.1056923         6 0.07142857        0      0            0.369
INFO  [17:09:48.258] [bbotk]                                 uhash
INFO  [17:09:48.258] [bbotk]  c8090a97-6ca0-4eac-92cb-4b84a6df6c78
INFO  [17:09:48.262] [bbotk] Evaluating 1 configuration(s)
INFO  [17:09:48.651] [bbotk] Result of batch 4:
INFO  [17:09:48.652] [bbotk]  nrounds       eta max_depth classif.ce warnings errors runtime_learners
INFO  [17:09:48.652] [bbotk]      190 0.1860997         6 0.07769424        0      0             0.35
INFO  [17:09:48.652] [bbotk]                                 uhash
INFO  [17:09:48.652] [bbotk]  e1674449-ec1d-401e-8a10-1b60916f4fb5
INFO  [17:09:48.659] [bbotk] Evaluating 1 configuration(s)
INFO  [17:09:49.041] [bbotk] Result of batch 5:
INFO  [17:09:49.043] [bbotk]  nrounds       eta max_depth classif.ce warnings errors runtime_learners
INFO  [17:09:49.043] [bbotk]      168 0.2560149        10  0.0764411        0      0            0.328
INFO  [17:09:49.043] [bbotk]                                 uhash
INFO  [17:09:49.043] [bbotk]  20686b0a-cf72-4a03-87ee-0fb5803d9dc8
INFO  [17:09:49.048] [bbotk] Evaluating 1 configuration(s)
INFO  [17:09:49.340] [bbotk] Result of batch 6:
INFO  [17:09:49.341] [bbotk]  nrounds       eta max_depth classif.ce warnings errors runtime_learners
INFO  [17:09:49.341] [bbotk]      117 0.0896536         5 0.06641604        0      0            0.243
INFO  [17:09:49.341] [bbotk]                                 uhash
INFO  [17:09:49.341] [bbotk]  640d8482-15f8-430a-9268-2dfeed66d4b7
INFO  [17:09:49.359] [bbotk] Evaluating 1 configuration(s)
INFO  [17:09:49.656] [bbotk] Result of batch 7:
INFO  [17:09:49.659] [bbotk]  nrounds       eta max_depth classif.ce warnings errors runtime_learners
INFO  [17:09:49.659] [bbotk]      124 0.2616847         5 0.07017544        0      0            0.252
INFO  [17:09:49.659] [bbotk]                                 uhash
INFO  [17:09:49.659] [bbotk]  08b210ef-a82d-4754-b7a2-53e0fad25c9e
INFO  [17:09:49.664] [bbotk] Evaluating 1 configuration(s)
INFO  [17:09:50.076] [bbotk] Result of batch 8:
INFO  [17:09:50.078] [bbotk]  nrounds       eta max_depth classif.ce warnings errors runtime_learners
INFO  [17:09:50.078] [bbotk]      218 0.2611608         7 0.07769424        0      0             0.37
INFO  [17:09:50.078] [bbotk]                                 uhash
INFO  [17:09:50.078] [bbotk]  a4b42910-1eef-4693-8bc8-8ef51bc0b42c
INFO  [17:09:50.086] [bbotk] Evaluating 1 configuration(s)
INFO  [17:09:50.358] [bbotk] Result of batch 9:
INFO  [17:09:50.359] [bbotk]  nrounds        eta max_depth classif.ce warnings errors runtime_learners
INFO  [17:09:50.359] [bbotk]      108 0.05015558         5 0.06265664        0      0            0.233
INFO  [17:09:50.359] [bbotk]                                 uhash
INFO  [17:09:50.359] [bbotk]  9fd57ee7-5692-467a-ada2-a9e408fe1b77
INFO  [17:09:50.362] [bbotk] Evaluating 1 configuration(s)
INFO  [17:09:50.858] [bbotk] Result of batch 10:
INFO  [17:09:50.859] [bbotk]  nrounds        eta max_depth classif.ce warnings errors runtime_learners
INFO  [17:09:50.859] [bbotk]      274 0.01784986         4 0.06516291        0      0            0.442
INFO  [17:09:50.859] [bbotk]                                 uhash
INFO  [17:09:50.859] [bbotk]  5b509362-8cc2-4766-878c-0283aa1522d6
INFO  [17:09:50.868] [bbotk] Finished optimizing after 10 evaluation(s)
INFO  [17:09:50.869] [bbotk] Result:
INFO  [17:09:50.871] [bbotk]  nrounds        eta max_depth learner_param_vals  x_domain classif.ce
INFO  [17:09:50.871] [bbotk]    <int>      <num>     <int>             <list>    <list>      <num>
INFO  [17:09:50.871] [bbotk]      108 0.05015558         5          <list[5]> <list[3]> 0.06265664
INFO  [17:09:51.023] [bbotk] Starting to optimize 3 parameter(s) with '<OptimizerBatchRandomSearch>' and '<TerminatorEvals> [n_evals=10, k=0]'
INFO  [17:09:51.035] [bbotk] Evaluating 1 configuration(s)
INFO  [17:09:51.505] [bbotk] Result of batch 1:
INFO  [17:09:51.506] [bbotk]  nrounds        eta max_depth classif.ce warnings errors runtime_learners
INFO  [17:09:51.506] [bbotk]      166 0.09097943        10 0.06385345        0      0            0.415
INFO  [17:09:51.506] [bbotk]                                 uhash
INFO  [17:09:51.506] [bbotk]  40482e63-da08-4048-8845-375729901d98
INFO  [17:09:51.511] [bbotk] Evaluating 1 configuration(s)
INFO  [17:09:52.029] [bbotk] Result of batch 2:
INFO  [17:09:52.030] [bbotk]  nrounds       eta max_depth classif.ce warnings errors runtime_learners
INFO  [17:09:52.030] [bbotk]      274 0.1509212         4 0.06385815        0      0            0.451
INFO  [17:09:52.030] [bbotk]                                 uhash
INFO  [17:09:52.030] [bbotk]  dcd9ce77-3ed9-470e-82fc-50080d945277
INFO  [17:09:52.034] [bbotk] Evaluating 1 configuration(s)
INFO  [17:09:52.626] [bbotk] Result of batch 3:
INFO  [17:09:52.628] [bbotk]  nrounds        eta max_depth classif.ce warnings errors runtime_learners
INFO  [17:09:52.628] [bbotk]      256 0.05451649         6 0.06385345        0      0            0.556
INFO  [17:09:52.628] [bbotk]                                 uhash
INFO  [17:09:52.628] [bbotk]  6e889e48-bb34-47af-a724-e354cff370c3
INFO  [17:09:52.636] [bbotk] Evaluating 1 configuration(s)
INFO  [17:09:52.943] [bbotk] Result of batch 4:
INFO  [17:09:52.944] [bbotk]  nrounds       eta max_depth classif.ce warnings errors runtime_learners
INFO  [17:09:52.944] [bbotk]      106 0.1833199         6 0.06135188        0      0            0.247
INFO  [17:09:52.944] [bbotk]                                 uhash
INFO  [17:09:52.944] [bbotk]  15e89595-3b5c-41ca-9ebb-d0161da05f85
INFO  [17:09:52.948] [bbotk] Evaluating 1 configuration(s)
INFO  [17:09:53.385] [bbotk] Result of batch 5:
INFO  [17:09:53.387] [bbotk]  nrounds       eta max_depth classif.ce warnings errors runtime_learners
INFO  [17:09:53.387] [bbotk]      251 0.1053497         4 0.06260501        0      0            0.403
INFO  [17:09:53.387] [bbotk]                                 uhash
INFO  [17:09:53.387] [bbotk]  8a356c7c-0bc7-4d36-b801-b3269fb55ec8
INFO  [17:09:53.392] [bbotk] Evaluating 1 configuration(s)
INFO  [17:09:53.773] [bbotk] Result of batch 6:
INFO  [17:09:53.775] [bbotk]  nrounds        eta max_depth classif.ce warnings errors runtime_learners
INFO  [17:09:53.775] [bbotk]      141 0.03796633         7 0.07010504        0      0             0.31
INFO  [17:09:53.775] [bbotk]                                 uhash
INFO  [17:09:53.775] [bbotk]  9c16f74a-c574-4fdb-86ca-a8dbde9f1a13
INFO  [17:09:53.780] [bbotk] Evaluating 1 configuration(s)
INFO  [17:09:54.232] [bbotk] Result of batch 7:
INFO  [17:09:54.233] [bbotk]  nrounds       eta max_depth classif.ce warnings errors runtime_learners
INFO  [17:09:54.233] [bbotk]      177 0.1399804         6 0.06135188        0      0            0.403
INFO  [17:09:54.233] [bbotk]                                 uhash
INFO  [17:09:54.233] [bbotk]  771b83f9-e424-46ee-a46d-e9e8675efe4c
INFO  [17:09:54.237] [bbotk] Evaluating 1 configuration(s)
INFO  [17:09:54.479] [bbotk] Result of batch 8:
INFO  [17:09:54.484] [bbotk]  nrounds       eta max_depth classif.ce warnings errors runtime_learners
INFO  [17:09:54.484] [bbotk]      225 0.2019574         2 0.06385345        0      0            0.209
INFO  [17:09:54.484] [bbotk]                                 uhash
INFO  [17:09:54.484] [bbotk]  4d0361c2-3ec7-4e90-86b4-5e60391980d5
INFO  [17:09:54.488] [bbotk] Evaluating 1 configuration(s)
INFO  [17:09:54.964] [bbotk] Result of batch 9:
INFO  [17:09:54.965] [bbotk]  nrounds       eta max_depth classif.ce warnings errors runtime_learners
INFO  [17:09:54.965] [bbotk]      214 0.1494581         7 0.06135188        0      0            0.433
INFO  [17:09:54.965] [bbotk]                                 uhash
INFO  [17:09:54.965] [bbotk]  f73637e1-d3b9-432c-8c2e-d22b961f1fea
INFO  [17:09:54.973] [bbotk] Evaluating 1 configuration(s)
INFO  [17:09:55.197] [bbotk] Result of batch 10:
INFO  [17:09:55.199] [bbotk]  nrounds       eta max_depth classif.ce warnings errors runtime_learners
INFO  [17:09:55.199] [bbotk]       80 0.2788404         6 0.06385815        0      0            0.188
INFO  [17:09:55.199] [bbotk]                                 uhash
INFO  [17:09:55.199] [bbotk]  efc0cf10-0318-44a6-b1ac-a21f93613253
INFO  [17:09:55.210] [bbotk] Finished optimizing after 10 evaluation(s)
INFO  [17:09:55.210] [bbotk] Result:
INFO  [17:09:55.211] [bbotk]  nrounds       eta max_depth learner_param_vals  x_domain classif.ce
INFO  [17:09:55.211] [bbotk]    <int>     <num>     <int>             <list>    <list>      <num>
INFO  [17:09:55.211] [bbotk]      106 0.1833199         6          <list[5]> <list[3]> 0.06135188
INFO  [17:09:55.378] [bbotk] Starting to optimize 3 parameter(s) with '<OptimizerBatchRandomSearch>' and '<TerminatorEvals> [n_evals=10, k=0]'
INFO  [17:09:55.402] [bbotk] Evaluating 1 configuration(s)
INFO  [17:09:55.726] [bbotk] Result of batch 1:
INFO  [17:09:55.728] [bbotk]  nrounds       eta max_depth classif.ce warnings errors runtime_learners
INFO  [17:09:55.728] [bbotk]      155 0.2430552        10 0.06007059        0      0            0.284
INFO  [17:09:55.728] [bbotk]                                 uhash
INFO  [17:09:55.728] [bbotk]  b2805623-3c6c-4a97-99cf-cbebf6f5e8ba
INFO  [17:09:55.741] [bbotk] Evaluating 1 configuration(s)
INFO  [17:09:56.123] [bbotk] Result of batch 2:
INFO  [17:09:56.124] [bbotk]  nrounds       eta max_depth classif.ce warnings errors runtime_learners
INFO  [17:09:56.124] [bbotk]      131 0.1031616         6 0.05881746        0      0             0.33
INFO  [17:09:56.124] [bbotk]                                 uhash
INFO  [17:09:56.124] [bbotk]  cd824e00-5b62-4832-b6f9-d25fa9ecc67c
INFO  [17:09:56.128] [bbotk] Evaluating 1 configuration(s)
INFO  [17:09:56.376] [bbotk] Result of batch 3:
INFO  [17:09:56.378] [bbotk]  nrounds        eta max_depth classif.ce warnings errors runtime_learners
INFO  [17:09:56.378] [bbotk]      148 0.02057867         3 0.06131903        0      0            0.201
INFO  [17:09:56.378] [bbotk]                                 uhash
INFO  [17:09:56.378] [bbotk]  098c6541-44a9-4745-a8c9-86c05d9dfc35
INFO  [17:09:56.387] [bbotk] Evaluating 1 configuration(s)
INFO  [17:09:56.743] [bbotk] Result of batch 4:
INFO  [17:09:56.745] [bbotk]  nrounds       eta max_depth classif.ce warnings errors runtime_learners
INFO  [17:09:56.745] [bbotk]      239 0.1129453         3 0.06257216        0      0            0.313
INFO  [17:09:56.745] [bbotk]                                 uhash
INFO  [17:09:56.745] [bbotk]  5cb8cf96-8a16-437c-b45a-34da2d9f026d
INFO  [17:09:56.750] [bbotk] Evaluating 1 configuration(s)
INFO  [17:09:57.089] [bbotk] Result of batch 5:
INFO  [17:09:57.090] [bbotk]  nrounds        eta max_depth classif.ce warnings errors runtime_learners
INFO  [17:09:57.090] [bbotk]      105 0.04732351        10  0.0600659        0      0            0.285
INFO  [17:09:57.090] [bbotk]                                 uhash
INFO  [17:09:57.090] [bbotk]  766bab15-e76c-43a9-a70f-e70782b80128
INFO  [17:09:57.094] [bbotk] Evaluating 1 configuration(s)
INFO  [17:09:57.255] [bbotk] Result of batch 6:
INFO  [17:09:57.256] [bbotk]  nrounds        eta max_depth classif.ce warnings errors runtime_learners
INFO  [17:09:57.256] [bbotk]       76 0.03447912         4  0.0638206        0      0            0.121
INFO  [17:09:57.256] [bbotk]                                 uhash
INFO  [17:09:57.256] [bbotk]  43a9849c-2db8-4e44-ad4a-777dd6c30f91
INFO  [17:09:57.261] [bbotk] Evaluating 1 configuration(s)
INFO  [17:09:57.697] [bbotk] Result of batch 7:
INFO  [17:09:57.698] [bbotk]  nrounds       eta max_depth classif.ce warnings errors runtime_learners
INFO  [17:09:57.698] [bbotk]      235 0.2276208         7 0.05881746        0      0            0.399
INFO  [17:09:57.698] [bbotk]                                 uhash
INFO  [17:09:57.698] [bbotk]  877bc9fb-add0-464f-818b-7966a282a0a7
INFO  [17:09:57.713] [bbotk] Evaluating 1 configuration(s)
INFO  [17:09:58.286] [bbotk] Result of batch 8:
INFO  [17:09:58.288] [bbotk]  nrounds       eta max_depth classif.ce warnings errors runtime_learners
INFO  [17:09:58.288] [bbotk]      280 0.2568878         6 0.06131903        0      0            0.512
INFO  [17:09:58.288] [bbotk]                                 uhash
INFO  [17:09:58.288] [bbotk]  facdd8a2-a0de-4693-b2bb-cbc150721eff
INFO  [17:09:58.292] [bbotk] Evaluating 1 configuration(s)
INFO  [17:09:58.594] [bbotk] Result of batch 9:
INFO  [17:09:58.596] [bbotk]  nrounds        eta max_depth classif.ce warnings errors runtime_learners
INFO  [17:09:58.596] [bbotk]       89 0.07698949        10 0.05756432        0      0            0.263
INFO  [17:09:58.596] [bbotk]                                 uhash
INFO  [17:09:58.596] [bbotk]  3cce277a-5e56-4876-bd2c-dadab57e2859
INFO  [17:09:58.606] [bbotk] Evaluating 1 configuration(s)
INFO  [17:09:59.135] [bbotk] Result of batch 10:
INFO  [17:09:59.136] [bbotk]  nrounds       eta max_depth classif.ce warnings errors runtime_learners
INFO  [17:09:59.136] [bbotk]      251 0.1286769         5  0.0638206        0      0             0.48
INFO  [17:09:59.136] [bbotk]                                 uhash
INFO  [17:09:59.136] [bbotk]  24b9ddc1-09d5-4d81-adda-5c605b672b41
INFO  [17:09:59.152] [bbotk] Finished optimizing after 10 evaluation(s)
INFO  [17:09:59.152] [bbotk] Result:
INFO  [17:09:59.154] [bbotk]  nrounds        eta max_depth learner_param_vals  x_domain classif.ce
INFO  [17:09:59.154] [bbotk]    <int>      <num>     <int>             <list>    <list>      <num>
INFO  [17:09:59.154] [bbotk]       89 0.07698949        10          <list[5]> <list[3]> 0.05756432

### [bt]: Job terminated successfully [batchtools job.id=2225]
### [bt]: Calculation finished!
