### [bt]: This is batchtools v0.9.17
### [bt]: Starting calculation of 5 jobs
### [bt]: Setting working directory to '/Users/User/Documents/Studium/Semester8/Hiwi/mlr3calibration/vignettes'
### [bt]: Memory measurement disabled
### [bt]: Starting job [batchtools job.id=2246]
### [bt]: Generating problem instance for problem 'a63d756aec4c60c1' ...
### [bt]: Applying algorithm 'run_learner' on problem 'a63d756aec4c60c1' for job 2246 (seed = 2247) ...
INFO  [17:08:31.167] [mlr3] Applying learner 'classif.xgboost.tuned_calib.oof_isotonic' on task 'pc1' (iter 6/10)
INFO  [17:08:31.240] [bbotk] Starting to optimize 3 parameter(s) with '<OptimizerBatchRandomSearch>' and '<TerminatorEvals> [n_evals=10, k=0]'
INFO  [17:08:31.259] [bbotk] Evaluating 1 configuration(s)
INFO  [17:08:31.585] [bbotk] Result of batch 1:
INFO  [17:08:31.586] [bbotk]  nrounds       eta max_depth classif.ce warnings errors runtime_learners
INFO  [17:08:31.586] [bbotk]      150 0.2150053         4 0.06390977        0      0            0.273
INFO  [17:08:31.586] [bbotk]                                 uhash
INFO  [17:08:31.586] [bbotk]  915a795d-8d69-4fb1-92f7-3867a83fa6de
INFO  [17:08:31.595] [bbotk] Evaluating 1 configuration(s)
INFO  [17:08:31.747] [bbotk] Result of batch 2:
INFO  [17:08:31.748] [bbotk]  nrounds       eta max_depth classif.ce warnings errors runtime_learners
INFO  [17:08:31.748] [bbotk]       95 0.2411602         2 0.06516291        0      0            0.102
INFO  [17:08:31.748] [bbotk]                                 uhash
INFO  [17:08:31.748] [bbotk]  f6774b07-468a-4e4c-93eb-c5ae83b67250
INFO  [17:08:31.759] [bbotk] Evaluating 1 configuration(s)
INFO  [17:08:32.041] [bbotk] Result of batch 3:
INFO  [17:08:32.042] [bbotk]  nrounds       eta max_depth classif.ce warnings errors runtime_learners
INFO  [17:08:32.042] [bbotk]      234 0.1001509         2 0.06892231        0      0            0.225
INFO  [17:08:32.042] [bbotk]                                 uhash
INFO  [17:08:32.042] [bbotk]  472221c4-1d35-46cb-80cb-8335a775c76a
INFO  [17:08:32.052] [bbotk] Evaluating 1 configuration(s)
INFO  [17:08:32.622] [bbotk] Result of batch 4:
INFO  [17:08:32.623] [bbotk]  nrounds       eta max_depth classif.ce warnings errors runtime_learners
INFO  [17:08:32.623] [bbotk]      237 0.1716963        10 0.06641604        0      0            0.534
INFO  [17:08:32.623] [bbotk]                                 uhash
INFO  [17:08:32.623] [bbotk]  2a7f84a4-9b38-48f9-b79b-55b91fcc1f02
INFO  [17:08:32.627] [bbotk] Evaluating 1 configuration(s)
INFO  [17:08:33.089] [bbotk] Result of batch 5:
INFO  [17:08:33.089] [bbotk]  nrounds       eta max_depth classif.ce warnings errors runtime_learners
INFO  [17:08:33.089] [bbotk]      255 0.2023911         4 0.07017544        0      0            0.412
INFO  [17:08:33.089] [bbotk]                                 uhash
INFO  [17:08:33.089] [bbotk]  7cc051d4-f5ab-475c-b20c-fde505e553c4
INFO  [17:08:33.093] [bbotk] Evaluating 1 configuration(s)
INFO  [17:08:33.643] [bbotk] Result of batch 6:
INFO  [17:08:33.645] [bbotk]  nrounds        eta max_depth classif.ce warnings errors runtime_learners
INFO  [17:08:33.645] [bbotk]      201 0.09346802         9 0.06390977        0      0            0.514
INFO  [17:08:33.645] [bbotk]                                 uhash
INFO  [17:08:33.645] [bbotk]  b192a557-644d-4244-a21d-c0a0ba852e65
INFO  [17:08:33.660] [bbotk] Evaluating 1 configuration(s)
INFO  [17:08:34.277] [bbotk] Result of batch 7:
INFO  [17:08:34.278] [bbotk]  nrounds       eta max_depth classif.ce warnings errors runtime_learners
INFO  [17:08:34.278] [bbotk]      248 0.1574859        10 0.06641604        0      0            0.569
INFO  [17:08:34.278] [bbotk]                                 uhash
INFO  [17:08:34.278] [bbotk]  faf2c79f-6f40-4053-b2b0-0cf6a3d810c8
INFO  [17:08:34.282] [bbotk] Evaluating 1 configuration(s)
INFO  [17:08:35.019] [bbotk] Result of batch 8:
INFO  [17:08:35.020] [bbotk]  nrounds        eta max_depth classif.ce warnings errors runtime_learners
INFO  [17:08:35.020] [bbotk]      256 0.08336137         8 0.06140351        0      0            0.673
INFO  [17:08:35.020] [bbotk]                                 uhash
INFO  [17:08:35.020] [bbotk]  0ca1c1be-6855-4fe6-9db9-02cd0d9bbc88
INFO  [17:08:35.033] [bbotk] Evaluating 1 configuration(s)
INFO  [17:08:35.281] [bbotk] Result of batch 9:
INFO  [17:08:35.284] [bbotk]  nrounds        eta max_depth classif.ce warnings errors runtime_learners
INFO  [17:08:35.284] [bbotk]      168 0.07917261         2 0.06265664        0      0            0.195
INFO  [17:08:35.284] [bbotk]                                 uhash
INFO  [17:08:35.284] [bbotk]  302b796b-bcb4-456e-b2bb-e54eb5713256
INFO  [17:08:35.292] [bbotk] Evaluating 1 configuration(s)
INFO  [17:08:35.526] [bbotk] Result of batch 10:
INFO  [17:08:35.527] [bbotk]  nrounds       eta max_depth classif.ce warnings errors runtime_learners
INFO  [17:08:35.527] [bbotk]       61 0.1689152         7 0.06265664        0      0            0.179
INFO  [17:08:35.527] [bbotk]                                 uhash
INFO  [17:08:35.527] [bbotk]  a914ee49-3c54-473c-b882-df356e177125
INFO  [17:08:35.541] [bbotk] Finished optimizing after 10 evaluation(s)
INFO  [17:08:35.541] [bbotk] Result:
INFO  [17:08:35.542] [bbotk]  nrounds        eta max_depth learner_param_vals  x_domain classif.ce
INFO  [17:08:35.542] [bbotk]    <int>      <num>     <int>             <list>    <list>      <num>
INFO  [17:08:35.542] [bbotk]      256 0.08336137         8          <list[5]> <list[3]> 0.06140351
INFO  [17:08:36.000] [bbotk] Starting to optimize 3 parameter(s) with '<OptimizerBatchRandomSearch>' and '<TerminatorEvals> [n_evals=10, k=0]'
INFO  [17:08:36.011] [bbotk] Evaluating 1 configuration(s)
INFO  [17:08:36.622] [bbotk] Result of batch 1:
INFO  [17:08:36.624] [bbotk]  nrounds        eta max_depth classif.ce warnings errors runtime_learners
INFO  [17:08:36.624] [bbotk]      239 0.06893615         5  0.0764411        0      0            0.558
INFO  [17:08:36.624] [bbotk]                                 uhash
INFO  [17:08:36.624] [bbotk]  0351dada-6c1d-4ac5-82c0-94fb9bad4228
INFO  [17:08:36.638] [bbotk] Evaluating 1 configuration(s)
INFO  [17:08:37.285] [bbotk] Result of batch 2:
INFO  [17:08:37.288] [bbotk]  nrounds        eta max_depth classif.ce warnings errors runtime_learners
INFO  [17:08:37.288] [bbotk]      242 0.05331448        10 0.07518797        0      0            0.595
INFO  [17:08:37.288] [bbotk]                                 uhash
INFO  [17:08:37.288] [bbotk]  cbef71da-a94d-4a04-92a8-5e39325abe4e
INFO  [17:08:37.297] [bbotk] Evaluating 1 configuration(s)
INFO  [17:08:37.872] [bbotk] Result of batch 3:
INFO  [17:08:37.874] [bbotk]  nrounds      eta max_depth classif.ce warnings errors runtime_learners
INFO  [17:08:37.874] [bbotk]      265 0.148945         7 0.07769424        0      0            0.501
INFO  [17:08:37.874] [bbotk]                                 uhash
INFO  [17:08:37.874] [bbotk]  24ab211f-854e-4862-94fe-15d874f6e71e
INFO  [17:08:37.882] [bbotk] Evaluating 1 configuration(s)
INFO  [17:08:38.193] [bbotk] Result of batch 4:
INFO  [17:08:38.194] [bbotk]  nrounds       eta max_depth classif.ce warnings errors runtime_learners
INFO  [17:08:38.194] [bbotk]      119 0.0675831         4 0.07017544        0      0            0.259
INFO  [17:08:38.194] [bbotk]                                 uhash
INFO  [17:08:38.194] [bbotk]  c8d8c612-5a86-433c-ad70-e63b85a3e5a8
INFO  [17:08:38.198] [bbotk] Evaluating 1 configuration(s)
INFO  [17:08:38.573] [bbotk] Result of batch 5:
INFO  [17:08:38.573] [bbotk]  nrounds       eta max_depth classif.ce warnings errors runtime_learners
INFO  [17:08:38.573] [bbotk]      195 0.2464718         6  0.0764411        0      0             0.34
INFO  [17:08:38.573] [bbotk]                                 uhash
INFO  [17:08:38.573] [bbotk]  0b0602d5-ce74-4396-aabb-1e7b4379d578
INFO  [17:08:38.577] [bbotk] Evaluating 1 configuration(s)
INFO  [17:08:39.265] [bbotk] Result of batch 6:
INFO  [17:08:39.266] [bbotk]  nrounds        eta max_depth classif.ce warnings errors runtime_learners
INFO  [17:08:39.266] [bbotk]      272 0.04671054         9  0.0764411        0      0            0.636
INFO  [17:08:39.266] [bbotk]                                 uhash
INFO  [17:08:39.266] [bbotk]  298c82cb-b12f-49fb-ad81-f5e5f23f58aa
INFO  [17:08:39.272] [bbotk] Evaluating 1 configuration(s)
INFO  [17:08:39.618] [bbotk] Result of batch 7:
INFO  [17:08:39.620] [bbotk]  nrounds       eta max_depth classif.ce warnings errors runtime_learners
INFO  [17:08:39.620] [bbotk]      280 0.2512522         2 0.07894737        0      0            0.279
INFO  [17:08:39.620] [bbotk]                                 uhash
INFO  [17:08:39.620] [bbotk]  f0c74e3e-45a9-40c2-a06d-5fcdb1942bba
INFO  [17:08:39.629] [bbotk] Evaluating 1 configuration(s)
INFO  [17:08:39.954] [bbotk] Result of batch 8:
INFO  [17:08:39.955] [bbotk]  nrounds        eta max_depth classif.ce warnings errors runtime_learners
INFO  [17:08:39.955] [bbotk]      118 0.07452922         9  0.0764411        0      0            0.288
INFO  [17:08:39.955] [bbotk]                                 uhash
INFO  [17:08:39.955] [bbotk]  39150cd2-9b8b-47fe-ad50-35e7fff37ac6
INFO  [17:08:39.959] [bbotk] Evaluating 1 configuration(s)
INFO  [17:08:40.341] [bbotk] Result of batch 9:
INFO  [17:08:40.342] [bbotk]  nrounds        eta max_depth classif.ce warnings errors runtime_learners
INFO  [17:08:40.342] [bbotk]      172 0.08099296         5  0.0726817        0      0            0.331
INFO  [17:08:40.342] [bbotk]                                 uhash
INFO  [17:08:40.342] [bbotk]  8f07ee02-d77b-4bc0-a38d-88a8e436fec1
INFO  [17:08:40.346] [bbotk] Evaluating 1 configuration(s)
INFO  [17:08:40.545] [bbotk] Result of batch 10:
INFO  [17:08:40.548] [bbotk]  nrounds        eta max_depth classif.ce warnings errors runtime_learners
INFO  [17:08:40.548] [bbotk]       55 0.04083167         9 0.07518797        0      0            0.138
INFO  [17:08:40.548] [bbotk]                                 uhash
INFO  [17:08:40.548] [bbotk]  c012b0cf-1c0d-4f95-9a69-1aad3f0b50c0
INFO  [17:08:40.563] [bbotk] Finished optimizing after 10 evaluation(s)
INFO  [17:08:40.564] [bbotk] Result:
INFO  [17:08:40.564] [bbotk]  nrounds       eta max_depth learner_param_vals  x_domain classif.ce
INFO  [17:08:40.564] [bbotk]    <int>     <num>     <int>             <list>    <list>      <num>
INFO  [17:08:40.564] [bbotk]      119 0.0675831         4          <list[5]> <list[3]> 0.07017544
INFO  [17:08:40.712] [bbotk] Starting to optimize 3 parameter(s) with '<OptimizerBatchRandomSearch>' and '<TerminatorEvals> [n_evals=10, k=0]'
INFO  [17:08:40.739] [bbotk] Evaluating 1 configuration(s)
INFO  [17:08:41.089] [bbotk] Result of batch 1:
INFO  [17:08:41.090] [bbotk]  nrounds       eta max_depth classif.ce warnings errors runtime_learners
INFO  [17:08:41.090] [bbotk]      119 0.1373645         7  0.0802005        0      0            0.291
INFO  [17:08:41.090] [bbotk]                                 uhash
INFO  [17:08:41.090] [bbotk]  77bfa007-987f-457e-bedd-b63aad72cd1e
INFO  [17:08:41.099] [bbotk] Evaluating 1 configuration(s)
INFO  [17:08:41.547] [bbotk] Result of batch 2:
INFO  [17:08:41.548] [bbotk]  nrounds        eta max_depth classif.ce warnings errors runtime_learners
INFO  [17:08:41.548] [bbotk]      190 0.01328925         5 0.07393484        0      0            0.404
INFO  [17:08:41.548] [bbotk]                                 uhash
INFO  [17:08:41.548] [bbotk]  3cd120d3-91ec-408b-adf6-6d142c832a22
INFO  [17:08:41.557] [bbotk] Evaluating 1 configuration(s)
INFO  [17:08:42.058] [bbotk] Result of batch 3:
INFO  [17:08:42.060] [bbotk]  nrounds       eta max_depth classif.ce warnings errors runtime_learners
INFO  [17:08:42.060] [bbotk]      244 0.2338636         9  0.0839599        0      0            0.452
INFO  [17:08:42.060] [bbotk]                                 uhash
INFO  [17:08:42.060] [bbotk]  307937dd-459c-4e20-8397-56633c9a0462
INFO  [17:08:42.069] [bbotk] Evaluating 1 configuration(s)
INFO  [17:08:42.788] [bbotk] Result of batch 4:
INFO  [17:08:42.789] [bbotk]  nrounds        eta max_depth classif.ce warnings errors runtime_learners
INFO  [17:08:42.789] [bbotk]      238 0.05521846         8 0.07894737        0      0            0.663
INFO  [17:08:42.789] [bbotk]                                 uhash
INFO  [17:08:42.789] [bbotk]  b7b527fa-8af7-44dd-a717-7be02396018d
INFO  [17:08:42.794] [bbotk] Evaluating 1 configuration(s)
INFO  [17:08:43.316] [bbotk] Result of batch 5:
INFO  [17:08:43.317] [bbotk]  nrounds       eta max_depth classif.ce warnings errors runtime_learners
INFO  [17:08:43.317] [bbotk]      251 0.1822748         7  0.0839599        0      0            0.488
INFO  [17:08:43.317] [bbotk]                                 uhash
INFO  [17:08:43.317] [bbotk]  ac90677e-1b5c-40bd-8d50-3f96f1288e20
INFO  [17:08:43.328] [bbotk] Evaluating 1 configuration(s)
INFO  [17:08:43.781] [bbotk] Result of batch 6:
INFO  [17:08:43.783] [bbotk]  nrounds       eta max_depth classif.ce warnings errors runtime_learners
INFO  [17:08:43.783] [bbotk]      174 0.0415761         5 0.07769424        0      0            0.393
INFO  [17:08:43.783] [bbotk]                                 uhash
INFO  [17:08:43.783] [bbotk]  d9401c82-7e1a-4877-9c2a-435985dc8222
INFO  [17:08:43.794] [bbotk] Evaluating 1 configuration(s)
INFO  [17:08:44.172] [bbotk] Result of batch 7:
INFO  [17:08:44.173] [bbotk]  nrounds       eta max_depth classif.ce warnings errors runtime_learners
INFO  [17:08:44.173] [bbotk]      128 0.1591503         9 0.08270677        0      0            0.315
INFO  [17:08:44.173] [bbotk]                                 uhash
INFO  [17:08:44.173] [bbotk]  8a5cc918-c1f9-4a4d-8af8-4d4d6d560bd1
INFO  [17:08:44.183] [bbotk] Evaluating 1 configuration(s)
INFO  [17:08:44.628] [bbotk] Result of batch 8:
INFO  [17:08:44.631] [bbotk]  nrounds       eta max_depth classif.ce warnings errors runtime_learners
INFO  [17:08:44.631] [bbotk]      225 0.2950944        10  0.0839599        0      0            0.405
INFO  [17:08:44.631] [bbotk]                                 uhash
INFO  [17:08:44.631] [bbotk]  3fd9b09c-ca65-492f-ba11-cc9cd746939c
INFO  [17:08:44.643] [bbotk] Evaluating 1 configuration(s)
INFO  [17:08:45.126] [bbotk] Result of batch 9:
INFO  [17:08:45.127] [bbotk]  nrounds        eta max_depth classif.ce warnings errors runtime_learners
INFO  [17:08:45.127] [bbotk]      146 0.05737163         9  0.0764411        0      0            0.432
INFO  [17:08:45.127] [bbotk]                                 uhash
INFO  [17:08:45.127] [bbotk]  ac0fe29e-f087-4326-aa0b-a967ccd571bc
INFO  [17:08:45.131] [bbotk] Evaluating 1 configuration(s)
INFO  [17:08:45.590] [bbotk] Result of batch 10:
INFO  [17:08:45.590] [bbotk]  nrounds       eta max_depth classif.ce warnings errors runtime_learners
INFO  [17:08:45.590] [bbotk]      217 0.1580749         4  0.0802005        0      0            0.416
INFO  [17:08:45.590] [bbotk]                                 uhash
INFO  [17:08:45.590] [bbotk]  86530050-aa8f-4c73-aade-b18337f18e00
INFO  [17:08:45.610] [bbotk] Finished optimizing after 10 evaluation(s)
INFO  [17:08:45.610] [bbotk] Result:
INFO  [17:08:45.611] [bbotk]  nrounds        eta max_depth learner_param_vals  x_domain classif.ce
INFO  [17:08:45.611] [bbotk]    <int>      <num>     <int>             <list>    <list>      <num>
INFO  [17:08:45.611] [bbotk]      190 0.01328925         5          <list[5]> <list[3]> 0.07393484
INFO  [17:08:45.839] [bbotk] Starting to optimize 3 parameter(s) with '<OptimizerBatchRandomSearch>' and '<TerminatorEvals> [n_evals=10, k=0]'
INFO  [17:08:45.856] [bbotk] Evaluating 1 configuration(s)
INFO  [17:08:46.153] [bbotk] Result of batch 1:
INFO  [17:08:46.155] [bbotk]  nrounds       eta max_depth classif.ce warnings errors runtime_learners
INFO  [17:08:46.155] [bbotk]      183 0.2180642         3 0.06508781        0      0            0.239
INFO  [17:08:46.155] [bbotk]                                 uhash
INFO  [17:08:46.155] [bbotk]  f29be6c9-1ca5-4b3a-922d-a53e790697ef
INFO  [17:08:46.162] [bbotk] Evaluating 1 configuration(s)
INFO  [17:08:46.610] [bbotk] Result of batch 2:
INFO  [17:08:46.611] [bbotk]  nrounds       eta max_depth classif.ce warnings errors runtime_learners
INFO  [17:08:46.611] [bbotk]      210 0.1817998         9 0.06633156        0      0            0.407
INFO  [17:08:46.611] [bbotk]                                 uhash
INFO  [17:08:46.611] [bbotk]  ee656f2b-bf2f-4e05-957d-635b8774ab67
INFO  [17:08:46.619] [bbotk] Evaluating 1 configuration(s)
INFO  [17:08:46.893] [bbotk] Result of batch 3:
INFO  [17:08:46.894] [bbotk]  nrounds       eta max_depth classif.ce warnings errors runtime_learners
INFO  [17:08:46.894] [bbotk]      120 0.1840657         9 0.06633156        0      0            0.237
INFO  [17:08:46.894] [bbotk]                                 uhash
INFO  [17:08:46.894] [bbotk]  e3da3bcf-93dc-4876-ae0f-746f518b1acb
INFO  [17:08:46.898] [bbotk] Evaluating 1 configuration(s)
INFO  [17:08:47.133] [bbotk] Result of batch 4:
INFO  [17:08:47.134] [bbotk]  nrounds       eta max_depth classif.ce warnings errors runtime_learners
INFO  [17:08:47.134] [bbotk]      155 0.2388999         3 0.06257685        0      0            0.204
INFO  [17:08:47.134] [bbotk]                                 uhash
INFO  [17:08:47.134] [bbotk]  be34fa8e-8a45-45a1-a36b-40a51950fe5b
INFO  [17:08:47.145] [bbotk] Evaluating 1 configuration(s)
INFO  [17:08:47.283] [bbotk] Result of batch 5:
INFO  [17:08:47.284] [bbotk]  nrounds        eta max_depth classif.ce warnings errors runtime_learners
INFO  [17:08:47.284] [bbotk]       79 0.06817718         2 0.06883313        0      0            0.098
INFO  [17:08:47.284] [bbotk]                                 uhash
INFO  [17:08:47.284] [bbotk]  7a889c4b-cad3-4eda-99bf-3d3d87385089
INFO  [17:08:47.287] [bbotk] Evaluating 1 configuration(s)
INFO  [17:08:47.634] [bbotk] Result of batch 6:
INFO  [17:08:47.635] [bbotk]  nrounds        eta max_depth classif.ce warnings errors runtime_learners
INFO  [17:08:47.635] [bbotk]      233 0.02512905         3 0.06508312        0      0            0.288
INFO  [17:08:47.635] [bbotk]                                 uhash
INFO  [17:08:47.635] [bbotk]  d325804a-b962-48e7-a777-8de4e77f19c9
INFO  [17:08:47.652] [bbotk] Evaluating 1 configuration(s)
INFO  [17:08:48.106] [bbotk] Result of batch 7:
INFO  [17:08:48.107] [bbotk]  nrounds       eta max_depth classif.ce warnings errors runtime_learners
INFO  [17:08:48.107] [bbotk]      220 0.1895814         8    0.06758        0      0            0.394
INFO  [17:08:48.107] [bbotk]                                 uhash
INFO  [17:08:48.107] [bbotk]  628cf865-7c44-4b3a-8773-b20cda3ffb05
INFO  [17:08:48.111] [bbotk] Evaluating 1 configuration(s)
INFO  [17:08:48.397] [bbotk] Result of batch 8:
INFO  [17:08:48.398] [bbotk]  nrounds       eta max_depth classif.ce warnings errors runtime_learners
INFO  [17:08:48.398] [bbotk]      125 0.2965455        10 0.06758469        0      0            0.251
INFO  [17:08:48.398] [bbotk]                                 uhash
INFO  [17:08:48.398] [bbotk]  a24cb448-2638-43a7-b965-231fa87feeec
INFO  [17:08:48.403] [bbotk] Evaluating 1 configuration(s)
INFO  [17:08:48.718] [bbotk] Result of batch 9:
INFO  [17:08:48.719] [bbotk]  nrounds        eta max_depth classif.ce warnings errors runtime_learners
INFO  [17:08:48.719] [bbotk]      106 0.08517087        10 0.06382999        0      0            0.281
INFO  [17:08:48.719] [bbotk]                                 uhash
INFO  [17:08:48.719] [bbotk]  8ac95e00-c288-4aa8-9104-62f4c0063f16
INFO  [17:08:48.723] [bbotk] Evaluating 1 configuration(s)
INFO  [17:08:49.051] [bbotk] Result of batch 10:
INFO  [17:08:49.054] [bbotk]  nrounds        eta max_depth classif.ce warnings errors runtime_learners
INFO  [17:08:49.054] [bbotk]      111 0.04353668         9 0.06508312        0      0            0.278
INFO  [17:08:49.054] [bbotk]                                 uhash
INFO  [17:08:49.054] [bbotk]  3cb015a7-059a-43d9-acaf-0d13d907e32e
INFO  [17:08:49.064] [bbotk] Finished optimizing after 10 evaluation(s)
INFO  [17:08:49.064] [bbotk] Result:
INFO  [17:08:49.065] [bbotk]  nrounds       eta max_depth learner_param_vals  x_domain classif.ce
INFO  [17:08:49.065] [bbotk]    <int>     <num>     <int>             <list>    <list>      <num>
INFO  [17:08:49.065] [bbotk]      155 0.2388999         3          <list[5]> <list[3]> 0.06257685
INFO  [17:08:49.218] [bbotk] Starting to optimize 3 parameter(s) with '<OptimizerBatchRandomSearch>' and '<TerminatorEvals> [n_evals=10, k=0]'
INFO  [17:08:49.237] [bbotk] Evaluating 1 configuration(s)
INFO  [17:08:49.644] [bbotk] Result of batch 1:
INFO  [17:08:49.645] [bbotk]  nrounds        eta max_depth classif.ce warnings errors runtime_learners
INFO  [17:08:49.645] [bbotk]      134 0.08915502         6 0.06508312        0      0             0.35
INFO  [17:08:49.645] [bbotk]                                 uhash
INFO  [17:08:49.645] [bbotk]  2af31f69-0ea4-481a-bf63-df5a21522956
INFO  [17:08:49.651] [bbotk] Evaluating 1 configuration(s)
INFO  [17:08:50.168] [bbotk] Result of batch 2:
INFO  [17:08:50.169] [bbotk]  nrounds       eta max_depth classif.ce warnings errors runtime_learners
INFO  [17:08:50.169] [bbotk]      222 0.1288233         5 0.06633625        0      0            0.466
INFO  [17:08:50.169] [bbotk]                                 uhash
INFO  [17:08:50.169] [bbotk]  282e19d8-0f09-4060-be2f-1969bcf846ee
INFO  [17:08:50.173] [bbotk] Evaluating 1 configuration(s)
INFO  [17:08:50.595] [bbotk] Result of batch 3:
INFO  [17:08:50.596] [bbotk]  nrounds      eta max_depth classif.ce warnings errors runtime_learners
INFO  [17:08:50.596] [bbotk]      259 0.193569         3 0.06757531        0      0            0.383
INFO  [17:08:50.596] [bbotk]                                 uhash
INFO  [17:08:50.596] [bbotk]  bf24d357-3d08-47d5-91f9-d056f52304f5
INFO  [17:08:50.605] [bbotk] Evaluating 1 configuration(s)
INFO  [17:08:50.971] [bbotk] Result of batch 4:
INFO  [17:08:50.971] [bbotk]  nrounds       eta max_depth classif.ce warnings errors runtime_learners
INFO  [17:08:50.971] [bbotk]      121 0.1318702         7 0.06758939        0      0            0.337
INFO  [17:08:50.971] [bbotk]                                 uhash
INFO  [17:08:50.971] [bbotk]  5131c043-b81d-4819-b601-77129328458f
INFO  [17:08:50.982] [bbotk] Evaluating 1 configuration(s)
INFO  [17:08:51.126] [bbotk] Result of batch 5:
INFO  [17:08:51.127] [bbotk]  nrounds       eta max_depth classif.ce warnings errors runtime_learners
INFO  [17:08:51.127] [bbotk]       63 0.0499179         3    0.06758        0      0            0.101
INFO  [17:08:51.127] [bbotk]                                 uhash
INFO  [17:08:51.127] [bbotk]  4168f564-2e1e-460f-b52c-6d547f8e23bb
INFO  [17:08:51.136] [bbotk] Evaluating 1 configuration(s)
INFO  [17:08:51.480] [bbotk] Result of batch 6:
INFO  [17:08:51.481] [bbotk]  nrounds       eta max_depth classif.ce warnings errors runtime_learners
INFO  [17:08:51.481] [bbotk]      113 0.2209011         9  0.0713347        0      0            0.296
INFO  [17:08:51.481] [bbotk]                                 uhash
INFO  [17:08:51.481] [bbotk]  f2a04e82-216d-45a1-ad3b-c5bb0aae99ac
INFO  [17:08:51.487] [bbotk] Evaluating 1 configuration(s)
INFO  [17:08:52.055] [bbotk] Result of batch 7:
INFO  [17:08:52.057] [bbotk]  nrounds       eta max_depth classif.ce warnings errors runtime_learners
INFO  [17:08:52.057] [bbotk]      275 0.2528058         5 0.07133001        0      0            0.506
INFO  [17:08:52.057] [bbotk]                                 uhash
INFO  [17:08:52.057] [bbotk]  e749c6f1-dd3e-4327-b428-cbd8a0c280ac
INFO  [17:08:52.070] [bbotk] Evaluating 1 configuration(s)
INFO  [17:08:52.386] [bbotk] Result of batch 8:
INFO  [17:08:52.387] [bbotk]  nrounds       eta max_depth classif.ce warnings errors runtime_learners
INFO  [17:08:52.387] [bbotk]      272 0.1661492         2 0.06632687        0      0            0.269
INFO  [17:08:52.387] [bbotk]                                 uhash
INFO  [17:08:52.387] [bbotk]  3033f027-5bed-4259-8cbb-572017894c63
INFO  [17:08:52.391] [bbotk] Evaluating 1 configuration(s)
INFO  [17:08:52.714] [bbotk] Result of batch 9:
INFO  [17:08:52.716] [bbotk]  nrounds        eta max_depth classif.ce warnings errors runtime_learners
INFO  [17:08:52.716] [bbotk]      145 0.06307114         4 0.06257685        0      0            0.274
INFO  [17:08:52.716] [bbotk]                                 uhash
INFO  [17:08:52.716] [bbotk]  59bd87f0-fb20-44bd-b7e9-f05baf92b708
INFO  [17:08:52.728] [bbotk] Evaluating 1 configuration(s)
INFO  [17:08:53.087] [bbotk] Result of batch 10:
INFO  [17:08:53.090] [bbotk]  nrounds       eta max_depth classif.ce warnings errors runtime_learners
INFO  [17:08:53.090] [bbotk]      252 0.2377353         3    0.06758        0      0            0.316
INFO  [17:08:53.090] [bbotk]                                 uhash
INFO  [17:08:53.090] [bbotk]  bea9514b-76b7-49d4-8978-6a0c8e7451f0
INFO  [17:08:53.103] [bbotk] Finished optimizing after 10 evaluation(s)
INFO  [17:08:53.104] [bbotk] Result:
INFO  [17:08:53.104] [bbotk]  nrounds        eta max_depth learner_param_vals  x_domain classif.ce
INFO  [17:08:53.104] [bbotk]    <int>      <num>     <int>             <list>    <list>      <num>
INFO  [17:08:53.104] [bbotk]      145 0.06307114         4          <list[5]> <list[3]> 0.06257685

### [bt]: Job terminated successfully [batchtools job.id=2246]
### [bt]: Starting job [batchtools job.id=2247]
### [bt]: Generating problem instance for problem 'a63d756aec4c60c1' ...
### [bt]: Applying algorithm 'run_learner' on problem 'a63d756aec4c60c1' for job 2247 (seed = 2248) ...
INFO  [17:08:53.310] [mlr3] Applying learner 'classif.xgboost.tuned_calib.oof_isotonic' on task 'pc1' (iter 7/10)
INFO  [17:08:53.390] [bbotk] Starting to optimize 3 parameter(s) with '<OptimizerBatchRandomSearch>' and '<TerminatorEvals> [n_evals=10, k=0]'
INFO  [17:08:53.409] [bbotk] Evaluating 1 configuration(s)
INFO  [17:08:53.973] [bbotk] Result of batch 1:
INFO  [17:08:53.975] [bbotk]  nrounds        eta max_depth classif.ce warnings errors runtime_learners
INFO  [17:08:53.975] [bbotk]      214 0.01230705         4 0.06015038        0      0            0.493
INFO  [17:08:53.975] [bbotk]                                 uhash
INFO  [17:08:53.975] [bbotk]  4e72d358-65fe-40cc-aada-71105fe34e69
INFO  [17:08:53.985] [bbotk] Evaluating 1 configuration(s)
INFO  [17:08:54.461] [bbotk] Result of batch 2:
INFO  [17:08:54.463] [bbotk]  nrounds       eta max_depth classif.ce warnings errors runtime_learners
INFO  [17:08:54.463] [bbotk]      290 0.2790555         4 0.05388471        0      0            0.433
INFO  [17:08:54.463] [bbotk]                                 uhash
INFO  [17:08:54.463] [bbotk]  d6041e2c-38db-41e8-8847-907860e6aaf4
INFO  [17:08:54.470] [bbotk] Evaluating 1 configuration(s)
INFO  [17:08:54.905] [bbotk] Result of batch 3:
INFO  [17:08:54.906] [bbotk]  nrounds       eta max_depth classif.ce warnings errors runtime_learners
INFO  [17:08:54.906] [bbotk]      212 0.1273582         4 0.05764411        0      0            0.391
INFO  [17:08:54.906] [bbotk]                                 uhash
INFO  [17:08:54.906] [bbotk]  38b92d60-a72c-4acb-b968-67a05fc7f11e
INFO  [17:08:54.913] [bbotk] Evaluating 1 configuration(s)
INFO  [17:08:55.327] [bbotk] Result of batch 4:
INFO  [17:08:55.328] [bbotk]  nrounds       eta max_depth classif.ce warnings errors runtime_learners
INFO  [17:08:55.328] [bbotk]      214 0.2897885         9 0.06015038        0      0            0.381
INFO  [17:08:55.328] [bbotk]                                 uhash
INFO  [17:08:55.328] [bbotk]  177bd909-6a3c-4ba0-a240-89417f65fd92
INFO  [17:08:55.335] [bbotk] Evaluating 1 configuration(s)
INFO  [17:08:55.772] [bbotk] Result of batch 5:
INFO  [17:08:55.773] [bbotk]  nrounds       eta max_depth classif.ce warnings errors runtime_learners
INFO  [17:08:55.773] [bbotk]      126 0.1776449         7 0.05639098        0      0             0.38
INFO  [17:08:55.773] [bbotk]                                 uhash
INFO  [17:08:55.773] [bbotk]  3f753741-5701-4fb7-96bc-eaea4a0db017
INFO  [17:08:55.782] [bbotk] Evaluating 1 configuration(s)
INFO  [17:08:56.357] [bbotk] Result of batch 6:
INFO  [17:08:56.358] [bbotk]  nrounds        eta max_depth classif.ce warnings errors runtime_learners
INFO  [17:08:56.358] [bbotk]      277 0.04988468         5 0.05639098        0      0            0.539
INFO  [17:08:56.358] [bbotk]                                 uhash
INFO  [17:08:56.358] [bbotk]  bb57cbd0-d829-4e03-82f7-91e2d4b002ff
INFO  [17:08:56.369] [bbotk] Evaluating 1 configuration(s)
INFO  [17:08:56.733] [bbotk] Result of batch 7:
INFO  [17:08:56.735] [bbotk]  nrounds        eta max_depth classif.ce warnings errors runtime_learners
INFO  [17:08:56.735] [bbotk]      174 0.09879374         7 0.05639098        0      0            0.336
INFO  [17:08:56.735] [bbotk]                                 uhash
INFO  [17:08:56.735] [bbotk]  4cec363f-5e99-4ad8-9054-2f8496e22696
INFO  [17:08:56.742] [bbotk] Evaluating 1 configuration(s)
INFO  [17:08:57.126] [bbotk] Result of batch 8:
INFO  [17:08:57.130] [bbotk]  nrounds       eta max_depth classif.ce warnings errors runtime_learners
INFO  [17:08:57.130] [bbotk]      204 0.2773662         6 0.05889724        0      0            0.323
INFO  [17:08:57.130] [bbotk]                                 uhash
INFO  [17:08:57.130] [bbotk]  c435b131-223f-4ead-b567-93e8d805edb0
INFO  [17:08:57.137] [bbotk] Evaluating 1 configuration(s)
INFO  [17:08:57.727] [bbotk] Result of batch 9:
INFO  [17:08:57.728] [bbotk]  nrounds       eta max_depth classif.ce warnings errors runtime_learners
INFO  [17:08:57.728] [bbotk]      270 0.1093025         7 0.05764411        0      0            0.546
INFO  [17:08:57.728] [bbotk]                                 uhash
INFO  [17:08:57.728] [bbotk]  513ef6a4-d5e0-4452-b551-1e204107f9d9
INFO  [17:08:57.738] [bbotk] Evaluating 1 configuration(s)
INFO  [17:08:58.084] [bbotk] Result of batch 10:
INFO  [17:08:58.088] [bbotk]  nrounds        eta max_depth classif.ce warnings errors runtime_learners
INFO  [17:08:58.088] [bbotk]      124 0.06642773         5 0.06015038        0      0            0.289
INFO  [17:08:58.088] [bbotk]                                 uhash
INFO  [17:08:58.088] [bbotk]  15e971e3-5c08-4d0e-8fdc-dbede4a7a2ae
INFO  [17:08:58.106] [bbotk] Finished optimizing after 10 evaluation(s)
INFO  [17:08:58.107] [bbotk] Result:
INFO  [17:08:58.108] [bbotk]  nrounds       eta max_depth learner_param_vals  x_domain classif.ce
INFO  [17:08:58.108] [bbotk]    <int>     <num>     <int>             <list>    <list>      <num>
INFO  [17:08:58.108] [bbotk]      290 0.2790555         4          <list[5]> <list[3]> 0.05388471
INFO  [17:08:58.429] [bbotk] Starting to optimize 3 parameter(s) with '<OptimizerBatchRandomSearch>' and '<TerminatorEvals> [n_evals=10, k=0]'
INFO  [17:08:58.451] [bbotk] Evaluating 1 configuration(s)
INFO  [17:08:58.773] [bbotk] Result of batch 1:
INFO  [17:08:58.774] [bbotk]  nrounds      eta max_depth classif.ce warnings errors runtime_learners
INFO  [17:08:58.774] [bbotk]      143 0.246953         8 0.07518797        0      0            0.286
INFO  [17:08:58.774] [bbotk]                                 uhash
INFO  [17:08:58.774] [bbotk]  aa9db5aa-1fe3-4463-9b81-47c2930e59f4
INFO  [17:08:58.778] [bbotk] Evaluating 1 configuration(s)
INFO  [17:08:58.968] [bbotk] Result of batch 2:
INFO  [17:08:58.970] [bbotk]  nrounds       eta max_depth classif.ce warnings errors runtime_learners
INFO  [17:08:58.970] [bbotk]      106 0.2953056         3 0.07894737        0      0            0.155
INFO  [17:08:58.970] [bbotk]                                 uhash
INFO  [17:08:58.970] [bbotk]  2d5bdcde-a57f-495f-b7d1-d08520cee0ad
INFO  [17:08:58.981] [bbotk] Evaluating 1 configuration(s)
INFO  [17:08:59.359] [bbotk] Result of batch 3:
INFO  [17:08:59.361] [bbotk]  nrounds       eta max_depth classif.ce warnings errors runtime_learners
INFO  [17:08:59.361] [bbotk]      140 0.1685571         6 0.07518797        0      0            0.328
INFO  [17:08:59.361] [bbotk]                                 uhash
INFO  [17:08:59.361] [bbotk]  9ff40348-e9cb-4904-85bf-f79330bf48ed
INFO  [17:08:59.370] [bbotk] Evaluating 1 configuration(s)
INFO  [17:08:59.579] [bbotk] Result of batch 4:
INFO  [17:08:59.581] [bbotk]  nrounds       eta max_depth classif.ce warnings errors runtime_learners
INFO  [17:08:59.581] [bbotk]       66 0.2672945        10 0.07518797        0      0            0.166
INFO  [17:08:59.581] [bbotk]                                 uhash
INFO  [17:08:59.581] [bbotk]  e5bc1347-bf14-4e9c-ab72-378a599183a5
INFO  [17:08:59.592] [bbotk] Evaluating 1 configuration(s)
INFO  [17:08:59.723] [bbotk] Result of batch 5:
INFO  [17:08:59.725] [bbotk]  nrounds       eta max_depth classif.ce warnings errors runtime_learners
INFO  [17:08:59.725] [bbotk]       76 0.1998627         2  0.0726817        0      0            0.091
INFO  [17:08:59.725] [bbotk]                                 uhash
INFO  [17:08:59.725] [bbotk]  e052cae0-5914-49a2-8793-69d0253d3ea9
INFO  [17:08:59.734] [bbotk] Evaluating 1 configuration(s)
INFO  [17:09:00.397] [bbotk] Result of batch 6:
INFO  [17:09:00.399] [bbotk]  nrounds        eta max_depth classif.ce warnings errors runtime_learners
INFO  [17:09:00.399] [bbotk]      292 0.07249906         5 0.07769424        0      0            0.589
INFO  [17:09:00.399] [bbotk]                                 uhash
INFO  [17:09:00.399] [bbotk]  383a816c-1e5b-499f-b1da-c3dde04bc18f
INFO  [17:09:00.408] [bbotk] Evaluating 1 configuration(s)
INFO  [17:09:00.793] [bbotk] Result of batch 7:
INFO  [17:09:00.794] [bbotk]  nrounds       eta max_depth classif.ce warnings errors runtime_learners
INFO  [17:09:00.794] [bbotk]      175 0.1595073         5 0.07518797        0      0            0.343
INFO  [17:09:00.794] [bbotk]                                 uhash
INFO  [17:09:00.794] [bbotk]  ad0d36e2-2253-4ade-9183-bf59a0bd60b7
INFO  [17:09:00.798] [bbotk] Evaluating 1 configuration(s)
INFO  [17:09:01.366] [bbotk] Result of batch 8:
INFO  [17:09:01.367] [bbotk]  nrounds       eta max_depth classif.ce warnings errors runtime_learners
INFO  [17:09:01.367] [bbotk]      286 0.2243516         5 0.07894737        0      0            0.518
INFO  [17:09:01.367] [bbotk]                                 uhash
INFO  [17:09:01.367] [bbotk]  7316e914-98f1-4f6e-a6a4-bae74994edd0
INFO  [17:09:01.372] [bbotk] Evaluating 1 configuration(s)
INFO  [17:09:01.638] [bbotk] Result of batch 9:
INFO  [17:09:01.640] [bbotk]  nrounds        eta max_depth classif.ce warnings errors runtime_learners
INFO  [17:09:01.640] [bbotk]      195 0.03140521         2 0.07393484        0      0            0.225
INFO  [17:09:01.640] [bbotk]                                 uhash
INFO  [17:09:01.640] [bbotk]  1043469e-21f9-4162-bf04-0a6164ed0d67
INFO  [17:09:01.646] [bbotk] Evaluating 1 configuration(s)
INFO  [17:09:01.920] [bbotk] Result of batch 10:
INFO  [17:09:01.921] [bbotk]  nrounds       eta max_depth classif.ce warnings errors runtime_learners
INFO  [17:09:01.921] [bbotk]      146 0.2562413         9  0.0726817        0      0            0.242
INFO  [17:09:01.921] [bbotk]                                 uhash
INFO  [17:09:01.921] [bbotk]  1b9f9650-746c-4689-96b7-98d514a15fff
INFO  [17:09:01.936] [bbotk] Finished optimizing after 10 evaluation(s)
INFO  [17:09:01.936] [bbotk] Result:
INFO  [17:09:01.937] [bbotk]  nrounds       eta max_depth learner_param_vals  x_domain classif.ce
INFO  [17:09:01.937] [bbotk]    <int>     <num>     <int>             <list>    <list>      <num>
INFO  [17:09:01.937] [bbotk]       76 0.1998627         2          <list[5]> <list[3]>  0.0726817
INFO  [17:09:02.054] [bbotk] Starting to optimize 3 parameter(s) with '<OptimizerBatchRandomSearch>' and '<TerminatorEvals> [n_evals=10, k=0]'
INFO  [17:09:02.067] [bbotk] Evaluating 1 configuration(s)
INFO  [17:09:02.560] [bbotk] Result of batch 1:
INFO  [17:09:02.562] [bbotk]  nrounds       eta max_depth classif.ce warnings errors runtime_learners
INFO  [17:09:02.562] [bbotk]      241 0.1175316         4 0.06140351        0      0            0.442
INFO  [17:09:02.562] [bbotk]                                 uhash
INFO  [17:09:02.562] [bbotk]  0d909a01-511f-4324-8a20-3f2581ed9f2f
INFO  [17:09:02.575] [bbotk] Evaluating 1 configuration(s)
INFO  [17:09:02.776] [bbotk] Result of batch 2:
INFO  [17:09:02.777] [bbotk]  nrounds       eta max_depth classif.ce warnings errors runtime_learners
INFO  [17:09:02.777] [bbotk]       70 0.2396722         6 0.06390977        0      0            0.155
INFO  [17:09:02.777] [bbotk]                                 uhash
INFO  [17:09:02.777] [bbotk]  99b02135-cdde-4d34-b35b-c4a0c4a80975
INFO  [17:09:02.781] [bbotk] Evaluating 1 configuration(s)
INFO  [17:09:02.974] [bbotk] Result of batch 3:
INFO  [17:09:02.975] [bbotk]  nrounds       eta max_depth classif.ce warnings errors runtime_learners
INFO  [17:09:02.975] [bbotk]       73 0.2707441         5 0.06140351        0      0            0.151
INFO  [17:09:02.975] [bbotk]                                 uhash
INFO  [17:09:02.975] [bbotk]  a5623781-c3b6-4200-8fd5-e51eab48bc05
INFO  [17:09:02.980] [bbotk] Evaluating 1 configuration(s)
INFO  [17:09:03.475] [bbotk] Result of batch 4:
INFO  [17:09:03.476] [bbotk]  nrounds       eta max_depth classif.ce warnings errors runtime_learners
INFO  [17:09:03.476] [bbotk]      268 0.1424276         5 0.06390977        0      0            0.459
INFO  [17:09:03.476] [bbotk]                                 uhash
INFO  [17:09:03.476] [bbotk]  ef85261b-402f-457e-b771-822c4c18409e
INFO  [17:09:03.480] [bbotk] Evaluating 1 configuration(s)
INFO  [17:09:03.925] [bbotk] Result of batch 5:
INFO  [17:09:03.926] [bbotk]  nrounds       eta max_depth classif.ce warnings errors runtime_learners
INFO  [17:09:03.926] [bbotk]      181 0.1205516         9 0.06390977        0      0            0.402
INFO  [17:09:03.926] [bbotk]                                 uhash
INFO  [17:09:03.926] [bbotk]  fb15959b-0ece-4c13-98d2-48ca4a3b01a9
INFO  [17:09:03.931] [bbotk] Evaluating 1 configuration(s)
INFO  [17:09:04.514] [bbotk] Result of batch 6:
INFO  [17:09:04.515] [bbotk]  nrounds        eta max_depth classif.ce warnings errors runtime_learners
INFO  [17:09:04.515] [bbotk]      221 0.04025155         6 0.06390977        0      0            0.521
INFO  [17:09:04.515] [bbotk]                                 uhash
INFO  [17:09:04.515] [bbotk]  f2a2ef41-8574-4f67-95d9-d22d8a29b99d
INFO  [17:09:04.522] [bbotk] Evaluating 1 configuration(s)
INFO  [17:09:04.752] [bbotk] Result of batch 7:
INFO  [17:09:04.753] [bbotk]  nrounds        eta max_depth classif.ce warnings errors runtime_learners
INFO  [17:09:04.753] [bbotk]       71 0.05187779         7 0.06641604        0      0            0.192
INFO  [17:09:04.753] [bbotk]                                 uhash
INFO  [17:09:04.753] [bbotk]  854cd7b0-b37c-4544-982a-f15f75778d62
INFO  [17:09:04.761] [bbotk] Evaluating 1 configuration(s)
INFO  [17:09:05.060] [bbotk] Result of batch 8:
INFO  [17:09:05.061] [bbotk]  nrounds       eta max_depth classif.ce warnings errors runtime_learners
INFO  [17:09:05.061] [bbotk]      120 0.2337769         9 0.06390977        0      0            0.259
INFO  [17:09:05.061] [bbotk]                                 uhash
INFO  [17:09:05.061] [bbotk]  4b167cdd-1629-418e-9771-7ea1f71bd178
INFO  [17:09:05.066] [bbotk] Evaluating 1 configuration(s)
INFO  [17:09:05.322] [bbotk] Result of batch 9:
INFO  [17:09:05.324] [bbotk]  nrounds      eta max_depth classif.ce warnings errors runtime_learners
INFO  [17:09:05.324] [bbotk]       93 0.186466         7 0.06641604        0      0            0.213
INFO  [17:09:05.324] [bbotk]                                 uhash
INFO  [17:09:05.324] [bbotk]  f2d73ddb-1cef-40e5-ad47-a2fba824c993
INFO  [17:09:05.333] [bbotk] Evaluating 1 configuration(s)
INFO  [17:09:05.742] [bbotk] Result of batch 10:
INFO  [17:09:05.743] [bbotk]  nrounds       eta max_depth classif.ce warnings errors runtime_learners
INFO  [17:09:05.743] [bbotk]      212 0.1331979         6 0.06265664        0      0            0.375
INFO  [17:09:05.743] [bbotk]                                 uhash
INFO  [17:09:05.743] [bbotk]  02fe12d5-4f60-4517-8a02-ced48d899143
INFO  [17:09:05.758] [bbotk] Finished optimizing after 10 evaluation(s)
INFO  [17:09:05.758] [bbotk] Result:
INFO  [17:09:05.761] [bbotk]  nrounds       eta max_depth learner_param_vals  x_domain classif.ce
INFO  [17:09:05.761] [bbotk]    <int>     <num>     <int>             <list>    <list>      <num>
INFO  [17:09:05.761] [bbotk]      241 0.1175316         4          <list[5]> <list[3]> 0.06140351
INFO  [17:09:05.982] [bbotk] Starting to optimize 3 parameter(s) with '<OptimizerBatchRandomSearch>' and '<TerminatorEvals> [n_evals=10, k=0]'
INFO  [17:09:06.002] [bbotk] Evaluating 1 configuration(s)
INFO  [17:09:06.111] [bbotk] Result of batch 1:
INFO  [17:09:06.112] [bbotk]  nrounds       eta max_depth classif.ce warnings errors runtime_learners
INFO  [17:09:06.112] [bbotk]       54 0.0729379         2 0.06760347        0      0            0.062
INFO  [17:09:06.112] [bbotk]                                 uhash
INFO  [17:09:06.112] [bbotk]  ae5a709d-4ab9-40ed-a7c1-b8a614ecb63c
INFO  [17:09:06.123] [bbotk] Evaluating 1 configuration(s)
INFO  [17:09:06.561] [bbotk] Result of batch 2:
INFO  [17:09:06.562] [bbotk]  nrounds       eta max_depth classif.ce warnings errors runtime_learners
INFO  [17:09:06.562] [bbotk]      255 0.2885615        10 0.06884252        0      0            0.388
INFO  [17:09:06.562] [bbotk]                                 uhash
INFO  [17:09:06.562] [bbotk]  949f6fab-4f4e-4755-9f6a-a7ffa556ced7
INFO  [17:09:06.567] [bbotk] Evaluating 1 configuration(s)
INFO  [17:09:06.890] [bbotk] Result of batch 3:
INFO  [17:09:06.891] [bbotk]  nrounds       eta max_depth classif.ce warnings errors runtime_learners
INFO  [17:09:06.891] [bbotk]      224 0.2340731         3  0.0713394        0      0            0.286
INFO  [17:09:06.891] [bbotk]                                 uhash
INFO  [17:09:06.891] [bbotk]  bf77e0ca-1380-4749-a6fc-cf31bc959bcb
INFO  [17:09:06.897] [bbotk] Evaluating 1 configuration(s)
INFO  [17:09:07.207] [bbotk] Result of batch 4:
INFO  [17:09:07.209] [bbotk]  nrounds        eta max_depth classif.ce warnings errors runtime_learners
INFO  [17:09:07.209] [bbotk]      151 0.07689898         4 0.07134409        0      0            0.253
INFO  [17:09:07.209] [bbotk]                                 uhash
INFO  [17:09:07.209] [bbotk]  b14a684c-0eb9-4499-be07-4e93d249b78a
INFO  [17:09:07.219] [bbotk] Evaluating 1 configuration(s)
INFO  [17:09:07.716] [bbotk] Result of batch 5:
INFO  [17:09:07.718] [bbotk]  nrounds       eta max_depth classif.ce warnings errors runtime_learners
INFO  [17:09:07.718] [bbotk]      283 0.2586679         5 0.07009096        0      0            0.446
INFO  [17:09:07.718] [bbotk]                                 uhash
INFO  [17:09:07.718] [bbotk]  51f9bb14-4168-429e-bc49-05b99d76688c
INFO  [17:09:07.722] [bbotk] Evaluating 1 configuration(s)
INFO  [17:09:08.045] [bbotk] Result of batch 6:
INFO  [17:09:08.048] [bbotk]  nrounds       eta max_depth classif.ce warnings errors runtime_learners
INFO  [17:09:08.048] [bbotk]      109 0.1960857         8 0.07384566        0      0            0.257
INFO  [17:09:08.048] [bbotk]                                 uhash
INFO  [17:09:08.048] [bbotk]  2f2947dd-b46f-47cc-91a4-ce032db89fa9
INFO  [17:09:08.056] [bbotk] Evaluating 1 configuration(s)
INFO  [17:09:08.425] [bbotk] Result of batch 7:
INFO  [17:09:08.428] [bbotk]  nrounds       eta max_depth classif.ce warnings errors runtime_learners
INFO  [17:09:08.428] [bbotk]      144 0.1265528         6  0.0713394        0      0             0.33
INFO  [17:09:08.428] [bbotk]                                 uhash
INFO  [17:09:08.428] [bbotk]  6cb2f280-5eca-4fb7-9f30-ecfe8b623e0b
INFO  [17:09:08.438] [bbotk] Evaluating 1 configuration(s)
INFO  [17:09:08.713] [bbotk] Result of batch 8:
INFO  [17:09:08.714] [bbotk]  nrounds        eta max_depth classif.ce warnings errors runtime_learners
INFO  [17:09:08.714] [bbotk]       95 0.01330422        10 0.07508941        0      0            0.246
INFO  [17:09:08.714] [bbotk]                                 uhash
INFO  [17:09:08.714] [bbotk]  64d2b703-38c7-40ce-88f2-d586b3b8dca9
INFO  [17:09:08.718] [bbotk] Evaluating 1 configuration(s)
INFO  [17:09:09.184] [bbotk] Result of batch 9:
INFO  [17:09:09.186] [bbotk]  nrounds       eta max_depth classif.ce warnings errors runtime_learners
INFO  [17:09:09.186] [bbotk]      257 0.1871059         6 0.07258784        0      0            0.429
INFO  [17:09:09.186] [bbotk]                                 uhash
INFO  [17:09:09.186] [bbotk]  4666ad55-f5b3-48bb-b171-dcdacc7a1d60
INFO  [17:09:09.196] [bbotk] Evaluating 1 configuration(s)
INFO  [17:09:09.504] [bbotk] Result of batch 10:
INFO  [17:09:09.507] [bbotk]  nrounds        eta max_depth classif.ce warnings errors runtime_learners
INFO  [17:09:09.507] [bbotk]       97 0.09993431         9 0.07635193        0      0            0.269
INFO  [17:09:09.507] [bbotk]                                 uhash
INFO  [17:09:09.507] [bbotk]  1b4dbc02-1c4a-4bb5-bb15-e2b1e40b4ca6
INFO  [17:09:09.520] [bbotk] Finished optimizing after 10 evaluation(s)
INFO  [17:09:09.520] [bbotk] Result:
INFO  [17:09:09.521] [bbotk]  nrounds       eta max_depth learner_param_vals  x_domain classif.ce
INFO  [17:09:09.521] [bbotk]    <int>     <num>     <int>             <list>    <list>      <num>
INFO  [17:09:09.521] [bbotk]       54 0.0729379         2          <list[5]> <list[3]> 0.06760347
INFO  [17:09:09.592] [bbotk] Starting to optimize 3 parameter(s) with '<OptimizerBatchRandomSearch>' and '<TerminatorEvals> [n_evals=10, k=0]'
INFO  [17:09:09.604] [bbotk] Evaluating 1 configuration(s)
INFO  [17:09:10.298] [bbotk] Result of batch 1:
INFO  [17:09:10.300] [bbotk]  nrounds        eta max_depth classif.ce warnings errors runtime_learners
INFO  [17:09:10.300] [bbotk]      236 0.03228038         9 0.06883313        0      0            0.628
INFO  [17:09:10.300] [bbotk]                                 uhash
INFO  [17:09:10.300] [bbotk]  6c8e3e85-02bd-490b-a110-6d6dbb3dd0b8
INFO  [17:09:10.313] [bbotk] Evaluating 1 configuration(s)
INFO  [17:09:10.852] [bbotk] Result of batch 2:
INFO  [17:09:10.853] [bbotk]  nrounds      eta max_depth classif.ce warnings errors runtime_learners
INFO  [17:09:10.853] [bbotk]      279 0.229621        10 0.06633625        0      0            0.485
INFO  [17:09:10.853] [bbotk]                                 uhash
INFO  [17:09:10.853] [bbotk]  415e1615-8a19-4ee6-ab23-54e833d232c0
INFO  [17:09:10.857] [bbotk] Evaluating 1 configuration(s)
INFO  [17:09:11.178] [bbotk] Result of batch 3:
INFO  [17:09:11.179] [bbotk]  nrounds        eta max_depth classif.ce warnings errors runtime_learners
INFO  [17:09:11.179] [bbotk]      196 0.09446695         7 0.06383468        0      0            0.292
INFO  [17:09:11.179] [bbotk]                                 uhash
INFO  [17:09:11.179] [bbotk]  8cc80c04-b917-47f7-b0fe-396fee8b9aa0
INFO  [17:09:11.183] [bbotk] Evaluating 1 configuration(s)
INFO  [17:09:11.650] [bbotk] Result of batch 4:
INFO  [17:09:11.651] [bbotk]  nrounds       eta max_depth classif.ce warnings errors runtime_learners
INFO  [17:09:11.651] [bbotk]      266 0.2765188        10 0.07008157        0      0            0.425
INFO  [17:09:11.651] [bbotk]                                 uhash
INFO  [17:09:11.651] [bbotk]  c17d6f49-7999-4a90-985c-e83794f3f481
INFO  [17:09:11.659] [bbotk] Evaluating 1 configuration(s)
INFO  [17:09:12.072] [bbotk] Result of batch 5:
INFO  [17:09:12.073] [bbotk]  nrounds       eta max_depth classif.ce warnings errors runtime_learners
INFO  [17:09:12.073] [bbotk]      261 0.2707734         3 0.07008626        0      0            0.365
INFO  [17:09:12.073] [bbotk]                                 uhash
INFO  [17:09:12.073] [bbotk]  26c2f2a3-b2ce-4441-b97e-8fb1d0e07dee
INFO  [17:09:12.077] [bbotk] Evaluating 1 configuration(s)
INFO  [17:09:12.551] [bbotk] Result of batch 6:
INFO  [17:09:12.554] [bbotk]  nrounds       eta max_depth classif.ce warnings errors runtime_learners
INFO  [17:09:12.554] [bbotk]      162 0.1432869        10 0.06507843        0      0              0.4
INFO  [17:09:12.554] [bbotk]                                 uhash
INFO  [17:09:12.554] [bbotk]  d4fe6209-911a-419d-95b8-3efb5a3d1a01
INFO  [17:09:12.567] [bbotk] Evaluating 1 configuration(s)
INFO  [17:09:13.060] [bbotk] Result of batch 7:
INFO  [17:09:13.061] [bbotk]  nrounds       eta max_depth classif.ce warnings errors runtime_learners
INFO  [17:09:13.061] [bbotk]      213 0.2272134         9 0.06382999        0      0            0.443
INFO  [17:09:13.061] [bbotk]                                 uhash
INFO  [17:09:13.061] [bbotk]  85411837-ce9a-43c4-afdd-94a4f305078e
INFO  [17:09:13.065] [bbotk] Evaluating 1 configuration(s)
INFO  [17:09:13.510] [bbotk] Result of batch 8:
INFO  [17:09:13.511] [bbotk]  nrounds       eta max_depth classif.ce warnings errors runtime_learners
INFO  [17:09:13.511] [bbotk]      237 0.2466019         9 0.06633625        0      0            0.402
INFO  [17:09:13.511] [bbotk]                                 uhash
INFO  [17:09:13.511] [bbotk]  b8435494-8500-4cc3-b21d-923f9d1c08e5
INFO  [17:09:13.515] [bbotk] Evaluating 1 configuration(s)
INFO  [17:09:13.764] [bbotk] Result of batch 9:
INFO  [17:09:13.766] [bbotk]  nrounds       eta max_depth classif.ce warnings errors runtime_learners
INFO  [17:09:13.766] [bbotk]       93 0.2412808         9 0.06382999        0      0            0.212
INFO  [17:09:13.766] [bbotk]                                 uhash
INFO  [17:09:13.766] [bbotk]  7a50a9e4-33e9-44f1-a32d-eb5227eeb7f8
INFO  [17:09:13.772] [bbotk] Evaluating 1 configuration(s)
INFO  [17:09:14.072] [bbotk] Result of batch 10:
INFO  [17:09:14.073] [bbotk]  nrounds       eta max_depth classif.ce warnings errors runtime_learners
INFO  [17:09:14.073] [bbotk]       86 0.2561017         8 0.06508312        0      0            0.238
INFO  [17:09:14.073] [bbotk]                                 uhash
INFO  [17:09:14.073] [bbotk]  84a6c01b-8375-429e-95e3-0a5ee78dc9f9
INFO  [17:09:14.085] [bbotk] Finished optimizing after 10 evaluation(s)
INFO  [17:09:14.085] [bbotk] Result:
INFO  [17:09:14.087] [bbotk]  nrounds       eta max_depth learner_param_vals  x_domain classif.ce
INFO  [17:09:14.087] [bbotk]    <int>     <num>     <int>             <list>    <list>      <num>
INFO  [17:09:14.087] [bbotk]      213 0.2272134         9          <list[5]> <list[3]> 0.06382999

### [bt]: Job terminated successfully [batchtools job.id=2247]
### [bt]: Starting job [batchtools job.id=2248]
### [bt]: Generating problem instance for problem 'a63d756aec4c60c1' ...
### [bt]: Applying algorithm 'run_learner' on problem 'a63d756aec4c60c1' for job 2248 (seed = 2249) ...
INFO  [17:09:14.403] [mlr3] Applying learner 'classif.xgboost.tuned_calib.oof_isotonic' on task 'pc1' (iter 8/10)
INFO  [17:09:14.445] [bbotk] Starting to optimize 3 parameter(s) with '<OptimizerBatchRandomSearch>' and '<TerminatorEvals> [n_evals=10, k=0]'
INFO  [17:09:14.481] [bbotk] Evaluating 1 configuration(s)
INFO  [17:09:14.622] [bbotk] Result of batch 1:
INFO  [17:09:14.624] [bbotk]  nrounds       eta max_depth classif.ce warnings errors runtime_learners
INFO  [17:09:14.624] [bbotk]       53 0.2769281         4 0.05889724        0      0            0.091
INFO  [17:09:14.624] [bbotk]                                 uhash
INFO  [17:09:14.624] [bbotk]  b02284e1-04a2-41f0-b154-9473516b34db
INFO  [17:09:14.636] [bbotk] Evaluating 1 configuration(s)
INFO  [17:09:15.254] [bbotk] Result of batch 2:
INFO  [17:09:15.255] [bbotk]  nrounds        eta max_depth classif.ce warnings errors runtime_learners
INFO  [17:09:15.255] [bbotk]      256 0.05584468         6 0.05764411        0      0            0.573
INFO  [17:09:15.255] [bbotk]                                 uhash
INFO  [17:09:15.255] [bbotk]  9779f726-48d9-4684-9f2d-e840600e6636
INFO  [17:09:15.262] [bbotk] Evaluating 1 configuration(s)
INFO  [17:09:15.457] [bbotk] Result of batch 3:
INFO  [17:09:15.459] [bbotk]  nrounds      eta max_depth classif.ce warnings errors runtime_learners
INFO  [17:09:15.459] [bbotk]       59 0.216156        10 0.06140351        0      0            0.152
INFO  [17:09:15.459] [bbotk]                                 uhash
INFO  [17:09:15.459] [bbotk]  9fd94ae6-d2f5-4865-a13f-e5bb060242f2
INFO  [17:09:15.465] [bbotk] Evaluating 1 configuration(s)
INFO  [17:09:15.647] [bbotk] Result of batch 4:
INFO  [17:09:15.649] [bbotk]  nrounds        eta max_depth classif.ce warnings errors runtime_learners
INFO  [17:09:15.649] [bbotk]      116 0.09409628         3 0.06265664        0      0            0.151
INFO  [17:09:15.649] [bbotk]                                 uhash
INFO  [17:09:15.649] [bbotk]  4305f0a4-042b-4984-9105-4d7696b516a9
INFO  [17:09:15.657] [bbotk] Evaluating 1 configuration(s)
INFO  [17:09:16.003] [bbotk] Result of batch 5:
INFO  [17:09:16.004] [bbotk]  nrounds       eta max_depth classif.ce warnings errors runtime_learners
INFO  [17:09:16.004] [bbotk]      123 0.1100267        10 0.05889724        0      0            0.305
INFO  [17:09:16.004] [bbotk]                                 uhash
INFO  [17:09:16.004] [bbotk]  0be5b6ff-da1a-4204-bb1c-14f59cbdf2c3
INFO  [17:09:16.008] [bbotk] Evaluating 1 configuration(s)
INFO  [17:09:16.450] [bbotk] Result of batch 6:
INFO  [17:09:16.452] [bbotk]  nrounds        eta max_depth classif.ce warnings errors runtime_learners
INFO  [17:09:16.452] [bbotk]      139 0.07203707        10 0.05889724        0      0            0.371
INFO  [17:09:16.452] [bbotk]                                 uhash
INFO  [17:09:16.452] [bbotk]  87d62847-c2ac-4709-9b51-3919b4111182
INFO  [17:09:16.465] [bbotk] Evaluating 1 configuration(s)
INFO  [17:09:16.746] [bbotk] Result of batch 7:
INFO  [17:09:16.747] [bbotk]  nrounds       eta max_depth classif.ce warnings errors runtime_learners
INFO  [17:09:16.747] [bbotk]      177 0.1368062         3 0.06265664        0      0             0.24
INFO  [17:09:16.747] [bbotk]                                 uhash
INFO  [17:09:16.747] [bbotk]  fbd1e173-7e9a-472b-b692-17ee60f954f2
INFO  [17:09:16.751] [bbotk] Evaluating 1 configuration(s)
INFO  [17:09:16.960] [bbotk] Result of batch 8:
INFO  [17:09:16.961] [bbotk]  nrounds       eta max_depth classif.ce warnings errors runtime_learners
INFO  [17:09:16.961] [bbotk]       63 0.2153793        10 0.05889724        0      0             0.16
INFO  [17:09:16.961] [bbotk]                                 uhash
INFO  [17:09:16.961] [bbotk]  e83f0d17-1fb2-4e1b-a491-51f6a842af64
INFO  [17:09:16.965] [bbotk] Evaluating 1 configuration(s)
INFO  [17:09:17.216] [bbotk] Result of batch 9:
INFO  [17:09:17.218] [bbotk]  nrounds       eta max_depth classif.ce warnings errors runtime_learners
INFO  [17:09:17.218] [bbotk]       80 0.1519896         9 0.05889724        0      0            0.206
INFO  [17:09:17.218] [bbotk]                                 uhash
INFO  [17:09:17.218] [bbotk]  5da636e8-3143-416a-add1-5f23554fbc15
INFO  [17:09:17.222] [bbotk] Evaluating 1 configuration(s)
INFO  [17:09:17.442] [bbotk] Result of batch 10:
INFO  [17:09:17.443] [bbotk]  nrounds       eta max_depth classif.ce warnings errors runtime_learners
INFO  [17:09:17.443] [bbotk]       65 0.1515456         9 0.05764411        0      0            0.177
INFO  [17:09:17.443] [bbotk]                                 uhash
INFO  [17:09:17.443] [bbotk]  7e53d4f4-e39e-418d-bdd4-ea7f74ccff85
INFO  [17:09:17.452] [bbotk] Finished optimizing after 10 evaluation(s)
INFO  [17:09:17.452] [bbotk] Result:
INFO  [17:09:17.453] [bbotk]  nrounds        eta max_depth learner_param_vals  x_domain classif.ce
INFO  [17:09:17.453] [bbotk]    <int>      <num>     <int>             <list>    <list>      <num>
INFO  [17:09:17.453] [bbotk]      256 0.05584468         6          <list[5]> <list[3]> 0.05764411
INFO  [17:09:17.803] [bbotk] Starting to optimize 3 parameter(s) with '<OptimizerBatchRandomSearch>' and '<TerminatorEvals> [n_evals=10, k=0]'
INFO  [17:09:17.822] [bbotk] Evaluating 1 configuration(s)
INFO  [17:09:18.052] [bbotk] Result of batch 1:
INFO  [17:09:18.054] [bbotk]  nrounds       eta max_depth classif.ce warnings errors runtime_learners
INFO  [17:09:18.054] [bbotk]       90 0.1481142         5 0.07142857        0      0            0.186
INFO  [17:09:18.054] [bbotk]                                 uhash
INFO  [17:09:18.054] [bbotk]  6f369caf-7271-4819-9236-6e1eeaa7f30e
INFO  [17:09:18.062] [bbotk] Evaluating 1 configuration(s)
INFO  [17:09:18.315] [bbotk] Result of batch 2:
INFO  [17:09:18.316] [bbotk]  nrounds      eta max_depth classif.ce warnings errors runtime_learners
INFO  [17:09:18.316] [bbotk]      151 0.180294         3 0.06766917        0      0            0.215
INFO  [17:09:18.316] [bbotk]                                 uhash
INFO  [17:09:18.316] [bbotk]  e7288d08-c72a-4d6f-a10c-2cb519823844
INFO  [17:09:18.320] [bbotk] Evaluating 1 configuration(s)
INFO  [17:09:19.074] [bbotk] Result of batch 3:
INFO  [17:09:19.076] [bbotk]  nrounds        eta max_depth classif.ce warnings errors runtime_learners
INFO  [17:09:19.076] [bbotk]      277 0.03847129         9 0.07017544        0      0            0.694
INFO  [17:09:19.076] [bbotk]                                 uhash
INFO  [17:09:19.076] [bbotk]  d8c23c01-573d-4de3-a2ab-ad7c0e7cf2ad
INFO  [17:09:19.083] [bbotk] Evaluating 1 configuration(s)
INFO  [17:09:19.420] [bbotk] Result of batch 4:
INFO  [17:09:19.421] [bbotk]  nrounds      eta max_depth classif.ce warnings errors runtime_learners
INFO  [17:09:19.421] [bbotk]      141 0.292305         6 0.07017544        0      0            0.296
INFO  [17:09:19.421] [bbotk]                                 uhash
INFO  [17:09:19.421] [bbotk]  23702cf1-e18f-4e2a-bffb-d1ef857621ff
INFO  [17:09:19.425] [bbotk] Evaluating 1 configuration(s)
INFO  [17:09:19.631] [bbotk] Result of batch 5:
INFO  [17:09:19.633] [bbotk]  nrounds        eta max_depth classif.ce warnings errors runtime_learners
INFO  [17:09:19.633] [bbotk]       91 0.09990655         4 0.07393484        0      0            0.163
INFO  [17:09:19.633] [bbotk]                                 uhash
INFO  [17:09:19.633] [bbotk]  7f380984-a110-4d65-876c-d6eb9b09a5d8
INFO  [17:09:19.644] [bbotk] Evaluating 1 configuration(s)
INFO  [17:09:20.119] [bbotk] Result of batch 6:
INFO  [17:09:20.120] [bbotk]  nrounds       eta max_depth classif.ce warnings errors runtime_learners
INFO  [17:09:20.120] [bbotk]      216 0.0226651         5 0.06516291        0      0             0.43
INFO  [17:09:20.120] [bbotk]                                 uhash
INFO  [17:09:20.120] [bbotk]  99aaee0c-3e58-48ce-bdae-cfc4ea54d0c6
INFO  [17:09:20.127] [bbotk] Evaluating 1 configuration(s)
INFO  [17:09:20.617] [bbotk] Result of batch 7:
INFO  [17:09:20.618] [bbotk]  nrounds       eta max_depth classif.ce warnings errors runtime_learners
INFO  [17:09:20.618] [bbotk]      224 0.2349141         7 0.07142857        0      0            0.444
INFO  [17:09:20.618] [bbotk]                                 uhash
INFO  [17:09:20.618] [bbotk]  ef4e4469-acc0-49e2-a6d1-f1877f596ad0
INFO  [17:09:20.624] [bbotk] Evaluating 1 configuration(s)
INFO  [17:09:20.858] [bbotk] Result of batch 8:
INFO  [17:09:20.859] [bbotk]  nrounds       eta max_depth classif.ce warnings errors runtime_learners
INFO  [17:09:20.859] [bbotk]       69 0.1245479        10 0.06892231        0      0            0.177
INFO  [17:09:20.859] [bbotk]                                 uhash
INFO  [17:09:20.859] [bbotk]  6a268ccb-251a-4a81-9972-fbb19897249a
INFO  [17:09:20.868] [bbotk] Evaluating 1 configuration(s)
INFO  [17:09:21.066] [bbotk] Result of batch 9:
INFO  [17:09:21.067] [bbotk]  nrounds       eta max_depth classif.ce warnings errors runtime_learners
INFO  [17:09:21.067] [bbotk]       80 0.2789063         4  0.0726817        0      0            0.152
INFO  [17:09:21.067] [bbotk]                                 uhash
INFO  [17:09:21.067] [bbotk]  141bbde2-57ce-4622-871a-789c19b91808
INFO  [17:09:21.071] [bbotk] Evaluating 1 configuration(s)
INFO  [17:09:21.624] [bbotk] Result of batch 10:
INFO  [17:09:21.625] [bbotk]  nrounds        eta max_depth classif.ce warnings errors runtime_learners
INFO  [17:09:21.625] [bbotk]      215 0.03031171         5 0.06766917        0      0            0.504
INFO  [17:09:21.625] [bbotk]                                 uhash
INFO  [17:09:21.625] [bbotk]  da931daf-2d41-4f81-b7e7-2fc7fb326806
INFO  [17:09:21.635] [bbotk] Finished optimizing after 10 evaluation(s)
INFO  [17:09:21.636] [bbotk] Result:
INFO  [17:09:21.637] [bbotk]  nrounds       eta max_depth learner_param_vals  x_domain classif.ce
INFO  [17:09:21.637] [bbotk]    <int>     <num>     <int>             <list>    <list>      <num>
INFO  [17:09:21.637] [bbotk]      216 0.0226651         5          <list[5]> <list[3]> 0.06516291
INFO  [17:09:21.868] [bbotk] Starting to optimize 3 parameter(s) with '<OptimizerBatchRandomSearch>' and '<TerminatorEvals> [n_evals=10, k=0]'
INFO  [17:09:21.897] [bbotk] Evaluating 1 configuration(s)
INFO  [17:09:22.231] [bbotk] Result of batch 1:
INFO  [17:09:22.232] [bbotk]  nrounds        eta max_depth classif.ce warnings errors runtime_learners
INFO  [17:09:22.232] [bbotk]      177 0.01343259         3 0.05513784        0      0            0.284
INFO  [17:09:22.232] [bbotk]                                 uhash
INFO  [17:09:22.232] [bbotk]  92dfe88d-b03f-4c43-ac5e-f27b6a9b8373
INFO  [17:09:22.242] [bbotk] Evaluating 1 configuration(s)
INFO  [17:09:22.450] [bbotk] Result of batch 2:
INFO  [17:09:22.451] [bbotk]  nrounds       eta max_depth classif.ce warnings errors runtime_learners
INFO  [17:09:22.451] [bbotk]       74 0.2078563         5 0.06265664        0      0            0.156
INFO  [17:09:22.451] [bbotk]                                 uhash
INFO  [17:09:22.451] [bbotk]  c0d001f6-9fd2-4552-ab48-e6bb835066a8
INFO  [17:09:22.455] [bbotk] Evaluating 1 configuration(s)
INFO  [17:09:22.802] [bbotk] Result of batch 3:
INFO  [17:09:22.803] [bbotk]  nrounds       eta max_depth classif.ce warnings errors runtime_learners
INFO  [17:09:22.803] [bbotk]      149 0.2651949         5 0.06140351        0      0            0.311
INFO  [17:09:22.803] [bbotk]                                 uhash
INFO  [17:09:22.803] [bbotk]  bf77d879-f2ce-4135-89d6-f77dd157f898
INFO  [17:09:22.811] [bbotk] Evaluating 1 configuration(s)
INFO  [17:09:23.424] [bbotk] Result of batch 4:
INFO  [17:09:23.425] [bbotk]  nrounds       eta max_depth classif.ce warnings errors runtime_learners
INFO  [17:09:23.425] [bbotk]      294 0.1324285         9 0.06516291        0      0            0.558
INFO  [17:09:23.425] [bbotk]                                 uhash
INFO  [17:09:23.425] [bbotk]  4e1a2ce1-23f0-41e8-9448-08a2aa965267
INFO  [17:09:23.436] [bbotk] Evaluating 1 configuration(s)
INFO  [17:09:23.711] [bbotk] Result of batch 5:
INFO  [17:09:23.712] [bbotk]  nrounds       eta max_depth classif.ce warnings errors runtime_learners
INFO  [17:09:23.712] [bbotk]      111 0.1785807         6 0.06516291        0      0            0.233
INFO  [17:09:23.712] [bbotk]                                 uhash
INFO  [17:09:23.712] [bbotk]  27108bda-f5db-4636-8edb-4bbd3128d7c9
INFO  [17:09:23.721] [bbotk] Evaluating 1 configuration(s)
INFO  [17:09:23.960] [bbotk] Result of batch 6:
INFO  [17:09:23.961] [bbotk]  nrounds       eta max_depth classif.ce warnings errors runtime_learners
INFO  [17:09:23.961] [bbotk]      126 0.2653803         3 0.06265664        0      0            0.183
INFO  [17:09:23.961] [bbotk]                                 uhash
INFO  [17:09:23.961] [bbotk]  55667f90-5679-4840-a80d-446aebe39eac
INFO  [17:09:23.970] [bbotk] Evaluating 1 configuration(s)
INFO  [17:09:24.211] [bbotk] Result of batch 7:
INFO  [17:09:24.212] [bbotk]  nrounds        eta max_depth classif.ce warnings errors runtime_learners
INFO  [17:09:24.212] [bbotk]       84 0.05020689         4 0.05388471        0      0            0.184
INFO  [17:09:24.212] [bbotk]                                 uhash
INFO  [17:09:24.212] [bbotk]  a5f71316-f9d1-42d1-b45c-b8f1d4779344
INFO  [17:09:24.221] [bbotk] Evaluating 1 configuration(s)
INFO  [17:09:24.491] [bbotk] Result of batch 8:
INFO  [17:09:24.493] [bbotk]  nrounds       eta max_depth classif.ce warnings errors runtime_learners
INFO  [17:09:24.493] [bbotk]       93 0.1508323         6 0.06516291        0      0            0.212
INFO  [17:09:24.493] [bbotk]                                 uhash
INFO  [17:09:24.493] [bbotk]  aef52ed6-e3fb-4034-8172-bdf4b72c2cee
INFO  [17:09:24.504] [bbotk] Evaluating 1 configuration(s)
INFO  [17:09:24.694] [bbotk] Result of batch 9:
INFO  [17:09:24.695] [bbotk]  nrounds        eta max_depth classif.ce warnings errors runtime_learners
INFO  [17:09:24.695] [bbotk]      126 0.07405006         2 0.05513784        0      0            0.132
INFO  [17:09:24.695] [bbotk]                                 uhash
INFO  [17:09:24.695] [bbotk]  82c2f956-2004-4f45-834a-8a478998a0f4
INFO  [17:09:24.699] [bbotk] Evaluating 1 configuration(s)
INFO  [17:09:25.082] [bbotk] Result of batch 10:
INFO  [17:09:25.083] [bbotk]  nrounds        eta max_depth classif.ce warnings errors runtime_learners
INFO  [17:09:25.083] [bbotk]      283 0.05965745         3 0.06140351        0      0            0.342
INFO  [17:09:25.083] [bbotk]                                 uhash
INFO  [17:09:25.083] [bbotk]  21766bfd-5ffe-446f-8be4-f70b015c3e01
INFO  [17:09:25.095] [bbotk] Finished optimizing after 10 evaluation(s)
INFO  [17:09:25.095] [bbotk] Result:
INFO  [17:09:25.097] [bbotk]  nrounds        eta max_depth learner_param_vals  x_domain classif.ce
INFO  [17:09:25.097] [bbotk]    <int>      <num>     <int>             <list>    <list>      <num>
INFO  [17:09:25.097] [bbotk]       84 0.05020689         4          <list[5]> <list[3]> 0.05388471
INFO  [17:09:25.192] [bbotk] Starting to optimize 3 parameter(s) with '<OptimizerBatchRandomSearch>' and '<TerminatorEvals> [n_evals=10, k=0]'
INFO  [17:09:25.210] [bbotk] Evaluating 1 configuration(s)
INFO  [17:09:25.612] [bbotk] Result of batch 1:
INFO  [17:09:25.613] [bbotk]  nrounds       eta max_depth classif.ce warnings errors runtime_learners
INFO  [17:09:25.613] [bbotk]      250 0.2906621         3 0.06633625        0      0            0.353
INFO  [17:09:25.613] [bbotk]                                 uhash
INFO  [17:09:25.613] [bbotk]  9364fcd5-8988-4431-b459-ce72608fbf8e
INFO  [17:09:25.617] [bbotk] Evaluating 1 configuration(s)
INFO  [17:09:25.979] [bbotk] Result of batch 2:
INFO  [17:09:25.980] [bbotk]  nrounds        eta max_depth classif.ce warnings errors runtime_learners
INFO  [17:09:25.980] [bbotk]      181 0.02514117         4 0.06133311        0      0            0.313
INFO  [17:09:25.980] [bbotk]                                 uhash
INFO  [17:09:25.980] [bbotk]  11084205-fb62-4858-af12-7c7448305c28
INFO  [17:09:25.984] [bbotk] Evaluating 1 configuration(s)
INFO  [17:09:26.196] [bbotk] Result of batch 3:
INFO  [17:09:26.197] [bbotk]  nrounds        eta max_depth classif.ce warnings errors runtime_learners
INFO  [17:09:26.197] [bbotk]      116 0.02540392         3  0.0613378        0      0            0.169
INFO  [17:09:26.197] [bbotk]                                 uhash
INFO  [17:09:26.197] [bbotk]  d8d211e8-46a7-4b97-b4c8-0fe18fc0d015
INFO  [17:09:26.200] [bbotk] Evaluating 1 configuration(s)
INFO  [17:09:26.646] [bbotk] Result of batch 4:
INFO  [17:09:26.648] [bbotk]  nrounds       eta max_depth classif.ce warnings errors runtime_learners
INFO  [17:09:26.648] [bbotk]      189 0.1347779        10 0.05883154        0      0            0.411
INFO  [17:09:26.648] [bbotk]                                 uhash
INFO  [17:09:26.648] [bbotk]  482596a1-5340-42ca-b2f6-16a42eebf397
INFO  [17:09:26.655] [bbotk] Evaluating 1 configuration(s)
INFO  [17:09:27.174] [bbotk] Result of batch 5:
INFO  [17:09:27.190] [bbotk]  nrounds       eta max_depth classif.ce warnings errors runtime_learners
INFO  [17:09:27.190] [bbotk]      259 0.1896543         7 0.06008467        0      0            0.463
INFO  [17:09:27.190] [bbotk]                                 uhash
INFO  [17:09:27.190] [bbotk]  debaebdc-64c1-4951-af89-31fe658db41d
INFO  [17:09:27.198] [bbotk] Evaluating 1 configuration(s)
INFO  [17:09:27.727] [bbotk] Result of batch 6:
INFO  [17:09:27.730] [bbotk]  nrounds       eta max_depth classif.ce warnings errors runtime_learners
INFO  [17:09:27.730] [bbotk]      233 0.2077623        10 0.05883154        0      0            0.474
INFO  [17:09:27.730] [bbotk]                                 uhash
INFO  [17:09:27.730] [bbotk]  48199b32-de14-4338-9ba5-52df8b9d5d9d
INFO  [17:09:27.737] [bbotk] Evaluating 1 configuration(s)
INFO  [17:09:28.195] [bbotk] Result of batch 7:
INFO  [17:09:28.196] [bbotk]  nrounds       eta max_depth classif.ce warnings errors runtime_learners
INFO  [17:09:28.196] [bbotk]      241 0.1598366         7  0.0575784        0      0            0.415
INFO  [17:09:28.196] [bbotk]                                 uhash
INFO  [17:09:28.196] [bbotk]  3bd0aa6a-9ab0-4333-98df-ad33e14e2c75
INFO  [17:09:28.200] [bbotk] Evaluating 1 configuration(s)
INFO  [17:09:28.683] [bbotk] Result of batch 8:
INFO  [17:09:28.685] [bbotk]  nrounds       eta max_depth classif.ce warnings errors runtime_learners
INFO  [17:09:28.685] [bbotk]      284 0.2930916         6  0.0613378        0      0            0.435
INFO  [17:09:28.685] [bbotk]                                 uhash
INFO  [17:09:28.685] [bbotk]  80d1b138-b7b5-4d11-9460-1b365639acaa
INFO  [17:09:28.692] [bbotk] Evaluating 1 configuration(s)
INFO  [17:09:29.144] [bbotk] Result of batch 9:
INFO  [17:09:29.147] [bbotk]  nrounds       eta max_depth classif.ce warnings errors runtime_learners
INFO  [17:09:29.147] [bbotk]      213 0.2245529         8  0.0575784        0      0             0.41
INFO  [17:09:29.147] [bbotk]                                 uhash
INFO  [17:09:29.147] [bbotk]  4605ed6b-a0c3-4e71-8169-ae760601db99
INFO  [17:09:29.151] [bbotk] Evaluating 1 configuration(s)
INFO  [17:09:29.658] [bbotk] Result of batch 10:
INFO  [17:09:29.659] [bbotk]  nrounds       eta max_depth classif.ce warnings errors runtime_learners
INFO  [17:09:29.659] [bbotk]      298 0.1429887         4 0.05883154        0      0            0.444
INFO  [17:09:29.659] [bbotk]                                 uhash
INFO  [17:09:29.659] [bbotk]  3c133f98-9f38-46b8-b44d-8182f4f9b5b4
INFO  [17:09:29.678] [bbotk] Finished optimizing after 10 evaluation(s)
INFO  [17:09:29.679] [bbotk] Result:
INFO  [17:09:29.681] [bbotk]  nrounds       eta max_depth learner_param_vals  x_domain classif.ce
INFO  [17:09:29.681] [bbotk]    <int>     <num>     <int>             <list>    <list>      <num>
INFO  [17:09:29.681] [bbotk]      241 0.1598366         7          <list[5]> <list[3]>  0.0575784
INFO  [17:09:29.995] [bbotk] Starting to optimize 3 parameter(s) with '<OptimizerBatchRandomSearch>' and '<TerminatorEvals> [n_evals=10, k=0]'
INFO  [17:09:30.026] [bbotk] Evaluating 1 configuration(s)
INFO  [17:09:30.163] [bbotk] Result of batch 1:
INFO  [17:09:30.164] [bbotk]  nrounds        eta max_depth classif.ce warnings errors runtime_learners
INFO  [17:09:30.164] [bbotk]      109 0.06446443         2 0.06884252        0      0              0.1
INFO  [17:09:30.164] [bbotk]                                 uhash
INFO  [17:09:30.164] [bbotk]  fb213633-af60-494b-af0d-d7f45234095e
INFO  [17:09:30.174] [bbotk] Evaluating 1 configuration(s)
INFO  [17:09:30.429] [bbotk] Result of batch 2:
INFO  [17:09:30.431] [bbotk]  nrounds       eta max_depth classif.ce warnings errors runtime_learners
INFO  [17:09:30.431] [bbotk]      211 0.2874193         2 0.06883782        0      0            0.213
INFO  [17:09:30.431] [bbotk]                                 uhash
INFO  [17:09:30.431] [bbotk]  1e1051c8-be64-4d4b-ac0f-ca2627d770cc
INFO  [17:09:30.435] [bbotk] Evaluating 1 configuration(s)
INFO  [17:09:30.981] [bbotk] Result of batch 3:
INFO  [17:09:30.982] [bbotk]  nrounds       eta max_depth classif.ce warnings errors runtime_learners
INFO  [17:09:30.982] [bbotk]      232 0.1199083         7    0.06758        0      0             0.49
INFO  [17:09:30.982] [bbotk]                                 uhash
INFO  [17:09:30.982] [bbotk]  9c1c9297-97dc-4205-9bac-28c8c1926b4b
INFO  [17:09:30.991] [bbotk] Evaluating 1 configuration(s)
INFO  [17:09:31.701] [bbotk] Result of batch 4:
INFO  [17:09:31.702] [bbotk]  nrounds        eta max_depth classif.ce warnings errors runtime_learners
INFO  [17:09:31.702] [bbotk]      269 0.07326656         9 0.06507373        0      0            0.664
INFO  [17:09:31.702] [bbotk]                                 uhash
INFO  [17:09:31.702] [bbotk]  7a9e28e7-bc2a-4128-a2dd-d22d2bd979da
INFO  [17:09:31.722] [bbotk] Evaluating 1 configuration(s)
INFO  [17:09:32.117] [bbotk] Result of batch 5:
INFO  [17:09:32.120] [bbotk]  nrounds       eta max_depth classif.ce warnings errors runtime_learners
INFO  [17:09:32.120] [bbotk]      180 0.2125694        10 0.06633156        0      0            0.347
INFO  [17:09:32.120] [bbotk]                                 uhash
INFO  [17:09:32.120] [bbotk]  2c1479a9-2424-45a0-b14f-9d222e2fa291
INFO  [17:09:32.131] [bbotk] Evaluating 1 configuration(s)
INFO  [17:09:32.466] [bbotk] Result of batch 6:
INFO  [17:09:32.467] [bbotk]  nrounds       eta max_depth classif.ce warnings errors runtime_learners
INFO  [17:09:32.467] [bbotk]      132 0.2003356         6 0.06882844        0      0            0.292
INFO  [17:09:32.467] [bbotk]                                 uhash
INFO  [17:09:32.467] [bbotk]  1a55c69a-9866-4ab3-9858-45fdbbcea384
INFO  [17:09:32.471] [bbotk] Evaluating 1 configuration(s)
INFO  [17:09:33.208] [bbotk] Result of batch 7:
INFO  [17:09:33.209] [bbotk]  nrounds        eta max_depth classif.ce warnings errors runtime_learners
INFO  [17:09:33.209] [bbotk]      263 0.02705734         8 0.06507843        0      0            0.694
INFO  [17:09:33.209] [bbotk]                                 uhash
INFO  [17:09:33.209] [bbotk]  8e378f92-4612-4933-a2ca-70ada07ff9d9
INFO  [17:09:33.219] [bbotk] Evaluating 1 configuration(s)
INFO  [17:09:33.583] [bbotk] Result of batch 8:
INFO  [17:09:33.584] [bbotk]  nrounds       eta max_depth classif.ce warnings errors runtime_learners
INFO  [17:09:33.584] [bbotk]      218 0.1566892         8 0.06632687        0      0            0.329
INFO  [17:09:33.584] [bbotk]                                 uhash
INFO  [17:09:33.584] [bbotk]  481dfbdc-dd74-4ab1-bd49-527106991d20
INFO  [17:09:33.588] [bbotk] Evaluating 1 configuration(s)
INFO  [17:09:34.028] [bbotk] Result of batch 9:
INFO  [17:09:34.029] [bbotk]  nrounds       eta max_depth classif.ce warnings errors runtime_learners
INFO  [17:09:34.029] [bbotk]      205 0.2188917        10 0.06883782        0      0            0.401
INFO  [17:09:34.029] [bbotk]                                 uhash
INFO  [17:09:34.029] [bbotk]  3408220c-f840-4bbc-b83d-d227a58a21a9
INFO  [17:09:34.033] [bbotk] Evaluating 1 configuration(s)
INFO  [17:09:34.233] [bbotk] Result of batch 10:
INFO  [17:09:34.235] [bbotk]  nrounds       eta max_depth classif.ce warnings errors runtime_learners
INFO  [17:09:34.235] [bbotk]       54 0.2211177         9    0.06758        0      0            0.141
INFO  [17:09:34.235] [bbotk]                                 uhash
INFO  [17:09:34.235] [bbotk]  ebe4e0ed-553f-4c86-9a5b-b0a9e5e08893
INFO  [17:09:34.249] [bbotk] Finished optimizing after 10 evaluation(s)
INFO  [17:09:34.250] [bbotk] Result:
INFO  [17:09:34.252] [bbotk]  nrounds        eta max_depth learner_param_vals  x_domain classif.ce
INFO  [17:09:34.252] [bbotk]    <int>      <num>     <int>             <list>    <list>      <num>
INFO  [17:09:34.252] [bbotk]      269 0.07326656         9          <list[5]> <list[3]> 0.06507373

### [bt]: Job terminated successfully [batchtools job.id=2248]
### [bt]: Starting job [batchtools job.id=2249]
### [bt]: Generating problem instance for problem 'a63d756aec4c60c1' ...
### [bt]: Applying algorithm 'run_learner' on problem 'a63d756aec4c60c1' for job 2249 (seed = 2250) ...
INFO  [17:09:34.631] [mlr3] Applying learner 'classif.xgboost.tuned_calib.oof_isotonic' on task 'pc1' (iter 9/10)
INFO  [17:09:34.689] [bbotk] Starting to optimize 3 parameter(s) with '<OptimizerBatchRandomSearch>' and '<TerminatorEvals> [n_evals=10, k=0]'
INFO  [17:09:34.701] [bbotk] Evaluating 1 configuration(s)
INFO  [17:09:35.153] [bbotk] Result of batch 1:
INFO  [17:09:35.155] [bbotk]  nrounds        eta max_depth classif.ce warnings errors runtime_learners
INFO  [17:09:35.155] [bbotk]      218 0.07293789         5 0.05513784        0      0            0.411
INFO  [17:09:35.155] [bbotk]                                 uhash
INFO  [17:09:35.155] [bbotk]  2429e5bf-d1a6-48dd-b2e5-0ef6336a65bc
INFO  [17:09:35.162] [bbotk] Evaluating 1 configuration(s)
INFO  [17:09:35.459] [bbotk] Result of batch 2:
INFO  [17:09:35.460] [bbotk]  nrounds       eta max_depth classif.ce warnings errors runtime_learners
INFO  [17:09:35.460] [bbotk]       77 0.1228381         8 0.05764411        0      0            0.234
INFO  [17:09:35.460] [bbotk]                                 uhash
INFO  [17:09:35.460] [bbotk]  47331faf-e3b6-49ae-a9e8-e142d1dcdd95
INFO  [17:09:35.468] [bbotk] Evaluating 1 configuration(s)
INFO  [17:09:35.835] [bbotk] Result of batch 3:
INFO  [17:09:35.837] [bbotk]  nrounds       eta max_depth classif.ce warnings errors runtime_learners
INFO  [17:09:35.837] [bbotk]      112 0.1026958         9 0.05889724        0      0            0.308
INFO  [17:09:35.837] [bbotk]                                 uhash
INFO  [17:09:35.837] [bbotk]  ce09946c-e341-4acb-ae4a-0d4909f8f336
INFO  [17:09:35.845] [bbotk] Evaluating 1 configuration(s)
INFO  [17:09:36.273] [bbotk] Result of batch 4:
INFO  [17:09:36.275] [bbotk]  nrounds       eta max_depth classif.ce warnings errors runtime_learners
INFO  [17:09:36.275] [bbotk]      205 0.1945432         6 0.05764411        0      0            0.394
INFO  [17:09:36.275] [bbotk]                                 uhash
INFO  [17:09:36.275] [bbotk]  de3131ec-4c05-476b-96f5-ca1bc41a061e
INFO  [17:09:36.287] [bbotk] Evaluating 1 configuration(s)
INFO  [17:09:36.542] [bbotk] Result of batch 5:
INFO  [17:09:36.544] [bbotk]  nrounds        eta max_depth classif.ce warnings errors runtime_learners
INFO  [17:09:36.544] [bbotk]      226 0.06542629         2 0.05764411        0      0            0.216
INFO  [17:09:36.544] [bbotk]                                 uhash
INFO  [17:09:36.544] [bbotk]  2ebf996d-20d4-40f9-9b4f-dbcb9ac2c447
INFO  [17:09:36.548] [bbotk] Evaluating 1 configuration(s)
INFO  [17:09:37.042] [bbotk] Result of batch 6:
INFO  [17:09:37.043] [bbotk]  nrounds        eta max_depth classif.ce warnings errors runtime_learners
INFO  [17:09:37.043] [bbotk]      255 0.05745623         6 0.05889724        0      0            0.456
INFO  [17:09:37.043] [bbotk]                                 uhash
INFO  [17:09:37.043] [bbotk]  1120e538-6cf8-421f-b8ce-a593f3f38640
INFO  [17:09:37.047] [bbotk] Evaluating 1 configuration(s)
INFO  [17:09:37.676] [bbotk] Result of batch 7:
INFO  [17:09:37.678] [bbotk]  nrounds       eta max_depth classif.ce warnings errors runtime_learners
INFO  [17:09:37.678] [bbotk]      160 0.1854641         7 0.05639098        0      0            0.586
INFO  [17:09:37.678] [bbotk]                                 uhash
INFO  [17:09:37.678] [bbotk]  9d4cfae6-bf95-4387-a3c4-0df0cf9597e1
INFO  [17:09:37.686] [bbotk] Evaluating 1 configuration(s)
INFO  [17:09:38.399] [bbotk] Result of batch 8:
INFO  [17:09:38.401] [bbotk]  nrounds        eta max_depth classif.ce warnings errors runtime_learners
INFO  [17:09:38.401] [bbotk]      290 0.03863611         8 0.06015038        0      0            0.674
INFO  [17:09:38.401] [bbotk]                                 uhash
INFO  [17:09:38.401] [bbotk]  8e30fd48-1e1b-4309-96b6-4bb542be2081
INFO  [17:09:38.409] [bbotk] Evaluating 1 configuration(s)
INFO  [17:09:38.878] [bbotk] Result of batch 9:
INFO  [17:09:38.880] [bbotk]  nrounds       eta max_depth classif.ce warnings errors runtime_learners
INFO  [17:09:38.880] [bbotk]      261 0.2269253         9 0.05889724        0      0            0.437
INFO  [17:09:38.880] [bbotk]                                 uhash
INFO  [17:09:38.880] [bbotk]  79eeaaff-4d6c-4889-8948-e64e9aae9475
INFO  [17:09:38.890] [bbotk] Evaluating 1 configuration(s)
INFO  [17:09:39.515] [bbotk] Result of batch 10:
INFO  [17:09:39.518] [bbotk]  nrounds        eta max_depth classif.ce warnings errors runtime_learners
INFO  [17:09:39.518] [bbotk]      224 0.05713216        10 0.05764411        0      0            0.559
INFO  [17:09:39.518] [bbotk]                                 uhash
INFO  [17:09:39.518] [bbotk]  8818ed71-7e48-4fc0-8fc6-5ba1c337e25a
INFO  [17:09:39.536] [bbotk] Finished optimizing after 10 evaluation(s)
INFO  [17:09:39.537] [bbotk] Result:
INFO  [17:09:39.538] [bbotk]  nrounds        eta max_depth learner_param_vals  x_domain classif.ce
INFO  [17:09:39.538] [bbotk]    <int>      <num>     <int>             <list>    <list>      <num>
INFO  [17:09:39.538] [bbotk]      218 0.07293789         5          <list[5]> <list[3]> 0.05513784
INFO  [17:09:39.797] [bbotk] Starting to optimize 3 parameter(s) with '<OptimizerBatchRandomSearch>' and '<TerminatorEvals> [n_evals=10, k=0]'
INFO  [17:09:39.808] [bbotk] Evaluating 1 configuration(s)
INFO  [17:09:40.362] [bbotk] Result of batch 1:
INFO  [17:09:40.363] [bbotk]  nrounds      eta max_depth classif.ce warnings errors runtime_learners
INFO  [17:09:40.363] [bbotk]      241 0.138568        10 0.07393484        0      0            0.504
INFO  [17:09:40.363] [bbotk]                                 uhash
INFO  [17:09:40.363] [bbotk]  2b293ee9-37c7-4ca8-b049-e4e01df4ecd1
INFO  [17:09:40.368] [bbotk] Evaluating 1 configuration(s)
INFO  [17:09:40.824] [bbotk] Result of batch 2:
INFO  [17:09:40.825] [bbotk]  nrounds       eta max_depth classif.ce warnings errors runtime_learners
INFO  [17:09:40.825] [bbotk]      164 0.1277593         9  0.0726817        0      0            0.411
INFO  [17:09:40.825] [bbotk]                                 uhash
INFO  [17:09:40.825] [bbotk]  85b7ca64-6ec7-474f-b23c-ab79ec7de6d2
INFO  [17:09:40.829] [bbotk] Evaluating 1 configuration(s)
INFO  [17:09:41.078] [bbotk] Result of batch 3:
INFO  [17:09:41.079] [bbotk]  nrounds       eta max_depth classif.ce warnings errors runtime_learners
INFO  [17:09:41.079] [bbotk]      109 0.2922296         5 0.07518797        0      0            0.211
INFO  [17:09:41.079] [bbotk]                                 uhash
INFO  [17:09:41.079] [bbotk]  714b47ac-e3d7-404d-997a-7a81b9b8a0e0
INFO  [17:09:41.083] [bbotk] Evaluating 1 configuration(s)
INFO  [17:09:41.567] [bbotk] Result of batch 4:
INFO  [17:09:41.568] [bbotk]  nrounds        eta max_depth classif.ce warnings errors runtime_learners
INFO  [17:09:41.568] [bbotk]      210 0.09335327        10 0.07393484        0      0            0.443
INFO  [17:09:41.568] [bbotk]                                 uhash
INFO  [17:09:41.568] [bbotk]  c85c62dc-b611-4802-bbdc-7871d0c697d5
INFO  [17:09:41.572] [bbotk] Evaluating 1 configuration(s)
INFO  [17:09:42.138] [bbotk] Result of batch 5:
INFO  [17:09:42.140] [bbotk]  nrounds        eta max_depth classif.ce warnings errors runtime_learners
INFO  [17:09:42.140] [bbotk]      257 0.02778215         5 0.06892231        0      0            0.511
INFO  [17:09:42.140] [bbotk]                                 uhash
INFO  [17:09:42.140] [bbotk]  7a7042b2-44dc-4c6a-b65f-8657a5c50a28
INFO  [17:09:42.148] [bbotk] Evaluating 1 configuration(s)
INFO  [17:09:42.669] [bbotk] Result of batch 6:
INFO  [17:09:42.672] [bbotk]  nrounds        eta max_depth classif.ce warnings errors runtime_learners
INFO  [17:09:42.672] [bbotk]      186 0.07261283         9 0.07393484        0      0            0.481
INFO  [17:09:42.672] [bbotk]                                 uhash
INFO  [17:09:42.672] [bbotk]  f55fb025-759c-4739-8015-6b842c80fde4
INFO  [17:09:42.681] [bbotk] Evaluating 1 configuration(s)
INFO  [17:09:43.002] [bbotk] Result of batch 7:
INFO  [17:09:43.004] [bbotk]  nrounds       eta max_depth classif.ce warnings errors runtime_learners
INFO  [17:09:43.004] [bbotk]      137 0.1335244         6  0.0764411        0      0            0.283
INFO  [17:09:43.004] [bbotk]                                 uhash
INFO  [17:09:43.004] [bbotk]  327b778a-1da4-439c-8adf-dfc7785244f4
INFO  [17:09:43.014] [bbotk] Evaluating 1 configuration(s)
INFO  [17:09:43.238] [bbotk] Result of batch 8:
INFO  [17:09:43.239] [bbotk]  nrounds        eta max_depth classif.ce warnings errors runtime_learners
INFO  [17:09:43.239] [bbotk]      177 0.06879892         2 0.07017544        0      0            0.169
INFO  [17:09:43.239] [bbotk]                                 uhash
INFO  [17:09:43.239] [bbotk]  be6df79d-e4a5-4f8d-92df-795a52b57f8c
INFO  [17:09:43.243] [bbotk] Evaluating 1 configuration(s)
INFO  [17:09:43.496] [bbotk] Result of batch 9:
INFO  [17:09:43.498] [bbotk]  nrounds        eta max_depth classif.ce warnings errors runtime_learners
INFO  [17:09:43.498] [bbotk]      111 0.05323165         4 0.07017544        0      0            0.211
INFO  [17:09:43.498] [bbotk]                                 uhash
INFO  [17:09:43.498] [bbotk]  153c433f-68b2-499f-bf33-14e4c24d8924
INFO  [17:09:43.508] [bbotk] Evaluating 1 configuration(s)
INFO  [17:09:43.734] [bbotk] Result of batch 10:
INFO  [17:09:43.736] [bbotk]  nrounds       eta max_depth classif.ce warnings errors runtime_learners
INFO  [17:09:43.736] [bbotk]       82 0.0805933         9 0.07142857        0      0            0.188
INFO  [17:09:43.736] [bbotk]                                 uhash
INFO  [17:09:43.736] [bbotk]  9d4d8b1b-e133-4ff5-885f-ecb639d0c0c0
INFO  [17:09:43.756] [bbotk] Finished optimizing after 10 evaluation(s)
INFO  [17:09:43.756] [bbotk] Result:
INFO  [17:09:43.758] [bbotk]  nrounds        eta max_depth learner_param_vals  x_domain classif.ce
INFO  [17:09:43.758] [bbotk]    <int>      <num>     <int>             <list>    <list>      <num>
INFO  [17:09:43.758] [bbotk]      257 0.02778215         5          <list[5]> <list[3]> 0.06892231
INFO  [17:09:44.060] [bbotk] Starting to optimize 3 parameter(s) with '<OptimizerBatchRandomSearch>' and '<TerminatorEvals> [n_evals=10, k=0]'
INFO  [17:09:44.074] [bbotk] Evaluating 1 configuration(s)
INFO  [17:09:44.524] [bbotk] Result of batch 1:
INFO  [17:09:44.525] [bbotk]  nrounds       eta max_depth classif.ce warnings errors runtime_learners
INFO  [17:09:44.525] [bbotk]      250 0.1467154         4 0.07518797        0      0             0.39
INFO  [17:09:44.525] [bbotk]                                 uhash
INFO  [17:09:44.525] [bbotk]  4e67c093-57e5-4597-be91-3ba46c18544d
INFO  [17:09:44.529] [bbotk] Evaluating 1 configuration(s)
INFO  [17:09:44.737] [bbotk] Result of batch 2:
INFO  [17:09:44.738] [bbotk]  nrounds       eta max_depth classif.ce warnings errors runtime_learners
INFO  [17:09:44.738] [bbotk]       76 0.2746551        10  0.0726817        0      0            0.164
INFO  [17:09:44.738] [bbotk]                                 uhash
INFO  [17:09:44.738] [bbotk]  22cf95d6-82a1-4082-96fe-0627549e6a3d
INFO  [17:09:44.747] [bbotk] Evaluating 1 configuration(s)
INFO  [17:09:44.979] [bbotk] Result of batch 3:
INFO  [17:09:44.981] [bbotk]  nrounds       eta max_depth classif.ce warnings errors runtime_learners
INFO  [17:09:44.981] [bbotk]      150 0.0471539         3  0.0726817        0      0            0.197
INFO  [17:09:44.981] [bbotk]                                 uhash
INFO  [17:09:44.981] [bbotk]  ed6ad0aa-cfab-4778-9e3a-b2a2faebb208
INFO  [17:09:44.991] [bbotk] Evaluating 1 configuration(s)
INFO  [17:09:45.406] [bbotk] Result of batch 4:
INFO  [17:09:45.408] [bbotk]  nrounds        eta max_depth classif.ce warnings errors runtime_learners
INFO  [17:09:45.408] [bbotk]      142 0.04474572         6 0.07017544        0      0            0.377
INFO  [17:09:45.408] [bbotk]                                 uhash
INFO  [17:09:45.408] [bbotk]  ee4a3bbd-7357-44a2-b94c-a181b3ba09e2
INFO  [17:09:45.419] [bbotk] Evaluating 1 configuration(s)
INFO  [17:09:45.986] [bbotk] Result of batch 5:
INFO  [17:09:45.987] [bbotk]  nrounds        eta max_depth classif.ce warnings errors runtime_learners
INFO  [17:09:45.987] [bbotk]      222 0.05919624         7 0.07142857        0      0            0.522
INFO  [17:09:45.987] [bbotk]                                 uhash
INFO  [17:09:45.987] [bbotk]  b511162e-1710-4d16-8a62-7d65327162c0
INFO  [17:09:45.992] [bbotk] Evaluating 1 configuration(s)
INFO  [17:09:46.693] [bbotk] Result of batch 6:
INFO  [17:09:46.694] [bbotk]  nrounds        eta max_depth classif.ce warnings errors runtime_learners
INFO  [17:09:46.694] [bbotk]      283 0.09423681         7 0.07142857        0      0            0.651
INFO  [17:09:46.694] [bbotk]                                 uhash
INFO  [17:09:46.694] [bbotk]  5a633191-9f8e-4069-8985-681c4e912c82
INFO  [17:09:46.702] [bbotk] Evaluating 1 configuration(s)
INFO  [17:09:46.850] [bbotk] Result of batch 7:
INFO  [17:09:46.851] [bbotk]  nrounds       eta max_depth classif.ce warnings errors runtime_learners
INFO  [17:09:46.851] [bbotk]       51 0.1373828         4 0.07518797        0      0            0.095
INFO  [17:09:46.851] [bbotk]                                 uhash
INFO  [17:09:46.851] [bbotk]  f5f11795-5fe3-491c-a8ed-a2c891eae02a
INFO  [17:09:46.862] [bbotk] Evaluating 1 configuration(s)
INFO  [17:09:47.037] [bbotk] Result of batch 8:
INFO  [17:09:47.039] [bbotk]  nrounds       eta max_depth classif.ce warnings errors runtime_learners
INFO  [17:09:47.039] [bbotk]       66 0.2879886         4  0.0726817        0      0            0.128
INFO  [17:09:47.039] [bbotk]                                 uhash
INFO  [17:09:47.039] [bbotk]  65c5bc60-df9f-4f85-95da-e45de64c8bff
INFO  [17:09:47.048] [bbotk] Evaluating 1 configuration(s)
INFO  [17:09:47.500] [bbotk] Result of batch 9:
INFO  [17:09:47.501] [bbotk]  nrounds        eta max_depth classif.ce warnings errors runtime_learners
INFO  [17:09:47.501] [bbotk]      160 0.04031743         9 0.06641604        0      0            0.401
INFO  [17:09:47.501] [bbotk]                                 uhash
INFO  [17:09:47.501] [bbotk]  b1ced472-9037-47db-8b91-3fd0dadc4b4b
INFO  [17:09:47.505] [bbotk] Evaluating 1 configuration(s)
INFO  [17:09:48.210] [bbotk] Result of batch 10:
INFO  [17:09:48.212] [bbotk]  nrounds        eta max_depth classif.ce warnings errors runtime_learners
INFO  [17:09:48.212] [bbotk]      290 0.03818303         7 0.07017544        0      0            0.671
INFO  [17:09:48.212] [bbotk]                                 uhash
INFO  [17:09:48.212] [bbotk]  783c5391-43ec-4241-8bfe-aa1a8bea688d
INFO  [17:09:48.221] [bbotk] Finished optimizing after 10 evaluation(s)
INFO  [17:09:48.221] [bbotk] Result:
INFO  [17:09:48.222] [bbotk]  nrounds        eta max_depth learner_param_vals  x_domain classif.ce
INFO  [17:09:48.222] [bbotk]    <int>      <num>     <int>             <list>    <list>      <num>
INFO  [17:09:48.222] [bbotk]      160 0.04031743         9          <list[5]> <list[3]> 0.06641604
INFO  [17:09:48.532] [bbotk] Starting to optimize 3 parameter(s) with '<OptimizerBatchRandomSearch>' and '<TerminatorEvals> [n_evals=10, k=0]'
INFO  [17:09:48.550] [bbotk] Evaluating 1 configuration(s)
INFO  [17:09:48.802] [bbotk] Result of batch 1:
INFO  [17:09:48.803] [bbotk]  nrounds        eta max_depth classif.ce warnings errors runtime_learners
INFO  [17:09:48.803] [bbotk]       81 0.09847543         9 0.05756902        0      0            0.205
INFO  [17:09:48.803] [bbotk]                                 uhash
INFO  [17:09:48.803] [bbotk]  08c365f3-8cb6-4f21-ac00-88f923536611
INFO  [17:09:48.807] [bbotk] Evaluating 1 configuration(s)
INFO  [17:09:49.188] [bbotk] Result of batch 2:
INFO  [17:09:49.189] [bbotk]  nrounds       eta max_depth classif.ce warnings errors runtime_learners
INFO  [17:09:49.189] [bbotk]      207 0.1537109         4 0.06008467        0      0            0.334
INFO  [17:09:49.189] [bbotk]                                 uhash
INFO  [17:09:49.189] [bbotk]  a0e6a745-b8aa-450a-bc5e-9ad529cdae69
INFO  [17:09:49.193] [bbotk] Evaluating 1 configuration(s)
INFO  [17:09:49.985] [bbotk] Result of batch 3:
INFO  [17:09:49.986] [bbotk]  nrounds        eta max_depth classif.ce warnings errors runtime_learners
INFO  [17:09:49.986] [bbotk]      286 0.01062409        10 0.05506744        0      0            0.748
INFO  [17:09:49.986] [bbotk]                                 uhash
INFO  [17:09:49.986] [bbotk]  d63a4ef6-8f14-428b-abca-92e481f12935
INFO  [17:09:49.990] [bbotk] Evaluating 1 configuration(s)
INFO  [17:09:50.466] [bbotk] Result of batch 4:
INFO  [17:09:50.468] [bbotk]  nrounds       eta max_depth classif.ce warnings errors runtime_learners
INFO  [17:09:50.468] [bbotk]      210 0.1211147        10   0.053819        0      0            0.437
INFO  [17:09:50.468] [bbotk]                                 uhash
INFO  [17:09:50.468] [bbotk]  c17a58e5-424d-4bd6-8f92-0b47898cda67
INFO  [17:09:50.472] [bbotk] Evaluating 1 configuration(s)
INFO  [17:09:50.885] [bbotk] Result of batch 5:
INFO  [17:09:50.886] [bbotk]  nrounds       eta max_depth classif.ce warnings errors runtime_learners
INFO  [17:09:50.886] [bbotk]      222 0.2105637         9 0.05756902        0      0            0.377
INFO  [17:09:50.886] [bbotk]                                 uhash
INFO  [17:09:50.886] [bbotk]  00289c0a-273b-48d6-9276-9be1750d6cbf
INFO  [17:09:50.890] [bbotk] Evaluating 1 configuration(s)
INFO  [17:09:51.156] [bbotk] Result of batch 6:
INFO  [17:09:51.156] [bbotk]  nrounds       eta max_depth classif.ce warnings errors runtime_learners
INFO  [17:09:51.156] [bbotk]       91 0.2622531         7 0.05632527        0      0            0.221
INFO  [17:09:51.156] [bbotk]                                 uhash
INFO  [17:09:51.156] [bbotk]  9a783ed3-b803-45c4-9804-ce1fb48b4fbd
INFO  [17:09:51.160] [bbotk] Evaluating 1 configuration(s)
INFO  [17:09:51.477] [bbotk] Result of batch 7:
INFO  [17:09:51.478] [bbotk]  nrounds        eta max_depth classif.ce warnings errors runtime_learners
INFO  [17:09:51.478] [bbotk]      102 0.04222866         7 0.05506744        0      0            0.263
INFO  [17:09:51.478] [bbotk]                                 uhash
INFO  [17:09:51.478] [bbotk]  60b70dd1-b24e-49de-b85e-ca363d01450b
INFO  [17:09:51.482] [bbotk] Evaluating 1 configuration(s)
INFO  [17:09:51.811] [bbotk] Result of batch 8:
INFO  [17:09:51.814] [bbotk]  nrounds        eta max_depth classif.ce warnings errors runtime_learners
INFO  [17:09:51.814] [bbotk]      117 0.03071876         6 0.05506275        0      0            0.267
INFO  [17:09:51.814] [bbotk]                                 uhash
INFO  [17:09:51.814] [bbotk]  d29691c5-1005-47dd-91d4-b229991cd092
INFO  [17:09:51.820] [bbotk] Evaluating 1 configuration(s)
INFO  [17:09:52.087] [bbotk] Result of batch 9:
INFO  [17:09:52.088] [bbotk]  nrounds       eta max_depth classif.ce warnings errors runtime_learners
INFO  [17:09:52.088] [bbotk]       81 0.0654192         6 0.05506744        0      0            0.215
INFO  [17:09:52.088] [bbotk]                                 uhash
INFO  [17:09:52.088] [bbotk]  6eb56593-dd5b-4b9c-a94a-2cbe9fa79c3c
INFO  [17:09:52.093] [bbotk] Evaluating 1 configuration(s)
INFO  [17:09:52.782] [bbotk] Result of batch 10:
INFO  [17:09:52.784] [bbotk]  nrounds        eta max_depth classif.ce warnings errors runtime_learners
INFO  [17:09:52.784] [bbotk]      292 0.08467528         9 0.05632058        0      0            0.628
INFO  [17:09:52.784] [bbotk]                                 uhash
INFO  [17:09:52.784] [bbotk]  8d1dac47-5e29-4f52-9e79-326440985c3e
INFO  [17:09:52.798] [bbotk] Finished optimizing after 10 evaluation(s)
INFO  [17:09:52.798] [bbotk] Result:
INFO  [17:09:52.799] [bbotk]  nrounds       eta max_depth learner_param_vals  x_domain classif.ce
INFO  [17:09:52.799] [bbotk]    <int>     <num>     <int>             <list>    <list>      <num>
INFO  [17:09:52.799] [bbotk]      210 0.1211147        10          <list[5]> <list[3]>   0.053819
INFO  [17:09:53.084] [bbotk] Starting to optimize 3 parameter(s) with '<OptimizerBatchRandomSearch>' and '<TerminatorEvals> [n_evals=10, k=0]'
INFO  [17:09:53.097] [bbotk] Evaluating 1 configuration(s)
INFO  [17:09:53.368] [bbotk] Result of batch 1:
INFO  [17:09:53.369] [bbotk]  nrounds       eta max_depth classif.ce warnings errors runtime_learners
INFO  [17:09:53.369] [bbotk]       88 0.1555918         9 0.06757531        0      0            0.233
INFO  [17:09:53.369] [bbotk]                                 uhash
INFO  [17:09:53.369] [bbotk]  793dfcb7-62d7-405b-a80b-c36dc2d785ee
INFO  [17:09:53.373] [bbotk] Evaluating 1 configuration(s)
INFO  [17:09:53.750] [bbotk] Result of batch 2:
INFO  [17:09:53.751] [bbotk]  nrounds       eta max_depth classif.ce warnings errors runtime_learners
INFO  [17:09:53.751] [bbotk]      201 0.2846282         6 0.06882844        0      0            0.338
INFO  [17:09:53.751] [bbotk]                                 uhash
INFO  [17:09:53.751] [bbotk]  a185ea2e-c573-41a7-b2c9-9fc4fc18bc09
INFO  [17:09:53.754] [bbotk] Evaluating 1 configuration(s)
INFO  [17:09:53.970] [bbotk] Result of batch 3:
INFO  [17:09:53.971] [bbotk]  nrounds       eta max_depth classif.ce warnings errors runtime_learners
INFO  [17:09:53.971] [bbotk]       69 0.1909193         7 0.06633156        0      0            0.171
INFO  [17:09:53.971] [bbotk]                                 uhash
INFO  [17:09:53.971] [bbotk]  3384b122-dcd2-4ab3-82d8-758ee2e10c2d
INFO  [17:09:53.975] [bbotk] Evaluating 1 configuration(s)
INFO  [17:09:54.329] [bbotk] Result of batch 4:
INFO  [17:09:54.331] [bbotk]  nrounds       eta max_depth classif.ce warnings errors runtime_learners
INFO  [17:09:54.331] [bbotk]      294 0.1284001         2 0.07134409        0      0            0.292
INFO  [17:09:54.331] [bbotk]                                 uhash
INFO  [17:09:54.331] [bbotk]  9e94d9a5-6e5f-492a-ab9e-b12049b5c9e0
INFO  [17:09:54.344] [bbotk] Evaluating 1 configuration(s)
INFO  [17:09:54.662] [bbotk] Result of batch 5:
INFO  [17:09:54.663] [bbotk]  nrounds       eta max_depth classif.ce warnings errors runtime_learners
INFO  [17:09:54.663] [bbotk]      127 0.1557716         8 0.06882844        0      0            0.272
INFO  [17:09:54.663] [bbotk]                                 uhash
INFO  [17:09:54.663] [bbotk]  f99f0185-fa8b-4cff-bb25-5d89b6ec8a94
INFO  [17:09:54.668] [bbotk] Evaluating 1 configuration(s)
INFO  [17:09:55.113] [bbotk] Result of batch 6:
INFO  [17:09:55.114] [bbotk]  nrounds       eta max_depth classif.ce warnings errors runtime_learners
INFO  [17:09:55.114] [bbotk]      275 0.2492021         4 0.06883782        0      0            0.405
INFO  [17:09:55.114] [bbotk]                                 uhash
INFO  [17:09:55.114] [bbotk]  3b83bba7-1598-40b5-bd3b-5e4f2df8c3a8
INFO  [17:09:55.118] [bbotk] Evaluating 1 configuration(s)
INFO  [17:09:55.351] [bbotk] Result of batch 7:
INFO  [17:09:55.352] [bbotk]  nrounds       eta max_depth classif.ce warnings errors runtime_learners
INFO  [17:09:55.352] [bbotk]       95 0.1924586         5  0.0713394        0      0            0.194
INFO  [17:09:55.352] [bbotk]                                 uhash
INFO  [17:09:55.352] [bbotk]  7330c39f-58e3-478f-baf9-840eb5871d6f
INFO  [17:09:55.356] [bbotk] Evaluating 1 configuration(s)
INFO  [17:09:55.673] [bbotk] Result of batch 8:
INFO  [17:09:55.675] [bbotk]  nrounds        eta max_depth classif.ce warnings errors runtime_learners
INFO  [17:09:55.675] [bbotk]      141 0.07321709         4 0.06507843        0      0            0.265
INFO  [17:09:55.675] [bbotk]                                 uhash
INFO  [17:09:55.675] [bbotk]  e79231bc-1ae5-41ed-9ee6-103981df6560
INFO  [17:09:55.681] [bbotk] Evaluating 1 configuration(s)
INFO  [17:09:56.192] [bbotk] Result of batch 9:
INFO  [17:09:56.193] [bbotk]  nrounds       eta max_depth classif.ce warnings errors runtime_learners
INFO  [17:09:56.193] [bbotk]      269 0.2104162         7 0.06757531        0      0            0.463
INFO  [17:09:56.193] [bbotk]                                 uhash
INFO  [17:09:56.193] [bbotk]  df9f0f6f-2aaf-4eb4-8410-cbee8d54dec1
INFO  [17:09:56.197] [bbotk] Evaluating 1 configuration(s)
INFO  [17:09:56.607] [bbotk] Result of batch 10:
INFO  [17:09:56.608] [bbotk]  nrounds        eta max_depth classif.ce warnings errors runtime_learners
INFO  [17:09:56.608] [bbotk]      169 0.07895598         7 0.06632687        0      0            0.365
INFO  [17:09:56.608] [bbotk]                                 uhash
INFO  [17:09:56.608] [bbotk]  d96030a2-ef63-4998-863d-4452cccc3cc8
INFO  [17:09:56.624] [bbotk] Finished optimizing after 10 evaluation(s)
INFO  [17:09:56.625] [bbotk] Result:
INFO  [17:09:56.626] [bbotk]  nrounds        eta max_depth learner_param_vals  x_domain classif.ce
INFO  [17:09:56.626] [bbotk]    <int>      <num>     <int>             <list>    <list>      <num>
INFO  [17:09:56.626] [bbotk]      141 0.07321709         4          <list[5]> <list[3]> 0.06507843

### [bt]: Job terminated successfully [batchtools job.id=2249]
### [bt]: Starting job [batchtools job.id=2250]
### [bt]: Generating problem instance for problem 'a63d756aec4c60c1' ...
### [bt]: Applying algorithm 'run_learner' on problem 'a63d756aec4c60c1' for job 2250 (seed = 2251) ...
INFO  [17:09:56.854] [mlr3] Applying learner 'classif.xgboost.tuned_calib.oof_isotonic' on task 'pc1' (iter 10/10)
INFO  [17:09:56.899] [bbotk] Starting to optimize 3 parameter(s) with '<OptimizerBatchRandomSearch>' and '<TerminatorEvals> [n_evals=10, k=0]'
INFO  [17:09:56.922] [bbotk] Evaluating 1 configuration(s)
INFO  [17:09:57.676] [bbotk] Result of batch 1:
INFO  [17:09:57.678] [bbotk]  nrounds        eta max_depth classif.ce warnings errors runtime_learners
INFO  [17:09:57.678] [bbotk]      265 0.01136115        10 0.08260821        0      0            0.715
INFO  [17:09:57.678] [bbotk]                                 uhash
INFO  [17:09:57.678] [bbotk]  ee1da016-c66a-4857-958e-90c936e4dc86
INFO  [17:09:57.687] [bbotk] Evaluating 1 configuration(s)
INFO  [17:09:57.793] [bbotk] Result of batch 2:
INFO  [17:09:57.796] [bbotk]  nrounds       eta max_depth classif.ce warnings errors runtime_learners
INFO  [17:09:57.796] [bbotk]       59 0.0825559         2 0.07508941        0      0            0.062
INFO  [17:09:57.796] [bbotk]                                 uhash
INFO  [17:09:57.796] [bbotk]  f836d5ec-9688-4c56-b9df-1ef53069253a
INFO  [17:09:57.800] [bbotk] Evaluating 1 configuration(s)
INFO  [17:09:58.407] [bbotk] Result of batch 3:
INFO  [17:09:58.408] [bbotk]  nrounds        eta max_depth classif.ce warnings errors runtime_learners
INFO  [17:09:58.408] [bbotk]      206 0.04684617         8 0.07508941        0      0            0.557
INFO  [17:09:58.408] [bbotk]                                 uhash
INFO  [17:09:58.408] [bbotk]  06e5a460-4860-4313-a02d-663fee1510c9
INFO  [17:09:58.412] [bbotk] Evaluating 1 configuration(s)
INFO  [17:09:58.570] [bbotk] Result of batch 4:
INFO  [17:09:58.572] [bbotk]  nrounds       eta max_depth classif.ce warnings errors runtime_learners
INFO  [17:09:58.572] [bbotk]       97 0.2982747         2 0.07634254        0      0            0.099
INFO  [17:09:58.572] [bbotk]                                 uhash
INFO  [17:09:58.572] [bbotk]  a62cfcea-8ff5-4747-9aa5-6cec392420ea
INFO  [17:09:58.579] [bbotk] Evaluating 1 configuration(s)
INFO  [17:09:58.856] [bbotk] Result of batch 5:
INFO  [17:09:58.857] [bbotk]  nrounds       eta max_depth classif.ce warnings errors runtime_learners
INFO  [17:09:58.857] [bbotk]      117 0.2898931         9 0.07508941        0      0            0.241
INFO  [17:09:58.857] [bbotk]                                 uhash
INFO  [17:09:58.857] [bbotk]  408421fc-1310-4539-b52f-d635b7e325c0
INFO  [17:09:58.861] [bbotk] Evaluating 1 configuration(s)
INFO  [17:09:59.326] [bbotk] Result of batch 6:
INFO  [17:09:59.328] [bbotk]  nrounds       eta max_depth classif.ce warnings errors runtime_learners
INFO  [17:09:59.328] [bbotk]      227 0.2163853        10 0.07634254        0      0            0.414
INFO  [17:09:59.328] [bbotk]                                 uhash
INFO  [17:09:59.328] [bbotk]  6a16c10f-85d2-4780-a2f5-50c60e25a60f
INFO  [17:09:59.338] [bbotk] Evaluating 1 configuration(s)
INFO  [17:09:59.908] [bbotk] Result of batch 7:
INFO  [17:09:59.911] [bbotk]  nrounds       eta max_depth classif.ce warnings errors runtime_learners
INFO  [17:09:59.911] [bbotk]      298 0.2022233         8 0.08009725        0      0            0.502
INFO  [17:09:59.911] [bbotk]                                 uhash
INFO  [17:09:59.911] [bbotk]  a72a6534-2de9-42a7-8d83-2866bdd21d45
INFO  [17:09:59.915] [bbotk] Evaluating 1 configuration(s)
INFO  [17:10:00.200] [bbotk] Result of batch 8:
INFO  [17:10:00.201] [bbotk]  nrounds       eta max_depth classif.ce warnings errors runtime_learners
INFO  [17:10:00.201] [bbotk]       76 0.1676415        10 0.07258784        0      0            0.234
INFO  [17:10:00.201] [bbotk]                                 uhash
INFO  [17:10:00.201] [bbotk]  8d185ec4-4e7b-4187-b0ef-f09dcd2bebe1
INFO  [17:10:00.215] [bbotk] Evaluating 1 configuration(s)
INFO  [17:10:00.534] [bbotk] Result of batch 9:
INFO  [17:10:00.535] [bbotk]  nrounds        eta max_depth classif.ce warnings errors runtime_learners
INFO  [17:10:00.535] [bbotk]      189 0.08687203         3 0.07384566        0      0            0.273
INFO  [17:10:00.535] [bbotk]                                 uhash
INFO  [17:10:00.535] [bbotk]  cfe115d3-4f1c-49c8-bade-bd1cfe2aeeb3
INFO  [17:10:00.542] [bbotk] Evaluating 1 configuration(s)
INFO  [17:10:00.911] [bbotk] Result of batch 10:
INFO  [17:10:00.912] [bbotk]  nrounds        eta max_depth classif.ce warnings errors runtime_learners
INFO  [17:10:00.912] [bbotk]      217 0.08044017         3 0.07633785        0      0            0.323
INFO  [17:10:00.912] [bbotk]                                 uhash
INFO  [17:10:00.912] [bbotk]  df15ca99-f139-4122-9273-ff68e73bbbc2
INFO  [17:10:00.934] [bbotk] Finished optimizing after 10 evaluation(s)
INFO  [17:10:00.935] [bbotk] Result:
INFO  [17:10:00.935] [bbotk]  nrounds       eta max_depth learner_param_vals  x_domain classif.ce
INFO  [17:10:00.935] [bbotk]    <int>     <num>     <int>             <list>    <list>      <num>
INFO  [17:10:00.935] [bbotk]       76 0.1676415        10          <list[5]> <list[3]> 0.07258784
INFO  [17:10:01.107] [bbotk] Starting to optimize 3 parameter(s) with '<OptimizerBatchRandomSearch>' and '<TerminatorEvals> [n_evals=10, k=0]'
INFO  [17:10:01.121] [bbotk] Evaluating 1 configuration(s)
INFO  [17:10:01.329] [bbotk] Result of batch 1:
INFO  [17:10:01.331] [bbotk]  nrounds       eta max_depth classif.ce warnings errors runtime_learners
INFO  [17:10:01.331] [bbotk]       79 0.2498496         5 0.07134409        0      0            0.164
INFO  [17:10:01.331] [bbotk]                                 uhash
INFO  [17:10:01.331] [bbotk]  f6da4bfe-11af-459a-bb10-1832aea870d3
INFO  [17:10:01.337] [bbotk] Evaluating 1 configuration(s)
INFO  [17:10:01.788] [bbotk] Result of batch 2:
INFO  [17:10:01.790] [bbotk]  nrounds       eta max_depth classif.ce warnings errors runtime_learners
INFO  [17:10:01.790] [bbotk]      194 0.1301687        10 0.06758469        0      0            0.401
INFO  [17:10:01.790] [bbotk]                                 uhash
INFO  [17:10:01.790] [bbotk]  6412fb6f-3080-491b-bd6f-e6c983f6cf3d
INFO  [17:10:01.796] [bbotk] Evaluating 1 configuration(s)
INFO  [17:10:02.464] [bbotk] Result of batch 3:
INFO  [17:10:02.466] [bbotk]  nrounds        eta max_depth classif.ce warnings errors runtime_learners
INFO  [17:10:02.466] [bbotk]      282 0.03077635         5 0.06884721        0      0            0.619
INFO  [17:10:02.466] [bbotk]                                 uhash
INFO  [17:10:02.466] [bbotk]  61c352cb-9645-4d7b-a15d-2b7cfde06d10
INFO  [17:10:02.475] [bbotk] Evaluating 1 configuration(s)
INFO  [17:10:02.992] [bbotk] Result of batch 4:
INFO  [17:10:02.994] [bbotk]  nrounds       eta max_depth classif.ce warnings errors runtime_learners
INFO  [17:10:02.994] [bbotk]      297 0.2777563        10  0.0750988        0      0            0.465
INFO  [17:10:02.994] [bbotk]                                 uhash
INFO  [17:10:02.994] [bbotk]  31375a22-b7b6-45f6-ac8b-5853d1a63d53
INFO  [17:10:03.005] [bbotk] Evaluating 1 configuration(s)
INFO  [17:10:03.319] [bbotk] Result of batch 5:
INFO  [17:10:03.320] [bbotk]  nrounds       eta max_depth classif.ce warnings errors runtime_learners
INFO  [17:10:03.320] [bbotk]      131 0.2351851        10  0.0713394        0      0            0.268
INFO  [17:10:03.320] [bbotk]                                 uhash
INFO  [17:10:03.320] [bbotk]  7cfdecae-f932-4fd7-9f99-aab492576a50
INFO  [17:10:03.324] [bbotk] Evaluating 1 configuration(s)
INFO  [17:10:03.540] [bbotk] Result of batch 6:
INFO  [17:10:03.541] [bbotk]  nrounds       eta max_depth classif.ce warnings errors runtime_learners
INFO  [17:10:03.541] [bbotk]      106 0.1671185         4 0.06883782        0      0            0.171
INFO  [17:10:03.541] [bbotk]                                 uhash
INFO  [17:10:03.541] [bbotk]  f26d3fa8-eade-49fd-95d3-34ef3f2fa82a
INFO  [17:10:03.548] [bbotk] Evaluating 1 configuration(s)
INFO  [17:10:04.044] [bbotk] Result of batch 7:
INFO  [17:10:04.046] [bbotk]  nrounds       eta max_depth classif.ce warnings errors runtime_learners
INFO  [17:10:04.046] [bbotk]      299 0.2643252        10  0.0750988        0      0            0.457
INFO  [17:10:04.046] [bbotk]                                 uhash
INFO  [17:10:04.046] [bbotk]  4ce38ad0-5afa-43d1-8749-f4914f5c05c8
INFO  [17:10:04.054] [bbotk] Evaluating 1 configuration(s)
INFO  [17:10:04.306] [bbotk] Result of batch 8:
INFO  [17:10:04.308] [bbotk]  nrounds       eta max_depth classif.ce warnings errors runtime_learners
INFO  [17:10:04.308] [bbotk]      128 0.2075166         4 0.07134409        0      0            0.205
INFO  [17:10:04.308] [bbotk]                                 uhash
INFO  [17:10:04.308] [bbotk]  b2ea1546-e6c9-4fa4-8c7a-159a98dcc403
INFO  [17:10:04.317] [bbotk] Evaluating 1 configuration(s)
INFO  [17:10:04.644] [bbotk] Result of batch 9:
INFO  [17:10:04.646] [bbotk]  nrounds       eta max_depth classif.ce warnings errors runtime_learners
INFO  [17:10:04.646] [bbotk]      117 0.1881137        10 0.06760347        0      0            0.286
INFO  [17:10:04.646] [bbotk]                                 uhash
INFO  [17:10:04.646] [bbotk]  7bc9f748-f6a6-4983-a0ae-af277b2d421b
INFO  [17:10:04.651] [bbotk] Evaluating 1 configuration(s)
INFO  [17:10:05.092] [bbotk] Result of batch 10:
INFO  [17:10:05.094] [bbotk]  nrounds      eta max_depth classif.ce warnings errors runtime_learners
INFO  [17:10:05.094] [bbotk]      250 0.299654         5 0.06884252        0      0            0.392
INFO  [17:10:05.094] [bbotk]                                 uhash
INFO  [17:10:05.094] [bbotk]  3f408a13-feab-4ffd-b1a5-8c85b7826a46
INFO  [17:10:05.112] [bbotk] Finished optimizing after 10 evaluation(s)
INFO  [17:10:05.112] [bbotk] Result:
INFO  [17:10:05.113] [bbotk]  nrounds       eta max_depth learner_param_vals  x_domain classif.ce
INFO  [17:10:05.113] [bbotk]    <int>     <num>     <int>             <list>    <list>      <num>
INFO  [17:10:05.113] [bbotk]      194 0.1301687        10          <list[5]> <list[3]> 0.06758469
INFO  [17:10:05.394] [bbotk] Starting to optimize 3 parameter(s) with '<OptimizerBatchRandomSearch>' and '<TerminatorEvals> [n_evals=10, k=0]'
INFO  [17:10:05.412] [bbotk] Evaluating 1 configuration(s)
INFO  [17:10:05.705] [bbotk] Result of batch 1:
INFO  [17:10:05.706] [bbotk]  nrounds       eta max_depth classif.ce warnings errors runtime_learners
INFO  [17:10:05.706] [bbotk]      283 0.2213111         2 0.06757531        0      0            0.255
INFO  [17:10:05.706] [bbotk]                                 uhash
INFO  [17:10:05.706] [bbotk]  3f95e973-2d8d-4367-bd65-61be562ea1e3
INFO  [17:10:05.711] [bbotk] Evaluating 1 configuration(s)
INFO  [17:10:06.286] [bbotk] Result of batch 2:
INFO  [17:10:06.288] [bbotk]  nrounds        eta max_depth classif.ce warnings errors runtime_learners
INFO  [17:10:06.288] [bbotk]      214 0.05285894         5 0.06007528        0      0            0.523
INFO  [17:10:06.288] [bbotk]                                 uhash
INFO  [17:10:06.288] [bbotk]  2d590281-5e73-416d-8df7-19ef820c6ce9
INFO  [17:10:06.300] [bbotk] Evaluating 1 configuration(s)
INFO  [17:10:06.796] [bbotk] Result of batch 3:
INFO  [17:10:06.798] [bbotk]  nrounds       eta max_depth classif.ce warnings errors runtime_learners
INFO  [17:10:06.798] [bbotk]      268 0.2048878         5 0.06757531        0      0            0.453
INFO  [17:10:06.798] [bbotk]                                 uhash
INFO  [17:10:06.798] [bbotk]  5d332d39-9169-46da-97eb-aa9f5667b6c7
INFO  [17:10:06.807] [bbotk] Evaluating 1 configuration(s)
INFO  [17:10:07.135] [bbotk] Result of batch 4:
INFO  [17:10:07.136] [bbotk]  nrounds       eta max_depth classif.ce warnings errors runtime_learners
INFO  [17:10:07.136] [bbotk]      130 0.2166292        10  0.0638206        0      0            0.288
INFO  [17:10:07.136] [bbotk]                                 uhash
INFO  [17:10:07.136] [bbotk]  ffad4776-24fb-4cd7-a026-cfe8a3e9e39e
INFO  [17:10:07.140] [bbotk] Evaluating 1 configuration(s)
INFO  [17:10:07.609] [bbotk] Result of batch 5:
INFO  [17:10:07.612] [bbotk]  nrounds       eta max_depth classif.ce warnings errors runtime_learners
INFO  [17:10:07.612] [bbotk]      215 0.1603213         8 0.06632217        0      0             0.43
INFO  [17:10:07.612] [bbotk]                                 uhash
INFO  [17:10:07.612] [bbotk]  c299ea12-3587-46ce-b456-4d710e75adf6
INFO  [17:10:07.619] [bbotk] Evaluating 1 configuration(s)
INFO  [17:10:08.086] [bbotk] Result of batch 6:
INFO  [17:10:08.087] [bbotk]  nrounds       eta max_depth classif.ce warnings errors runtime_learners
INFO  [17:10:08.087] [bbotk]      255 0.2732614        10 0.06882844        0      0            0.434
INFO  [17:10:08.087] [bbotk]                                 uhash
INFO  [17:10:08.087] [bbotk]  aa51f827-f92f-4959-afc6-ec9ba4723c89
INFO  [17:10:08.095] [bbotk] Evaluating 1 configuration(s)
INFO  [17:10:08.449] [bbotk] Result of batch 7:
INFO  [17:10:08.451] [bbotk]  nrounds        eta max_depth classif.ce warnings errors runtime_learners
INFO  [17:10:08.451] [bbotk]      160 0.09783122         4 0.06131903        0      0            0.298
INFO  [17:10:08.451] [bbotk]                                 uhash
INFO  [17:10:08.451] [bbotk]  d0e05651-55c2-4378-b6ce-1faa356581ba
INFO  [17:10:08.464] [bbotk] Evaluating 1 configuration(s)
INFO  [17:10:08.955] [bbotk] Result of batch 8:
INFO  [17:10:08.956] [bbotk]  nrounds       eta max_depth classif.ce warnings errors runtime_learners
INFO  [17:10:08.956] [bbotk]      292 0.2789024        10 0.06506904        0      0            0.458
INFO  [17:10:08.956] [bbotk]                                 uhash
INFO  [17:10:08.956] [bbotk]  debe9fe2-c672-4a5e-857d-934a600360df
INFO  [17:10:08.960] [bbotk] Evaluating 1 configuration(s)
INFO  [17:10:09.222] [bbotk] Result of batch 9:
INFO  [17:10:09.223] [bbotk]  nrounds        eta max_depth classif.ce warnings errors runtime_learners
INFO  [17:10:09.223] [bbotk]      142 0.09580752        10  0.0638206        0      0             0.23
INFO  [17:10:09.223] [bbotk]                                 uhash
INFO  [17:10:09.223] [bbotk]  451eb4d7-fbbb-463d-a21b-756fe953d13a
INFO  [17:10:09.228] [bbotk] Evaluating 1 configuration(s)
INFO  [17:10:09.526] [bbotk] Result of batch 10:
INFO  [17:10:09.528] [bbotk]  nrounds      eta max_depth classif.ce warnings errors runtime_learners
INFO  [17:10:09.528] [bbotk]      139 0.148714         4 0.06256747        0      0            0.245
INFO  [17:10:09.528] [bbotk]                                 uhash
INFO  [17:10:09.528] [bbotk]  d1cb05d8-8862-4612-825f-5c3795ae0727
INFO  [17:10:09.539] [bbotk] Finished optimizing after 10 evaluation(s)
INFO  [17:10:09.539] [bbotk] Result:
INFO  [17:10:09.540] [bbotk]  nrounds        eta max_depth learner_param_vals  x_domain classif.ce
INFO  [17:10:09.540] [bbotk]    <int>      <num>     <int>             <list>    <list>      <num>
INFO  [17:10:09.540] [bbotk]      214 0.05285894         5          <list[5]> <list[3]> 0.06007528
INFO  [17:10:09.794] [bbotk] Starting to optimize 3 parameter(s) with '<OptimizerBatchRandomSearch>' and '<TerminatorEvals> [n_evals=10, k=0]'
INFO  [17:10:09.811] [bbotk] Evaluating 1 configuration(s)
INFO  [17:10:10.387] [bbotk] Result of batch 1:
INFO  [17:10:10.390] [bbotk]  nrounds       eta max_depth classif.ce warnings errors runtime_learners
INFO  [17:10:10.390] [bbotk]      264 0.1413982         9 0.06507843        0      0            0.529
INFO  [17:10:10.390] [bbotk]                                 uhash
INFO  [17:10:10.390] [bbotk]  d19278ff-f7d5-4e16-8d98-c734563db4f4
INFO  [17:10:10.399] [bbotk] Evaluating 1 configuration(s)
INFO  [17:10:10.656] [bbotk] Result of batch 2:
INFO  [17:10:10.657] [bbotk]  nrounds       eta max_depth classif.ce warnings errors runtime_learners
INFO  [17:10:10.657] [bbotk]      159 0.1293076         3 0.06882844        0      0            0.223
INFO  [17:10:10.657] [bbotk]                                 uhash
INFO  [17:10:10.657] [bbotk]  950c5405-6857-4329-8020-013da2a73f02
INFO  [17:10:10.661] [bbotk] Evaluating 1 configuration(s)
INFO  [17:10:10.899] [bbotk] Result of batch 3:
INFO  [17:10:10.900] [bbotk]  nrounds       eta max_depth classif.ce warnings errors runtime_learners
INFO  [17:10:10.900] [bbotk]       70 0.2408008         7 0.06757531        0      0            0.177
INFO  [17:10:10.900] [bbotk]                                 uhash
INFO  [17:10:10.900] [bbotk]  82c0105e-30eb-4186-9b83-d23d09176948
INFO  [17:10:10.907] [bbotk] Evaluating 1 configuration(s)
INFO  [17:10:11.039] [bbotk] Result of batch 4:
INFO  [17:10:11.040] [bbotk]  nrounds       eta max_depth classif.ce warnings errors runtime_learners
INFO  [17:10:11.040] [bbotk]       67 0.0328258         2  0.0638206        0      0            0.084
INFO  [17:10:11.040] [bbotk]                                 uhash
INFO  [17:10:11.040] [bbotk]  803462a5-dc4e-4438-bd88-452ae1d4a728
INFO  [17:10:11.048] [bbotk] Evaluating 1 configuration(s)
INFO  [17:10:11.413] [bbotk] Result of batch 5:
INFO  [17:10:11.413] [bbotk]  nrounds      eta max_depth classif.ce warnings errors runtime_learners
INFO  [17:10:11.413] [bbotk]      238 0.150419         3 0.06882844        0      0            0.311
INFO  [17:10:11.413] [bbotk]                                 uhash
INFO  [17:10:11.413] [bbotk]  1721b0d3-051e-4b0f-872a-42f18069b023
INFO  [17:10:11.418] [bbotk] Evaluating 1 configuration(s)
INFO  [17:10:11.888] [bbotk] Result of batch 6:
INFO  [17:10:11.889] [bbotk]  nrounds        eta max_depth classif.ce warnings errors runtime_learners
INFO  [17:10:11.889] [bbotk]      177 0.04789256        10 0.06882374        0      0            0.416
INFO  [17:10:11.889] [bbotk]                                 uhash
INFO  [17:10:11.889] [bbotk]  3a316975-d396-4422-9889-530d2d942671
INFO  [17:10:11.893] [bbotk] Evaluating 1 configuration(s)
INFO  [17:10:12.420] [bbotk] Result of batch 7:
INFO  [17:10:12.422] [bbotk]  nrounds       eta max_depth classif.ce warnings errors runtime_learners
INFO  [17:10:12.422] [bbotk]      295 0.2866272        10 0.06883313        0      0             0.48
INFO  [17:10:12.422] [bbotk]                                 uhash
INFO  [17:10:12.422] [bbotk]  23405503-e0c6-4c5d-94a6-d1ef23fb11be
INFO  [17:10:12.432] [bbotk] Evaluating 1 configuration(s)
INFO  [17:10:12.674] [bbotk] Result of batch 8:
INFO  [17:10:12.675] [bbotk]  nrounds        eta max_depth classif.ce warnings errors runtime_learners
INFO  [17:10:12.675] [bbotk]      140 0.06245852         4 0.06131903        0      0            0.201
INFO  [17:10:12.675] [bbotk]                                 uhash
INFO  [17:10:12.675] [bbotk]  e3cbec3a-d4f8-414d-8003-d853e7a93825
INFO  [17:10:12.680] [bbotk] Evaluating 1 configuration(s)
INFO  [17:10:12.927] [bbotk] Result of batch 9:
INFO  [17:10:12.929] [bbotk]  nrounds      eta max_depth classif.ce warnings errors runtime_learners
INFO  [17:10:12.929] [bbotk]      100 0.155395        10 0.06632687        0      0            0.204
INFO  [17:10:12.929] [bbotk]                                 uhash
INFO  [17:10:12.929] [bbotk]  b35dafea-abdb-4fbc-8601-2fd6c5c20ef8
INFO  [17:10:12.951] [bbotk] Evaluating 1 configuration(s)
INFO  [17:10:13.365] [bbotk] Result of batch 10:
INFO  [17:10:13.366] [bbotk]  nrounds       eta max_depth classif.ce warnings errors runtime_learners
INFO  [17:10:13.366] [bbotk]      155 0.0143489         9 0.05756432        0      0            0.387
INFO  [17:10:13.366] [bbotk]                                 uhash
INFO  [17:10:13.366] [bbotk]  7b3a24b5-a64f-45a1-a377-fc462a511f55
INFO  [17:10:13.374] [bbotk] Finished optimizing after 10 evaluation(s)
INFO  [17:10:13.374] [bbotk] Result:
INFO  [17:10:13.376] [bbotk]  nrounds       eta max_depth learner_param_vals  x_domain classif.ce
INFO  [17:10:13.376] [bbotk]    <int>     <num>     <int>             <list>    <list>      <num>
INFO  [17:10:13.376] [bbotk]      155 0.0143489         9          <list[5]> <list[3]> 0.05756432
INFO  [17:10:13.631] [bbotk] Starting to optimize 3 parameter(s) with '<OptimizerBatchRandomSearch>' and '<TerminatorEvals> [n_evals=10, k=0]'
INFO  [17:10:13.655] [bbotk] Evaluating 1 configuration(s)
INFO  [17:10:13.974] [bbotk] Result of batch 1:
INFO  [17:10:13.975] [bbotk]  nrounds        eta max_depth classif.ce warnings errors runtime_learners
INFO  [17:10:13.975] [bbotk]      116 0.07710593         9 0.07127369        0      0            0.285
INFO  [17:10:13.975] [bbotk]                                 uhash
INFO  [17:10:13.975] [bbotk]  0d91992c-2a16-45ef-b607-ea911623adc5
INFO  [17:10:13.979] [bbotk] Evaluating 1 configuration(s)
INFO  [17:10:14.196] [bbotk] Result of batch 2:
INFO  [17:10:14.197] [bbotk]  nrounds       eta max_depth classif.ce warnings errors runtime_learners
INFO  [17:10:14.197] [bbotk]       84 0.0676423         6  0.0750237        0      0            0.192
INFO  [17:10:14.197] [bbotk]                                 uhash
INFO  [17:10:14.197] [bbotk]  799dacff-1469-44d6-868c-fa98cab9e458
INFO  [17:10:14.201] [bbotk] Evaluating 1 configuration(s)
INFO  [17:10:14.597] [bbotk] Result of batch 3:
INFO  [17:10:14.598] [bbotk]  nrounds        eta max_depth classif.ce warnings errors runtime_learners
INFO  [17:10:14.598] [bbotk]      169 0.04355024         7 0.07377526        0      0            0.351
INFO  [17:10:14.598] [bbotk]                                 uhash
INFO  [17:10:14.598] [bbotk]  c8c1d318-2559-40ee-ba7b-54598af69419
INFO  [17:10:14.607] [bbotk] Evaluating 1 configuration(s)
INFO  [17:10:15.065] [bbotk] Result of batch 4:
INFO  [17:10:15.066] [bbotk]  nrounds       eta max_depth classif.ce warnings errors runtime_learners
INFO  [17:10:15.066] [bbotk]      258 0.2995249         5 0.07752527        0      0            0.415
INFO  [17:10:15.066] [bbotk]                                 uhash
INFO  [17:10:15.066] [bbotk]  20ecde90-745d-4743-9804-1ee4c76ceead
INFO  [17:10:15.070] [bbotk] Evaluating 1 configuration(s)
INFO  [17:10:15.273] [bbotk] Result of batch 5:
INFO  [17:10:15.275] [bbotk]  nrounds      eta max_depth classif.ce warnings errors runtime_learners
INFO  [17:10:15.275] [bbotk]       64 0.132213         8 0.07377526        0      0            0.157
INFO  [17:10:15.275] [bbotk]                                 uhash
INFO  [17:10:15.275] [bbotk]  dbd75466-cfec-4060-8cf8-b28a565387ef
INFO  [17:10:15.284] [bbotk] Evaluating 1 configuration(s)
INFO  [17:10:15.590] [bbotk] Result of batch 6:
INFO  [17:10:15.591] [bbotk]  nrounds       eta max_depth classif.ce warnings errors runtime_learners
INFO  [17:10:15.591] [bbotk]      153 0.1850465         7 0.07876902        0      0            0.264
INFO  [17:10:15.591] [bbotk]                                 uhash
INFO  [17:10:15.591] [bbotk]  6df26fb0-a2b7-4e7a-bdc9-590a15200e32
INFO  [17:10:15.601] [bbotk] Evaluating 1 configuration(s)
INFO  [17:10:15.786] [bbotk] Result of batch 7:
INFO  [17:10:15.788] [bbotk]  nrounds        eta max_depth classif.ce warnings errors runtime_learners
INFO  [17:10:15.788] [bbotk]      171 0.07951083         2 0.06627055        0      0            0.146
INFO  [17:10:15.788] [bbotk]                                 uhash
INFO  [17:10:15.788] [bbotk]  0dee11dd-af73-4024-b23a-8c3479bb8852
INFO  [17:10:15.796] [bbotk] Evaluating 1 configuration(s)
INFO  [17:10:15.992] [bbotk] Result of batch 8:
INFO  [17:10:15.994] [bbotk]  nrounds       eta max_depth classif.ce warnings errors runtime_learners
INFO  [17:10:15.994] [bbotk]      114 0.1473363         2 0.07252213        0      0            0.136
INFO  [17:10:15.994] [bbotk]                                 uhash
INFO  [17:10:15.994] [bbotk]  f9d8bae9-034e-423c-ab0c-4f0d8dcec0f4
INFO  [17:10:16.002] [bbotk] Evaluating 1 configuration(s)
INFO  [17:10:16.347] [bbotk] Result of batch 9:
INFO  [17:10:16.348] [bbotk]  nrounds       eta max_depth classif.ce warnings errors runtime_learners
INFO  [17:10:16.348] [bbotk]      155 0.2205282         9 0.07252682        0      0            0.309
INFO  [17:10:16.348] [bbotk]                                 uhash
INFO  [17:10:16.348] [bbotk]  7566eff0-949f-4699-95b5-a249dd2cb37b
INFO  [17:10:16.357] [bbotk] Evaluating 1 configuration(s)
INFO  [17:10:16.893] [bbotk] Result of batch 10:
INFO  [17:10:16.897] [bbotk]  nrounds        eta max_depth classif.ce warnings errors runtime_learners
INFO  [17:10:16.897] [bbotk]      234 0.04709386         5 0.07252213        0      0            0.493
INFO  [17:10:16.897] [bbotk]                                 uhash
INFO  [17:10:16.897] [bbotk]  ee0b93e8-83f6-4ca2-9966-a013de7aa7e0
INFO  [17:10:16.906] [bbotk] Finished optimizing after 10 evaluation(s)
INFO  [17:10:16.906] [bbotk] Result:
INFO  [17:10:16.907] [bbotk]  nrounds        eta max_depth learner_param_vals  x_domain classif.ce
INFO  [17:10:16.907] [bbotk]    <int>      <num>     <int>             <list>    <list>      <num>
INFO  [17:10:16.907] [bbotk]      171 0.07951083         2          <list[5]> <list[3]> 0.06627055

### [bt]: Job terminated successfully [batchtools job.id=2250]
### [bt]: Calculation finished!
