### [bt]: This is batchtools v0.9.17
### [bt]: Starting calculation of 5 jobs
### [bt]: Setting working directory to '/Users/User/Documents/Studium/Semester8/Hiwi/mlr3calibration/vignettes'
### [bt]: Memory measurement disabled
### [bt]: Starting job [batchtools job.id=3431]
### [bt]: Generating problem instance for problem '6fbfe6520e3d949c' ...
### [bt]: Applying algorithm 'run_learner' on problem '6fbfe6520e3d949c' for job 3431 (seed = 3432) ...
INFO  [17:31:29.352] [mlr3] Applying learner 'classif.xgboost.tuned_calib.perfold_beta' on task 'banknote-authentication' (iter 1/10)
INFO  [17:31:29.412] [bbotk] Starting to optimize 3 parameter(s) with '<OptimizerBatchRandomSearch>' and '<TerminatorEvals> [n_evals=10, k=0]'
INFO  [17:31:29.422] [bbotk] Evaluating 1 configuration(s)
INFO  [17:31:29.516] [bbotk] Result of batch 1:
INFO  [17:31:29.519] [bbotk]  nrounds       eta max_depth classif.ce warnings errors runtime_learners
INFO  [17:31:29.519] [bbotk]       59 0.2477581         6 0.01114488        0      0            0.044
INFO  [17:31:29.519] [bbotk]                                 uhash
INFO  [17:31:29.519] [bbotk]  9a3c6cfb-55ee-4e3c-9d06-5dc51681aeb5
INFO  [17:31:29.530] [bbotk] Evaluating 1 configuration(s)
INFO  [17:31:29.690] [bbotk] Result of batch 2:
INFO  [17:31:29.696] [bbotk]  nrounds       eta max_depth classif.ce warnings errors runtime_learners
INFO  [17:31:29.696] [bbotk]      145 0.1435521         6 0.01114488        0      0            0.113
INFO  [17:31:29.696] [bbotk]                                 uhash
INFO  [17:31:29.696] [bbotk]  f9fcc26c-8dbe-4feb-8de0-a966a6995e4f
INFO  [17:31:29.709] [bbotk] Evaluating 1 configuration(s)
INFO  [17:31:29.844] [bbotk] Result of batch 3:
INFO  [17:31:29.847] [bbotk]  nrounds        eta max_depth classif.ce warnings errors runtime_learners
INFO  [17:31:29.847] [bbotk]       74 0.09252655         4 0.01215805        0      0            0.075
INFO  [17:31:29.847] [bbotk]                                 uhash
INFO  [17:31:29.847] [bbotk]  710fc008-1f6f-4786-83e6-51e3cbfdedee
INFO  [17:31:29.853] [bbotk] Evaluating 1 configuration(s)
INFO  [17:31:30.046] [bbotk] Result of batch 4:
INFO  [17:31:30.048] [bbotk]  nrounds       eta max_depth classif.ce warnings errors runtime_learners
INFO  [17:31:30.048] [bbotk]      237 0.2948391         8 0.01013171        0      0            0.135
INFO  [17:31:30.048] [bbotk]                                 uhash
INFO  [17:31:30.048] [bbotk]  82d7783d-9196-4391-9514-ffaf42f5d0eb
INFO  [17:31:30.052] [bbotk] Evaluating 1 configuration(s)
INFO  [17:31:30.347] [bbotk] Result of batch 5:
INFO  [17:31:30.348] [bbotk]  nrounds        eta max_depth classif.ce warnings errors runtime_learners
INFO  [17:31:30.348] [bbotk]      285 0.04059261         6 0.01114488        0      0            0.255
INFO  [17:31:30.348] [bbotk]                                 uhash
INFO  [17:31:30.348] [bbotk]  af9c2443-05f1-4cbc-966d-11c61cef4f9f
INFO  [17:31:30.360] [bbotk] Evaluating 1 configuration(s)
INFO  [17:31:30.565] [bbotk] Result of batch 6:
INFO  [17:31:30.568] [bbotk]  nrounds        eta max_depth classif.ce warnings errors runtime_learners
INFO  [17:31:30.568] [bbotk]      121 0.02525444         9 0.01215805        0      0            0.154
INFO  [17:31:30.568] [bbotk]                                 uhash
INFO  [17:31:30.568] [bbotk]  377c7ca3-19b4-470a-97a1-edd0d77d9370
INFO  [17:31:30.593] [bbotk] Evaluating 1 configuration(s)
INFO  [17:31:30.931] [bbotk] Result of batch 7:
INFO  [17:31:30.932] [bbotk]  nrounds        eta max_depth classif.ce warnings errors runtime_learners
INFO  [17:31:30.932] [bbotk]      290 0.07126796         6 0.01114488        0      0            0.268
INFO  [17:31:30.932] [bbotk]                                 uhash
INFO  [17:31:30.932] [bbotk]  88a2dcfa-a351-46f1-a5c3-8528443c2525
INFO  [17:31:30.946] [bbotk] Evaluating 1 configuration(s)
INFO  [17:31:31.142] [bbotk] Result of batch 8:
INFO  [17:31:31.143] [bbotk]  nrounds       eta max_depth classif.ce warnings errors runtime_learners
INFO  [17:31:31.143] [bbotk]      181 0.1975776        10 0.01114488        0      0            0.126
INFO  [17:31:31.143] [bbotk]                                 uhash
INFO  [17:31:31.143] [bbotk]  b007a826-d446-4fec-89a5-aaf45509b3fc
INFO  [17:31:31.150] [bbotk] Evaluating 1 configuration(s)
INFO  [17:31:31.295] [bbotk] Result of batch 9:
INFO  [17:31:31.296] [bbotk]  nrounds       eta max_depth classif.ce warnings errors runtime_learners
INFO  [17:31:31.296] [bbotk]       72 0.1162225         9 0.01114488        0      0             0.09
INFO  [17:31:31.296] [bbotk]                                 uhash
INFO  [17:31:31.296] [bbotk]  fdc3b051-65b8-4479-868a-3ce440ac0746
INFO  [17:31:31.300] [bbotk] Evaluating 1 configuration(s)
INFO  [17:31:31.499] [bbotk] Result of batch 10:
INFO  [17:31:31.501] [bbotk]  nrounds       eta max_depth  classif.ce warnings errors runtime_learners
INFO  [17:31:31.501] [bbotk]      262 0.1046386         2 0.006079027        0      0            0.149
INFO  [17:31:31.501] [bbotk]                                 uhash
INFO  [17:31:31.501] [bbotk]  fa172109-bf26-454a-bc3c-ec947e407eaf
INFO  [17:31:31.514] [bbotk] Finished optimizing after 10 evaluation(s)
INFO  [17:31:31.514] [bbotk] Result:
INFO  [17:31:31.515] [bbotk]  nrounds       eta max_depth learner_param_vals  x_domain  classif.ce
INFO  [17:31:31.515] [bbotk]    <int>     <num>     <int>             <list>    <list>       <num>
INFO  [17:31:31.515] [bbotk]      262 0.1046386         2          <list[5]> <list[3]> 0.006079027
INFO  [17:31:31.643] [bbotk] Starting to optimize 3 parameter(s) with '<OptimizerBatchRandomSearch>' and '<TerminatorEvals> [n_evals=10, k=0]'
INFO  [17:31:31.655] [bbotk] Evaluating 1 configuration(s)
INFO  [17:31:31.774] [bbotk] Result of batch 1:
INFO  [17:31:31.775] [bbotk]  nrounds       eta max_depth classif.ce warnings errors runtime_learners
INFO  [17:31:31.775] [bbotk]       79 0.1905369         9 0.01114488        0      0            0.069
INFO  [17:31:31.775] [bbotk]                                 uhash
INFO  [17:31:31.775] [bbotk]  60bd1cbb-a716-4bcb-b808-a69d56172c54
INFO  [17:31:31.778] [bbotk] Evaluating 1 configuration(s)
INFO  [17:31:31.980] [bbotk] Result of batch 2:
INFO  [17:31:31.982] [bbotk]  nrounds       eta max_depth classif.ce warnings errors runtime_learners
INFO  [17:31:31.982] [bbotk]      292 0.2697739         5 0.01114488        0      0            0.132
INFO  [17:31:31.982] [bbotk]                                 uhash
INFO  [17:31:31.982] [bbotk]  80f39536-2316-4ea9-bfc2-7bc9bbb2904b
INFO  [17:31:31.991] [bbotk] Evaluating 1 configuration(s)
INFO  [17:31:32.216] [bbotk] Result of batch 3:
INFO  [17:31:32.219] [bbotk]  nrounds       eta max_depth classif.ce warnings errors runtime_learners
INFO  [17:31:32.219] [bbotk]      279 0.1201471         5 0.01114488        0      0            0.172
INFO  [17:31:32.219] [bbotk]                                 uhash
INFO  [17:31:32.219] [bbotk]  61e3d7eb-9683-4c1a-854e-02c5ca754d48
INFO  [17:31:32.238] [bbotk] Evaluating 1 configuration(s)
INFO  [17:31:32.452] [bbotk] Result of batch 4:
INFO  [17:31:32.456] [bbotk]  nrounds       eta max_depth classif.ce warnings errors runtime_learners
INFO  [17:31:32.456] [bbotk]      124 0.1630132         4 0.01013171        0      0            0.117
INFO  [17:31:32.456] [bbotk]                                 uhash
INFO  [17:31:32.456] [bbotk]  90a83f19-6d49-437e-9a0b-c42580887bf2
INFO  [17:31:32.466] [bbotk] Evaluating 1 configuration(s)
INFO  [17:31:32.665] [bbotk] Result of batch 5:
INFO  [17:31:32.666] [bbotk]  nrounds        eta max_depth classif.ce warnings errors runtime_learners
INFO  [17:31:32.666] [bbotk]      122 0.05589063         5 0.01114488        0      0            0.133
INFO  [17:31:32.666] [bbotk]                                 uhash
INFO  [17:31:32.666] [bbotk]  2e54338b-a644-42a5-87de-d79c325b37d1
INFO  [17:31:32.671] [bbotk] Evaluating 1 configuration(s)
INFO  [17:31:32.820] [bbotk] Result of batch 6:
INFO  [17:31:32.825] [bbotk]  nrounds       eta max_depth  classif.ce warnings errors runtime_learners
INFO  [17:31:32.825] [bbotk]      249 0.2191016         2 0.005065856        0      0            0.096
INFO  [17:31:32.825] [bbotk]                                 uhash
INFO  [17:31:32.825] [bbotk]  da8add68-8441-443c-97d7-c79fca43114e
INFO  [17:31:32.840] [bbotk] Evaluating 1 configuration(s)
INFO  [17:31:32.983] [bbotk] Result of batch 7:
INFO  [17:31:32.985] [bbotk]  nrounds       eta max_depth  classif.ce warnings errors runtime_learners
INFO  [17:31:32.985] [bbotk]      100 0.2077354         3 0.009118541        0      0            0.085
INFO  [17:31:32.985] [bbotk]                                 uhash
INFO  [17:31:32.985] [bbotk]  a4de904b-cadf-4427-a23a-6d94ea29941d
INFO  [17:31:32.998] [bbotk] Evaluating 1 configuration(s)
INFO  [17:31:33.212] [bbotk] Result of batch 8:
INFO  [17:31:33.213] [bbotk]  nrounds      eta max_depth classif.ce warnings errors runtime_learners
INFO  [17:31:33.213] [bbotk]      264 0.113259         6 0.01013171        0      0            0.158
INFO  [17:31:33.213] [bbotk]                                 uhash
INFO  [17:31:33.213] [bbotk]  a30a47d8-14be-4137-8786-50a92fc5f5b5
INFO  [17:31:33.217] [bbotk] Evaluating 1 configuration(s)
INFO  [17:31:33.388] [bbotk] Result of batch 9:
INFO  [17:31:33.391] [bbotk]  nrounds     eta max_depth classif.ce warnings errors runtime_learners
INFO  [17:31:33.391] [bbotk]      282 0.19888        10 0.01215805        0      0             0.13
INFO  [17:31:33.391] [bbotk]                                 uhash
INFO  [17:31:33.391] [bbotk]  a0521c7d-e5f0-478a-9171-2b9fbb91b171
INFO  [17:31:33.404] [bbotk] Evaluating 1 configuration(s)
INFO  [17:31:33.611] [bbotk] Result of batch 10:
INFO  [17:31:33.617] [bbotk]  nrounds       eta max_depth classif.ce warnings errors runtime_learners
INFO  [17:31:33.617] [bbotk]      276 0.2444779         6 0.01114488        0      0            0.133
INFO  [17:31:33.617] [bbotk]                                 uhash
INFO  [17:31:33.617] [bbotk]  2968ec7c-84a0-4918-8167-6246b0249748
INFO  [17:31:33.632] [bbotk] Finished optimizing after 10 evaluation(s)
INFO  [17:31:33.632] [bbotk] Result:
INFO  [17:31:33.633] [bbotk]  nrounds       eta max_depth learner_param_vals  x_domain  classif.ce
INFO  [17:31:33.633] [bbotk]    <int>     <num>     <int>             <list>    <list>       <num>
INFO  [17:31:33.633] [bbotk]      249 0.2191016         2          <list[5]> <list[3]> 0.005065856
INFO  [17:31:33.746] [bbotk] Starting to optimize 3 parameter(s) with '<OptimizerBatchRandomSearch>' and '<TerminatorEvals> [n_evals=10, k=0]'
INFO  [17:31:33.761] [bbotk] Evaluating 1 configuration(s)
INFO  [17:31:33.933] [bbotk] Result of batch 1:
INFO  [17:31:33.934] [bbotk]  nrounds       eta max_depth classif.ce warnings errors runtime_learners
INFO  [17:31:33.934] [bbotk]      133 0.1621005         8 0.01013171        0      0            0.097
INFO  [17:31:33.934] [bbotk]                                 uhash
INFO  [17:31:33.934] [bbotk]  d773624a-b946-47d1-9628-2150cdc19947
INFO  [17:31:33.942] [bbotk] Evaluating 1 configuration(s)
INFO  [17:31:34.116] [bbotk] Result of batch 2:
INFO  [17:31:34.117] [bbotk]  nrounds       eta max_depth  classif.ce warnings errors runtime_learners
INFO  [17:31:34.117] [bbotk]      146 0.2062194         4 0.009118541        0      0             0.11
INFO  [17:31:34.117] [bbotk]                                 uhash
INFO  [17:31:34.117] [bbotk]  96c21413-d1af-48ac-b0b6-cf6a550d85a7
INFO  [17:31:34.131] [bbotk] Evaluating 1 configuration(s)
INFO  [17:31:34.282] [bbotk] Result of batch 3:
INFO  [17:31:34.283] [bbotk]  nrounds       eta max_depth classif.ce warnings errors runtime_learners
INFO  [17:31:34.283] [bbotk]       98 0.2561328         4 0.01114488        0      0            0.093
INFO  [17:31:34.283] [bbotk]                                 uhash
INFO  [17:31:34.283] [bbotk]  11abf094-c8a2-4ac3-8aaa-ddc394b0540b
INFO  [17:31:34.287] [bbotk] Evaluating 1 configuration(s)
INFO  [17:31:34.419] [bbotk] Result of batch 4:
INFO  [17:31:34.421] [bbotk]  nrounds       eta max_depth  classif.ce warnings errors runtime_learners
INFO  [17:31:34.421] [bbotk]      122 0.1733271         6 0.009118541        0      0            0.083
INFO  [17:31:34.421] [bbotk]                                 uhash
INFO  [17:31:34.421] [bbotk]  62812038-4de9-4c16-84a4-b17948b32cdd
INFO  [17:31:34.425] [bbotk] Evaluating 1 configuration(s)
INFO  [17:31:34.595] [bbotk] Result of batch 5:
INFO  [17:31:34.596] [bbotk]  nrounds      eta max_depth  classif.ce warnings errors runtime_learners
INFO  [17:31:34.596] [bbotk]      181 0.204665         4 0.009118541        0      0            0.111
INFO  [17:31:34.596] [bbotk]                                 uhash
INFO  [17:31:34.596] [bbotk]  e06ba6e2-fad4-49a4-87f8-fe4f7456486e
INFO  [17:31:34.600] [bbotk] Evaluating 1 configuration(s)
INFO  [17:31:34.795] [bbotk] Result of batch 6:
INFO  [17:31:34.796] [bbotk]  nrounds       eta max_depth classif.ce warnings errors runtime_learners
INFO  [17:31:34.796] [bbotk]      206 0.1846827         8 0.01215805        0      0            0.134
INFO  [17:31:34.796] [bbotk]                                 uhash
INFO  [17:31:34.796] [bbotk]  1c074593-b7dd-4eee-9cec-d87a37167825
INFO  [17:31:34.800] [bbotk] Evaluating 1 configuration(s)
INFO  [17:31:34.970] [bbotk] Result of batch 7:
INFO  [17:31:34.971] [bbotk]  nrounds       eta max_depth  classif.ce warnings errors runtime_learners
INFO  [17:31:34.971] [bbotk]      263 0.2200543         2 0.009118541        0      0            0.116
INFO  [17:31:34.971] [bbotk]                                 uhash
INFO  [17:31:34.971] [bbotk]  f6b4bb7a-0fe6-4937-9fd9-9cee6690e439
INFO  [17:31:34.975] [bbotk] Evaluating 1 configuration(s)
INFO  [17:31:35.138] [bbotk] Result of batch 8:
INFO  [17:31:35.139] [bbotk]  nrounds       eta max_depth classif.ce warnings errors runtime_learners
INFO  [17:31:35.139] [bbotk]      190 0.1291732         4 0.01013171        0      0            0.115
INFO  [17:31:35.139] [bbotk]                                 uhash
INFO  [17:31:35.139] [bbotk]  66b5e670-42dd-4bc0-a366-6effb237d523
INFO  [17:31:35.149] [bbotk] Evaluating 1 configuration(s)
INFO  [17:31:35.729] [bbotk] Result of batch 9:
INFO  [17:31:35.730] [bbotk]  nrounds      eta max_depth classif.ce warnings errors runtime_learners
INFO  [17:31:35.730] [bbotk]      102 0.108091         6 0.01621074        0      0             0.11
INFO  [17:31:35.730] [bbotk]                                 uhash
INFO  [17:31:35.730] [bbotk]  d81bf4cd-2cf3-4d77-8426-ade360712740
INFO  [17:31:35.737] [bbotk] Evaluating 1 configuration(s)
INFO  [17:31:35.854] [bbotk] Result of batch 10:
INFO  [17:31:35.855] [bbotk]  nrounds       eta max_depth classif.ce warnings errors runtime_learners
INFO  [17:31:35.855] [bbotk]       83 0.2042691         9 0.01114488        0      0            0.064
INFO  [17:31:35.855] [bbotk]                                 uhash
INFO  [17:31:35.855] [bbotk]  5099730c-90c8-4fc1-92cf-646e3c45b431
INFO  [17:31:35.862] [bbotk] Finished optimizing after 10 evaluation(s)
INFO  [17:31:35.863] [bbotk] Result:
INFO  [17:31:35.865] [bbotk]  nrounds       eta max_depth learner_param_vals  x_domain  classif.ce
INFO  [17:31:35.865] [bbotk]    <int>     <num>     <int>             <list>    <list>       <num>
INFO  [17:31:35.865] [bbotk]      146 0.2062194         4          <list[5]> <list[3]> 0.009118541
INFO  [17:31:35.958] [bbotk] Starting to optimize 3 parameter(s) with '<OptimizerBatchRandomSearch>' and '<TerminatorEvals> [n_evals=10, k=0]'
INFO  [17:31:35.975] [bbotk] Evaluating 1 configuration(s)
INFO  [17:31:36.136] [bbotk] Result of batch 1:
INFO  [17:31:36.137] [bbotk]  nrounds      eta max_depth classif.ce warnings errors runtime_learners
INFO  [17:31:36.137] [bbotk]      173 0.290081         6 0.00810537        0      0            0.097
INFO  [17:31:36.137] [bbotk]                                 uhash
INFO  [17:31:36.137] [bbotk]  b7662ea9-01f0-4afb-8da8-0898e2b46764
INFO  [17:31:36.140] [bbotk] Evaluating 1 configuration(s)
INFO  [17:31:36.250] [bbotk] Result of batch 2:
INFO  [17:31:36.253] [bbotk]  nrounds       eta max_depth classif.ce warnings errors runtime_learners
INFO  [17:31:36.253] [bbotk]       55 0.1341401         8 0.01013171        0      0            0.056
INFO  [17:31:36.253] [bbotk]                                 uhash
INFO  [17:31:36.253] [bbotk]  c1bf6944-9c4f-4b5f-811a-adc5d6c9f14e
INFO  [17:31:36.257] [bbotk] Evaluating 1 configuration(s)
INFO  [17:31:36.390] [bbotk] Result of batch 3:
INFO  [17:31:36.392] [bbotk]  nrounds        eta max_depth classif.ce warnings errors runtime_learners
INFO  [17:31:36.392] [bbotk]       56 0.09079383         8 0.01519757        0      0              0.1
INFO  [17:31:36.392] [bbotk]                                 uhash
INFO  [17:31:36.392] [bbotk]  76be6510-3cc8-43a1-a9ed-a37ab8dd8444
INFO  [17:31:36.399] [bbotk] Evaluating 1 configuration(s)
INFO  [17:31:36.554] [bbotk] Result of batch 4:
INFO  [17:31:36.556] [bbotk]  nrounds        eta max_depth classif.ce warnings errors runtime_learners
INFO  [17:31:36.556] [bbotk]       82 0.07172834         8 0.01215805        0      0            0.096
INFO  [17:31:36.556] [bbotk]                                 uhash
INFO  [17:31:36.556] [bbotk]  75f6e32e-1034-48c1-b01d-fedd0369132e
INFO  [17:31:36.569] [bbotk] Evaluating 1 configuration(s)
INFO  [17:31:36.722] [bbotk] Result of batch 5:
INFO  [17:31:36.723] [bbotk]  nrounds       eta max_depth classif.ce warnings errors runtime_learners
INFO  [17:31:36.723] [bbotk]      213 0.2778528         9 0.00810537        0      0            0.094
INFO  [17:31:36.723] [bbotk]                                 uhash
INFO  [17:31:36.723] [bbotk]  a452d550-3a1a-4f4f-a98a-80a2fb65a30a
INFO  [17:31:36.727] [bbotk] Evaluating 1 configuration(s)
INFO  [17:31:36.921] [bbotk] Result of batch 6:
INFO  [17:31:36.924] [bbotk]  nrounds       eta max_depth  classif.ce warnings errors runtime_learners
INFO  [17:31:36.924] [bbotk]      264 0.2641316         5 0.007092199        0      0            0.122
INFO  [17:31:36.924] [bbotk]                                 uhash
INFO  [17:31:36.924] [bbotk]  32572726-abd6-410d-a147-49cbcaf3b9d6
INFO  [17:31:36.928] [bbotk] Evaluating 1 configuration(s)
INFO  [17:31:37.056] [bbotk] Result of batch 7:
INFO  [17:31:37.057] [bbotk]  nrounds       eta max_depth  classif.ce warnings errors runtime_learners
INFO  [17:31:37.057] [bbotk]      131 0.1970022         8 0.009118541        0      0              0.1
INFO  [17:31:37.057] [bbotk]                                 uhash
INFO  [17:31:37.057] [bbotk]  f56437a0-8a89-48d5-aba6-652138c6c3d0
INFO  [17:31:37.067] [bbotk] Evaluating 1 configuration(s)
INFO  [17:31:37.263] [bbotk] Result of batch 8:
INFO  [17:31:37.264] [bbotk]  nrounds       eta max_depth  classif.ce warnings errors runtime_learners
INFO  [17:31:37.264] [bbotk]      184 0.1899085         6 0.009118541        0      0            0.141
INFO  [17:31:37.264] [bbotk]                                 uhash
INFO  [17:31:37.264] [bbotk]  1271e063-5687-4946-9367-ee0742f7a998
INFO  [17:31:37.268] [bbotk] Evaluating 1 configuration(s)
INFO  [17:31:37.432] [bbotk] Result of batch 9:
INFO  [17:31:37.436] [bbotk]  nrounds       eta max_depth classif.ce warnings errors runtime_learners
INFO  [17:31:37.436] [bbotk]      213 0.2544979        10 0.00810537        0      0            0.111
INFO  [17:31:37.436] [bbotk]                                 uhash
INFO  [17:31:37.436] [bbotk]  164458c3-9c44-4366-8402-28521543d9c9
INFO  [17:31:37.444] [bbotk] Evaluating 1 configuration(s)
INFO  [17:31:37.634] [bbotk] Result of batch 10:
INFO  [17:31:37.636] [bbotk]  nrounds       eta max_depth classif.ce warnings errors runtime_learners
INFO  [17:31:37.636] [bbotk]      280 0.2502691         7 0.00810537        0      0            0.149
INFO  [17:31:37.636] [bbotk]                                 uhash
INFO  [17:31:37.636] [bbotk]  9fa21d4a-b14b-4432-a5f3-8b83b8a2c46c
INFO  [17:31:37.670] [bbotk] Finished optimizing after 10 evaluation(s)
INFO  [17:31:37.671] [bbotk] Result:
INFO  [17:31:37.674] [bbotk]  nrounds       eta max_depth learner_param_vals  x_domain  classif.ce
INFO  [17:31:37.674] [bbotk]    <int>     <num>     <int>             <list>    <list>       <num>
INFO  [17:31:37.674] [bbotk]      264 0.2641316         5          <list[5]> <list[3]> 0.007092199
INFO  [17:31:37.775] [bbotk] Starting to optimize 3 parameter(s) with '<OptimizerBatchRandomSearch>' and '<TerminatorEvals> [n_evals=10, k=0]'
INFO  [17:31:37.795] [bbotk] Evaluating 1 configuration(s)
INFO  [17:31:37.882] [bbotk] Result of batch 1:
INFO  [17:31:37.882] [bbotk]  nrounds       eta max_depth classif.ce warnings errors runtime_learners
INFO  [17:31:37.882] [bbotk]       52 0.2642441         6 0.01213656        0      0            0.047
INFO  [17:31:37.882] [bbotk]                                 uhash
INFO  [17:31:37.882] [bbotk]  f19cb7c2-60c0-4114-be38-522bc2c713a4
INFO  [17:31:37.895] [bbotk] Evaluating 1 configuration(s)
INFO  [17:31:37.982] [bbotk] Result of batch 2:
INFO  [17:31:37.984] [bbotk]  nrounds       eta max_depth classif.ce warnings errors runtime_learners
INFO  [17:31:37.984] [bbotk]       67 0.2803275         4 0.01011022        0      0            0.051
INFO  [17:31:37.984] [bbotk]                                 uhash
INFO  [17:31:37.984] [bbotk]  fe9aacba-b2d5-41c1-9f88-83e7a7f6e2c4
INFO  [17:31:37.992] [bbotk] Evaluating 1 configuration(s)
INFO  [17:31:38.133] [bbotk] Result of batch 3:
INFO  [17:31:38.134] [bbotk]  nrounds        eta max_depth classif.ce warnings errors runtime_learners
INFO  [17:31:38.134] [bbotk]       83 0.08867188         6 0.01213349        0      0            0.108
INFO  [17:31:38.134] [bbotk]                                 uhash
INFO  [17:31:38.134] [bbotk]  11daa4a0-03a8-47de-a663-6c4b7991cae0
INFO  [17:31:38.138] [bbotk] Evaluating 1 configuration(s)
INFO  [17:31:38.352] [bbotk] Result of batch 4:
INFO  [17:31:38.358] [bbotk]  nrounds       eta max_depth classif.ce warnings errors runtime_learners
INFO  [17:31:38.358] [bbotk]      254 0.2995866        10 0.01213963        0      0            0.142
INFO  [17:31:38.358] [bbotk]                                 uhash
INFO  [17:31:38.358] [bbotk]  c4d40fee-bf5b-4b10-bcf3-cab557f0e25c
INFO  [17:31:38.369] [bbotk] Evaluating 1 configuration(s)
INFO  [17:31:38.511] [bbotk] Result of batch 5:
INFO  [17:31:38.512] [bbotk]  nrounds       eta max_depth classif.ce warnings errors runtime_learners
INFO  [17:31:38.512] [bbotk]      246 0.2950261         6 0.00910319        0      0            0.096
INFO  [17:31:38.512] [bbotk]                                 uhash
INFO  [17:31:38.512] [bbotk]  8c1ae6b4-8c6c-4050-896a-bf6411598f67
INFO  [17:31:38.524] [bbotk] Evaluating 1 configuration(s)
INFO  [17:31:38.682] [bbotk] Result of batch 6:
INFO  [17:31:38.684] [bbotk]  nrounds       eta max_depth classif.ce warnings errors runtime_learners
INFO  [17:31:38.684] [bbotk]       98 0.1661706         5 0.01213656        0      0            0.092
INFO  [17:31:38.684] [bbotk]                                 uhash
INFO  [17:31:38.684] [bbotk]  16fe74ed-5ceb-4b4d-b1f0-05fce72595a9
INFO  [17:31:38.690] [bbotk] Evaluating 1 configuration(s)
INFO  [17:31:38.869] [bbotk] Result of batch 7:
INFO  [17:31:38.870] [bbotk]  nrounds       eta max_depth classif.ce warnings errors runtime_learners
INFO  [17:31:38.870] [bbotk]      102 0.1260564        10 0.01314666        0      0            0.119
INFO  [17:31:38.870] [bbotk]                                 uhash
INFO  [17:31:38.870] [bbotk]  4656afe5-67cc-4ec2-ad70-c9e74c1c25fa
INFO  [17:31:38.881] [bbotk] Evaluating 1 configuration(s)
INFO  [17:31:39.068] [bbotk] Result of batch 8:
INFO  [17:31:39.070] [bbotk]  nrounds        eta max_depth classif.ce warnings errors runtime_learners
INFO  [17:31:39.070] [bbotk]      162 0.09122961        10 0.01314666        0      0            0.139
INFO  [17:31:39.070] [bbotk]                                 uhash
INFO  [17:31:39.070] [bbotk]  cb9a4be3-fc26-4aa6-b470-6c919dc8523d
INFO  [17:31:39.086] [bbotk] Evaluating 1 configuration(s)
INFO  [17:31:39.329] [bbotk] Result of batch 9:
INFO  [17:31:39.330] [bbotk]  nrounds        eta max_depth classif.ce warnings errors runtime_learners
INFO  [17:31:39.330] [bbotk]      233 0.08875427         7 0.01213349        0      0            0.162
INFO  [17:31:39.330] [bbotk]                                 uhash
INFO  [17:31:39.330] [bbotk]  bf4fcc98-ab9a-444b-adcb-446c137d973a
INFO  [17:31:39.336] [bbotk] Evaluating 1 configuration(s)
INFO  [17:31:39.465] [bbotk] Result of batch 10:
INFO  [17:31:39.466] [bbotk]  nrounds       eta max_depth classif.ce warnings errors runtime_learners
INFO  [17:31:39.466] [bbotk]      136 0.2103983         7 0.01112339        0      0             0.08
INFO  [17:31:39.466] [bbotk]                                 uhash
INFO  [17:31:39.466] [bbotk]  1c832c3a-a12c-4733-8e07-6b9725dfae1d
INFO  [17:31:39.496] [bbotk] Finished optimizing after 10 evaluation(s)
INFO  [17:31:39.497] [bbotk] Result:
INFO  [17:31:39.497] [bbotk]  nrounds       eta max_depth learner_param_vals  x_domain classif.ce
INFO  [17:31:39.497] [bbotk]    <int>     <num>     <int>             <list>    <list>      <num>
INFO  [17:31:39.497] [bbotk]      246 0.2950261         6          <list[5]> <list[3]> 0.00910319
Warning: glm.fit: algorithm did not converge
This happened PipeOp classif.xgboost's $train()
Warning: glm.fit: fitted probabilities numerically 0 or 1 occurred
This happened PipeOp classif.xgboost's $train()
[1] -1371.109
[1] -24.78987
[1] -46.8454
[1] 60.80489
Warning: glm.fit: algorithm did not converge
This happened PipeOp classif.xgboost's $train()
Warning: glm.fit: fitted probabilities numerically 0 or 1 occurred
This happened PipeOp classif.xgboost's $train()
Warning: glm.fit: algorithm did not converge
This happened PipeOp classif.xgboost's $train()
Warning: glm.fit: fitted probabilities numerically 0 or 1 occurred
This happened PipeOp classif.xgboost's $train()
[1] 190.3017
[1] 2806.918
Warning: glm.fit: algorithm did not converge
This happened PipeOp classif.xgboost's $train()
Warning: glm.fit: fitted probabilities numerically 0 or 1 occurred
This happened PipeOp classif.xgboost's $train()
Warning: glm.fit: algorithm did not converge
This happened PipeOp classif.xgboost's $train()
Warning: glm.fit: fitted probabilities numerically 0 or 1 occurred
This happened PipeOp classif.xgboost's $train()
[1] 275.8064
[1] 3704.163
Warning: glm.fit: algorithm did not converge
This happened PipeOp classif.xgboost's $train()
Warning: glm.fit: fitted probabilities numerically 0 or 1 occurred
This happened PipeOp classif.xgboost's $train()
Warning: glm.fit: algorithm did not converge
This happened PipeOp classif.xgboost's $train()
Warning: glm.fit: fitted probabilities numerically 0 or 1 occurred
This happened PipeOp classif.xgboost's $train()
[1] 27.05329
[1] 533.8761

### [bt]: Job terminated successfully [batchtools job.id=3431]
### [bt]: Starting job [batchtools job.id=3432]
### [bt]: Generating problem instance for problem '6fbfe6520e3d949c' ...
### [bt]: Applying algorithm 'run_learner' on problem '6fbfe6520e3d949c' for job 3432 (seed = 3433) ...
INFO  [17:31:39.762] [mlr3] Applying learner 'classif.xgboost.tuned_calib.perfold_beta' on task 'banknote-authentication' (iter 2/10)
INFO  [17:31:39.826] [bbotk] Starting to optimize 3 parameter(s) with '<OptimizerBatchRandomSearch>' and '<TerminatorEvals> [n_evals=10, k=0]'
INFO  [17:31:39.861] [bbotk] Evaluating 1 configuration(s)
INFO  [17:31:40.036] [bbotk] Result of batch 1:
INFO  [17:31:40.044] [bbotk]  nrounds       eta max_depth  classif.ce warnings errors runtime_learners
INFO  [17:31:40.044] [bbotk]      270 0.2143007         2 0.006079027        0      0            0.116
INFO  [17:31:40.044] [bbotk]                                 uhash
INFO  [17:31:40.044] [bbotk]  8e9c6bf7-d93a-4b89-9e2b-bbddaca4db54
INFO  [17:31:40.049] [bbotk] Evaluating 1 configuration(s)
INFO  [17:31:40.117] [bbotk] Result of batch 2:
INFO  [17:31:40.118] [bbotk]  nrounds       eta max_depth classif.ce warnings errors runtime_learners
INFO  [17:31:40.118] [bbotk]       71 0.1350396         2  0.0141844        0      0            0.031
INFO  [17:31:40.118] [bbotk]                                 uhash
INFO  [17:31:40.118] [bbotk]  31ca9dd2-7507-4f6d-ae49-34bbf8682650
INFO  [17:31:40.129] [bbotk] Evaluating 1 configuration(s)
INFO  [17:31:40.349] [bbotk] Result of batch 3:
INFO  [17:31:40.350] [bbotk]  nrounds       eta max_depth  classif.ce warnings errors runtime_learners
INFO  [17:31:40.350] [bbotk]      250 0.2177731         2 0.005065856        0      0            0.147
INFO  [17:31:40.350] [bbotk]                                 uhash
INFO  [17:31:40.350] [bbotk]  3ac5eaf6-62d0-4b5f-b10b-dbaf40f397c0
INFO  [17:31:40.376] [bbotk] Evaluating 1 configuration(s)
INFO  [17:31:40.567] [bbotk] Result of batch 4:
INFO  [17:31:40.568] [bbotk]  nrounds       eta max_depth classif.ce warnings errors runtime_learners
INFO  [17:31:40.568] [bbotk]      181 0.1137322         9 0.01013171        0      0             0.14
INFO  [17:31:40.568] [bbotk]                                 uhash
INFO  [17:31:40.568] [bbotk]  08892edd-3852-4b57-abfc-f7014c21da6e
INFO  [17:31:40.586] [bbotk] Evaluating 1 configuration(s)
INFO  [17:31:40.765] [bbotk] Result of batch 5:
INFO  [17:31:40.767] [bbotk]  nrounds       eta max_depth classif.ce warnings errors runtime_learners
INFO  [17:31:40.767] [bbotk]      140 0.1119394         7 0.01215805        0      0            0.111
INFO  [17:31:40.767] [bbotk]                                 uhash
INFO  [17:31:40.767] [bbotk]  2ddb2e31-ef81-4f06-8a4b-9a17169586c8
INFO  [17:31:40.776] [bbotk] Evaluating 1 configuration(s)
INFO  [17:31:40.928] [bbotk] Result of batch 6:
INFO  [17:31:40.930] [bbotk]  nrounds      eta max_depth classif.ce warnings errors runtime_learners
INFO  [17:31:40.930] [bbotk]      132 0.144349        10 0.01215805        0      0            0.107
INFO  [17:31:40.930] [bbotk]                                 uhash
INFO  [17:31:40.930] [bbotk]  3c7e9e23-ff36-4cb0-a152-4d243469de71
INFO  [17:31:40.946] [bbotk] Evaluating 1 configuration(s)
INFO  [17:31:41.194] [bbotk] Result of batch 7:
INFO  [17:31:41.196] [bbotk]  nrounds       eta max_depth  classif.ce warnings errors runtime_learners
INFO  [17:31:41.196] [bbotk]      269 0.1056501         9 0.009118541        0      0            0.193
INFO  [17:31:41.196] [bbotk]                                 uhash
INFO  [17:31:41.196] [bbotk]  81c4ed90-f31a-4cdb-8460-6123b07db0df
INFO  [17:31:41.204] [bbotk] Evaluating 1 configuration(s)
INFO  [17:31:41.451] [bbotk] Result of batch 8:
INFO  [17:31:41.453] [bbotk]  nrounds       eta max_depth  classif.ce warnings errors runtime_learners
INFO  [17:31:41.453] [bbotk]      276 0.0894374        10 0.009118541        0      0             0.18
INFO  [17:31:41.453] [bbotk]                                 uhash
INFO  [17:31:41.453] [bbotk]  024c3f0a-f032-4a31-a0e4-93bae492534a
INFO  [17:31:41.462] [bbotk] Evaluating 1 configuration(s)
INFO  [17:31:41.661] [bbotk] Result of batch 9:
INFO  [17:31:41.664] [bbotk]  nrounds       eta max_depth  classif.ce warnings errors runtime_learners
INFO  [17:31:41.664] [bbotk]      200 0.1512628         8 0.009118541        0      0             0.13
INFO  [17:31:41.664] [bbotk]                                 uhash
INFO  [17:31:41.664] [bbotk]  a1b4848b-a2c3-4a1a-b449-867d44ecf704
INFO  [17:31:41.675] [bbotk] Evaluating 1 configuration(s)
INFO  [17:31:41.830] [bbotk] Result of batch 10:
INFO  [17:31:41.831] [bbotk]  nrounds       eta max_depth  classif.ce warnings errors runtime_learners
INFO  [17:31:41.831] [bbotk]      168 0.2290355         6 0.009118541        0      0            0.097
INFO  [17:31:41.831] [bbotk]                                 uhash
INFO  [17:31:41.831] [bbotk]  716b97be-0e1c-4218-80c2-4241f4a733b7
INFO  [17:31:41.839] [bbotk] Finished optimizing after 10 evaluation(s)
INFO  [17:31:41.839] [bbotk] Result:
INFO  [17:31:41.844] [bbotk]  nrounds       eta max_depth learner_param_vals  x_domain  classif.ce
INFO  [17:31:41.844] [bbotk]    <int>     <num>     <int>             <list>    <list>       <num>
INFO  [17:31:41.844] [bbotk]      250 0.2177731         2          <list[5]> <list[3]> 0.005065856
INFO  [17:31:41.967] [bbotk] Starting to optimize 3 parameter(s) with '<OptimizerBatchRandomSearch>' and '<TerminatorEvals> [n_evals=10, k=0]'
INFO  [17:31:41.983] [bbotk] Evaluating 1 configuration(s)
INFO  [17:31:42.176] [bbotk] Result of batch 1:
INFO  [17:31:42.177] [bbotk]  nrounds       eta max_depth classif.ce warnings errors runtime_learners
INFO  [17:31:42.177] [bbotk]      287 0.2981369         4 0.01114488        0      0            0.142
INFO  [17:31:42.177] [bbotk]                                 uhash
INFO  [17:31:42.177] [bbotk]  4305a7ff-8ecd-4a81-b0b6-6b63b6dc35d5
INFO  [17:31:42.196] [bbotk] Evaluating 1 configuration(s)
INFO  [17:31:42.328] [bbotk] Result of batch 2:
INFO  [17:31:42.330] [bbotk]  nrounds       eta max_depth  classif.ce warnings errors runtime_learners
INFO  [17:31:42.330] [bbotk]       82 0.1534323         7 0.009118541        0      0            0.079
INFO  [17:31:42.330] [bbotk]                                 uhash
INFO  [17:31:42.330] [bbotk]  c56edfa6-81ac-482e-bb1d-7cb84d436b37
INFO  [17:31:42.340] [bbotk] Evaluating 1 configuration(s)
INFO  [17:31:42.453] [bbotk] Result of batch 3:
INFO  [17:31:42.455] [bbotk]  nrounds       eta max_depth classif.ce warnings errors runtime_learners
INFO  [17:31:42.455] [bbotk]       99 0.2598612         7 0.00810537        0      0            0.059
INFO  [17:31:42.455] [bbotk]                                 uhash
INFO  [17:31:42.455] [bbotk]  bb3c1ee5-95fa-4b46-b146-2a7870cb6317
INFO  [17:31:42.473] [bbotk] Evaluating 1 configuration(s)
INFO  [17:31:42.628] [bbotk] Result of batch 4:
INFO  [17:31:42.629] [bbotk]  nrounds       eta max_depth classif.ce warnings errors runtime_learners
INFO  [17:31:42.629] [bbotk]      158 0.2565986         6 0.00810537        0      0            0.104
INFO  [17:31:42.629] [bbotk]                                 uhash
INFO  [17:31:42.629] [bbotk]  6c351137-6d81-4785-84fe-d7575efb5e84
INFO  [17:31:42.644] [bbotk] Evaluating 1 configuration(s)
INFO  [17:31:42.785] [bbotk] Result of batch 5:
INFO  [17:31:42.786] [bbotk]  nrounds       eta max_depth  classif.ce warnings errors runtime_learners
INFO  [17:31:42.786] [bbotk]       64 0.1556807         8 0.009118541        0      0            0.087
INFO  [17:31:42.786] [bbotk]                                 uhash
INFO  [17:31:42.786] [bbotk]  3c857e15-2654-465b-a9ab-dfd7fa2d178b
INFO  [17:31:42.794] [bbotk] Evaluating 1 configuration(s)
INFO  [17:31:43.006] [bbotk] Result of batch 6:
INFO  [17:31:43.007] [bbotk]  nrounds        eta max_depth  classif.ce warnings errors runtime_learners
INFO  [17:31:43.007] [bbotk]      194 0.06229746         8 0.009118541        0      0            0.162
INFO  [17:31:43.007] [bbotk]                                 uhash
INFO  [17:31:43.007] [bbotk]  164ffcde-fc1c-409c-bb8a-b29b3d910bee
INFO  [17:31:43.012] [bbotk] Evaluating 1 configuration(s)
INFO  [17:31:43.135] [bbotk] Result of batch 7:
INFO  [17:31:43.143] [bbotk]  nrounds       eta max_depth classif.ce warnings errors runtime_learners
INFO  [17:31:43.143] [bbotk]      124 0.1742232        10 0.00810537        0      0             0.08
INFO  [17:31:43.143] [bbotk]                                 uhash
INFO  [17:31:43.143] [bbotk]  4beb4390-36dc-4a42-9129-a7d895de48de
INFO  [17:31:43.148] [bbotk] Evaluating 1 configuration(s)
INFO  [17:31:43.309] [bbotk] Result of batch 8:
INFO  [17:31:43.311] [bbotk]  nrounds       eta max_depth  classif.ce warnings errors runtime_learners
INFO  [17:31:43.311] [bbotk]      212 0.1873355         2 0.006079027        0      0            0.121
INFO  [17:31:43.311] [bbotk]                                 uhash
INFO  [17:31:43.311] [bbotk]  7f2c356e-f692-47e6-b1cd-20160c40426a
INFO  [17:31:43.325] [bbotk] Evaluating 1 configuration(s)
INFO  [17:31:43.429] [bbotk] Result of batch 9:
INFO  [17:31:43.430] [bbotk]  nrounds       eta max_depth classif.ce warnings errors runtime_learners
INFO  [17:31:43.430] [bbotk]       61 0.1101115         3 0.01013171        0      0            0.053
INFO  [17:31:43.430] [bbotk]                                 uhash
INFO  [17:31:43.430] [bbotk]  bf4b36a4-9b01-41f3-9ea8-b77b4120e3f1
INFO  [17:31:43.441] [bbotk] Evaluating 1 configuration(s)
INFO  [17:31:43.620] [bbotk] Result of batch 10:
INFO  [17:31:43.622] [bbotk]  nrounds        eta max_depth  classif.ce warnings errors runtime_learners
INFO  [17:31:43.622] [bbotk]      220 0.05825112         2 0.009118541        0      0            0.118
INFO  [17:31:43.622] [bbotk]                                 uhash
INFO  [17:31:43.622] [bbotk]  1d8ccf5c-9348-4d4f-a89e-1edfc5a13d23
INFO  [17:31:43.633] [bbotk] Finished optimizing after 10 evaluation(s)
INFO  [17:31:43.634] [bbotk] Result:
INFO  [17:31:43.634] [bbotk]  nrounds       eta max_depth learner_param_vals  x_domain  classif.ce
INFO  [17:31:43.634] [bbotk]    <int>     <num>     <int>             <list>    <list>       <num>
INFO  [17:31:43.634] [bbotk]      212 0.1873355         2          <list[5]> <list[3]> 0.006079027
INFO  [17:31:43.750] [bbotk] Starting to optimize 3 parameter(s) with '<OptimizerBatchRandomSearch>' and '<TerminatorEvals> [n_evals=10, k=0]'
INFO  [17:31:43.772] [bbotk] Evaluating 1 configuration(s)
INFO  [17:31:43.980] [bbotk] Result of batch 1:
INFO  [17:31:43.982] [bbotk]  nrounds        eta max_depth  classif.ce warnings errors runtime_learners
INFO  [17:31:43.982] [bbotk]      215 0.09901548         4 0.007092199        0      0            0.156
INFO  [17:31:43.982] [bbotk]                                 uhash
INFO  [17:31:43.982] [bbotk]  b91e7d28-88d8-47b5-b5ee-e3853d944fc9
INFO  [17:31:43.992] [bbotk] Evaluating 1 configuration(s)
INFO  [17:31:44.122] [bbotk] Result of batch 2:
INFO  [17:31:44.123] [bbotk]  nrounds       eta max_depth  classif.ce warnings errors runtime_learners
INFO  [17:31:44.123] [bbotk]       84 0.2809024         7 0.005065856        0      0            0.074
INFO  [17:31:44.123] [bbotk]                                 uhash
INFO  [17:31:44.123] [bbotk]  a6c67007-f835-4817-9c46-c86b389fe621
INFO  [17:31:44.135] [bbotk] Evaluating 1 configuration(s)
INFO  [17:31:44.317] [bbotk] Result of batch 3:
INFO  [17:31:44.318] [bbotk]  nrounds       eta max_depth  classif.ce warnings errors runtime_learners
INFO  [17:31:44.318] [bbotk]      139 0.1794507         6 0.005065856        0      0            0.112
INFO  [17:31:44.318] [bbotk]                                 uhash
INFO  [17:31:44.318] [bbotk]  6eec0900-715c-4307-bdfa-89c146246548
INFO  [17:31:44.335] [bbotk] Evaluating 1 configuration(s)
INFO  [17:31:44.485] [bbotk] Result of batch 4:
INFO  [17:31:44.486] [bbotk]  nrounds        eta max_depth classif.ce warnings errors runtime_learners
INFO  [17:31:44.486] [bbotk]      155 0.07480722         3 0.01013171        0      0            0.113
INFO  [17:31:44.486] [bbotk]                                 uhash
INFO  [17:31:44.486] [bbotk]  41060737-b69d-43b1-99a7-35e77d09f709
INFO  [17:31:44.494] [bbotk] Evaluating 1 configuration(s)
INFO  [17:31:44.648] [bbotk] Result of batch 5:
INFO  [17:31:44.649] [bbotk]  nrounds       eta max_depth  classif.ce warnings errors runtime_learners
INFO  [17:31:44.649] [bbotk]      225 0.2540677         5 0.005065856        0      0            0.108
INFO  [17:31:44.649] [bbotk]                                 uhash
INFO  [17:31:44.649] [bbotk]  52cd3882-fa59-4064-bd9d-5f97b477989b
INFO  [17:31:44.653] [bbotk] Evaluating 1 configuration(s)
INFO  [17:31:44.833] [bbotk] Result of batch 6:
INFO  [17:31:44.835] [bbotk]  nrounds       eta max_depth  classif.ce warnings errors runtime_learners
INFO  [17:31:44.835] [bbotk]      159 0.1523277         9 0.006079027        0      0            0.127
INFO  [17:31:44.835] [bbotk]                                 uhash
INFO  [17:31:44.835] [bbotk]  c6e74c32-471f-42c9-a026-d57c640fa09c
INFO  [17:31:44.849] [bbotk] Evaluating 1 configuration(s)
INFO  [17:31:45.026] [bbotk] Result of batch 7:
INFO  [17:31:45.028] [bbotk]  nrounds        eta max_depth  classif.ce warnings errors runtime_learners
INFO  [17:31:45.028] [bbotk]      182 0.07752683         8 0.005065856        0      0            0.128
INFO  [17:31:45.028] [bbotk]                                 uhash
INFO  [17:31:45.028] [bbotk]  bfeda934-7a66-4529-968c-6f85a565a2eb
INFO  [17:31:45.040] [bbotk] Evaluating 1 configuration(s)
INFO  [17:31:45.171] [bbotk] Result of batch 8:
INFO  [17:31:45.184] [bbotk]  nrounds       eta max_depth  classif.ce warnings errors runtime_learners
INFO  [17:31:45.184] [bbotk]      111 0.2495593        10 0.005065856        0      0            0.086
INFO  [17:31:45.184] [bbotk]                                 uhash
INFO  [17:31:45.184] [bbotk]  3eec8c17-ecc7-46f6-a051-0359cd81e7cc
INFO  [17:31:45.194] [bbotk] Evaluating 1 configuration(s)
INFO  [17:31:45.438] [bbotk] Result of batch 9:
INFO  [17:31:45.439] [bbotk]  nrounds        eta max_depth  classif.ce warnings errors runtime_learners
INFO  [17:31:45.439] [bbotk]      279 0.05885166        10 0.006079027        0      0             0.21
INFO  [17:31:45.439] [bbotk]                                 uhash
INFO  [17:31:45.439] [bbotk]  fc6abe4a-b665-40cc-8396-fbf608d758cc
INFO  [17:31:45.443] [bbotk] Evaluating 1 configuration(s)
INFO  [17:31:45.617] [bbotk] Result of batch 10:
INFO  [17:31:45.619] [bbotk]  nrounds       eta max_depth  classif.ce warnings errors runtime_learners
INFO  [17:31:45.619] [bbotk]      242 0.1879117         2 0.006079027        0      0            0.121
INFO  [17:31:45.619] [bbotk]                                 uhash
INFO  [17:31:45.619] [bbotk]  885b3c75-440f-48fd-928c-47541dfebba4
INFO  [17:31:45.653] [bbotk] Finished optimizing after 10 evaluation(s)
INFO  [17:31:45.654] [bbotk] Result:
INFO  [17:31:45.654] [bbotk]  nrounds       eta max_depth learner_param_vals  x_domain  classif.ce
INFO  [17:31:45.654] [bbotk]    <int>     <num>     <int>             <list>    <list>       <num>
INFO  [17:31:45.654] [bbotk]       84 0.2809024         7          <list[5]> <list[3]> 0.005065856
INFO  [17:31:45.741] [bbotk] Starting to optimize 3 parameter(s) with '<OptimizerBatchRandomSearch>' and '<TerminatorEvals> [n_evals=10, k=0]'
INFO  [17:31:45.765] [bbotk] Evaluating 1 configuration(s)
INFO  [17:31:45.984] [bbotk] Result of batch 1:
INFO  [17:31:45.986] [bbotk]  nrounds        eta max_depth  classif.ce warnings errors runtime_learners
INFO  [17:31:45.986] [bbotk]      274 0.07049725         5 0.007092199        0      0             0.18
INFO  [17:31:45.986] [bbotk]                                 uhash
INFO  [17:31:45.986] [bbotk]  9784cde3-2d60-4ff1-b69f-a548854ce1ee
INFO  [17:31:45.995] [bbotk] Evaluating 1 configuration(s)
INFO  [17:31:46.259] [bbotk] Result of batch 2:
INFO  [17:31:46.260] [bbotk]  nrounds        eta max_depth  classif.ce warnings errors runtime_learners
INFO  [17:31:46.260] [bbotk]      280 0.06498222         4 0.006079027        0      0            0.224
INFO  [17:31:46.260] [bbotk]                                 uhash
INFO  [17:31:46.260] [bbotk]  1075fc67-ee0c-481c-83aa-b14832a6cfbb
INFO  [17:31:46.264] [bbotk] Evaluating 1 configuration(s)
INFO  [17:31:46.417] [bbotk] Result of batch 3:
INFO  [17:31:46.423] [bbotk]  nrounds      eta max_depth  classif.ce warnings errors runtime_learners
INFO  [17:31:46.423] [bbotk]      184 0.192413         8 0.007092199        0      0            0.112
INFO  [17:31:46.423] [bbotk]                                 uhash
INFO  [17:31:46.423] [bbotk]  35569b09-1dd1-43d6-b11a-7f36afe29ff6
INFO  [17:31:46.431] [bbotk] Evaluating 1 configuration(s)
INFO  [17:31:46.620] [bbotk] Result of batch 4:
INFO  [17:31:46.621] [bbotk]  nrounds       eta max_depth  classif.ce warnings errors runtime_learners
INFO  [17:31:46.621] [bbotk]      265 0.1393956         5 0.007092199        0      0            0.139
INFO  [17:31:46.621] [bbotk]                                 uhash
INFO  [17:31:46.621] [bbotk]  57313b2c-8dd6-4eed-a070-f2f68a0fe276
INFO  [17:31:46.625] [bbotk] Evaluating 1 configuration(s)
INFO  [17:31:46.776] [bbotk] Result of batch 5:
INFO  [17:31:46.777] [bbotk]  nrounds       eta max_depth  classif.ce warnings errors runtime_learners
INFO  [17:31:46.777] [bbotk]      150 0.1365776         5 0.007092199        0      0            0.108
INFO  [17:31:46.777] [bbotk]                                 uhash
INFO  [17:31:46.777] [bbotk]  6ba03f11-50d7-4bfd-bc87-1d9a48ae124d
INFO  [17:31:46.786] [bbotk] Evaluating 1 configuration(s)
INFO  [17:31:47.005] [bbotk] Result of batch 6:
INFO  [17:31:47.006] [bbotk]  nrounds        eta max_depth classif.ce warnings errors runtime_learners
INFO  [17:31:47.006] [bbotk]      199 0.06456173         6 0.00810537        0      0             0.18
INFO  [17:31:47.006] [bbotk]                                 uhash
INFO  [17:31:47.006] [bbotk]  5c5a44de-7185-4953-83db-3c8c703ad33f
INFO  [17:31:47.009] [bbotk] Evaluating 1 configuration(s)
INFO  [17:31:47.146] [bbotk] Result of batch 7:
INFO  [17:31:47.147] [bbotk]  nrounds       eta max_depth classif.ce warnings errors runtime_learners
INFO  [17:31:47.147] [bbotk]      101 0.1039179         3 0.00810537        0      0            0.076
INFO  [17:31:47.147] [bbotk]                                 uhash
INFO  [17:31:47.147] [bbotk]  00596931-2707-4ec4-be81-e6530527d3cb
INFO  [17:31:47.151] [bbotk] Evaluating 1 configuration(s)
INFO  [17:31:47.296] [bbotk] Result of batch 8:
INFO  [17:31:47.297] [bbotk]  nrounds      eta max_depth  classif.ce warnings errors runtime_learners
INFO  [17:31:47.297] [bbotk]       84 0.151688        10 0.006079027        0      0            0.109
INFO  [17:31:47.297] [bbotk]                                 uhash
INFO  [17:31:47.297] [bbotk]  37e876b8-7b26-49e4-aebc-fa2004cba0ff
INFO  [17:31:47.301] [bbotk] Evaluating 1 configuration(s)
INFO  [17:31:47.462] [bbotk] Result of batch 9:
INFO  [17:31:47.463] [bbotk]  nrounds       eta max_depth classif.ce warnings errors runtime_learners
INFO  [17:31:47.463] [bbotk]      225 0.2570067         7 0.01013171        0      0            0.124
INFO  [17:31:47.463] [bbotk]                                 uhash
INFO  [17:31:47.463] [bbotk]  a1d87611-1902-450e-badc-552eb7f08c72
INFO  [17:31:47.467] [bbotk] Evaluating 1 configuration(s)
INFO  [17:31:47.698] [bbotk] Result of batch 10:
INFO  [17:31:47.699] [bbotk]  nrounds        eta max_depth classif.ce warnings errors runtime_learners
INFO  [17:31:47.699] [bbotk]      211 0.03379386         7 0.00810537        0      0            0.189
INFO  [17:31:47.699] [bbotk]                                 uhash
INFO  [17:31:47.699] [bbotk]  7b5f804a-0835-4eb8-8e71-0e1f605b1017
INFO  [17:31:47.708] [bbotk] Finished optimizing after 10 evaluation(s)
INFO  [17:31:47.709] [bbotk] Result:
INFO  [17:31:47.709] [bbotk]  nrounds        eta max_depth learner_param_vals  x_domain  classif.ce
INFO  [17:31:47.709] [bbotk]    <int>      <num>     <int>             <list>    <list>       <num>
INFO  [17:31:47.709] [bbotk]      280 0.06498222         4          <list[5]> <list[3]> 0.006079027
INFO  [17:31:47.866] [bbotk] Starting to optimize 3 parameter(s) with '<OptimizerBatchRandomSearch>' and '<TerminatorEvals> [n_evals=10, k=0]'
INFO  [17:31:47.896] [bbotk] Evaluating 1 configuration(s)
INFO  [17:31:48.067] [bbotk] Result of batch 1:
INFO  [17:31:48.068] [bbotk]  nrounds       eta max_depth  classif.ce warnings errors runtime_learners
INFO  [17:31:48.068] [bbotk]      248 0.2857286         9 0.008090019        0      0            0.133
INFO  [17:31:48.068] [bbotk]                                 uhash
INFO  [17:31:48.068] [bbotk]  02d6f5c4-10bf-4aac-b8c2-3e37eaf8a73f
INFO  [17:31:48.074] [bbotk] Evaluating 1 configuration(s)
INFO  [17:31:48.256] [bbotk] Result of batch 2:
INFO  [17:31:48.257] [bbotk]  nrounds        eta max_depth classif.ce warnings errors runtime_learners
INFO  [17:31:48.257] [bbotk]      114 0.01124301        10 0.02226521        0      0            0.136
INFO  [17:31:48.257] [bbotk]                                 uhash
INFO  [17:31:48.257] [bbotk]  8e52bf7e-e770-43bb-a716-e7cb791706d4
INFO  [17:31:48.265] [bbotk] Evaluating 1 configuration(s)
INFO  [17:31:48.400] [bbotk] Result of batch 3:
INFO  [17:31:48.401] [bbotk]  nrounds       eta max_depth classif.ce warnings errors runtime_learners
INFO  [17:31:48.401] [bbotk]      177 0.2019785         5 0.00910319        0      0              0.1
INFO  [17:31:48.401] [bbotk]                                 uhash
INFO  [17:31:48.401] [bbotk]  bc44b5fa-9029-4b54-851c-d34fa5ab37ab
INFO  [17:31:48.405] [bbotk] Evaluating 1 configuration(s)
INFO  [17:31:48.539] [bbotk] Result of batch 4:
INFO  [17:31:48.541] [bbotk]  nrounds        eta max_depth classif.ce warnings errors runtime_learners
INFO  [17:31:48.541] [bbotk]      170 0.06297173         2 0.00910626        0      0            0.101
INFO  [17:31:48.541] [bbotk]                                 uhash
INFO  [17:31:48.541] [bbotk]  99198e06-7689-441c-bac8-9d70453654ee
INFO  [17:31:48.547] [bbotk] Evaluating 1 configuration(s)
INFO  [17:31:48.801] [bbotk] Result of batch 5:
INFO  [17:31:48.803] [bbotk]  nrounds        eta max_depth classif.ce warnings errors runtime_learners
INFO  [17:31:48.803] [bbotk]      180 0.06006986        10 0.01112953        0      0            0.192
INFO  [17:31:48.803] [bbotk]                                 uhash
INFO  [17:31:48.803] [bbotk]  62054cf0-dc5b-44fd-89d0-277def1c8faa
INFO  [17:31:48.812] [bbotk] Evaluating 1 configuration(s)
INFO  [17:31:49.006] [bbotk] Result of batch 6:
INFO  [17:31:49.007] [bbotk]  nrounds       eta max_depth  classif.ce warnings errors runtime_learners
INFO  [17:31:49.007] [bbotk]      295 0.1746526         2 0.004043474        0      0             0.14
INFO  [17:31:49.007] [bbotk]                                 uhash
INFO  [17:31:49.007] [bbotk]  9c87dae5-c87f-44d4-a997-4a8e9efb4ed1
INFO  [17:31:49.010] [bbotk] Evaluating 1 configuration(s)
INFO  [17:31:49.234] [bbotk] Result of batch 7:
INFO  [17:31:49.235] [bbotk]  nrounds        eta max_depth classif.ce warnings errors runtime_learners
INFO  [17:31:49.235] [bbotk]      194 0.03310069         3 0.01011943        0      0            0.172
INFO  [17:31:49.235] [bbotk]                                 uhash
INFO  [17:31:49.235] [bbotk]  8f71b867-81d7-4006-8b39-272ada954358
INFO  [17:31:49.249] [bbotk] Evaluating 1 configuration(s)
INFO  [17:31:49.420] [bbotk] Result of batch 8:
INFO  [17:31:49.421] [bbotk]  nrounds       eta max_depth  classif.ce warnings errors runtime_learners
INFO  [17:31:49.421] [bbotk]      209 0.2759048         6 0.008090019        0      0            0.105
INFO  [17:31:49.421] [bbotk]                                 uhash
INFO  [17:31:49.421] [bbotk]  b8692313-88ad-447c-b55c-f3f720733fcd
INFO  [17:31:49.424] [bbotk] Evaluating 1 configuration(s)
INFO  [17:31:49.607] [bbotk] Result of batch 9:
INFO  [17:31:49.608] [bbotk]  nrounds       eta max_depth classif.ce warnings errors runtime_learners
INFO  [17:31:49.608] [bbotk]      155 0.1355325         4 0.00910319        0      0            0.127
INFO  [17:31:49.608] [bbotk]                                 uhash
INFO  [17:31:49.608] [bbotk]  80cac04a-1c42-44f1-a0ff-3eddc7345f1b
INFO  [17:31:49.614] [bbotk] Evaluating 1 configuration(s)
INFO  [17:31:49.801] [bbotk] Result of batch 10:
INFO  [17:31:49.802] [bbotk]  nrounds        eta max_depth  classif.ce warnings errors runtime_learners
INFO  [17:31:49.802] [bbotk]      158 0.07771699         3 0.008093089        0      0            0.138
INFO  [17:31:49.802] [bbotk]                                 uhash
INFO  [17:31:49.802] [bbotk]  d467f59f-da76-4870-a8ce-21e358f89204
INFO  [17:31:49.825] [bbotk] Finished optimizing after 10 evaluation(s)
INFO  [17:31:49.825] [bbotk] Result:
INFO  [17:31:49.830] [bbotk]  nrounds       eta max_depth learner_param_vals  x_domain  classif.ce
INFO  [17:31:49.830] [bbotk]    <int>     <num>     <int>             <list>    <list>       <num>
INFO  [17:31:49.830] [bbotk]      295 0.1746526         2          <list[5]> <list[3]> 0.004043474
Warning: glm.fit: algorithm did not converge
This happened PipeOp classif.xgboost's $train()
Warning: glm.fit: fitted probabilities numerically 0 or 1 occurred
This happened PipeOp classif.xgboost's $train()
[1] -375.1633
[1] 501.2285
Warning: glm.fit: algorithm did not converge
This happened PipeOp classif.xgboost's $train()
Warning: glm.fit: fitted probabilities numerically 0 or 1 occurred
This happened PipeOp classif.xgboost's $train()
[1] -73.85992
[1] 583.7756
[1] -33.32787
[1] 68.70086
[1] -104.3836
[1] 55.05661
[1] -33.82572
[1] 66.39581

### [bt]: Job terminated successfully [batchtools job.id=3432]
### [bt]: Starting job [batchtools job.id=3433]
### [bt]: Generating problem instance for problem '6fbfe6520e3d949c' ...
### [bt]: Applying algorithm 'run_learner' on problem '6fbfe6520e3d949c' for job 3433 (seed = 3434) ...
INFO  [17:31:50.117] [mlr3] Applying learner 'classif.xgboost.tuned_calib.perfold_beta' on task 'banknote-authentication' (iter 3/10)
INFO  [17:31:50.164] [bbotk] Starting to optimize 3 parameter(s) with '<OptimizerBatchRandomSearch>' and '<TerminatorEvals> [n_evals=10, k=0]'
INFO  [17:31:50.179] [bbotk] Evaluating 1 configuration(s)
INFO  [17:31:50.293] [bbotk] Result of batch 1:
INFO  [17:31:50.296] [bbotk]  nrounds       eta max_depth classif.ce warnings errors runtime_learners
INFO  [17:31:50.296] [bbotk]       56 0.1239806         4  0.0111326        0      0            0.058
INFO  [17:31:50.296] [bbotk]                                 uhash
INFO  [17:31:50.296] [bbotk]  de50be05-8a45-4bf9-aa8b-6ea11e9767a9
INFO  [17:31:50.305] [bbotk] Evaluating 1 configuration(s)
INFO  [17:31:50.427] [bbotk] Result of batch 2:
INFO  [17:31:50.428] [bbotk]  nrounds       eta max_depth classif.ce warnings errors runtime_learners
INFO  [17:31:50.428] [bbotk]       93 0.1048905         5 0.00910319        0      0            0.088
INFO  [17:31:50.428] [bbotk]                                 uhash
INFO  [17:31:50.428] [bbotk]  d77724bb-793e-4199-8e8b-ee4f93d35110
INFO  [17:31:50.445] [bbotk] Evaluating 1 configuration(s)
INFO  [17:31:50.660] [bbotk] Result of batch 3:
INFO  [17:31:50.661] [bbotk]  nrounds       eta max_depth  classif.ce warnings errors runtime_learners
INFO  [17:31:50.661] [bbotk]      284 0.2823997        10 0.006066746        0      0            0.184
INFO  [17:31:50.661] [bbotk]                                 uhash
INFO  [17:31:50.661] [bbotk]  df0085ed-8f5c-45bf-bdb7-9f84e7444b55
INFO  [17:31:50.665] [bbotk] Evaluating 1 configuration(s)
INFO  [17:31:50.798] [bbotk] Result of batch 4:
INFO  [17:31:50.799] [bbotk]  nrounds       eta max_depth classif.ce warnings errors runtime_learners
INFO  [17:31:50.799] [bbotk]       56 0.1597185        10 0.00910319        0      0             0.06
INFO  [17:31:50.799] [bbotk]                                 uhash
INFO  [17:31:50.799] [bbotk]  bc82d102-fda8-4adb-8d34-00d28d2c4f01
INFO  [17:31:50.804] [bbotk] Evaluating 1 configuration(s)
INFO  [17:31:50.973] [bbotk] Result of batch 5:
INFO  [17:31:50.974] [bbotk]  nrounds       eta max_depth  classif.ce warnings errors runtime_learners
INFO  [17:31:50.974] [bbotk]      189 0.2548101         4 0.004043474        0      0            0.113
INFO  [17:31:50.974] [bbotk]                                 uhash
INFO  [17:31:50.974] [bbotk]  066af8ad-8cf6-4598-93ec-f32de5b3409a
INFO  [17:31:50.980] [bbotk] Evaluating 1 configuration(s)
INFO  [17:31:51.197] [bbotk] Result of batch 6:
INFO  [17:31:51.198] [bbotk]  nrounds        eta max_depth  classif.ce warnings errors runtime_learners
INFO  [17:31:51.198] [bbotk]      183 0.06449565         4 0.005056645        0      0            0.171
INFO  [17:31:51.198] [bbotk]                                 uhash
INFO  [17:31:51.198] [bbotk]  4fc2f01b-87a5-49cb-9919-66e0b52145ad
INFO  [17:31:51.201] [bbotk] Evaluating 1 configuration(s)
INFO  [17:31:51.378] [bbotk] Result of batch 7:
INFO  [17:31:51.380] [bbotk]  nrounds       eta max_depth  classif.ce warnings errors runtime_learners
INFO  [17:31:51.380] [bbotk]      128 0.1121252         7 0.007076848        0      0            0.135
INFO  [17:31:51.380] [bbotk]                                 uhash
INFO  [17:31:51.380] [bbotk]  f02afc04-5647-43d9-b91e-b9d0bad5498c
INFO  [17:31:51.384] [bbotk] Evaluating 1 configuration(s)
INFO  [17:31:51.612] [bbotk] Result of batch 8:
INFO  [17:31:51.614] [bbotk]  nrounds        eta max_depth  classif.ce warnings errors runtime_learners
INFO  [17:31:51.614] [bbotk]      211 0.06403859        10 0.007076848        0      0            0.185
INFO  [17:31:51.614] [bbotk]                                 uhash
INFO  [17:31:51.614] [bbotk]  8f53261d-6863-4f9b-a6df-76a3cf350caf
INFO  [17:31:51.626] [bbotk] Evaluating 1 configuration(s)
INFO  [17:31:51.875] [bbotk] Result of batch 9:
INFO  [17:31:51.876] [bbotk]  nrounds        eta max_depth  classif.ce warnings errors runtime_learners
INFO  [17:31:51.876] [bbotk]      253 0.07868851        10 0.007076848        0      0            0.203
INFO  [17:31:51.876] [bbotk]                                 uhash
INFO  [17:31:51.876] [bbotk]  38d0f2a6-e4e0-431f-abcc-5d26842982d5
INFO  [17:31:51.891] [bbotk] Evaluating 1 configuration(s)
INFO  [17:31:52.004] [bbotk] Result of batch 10:
INFO  [17:31:52.010] [bbotk]  nrounds       eta max_depth  classif.ce warnings errors runtime_learners
INFO  [17:31:52.010] [bbotk]       78 0.1845068         4 0.004043474        0      0            0.076
INFO  [17:31:52.010] [bbotk]                                 uhash
INFO  [17:31:52.010] [bbotk]  d6793ac3-92c8-4e29-9ba2-9e9fa0fdc59d
INFO  [17:31:52.024] [bbotk] Finished optimizing after 10 evaluation(s)
INFO  [17:31:52.025] [bbotk] Result:
INFO  [17:31:52.027] [bbotk]  nrounds       eta max_depth learner_param_vals  x_domain  classif.ce
INFO  [17:31:52.027] [bbotk]    <int>     <num>     <int>             <list>    <list>       <num>
INFO  [17:31:52.027] [bbotk]      189 0.2548101         4          <list[5]> <list[3]> 0.004043474
INFO  [17:31:52.139] [bbotk] Starting to optimize 3 parameter(s) with '<OptimizerBatchRandomSearch>' and '<TerminatorEvals> [n_evals=10, k=0]'
INFO  [17:31:52.156] [bbotk] Evaluating 1 configuration(s)
INFO  [17:31:52.473] [bbotk] Result of batch 1:
INFO  [17:31:52.474] [bbotk]  nrounds        eta max_depth classif.ce warnings errors runtime_learners
INFO  [17:31:52.474] [bbotk]      291 0.03905962         9 0.01214577        0      0            0.268
INFO  [17:31:52.474] [bbotk]                                 uhash
INFO  [17:31:52.474] [bbotk]  5cd2ed23-680e-4bb9-9980-77aaa8d53a81
INFO  [17:31:52.485] [bbotk] Evaluating 1 configuration(s)
INFO  [17:31:52.746] [bbotk] Result of batch 2:
INFO  [17:31:52.751] [bbotk]  nrounds       eta max_depth classif.ce warnings errors runtime_learners
INFO  [17:31:52.751] [bbotk]      243 0.0653807         4 0.01214577        0      0            0.196
INFO  [17:31:52.751] [bbotk]                                 uhash
INFO  [17:31:52.751] [bbotk]  ce4e85de-3e03-4406-bf08-2b0b7f193506
INFO  [17:31:52.761] [bbotk] Evaluating 1 configuration(s)
INFO  [17:31:52.890] [bbotk] Result of batch 3:
INFO  [17:31:52.891] [bbotk]  nrounds       eta max_depth classif.ce warnings errors runtime_learners
INFO  [17:31:52.891] [bbotk]      108 0.1669946         4 0.01214577        0      0            0.086
INFO  [17:31:52.891] [bbotk]                                 uhash
INFO  [17:31:52.891] [bbotk]  27f82233-a377-4678-a3b0-dedffd2020b1
INFO  [17:31:52.898] [bbotk] Evaluating 1 configuration(s)
INFO  [17:31:53.060] [bbotk] Result of batch 4:
INFO  [17:31:53.061] [bbotk]  nrounds       eta max_depth classif.ce warnings errors runtime_learners
INFO  [17:31:53.061] [bbotk]      142 0.1753586         8  0.0111326        0      0            0.125
INFO  [17:31:53.061] [bbotk]                                 uhash
INFO  [17:31:53.061] [bbotk]  c2bbe7f9-f544-484a-9a47-042cc76491f6
INFO  [17:31:53.065] [bbotk] Evaluating 1 configuration(s)
INFO  [17:31:53.431] [bbotk] Result of batch 5:
INFO  [17:31:53.432] [bbotk]  nrounds        eta max_depth classif.ce warnings errors runtime_learners
INFO  [17:31:53.432] [bbotk]      279 0.02407029         8 0.01214884        0      0            0.296
INFO  [17:31:53.432] [bbotk]                                 uhash
INFO  [17:31:53.432] [bbotk]  128a43bd-9bef-4b9c-8113-8e70c7fd9bf4
INFO  [17:31:53.437] [bbotk] Evaluating 1 configuration(s)
INFO  [17:31:53.597] [bbotk] Result of batch 6:
INFO  [17:31:53.598] [bbotk]  nrounds        eta max_depth classif.ce warnings errors runtime_learners
INFO  [17:31:53.598] [bbotk]      109 0.09184878         8 0.01113567        0      0            0.114
INFO  [17:31:53.598] [bbotk]                                 uhash
INFO  [17:31:53.598] [bbotk]  e1ffd8c6-14c6-421a-bde4-6e4306347c91
INFO  [17:31:53.605] [bbotk] Evaluating 1 configuration(s)
INFO  [17:31:53.759] [bbotk] Result of batch 7:
INFO  [17:31:53.760] [bbotk]  nrounds        eta max_depth classif.ce warnings errors runtime_learners
INFO  [17:31:53.760] [bbotk]       72 0.04701485         9 0.01518529        0      0            0.116
INFO  [17:31:53.760] [bbotk]                                 uhash
INFO  [17:31:53.760] [bbotk]  a6362958-1235-4f30-81a9-8634dc78e895
INFO  [17:31:53.764] [bbotk] Evaluating 1 configuration(s)
INFO  [17:31:53.971] [bbotk] Result of batch 8:
INFO  [17:31:53.972] [bbotk]  nrounds       eta max_depth  classif.ce warnings errors runtime_learners
INFO  [17:31:53.972] [bbotk]      289 0.2887092         9 0.008093089        0      0             0.15
INFO  [17:31:53.972] [bbotk]                                 uhash
INFO  [17:31:53.972] [bbotk]  772a9cf0-4b60-4cd3-9c91-3a94986fd3af
INFO  [17:31:53.976] [bbotk] Evaluating 1 configuration(s)
INFO  [17:31:54.149] [bbotk] Result of batch 9:
INFO  [17:31:54.150] [bbotk]  nrounds        eta max_depth classif.ce warnings errors runtime_learners
INFO  [17:31:54.150] [bbotk]      105 0.05499608        10 0.01214884        0      0            0.143
INFO  [17:31:54.150] [bbotk]                                 uhash
INFO  [17:31:54.150] [bbotk]  fa6cfee7-e1a1-4735-9af1-e97e62e06d47
INFO  [17:31:54.163] [bbotk] Evaluating 1 configuration(s)
INFO  [17:31:54.367] [bbotk] Result of batch 10:
INFO  [17:31:54.368] [bbotk]  nrounds       eta max_depth  classif.ce warnings errors runtime_learners
INFO  [17:31:54.368] [bbotk]      217 0.2124087         8 0.008093089        0      0            0.141
INFO  [17:31:54.368] [bbotk]                                 uhash
INFO  [17:31:54.368] [bbotk]  265b87cc-1617-4796-940c-e8c21373a2c9
INFO  [17:31:54.379] [bbotk] Finished optimizing after 10 evaluation(s)
INFO  [17:31:54.379] [bbotk] Result:
INFO  [17:31:54.381] [bbotk]  nrounds       eta max_depth learner_param_vals  x_domain  classif.ce
INFO  [17:31:54.381] [bbotk]    <int>     <num>     <int>             <list>    <list>       <num>
INFO  [17:31:54.381] [bbotk]      289 0.2887092         9          <list[5]> <list[3]> 0.008093089
INFO  [17:31:54.514] [bbotk] Starting to optimize 3 parameter(s) with '<OptimizerBatchRandomSearch>' and '<TerminatorEvals> [n_evals=10, k=0]'
INFO  [17:31:54.524] [bbotk] Evaluating 1 configuration(s)
INFO  [17:31:54.747] [bbotk] Result of batch 1:
INFO  [17:31:54.749] [bbotk]  nrounds        eta max_depth  classif.ce warnings errors runtime_learners
INFO  [17:31:54.749] [bbotk]      241 0.05271408         3 0.004046544        0      0            0.173
INFO  [17:31:54.749] [bbotk]                                 uhash
INFO  [17:31:54.749] [bbotk]  7febdf53-7051-4371-9a61-9d6bb25276c7
INFO  [17:31:54.763] [bbotk] Evaluating 1 configuration(s)
INFO  [17:31:54.930] [bbotk] Result of batch 2:
INFO  [17:31:54.931] [bbotk]  nrounds       eta max_depth  classif.ce warnings errors runtime_learners
INFO  [17:31:54.931] [bbotk]      160 0.1482898         8 0.005062786        0      0            0.122
INFO  [17:31:54.931] [bbotk]                                 uhash
INFO  [17:31:54.931] [bbotk]  3da88cc9-de0a-4cef-8cb5-c1311ba0a1f6
INFO  [17:31:54.940] [bbotk] Evaluating 1 configuration(s)
INFO  [17:31:55.057] [bbotk] Result of batch 3:
INFO  [17:31:55.058] [bbotk]  nrounds       eta max_depth  classif.ce warnings errors runtime_learners
INFO  [17:31:55.058] [bbotk]       90 0.2657176         3 0.004046544        0      0            0.071
INFO  [17:31:55.058] [bbotk]                                 uhash
INFO  [17:31:55.058] [bbotk]  540c4334-b681-4572-a1dd-921f62d355fc
INFO  [17:31:55.069] [bbotk] Evaluating 1 configuration(s)
INFO  [17:31:55.260] [bbotk] Result of batch 4:
INFO  [17:31:55.262] [bbotk]  nrounds        eta max_depth  classif.ce warnings errors runtime_learners
INFO  [17:31:55.262] [bbotk]      230 0.08837357         4 0.005059716        0      0            0.136
INFO  [17:31:55.262] [bbotk]                                 uhash
INFO  [17:31:55.262] [bbotk]  d7c6394f-7549-442f-9281-7f28f4d202ad
INFO  [17:31:55.272] [bbotk] Evaluating 1 configuration(s)
INFO  [17:31:55.388] [bbotk] Result of batch 5:
INFO  [17:31:55.389] [bbotk]  nrounds       eta max_depth  classif.ce warnings errors runtime_learners
INFO  [17:31:55.389] [bbotk]       63 0.2452476        10 0.005062786        0      0            0.058
INFO  [17:31:55.389] [bbotk]                                 uhash
INFO  [17:31:55.389] [bbotk]  be17906b-9fc8-4ae2-ba3a-6d1f2cb7025b
INFO  [17:31:55.393] [bbotk] Evaluating 1 configuration(s)
INFO  [17:31:55.570] [bbotk] Result of batch 6:
INFO  [17:31:55.572] [bbotk]  nrounds       eta max_depth  classif.ce warnings errors runtime_learners
INFO  [17:31:55.572] [bbotk]      159 0.1679835         7 0.005062786        0      0            0.119
INFO  [17:31:55.572] [bbotk]                                 uhash
INFO  [17:31:55.572] [bbotk]  7c640325-f1fc-47ca-9785-59d129cf9418
INFO  [17:31:55.576] [bbotk] Evaluating 1 configuration(s)
INFO  [17:31:55.829] [bbotk] Result of batch 7:
INFO  [17:31:55.830] [bbotk]  nrounds        eta max_depth  classif.ce warnings errors runtime_learners
INFO  [17:31:55.830] [bbotk]      176 0.05104826        10 0.005062786        0      0            0.201
INFO  [17:31:55.830] [bbotk]                                 uhash
INFO  [17:31:55.830] [bbotk]  0611be32-6fb6-430c-bffa-3c18f6031349
INFO  [17:31:55.834] [bbotk] Evaluating 1 configuration(s)
INFO  [17:31:56.004] [bbotk] Result of batch 8:
INFO  [17:31:56.006] [bbotk]  nrounds       eta max_depth  classif.ce warnings errors runtime_learners
INFO  [17:31:56.006] [bbotk]      208 0.2239547        10 0.005062786        0      0            0.121
INFO  [17:31:56.006] [bbotk]                                 uhash
INFO  [17:31:56.006] [bbotk]  3600deb9-a21b-4f1d-a0bd-73b2e7ba5edf
INFO  [17:31:56.030] [bbotk] Evaluating 1 configuration(s)
INFO  [17:31:56.203] [bbotk] Result of batch 9:
INFO  [17:31:56.205] [bbotk]  nrounds       eta max_depth  classif.ce warnings errors runtime_learners
INFO  [17:31:56.205] [bbotk]      264 0.2145634        10 0.005062786        0      0            0.135
INFO  [17:31:56.205] [bbotk]                                 uhash
INFO  [17:31:56.205] [bbotk]  c6a68ade-22fc-47ba-86d3-c97e6e172140
INFO  [17:31:56.215] [bbotk] Evaluating 1 configuration(s)
INFO  [17:31:56.322] [bbotk] Result of batch 10:
INFO  [17:31:56.324] [bbotk]  nrounds       eta max_depth  classif.ce warnings errors runtime_learners
INFO  [17:31:56.324] [bbotk]       59 0.1721545         5 0.005062786        0      0            0.056
INFO  [17:31:56.324] [bbotk]                                 uhash
INFO  [17:31:56.324] [bbotk]  b3b6077b-9171-4d19-9c8d-6927b90ecb02
INFO  [17:31:56.345] [bbotk] Finished optimizing after 10 evaluation(s)
INFO  [17:31:56.346] [bbotk] Result:
INFO  [17:31:56.348] [bbotk]  nrounds        eta max_depth learner_param_vals  x_domain  classif.ce
INFO  [17:31:56.348] [bbotk]    <int>      <num>     <int>             <list>    <list>       <num>
INFO  [17:31:56.348] [bbotk]      241 0.05271408         3          <list[5]> <list[3]> 0.004046544
INFO  [17:31:56.457] [bbotk] Starting to optimize 3 parameter(s) with '<OptimizerBatchRandomSearch>' and '<TerminatorEvals> [n_evals=10, k=0]'
INFO  [17:31:56.479] [bbotk] Evaluating 1 configuration(s)
INFO  [17:31:56.601] [bbotk] Result of batch 1:
INFO  [17:31:56.603] [bbotk]  nrounds       eta max_depth  classif.ce warnings errors runtime_learners
INFO  [17:31:56.603] [bbotk]      124 0.2250845         2 0.003033373        0      0            0.069
INFO  [17:31:56.603] [bbotk]                                 uhash
INFO  [17:31:56.603] [bbotk]  816a7c6e-a049-4c31-97fa-e2d9e21a2824
INFO  [17:31:56.613] [bbotk] Evaluating 1 configuration(s)
INFO  [17:31:56.797] [bbotk] Result of batch 2:
INFO  [17:31:56.799] [bbotk]  nrounds       eta max_depth classif.ce warnings errors runtime_learners
INFO  [17:31:56.799] [bbotk]      289 0.1204039         4 0.00910933        0      0            0.148
INFO  [17:31:56.799] [bbotk]                                 uhash
INFO  [17:31:56.799] [bbotk]  e665acca-1084-4bb2-94a4-0c2a4e05c821
INFO  [17:31:56.808] [bbotk] Evaluating 1 configuration(s)
INFO  [17:31:56.986] [bbotk] Result of batch 3:
INFO  [17:31:56.988] [bbotk]  nrounds        eta max_depth classif.ce warnings errors runtime_learners
INFO  [17:31:56.988] [bbotk]      145 0.06923025         6 0.00910626        0      0            0.134
INFO  [17:31:56.988] [bbotk]                                 uhash
INFO  [17:31:56.988] [bbotk]  39e3ed42-c578-4ca4-8232-0487b81a6830
INFO  [17:31:56.996] [bbotk] Evaluating 1 configuration(s)
INFO  [17:31:57.143] [bbotk] Result of batch 4:
INFO  [17:31:57.146] [bbotk]  nrounds       eta max_depth classif.ce warnings errors runtime_learners
INFO  [17:31:57.146] [bbotk]      203 0.2751804         5 0.00910626        0      0            0.104
INFO  [17:31:57.146] [bbotk]                                 uhash
INFO  [17:31:57.146] [bbotk]  6ae73be7-efaf-4f4b-85ae-3fb56a6906e4
INFO  [17:31:57.161] [bbotk] Evaluating 1 configuration(s)
INFO  [17:31:57.288] [bbotk] Result of batch 5:
INFO  [17:31:57.291] [bbotk]  nrounds       eta max_depth classif.ce warnings errors runtime_learners
INFO  [17:31:57.291] [bbotk]       51 0.1818675         8  0.0111326        0      0            0.066
INFO  [17:31:57.291] [bbotk]                                 uhash
INFO  [17:31:57.291] [bbotk]  f8770f76-18e2-4acd-ae69-6bb9583b2c9c
INFO  [17:31:57.295] [bbotk] Evaluating 1 configuration(s)
INFO  [17:31:57.499] [bbotk] Result of batch 6:
INFO  [17:31:57.500] [bbotk]  nrounds        eta max_depth classif.ce warnings errors runtime_learners
INFO  [17:31:57.500] [bbotk]      155 0.04042048         5  0.0111326        0      0            0.167
INFO  [17:31:57.500] [bbotk]                                 uhash
INFO  [17:31:57.500] [bbotk]  61856f60-4470-4a77-a370-d180a6d7c783
INFO  [17:31:57.509] [bbotk] Evaluating 1 configuration(s)
INFO  [17:31:57.748] [bbotk] Result of batch 7:
INFO  [17:31:57.749] [bbotk]  nrounds       eta max_depth classif.ce warnings errors runtime_learners
INFO  [17:31:57.749] [bbotk]      248 0.1016103         7 0.00910626        0      0            0.169
INFO  [17:31:57.749] [bbotk]                                 uhash
INFO  [17:31:57.749] [bbotk]  e7c0d6a0-6ca6-468c-bbf7-c8b1c421a3f1
INFO  [17:31:57.756] [bbotk] Evaluating 1 configuration(s)
INFO  [17:31:58.045] [bbotk] Result of batch 8:
INFO  [17:31:58.047] [bbotk]  nrounds        eta max_depth classif.ce warnings errors runtime_learners
INFO  [17:31:58.047] [bbotk]      245 0.02364438        10 0.01011943        0      0            0.244
INFO  [17:31:58.047] [bbotk]                                 uhash
INFO  [17:31:58.047] [bbotk]  cdc85d12-4a17-4482-9ea3-fad1749c646b
INFO  [17:31:58.053] [bbotk] Evaluating 1 configuration(s)
INFO  [17:31:58.162] [bbotk] Result of batch 9:
INFO  [17:31:58.163] [bbotk]  nrounds       eta max_depth  classif.ce warnings errors runtime_learners
INFO  [17:31:58.163] [bbotk]      125 0.2471077         9 0.007082988        0      0            0.077
INFO  [17:31:58.163] [bbotk]                                 uhash
INFO  [17:31:58.163] [bbotk]  e2409400-362b-4626-bdcd-9f3272efa5a5
INFO  [17:31:58.168] [bbotk] Evaluating 1 configuration(s)
INFO  [17:31:58.317] [bbotk] Result of batch 10:
INFO  [17:31:58.319] [bbotk]  nrounds       eta max_depth classif.ce warnings errors runtime_learners
INFO  [17:31:58.319] [bbotk]      131 0.1756417        10 0.00910626        0      0            0.103
INFO  [17:31:58.319] [bbotk]                                 uhash
INFO  [17:31:58.319] [bbotk]  926f9eee-6d59-4aae-82e2-11b7c9a21087
INFO  [17:31:58.328] [bbotk] Finished optimizing after 10 evaluation(s)
INFO  [17:31:58.328] [bbotk] Result:
INFO  [17:31:58.329] [bbotk]  nrounds       eta max_depth learner_param_vals  x_domain  classif.ce
INFO  [17:31:58.329] [bbotk]    <int>     <num>     <int>             <list>    <list>       <num>
INFO  [17:31:58.329] [bbotk]      124 0.2250845         2          <list[5]> <list[3]> 0.003033373
INFO  [17:31:58.403] [bbotk] Starting to optimize 3 parameter(s) with '<OptimizerBatchRandomSearch>' and '<TerminatorEvals> [n_evals=10, k=0]'
INFO  [17:31:58.424] [bbotk] Evaluating 1 configuration(s)
INFO  [17:31:58.580] [bbotk] Result of batch 1:
INFO  [17:31:58.581] [bbotk]  nrounds       eta max_depth classif.ce warnings errors runtime_learners
INFO  [17:31:58.581] [bbotk]      275 0.1430524         5 0.01113874        0      0             0.12
INFO  [17:31:58.581] [bbotk]                                 uhash
INFO  [17:31:58.581] [bbotk]  dff4ad9f-3cb4-4a68-82b0-0a95b98875cf
INFO  [17:31:58.585] [bbotk] Evaluating 1 configuration(s)
INFO  [17:31:58.724] [bbotk] Result of batch 2:
INFO  [17:31:58.725] [bbotk]  nrounds       eta max_depth classif.ce warnings errors runtime_learners
INFO  [17:31:58.725] [bbotk]      149 0.2874857         8 0.01113874        0      0            0.087
INFO  [17:31:58.725] [bbotk]                                 uhash
INFO  [17:31:58.725] [bbotk]  ac9e0c5d-877d-4646-94fa-6c5829944844
INFO  [17:31:58.736] [bbotk] Evaluating 1 configuration(s)
INFO  [17:31:58.851] [bbotk] Result of batch 3:
INFO  [17:31:58.853] [bbotk]  nrounds       eta max_depth classif.ce warnings errors runtime_learners
INFO  [17:31:58.853] [bbotk]      152 0.2040156         9 0.01215191        0      0            0.075
INFO  [17:31:58.853] [bbotk]                                 uhash
INFO  [17:31:58.853] [bbotk]  af662b41-cb39-4bd4-9a27-2f25730482a6
INFO  [17:31:58.863] [bbotk] Evaluating 1 configuration(s)
INFO  [17:31:59.026] [bbotk] Result of batch 4:
INFO  [17:31:59.027] [bbotk]  nrounds       eta max_depth classif.ce warnings errors runtime_learners
INFO  [17:31:59.027] [bbotk]      230 0.1160137         4 0.01316509        0      0            0.128
INFO  [17:31:59.027] [bbotk]                                 uhash
INFO  [17:31:59.027] [bbotk]  64d909e5-9462-481c-be1f-9d9efc67dc93
INFO  [17:31:59.036] [bbotk] Evaluating 1 configuration(s)
INFO  [17:31:59.321] [bbotk] Result of batch 5:
INFO  [17:31:59.322] [bbotk]  nrounds        eta max_depth classif.ce warnings errors runtime_learners
INFO  [17:31:59.322] [bbotk]      247 0.01871138         3 0.02227442        0      0            0.215
INFO  [17:31:59.322] [bbotk]                                 uhash
INFO  [17:31:59.322] [bbotk]  7ef61abc-3a7c-4732-94c4-99c334eede24
INFO  [17:31:59.332] [bbotk] Evaluating 1 configuration(s)
INFO  [17:31:59.514] [bbotk] Result of batch 6:
INFO  [17:31:59.515] [bbotk]  nrounds       eta max_depth classif.ce warnings errors runtime_learners
INFO  [17:31:59.515] [bbotk]      229 0.0401533         2 0.02227442        0      0            0.131
INFO  [17:31:59.515] [bbotk]                                 uhash
INFO  [17:31:59.515] [bbotk]  f539bfbd-a1c7-4b57-8154-3fae2de355dd
INFO  [17:31:59.519] [bbotk] Evaluating 1 configuration(s)
INFO  [17:31:59.639] [bbotk] Result of batch 7:
INFO  [17:31:59.640] [bbotk]  nrounds       eta max_depth classif.ce warnings errors runtime_learners
INFO  [17:31:59.640] [bbotk]       59 0.2406388         4 0.01113874        0      0            0.074
INFO  [17:31:59.640] [bbotk]                                 uhash
INFO  [17:31:59.640] [bbotk]  449d6365-803f-41da-bc48-8e2dc86d7d10
INFO  [17:31:59.647] [bbotk] Evaluating 1 configuration(s)
INFO  [17:31:59.803] [bbotk] Result of batch 8:
INFO  [17:31:59.805] [bbotk]  nrounds       eta max_depth classif.ce warnings errors runtime_learners
INFO  [17:31:59.805] [bbotk]      278 0.2153558         8 0.01316202        0      0            0.115
INFO  [17:31:59.805] [bbotk]                                 uhash
INFO  [17:31:59.805] [bbotk]  1bbd819c-4ada-4c05-ad4e-0e2c1cd97c05
INFO  [17:31:59.815] [bbotk] Evaluating 1 configuration(s)
INFO  [17:32:00.004] [bbotk] Result of batch 9:
INFO  [17:32:00.005] [bbotk]  nrounds        eta max_depth classif.ce warnings errors runtime_learners
INFO  [17:32:00.005] [bbotk]      205 0.09099046         8 0.01113874        0      0             0.13
INFO  [17:32:00.005] [bbotk]                                 uhash
INFO  [17:32:00.005] [bbotk]  586df9f1-bcb5-4ee5-a75d-8b67e4b92d2d
INFO  [17:32:00.009] [bbotk] Evaluating 1 configuration(s)
INFO  [17:32:00.148] [bbotk] Result of batch 10:
INFO  [17:32:00.150] [bbotk]  nrounds       eta max_depth classif.ce warnings errors runtime_learners
INFO  [17:32:00.150] [bbotk]      141 0.1948257         9 0.01215498        0      0            0.089
INFO  [17:32:00.150] [bbotk]                                 uhash
INFO  [17:32:00.150] [bbotk]  17adee72-85c4-4195-9e68-20e87b334013
INFO  [17:32:00.162] [bbotk] Finished optimizing after 10 evaluation(s)
INFO  [17:32:00.162] [bbotk] Result:
INFO  [17:32:00.164] [bbotk]  nrounds       eta max_depth learner_param_vals  x_domain classif.ce
INFO  [17:32:00.164] [bbotk]    <int>     <num>     <int>             <list>    <list>      <num>
INFO  [17:32:00.164] [bbotk]      275 0.1430524         5          <list[5]> <list[3]> 0.01113874
[1] -106.3197
[1] 71.30862
Warning: glm.fit: algorithm did not converge
This happened PipeOp classif.xgboost's $train()
Warning: glm.fit: fitted probabilities numerically 0 or 1 occurred
This happened PipeOp classif.xgboost's $train()
Warning: glm.fit: algorithm did not converge
This happened PipeOp classif.xgboost's $train()
Warning: glm.fit: fitted probabilities numerically 0 or 1 occurred
This happened PipeOp classif.xgboost's $train()
[1] 50.2452
[1] 837.8441
[1] -17.68707
[1] 98.64654
Warning: glm.fit: algorithm did not converge
This happened PipeOp classif.xgboost's $train()
Warning: glm.fit: fitted probabilities numerically 0 or 1 occurred
This happened PipeOp classif.xgboost's $train()
Warning: glm.fit: algorithm did not converge
This happened PipeOp classif.xgboost's $train()
Warning: glm.fit: fitted probabilities numerically 0 or 1 occurred
This happened PipeOp classif.xgboost's $train()
[1] -1966.064
[1] -80.25386
Warning: glm.fit: algorithm did not converge
This happened PipeOp classif.xgboost's $train()
Warning: glm.fit: fitted probabilities numerically 0 or 1 occurred
This happened PipeOp classif.xgboost's $train()
Warning: glm.fit: algorithm did not converge
This happened PipeOp classif.xgboost's $train()
Warning: glm.fit: fitted probabilities numerically 0 or 1 occurred
This happened PipeOp classif.xgboost's $train()
[1] 45.79106
[1] 790.7373

### [bt]: Job terminated successfully [batchtools job.id=3433]
### [bt]: Starting job [batchtools job.id=3434]
### [bt]: Generating problem instance for problem '6fbfe6520e3d949c' ...
### [bt]: Applying algorithm 'run_learner' on problem '6fbfe6520e3d949c' for job 3434 (seed = 3435) ...
INFO  [17:32:00.447] [mlr3] Applying learner 'classif.xgboost.tuned_calib.perfold_beta' on task 'banknote-authentication' (iter 4/10)
INFO  [17:32:00.495] [bbotk] Starting to optimize 3 parameter(s) with '<OptimizerBatchRandomSearch>' and '<TerminatorEvals> [n_evals=10, k=0]'
INFO  [17:32:00.514] [bbotk] Evaluating 1 configuration(s)
INFO  [17:32:00.709] [bbotk] Result of batch 1:
INFO  [17:32:00.710] [bbotk]  nrounds     eta max_depth  classif.ce warnings errors runtime_learners
INFO  [17:32:00.710] [bbotk]      228 0.27756         8 0.008099229        0      0            0.126
INFO  [17:32:00.710] [bbotk]                                 uhash
INFO  [17:32:00.710] [bbotk]  ae9369f3-a1b4-4b0a-9d41-adb684f11c1e
INFO  [17:32:00.721] [bbotk] Evaluating 1 configuration(s)
INFO  [17:32:00.913] [bbotk] Result of batch 2:
INFO  [17:32:00.915] [bbotk]  nrounds       eta max_depth  classif.ce warnings errors runtime_learners
INFO  [17:32:00.915] [bbotk]      285 0.1303508         7 0.009112401        0      0            0.134
INFO  [17:32:00.915] [bbotk]                                 uhash
INFO  [17:32:00.915] [bbotk]  321f70d1-61c0-4598-a61b-c2a3ac491b1d
INFO  [17:32:00.926] [bbotk] Evaluating 1 configuration(s)
INFO  [17:32:01.083] [bbotk] Result of batch 3:
INFO  [17:32:01.085] [bbotk]  nrounds      eta max_depth classif.ce warnings errors runtime_learners
INFO  [17:32:01.085] [bbotk]      236 0.281309         7 0.00910933        0      0            0.104
INFO  [17:32:01.085] [bbotk]                                 uhash
INFO  [17:32:01.085] [bbotk]  05b21307-c9e3-4bf9-a9b4-0a0a6fa03345
INFO  [17:32:01.093] [bbotk] Evaluating 1 configuration(s)
INFO  [17:32:01.312] [bbotk] Result of batch 4:
INFO  [17:32:01.313] [bbotk]  nrounds       eta max_depth classif.ce warnings errors runtime_learners
INFO  [17:32:01.313] [bbotk]      195 0.0755378         8  0.0101225        0      0             0.17
INFO  [17:32:01.313] [bbotk]                                 uhash
INFO  [17:32:01.313] [bbotk]  a9b1cc27-d869-477f-9389-3e8d237580f3
INFO  [17:32:01.317] [bbotk] Evaluating 1 configuration(s)
INFO  [17:32:01.479] [bbotk] Result of batch 5:
INFO  [17:32:01.481] [bbotk]  nrounds       eta max_depth  classif.ce warnings errors runtime_learners
INFO  [17:32:01.481] [bbotk]      132 0.1264977         7 0.009112401        0      0              0.1
INFO  [17:32:01.481] [bbotk]                                 uhash
INFO  [17:32:01.481] [bbotk]  4d67341b-b1d1-446d-8311-f0c723da4352
INFO  [17:32:01.488] [bbotk] Evaluating 1 configuration(s)
INFO  [17:32:01.660] [bbotk] Result of batch 6:
INFO  [17:32:01.662] [bbotk]  nrounds       eta max_depth classif.ce warnings errors runtime_learners
INFO  [17:32:01.662] [bbotk]      137 0.2372792         8 0.01012557        0      0            0.096
INFO  [17:32:01.662] [bbotk]                                 uhash
INFO  [17:32:01.662] [bbotk]  0d5d66ac-f011-41bf-8559-502e04baaaf3
INFO  [17:32:01.673] [bbotk] Evaluating 1 configuration(s)
INFO  [17:32:01.806] [bbotk] Result of batch 7:
INFO  [17:32:01.807] [bbotk]  nrounds        eta max_depth classif.ce warnings errors runtime_learners
INFO  [17:32:01.807] [bbotk]       64 0.08900902         4 0.01517608        0      0            0.087
INFO  [17:32:01.807] [bbotk]                                 uhash
INFO  [17:32:01.807] [bbotk]  3ea8cbbc-53da-49fb-940e-6405364b31bb
INFO  [17:32:01.811] [bbotk] Evaluating 1 configuration(s)
INFO  [17:32:01.952] [bbotk] Result of batch 8:
INFO  [17:32:01.954] [bbotk]  nrounds       eta max_depth  classif.ce warnings errors runtime_learners
INFO  [17:32:01.954] [bbotk]      171 0.2737831         5 0.008099229        0      0            0.108
INFO  [17:32:01.954] [bbotk]                                 uhash
INFO  [17:32:01.954] [bbotk]  a19865f6-3f3d-45d7-b2e7-92a9a45482af
INFO  [17:32:01.962] [bbotk] Evaluating 1 configuration(s)
INFO  [17:32:02.147] [bbotk] Result of batch 9:
INFO  [17:32:02.149] [bbotk]  nrounds        eta max_depth  classif.ce warnings errors runtime_learners
INFO  [17:32:02.149] [bbotk]      161 0.07322592         3 0.005053575        0      0            0.138
INFO  [17:32:02.149] [bbotk]                                 uhash
INFO  [17:32:02.149] [bbotk]  497f6079-df4b-4a06-bdd8-fdbf780c7cbb
INFO  [17:32:02.161] [bbotk] Evaluating 1 configuration(s)
INFO  [17:32:02.417] [bbotk] Result of batch 10:
INFO  [17:32:02.419] [bbotk]  nrounds      eta max_depth  classif.ce warnings errors runtime_learners
INFO  [17:32:02.419] [bbotk]      292 0.139029         3 0.004043474        0      0            0.202
INFO  [17:32:02.419] [bbotk]                                 uhash
INFO  [17:32:02.419] [bbotk]  90be99c8-34cd-4f82-b98f-078d079f302e
INFO  [17:32:02.431] [bbotk] Finished optimizing after 10 evaluation(s)
INFO  [17:32:02.431] [bbotk] Result:
INFO  [17:32:02.433] [bbotk]  nrounds      eta max_depth learner_param_vals  x_domain  classif.ce
INFO  [17:32:02.433] [bbotk]    <int>    <num>     <int>             <list>    <list>       <num>
INFO  [17:32:02.433] [bbotk]      292 0.139029         3          <list[5]> <list[3]> 0.004043474
INFO  [17:32:02.565] [bbotk] Starting to optimize 3 parameter(s) with '<OptimizerBatchRandomSearch>' and '<TerminatorEvals> [n_evals=10, k=0]'
INFO  [17:32:02.586] [bbotk] Evaluating 1 configuration(s)
INFO  [17:32:02.762] [bbotk] Result of batch 1:
INFO  [17:32:02.763] [bbotk]  nrounds       eta max_depth  classif.ce warnings errors runtime_learners
INFO  [17:32:02.763] [bbotk]      232 0.1821794         6 0.007082988        0      0            0.104
INFO  [17:32:02.763] [bbotk]                                 uhash
INFO  [17:32:02.763] [bbotk]  865ccea0-5629-4479-9a18-206dc78b958a
INFO  [17:32:02.767] [bbotk] Evaluating 1 configuration(s)
INFO  [17:32:02.942] [bbotk] Result of batch 2:
INFO  [17:32:02.943] [bbotk]  nrounds       eta max_depth classif.ce warnings errors runtime_learners
INFO  [17:32:02.943] [bbotk]      240 0.1776786         5 0.00910319        0      0            0.115
INFO  [17:32:02.943] [bbotk]                                 uhash
INFO  [17:32:02.943] [bbotk]  941c2e15-e8a8-467a-a16c-a02c41c06c58
INFO  [17:32:02.954] [bbotk] Evaluating 1 configuration(s)
INFO  [17:32:03.107] [bbotk] Result of batch 3:
INFO  [17:32:03.109] [bbotk]  nrounds        eta max_depth classif.ce warnings errors runtime_learners
INFO  [17:32:03.109] [bbotk]       83 0.03945649         8 0.01517915        0      0            0.113
INFO  [17:32:03.109] [bbotk]                                 uhash
INFO  [17:32:03.109] [bbotk]  eafde3de-7fe2-438b-a191-336098fd6a84
INFO  [17:32:03.121] [bbotk] Evaluating 1 configuration(s)
INFO  [17:32:03.239] [bbotk] Result of batch 4:
INFO  [17:32:03.240] [bbotk]  nrounds       eta max_depth classif.ce warnings errors runtime_learners
INFO  [17:32:03.240] [bbotk]       50 0.1126211         5  0.0111326        0      0            0.079
INFO  [17:32:03.240] [bbotk]                                 uhash
INFO  [17:32:03.240] [bbotk]  93b089f4-a159-4243-9d39-2891e03ef6f3
INFO  [17:32:03.244] [bbotk] Evaluating 1 configuration(s)
INFO  [17:32:03.451] [bbotk] Result of batch 5:
INFO  [17:32:03.456] [bbotk]  nrounds       eta max_depth  classif.ce warnings errors runtime_learners
INFO  [17:32:03.456] [bbotk]      262 0.1635846         8 0.008099229        0      0             0.16
INFO  [17:32:03.456] [bbotk]                                 uhash
INFO  [17:32:03.456] [bbotk]  fb1c34b2-4a42-44fc-a711-45edf78e7526
INFO  [17:32:03.470] [bbotk] Evaluating 1 configuration(s)
INFO  [17:32:03.573] [bbotk] Result of batch 6:
INFO  [17:32:03.574] [bbotk]  nrounds       eta max_depth  classif.ce warnings errors runtime_learners
INFO  [17:32:03.574] [bbotk]       59 0.2721588         3 0.006069817        0      0            0.055
INFO  [17:32:03.574] [bbotk]                                 uhash
INFO  [17:32:03.574] [bbotk]  b1a6be5a-48f0-4850-9abc-815b4561284d
INFO  [17:32:03.580] [bbotk] Evaluating 1 configuration(s)
INFO  [17:32:03.705] [bbotk] Result of batch 7:
INFO  [17:32:03.706] [bbotk]  nrounds      eta max_depth  classif.ce warnings errors runtime_learners
INFO  [17:32:03.706] [bbotk]       61 0.135994         9 0.008096159        0      0            0.075
INFO  [17:32:03.706] [bbotk]                                 uhash
INFO  [17:32:03.706] [bbotk]  74f7a183-0625-4daf-a355-3cabd34630b4
INFO  [17:32:03.712] [bbotk] Evaluating 1 configuration(s)
INFO  [17:32:03.876] [bbotk] Result of batch 8:
INFO  [17:32:03.879] [bbotk]  nrounds       eta max_depth  classif.ce warnings errors runtime_learners
INFO  [17:32:03.879] [bbotk]      146 0.1251626         4 0.007082988        0      0            0.107
INFO  [17:32:03.879] [bbotk]                                 uhash
INFO  [17:32:03.879] [bbotk]  218dd7ea-c79b-40b4-888f-f61ca0791fca
INFO  [17:32:03.894] [bbotk] Evaluating 1 configuration(s)
INFO  [17:32:04.062] [bbotk] Result of batch 9:
INFO  [17:32:04.063] [bbotk]  nrounds       eta max_depth  classif.ce warnings errors runtime_learners
INFO  [17:32:04.063] [bbotk]      232 0.2119495         9 0.008093089        0      0            0.119
INFO  [17:32:04.063] [bbotk]                                 uhash
INFO  [17:32:04.063] [bbotk]  c681bfbd-b998-4b00-b982-3ac52864be1b
INFO  [17:32:04.067] [bbotk] Evaluating 1 configuration(s)
INFO  [17:32:04.185] [bbotk] Result of batch 10:
INFO  [17:32:04.186] [bbotk]  nrounds       eta max_depth  classif.ce warnings errors runtime_learners
INFO  [17:32:04.186] [bbotk]      140 0.2647937         8 0.008093089        0      0             0.08
INFO  [17:32:04.186] [bbotk]                                 uhash
INFO  [17:32:04.186] [bbotk]  c50e0483-10d6-498a-96fa-2bd0db28acc4
INFO  [17:32:04.197] [bbotk] Finished optimizing after 10 evaluation(s)
INFO  [17:32:04.198] [bbotk] Result:
INFO  [17:32:04.200] [bbotk]  nrounds       eta max_depth learner_param_vals  x_domain  classif.ce
INFO  [17:32:04.200] [bbotk]    <int>     <num>     <int>             <list>    <list>       <num>
INFO  [17:32:04.200] [bbotk]       59 0.2721588         3          <list[5]> <list[3]> 0.006069817
INFO  [17:32:04.277] [bbotk] Starting to optimize 3 parameter(s) with '<OptimizerBatchRandomSearch>' and '<TerminatorEvals> [n_evals=10, k=0]'
INFO  [17:32:04.295] [bbotk] Evaluating 1 configuration(s)
INFO  [17:32:04.506] [bbotk] Result of batch 1:
INFO  [17:32:04.507] [bbotk]  nrounds       eta max_depth  classif.ce warnings errors runtime_learners
INFO  [17:32:04.507] [bbotk]      287 0.1192498         5 0.009112401        0      0             0.16
INFO  [17:32:04.507] [bbotk]                                 uhash
INFO  [17:32:04.507] [bbotk]  30aa42ab-17ce-44e4-ba4e-7f99ebc5ac00
INFO  [17:32:04.512] [bbotk] Evaluating 1 configuration(s)
INFO  [17:32:04.722] [bbotk] Result of batch 2:
INFO  [17:32:04.723] [bbotk]  nrounds        eta max_depth  classif.ce warnings errors runtime_learners
INFO  [17:32:04.723] [bbotk]      280 0.05625144         6 0.007086058        0      0            0.168
INFO  [17:32:04.723] [bbotk]                                 uhash
INFO  [17:32:04.723] [bbotk]  a5a0f03b-c32a-4f9f-a816-e13edcf2cd49
INFO  [17:32:04.727] [bbotk] Evaluating 1 configuration(s)
INFO  [17:32:04.880] [bbotk] Result of batch 3:
INFO  [17:32:04.883] [bbotk]  nrounds       eta max_depth  classif.ce warnings errors runtime_learners
INFO  [17:32:04.883] [bbotk]      239 0.2697349         8 0.006072887        0      0            0.106
INFO  [17:32:04.883] [bbotk]                                 uhash
INFO  [17:32:04.883] [bbotk]  c821063a-931b-42a7-8b7e-94759bc7828e
INFO  [17:32:04.894] [bbotk] Evaluating 1 configuration(s)
INFO  [17:32:05.099] [bbotk] Result of batch 4:
INFO  [17:32:05.100] [bbotk]  nrounds        eta max_depth classif.ce warnings errors runtime_learners
INFO  [17:32:05.100] [bbotk]      157 0.02704736         6 0.01417212        0      0            0.167
INFO  [17:32:05.100] [bbotk]                                 uhash
INFO  [17:32:05.100] [bbotk]  05fb298b-325b-4e13-ac72-04ad8432f144
INFO  [17:32:05.108] [bbotk] Evaluating 1 configuration(s)
INFO  [17:32:05.250] [bbotk] Result of batch 5:
INFO  [17:32:05.252] [bbotk]  nrounds       eta max_depth  classif.ce warnings errors runtime_learners
INFO  [17:32:05.252] [bbotk]      230 0.2951713        10 0.006072887        0      0            0.091
INFO  [17:32:05.252] [bbotk]                                 uhash
INFO  [17:32:05.252] [bbotk]  2ce707bd-bc1e-48f0-a71f-3e30a983ae5b
INFO  [17:32:05.260] [bbotk] Evaluating 1 configuration(s)
INFO  [17:32:05.423] [bbotk] Result of batch 6:
INFO  [17:32:05.424] [bbotk]  nrounds       eta max_depth  classif.ce warnings errors runtime_learners
INFO  [17:32:05.424] [bbotk]      171 0.2074963         8 0.006072887        0      0            0.114
INFO  [17:32:05.424] [bbotk]                                 uhash
INFO  [17:32:05.424] [bbotk]  3b09b178-4031-497c-a835-ddf4c0cd8e45
INFO  [17:32:05.429] [bbotk] Evaluating 1 configuration(s)
INFO  [17:32:05.593] [bbotk] Result of batch 7:
INFO  [17:32:05.594] [bbotk]  nrounds       eta max_depth  classif.ce warnings errors runtime_learners
INFO  [17:32:05.594] [bbotk]      207 0.1975018         5 0.007086058        0      0             0.12
INFO  [17:32:05.594] [bbotk]                                 uhash
INFO  [17:32:05.594] [bbotk]  7540ea22-1068-4ea8-9df8-e8c667cbec32
INFO  [17:32:05.598] [bbotk] Evaluating 1 configuration(s)
INFO  [17:32:05.748] [bbotk] Result of batch 8:
INFO  [17:32:05.749] [bbotk]  nrounds       eta max_depth  classif.ce warnings errors runtime_learners
INFO  [17:32:05.749] [bbotk]      204 0.2809586         5 0.006072887        0      0            0.107
INFO  [17:32:05.749] [bbotk]                                 uhash
INFO  [17:32:05.749] [bbotk]  f9def4da-4a15-45cf-ba6f-482f9c61c1c1
INFO  [17:32:05.753] [bbotk] Evaluating 1 configuration(s)
INFO  [17:32:05.951] [bbotk] Result of batch 9:
INFO  [17:32:05.952] [bbotk]  nrounds       eta max_depth  classif.ce warnings errors runtime_learners
INFO  [17:32:05.952] [bbotk]      285 0.2875887         4 0.007089128        0      0             0.14
INFO  [17:32:05.952] [bbotk]                                 uhash
INFO  [17:32:05.952] [bbotk]  6faea921-c6ba-4ba2-98ae-daf7e409c8da
INFO  [17:32:05.958] [bbotk] Evaluating 1 configuration(s)
INFO  [17:32:06.133] [bbotk] Result of batch 10:
INFO  [17:32:06.135] [bbotk]  nrounds       eta max_depth  classif.ce warnings errors runtime_learners
INFO  [17:32:06.135] [bbotk]      294 0.1156214         2 0.005062786        0      0            0.125
INFO  [17:32:06.135] [bbotk]                                 uhash
INFO  [17:32:06.135] [bbotk]  1b9cf79d-60f5-447c-82cd-94c59de7c6bf
INFO  [17:32:06.153] [bbotk] Finished optimizing after 10 evaluation(s)
INFO  [17:32:06.154] [bbotk] Result:
INFO  [17:32:06.154] [bbotk]  nrounds       eta max_depth learner_param_vals  x_domain  classif.ce
INFO  [17:32:06.154] [bbotk]    <int>     <num>     <int>             <list>    <list>       <num>
INFO  [17:32:06.154] [bbotk]      294 0.1156214         2          <list[5]> <list[3]> 0.005062786
INFO  [17:32:06.267] [bbotk] Starting to optimize 3 parameter(s) with '<OptimizerBatchRandomSearch>' and '<TerminatorEvals> [n_evals=10, k=0]'
INFO  [17:32:06.281] [bbotk] Evaluating 1 configuration(s)
INFO  [17:32:06.493] [bbotk] Result of batch 1:
INFO  [17:32:06.494] [bbotk]  nrounds        eta max_depth classif.ce warnings errors runtime_learners
INFO  [17:32:06.494] [bbotk]      175 0.02131352         4  0.0101225        0      0            0.176
INFO  [17:32:06.494] [bbotk]                                 uhash
INFO  [17:32:06.494] [bbotk]  ff46269f-a22e-4a01-ab1a-05b00aa33f3f
INFO  [17:32:06.504] [bbotk] Evaluating 1 configuration(s)
INFO  [17:32:06.684] [bbotk] Result of batch 2:
INFO  [17:32:06.685] [bbotk]  nrounds       eta max_depth  classif.ce warnings errors runtime_learners
INFO  [17:32:06.685] [bbotk]      243 0.1006469         7 0.005059716        0      0            0.134
INFO  [17:32:06.685] [bbotk]                                 uhash
INFO  [17:32:06.685] [bbotk]  3a3a05dc-ce94-4bc2-8a1b-208c3ce69f1b
INFO  [17:32:06.689] [bbotk] Evaluating 1 configuration(s)
INFO  [17:32:06.805] [bbotk] Result of batch 3:
INFO  [17:32:06.806] [bbotk]  nrounds       eta max_depth  classif.ce warnings errors runtime_learners
INFO  [17:32:06.806] [bbotk]       62 0.2635758        10 0.005059716        0      0            0.077
INFO  [17:32:06.806] [bbotk]                                 uhash
INFO  [17:32:06.806] [bbotk]  eaef1eb0-a6d5-4951-a929-64e2b556ee80
INFO  [17:32:06.818] [bbotk] Evaluating 1 configuration(s)
INFO  [17:32:06.941] [bbotk] Result of batch 4:
INFO  [17:32:06.942] [bbotk]  nrounds       eta max_depth  classif.ce warnings errors runtime_learners
INFO  [17:32:06.942] [bbotk]      175 0.2268416         6 0.004046544        0      0            0.072
INFO  [17:32:06.942] [bbotk]                                 uhash
INFO  [17:32:06.942] [bbotk]  037cad6c-9234-427a-8cba-dff7bb1e910e
INFO  [17:32:06.946] [bbotk] Evaluating 1 configuration(s)
INFO  [17:32:07.150] [bbotk] Result of batch 5:
INFO  [17:32:07.152] [bbotk]  nrounds        eta max_depth  classif.ce warnings errors runtime_learners
INFO  [17:32:07.152] [bbotk]      224 0.05024785         5 0.006072887        0      0            0.156
INFO  [17:32:07.152] [bbotk]                                 uhash
INFO  [17:32:07.152] [bbotk]  2db86200-e843-4ec6-9003-fcd129a3731e
INFO  [17:32:07.163] [bbotk] Evaluating 1 configuration(s)
INFO  [17:32:07.318] [bbotk] Result of batch 6:
INFO  [17:32:07.320] [bbotk]  nrounds       eta max_depth  classif.ce warnings errors runtime_learners
INFO  [17:32:07.320] [bbotk]      239 0.1393381         8 0.005059716        0      0            0.114
INFO  [17:32:07.320] [bbotk]                                 uhash
INFO  [17:32:07.320] [bbotk]  27b57901-6395-49d6-abd7-02c803c22aae
INFO  [17:32:07.332] [bbotk] Evaluating 1 configuration(s)
INFO  [17:32:07.508] [bbotk] Result of batch 7:
INFO  [17:32:07.509] [bbotk]  nrounds        eta max_depth  classif.ce warnings errors runtime_learners
INFO  [17:32:07.509] [bbotk]      195 0.08437728         3 0.005059716        0      0            0.127
INFO  [17:32:07.509] [bbotk]                                 uhash
INFO  [17:32:07.509] [bbotk]  c6733d2c-d32f-4543-a7d4-dffbf0d6c862
INFO  [17:32:07.514] [bbotk] Evaluating 1 configuration(s)
INFO  [17:32:07.603] [bbotk] Result of batch 8:
INFO  [17:32:07.604] [bbotk]  nrounds        eta max_depth classif.ce warnings errors runtime_learners
INFO  [17:32:07.604] [bbotk]       50 0.08193868         2 0.04150011        0      0            0.046
INFO  [17:32:07.604] [bbotk]                                 uhash
INFO  [17:32:07.604] [bbotk]  b25641bc-19ae-43ad-bdb0-5386a22eab2c
INFO  [17:32:07.608] [bbotk] Evaluating 1 configuration(s)
INFO  [17:32:07.766] [bbotk] Result of batch 9:
INFO  [17:32:07.768] [bbotk]  nrounds       eta max_depth  classif.ce warnings errors runtime_learners
INFO  [17:32:07.768] [bbotk]      236 0.2227454         4 0.003036443        0      0            0.124
INFO  [17:32:07.768] [bbotk]                                 uhash
INFO  [17:32:07.768] [bbotk]  f21e7bcd-104e-4016-9f9b-c6400b6f76a8
INFO  [17:32:07.782] [bbotk] Evaluating 1 configuration(s)
INFO  [17:32:07.952] [bbotk] Result of batch 10:
INFO  [17:32:07.953] [bbotk]  nrounds        eta max_depth  classif.ce warnings errors runtime_learners
INFO  [17:32:07.953] [bbotk]      147 0.08255738         4 0.005059716        0      0            0.126
INFO  [17:32:07.953] [bbotk]                                 uhash
INFO  [17:32:07.953] [bbotk]  c1b0fbea-e4b2-4479-beb5-a624cdb55023
INFO  [17:32:07.972] [bbotk] Finished optimizing after 10 evaluation(s)
INFO  [17:32:07.972] [bbotk] Result:
INFO  [17:32:07.973] [bbotk]  nrounds       eta max_depth learner_param_vals  x_domain  classif.ce
INFO  [17:32:07.973] [bbotk]    <int>     <num>     <int>             <list>    <list>       <num>
INFO  [17:32:07.973] [bbotk]      236 0.2227454         4          <list[5]> <list[3]> 0.003036443
INFO  [17:32:08.068] [bbotk] Starting to optimize 3 parameter(s) with '<OptimizerBatchRandomSearch>' and '<TerminatorEvals> [n_evals=10, k=0]'
INFO  [17:32:08.079] [bbotk] Evaluating 1 configuration(s)
INFO  [17:32:08.180] [bbotk] Result of batch 1:
INFO  [17:32:08.182] [bbotk]  nrounds       eta max_depth  classif.ce warnings errors runtime_learners
INFO  [17:32:08.182] [bbotk]       75 0.2662014        10 0.008096159        0      0            0.055
INFO  [17:32:08.182] [bbotk]                                 uhash
INFO  [17:32:08.182] [bbotk]  17ce1abc-df5c-4c28-ac25-f2f408d84a18
INFO  [17:32:08.188] [bbotk] Evaluating 1 configuration(s)
INFO  [17:32:08.371] [bbotk] Result of batch 2:
INFO  [17:32:08.372] [bbotk]  nrounds       eta max_depth  classif.ce warnings errors runtime_learners
INFO  [17:32:08.372] [bbotk]      245 0.2228359         7 0.008096159        0      0            0.136
INFO  [17:32:08.372] [bbotk]                                 uhash
INFO  [17:32:08.372] [bbotk]  3d3a290d-c36d-436a-b9b6-9d0cdaadf00e
INFO  [17:32:08.376] [bbotk] Evaluating 1 configuration(s)
INFO  [17:32:08.495] [bbotk] Result of batch 3:
INFO  [17:32:08.496] [bbotk]  nrounds      eta max_depth classif.ce warnings errors runtime_learners
INFO  [17:32:08.496] [bbotk]       51 0.151155         5 0.01011943        0      0            0.067
INFO  [17:32:08.496] [bbotk]                                 uhash
INFO  [17:32:08.496] [bbotk]  60bf995f-dab0-4bf0-bd7f-fba082636490
INFO  [17:32:08.500] [bbotk] Evaluating 1 configuration(s)
INFO  [17:32:08.628] [bbotk] Result of batch 4:
INFO  [17:32:08.628] [bbotk]  nrounds       eta max_depth  classif.ce warnings errors runtime_learners
INFO  [17:32:08.628] [bbotk]      173 0.2595566         8 0.008096159        0      0            0.094
INFO  [17:32:08.628] [bbotk]                                 uhash
INFO  [17:32:08.628] [bbotk]  6123f92d-89bf-4937-a1bb-f22bbd6a54a2
INFO  [17:32:08.632] [bbotk] Evaluating 1 configuration(s)
INFO  [17:32:08.782] [bbotk] Result of batch 5:
INFO  [17:32:08.783] [bbotk]  nrounds        eta max_depth classif.ce warnings errors runtime_learners
INFO  [17:32:08.783] [bbotk]      242 0.06772537         2  0.0101225        0      0            0.112
INFO  [17:32:08.783] [bbotk]                                 uhash
INFO  [17:32:08.783] [bbotk]  d0f87a32-20b6-4299-804d-55350f5bc472
INFO  [17:32:08.787] [bbotk] Evaluating 1 configuration(s)
INFO  [17:32:08.907] [bbotk] Result of batch 6:
INFO  [17:32:08.908] [bbotk]  nrounds      eta max_depth  classif.ce warnings errors runtime_learners
INFO  [17:32:08.908] [bbotk]      112 0.187135         4 0.007082988        0      0            0.081
INFO  [17:32:08.908] [bbotk]                                 uhash
INFO  [17:32:08.908] [bbotk]  69785e2d-bc11-480a-ad83-b121208f78d1
INFO  [17:32:08.912] [bbotk] Evaluating 1 configuration(s)
INFO  [17:32:09.262] [bbotk] Result of batch 7:
INFO  [17:32:09.263] [bbotk]  nrounds        eta max_depth classif.ce warnings errors runtime_learners
INFO  [17:32:09.263] [bbotk]      225 0.01626787         8 0.01417212        0      0            0.286
INFO  [17:32:09.263] [bbotk]                                 uhash
INFO  [17:32:09.263] [bbotk]  8dfc74c9-b858-4814-9989-388750a3a969
INFO  [17:32:09.267] [bbotk] Evaluating 1 configuration(s)
INFO  [17:32:09.408] [bbotk] Result of batch 8:
INFO  [17:32:09.409] [bbotk]  nrounds       eta max_depth classif.ce warnings errors runtime_learners
INFO  [17:32:09.409] [bbotk]      221 0.2366339         9 0.00910933        0      0            0.104
INFO  [17:32:09.409] [bbotk]                                 uhash
INFO  [17:32:09.409] [bbotk]  dc491026-ba05-48b9-9102-84049be8d496
INFO  [17:32:09.419] [bbotk] Evaluating 1 configuration(s)
INFO  [17:32:09.583] [bbotk] Result of batch 9:
INFO  [17:32:09.584] [bbotk]  nrounds       eta max_depth classif.ce warnings errors runtime_learners
INFO  [17:32:09.584] [bbotk]      212 0.1676187         9 0.00910933        0      0            0.125
INFO  [17:32:09.584] [bbotk]                                 uhash
INFO  [17:32:09.584] [bbotk]  265f5fd5-8fc0-4b48-801e-69be692d4453
INFO  [17:32:09.593] [bbotk] Evaluating 1 configuration(s)
INFO  [17:32:09.712] [bbotk] Result of batch 10:
INFO  [17:32:09.715] [bbotk]  nrounds       eta max_depth  classif.ce warnings errors runtime_learners
INFO  [17:32:09.715] [bbotk]      134 0.2956217         3 0.007086058        0      0            0.072
INFO  [17:32:09.715] [bbotk]                                 uhash
INFO  [17:32:09.715] [bbotk]  4c1bd49f-04d1-4247-be69-524eb0876ff8
INFO  [17:32:09.930] [bbotk] Finished optimizing after 10 evaluation(s)
INFO  [17:32:09.931] [bbotk] Result:
INFO  [17:32:09.933] [bbotk]  nrounds      eta max_depth learner_param_vals  x_domain  classif.ce
INFO  [17:32:09.933] [bbotk]    <int>    <num>     <int>             <list>    <list>       <num>
INFO  [17:32:09.933] [bbotk]      112 0.187135         4          <list[5]> <list[3]> 0.007082988
[1] -48.41903
[1] 57.26304
Warning: glm.fit: algorithm did not converge
This happened PipeOp classif.xgboost's $train()
Warning: glm.fit: fitted probabilities numerically 0 or 1 occurred
This happened PipeOp classif.xgboost's $train()
Warning: glm.fit: algorithm did not converge
This happened PipeOp classif.xgboost's $train()
Warning: glm.fit: fitted probabilities numerically 0 or 1 occurred
This happened PipeOp classif.xgboost's $train()
[1] -7635.635
[1] -227.5944
Warning: glm.fit: algorithm did not converge
This happened PipeOp classif.xgboost's $train()
Warning: glm.fit: fitted probabilities numerically 0 or 1 occurred
This happened PipeOp classif.xgboost's $train()
[1] -1062.685
[1] 71.93999
Warning: glm.fit: algorithm did not converge
This happened PipeOp classif.xgboost's $train()
Warning: glm.fit: fitted probabilities numerically 0 or 1 occurred
This happened PipeOp classif.xgboost's $train()
Warning: glm.fit: algorithm did not converge
This happened PipeOp classif.xgboost's $train()
Warning: glm.fit: fitted probabilities numerically 0 or 1 occurred
This happened PipeOp classif.xgboost's $train()
[1] -2423.715
[1] -93.48866
Warning: glm.fit: algorithm did not converge
This happened PipeOp classif.xgboost's $train()
Warning: glm.fit: fitted probabilities numerically 0 or 1 occurred
This happened PipeOp classif.xgboost's $train()
[1] -55.45229
[1] 809.6478

### [bt]: Job terminated successfully [batchtools job.id=3434]
### [bt]: Starting job [batchtools job.id=3435]
### [bt]: Generating problem instance for problem '6fbfe6520e3d949c' ...
### [bt]: Applying algorithm 'run_learner' on problem '6fbfe6520e3d949c' for job 3435 (seed = 3436) ...
INFO  [17:32:10.178] [mlr3] Applying learner 'classif.xgboost.tuned_calib.perfold_beta' on task 'banknote-authentication' (iter 5/10)
INFO  [17:32:10.249] [bbotk] Starting to optimize 3 parameter(s) with '<OptimizerBatchRandomSearch>' and '<TerminatorEvals> [n_evals=10, k=0]'
INFO  [17:32:10.280] [bbotk] Evaluating 1 configuration(s)
INFO  [17:32:10.390] [bbotk] Result of batch 1:
INFO  [17:32:10.391] [bbotk]  nrounds       eta max_depth  classif.ce warnings errors runtime_learners
INFO  [17:32:10.391] [bbotk]      117 0.1100899         3 0.007089128        0      0            0.079
INFO  [17:32:10.391] [bbotk]                                 uhash
INFO  [17:32:10.391] [bbotk]  a0381009-38fd-4a61-baf5-6180ff4d6676
INFO  [17:32:10.395] [bbotk] Evaluating 1 configuration(s)
INFO  [17:32:10.512] [bbotk] Result of batch 2:
INFO  [17:32:10.513] [bbotk]  nrounds       eta max_depth classif.ce warnings errors runtime_learners
INFO  [17:32:10.513] [bbotk]       56 0.1581697         5 0.01013171        0      0            0.071
INFO  [17:32:10.513] [bbotk]                                 uhash
INFO  [17:32:10.513] [bbotk]  31ffa377-2a65-4305-9089-2c30180c1768
INFO  [17:32:10.521] [bbotk] Evaluating 1 configuration(s)
INFO  [17:32:10.714] [bbotk] Result of batch 3:
INFO  [17:32:10.716] [bbotk]  nrounds        eta max_depth  classif.ce warnings errors runtime_learners
INFO  [17:32:10.716] [bbotk]      232 0.07465131         3 0.006079027        0      0            0.139
INFO  [17:32:10.716] [bbotk]                                 uhash
INFO  [17:32:10.716] [bbotk]  3107f070-d269-4175-86a7-1c642e5593bf
INFO  [17:32:10.722] [bbotk] Evaluating 1 configuration(s)
INFO  [17:32:10.923] [bbotk] Result of batch 4:
INFO  [17:32:10.925] [bbotk]  nrounds       eta max_depth classif.ce warnings errors runtime_learners
INFO  [17:32:10.925] [bbotk]      225 0.1189241         8 0.01114181        0      0            0.159
INFO  [17:32:10.925] [bbotk]                                 uhash
INFO  [17:32:10.925] [bbotk]  40ac8232-a484-4063-af71-754980273c5f
INFO  [17:32:10.940] [bbotk] Evaluating 1 configuration(s)
INFO  [17:32:11.172] [bbotk] Result of batch 5:
INFO  [17:32:11.173] [bbotk]  nrounds        eta max_depth classif.ce warnings errors runtime_learners
INFO  [17:32:11.173] [bbotk]      137 0.01348941         9  0.0232968        0      0            0.191
INFO  [17:32:11.173] [bbotk]                                 uhash
INFO  [17:32:11.173] [bbotk]  23bf54da-7e42-4f73-adc5-178daabd26c4
INFO  [17:32:11.185] [bbotk] Evaluating 1 configuration(s)
INFO  [17:32:11.397] [bbotk] Result of batch 6:
INFO  [17:32:11.400] [bbotk]  nrounds      eta max_depth  classif.ce warnings errors runtime_learners
INFO  [17:32:11.400] [bbotk]      272 0.242727         7 0.009115471        0      0            0.151
INFO  [17:32:11.400] [bbotk]                                 uhash
INFO  [17:32:11.400] [bbotk]  a4449ccc-5df7-46bc-9aa6-81bce2e7b55c
INFO  [17:32:11.410] [bbotk] Evaluating 1 configuration(s)
INFO  [17:32:11.548] [bbotk] Result of batch 7:
INFO  [17:32:11.550] [bbotk]  nrounds        eta max_depth classif.ce warnings errors runtime_learners
INFO  [17:32:11.550] [bbotk]       54 0.03799329         3 0.03746277        0      0            0.067
INFO  [17:32:11.550] [bbotk]                                 uhash
INFO  [17:32:11.550] [bbotk]  c8f9f9db-caf2-48e1-a638-72c6233903b7
INFO  [17:32:11.554] [bbotk] Evaluating 1 configuration(s)
INFO  [17:32:11.719] [bbotk] Result of batch 8:
INFO  [17:32:11.720] [bbotk]  nrounds        eta max_depth classif.ce warnings errors runtime_learners
INFO  [17:32:11.720] [bbotk]      102 0.03180924         5  0.0182248        0      0            0.123
INFO  [17:32:11.720] [bbotk]                                 uhash
INFO  [17:32:11.720] [bbotk]  0e081cf9-2c91-4318-a4b5-54f2b6faffba
INFO  [17:32:11.724] [bbotk] Evaluating 1 configuration(s)
INFO  [17:32:11.828] [bbotk] Result of batch 9:
INFO  [17:32:11.829] [bbotk]  nrounds       eta max_depth classif.ce warnings errors runtime_learners
INFO  [17:32:11.829] [bbotk]       79 0.1642228         6 0.01215498        0      0             0.07
INFO  [17:32:11.829] [bbotk]                                 uhash
INFO  [17:32:11.829] [bbotk]  ae60beb2-1a1a-4b28-8411-fe9237bf35f1
INFO  [17:32:11.845] [bbotk] Evaluating 1 configuration(s)
INFO  [17:32:12.048] [bbotk] Result of batch 10:
INFO  [17:32:12.049] [bbotk]  nrounds       eta max_depth  classif.ce warnings errors runtime_learners
INFO  [17:32:12.049] [bbotk]      200 0.1412419         3 0.006079027        0      0            0.145
INFO  [17:32:12.049] [bbotk]                                 uhash
INFO  [17:32:12.049] [bbotk]  01aabe3f-2e26-40fe-ac18-8ed36158c9cf
INFO  [17:32:12.062] [bbotk] Finished optimizing after 10 evaluation(s)
INFO  [17:32:12.062] [bbotk] Result:
INFO  [17:32:12.064] [bbotk]  nrounds        eta max_depth learner_param_vals  x_domain  classif.ce
INFO  [17:32:12.064] [bbotk]    <int>      <num>     <int>             <list>    <list>       <num>
INFO  [17:32:12.064] [bbotk]      232 0.07465131         3          <list[5]> <list[3]> 0.006079027
INFO  [17:32:12.234] [bbotk] Starting to optimize 3 parameter(s) with '<OptimizerBatchRandomSearch>' and '<TerminatorEvals> [n_evals=10, k=0]'
INFO  [17:32:12.247] [bbotk] Evaluating 1 configuration(s)
INFO  [17:32:12.373] [bbotk] Result of batch 1:
INFO  [17:32:12.374] [bbotk]  nrounds       eta max_depth classif.ce warnings errors runtime_learners
INFO  [17:32:12.374] [bbotk]      115 0.1321862         5  0.0131528        0      0            0.089
INFO  [17:32:12.374] [bbotk]                                 uhash
INFO  [17:32:12.374] [bbotk]  5626bce9-9566-4c9c-8183-de95e4ea95de
INFO  [17:32:12.379] [bbotk] Evaluating 1 configuration(s)
INFO  [17:32:12.515] [bbotk] Result of batch 2:
INFO  [17:32:12.518] [bbotk]  nrounds       eta max_depth classif.ce warnings errors runtime_learners
INFO  [17:32:12.518] [bbotk]      115 0.1602817        10  0.0131528        0      0            0.086
INFO  [17:32:12.518] [bbotk]                                 uhash
INFO  [17:32:12.518] [bbotk]  5fa07369-07af-4e97-ad4f-4c2d616daa0f
INFO  [17:32:12.525] [bbotk] Evaluating 1 configuration(s)
INFO  [17:32:12.645] [bbotk] Result of batch 3:
INFO  [17:32:12.647] [bbotk]  nrounds       eta max_depth classif.ce warnings errors runtime_learners
INFO  [17:32:12.647] [bbotk]       85 0.1493933         2 0.01112646        0      0             0.05
INFO  [17:32:12.647] [bbotk]                                 uhash
INFO  [17:32:12.647] [bbotk]  9c020248-d124-4261-b87f-2485c65be3e1
INFO  [17:32:12.660] [bbotk] Evaluating 1 configuration(s)
INFO  [17:32:12.817] [bbotk] Result of batch 4:
INFO  [17:32:12.819] [bbotk]  nrounds      eta max_depth classif.ce warnings errors runtime_learners
INFO  [17:32:12.819] [bbotk]      163 0.167575         9  0.0131528        0      0             0.12
INFO  [17:32:12.819] [bbotk]                                 uhash
INFO  [17:32:12.819] [bbotk]  381fa7a0-87bf-4ea6-b9b1-287344c01598
INFO  [17:32:12.837] [bbotk] Evaluating 1 configuration(s)
INFO  [17:32:12.978] [bbotk] Result of batch 5:
INFO  [17:32:12.979] [bbotk]  nrounds       eta max_depth classif.ce warnings errors runtime_learners
INFO  [17:32:12.979] [bbotk]       72 0.1534936         6  0.0131528        0      0            0.072
INFO  [17:32:12.979] [bbotk]                                 uhash
INFO  [17:32:12.979] [bbotk]  fd0d335c-e43e-4202-ac08-db90e74ae5a8
INFO  [17:32:12.983] [bbotk] Evaluating 1 configuration(s)
INFO  [17:32:13.189] [bbotk] Result of batch 6:
INFO  [17:32:13.192] [bbotk]  nrounds        eta max_depth classif.ce warnings errors runtime_learners
INFO  [17:32:13.192] [bbotk]      137 0.06749808         4 0.01416598        0      0             0.14
INFO  [17:32:13.192] [bbotk]                                 uhash
INFO  [17:32:13.192] [bbotk]  f95b1c0b-9b7c-43ee-9e99-8bc45e3d9874
INFO  [17:32:13.220] [bbotk] Evaluating 1 configuration(s)
INFO  [17:32:13.348] [bbotk] Result of batch 7:
INFO  [17:32:13.349] [bbotk]  nrounds       eta max_depth classif.ce warnings errors runtime_learners
INFO  [17:32:13.349] [bbotk]       84 0.1679901         6  0.0131528        0      0            0.086
INFO  [17:32:13.349] [bbotk]                                 uhash
INFO  [17:32:13.349] [bbotk]  1a32538d-6de6-4853-8799-b48750b8b89e
INFO  [17:32:13.362] [bbotk] Evaluating 1 configuration(s)
INFO  [17:32:13.592] [bbotk] Result of batch 8:
INFO  [17:32:13.595] [bbotk]  nrounds        eta max_depth classif.ce warnings errors runtime_learners
INFO  [17:32:13.595] [bbotk]      182 0.03885514         8 0.01517915        0      0            0.194
INFO  [17:32:13.595] [bbotk]                                 uhash
INFO  [17:32:13.595] [bbotk]  ad6cd4ad-60d9-4cc5-a206-09ab2965ab61
INFO  [17:32:13.606] [bbotk] Evaluating 1 configuration(s)
INFO  [17:32:13.754] [bbotk] Result of batch 9:
INFO  [17:32:13.756] [bbotk]  nrounds       eta max_depth classif.ce warnings errors runtime_learners
INFO  [17:32:13.756] [bbotk]      188 0.1871929         9  0.0131528        0      0            0.103
INFO  [17:32:13.756] [bbotk]                                 uhash
INFO  [17:32:13.756] [bbotk]  5f55e91b-51b3-4538-a6d4-39f802683903
INFO  [17:32:13.771] [bbotk] Evaluating 1 configuration(s)
INFO  [17:32:13.966] [bbotk] Result of batch 10:
INFO  [17:32:13.967] [bbotk]  nrounds       eta max_depth classif.ce warnings errors runtime_learners
INFO  [17:32:13.967] [bbotk]      256 0.2358277        10  0.0131528        0      0            0.139
INFO  [17:32:13.967] [bbotk]                                 uhash
INFO  [17:32:13.967] [bbotk]  ef4b0bd5-b247-4d1d-bb1f-90cfb593d512
INFO  [17:32:13.976] [bbotk] Finished optimizing after 10 evaluation(s)
INFO  [17:32:13.977] [bbotk] Result:
INFO  [17:32:13.977] [bbotk]  nrounds       eta max_depth learner_param_vals  x_domain classif.ce
INFO  [17:32:13.977] [bbotk]    <int>     <num>     <int>             <list>    <list>      <num>
INFO  [17:32:13.977] [bbotk]       85 0.1493933         2          <list[5]> <list[3]> 0.01112646
INFO  [17:32:14.061] [bbotk] Starting to optimize 3 parameter(s) with '<OptimizerBatchRandomSearch>' and '<TerminatorEvals> [n_evals=10, k=0]'
INFO  [17:32:14.077] [bbotk] Evaluating 1 configuration(s)
INFO  [17:32:14.167] [bbotk] Result of batch 1:
INFO  [17:32:14.170] [bbotk]  nrounds       eta max_depth classif.ce warnings errors runtime_learners
INFO  [17:32:14.170] [bbotk]       52 0.1896291         2 0.01417826        0      0            0.041
INFO  [17:32:14.170] [bbotk]                                 uhash
INFO  [17:32:14.170] [bbotk]  8ee2ab41-b6ae-46fa-a7e3-89f316f6b50f
INFO  [17:32:14.174] [bbotk] Evaluating 1 configuration(s)
INFO  [17:32:14.434] [bbotk] Result of batch 2:
INFO  [17:32:14.438] [bbotk]  nrounds       eta max_depth classif.ce warnings errors runtime_learners
INFO  [17:32:14.438] [bbotk]      239 0.0436673         5 0.01418133        0      0            0.208
INFO  [17:32:14.438] [bbotk]                                 uhash
INFO  [17:32:14.438] [bbotk]  eb70e273-591c-4267-a20e-31df23edb008
INFO  [17:32:14.452] [bbotk] Evaluating 1 configuration(s)
INFO  [17:32:14.635] [bbotk] Result of batch 3:
INFO  [17:32:14.636] [bbotk]  nrounds        eta max_depth  classif.ce warnings errors runtime_learners
INFO  [17:32:14.636] [bbotk]      300 0.07447561         2 0.009118541        0      0            0.142
INFO  [17:32:14.636] [bbotk]                                 uhash
INFO  [17:32:14.636] [bbotk]  9d948416-a196-4354-b514-27a1f925166a
INFO  [17:32:14.644] [bbotk] Evaluating 1 configuration(s)
INFO  [17:32:14.869] [bbotk] Result of batch 4:
INFO  [17:32:14.871] [bbotk]  nrounds        eta max_depth classif.ce warnings errors runtime_learners
INFO  [17:32:14.871] [bbotk]      218 0.01418386         4  0.0162046        0      0            0.171
INFO  [17:32:14.871] [bbotk]                                 uhash
INFO  [17:32:14.871] [bbotk]  ee662b3d-897e-4145-900a-94746d1ec151
INFO  [17:32:14.882] [bbotk] Evaluating 1 configuration(s)
INFO  [17:32:15.067] [bbotk] Result of batch 5:
INFO  [17:32:15.070] [bbotk]  nrounds       eta max_depth  classif.ce warnings errors runtime_learners
INFO  [17:32:15.070] [bbotk]      263 0.2843476         2 0.007092199        0      0            0.132
INFO  [17:32:15.070] [bbotk]                                 uhash
INFO  [17:32:15.070] [bbotk]  f8684bd1-6081-4e0e-9c6b-938b415a4630
INFO  [17:32:15.081] [bbotk] Evaluating 1 configuration(s)
INFO  [17:32:15.246] [bbotk] Result of batch 6:
INFO  [17:32:15.247] [bbotk]  nrounds       eta max_depth classif.ce warnings errors runtime_learners
INFO  [17:32:15.247] [bbotk]      280 0.2788316        10 0.01114488        0      0            0.118
INFO  [17:32:15.247] [bbotk]                                 uhash
INFO  [17:32:15.247] [bbotk]  8a231a03-95e0-46c1-a263-2130cc1c96eb
INFO  [17:32:15.251] [bbotk] Evaluating 1 configuration(s)
INFO  [17:32:15.357] [bbotk] Result of batch 7:
INFO  [17:32:15.361] [bbotk]  nrounds       eta max_depth classif.ce warnings errors runtime_learners
INFO  [17:32:15.361] [bbotk]       91 0.1592628         7 0.01519143        0      0            0.067
INFO  [17:32:15.361] [bbotk]                                 uhash
INFO  [17:32:15.361] [bbotk]  827aaccd-878f-42de-8923-36375ad48b7e
INFO  [17:32:15.370] [bbotk] Evaluating 1 configuration(s)
INFO  [17:32:15.522] [bbotk] Result of batch 8:
INFO  [17:32:15.523] [bbotk]  nrounds        eta max_depth  classif.ce warnings errors runtime_learners
INFO  [17:32:15.523] [bbotk]      135 0.07521524         3 0.009118541        0      0            0.098
INFO  [17:32:15.523] [bbotk]                                 uhash
INFO  [17:32:15.523] [bbotk]  b72f9721-7af5-461a-87e7-e83243d2004d
INFO  [17:32:15.532] [bbotk] Evaluating 1 configuration(s)
INFO  [17:32:15.703] [bbotk] Result of batch 9:
INFO  [17:32:15.704] [bbotk]  nrounds        eta max_depth classif.ce warnings errors runtime_learners
INFO  [17:32:15.704] [bbotk]      118 0.05985817         5 0.01519143        0      0            0.118
INFO  [17:32:15.704] [bbotk]                                 uhash
INFO  [17:32:15.704] [bbotk]  f2b49be3-5995-4cee-80f0-19ee9e1a5eae
INFO  [17:32:15.708] [bbotk] Evaluating 1 configuration(s)
INFO  [17:32:15.835] [bbotk] Result of batch 10:
INFO  [17:32:15.837] [bbotk]  nrounds       eta max_depth classif.ce warnings errors runtime_learners
INFO  [17:32:15.837] [bbotk]       58 0.0761492         5 0.01721777        0      0            0.091
INFO  [17:32:15.837] [bbotk]                                 uhash
INFO  [17:32:15.837] [bbotk]  6a4dce6a-b131-4391-bcba-e3a1df24cf6f
INFO  [17:32:15.863] [bbotk] Finished optimizing after 10 evaluation(s)
INFO  [17:32:15.864] [bbotk] Result:
INFO  [17:32:15.866] [bbotk]  nrounds       eta max_depth learner_param_vals  x_domain  classif.ce
INFO  [17:32:15.866] [bbotk]    <int>     <num>     <int>             <list>    <list>       <num>
INFO  [17:32:15.866] [bbotk]      263 0.2843476         2          <list[5]> <list[3]> 0.007092199
INFO  [17:32:15.968] [bbotk] Starting to optimize 3 parameter(s) with '<OptimizerBatchRandomSearch>' and '<TerminatorEvals> [n_evals=10, k=0]'
INFO  [17:32:15.992] [bbotk] Evaluating 1 configuration(s)
INFO  [17:32:16.170] [bbotk] Result of batch 1:
INFO  [17:32:16.171] [bbotk]  nrounds       eta max_depth  classif.ce warnings errors runtime_learners
INFO  [17:32:16.171] [bbotk]      234 0.1247178         8 0.009115471        0      0            0.135
INFO  [17:32:16.171] [bbotk]                                 uhash
INFO  [17:32:16.171] [bbotk]  3b828f9f-0da7-45ef-a7c8-6dde568b9d43
INFO  [17:32:16.175] [bbotk] Evaluating 1 configuration(s)
INFO  [17:32:16.376] [bbotk] Result of batch 2:
INFO  [17:32:16.377] [bbotk]  nrounds        eta max_depth classif.ce warnings errors runtime_learners
INFO  [17:32:16.377] [bbotk]      126 0.03164986         5 0.01316816        0      0            0.152
INFO  [17:32:16.377] [bbotk]                                 uhash
INFO  [17:32:16.377] [bbotk]  4c083c72-d512-4ae2-a3cf-d1e5d34adcce
INFO  [17:32:16.381] [bbotk] Evaluating 1 configuration(s)
INFO  [17:32:16.579] [bbotk] Result of batch 3:
INFO  [17:32:16.580] [bbotk]  nrounds       eta max_depth  classif.ce warnings errors runtime_learners
INFO  [17:32:16.580] [bbotk]      289 0.2045356         4 0.009115471        0      0            0.151
INFO  [17:32:16.580] [bbotk]                                 uhash
INFO  [17:32:16.580] [bbotk]  a3d791fa-78ad-400f-b266-3d590ee3fe2b
INFO  [17:32:16.584] [bbotk] Evaluating 1 configuration(s)
INFO  [17:32:16.730] [bbotk] Result of batch 4:
INFO  [17:32:16.731] [bbotk]  nrounds       eta max_depth classif.ce warnings errors runtime_learners
INFO  [17:32:16.731] [bbotk]      210 0.2145678         3 0.01013171        0      0            0.097
INFO  [17:32:16.731] [bbotk]                                 uhash
INFO  [17:32:16.731] [bbotk]  5d0f6e6b-b10b-4f65-9980-ba0d116e1f2a
INFO  [17:32:16.736] [bbotk] Evaluating 1 configuration(s)
INFO  [17:32:16.929] [bbotk] Result of batch 5:
INFO  [17:32:16.930] [bbotk]  nrounds       eta max_depth classif.ce warnings errors runtime_learners
INFO  [17:32:16.930] [bbotk]      282 0.2886777         5  0.0081023        0      0            0.141
INFO  [17:32:16.930] [bbotk]                                 uhash
INFO  [17:32:16.930] [bbotk]  a52635f2-22db-4a1d-ae21-87730df14880
INFO  [17:32:16.934] [bbotk] Evaluating 1 configuration(s)
INFO  [17:32:17.088] [bbotk] Result of batch 6:
INFO  [17:32:17.089] [bbotk]  nrounds       eta max_depth classif.ce warnings errors runtime_learners
INFO  [17:32:17.089] [bbotk]      152 0.1745683         3 0.01215805        0      0             0.11
INFO  [17:32:17.089] [bbotk]                                 uhash
INFO  [17:32:17.089] [bbotk]  78370916-f452-49b2-9b22-13f21013ef86
INFO  [17:32:17.094] [bbotk] Evaluating 1 configuration(s)
INFO  [17:32:17.297] [bbotk] Result of batch 7:
INFO  [17:32:17.299] [bbotk]  nrounds       eta max_depth  classif.ce warnings errors runtime_learners
INFO  [17:32:17.299] [bbotk]      247 0.1475955         2 0.007092199        0      0            0.153
INFO  [17:32:17.299] [bbotk]                                 uhash
INFO  [17:32:17.299] [bbotk]  cad839f4-fd59-416a-8f27-b8d720604451
INFO  [17:32:17.304] [bbotk] Evaluating 1 configuration(s)
INFO  [17:32:17.414] [bbotk] Result of batch 8:
INFO  [17:32:17.416] [bbotk]  nrounds       eta max_depth classif.ce warnings errors runtime_learners
INFO  [17:32:17.416] [bbotk]      110 0.2423004         4 0.00810537        0      0            0.071
INFO  [17:32:17.416] [bbotk]                                 uhash
INFO  [17:32:17.416] [bbotk]  a546a219-5e45-4311-ad53-5bf18b76cf4d
INFO  [17:32:17.422] [bbotk] Evaluating 1 configuration(s)
INFO  [17:32:17.616] [bbotk] Result of batch 9:
INFO  [17:32:17.617] [bbotk]  nrounds       eta max_depth classif.ce warnings errors runtime_learners
INFO  [17:32:17.617] [bbotk]      294 0.1114078         7 0.01012864        0      0            0.152
INFO  [17:32:17.617] [bbotk]                                 uhash
INFO  [17:32:17.617] [bbotk]  038e4599-a6f6-40f5-9dcd-9b1e990bbbf7
INFO  [17:32:17.620] [bbotk] Evaluating 1 configuration(s)
INFO  [17:32:17.734] [bbotk] Result of batch 10:
INFO  [17:32:17.736] [bbotk]  nrounds        eta max_depth classif.ce warnings errors runtime_learners
INFO  [17:32:17.736] [bbotk]      116 0.09094056         5 0.01215498        0      0            0.074
INFO  [17:32:17.736] [bbotk]                                 uhash
INFO  [17:32:17.736] [bbotk]  57a97479-bcd8-49eb-8933-6c07904bc1c4
INFO  [17:32:17.750] [bbotk] Finished optimizing after 10 evaluation(s)
INFO  [17:32:17.751] [bbotk] Result:
INFO  [17:32:17.752] [bbotk]  nrounds       eta max_depth learner_param_vals  x_domain  classif.ce
INFO  [17:32:17.752] [bbotk]    <int>     <num>     <int>             <list>    <list>       <num>
INFO  [17:32:17.752] [bbotk]      247 0.1475955         2          <list[5]> <list[3]> 0.007092199
INFO  [17:32:17.853] [bbotk] Starting to optimize 3 parameter(s) with '<OptimizerBatchRandomSearch>' and '<TerminatorEvals> [n_evals=10, k=0]'
INFO  [17:32:17.870] [bbotk] Evaluating 1 configuration(s)
INFO  [17:32:18.113] [bbotk] Result of batch 1:
INFO  [17:32:18.114] [bbotk]  nrounds        eta max_depth classif.ce warnings errors runtime_learners
INFO  [17:32:18.114] [bbotk]      129 0.01837897        10   0.020245        0      0            0.192
INFO  [17:32:18.114] [bbotk]                                 uhash
INFO  [17:32:18.114] [bbotk]  0f071401-cb20-4dc2-8524-cfc0d7c69801
INFO  [17:32:18.119] [bbotk] Evaluating 1 configuration(s)
INFO  [17:32:18.280] [bbotk] Result of batch 2:
INFO  [17:32:18.281] [bbotk]  nrounds       eta max_depth  classif.ce warnings errors runtime_learners
INFO  [17:32:18.281] [bbotk]      225 0.2908033        10 0.007086058        0      0            0.119
INFO  [17:32:18.281] [bbotk]                                 uhash
INFO  [17:32:18.281] [bbotk]  e1ed65f3-d706-4d17-8aaf-5afa7c7c63e9
INFO  [17:32:18.285] [bbotk] Evaluating 1 configuration(s)
INFO  [17:32:18.482] [bbotk] Result of batch 3:
INFO  [17:32:18.484] [bbotk]  nrounds       eta max_depth  classif.ce warnings errors runtime_learners
INFO  [17:32:18.484] [bbotk]      237 0.1384745         4 0.006066746        0      0            0.135
INFO  [17:32:18.484] [bbotk]                                 uhash
INFO  [17:32:18.484] [bbotk]  2f6e1a75-05e4-4d78-bc58-8a6d4f87d240
INFO  [17:32:18.497] [bbotk] Evaluating 1 configuration(s)
INFO  [17:32:18.627] [bbotk] Result of batch 4:
INFO  [17:32:18.628] [bbotk]  nrounds      eta max_depth  classif.ce warnings errors runtime_learners
INFO  [17:32:18.628] [bbotk]      173 0.235598         6 0.006072887        0      0             0.09
INFO  [17:32:18.628] [bbotk]                                 uhash
INFO  [17:32:18.628] [bbotk]  cdf964a4-6149-407d-96a7-e5db1d872269
INFO  [17:32:18.633] [bbotk] Evaluating 1 configuration(s)
INFO  [17:32:18.871] [bbotk] Result of batch 5:
INFO  [17:32:18.874] [bbotk]  nrounds        eta max_depth  classif.ce warnings errors runtime_learners
INFO  [17:32:18.874] [bbotk]      160 0.03924706         6 0.008099229        0      0            0.188
INFO  [17:32:18.874] [bbotk]                                 uhash
INFO  [17:32:18.874] [bbotk]  cb767965-2d85-402f-949d-4d5b753e573e
INFO  [17:32:18.882] [bbotk] Evaluating 1 configuration(s)
INFO  [17:32:19.067] [bbotk] Result of batch 6:
INFO  [17:32:19.068] [bbotk]  nrounds       eta max_depth classif.ce warnings errors runtime_learners
INFO  [17:32:19.068] [bbotk]      194 0.2377618         6 0.00910933        0      0            0.136
INFO  [17:32:19.068] [bbotk]                                 uhash
INFO  [17:32:19.068] [bbotk]  c14a7919-721c-440c-9f09-1f8d55380a52
INFO  [17:32:19.086] [bbotk] Evaluating 1 configuration(s)
INFO  [17:32:19.244] [bbotk] Result of batch 7:
INFO  [17:32:19.247] [bbotk]  nrounds        eta max_depth  classif.ce warnings errors runtime_learners
INFO  [17:32:19.247] [bbotk]      130 0.07732165         5 0.009112401        0      0            0.108
INFO  [17:32:19.247] [bbotk]                                 uhash
INFO  [17:32:19.247] [bbotk]  4f404e78-e055-4321-90a5-b8a08793a42a
INFO  [17:32:19.258] [bbotk] Evaluating 1 configuration(s)
INFO  [17:32:19.429] [bbotk] Result of batch 8:
INFO  [17:32:19.431] [bbotk]  nrounds        eta max_depth classif.ce warnings errors runtime_learners
INFO  [17:32:19.431] [bbotk]       79 0.05655824         7 0.01214884        0      0            0.124
INFO  [17:32:19.431] [bbotk]                                 uhash
INFO  [17:32:19.431] [bbotk]  1123b883-d1a8-43cc-ab01-528159599013
INFO  [17:32:19.446] [bbotk] Evaluating 1 configuration(s)
INFO  [17:32:19.660] [bbotk] Result of batch 9:
INFO  [17:32:19.662] [bbotk]  nrounds        eta max_depth  classif.ce warnings errors runtime_learners
INFO  [17:32:19.662] [bbotk]      205 0.07401126        10 0.006072887        0      0            0.154
INFO  [17:32:19.662] [bbotk]                                 uhash
INFO  [17:32:19.662] [bbotk]  2ccd3ef0-0f6a-4c73-ae6b-182e956c8724
INFO  [17:32:19.667] [bbotk] Evaluating 1 configuration(s)
INFO  [17:32:19.808] [bbotk] Result of batch 10:
INFO  [17:32:19.809] [bbotk]  nrounds      eta max_depth  classif.ce warnings errors runtime_learners
INFO  [17:32:19.809] [bbotk]       95 0.069758         9 0.008099229        0      0            0.097
INFO  [17:32:19.809] [bbotk]                                 uhash
INFO  [17:32:19.809] [bbotk]  c4974fb4-b166-4d8d-a458-070d14fac8b4
INFO  [17:32:19.819] [bbotk] Finished optimizing after 10 evaluation(s)
INFO  [17:32:19.820] [bbotk] Result:
INFO  [17:32:19.832] [bbotk]  nrounds       eta max_depth learner_param_vals  x_domain  classif.ce
INFO  [17:32:19.832] [bbotk]    <int>     <num>     <int>             <list>    <list>       <num>
INFO  [17:32:19.832] [bbotk]      237 0.1384745         4          <list[5]> <list[3]> 0.006066746
[1] -67.95545
[1] 32.18402
Warning: glm.fit: algorithm did not converge
This happened PipeOp classif.xgboost's $train()
Warning: glm.fit: fitted probabilities numerically 0 or 1 occurred
This happened PipeOp classif.xgboost's $train()
Warning: glm.fit: algorithm did not converge
This happened PipeOp classif.xgboost's $train()
Warning: glm.fit: fitted probabilities numerically 0 or 1 occurred
This happened PipeOp classif.xgboost's $train()
[1] -1204.932
[1] -37.34596
Warning: glm.fit: algorithm did not converge
This happened PipeOp classif.xgboost's $train()
Warning: glm.fit: fitted probabilities numerically 0 or 1 occurred
This happened PipeOp classif.xgboost's $train()
Warning: glm.fit: algorithm did not converge
This happened PipeOp classif.xgboost's $train()
Warning: glm.fit: fitted probabilities numerically 0 or 1 occurred
This happened PipeOp classif.xgboost's $train()
[1] 102.1108
[1] 3802.274
[1] -35.13008
[1] 67.62469
Warning: glm.fit: algorithm did not converge
This happened PipeOp classif.xgboost's $train()
Warning: glm.fit: fitted probabilities numerically 0 or 1 occurred
This happened PipeOp classif.xgboost's $train()
Warning: glm.fit: algorithm did not converge
This happened PipeOp classif.xgboost's $train()
Warning: glm.fit: fitted probabilities numerically 0 or 1 occurred
This happened PipeOp classif.xgboost's $train()
[1] -4614.196
[1] -141.1645

### [bt]: Job terminated successfully [batchtools job.id=3435]
### [bt]: Calculation finished!
