### [bt]: This is batchtools v0.9.17
### [bt]: Starting calculation of 5 jobs
### [bt]: Setting working directory to '/Users/User/Documents/Studium/Semester8/Hiwi/mlr3calibration/vignettes'
### [bt]: Memory measurement disabled
### [bt]: Starting job [batchtools job.id=2226]
### [bt]: Generating problem instance for problem 'a63d756aec4c60c1' ...
### [bt]: Applying algorithm 'run_learner' on problem 'a63d756aec4c60c1' for job 2226 (seed = 2227) ...
INFO  [17:08:16.484] [mlr3] Applying learner 'classif.xgboost.tuned_calib.oof_platt' on task 'pc1' (iter 6/10)
INFO  [17:08:16.538] [bbotk] Starting to optimize 3 parameter(s) with '<OptimizerBatchRandomSearch>' and '<TerminatorEvals> [n_evals=10, k=0]'
INFO  [17:08:16.570] [bbotk] Evaluating 1 configuration(s)
INFO  [17:08:16.992] [bbotk] Result of batch 1:
INFO  [17:08:16.993] [bbotk]  nrounds     eta max_depth classif.ce warnings errors runtime_learners
INFO  [17:08:16.993] [bbotk]       95 0.28022         9 0.06390977        0      0            0.367
INFO  [17:08:16.993] [bbotk]                                 uhash
INFO  [17:08:16.993] [bbotk]  57d0bf27-4746-453b-89bd-4d0b72e5b83b
INFO  [17:08:17.006] [bbotk] Evaluating 1 configuration(s)
INFO  [17:08:17.457] [bbotk] Result of batch 2:
INFO  [17:08:17.458] [bbotk]  nrounds       eta max_depth classif.ce warnings errors runtime_learners
INFO  [17:08:17.458] [bbotk]       84 0.1834596         8 0.06516291        0      0            0.399
INFO  [17:08:17.458] [bbotk]                                 uhash
INFO  [17:08:17.458] [bbotk]  886b1866-8314-4284-bab1-ef62a43e99b2
INFO  [17:08:17.462] [bbotk] Evaluating 1 configuration(s)
INFO  [17:08:17.747] [bbotk] Result of batch 3:
INFO  [17:08:17.750] [bbotk]  nrounds      eta max_depth classif.ce warnings errors runtime_learners
INFO  [17:08:17.750] [bbotk]      114 0.253655         2 0.06892231        0      0              0.2
INFO  [17:08:17.750] [bbotk]                                 uhash
INFO  [17:08:17.750] [bbotk]  c89893ea-0526-49d5-a5fd-463ce7c70a1f
INFO  [17:08:17.782] [bbotk] Evaluating 1 configuration(s)
INFO  [17:08:18.486] [bbotk] Result of batch 4:
INFO  [17:08:18.488] [bbotk]  nrounds       eta max_depth classif.ce warnings errors runtime_learners
INFO  [17:08:18.488] [bbotk]      237 0.2716686        10 0.07017544        0      0            0.638
INFO  [17:08:18.488] [bbotk]                                 uhash
INFO  [17:08:18.488] [bbotk]  b2dd1d56-f4b9-402f-8901-8b16a3784b18
INFO  [17:08:18.494] [bbotk] Evaluating 1 configuration(s)
INFO  [17:08:18.841] [bbotk] Result of batch 5:
INFO  [17:08:18.842] [bbotk]  nrounds        eta max_depth classif.ce warnings errors runtime_learners
INFO  [17:08:18.842] [bbotk]       94 0.07070898         5 0.06766917        0      0            0.277
INFO  [17:08:18.842] [bbotk]                                 uhash
INFO  [17:08:18.842] [bbotk]  b8ca6d59-cf2a-4369-bd32-6f7c8941c702
INFO  [17:08:18.858] [bbotk] Evaluating 1 configuration(s)
INFO  [17:08:19.744] [bbotk] Result of batch 6:
INFO  [17:08:19.747] [bbotk]  nrounds       eta max_depth classif.ce warnings errors runtime_learners
INFO  [17:08:19.747] [bbotk]      284 0.1963467        10 0.06516291        0      0            0.808
INFO  [17:08:19.747] [bbotk]                                 uhash
INFO  [17:08:19.747] [bbotk]  7964ebaf-a364-4dd6-a01d-87b6c3c27f2a
INFO  [17:08:19.758] [bbotk] Evaluating 1 configuration(s)
INFO  [17:08:20.570] [bbotk] Result of batch 7:
INFO  [17:08:20.572] [bbotk]  nrounds       eta max_depth classif.ce warnings errors runtime_learners
INFO  [17:08:20.572] [bbotk]      238 0.1978704         7 0.06766917        0      0            0.703
INFO  [17:08:20.572] [bbotk]                                 uhash
INFO  [17:08:20.572] [bbotk]  b2c207be-45a4-4cbb-b77c-689ca88f6ea3
INFO  [17:08:20.579] [bbotk] Evaluating 1 configuration(s)
INFO  [17:08:21.366] [bbotk] Result of batch 8:
INFO  [17:08:21.368] [bbotk]  nrounds        eta max_depth classif.ce warnings errors runtime_learners
INFO  [17:08:21.368] [bbotk]      237 0.07950617         7 0.06641604        0      0            0.686
INFO  [17:08:21.368] [bbotk]                                 uhash
INFO  [17:08:21.368] [bbotk]  8aa715a9-392e-46bb-96a0-0b5868326b87
INFO  [17:08:21.378] [bbotk] Evaluating 1 configuration(s)
INFO  [17:08:22.391] [bbotk] Result of batch 9:
INFO  [17:08:22.393] [bbotk]  nrounds       eta max_depth classif.ce warnings errors runtime_learners
INFO  [17:08:22.393] [bbotk]      277 0.1163758         8 0.06766917        0      0            0.943
INFO  [17:08:22.393] [bbotk]                                 uhash
INFO  [17:08:22.393] [bbotk]  2efe49c4-a5b8-4f1e-abf8-cba61b671351
INFO  [17:08:22.415] [bbotk] Evaluating 1 configuration(s)
INFO  [17:08:23.026] [bbotk] Result of batch 10:
INFO  [17:08:23.028] [bbotk]  nrounds       eta max_depth classif.ce warnings errors runtime_learners
INFO  [17:08:23.028] [bbotk]      179 0.1907013         7 0.06766917        0      0            0.515
INFO  [17:08:23.028] [bbotk]                                 uhash
INFO  [17:08:23.028] [bbotk]  c1f61458-595d-41f5-b956-2762a0ebc511
INFO  [17:08:23.037] [bbotk] Finished optimizing after 10 evaluation(s)
INFO  [17:08:23.038] [bbotk] Result:
INFO  [17:08:23.039] [bbotk]  nrounds     eta max_depth learner_param_vals  x_domain classif.ce
INFO  [17:08:23.039] [bbotk]    <int>   <num>     <int>             <list>    <list>      <num>
INFO  [17:08:23.039] [bbotk]       95 0.28022         9          <list[5]> <list[3]> 0.06390977
INFO  [17:08:23.352] [bbotk] Starting to optimize 3 parameter(s) with '<OptimizerBatchRandomSearch>' and '<TerminatorEvals> [n_evals=10, k=0]'
INFO  [17:08:23.387] [bbotk] Evaluating 1 configuration(s)
INFO  [17:08:23.882] [bbotk] Result of batch 1:
INFO  [17:08:23.883] [bbotk]  nrounds        eta max_depth classif.ce warnings errors runtime_learners
INFO  [17:08:23.883] [bbotk]      114 0.09351081         6 0.07393484        0      0            0.409
INFO  [17:08:23.883] [bbotk]                                 uhash
INFO  [17:08:23.883] [bbotk]  f05be772-4d9c-4c8d-a1fc-4ea72f75f770
INFO  [17:08:23.893] [bbotk] Evaluating 1 configuration(s)
INFO  [17:08:24.389] [bbotk] Result of batch 2:
INFO  [17:08:24.390] [bbotk]  nrounds        eta max_depth classif.ce warnings errors runtime_learners
INFO  [17:08:24.390] [bbotk]      213 0.01098636        10 0.07518797        0      0            0.461
INFO  [17:08:24.390] [bbotk]                                 uhash
INFO  [17:08:24.390] [bbotk]  205f0c7a-d1b3-4a0a-829f-812c6e53949f
INFO  [17:08:24.394] [bbotk] Evaluating 1 configuration(s)
INFO  [17:08:24.933] [bbotk] Result of batch 3:
INFO  [17:08:24.934] [bbotk]  nrounds       eta max_depth classif.ce warnings errors runtime_learners
INFO  [17:08:24.934] [bbotk]      292 0.0735248         5 0.07518797        0      0            0.489
INFO  [17:08:24.934] [bbotk]                                 uhash
INFO  [17:08:24.934] [bbotk]  5635fb2f-5832-4e8b-965c-f0ba345ba218
INFO  [17:08:24.938] [bbotk] Evaluating 1 configuration(s)
INFO  [17:08:25.186] [bbotk] Result of batch 4:
INFO  [17:08:25.187] [bbotk]  nrounds        eta max_depth classif.ce warnings errors runtime_learners
INFO  [17:08:25.187] [bbotk]      272 0.02670449         2 0.06641604        0      0            0.211
INFO  [17:08:25.187] [bbotk]                                 uhash
INFO  [17:08:25.187] [bbotk]  821c5fa2-0864-41cc-92cb-fc6ab847e05d
INFO  [17:08:25.198] [bbotk] Evaluating 1 configuration(s)
INFO  [17:08:25.486] [bbotk] Result of batch 5:
INFO  [17:08:25.487] [bbotk]  nrounds       eta max_depth classif.ce warnings errors runtime_learners
INFO  [17:08:25.487] [bbotk]      168 0.2876176         8 0.07393484        0      0            0.239
INFO  [17:08:25.487] [bbotk]                                 uhash
INFO  [17:08:25.487] [bbotk]  c131cd76-2d6c-4b85-ba87-5edc6ea875ab
INFO  [17:08:25.493] [bbotk] Evaluating 1 configuration(s)
INFO  [17:08:25.931] [bbotk] Result of batch 6:
INFO  [17:08:25.933] [bbotk]  nrounds      eta max_depth classif.ce warnings errors runtime_learners
INFO  [17:08:25.933] [bbotk]      280 0.113466         5 0.07142857        0      0            0.401
INFO  [17:08:25.933] [bbotk]                                 uhash
INFO  [17:08:25.933] [bbotk]  b9d7439d-3bfc-44a1-aee5-6d26bb6d5c61
INFO  [17:08:25.940] [bbotk] Evaluating 1 configuration(s)
INFO  [17:08:26.227] [bbotk] Result of batch 7:
INFO  [17:08:26.228] [bbotk]  nrounds       eta max_depth classif.ce warnings errors runtime_learners
INFO  [17:08:26.228] [bbotk]      182 0.1377596         4  0.0726817        0      0            0.244
INFO  [17:08:26.228] [bbotk]                                 uhash
INFO  [17:08:26.228] [bbotk]  1fc274ae-2c0e-465e-9789-8ce0eb613612
INFO  [17:08:26.232] [bbotk] Evaluating 1 configuration(s)
INFO  [17:08:26.465] [bbotk] Result of batch 8:
INFO  [17:08:26.466] [bbotk]  nrounds       eta max_depth classif.ce warnings errors runtime_learners
INFO  [17:08:26.466] [bbotk]      143 0.2347115         4 0.07769424        0      0            0.184
INFO  [17:08:26.466] [bbotk]                                 uhash
INFO  [17:08:26.466] [bbotk]  38a96853-24a5-4f3e-84a1-59a3186141f1
INFO  [17:08:26.470] [bbotk] Evaluating 1 configuration(s)
INFO  [17:08:26.666] [bbotk] Result of batch 9:
INFO  [17:08:26.667] [bbotk]  nrounds      eta max_depth classif.ce warnings errors runtime_learners
INFO  [17:08:26.667] [bbotk]      138 0.163207         4 0.07393484        0      0            0.168
INFO  [17:08:26.667] [bbotk]                                 uhash
INFO  [17:08:26.667] [bbotk]  c5356abe-1556-43df-8309-1117d99cffaa
INFO  [17:08:26.672] [bbotk] Evaluating 1 configuration(s)
INFO  [17:08:27.033] [bbotk] Result of batch 10:
INFO  [17:08:27.035] [bbotk]  nrounds       eta max_depth classif.ce warnings errors runtime_learners
INFO  [17:08:27.035] [bbotk]      184 0.1080569         9 0.07518797        0      0            0.323
INFO  [17:08:27.035] [bbotk]                                 uhash
INFO  [17:08:27.035] [bbotk]  3a892553-489d-4ea7-951b-cca69aa6df6b
INFO  [17:08:27.047] [bbotk] Finished optimizing after 10 evaluation(s)
INFO  [17:08:27.048] [bbotk] Result:
INFO  [17:08:27.049] [bbotk]  nrounds        eta max_depth learner_param_vals  x_domain classif.ce
INFO  [17:08:27.049] [bbotk]    <int>      <num>     <int>             <list>    <list>      <num>
INFO  [17:08:27.049] [bbotk]      272 0.02670449         2          <list[5]> <list[3]> 0.06641604
INFO  [17:08:27.198] [bbotk] Starting to optimize 3 parameter(s) with '<OptimizerBatchRandomSearch>' and '<TerminatorEvals> [n_evals=10, k=0]'
INFO  [17:08:27.210] [bbotk] Evaluating 1 configuration(s)
INFO  [17:08:27.512] [bbotk] Result of batch 1:
INFO  [17:08:27.513] [bbotk]  nrounds       eta max_depth classif.ce warnings errors runtime_learners
INFO  [17:08:27.513] [bbotk]      227 0.2324474         4 0.07017544        0      0             0.27
INFO  [17:08:27.513] [bbotk]                                 uhash
INFO  [17:08:27.513] [bbotk]  9b77dc9f-e3ed-407e-a1af-5933b61ee25d
INFO  [17:08:27.517] [bbotk] Evaluating 1 configuration(s)
INFO  [17:08:27.972] [bbotk] Result of batch 2:
INFO  [17:08:27.973] [bbotk]  nrounds      eta max_depth classif.ce warnings errors runtime_learners
INFO  [17:08:27.973] [bbotk]      277 0.188014         8  0.0726817        0      0            0.412
INFO  [17:08:27.973] [bbotk]                                 uhash
INFO  [17:08:27.973] [bbotk]  b8c4a5eb-8ff1-433a-ac42-b069c1c8fb1d
INFO  [17:08:27.977] [bbotk] Evaluating 1 configuration(s)
INFO  [17:08:28.459] [bbotk] Result of batch 3:
INFO  [17:08:28.460] [bbotk]  nrounds       eta max_depth classif.ce warnings errors runtime_learners
INFO  [17:08:28.460] [bbotk]      295 0.1469486         8 0.06892231        0      0            0.444
INFO  [17:08:28.460] [bbotk]                                 uhash
INFO  [17:08:28.460] [bbotk]  f5869325-58eb-40bc-b1db-c9f945282f97
INFO  [17:08:28.464] [bbotk] Evaluating 1 configuration(s)
INFO  [17:08:28.992] [bbotk] Result of batch 4:
INFO  [17:08:28.993] [bbotk]  nrounds       eta max_depth classif.ce warnings errors runtime_learners
INFO  [17:08:28.993] [bbotk]      165 0.2511545         8 0.07017544        0      0             0.49
INFO  [17:08:28.993] [bbotk]                                 uhash
INFO  [17:08:28.993] [bbotk]  dd90b0fc-07a3-4600-849b-25a9dfe261d0
INFO  [17:08:28.999] [bbotk] Evaluating 1 configuration(s)
INFO  [17:08:29.197] [bbotk] Result of batch 5:
INFO  [17:08:29.199] [bbotk]  nrounds        eta max_depth classif.ce warnings errors runtime_learners
INFO  [17:08:29.199] [bbotk]       72 0.03083609        10  0.0726817        0      0            0.168
INFO  [17:08:29.199] [bbotk]                                 uhash
INFO  [17:08:29.199] [bbotk]  f2d98ca2-a677-41ef-aeb5-555c6090f567
INFO  [17:08:29.205] [bbotk] Evaluating 1 configuration(s)
INFO  [17:08:29.587] [bbotk] Result of batch 6:
INFO  [17:08:29.588] [bbotk]  nrounds      eta max_depth classif.ce warnings errors runtime_learners
INFO  [17:08:29.588] [bbotk]      263 0.183927         5  0.0726817        0      0            0.349
INFO  [17:08:29.588] [bbotk]                                 uhash
INFO  [17:08:29.588] [bbotk]  13c74112-91c7-4f0e-ac84-69504c02607d
INFO  [17:08:29.591] [bbotk] Evaluating 1 configuration(s)
INFO  [17:08:29.791] [bbotk] Result of batch 7:
INFO  [17:08:29.793] [bbotk]  nrounds      eta max_depth classif.ce warnings errors runtime_learners
INFO  [17:08:29.793] [bbotk]      227 0.117449         2 0.06265664        0      0            0.159
INFO  [17:08:29.793] [bbotk]                                 uhash
INFO  [17:08:29.793] [bbotk]  5c9c7991-d893-49fe-9741-8de08bd0a7ae
INFO  [17:08:29.797] [bbotk] Evaluating 1 configuration(s)
INFO  [17:08:29.998] [bbotk] Result of batch 8:
INFO  [17:08:29.999] [bbotk]  nrounds       eta max_depth classif.ce warnings errors runtime_learners
INFO  [17:08:29.999] [bbotk]       84 0.2501762         9 0.06766917        0      0             0.17
INFO  [17:08:29.999] [bbotk]                                 uhash
INFO  [17:08:29.999] [bbotk]  340146a7-27f8-4293-850e-20cf903d0b64
INFO  [17:08:30.003] [bbotk] Evaluating 1 configuration(s)
INFO  [17:08:30.101] [bbotk] Result of batch 9:
INFO  [17:08:30.102] [bbotk]  nrounds      eta max_depth classif.ce warnings errors runtime_learners
INFO  [17:08:30.102] [bbotk]       69 0.105427         2 0.06641604        0      0            0.065
INFO  [17:08:30.102] [bbotk]                                 uhash
INFO  [17:08:30.102] [bbotk]  7bf25ed7-0ece-426c-adfc-9e2b89d4caf0
INFO  [17:08:30.105] [bbotk] Evaluating 1 configuration(s)
INFO  [17:08:30.381] [bbotk] Result of batch 10:
INFO  [17:08:30.382] [bbotk]  nrounds       eta max_depth classif.ce warnings errors runtime_learners
INFO  [17:08:30.382] [bbotk]      165 0.2677044         8 0.07393484        0      0            0.245
INFO  [17:08:30.382] [bbotk]                                 uhash
INFO  [17:08:30.382] [bbotk]  beb4dc08-9a19-4b5c-8f72-a16237b1f0d6
INFO  [17:08:30.390] [bbotk] Finished optimizing after 10 evaluation(s)
INFO  [17:08:30.390] [bbotk] Result:
INFO  [17:08:30.391] [bbotk]  nrounds      eta max_depth learner_param_vals  x_domain classif.ce
INFO  [17:08:30.391] [bbotk]    <int>    <num>     <int>             <list>    <list>      <num>
INFO  [17:08:30.391] [bbotk]      227 0.117449         2          <list[5]> <list[3]> 0.06265664
INFO  [17:08:30.494] [bbotk] Starting to optimize 3 parameter(s) with '<OptimizerBatchRandomSearch>' and '<TerminatorEvals> [n_evals=10, k=0]'
INFO  [17:08:30.503] [bbotk] Evaluating 1 configuration(s)
INFO  [17:08:30.772] [bbotk] Result of batch 1:
INFO  [17:08:30.773] [bbotk]  nrounds        eta max_depth classif.ce warnings errors runtime_learners
INFO  [17:08:30.773] [bbotk]      189 0.09376147         4 0.07256437        0      0            0.234
INFO  [17:08:30.773] [bbotk]                                 uhash
INFO  [17:08:30.773] [bbotk]  18d1abfc-c154-49cf-856e-13c8126f3d06
INFO  [17:08:30.777] [bbotk] Evaluating 1 configuration(s)
INFO  [17:08:31.031] [bbotk] Result of batch 2:
INFO  [17:08:31.032] [bbotk]  nrounds       eta max_depth classif.ce warnings errors runtime_learners
INFO  [17:08:31.032] [bbotk]      167 0.2363005        10 0.08007847        0      0            0.229
INFO  [17:08:31.032] [bbotk]                                 uhash
INFO  [17:08:31.032] [bbotk]  7d5d06d4-414c-40dc-8da5-6c3cf84a12f4
INFO  [17:08:31.037] [bbotk] Evaluating 1 configuration(s)
INFO  [17:08:31.215] [bbotk] Result of batch 3:
INFO  [17:08:31.217] [bbotk]  nrounds       eta max_depth classif.ce warnings errors runtime_learners
INFO  [17:08:31.217] [bbotk]      170 0.2921156         2 0.07882534        0      0            0.135
INFO  [17:08:31.217] [bbotk]                                 uhash
INFO  [17:08:31.217] [bbotk]  51c82619-ca62-4807-93e6-f7b7b8645a0f
INFO  [17:08:31.221] [bbotk] Evaluating 1 configuration(s)
INFO  [17:08:31.687] [bbotk] Result of batch 4:
INFO  [17:08:31.687] [bbotk]  nrounds        eta max_depth classif.ce warnings errors runtime_learners
INFO  [17:08:31.687] [bbotk]      145 0.04211374         9 0.07256437        0      0            0.431
INFO  [17:08:31.687] [bbotk]                                 uhash
INFO  [17:08:31.687] [bbotk]  36eebc06-e1be-46a0-9d06-4aa374420bae
INFO  [17:08:31.697] [bbotk] Evaluating 1 configuration(s)
INFO  [17:08:32.193] [bbotk] Result of batch 5:
INFO  [17:08:32.196] [bbotk]  nrounds       eta max_depth classif.ce warnings errors runtime_learners
INFO  [17:08:32.196] [bbotk]      205 0.1057963         5 0.07881595        0      0             0.43
INFO  [17:08:32.196] [bbotk]                                 uhash
INFO  [17:08:32.196] [bbotk]  86675c3e-b6d0-4a8d-b3b0-c9652dba20ee
INFO  [17:08:32.206] [bbotk] Evaluating 1 configuration(s)
INFO  [17:08:32.391] [bbotk] Result of batch 6:
INFO  [17:08:32.391] [bbotk]  nrounds       eta max_depth classif.ce warnings errors runtime_learners
INFO  [17:08:32.391] [bbotk]       66 0.2187657         5 0.07381281        0      0            0.139
INFO  [17:08:32.391] [bbotk]                                 uhash
INFO  [17:08:32.391] [bbotk]  276b5de9-f06f-4dd3-813d-a2a8493aa11f
INFO  [17:08:32.399] [bbotk] Evaluating 1 configuration(s)
INFO  [17:08:32.595] [bbotk] Result of batch 7:
INFO  [17:08:32.597] [bbotk]  nrounds       eta max_depth classif.ce warnings errors runtime_learners
INFO  [17:08:32.597] [bbotk]       86 0.1736659         4 0.07506125        0      0            0.157
INFO  [17:08:32.597] [bbotk]                                 uhash
INFO  [17:08:32.597] [bbotk]  521280a0-3446-4103-aac7-4bf29b8125ce
INFO  [17:08:32.608] [bbotk] Evaluating 1 configuration(s)
INFO  [17:08:32.921] [bbotk] Result of batch 8:
INFO  [17:08:32.922] [bbotk]  nrounds       eta max_depth classif.ce warnings errors runtime_learners
INFO  [17:08:32.922] [bbotk]      129 0.2049712        10 0.07756751        0      0            0.273
INFO  [17:08:32.922] [bbotk]                                 uhash
INFO  [17:08:32.922] [bbotk]  ceb7fdde-6271-4f59-b5fd-b3fe25aa7a1a
INFO  [17:08:32.925] [bbotk] Evaluating 1 configuration(s)
INFO  [17:08:33.202] [bbotk] Result of batch 9:
INFO  [17:08:33.203] [bbotk]  nrounds       eta max_depth classif.ce warnings errors runtime_learners
INFO  [17:08:33.203] [bbotk]      149 0.1970591         3 0.08257535        0      0             0.23
INFO  [17:08:33.203] [bbotk]                                 uhash
INFO  [17:08:33.203] [bbotk]  df7ae613-322c-44d0-8996-7c223639f5b5
INFO  [17:08:33.207] [bbotk] Evaluating 1 configuration(s)
INFO  [17:08:33.667] [bbotk] Result of batch 10:
INFO  [17:08:33.668] [bbotk]  nrounds        eta max_depth classif.ce warnings errors runtime_learners
INFO  [17:08:33.668] [bbotk]      250 0.06777372         4 0.07256437        0      0            0.411
INFO  [17:08:33.668] [bbotk]                                 uhash
INFO  [17:08:33.668] [bbotk]  26be1108-d20d-4680-8cfe-87fe96b3d27b
INFO  [17:08:33.682] [bbotk] Finished optimizing after 10 evaluation(s)
INFO  [17:08:33.683] [bbotk] Result:
INFO  [17:08:33.684] [bbotk]  nrounds        eta max_depth learner_param_vals  x_domain classif.ce
INFO  [17:08:33.684] [bbotk]    <int>      <num>     <int>             <list>    <list>      <num>
INFO  [17:08:33.684] [bbotk]      189 0.09376147         4          <list[5]> <list[3]> 0.07256437
INFO  [17:08:33.906] [bbotk] Starting to optimize 3 parameter(s) with '<OptimizerBatchRandomSearch>' and '<TerminatorEvals> [n_evals=10, k=0]'
INFO  [17:08:33.929] [bbotk] Evaluating 1 configuration(s)
INFO  [17:08:34.081] [bbotk] Result of batch 1:
INFO  [17:08:34.082] [bbotk]  nrounds       eta max_depth classif.ce warnings errors runtime_learners
INFO  [17:08:34.082] [bbotk]       95 0.1547633         2 0.06632687        0      0            0.105
INFO  [17:08:34.082] [bbotk]                                 uhash
INFO  [17:08:34.082] [bbotk]  9b50c7e7-6b39-4c55-9397-ef3e75ddee5e
INFO  [17:08:34.090] [bbotk] Evaluating 1 configuration(s)
INFO  [17:08:34.736] [bbotk] Result of batch 2:
INFO  [17:08:34.741] [bbotk]  nrounds       eta max_depth classif.ce warnings errors runtime_learners
INFO  [17:08:34.741] [bbotk]      246 0.1051527         7  0.0713394        0      0            0.576
INFO  [17:08:34.741] [bbotk]                                 uhash
INFO  [17:08:34.741] [bbotk]  9aae683c-09d8-4c29-af2a-8081659ee118
INFO  [17:08:34.746] [bbotk] Evaluating 1 configuration(s)
INFO  [17:08:35.237] [bbotk] Result of batch 3:
INFO  [17:08:35.239] [bbotk]  nrounds       eta max_depth classif.ce warnings errors runtime_learners
INFO  [17:08:35.239] [bbotk]      248 0.2102988         4 0.07258784        0      0            0.441
INFO  [17:08:35.239] [bbotk]                                 uhash
INFO  [17:08:35.239] [bbotk]  dd7e5b36-0ad2-413b-a9b6-5076e613b862
INFO  [17:08:35.254] [bbotk] Evaluating 1 configuration(s)
INFO  [17:08:35.537] [bbotk] Result of batch 4:
INFO  [17:08:35.537] [bbotk]  nrounds      eta max_depth classif.ce warnings errors runtime_learners
INFO  [17:08:35.537] [bbotk]      225 0.189002         2 0.07258314        0      0            0.244
INFO  [17:08:35.537] [bbotk]                                 uhash
INFO  [17:08:35.537] [bbotk]  068b3a8a-4dd8-4080-8762-848ef6f0fc24
INFO  [17:08:35.543] [bbotk] Evaluating 1 configuration(s)
INFO  [17:08:35.783] [bbotk] Result of batch 5:
INFO  [17:08:35.785] [bbotk]  nrounds       eta max_depth classif.ce warnings errors runtime_learners
INFO  [17:08:35.785] [bbotk]      181 0.1468876         2 0.06758469        0      0            0.194
INFO  [17:08:35.785] [bbotk]                                 uhash
INFO  [17:08:35.785] [bbotk]  0637ec07-1dc5-4c93-93a7-da56040ed26c
INFO  [17:08:35.790] [bbotk] Evaluating 1 configuration(s)
INFO  [17:08:36.454] [bbotk] Result of batch 6:
INFO  [17:08:36.455] [bbotk]  nrounds        eta max_depth classif.ce warnings errors runtime_learners
INFO  [17:08:36.455] [bbotk]      197 0.03639026        10  0.0750941        0      0            0.598
INFO  [17:08:36.455] [bbotk]                                 uhash
INFO  [17:08:36.455] [bbotk]  f3ece335-f59c-45ed-a0ea-f28d3721b73b
INFO  [17:08:36.459] [bbotk] Evaluating 1 configuration(s)
INFO  [17:08:36.718] [bbotk] Result of batch 7:
INFO  [17:08:36.720] [bbotk]  nrounds       eta max_depth classif.ce warnings errors runtime_learners
INFO  [17:08:36.720] [bbotk]      104 0.2142163         6 0.07008626        0      0            0.218
INFO  [17:08:36.720] [bbotk]                                 uhash
INFO  [17:08:36.720] [bbotk]  14a37baf-6963-4fa8-a7e0-3a4c8fe24a0e
INFO  [17:08:36.732] [bbotk] Evaluating 1 configuration(s)
INFO  [17:08:37.018] [bbotk] Result of batch 8:
INFO  [17:08:37.018] [bbotk]  nrounds       eta max_depth classif.ce warnings errors runtime_learners
INFO  [17:08:37.018] [bbotk]      168 0.1309901         3 0.06382999        0      0            0.233
INFO  [17:08:37.018] [bbotk]                                 uhash
INFO  [17:08:37.018] [bbotk]  10411d06-064c-474f-9594-a2193baed119
INFO  [17:08:37.027] [bbotk] Evaluating 1 configuration(s)
INFO  [17:08:37.202] [bbotk] Result of batch 9:
INFO  [17:08:37.203] [bbotk]  nrounds       eta max_depth classif.ce warnings errors runtime_learners
INFO  [17:08:37.203] [bbotk]      137 0.1550249         2 0.06758469        0      0             0.14
INFO  [17:08:37.203] [bbotk]                                 uhash
INFO  [17:08:37.203] [bbotk]  afbfc211-7431-4e43-9dbf-c688326991dd
INFO  [17:08:37.209] [bbotk] Evaluating 1 configuration(s)
INFO  [17:08:37.511] [bbotk] Result of batch 10:
INFO  [17:08:37.512] [bbotk]  nrounds       eta max_depth classif.ce warnings errors runtime_learners
INFO  [17:08:37.512] [bbotk]      189 0.1879888         3 0.07508941        0      0            0.257
INFO  [17:08:37.512] [bbotk]                                 uhash
INFO  [17:08:37.512] [bbotk]  5f64e5cc-28e2-41a5-8521-1f0217ded231
INFO  [17:08:37.522] [bbotk] Finished optimizing after 10 evaluation(s)
INFO  [17:08:37.523] [bbotk] Result:
INFO  [17:08:37.525] [bbotk]  nrounds       eta max_depth learner_param_vals  x_domain classif.ce
INFO  [17:08:37.525] [bbotk]    <int>     <num>     <int>             <list>    <list>      <num>
INFO  [17:08:37.525] [bbotk]      168 0.1309901         3          <list[5]> <list[3]> 0.06382999

### [bt]: Job terminated successfully [batchtools job.id=2226]
### [bt]: Starting job [batchtools job.id=2227]
### [bt]: Generating problem instance for problem 'a63d756aec4c60c1' ...
### [bt]: Applying algorithm 'run_learner' on problem 'a63d756aec4c60c1' for job 2227 (seed = 2228) ...
INFO  [17:08:37.729] [mlr3] Applying learner 'classif.xgboost.tuned_calib.oof_platt' on task 'pc1' (iter 7/10)
INFO  [17:08:37.789] [bbotk] Starting to optimize 3 parameter(s) with '<OptimizerBatchRandomSearch>' and '<TerminatorEvals> [n_evals=10, k=0]'
INFO  [17:08:37.800] [bbotk] Evaluating 1 configuration(s)
INFO  [17:08:37.976] [bbotk] Result of batch 1:
INFO  [17:08:37.977] [bbotk]  nrounds       eta max_depth classif.ce warnings errors runtime_learners
INFO  [17:08:37.977] [bbotk]       54 0.0756926         6 0.07894737        0      0            0.132
INFO  [17:08:37.977] [bbotk]                                 uhash
INFO  [17:08:37.977] [bbotk]  3cec8658-19fb-4c2a-83c5-2449cb1963af
INFO  [17:08:37.983] [bbotk] Evaluating 1 configuration(s)
INFO  [17:08:38.461] [bbotk] Result of batch 2:
INFO  [17:08:38.468] [bbotk]  nrounds       eta max_depth classif.ce warnings errors runtime_learners
INFO  [17:08:38.468] [bbotk]      170 0.1230585        10 0.07142857        0      0            0.424
INFO  [17:08:38.468] [bbotk]                                 uhash
INFO  [17:08:38.468] [bbotk]  b53f27b8-b488-413f-8f02-2d65a774298f
INFO  [17:08:38.472] [bbotk] Evaluating 1 configuration(s)
INFO  [17:08:38.846] [bbotk] Result of batch 3:
INFO  [17:08:38.847] [bbotk]  nrounds       eta max_depth classif.ce warnings errors runtime_learners
INFO  [17:08:38.847] [bbotk]      238 0.2698271         7 0.07142857        0      0            0.339
INFO  [17:08:38.847] [bbotk]                                 uhash
INFO  [17:08:38.847] [bbotk]  fc40e339-bcb8-4558-a5bf-9225d3242069
INFO  [17:08:38.855] [bbotk] Evaluating 1 configuration(s)
INFO  [17:08:39.384] [bbotk] Result of batch 4:
INFO  [17:08:39.386] [bbotk]  nrounds        eta max_depth classif.ce warnings errors runtime_learners
INFO  [17:08:39.386] [bbotk]      179 0.05215784        10 0.07142857        0      0             0.47
INFO  [17:08:39.386] [bbotk]                                 uhash
INFO  [17:08:39.386] [bbotk]  e7197095-a107-44b9-a6cb-a1cf2fbed5fc
INFO  [17:08:39.397] [bbotk] Evaluating 1 configuration(s)
INFO  [17:08:39.609] [bbotk] Result of batch 5:
INFO  [17:08:39.611] [bbotk]  nrounds       eta max_depth classif.ce warnings errors runtime_learners
INFO  [17:08:39.611] [bbotk]       58 0.1021426         7 0.07393484        0      0            0.155
INFO  [17:08:39.611] [bbotk]                                 uhash
INFO  [17:08:39.611] [bbotk]  d65c4c6d-8156-4174-8c46-0e6ec8caf93d
INFO  [17:08:39.617] [bbotk] Evaluating 1 configuration(s)
INFO  [17:08:40.107] [bbotk] Result of batch 6:
INFO  [17:08:40.109] [bbotk]  nrounds       eta max_depth classif.ce warnings errors runtime_learners
INFO  [17:08:40.109] [bbotk]      294 0.2388627         8  0.0726817        0      0            0.444
INFO  [17:08:40.109] [bbotk]                                 uhash
INFO  [17:08:40.109] [bbotk]  67c21231-feba-4cd4-9ec9-d0307fe7f106
INFO  [17:08:40.118] [bbotk] Evaluating 1 configuration(s)
INFO  [17:08:40.450] [bbotk] Result of batch 7:
INFO  [17:08:40.451] [bbotk]  nrounds       eta max_depth classif.ce warnings errors runtime_learners
INFO  [17:08:40.451] [bbotk]      119 0.1789665         7 0.06892231        0      0            0.272
INFO  [17:08:40.451] [bbotk]                                 uhash
INFO  [17:08:40.451] [bbotk]  f29949ae-0ce2-470b-8bc4-1ef17152af04
INFO  [17:08:40.455] [bbotk] Evaluating 1 configuration(s)
INFO  [17:08:40.757] [bbotk] Result of batch 8:
INFO  [17:08:40.759] [bbotk]  nrounds       eta max_depth classif.ce warnings errors runtime_learners
INFO  [17:08:40.759] [bbotk]      170 0.1640101         4  0.0726817        0      0            0.249
INFO  [17:08:40.759] [bbotk]                                 uhash
INFO  [17:08:40.759] [bbotk]  79c33cf0-4021-43c1-8725-b07837b9d292
INFO  [17:08:40.769] [bbotk] Evaluating 1 configuration(s)
INFO  [17:08:41.306] [bbotk] Result of batch 9:
INFO  [17:08:41.307] [bbotk]  nrounds       eta max_depth classif.ce warnings errors runtime_learners
INFO  [17:08:41.307] [bbotk]      279 0.2498618         6  0.0726817        0      0            0.491
INFO  [17:08:41.307] [bbotk]                                 uhash
INFO  [17:08:41.307] [bbotk]  54f34e6e-a3b2-44f7-b6d1-a2e157bb8984
INFO  [17:08:41.316] [bbotk] Evaluating 1 configuration(s)
INFO  [17:08:41.790] [bbotk] Result of batch 10:
INFO  [17:08:41.791] [bbotk]  nrounds       eta max_depth classif.ce warnings errors runtime_learners
INFO  [17:08:41.791] [bbotk]      300 0.2085222         3 0.07769424        0      0            0.416
INFO  [17:08:41.791] [bbotk]                                 uhash
INFO  [17:08:41.791] [bbotk]  b24ad326-3364-4f23-b613-2caabf778491
INFO  [17:08:41.800] [bbotk] Finished optimizing after 10 evaluation(s)
INFO  [17:08:41.800] [bbotk] Result:
INFO  [17:08:41.802] [bbotk]  nrounds       eta max_depth learner_param_vals  x_domain classif.ce
INFO  [17:08:41.802] [bbotk]    <int>     <num>     <int>             <list>    <list>      <num>
INFO  [17:08:41.802] [bbotk]      119 0.1789665         7          <list[5]> <list[3]> 0.06892231
INFO  [17:08:41.999] [bbotk] Starting to optimize 3 parameter(s) with '<OptimizerBatchRandomSearch>' and '<TerminatorEvals> [n_evals=10, k=0]'
INFO  [17:08:42.019] [bbotk] Evaluating 1 configuration(s)
INFO  [17:08:42.272] [bbotk] Result of batch 1:
INFO  [17:08:42.273] [bbotk]  nrounds       eta max_depth classif.ce warnings errors runtime_learners
INFO  [17:08:42.273] [bbotk]       57 0.2399318         8 0.06265664        0      0            0.195
INFO  [17:08:42.273] [bbotk]                                 uhash
INFO  [17:08:42.273] [bbotk]  e222a623-f429-454c-9d6f-2a1c5fc56fed
INFO  [17:08:42.284] [bbotk] Evaluating 1 configuration(s)
INFO  [17:08:42.796] [bbotk] Result of batch 2:
INFO  [17:08:42.800] [bbotk]  nrounds       eta max_depth classif.ce warnings errors runtime_learners
INFO  [17:08:42.800] [bbotk]      284 0.2922316         5 0.06892231        0      0            0.468
INFO  [17:08:42.800] [bbotk]                                 uhash
INFO  [17:08:42.800] [bbotk]  923f1cc4-dbe1-494e-96fd-c86a06ab2ced
INFO  [17:08:42.808] [bbotk] Evaluating 1 configuration(s)
INFO  [17:08:42.924] [bbotk] Result of batch 3:
INFO  [17:08:42.926] [bbotk]  nrounds        eta max_depth classif.ce warnings errors runtime_learners
INFO  [17:08:42.926] [bbotk]       64 0.08242345         2 0.06766917        0      0            0.077
INFO  [17:08:42.926] [bbotk]                                 uhash
INFO  [17:08:42.926] [bbotk]  a9641ceb-378c-4da9-8280-09790a089368
INFO  [17:08:42.931] [bbotk] Evaluating 1 configuration(s)
INFO  [17:08:43.259] [bbotk] Result of batch 4:
INFO  [17:08:43.260] [bbotk]  nrounds        eta max_depth classif.ce warnings errors runtime_learners
INFO  [17:08:43.260] [bbotk]      202 0.02189271         3 0.06140351        0      0            0.272
INFO  [17:08:43.260] [bbotk]                                 uhash
INFO  [17:08:43.260] [bbotk]  17070460-e5a9-40ab-be50-21a6166f67d9
INFO  [17:08:43.270] [bbotk] Evaluating 1 configuration(s)
INFO  [17:08:43.658] [bbotk] Result of batch 5:
INFO  [17:08:43.660] [bbotk]  nrounds       eta max_depth classif.ce warnings errors runtime_learners
INFO  [17:08:43.660] [bbotk]      166 0.2455191         7 0.06390977        0      0             0.34
INFO  [17:08:43.660] [bbotk]                                 uhash
INFO  [17:08:43.660] [bbotk]  3ac645d7-af98-4f6d-89c1-fb7efc0f9ff2
INFO  [17:08:43.669] [bbotk] Evaluating 1 configuration(s)
INFO  [17:08:44.225] [bbotk] Result of batch 6:
INFO  [17:08:44.226] [bbotk]  nrounds       eta max_depth classif.ce warnings errors runtime_learners
INFO  [17:08:44.226] [bbotk]      224 0.1071229         8 0.06516291        0      0            0.525
INFO  [17:08:44.226] [bbotk]                                 uhash
INFO  [17:08:44.226] [bbotk]  e8bcd97a-2478-4b3d-b7c0-57a4f4df1f3a
INFO  [17:08:44.231] [bbotk] Evaluating 1 configuration(s)
INFO  [17:08:44.581] [bbotk] Result of batch 7:
INFO  [17:08:44.583] [bbotk]  nrounds       eta max_depth classif.ce warnings errors runtime_learners
INFO  [17:08:44.583] [bbotk]      113 0.1201811         8 0.06390977        0      0            0.293
INFO  [17:08:44.583] [bbotk]                                 uhash
INFO  [17:08:44.583] [bbotk]  ad41d9cb-2f78-46eb-b550-f7f242fce94d
INFO  [17:08:44.588] [bbotk] Evaluating 1 configuration(s)
INFO  [17:08:45.296] [bbotk] Result of batch 8:
INFO  [17:08:45.297] [bbotk]  nrounds       eta max_depth classif.ce warnings errors runtime_learners
INFO  [17:08:45.297] [bbotk]      224 0.0162199        10 0.06516291        0      0            0.658
INFO  [17:08:45.297] [bbotk]                                 uhash
INFO  [17:08:45.297] [bbotk]  7532b8ae-6fc6-44f3-816d-2fa8941730eb
INFO  [17:08:45.301] [bbotk] Evaluating 1 configuration(s)
INFO  [17:08:45.538] [bbotk] Result of batch 9:
INFO  [17:08:45.539] [bbotk]  nrounds       eta max_depth classif.ce warnings errors runtime_learners
INFO  [17:08:45.539] [bbotk]       64 0.1374266         8 0.06390977        0      0            0.209
INFO  [17:08:45.539] [bbotk]                                 uhash
INFO  [17:08:45.539] [bbotk]  423abc43-f1f0-4e61-be25-724cd93701db
INFO  [17:08:45.548] [bbotk] Evaluating 1 configuration(s)
INFO  [17:08:45.895] [bbotk] Result of batch 10:
INFO  [17:08:45.896] [bbotk]  nrounds       eta max_depth classif.ce warnings errors runtime_learners
INFO  [17:08:45.896] [bbotk]      215 0.1448031         3 0.06641604        0      0            0.298
INFO  [17:08:45.896] [bbotk]                                 uhash
INFO  [17:08:45.896] [bbotk]  ec4f1a2d-2498-4867-9385-b1371200543e
INFO  [17:08:45.913] [bbotk] Finished optimizing after 10 evaluation(s)
INFO  [17:08:45.914] [bbotk] Result:
INFO  [17:08:45.915] [bbotk]  nrounds        eta max_depth learner_param_vals  x_domain classif.ce
INFO  [17:08:45.915] [bbotk]    <int>      <num>     <int>             <list>    <list>      <num>
INFO  [17:08:45.915] [bbotk]      202 0.02189271         3          <list[5]> <list[3]> 0.06140351
INFO  [17:08:46.080] [bbotk] Starting to optimize 3 parameter(s) with '<OptimizerBatchRandomSearch>' and '<TerminatorEvals> [n_evals=10, k=0]'
INFO  [17:08:46.098] [bbotk] Evaluating 1 configuration(s)
INFO  [17:08:46.728] [bbotk] Result of batch 1:
INFO  [17:08:46.729] [bbotk]  nrounds       eta max_depth classif.ce warnings errors runtime_learners
INFO  [17:08:46.729] [bbotk]      274 0.0860003         6  0.0726817        0      0             0.57
INFO  [17:08:46.729] [bbotk]                                 uhash
INFO  [17:08:46.729] [bbotk]  259f506d-2fac-42ab-b33e-af780c7611c3
INFO  [17:08:46.733] [bbotk] Evaluating 1 configuration(s)
INFO  [17:08:47.508] [bbotk] Result of batch 2:
INFO  [17:08:47.510] [bbotk]  nrounds        eta max_depth classif.ce warnings errors runtime_learners
INFO  [17:08:47.510] [bbotk]      288 0.02405701         8 0.07017544        0      0            0.743
INFO  [17:08:47.510] [bbotk]                                 uhash
INFO  [17:08:47.510] [bbotk]  2b5421d9-94bd-48d5-87cf-d6133c336817
INFO  [17:08:47.519] [bbotk] Evaluating 1 configuration(s)
INFO  [17:08:47.917] [bbotk] Result of batch 3:
INFO  [17:08:47.919] [bbotk]  nrounds       eta max_depth classif.ce warnings errors runtime_learners
INFO  [17:08:47.919] [bbotk]      197 0.2382779         5 0.07142857        0      0            0.354
INFO  [17:08:47.919] [bbotk]                                 uhash
INFO  [17:08:47.919] [bbotk]  052a9003-3695-452f-a5b6-96b43142f6f2
INFO  [17:08:47.923] [bbotk] Evaluating 1 configuration(s)
INFO  [17:08:48.168] [bbotk] Result of batch 4:
INFO  [17:08:48.169] [bbotk]  nrounds        eta max_depth classif.ce warnings errors runtime_learners
INFO  [17:08:48.169] [bbotk]      167 0.05884382         3 0.06641604        0      0            0.203
INFO  [17:08:48.169] [bbotk]                                 uhash
INFO  [17:08:48.169] [bbotk]  094d8b59-71e6-4fc7-9fbf-61e61f1e9d38
INFO  [17:08:48.173] [bbotk] Evaluating 1 configuration(s)
INFO  [17:08:48.398] [bbotk] Result of batch 5:
INFO  [17:08:48.399] [bbotk]  nrounds       eta max_depth classif.ce warnings errors runtime_learners
INFO  [17:08:48.399] [bbotk]      142 0.2027022         3 0.07769424        0      0             0.18
INFO  [17:08:48.399] [bbotk]                                 uhash
INFO  [17:08:48.399] [bbotk]  0801934b-11d8-4b10-a679-1d9c94332b9d
INFO  [17:08:48.404] [bbotk] Evaluating 1 configuration(s)
INFO  [17:08:48.853] [bbotk] Result of batch 6:
INFO  [17:08:48.855] [bbotk]  nrounds       eta max_depth classif.ce warnings errors runtime_learners
INFO  [17:08:48.855] [bbotk]      183 0.0587478        10 0.07393484        0      0            0.408
INFO  [17:08:48.855] [bbotk]                                 uhash
INFO  [17:08:48.855] [bbotk]  185b020f-0afb-4c42-b880-b27a942f73af
INFO  [17:08:48.861] [bbotk] Evaluating 1 configuration(s)
INFO  [17:08:49.112] [bbotk] Result of batch 7:
INFO  [17:08:49.118] [bbotk]  nrounds       eta max_depth classif.ce warnings errors runtime_learners
INFO  [17:08:49.118] [bbotk]      224 0.2257328         2 0.08270677        0      0            0.212
INFO  [17:08:49.118] [bbotk]                                 uhash
INFO  [17:08:49.118] [bbotk]  d45be1c0-cfd7-43aa-a778-90af65ef6602
INFO  [17:08:49.129] [bbotk] Evaluating 1 configuration(s)
INFO  [17:08:49.521] [bbotk] Result of batch 8:
INFO  [17:08:49.522] [bbotk]  nrounds       eta max_depth classif.ce warnings errors runtime_learners
INFO  [17:08:49.522] [bbotk]      157 0.1933675         6  0.0726817        0      0            0.333
INFO  [17:08:49.522] [bbotk]                                 uhash
INFO  [17:08:49.522] [bbotk]  4459e759-8c2c-4708-8f24-e9d0123cd8dd
INFO  [17:08:49.545] [bbotk] Evaluating 1 configuration(s)
INFO  [17:08:49.787] [bbotk] Result of batch 9:
INFO  [17:08:49.788] [bbotk]  nrounds       eta max_depth classif.ce warnings errors runtime_learners
INFO  [17:08:49.788] [bbotk]       97 0.2157474         5 0.07017544        0      0            0.203
INFO  [17:08:49.788] [bbotk]                                 uhash
INFO  [17:08:49.788] [bbotk]  f7b2692c-c67f-4429-811c-389cd25b385b
INFO  [17:08:49.794] [bbotk] Evaluating 1 configuration(s)
INFO  [17:08:50.254] [bbotk] Result of batch 10:
INFO  [17:08:50.255] [bbotk]  nrounds      eta max_depth classif.ce warnings errors runtime_learners
INFO  [17:08:50.255] [bbotk]      220 0.294829         7 0.07017544        0      0            0.399
INFO  [17:08:50.255] [bbotk]                                 uhash
INFO  [17:08:50.255] [bbotk]  64351bc0-556a-4da9-81ee-9a451ac6f908
INFO  [17:08:50.278] [bbotk] Finished optimizing after 10 evaluation(s)
INFO  [17:08:50.278] [bbotk] Result:
INFO  [17:08:50.281] [bbotk]  nrounds        eta max_depth learner_param_vals  x_domain classif.ce
INFO  [17:08:50.281] [bbotk]    <int>      <num>     <int>             <list>    <list>      <num>
INFO  [17:08:50.281] [bbotk]      167 0.05884382         3          <list[5]> <list[3]> 0.06641604
INFO  [17:08:50.473] [bbotk] Starting to optimize 3 parameter(s) with '<OptimizerBatchRandomSearch>' and '<TerminatorEvals> [n_evals=10, k=0]'
INFO  [17:08:50.485] [bbotk] Evaluating 1 configuration(s)
INFO  [17:08:51.181] [bbotk] Result of batch 1:
INFO  [17:08:51.184] [bbotk]  nrounds        eta max_depth classif.ce warnings errors runtime_learners
INFO  [17:08:51.184] [bbotk]      234 0.05375484        10 0.07136756        0      0            0.616
INFO  [17:08:51.184] [bbotk]                                 uhash
INFO  [17:08:51.184] [bbotk]  8088fa6b-d998-48c1-96db-16aec320c704
INFO  [17:08:51.188] [bbotk] Evaluating 1 configuration(s)
INFO  [17:08:51.804] [bbotk] Result of batch 2:
INFO  [17:08:51.806] [bbotk]  nrounds       eta max_depth classif.ce warnings errors runtime_learners
INFO  [17:08:51.806] [bbotk]      273 0.1345459        10 0.07262069        0      0            0.557
INFO  [17:08:51.806] [bbotk]                                 uhash
INFO  [17:08:51.806] [bbotk]  65f91236-38df-4004-9f80-b3413c8088cd
INFO  [17:08:51.817] [bbotk] Evaluating 1 configuration(s)
INFO  [17:08:52.034] [bbotk] Result of batch 3:
INFO  [17:08:52.037] [bbotk]  nrounds       eta max_depth classif.ce warnings errors runtime_learners
INFO  [17:08:52.037] [bbotk]       84 0.2296122         8 0.07511757        0      0            0.178
INFO  [17:08:52.037] [bbotk]                                 uhash
INFO  [17:08:52.037] [bbotk]  0e0ceb0b-4120-4b6f-b9d3-393f9d2c1b26
INFO  [17:08:52.046] [bbotk] Evaluating 1 configuration(s)
INFO  [17:08:52.388] [bbotk] Result of batch 4:
INFO  [17:08:52.390] [bbotk]  nrounds       eta max_depth classif.ce warnings errors runtime_learners
INFO  [17:08:52.390] [bbotk]      179 0.2875096         4 0.07388321        0      0            0.303
INFO  [17:08:52.390] [bbotk]                                 uhash
INFO  [17:08:52.390] [bbotk]  3f30ff09-f376-4e69-87e4-d784b47d765c
INFO  [17:08:52.404] [bbotk] Evaluating 1 configuration(s)
INFO  [17:08:52.676] [bbotk] Result of batch 5:
INFO  [17:08:52.685] [bbotk]  nrounds        eta max_depth classif.ce warnings errors runtime_learners
INFO  [17:08:52.685] [bbotk]       75 0.01945252        10 0.07887697        0      0            0.229
INFO  [17:08:52.685] [bbotk]                                 uhash
INFO  [17:08:52.685] [bbotk]  aefd0a79-490c-499b-a7e4-dbe176c18e79
INFO  [17:08:52.689] [bbotk] Evaluating 1 configuration(s)
INFO  [17:08:53.117] [bbotk] Result of batch 6:
INFO  [17:08:53.119] [bbotk]  nrounds       eta max_depth classif.ce warnings errors runtime_learners
INFO  [17:08:53.119] [bbotk]      212 0.1994587         9 0.07387382        0      0            0.396
INFO  [17:08:53.119] [bbotk]                                 uhash
INFO  [17:08:53.119] [bbotk]  ff86eb63-ebd8-4a2c-bdf2-bc5749a155f7
INFO  [17:08:53.129] [bbotk] Evaluating 1 configuration(s)
INFO  [17:08:53.665] [bbotk] Result of batch 7:
INFO  [17:08:53.667] [bbotk]  nrounds       eta max_depth classif.ce warnings errors runtime_learners
INFO  [17:08:53.667] [bbotk]      260 0.1775988         9 0.07387382        0      0            0.481
INFO  [17:08:53.667] [bbotk]                                 uhash
INFO  [17:08:53.667] [bbotk]  ff15b91e-96dd-4cb5-a5f7-3b67efee723c
INFO  [17:08:53.671] [bbotk] Evaluating 1 configuration(s)
INFO  [17:08:54.136] [bbotk] Result of batch 8:
INFO  [17:08:54.137] [bbotk]  nrounds       eta max_depth classif.ce warnings errors runtime_learners
INFO  [17:08:54.137] [bbotk]      264 0.2370589         5 0.07888635        0      0            0.421
INFO  [17:08:54.137] [bbotk]                                 uhash
INFO  [17:08:54.137] [bbotk]  61eab616-a62b-443c-a87c-16f8aa47ff8f
INFO  [17:08:54.141] [bbotk] Evaluating 1 configuration(s)
INFO  [17:08:54.360] [bbotk] Result of batch 9:
INFO  [17:08:54.361] [bbotk]  nrounds       eta max_depth classif.ce warnings errors runtime_learners
INFO  [17:08:54.361] [bbotk]      192 0.2727308         2  0.0763754        0      0            0.176
INFO  [17:08:54.361] [bbotk]                                 uhash
INFO  [17:08:54.361] [bbotk]  5f14e1c5-e989-46c4-ba9c-21a91c7ccc47
INFO  [17:08:54.365] [bbotk] Evaluating 1 configuration(s)
INFO  [17:08:54.898] [bbotk] Result of batch 10:
INFO  [17:08:54.900] [bbotk]  nrounds       eta max_depth classif.ce warnings errors runtime_learners
INFO  [17:08:54.900] [bbotk]      226 0.1143529         8 0.07011912        0      0            0.483
INFO  [17:08:54.900] [bbotk]                                 uhash
INFO  [17:08:54.900] [bbotk]  45d5365e-bac8-4d69-baa5-18a8d33f0d03
INFO  [17:08:54.914] [bbotk] Finished optimizing after 10 evaluation(s)
INFO  [17:08:54.915] [bbotk] Result:
INFO  [17:08:54.916] [bbotk]  nrounds       eta max_depth learner_param_vals  x_domain classif.ce
INFO  [17:08:54.916] [bbotk]    <int>     <num>     <int>             <list>    <list>      <num>
INFO  [17:08:54.916] [bbotk]      226 0.1143529         8          <list[5]> <list[3]> 0.07011912
INFO  [17:08:55.206] [bbotk] Starting to optimize 3 parameter(s) with '<OptimizerBatchRandomSearch>' and '<TerminatorEvals> [n_evals=10, k=0]'
INFO  [17:08:55.219] [bbotk] Evaluating 1 configuration(s)
INFO  [17:08:55.685] [bbotk] Result of batch 1:
INFO  [17:08:55.687] [bbotk]  nrounds       eta max_depth classif.ce warnings errors runtime_learners
INFO  [17:08:55.687] [bbotk]      201 0.1383195         9 0.06506904        0      0            0.429
INFO  [17:08:55.687] [bbotk]                                 uhash
INFO  [17:08:55.687] [bbotk]  5e4274b2-d58a-4152-8754-4218b06e58e1
INFO  [17:08:55.702] [bbotk] Evaluating 1 configuration(s)
INFO  [17:08:56.074] [bbotk] Result of batch 2:
INFO  [17:08:56.075] [bbotk]  nrounds       eta max_depth classif.ce warnings errors runtime_learners
INFO  [17:08:56.075] [bbotk]      175 0.2289265        10 0.06757531        0      0            0.314
INFO  [17:08:56.075] [bbotk]                                 uhash
INFO  [17:08:56.075] [bbotk]  04cef446-d959-47b7-913e-2899a4fc9658
INFO  [17:08:56.081] [bbotk] Evaluating 1 configuration(s)
INFO  [17:08:56.448] [bbotk] Result of batch 3:
INFO  [17:08:56.451] [bbotk]  nrounds       eta max_depth classif.ce warnings errors runtime_learners
INFO  [17:08:56.451] [bbotk]      134 0.1331261        10 0.06131903        0      0            0.314
INFO  [17:08:56.451] [bbotk]                                 uhash
INFO  [17:08:56.451] [bbotk]  7b997023-9e46-4e00-984c-92401272fc3d
INFO  [17:08:56.455] [bbotk] Evaluating 1 configuration(s)
INFO  [17:08:56.650] [bbotk] Result of batch 4:
INFO  [17:08:56.651] [bbotk]  nrounds     eta max_depth classif.ce warnings errors runtime_learners
INFO  [17:08:56.651] [bbotk]       71 0.11002         4 0.06257216        0      0            0.142
INFO  [17:08:56.651] [bbotk]                                 uhash
INFO  [17:08:56.651] [bbotk]  57a30b0b-cc05-4552-b036-ddc2fb896d44
INFO  [17:08:56.696] [bbotk] Evaluating 1 configuration(s)
INFO  [17:08:57.039] [bbotk] Result of batch 5:
INFO  [17:08:57.040] [bbotk]  nrounds        eta max_depth classif.ce warnings errors runtime_learners
INFO  [17:08:57.040] [bbotk]      300 0.06891194         2  0.0600659        0      0            0.289
INFO  [17:08:57.040] [bbotk]                                 uhash
INFO  [17:08:57.040] [bbotk]  954cc4ae-3524-462c-a927-e168068a4c52
INFO  [17:08:57.051] [bbotk] Evaluating 1 configuration(s)
INFO  [17:08:57.623] [bbotk] Result of batch 6:
INFO  [17:08:57.624] [bbotk]  nrounds        eta max_depth classif.ce warnings errors runtime_learners
INFO  [17:08:57.624] [bbotk]      192 0.02803261         7 0.06382529        0      0            0.537
INFO  [17:08:57.624] [bbotk]                                 uhash
INFO  [17:08:57.624] [bbotk]  9291b156-6510-423c-963e-c69b1003797c
INFO  [17:08:57.628] [bbotk] Evaluating 1 configuration(s)
INFO  [17:08:58.113] [bbotk] Result of batch 7:
INFO  [17:08:58.115] [bbotk]  nrounds       eta max_depth classif.ce warnings errors runtime_learners
INFO  [17:08:58.115] [bbotk]      257 0.1454941         4 0.06381591        0      0            0.442
INFO  [17:08:58.115] [bbotk]                                 uhash
INFO  [17:08:58.115] [bbotk]  d84a0c0e-ac91-4a03-a154-8a556c83bdd4
INFO  [17:08:58.121] [bbotk] Evaluating 1 configuration(s)
INFO  [17:08:58.423] [bbotk] Result of batch 8:
INFO  [17:08:58.424] [bbotk]  nrounds       eta max_depth classif.ce warnings errors runtime_learners
INFO  [17:08:58.424] [bbotk]       92 0.1374999         9 0.06256747        0      0            0.258
INFO  [17:08:58.424] [bbotk]                                 uhash
INFO  [17:08:58.424] [bbotk]  c0cbced0-5f74-4f1d-9f3d-0b68a64e496a
INFO  [17:08:58.429] [bbotk] Evaluating 1 configuration(s)
INFO  [17:08:59.167] [bbotk] Result of batch 9:
INFO  [17:08:59.168] [bbotk]  nrounds        eta max_depth classif.ce warnings errors runtime_learners
INFO  [17:08:59.168] [bbotk]      287 0.03694053         7 0.06507373        0      0            0.687
INFO  [17:08:59.168] [bbotk]                                 uhash
INFO  [17:08:59.168] [bbotk]  1c750d5b-069f-4595-959f-82ded4aef336
INFO  [17:08:59.172] [bbotk] Evaluating 1 configuration(s)
INFO  [17:08:59.641] [bbotk] Result of batch 10:
INFO  [17:08:59.642] [bbotk]  nrounds       eta max_depth classif.ce warnings errors runtime_learners
INFO  [17:08:59.642] [bbotk]      294 0.2399081         4 0.06506904        0      0            0.428
INFO  [17:08:59.642] [bbotk]                                 uhash
INFO  [17:08:59.642] [bbotk]  c8ebffcf-9686-4246-9ef5-27ce34288477
INFO  [17:08:59.652] [bbotk] Finished optimizing after 10 evaluation(s)
INFO  [17:08:59.652] [bbotk] Result:
INFO  [17:08:59.654] [bbotk]  nrounds        eta max_depth learner_param_vals  x_domain classif.ce
INFO  [17:08:59.654] [bbotk]    <int>      <num>     <int>             <list>    <list>      <num>
INFO  [17:08:59.654] [bbotk]      300 0.06891194         2          <list[5]> <list[3]>  0.0600659

### [bt]: Job terminated successfully [batchtools job.id=2227]
### [bt]: Starting job [batchtools job.id=2228]
### [bt]: Generating problem instance for problem 'a63d756aec4c60c1' ...
### [bt]: Applying algorithm 'run_learner' on problem 'a63d756aec4c60c1' for job 2228 (seed = 2229) ...
INFO  [17:08:59.878] [mlr3] Applying learner 'classif.xgboost.tuned_calib.oof_platt' on task 'pc1' (iter 8/10)
INFO  [17:08:59.928] [bbotk] Starting to optimize 3 parameter(s) with '<OptimizerBatchRandomSearch>' and '<TerminatorEvals> [n_evals=10, k=0]'
INFO  [17:08:59.942] [bbotk] Evaluating 1 configuration(s)
INFO  [17:09:00.319] [bbotk] Result of batch 1:
INFO  [17:09:00.320] [bbotk]  nrounds       eta max_depth classif.ce warnings errors runtime_learners
INFO  [17:09:00.320] [bbotk]      173 0.1645056         8 0.06892231        0      0            0.334
INFO  [17:09:00.320] [bbotk]                                 uhash
INFO  [17:09:00.320] [bbotk]  2ca65c4a-6a78-450b-8765-b6514a222b73
INFO  [17:09:00.326] [bbotk] Evaluating 1 configuration(s)
INFO  [17:09:00.912] [bbotk] Result of batch 2:
INFO  [17:09:00.913] [bbotk]  nrounds       eta max_depth classif.ce warnings errors runtime_learners
INFO  [17:09:00.913] [bbotk]      210 0.1010328         8 0.06641604        0      0            0.533
INFO  [17:09:00.913] [bbotk]                                 uhash
INFO  [17:09:00.913] [bbotk]  42b52121-fa01-4a1a-891d-ecc4121407ff
INFO  [17:09:00.916] [bbotk] Evaluating 1 configuration(s)
INFO  [17:09:01.459] [bbotk] Result of batch 3:
INFO  [17:09:01.460] [bbotk]  nrounds        eta max_depth classif.ce warnings errors runtime_learners
INFO  [17:09:01.460] [bbotk]      214 0.05722752         6 0.07017544        0      0            0.499
INFO  [17:09:01.460] [bbotk]                                 uhash
INFO  [17:09:01.460] [bbotk]  dbfb7ded-1c93-49b5-b533-b2c468743044
INFO  [17:09:01.464] [bbotk] Evaluating 1 configuration(s)
INFO  [17:09:01.781] [bbotk] Result of batch 4:
INFO  [17:09:01.782] [bbotk]  nrounds       eta max_depth classif.ce warnings errors runtime_learners
INFO  [17:09:01.782] [bbotk]      114 0.2362956         8 0.06641604        0      0            0.273
INFO  [17:09:01.782] [bbotk]                                 uhash
INFO  [17:09:01.782] [bbotk]  8e663799-b62a-469e-8ba0-acee8b7bc466
INFO  [17:09:01.788] [bbotk] Evaluating 1 configuration(s)
INFO  [17:09:02.495] [bbotk] Result of batch 5:
INFO  [17:09:02.497] [bbotk]  nrounds        eta max_depth classif.ce warnings errors runtime_learners
INFO  [17:09:02.497] [bbotk]      255 0.01373568         9 0.06516291        0      0             0.66
INFO  [17:09:02.497] [bbotk]                                 uhash
INFO  [17:09:02.497] [bbotk]  9a5a0e4e-cb11-438c-b8cc-c8abb04b60c5
INFO  [17:09:02.504] [bbotk] Evaluating 1 configuration(s)
INFO  [17:09:03.013] [bbotk] Result of batch 6:
INFO  [17:09:03.020] [bbotk]  nrounds        eta max_depth classif.ce warnings errors runtime_learners
INFO  [17:09:03.020] [bbotk]      232 0.08768036         6 0.06892231        0      0            0.473
INFO  [17:09:03.020] [bbotk]                                 uhash
INFO  [17:09:03.020] [bbotk]  203856e1-f448-42ba-b5f1-8045fbeb6f39
INFO  [17:09:03.030] [bbotk] Evaluating 1 configuration(s)
INFO  [17:09:03.253] [bbotk] Result of batch 7:
INFO  [17:09:03.254] [bbotk]  nrounds        eta max_depth classif.ce warnings errors runtime_learners
INFO  [17:09:03.254] [bbotk]       64 0.09058058        10 0.06892231        0      0            0.182
INFO  [17:09:03.254] [bbotk]                                 uhash
INFO  [17:09:03.254] [bbotk]  5b2abfbf-81e3-4b8d-b99d-d564c02bd654
INFO  [17:09:03.263] [bbotk] Evaluating 1 configuration(s)
INFO  [17:09:03.448] [bbotk] Result of batch 8:
INFO  [17:09:03.451] [bbotk]  nrounds        eta max_depth classif.ce warnings errors runtime_learners
INFO  [17:09:03.451] [bbotk]      115 0.02758138         3 0.06390977        0      0            0.148
INFO  [17:09:03.451] [bbotk]                                 uhash
INFO  [17:09:03.451] [bbotk]  c2107444-af99-431b-b30a-a709044bda4b
INFO  [17:09:03.457] [bbotk] Evaluating 1 configuration(s)
INFO  [17:09:03.976] [bbotk] Result of batch 9:
INFO  [17:09:03.977] [bbotk]  nrounds       eta max_depth classif.ce warnings errors runtime_learners
INFO  [17:09:03.977] [bbotk]      244 0.1891658         9 0.07017544        0      0            0.481
INFO  [17:09:03.977] [bbotk]                                 uhash
INFO  [17:09:03.977] [bbotk]  5669d732-e134-4a3f-a15d-213e96959ccf
INFO  [17:09:03.981] [bbotk] Evaluating 1 configuration(s)
INFO  [17:09:04.383] [bbotk] Result of batch 10:
INFO  [17:09:04.386] [bbotk]  nrounds       eta max_depth classif.ce warnings errors runtime_learners
INFO  [17:09:04.386] [bbotk]      157 0.2182807         8 0.07017544        0      0            0.346
INFO  [17:09:04.386] [bbotk]                                 uhash
INFO  [17:09:04.386] [bbotk]  0906d1a8-db86-45df-93bc-b12ceefd8c95
INFO  [17:09:04.405] [bbotk] Finished optimizing after 10 evaluation(s)
INFO  [17:09:04.406] [bbotk] Result:
INFO  [17:09:04.408] [bbotk]  nrounds        eta max_depth learner_param_vals  x_domain classif.ce
INFO  [17:09:04.408] [bbotk]    <int>      <num>     <int>             <list>    <list>      <num>
INFO  [17:09:04.408] [bbotk]      115 0.02758138         3          <list[5]> <list[3]> 0.06390977
INFO  [17:09:04.532] [bbotk] Starting to optimize 3 parameter(s) with '<OptimizerBatchRandomSearch>' and '<TerminatorEvals> [n_evals=10, k=0]'
INFO  [17:09:04.555] [bbotk] Evaluating 1 configuration(s)
INFO  [17:09:05.002] [bbotk] Result of batch 1:
INFO  [17:09:05.003] [bbotk]  nrounds      eta max_depth classif.ce warnings errors runtime_learners
INFO  [17:09:05.003] [bbotk]      291 0.086735         3 0.06140351        0      0            0.396
INFO  [17:09:05.003] [bbotk]                                 uhash
INFO  [17:09:05.003] [bbotk]  236c4273-c0e2-4690-9ea8-24940c310696
INFO  [17:09:05.007] [bbotk] Evaluating 1 configuration(s)
INFO  [17:09:05.371] [bbotk] Result of batch 2:
INFO  [17:09:05.372] [bbotk]  nrounds        eta max_depth classif.ce warnings errors runtime_learners
INFO  [17:09:05.372] [bbotk]      162 0.09253341         4 0.05889724        0      0            0.323
INFO  [17:09:05.372] [bbotk]                                 uhash
INFO  [17:09:05.372] [bbotk]  78fad631-5d9d-4240-a7df-dae825825426
INFO  [17:09:05.376] [bbotk] Evaluating 1 configuration(s)
INFO  [17:09:05.658] [bbotk] Result of batch 3:
INFO  [17:09:05.660] [bbotk]  nrounds       eta max_depth classif.ce warnings errors runtime_learners
INFO  [17:09:05.660] [bbotk]      237 0.1570103         2 0.06516291        0      0            0.232
INFO  [17:09:05.660] [bbotk]                                 uhash
INFO  [17:09:05.660] [bbotk]  752a4da8-58cf-4e2e-b7d9-aa790fc8e0fc
INFO  [17:09:05.667] [bbotk] Evaluating 1 configuration(s)
INFO  [17:09:06.106] [bbotk] Result of batch 4:
INFO  [17:09:06.107] [bbotk]  nrounds       eta max_depth classif.ce warnings errors runtime_learners
INFO  [17:09:06.107] [bbotk]      252 0.2983049         4 0.05639098        0      0            0.395
INFO  [17:09:06.107] [bbotk]                                 uhash
INFO  [17:09:06.107] [bbotk]  1b98d124-eae3-4e7c-92da-4ac2b0af5b3d
INFO  [17:09:06.113] [bbotk] Evaluating 1 configuration(s)
INFO  [17:09:06.364] [bbotk] Result of batch 5:
INFO  [17:09:06.366] [bbotk]  nrounds        eta max_depth classif.ce warnings errors runtime_learners
INFO  [17:09:06.366] [bbotk]      242 0.02501741         2 0.06140351        0      0            0.216
INFO  [17:09:06.366] [bbotk]                                 uhash
INFO  [17:09:06.366] [bbotk]  9368ccbc-08d3-4fa3-b842-dc9576f4cb10
INFO  [17:09:06.370] [bbotk] Evaluating 1 configuration(s)
INFO  [17:09:06.625] [bbotk] Result of batch 6:
INFO  [17:09:06.627] [bbotk]  nrounds       eta max_depth classif.ce warnings errors runtime_learners
INFO  [17:09:06.627] [bbotk]      248 0.1224414         2 0.06390977        0      0            0.208
INFO  [17:09:06.627] [bbotk]                                 uhash
INFO  [17:09:06.627] [bbotk]  595e510e-78a0-4d25-81ee-85e44e43d453
INFO  [17:09:06.637] [bbotk] Evaluating 1 configuration(s)
INFO  [17:09:06.905] [bbotk] Result of batch 7:
INFO  [17:09:06.906] [bbotk]  nrounds       eta max_depth classif.ce warnings errors runtime_learners
INFO  [17:09:06.906] [bbotk]      241 0.2895477         2 0.06390977        0      0             0.23
INFO  [17:09:06.906] [bbotk]                                 uhash
INFO  [17:09:06.906] [bbotk]  67b75863-6780-41aa-9338-6f13275aac2b
INFO  [17:09:06.910] [bbotk] Evaluating 1 configuration(s)
INFO  [17:09:07.481] [bbotk] Result of batch 8:
INFO  [17:09:07.483] [bbotk]  nrounds       eta max_depth classif.ce warnings errors runtime_learners
INFO  [17:09:07.483] [bbotk]      261 0.1225491         5 0.05639098        0      0            0.528
INFO  [17:09:07.483] [bbotk]                                 uhash
INFO  [17:09:07.483] [bbotk]  f265e268-7341-4607-afe9-222a59974c57
INFO  [17:09:07.493] [bbotk] Evaluating 1 configuration(s)
INFO  [17:09:07.627] [bbotk] Result of batch 9:
INFO  [17:09:07.629] [bbotk]  nrounds       eta max_depth classif.ce warnings errors runtime_learners
INFO  [17:09:07.629] [bbotk]      106 0.2146035         2 0.06641604        0      0            0.093
INFO  [17:09:07.629] [bbotk]                                 uhash
INFO  [17:09:07.629] [bbotk]  6bd515bb-1b1d-451c-9c09-ffae02d32b8d
INFO  [17:09:07.637] [bbotk] Evaluating 1 configuration(s)
INFO  [17:09:08.200] [bbotk] Result of batch 10:
INFO  [17:09:08.201] [bbotk]  nrounds        eta max_depth classif.ce warnings errors runtime_learners
INFO  [17:09:08.201] [bbotk]      278 0.05830378         5 0.05764411        0      0            0.525
INFO  [17:09:08.201] [bbotk]                                 uhash
INFO  [17:09:08.201] [bbotk]  eacd8126-25ad-4378-bfca-168afb1c5100
INFO  [17:09:08.221] [bbotk] Finished optimizing after 10 evaluation(s)
INFO  [17:09:08.221] [bbotk] Result:
INFO  [17:09:08.223] [bbotk]  nrounds       eta max_depth learner_param_vals  x_domain classif.ce
INFO  [17:09:08.223] [bbotk]    <int>     <num>     <int>             <list>    <list>      <num>
INFO  [17:09:08.223] [bbotk]      252 0.2983049         4          <list[5]> <list[3]> 0.05639098
INFO  [17:09:08.444] [bbotk] Starting to optimize 3 parameter(s) with '<OptimizerBatchRandomSearch>' and '<TerminatorEvals> [n_evals=10, k=0]'
INFO  [17:09:08.462] [bbotk] Evaluating 1 configuration(s)
INFO  [17:09:08.605] [bbotk] Result of batch 1:
INFO  [17:09:08.606] [bbotk]  nrounds       eta max_depth classif.ce warnings errors runtime_learners
INFO  [17:09:08.606] [bbotk]       62 0.2946437         4  0.0726817        0      0            0.105
INFO  [17:09:08.606] [bbotk]                                 uhash
INFO  [17:09:08.606] [bbotk]  7e8d0a47-5468-4963-9337-05a478e372e8
INFO  [17:09:08.610] [bbotk] Evaluating 1 configuration(s)
INFO  [17:09:08.929] [bbotk] Result of batch 2:
INFO  [17:09:08.930] [bbotk]  nrounds       eta max_depth classif.ce warnings errors runtime_learners
INFO  [17:09:08.930] [bbotk]      129 0.1963631         6  0.0726817        0      0            0.285
INFO  [17:09:08.930] [bbotk]                                 uhash
INFO  [17:09:08.930] [bbotk]  6ee62305-9066-4052-8ff7-668257ead147
INFO  [17:09:08.934] [bbotk] Evaluating 1 configuration(s)
INFO  [17:09:09.532] [bbotk] Result of batch 3:
INFO  [17:09:09.533] [bbotk]  nrounds        eta max_depth classif.ce warnings errors runtime_learners
INFO  [17:09:09.533] [bbotk]      250 0.08863452         9 0.07017544        0      0            0.553
INFO  [17:09:09.533] [bbotk]                                 uhash
INFO  [17:09:09.533] [bbotk]  b71eb4c9-472f-433a-8e4c-9271d48fc078
INFO  [17:09:09.542] [bbotk] Evaluating 1 configuration(s)
INFO  [17:09:10.021] [bbotk] Result of batch 4:
INFO  [17:09:10.023] [bbotk]  nrounds       eta max_depth classif.ce warnings errors runtime_learners
INFO  [17:09:10.023] [bbotk]      262 0.2923842         5 0.06892231        0      0            0.429
INFO  [17:09:10.023] [bbotk]                                 uhash
INFO  [17:09:10.023] [bbotk]  b0faa8d7-e39d-40a2-beb0-cd0a0ed55eec
INFO  [17:09:10.029] [bbotk] Evaluating 1 configuration(s)
INFO  [17:09:10.562] [bbotk] Result of batch 5:
INFO  [17:09:10.563] [bbotk]  nrounds       eta max_depth classif.ce warnings errors runtime_learners
INFO  [17:09:10.563] [bbotk]      267 0.2461765        10 0.07017544        0      0            0.482
INFO  [17:09:10.563] [bbotk]                                 uhash
INFO  [17:09:10.563] [bbotk]  ac4b300f-4784-49da-9821-6dd3235e3671
INFO  [17:09:10.566] [bbotk] Evaluating 1 configuration(s)
INFO  [17:09:11.058] [bbotk] Result of batch 6:
INFO  [17:09:11.059] [bbotk]  nrounds       eta max_depth classif.ce warnings errors runtime_learners
INFO  [17:09:11.059] [bbotk]      233 0.1485415         5 0.07017544        0      0            0.442
INFO  [17:09:11.059] [bbotk]                                 uhash
INFO  [17:09:11.059] [bbotk]  00daa30f-9571-4ce1-9d3b-a4cd7b8c1aa8
INFO  [17:09:11.068] [bbotk] Evaluating 1 configuration(s)
INFO  [17:09:11.266] [bbotk] Result of batch 7:
INFO  [17:09:11.267] [bbotk]  nrounds        eta max_depth classif.ce warnings errors runtime_learners
INFO  [17:09:11.267] [bbotk]       55 0.01157204         8 0.08270677        0      0            0.143
INFO  [17:09:11.267] [bbotk]                                 uhash
INFO  [17:09:11.267] [bbotk]  1b51b001-24f4-4df3-8332-be7870d9c65b
INFO  [17:09:11.274] [bbotk] Evaluating 1 configuration(s)
INFO  [17:09:11.812] [bbotk] Result of batch 8:
INFO  [17:09:11.816] [bbotk]  nrounds       eta max_depth classif.ce warnings errors runtime_learners
INFO  [17:09:11.816] [bbotk]      247 0.1750728         8  0.0726817        0      0            0.475
INFO  [17:09:11.816] [bbotk]                                 uhash
INFO  [17:09:11.816] [bbotk]  f9fc6519-17ef-4fb6-b18a-6823b9950f06
INFO  [17:09:11.821] [bbotk] Evaluating 1 configuration(s)
INFO  [17:09:12.134] [bbotk] Result of batch 9:
INFO  [17:09:12.135] [bbotk]  nrounds       eta max_depth classif.ce warnings errors runtime_learners
INFO  [17:09:12.135] [bbotk]      146 0.2828187         4 0.07017544        0      0            0.253
INFO  [17:09:12.135] [bbotk]                                 uhash
INFO  [17:09:12.135] [bbotk]  1a243f83-9f61-44af-8b94-8eb56c1c8655
INFO  [17:09:12.146] [bbotk] Evaluating 1 configuration(s)
INFO  [17:09:12.720] [bbotk] Result of batch 10:
INFO  [17:09:12.721] [bbotk]  nrounds       eta max_depth classif.ce warnings errors runtime_learners
INFO  [17:09:12.721] [bbotk]      254 0.1479558         6 0.07017544        0      0            0.519
INFO  [17:09:12.721] [bbotk]                                 uhash
INFO  [17:09:12.721] [bbotk]  2b422eb3-c65b-453b-a963-8a04bac79430
INFO  [17:09:12.733] [bbotk] Finished optimizing after 10 evaluation(s)
INFO  [17:09:12.734] [bbotk] Result:
INFO  [17:09:12.735] [bbotk]  nrounds       eta max_depth learner_param_vals  x_domain classif.ce
INFO  [17:09:12.735] [bbotk]    <int>     <num>     <int>             <list>    <list>      <num>
INFO  [17:09:12.735] [bbotk]      262 0.2923842         5          <list[5]> <list[3]> 0.06892231
INFO  [17:09:13.032] [bbotk] Starting to optimize 3 parameter(s) with '<OptimizerBatchRandomSearch>' and '<TerminatorEvals> [n_evals=10, k=0]'
INFO  [17:09:13.044] [bbotk] Evaluating 1 configuration(s)
INFO  [17:09:13.487] [bbotk] Result of batch 1:
INFO  [17:09:13.489] [bbotk]  nrounds       eta max_depth classif.ce warnings errors runtime_learners
INFO  [17:09:13.489] [bbotk]      194 0.1307519         6 0.06257216        0      0            0.403
INFO  [17:09:13.489] [bbotk]                                 uhash
INFO  [17:09:13.489] [bbotk]  2bbc828a-0e6f-47d2-b9f4-383219c6b22d
INFO  [17:09:13.502] [bbotk] Evaluating 1 configuration(s)
INFO  [17:09:13.961] [bbotk] Result of batch 2:
INFO  [17:09:13.962] [bbotk]  nrounds       eta max_depth classif.ce warnings errors runtime_learners
INFO  [17:09:13.962] [bbotk]      208 0.1176267         5 0.06257216        0      0            0.407
INFO  [17:09:13.962] [bbotk]                                 uhash
INFO  [17:09:13.962] [bbotk]  98b46172-8751-4be0-912c-5f36521f9734
INFO  [17:09:13.966] [bbotk] Evaluating 1 configuration(s)
INFO  [17:09:14.297] [bbotk] Result of batch 3:
INFO  [17:09:14.298] [bbotk]  nrounds        eta max_depth classif.ce warnings errors runtime_learners
INFO  [17:09:14.298] [bbotk]      202 0.05422044         3 0.06132841        0      0            0.292
INFO  [17:09:14.298] [bbotk]                                 uhash
INFO  [17:09:14.298] [bbotk]  174c7e80-91c1-48d4-9043-30526a5087e7
INFO  [17:09:14.307] [bbotk] Evaluating 1 configuration(s)
INFO  [17:09:14.645] [bbotk] Result of batch 4:
INFO  [17:09:14.648] [bbotk]  nrounds       eta max_depth classif.ce warnings errors runtime_learners
INFO  [17:09:14.648] [bbotk]      145 0.1796834         9 0.06382999        0      0            0.296
INFO  [17:09:14.648] [bbotk]                                 uhash
INFO  [17:09:14.648] [bbotk]  8c70a9f9-4447-4fb2-ae89-de4c1c4bd59b
INFO  [17:09:14.658] [bbotk] Evaluating 1 configuration(s)
INFO  [17:09:14.987] [bbotk] Result of batch 5:
INFO  [17:09:14.988] [bbotk]  nrounds      eta max_depth classif.ce warnings errors runtime_learners
INFO  [17:09:14.988] [bbotk]      287 0.192789         2 0.06007059        0      0            0.279
INFO  [17:09:14.988] [bbotk]                                 uhash
INFO  [17:09:14.988] [bbotk]  d01f907d-9bbc-49a7-9b05-a4686ec9dddc
INFO  [17:09:14.992] [bbotk] Evaluating 1 configuration(s)
INFO  [17:09:15.510] [bbotk] Result of batch 6:
INFO  [17:09:15.512] [bbotk]  nrounds       eta max_depth classif.ce warnings errors runtime_learners
INFO  [17:09:15.512] [bbotk]      248 0.1252225         4 0.05881746        0      0            0.478
INFO  [17:09:15.512] [bbotk]                                 uhash
INFO  [17:09:15.512] [bbotk]  fa7f761f-5fc7-4ed8-a96c-ba06693992f0
INFO  [17:09:15.524] [bbotk] Evaluating 1 configuration(s)
INFO  [17:09:16.105] [bbotk] Result of batch 7:
INFO  [17:09:16.107] [bbotk]  nrounds      eta max_depth classif.ce warnings errors runtime_learners
INFO  [17:09:16.107] [bbotk]      276 0.127121        10 0.06382999        0      0            0.527
INFO  [17:09:16.107] [bbotk]                                 uhash
INFO  [17:09:16.107] [bbotk]  9dfb0a99-7e5a-4133-835a-9b338de64f55
INFO  [17:09:16.112] [bbotk] Evaluating 1 configuration(s)
INFO  [17:09:16.532] [bbotk] Result of batch 8:
INFO  [17:09:16.534] [bbotk]  nrounds       eta max_depth classif.ce warnings errors runtime_learners
INFO  [17:09:16.534] [bbotk]      241 0.1327322         4  0.0600659        0      0            0.382
INFO  [17:09:16.534] [bbotk]                                 uhash
INFO  [17:09:16.534] [bbotk]  effe114d-1cf7-4c79-bc05-684625f6963a
INFO  [17:09:16.539] [bbotk] Evaluating 1 configuration(s)
INFO  [17:09:16.723] [bbotk] Result of batch 9:
INFO  [17:09:16.724] [bbotk]  nrounds       eta max_depth classif.ce warnings errors runtime_learners
INFO  [17:09:16.724] [bbotk]       71 0.1811261         5 0.06382529        0      0            0.146
INFO  [17:09:16.724] [bbotk]                                 uhash
INFO  [17:09:16.724] [bbotk]  9b00bf28-d9aa-4f90-99d6-76bff4d3b24f
INFO  [17:09:16.729] [bbotk] Evaluating 1 configuration(s)
INFO  [17:09:17.226] [bbotk] Result of batch 10:
INFO  [17:09:17.227] [bbotk]  nrounds        eta max_depth classif.ce warnings errors runtime_learners
INFO  [17:09:17.227] [bbotk]      225 0.04558316         6 0.06007059        0      0            0.464
INFO  [17:09:17.227] [bbotk]                                 uhash
INFO  [17:09:17.227] [bbotk]  0bd3ab51-6209-40b5-9b0e-4be2a2a55163
INFO  [17:09:17.237] [bbotk] Finished optimizing after 10 evaluation(s)
INFO  [17:09:17.237] [bbotk] Result:
INFO  [17:09:17.238] [bbotk]  nrounds       eta max_depth learner_param_vals  x_domain classif.ce
INFO  [17:09:17.238] [bbotk]    <int>     <num>     <int>             <list>    <list>      <num>
INFO  [17:09:17.238] [bbotk]      248 0.1252225         4          <list[5]> <list[3]> 0.05881746
INFO  [17:09:17.458] [bbotk] Starting to optimize 3 parameter(s) with '<OptimizerBatchRandomSearch>' and '<TerminatorEvals> [n_evals=10, k=0]'
INFO  [17:09:17.474] [bbotk] Evaluating 1 configuration(s)
INFO  [17:09:17.762] [bbotk] Result of batch 1:
INFO  [17:09:17.763] [bbotk]  nrounds        eta max_depth classif.ce warnings errors runtime_learners
INFO  [17:09:17.763] [bbotk]      187 0.04415181         3 0.06882844        0      0            0.248
INFO  [17:09:17.763] [bbotk]                                 uhash
INFO  [17:09:17.763] [bbotk]  980bd63f-c8d3-4ebe-aa04-c04561f5661d
INFO  [17:09:17.767] [bbotk] Evaluating 1 configuration(s)
INFO  [17:09:18.227] [bbotk] Result of batch 2:
INFO  [17:09:18.229] [bbotk]  nrounds       eta max_depth classif.ce warnings errors runtime_learners
INFO  [17:09:18.229] [bbotk]      226 0.1197117         4 0.06756592        0      0            0.406
INFO  [17:09:18.229] [bbotk]                                 uhash
INFO  [17:09:18.229] [bbotk]  a6ebfa93-511f-4988-91d2-217f52302996
INFO  [17:09:18.233] [bbotk] Evaluating 1 configuration(s)
INFO  [17:09:18.863] [bbotk] Result of batch 3:
INFO  [17:09:18.864] [bbotk]  nrounds        eta max_depth classif.ce warnings errors runtime_learners
INFO  [17:09:18.864] [bbotk]      239 0.05235142         9 0.06631748        0      0            0.584
INFO  [17:09:18.864] [bbotk]                                 uhash
INFO  [17:09:18.864] [bbotk]  5b0b82cb-5912-476a-b0a0-954bdcbf0835
INFO  [17:09:18.875] [bbotk] Evaluating 1 configuration(s)
INFO  [17:09:19.088] [bbotk] Result of batch 4:
INFO  [17:09:19.089] [bbotk]  nrounds       eta max_depth classif.ce warnings errors runtime_learners
INFO  [17:09:19.089] [bbotk]       73 0.2314426         7 0.06631279        0      0             0.18
INFO  [17:09:19.089] [bbotk]                                 uhash
INFO  [17:09:19.089] [bbotk]  c518a2e4-ee8e-4fd9-99bf-11678028ef3b
INFO  [17:09:19.098] [bbotk] Evaluating 1 configuration(s)
INFO  [17:09:19.357] [bbotk] Result of batch 5:
INFO  [17:09:19.360] [bbotk]  nrounds        eta max_depth classif.ce warnings errors runtime_learners
INFO  [17:09:19.360] [bbotk]       78 0.02864677         5 0.06632217        0      0            0.181
INFO  [17:09:19.360] [bbotk]                                 uhash
INFO  [17:09:19.360] [bbotk]  c8325e25-a7b9-47e5-9eb8-4fee2e6e28cb
INFO  [17:09:19.374] [bbotk] Evaluating 1 configuration(s)
INFO  [17:09:19.821] [bbotk] Result of batch 6:
INFO  [17:09:19.822] [bbotk]  nrounds       eta max_depth classif.ce warnings errors runtime_learners
INFO  [17:09:19.822] [bbotk]      239 0.2969329         7 0.06880966        0      0            0.406
INFO  [17:09:19.822] [bbotk]                                 uhash
INFO  [17:09:19.822] [bbotk]  2896295c-4f32-4643-b6da-7d8b20ca6137
INFO  [17:09:19.826] [bbotk] Evaluating 1 configuration(s)
INFO  [17:09:20.023] [bbotk] Result of batch 7:
INFO  [17:09:20.025] [bbotk]  nrounds       eta max_depth classif.ce warnings errors runtime_learners
INFO  [17:09:20.025] [bbotk]       82 0.2819237         5 0.06881905        0      0            0.146
INFO  [17:09:20.025] [bbotk]                                 uhash
INFO  [17:09:20.025] [bbotk]  263368c2-30c9-4edb-9162-9dc98308cd42
INFO  [17:09:20.033] [bbotk] Evaluating 1 configuration(s)
INFO  [17:09:20.571] [bbotk] Result of batch 8:
INFO  [17:09:20.572] [bbotk]  nrounds       eta max_depth classif.ce warnings errors runtime_learners
INFO  [17:09:20.572] [bbotk]      275 0.1300103         9 0.06757061        0      0            0.503
INFO  [17:09:20.572] [bbotk]                                 uhash
INFO  [17:09:20.572] [bbotk]  0bb5d6ef-630c-4fcc-a344-a46bb443acd9
INFO  [17:09:20.576] [bbotk] Evaluating 1 configuration(s)
INFO  [17:09:21.038] [bbotk] Result of batch 9:
INFO  [17:09:21.039] [bbotk]  nrounds       eta max_depth classif.ce warnings errors runtime_learners
INFO  [17:09:21.039] [bbotk]      167 0.0331758         7 0.06757531        0      0            0.413
INFO  [17:09:21.039] [bbotk]                                 uhash
INFO  [17:09:21.039] [bbotk]  5358fa69-abb1-4a83-8cde-b9a1c2e407b4
INFO  [17:09:21.044] [bbotk] Evaluating 1 configuration(s)
INFO  [17:09:21.561] [bbotk] Result of batch 10:
INFO  [17:09:21.562] [bbotk]  nrounds      eta max_depth classif.ce warnings errors runtime_learners
INFO  [17:09:21.562] [bbotk]      293 0.201232         5 0.07006749        0      0            0.477
INFO  [17:09:21.562] [bbotk]                                 uhash
INFO  [17:09:21.562] [bbotk]  17e56d61-d349-46d6-9700-e61e6818f795
INFO  [17:09:21.574] [bbotk] Finished optimizing after 10 evaluation(s)
INFO  [17:09:21.575] [bbotk] Result:
INFO  [17:09:21.577] [bbotk]  nrounds       eta max_depth learner_param_vals  x_domain classif.ce
INFO  [17:09:21.577] [bbotk]    <int>     <num>     <int>             <list>    <list>      <num>
INFO  [17:09:21.577] [bbotk]       73 0.2314426         7          <list[5]> <list[3]> 0.06631279

### [bt]: Job terminated successfully [batchtools job.id=2228]
### [bt]: Starting job [batchtools job.id=2229]
### [bt]: Generating problem instance for problem 'a63d756aec4c60c1' ...
### [bt]: Applying algorithm 'run_learner' on problem 'a63d756aec4c60c1' for job 2229 (seed = 2230) ...
INFO  [17:09:21.770] [mlr3] Applying learner 'classif.xgboost.tuned_calib.oof_platt' on task 'pc1' (iter 9/10)
INFO  [17:09:21.842] [bbotk] Starting to optimize 3 parameter(s) with '<OptimizerBatchRandomSearch>' and '<TerminatorEvals> [n_evals=10, k=0]'
INFO  [17:09:21.857] [bbotk] Evaluating 1 configuration(s)
INFO  [17:09:22.045] [bbotk] Result of batch 1:
INFO  [17:09:22.046] [bbotk]  nrounds       eta max_depth classif.ce warnings errors runtime_learners
INFO  [17:09:22.046] [bbotk]       50 0.2353312         6 0.07142857        0      0            0.149
INFO  [17:09:22.046] [bbotk]                                 uhash
INFO  [17:09:22.046] [bbotk]  d69eae5f-0c4a-4919-9f77-a652ece0b0bb
INFO  [17:09:22.050] [bbotk] Evaluating 1 configuration(s)
INFO  [17:09:22.548] [bbotk] Result of batch 2:
INFO  [17:09:22.550] [bbotk]  nrounds       eta max_depth classif.ce warnings errors runtime_learners
INFO  [17:09:22.550] [bbotk]      273 0.2883954         4  0.0764411        0      0            0.445
INFO  [17:09:22.550] [bbotk]                                 uhash
INFO  [17:09:22.550] [bbotk]  f4b98ae0-62c0-4580-b87a-2f6d789e9fc4
INFO  [17:09:22.557] [bbotk] Evaluating 1 configuration(s)
INFO  [17:09:22.804] [bbotk] Result of batch 3:
INFO  [17:09:22.806] [bbotk]  nrounds       eta max_depth classif.ce warnings errors runtime_learners
INFO  [17:09:22.806] [bbotk]      107 0.2002367         4 0.07393484        0      0            0.185
INFO  [17:09:22.806] [bbotk]                                 uhash
INFO  [17:09:22.806] [bbotk]  756e2df3-9250-4fc7-8b68-fd65e6eee3a6
INFO  [17:09:22.817] [bbotk] Evaluating 1 configuration(s)
INFO  [17:09:23.330] [bbotk] Result of batch 4:
INFO  [17:09:23.332] [bbotk]  nrounds        eta max_depth classif.ce warnings errors runtime_learners
INFO  [17:09:23.332] [bbotk]      176 0.07924663         9 0.07393484        0      0            0.447
INFO  [17:09:23.332] [bbotk]                                 uhash
INFO  [17:09:23.332] [bbotk]  de51a717-6420-42f6-9b48-08590073096d
INFO  [17:09:23.339] [bbotk] Evaluating 1 configuration(s)
INFO  [17:09:23.755] [bbotk] Result of batch 5:
INFO  [17:09:23.756] [bbotk]  nrounds       eta max_depth classif.ce warnings errors runtime_learners
INFO  [17:09:23.756] [bbotk]      202 0.2690737         8 0.07769424        0      0             0.37
INFO  [17:09:23.756] [bbotk]                                 uhash
INFO  [17:09:23.756] [bbotk]  22f41320-71d7-4b09-a26e-592f5b68a8b3
INFO  [17:09:23.765] [bbotk] Evaluating 1 configuration(s)
INFO  [17:09:23.948] [bbotk] Result of batch 6:
INFO  [17:09:23.952] [bbotk]  nrounds       eta max_depth classif.ce warnings errors runtime_learners
INFO  [17:09:23.952] [bbotk]       66 0.2533319         6 0.07769424        0      0             0.15
INFO  [17:09:23.952] [bbotk]                                 uhash
INFO  [17:09:23.952] [bbotk]  d850e682-40cf-4670-bf91-8c010e1656b0
INFO  [17:09:23.964] [bbotk] Evaluating 1 configuration(s)
INFO  [17:09:24.502] [bbotk] Result of batch 7:
INFO  [17:09:24.510] [bbotk]  nrounds       eta max_depth classif.ce warnings errors runtime_learners
INFO  [17:09:24.510] [bbotk]      274 0.2695016         7  0.0764411        0      0            0.472
INFO  [17:09:24.510] [bbotk]                                 uhash
INFO  [17:09:24.510] [bbotk]  34235b63-9083-450c-857a-b8ee0a81c20b
INFO  [17:09:24.516] [bbotk] Evaluating 1 configuration(s)
INFO  [17:09:24.807] [bbotk] Result of batch 8:
INFO  [17:09:24.808] [bbotk]  nrounds       eta max_depth classif.ce warnings errors runtime_learners
INFO  [17:09:24.808] [bbotk]      271 0.1383944         2 0.07894737        0      0            0.259
INFO  [17:09:24.808] [bbotk]                                 uhash
INFO  [17:09:24.808] [bbotk]  f39e4806-1804-43e9-be37-b7d983bad9af
INFO  [17:09:24.818] [bbotk] Evaluating 1 configuration(s)
INFO  [17:09:25.230] [bbotk] Result of batch 9:
INFO  [17:09:25.232] [bbotk]  nrounds       eta max_depth classif.ce warnings errors runtime_learners
INFO  [17:09:25.232] [bbotk]      229 0.2873843         9 0.07518797        0      0            0.364
INFO  [17:09:25.232] [bbotk]                                 uhash
INFO  [17:09:25.232] [bbotk]  23a077d1-e7a3-4dd5-8bed-1c6a07ff4519
INFO  [17:09:25.244] [bbotk] Evaluating 1 configuration(s)
INFO  [17:09:25.464] [bbotk] Result of batch 10:
INFO  [17:09:25.466] [bbotk]  nrounds       eta max_depth classif.ce warnings errors runtime_learners
INFO  [17:09:25.466] [bbotk]       77 0.2950086        10 0.07518797        0      0            0.187
INFO  [17:09:25.466] [bbotk]                                 uhash
INFO  [17:09:25.466] [bbotk]  3cc3370b-55fe-4a0c-9b33-8138f3c99aa4
INFO  [17:09:25.482] [bbotk] Finished optimizing after 10 evaluation(s)
INFO  [17:09:25.483] [bbotk] Result:
INFO  [17:09:25.484] [bbotk]  nrounds       eta max_depth learner_param_vals  x_domain classif.ce
INFO  [17:09:25.484] [bbotk]    <int>     <num>     <int>             <list>    <list>      <num>
INFO  [17:09:25.484] [bbotk]       50 0.2353312         6          <list[5]> <list[3]> 0.07142857
INFO  [17:09:25.623] [bbotk] Starting to optimize 3 parameter(s) with '<OptimizerBatchRandomSearch>' and '<TerminatorEvals> [n_evals=10, k=0]'
INFO  [17:09:25.651] [bbotk] Evaluating 1 configuration(s)
INFO  [17:09:25.865] [bbotk] Result of batch 1:
INFO  [17:09:25.866] [bbotk]  nrounds       eta max_depth classif.ce warnings errors runtime_learners
INFO  [17:09:25.866] [bbotk]      179 0.0960401         2 0.06265664        0      0            0.173
INFO  [17:09:25.866] [bbotk]                                 uhash
INFO  [17:09:25.866] [bbotk]  6e69bab2-c600-47c8-9384-69008d13e70f
INFO  [17:09:25.871] [bbotk] Evaluating 1 configuration(s)
INFO  [17:09:26.084] [bbotk] Result of batch 2:
INFO  [17:09:26.087] [bbotk]  nrounds       eta max_depth classif.ce warnings errors runtime_learners
INFO  [17:09:26.087] [bbotk]       67 0.2261425         8 0.06766917        0      0            0.169
INFO  [17:09:26.087] [bbotk]                                 uhash
INFO  [17:09:26.087] [bbotk]  c06b04ca-65e5-4aad-b2c1-807e700d87da
INFO  [17:09:26.098] [bbotk] Evaluating 1 configuration(s)
INFO  [17:09:26.545] [bbotk] Result of batch 3:
INFO  [17:09:26.546] [bbotk]  nrounds      eta max_depth classif.ce warnings errors runtime_learners
INFO  [17:09:26.546] [bbotk]      252 0.282889         4 0.07017544        0      0            0.403
INFO  [17:09:26.546] [bbotk]                                 uhash
INFO  [17:09:26.546] [bbotk]  42d18636-cf4f-4846-ac14-4c3eba1b9598
INFO  [17:09:26.553] [bbotk] Evaluating 1 configuration(s)
INFO  [17:09:26.805] [bbotk] Result of batch 4:
INFO  [17:09:26.806] [bbotk]  nrounds       eta max_depth classif.ce warnings errors runtime_learners
INFO  [17:09:26.806] [bbotk]      195 0.1228057         2 0.06390977        0      0            0.212
INFO  [17:09:26.806] [bbotk]                                 uhash
INFO  [17:09:26.806] [bbotk]  d10b9e40-049b-4a16-997a-89daf0a71b53
INFO  [17:09:26.810] [bbotk] Evaluating 1 configuration(s)
INFO  [17:09:27.082] [bbotk] Result of batch 5:
INFO  [17:09:27.083] [bbotk]  nrounds        eta max_depth classif.ce warnings errors runtime_learners
INFO  [17:09:27.083] [bbotk]       82 0.06154896         7 0.06265664        0      0            0.231
INFO  [17:09:27.083] [bbotk]                                 uhash
INFO  [17:09:27.083] [bbotk]  61e142fb-5d54-480d-9747-1d9184040be8
INFO  [17:09:27.092] [bbotk] Evaluating 1 configuration(s)
INFO  [17:09:27.335] [bbotk] Result of batch 6:
INFO  [17:09:27.336] [bbotk]  nrounds       eta max_depth classif.ce warnings errors runtime_learners
INFO  [17:09:27.336] [bbotk]      102 0.1773267         5 0.06641604        0      0            0.195
INFO  [17:09:27.336] [bbotk]                                 uhash
INFO  [17:09:27.336] [bbotk]  f0342ae1-f848-418e-919f-86103751046c
INFO  [17:09:27.340] [bbotk] Evaluating 1 configuration(s)
INFO  [17:09:27.544] [bbotk] Result of batch 7:
INFO  [17:09:27.546] [bbotk]  nrounds       eta max_depth classif.ce warnings errors runtime_learners
INFO  [17:09:27.546] [bbotk]       59 0.0239406         7 0.06265664        0      0            0.164
INFO  [17:09:27.546] [bbotk]                                 uhash
INFO  [17:09:27.546] [bbotk]  d7e776d2-6771-406e-bec4-c38dc7818663
INFO  [17:09:27.557] [bbotk] Evaluating 1 configuration(s)
INFO  [17:09:27.964] [bbotk] Result of batch 8:
INFO  [17:09:27.965] [bbotk]  nrounds       eta max_depth classif.ce warnings errors runtime_learners
INFO  [17:09:27.965] [bbotk]      251 0.2560596         4 0.06766917        0      0            0.369
INFO  [17:09:27.965] [bbotk]                                 uhash
INFO  [17:09:27.965] [bbotk]  316a6ddf-52ea-4d5f-9609-c47204585e77
INFO  [17:09:27.970] [bbotk] Evaluating 1 configuration(s)
INFO  [17:09:28.293] [bbotk] Result of batch 9:
INFO  [17:09:28.296] [bbotk]  nrounds       eta max_depth classif.ce warnings errors runtime_learners
INFO  [17:09:28.296] [bbotk]      141 0.1739165         6 0.06766917        0      0            0.277
INFO  [17:09:28.296] [bbotk]                                 uhash
INFO  [17:09:28.296] [bbotk]  0a059eb6-0c5a-48ae-9c3f-60f7acfd6e87
INFO  [17:09:28.306] [bbotk] Evaluating 1 configuration(s)
INFO  [17:09:28.777] [bbotk] Result of batch 10:
INFO  [17:09:28.782] [bbotk]  nrounds       eta max_depth classif.ce warnings errors runtime_learners
INFO  [17:09:28.782] [bbotk]      294 0.2879929         5 0.06892231        0      0            0.426
INFO  [17:09:28.782] [bbotk]                                 uhash
INFO  [17:09:28.782] [bbotk]  6f7cb2cb-81ab-4744-b97a-4024c19558ca
INFO  [17:09:28.797] [bbotk] Finished optimizing after 10 evaluation(s)
INFO  [17:09:28.798] [bbotk] Result:
INFO  [17:09:28.805] [bbotk]  nrounds       eta max_depth learner_param_vals  x_domain classif.ce
INFO  [17:09:28.805] [bbotk]    <int>     <num>     <int>             <list>    <list>      <num>
INFO  [17:09:28.805] [bbotk]      179 0.0960401         2          <list[5]> <list[3]> 0.06265664
INFO  [17:09:28.940] [bbotk] Starting to optimize 3 parameter(s) with '<OptimizerBatchRandomSearch>' and '<TerminatorEvals> [n_evals=10, k=0]'
INFO  [17:09:28.974] [bbotk] Evaluating 1 configuration(s)
INFO  [17:09:29.221] [bbotk] Result of batch 1:
INFO  [17:09:29.222] [bbotk]  nrounds        eta max_depth classif.ce warnings errors runtime_learners
INFO  [17:09:29.222] [bbotk]      216 0.09140538         2 0.06766917        0      0            0.206
INFO  [17:09:29.222] [bbotk]                                 uhash
INFO  [17:09:29.222] [bbotk]  c2162d68-5626-489f-a09a-6910c3172145
INFO  [17:09:29.226] [bbotk] Evaluating 1 configuration(s)
INFO  [17:09:29.478] [bbotk] Result of batch 2:
INFO  [17:09:29.480] [bbotk]  nrounds       eta max_depth classif.ce warnings errors runtime_learners
INFO  [17:09:29.480] [bbotk]       93 0.1099963         8 0.07142857        0      0            0.204
INFO  [17:09:29.480] [bbotk]                                 uhash
INFO  [17:09:29.480] [bbotk]  7aef9e69-cc3b-4ae7-82d9-9cfe3dc5dbc9
INFO  [17:09:29.490] [bbotk] Evaluating 1 configuration(s)
INFO  [17:09:29.931] [bbotk] Result of batch 3:
INFO  [17:09:29.933] [bbotk]  nrounds        eta max_depth classif.ce warnings errors runtime_learners
INFO  [17:09:29.933] [bbotk]      205 0.08294559         4 0.07017544        0      0            0.395
INFO  [17:09:29.933] [bbotk]                                 uhash
INFO  [17:09:29.933] [bbotk]  60a64d2e-f25d-48a3-9356-27672dd0c07a
INFO  [17:09:29.944] [bbotk] Evaluating 1 configuration(s)
INFO  [17:09:30.467] [bbotk] Result of batch 4:
INFO  [17:09:30.468] [bbotk]  nrounds       eta max_depth classif.ce warnings errors runtime_learners
INFO  [17:09:30.468] [bbotk]      263 0.2709182         6  0.0764411        0      0            0.478
INFO  [17:09:30.468] [bbotk]                                 uhash
INFO  [17:09:30.468] [bbotk]  b33de14d-c349-4d8f-9395-cb1d355d45e2
INFO  [17:09:30.472] [bbotk] Evaluating 1 configuration(s)
INFO  [17:09:30.826] [bbotk] Result of batch 5:
INFO  [17:09:30.827] [bbotk]  nrounds       eta max_depth classif.ce warnings errors runtime_learners
INFO  [17:09:30.827] [bbotk]      187 0.2266084         5 0.07142857        0      0            0.309
INFO  [17:09:30.827] [bbotk]                                 uhash
INFO  [17:09:30.827] [bbotk]  9373f63a-63d4-4ea4-845c-193ea32abbb9
INFO  [17:09:30.836] [bbotk] Evaluating 1 configuration(s)
INFO  [17:09:31.466] [bbotk] Result of batch 6:
INFO  [17:09:31.468] [bbotk]  nrounds        eta max_depth classif.ce warnings errors runtime_learners
INFO  [17:09:31.468] [bbotk]      240 0.02951802         9 0.06766917        0      0            0.581
INFO  [17:09:31.468] [bbotk]                                 uhash
INFO  [17:09:31.468] [bbotk]  99ed828b-280e-4b31-a5a1-2863430539e1
INFO  [17:09:31.478] [bbotk] Evaluating 1 configuration(s)
INFO  [17:09:31.971] [bbotk] Result of batch 7:
INFO  [17:09:31.973] [bbotk]  nrounds       eta max_depth classif.ce warnings errors runtime_learners
INFO  [17:09:31.973] [bbotk]      289 0.1739222         4 0.07017544        0      0            0.442
INFO  [17:09:31.973] [bbotk]                                 uhash
INFO  [17:09:31.973] [bbotk]  d8090bcb-4bad-4299-a992-9b09ebce4ee8
INFO  [17:09:31.979] [bbotk] Evaluating 1 configuration(s)
INFO  [17:09:32.476] [bbotk] Result of batch 8:
INFO  [17:09:32.478] [bbotk]  nrounds       eta max_depth classif.ce warnings errors runtime_learners
INFO  [17:09:32.478] [bbotk]      224 0.1191244         8 0.06892231        0      0            0.455
INFO  [17:09:32.478] [bbotk]                                 uhash
INFO  [17:09:32.478] [bbotk]  293c597e-9559-44c7-bd6b-177bbd345d43
INFO  [17:09:32.488] [bbotk] Evaluating 1 configuration(s)
INFO  [17:09:33.015] [bbotk] Result of batch 9:
INFO  [17:09:33.016] [bbotk]  nrounds       eta max_depth classif.ce warnings errors runtime_learners
INFO  [17:09:33.016] [bbotk]      281 0.2388642        10 0.07142857        0      0            0.468
INFO  [17:09:33.016] [bbotk]                                 uhash
INFO  [17:09:33.016] [bbotk]  5cc671c0-c1ac-4ab4-afc9-c13f781dd89b
INFO  [17:09:33.020] [bbotk] Evaluating 1 configuration(s)
INFO  [17:09:33.405] [bbotk] Result of batch 10:
INFO  [17:09:33.406] [bbotk]  nrounds       eta max_depth classif.ce warnings errors runtime_learners
INFO  [17:09:33.406] [bbotk]      179 0.1108646         4 0.06892231        0      0            0.328
INFO  [17:09:33.406] [bbotk]                                 uhash
INFO  [17:09:33.406] [bbotk]  0a669cfa-94be-4004-a7ba-3570d57ec7a9
INFO  [17:09:33.419] [bbotk] Finished optimizing after 10 evaluation(s)
INFO  [17:09:33.420] [bbotk] Result:
INFO  [17:09:33.422] [bbotk]  nrounds        eta max_depth learner_param_vals  x_domain classif.ce
INFO  [17:09:33.422] [bbotk]    <int>      <num>     <int>             <list>    <list>      <num>
INFO  [17:09:33.422] [bbotk]      216 0.09140538         2          <list[5]> <list[3]> 0.06766917
INFO  [17:09:33.625] [bbotk] Starting to optimize 3 parameter(s) with '<OptimizerBatchRandomSearch>' and '<TerminatorEvals> [n_evals=10, k=0]'
INFO  [17:09:33.644] [bbotk] Evaluating 1 configuration(s)
INFO  [17:09:33.897] [bbotk] Result of batch 1:
INFO  [17:09:33.898] [bbotk]  nrounds       eta max_depth classif.ce warnings errors runtime_learners
INFO  [17:09:33.898] [bbotk]      106 0.1294934         5 0.07508941        0      0            0.217
INFO  [17:09:33.898] [bbotk]                                 uhash
INFO  [17:09:33.898] [bbotk]  b636e62c-8347-444e-a7c9-1740936a61df
INFO  [17:09:33.901] [bbotk] Evaluating 1 configuration(s)
INFO  [17:09:34.236] [bbotk] Result of batch 2:
INFO  [17:09:34.238] [bbotk]  nrounds       eta max_depth classif.ce warnings errors runtime_learners
INFO  [17:09:34.238] [bbotk]      151 0.1702013         6 0.07383158        0      0            0.294
INFO  [17:09:34.238] [bbotk]                                 uhash
INFO  [17:09:34.238] [bbotk]  25b91acd-027a-454c-9dbe-328b64216b51
INFO  [17:09:34.248] [bbotk] Evaluating 1 configuration(s)
INFO  [17:09:34.532] [bbotk] Result of batch 3:
INFO  [17:09:34.533] [bbotk]  nrounds        eta max_depth classif.ce warnings errors runtime_learners
INFO  [17:09:34.533] [bbotk]       95 0.09141239         7 0.07258314        0      0            0.237
INFO  [17:09:34.533] [bbotk]                                 uhash
INFO  [17:09:34.533] [bbotk]  bccacd4c-7eb3-4f02-8cb5-441f23248c43
INFO  [17:09:34.542] [bbotk] Evaluating 1 configuration(s)
INFO  [17:09:34.826] [bbotk] Result of batch 4:
INFO  [17:09:34.827] [bbotk]  nrounds       eta max_depth classif.ce warnings errors runtime_learners
INFO  [17:09:34.827] [bbotk]      137 0.1172892         4 0.07633785        0      0            0.236
INFO  [17:09:34.827] [bbotk]                                 uhash
INFO  [17:09:34.827] [bbotk]  897bad4b-c2fb-4726-af61-ecd63f82c6ba
INFO  [17:09:34.837] [bbotk] Evaluating 1 configuration(s)
INFO  [17:09:35.287] [bbotk] Result of batch 5:
INFO  [17:09:35.289] [bbotk]  nrounds        eta max_depth classif.ce warnings errors runtime_learners
INFO  [17:09:35.289] [bbotk]      222 0.06464301         4 0.07759098        0      0            0.407
INFO  [17:09:35.289] [bbotk]                                 uhash
INFO  [17:09:35.289] [bbotk]  ec87b735-60aa-43d2-8ae2-f2164d322363
INFO  [17:09:35.293] [bbotk] Evaluating 1 configuration(s)
INFO  [17:09:35.443] [bbotk] Result of batch 6:
INFO  [17:09:35.446] [bbotk]  nrounds       eta max_depth classif.ce warnings errors runtime_learners
INFO  [17:09:35.446] [bbotk]       52 0.2145772         3 0.07132532        0      0            0.089
INFO  [17:09:35.446] [bbotk]                                 uhash
INFO  [17:09:35.446] [bbotk]  336eaeec-3bca-4d33-83e0-ceb9ad9defb1
INFO  [17:09:35.458] [bbotk] Evaluating 1 configuration(s)
INFO  [17:09:35.770] [bbotk] Result of batch 7:
INFO  [17:09:35.772] [bbotk]  nrounds        eta max_depth classif.ce warnings errors runtime_learners
INFO  [17:09:35.772] [bbotk]      121 0.09457367         5 0.07634254        0      0            0.266
INFO  [17:09:35.772] [bbotk]                                 uhash
INFO  [17:09:35.772] [bbotk]  9898e0ef-2165-4e8d-968a-3f2718f91813
INFO  [17:09:35.782] [bbotk] Evaluating 1 configuration(s)
INFO  [17:09:36.053] [bbotk] Result of batch 8:
INFO  [17:09:36.054] [bbotk]  nrounds       eta max_depth classif.ce warnings errors runtime_learners
INFO  [17:09:36.054] [bbotk]      100 0.2244599         6 0.07258314        0      0            0.223
INFO  [17:09:36.054] [bbotk]                                 uhash
INFO  [17:09:36.054] [bbotk]  07e21460-ed3c-44aa-a6f4-8e12b8189412
INFO  [17:09:36.058] [bbotk] Evaluating 1 configuration(s)
INFO  [17:09:36.545] [bbotk] Result of batch 9:
INFO  [17:09:36.546] [bbotk]  nrounds        eta max_depth classif.ce warnings errors runtime_learners
INFO  [17:09:36.546] [bbotk]      209 0.06028195         6 0.07508472        0      0             0.45
INFO  [17:09:36.546] [bbotk]                                 uhash
INFO  [17:09:36.546] [bbotk]  3f952455-4545-4e6c-b36d-0dabdd2fb462
INFO  [17:09:36.551] [bbotk] Evaluating 1 configuration(s)
INFO  [17:09:36.906] [bbotk] Result of batch 10:
INFO  [17:09:36.907] [bbotk]  nrounds      eta max_depth classif.ce warnings errors runtime_learners
INFO  [17:09:36.907] [bbotk]      167 0.235304         9 0.07258314        0      0            0.316
INFO  [17:09:36.907] [bbotk]                                 uhash
INFO  [17:09:36.907] [bbotk]  b4418fe1-fe56-4ccd-9a65-d523da4b2a5e
INFO  [17:09:36.921] [bbotk] Finished optimizing after 10 evaluation(s)
INFO  [17:09:36.922] [bbotk] Result:
INFO  [17:09:36.923] [bbotk]  nrounds       eta max_depth learner_param_vals  x_domain classif.ce
INFO  [17:09:36.923] [bbotk]    <int>     <num>     <int>             <list>    <list>      <num>
INFO  [17:09:36.923] [bbotk]       52 0.2145772         3          <list[5]> <list[3]> 0.07132532
INFO  [17:09:37.031] [bbotk] Starting to optimize 3 parameter(s) with '<OptimizerBatchRandomSearch>' and '<TerminatorEvals> [n_evals=10, k=0]'
INFO  [17:09:37.061] [bbotk] Evaluating 1 configuration(s)
INFO  [17:09:37.578] [bbotk] Result of batch 1:
INFO  [17:09:37.580] [bbotk]  nrounds        eta max_depth classif.ce warnings errors runtime_learners
INFO  [17:09:37.580] [bbotk]      239 0.09478044         6 0.06257685        0      0            0.472
INFO  [17:09:37.580] [bbotk]                                 uhash
INFO  [17:09:37.580] [bbotk]  879a48b2-2e81-4fa2-a1dd-f3fb4a56a92f
INFO  [17:09:37.586] [bbotk] Evaluating 1 configuration(s)
INFO  [17:09:37.776] [bbotk] Result of batch 2:
INFO  [17:09:37.778] [bbotk]  nrounds       eta max_depth classif.ce warnings errors runtime_learners
INFO  [17:09:37.778] [bbotk]       77 0.2285301         5 0.06132841        0      0            0.154
INFO  [17:09:37.778] [bbotk]                                 uhash
INFO  [17:09:37.778] [bbotk]  692af3e6-20df-415a-b13f-2ed4b916f4fb
INFO  [17:09:37.784] [bbotk] Evaluating 1 configuration(s)
INFO  [17:09:38.240] [bbotk] Result of batch 3:
INFO  [17:09:38.242] [bbotk]  nrounds       eta max_depth classif.ce warnings errors runtime_learners
INFO  [17:09:38.242] [bbotk]      232 0.1942809         7 0.06382529        0      0            0.412
INFO  [17:09:38.242] [bbotk]                                 uhash
INFO  [17:09:38.242] [bbotk]  60ec8dfe-6b4b-4b9b-9cff-2a8623097ee5
INFO  [17:09:38.253] [bbotk] Evaluating 1 configuration(s)
INFO  [17:09:38.839] [bbotk] Result of batch 4:
INFO  [17:09:38.840] [bbotk]  nrounds        eta max_depth classif.ce warnings errors runtime_learners
INFO  [17:09:38.840] [bbotk]      234 0.06195205         9 0.06132841        0      0            0.536
INFO  [17:09:38.840] [bbotk]                                 uhash
INFO  [17:09:38.840] [bbotk]  d289dc8a-dd41-4c38-a05b-df87fd2c1170
INFO  [17:09:38.844] [bbotk] Evaluating 1 configuration(s)
INFO  [17:09:39.150] [bbotk] Result of batch 5:
INFO  [17:09:39.152] [bbotk]  nrounds       eta max_depth classif.ce warnings errors runtime_learners
INFO  [17:09:39.152] [bbotk]      146 0.0365362         4 0.05882215        0      0            0.258
INFO  [17:09:39.152] [bbotk]                                 uhash
INFO  [17:09:39.152] [bbotk]  b4c33fb4-4f03-4299-9d71-5c21e591a94c
INFO  [17:09:39.160] [bbotk] Evaluating 1 configuration(s)
INFO  [17:09:39.368] [bbotk] Result of batch 6:
INFO  [17:09:39.370] [bbotk]  nrounds       eta max_depth classif.ce warnings errors runtime_learners
INFO  [17:09:39.370] [bbotk]       70 0.1500645         7 0.05756902        0      0            0.158
INFO  [17:09:39.370] [bbotk]                                 uhash
INFO  [17:09:39.370] [bbotk]  b08436d6-e48a-4c50-837f-e51a5012f7bc
INFO  [17:09:39.380] [bbotk] Evaluating 1 configuration(s)
INFO  [17:09:39.747] [bbotk] Result of batch 7:
INFO  [17:09:39.748] [bbotk]  nrounds       eta max_depth classif.ce warnings errors runtime_learners
INFO  [17:09:39.748] [bbotk]      253 0.2062924         3 0.06507843        0      0            0.319
INFO  [17:09:39.748] [bbotk]                                 uhash
INFO  [17:09:39.748] [bbotk]  851dc11c-539f-4b4f-a125-0f1217a16f7c
INFO  [17:09:39.752] [bbotk] Evaluating 1 configuration(s)
INFO  [17:09:40.127] [bbotk] Result of batch 8:
INFO  [17:09:40.129] [bbotk]  nrounds       eta max_depth classif.ce warnings errors runtime_learners
INFO  [17:09:40.129] [bbotk]      173 0.1139253         4 0.06132841        0      0            0.337
INFO  [17:09:40.129] [bbotk]                                 uhash
INFO  [17:09:40.129] [bbotk]  b7e771c9-b21a-436b-8260-1015ac3169d8
INFO  [17:09:40.143] [bbotk] Evaluating 1 configuration(s)
INFO  [17:09:40.512] [bbotk] Result of batch 9:
INFO  [17:09:40.514] [bbotk]  nrounds       eta max_depth classif.ce warnings errors runtime_learners
INFO  [17:09:40.514] [bbotk]      158 0.1575254         7 0.06257216        0      0            0.326
INFO  [17:09:40.514] [bbotk]                                 uhash
INFO  [17:09:40.514] [bbotk]  135dc827-da19-40ab-a37a-5785bcf5fde4
INFO  [17:09:40.526] [bbotk] Evaluating 1 configuration(s)
INFO  [17:09:40.979] [bbotk] Result of batch 10:
INFO  [17:09:40.980] [bbotk]  nrounds       eta max_depth classif.ce warnings errors runtime_learners
INFO  [17:09:40.980] [bbotk]      267 0.2695982         8 0.06507843        0      0            0.407
INFO  [17:09:40.980] [bbotk]                                 uhash
INFO  [17:09:40.980] [bbotk]  ece9ba09-6548-4939-bbef-c5aed73e9879
INFO  [17:09:40.992] [bbotk] Finished optimizing after 10 evaluation(s)
INFO  [17:09:40.992] [bbotk] Result:
INFO  [17:09:40.994] [bbotk]  nrounds       eta max_depth learner_param_vals  x_domain classif.ce
INFO  [17:09:40.994] [bbotk]    <int>     <num>     <int>             <list>    <list>      <num>
INFO  [17:09:40.994] [bbotk]       70 0.1500645         7          <list[5]> <list[3]> 0.05756902

### [bt]: Job terminated successfully [batchtools job.id=2229]
### [bt]: Starting job [batchtools job.id=2230]
### [bt]: Generating problem instance for problem 'a63d756aec4c60c1' ...
### [bt]: Applying algorithm 'run_learner' on problem 'a63d756aec4c60c1' for job 2230 (seed = 2231) ...
INFO  [17:09:41.214] [mlr3] Applying learner 'classif.xgboost.tuned_calib.oof_platt' on task 'pc1' (iter 10/10)
INFO  [17:09:41.269] [bbotk] Starting to optimize 3 parameter(s) with '<OptimizerBatchRandomSearch>' and '<TerminatorEvals> [n_evals=10, k=0]'
INFO  [17:09:41.291] [bbotk] Evaluating 1 configuration(s)
INFO  [17:09:41.783] [bbotk] Result of batch 1:
INFO  [17:09:41.784] [bbotk]  nrounds        eta max_depth classif.ce warnings errors runtime_learners
INFO  [17:09:41.784] [bbotk]      215 0.09735791         7 0.07508002        0      0            0.457
INFO  [17:09:41.784] [bbotk]                                 uhash
INFO  [17:09:41.784] [bbotk]  fc454921-c40d-4444-be70-7f0aec026774
INFO  [17:09:41.793] [bbotk] Evaluating 1 configuration(s)
INFO  [17:09:42.198] [bbotk] Result of batch 2:
INFO  [17:09:42.200] [bbotk]  nrounds       eta max_depth classif.ce warnings errors runtime_learners
INFO  [17:09:42.200] [bbotk]      232 0.2900443         5  0.0738222        0      0            0.369
INFO  [17:09:42.200] [bbotk]                                 uhash
INFO  [17:09:42.200] [bbotk]  4fbef6cc-64fd-4c59-b5c2-9f2177baabe4
INFO  [17:09:42.208] [bbotk] Evaluating 1 configuration(s)
INFO  [17:09:42.464] [bbotk] Result of batch 3:
INFO  [17:09:42.466] [bbotk]  nrounds       eta max_depth classif.ce warnings errors runtime_learners
INFO  [17:09:42.466] [bbotk]      136 0.2149213         3 0.06881436        0      0             0.21
INFO  [17:09:42.466] [bbotk]                                 uhash
INFO  [17:09:42.466] [bbotk]  1920c81a-90dc-4f48-b8e2-1a61f642a88f
INFO  [17:09:42.473] [bbotk] Evaluating 1 configuration(s)
INFO  [17:09:42.672] [bbotk] Result of batch 4:
INFO  [17:09:42.673] [bbotk]  nrounds       eta max_depth classif.ce warnings errors runtime_learners
INFO  [17:09:42.673] [bbotk]      152 0.1145769         2 0.06756123        0      0            0.146
INFO  [17:09:42.673] [bbotk]                                 uhash
INFO  [17:09:42.673] [bbotk]  93f0a39f-0860-47e5-99fc-05f1a446aa97
INFO  [17:09:42.679] [bbotk] Evaluating 1 configuration(s)
INFO  [17:09:43.247] [bbotk] Result of batch 5:
INFO  [17:09:43.248] [bbotk]  nrounds        eta max_depth classif.ce warnings errors runtime_learners
INFO  [17:09:43.248] [bbotk]      213 0.03472484         9 0.07507533        0      0            0.524
INFO  [17:09:43.248] [bbotk]                                 uhash
INFO  [17:09:43.248] [bbotk]  06c88c5a-b9db-4cbd-80fa-ca0513da48b5
INFO  [17:09:43.252] [bbotk] Evaluating 1 configuration(s)
INFO  [17:09:43.447] [bbotk] Result of batch 6:
INFO  [17:09:43.453] [bbotk]  nrounds        eta max_depth classif.ce warnings errors runtime_learners
INFO  [17:09:43.453] [bbotk]       60 0.01718667         9  0.0700628        0      0            0.156
INFO  [17:09:43.453] [bbotk]                                 uhash
INFO  [17:09:43.453] [bbotk]  c1f35913-b5da-47bb-86e8-3e721f30a7b6
INFO  [17:09:43.464] [bbotk] Evaluating 1 configuration(s)
INFO  [17:09:43.594] [bbotk] Result of batch 7:
INFO  [17:09:43.595] [bbotk]  nrounds       eta max_depth classif.ce warnings errors runtime_learners
INFO  [17:09:43.595] [bbotk]       59 0.1596639         4 0.07256906        0      0            0.086
INFO  [17:09:43.595] [bbotk]                                 uhash
INFO  [17:09:43.595] [bbotk]  25b2f380-5ad5-49c1-bbc4-299e5ac4c60b
INFO  [17:09:43.600] [bbotk] Evaluating 1 configuration(s)
INFO  [17:09:44.195] [bbotk] Result of batch 8:
INFO  [17:09:44.196] [bbotk]  nrounds       eta max_depth classif.ce warnings errors runtime_learners
INFO  [17:09:44.196] [bbotk]      263 0.1322914         7 0.07632846        0      0            0.547
INFO  [17:09:44.196] [bbotk]                                 uhash
INFO  [17:09:44.196] [bbotk]  0d3057bb-a016-4dea-9586-900d926fadcf
INFO  [17:09:44.208] [bbotk] Evaluating 1 configuration(s)
INFO  [17:09:44.533] [bbotk] Result of batch 9:
INFO  [17:09:44.534] [bbotk]  nrounds       eta max_depth classif.ce warnings errors runtime_learners
INFO  [17:09:44.534] [bbotk]      189 0.1276904         4 0.07507533        0      0            0.278
INFO  [17:09:44.534] [bbotk]                                 uhash
INFO  [17:09:44.534] [bbotk]  4d616fd7-6e38-452a-a29d-3ffbedfffeb1
INFO  [17:09:44.544] [bbotk] Evaluating 1 configuration(s)
INFO  [17:09:45.009] [bbotk] Result of batch 10:
INFO  [17:09:45.010] [bbotk]  nrounds       eta max_depth classif.ce warnings errors runtime_learners
INFO  [17:09:45.010] [bbotk]      203 0.1189803         6 0.07508002        0      0            0.413
INFO  [17:09:45.010] [bbotk]                                 uhash
INFO  [17:09:45.010] [bbotk]  1c96857d-bf57-40de-9581-cee3f8c5e814
INFO  [17:09:45.024] [bbotk] Finished optimizing after 10 evaluation(s)
INFO  [17:09:45.025] [bbotk] Result:
INFO  [17:09:45.025] [bbotk]  nrounds       eta max_depth learner_param_vals  x_domain classif.ce
INFO  [17:09:45.025] [bbotk]    <int>     <num>     <int>             <list>    <list>      <num>
INFO  [17:09:45.025] [bbotk]      152 0.1145769         2          <list[5]> <list[3]> 0.06756123
INFO  [17:09:45.117] [bbotk] Starting to optimize 3 parameter(s) with '<OptimizerBatchRandomSearch>' and '<TerminatorEvals> [n_evals=10, k=0]'
INFO  [17:09:45.128] [bbotk] Evaluating 1 configuration(s)
INFO  [17:09:45.277] [bbotk] Result of batch 1:
INFO  [17:09:45.278] [bbotk]  nrounds        eta max_depth classif.ce warnings errors runtime_learners
INFO  [17:09:45.278] [bbotk]      101 0.07805434         2 0.06007528        0      0            0.098
INFO  [17:09:45.278] [bbotk]                                 uhash
INFO  [17:09:45.278] [bbotk]  93ac8e57-febd-407f-b6d7-d7e6b3e112e4
INFO  [17:09:45.282] [bbotk] Evaluating 1 configuration(s)
INFO  [17:09:45.717] [bbotk] Result of batch 2:
INFO  [17:09:45.718] [bbotk]  nrounds        eta max_depth classif.ce warnings errors runtime_learners
INFO  [17:09:45.718] [bbotk]      288 0.04494891         3 0.06256747        0      0            0.399
INFO  [17:09:45.718] [bbotk]                                 uhash
INFO  [17:09:45.718] [bbotk]  75df8d30-a0ac-4f09-a57c-a4229a5546ab
INFO  [17:09:45.734] [bbotk] Evaluating 1 configuration(s)
INFO  [17:09:46.233] [bbotk] Result of batch 3:
INFO  [17:09:46.234] [bbotk]  nrounds      eta max_depth classif.ce warnings errors runtime_learners
INFO  [17:09:46.234] [bbotk]      290 0.279461         7 0.06632687        0      0            0.444
INFO  [17:09:46.234] [bbotk]                                 uhash
INFO  [17:09:46.234] [bbotk]  3f9fdc57-8d75-48c1-bcec-d13a6035b8da
INFO  [17:09:46.238] [bbotk] Evaluating 1 configuration(s)
INFO  [17:09:46.470] [bbotk] Result of batch 4:
INFO  [17:09:46.472] [bbotk]  nrounds        eta max_depth classif.ce warnings errors runtime_learners
INFO  [17:09:46.472] [bbotk]       50 0.04398396         5 0.05882215        0      0            0.163
INFO  [17:09:46.472] [bbotk]                                 uhash
INFO  [17:09:46.472] [bbotk]  95a1e9f8-539b-4d04-b0d3-64c06d16fc0d
INFO  [17:09:46.477] [bbotk] Evaluating 1 configuration(s)
INFO  [17:09:46.881] [bbotk] Result of batch 5:
INFO  [17:09:46.883] [bbotk]  nrounds       eta max_depth classif.ce warnings errors runtime_learners
INFO  [17:09:46.883] [bbotk]      165 0.2407432         9    0.06758        0      0            0.345
INFO  [17:09:46.883] [bbotk]                                 uhash
INFO  [17:09:46.883] [bbotk]  0602bc23-3a32-4f4f-980f-9f01b0a46d14
INFO  [17:09:46.894] [bbotk] Evaluating 1 configuration(s)
INFO  [17:09:47.213] [bbotk] Result of batch 6:
INFO  [17:09:47.216] [bbotk]  nrounds        eta max_depth classif.ce warnings errors runtime_learners
INFO  [17:09:47.216] [bbotk]      101 0.04967494         5 0.06507843        0      0            0.267
INFO  [17:09:47.216] [bbotk]                                 uhash
INFO  [17:09:47.216] [bbotk]  342d903b-f684-4f46-934e-c7653891a67e
INFO  [17:09:47.227] [bbotk] Evaluating 1 configuration(s)
INFO  [17:09:47.457] [bbotk] Result of batch 7:
INFO  [17:09:47.459] [bbotk]  nrounds        eta max_depth classif.ce warnings errors runtime_learners
INFO  [17:09:47.459] [bbotk]       81 0.02901688         6 0.06132841        0      0            0.186
INFO  [17:09:47.459] [bbotk]                                 uhash
INFO  [17:09:47.459] [bbotk]  f0501303-fe41-45a5-a6fd-0e46ce4e0f43
INFO  [17:09:47.472] [bbotk] Evaluating 1 configuration(s)
INFO  [17:09:47.913] [bbotk] Result of batch 8:
INFO  [17:09:47.914] [bbotk]  nrounds       eta max_depth classif.ce warnings errors runtime_learners
INFO  [17:09:47.914] [bbotk]      249 0.1672781         4 0.06633156        0      0              0.4
INFO  [17:09:47.914] [bbotk]                                 uhash
INFO  [17:09:47.914] [bbotk]  9ee06b90-99f3-4365-8c2b-3ece388f44ea
INFO  [17:09:47.919] [bbotk] Evaluating 1 configuration(s)
INFO  [17:09:48.332] [bbotk] Result of batch 9:
INFO  [17:09:48.334] [bbotk]  nrounds       eta max_depth classif.ce warnings errors runtime_learners
INFO  [17:09:48.334] [bbotk]      185 0.1255074        10 0.06632687        0      0            0.371
INFO  [17:09:48.334] [bbotk]                                 uhash
INFO  [17:09:48.334] [bbotk]  2e228a48-5ce2-4cbd-9f90-c674041fb09b
INFO  [17:09:48.341] [bbotk] Evaluating 1 configuration(s)
INFO  [17:09:48.714] [bbotk] Result of batch 10:
INFO  [17:09:48.717] [bbotk]  nrounds        eta max_depth classif.ce warnings errors runtime_learners
INFO  [17:09:48.717] [bbotk]      220 0.07520753         3 0.06131903        0      0            0.311
INFO  [17:09:48.717] [bbotk]                                 uhash
INFO  [17:09:48.717] [bbotk]  15e66307-a296-4088-bd01-664120dbf020
INFO  [17:09:48.735] [bbotk] Finished optimizing after 10 evaluation(s)
INFO  [17:09:48.735] [bbotk] Result:
INFO  [17:09:48.736] [bbotk]  nrounds        eta max_depth learner_param_vals  x_domain classif.ce
INFO  [17:09:48.736] [bbotk]    <int>      <num>     <int>             <list>    <list>      <num>
INFO  [17:09:48.736] [bbotk]       50 0.04398396         5          <list[5]> <list[3]> 0.05882215
INFO  [17:09:48.816] [bbotk] Starting to optimize 3 parameter(s) with '<OptimizerBatchRandomSearch>' and '<TerminatorEvals> [n_evals=10, k=0]'
INFO  [17:09:48.839] [bbotk] Evaluating 1 configuration(s)
INFO  [17:09:49.151] [bbotk] Result of batch 1:
INFO  [17:09:49.153] [bbotk]  nrounds        eta max_depth classif.ce warnings errors runtime_learners
INFO  [17:09:49.153] [bbotk]      132 0.03226819         4  0.0638206        0      0            0.251
INFO  [17:09:49.153] [bbotk]                                 uhash
INFO  [17:09:49.153] [bbotk]  0b1f4204-1421-4dd3-a9a9-5091203e4c2d
INFO  [17:09:49.162] [bbotk] Evaluating 1 configuration(s)
INFO  [17:09:49.759] [bbotk] Result of batch 2:
INFO  [17:09:49.762] [bbotk]  nrounds        eta max_depth classif.ce warnings errors runtime_learners
INFO  [17:09:49.762] [bbotk]      251 0.03484887         5 0.06258624        0      0            0.518
INFO  [17:09:49.762] [bbotk]                                 uhash
INFO  [17:09:49.762] [bbotk]  13031941-7c9f-48b2-97c6-4d2ad15d708e
INFO  [17:09:49.772] [bbotk] Evaluating 1 configuration(s)
INFO  [17:09:49.991] [bbotk] Result of batch 3:
INFO  [17:09:49.993] [bbotk]  nrounds       eta max_depth classif.ce warnings errors runtime_learners
INFO  [17:09:49.993] [bbotk]       66 0.1498897        10 0.05883623        0      0            0.166
INFO  [17:09:49.993] [bbotk]                                 uhash
INFO  [17:09:49.993] [bbotk]  259c76bf-76c6-4767-ae2d-7bdc57b1b052
INFO  [17:09:50.003] [bbotk] Evaluating 1 configuration(s)
INFO  [17:09:50.142] [bbotk] Result of batch 4:
INFO  [17:09:50.143] [bbotk]  nrounds        eta max_depth classif.ce warnings errors runtime_learners
INFO  [17:09:50.143] [bbotk]       56 0.08841081         3 0.06382529        0      0            0.092
INFO  [17:09:50.143] [bbotk]                                 uhash
INFO  [17:09:50.143] [bbotk]  790db27b-fb51-41c9-8290-d249296cf90d
INFO  [17:09:50.147] [bbotk] Evaluating 1 configuration(s)
INFO  [17:09:50.381] [bbotk] Result of batch 5:
INFO  [17:09:50.382] [bbotk]  nrounds        eta max_depth classif.ce warnings errors runtime_learners
INFO  [17:09:50.382] [bbotk]       60 0.03334386         8 0.06632217        0      0             0.19
INFO  [17:09:50.382] [bbotk]                                 uhash
INFO  [17:09:50.382] [bbotk]  87d32af0-d6b4-48c2-a4d7-97b8375bf780
INFO  [17:09:50.388] [bbotk] Evaluating 1 configuration(s)
INFO  [17:09:50.664] [bbotk] Result of batch 6:
INFO  [17:09:50.665] [bbotk]  nrounds       eta max_depth classif.ce warnings errors runtime_learners
INFO  [17:09:50.665] [bbotk]      234 0.2509762         2 0.07009565        0      0            0.225
INFO  [17:09:50.665] [bbotk]                                 uhash
INFO  [17:09:50.665] [bbotk]  9d98d074-2620-44d1-98b3-a6f6717ad2c6
INFO  [17:09:50.670] [bbotk] Evaluating 1 configuration(s)
INFO  [17:09:51.253] [bbotk] Result of batch 7:
INFO  [17:09:51.254] [bbotk]  nrounds       eta max_depth classif.ce warnings errors runtime_learners
INFO  [17:09:51.254] [bbotk]      266 0.1178604         6 0.06259093        0      0            0.547
INFO  [17:09:51.254] [bbotk]                                 uhash
INFO  [17:09:51.254] [bbotk]  aa6b2e69-a457-44f9-96ce-e1478d937892
INFO  [17:09:51.258] [bbotk] Evaluating 1 configuration(s)
INFO  [17:09:51.735] [bbotk] Result of batch 8:
INFO  [17:09:51.737] [bbotk]  nrounds       eta max_depth classif.ce warnings errors runtime_learners
INFO  [17:09:51.737] [bbotk]      276 0.2944764        10 0.06258624        0      0            0.435
INFO  [17:09:51.737] [bbotk]                                 uhash
INFO  [17:09:51.737] [bbotk]  461de70c-6a32-4d50-91f0-abdf9ca8fce0
INFO  [17:09:51.749] [bbotk] Evaluating 1 configuration(s)
INFO  [17:09:52.164] [bbotk] Result of batch 9:
INFO  [17:09:52.169] [bbotk]  nrounds       eta max_depth classif.ce warnings errors runtime_learners
INFO  [17:09:52.169] [bbotk]      162 0.1529121         4 0.06884252        0      0            0.331
INFO  [17:09:52.169] [bbotk]                                 uhash
INFO  [17:09:52.169] [bbotk]  20bae25c-6f8c-499a-aa0c-52e293275400
INFO  [17:09:52.180] [bbotk] Evaluating 1 configuration(s)
INFO  [17:09:52.582] [bbotk] Result of batch 10:
INFO  [17:09:52.583] [bbotk]  nrounds       eta max_depth classif.ce warnings errors runtime_learners
INFO  [17:09:52.583] [bbotk]      199 0.2842254         6 0.06508781        0      0            0.353
INFO  [17:09:52.583] [bbotk]                                 uhash
INFO  [17:09:52.583] [bbotk]  f388ee7c-d1ab-4356-9d65-4818b61f6303
INFO  [17:09:52.602] [bbotk] Finished optimizing after 10 evaluation(s)
INFO  [17:09:52.603] [bbotk] Result:
INFO  [17:09:52.604] [bbotk]  nrounds       eta max_depth learner_param_vals  x_domain classif.ce
INFO  [17:09:52.604] [bbotk]    <int>     <num>     <int>             <list>    <list>      <num>
INFO  [17:09:52.604] [bbotk]       66 0.1498897        10          <list[5]> <list[3]> 0.05883623
INFO  [17:09:52.762] [bbotk] Starting to optimize 3 parameter(s) with '<OptimizerBatchRandomSearch>' and '<TerminatorEvals> [n_evals=10, k=0]'
INFO  [17:09:52.776] [bbotk] Evaluating 1 configuration(s)
INFO  [17:09:52.919] [bbotk] Result of batch 1:
INFO  [17:09:52.920] [bbotk]  nrounds       eta max_depth classif.ce warnings errors runtime_learners
INFO  [17:09:52.920] [bbotk]       85 0.1273335         2 0.06381591        0      0            0.101
INFO  [17:09:52.920] [bbotk]                                 uhash
INFO  [17:09:52.920] [bbotk]  a3475b9f-7382-4cfc-bd8e-b2c26e2e019a
INFO  [17:09:52.929] [bbotk] Evaluating 1 configuration(s)
INFO  [17:09:53.440] [bbotk] Result of batch 2:
INFO  [17:09:53.441] [bbotk]  nrounds       eta max_depth classif.ce warnings errors runtime_learners
INFO  [17:09:53.441] [bbotk]      270 0.2706814         4 0.06758939        0      0            0.455
INFO  [17:09:53.441] [bbotk]                                 uhash
INFO  [17:09:53.441] [bbotk]  a01ac679-e043-4998-8fe1-641e2d351f90
INFO  [17:09:53.446] [bbotk] Evaluating 1 configuration(s)
INFO  [17:09:53.912] [bbotk] Result of batch 3:
INFO  [17:09:53.915] [bbotk]  nrounds       eta max_depth classif.ce warnings errors runtime_learners
INFO  [17:09:53.915] [bbotk]      244 0.2643919         5 0.07009565        0      0            0.403
INFO  [17:09:53.915] [bbotk]                                 uhash
INFO  [17:09:53.915] [bbotk]  850ffb74-9dee-4f91-b264-3cd072c89944
INFO  [17:09:53.927] [bbotk] Evaluating 1 configuration(s)
INFO  [17:09:54.520] [bbotk] Result of batch 4:
INFO  [17:09:54.521] [bbotk]  nrounds        eta max_depth classif.ce warnings errors runtime_learners
INFO  [17:09:54.521] [bbotk]      275 0.06031341         5 0.07134409        0      0            0.556
INFO  [17:09:54.521] [bbotk]                                 uhash
INFO  [17:09:54.521] [bbotk]  4bf7d503-c5cb-4866-8982-c69f0a123bd4
INFO  [17:09:54.525] [bbotk] Evaluating 1 configuration(s)
INFO  [17:09:55.054] [bbotk] Result of batch 5:
INFO  [17:09:55.056] [bbotk]  nrounds       eta max_depth classif.ce warnings errors runtime_learners
INFO  [17:09:55.056] [bbotk]      264 0.1816453         5 0.06633625        0      0            0.472
INFO  [17:09:55.056] [bbotk]                                 uhash
INFO  [17:09:55.056] [bbotk]  6d3dc9c6-b968-4044-a2bb-a05e49b5db73
INFO  [17:09:55.063] [bbotk] Evaluating 1 configuration(s)
INFO  [17:09:55.560] [bbotk] Result of batch 6:
INFO  [17:09:55.561] [bbotk]  nrounds       eta max_depth classif.ce warnings errors runtime_learners
INFO  [17:09:55.561] [bbotk]      289 0.2800393         4 0.07134878        0      0            0.449
INFO  [17:09:55.561] [bbotk]                                 uhash
INFO  [17:09:55.561] [bbotk]  beb55ad9-bb90-4a1a-808f-e7698cd5f174
INFO  [17:09:55.568] [bbotk] Evaluating 1 configuration(s)
INFO  [17:09:55.772] [bbotk] Result of batch 7:
INFO  [17:09:55.773] [bbotk]  nrounds       eta max_depth classif.ce warnings errors runtime_learners
INFO  [17:09:55.773] [bbotk]       60 0.1330042         8 0.06758939        0      0            0.165
INFO  [17:09:55.773] [bbotk]                                 uhash
INFO  [17:09:55.773] [bbotk]  b4870891-4854-48cb-859f-baab35cefa50
INFO  [17:09:55.777] [bbotk] Evaluating 1 configuration(s)
INFO  [17:09:56.182] [bbotk] Result of batch 8:
INFO  [17:09:56.185] [bbotk]  nrounds       eta max_depth classif.ce warnings errors runtime_learners
INFO  [17:09:56.185] [bbotk]      187 0.2175113         7    0.06758        0      0            0.369
INFO  [17:09:56.185] [bbotk]                                 uhash
INFO  [17:09:56.185] [bbotk]  05cb7458-4d55-4858-b1e9-83c2b4c33b98
INFO  [17:09:56.189] [bbotk] Evaluating 1 configuration(s)
INFO  [17:09:56.514] [bbotk] Result of batch 9:
INFO  [17:09:56.517] [bbotk]  nrounds       eta max_depth classif.ce warnings errors runtime_learners
INFO  [17:09:56.517] [bbotk]      119 0.1449627         8 0.06884721        0      0            0.263
INFO  [17:09:56.517] [bbotk]                                 uhash
INFO  [17:09:56.517] [bbotk]  41218362-73aa-47d8-a830-1a55eae4958e
INFO  [17:09:56.528] [bbotk] Evaluating 1 configuration(s)
INFO  [17:09:56.874] [bbotk] Result of batch 10:
INFO  [17:09:56.879] [bbotk]  nrounds       eta max_depth classif.ce warnings errors runtime_learners
INFO  [17:09:56.879] [bbotk]      119 0.1754444         9 0.07009096        0      0            0.302
INFO  [17:09:56.879] [bbotk]                                 uhash
INFO  [17:09:56.879] [bbotk]  d4a89921-ba4b-4706-a3a0-757061587a38
INFO  [17:09:56.888] [bbotk] Finished optimizing after 10 evaluation(s)
INFO  [17:09:56.889] [bbotk] Result:
INFO  [17:09:56.889] [bbotk]  nrounds       eta max_depth learner_param_vals  x_domain classif.ce
INFO  [17:09:56.889] [bbotk]    <int>     <num>     <int>             <list>    <list>      <num>
INFO  [17:09:56.889] [bbotk]       85 0.1273335         2          <list[5]> <list[3]> 0.06381591
INFO  [17:09:56.980] [bbotk] Starting to optimize 3 parameter(s) with '<OptimizerBatchRandomSearch>' and '<TerminatorEvals> [n_evals=10, k=0]'
INFO  [17:09:57.005] [bbotk] Evaluating 1 configuration(s)
INFO  [17:09:57.429] [bbotk] Result of batch 1:
INFO  [17:09:57.429] [bbotk]  nrounds        eta max_depth classif.ce warnings errors runtime_learners
INFO  [17:09:57.429] [bbotk]      194 0.08293156         6 0.05750331        0      0            0.392
INFO  [17:09:57.429] [bbotk]                                 uhash
INFO  [17:09:57.429] [bbotk]  8aff7e94-f701-4154-bc08-98aaad6c0b2b
INFO  [17:09:57.434] [bbotk] Evaluating 1 configuration(s)
INFO  [17:09:57.859] [bbotk] Result of batch 2:
INFO  [17:09:57.860] [bbotk]  nrounds       eta max_depth classif.ce warnings errors runtime_learners
INFO  [17:09:57.860] [bbotk]      155 0.2021867         7 0.05750331        0      0            0.356
INFO  [17:09:57.860] [bbotk]                                 uhash
INFO  [17:09:57.860] [bbotk]  751ab571-ecb5-4358-bd1b-958c3202ed0f
INFO  [17:09:57.864] [bbotk] Evaluating 1 configuration(s)
INFO  [17:09:58.071] [bbotk] Result of batch 3:
INFO  [17:09:58.073] [bbotk]  nrounds     eta max_depth classif.ce warnings errors runtime_learners
INFO  [17:09:58.073] [bbotk]       83 0.25449         3 0.05500174        0      0            0.158
INFO  [17:09:58.073] [bbotk]                                 uhash
INFO  [17:09:58.073] [bbotk]  3a4b7d14-7615-4e7e-92a2-586f4dc5b527
INFO  [17:09:58.082] [bbotk] Evaluating 1 configuration(s)
INFO  [17:09:58.359] [bbotk] Result of batch 4:
INFO  [17:09:58.360] [bbotk]  nrounds       eta max_depth classif.ce warnings errors runtime_learners
INFO  [17:09:58.360] [bbotk]      138 0.2520784         9 0.05625018        0      0            0.239
INFO  [17:09:58.360] [bbotk]                                 uhash
INFO  [17:09:58.360] [bbotk]  e508b73d-c35d-4550-85ce-cf3cc7002c50
INFO  [17:09:58.364] [bbotk] Evaluating 1 configuration(s)
INFO  [17:09:58.760] [bbotk] Result of batch 5:
INFO  [17:09:58.761] [bbotk]  nrounds       eta max_depth classif.ce warnings errors runtime_learners
INFO  [17:09:58.761] [bbotk]      256 0.2675609         5 0.06125332        0      0            0.359
INFO  [17:09:58.761] [bbotk]                                 uhash
INFO  [17:09:58.761] [bbotk]  6fcf83bd-f8d1-4830-8b60-268d39f22506
INFO  [17:09:58.765] [bbotk] Evaluating 1 configuration(s)
INFO  [17:09:59.094] [bbotk] Result of batch 6:
INFO  [17:09:59.103] [bbotk]  nrounds       eta max_depth classif.ce warnings errors runtime_learners
INFO  [17:09:59.103] [bbotk]      196 0.1619944         3 0.05875175        0      0            0.277
INFO  [17:09:59.103] [bbotk]                                 uhash
INFO  [17:09:59.103] [bbotk]  2ccfd920-c980-4daf-a1aa-089b4e4a42f5
INFO  [17:09:59.114] [bbotk] Evaluating 1 configuration(s)
INFO  [17:09:59.451] [bbotk] Result of batch 7:
INFO  [17:09:59.453] [bbotk]  nrounds       eta max_depth classif.ce warnings errors runtime_learners
INFO  [17:09:59.453] [bbotk]      192 0.2835064         6 0.05874705        0      0            0.301
INFO  [17:09:59.453] [bbotk]                                 uhash
INFO  [17:09:59.453] [bbotk]  bb1a9e2f-0fbb-4a5a-b1dc-3b4c4873f554
INFO  [17:09:59.461] [bbotk] Evaluating 1 configuration(s)
INFO  [17:09:59.885] [bbotk] Result of batch 8:
INFO  [17:09:59.890] [bbotk]  nrounds        eta max_depth classif.ce warnings errors runtime_learners
INFO  [17:09:59.890] [bbotk]      134 0.01209574         9 0.05625487        0      0            0.388
INFO  [17:09:59.890] [bbotk]                                 uhash
INFO  [17:09:59.890] [bbotk]  a7aa1269-4fca-44e1-b70f-6eab6ad58a69
INFO  [17:09:59.904] [bbotk] Evaluating 1 configuration(s)
INFO  [17:10:00.339] [bbotk] Result of batch 9:
INFO  [17:10:00.341] [bbotk]  nrounds        eta max_depth classif.ce warnings errors runtime_learners
INFO  [17:10:00.341] [bbotk]      244 0.02085955         3 0.05125172        0      0             0.35
INFO  [17:10:00.341] [bbotk]                                 uhash
INFO  [17:10:00.341] [bbotk]  fec0cc0a-907b-4523-83c9-51731acc6c65
INFO  [17:10:00.360] [bbotk] Evaluating 1 configuration(s)
INFO  [17:10:00.746] [bbotk] Result of batch 10:
INFO  [17:10:00.747] [bbotk]  nrounds       eta max_depth classif.ce warnings errors runtime_learners
INFO  [17:10:00.747] [bbotk]      162 0.1766576         7 0.05749862        0      0            0.339
INFO  [17:10:00.747] [bbotk]                                 uhash
INFO  [17:10:00.747] [bbotk]  582588e6-3923-49ef-9791-8770d1e99e91
INFO  [17:10:00.770] [bbotk] Finished optimizing after 10 evaluation(s)
INFO  [17:10:00.770] [bbotk] Result:
INFO  [17:10:00.771] [bbotk]  nrounds        eta max_depth learner_param_vals  x_domain classif.ce
INFO  [17:10:00.771] [bbotk]    <int>      <num>     <int>             <list>    <list>      <num>
INFO  [17:10:00.771] [bbotk]      244 0.02085955         3          <list[5]> <list[3]> 0.05125172

### [bt]: Job terminated successfully [batchtools job.id=2230]
### [bt]: Calculation finished!
