### [bt]: This is batchtools v0.9.17
### [bt]: Starting calculation of 5 jobs
### [bt]: Setting working directory to '/Users/User/Documents/Studium/Semester8/Hiwi/mlr3calibration/vignettes'
### [bt]: Memory measurement disabled
### [bt]: Starting job [batchtools job.id=1066]
### [bt]: Generating problem instance for problem '698720b8ce42ae0c' ...
### [bt]: Applying algorithm 'run_learner' on problem '698720b8ce42ae0c' for job 1066 (seed = 1067) ...
INFO  [16:44:13.601] [mlr3] Applying learner 'classif.xgboost.tuned_calib.oof_beta' on task 'pc4' (iter 6/10)
INFO  [16:44:13.665] [bbotk] Starting to optimize 3 parameter(s) with '<OptimizerBatchRandomSearch>' and '<TerminatorEvals> [n_evals=10, k=0]'
INFO  [16:44:13.688] [bbotk] Evaluating 1 configuration(s)
INFO  [16:44:14.519] [bbotk] Result of batch 1:
INFO  [16:44:14.520] [bbotk]  nrounds       eta max_depth classif.ce warnings errors runtime_learners
INFO  [16:44:14.520] [bbotk]      260 0.1262018         3  0.1001228        0      0            0.797
INFO  [16:44:14.520] [bbotk]                                 uhash
INFO  [16:44:14.520] [bbotk]  ad217851-c5fc-4b42-912a-28a984909fdd
INFO  [16:44:14.523] [bbotk] Evaluating 1 configuration(s)
INFO  [16:44:14.845] [bbotk] Result of batch 2:
INFO  [16:44:14.845] [bbotk]  nrounds       eta max_depth classif.ce warnings errors runtime_learners
INFO  [16:44:14.845] [bbotk]       56 0.1500724         5  0.1048874        0      0            0.264
INFO  [16:44:14.845] [bbotk]                                 uhash
INFO  [16:44:14.845] [bbotk]  b88c93ba-81ef-48d0-9fb1-7587f02a90fd
INFO  [16:44:14.855] [bbotk] Evaluating 1 configuration(s)
INFO  [16:44:15.486] [bbotk] Result of batch 3:
INFO  [16:44:15.488] [bbotk]  nrounds        eta max_depth classif.ce warnings errors runtime_learners
INFO  [16:44:15.488] [bbotk]      193 0.01452663         3  0.1010779        0      0            0.568
INFO  [16:44:15.488] [bbotk]                                 uhash
INFO  [16:44:15.488] [bbotk]  b7293223-8b3b-4b3f-ae84-4352cedba996
INFO  [16:44:15.498] [bbotk] Evaluating 1 configuration(s)
INFO  [16:44:15.878] [bbotk] Result of batch 4:
INFO  [16:44:15.879] [bbotk]  nrounds        eta max_depth classif.ce warnings errors runtime_learners
INFO  [16:44:15.879] [bbotk]       52 0.07654972         7   0.102033        0      0            0.324
INFO  [16:44:15.879] [bbotk]                                 uhash
INFO  [16:44:15.879] [bbotk]  c99cd5ac-5ba1-40a7-b79b-7c7928f3adbc
INFO  [16:44:15.884] [bbotk] Evaluating 1 configuration(s)
INFO  [16:44:16.625] [bbotk] Result of batch 5:
INFO  [16:44:16.626] [bbotk]  nrounds       eta max_depth classif.ce warnings errors runtime_learners
INFO  [16:44:16.626] [bbotk]      148 0.1695148        10  0.1020303        0      0            0.688
INFO  [16:44:16.626] [bbotk]                                 uhash
INFO  [16:44:16.626] [bbotk]  713be13d-425d-48d7-b5c8-cf69c6a56b8a
INFO  [16:44:16.630] [bbotk] Evaluating 1 configuration(s)
INFO  [16:44:18.062] [bbotk] Result of batch 6:
INFO  [16:44:18.063] [bbotk]  nrounds       eta max_depth classif.ce warnings errors runtime_learners
INFO  [16:44:18.063] [bbotk]      297 0.0841475        10  0.1048847        0      0            1.382
INFO  [16:44:18.063] [bbotk]                                 uhash
INFO  [16:44:18.063] [bbotk]  b2998be4-1ca3-4661-a26e-f39e3fbe35ea
INFO  [16:44:18.072] [bbotk] Evaluating 1 configuration(s)
INFO  [16:44:19.284] [bbotk] Result of batch 7:
INFO  [16:44:19.285] [bbotk]  nrounds       eta max_depth classif.ce warnings errors runtime_learners
INFO  [16:44:19.285] [bbotk]      291 0.1132271         8  0.1020276        0      0            1.178
INFO  [16:44:19.285] [bbotk]                                 uhash
INFO  [16:44:19.285] [bbotk]  788fa721-7f96-4541-af81-b6c7741cff3a
INFO  [16:44:19.289] [bbotk] Evaluating 1 configuration(s)
INFO  [16:44:20.072] [bbotk] Result of batch 8:
INFO  [16:44:20.072] [bbotk]  nrounds        eta max_depth classif.ce warnings errors runtime_learners
INFO  [16:44:20.072] [bbotk]      264 0.09773338         3  0.1010752        0      0            0.733
INFO  [16:44:20.072] [bbotk]                                 uhash
INFO  [16:44:20.072] [bbotk]  8d9ae8cd-0890-406a-854e-9d1bfb5aaf0e
INFO  [16:44:20.080] [bbotk] Evaluating 1 configuration(s)
INFO  [16:44:20.858] [bbotk] Result of batch 9:
INFO  [16:44:20.860] [bbotk]  nrounds       eta max_depth classif.ce warnings errors runtime_learners
INFO  [16:44:20.860] [bbotk]      202 0.1479668         5  0.1010752        0      0            0.718
INFO  [16:44:20.860] [bbotk]                                 uhash
INFO  [16:44:20.860] [bbotk]  a665a5f1-5919-482e-816c-b8822ea3207f
INFO  [16:44:20.868] [bbotk] Evaluating 1 configuration(s)
INFO  [16:44:22.347] [bbotk] Result of batch 10:
INFO  [16:44:22.348] [bbotk]  nrounds       eta max_depth classif.ce warnings errors runtime_learners
INFO  [16:44:22.348] [bbotk]      292 0.1003435         8  0.1039351        0      0            1.375
INFO  [16:44:22.348] [bbotk]                                 uhash
INFO  [16:44:22.348] [bbotk]  16114224-f4b0-4818-842e-b4654ffdabde
INFO  [16:44:22.356] [bbotk] Finished optimizing after 10 evaluation(s)
INFO  [16:44:22.357] [bbotk] Result:
INFO  [16:44:22.357] [bbotk]  nrounds       eta max_depth learner_param_vals  x_domain classif.ce
INFO  [16:44:22.357] [bbotk]    <int>     <num>     <int>             <list>    <list>      <num>
INFO  [16:44:22.357] [bbotk]      260 0.1262018         3          <list[5]> <list[3]>  0.1001228
INFO  [16:44:22.705] [bbotk] Starting to optimize 3 parameter(s) with '<OptimizerBatchRandomSearch>' and '<TerminatorEvals> [n_evals=10, k=0]'
INFO  [16:44:22.735] [bbotk] Evaluating 1 configuration(s)
INFO  [16:44:23.515] [bbotk] Result of batch 1:
INFO  [16:44:23.516] [bbotk]  nrounds       eta max_depth classif.ce warnings errors runtime_learners
INFO  [16:44:23.516] [bbotk]      187 0.2268839         7  0.1019948        0      0             0.73
INFO  [16:44:23.516] [bbotk]                                 uhash
INFO  [16:44:23.516] [bbotk]  8a4a0c9f-cc1e-46ab-bea7-45ff9507f46f
INFO  [16:44:23.522] [bbotk] Evaluating 1 configuration(s)
INFO  [16:44:24.585] [bbotk] Result of batch 2:
INFO  [16:44:24.586] [bbotk]  nrounds       eta max_depth classif.ce warnings errors runtime_learners
INFO  [16:44:24.586] [bbotk]      280 0.1812239        10  0.1039023        0      0                1
INFO  [16:44:24.586] [bbotk]                                 uhash
INFO  [16:44:24.586] [bbotk]  6b272808-4314-4e37-9781-eafb39424d20
INFO  [16:44:24.590] [bbotk] Evaluating 1 configuration(s)
INFO  [16:44:25.015] [bbotk] Result of batch 3:
INFO  [16:44:25.016] [bbotk]  nrounds       eta max_depth classif.ce warnings errors runtime_learners
INFO  [16:44:25.016] [bbotk]      104 0.1711611         4  0.1105881        0      0            0.374
INFO  [16:44:25.016] [bbotk]                                 uhash
INFO  [16:44:25.016] [bbotk]  dc52f784-e3b9-492d-96ac-122054b4bd43
INFO  [16:44:25.024] [bbotk] Evaluating 1 configuration(s)
INFO  [16:44:25.181] [bbotk] Result of batch 4:
INFO  [16:44:25.182] [bbotk]  nrounds       eta max_depth classif.ce warnings errors runtime_learners
INFO  [16:44:25.182] [bbotk]       59 0.2103153         2  0.1010615        0      0            0.112
INFO  [16:44:25.182] [bbotk]                                 uhash
INFO  [16:44:25.182] [bbotk]  8b0a7eaf-8c06-4dd3-b934-07d5049cd059
INFO  [16:44:25.187] [bbotk] Evaluating 1 configuration(s)
INFO  [16:44:25.469] [bbotk] Result of batch 5:
INFO  [16:44:25.471] [bbotk]  nrounds       eta max_depth classif.ce warnings errors runtime_learners
INFO  [16:44:25.471] [bbotk]       58 0.1526763         7  0.1115214        0      0             0.24
INFO  [16:44:25.471] [bbotk]                                 uhash
INFO  [16:44:25.471] [bbotk]  9215501e-64c3-4e43-9cd1-bf467038dc8b
INFO  [16:44:25.475] [bbotk] Evaluating 1 configuration(s)
INFO  [16:44:26.280] [bbotk] Result of batch 6:
INFO  [16:44:26.286] [bbotk]  nrounds       eta max_depth classif.ce warnings errors runtime_learners
INFO  [16:44:26.286] [bbotk]      216 0.2869776         6  0.1105799        0      0            0.761
INFO  [16:44:26.286] [bbotk]                                 uhash
INFO  [16:44:26.286] [bbotk]  5e0b87e4-5fb4-4e40-808d-8d6c138806a4
INFO  [16:44:26.297] [bbotk] Evaluating 1 configuration(s)
INFO  [16:44:27.203] [bbotk] Result of batch 7:
INFO  [16:44:27.208] [bbotk]  nrounds       eta max_depth classif.ce warnings errors runtime_learners
INFO  [16:44:27.208] [bbotk]      211 0.1858565         8  0.1048601        0      0            0.859
INFO  [16:44:27.208] [bbotk]                                 uhash
INFO  [16:44:27.208] [bbotk]  268b1b14-3c56-48d1-b405-3d1be7ecc25f
INFO  [16:44:27.217] [bbotk] Evaluating 1 configuration(s)
INFO  [16:44:27.685] [bbotk] Result of batch 8:
INFO  [16:44:27.686] [bbotk]  nrounds        eta max_depth classif.ce warnings errors runtime_learners
INFO  [16:44:27.686] [bbotk]      268 0.06102627         2  0.1029608        0      0            0.431
INFO  [16:44:27.686] [bbotk]                                 uhash
INFO  [16:44:27.686] [bbotk]  0472e4e1-7706-4549-ac87-7decd55c53c3
INFO  [16:44:27.690] [bbotk] Evaluating 1 configuration(s)
INFO  [16:44:28.281] [bbotk] Result of batch 9:
INFO  [16:44:28.282] [bbotk]  nrounds      eta max_depth classif.ce warnings errors runtime_learners
INFO  [16:44:28.282] [bbotk]      179 0.030116         4  0.1029718        0      0            0.551
INFO  [16:44:28.282] [bbotk]                                 uhash
INFO  [16:44:28.282] [bbotk]  8b5f8333-5f41-4d3a-a1d6-2393390d3ea8
INFO  [16:44:28.286] [bbotk] Evaluating 1 configuration(s)
INFO  [16:44:29.687] [bbotk] Result of batch 10:
INFO  [16:44:29.688] [bbotk]  nrounds        eta max_depth classif.ce warnings errors runtime_learners
INFO  [16:44:29.688] [bbotk]      247 0.01461575        10  0.1115295        0      0            1.348
INFO  [16:44:29.688] [bbotk]                                 uhash
INFO  [16:44:29.688] [bbotk]  d411be98-5ae8-4a4e-bef0-08225ff817b3
INFO  [16:44:29.696] [bbotk] Finished optimizing after 10 evaluation(s)
INFO  [16:44:29.698] [bbotk] Result:
INFO  [16:44:29.698] [bbotk]  nrounds       eta max_depth learner_param_vals  x_domain classif.ce
INFO  [16:44:29.698] [bbotk]    <int>     <num>     <int>             <list>    <list>      <num>
INFO  [16:44:29.698] [bbotk]       59 0.2103153         2          <list[5]> <list[3]>  0.1010615
INFO  [16:44:29.823] [bbotk] Starting to optimize 3 parameter(s) with '<OptimizerBatchRandomSearch>' and '<TerminatorEvals> [n_evals=10, k=0]'
INFO  [16:44:29.840] [bbotk] Evaluating 1 configuration(s)
INFO  [16:44:30.518] [bbotk] Result of batch 1:
INFO  [16:44:30.524] [bbotk]  nrounds        eta max_depth classif.ce warnings errors runtime_learners
INFO  [16:44:30.524] [bbotk]      182 0.06965587         4  0.1019048        0      0            0.633
INFO  [16:44:30.524] [bbotk]                                 uhash
INFO  [16:44:30.524] [bbotk]  2a6b41ee-dce0-496b-9f4e-f69e1008fb0e
INFO  [16:44:30.534] [bbotk] Evaluating 1 configuration(s)
INFO  [16:44:32.108] [bbotk] Result of batch 2:
INFO  [16:44:32.109] [bbotk]  nrounds        eta max_depth classif.ce warnings errors runtime_learners
INFO  [16:44:32.109] [bbotk]      268 0.04004655         9   0.107619        0      0            1.532
INFO  [16:44:32.109] [bbotk]                                 uhash
INFO  [16:44:32.109] [bbotk]  7ecffbe5-ab25-4d2b-8834-3c9acad949ee
INFO  [16:44:32.121] [bbotk] Evaluating 1 configuration(s)
INFO  [16:44:33.589] [bbotk] Result of batch 3:
INFO  [16:44:33.591] [bbotk]  nrounds        eta max_depth classif.ce warnings errors runtime_learners
INFO  [16:44:33.591] [bbotk]      276 0.04170385         8  0.1057143        0      0            1.434
INFO  [16:44:33.591] [bbotk]                                 uhash
INFO  [16:44:33.591] [bbotk]  5bcf60dd-69bc-4f2a-99f9-1feac172978c
INFO  [16:44:33.598] [bbotk] Evaluating 1 configuration(s)
INFO  [16:44:34.168] [bbotk] Result of batch 4:
INFO  [16:44:34.169] [bbotk]  nrounds        eta max_depth classif.ce warnings errors runtime_learners
INFO  [16:44:34.169] [bbotk]      100 0.06552415         7   0.107619        0      0            0.519
INFO  [16:44:34.169] [bbotk]                                 uhash
INFO  [16:44:34.169] [bbotk]  4e9d2a94-34ec-45d4-9aa6-f06b74e2292f
INFO  [16:44:34.173] [bbotk] Evaluating 1 configuration(s)
INFO  [16:44:34.833] [bbotk] Result of batch 5:
INFO  [16:44:34.835] [bbotk]  nrounds       eta max_depth classif.ce warnings errors runtime_learners
INFO  [16:44:34.835] [bbotk]      165 0.2092838         6  0.1104762        0      0            0.628
INFO  [16:44:34.835] [bbotk]                                 uhash
INFO  [16:44:34.835] [bbotk]  14803bc7-e13d-4a6a-ba72-e89376e5fdc2
INFO  [16:44:34.839] [bbotk] Evaluating 1 configuration(s)
INFO  [16:44:35.140] [bbotk] Result of batch 6:
INFO  [16:44:35.141] [bbotk]  nrounds       eta max_depth classif.ce warnings errors runtime_learners
INFO  [16:44:35.141] [bbotk]       60 0.1992586         6  0.1019048        0      0             0.27
INFO  [16:44:35.141] [bbotk]                                 uhash
INFO  [16:44:35.141] [bbotk]  bfe7c34e-6e5e-4831-a2ee-f29f3ceede6e
INFO  [16:44:35.148] [bbotk] Evaluating 1 configuration(s)
INFO  [16:44:35.744] [bbotk] Result of batch 7:
INFO  [16:44:35.746] [bbotk]  nrounds       eta max_depth classif.ce warnings errors runtime_learners
INFO  [16:44:35.746] [bbotk]      139 0.2261832         9   0.112381        0      0            0.552
INFO  [16:44:35.746] [bbotk]                                 uhash
INFO  [16:44:35.746] [bbotk]  8a3e6a79-9bab-445a-a44a-bbed04350341
INFO  [16:44:35.755] [bbotk] Evaluating 1 configuration(s)
INFO  [16:44:35.965] [bbotk] Result of batch 8:
INFO  [16:44:35.968] [bbotk]  nrounds       eta max_depth classif.ce warnings errors runtime_learners
INFO  [16:44:35.968] [bbotk]       59 0.1201452         3  0.1009524        0      0            0.157
INFO  [16:44:35.968] [bbotk]                                 uhash
INFO  [16:44:35.968] [bbotk]  a9250655-3ca6-4346-869b-38f4ef8fb7e4
INFO  [16:44:35.976] [bbotk] Evaluating 1 configuration(s)
INFO  [16:44:36.843] [bbotk] Result of batch 9:
INFO  [16:44:36.844] [bbotk]  nrounds       eta max_depth classif.ce warnings errors runtime_learners
INFO  [16:44:36.844] [bbotk]      214 0.1106237         7   0.107619        0      0            0.818
INFO  [16:44:36.844] [bbotk]                                 uhash
INFO  [16:44:36.844] [bbotk]  3a3e75a1-96ed-46ff-8f9f-f506fea67c9d
INFO  [16:44:36.848] [bbotk] Evaluating 1 configuration(s)
INFO  [16:44:37.327] [bbotk] Result of batch 10:
INFO  [16:44:37.328] [bbotk]  nrounds       eta max_depth classif.ce warnings errors runtime_learners
INFO  [16:44:37.328] [bbotk]      186 0.1839481         3  0.1104762        0      0            0.451
INFO  [16:44:37.328] [bbotk]                                 uhash
INFO  [16:44:37.328] [bbotk]  2c670a3d-0a40-4fb1-bcac-f373dc6b8fca
INFO  [16:44:37.337] [bbotk] Finished optimizing after 10 evaluation(s)
INFO  [16:44:37.337] [bbotk] Result:
INFO  [16:44:37.338] [bbotk]  nrounds       eta max_depth learner_param_vals  x_domain classif.ce
INFO  [16:44:37.338] [bbotk]    <int>     <num>     <int>             <list>    <list>      <num>
INFO  [16:44:37.338] [bbotk]       59 0.1201452         3          <list[5]> <list[3]>  0.1009524
INFO  [16:44:37.484] [bbotk] Starting to optimize 3 parameter(s) with '<OptimizerBatchRandomSearch>' and '<TerminatorEvals> [n_evals=10, k=0]'
INFO  [16:44:37.507] [bbotk] Evaluating 1 configuration(s)
INFO  [16:44:38.094] [bbotk] Result of batch 1:
INFO  [16:44:38.095] [bbotk]  nrounds        eta max_depth classif.ce warnings errors runtime_learners
INFO  [16:44:38.095] [bbotk]       97 0.02620911        10 0.08380952        0      0            0.541
INFO  [16:44:38.095] [bbotk]                                 uhash
INFO  [16:44:38.095] [bbotk]  74f2f606-a3bf-4457-9d3c-22b48f0c85a4
INFO  [16:44:38.099] [bbotk] Evaluating 1 configuration(s)
INFO  [16:44:39.192] [bbotk] Result of batch 2:
INFO  [16:44:39.193] [bbotk]  nrounds       eta max_depth classif.ce warnings errors runtime_learners
INFO  [16:44:39.193] [bbotk]      297 0.1073816         5 0.08857143        0      0            1.047
INFO  [16:44:39.193] [bbotk]                                 uhash
INFO  [16:44:39.193] [bbotk]  aa801534-edd7-49e5-8dc7-21499b0d00be
INFO  [16:44:39.202] [bbotk] Evaluating 1 configuration(s)
INFO  [16:44:40.103] [bbotk] Result of batch 3:
INFO  [16:44:40.107] [bbotk]  nrounds       eta max_depth classif.ce warnings errors runtime_learners
INFO  [16:44:40.107] [bbotk]      231 0.1641008         7 0.08571429        0      0            0.861
INFO  [16:44:40.107] [bbotk]                                 uhash
INFO  [16:44:40.107] [bbotk]  a52c8a92-f0de-470f-8cd1-0d33df69c2c2
INFO  [16:44:40.111] [bbotk] Evaluating 1 configuration(s)
INFO  [16:44:41.030] [bbotk] Result of batch 4:
INFO  [16:44:41.032] [bbotk]  nrounds       eta max_depth classif.ce warnings errors runtime_learners
INFO  [16:44:41.032] [bbotk]      276 0.0356483         4 0.08857143        0      0            0.866
INFO  [16:44:41.032] [bbotk]                                 uhash
INFO  [16:44:41.032] [bbotk]  45d6a8c0-918e-48bb-9e06-b8a65d75db50
INFO  [16:44:41.037] [bbotk] Evaluating 1 configuration(s)
INFO  [16:44:41.528] [bbotk] Result of batch 5:
INFO  [16:44:41.530] [bbotk]  nrounds        eta max_depth classif.ce warnings errors runtime_learners
INFO  [16:44:41.530] [bbotk]      255 0.01956282         2 0.09428571        0      0            0.458
INFO  [16:44:41.530] [bbotk]                                 uhash
INFO  [16:44:41.530] [bbotk]  478271fc-a2a5-49fb-aece-acc6577597d2
INFO  [16:44:41.539] [bbotk] Evaluating 1 configuration(s)
INFO  [16:44:42.652] [bbotk] Result of batch 6:
INFO  [16:44:42.654] [bbotk]  nrounds        eta max_depth classif.ce warnings errors runtime_learners
INFO  [16:44:42.654] [bbotk]      229 0.05841439         8 0.08857143        0      0            1.066
INFO  [16:44:42.654] [bbotk]                                 uhash
INFO  [16:44:42.654] [bbotk]  385babb8-ed1f-4abb-a7a9-588d612b3b33
INFO  [16:44:42.663] [bbotk] Evaluating 1 configuration(s)
INFO  [16:44:43.201] [bbotk] Result of batch 7:
INFO  [16:44:43.202] [bbotk]  nrounds       eta max_depth classif.ce warnings errors runtime_learners
INFO  [16:44:43.202] [bbotk]      154 0.2105553         4 0.09047619        0      0            0.503
INFO  [16:44:43.202] [bbotk]                                 uhash
INFO  [16:44:43.202] [bbotk]  3a4677e4-6bcb-4d67-893b-ec7b82bb8319
INFO  [16:44:43.211] [bbotk] Evaluating 1 configuration(s)
INFO  [16:44:43.476] [bbotk] Result of batch 8:
INFO  [16:44:43.478] [bbotk]  nrounds       eta max_depth classif.ce warnings errors runtime_learners
INFO  [16:44:43.478] [bbotk]       87 0.0812045         3  0.0847619        0      0            0.231
INFO  [16:44:43.478] [bbotk]                                 uhash
INFO  [16:44:43.478] [bbotk]  7801052b-1e3b-45cf-9992-3c3b0c9586c9
INFO  [16:44:43.482] [bbotk] Evaluating 1 configuration(s)
INFO  [16:44:44.155] [bbotk] Result of batch 9:
INFO  [16:44:44.155] [bbotk]  nrounds       eta max_depth classif.ce warnings errors runtime_learners
INFO  [16:44:44.155] [bbotk]      170 0.0766215         5 0.09238095        0      0            0.632
INFO  [16:44:44.155] [bbotk]                                 uhash
INFO  [16:44:44.155] [bbotk]  69ffe75e-5169-4979-87d0-3794dd6f8b81
INFO  [16:44:44.163] [bbotk] Evaluating 1 configuration(s)
INFO  [16:44:44.529] [bbotk] Result of batch 10:
INFO  [16:44:44.531] [bbotk]  nrounds       eta max_depth classif.ce warnings errors runtime_learners
INFO  [16:44:44.531] [bbotk]       70 0.2321739         6 0.08380952        0      0            0.306
INFO  [16:44:44.531] [bbotk]                                 uhash
INFO  [16:44:44.531] [bbotk]  f4b47006-ba4f-467f-a993-33fbdbc163c1
INFO  [16:44:44.542] [bbotk] Finished optimizing after 10 evaluation(s)
INFO  [16:44:44.542] [bbotk] Result:
INFO  [16:44:44.543] [bbotk]  nrounds        eta max_depth learner_param_vals  x_domain classif.ce
INFO  [16:44:44.543] [bbotk]    <int>      <num>     <int>             <list>    <list>      <num>
INFO  [16:44:44.543] [bbotk]       97 0.02620911        10          <list[5]> <list[3]> 0.08380952
INFO  [16:44:44.849] [bbotk] Starting to optimize 3 parameter(s) with '<OptimizerBatchRandomSearch>' and '<TerminatorEvals> [n_evals=10, k=0]'
INFO  [16:44:44.865] [bbotk] Evaluating 1 configuration(s)
INFO  [16:44:46.131] [bbotk] Result of batch 1:
INFO  [16:44:46.133] [bbotk]  nrounds        eta max_depth classif.ce warnings errors runtime_learners
INFO  [16:44:46.133] [bbotk]      270 0.06042543         9  0.1009524        0      0            1.234
INFO  [16:44:46.133] [bbotk]                                 uhash
INFO  [16:44:46.133] [bbotk]  f34b2c5f-853e-49db-966e-a596b46569fe
INFO  [16:44:46.157] [bbotk] Evaluating 1 configuration(s)
INFO  [16:44:46.832] [bbotk] Result of batch 2:
INFO  [16:44:46.834] [bbotk]  nrounds       eta max_depth classif.ce warnings errors runtime_learners
INFO  [16:44:46.834] [bbotk]      217 0.1498016         4 0.09904762        0      0            0.634
INFO  [16:44:46.834] [bbotk]                                 uhash
INFO  [16:44:46.834] [bbotk]  e785d16f-50bb-4c0d-bec8-acefb5353ac7
INFO  [16:44:46.844] [bbotk] Evaluating 1 configuration(s)
INFO  [16:44:47.308] [bbotk] Result of batch 3:
INFO  [16:44:47.310] [bbotk]  nrounds       eta max_depth classif.ce warnings errors runtime_learners
INFO  [16:44:47.310] [bbotk]      198 0.1944044         3 0.09333333        0      0            0.416
INFO  [16:44:47.310] [bbotk]                                 uhash
INFO  [16:44:47.310] [bbotk]  fc61370c-7a30-4a8b-801b-68d34e8815f3
INFO  [16:44:47.318] [bbotk] Evaluating 1 configuration(s)
INFO  [16:44:47.624] [bbotk] Result of batch 4:
INFO  [16:44:47.625] [bbotk]  nrounds       eta max_depth classif.ce warnings errors runtime_learners
INFO  [16:44:47.625] [bbotk]       73 0.1391342         5 0.09428571        0      0            0.272
INFO  [16:44:47.625] [bbotk]                                 uhash
INFO  [16:44:47.625] [bbotk]  a896f43a-9151-4d21-a4ee-d55d02590c85
INFO  [16:44:47.628] [bbotk] Evaluating 1 configuration(s)
INFO  [16:44:48.513] [bbotk] Result of batch 5:
INFO  [16:44:48.514] [bbotk]  nrounds        eta max_depth classif.ce warnings errors runtime_learners
INFO  [16:44:48.514] [bbotk]      178 0.05847738         7  0.1019048        0      0            0.854
INFO  [16:44:48.514] [bbotk]                                 uhash
INFO  [16:44:48.514] [bbotk]  250af7b4-7f29-4192-8cd8-4a0b50c73a32
INFO  [16:44:48.525] [bbotk] Evaluating 1 configuration(s)
INFO  [16:44:49.175] [bbotk] Result of batch 6:
INFO  [16:44:49.176] [bbotk]  nrounds       eta max_depth classif.ce warnings errors runtime_learners
INFO  [16:44:49.176] [bbotk]      143 0.1707979        10  0.1028571        0      0            0.605
INFO  [16:44:49.176] [bbotk]                                 uhash
INFO  [16:44:49.176] [bbotk]  0d8bccc9-e87b-47ff-a14d-78ae0e78d4f6
INFO  [16:44:49.180] [bbotk] Evaluating 1 configuration(s)
INFO  [16:44:50.034] [bbotk] Result of batch 7:
INFO  [16:44:50.035] [bbotk]  nrounds       eta max_depth classif.ce warnings errors runtime_learners
INFO  [16:44:50.035] [bbotk]      244 0.2407282         9  0.1009524        0      0            0.812
INFO  [16:44:50.035] [bbotk]                                 uhash
INFO  [16:44:50.035] [bbotk]  d5f681ff-1960-4550-8298-f3d97a4c4b2a
INFO  [16:44:50.039] [bbotk] Evaluating 1 configuration(s)
INFO  [16:44:50.398] [bbotk] Result of batch 8:
INFO  [16:44:50.399] [bbotk]  nrounds       eta max_depth classif.ce warnings errors runtime_learners
INFO  [16:44:50.399] [bbotk]       52 0.1708857         7        0.1        0      0            0.287
INFO  [16:44:50.399] [bbotk]                                 uhash
INFO  [16:44:50.399] [bbotk]  4c93ecba-b0ae-4aa1-ba24-2450f370d863
INFO  [16:44:50.407] [bbotk] Evaluating 1 configuration(s)
INFO  [16:44:51.110] [bbotk] Result of batch 9:
INFO  [16:44:51.111] [bbotk]  nrounds       eta max_depth classif.ce warnings errors runtime_learners
INFO  [16:44:51.111] [bbotk]      216 0.2626874        10 0.09333333        0      0            0.669
INFO  [16:44:51.111] [bbotk]                                 uhash
INFO  [16:44:51.111] [bbotk]  e0b05f71-8b21-4b64-b35f-d04150a81024
INFO  [16:44:51.115] [bbotk] Evaluating 1 configuration(s)
INFO  [16:44:51.605] [bbotk] Result of batch 10:
INFO  [16:44:51.607] [bbotk]  nrounds       eta max_depth classif.ce warnings errors runtime_learners
INFO  [16:44:51.607] [bbotk]      129 0.2971494         6  0.0952381        0      0            0.454
INFO  [16:44:51.607] [bbotk]                                 uhash
INFO  [16:44:51.607] [bbotk]  6336f37a-c76e-419b-afc9-cb795290418c
INFO  [16:44:51.619] [bbotk] Finished optimizing after 10 evaluation(s)
INFO  [16:44:51.619] [bbotk] Result:
INFO  [16:44:51.620] [bbotk]  nrounds       eta max_depth learner_param_vals  x_domain classif.ce
INFO  [16:44:51.620] [bbotk]    <int>     <num>     <int>             <list>    <list>      <num>
INFO  [16:44:51.620] [bbotk]      198 0.1944044         3          <list[5]> <list[3]> 0.09333333
[1] -5.736616
[1] 47.46312

### [bt]: Job terminated successfully [batchtools job.id=1066]
### [bt]: Starting job [batchtools job.id=1067]
### [bt]: Generating problem instance for problem '698720b8ce42ae0c' ...
### [bt]: Applying algorithm 'run_learner' on problem '698720b8ce42ae0c' for job 1067 (seed = 1068) ...
INFO  [16:44:51.910] [mlr3] Applying learner 'classif.xgboost.tuned_calib.oof_beta' on task 'pc4' (iter 7/10)
INFO  [16:44:51.958] [bbotk] Starting to optimize 3 parameter(s) with '<OptimizerBatchRandomSearch>' and '<TerminatorEvals> [n_evals=10, k=0]'
INFO  [16:44:51.976] [bbotk] Evaluating 1 configuration(s)
INFO  [16:44:52.594] [bbotk] Result of batch 1:
INFO  [16:44:52.596] [bbotk]  nrounds       eta max_depth classif.ce warnings errors runtime_learners
INFO  [16:44:52.596] [bbotk]      173 0.2120194         5 0.08389139        0      0             0.58
INFO  [16:44:52.596] [bbotk]                                 uhash
INFO  [16:44:52.596] [bbotk]  e87e1cad-547c-4095-a1f3-df65515baf36
INFO  [16:44:52.604] [bbotk] Evaluating 1 configuration(s)
INFO  [16:44:53.190] [bbotk] Result of batch 2:
INFO  [16:44:53.191] [bbotk]  nrounds       eta max_depth classif.ce warnings errors runtime_learners
INFO  [16:44:53.191] [bbotk]      133 0.2203651         7 0.08675399        0      0            0.527
INFO  [16:44:53.191] [bbotk]                                 uhash
INFO  [16:44:53.191] [bbotk]  16024607-143f-47cc-8545-9174cec1b58e
INFO  [16:44:53.198] [bbotk] Evaluating 1 configuration(s)
INFO  [16:44:53.974] [bbotk] Result of batch 3:
INFO  [16:44:53.975] [bbotk]  nrounds        eta max_depth classif.ce warnings errors runtime_learners
INFO  [16:44:53.975] [bbotk]      139 0.02378951         9 0.09055806        0      0            0.732
INFO  [16:44:53.975] [bbotk]                                 uhash
INFO  [16:44:53.975] [bbotk]  10e4ae2e-1d40-41c3-b135-b0afed8a0ecd
INFO  [16:44:53.986] [bbotk] Evaluating 1 configuration(s)
INFO  [16:44:54.739] [bbotk] Result of batch 4:
INFO  [16:44:54.741] [bbotk]  nrounds        eta max_depth classif.ce warnings errors runtime_learners
INFO  [16:44:54.741] [bbotk]      150 0.08716251         9 0.08580434        0      0            0.705
INFO  [16:44:54.741] [bbotk]                                 uhash
INFO  [16:44:54.741] [bbotk]  4d79bffc-e72b-4ad7-b451-b75f41c83770
INFO  [16:44:54.756] [bbotk] Evaluating 1 configuration(s)
INFO  [16:44:55.492] [bbotk] Result of batch 5:
INFO  [16:44:55.493] [bbotk]  nrounds      eta max_depth classif.ce warnings errors runtime_learners
INFO  [16:44:55.493] [bbotk]      258 0.273237         4 0.08484923        0      0            0.706
INFO  [16:44:55.493] [bbotk]                                 uhash
INFO  [16:44:55.493] [bbotk]  b52d9abd-355d-4cd9-bbc8-de67a0976956
INFO  [16:44:55.499] [bbotk] Evaluating 1 configuration(s)
INFO  [16:44:56.129] [bbotk] Result of batch 6:
INFO  [16:44:56.130] [bbotk]  nrounds       eta max_depth classif.ce warnings errors runtime_learners
INFO  [16:44:56.130] [bbotk]      149 0.1751954         9 0.09056624        0      0            0.594
INFO  [16:44:56.130] [bbotk]                                 uhash
INFO  [16:44:56.130] [bbotk]  97317297-732b-4c48-bf57-4d246db4008a
INFO  [16:44:56.140] [bbotk] Evaluating 1 configuration(s)
INFO  [16:44:56.764] [bbotk] Result of batch 7:
INFO  [16:44:56.765] [bbotk]  nrounds       eta max_depth classif.ce warnings errors runtime_learners
INFO  [16:44:56.765] [bbotk]      215 0.2540748         4 0.08389685        0      0            0.586
INFO  [16:44:56.765] [bbotk]                                 uhash
INFO  [16:44:56.765] [bbotk]  753525fe-053d-45d9-8665-276c4cfc4988
INFO  [16:44:56.773] [bbotk] Evaluating 1 configuration(s)
INFO  [16:44:57.616] [bbotk] Result of batch 8:
INFO  [16:44:57.617] [bbotk]  nrounds       eta max_depth classif.ce warnings errors runtime_learners
INFO  [16:44:57.617] [bbotk]      243 0.1991185         7 0.08103971        0      0            0.797
INFO  [16:44:57.617] [bbotk]                                 uhash
INFO  [16:44:57.617] [bbotk]  5d26dcaf-2522-43ae-885c-b200695aebcb
INFO  [16:44:57.626] [bbotk] Evaluating 1 configuration(s)
INFO  [16:44:58.478] [bbotk] Result of batch 9:
INFO  [16:44:58.479] [bbotk]  nrounds        eta max_depth classif.ce warnings errors runtime_learners
INFO  [16:44:58.479] [bbotk]      207 0.08302572         5 0.08865875        0      0            0.799
INFO  [16:44:58.479] [bbotk]                                 uhash
INFO  [16:44:58.479] [bbotk]  6ef166d8-a14a-4a11-b5a8-a89461afd5df
INFO  [16:44:58.489] [bbotk] Evaluating 1 configuration(s)
INFO  [16:44:59.083] [bbotk] Result of batch 10:
INFO  [16:44:59.085] [bbotk]  nrounds        eta max_depth classif.ce warnings errors runtime_learners
INFO  [16:44:59.085] [bbotk]       99 0.02909683         8 0.09056624        0      0            0.556
INFO  [16:44:59.085] [bbotk]                                 uhash
INFO  [16:44:59.085] [bbotk]  ede3294c-2ee9-4712-af16-66c790f50510
INFO  [16:44:59.097] [bbotk] Finished optimizing after 10 evaluation(s)
INFO  [16:44:59.097] [bbotk] Result:
INFO  [16:44:59.098] [bbotk]  nrounds       eta max_depth learner_param_vals  x_domain classif.ce
INFO  [16:44:59.098] [bbotk]    <int>     <num>     <int>             <list>    <list>      <num>
INFO  [16:44:59.098] [bbotk]      243 0.1991185         7          <list[5]> <list[3]> 0.08103971
INFO  [16:44:59.598] [bbotk] Starting to optimize 3 parameter(s) with '<OptimizerBatchRandomSearch>' and '<TerminatorEvals> [n_evals=10, k=0]'
INFO  [16:44:59.614] [bbotk] Evaluating 1 configuration(s)
INFO  [16:45:00.139] [bbotk] Result of batch 1:
INFO  [16:45:00.140] [bbotk]  nrounds       eta max_depth classif.ce warnings errors runtime_learners
INFO  [16:45:00.140] [bbotk]      192 0.2237352         3  0.1048711        0      0            0.482
INFO  [16:45:00.140] [bbotk]                                 uhash
INFO  [16:45:00.140] [bbotk]  0883795c-8d40-4bc0-a696-a0d5ad871bb1
INFO  [16:45:00.149] [bbotk] Evaluating 1 configuration(s)
INFO  [16:45:00.351] [bbotk] Result of batch 2:
INFO  [16:45:00.352] [bbotk]  nrounds       eta max_depth classif.ce warnings errors runtime_learners
INFO  [16:45:00.352] [bbotk]       93 0.1974299         2 0.09534452        0      0            0.167
INFO  [16:45:00.352] [bbotk]                                 uhash
INFO  [16:45:00.352] [bbotk]  582ca062-83b2-4d82-a2e0-e84b1d720921
INFO  [16:45:00.356] [bbotk] Evaluating 1 configuration(s)
INFO  [16:45:00.722] [bbotk] Result of batch 3:
INFO  [16:45:00.723] [bbotk]  nrounds        eta max_depth classif.ce warnings errors runtime_learners
INFO  [16:45:00.723] [bbotk]      179 0.06822572         2  0.1020221        0      0            0.314
INFO  [16:45:00.723] [bbotk]                                 uhash
INFO  [16:45:00.723] [bbotk]  a847ead0-0aed-43c2-bd9a-b3c7d2975741
INFO  [16:45:00.727] [bbotk] Evaluating 1 configuration(s)
INFO  [16:45:01.733] [bbotk] Result of batch 4:
INFO  [16:45:01.735] [bbotk]  nrounds        eta max_depth classif.ce warnings errors runtime_learners
INFO  [16:45:01.735] [bbotk]      226 0.06380706         7 0.09629963        0      0            0.963
INFO  [16:45:01.735] [bbotk]                                 uhash
INFO  [16:45:01.735] [bbotk]  e8825a87-0afd-48b4-9bda-dd39c8806838
INFO  [16:45:01.739] [bbotk] Evaluating 1 configuration(s)
INFO  [16:45:02.447] [bbotk] Result of batch 5:
INFO  [16:45:02.448] [bbotk]  nrounds       eta max_depth classif.ce warnings errors runtime_learners
INFO  [16:45:02.448] [bbotk]      206 0.2418843         5   0.108686        0      0            0.677
INFO  [16:45:02.448] [bbotk]                                 uhash
INFO  [16:45:02.448] [bbotk]  8d0a27a0-22dc-42eb-8476-d2022e198d78
INFO  [16:45:02.452] [bbotk] Evaluating 1 configuration(s)
INFO  [16:45:02.945] [bbotk] Result of batch 6:
INFO  [16:45:02.947] [bbotk]  nrounds       eta max_depth classif.ce warnings errors runtime_learners
INFO  [16:45:02.947] [bbotk]      186 0.0459671         3 0.09724928        0      0            0.448
INFO  [16:45:02.947] [bbotk]                                 uhash
INFO  [16:45:02.947] [bbotk]  247b5fdd-baf6-4ee5-a3d8-65a183ee6712
INFO  [16:45:02.961] [bbotk] Evaluating 1 configuration(s)
INFO  [16:45:03.243] [bbotk] Result of batch 7:
INFO  [16:45:03.245] [bbotk]  nrounds       eta max_depth classif.ce warnings errors runtime_learners
INFO  [16:45:03.245] [bbotk]      140 0.2497741         2 0.09057443        0      0             0.25
INFO  [16:45:03.245] [bbotk]                                 uhash
INFO  [16:45:03.245] [bbotk]  d0705b40-0096-457b-bbec-136ef26c4b2c
INFO  [16:45:03.250] [bbotk] Evaluating 1 configuration(s)
INFO  [16:45:04.678] [bbotk] Result of batch 8:
INFO  [16:45:04.679] [bbotk]  nrounds        eta max_depth classif.ce warnings errors runtime_learners
INFO  [16:45:04.679] [bbotk]      271 0.03007134         8  0.1001037        0      0            1.391
INFO  [16:45:04.679] [bbotk]                                 uhash
INFO  [16:45:04.679] [bbotk]  343b4fbc-a2a7-4643-8d7b-90a43a1e45d4
INFO  [16:45:04.683] [bbotk] Evaluating 1 configuration(s)
INFO  [16:45:05.579] [bbotk] Result of batch 9:
INFO  [16:45:05.580] [bbotk]  nrounds       eta max_depth classif.ce warnings errors runtime_learners
INFO  [16:45:05.580] [bbotk]      291 0.2713339        10  0.1058234        0      0            0.819
INFO  [16:45:05.580] [bbotk]                                 uhash
INFO  [16:45:05.580] [bbotk]  1f7d50bb-b918-411f-b52b-ee3f92ae64c0
INFO  [16:45:05.584] [bbotk] Evaluating 1 configuration(s)
INFO  [16:45:06.393] [bbotk] Result of batch 10:
INFO  [16:45:06.395] [bbotk]  nrounds       eta max_depth classif.ce warnings errors runtime_learners
INFO  [16:45:06.395] [bbotk]      287 0.2973201         4 0.09438668        0      0            0.755
INFO  [16:45:06.395] [bbotk]                                 uhash
INFO  [16:45:06.395] [bbotk]  7dee97c8-7bbb-4ecd-a9fc-9873333aab2d
INFO  [16:45:06.412] [bbotk] Finished optimizing after 10 evaluation(s)
INFO  [16:45:06.412] [bbotk] Result:
INFO  [16:45:06.413] [bbotk]  nrounds       eta max_depth learner_param_vals  x_domain classif.ce
INFO  [16:45:06.413] [bbotk]    <int>     <num>     <int>             <list>    <list>      <num>
INFO  [16:45:06.413] [bbotk]      140 0.2497741         2          <list[5]> <list[3]> 0.09057443
INFO  [16:45:06.577] [bbotk] Starting to optimize 3 parameter(s) with '<OptimizerBatchRandomSearch>' and '<TerminatorEvals> [n_evals=10, k=0]'
INFO  [16:45:06.597] [bbotk] Evaluating 1 configuration(s)
INFO  [16:45:06.913] [bbotk] Result of batch 1:
INFO  [16:45:06.914] [bbotk]  nrounds        eta max_depth classif.ce warnings errors runtime_learners
INFO  [16:45:06.914] [bbotk]       92 0.02857862         3  0.1047619        0      0            0.254
INFO  [16:45:06.914] [bbotk]                                 uhash
INFO  [16:45:06.914] [bbotk]  5b427468-fecf-4f03-908f-74f78c0f5307
INFO  [16:45:06.918] [bbotk] Evaluating 1 configuration(s)
INFO  [16:45:07.530] [bbotk] Result of batch 2:
INFO  [16:45:07.532] [bbotk]  nrounds       eta max_depth classif.ce warnings errors runtime_learners
INFO  [16:45:07.532] [bbotk]      179 0.2635082         6 0.09047619        0      0            0.573
INFO  [16:45:07.532] [bbotk]                                 uhash
INFO  [16:45:07.532] [bbotk]  acf2eb04-7e90-4d22-80c4-7130ce93afa1
INFO  [16:45:07.538] [bbotk] Evaluating 1 configuration(s)
INFO  [16:45:08.357] [bbotk] Result of batch 3:
INFO  [16:45:08.358] [bbotk]  nrounds       eta max_depth classif.ce warnings errors runtime_learners
INFO  [16:45:08.358] [bbotk]      263 0.2279202         7 0.08952381        0      0             0.78
INFO  [16:45:08.358] [bbotk]                                 uhash
INFO  [16:45:08.358] [bbotk]  f04722be-fdd0-4ad5-b525-81abad1fdd01
INFO  [16:45:08.366] [bbotk] Evaluating 1 configuration(s)
INFO  [16:45:09.060] [bbotk] Result of batch 4:
INFO  [16:45:09.061] [bbotk]  nrounds       eta max_depth classif.ce warnings errors runtime_learners
INFO  [16:45:09.061] [bbotk]      202 0.2077612        10 0.09428571        0      0            0.648
INFO  [16:45:09.061] [bbotk]                                 uhash
INFO  [16:45:09.061] [bbotk]  ae4a072e-4768-4b81-920a-68dc13d99890
INFO  [16:45:09.065] [bbotk] Evaluating 1 configuration(s)
INFO  [16:45:09.562] [bbotk] Result of batch 5:
INFO  [16:45:09.564] [bbotk]  nrounds       eta max_depth classif.ce warnings errors runtime_learners
INFO  [16:45:09.564] [bbotk]      133 0.2344125         6 0.09047619        0      0            0.459
INFO  [16:45:09.564] [bbotk]                                 uhash
INFO  [16:45:09.564] [bbotk]  a484c82d-64e6-4aa1-a997-98369e9e42b4
INFO  [16:45:09.572] [bbotk] Evaluating 1 configuration(s)
INFO  [16:45:09.957] [bbotk] Result of batch 6:
INFO  [16:45:09.958] [bbotk]  nrounds      eta max_depth classif.ce warnings errors runtime_learners
INFO  [16:45:09.958] [bbotk]      239 0.194143         2 0.09904762        0      0            0.347
INFO  [16:45:09.958] [bbotk]                                 uhash
INFO  [16:45:09.958] [bbotk]  743f57aa-0464-407a-bab4-aeca17adb4a3
INFO  [16:45:09.962] [bbotk] Evaluating 1 configuration(s)
INFO  [16:45:10.539] [bbotk] Result of batch 7:
INFO  [16:45:10.540] [bbotk]  nrounds       eta max_depth classif.ce warnings errors runtime_learners
INFO  [16:45:10.540] [bbotk]      115 0.1684327         8 0.09142857        0      0            0.514
INFO  [16:45:10.540] [bbotk]                                 uhash
INFO  [16:45:10.540] [bbotk]  927f098a-6f13-4b13-bff7-f82f161d9a79
INFO  [16:45:10.548] [bbotk] Evaluating 1 configuration(s)
INFO  [16:45:11.668] [bbotk] Result of batch 8:
INFO  [16:45:11.670] [bbotk]  nrounds       eta max_depth classif.ce warnings errors runtime_learners
INFO  [16:45:11.670] [bbotk]      209 0.0380118         9 0.09333333        0      0            1.069
INFO  [16:45:11.670] [bbotk]                                 uhash
INFO  [16:45:11.670] [bbotk]  3bfc85bf-d54b-4bed-960f-125174ca4f78
INFO  [16:45:11.679] [bbotk] Evaluating 1 configuration(s)
INFO  [16:45:12.182] [bbotk] Result of batch 9:
INFO  [16:45:12.184] [bbotk]  nrounds       eta max_depth classif.ce warnings errors runtime_learners
INFO  [16:45:12.184] [bbotk]      141 0.1419352         4 0.09047619        0      0            0.456
INFO  [16:45:12.184] [bbotk]                                 uhash
INFO  [16:45:12.184] [bbotk]  f1da779c-1d52-4ef8-a74b-9195847c82a9
INFO  [16:45:12.193] [bbotk] Evaluating 1 configuration(s)
INFO  [16:45:13.199] [bbotk] Result of batch 10:
INFO  [16:45:13.200] [bbotk]  nrounds       eta max_depth classif.ce warnings errors runtime_learners
INFO  [16:45:13.200] [bbotk]      243 0.1360827         9 0.08571429        0      0            0.968
INFO  [16:45:13.200] [bbotk]                                 uhash
INFO  [16:45:13.200] [bbotk]  1a469c0c-df3e-45c2-a8ea-2862a7a3a64c
INFO  [16:45:13.222] [bbotk] Finished optimizing after 10 evaluation(s)
INFO  [16:45:13.222] [bbotk] Result:
INFO  [16:45:13.224] [bbotk]  nrounds       eta max_depth learner_param_vals  x_domain classif.ce
INFO  [16:45:13.224] [bbotk]    <int>     <num>     <int>             <list>    <list>      <num>
INFO  [16:45:13.224] [bbotk]      243 0.1360827         9          <list[5]> <list[3]> 0.08571429
INFO  [16:45:13.771] [bbotk] Starting to optimize 3 parameter(s) with '<OptimizerBatchRandomSearch>' and '<TerminatorEvals> [n_evals=10, k=0]'
INFO  [16:45:13.784] [bbotk] Evaluating 1 configuration(s)
INFO  [16:45:14.190] [bbotk] Result of batch 1:
INFO  [16:45:14.192] [bbotk]  nrounds       eta max_depth classif.ce warnings errors runtime_learners
INFO  [16:45:14.192] [bbotk]       83 0.2776659        10 0.09238095        0      0            0.363
INFO  [16:45:14.192] [bbotk]                                 uhash
INFO  [16:45:14.192] [bbotk]  8aa7871f-1197-4c17-84de-1b130ae7a375
INFO  [16:45:14.206] [bbotk] Evaluating 1 configuration(s)
INFO  [16:45:14.745] [bbotk] Result of batch 2:
INFO  [16:45:14.746] [bbotk]  nrounds       eta max_depth classif.ce warnings errors runtime_learners
INFO  [16:45:14.746] [bbotk]      227 0.2010315         3 0.08857143        0      0            0.498
INFO  [16:45:14.746] [bbotk]                                 uhash
INFO  [16:45:14.746] [bbotk]  a01e61ba-7bf5-4c16-8281-7a9fb99a8c94
INFO  [16:45:14.750] [bbotk] Evaluating 1 configuration(s)
INFO  [16:45:15.156] [bbotk] Result of batch 3:
INFO  [16:45:15.158] [bbotk]  nrounds       eta max_depth classif.ce warnings errors runtime_learners
INFO  [16:45:15.158] [bbotk]      221 0.2440981         2  0.0952381        0      0            0.365
INFO  [16:45:15.158] [bbotk]                                 uhash
INFO  [16:45:15.158] [bbotk]  26267738-1c7a-4224-a483-af2ee70d98d3
INFO  [16:45:15.165] [bbotk] Evaluating 1 configuration(s)
INFO  [16:45:15.920] [bbotk] Result of batch 4:
INFO  [16:45:15.921] [bbotk]  nrounds       eta max_depth classif.ce warnings errors runtime_learners
INFO  [16:45:15.921] [bbotk]      260 0.2750659         8 0.08666667        0      0            0.717
INFO  [16:45:15.921] [bbotk]                                 uhash
INFO  [16:45:15.921] [bbotk]  ef592c69-eccc-445f-956d-15c8294eb39e
INFO  [16:45:15.927] [bbotk] Evaluating 1 configuration(s)
INFO  [16:45:16.711] [bbotk] Result of batch 5:
INFO  [16:45:16.713] [bbotk]  nrounds       eta max_depth classif.ce warnings errors runtime_learners
INFO  [16:45:16.713] [bbotk]      193 0.1445103         9 0.08666667        0      0            0.734
INFO  [16:45:16.713] [bbotk]                                 uhash
INFO  [16:45:16.713] [bbotk]  5ad3e10f-400c-4dae-b949-85570597f817
INFO  [16:45:16.723] [bbotk] Evaluating 1 configuration(s)
INFO  [16:45:16.960] [bbotk] Result of batch 6:
INFO  [16:45:16.961] [bbotk]  nrounds       eta max_depth classif.ce warnings errors runtime_learners
INFO  [16:45:16.961] [bbotk]      112 0.1475722         2 0.09619048        0      0            0.194
INFO  [16:45:16.961] [bbotk]                                 uhash
INFO  [16:45:16.961] [bbotk]  a503fe2d-0c31-4ba1-98d1-a7380426ddfc
INFO  [16:45:16.964] [bbotk] Evaluating 1 configuration(s)
INFO  [16:45:17.199] [bbotk] Result of batch 7:
INFO  [16:45:17.200] [bbotk]  nrounds       eta max_depth classif.ce warnings errors runtime_learners
INFO  [16:45:17.200] [bbotk]      116 0.1054932         2 0.09714286        0      0            0.189
INFO  [16:45:17.200] [bbotk]                                 uhash
INFO  [16:45:17.200] [bbotk]  ba732218-6257-4ae3-8015-4510653969e8
INFO  [16:45:17.204] [bbotk] Evaluating 1 configuration(s)
INFO  [16:45:17.898] [bbotk] Result of batch 8:
INFO  [16:45:17.899] [bbotk]  nrounds       eta max_depth classif.ce warnings errors runtime_learners
INFO  [16:45:17.899] [bbotk]      240 0.2996645         6 0.08095238        0      0            0.653
INFO  [16:45:17.899] [bbotk]                                 uhash
INFO  [16:45:17.899] [bbotk]  e0ec71a1-8fb7-4620-b608-cf6bd935b5ef
INFO  [16:45:17.907] [bbotk] Evaluating 1 configuration(s)
INFO  [16:45:19.036] [bbotk] Result of batch 9:
INFO  [16:45:19.037] [bbotk]  nrounds        eta max_depth classif.ce warnings errors runtime_learners
INFO  [16:45:19.037] [bbotk]      186 0.02603791        10 0.09238095        0      0            1.081
INFO  [16:45:19.037] [bbotk]                                 uhash
INFO  [16:45:19.037] [bbotk]  c11b9f04-a6ba-43af-a4cd-a4a6070102d6
INFO  [16:45:19.041] [bbotk] Evaluating 1 configuration(s)
INFO  [16:45:19.516] [bbotk] Result of batch 10:
INFO  [16:45:19.517] [bbotk]  nrounds       eta max_depth classif.ce warnings errors runtime_learners
INFO  [16:45:19.517] [bbotk]      290 0.2943526         2 0.08952381        0      0            0.443
INFO  [16:45:19.517] [bbotk]                                 uhash
INFO  [16:45:19.517] [bbotk]  2fb7ad06-d63b-4c34-a528-8a7f02aa6569
INFO  [16:45:19.533] [bbotk] Finished optimizing after 10 evaluation(s)
INFO  [16:45:19.534] [bbotk] Result:
INFO  [16:45:19.536] [bbotk]  nrounds       eta max_depth learner_param_vals  x_domain classif.ce
INFO  [16:45:19.536] [bbotk]    <int>     <num>     <int>             <list>    <list>      <num>
INFO  [16:45:19.536] [bbotk]      240 0.2996645         6          <list[5]> <list[3]> 0.08095238
INFO  [16:45:19.944] [bbotk] Starting to optimize 3 parameter(s) with '<OptimizerBatchRandomSearch>' and '<TerminatorEvals> [n_evals=10, k=0]'
INFO  [16:45:19.964] [bbotk] Evaluating 1 configuration(s)
INFO  [16:45:20.373] [bbotk] Result of batch 1:
INFO  [16:45:20.374] [bbotk]  nrounds        eta max_depth classif.ce warnings errors runtime_learners
INFO  [16:45:20.374] [bbotk]      245 0.04882812         2  0.1009524        0      0            0.364
INFO  [16:45:20.374] [bbotk]                                 uhash
INFO  [16:45:20.374] [bbotk]  6ff97ccb-42ab-4a9c-9ada-d74d4844243e
INFO  [16:45:20.378] [bbotk] Evaluating 1 configuration(s)
INFO  [16:45:21.655] [bbotk] Result of batch 2:
INFO  [16:45:21.656] [bbotk]  nrounds        eta max_depth classif.ce warnings errors runtime_learners
INFO  [16:45:21.656] [bbotk]      224 0.01731775        10 0.09619048        0      0            1.234
INFO  [16:45:21.656] [bbotk]                                 uhash
INFO  [16:45:21.656] [bbotk]  f9847726-9664-40ee-bb3d-ad66ed0af0d5
INFO  [16:45:21.660] [bbotk] Evaluating 1 configuration(s)
INFO  [16:45:22.167] [bbotk] Result of batch 3:
INFO  [16:45:22.169] [bbotk]  nrounds       eta max_depth classif.ce warnings errors runtime_learners
INFO  [16:45:22.169] [bbotk]      208 0.0123429         3  0.1028571        0      0            0.458
INFO  [16:45:22.169] [bbotk]                                 uhash
INFO  [16:45:22.169] [bbotk]  6178359e-8224-45ea-a933-cc4de7c92cce
INFO  [16:45:22.180] [bbotk] Evaluating 1 configuration(s)
INFO  [16:45:23.103] [bbotk] Result of batch 4:
INFO  [16:45:23.104] [bbotk]  nrounds       eta max_depth classif.ce warnings errors runtime_learners
INFO  [16:45:23.104] [bbotk]      239 0.1388527         6 0.08857143        0      0            0.884
INFO  [16:45:23.104] [bbotk]                                 uhash
INFO  [16:45:23.104] [bbotk]  85bb77b0-5631-44d1-a89a-c9cfd03b41f5
INFO  [16:45:23.113] [bbotk] Evaluating 1 configuration(s)
INFO  [16:45:24.100] [bbotk] Result of batch 5:
INFO  [16:45:24.101] [bbotk]  nrounds       eta max_depth classif.ce warnings errors runtime_learners
INFO  [16:45:24.101] [bbotk]      275 0.1418083         9 0.09428571        0      0            0.929
INFO  [16:45:24.101] [bbotk]                                 uhash
INFO  [16:45:24.101] [bbotk]  9cafccee-0181-4c3c-8a57-aa49bb082c53
INFO  [16:45:24.105] [bbotk] Evaluating 1 configuration(s)
INFO  [16:45:25.006] [bbotk] Result of batch 6:
INFO  [16:45:25.007] [bbotk]  nrounds        eta max_depth classif.ce warnings errors runtime_learners
INFO  [16:45:25.007] [bbotk]      178 0.01356931         7  0.0952381        0      0            0.862
INFO  [16:45:25.007] [bbotk]                                 uhash
INFO  [16:45:25.007] [bbotk]  b885ed2b-d827-4ea9-9cd2-6d2bd4711bf3
INFO  [16:45:25.026] [bbotk] Evaluating 1 configuration(s)
INFO  [16:45:26.167] [bbotk] Result of batch 7:
INFO  [16:45:26.168] [bbotk]  nrounds        eta max_depth classif.ce warnings errors runtime_learners
INFO  [16:45:26.168] [bbotk]      277 0.09534982        10  0.0952381        0      0              1.1
INFO  [16:45:26.168] [bbotk]                                 uhash
INFO  [16:45:26.168] [bbotk]  37728177-6969-4f58-ae00-48adf464f611
INFO  [16:45:26.176] [bbotk] Evaluating 1 configuration(s)
INFO  [16:45:26.506] [bbotk] Result of batch 8:
INFO  [16:45:26.508] [bbotk]  nrounds       eta max_depth classif.ce warnings errors runtime_learners
INFO  [16:45:26.508] [bbotk]      184 0.2918556         2 0.08952381        0      0            0.288
INFO  [16:45:26.508] [bbotk]                                 uhash
INFO  [16:45:26.508] [bbotk]  520f0d57-d4bf-4b90-867d-ba427b868427
INFO  [16:45:26.518] [bbotk] Evaluating 1 configuration(s)
INFO  [16:45:26.717] [bbotk] Result of batch 9:
INFO  [16:45:26.718] [bbotk]  nrounds       eta max_depth classif.ce warnings errors runtime_learners
INFO  [16:45:26.718] [bbotk]       71 0.2603281         3 0.08952381        0      0            0.166
INFO  [16:45:26.718] [bbotk]                                 uhash
INFO  [16:45:26.718] [bbotk]  02b4b36d-eda0-429e-9b32-44610e6ff21c
INFO  [16:45:26.722] [bbotk] Evaluating 1 configuration(s)
INFO  [16:45:27.261] [bbotk] Result of batch 10:
INFO  [16:45:27.263] [bbotk]  nrounds      eta max_depth classif.ce warnings errors runtime_learners
INFO  [16:45:27.263] [bbotk]      216 0.109056         3 0.09333333        0      0            0.485
INFO  [16:45:27.263] [bbotk]                                 uhash
INFO  [16:45:27.263] [bbotk]  bf702799-ee7a-4bfd-ba1c-b45a8064e0b2
INFO  [16:45:27.283] [bbotk] Finished optimizing after 10 evaluation(s)
INFO  [16:45:27.283] [bbotk] Result:
INFO  [16:45:27.285] [bbotk]  nrounds       eta max_depth learner_param_vals  x_domain classif.ce
INFO  [16:45:27.285] [bbotk]    <int>     <num>     <int>             <list>    <list>      <num>
INFO  [16:45:27.285] [bbotk]      239 0.1388527         6          <list[5]> <list[3]> 0.08857143
[1] -13.20289
[1] 23.96613

### [bt]: Job terminated successfully [batchtools job.id=1067]
### [bt]: Starting job [batchtools job.id=1068]
### [bt]: Generating problem instance for problem '698720b8ce42ae0c' ...
### [bt]: Applying algorithm 'run_learner' on problem '698720b8ce42ae0c' for job 1068 (seed = 1069) ...
INFO  [16:45:27.797] [mlr3] Applying learner 'classif.xgboost.tuned_calib.oof_beta' on task 'pc4' (iter 8/10)
INFO  [16:45:27.846] [bbotk] Starting to optimize 3 parameter(s) with '<OptimizerBatchRandomSearch>' and '<TerminatorEvals> [n_evals=10, k=0]'
INFO  [16:45:27.878] [bbotk] Evaluating 1 configuration(s)
INFO  [16:45:28.298] [bbotk] Result of batch 1:
INFO  [16:45:28.299] [bbotk]  nrounds       eta max_depth classif.ce warnings errors runtime_learners
INFO  [16:45:28.299] [bbotk]       66 0.1139019         7 0.09819621        0      0             0.38
INFO  [16:45:28.299] [bbotk]                                 uhash
INFO  [16:45:28.299] [bbotk]  34b649cd-720b-4ad1-90aa-73c9d8ae3483
INFO  [16:45:28.303] [bbotk] Evaluating 1 configuration(s)
INFO  [16:45:28.960] [bbotk] Result of batch 2:
INFO  [16:45:28.962] [bbotk]  nrounds       eta max_depth classif.ce warnings errors runtime_learners
INFO  [16:45:28.962] [bbotk]      149 0.2157129         7  0.1029608        0      0            0.624
INFO  [16:45:28.962] [bbotk]                                 uhash
INFO  [16:45:28.962] [bbotk]  831b616d-d13f-4592-8ea6-dbf4cab127de
INFO  [16:45:28.971] [bbotk] Evaluating 1 configuration(s)
INFO  [16:45:29.828] [bbotk] Result of batch 3:
INFO  [16:45:29.830] [bbotk]  nrounds       eta max_depth classif.ce warnings errors runtime_learners
INFO  [16:45:29.830] [bbotk]      211 0.1515575         6 0.09628053        0      0            0.808
INFO  [16:45:29.830] [bbotk]                                 uhash
INFO  [16:45:29.830] [bbotk]  f22bb2d8-777a-4139-8d46-56e0ecbbced4
INFO  [16:45:29.838] [bbotk] Evaluating 1 configuration(s)
INFO  [16:45:30.431] [bbotk] Result of batch 4:
INFO  [16:45:30.433] [bbotk]  nrounds        eta max_depth classif.ce warnings errors runtime_learners
INFO  [16:45:30.433] [bbotk]      218 0.06183303         3  0.1010452        0      0            0.536
INFO  [16:45:30.433] [bbotk]                                 uhash
INFO  [16:45:30.433] [bbotk]  0b2806e2-78e1-479c-b712-5b9138d60841
INFO  [16:45:30.442] [bbotk] Evaluating 1 configuration(s)
INFO  [16:45:30.771] [bbotk] Result of batch 5:
INFO  [16:45:30.772] [bbotk]  nrounds       eta max_depth classif.ce warnings errors runtime_learners
INFO  [16:45:30.772] [bbotk]       65 0.2513149         8  0.1020085        0      0            0.283
INFO  [16:45:30.772] [bbotk]                                 uhash
INFO  [16:45:30.772] [bbotk]  9f947cbf-9140-47f1-aad5-3051be380925
INFO  [16:45:30.776] [bbotk] Evaluating 1 configuration(s)
INFO  [16:45:31.201] [bbotk] Result of batch 6:
INFO  [16:45:31.204] [bbotk]  nrounds       eta max_depth classif.ce warnings errors runtime_learners
INFO  [16:45:31.204] [bbotk]      217 0.1244806         2 0.09532269        0      0            0.375
INFO  [16:45:31.204] [bbotk]                                 uhash
INFO  [16:45:31.204] [bbotk]  39294260-01aa-40eb-a576-bcf3f72c8a1b
INFO  [16:45:31.214] [bbotk] Evaluating 1 configuration(s)
INFO  [16:45:31.649] [bbotk] Result of batch 7:
INFO  [16:45:31.650] [bbotk]  nrounds        eta max_depth classif.ce warnings errors runtime_learners
INFO  [16:45:31.650] [bbotk]       70 0.08757129         9  0.1096412        0      0            0.398
INFO  [16:45:31.650] [bbotk]                                 uhash
INFO  [16:45:31.650] [bbotk]  a76ba00d-e36b-4df0-88dc-362ece604ae4
INFO  [16:45:31.660] [bbotk] Evaluating 1 configuration(s)
INFO  [16:45:32.171] [bbotk] Result of batch 8:
INFO  [16:45:32.172] [bbotk]  nrounds       eta max_depth classif.ce warnings errors runtime_learners
INFO  [16:45:32.172] [bbotk]       88 0.1274242        10  0.1020112        0      0            0.468
INFO  [16:45:32.172] [bbotk]                                 uhash
INFO  [16:45:32.172] [bbotk]  fc04d8b7-fced-4695-9da3-8b058770c8d3
INFO  [16:45:32.175] [bbotk] Evaluating 1 configuration(s)
INFO  [16:45:32.492] [bbotk] Result of batch 9:
INFO  [16:45:32.493] [bbotk]  nrounds       eta max_depth classif.ce warnings errors runtime_learners
INFO  [16:45:32.493] [bbotk]      180 0.1036089         2  0.1010424        0      0            0.267
INFO  [16:45:32.493] [bbotk]                                 uhash
INFO  [16:45:32.493] [bbotk]  64568132-ca5f-4466-b038-474786ba92b7
INFO  [16:45:32.497] [bbotk] Evaluating 1 configuration(s)
INFO  [16:45:32.974] [bbotk] Result of batch 10:
INFO  [16:45:32.975] [bbotk]  nrounds       eta max_depth classif.ce warnings errors runtime_learners
INFO  [16:45:32.975] [bbotk]      172 0.1615249         3 0.09914586        0      0            0.437
INFO  [16:45:32.975] [bbotk]                                 uhash
INFO  [16:45:32.975] [bbotk]  a6ba51a8-eb95-4479-a524-e768137e00a0
INFO  [16:45:32.992] [bbotk] Finished optimizing after 10 evaluation(s)
INFO  [16:45:32.992] [bbotk] Result:
INFO  [16:45:32.993] [bbotk]  nrounds       eta max_depth learner_param_vals  x_domain classif.ce
INFO  [16:45:32.993] [bbotk]    <int>     <num>     <int>             <list>    <list>      <num>
INFO  [16:45:32.993] [bbotk]      217 0.1244806         2          <list[5]> <list[3]> 0.09532269
INFO  [16:45:33.183] [bbotk] Starting to optimize 3 parameter(s) with '<OptimizerBatchRandomSearch>' and '<TerminatorEvals> [n_evals=10, k=0]'
INFO  [16:45:33.194] [bbotk] Evaluating 1 configuration(s)
INFO  [16:45:33.889] [bbotk] Result of batch 1:
INFO  [16:45:33.891] [bbotk]  nrounds       eta max_depth classif.ce warnings errors runtime_learners
INFO  [16:45:33.891] [bbotk]      161 0.1281917         7 0.08579342        0      0            0.645
INFO  [16:45:33.891] [bbotk]                                 uhash
INFO  [16:45:33.891] [bbotk]  54eb1cc3-cb2e-43f3-a8e6-6b00b941943a
INFO  [16:45:33.902] [bbotk] Evaluating 1 configuration(s)
INFO  [16:45:35.086] [bbotk] Result of batch 2:
INFO  [16:45:35.088] [bbotk]  nrounds        eta max_depth classif.ce warnings errors runtime_learners
INFO  [16:45:35.088] [bbotk]      280 0.04291389         5 0.08484377        0      0            1.123
INFO  [16:45:35.088] [bbotk]                                 uhash
INFO  [16:45:35.088] [bbotk]  91ee37f0-5a07-4320-a3cb-1116f9c831b8
INFO  [16:45:35.093] [bbotk] Evaluating 1 configuration(s)
INFO  [16:45:35.355] [bbotk] Result of batch 3:
INFO  [16:45:35.356] [bbotk]  nrounds       eta max_depth classif.ce warnings errors runtime_learners
INFO  [16:45:35.356] [bbotk]      101 0.1015079         3 0.08675945        0      0            0.228
INFO  [16:45:35.356] [bbotk]                                 uhash
INFO  [16:45:35.356] [bbotk]  b62e5653-d48c-47d3-bd27-366a6fb009ef
INFO  [16:45:35.363] [bbotk] Evaluating 1 configuration(s)
INFO  [16:45:35.688] [bbotk] Result of batch 4:
INFO  [16:45:35.690] [bbotk]  nrounds        eta max_depth classif.ce warnings errors runtime_learners
INFO  [16:45:35.690] [bbotk]       50 0.04832537         8 0.07720835        0      0            0.277
INFO  [16:45:35.690] [bbotk]                                 uhash
INFO  [16:45:35.690] [bbotk]  781f23c1-d6a1-4e9c-b24c-76f1dac0d238
INFO  [16:45:35.701] [bbotk] Evaluating 1 configuration(s)
INFO  [16:45:36.433] [bbotk] Result of batch 5:
INFO  [16:45:36.437] [bbotk]  nrounds       eta max_depth classif.ce warnings errors runtime_learners
INFO  [16:45:36.437] [bbotk]      284 0.1511683         3  0.0943785        0      0            0.688
INFO  [16:45:36.437] [bbotk]                                 uhash
INFO  [16:45:36.437] [bbotk]  9c42deeb-abb4-4e55-9e32-d42f9bf46179
INFO  [16:45:36.444] [bbotk] Evaluating 1 configuration(s)
INFO  [16:45:36.785] [bbotk] Result of batch 6:
INFO  [16:45:36.786] [bbotk]  nrounds       eta max_depth classif.ce warnings errors runtime_learners
INFO  [16:45:36.786] [bbotk]      133 0.1830205         3 0.08771183        0      0            0.308
INFO  [16:45:36.786] [bbotk]                                 uhash
INFO  [16:45:36.786] [bbotk]  03deb6b4-5119-4520-8d5e-87b2cf8dc1e3
INFO  [16:45:36.796] [bbotk] Evaluating 1 configuration(s)
INFO  [16:45:37.057] [bbotk] Result of batch 7:
INFO  [16:45:37.059] [bbotk]  nrounds       eta max_depth classif.ce warnings errors runtime_learners
INFO  [16:45:37.059] [bbotk]       60 0.2197735         5 0.08293082        0      0            0.217
INFO  [16:45:37.059] [bbotk]                                 uhash
INFO  [16:45:37.059] [bbotk]  81f0cf98-3513-4939-8e50-26a43cf60815
INFO  [16:45:37.067] [bbotk] Evaluating 1 configuration(s)
INFO  [16:45:37.422] [bbotk] Result of batch 8:
INFO  [16:45:37.425] [bbotk]  nrounds        eta max_depth classif.ce warnings errors runtime_learners
INFO  [16:45:37.425] [bbotk]      217 0.06814405         2 0.08771456        0      0            0.308
INFO  [16:45:37.425] [bbotk]                                 uhash
INFO  [16:45:37.425] [bbotk]  1064ac8d-a638-449b-9800-8144ce7e5655
INFO  [16:45:37.429] [bbotk] Evaluating 1 configuration(s)
INFO  [16:45:37.982] [bbotk] Result of batch 9:
INFO  [16:45:37.983] [bbotk]  nrounds       eta max_depth classif.ce warnings errors runtime_learners
INFO  [16:45:37.983] [bbotk]      113 0.1910392         8 0.08579069        0      0            0.512
INFO  [16:45:37.983] [bbotk]                                 uhash
INFO  [16:45:37.983] [bbotk]  1310aeee-11b4-40e3-ba57-fe57281cb7fc
INFO  [16:45:37.994] [bbotk] Evaluating 1 configuration(s)
INFO  [16:45:38.700] [bbotk] Result of batch 10:
INFO  [16:45:38.701] [bbotk]  nrounds       eta max_depth classif.ce warnings errors runtime_learners
INFO  [16:45:38.701] [bbotk]      178 0.1232589         5 0.08770637        0      0            0.656
INFO  [16:45:38.701] [bbotk]                                 uhash
INFO  [16:45:38.701] [bbotk]  3167c386-a050-4f2c-8673-d6526c4d21b2
INFO  [16:45:38.708] [bbotk] Finished optimizing after 10 evaluation(s)
INFO  [16:45:38.709] [bbotk] Result:
INFO  [16:45:38.709] [bbotk]  nrounds        eta max_depth learner_param_vals  x_domain classif.ce
INFO  [16:45:38.709] [bbotk]    <int>      <num>     <int>             <list>    <list>      <num>
INFO  [16:45:38.709] [bbotk]       50 0.04832537         8          <list[5]> <list[3]> 0.07720835
INFO  [16:45:38.889] [bbotk] Starting to optimize 3 parameter(s) with '<OptimizerBatchRandomSearch>' and '<TerminatorEvals> [n_evals=10, k=0]'
INFO  [16:45:38.921] [bbotk] Evaluating 1 configuration(s)
INFO  [16:45:39.495] [bbotk] Result of batch 1:
INFO  [16:45:39.496] [bbotk]  nrounds       eta max_depth classif.ce warnings errors runtime_learners
INFO  [16:45:39.496] [bbotk]      217 0.2481025         4  0.1095238        0      0            0.532
INFO  [16:45:39.496] [bbotk]                                 uhash
INFO  [16:45:39.496] [bbotk]  5231297b-c34e-4eb3-a7f1-d32bc401cc75
INFO  [16:45:39.500] [bbotk] Evaluating 1 configuration(s)
INFO  [16:45:40.651] [bbotk] Result of batch 2:
INFO  [16:45:40.652] [bbotk]  nrounds        eta max_depth classif.ce warnings errors runtime_learners
INFO  [16:45:40.652] [bbotk]      249 0.05767882         7  0.1038095        0      0            1.121
INFO  [16:45:40.652] [bbotk]                                 uhash
INFO  [16:45:40.652] [bbotk]  8638dcf2-6af2-4d4c-9243-e138629d0334
INFO  [16:45:40.656] [bbotk] Evaluating 1 configuration(s)
INFO  [16:45:41.433] [bbotk] Result of batch 3:
INFO  [16:45:41.435] [bbotk]  nrounds       eta max_depth classif.ce warnings errors runtime_learners
INFO  [16:45:41.435] [bbotk]      265 0.2489033         4  0.1085714        0      0            0.738
INFO  [16:45:41.435] [bbotk]                                 uhash
INFO  [16:45:41.435] [bbotk]  05e04b8a-69d6-4a29-80d7-fb6fd30596f3
INFO  [16:45:41.439] [bbotk] Evaluating 1 configuration(s)
INFO  [16:45:42.044] [bbotk] Result of batch 4:
INFO  [16:45:42.045] [bbotk]  nrounds       eta max_depth classif.ce warnings errors runtime_learners
INFO  [16:45:42.045] [bbotk]      126 0.1295674         9  0.1009524        0      0            0.555
INFO  [16:45:42.045] [bbotk]                                 uhash
INFO  [16:45:42.045] [bbotk]  fe41c271-261f-4541-acef-d537727c6557
INFO  [16:45:42.049] [bbotk] Evaluating 1 configuration(s)
INFO  [16:45:42.483] [bbotk] Result of batch 5:
INFO  [16:45:42.483] [bbotk]  nrounds        eta max_depth classif.ce warnings errors runtime_learners
INFO  [16:45:42.483] [bbotk]       94 0.06624075         5   0.107619        0      0            0.397
INFO  [16:45:42.483] [bbotk]                                 uhash
INFO  [16:45:42.483] [bbotk]  04759a2b-8b61-47a9-840d-5a4220213ab1
INFO  [16:45:42.488] [bbotk] Evaluating 1 configuration(s)
INFO  [16:45:43.434] [bbotk] Result of batch 6:
INFO  [16:45:43.435] [bbotk]  nrounds       eta max_depth classif.ce warnings errors runtime_learners
INFO  [16:45:43.435] [bbotk]      203 0.1003258         6  0.1019048        0      0              0.9
INFO  [16:45:43.435] [bbotk]                                 uhash
INFO  [16:45:43.435] [bbotk]  cdbecb50-522f-4795-811f-00a647c9357c
INFO  [16:45:43.439] [bbotk] Evaluating 1 configuration(s)
INFO  [16:45:44.210] [bbotk] Result of batch 7:
INFO  [16:45:44.210] [bbotk]  nrounds        eta max_depth classif.ce warnings errors runtime_learners
INFO  [16:45:44.210] [bbotk]      133 0.01775203         8  0.1219048        0      0            0.739
INFO  [16:45:44.210] [bbotk]                                 uhash
INFO  [16:45:44.210] [bbotk]  00e05106-a93b-4aa3-b922-d6ac75ed77e8
INFO  [16:45:44.214] [bbotk] Evaluating 1 configuration(s)
INFO  [16:45:45.166] [bbotk] Result of batch 8:
INFO  [16:45:45.168] [bbotk]  nrounds      eta max_depth classif.ce warnings errors runtime_learners
INFO  [16:45:45.168] [bbotk]      212 0.101869        10  0.1057143        0      0            0.904
INFO  [16:45:45.168] [bbotk]                                 uhash
INFO  [16:45:45.168] [bbotk]  8a7a7874-779f-4acd-b1e3-416df215ba2c
INFO  [16:45:45.179] [bbotk] Evaluating 1 configuration(s)
INFO  [16:45:45.644] [bbotk] Result of batch 9:
INFO  [16:45:45.647] [bbotk]  nrounds        eta max_depth classif.ce warnings errors runtime_learners
INFO  [16:45:45.647] [bbotk]      112 0.09115122         5 0.09904762        0      0            0.415
INFO  [16:45:45.647] [bbotk]                                 uhash
INFO  [16:45:45.647] [bbotk]  68462db6-97e8-4b13-a50e-e0746809fb8b
INFO  [16:45:45.660] [bbotk] Evaluating 1 configuration(s)
INFO  [16:45:46.597] [bbotk] Result of batch 10:
INFO  [16:45:46.599] [bbotk]  nrounds       eta max_depth classif.ce warnings errors runtime_learners
INFO  [16:45:46.599] [bbotk]      220 0.1410779         5  0.1009524        0      0            0.878
INFO  [16:45:46.599] [bbotk]                                 uhash
INFO  [16:45:46.599] [bbotk]  60627c1a-89fa-46e8-93ac-bf847d5cb8bd
INFO  [16:45:46.618] [bbotk] Finished optimizing after 10 evaluation(s)
INFO  [16:45:46.618] [bbotk] Result:
INFO  [16:45:46.619] [bbotk]  nrounds        eta max_depth learner_param_vals  x_domain classif.ce
INFO  [16:45:46.619] [bbotk]    <int>      <num>     <int>             <list>    <list>      <num>
INFO  [16:45:46.619] [bbotk]      112 0.09115122         5          <list[5]> <list[3]> 0.09904762
INFO  [16:45:46.864] [bbotk] Starting to optimize 3 parameter(s) with '<OptimizerBatchRandomSearch>' and '<TerminatorEvals> [n_evals=10, k=0]'
INFO  [16:45:46.886] [bbotk] Evaluating 1 configuration(s)
INFO  [16:45:47.601] [bbotk] Result of batch 1:
INFO  [16:45:47.603] [bbotk]  nrounds        eta max_depth classif.ce warnings errors runtime_learners
INFO  [16:45:47.603] [bbotk]      192 0.07874775         5 0.09333333        0      0            0.673
INFO  [16:45:47.603] [bbotk]                                 uhash
INFO  [16:45:47.603] [bbotk]  3be1bd49-9ff4-4bd3-8188-7e7ba124d140
INFO  [16:45:47.621] [bbotk] Evaluating 1 configuration(s)
INFO  [16:45:48.698] [bbotk] Result of batch 2:
INFO  [16:45:48.699] [bbotk]  nrounds        eta max_depth classif.ce warnings errors runtime_learners
INFO  [16:45:48.699] [bbotk]      234 0.05012841         7 0.09809524        0      0            1.037
INFO  [16:45:48.699] [bbotk]                                 uhash
INFO  [16:45:48.699] [bbotk]  00fac190-8680-47d3-b746-0e165aab272a
INFO  [16:45:48.707] [bbotk] Evaluating 1 configuration(s)
INFO  [16:45:49.656] [bbotk] Result of batch 3:
INFO  [16:45:49.657] [bbotk]  nrounds       eta max_depth classif.ce warnings errors runtime_learners
INFO  [16:45:49.657] [bbotk]      250 0.1014412         5 0.09333333        0      0            0.914
INFO  [16:45:49.657] [bbotk]                                 uhash
INFO  [16:45:49.657] [bbotk]  2e864165-1826-4f77-a9fa-d226c33f7fe0
INFO  [16:45:49.663] [bbotk] Evaluating 1 configuration(s)
INFO  [16:45:50.152] [bbotk] Result of batch 4:
INFO  [16:45:50.165] [bbotk]  nrounds       eta max_depth classif.ce warnings errors runtime_learners
INFO  [16:45:50.165] [bbotk]      171 0.1193196         3 0.09142857        0      0            0.434
INFO  [16:45:50.165] [bbotk]                                 uhash
INFO  [16:45:50.165] [bbotk]  38790bbc-26c6-47e7-bd7a-3aef707c3aa5
INFO  [16:45:50.176] [bbotk] Evaluating 1 configuration(s)
INFO  [16:45:50.647] [bbotk] Result of batch 5:
INFO  [16:45:50.649] [bbotk]  nrounds       eta max_depth classif.ce warnings errors runtime_learners
INFO  [16:45:50.649] [bbotk]      126 0.2989608         6 0.09809524        0      0            0.415
INFO  [16:45:50.649] [bbotk]                                 uhash
INFO  [16:45:50.649] [bbotk]  54aeeb07-8f20-455d-90fb-581640dcba2d
INFO  [16:45:50.658] [bbotk] Evaluating 1 configuration(s)
INFO  [16:45:50.975] [bbotk] Result of batch 6:
INFO  [16:45:50.976] [bbotk]  nrounds        eta max_depth classif.ce warnings errors runtime_learners
INFO  [16:45:50.976] [bbotk]       70 0.07578817         5  0.1047619        0      0            0.275
INFO  [16:45:50.976] [bbotk]                                 uhash
INFO  [16:45:50.976] [bbotk]  f131844c-b015-49d6-ada7-9e8ba1a471cf
INFO  [16:45:50.983] [bbotk] Evaluating 1 configuration(s)
INFO  [16:45:51.230] [bbotk] Result of batch 7:
INFO  [16:45:51.232] [bbotk]  nrounds      eta max_depth classif.ce warnings errors runtime_learners
INFO  [16:45:51.232] [bbotk]       65 0.299938         4 0.09333333        0      0            0.202
INFO  [16:45:51.232] [bbotk]                                 uhash
INFO  [16:45:51.232] [bbotk]  259242f7-dca9-4fb6-8145-c2e96dab7ca3
INFO  [16:45:51.240] [bbotk] Evaluating 1 configuration(s)
INFO  [16:45:51.735] [bbotk] Result of batch 8:
INFO  [16:45:51.737] [bbotk]  nrounds      eta max_depth classif.ce warnings errors runtime_learners
INFO  [16:45:51.737] [bbotk]      109 0.196213        10 0.09714286        0      0            0.444
INFO  [16:45:51.737] [bbotk]                                 uhash
INFO  [16:45:51.737] [bbotk]  f7217ed8-7aee-445a-85f8-fefa1d4f649f
INFO  [16:45:51.747] [bbotk] Evaluating 1 configuration(s)
INFO  [16:45:52.168] [bbotk] Result of batch 9:
INFO  [16:45:52.168] [bbotk]  nrounds       eta max_depth classif.ce warnings errors runtime_learners
INFO  [16:45:52.168] [bbotk]       72 0.1770503        10 0.09142857        0      0            0.369
INFO  [16:45:52.168] [bbotk]                                 uhash
INFO  [16:45:52.168] [bbotk]  9d1e960e-97d4-4688-9de1-fe3a1e7d3924
INFO  [16:45:52.176] [bbotk] Evaluating 1 configuration(s)
INFO  [16:45:52.581] [bbotk] Result of batch 10:
INFO  [16:45:52.582] [bbotk]  nrounds       eta max_depth classif.ce warnings errors runtime_learners
INFO  [16:45:52.582] [bbotk]       91 0.2051645         5 0.09619048        0      0            0.363
INFO  [16:45:52.582] [bbotk]                                 uhash
INFO  [16:45:52.582] [bbotk]  4c0e69e3-0466-4e7d-906f-bf35de2bca29
INFO  [16:45:52.596] [bbotk] Finished optimizing after 10 evaluation(s)
INFO  [16:45:52.597] [bbotk] Result:
INFO  [16:45:52.598] [bbotk]  nrounds       eta max_depth learner_param_vals  x_domain classif.ce
INFO  [16:45:52.598] [bbotk]    <int>     <num>     <int>             <list>    <list>      <num>
INFO  [16:45:52.598] [bbotk]      171 0.1193196         3          <list[5]> <list[3]> 0.09142857
INFO  [16:45:52.836] [bbotk] Starting to optimize 3 parameter(s) with '<OptimizerBatchRandomSearch>' and '<TerminatorEvals> [n_evals=10, k=0]'
INFO  [16:45:52.857] [bbotk] Evaluating 1 configuration(s)
INFO  [16:45:53.313] [bbotk] Result of batch 1:
INFO  [16:45:53.314] [bbotk]  nrounds       eta max_depth classif.ce warnings errors runtime_learners
INFO  [16:45:53.314] [bbotk]      168 0.2312133         3 0.09714286        0      0            0.421
INFO  [16:45:53.314] [bbotk]                                 uhash
INFO  [16:45:53.314] [bbotk]  e76d1744-bc64-43d7-a61a-9090b9e0ccb0
INFO  [16:45:53.318] [bbotk] Evaluating 1 configuration(s)
INFO  [16:45:54.031] [bbotk] Result of batch 2:
INFO  [16:45:54.033] [bbotk]  nrounds       eta max_depth classif.ce warnings errors runtime_learners
INFO  [16:45:54.033] [bbotk]      170 0.1281602         8  0.1009524        0      0             0.67
INFO  [16:45:54.033] [bbotk]                                 uhash
INFO  [16:45:54.033] [bbotk]  d2f557e9-332c-4a2c-ad2a-5b18501d6494
INFO  [16:45:54.044] [bbotk] Evaluating 1 configuration(s)
INFO  [16:45:54.963] [bbotk] Result of batch 3:
INFO  [16:45:54.965] [bbotk]  nrounds       eta max_depth classif.ce warnings errors runtime_learners
INFO  [16:45:54.965] [bbotk]      265 0.1368429         5 0.09619048        0      0            0.875
INFO  [16:45:54.965] [bbotk]                                 uhash
INFO  [16:45:54.965] [bbotk]  e13fa32a-5032-433c-9182-485f701fce25
INFO  [16:45:54.982] [bbotk] Evaluating 1 configuration(s)
INFO  [16:45:55.949] [bbotk] Result of batch 4:
INFO  [16:45:55.950] [bbotk]  nrounds       eta max_depth classif.ce warnings errors runtime_learners
INFO  [16:45:55.950] [bbotk]      231 0.1172144         7  0.1038095        0      0            0.927
INFO  [16:45:55.950] [bbotk]                                 uhash
INFO  [16:45:55.950] [bbotk]  743acb2c-5788-4a96-ab91-de0acd65db7a
INFO  [16:45:55.954] [bbotk] Evaluating 1 configuration(s)
INFO  [16:45:56.555] [bbotk] Result of batch 5:
INFO  [16:45:56.557] [bbotk]  nrounds        eta max_depth classif.ce warnings errors runtime_learners
INFO  [16:45:56.557] [bbotk]      104 0.05876971         9  0.1066667        0      0            0.547
INFO  [16:45:56.557] [bbotk]                                 uhash
INFO  [16:45:56.557] [bbotk]  c7f3000d-b0f5-4feb-8ddc-2574a2265a06
INFO  [16:45:56.566] [bbotk] Evaluating 1 configuration(s)
INFO  [16:45:56.908] [bbotk] Result of batch 6:
INFO  [16:45:56.909] [bbotk]  nrounds        eta max_depth classif.ce warnings errors runtime_learners
INFO  [16:45:56.909] [bbotk]       87 0.09793664         5  0.1028571        0      0             0.31
INFO  [16:45:56.909] [bbotk]                                 uhash
INFO  [16:45:56.909] [bbotk]  9193bf22-0736-48bb-a589-cb1e438cd176
INFO  [16:45:56.913] [bbotk] Evaluating 1 configuration(s)
INFO  [16:45:57.165] [bbotk] Result of batch 7:
INFO  [16:45:57.166] [bbotk]  nrounds        eta max_depth classif.ce warnings errors runtime_learners
INFO  [16:45:57.166] [bbotk]       69 0.02399275         5  0.1085714        0      0            0.205
INFO  [16:45:57.166] [bbotk]                                 uhash
INFO  [16:45:57.166] [bbotk]  49509de4-4da7-4a47-8c77-81b96c3aa676
INFO  [16:45:57.171] [bbotk] Evaluating 1 configuration(s)
INFO  [16:45:58.026] [bbotk] Result of batch 8:
INFO  [16:45:58.027] [bbotk]  nrounds       eta max_depth classif.ce warnings errors runtime_learners
INFO  [16:45:58.027] [bbotk]      249 0.1359788        10 0.09809524        0      0            0.823
INFO  [16:45:58.027] [bbotk]                                 uhash
INFO  [16:45:58.027] [bbotk]  0a3df095-cf3c-4a2e-a25b-f29f1ccf267d
INFO  [16:45:58.031] [bbotk] Evaluating 1 configuration(s)
INFO  [16:45:58.354] [bbotk] Result of batch 9:
INFO  [16:45:58.356] [bbotk]  nrounds       eta max_depth classif.ce warnings errors runtime_learners
INFO  [16:45:58.356] [bbotk]       70 0.1821564         5 0.09428571        0      0            0.288
INFO  [16:45:58.356] [bbotk]                                 uhash
INFO  [16:45:58.356] [bbotk]  08c2f157-fce0-45e8-b7d9-8abb15021cbd
INFO  [16:45:58.362] [bbotk] Evaluating 1 configuration(s)
INFO  [16:45:59.145] [bbotk] Result of batch 10:
INFO  [16:45:59.146] [bbotk]  nrounds       eta max_depth classif.ce warnings errors runtime_learners
INFO  [16:45:59.146] [bbotk]      246 0.0474226         4 0.09809524        0      0            0.745
INFO  [16:45:59.146] [bbotk]                                 uhash
INFO  [16:45:59.146] [bbotk]  9093af69-e667-4961-b5d9-405b023395cf
INFO  [16:45:59.154] [bbotk] Finished optimizing after 10 evaluation(s)
INFO  [16:45:59.155] [bbotk] Result:
INFO  [16:45:59.155] [bbotk]  nrounds       eta max_depth learner_param_vals  x_domain classif.ce
INFO  [16:45:59.155] [bbotk]    <int>     <num>     <int>             <list>    <list>      <num>
INFO  [16:45:59.155] [bbotk]       70 0.1821564         5          <list[5]> <list[3]> 0.09428571
[1] -22.18739
[1] 35.17398

### [bt]: Job terminated successfully [batchtools job.id=1068]
### [bt]: Starting job [batchtools job.id=1069]
### [bt]: Generating problem instance for problem '698720b8ce42ae0c' ...
### [bt]: Applying algorithm 'run_learner' on problem '698720b8ce42ae0c' for job 1069 (seed = 1070) ...
INFO  [16:45:59.383] [mlr3] Applying learner 'classif.xgboost.tuned_calib.oof_beta' on task 'pc4' (iter 9/10)
INFO  [16:45:59.427] [bbotk] Starting to optimize 3 parameter(s) with '<OptimizerBatchRandomSearch>' and '<TerminatorEvals> [n_evals=10, k=0]'
INFO  [16:45:59.443] [bbotk] Evaluating 1 configuration(s)
INFO  [16:46:00.245] [bbotk] Result of batch 1:
INFO  [16:46:00.246] [bbotk]  nrounds       eta max_depth classif.ce warnings errors runtime_learners
INFO  [16:46:00.246] [bbotk]      153 0.1056291         8 0.09333333        0      0            0.762
INFO  [16:46:00.246] [bbotk]                                 uhash
INFO  [16:46:00.246] [bbotk]  d930f483-cd3c-445a-b54c-76a35f133a4a
INFO  [16:46:00.252] [bbotk] Evaluating 1 configuration(s)
INFO  [16:46:00.929] [bbotk] Result of batch 2:
INFO  [16:46:00.930] [bbotk]  nrounds       eta max_depth classif.ce warnings errors runtime_learners
INFO  [16:46:00.930] [bbotk]      160 0.1982317         8 0.09142857        0      0            0.637
INFO  [16:46:00.930] [bbotk]                                 uhash
INFO  [16:46:00.930] [bbotk]  35aaae2f-96d7-456e-9fb0-6025eba01954
INFO  [16:46:00.934] [bbotk] Evaluating 1 configuration(s)
INFO  [16:46:02.044] [bbotk] Result of batch 3:
INFO  [16:46:02.046] [bbotk]  nrounds        eta max_depth classif.ce warnings errors runtime_learners
INFO  [16:46:02.046] [bbotk]      243 0.05828621         7 0.09428571        0      0            1.043
INFO  [16:46:02.046] [bbotk]                                 uhash
INFO  [16:46:02.046] [bbotk]  1ccc882e-e9c6-4e44-9e04-39200ef086ab
INFO  [16:46:02.050] [bbotk] Evaluating 1 configuration(s)
INFO  [16:46:02.914] [bbotk] Result of batch 4:
INFO  [16:46:02.916] [bbotk]  nrounds     eta max_depth classif.ce warnings errors runtime_learners
INFO  [16:46:02.916] [bbotk]      280 0.26443        10 0.09142857        0      0            0.809
INFO  [16:46:02.916] [bbotk]                                 uhash
INFO  [16:46:02.916] [bbotk]  8ae06a77-72c4-480f-a4e6-cb1ecfc140b4
INFO  [16:46:02.927] [bbotk] Evaluating 1 configuration(s)
INFO  [16:46:03.631] [bbotk] Result of batch 5:
INFO  [16:46:03.633] [bbotk]  nrounds       eta max_depth classif.ce warnings errors runtime_learners
INFO  [16:46:03.633] [bbotk]      163 0.1910794         8 0.09333333        0      0            0.646
INFO  [16:46:03.633] [bbotk]                                 uhash
INFO  [16:46:03.633] [bbotk]  8f8c533c-c617-4fe0-be8e-22d9bc6e2784
INFO  [16:46:03.644] [bbotk] Evaluating 1 configuration(s)
INFO  [16:46:04.362] [bbotk] Result of batch 6:
INFO  [16:46:04.363] [bbotk]  nrounds       eta max_depth classif.ce warnings errors runtime_learners
INFO  [16:46:04.363] [bbotk]      186 0.1698631         7 0.08952381        0      0            0.688
INFO  [16:46:04.363] [bbotk]                                 uhash
INFO  [16:46:04.363] [bbotk]  aa3a6641-78e8-44fe-be61-676636889d8c
INFO  [16:46:04.367] [bbotk] Evaluating 1 configuration(s)
INFO  [16:46:05.020] [bbotk] Result of batch 7:
INFO  [16:46:05.021] [bbotk]  nrounds       eta max_depth classif.ce warnings errors runtime_learners
INFO  [16:46:05.021] [bbotk]      159 0.2192792         7 0.09714286        0      0            0.608
INFO  [16:46:05.021] [bbotk]                                 uhash
INFO  [16:46:05.021] [bbotk]  aeef2be0-2275-4dd0-9069-f7ce93bd59a7
INFO  [16:46:05.030] [bbotk] Evaluating 1 configuration(s)
INFO  [16:46:05.729] [bbotk] Result of batch 8:
INFO  [16:46:05.730] [bbotk]  nrounds       eta max_depth classif.ce warnings errors runtime_learners
INFO  [16:46:05.730] [bbotk]      232 0.2787281         4 0.09619048        0      0            0.651
INFO  [16:46:05.730] [bbotk]                                 uhash
INFO  [16:46:05.730] [bbotk]  be0ed4bc-35c9-4bee-a848-43382189c981
INFO  [16:46:05.739] [bbotk] Evaluating 1 configuration(s)
INFO  [16:46:06.477] [bbotk] Result of batch 9:
INFO  [16:46:06.478] [bbotk]  nrounds       eta max_depth classif.ce warnings errors runtime_learners
INFO  [16:46:06.478] [bbotk]      208 0.2197371         7 0.09428571        0      0            0.696
INFO  [16:46:06.478] [bbotk]                                 uhash
INFO  [16:46:06.478] [bbotk]  d0959432-14ce-4096-b79b-eb5fc58b152c
INFO  [16:46:06.481] [bbotk] Evaluating 1 configuration(s)
INFO  [16:46:07.327] [bbotk] Result of batch 10:
INFO  [16:46:07.328] [bbotk]  nrounds       eta max_depth classif.ce warnings errors runtime_learners
INFO  [16:46:07.328] [bbotk]      248 0.1098754         5 0.09904762        0      0            0.803
INFO  [16:46:07.328] [bbotk]                                 uhash
INFO  [16:46:07.328] [bbotk]  bca3a34d-90ca-469f-ae1e-dbd5dd29cb4a
INFO  [16:46:07.341] [bbotk] Finished optimizing after 10 evaluation(s)
INFO  [16:46:07.341] [bbotk] Result:
INFO  [16:46:07.343] [bbotk]  nrounds       eta max_depth learner_param_vals  x_domain classif.ce
INFO  [16:46:07.343] [bbotk]    <int>     <num>     <int>             <list>    <list>      <num>
INFO  [16:46:07.343] [bbotk]      186 0.1698631         7          <list[5]> <list[3]> 0.08952381
INFO  [16:46:07.745] [bbotk] Starting to optimize 3 parameter(s) with '<OptimizerBatchRandomSearch>' and '<TerminatorEvals> [n_evals=10, k=0]'
INFO  [16:46:07.754] [bbotk] Evaluating 1 configuration(s)
INFO  [16:46:08.369] [bbotk] Result of batch 1:
INFO  [16:46:08.370] [bbotk]  nrounds        eta max_depth classif.ce warnings errors runtime_learners
INFO  [16:46:08.370] [bbotk]      163 0.05041516         5  0.1047619        0      0            0.579
INFO  [16:46:08.370] [bbotk]                                 uhash
INFO  [16:46:08.370] [bbotk]  0caf1047-1049-4aec-bc61-810e11835ca9
INFO  [16:46:08.373] [bbotk] Evaluating 1 configuration(s)
INFO  [16:46:09.004] [bbotk] Result of batch 2:
INFO  [16:46:09.005] [bbotk]  nrounds       eta max_depth classif.ce warnings errors runtime_learners
INFO  [16:46:09.005] [bbotk]      180 0.2159036        10  0.1028571        0      0            0.589
INFO  [16:46:09.005] [bbotk]                                 uhash
INFO  [16:46:09.005] [bbotk]  3cc0a6c6-cb77-4bc7-9a0e-d2413c64fa7c
INFO  [16:46:09.009] [bbotk] Evaluating 1 configuration(s)
INFO  [16:46:09.726] [bbotk] Result of batch 3:
INFO  [16:46:09.727] [bbotk]  nrounds       eta max_depth classif.ce warnings errors runtime_learners
INFO  [16:46:09.727] [bbotk]      164 0.1226657         9  0.1047619        0      0            0.669
INFO  [16:46:09.727] [bbotk]                                 uhash
INFO  [16:46:09.727] [bbotk]  1b1be23f-35db-45c5-9a56-1493f76b975d
INFO  [16:46:09.731] [bbotk] Evaluating 1 configuration(s)
INFO  [16:46:10.533] [bbotk] Result of batch 4:
INFO  [16:46:10.535] [bbotk]  nrounds        eta max_depth classif.ce warnings errors runtime_learners
INFO  [16:46:10.535] [bbotk]      210 0.04994399         5  0.1057143        0      0            0.763
INFO  [16:46:10.535] [bbotk]                                 uhash
INFO  [16:46:10.535] [bbotk]  aa20e01e-1d28-472e-8f71-318878b8f728
INFO  [16:46:10.543] [bbotk] Evaluating 1 configuration(s)
INFO  [16:46:11.356] [bbotk] Result of batch 5:
INFO  [16:46:11.358] [bbotk]  nrounds        eta max_depth classif.ce warnings errors runtime_learners
INFO  [16:46:11.358] [bbotk]      257 0.06326555         4  0.1057143        0      0            0.765
INFO  [16:46:11.358] [bbotk]                                 uhash
INFO  [16:46:11.358] [bbotk]  61de0151-0fe2-4a45-b877-6f5379289f1f
INFO  [16:46:11.365] [bbotk] Evaluating 1 configuration(s)
INFO  [16:46:12.150] [bbotk] Result of batch 6:
INFO  [16:46:12.151] [bbotk]  nrounds       eta max_depth classif.ce warnings errors runtime_learners
INFO  [16:46:12.151] [bbotk]      285 0.2371419         4 0.09714286        0      0            0.755
INFO  [16:46:12.151] [bbotk]                                 uhash
INFO  [16:46:12.151] [bbotk]  1ca19685-cac1-447b-a5fd-957aaf862a81
INFO  [16:46:12.157] [bbotk] Evaluating 1 configuration(s)
INFO  [16:46:12.504] [bbotk] Result of batch 7:
INFO  [16:46:12.505] [bbotk]  nrounds       eta max_depth classif.ce warnings errors runtime_learners
INFO  [16:46:12.505] [bbotk]       87 0.1141779         5  0.1019048        0      0            0.298
INFO  [16:46:12.505] [bbotk]                                 uhash
INFO  [16:46:12.505] [bbotk]  e338acbb-fefc-47e6-8c7e-ebece36362ea
INFO  [16:46:12.509] [bbotk] Evaluating 1 configuration(s)
INFO  [16:46:13.118] [bbotk] Result of batch 8:
INFO  [16:46:13.119] [bbotk]  nrounds       eta max_depth classif.ce warnings errors runtime_learners
INFO  [16:46:13.119] [bbotk]      181 0.2259791         5  0.1066667        0      0            0.551
INFO  [16:46:13.119] [bbotk]                                 uhash
INFO  [16:46:13.119] [bbotk]  be398e7d-eba0-47d1-bc34-ed0231c6e4c2
INFO  [16:46:13.123] [bbotk] Evaluating 1 configuration(s)
INFO  [16:46:13.879] [bbotk] Result of batch 9:
INFO  [16:46:13.880] [bbotk]  nrounds        eta max_depth classif.ce warnings errors runtime_learners
INFO  [16:46:13.880] [bbotk]      148 0.07016983        10   0.107619        0      0            0.715
INFO  [16:46:13.880] [bbotk]                                 uhash
INFO  [16:46:13.880] [bbotk]  2ddac72d-1c58-4b38-a44d-81982c3aa58c
INFO  [16:46:13.884] [bbotk] Evaluating 1 configuration(s)
INFO  [16:46:15.258] [bbotk] Result of batch 10:
INFO  [16:46:15.261] [bbotk]  nrounds        eta max_depth classif.ce warnings errors runtime_learners
INFO  [16:46:15.261] [bbotk]      276 0.02932735        10  0.1038095        0      0             1.34
INFO  [16:46:15.261] [bbotk]                                 uhash
INFO  [16:46:15.261] [bbotk]  baee1a96-f659-4339-9443-7c00aad8f2d4
INFO  [16:46:15.278] [bbotk] Finished optimizing after 10 evaluation(s)
INFO  [16:46:15.278] [bbotk] Result:
INFO  [16:46:15.280] [bbotk]  nrounds       eta max_depth learner_param_vals  x_domain classif.ce
INFO  [16:46:15.280] [bbotk]    <int>     <num>     <int>             <list>    <list>      <num>
INFO  [16:46:15.280] [bbotk]      285 0.2371419         4          <list[5]> <list[3]> 0.09714286
INFO  [16:46:15.685] [bbotk] Starting to optimize 3 parameter(s) with '<OptimizerBatchRandomSearch>' and '<TerminatorEvals> [n_evals=10, k=0]'
INFO  [16:46:15.695] [bbotk] Evaluating 1 configuration(s)
INFO  [16:46:16.418] [bbotk] Result of batch 1:
INFO  [16:46:16.419] [bbotk]  nrounds       eta max_depth classif.ce warnings errors runtime_learners
INFO  [16:46:16.419] [bbotk]      231 0.2674873        10  0.1066667        0      0             0.68
INFO  [16:46:16.419] [bbotk]                                 uhash
INFO  [16:46:16.419] [bbotk]  83ec3015-5892-4b9f-8ebe-3a678f12c2ce
INFO  [16:46:16.422] [bbotk] Evaluating 1 configuration(s)
INFO  [16:46:16.770] [bbotk] Result of batch 2:
INFO  [16:46:16.771] [bbotk]  nrounds       eta max_depth classif.ce warnings errors runtime_learners
INFO  [16:46:16.771] [bbotk]       59 0.1634013         7  0.1057143        0      0            0.293
INFO  [16:46:16.771] [bbotk]                                 uhash
INFO  [16:46:16.771] [bbotk]  59bddeb9-67b1-4da4-87bb-4b61d1cf87a7
INFO  [16:46:16.779] [bbotk] Evaluating 1 configuration(s)
INFO  [16:46:17.547] [bbotk] Result of batch 3:
INFO  [16:46:17.549] [bbotk]  nrounds       eta max_depth classif.ce warnings errors runtime_learners
INFO  [16:46:17.549] [bbotk]      202 0.2587208        10  0.1095238        0      0            0.707
INFO  [16:46:17.549] [bbotk]                                 uhash
INFO  [16:46:17.549] [bbotk]  201d7d20-f09a-4e38-a184-15de3e207015
INFO  [16:46:17.555] [bbotk] Evaluating 1 configuration(s)
INFO  [16:46:18.560] [bbotk] Result of batch 4:
INFO  [16:46:18.561] [bbotk]  nrounds       eta max_depth classif.ce warnings errors runtime_learners
INFO  [16:46:18.561] [bbotk]      265 0.1394249         9  0.1038095        0      0            0.977
INFO  [16:46:18.561] [bbotk]                                 uhash
INFO  [16:46:18.561] [bbotk]  5e5ed53c-523f-4bbb-8ad3-8cb33de7fb1f
INFO  [16:46:18.565] [bbotk] Evaluating 1 configuration(s)
INFO  [16:46:18.955] [bbotk] Result of batch 5:
INFO  [16:46:18.958] [bbotk]  nrounds        eta max_depth classif.ce warnings errors runtime_learners
INFO  [16:46:18.958] [bbotk]      131 0.08857212         3   0.112381        0      0            0.332
INFO  [16:46:18.958] [bbotk]                                 uhash
INFO  [16:46:18.958] [bbotk]  8e44e4f0-341c-4976-9051-811911f7be8a
INFO  [16:46:18.967] [bbotk] Evaluating 1 configuration(s)
INFO  [16:46:19.442] [bbotk] Result of batch 6:
INFO  [16:46:19.445] [bbotk]  nrounds       eta max_depth classif.ce warnings errors runtime_learners
INFO  [16:46:19.445] [bbotk]      126 0.2970694        10  0.1066667        0      0             0.43
INFO  [16:46:19.445] [bbotk]                                 uhash
INFO  [16:46:19.445] [bbotk]  4a5346f2-cef4-44fe-ab98-e6899cbf6637
INFO  [16:46:19.455] [bbotk] Evaluating 1 configuration(s)
INFO  [16:46:20.294] [bbotk] Result of batch 7:
INFO  [16:46:20.295] [bbotk]  nrounds       eta max_depth classif.ce warnings errors runtime_learners
INFO  [16:46:20.295] [bbotk]      288 0.2794011        10  0.1066667        0      0            0.791
INFO  [16:46:20.295] [bbotk]                                 uhash
INFO  [16:46:20.295] [bbotk]  3a9880ef-c6c2-4b21-8e2a-3f983f34f004
INFO  [16:46:20.299] [bbotk] Evaluating 1 configuration(s)
INFO  [16:46:20.850] [bbotk] Result of batch 8:
INFO  [16:46:20.851] [bbotk]  nrounds       eta max_depth classif.ce warnings errors runtime_learners
INFO  [16:46:20.851] [bbotk]      132 0.1770867         7  0.1057143        0      0              0.5
INFO  [16:46:20.851] [bbotk]                                 uhash
INFO  [16:46:20.851] [bbotk]  f533dac3-96cc-42df-89a4-8c4324020ae0
INFO  [16:46:20.855] [bbotk] Evaluating 1 configuration(s)
INFO  [16:46:21.674] [bbotk] Result of batch 9:
INFO  [16:46:21.675] [bbotk]  nrounds       eta max_depth classif.ce warnings errors runtime_learners
INFO  [16:46:21.675] [bbotk]      176 0.1066195         9  0.1057143        0      0            0.771
INFO  [16:46:21.675] [bbotk]                                 uhash
INFO  [16:46:21.675] [bbotk]  64c8ec26-3e39-4d8e-8802-57b68002f397
INFO  [16:46:21.679] [bbotk] Evaluating 1 configuration(s)
INFO  [16:46:22.066] [bbotk] Result of batch 10:
INFO  [16:46:22.067] [bbotk]  nrounds       eta max_depth classif.ce warnings errors runtime_learners
INFO  [16:46:22.067] [bbotk]      127 0.1724993         4   0.112381        0      0             0.35
INFO  [16:46:22.067] [bbotk]                                 uhash
INFO  [16:46:22.067] [bbotk]  08a92f38-b6ba-446c-93c3-428b06d02f29
INFO  [16:46:22.084] [bbotk] Finished optimizing after 10 evaluation(s)
INFO  [16:46:22.085] [bbotk] Result:
INFO  [16:46:22.085] [bbotk]  nrounds       eta max_depth learner_param_vals  x_domain classif.ce
INFO  [16:46:22.085] [bbotk]    <int>     <num>     <int>             <list>    <list>      <num>
INFO  [16:46:22.085] [bbotk]      265 0.1394249         9          <list[5]> <list[3]>  0.1038095
INFO  [16:46:22.631] [bbotk] Starting to optimize 3 parameter(s) with '<OptimizerBatchRandomSearch>' and '<TerminatorEvals> [n_evals=10, k=0]'
INFO  [16:46:22.653] [bbotk] Evaluating 1 configuration(s)
INFO  [16:46:23.489] [bbotk] Result of batch 1:
INFO  [16:46:23.491] [bbotk]  nrounds        eta max_depth classif.ce warnings errors runtime_learners
INFO  [16:46:23.491] [bbotk]      202 0.08771605         7 0.09322209        0      0            0.796
INFO  [16:46:23.491] [bbotk]                                 uhash
INFO  [16:46:23.491] [bbotk]  312d04f5-42c8-4aa9-b4a4-671b45793fa3
INFO  [16:46:23.500] [bbotk] Evaluating 1 configuration(s)
INFO  [16:46:24.275] [bbotk] Result of batch 2:
INFO  [16:46:24.276] [bbotk]  nrounds       eta max_depth classif.ce warnings errors runtime_learners
INFO  [16:46:24.276] [bbotk]      275 0.2240373         8 0.09227242        0      0            0.737
INFO  [16:46:24.276] [bbotk]                                 uhash
INFO  [16:46:24.276] [bbotk]  c58cc14f-24ae-45cd-9c19-77b9aac4e8ed
INFO  [16:46:24.280] [bbotk] Evaluating 1 configuration(s)
INFO  [16:46:24.688] [bbotk] Result of batch 3:
INFO  [16:46:24.689] [bbotk]  nrounds       eta max_depth classif.ce warnings errors runtime_learners
INFO  [16:46:24.689] [bbotk]       78 0.1184365         6 0.09322209        0      0            0.327
INFO  [16:46:24.689] [bbotk]                                 uhash
INFO  [16:46:24.689] [bbotk]  61d0c21c-efdd-408f-842a-a7b6069c28af
INFO  [16:46:24.697] [bbotk] Evaluating 1 configuration(s)
INFO  [16:46:25.271] [bbotk] Result of batch 4:
INFO  [16:46:25.272] [bbotk]  nrounds       eta max_depth classif.ce warnings errors runtime_learners
INFO  [16:46:25.272] [bbotk]      159 0.1270033         4 0.09132546        0      0            0.531
INFO  [16:46:25.272] [bbotk]                                 uhash
INFO  [16:46:25.272] [bbotk]  d86bf555-c266-4304-a0e6-f6e444ffbcc7
INFO  [16:46:25.276] [bbotk] Evaluating 1 configuration(s)
INFO  [16:46:26.027] [bbotk] Result of batch 5:
INFO  [16:46:26.029] [bbotk]  nrounds       eta max_depth classif.ce warnings errors runtime_learners
INFO  [16:46:26.029] [bbotk]      247 0.2481962         7 0.08656085        0      0            0.703
INFO  [16:46:26.029] [bbotk]                                 uhash
INFO  [16:46:26.029] [bbotk]  df5c5f2a-b0fc-45c9-b695-84d0ae2e6373
INFO  [16:46:26.037] [bbotk] Evaluating 1 configuration(s)
INFO  [16:46:26.615] [bbotk] Result of batch 6:
INFO  [16:46:26.618] [bbotk]  nrounds        eta max_depth classif.ce warnings errors runtime_learners
INFO  [16:46:26.618] [bbotk]      120 0.06344202         6 0.09132275        0      0             0.51
INFO  [16:46:26.618] [bbotk]                                 uhash
INFO  [16:46:26.618] [bbotk]  79d55635-bd5b-4633-8d2f-13266a718d59
INFO  [16:46:26.630] [bbotk] Evaluating 1 configuration(s)
INFO  [16:46:27.694] [bbotk] Result of batch 7:
INFO  [16:46:27.695] [bbotk]  nrounds        eta max_depth classif.ce warnings errors runtime_learners
INFO  [16:46:27.695] [bbotk]      215 0.01289337         7 0.09132004        0      0            1.023
INFO  [16:46:27.695] [bbotk]                                 uhash
INFO  [16:46:27.695] [bbotk]  400cf04a-bcc9-43f8-ba23-c10f6e8c3e79
INFO  [16:46:27.704] [bbotk] Evaluating 1 configuration(s)
INFO  [16:46:28.325] [bbotk] Result of batch 8:
INFO  [16:46:28.328] [bbotk]  nrounds       eta max_depth classif.ce warnings errors runtime_learners
INFO  [16:46:28.328] [bbotk]      130 0.1549976         9 0.09702618        0      0             0.58
INFO  [16:46:28.328] [bbotk]                                 uhash
INFO  [16:46:28.328] [bbotk]  e019fc7e-63ba-444c-ab76-5ec3960c149f
INFO  [16:46:28.336] [bbotk] Evaluating 1 configuration(s)
INFO  [16:46:29.025] [bbotk] Result of batch 9:
INFO  [16:46:29.027] [bbotk]  nrounds       eta max_depth classif.ce warnings errors runtime_learners
INFO  [16:46:29.027] [bbotk]      192 0.2214264         9 0.09321666        0      0            0.634
INFO  [16:46:29.027] [bbotk]                                 uhash
INFO  [16:46:29.027] [bbotk]  a6eaf6e4-ccce-4632-8037-f6e6e76bd040
INFO  [16:46:29.033] [bbotk] Evaluating 1 configuration(s)
INFO  [16:46:29.353] [bbotk] Result of batch 10:
INFO  [16:46:29.354] [bbotk]  nrounds      eta max_depth classif.ce warnings errors runtime_learners
INFO  [16:46:29.354] [bbotk]      164 0.261672         2 0.09893095        0      0            0.281
INFO  [16:46:29.354] [bbotk]                                 uhash
INFO  [16:46:29.354] [bbotk]  24cb6daf-b475-4d9c-9233-1ab22138ba26
INFO  [16:46:29.368] [bbotk] Finished optimizing after 10 evaluation(s)
INFO  [16:46:29.368] [bbotk] Result:
INFO  [16:46:29.369] [bbotk]  nrounds       eta max_depth learner_param_vals  x_domain classif.ce
INFO  [16:46:29.369] [bbotk]    <int>     <num>     <int>             <list>    <list>      <num>
INFO  [16:46:29.369] [bbotk]      247 0.2481962         7          <list[5]> <list[3]> 0.08656085
INFO  [16:46:29.845] [bbotk] Starting to optimize 3 parameter(s) with '<OptimizerBatchRandomSearch>' and '<TerminatorEvals> [n_evals=10, k=0]'
INFO  [16:46:29.857] [bbotk] Evaluating 1 configuration(s)
INFO  [16:46:30.087] [bbotk] Result of batch 1:
INFO  [16:46:30.089] [bbotk]  nrounds        eta max_depth classif.ce warnings errors runtime_learners
INFO  [16:46:30.089] [bbotk]       67 0.06304284         3 0.07993217        0      0             0.17
INFO  [16:46:30.089] [bbotk]                                 uhash
INFO  [16:46:30.089] [bbotk]  c4d83a42-fde2-4b2d-8044-b51ae95ec690
INFO  [16:46:30.102] [bbotk] Evaluating 1 configuration(s)
INFO  [16:46:30.907] [bbotk] Result of batch 2:
INFO  [16:46:30.909] [bbotk]  nrounds       eta max_depth classif.ce warnings errors runtime_learners
INFO  [16:46:30.909] [bbotk]      269 0.2402269         5 0.08181794        0      0            0.766
INFO  [16:46:30.909] [bbotk]                                 uhash
INFO  [16:46:30.909] [bbotk]  0f4aff3e-47fb-44f6-9d4d-44819c7ca064
INFO  [16:46:30.918] [bbotk] Evaluating 1 configuration(s)
INFO  [16:46:31.843] [bbotk] Result of batch 3:
INFO  [16:46:31.844] [bbotk]  nrounds      eta max_depth classif.ce warnings errors runtime_learners
INFO  [16:46:31.844] [bbotk]      289 0.194211         8 0.07706688        0      0            0.878
INFO  [16:46:31.844] [bbotk]                                 uhash
INFO  [16:46:31.844] [bbotk]  99ed2feb-70c3-43aa-b1a9-02ccfe0681fc
INFO  [16:46:31.847] [bbotk] Evaluating 1 configuration(s)
INFO  [16:46:32.318] [bbotk] Result of batch 4:
INFO  [16:46:32.319] [bbotk]  nrounds       eta max_depth classif.ce warnings errors runtime_learners
INFO  [16:46:32.319] [bbotk]      216 0.1749802         2 0.07612807        0      0            0.415
INFO  [16:46:32.319] [bbotk]                                 uhash
INFO  [16:46:32.319] [bbotk]  f0fe8536-f636-47a1-82ec-eb24397ec410
INFO  [16:46:32.325] [bbotk] Evaluating 1 configuration(s)
INFO  [16:46:32.707] [bbotk] Result of batch 5:
INFO  [16:46:32.708] [bbotk]  nrounds       eta max_depth classif.ce warnings errors runtime_learners
INFO  [16:46:32.708] [bbotk]       78 0.1538533         6 0.08086827        0      0            0.326
INFO  [16:46:32.708] [bbotk]                                 uhash
INFO  [16:46:32.708] [bbotk]  f8ff8d4c-772a-4503-b432-7c232f286c15
INFO  [16:46:32.720] [bbotk] Evaluating 1 configuration(s)
INFO  [16:46:33.137] [bbotk] Result of batch 6:
INFO  [16:46:33.138] [bbotk]  nrounds       eta max_depth classif.ce warnings errors runtime_learners
INFO  [16:46:33.138] [bbotk]      164 0.2605714         3 0.07041107        0      0            0.376
INFO  [16:46:33.138] [bbotk]                                 uhash
INFO  [16:46:33.138] [bbotk]  095dc3e8-7e03-4852-a42c-b34c13bab31d
INFO  [16:46:33.145] [bbotk] Evaluating 1 configuration(s)
INFO  [16:46:34.247] [bbotk] Result of batch 7:
INFO  [16:46:34.249] [bbotk]  nrounds        eta max_depth classif.ce warnings errors runtime_learners
INFO  [16:46:34.249] [bbotk]      204 0.02517358         9 0.08278117        0      0            1.052
INFO  [16:46:34.249] [bbotk]                                 uhash
INFO  [16:46:34.249] [bbotk]  c02a8f32-02a1-483b-9677-4a9a51d9e4aa
INFO  [16:46:34.263] [bbotk] Evaluating 1 configuration(s)
INFO  [16:46:34.874] [bbotk] Result of batch 8:
INFO  [16:46:34.875] [bbotk]  nrounds       eta max_depth classif.ce warnings errors runtime_learners
INFO  [16:46:34.875] [bbotk]      168 0.1355593         4 0.08276489        0      0            0.559
INFO  [16:46:34.875] [bbotk]                                 uhash
INFO  [16:46:34.875] [bbotk]  91c922b5-c7b6-4b89-a8bc-125e74baec9e
INFO  [16:46:34.878] [bbotk] Evaluating 1 configuration(s)
INFO  [16:46:35.480] [bbotk] Result of batch 9:
INFO  [16:46:35.482] [bbotk]  nrounds       eta max_depth classif.ce warnings errors runtime_learners
INFO  [16:46:35.482] [bbotk]      220 0.2308468         3  0.0761145        0      0            0.556
INFO  [16:46:35.482] [bbotk]                                 uhash
INFO  [16:46:35.482] [bbotk]  2579dfcf-9620-4aef-8364-6312f602887f
INFO  [16:46:35.487] [bbotk] Evaluating 1 configuration(s)
INFO  [16:46:36.264] [bbotk] Result of batch 10:
INFO  [16:46:36.266] [bbotk]  nrounds       eta max_depth classif.ce warnings errors runtime_learners
INFO  [16:46:36.266] [bbotk]      219 0.1602762         6 0.08182608        0      0            0.736
INFO  [16:46:36.266] [bbotk]                                 uhash
INFO  [16:46:36.266] [bbotk]  d3f8911a-81eb-444a-b3ea-1f2030ee02e2
INFO  [16:46:36.279] [bbotk] Finished optimizing after 10 evaluation(s)
INFO  [16:46:36.280] [bbotk] Result:
INFO  [16:46:36.281] [bbotk]  nrounds       eta max_depth learner_param_vals  x_domain classif.ce
INFO  [16:46:36.281] [bbotk]    <int>     <num>     <int>             <list>    <list>      <num>
INFO  [16:46:36.281] [bbotk]      164 0.2605714         3          <list[5]> <list[3]> 0.07041107
[1] -4.815307
[1] 25.97298

### [bt]: Job terminated successfully [batchtools job.id=1069]
### [bt]: Starting job [batchtools job.id=1070]
### [bt]: Generating problem instance for problem '698720b8ce42ae0c' ...
### [bt]: Applying algorithm 'run_learner' on problem '698720b8ce42ae0c' for job 1070 (seed = 1071) ...
INFO  [16:46:36.567] [mlr3] Applying learner 'classif.xgboost.tuned_calib.oof_beta' on task 'pc4' (iter 10/10)
INFO  [16:46:36.612] [bbotk] Starting to optimize 3 parameter(s) with '<OptimizerBatchRandomSearch>' and '<TerminatorEvals> [n_evals=10, k=0]'
INFO  [16:46:36.626] [bbotk] Evaluating 1 configuration(s)
INFO  [16:46:37.130] [bbotk] Result of batch 1:
INFO  [16:46:37.132] [bbotk]  nrounds       eta max_depth classif.ce warnings errors runtime_learners
INFO  [16:46:37.132] [bbotk]      115 0.1346473         6   0.107619        0      0            0.458
INFO  [16:46:37.132] [bbotk]                                 uhash
INFO  [16:46:37.132] [bbotk]  5b36c0bb-a032-4711-9c79-a79a0526ad7d
INFO  [16:46:37.143] [bbotk] Evaluating 1 configuration(s)
INFO  [16:46:38.086] [bbotk] Result of batch 2:
INFO  [16:46:38.087] [bbotk]  nrounds       eta max_depth classif.ce warnings errors runtime_learners
INFO  [16:46:38.087] [bbotk]      289 0.2725209         5  0.1085714        0      0            0.897
INFO  [16:46:38.087] [bbotk]                                 uhash
INFO  [16:46:38.087] [bbotk]  c4f2f6ab-0628-4b39-bd91-0dfb02a979f2
INFO  [16:46:38.093] [bbotk] Evaluating 1 configuration(s)
INFO  [16:46:39.107] [bbotk] Result of batch 3:
INFO  [16:46:39.109] [bbotk]  nrounds        eta max_depth classif.ce warnings errors runtime_learners
INFO  [16:46:39.109] [bbotk]      211 0.08011578         8  0.1095238        0      0            0.969
INFO  [16:46:39.109] [bbotk]                                 uhash
INFO  [16:46:39.109] [bbotk]  a3d94867-449f-4fdb-94f9-a150c9681cc0
INFO  [16:46:39.115] [bbotk] Evaluating 1 configuration(s)
INFO  [16:46:40.057] [bbotk] Result of batch 4:
INFO  [16:46:40.059] [bbotk]  nrounds       eta max_depth classif.ce warnings errors runtime_learners
INFO  [16:46:40.059] [bbotk]      280 0.2323335         8  0.1171429        0      0            0.886
INFO  [16:46:40.059] [bbotk]                                 uhash
INFO  [16:46:40.059] [bbotk]  21211059-9aa7-46f2-b170-5299673948fe
INFO  [16:46:40.063] [bbotk] Evaluating 1 configuration(s)
INFO  [16:46:40.742] [bbotk] Result of batch 5:
INFO  [16:46:40.743] [bbotk]  nrounds        eta max_depth classif.ce warnings errors runtime_learners
INFO  [16:46:40.743] [bbotk]      100 0.02378138        10   0.112381        0      0             0.62
INFO  [16:46:40.743] [bbotk]                                 uhash
INFO  [16:46:40.743] [bbotk]  b4a1ca15-d4c8-46a9-be95-24aa2d242464
INFO  [16:46:40.747] [bbotk] Evaluating 1 configuration(s)
INFO  [16:46:41.239] [bbotk] Result of batch 6:
INFO  [16:46:41.241] [bbotk]  nrounds       eta max_depth classif.ce warnings errors runtime_learners
INFO  [16:46:41.241] [bbotk]       95 0.1521575         6  0.1057143        0      0            0.443
INFO  [16:46:41.241] [bbotk]                                 uhash
INFO  [16:46:41.241] [bbotk]  66b97b66-fc2c-4f21-a065-214e931616c6
INFO  [16:46:41.245] [bbotk] Evaluating 1 configuration(s)
INFO  [16:46:41.624] [bbotk] Result of batch 7:
INFO  [16:46:41.626] [bbotk]  nrounds        eta max_depth classif.ce warnings errors runtime_learners
INFO  [16:46:41.626] [bbotk]      211 0.07814929         2  0.1095238        0      0            0.322
INFO  [16:46:41.626] [bbotk]                                 uhash
INFO  [16:46:41.626] [bbotk]  be51446c-082d-4be8-a02a-3c0d1b70022b
INFO  [16:46:41.636] [bbotk] Evaluating 1 configuration(s)
INFO  [16:46:42.259] [bbotk] Result of batch 8:
INFO  [16:46:42.260] [bbotk]  nrounds       eta max_depth classif.ce warnings errors runtime_learners
INFO  [16:46:42.260] [bbotk]      272 0.1914517         3  0.1104762        0      0             0.58
INFO  [16:46:42.260] [bbotk]                                 uhash
INFO  [16:46:42.260] [bbotk]  e149b02f-9a11-4fed-842b-95ed94012061
INFO  [16:46:42.263] [bbotk] Evaluating 1 configuration(s)
INFO  [16:46:42.658] [bbotk] Result of batch 9:
INFO  [16:46:42.660] [bbotk]  nrounds       eta max_depth classif.ce warnings errors runtime_learners
INFO  [16:46:42.660] [bbotk]      208 0.2203389         2  0.1095238        0      0            0.348
INFO  [16:46:42.660] [bbotk]                                 uhash
INFO  [16:46:42.660] [bbotk]  8abcccc9-ee27-41b6-91b7-ce7d69bafbee
INFO  [16:46:42.669] [bbotk] Evaluating 1 configuration(s)
INFO  [16:46:43.338] [bbotk] Result of batch 10:
INFO  [16:46:43.339] [bbotk]  nrounds       eta max_depth classif.ce warnings errors runtime_learners
INFO  [16:46:43.339] [bbotk]      241 0.1468264         3  0.1057143        0      0            0.617
INFO  [16:46:43.339] [bbotk]                                 uhash
INFO  [16:46:43.339] [bbotk]  6023ece0-ea4a-4522-933f-990ef7dd4488
INFO  [16:46:43.363] [bbotk] Finished optimizing after 10 evaluation(s)
INFO  [16:46:43.363] [bbotk] Result:
INFO  [16:46:43.364] [bbotk]  nrounds       eta max_depth learner_param_vals  x_domain classif.ce
INFO  [16:46:43.364] [bbotk]    <int>     <num>     <int>             <list>    <list>      <num>
INFO  [16:46:43.364] [bbotk]       95 0.1521575         6          <list[5]> <list[3]>  0.1057143
INFO  [16:46:43.620] [bbotk] Starting to optimize 3 parameter(s) with '<OptimizerBatchRandomSearch>' and '<TerminatorEvals> [n_evals=10, k=0]'
INFO  [16:46:43.638] [bbotk] Evaluating 1 configuration(s)
INFO  [16:46:44.814] [bbotk] Result of batch 1:
INFO  [16:46:44.815] [bbotk]  nrounds        eta max_depth classif.ce warnings errors runtime_learners
INFO  [16:46:44.815] [bbotk]      275 0.01651214         6  0.1019048        0      0            1.138
INFO  [16:46:44.815] [bbotk]                                 uhash
INFO  [16:46:44.815] [bbotk]  a9f60402-3f21-46c0-829f-e6ad9fe58209
INFO  [16:46:44.823] [bbotk] Evaluating 1 configuration(s)
INFO  [16:46:45.851] [bbotk] Result of batch 2:
INFO  [16:46:45.853] [bbotk]  nrounds       eta max_depth classif.ce warnings errors runtime_learners
INFO  [16:46:45.853] [bbotk]      257 0.0919245         7 0.09619048        0      0            0.966
INFO  [16:46:45.853] [bbotk]                                 uhash
INFO  [16:46:45.853] [bbotk]  024c4a07-c62d-433c-8b9d-5893654cc87d
INFO  [16:46:45.861] [bbotk] Evaluating 1 configuration(s)
INFO  [16:46:46.671] [bbotk] Result of batch 3:
INFO  [16:46:46.672] [bbotk]  nrounds       eta max_depth classif.ce warnings errors runtime_learners
INFO  [16:46:46.672] [bbotk]      254 0.2927242         8 0.09714286        0      0            0.773
INFO  [16:46:46.672] [bbotk]                                 uhash
INFO  [16:46:46.672] [bbotk]  af037fc3-2a27-4657-baa5-c0f82c21231e
INFO  [16:46:46.677] [bbotk] Evaluating 1 configuration(s)
INFO  [16:46:47.201] [bbotk] Result of batch 4:
INFO  [16:46:47.202] [bbotk]  nrounds       eta max_depth classif.ce warnings errors runtime_learners
INFO  [16:46:47.202] [bbotk]      177 0.2735957         4 0.09714286        0      0            0.493
INFO  [16:46:47.202] [bbotk]                                 uhash
INFO  [16:46:47.202] [bbotk]  9f4ac64f-6e6b-4671-a12b-ba95788d8fd5
INFO  [16:46:47.212] [bbotk] Evaluating 1 configuration(s)
INFO  [16:46:47.562] [bbotk] Result of batch 5:
INFO  [16:46:47.563] [bbotk]  nrounds      eta max_depth classif.ce warnings errors runtime_learners
INFO  [16:46:47.563] [bbotk]       60 0.285488         9 0.09904762        0      0            0.294
INFO  [16:46:47.563] [bbotk]                                 uhash
INFO  [16:46:47.563] [bbotk]  4c7db4da-7898-45b5-b467-33e844abcad0
INFO  [16:46:47.568] [bbotk] Evaluating 1 configuration(s)
INFO  [16:46:47.880] [bbotk] Result of batch 6:
INFO  [16:46:47.882] [bbotk]  nrounds       eta max_depth classif.ce warnings errors runtime_learners
INFO  [16:46:47.882] [bbotk]      101 0.1982752         3  0.1038095        0      0            0.272
INFO  [16:46:47.882] [bbotk]                                 uhash
INFO  [16:46:47.882] [bbotk]  2a420bad-0a83-46b1-9d93-83f86ae5412e
INFO  [16:46:47.887] [bbotk] Evaluating 1 configuration(s)
INFO  [16:46:48.650] [bbotk] Result of batch 7:
INFO  [16:46:48.651] [bbotk]  nrounds       eta max_depth classif.ce warnings errors runtime_learners
INFO  [16:46:48.651] [bbotk]      234 0.2382599         7 0.09619048        0      0             0.73
INFO  [16:46:48.651] [bbotk]                                 uhash
INFO  [16:46:48.651] [bbotk]  7c1235d3-4ec4-4e35-89ce-c3e3d172cfad
INFO  [16:46:48.656] [bbotk] Evaluating 1 configuration(s)
INFO  [16:46:49.213] [bbotk] Result of batch 8:
INFO  [16:46:49.214] [bbotk]  nrounds       eta max_depth classif.ce warnings errors runtime_learners
INFO  [16:46:49.214] [bbotk]      201 0.1017137         3  0.1028571        0      0            0.499
INFO  [16:46:49.214] [bbotk]                                 uhash
INFO  [16:46:49.214] [bbotk]  6fc84079-71c4-454b-befc-988d9889aaaa
INFO  [16:46:49.218] [bbotk] Evaluating 1 configuration(s)
INFO  [16:46:50.047] [bbotk] Result of batch 9:
INFO  [16:46:50.048] [bbotk]  nrounds     eta max_depth classif.ce warnings errors runtime_learners
INFO  [16:46:50.048] [bbotk]      237 0.14329         5 0.09904762        0      0            0.783
INFO  [16:46:50.048] [bbotk]                                 uhash
INFO  [16:46:50.048] [bbotk]  4ae2dc7c-390e-440d-9db3-411183804042
INFO  [16:46:50.052] [bbotk] Evaluating 1 configuration(s)
INFO  [16:46:50.488] [bbotk] Result of batch 10:
INFO  [16:46:50.489] [bbotk]  nrounds       eta max_depth classif.ce warnings errors runtime_learners
INFO  [16:46:50.489] [bbotk]      243 0.2389869         2 0.09428571        0      0            0.402
INFO  [16:46:50.489] [bbotk]                                 uhash
INFO  [16:46:50.489] [bbotk]  481b5a2e-c5ef-463c-bbf6-e2b5ea9f27eb
INFO  [16:46:50.511] [bbotk] Finished optimizing after 10 evaluation(s)
INFO  [16:46:50.512] [bbotk] Result:
INFO  [16:46:50.513] [bbotk]  nrounds       eta max_depth learner_param_vals  x_domain classif.ce
INFO  [16:46:50.513] [bbotk]    <int>     <num>     <int>             <list>    <list>      <num>
INFO  [16:46:50.513] [bbotk]      243 0.2389869         2          <list[5]> <list[3]> 0.09428571
INFO  [16:46:50.743] [bbotk] Starting to optimize 3 parameter(s) with '<OptimizerBatchRandomSearch>' and '<TerminatorEvals> [n_evals=10, k=0]'
INFO  [16:46:50.764] [bbotk] Evaluating 1 configuration(s)
INFO  [16:46:51.390] [bbotk] Result of batch 1:
INFO  [16:46:51.392] [bbotk]  nrounds       eta max_depth classif.ce warnings errors runtime_learners
INFO  [16:46:51.392] [bbotk]      138 0.1709737         9 0.09809524        0      0            0.582
INFO  [16:46:51.392] [bbotk]                                 uhash
INFO  [16:46:51.392] [bbotk]  23790aa5-1ff7-4d92-8c45-6e4f2d7e42dc
INFO  [16:46:51.397] [bbotk] Evaluating 1 configuration(s)
INFO  [16:46:52.257] [bbotk] Result of batch 2:
INFO  [16:46:52.259] [bbotk]  nrounds       eta max_depth classif.ce warnings errors runtime_learners
INFO  [16:46:52.259] [bbotk]      292 0.2366401         4 0.09904762        0      0            0.807
INFO  [16:46:52.259] [bbotk]                                 uhash
INFO  [16:46:52.259] [bbotk]  5802be74-87c9-42e1-a6c8-b54fa01aa733
INFO  [16:46:52.265] [bbotk] Evaluating 1 configuration(s)
INFO  [16:46:52.478] [bbotk] Result of batch 3:
INFO  [16:46:52.481] [bbotk]  nrounds        eta max_depth classif.ce warnings errors runtime_learners
INFO  [16:46:52.481] [bbotk]       57 0.05214445         4  0.1133333        0      0             0.17
INFO  [16:46:52.481] [bbotk]                                 uhash
INFO  [16:46:52.481] [bbotk]  f2a26dd4-1436-46c6-9dd7-fbd11626d19b
INFO  [16:46:52.489] [bbotk] Evaluating 1 configuration(s)
INFO  [16:46:53.305] [bbotk] Result of batch 4:
INFO  [16:46:53.306] [bbotk]  nrounds       eta max_depth classif.ce warnings errors runtime_learners
INFO  [16:46:53.306] [bbotk]      240 0.1863583        10 0.09809524        0      0            0.782
INFO  [16:46:53.306] [bbotk]                                 uhash
INFO  [16:46:53.306] [bbotk]  60bc7b3e-5ead-4c78-a2dc-41272fcf451c
INFO  [16:46:53.310] [bbotk] Evaluating 1 configuration(s)
INFO  [16:46:53.748] [bbotk] Result of batch 5:
INFO  [16:46:53.750] [bbotk]  nrounds      eta max_depth classif.ce warnings errors runtime_learners
INFO  [16:46:53.750] [bbotk]       98 0.211693         6 0.09619048        0      0            0.397
INFO  [16:46:53.750] [bbotk]                                 uhash
INFO  [16:46:53.750] [bbotk]  f3381f93-31e6-4918-a961-0c2eb6689f1d
INFO  [16:46:53.756] [bbotk] Evaluating 1 configuration(s)
INFO  [16:46:54.305] [bbotk] Result of batch 6:
INFO  [16:46:54.307] [bbotk]  nrounds       eta max_depth classif.ce warnings errors runtime_learners
INFO  [16:46:54.307] [bbotk]      119 0.1192513         6  0.1038095        0      0            0.487
INFO  [16:46:54.307] [bbotk]                                 uhash
INFO  [16:46:54.307] [bbotk]  8c749056-7ad0-47eb-a1d8-4c2e7f11b338
INFO  [16:46:54.316] [bbotk] Evaluating 1 configuration(s)
INFO  [16:46:55.545] [bbotk] Result of batch 7:
INFO  [16:46:55.546] [bbotk]  nrounds        eta max_depth classif.ce warnings errors runtime_learners
INFO  [16:46:55.546] [bbotk]      295 0.09003934         9  0.1009524        0      0            1.182
INFO  [16:46:55.546] [bbotk]                                 uhash
INFO  [16:46:55.546] [bbotk]  4f9f4fe8-b40c-49f1-9320-82f50d4fd8d8
INFO  [16:46:55.550] [bbotk] Evaluating 1 configuration(s)
INFO  [16:46:56.534] [bbotk] Result of batch 8:
INFO  [16:46:56.536] [bbotk]  nrounds       eta max_depth classif.ce warnings errors runtime_learners
INFO  [16:46:56.536] [bbotk]      278 0.1596458         8  0.1009524        0      0            0.935
INFO  [16:46:56.536] [bbotk]                                 uhash
INFO  [16:46:56.536] [bbotk]  32334bcd-d6d0-421e-a04e-5f512a3c86f4
INFO  [16:46:56.546] [bbotk] Evaluating 1 configuration(s)
INFO  [16:46:57.281] [bbotk] Result of batch 9:
INFO  [16:46:57.283] [bbotk]  nrounds        eta max_depth classif.ce warnings errors runtime_learners
INFO  [16:46:57.283] [bbotk]      132 0.01328597        10  0.1142857        0      0            0.678
INFO  [16:46:57.283] [bbotk]                                 uhash
INFO  [16:46:57.283] [bbotk]  27a798f9-f079-4d30-a961-6ed2ce77361b
INFO  [16:46:57.293] [bbotk] Evaluating 1 configuration(s)
INFO  [16:46:57.836] [bbotk] Result of batch 10:
INFO  [16:46:57.838] [bbotk]  nrounds       eta max_depth classif.ce warnings errors runtime_learners
INFO  [16:46:57.838] [bbotk]      124 0.1125857         6 0.09904762        0      0            0.491
INFO  [16:46:57.838] [bbotk]                                 uhash
INFO  [16:46:57.838] [bbotk]  6732972e-aff3-4eab-bf19-cc9e1f7c5d61
INFO  [16:46:57.855] [bbotk] Finished optimizing after 10 evaluation(s)
INFO  [16:46:57.855] [bbotk] Result:
INFO  [16:46:57.856] [bbotk]  nrounds      eta max_depth learner_param_vals  x_domain classif.ce
INFO  [16:46:57.856] [bbotk]    <int>    <num>     <int>             <list>    <list>      <num>
INFO  [16:46:57.856] [bbotk]       98 0.211693         6          <list[5]> <list[3]> 0.09619048
INFO  [16:46:58.102] [bbotk] Starting to optimize 3 parameter(s) with '<OptimizerBatchRandomSearch>' and '<TerminatorEvals> [n_evals=10, k=0]'
INFO  [16:46:58.132] [bbotk] Evaluating 1 configuration(s)
INFO  [16:46:58.441] [bbotk] Result of batch 1:
INFO  [16:46:58.442] [bbotk]  nrounds        eta max_depth classif.ce warnings errors runtime_learners
INFO  [16:46:58.442] [bbotk]      187 0.07060178         2  0.1046561        0      0             0.27
INFO  [16:46:58.442] [bbotk]                                 uhash
INFO  [16:46:58.442] [bbotk]  62876344-6613-4ef5-9f8b-c4ecf1fceb79
INFO  [16:46:58.450] [bbotk] Evaluating 1 configuration(s)
INFO  [16:46:58.792] [bbotk] Result of batch 2:
INFO  [16:46:58.793] [bbotk]  nrounds        eta max_depth classif.ce warnings errors runtime_learners
INFO  [16:46:58.793] [bbotk]       93 0.03998436         4  0.1113119        0      0            0.285
INFO  [16:46:58.793] [bbotk]                                 uhash
INFO  [16:46:58.793] [bbotk]  f5e59645-7aa2-4fe8-b656-1066976897a6
INFO  [16:46:58.797] [bbotk] Evaluating 1 configuration(s)
INFO  [16:46:59.551] [bbotk] Result of batch 3:
INFO  [16:46:59.552] [bbotk]  nrounds       eta max_depth classif.ce warnings errors runtime_learners
INFO  [16:46:59.552] [bbotk]      204 0.2153992         9  0.1065636        0      0            0.701
INFO  [16:46:59.552] [bbotk]                                 uhash
INFO  [16:46:59.552] [bbotk]  92301875-9fcd-424b-b429-b7d91ec51213
INFO  [16:46:59.563] [bbotk] Evaluating 1 configuration(s)
INFO  [16:47:00.161] [bbotk] Result of batch 4:
INFO  [16:47:00.161] [bbotk]  nrounds       eta max_depth classif.ce warnings errors runtime_learners
INFO  [16:47:00.161] [bbotk]      218 0.2872961         3  0.1065581        0      0            0.547
INFO  [16:47:00.161] [bbotk]                                 uhash
INFO  [16:47:00.161] [bbotk]  f540c239-b71b-46a1-9b91-dbb73e2142a8
INFO  [16:47:00.166] [bbotk] Evaluating 1 configuration(s)
INFO  [16:47:00.442] [bbotk] Result of batch 5:
INFO  [16:47:00.443] [bbotk]  nrounds       eta max_depth classif.ce warnings errors runtime_learners
INFO  [16:47:00.443] [bbotk]       51 0.2635172        10  0.1113228        0      0            0.236
INFO  [16:47:00.443] [bbotk]                                 uhash
INFO  [16:47:00.443] [bbotk]  763e39a7-842d-4771-aeb2-896b0efd990d
INFO  [16:47:00.447] [bbotk] Evaluating 1 configuration(s)
INFO  [16:47:01.001] [bbotk] Result of batch 6:
INFO  [16:47:01.003] [bbotk]  nrounds       eta max_depth classif.ce warnings errors runtime_learners
INFO  [16:47:01.003] [bbotk]       96 0.1093882         9  0.1113146        0      0            0.504
INFO  [16:47:01.003] [bbotk]                                 uhash
INFO  [16:47:01.003] [bbotk]  4778d2f1-f1d8-4368-9df7-18a2706f09df
INFO  [16:47:01.010] [bbotk] Evaluating 1 configuration(s)
INFO  [16:47:01.405] [bbotk] Result of batch 7:
INFO  [16:47:01.406] [bbotk]  nrounds        eta max_depth classif.ce warnings errors runtime_learners
INFO  [16:47:01.406] [bbotk]       94 0.06896811         4  0.1017989        0      0            0.346
INFO  [16:47:01.406] [bbotk]                                 uhash
INFO  [16:47:01.406] [bbotk]  25a04b56-a377-4a9c-85d9-163b1aef0b67
INFO  [16:47:01.416] [bbotk] Evaluating 1 configuration(s)
INFO  [16:47:02.185] [bbotk] Result of batch 8:
INFO  [16:47:02.186] [bbotk]  nrounds       eta max_depth classif.ce warnings errors runtime_learners
INFO  [16:47:02.186] [bbotk]      230 0.1590421         4  0.1017908        0      0            0.725
INFO  [16:47:02.186] [bbotk]                                 uhash
INFO  [16:47:02.186] [bbotk]  1ae7a7e2-ce1c-4c03-bbdb-6a8ff2486a30
INFO  [16:47:02.194] [bbotk] Evaluating 1 configuration(s)
INFO  [16:47:02.887] [bbotk] Result of batch 9:
INFO  [16:47:02.889] [bbotk]  nrounds      eta max_depth classif.ce warnings errors runtime_learners
INFO  [16:47:02.889] [bbotk]      198 0.113953         4  0.1017908        0      0            0.598
INFO  [16:47:02.889] [bbotk]                                 uhash
INFO  [16:47:02.889] [bbotk]  33f7af4f-51c4-4c43-8d71-32118e80a2ae
INFO  [16:47:02.896] [bbotk] Evaluating 1 configuration(s)
INFO  [16:47:03.733] [bbotk] Result of batch 10:
INFO  [16:47:03.734] [bbotk]  nrounds       eta max_depth classif.ce warnings errors runtime_learners
INFO  [16:47:03.734] [bbotk]      289 0.2574005         8 0.09514042        0      0            0.784
INFO  [16:47:03.734] [bbotk]                                 uhash
INFO  [16:47:03.734] [bbotk]  6ce7322b-5fed-4ee9-80fb-ab70e3f212a9
INFO  [16:47:03.742] [bbotk] Finished optimizing after 10 evaluation(s)
INFO  [16:47:03.743] [bbotk] Result:
INFO  [16:47:03.743] [bbotk]  nrounds       eta max_depth learner_param_vals  x_domain classif.ce
INFO  [16:47:03.743] [bbotk]    <int>     <num>     <int>             <list>    <list>      <num>
INFO  [16:47:03.743] [bbotk]      289 0.2574005         8          <list[5]> <list[3]> 0.09514042
INFO  [16:47:04.294] [bbotk] Starting to optimize 3 parameter(s) with '<OptimizerBatchRandomSearch>' and '<TerminatorEvals> [n_evals=10, k=0]'
INFO  [16:47:04.310] [bbotk] Evaluating 1 configuration(s)
INFO  [16:47:04.756] [bbotk] Result of batch 1:
INFO  [16:47:04.758] [bbotk]  nrounds      eta max_depth classif.ce warnings errors runtime_learners
INFO  [16:47:04.758] [bbotk]      215 0.234453         2  0.1036901        0      0            0.387
INFO  [16:47:04.758] [bbotk]                                 uhash
INFO  [16:47:04.758] [bbotk]  41b8f3cb-9408-4733-ae74-eba595356c06
INFO  [16:47:04.768] [bbotk] Evaluating 1 configuration(s)
INFO  [16:47:05.331] [bbotk] Result of batch 2:
INFO  [16:47:05.337] [bbotk]  nrounds       eta max_depth classif.ce warnings errors runtime_learners
INFO  [16:47:05.337] [bbotk]      115 0.1778253         7   0.109399        0      0            0.521
INFO  [16:47:05.337] [bbotk]                                 uhash
INFO  [16:47:05.337] [bbotk]  7de0881f-1f58-466e-b824-a19134c3c379
INFO  [16:47:05.342] [bbotk] Evaluating 1 configuration(s)
INFO  [16:47:05.790] [bbotk] Result of batch 3:
INFO  [16:47:05.791] [bbotk]  nrounds       eta max_depth classif.ce warnings errors runtime_learners
INFO  [16:47:05.791] [bbotk]      118 0.1074016         4  0.1112983        0      0            0.407
INFO  [16:47:05.791] [bbotk]                                 uhash
INFO  [16:47:05.791] [bbotk]  8d862fec-9f0b-411a-b70f-f6fdc8d8559b
INFO  [16:47:05.794] [bbotk] Evaluating 1 configuration(s)
INFO  [16:47:06.555] [bbotk] Result of batch 4:
INFO  [16:47:06.557] [bbotk]  nrounds       eta max_depth classif.ce warnings errors runtime_learners
INFO  [16:47:06.557] [bbotk]      229 0.1952402         4  0.1074997        0      0            0.703
INFO  [16:47:06.557] [bbotk]                                 uhash
INFO  [16:47:06.557] [bbotk]  034098b3-d8c4-4bac-bed9-99b605cb5d0b
INFO  [16:47:06.569] [bbotk] Evaluating 1 configuration(s)
INFO  [16:47:07.438] [bbotk] Result of batch 5:
INFO  [16:47:07.439] [bbotk]  nrounds       eta max_depth classif.ce warnings errors runtime_learners
INFO  [16:47:07.439] [bbotk]      230 0.2439747         7    0.10655        0      0             0.83
INFO  [16:47:07.439] [bbotk]                                 uhash
INFO  [16:47:07.439] [bbotk]  ab6b584a-bdca-4dab-994f-6722c0cad833
INFO  [16:47:07.448] [bbotk] Evaluating 1 configuration(s)
INFO  [16:47:08.011] [bbotk] Result of batch 6:
INFO  [16:47:08.012] [bbotk]  nrounds       eta max_depth classif.ce warnings errors runtime_learners
INFO  [16:47:08.012] [bbotk]      122 0.1844456         9  0.1103514        0      0             0.52
INFO  [16:47:08.012] [bbotk]                                 uhash
INFO  [16:47:08.012] [bbotk]  dac79e87-c140-4e57-8aba-85286006021f
INFO  [16:47:08.017] [bbotk] Evaluating 1 configuration(s)
INFO  [16:47:08.471] [bbotk] Result of batch 7:
INFO  [16:47:08.472] [bbotk]  nrounds        eta max_depth classif.ce warnings errors runtime_learners
INFO  [16:47:08.472] [bbotk]       72 0.04178325         9  0.1151214        0      0            0.412
INFO  [16:47:08.472] [bbotk]                                 uhash
INFO  [16:47:08.472] [bbotk]  52391fde-087b-4bd6-aa06-36cee67e0d27
INFO  [16:47:08.490] [bbotk] Evaluating 1 configuration(s)
INFO  [16:47:09.709] [bbotk] Result of batch 8:
INFO  [16:47:09.711] [bbotk]  nrounds        eta max_depth classif.ce warnings errors runtime_learners
INFO  [16:47:09.711] [bbotk]      260 0.06854177         7   0.109399        0      0            1.173
INFO  [16:47:09.711] [bbotk]                                 uhash
INFO  [16:47:09.711] [bbotk]  37202956-286a-4055-b760-e073f807cd48
INFO  [16:47:09.718] [bbotk] Evaluating 1 configuration(s)
INFO  [16:47:10.600] [bbotk] Result of batch 9:
INFO  [16:47:10.601] [bbotk]  nrounds       eta max_depth classif.ce warnings errors runtime_learners
INFO  [16:47:10.601] [bbotk]      285 0.2606859         6  0.1036929        0      0            0.835
INFO  [16:47:10.601] [bbotk]                                 uhash
INFO  [16:47:10.601] [bbotk]  d7acad77-fa2a-4337-aed9-693c36cdb9a5
INFO  [16:47:10.605] [bbotk] Evaluating 1 configuration(s)
INFO  [16:47:11.301] [bbotk] Result of batch 10:
INFO  [16:47:11.303] [bbotk]  nrounds        eta max_depth classif.ce warnings errors runtime_learners
INFO  [16:47:11.303] [bbotk]      111 0.02390502         9  0.1151187        0      0            0.646
INFO  [16:47:11.303] [bbotk]                                 uhash
INFO  [16:47:11.303] [bbotk]  7df4acbb-4876-4482-9f53-6f3202dedc72
INFO  [16:47:11.326] [bbotk] Finished optimizing after 10 evaluation(s)
INFO  [16:47:11.327] [bbotk] Result:
INFO  [16:47:11.327] [bbotk]  nrounds      eta max_depth learner_param_vals  x_domain classif.ce
INFO  [16:47:11.327] [bbotk]    <int>    <num>     <int>             <list>    <list>      <num>
INFO  [16:47:11.327] [bbotk]      215 0.234453         2          <list[5]> <list[3]>  0.1036901
[1] -2.169339
[1] 30.1368

### [bt]: Job terminated successfully [batchtools job.id=1070]
### [bt]: Calculation finished!
