### [bt]: This is batchtools v0.9.17
### [bt]: Starting calculation of 5 jobs
### [bt]: Setting working directory to '/Users/User/Documents/Studium/Semester8/Hiwi/mlr3calibration/vignettes'
### [bt]: Memory measurement disabled
### [bt]: Starting job [batchtools job.id=1466]
### [bt]: Generating problem instance for problem '78e20b4b43a56ff6' ...
### [bt]: Applying algorithm 'run_learner' on problem '78e20b4b43a56ff6' for job 1466 (seed = 1467) ...
INFO  [16:51:14.719] [mlr3] Applying learner 'classif.xgboost.tuned_calib.oof_isotonic' on task 'pc3' (iter 6/10)
INFO  [16:51:14.748] [bbotk] Starting to optimize 3 parameter(s) with '<OptimizerBatchRandomSearch>' and '<TerminatorEvals> [n_evals=10, k=0]'
INFO  [16:51:14.757] [bbotk] Evaluating 1 configuration(s)
INFO  [16:51:15.011] [bbotk] Result of batch 1:
INFO  [16:51:15.013] [bbotk]  nrounds        eta max_depth classif.ce warnings errors runtime_learners
INFO  [16:51:15.013] [bbotk]       66 0.07306555         4  0.1155556        0      0            0.196
INFO  [16:51:15.013] [bbotk]                                 uhash
INFO  [16:51:15.013] [bbotk]  e14770ce-2a11-4938-a01a-85f72afc7e19
INFO  [16:51:15.023] [bbotk] Evaluating 1 configuration(s)
INFO  [16:51:15.921] [bbotk] Result of batch 2:
INFO  [16:51:15.922] [bbotk]  nrounds       eta max_depth classif.ce warnings errors runtime_learners
INFO  [16:51:15.922] [bbotk]      212 0.2341586         7       0.12        0      0            0.864
INFO  [16:51:15.922] [bbotk]                                 uhash
INFO  [16:51:15.922] [bbotk]  ea2ecfee-2d2d-4f28-842a-ace7d5b5a35e
INFO  [16:51:15.926] [bbotk] Evaluating 1 configuration(s)
INFO  [16:51:17.041] [bbotk] Result of batch 3:
INFO  [16:51:17.042] [bbotk]  nrounds       eta max_depth classif.ce warnings errors runtime_learners
INFO  [16:51:17.042] [bbotk]      296 0.2901725        10  0.1244444        0      0            1.073
INFO  [16:51:17.042] [bbotk]                                 uhash
INFO  [16:51:17.042] [bbotk]  4ffb837c-83a7-40f1-b11a-e539389a2693
INFO  [16:51:17.046] [bbotk] Evaluating 1 configuration(s)
INFO  [16:51:17.589] [bbotk] Result of batch 4:
INFO  [16:51:17.596] [bbotk]  nrounds        eta max_depth classif.ce warnings errors runtime_learners
INFO  [16:51:17.596] [bbotk]      193 0.09445056         3       0.12        0      0            0.502
INFO  [16:51:17.596] [bbotk]                                 uhash
INFO  [16:51:17.596] [bbotk]  ab3daf0d-4794-4b4c-91ec-2bf18e41764d
INFO  [16:51:17.600] [bbotk] Evaluating 1 configuration(s)
INFO  [16:51:18.147] [bbotk] Result of batch 5:
INFO  [16:51:18.148] [bbotk]  nrounds       eta max_depth classif.ce warnings errors runtime_learners
INFO  [16:51:18.148] [bbotk]       77 0.1770653        10  0.1208889        0      0            0.505
INFO  [16:51:18.148] [bbotk]                                 uhash
INFO  [16:51:18.148] [bbotk]  ce07f5dd-c37b-430c-a28c-c3a0f489b937
INFO  [16:51:18.158] [bbotk] Evaluating 1 configuration(s)
INFO  [16:51:19.142] [bbotk] Result of batch 6:
INFO  [16:51:19.143] [bbotk]  nrounds       eta max_depth classif.ce warnings errors runtime_learners
INFO  [16:51:19.143] [bbotk]      247 0.2833308         7  0.1173333        0      0            0.928
INFO  [16:51:19.143] [bbotk]                                 uhash
INFO  [16:51:19.143] [bbotk]  6ba1fb07-f8db-4b08-8f91-98311d198f58
INFO  [16:51:19.150] [bbotk] Evaluating 1 configuration(s)
INFO  [16:51:20.396] [bbotk] Result of batch 7:
INFO  [16:51:20.398] [bbotk]  nrounds        eta max_depth classif.ce warnings errors runtime_learners
INFO  [16:51:20.398] [bbotk]      167 0.02516868        10  0.1235556        0      0            1.214
INFO  [16:51:20.398] [bbotk]                                 uhash
INFO  [16:51:20.398] [bbotk]  a383806a-46c4-426c-908c-e7d950d93c41
INFO  [16:51:20.405] [bbotk] Evaluating 1 configuration(s)
INFO  [16:51:20.973] [bbotk] Result of batch 8:
INFO  [16:51:20.974] [bbotk]  nrounds       eta max_depth classif.ce warnings errors runtime_learners
INFO  [16:51:20.974] [bbotk]       93 0.2835392        10  0.1253333        0      0            0.516
INFO  [16:51:20.974] [bbotk]                                 uhash
INFO  [16:51:20.974] [bbotk]  bd9f8714-ed2c-4382-bc50-c5c72ce8290b
INFO  [16:51:20.977] [bbotk] Evaluating 1 configuration(s)
INFO  [16:51:21.912] [bbotk] Result of batch 9:
INFO  [16:51:21.913] [bbotk]  nrounds       eta max_depth classif.ce warnings errors runtime_learners
INFO  [16:51:21.913] [bbotk]      205 0.2702863        10  0.1208889        0      0            0.901
INFO  [16:51:21.913] [bbotk]                                 uhash
INFO  [16:51:21.913] [bbotk]  f8b9d7f2-4965-4f65-a1f0-91ea28c32ac2
INFO  [16:51:21.917] [bbotk] Evaluating 1 configuration(s)
INFO  [16:51:23.447] [bbotk] Result of batch 10:
INFO  [16:51:23.453] [bbotk]  nrounds       eta max_depth classif.ce warnings errors runtime_learners
INFO  [16:51:23.453] [bbotk]      283 0.1199267        10  0.1155556        0      0            1.491
INFO  [16:51:23.453] [bbotk]                                 uhash
INFO  [16:51:23.453] [bbotk]  89e734cd-5c91-46d1-8169-8d00c7369591
INFO  [16:51:23.479] [bbotk] Finished optimizing after 10 evaluation(s)
INFO  [16:51:23.480] [bbotk] Result:
INFO  [16:51:23.481] [bbotk]  nrounds        eta max_depth learner_param_vals  x_domain classif.ce
INFO  [16:51:23.481] [bbotk]    <int>      <num>     <int>             <list>    <list>      <num>
INFO  [16:51:23.481] [bbotk]       66 0.07306555         4          <list[5]> <list[3]>  0.1155556
INFO  [16:51:23.633] [bbotk] Starting to optimize 3 parameter(s) with '<OptimizerBatchRandomSearch>' and '<TerminatorEvals> [n_evals=10, k=0]'
INFO  [16:51:23.655] [bbotk] Evaluating 1 configuration(s)
INFO  [16:51:24.256] [bbotk] Result of batch 1:
INFO  [16:51:24.258] [bbotk]  nrounds       eta max_depth classif.ce warnings errors runtime_learners
INFO  [16:51:24.258] [bbotk]      199 0.2586892         3  0.1066667        0      0            0.552
INFO  [16:51:24.258] [bbotk]                                 uhash
INFO  [16:51:24.258] [bbotk]  928df7dc-0879-4522-858f-5ecb37d9e6da
INFO  [16:51:24.266] [bbotk] Evaluating 1 configuration(s)
INFO  [16:51:25.431] [bbotk] Result of batch 2:
INFO  [16:51:25.432] [bbotk]  nrounds       eta max_depth classif.ce warnings errors runtime_learners
INFO  [16:51:25.432] [bbotk]      296 0.2333728         5  0.1057778        0      0            1.124
INFO  [16:51:25.432] [bbotk]                                 uhash
INFO  [16:51:25.432] [bbotk]  a59a4c3a-3eda-4b07-aca2-17d619f5be3e
INFO  [16:51:25.435] [bbotk] Evaluating 1 configuration(s)
INFO  [16:51:26.620] [bbotk] Result of batch 3:
INFO  [16:51:26.621] [bbotk]  nrounds       eta max_depth classif.ce warnings errors runtime_learners
INFO  [16:51:26.621] [bbotk]      255 0.1856843         8  0.1137778        0      0            1.142
INFO  [16:51:26.621] [bbotk]                                 uhash
INFO  [16:51:26.621] [bbotk]  5df17f7b-ae03-4057-aa74-eda884c5ef81
INFO  [16:51:26.625] [bbotk] Evaluating 1 configuration(s)
INFO  [16:51:26.867] [bbotk] Result of batch 4:
INFO  [16:51:26.869] [bbotk]  nrounds       eta max_depth classif.ce warnings errors runtime_learners
INFO  [16:51:26.869] [bbotk]       50 0.1510065         4  0.1093333        0      0            0.188
INFO  [16:51:26.869] [bbotk]                                 uhash
INFO  [16:51:26.869] [bbotk]  4c9aab03-aa4c-4d06-a03d-481e277dddc3
INFO  [16:51:26.874] [bbotk] Evaluating 1 configuration(s)
INFO  [16:51:27.667] [bbotk] Result of batch 5:
INFO  [16:51:27.668] [bbotk]  nrounds       eta max_depth classif.ce warnings errors runtime_learners
INFO  [16:51:27.668] [bbotk]      172 0.1907104         5  0.1048889        0      0            0.761
INFO  [16:51:27.668] [bbotk]                                 uhash
INFO  [16:51:27.668] [bbotk]  4a13fe8f-0d11-41b6-88f4-69c2b5680324
INFO  [16:51:27.676] [bbotk] Evaluating 1 configuration(s)
INFO  [16:51:28.086] [bbotk] Result of batch 6:
INFO  [16:51:28.087] [bbotk]  nrounds        eta max_depth classif.ce warnings errors runtime_learners
INFO  [16:51:28.087] [bbotk]      105 0.08236084         4  0.1066667        0      0            0.367
INFO  [16:51:28.087] [bbotk]                                 uhash
INFO  [16:51:28.087] [bbotk]  6c76b4bf-6c35-4d81-bcc6-128440e346e3
INFO  [16:51:28.091] [bbotk] Evaluating 1 configuration(s)
INFO  [16:51:28.871] [bbotk] Result of batch 7:
INFO  [16:51:28.873] [bbotk]  nrounds       eta max_depth classif.ce warnings errors runtime_learners
INFO  [16:51:28.873] [bbotk]      183 0.1553833         5  0.1075556        0      0             0.73
INFO  [16:51:28.873] [bbotk]                                 uhash
INFO  [16:51:28.873] [bbotk]  013e1ead-88fb-4576-9870-8023cde1b86c
INFO  [16:51:28.883] [bbotk] Evaluating 1 configuration(s)
INFO  [16:51:29.474] [bbotk] Result of batch 8:
INFO  [16:51:29.475] [bbotk]  nrounds       eta max_depth classif.ce warnings errors runtime_learners
INFO  [16:51:29.475] [bbotk]      119 0.2804884         7  0.1111111        0      0            0.544
INFO  [16:51:29.475] [bbotk]                                 uhash
INFO  [16:51:29.475] [bbotk]  fba83e74-23ae-4cc9-8663-0508b7ec2b06
INFO  [16:51:29.478] [bbotk] Evaluating 1 configuration(s)
INFO  [16:51:30.670] [bbotk] Result of batch 9:
INFO  [16:51:30.672] [bbotk]  nrounds       eta max_depth classif.ce warnings errors runtime_learners
INFO  [16:51:30.672] [bbotk]      292 0.1370753         5  0.1093333        0      0            1.147
INFO  [16:51:30.672] [bbotk]                                 uhash
INFO  [16:51:30.672] [bbotk]  959a3d2a-a387-4537-ad1d-79e506045fe1
INFO  [16:51:30.678] [bbotk] Evaluating 1 configuration(s)
INFO  [16:51:31.172] [bbotk] Result of batch 10:
INFO  [16:51:31.173] [bbotk]  nrounds      eta max_depth classif.ce warnings errors runtime_learners
INFO  [16:51:31.173] [bbotk]      115 0.175063         4  0.1084444        0      0            0.448
INFO  [16:51:31.173] [bbotk]                                 uhash
INFO  [16:51:31.173] [bbotk]  f3a9457c-f06f-456b-8820-470201dd0b77
INFO  [16:51:31.192] [bbotk] Finished optimizing after 10 evaluation(s)
INFO  [16:51:31.193] [bbotk] Result:
INFO  [16:51:31.194] [bbotk]  nrounds       eta max_depth learner_param_vals  x_domain classif.ce
INFO  [16:51:31.194] [bbotk]    <int>     <num>     <int>             <list>    <list>      <num>
INFO  [16:51:31.194] [bbotk]      172 0.1907104         5          <list[5]> <list[3]>  0.1048889
INFO  [16:51:31.565] [bbotk] Starting to optimize 3 parameter(s) with '<OptimizerBatchRandomSearch>' and '<TerminatorEvals> [n_evals=10, k=0]'
INFO  [16:51:31.577] [bbotk] Evaluating 1 configuration(s)
INFO  [16:51:32.300] [bbotk] Result of batch 1:
INFO  [16:51:32.302] [bbotk]  nrounds       eta max_depth classif.ce warnings errors runtime_learners
INFO  [16:51:32.302] [bbotk]      128 0.2055593         8  0.1207943        0      0            0.678
INFO  [16:51:32.302] [bbotk]                                 uhash
INFO  [16:51:32.302] [bbotk]  7f0b5a5f-cd3e-4cca-9fc3-31d9c0ea7baf
INFO  [16:51:32.313] [bbotk] Evaluating 1 configuration(s)
INFO  [16:51:33.013] [bbotk] Result of batch 2:
INFO  [16:51:33.015] [bbotk]  nrounds       eta max_depth classif.ce warnings errors runtime_learners
INFO  [16:51:33.015] [bbotk]      240 0.1392416         3  0.1279031        0      0            0.658
INFO  [16:51:33.015] [bbotk]                                 uhash
INFO  [16:51:33.015] [bbotk]  f18460fc-b05f-42ae-8fc3-d9155ca1bd4f
INFO  [16:51:33.023] [bbotk] Evaluating 1 configuration(s)
INFO  [16:51:33.414] [bbotk] Result of batch 3:
INFO  [16:51:33.415] [bbotk]  nrounds       eta max_depth classif.ce warnings errors runtime_learners
INFO  [16:51:33.415] [bbotk]       70 0.1901482         4  0.1208038        0      0             0.35
INFO  [16:51:33.415] [bbotk]                                 uhash
INFO  [16:51:33.415] [bbotk]  7f60171c-f312-4995-8536-f8eb4816903d
INFO  [16:51:33.422] [bbotk] Evaluating 1 configuration(s)
INFO  [16:51:34.488] [bbotk] Result of batch 4:
INFO  [16:51:34.490] [bbotk]  nrounds       eta max_depth classif.ce warnings errors runtime_learners
INFO  [16:51:34.490] [bbotk]      229 0.2066004         7  0.1252388        0      0            1.018
INFO  [16:51:34.490] [bbotk]                                 uhash
INFO  [16:51:34.490] [bbotk]  4e0315f7-1976-4521-92bf-b7bacbf94d01
INFO  [16:51:34.498] [bbotk] Evaluating 1 configuration(s)
INFO  [16:51:35.475] [bbotk] Result of batch 5:
INFO  [16:51:35.477] [bbotk]  nrounds       eta max_depth classif.ce warnings errors runtime_learners
INFO  [16:51:35.477] [bbotk]      146 0.1088756        10  0.1190189        0      0            0.934
INFO  [16:51:35.477] [bbotk]                                 uhash
INFO  [16:51:35.477] [bbotk]  66d1c6dc-33c8-4c8a-af67-d3ea01e66896
INFO  [16:51:35.482] [bbotk] Evaluating 1 configuration(s)
INFO  [16:51:36.961] [bbotk] Result of batch 6:
INFO  [16:51:36.962] [bbotk]  nrounds        eta max_depth classif.ce warnings errors runtime_learners
INFO  [16:51:36.962] [bbotk]      229 0.03876334         7  0.1207991        0      0            1.438
INFO  [16:51:36.962] [bbotk]                                 uhash
INFO  [16:51:36.962] [bbotk]  0753eb7c-eabe-4088-a32d-01224f701050
INFO  [16:51:36.967] [bbotk] Evaluating 1 configuration(s)
INFO  [16:51:37.852] [bbotk] Result of batch 7:
INFO  [16:51:37.854] [bbotk]  nrounds       eta max_depth classif.ce warnings errors runtime_learners
INFO  [16:51:37.854] [bbotk]      154 0.1164326         7  0.1207991        0      0            0.846
INFO  [16:51:37.854] [bbotk]                                 uhash
INFO  [16:51:37.854] [bbotk]  914acaec-4ff8-4084-b33d-286a40ebc29c
INFO  [16:51:37.872] [bbotk] Evaluating 1 configuration(s)
INFO  [16:51:38.575] [bbotk] Result of batch 8:
INFO  [16:51:38.577] [bbotk]  nrounds       eta max_depth classif.ce warnings errors runtime_learners
INFO  [16:51:38.577] [bbotk]       98 0.1203477         8  0.1225792        0      0            0.655
INFO  [16:51:38.577] [bbotk]                                 uhash
INFO  [16:51:38.577] [bbotk]  8a13cd99-22e7-46a2-9a1f-7ea9d1093298
INFO  [16:51:38.581] [bbotk] Evaluating 1 configuration(s)
INFO  [16:51:39.834] [bbotk] Result of batch 9:
INFO  [16:51:39.835] [bbotk]  nrounds       eta max_depth classif.ce warnings errors runtime_learners
INFO  [16:51:39.835] [bbotk]      207 0.0746062         8  0.1270189        0      0             1.21
INFO  [16:51:39.835] [bbotk]                                 uhash
INFO  [16:51:39.835] [bbotk]  335aae6e-725a-4327-a506-57ddc42eddf3
INFO  [16:51:39.839] [bbotk] Evaluating 1 configuration(s)
INFO  [16:51:40.961] [bbotk] Result of batch 10:
INFO  [16:51:40.963] [bbotk]  nrounds        eta max_depth classif.ce warnings errors runtime_learners
INFO  [16:51:40.963] [bbotk]      248 0.06198325         5  0.1225768        0      0            1.085
INFO  [16:51:40.963] [bbotk]                                 uhash
INFO  [16:51:40.963] [bbotk]  2349a152-154d-4ae1-851c-7d5322b94213
INFO  [16:51:40.974] [bbotk] Finished optimizing after 10 evaluation(s)
INFO  [16:51:40.974] [bbotk] Result:
INFO  [16:51:40.975] [bbotk]  nrounds       eta max_depth learner_param_vals  x_domain classif.ce
INFO  [16:51:40.975] [bbotk]    <int>     <num>     <int>             <list>    <list>      <num>
INFO  [16:51:40.975] [bbotk]      146 0.1088756        10          <list[5]> <list[3]>  0.1190189
INFO  [16:51:41.529] [bbotk] Starting to optimize 3 parameter(s) with '<OptimizerBatchRandomSearch>' and '<TerminatorEvals> [n_evals=10, k=0]'
INFO  [16:51:41.550] [bbotk] Evaluating 1 configuration(s)
INFO  [16:51:42.395] [bbotk] Result of batch 1:
INFO  [16:51:42.396] [bbotk]  nrounds       eta max_depth classif.ce warnings errors runtime_learners
INFO  [16:51:42.396] [bbotk]      158 0.2246613        10  0.1074444        0      0            0.799
INFO  [16:51:42.396] [bbotk]                                 uhash
INFO  [16:51:42.396] [bbotk]  abf18d72-7137-446b-a63a-2620b67bfd0f
INFO  [16:51:42.410] [bbotk] Evaluating 1 configuration(s)
INFO  [16:51:42.971] [bbotk] Result of batch 2:
INFO  [16:51:42.972] [bbotk]  nrounds       eta max_depth classif.ce warnings errors runtime_learners
INFO  [16:51:42.972] [bbotk]       96 0.2757398        10  0.1065532        0      0            0.515
INFO  [16:51:42.972] [bbotk]                                 uhash
INFO  [16:51:42.972] [bbotk]  294859aa-c39c-4e09-86f7-7c477ad5c4b6
INFO  [16:51:42.989] [bbotk] Evaluating 1 configuration(s)
INFO  [16:51:44.890] [bbotk] Result of batch 3:
INFO  [16:51:44.891] [bbotk]  nrounds        eta max_depth classif.ce warnings errors runtime_learners
INFO  [16:51:44.891] [bbotk]      264 0.02032741        10  0.1065579        0      0            1.843
INFO  [16:51:44.891] [bbotk]                                 uhash
INFO  [16:51:44.891] [bbotk]  e2eafb43-329d-4754-985f-550b7adc8b9e
INFO  [16:51:44.901] [bbotk] Evaluating 1 configuration(s)
INFO  [16:51:46.656] [bbotk] Result of batch 4:
INFO  [16:51:46.657] [bbotk]  nrounds        eta max_depth classif.ce warnings errors runtime_learners
INFO  [16:51:46.657] [bbotk]      294 0.04390697        10  0.1083357        0      0            1.724
INFO  [16:51:46.657] [bbotk]                                 uhash
INFO  [16:51:46.657] [bbotk]  6b902ecb-c071-4eae-9110-d8ba1e73d35f
INFO  [16:51:46.661] [bbotk] Evaluating 1 configuration(s)
INFO  [16:51:47.832] [bbotk] Result of batch 5:
INFO  [16:51:47.833] [bbotk]  nrounds       eta max_depth classif.ce warnings errors runtime_learners
INFO  [16:51:47.833] [bbotk]      281 0.1738289         7  0.1083286        0      0            1.128
INFO  [16:51:47.833] [bbotk]                                 uhash
INFO  [16:51:47.833] [bbotk]  ff993616-3226-4d3e-ba96-1ffe39c64b70
INFO  [16:51:47.837] [bbotk] Evaluating 1 configuration(s)
INFO  [16:51:48.705] [bbotk] Result of batch 6:
INFO  [16:51:48.706] [bbotk]  nrounds       eta max_depth classif.ce warnings errors runtime_learners
INFO  [16:51:48.706] [bbotk]      208 0.2529843         6  0.1074492        0      0            0.835
INFO  [16:51:48.706] [bbotk]                                 uhash
INFO  [16:51:48.706] [bbotk]  6d231371-b8d9-4938-92a4-66ad64378860
INFO  [16:51:48.710] [bbotk] Evaluating 1 configuration(s)
INFO  [16:51:49.276] [bbotk] Result of batch 7:
INFO  [16:51:49.277] [bbotk]  nrounds       eta max_depth classif.ce warnings errors runtime_learners
INFO  [16:51:49.277] [bbotk]      184 0.1955332         3      0.103        0      0            0.531
INFO  [16:51:49.277] [bbotk]                                 uhash
INFO  [16:51:49.277] [bbotk]  8b692249-3b70-42f0-af9b-79fa3282573b
INFO  [16:51:49.286] [bbotk] Evaluating 1 configuration(s)
INFO  [16:51:50.099] [bbotk] Result of batch 8:
INFO  [16:51:50.100] [bbotk]  nrounds     eta max_depth classif.ce warnings errors runtime_learners
INFO  [16:51:50.100] [bbotk]      207 0.28204         9  0.1092222        0      0             0.78
INFO  [16:51:50.100] [bbotk]                                 uhash
INFO  [16:51:50.100] [bbotk]  8b45db3f-2652-4d86-a317-c55d89e0de6f
INFO  [16:51:50.103] [bbotk] Evaluating 1 configuration(s)
INFO  [16:51:50.357] [bbotk] Result of batch 9:
INFO  [16:51:50.359] [bbotk]  nrounds        eta max_depth classif.ce warnings errors runtime_learners
INFO  [16:51:50.359] [bbotk]      126 0.08243636         2  0.0967896        0      0            0.208
INFO  [16:51:50.359] [bbotk]                                 uhash
INFO  [16:51:50.359] [bbotk]  8126b5c8-22f5-456e-9fcf-20a65e33118c
INFO  [16:51:50.366] [bbotk] Evaluating 1 configuration(s)
INFO  [16:51:51.431] [bbotk] Result of batch 10:
INFO  [16:51:51.433] [bbotk]  nrounds        eta max_depth classif.ce warnings errors runtime_learners
INFO  [16:51:51.433] [bbotk]      145 0.04541475        10  0.1047825        0      0            1.028
INFO  [16:51:51.433] [bbotk]                                 uhash
INFO  [16:51:51.433] [bbotk]  a829d608-b2de-482a-b95e-e34ca9faa299
INFO  [16:51:51.455] [bbotk] Finished optimizing after 10 evaluation(s)
INFO  [16:51:51.455] [bbotk] Result:
INFO  [16:51:51.456] [bbotk]  nrounds        eta max_depth learner_param_vals  x_domain classif.ce
INFO  [16:51:51.456] [bbotk]    <int>      <num>     <int>             <list>    <list>      <num>
INFO  [16:51:51.456] [bbotk]      126 0.08243636         2          <list[5]> <list[3]>  0.0967896
INFO  [16:51:51.617] [bbotk] Starting to optimize 3 parameter(s) with '<OptimizerBatchRandomSearch>' and '<TerminatorEvals> [n_evals=10, k=0]'
INFO  [16:51:51.626] [bbotk] Evaluating 1 configuration(s)
INFO  [16:51:52.559] [bbotk] Result of batch 1:
INFO  [16:51:52.560] [bbotk]  nrounds       eta max_depth classif.ce warnings errors runtime_learners
INFO  [16:51:52.560] [bbotk]      215 0.2104289         5  0.1127896        0      0            0.891
INFO  [16:51:52.560] [bbotk]                                 uhash
INFO  [16:51:52.560] [bbotk]  0867ccdf-7b94-49c7-b30c-0482aff3e0e1
INFO  [16:51:52.567] [bbotk] Evaluating 1 configuration(s)
INFO  [16:51:53.287] [bbotk] Result of batch 2:
INFO  [16:51:53.288] [bbotk]  nrounds       eta max_depth classif.ce warnings errors runtime_learners
INFO  [16:51:53.288] [bbotk]      262 0.1603904         3  0.1127872        0      0            0.681
INFO  [16:51:53.288] [bbotk]                                 uhash
INFO  [16:51:53.288] [bbotk]  8e831a8f-4a57-4a85-99fd-b22b75bc128f
INFO  [16:51:53.291] [bbotk] Evaluating 1 configuration(s)
INFO  [16:51:54.409] [bbotk] Result of batch 3:
INFO  [16:51:54.410] [bbotk]  nrounds        eta max_depth classif.ce warnings errors runtime_learners
INFO  [16:51:54.410] [bbotk]      209 0.09995869         6  0.1083452        0      0            1.076
INFO  [16:51:54.410] [bbotk]                                 uhash
INFO  [16:51:54.410] [bbotk]  5653163d-3ab6-4b3b-826a-a6469b7a8676
INFO  [16:51:54.414] [bbotk] Evaluating 1 configuration(s)
INFO  [16:51:54.890] [bbotk] Result of batch 4:
INFO  [16:51:54.891] [bbotk]  nrounds      eta max_depth classif.ce warnings errors runtime_learners
INFO  [16:51:54.891] [bbotk]       81 0.238788         7  0.1074539        0      0            0.427
INFO  [16:51:54.891] [bbotk]                                 uhash
INFO  [16:51:54.891] [bbotk]  14bb26c8-37be-4cb5-94cd-dc7026f93ce9
INFO  [16:51:54.895] [bbotk] Evaluating 1 configuration(s)
INFO  [16:51:55.787] [bbotk] Result of batch 5:
INFO  [16:51:55.788] [bbotk]  nrounds       eta max_depth classif.ce warnings errors runtime_learners
INFO  [16:51:55.788] [bbotk]      240 0.2196222         4  0.1154515        0      0            0.802
INFO  [16:51:55.788] [bbotk]                                 uhash
INFO  [16:51:55.788] [bbotk]  7242f4d0-301d-4814-aac9-5d8268992e9b
INFO  [16:51:55.800] [bbotk] Evaluating 1 configuration(s)
INFO  [16:51:55.994] [bbotk] Result of batch 6:
INFO  [16:51:55.995] [bbotk]  nrounds       eta max_depth classif.ce warnings errors runtime_learners
INFO  [16:51:55.995] [bbotk]       64 0.1761656         2  0.1110095        0      0            0.151
INFO  [16:51:55.995] [bbotk]                                 uhash
INFO  [16:51:55.995] [bbotk]  bb88b1b4-50c1-4945-a2b2-f7009ebb1935
INFO  [16:51:55.999] [bbotk] Evaluating 1 configuration(s)
INFO  [16:51:57.297] [bbotk] Result of batch 7:
INFO  [16:51:57.299] [bbotk]  nrounds      eta max_depth classif.ce warnings errors runtime_learners
INFO  [16:51:57.299] [bbotk]      260 0.163931        10   0.109234        0      0            1.255
INFO  [16:51:57.299] [bbotk]                                 uhash
INFO  [16:51:57.299] [bbotk]  bc05c4be-ff1f-43da-a1a4-5f4eec0f4b83
INFO  [16:51:57.308] [bbotk] Evaluating 1 configuration(s)
INFO  [16:51:58.493] [bbotk] Result of batch 8:
INFO  [16:51:58.494] [bbotk]  nrounds      eta max_depth classif.ce warnings errors runtime_learners
INFO  [16:51:58.494] [bbotk]      291 0.237704         6   0.111896        0      0            1.141
INFO  [16:51:58.494] [bbotk]                                 uhash
INFO  [16:51:58.494] [bbotk]  3334e215-b1f9-4523-90ea-4610eb5070e1
INFO  [16:51:58.498] [bbotk] Evaluating 1 configuration(s)
INFO  [16:51:59.235] [bbotk] Result of batch 9:
INFO  [16:51:59.237] [bbotk]  nrounds       eta max_depth classif.ce warnings errors runtime_learners
INFO  [16:51:59.237] [bbotk]      207 0.2192657         4  0.1127896        0      0            0.694
INFO  [16:51:59.237] [bbotk]                                 uhash
INFO  [16:51:59.237] [bbotk]  ed980fb6-ed48-496d-a3fc-948518f76999
INFO  [16:51:59.242] [bbotk] Evaluating 1 configuration(s)
INFO  [16:52:00.442] [bbotk] Result of batch 10:
INFO  [16:52:00.444] [bbotk]  nrounds      eta max_depth classif.ce warnings errors runtime_learners
INFO  [16:52:00.444] [bbotk]      244 0.148531         6  0.1110142        0      0            1.157
INFO  [16:52:00.444] [bbotk]                                 uhash
INFO  [16:52:00.444] [bbotk]  454c458f-9964-45d0-aeb4-e5111231e97e
INFO  [16:52:00.460] [bbotk] Finished optimizing after 10 evaluation(s)
INFO  [16:52:00.460] [bbotk] Result:
INFO  [16:52:00.461] [bbotk]  nrounds      eta max_depth learner_param_vals  x_domain classif.ce
INFO  [16:52:00.461] [bbotk]    <int>    <num>     <int>             <list>    <list>      <num>
INFO  [16:52:00.461] [bbotk]       81 0.238788         7          <list[5]> <list[3]>  0.1074539

### [bt]: Job terminated successfully [batchtools job.id=1466]
### [bt]: Starting job [batchtools job.id=1467]
### [bt]: Generating problem instance for problem '78e20b4b43a56ff6' ...
### [bt]: Applying algorithm 'run_learner' on problem '78e20b4b43a56ff6' for job 1467 (seed = 1468) ...
INFO  [16:52:00.820] [mlr3] Applying learner 'classif.xgboost.tuned_calib.oof_isotonic' on task 'pc3' (iter 7/10)
INFO  [16:52:00.882] [bbotk] Starting to optimize 3 parameter(s) with '<OptimizerBatchRandomSearch>' and '<TerminatorEvals> [n_evals=10, k=0]'
INFO  [16:52:00.894] [bbotk] Evaluating 1 configuration(s)
INFO  [16:52:02.288] [bbotk] Result of batch 1:
INFO  [16:52:02.290] [bbotk]  nrounds       eta max_depth classif.ce warnings errors runtime_learners
INFO  [16:52:02.290] [bbotk]      251 0.1178567         8  0.1048889        0      0            1.332
INFO  [16:52:02.290] [bbotk]                                 uhash
INFO  [16:52:02.290] [bbotk]  4a356901-3e68-41d0-aafb-ce86d4318fd6
INFO  [16:52:02.295] [bbotk] Evaluating 1 configuration(s)
INFO  [16:52:03.832] [bbotk] Result of batch 2:
INFO  [16:52:03.833] [bbotk]  nrounds       eta max_depth classif.ce warnings errors runtime_learners
INFO  [16:52:03.833] [bbotk]      297 0.1074007         8  0.1048889        0      0            1.475
INFO  [16:52:03.833] [bbotk]                                 uhash
INFO  [16:52:03.833] [bbotk]  a013fd44-5c5a-4a9f-9084-7ee03e3957f6
INFO  [16:52:03.837] [bbotk] Evaluating 1 configuration(s)
INFO  [16:52:04.576] [bbotk] Result of batch 3:
INFO  [16:52:04.577] [bbotk]  nrounds       eta max_depth classif.ce warnings errors runtime_learners
INFO  [16:52:04.577] [bbotk]      148 0.2959341        10      0.104        0      0            0.689
INFO  [16:52:04.577] [bbotk]                                 uhash
INFO  [16:52:04.577] [bbotk]  4fcb1c76-e5c7-4b9e-9716-1300f093a7e6
INFO  [16:52:04.581] [bbotk] Evaluating 1 configuration(s)
INFO  [16:52:05.010] [bbotk] Result of batch 4:
INFO  [16:52:05.011] [bbotk]  nrounds        eta max_depth classif.ce warnings errors runtime_learners
INFO  [16:52:05.011] [bbotk]       53 0.05335208         9  0.1022222        0      0             0.39
INFO  [16:52:05.011] [bbotk]                                 uhash
INFO  [16:52:05.011] [bbotk]  73091e5c-45ab-4b75-94df-82fd3d6ebd39
INFO  [16:52:05.016] [bbotk] Evaluating 1 configuration(s)
INFO  [16:52:06.239] [bbotk] Result of batch 5:
INFO  [16:52:06.242] [bbotk]  nrounds        eta max_depth classif.ce warnings errors runtime_learners
INFO  [16:52:06.242] [bbotk]      159 0.02965776        10  0.1013333        0      0            1.177
INFO  [16:52:06.242] [bbotk]                                 uhash
INFO  [16:52:06.242] [bbotk]  09be9f5b-17fa-485b-ae34-dc92e3185411
INFO  [16:52:06.248] [bbotk] Evaluating 1 configuration(s)
INFO  [16:52:07.187] [bbotk] Result of batch 6:
INFO  [16:52:07.188] [bbotk]  nrounds       eta max_depth classif.ce warnings errors runtime_learners
INFO  [16:52:07.188] [bbotk]      199 0.2209823         9  0.1013333        0      0            0.894
INFO  [16:52:07.188] [bbotk]                                 uhash
INFO  [16:52:07.188] [bbotk]  ff762fab-922a-403c-b416-754bd8463910
INFO  [16:52:07.192] [bbotk] Evaluating 1 configuration(s)
INFO  [16:52:08.159] [bbotk] Result of batch 7:
INFO  [16:52:08.161] [bbotk]  nrounds        eta max_depth classif.ce warnings errors runtime_learners
INFO  [16:52:08.161] [bbotk]      276 0.05693531         4  0.1031111        0      0            0.921
INFO  [16:52:08.161] [bbotk]                                 uhash
INFO  [16:52:08.161] [bbotk]  2e40a1de-ce03-4cd5-8732-89af53a3390d
INFO  [16:52:08.169] [bbotk] Evaluating 1 configuration(s)
INFO  [16:52:09.875] [bbotk] Result of batch 8:
INFO  [16:52:09.877] [bbotk]  nrounds        eta max_depth classif.ce warnings errors runtime_learners
INFO  [16:52:09.877] [bbotk]      289 0.01120475         7  0.1048889        0      0            1.654
INFO  [16:52:09.877] [bbotk]                                 uhash
INFO  [16:52:09.877] [bbotk]  448541c9-2620-4264-99fe-7dc3fc5c158d
INFO  [16:52:09.888] [bbotk] Evaluating 1 configuration(s)
INFO  [16:52:10.149] [bbotk] Result of batch 9:
INFO  [16:52:10.150] [bbotk]  nrounds        eta max_depth classif.ce warnings errors runtime_learners
INFO  [16:52:10.150] [bbotk]       56 0.05343722         4 0.09955556        0      0            0.213
INFO  [16:52:10.150] [bbotk]                                 uhash
INFO  [16:52:10.150] [bbotk]  4e3e64ee-45cd-44a7-98db-d014c64bdac7
INFO  [16:52:10.158] [bbotk] Evaluating 1 configuration(s)
INFO  [16:52:10.577] [bbotk] Result of batch 10:
INFO  [16:52:10.579] [bbotk]  nrounds       eta max_depth classif.ce warnings errors runtime_learners
INFO  [16:52:10.579] [bbotk]       57 0.2718523        10      0.104        0      0            0.379
INFO  [16:52:10.579] [bbotk]                                 uhash
INFO  [16:52:10.579] [bbotk]  5ef3eb49-9b9a-4ac7-bfe5-4395f5e0204e
INFO  [16:52:10.587] [bbotk] Finished optimizing after 10 evaluation(s)
INFO  [16:52:10.587] [bbotk] Result:
INFO  [16:52:10.589] [bbotk]  nrounds        eta max_depth learner_param_vals  x_domain classif.ce
INFO  [16:52:10.589] [bbotk]    <int>      <num>     <int>             <list>    <list>      <num>
INFO  [16:52:10.589] [bbotk]       56 0.05343722         4          <list[5]> <list[3]> 0.09955556
INFO  [16:52:10.761] [bbotk] Starting to optimize 3 parameter(s) with '<OptimizerBatchRandomSearch>' and '<TerminatorEvals> [n_evals=10, k=0]'
INFO  [16:52:10.771] [bbotk] Evaluating 1 configuration(s)
INFO  [16:52:12.011] [bbotk] Result of batch 1:
INFO  [16:52:12.013] [bbotk]  nrounds       eta max_depth classif.ce warnings errors runtime_learners
INFO  [16:52:12.013] [bbotk]      214 0.1130205         8  0.1102222        0      0            1.194
INFO  [16:52:12.013] [bbotk]                                 uhash
INFO  [16:52:12.013] [bbotk]  670cb1cf-b532-4b7e-a477-33298541cc83
INFO  [16:52:12.018] [bbotk] Evaluating 1 configuration(s)
INFO  [16:52:12.531] [bbotk] Result of batch 2:
INFO  [16:52:12.532] [bbotk]  nrounds       eta max_depth classif.ce warnings errors runtime_learners
INFO  [16:52:12.532] [bbotk]       68 0.1838659        10  0.1128889        0      0            0.476
INFO  [16:52:12.532] [bbotk]                                 uhash
INFO  [16:52:12.532] [bbotk]  c413f4c9-325d-4b3a-bef6-88d4198eb086
INFO  [16:52:12.536] [bbotk] Evaluating 1 configuration(s)
INFO  [16:52:13.400] [bbotk] Result of batch 3:
INFO  [16:52:13.401] [bbotk]  nrounds        eta max_depth classif.ce warnings errors runtime_learners
INFO  [16:52:13.401] [bbotk]      127 0.01905701        10  0.1182222        0      0            0.833
INFO  [16:52:13.401] [bbotk]                                 uhash
INFO  [16:52:13.401] [bbotk]  cffa9ee1-7b8d-44e0-97ab-99896496aa21
INFO  [16:52:13.406] [bbotk] Evaluating 1 configuration(s)
INFO  [16:52:13.878] [bbotk] Result of batch 4:
INFO  [16:52:13.880] [bbotk]  nrounds       eta max_depth classif.ce warnings errors runtime_learners
INFO  [16:52:13.880] [bbotk]      178 0.1196497         3  0.1084444        0      0             0.44
INFO  [16:52:13.880] [bbotk]                                 uhash
INFO  [16:52:13.880] [bbotk]  ba1a638c-de7f-4894-99c4-5aba3ddb3c62
INFO  [16:52:13.889] [bbotk] Evaluating 1 configuration(s)
INFO  [16:52:14.324] [bbotk] Result of batch 5:
INFO  [16:52:14.326] [bbotk]  nrounds       eta max_depth classif.ce warnings errors runtime_learners
INFO  [16:52:14.326] [bbotk]       88 0.1054222         5  0.1173333        0      0            0.396
INFO  [16:52:14.326] [bbotk]                                 uhash
INFO  [16:52:14.326] [bbotk]  609138d7-00a1-478f-b27d-6c216d6f2a53
INFO  [16:52:14.334] [bbotk] Evaluating 1 configuration(s)
INFO  [16:52:15.849] [bbotk] Result of batch 6:
INFO  [16:52:15.851] [bbotk]  nrounds        eta max_depth classif.ce warnings errors runtime_learners
INFO  [16:52:15.851] [bbotk]      207 0.04326325        10  0.1093333        0      0            1.454
INFO  [16:52:15.851] [bbotk]                                 uhash
INFO  [16:52:15.851] [bbotk]  f4527e9d-18ac-4b39-8820-709b93f9c870
INFO  [16:52:15.859] [bbotk] Evaluating 1 configuration(s)
INFO  [16:52:16.399] [bbotk] Result of batch 7:
INFO  [16:52:16.401] [bbotk]  nrounds        eta max_depth classif.ce warnings errors runtime_learners
INFO  [16:52:16.401] [bbotk]      261 0.09679474         2  0.1173333        0      0            0.489
INFO  [16:52:16.401] [bbotk]                                 uhash
INFO  [16:52:16.401] [bbotk]  5dc0c5e0-79e7-4e6e-81ee-938017ba2342
INFO  [16:52:16.409] [bbotk] Evaluating 1 configuration(s)
INFO  [16:52:17.033] [bbotk] Result of batch 8:
INFO  [16:52:17.034] [bbotk]  nrounds       eta max_depth classif.ce warnings errors runtime_learners
INFO  [16:52:17.034] [bbotk]      114 0.2365923         6  0.1155556        0      0            0.577
INFO  [16:52:17.034] [bbotk]                                 uhash
INFO  [16:52:17.034] [bbotk]  1bb17234-582a-4efc-98de-7c3778c0cc56
INFO  [16:52:17.038] [bbotk] Evaluating 1 configuration(s)
INFO  [16:52:18.178] [bbotk] Result of batch 9:
INFO  [16:52:18.180] [bbotk]  nrounds       eta max_depth classif.ce warnings errors runtime_learners
INFO  [16:52:18.180] [bbotk]      198 0.1512869        10  0.1111111        0      0            1.102
INFO  [16:52:18.180] [bbotk]                                 uhash
INFO  [16:52:18.180] [bbotk]  f1fffa47-bcd3-468f-94c0-5ab46b59e59f
INFO  [16:52:18.188] [bbotk] Evaluating 1 configuration(s)
INFO  [16:52:18.418] [bbotk] Result of batch 10:
INFO  [16:52:18.420] [bbotk]  nrounds        eta max_depth classif.ce warnings errors runtime_learners
INFO  [16:52:18.420] [bbotk]       58 0.02255882         3  0.1084444        0      0            0.182
INFO  [16:52:18.420] [bbotk]                                 uhash
INFO  [16:52:18.420] [bbotk]  6fdd5f14-53d6-436b-9ae2-8f52ad6596d1
INFO  [16:52:18.439] [bbotk] Finished optimizing after 10 evaluation(s)
INFO  [16:52:18.440] [bbotk] Result:
INFO  [16:52:18.442] [bbotk]  nrounds       eta max_depth learner_param_vals  x_domain classif.ce
INFO  [16:52:18.442] [bbotk]    <int>     <num>     <int>             <list>    <list>      <num>
INFO  [16:52:18.442] [bbotk]      178 0.1196497         3          <list[5]> <list[3]>  0.1084444
INFO  [16:52:18.706] [bbotk] Starting to optimize 3 parameter(s) with '<OptimizerBatchRandomSearch>' and '<TerminatorEvals> [n_evals=10, k=0]'
INFO  [16:52:18.718] [bbotk] Evaluating 1 configuration(s)
INFO  [16:52:19.310] [bbotk] Result of batch 1:
INFO  [16:52:19.311] [bbotk]  nrounds       eta max_depth classif.ce warnings errors runtime_learners
INFO  [16:52:19.311] [bbotk]       97 0.1873631         9  0.1003499        0      0             0.54
INFO  [16:52:19.311] [bbotk]                                 uhash
INFO  [16:52:19.311] [bbotk]  3d6e71f8-5cfd-4655-ab4f-ba41549048a0
INFO  [16:52:19.316] [bbotk] Evaluating 1 configuration(s)
INFO  [16:52:20.045] [bbotk] Result of batch 2:
INFO  [16:52:20.047] [bbotk]  nrounds       eta max_depth classif.ce warnings errors runtime_learners
INFO  [16:52:20.047] [bbotk]      120 0.1226083         9 0.09768794        0      0             0.69
INFO  [16:52:20.047] [bbotk]                                 uhash
INFO  [16:52:20.047] [bbotk]  11e1fd68-5911-42ec-87fe-72cb38b57444
INFO  [16:52:20.054] [bbotk] Evaluating 1 configuration(s)
INFO  [16:52:21.358] [bbotk] Result of batch 3:
INFO  [16:52:21.359] [bbotk]  nrounds        eta max_depth classif.ce warnings errors runtime_learners
INFO  [16:52:21.359] [bbotk]      213 0.08505643         8   0.100357        0      0            1.258
INFO  [16:52:21.359] [bbotk]                                 uhash
INFO  [16:52:21.359] [bbotk]  b1946fe2-5aa7-4774-88f3-515e9816e454
INFO  [16:52:21.363] [bbotk] Evaluating 1 configuration(s)
INFO  [16:52:21.985] [bbotk] Result of batch 4:
INFO  [16:52:21.986] [bbotk]  nrounds        eta max_depth classif.ce warnings errors runtime_learners
INFO  [16:52:21.986] [bbotk]      130 0.07075842         5  0.1047943        0      0            0.582
INFO  [16:52:21.986] [bbotk]                                 uhash
INFO  [16:52:21.986] [bbotk]  848fb3de-028b-49c0-903e-25da3856c7c1
INFO  [16:52:21.989] [bbotk] Evaluating 1 configuration(s)
INFO  [16:52:23.340] [bbotk] Result of batch 5:
INFO  [16:52:23.341] [bbotk]  nrounds       eta max_depth classif.ce warnings errors runtime_learners
INFO  [16:52:23.341] [bbotk]      288 0.1427268         7  0.1038983        0      0            1.308
INFO  [16:52:23.341] [bbotk]                                 uhash
INFO  [16:52:23.341] [bbotk]  66f9c876-a4e4-47ee-85f2-4b27cc39869a
INFO  [16:52:23.349] [bbotk] Evaluating 1 configuration(s)
INFO  [16:52:23.727] [bbotk] Result of batch 6:
INFO  [16:52:23.729] [bbotk]  nrounds        eta max_depth classif.ce warnings errors runtime_learners
INFO  [16:52:23.729] [bbotk]      180 0.09937581         2   0.114565        0      0             0.33
INFO  [16:52:23.729] [bbotk]                                 uhash
INFO  [16:52:23.729] [bbotk]  b40ee2fb-e3d3-42da-99e9-b0e997181d36
INFO  [16:52:23.736] [bbotk] Evaluating 1 configuration(s)
INFO  [16:52:24.125] [bbotk] Result of batch 7:
INFO  [16:52:24.127] [bbotk]  nrounds       eta max_depth classif.ce warnings errors runtime_learners
INFO  [16:52:24.127] [bbotk]      198 0.2890611         2  0.1118983        0      0            0.349
INFO  [16:52:24.127] [bbotk]                                 uhash
INFO  [16:52:24.127] [bbotk]  dbfeced9-d4d7-469a-b344-e0a233930a68
INFO  [16:52:24.137] [bbotk] Evaluating 1 configuration(s)
INFO  [16:52:25.160] [bbotk] Result of batch 8:
INFO  [16:52:25.161] [bbotk]  nrounds      eta max_depth classif.ce warnings errors runtime_learners
INFO  [16:52:25.161] [bbotk]      216 0.167342         9 0.09946099        0      0            0.986
INFO  [16:52:25.161] [bbotk]                                 uhash
INFO  [16:52:25.161] [bbotk]  71f2b6e7-a8f1-48cc-ad5f-c85d1ef86aa8
INFO  [16:52:25.169] [bbotk] Evaluating 1 configuration(s)
INFO  [16:52:25.591] [bbotk] Result of batch 9:
INFO  [16:52:25.593] [bbotk]  nrounds       eta max_depth classif.ce warnings errors runtime_learners
INFO  [16:52:25.593] [bbotk]       96 0.1485023         4   0.103896        0      0             0.36
INFO  [16:52:25.593] [bbotk]                                 uhash
INFO  [16:52:25.593] [bbotk]  fccf4ca4-45ef-43e4-a767-bd22f9633fe9
INFO  [16:52:25.605] [bbotk] Evaluating 1 configuration(s)
INFO  [16:52:26.786] [bbotk] Result of batch 10:
INFO  [16:52:26.787] [bbotk]  nrounds       eta max_depth classif.ce warnings errors runtime_learners
INFO  [16:52:26.787] [bbotk]      275 0.1112171         5 0.09946099        0      0            1.142
INFO  [16:52:26.787] [bbotk]                                 uhash
INFO  [16:52:26.787] [bbotk]  3a495bf0-8fb7-4057-b1cd-f2c3cf1af8f5
INFO  [16:52:26.802] [bbotk] Finished optimizing after 10 evaluation(s)
INFO  [16:52:26.803] [bbotk] Result:
INFO  [16:52:26.803] [bbotk]  nrounds       eta max_depth learner_param_vals  x_domain classif.ce
INFO  [16:52:26.803] [bbotk]    <int>     <num>     <int>             <list>    <list>      <num>
INFO  [16:52:26.803] [bbotk]      120 0.1226083         9          <list[5]> <list[3]> 0.09768794
INFO  [16:52:27.220] [bbotk] Starting to optimize 3 parameter(s) with '<OptimizerBatchRandomSearch>' and '<TerminatorEvals> [n_evals=10, k=0]'
INFO  [16:52:27.234] [bbotk] Evaluating 1 configuration(s)
INFO  [16:52:29.141] [bbotk] Result of batch 1:
INFO  [16:52:29.142] [bbotk]  nrounds        eta max_depth classif.ce warnings errors runtime_learners
INFO  [16:52:29.142] [bbotk]      251 0.01532938        10  0.1101229        0      0             1.86
INFO  [16:52:29.142] [bbotk]                                 uhash
INFO  [16:52:29.142] [bbotk]  34de1ac0-b08f-4585-8ab6-42cdaf064f03
INFO  [16:52:29.146] [bbotk] Evaluating 1 configuration(s)
INFO  [16:52:30.089] [bbotk] Result of batch 2:
INFO  [16:52:30.090] [bbotk]  nrounds       eta max_depth classif.ce warnings errors runtime_learners
INFO  [16:52:30.090] [bbotk]      211 0.2550636         5  0.1127872        0      0            0.907
INFO  [16:52:30.090] [bbotk]                                 uhash
INFO  [16:52:30.090] [bbotk]  7a8f1e5b-c0db-42f4-9a88-120cad17be01
INFO  [16:52:30.094] [bbotk] Evaluating 1 configuration(s)
INFO  [16:52:30.735] [bbotk] Result of batch 3:
INFO  [16:52:30.736] [bbotk]  nrounds       eta max_depth classif.ce warnings errors runtime_learners
INFO  [16:52:30.736] [bbotk]      205 0.2892876         3   0.115461        0      0            0.594
INFO  [16:52:30.736] [bbotk]                                 uhash
INFO  [16:52:30.736] [bbotk]  9a1880df-a096-45d8-b5d3-6165f374ccee
INFO  [16:52:30.740] [bbotk] Evaluating 1 configuration(s)
INFO  [16:52:31.409] [bbotk] Result of batch 4:
INFO  [16:52:31.410] [bbotk]  nrounds       eta max_depth classif.ce warnings errors runtime_learners
INFO  [16:52:31.410] [bbotk]       96 0.1097432         8  0.1056809        0      0            0.624
INFO  [16:52:31.410] [bbotk]                                 uhash
INFO  [16:52:31.410] [bbotk]  a37121d3-e7a6-40ec-a5f4-1b2af8530f72
INFO  [16:52:31.420] [bbotk] Evaluating 1 configuration(s)
INFO  [16:52:32.677] [bbotk] Result of batch 5:
INFO  [16:52:32.678] [bbotk]  nrounds      eta max_depth classif.ce warnings errors runtime_learners
INFO  [16:52:32.678] [bbotk]      238 0.162158         8  0.1092364        0      0            1.212
INFO  [16:52:32.678] [bbotk]                                 uhash
INFO  [16:52:32.678] [bbotk]  9be04711-4712-4d46-87ce-0e66a4aaf6df
INFO  [16:52:32.683] [bbotk] Evaluating 1 configuration(s)
INFO  [16:52:33.615] [bbotk] Result of batch 6:
INFO  [16:52:33.616] [bbotk]  nrounds       eta max_depth classif.ce warnings errors runtime_learners
INFO  [16:52:33.616] [bbotk]      184 0.1178198         6  0.1083475        0      0            0.902
INFO  [16:52:33.616] [bbotk]                                 uhash
INFO  [16:52:33.616] [bbotk]  1bc48875-6800-4ccb-b513-dd02a6caac95
INFO  [16:52:33.624] [bbotk] Evaluating 1 configuration(s)
INFO  [16:52:34.071] [bbotk] Result of batch 7:
INFO  [16:52:34.072] [bbotk]  nrounds        eta max_depth classif.ce warnings errors runtime_learners
INFO  [16:52:34.072] [bbotk]       94 0.05180942         5   0.107461        0      0            0.408
INFO  [16:52:34.072] [bbotk]                                 uhash
INFO  [16:52:34.072] [bbotk]  8326ae4a-d39a-4ef3-b99a-98f8613577e7
INFO  [16:52:34.080] [bbotk] Evaluating 1 configuration(s)
INFO  [16:52:34.483] [bbotk] Result of batch 8:
INFO  [16:52:34.486] [bbotk]  nrounds        eta max_depth classif.ce warnings errors runtime_learners
INFO  [16:52:34.486] [bbotk]      135 0.04114654         3  0.1074586        0      0            0.353
INFO  [16:52:34.486] [bbotk]                                 uhash
INFO  [16:52:34.486] [bbotk]  81c857ec-7ab8-440c-b302-4486de8a5aa3
INFO  [16:52:34.496] [bbotk] Evaluating 1 configuration(s)
INFO  [16:52:35.660] [bbotk] Result of batch 9:
INFO  [16:52:35.663] [bbotk]  nrounds       eta max_depth classif.ce warnings errors runtime_learners
INFO  [16:52:35.663] [bbotk]      291 0.1286876         5  0.1101229        0      0            1.108
INFO  [16:52:35.663] [bbotk]                                 uhash
INFO  [16:52:35.663] [bbotk]  804a9b7c-065f-45be-9280-199257db67b3
INFO  [16:52:35.674] [bbotk] Evaluating 1 configuration(s)
INFO  [16:52:36.236] [bbotk] Result of batch 10:
INFO  [16:52:36.237] [bbotk]  nrounds       eta max_depth classif.ce warnings errors runtime_learners
INFO  [16:52:36.237] [bbotk]       94 0.1800914         8  0.1101253        0      0            0.528
INFO  [16:52:36.237] [bbotk]                                 uhash
INFO  [16:52:36.237] [bbotk]  c48daa91-69ad-436e-9ae3-6d9c1c5d4a2f
INFO  [16:52:36.244] [bbotk] Finished optimizing after 10 evaluation(s)
INFO  [16:52:36.245] [bbotk] Result:
INFO  [16:52:36.245] [bbotk]  nrounds       eta max_depth learner_param_vals  x_domain classif.ce
INFO  [16:52:36.245] [bbotk]    <int>     <num>     <int>             <list>    <list>      <num>
INFO  [16:52:36.245] [bbotk]       96 0.1097432         8          <list[5]> <list[3]>  0.1056809
INFO  [16:52:36.496] [bbotk] Starting to optimize 3 parameter(s) with '<OptimizerBatchRandomSearch>' and '<TerminatorEvals> [n_evals=10, k=0]'
INFO  [16:52:36.507] [bbotk] Evaluating 1 configuration(s)
INFO  [16:52:37.426] [bbotk] Result of batch 1:
INFO  [16:52:37.427] [bbotk]  nrounds       eta max_depth classif.ce warnings errors runtime_learners
INFO  [16:52:37.427] [bbotk]      252 0.1953408         4  0.1234279        0      0            0.874
INFO  [16:52:37.427] [bbotk]                                 uhash
INFO  [16:52:37.427] [bbotk]  08460182-bd4e-45c1-a1ca-4e314b942187
INFO  [16:52:37.439] [bbotk] Evaluating 1 configuration(s)
INFO  [16:52:37.735] [bbotk] Result of batch 2:
INFO  [16:52:37.736] [bbotk]  nrounds        eta max_depth classif.ce warnings errors runtime_learners
INFO  [16:52:37.736] [bbotk]      134 0.06040011         2  0.1110095        0      0            0.259
INFO  [16:52:37.736] [bbotk]                                 uhash
INFO  [16:52:37.736] [bbotk]  9ef58298-36d3-4321-97a8-fe1998332bff
INFO  [16:52:37.744] [bbotk] Evaluating 1 configuration(s)
INFO  [16:52:39.644] [bbotk] Result of batch 3:
INFO  [16:52:39.648] [bbotk]  nrounds       eta max_depth classif.ce warnings errors runtime_learners
INFO  [16:52:39.648] [bbotk]      292 0.0545676         9  0.1154444        0      0            1.857
INFO  [16:52:39.648] [bbotk]                                 uhash
INFO  [16:52:39.648] [bbotk]  3e288f52-283b-4dea-b237-a98733791a37
INFO  [16:52:39.658] [bbotk] Evaluating 1 configuration(s)
INFO  [16:52:40.400] [bbotk] Result of batch 4:
INFO  [16:52:40.401] [bbotk]  nrounds       eta max_depth classif.ce warnings errors runtime_learners
INFO  [16:52:40.401] [bbotk]      166 0.2611692         5  0.1189976        0      0            0.692
INFO  [16:52:40.401] [bbotk]                                 uhash
INFO  [16:52:40.401] [bbotk]  e931dda7-2e4f-49da-b722-425dceed906a
INFO  [16:52:40.405] [bbotk] Evaluating 1 configuration(s)
INFO  [16:52:40.935] [bbotk] Result of batch 5:
INFO  [16:52:40.936] [bbotk]  nrounds       eta max_depth classif.ce warnings errors runtime_learners
INFO  [16:52:40.936] [bbotk]      249 0.2607804         2  0.1127778        0      0            0.494
INFO  [16:52:40.936] [bbotk]                                 uhash
INFO  [16:52:40.936] [bbotk]  2c69272c-44b8-49b6-ae80-c3866d0bde4a
INFO  [16:52:40.945] [bbotk] Evaluating 1 configuration(s)
INFO  [16:52:42.149] [bbotk] Result of batch 6:
INFO  [16:52:42.151] [bbotk]  nrounds       eta max_depth classif.ce warnings errors runtime_learners
INFO  [16:52:42.151] [bbotk]      250 0.2139102        10   0.120773        0      0            1.142
INFO  [16:52:42.151] [bbotk]                                 uhash
INFO  [16:52:42.151] [bbotk]  63959e72-c3ca-4bf0-9df8-94c30d21b269
INFO  [16:52:42.158] [bbotk] Evaluating 1 configuration(s)
INFO  [16:52:42.637] [bbotk] Result of batch 7:
INFO  [16:52:42.638] [bbotk]  nrounds       eta max_depth classif.ce warnings errors runtime_learners
INFO  [16:52:42.638] [bbotk]      107 0.2417077         4  0.1181087        0      0            0.428
INFO  [16:52:42.638] [bbotk]                                 uhash
INFO  [16:52:42.638] [bbotk]  8e1501f1-2a7c-4b04-842d-5cbfbcff65ed
INFO  [16:52:42.642] [bbotk] Evaluating 1 configuration(s)
INFO  [16:52:43.823] [bbotk] Result of batch 8:
INFO  [16:52:43.824] [bbotk]  nrounds       eta max_depth classif.ce warnings errors runtime_learners
INFO  [16:52:43.824] [bbotk]      190 0.1020587         9  0.1163239        0      0            1.138
INFO  [16:52:43.824] [bbotk]                                 uhash
INFO  [16:52:43.824] [bbotk]  dd665e88-a0a2-4b4c-bdb2-58b1ecd07752
INFO  [16:52:43.833] [bbotk] Evaluating 1 configuration(s)
INFO  [16:52:44.983] [bbotk] Result of batch 9:
INFO  [16:52:44.984] [bbotk]  nrounds      eta max_depth classif.ce warnings errors runtime_learners
INFO  [16:52:44.984] [bbotk]      235 0.176637         7  0.1189929        0      0            1.103
INFO  [16:52:44.984] [bbotk]                                 uhash
INFO  [16:52:44.984] [bbotk]  21a17522-a86f-4701-afeb-1e49437f172b
INFO  [16:52:44.988] [bbotk] Evaluating 1 configuration(s)
INFO  [16:52:45.158] [bbotk] Result of batch 10:
INFO  [16:52:45.159] [bbotk]  nrounds       eta max_depth classif.ce warnings errors runtime_learners
INFO  [16:52:45.159] [bbotk]       68 0.0547548         2  0.1065697        0      0            0.127
INFO  [16:52:45.159] [bbotk]                                 uhash
INFO  [16:52:45.159] [bbotk]  ea5e41e4-183d-4881-a6e6-a21f99948dd8
INFO  [16:52:45.172] [bbotk] Finished optimizing after 10 evaluation(s)
INFO  [16:52:45.172] [bbotk] Result:
INFO  [16:52:45.173] [bbotk]  nrounds       eta max_depth learner_param_vals  x_domain classif.ce
INFO  [16:52:45.173] [bbotk]    <int>     <num>     <int>             <list>    <list>      <num>
INFO  [16:52:45.173] [bbotk]       68 0.0547548         2          <list[5]> <list[3]>  0.1065697

### [bt]: Job terminated successfully [batchtools job.id=1467]
### [bt]: Starting job [batchtools job.id=1468]
### [bt]: Generating problem instance for problem '78e20b4b43a56ff6' ...
### [bt]: Applying algorithm 'run_learner' on problem '78e20b4b43a56ff6' for job 1468 (seed = 1469) ...
INFO  [16:52:45.351] [mlr3] Applying learner 'classif.xgboost.tuned_calib.oof_isotonic' on task 'pc3' (iter 8/10)
INFO  [16:52:45.414] [bbotk] Starting to optimize 3 parameter(s) with '<OptimizerBatchRandomSearch>' and '<TerminatorEvals> [n_evals=10, k=0]'
INFO  [16:52:45.425] [bbotk] Evaluating 1 configuration(s)
INFO  [16:52:46.927] [bbotk] Result of batch 1:
INFO  [16:52:46.928] [bbotk]  nrounds        eta max_depth classif.ce warnings errors runtime_learners
INFO  [16:52:46.928] [bbotk]      256 0.06679154         7  0.1128889        0      0            1.457
INFO  [16:52:46.928] [bbotk]                                 uhash
INFO  [16:52:46.928] [bbotk]  b7fa1999-a7cc-4cd1-9dc4-123e3c92d4f9
INFO  [16:52:46.932] [bbotk] Evaluating 1 configuration(s)
INFO  [16:52:47.704] [bbotk] Result of batch 2:
INFO  [16:52:47.705] [bbotk]  nrounds        eta max_depth classif.ce warnings errors runtime_learners
INFO  [16:52:47.705] [bbotk]      121 0.02628672         7  0.1102222        0      0            0.731
INFO  [16:52:47.705] [bbotk]                                 uhash
INFO  [16:52:47.705] [bbotk]  1b4f5e8c-7530-4f39-91d8-bdd4d65ebd20
INFO  [16:52:47.709] [bbotk] Evaluating 1 configuration(s)
INFO  [16:52:47.882] [bbotk] Result of batch 3:
INFO  [16:52:47.883] [bbotk]  nrounds       eta max_depth classif.ce warnings errors runtime_learners
INFO  [16:52:47.883] [bbotk]       51 0.1471931         2  0.1146667        0      0            0.106
INFO  [16:52:47.883] [bbotk]                                 uhash
INFO  [16:52:47.883] [bbotk]  d422f8e4-d485-4943-9de2-a42b1dbf9f96
INFO  [16:52:47.887] [bbotk] Evaluating 1 configuration(s)
INFO  [16:52:48.801] [bbotk] Result of batch 4:
INFO  [16:52:48.802] [bbotk]  nrounds       eta max_depth classif.ce warnings errors runtime_learners
INFO  [16:52:48.802] [bbotk]      185 0.2725333         8  0.1146667        0      0            0.873
INFO  [16:52:48.802] [bbotk]                                 uhash
INFO  [16:52:48.802] [bbotk]  93d75cbc-ac8a-4997-9325-625ba98969b3
INFO  [16:52:48.811] [bbotk] Evaluating 1 configuration(s)
INFO  [16:52:49.164] [bbotk] Result of batch 5:
INFO  [16:52:49.166] [bbotk]  nrounds       eta max_depth classif.ce warnings errors runtime_learners
INFO  [16:52:49.166] [bbotk]       76 0.1571945         5  0.1066667        0      0            0.318
INFO  [16:52:49.166] [bbotk]                                 uhash
INFO  [16:52:49.166] [bbotk]  cac1e74d-9c06-4ec0-b8ba-13385e5d782d
INFO  [16:52:49.173] [bbotk] Evaluating 1 configuration(s)
INFO  [16:52:49.554] [bbotk] Result of batch 6:
INFO  [16:52:49.556] [bbotk]  nrounds       eta max_depth classif.ce warnings errors runtime_learners
INFO  [16:52:49.556] [bbotk]      122 0.2072694         3  0.1182222        0      0            0.319
INFO  [16:52:49.556] [bbotk]                                 uhash
INFO  [16:52:49.556] [bbotk]  0d8cce5e-f60f-4957-89ed-eabaf4940e2f
INFO  [16:52:49.560] [bbotk] Evaluating 1 configuration(s)
INFO  [16:52:50.198] [bbotk] Result of batch 7:
INFO  [16:52:50.199] [bbotk]  nrounds       eta max_depth classif.ce warnings errors runtime_learners
INFO  [16:52:50.199] [bbotk]       99 0.1409667        10  0.1164444        0      0            0.594
INFO  [16:52:50.199] [bbotk]                                 uhash
INFO  [16:52:50.199] [bbotk]  568b90b7-6d67-423d-8d2e-d9327c3b4eea
INFO  [16:52:50.204] [bbotk] Evaluating 1 configuration(s)
INFO  [16:52:51.380] [bbotk] Result of batch 8:
INFO  [16:52:51.381] [bbotk]  nrounds       eta max_depth classif.ce warnings errors runtime_learners
INFO  [16:52:51.381] [bbotk]      250 0.1735792        10  0.1146667        0      0             1.13
INFO  [16:52:51.381] [bbotk]                                 uhash
INFO  [16:52:51.381] [bbotk]  153cfc3d-ee9b-4bbe-b75d-0e551cea8d63
INFO  [16:52:51.389] [bbotk] Evaluating 1 configuration(s)
INFO  [16:52:52.498] [bbotk] Result of batch 9:
INFO  [16:52:52.499] [bbotk]  nrounds       eta max_depth classif.ce warnings errors runtime_learners
INFO  [16:52:52.499] [bbotk]      247 0.2225688         9  0.1128889        0      0            1.058
INFO  [16:52:52.499] [bbotk]                                 uhash
INFO  [16:52:52.499] [bbotk]  f29bad9e-589f-4dc1-8ecd-c647239f5d0a
INFO  [16:52:52.502] [bbotk] Evaluating 1 configuration(s)
INFO  [16:52:53.131] [bbotk] Result of batch 10:
INFO  [16:52:53.132] [bbotk]  nrounds       eta max_depth classif.ce warnings errors runtime_learners
INFO  [16:52:53.132] [bbotk]      127 0.2453485         8  0.1155556        0      0            0.584
INFO  [16:52:53.132] [bbotk]                                 uhash
INFO  [16:52:53.132] [bbotk]  e664d2ad-a939-46da-9c1d-9b45b1c6e202
INFO  [16:52:53.146] [bbotk] Finished optimizing after 10 evaluation(s)
INFO  [16:52:53.147] [bbotk] Result:
INFO  [16:52:53.147] [bbotk]  nrounds       eta max_depth learner_param_vals  x_domain classif.ce
INFO  [16:52:53.147] [bbotk]    <int>     <num>     <int>             <list>    <list>      <num>
INFO  [16:52:53.147] [bbotk]       76 0.1571945         5          <list[5]> <list[3]>  0.1066667
INFO  [16:52:53.360] [bbotk] Starting to optimize 3 parameter(s) with '<OptimizerBatchRandomSearch>' and '<TerminatorEvals> [n_evals=10, k=0]'
INFO  [16:52:53.382] [bbotk] Evaluating 1 configuration(s)
INFO  [16:52:54.461] [bbotk] Result of batch 1:
INFO  [16:52:54.463] [bbotk]  nrounds        eta max_depth classif.ce warnings errors runtime_learners
INFO  [16:52:54.463] [bbotk]      238 0.09332519         5  0.1146667        0      0            1.036
INFO  [16:52:54.463] [bbotk]                                 uhash
INFO  [16:52:54.463] [bbotk]  9928eda3-59cf-47ba-a49d-3e5cbb56c2f2
INFO  [16:52:54.472] [bbotk] Evaluating 1 configuration(s)
INFO  [16:52:55.450] [bbotk] Result of batch 2:
INFO  [16:52:55.451] [bbotk]  nrounds       eta max_depth classif.ce warnings errors runtime_learners
INFO  [16:52:55.451] [bbotk]      271 0.2996035         7  0.1084444        0      0            0.937
INFO  [16:52:55.451] [bbotk]                                 uhash
INFO  [16:52:55.451] [bbotk]  2f27d556-9506-4b1b-9897-b2534aad7c5f
INFO  [16:52:55.458] [bbotk] Evaluating 1 configuration(s)
INFO  [16:52:56.795] [bbotk] Result of batch 3:
INFO  [16:52:56.796] [bbotk]  nrounds       eta max_depth classif.ce warnings errors runtime_learners
INFO  [16:52:56.796] [bbotk]      299 0.2066268         9  0.1093333        0      0             1.28
INFO  [16:52:56.796] [bbotk]                                 uhash
INFO  [16:52:56.796] [bbotk]  2f604c93-c749-4fad-8da8-1015720463a3
INFO  [16:52:56.803] [bbotk] Evaluating 1 configuration(s)
INFO  [16:52:57.736] [bbotk] Result of batch 4:
INFO  [16:52:57.737] [bbotk]  nrounds       eta max_depth classif.ce warnings errors runtime_learners
INFO  [16:52:57.737] [bbotk]      212 0.2780914        10      0.104        0      0            0.883
INFO  [16:52:57.737] [bbotk]                                 uhash
INFO  [16:52:57.737] [bbotk]  a9399b01-22e6-4379-89cf-60faa69fb575
INFO  [16:52:57.745] [bbotk] Evaluating 1 configuration(s)
INFO  [16:52:58.295] [bbotk] Result of batch 5:
INFO  [16:52:58.297] [bbotk]  nrounds       eta max_depth classif.ce warnings errors runtime_learners
INFO  [16:52:58.297] [bbotk]      107 0.1306074         6  0.1102222        0      0             0.51
INFO  [16:52:58.297] [bbotk]                                 uhash
INFO  [16:52:58.297] [bbotk]  7abff673-2faf-481c-9e8c-9299e8722e9b
INFO  [16:52:58.307] [bbotk] Evaluating 1 configuration(s)
INFO  [16:52:59.051] [bbotk] Result of batch 6:
INFO  [16:52:59.054] [bbotk]  nrounds       eta max_depth classif.ce warnings errors runtime_learners
INFO  [16:52:59.054] [bbotk]      199 0.2322455         4  0.1128889        0      0            0.689
INFO  [16:52:59.054] [bbotk]                                 uhash
INFO  [16:52:59.054] [bbotk]  d3414999-6018-4b5b-9f34-2a170c95c92d
INFO  [16:52:59.060] [bbotk] Evaluating 1 configuration(s)
INFO  [16:52:59.564] [bbotk] Result of batch 7:
INFO  [16:52:59.566] [bbotk]  nrounds        eta max_depth classif.ce warnings errors runtime_learners
INFO  [16:52:59.566] [bbotk]       70 0.07097932         9  0.1093333        0      0            0.455
INFO  [16:52:59.566] [bbotk]                                 uhash
INFO  [16:52:59.566] [bbotk]  590f8b5f-1908-4792-ab08-3018a99df428
INFO  [16:52:59.573] [bbotk] Evaluating 1 configuration(s)
INFO  [16:52:59.983] [bbotk] Result of batch 8:
INFO  [16:52:59.985] [bbotk]  nrounds       eta max_depth classif.ce warnings errors runtime_learners
INFO  [16:52:59.985] [bbotk]      189 0.2940151         2  0.1093333        0      0             0.37
INFO  [16:52:59.985] [bbotk]                                 uhash
INFO  [16:52:59.985] [bbotk]  2d5073fa-3b8f-4cdf-bce6-8745573e0d72
INFO  [16:52:59.995] [bbotk] Evaluating 1 configuration(s)
INFO  [16:53:00.800] [bbotk] Result of batch 9:
INFO  [16:53:00.801] [bbotk]  nrounds       eta max_depth classif.ce warnings errors runtime_learners
INFO  [16:53:00.801] [bbotk]      296 0.1120689         3  0.1093333        0      0            0.756
INFO  [16:53:00.801] [bbotk]                                 uhash
INFO  [16:53:00.801] [bbotk]  e01992ff-c3d8-4633-8cce-0e61d88176fd
INFO  [16:53:00.805] [bbotk] Evaluating 1 configuration(s)
INFO  [16:53:01.141] [bbotk] Result of batch 10:
INFO  [16:53:01.142] [bbotk]  nrounds       eta max_depth classif.ce warnings errors runtime_learners
INFO  [16:53:01.142] [bbotk]      119 0.2422591         3  0.1182222        0      0            0.298
INFO  [16:53:01.142] [bbotk]                                 uhash
INFO  [16:53:01.142] [bbotk]  43f75529-6db4-41e9-9eb2-7fb85a7959eb
INFO  [16:53:01.156] [bbotk] Finished optimizing after 10 evaluation(s)
INFO  [16:53:01.156] [bbotk] Result:
INFO  [16:53:01.157] [bbotk]  nrounds       eta max_depth learner_param_vals  x_domain classif.ce
INFO  [16:53:01.157] [bbotk]    <int>     <num>     <int>             <list>    <list>      <num>
INFO  [16:53:01.157] [bbotk]      212 0.2780914        10          <list[5]> <list[3]>      0.104
INFO  [16:53:01.719] [bbotk] Starting to optimize 3 parameter(s) with '<OptimizerBatchRandomSearch>' and '<TerminatorEvals> [n_evals=10, k=0]'
INFO  [16:53:01.730] [bbotk] Evaluating 1 configuration(s)
INFO  [16:53:03.247] [bbotk] Result of batch 1:
INFO  [16:53:03.248] [bbotk]  nrounds        eta max_depth classif.ce warnings errors runtime_learners
INFO  [16:53:03.248] [bbotk]      234 0.07384358        10  0.1074492        0      0            1.457
INFO  [16:53:03.248] [bbotk]                                 uhash
INFO  [16:53:03.248] [bbotk]  20b35c2c-34ae-4f7e-b5e7-7221a0a10f05
INFO  [16:53:03.252] [bbotk] Evaluating 1 configuration(s)
INFO  [16:53:04.302] [bbotk] Result of batch 2:
INFO  [16:53:04.304] [bbotk]  nrounds        eta max_depth classif.ce warnings errors runtime_learners
INFO  [16:53:04.304] [bbotk]      199 0.05986116         6  0.1110024        0      0            1.015
INFO  [16:53:04.304] [bbotk]                                 uhash
INFO  [16:53:04.304] [bbotk]  8432d5a0-5260-4b00-845b-374848c5ed51
INFO  [16:53:04.313] [bbotk] Evaluating 1 configuration(s)
INFO  [16:53:05.124] [bbotk] Result of batch 3:
INFO  [16:53:05.125] [bbotk]  nrounds        eta max_depth classif.ce warnings errors runtime_learners
INFO  [16:53:05.125] [bbotk]      157 0.08785562         6  0.1074492        0      0            0.764
INFO  [16:53:05.125] [bbotk]                                 uhash
INFO  [16:53:05.125] [bbotk]  af8e66d6-4e79-4613-b1cb-160f4072d3b8
INFO  [16:53:05.131] [bbotk] Evaluating 1 configuration(s)
INFO  [16:53:05.935] [bbotk] Result of batch 4:
INFO  [16:53:05.936] [bbotk]  nrounds       eta max_depth classif.ce warnings errors runtime_learners
INFO  [16:53:05.936] [bbotk]      135 0.1749515         9  0.1092222        0      0            0.769
INFO  [16:53:05.936] [bbotk]                                 uhash
INFO  [16:53:05.936] [bbotk]  52a41da8-4ebb-4a31-8479-08ce220df779
INFO  [16:53:05.939] [bbotk] Evaluating 1 configuration(s)
INFO  [16:53:06.436] [bbotk] Result of batch 5:
INFO  [16:53:06.438] [bbotk]  nrounds       eta max_depth classif.ce warnings errors runtime_learners
INFO  [16:53:06.438] [bbotk]       82 0.1125493         5  0.1110071        0      0            0.448
INFO  [16:53:06.438] [bbotk]                                 uhash
INFO  [16:53:06.438] [bbotk]  78a05084-bbc7-43b9-81bf-852982623819
INFO  [16:53:06.449] [bbotk] Evaluating 1 configuration(s)
INFO  [16:53:07.947] [bbotk] Result of batch 6:
INFO  [16:53:07.948] [bbotk]  nrounds        eta max_depth classif.ce warnings errors runtime_learners
INFO  [16:53:07.948] [bbotk]      275 0.08342011         7      0.111        0      0            1.437
INFO  [16:53:07.948] [bbotk]                                 uhash
INFO  [16:53:07.948] [bbotk]  39749ef7-b72b-46ca-9a46-26b2007d61da
INFO  [16:53:07.963] [bbotk] Evaluating 1 configuration(s)
INFO  [16:53:08.271] [bbotk] Result of batch 7:
INFO  [16:53:08.272] [bbotk]  nrounds       eta max_depth classif.ce warnings errors runtime_learners
INFO  [16:53:08.272] [bbotk]       75 0.2350296         3  0.1101135        0      0            0.248
INFO  [16:53:08.272] [bbotk]                                 uhash
INFO  [16:53:08.272] [bbotk]  1cbb1fa9-cb04-4f8b-970f-d16508ea24a3
INFO  [16:53:08.281] [bbotk] Evaluating 1 configuration(s)
INFO  [16:53:08.887] [bbotk] Result of batch 8:
INFO  [16:53:08.889] [bbotk]  nrounds       eta max_depth classif.ce warnings errors runtime_learners
INFO  [16:53:08.889] [bbotk]      108 0.2667794         5  0.1047872        0      0            0.543
INFO  [16:53:08.889] [bbotk]                                 uhash
INFO  [16:53:08.889] [bbotk]  f0c3e6a1-a206-4cd6-ae81-a0f4f7c2402f
INFO  [16:53:08.897] [bbotk] Evaluating 1 configuration(s)
INFO  [16:53:09.757] [bbotk] Result of batch 9:
INFO  [16:53:09.759] [bbotk]  nrounds       eta max_depth classif.ce warnings errors runtime_learners
INFO  [16:53:09.759] [bbotk]      286 0.2792887         3  0.1136643        0      0            0.818
INFO  [16:53:09.759] [bbotk]                                 uhash
INFO  [16:53:09.759] [bbotk]  71e52956-de70-47d0-be57-7db8e960a40a
INFO  [16:53:09.776] [bbotk] Evaluating 1 configuration(s)
INFO  [16:53:11.049] [bbotk] Result of batch 10:
INFO  [16:53:11.050] [bbotk]  nrounds        eta max_depth classif.ce warnings errors runtime_learners
INFO  [16:53:11.050] [bbotk]      240 0.08677712         6  0.1047825        0      0            1.219
INFO  [16:53:11.050] [bbotk]                                 uhash
INFO  [16:53:11.050] [bbotk]  6728b701-efb4-4bef-8697-8a47893ddc18
INFO  [16:53:11.066] [bbotk] Finished optimizing after 10 evaluation(s)
INFO  [16:53:11.066] [bbotk] Result:
INFO  [16:53:11.067] [bbotk]  nrounds        eta max_depth learner_param_vals  x_domain classif.ce
INFO  [16:53:11.067] [bbotk]    <int>      <num>     <int>             <list>    <list>      <num>
INFO  [16:53:11.067] [bbotk]      240 0.08677712         6          <list[5]> <list[3]>  0.1047825
INFO  [16:53:11.706] [bbotk] Starting to optimize 3 parameter(s) with '<OptimizerBatchRandomSearch>' and '<TerminatorEvals> [n_evals=10, k=0]'
INFO  [16:53:11.733] [bbotk] Evaluating 1 configuration(s)
INFO  [16:53:12.597] [bbotk] Result of batch 1:
INFO  [16:53:12.598] [bbotk]  nrounds       eta max_depth classif.ce warnings errors runtime_learners
INFO  [16:53:12.598] [bbotk]      139 0.1653273         8 0.09413712        0      0            0.799
INFO  [16:53:12.598] [bbotk]                                 uhash
INFO  [16:53:12.598] [bbotk]  f73f513c-0b84-4e30-b928-0efff2555ffa
INFO  [16:53:12.606] [bbotk] Evaluating 1 configuration(s)
INFO  [16:53:13.427] [bbotk] Result of batch 2:
INFO  [16:53:13.429] [bbotk]  nrounds        eta max_depth classif.ce warnings errors runtime_learners
INFO  [16:53:13.429] [bbotk]      209 0.08884587         4  0.1030236        0      0            0.769
INFO  [16:53:13.429] [bbotk]                                 uhash
INFO  [16:53:13.429] [bbotk]  a2f04567-2fae-41ab-b910-316cfcce4fc7
INFO  [16:53:13.433] [bbotk] Evaluating 1 configuration(s)
INFO  [16:55:53.987] [bbotk] Result of batch 3:
INFO  [16:55:53.989] [bbotk]  nrounds        eta max_depth classif.ce warnings errors runtime_learners
INFO  [16:55:53.989] [bbotk]      273 0.02900178        10  0.1003641        0      0          160.511
INFO  [16:55:53.989] [bbotk]                                 uhash
INFO  [16:55:53.989] [bbotk]  ae9ed5e0-9b39-4ce0-90fe-d89cb8945dbc
INFO  [16:55:53.997] [bbotk] Evaluating 1 configuration(s)
INFO  [16:55:54.631] [bbotk] Result of batch 4:
INFO  [16:55:54.632] [bbotk]  nrounds       eta max_depth classif.ce warnings errors runtime_learners
INFO  [16:55:54.632] [bbotk]      300 0.2828059         2  0.1119078        0      0             0.59
INFO  [16:55:54.632] [bbotk]                                 uhash
INFO  [16:55:54.632] [bbotk]  f143312f-813c-4ae8-80a2-86bc09a2e92d
INFO  [16:55:54.641] [bbotk] Evaluating 1 configuration(s)
INFO  [16:55:54.843] [bbotk] Result of batch 5:
INFO  [16:55:54.845] [bbotk]  nrounds       eta max_depth classif.ce warnings errors runtime_learners
INFO  [16:55:54.845] [bbotk]       72 0.2209137         2  0.1074657        0      0             0.16
INFO  [16:55:54.845] [bbotk]                                 uhash
INFO  [16:55:54.845] [bbotk]  a3222265-41c1-48f2-9f94-bfce4c27cc3c
INFO  [16:55:54.854] [bbotk] Evaluating 1 configuration(s)
INFO  [16:55:55.538] [bbotk] Result of batch 6:
INFO  [16:55:55.540] [bbotk]  nrounds       eta max_depth classif.ce warnings errors runtime_learners
INFO  [16:55:55.540] [bbotk]      180 0.2419305         4  0.1012506        0      0            0.641
INFO  [16:55:55.540] [bbotk]                                 uhash
INFO  [16:55:55.540] [bbotk]  dd6be9ad-f594-4eae-8a2d-4e1df8e2c5ef
INFO  [16:55:55.566] [bbotk] Evaluating 1 configuration(s)
INFO  [16:55:56.153] [bbotk] Result of batch 7:
INFO  [16:55:56.154] [bbotk]  nrounds       eta max_depth classif.ce warnings errors runtime_learners
INFO  [16:55:56.154] [bbotk]      268 0.1121971         2  0.1065863        0      0            0.538
INFO  [16:55:56.154] [bbotk]                                 uhash
INFO  [16:55:56.154] [bbotk]  038ddb52-a161-4857-8df1-84fb4ff7ad43
INFO  [16:55:56.168] [bbotk] Evaluating 1 configuration(s)
INFO  [16:55:57.402] [bbotk] Result of batch 8:
INFO  [16:55:57.403] [bbotk]  nrounds       eta max_depth classif.ce warnings errors runtime_learners
INFO  [16:55:57.403] [bbotk]      267 0.2458026        10 0.09769267        0      0            1.187
INFO  [16:55:57.403] [bbotk]                                 uhash
INFO  [16:55:57.403] [bbotk]  73cfd409-d662-45ab-ac0e-23b57108a952
INFO  [16:55:57.410] [bbotk] Evaluating 1 configuration(s)
INFO  [16:55:58.490] [bbotk] Result of batch 9:
INFO  [16:55:58.491] [bbotk]  nrounds        eta max_depth classif.ce warnings errors runtime_learners
INFO  [16:55:58.491] [bbotk]      176 0.08090756         7 0.09414421        0      0            1.025
INFO  [16:55:58.491] [bbotk]                                 uhash
INFO  [16:55:58.491] [bbotk]  ff693db9-379d-495d-bfde-43aff78abf7d
INFO  [16:55:58.495] [bbotk] Evaluating 1 configuration(s)
INFO  [16:55:59.252] [bbotk] Result of batch 10:
INFO  [16:55:59.254] [bbotk]  nrounds       eta max_depth classif.ce warnings errors runtime_learners
INFO  [16:55:59.254] [bbotk]      114 0.0249512         7  0.1048014        0      0            0.705
INFO  [16:55:59.254] [bbotk]                                 uhash
INFO  [16:55:59.254] [bbotk]  d689c10f-0790-40b9-bdf5-2caba6b3e5fa
INFO  [16:55:59.263] [bbotk] Finished optimizing after 10 evaluation(s)
INFO  [16:55:59.263] [bbotk] Result:
INFO  [16:55:59.265] [bbotk]  nrounds       eta max_depth learner_param_vals  x_domain classif.ce
INFO  [16:55:59.265] [bbotk]    <int>     <num>     <int>             <list>    <list>      <num>
INFO  [16:55:59.265] [bbotk]      139 0.1653273         8          <list[5]> <list[3]> 0.09413712
INFO  [16:55:59.723] [bbotk] Starting to optimize 3 parameter(s) with '<OptimizerBatchRandomSearch>' and '<TerminatorEvals> [n_evals=10, k=0]'
INFO  [16:55:59.747] [bbotk] Evaluating 1 configuration(s)
INFO  [16:56:00.399] [bbotk] Result of batch 1:
INFO  [16:56:00.401] [bbotk]  nrounds        eta max_depth classif.ce warnings errors runtime_learners
INFO  [16:56:00.401] [bbotk]      102 0.09235007         7  0.1198913        0      0            0.597
INFO  [16:56:00.401] [bbotk]                                 uhash
INFO  [16:56:00.401] [bbotk]  590e7fab-82eb-4210-8449-870e3203589f
INFO  [16:56:00.408] [bbotk] Evaluating 1 configuration(s)
INFO  [16:56:01.123] [bbotk] Result of batch 2:
INFO  [16:56:01.125] [bbotk]  nrounds       eta max_depth classif.ce warnings errors runtime_learners
INFO  [16:56:01.125] [bbotk]      175 0.2560548         5  0.1225579        0      0            0.667
INFO  [16:56:01.125] [bbotk]                                 uhash
INFO  [16:56:01.125] [bbotk]  0bdbbfae-787d-4b28-b8b3-370bbddf2518
INFO  [16:56:01.139] [bbotk] Evaluating 1 configuration(s)
INFO  [16:56:02.760] [bbotk] Result of batch 3:
INFO  [16:56:02.761] [bbotk]  nrounds       eta max_depth classif.ce warnings errors runtime_learners
INFO  [16:56:02.761] [bbotk]      289 0.0892932         8  0.1172293        0      0            1.583
INFO  [16:56:02.761] [bbotk]                                 uhash
INFO  [16:56:02.761] [bbotk]  2bfa4a24-9cd9-4e35-8c26-bcb766c0e53e
INFO  [16:56:02.773] [bbotk] Evaluating 1 configuration(s)
INFO  [16:56:03.433] [bbotk] Result of batch 4:
INFO  [16:56:03.440] [bbotk]  nrounds       eta max_depth classif.ce warnings errors runtime_learners
INFO  [16:56:03.440] [bbotk]      201 0.2922697         4  0.1296619        0      0            0.615
INFO  [16:56:03.440] [bbotk]                                 uhash
INFO  [16:56:03.440] [bbotk]  b85b80da-3076-4dfd-8c55-1b47fa4d1788
INFO  [16:56:03.451] [bbotk] Evaluating 1 configuration(s)
INFO  [16:56:04.297] [bbotk] Result of batch 5:
INFO  [16:56:04.298] [bbotk]  nrounds        eta max_depth classif.ce warnings errors runtime_learners
INFO  [16:56:04.298] [bbotk]      245 0.04244545         4  0.1181158        0      0             0.81
INFO  [16:56:04.298] [bbotk]                                 uhash
INFO  [16:56:04.298] [bbotk]  6d6bcef0-7f1e-4cde-a5cc-62d32f6ee5a5
INFO  [16:56:04.310] [bbotk] Evaluating 1 configuration(s)
INFO  [16:56:05.211] [bbotk] Result of batch 6:
INFO  [16:56:05.212] [bbotk]  nrounds        eta max_depth classif.ce warnings errors runtime_learners
INFO  [16:56:05.212] [bbotk]      129 0.06174854         8  0.1172293        0      0             0.86
INFO  [16:56:05.212] [bbotk]                                 uhash
INFO  [16:56:05.212] [bbotk]  6d67d107-1989-4c22-a8e3-e03d7ed3af62
INFO  [16:56:05.216] [bbotk] Evaluating 1 configuration(s)
INFO  [16:56:05.662] [bbotk] Result of batch 7:
INFO  [16:56:05.662] [bbotk]  nrounds       eta max_depth classif.ce warnings errors runtime_learners
INFO  [16:56:05.662] [bbotk]      185 0.2024195         2  0.1189953        0      0            0.383
INFO  [16:56:05.662] [bbotk]                                 uhash
INFO  [16:56:05.662] [bbotk]  c42b6635-72dd-4bcc-abbf-e646482bbb98
INFO  [16:56:05.666] [bbotk] Evaluating 1 configuration(s)
INFO  [16:56:06.715] [bbotk] Result of batch 8:
INFO  [16:56:06.716] [bbotk]  nrounds       eta max_depth classif.ce warnings errors runtime_learners
INFO  [16:56:06.716] [bbotk]      195 0.2178875         7  0.1216761        0      0            0.998
INFO  [16:56:06.716] [bbotk]                                 uhash
INFO  [16:56:06.716] [bbotk]  a9fb995c-4b3f-4be9-a516-f92dce813898
INFO  [16:56:06.720] [bbotk] Evaluating 1 configuration(s)
INFO  [16:56:07.056] [bbotk] Result of batch 9:
INFO  [16:56:07.058] [bbotk]  nrounds       eta max_depth classif.ce warnings errors runtime_learners
INFO  [16:56:07.058] [bbotk]      172 0.2923452         2  0.1296572        0      0            0.287
INFO  [16:56:07.058] [bbotk]                                 uhash
INFO  [16:56:07.058] [bbotk]  3d998e16-7400-4714-bf18-8044a2f0979b
INFO  [16:56:07.064] [bbotk] Evaluating 1 configuration(s)
INFO  [16:56:07.430] [bbotk] Result of batch 10:
INFO  [16:56:07.431] [bbotk]  nrounds      eta max_depth classif.ce warnings errors runtime_learners
INFO  [16:56:07.431] [bbotk]       61 0.284133         6  0.1181206        0      0            0.323
INFO  [16:56:07.431] [bbotk]                                 uhash
INFO  [16:56:07.431] [bbotk]  7a94e17f-0912-4950-81cd-a341cf965fb2
INFO  [16:56:07.445] [bbotk] Finished optimizing after 10 evaluation(s)
INFO  [16:56:07.446] [bbotk] Result:
INFO  [16:56:07.447] [bbotk]  nrounds       eta max_depth learner_param_vals  x_domain classif.ce
INFO  [16:56:07.447] [bbotk]    <int>     <num>     <int>             <list>    <list>      <num>
INFO  [16:56:07.447] [bbotk]      289 0.0892932         8          <list[5]> <list[3]>  0.1172293

### [bt]: Job terminated successfully [batchtools job.id=1468]
### [bt]: Starting job [batchtools job.id=1469]
### [bt]: Generating problem instance for problem '78e20b4b43a56ff6' ...
### [bt]: Applying algorithm 'run_learner' on problem '78e20b4b43a56ff6' for job 1469 (seed = 1470) ...
INFO  [16:56:08.379] [mlr3] Applying learner 'classif.xgboost.tuned_calib.oof_isotonic' on task 'pc3' (iter 9/10)
INFO  [16:56:08.458] [bbotk] Starting to optimize 3 parameter(s) with '<OptimizerBatchRandomSearch>' and '<TerminatorEvals> [n_evals=10, k=0]'
INFO  [16:56:08.470] [bbotk] Evaluating 1 configuration(s)
INFO  [16:56:08.969] [bbotk] Result of batch 1:
INFO  [16:56:08.970] [bbotk]  nrounds       eta max_depth classif.ce warnings errors runtime_learners
INFO  [16:56:08.970] [bbotk]      273 0.1553957         2  0.1057778        0      0            0.461
INFO  [16:56:08.970] [bbotk]                                 uhash
INFO  [16:56:08.970] [bbotk]  399c895b-cc80-427b-955c-799043bbbb0e
INFO  [16:56:08.974] [bbotk] Evaluating 1 configuration(s)
INFO  [16:56:10.331] [bbotk] Result of batch 2:
INFO  [16:56:10.332] [bbotk]  nrounds        eta max_depth classif.ce warnings errors runtime_learners
INFO  [16:56:10.332] [bbotk]      203 0.05224609         9  0.1066667        0      0            1.299
INFO  [16:56:10.332] [bbotk]                                 uhash
INFO  [16:56:10.332] [bbotk]  5afc9f1a-392b-447c-b81c-70965da6c4a7
INFO  [16:56:10.338] [bbotk] Evaluating 1 configuration(s)
INFO  [16:56:10.830] [bbotk] Result of batch 3:
INFO  [16:56:10.832] [bbotk]  nrounds        eta max_depth classif.ce warnings errors runtime_learners
INFO  [16:56:10.832] [bbotk]      141 0.01279521         4  0.1173333        0      0            0.443
INFO  [16:56:10.832] [bbotk]                                 uhash
INFO  [16:56:10.832] [bbotk]  f2ecb4be-518c-494f-9523-79f4dc045960
INFO  [16:56:10.841] [bbotk] Evaluating 1 configuration(s)
INFO  [16:56:11.150] [bbotk] Result of batch 4:
INFO  [16:56:11.151] [bbotk]  nrounds       eta max_depth classif.ce warnings errors runtime_learners
INFO  [16:56:11.151] [bbotk]      104 0.2040005         3  0.1031111        0      0            0.267
INFO  [16:56:11.151] [bbotk]                                 uhash
INFO  [16:56:11.151] [bbotk]  afd587b8-2ca2-46fe-9c84-a0dc34e96fff
INFO  [16:56:11.156] [bbotk] Evaluating 1 configuration(s)
INFO  [16:56:12.256] [bbotk] Result of batch 5:
INFO  [16:56:12.257] [bbotk]  nrounds      eta max_depth classif.ce warnings errors runtime_learners
INFO  [16:56:12.257] [bbotk]      258 0.113151         5  0.1013333        0      0            1.055
INFO  [16:56:12.257] [bbotk]                                 uhash
INFO  [16:56:12.257] [bbotk]  d6d18f09-a835-4215-9213-d8c8003400c3
INFO  [16:56:12.268] [bbotk] Evaluating 1 configuration(s)
INFO  [16:56:13.168] [bbotk] Result of batch 6:
INFO  [16:56:13.169] [bbotk]  nrounds       eta max_depth classif.ce warnings errors runtime_learners
INFO  [16:56:13.169] [bbotk]      243 0.2901346         8  0.1057778        0      0            0.853
INFO  [16:56:13.169] [bbotk]                                 uhash
INFO  [16:56:13.169] [bbotk]  2c6b29bd-c7b7-4d18-a285-f5a1a9dae074
INFO  [16:56:13.173] [bbotk] Evaluating 1 configuration(s)
INFO  [16:56:13.408] [bbotk] Result of batch 7:
INFO  [16:56:13.409] [bbotk]  nrounds        eta max_depth classif.ce warnings errors runtime_learners
INFO  [16:56:13.409] [bbotk]       83 0.03245742         3  0.1137778        0      0            0.201
INFO  [16:56:13.409] [bbotk]                                 uhash
INFO  [16:56:13.409] [bbotk]  a15f488d-12d9-4e56-bdf7-49ef4beedef7
INFO  [16:56:13.416] [bbotk] Evaluating 1 configuration(s)
INFO  [16:56:14.024] [bbotk] Result of batch 8:
INFO  [16:56:14.026] [bbotk]  nrounds       eta max_depth classif.ce warnings errors runtime_learners
INFO  [16:56:14.026] [bbotk]      120 0.2580388         7  0.1066667        0      0            0.555
INFO  [16:56:14.026] [bbotk]                                 uhash
INFO  [16:56:14.026] [bbotk]  44ee8649-5fd5-4329-a785-e0af232a494d
INFO  [16:56:14.037] [bbotk] Evaluating 1 configuration(s)
INFO  [16:56:14.390] [bbotk] Result of batch 9:
INFO  [16:56:14.391] [bbotk]  nrounds       eta max_depth classif.ce warnings errors runtime_learners
INFO  [16:56:14.391] [bbotk]      121 0.2291904         3  0.1057778        0      0            0.319
INFO  [16:56:14.391] [bbotk]                                 uhash
INFO  [16:56:14.391] [bbotk]  ce495c34-585a-4fde-8d52-369becfa7b17
INFO  [16:56:14.395] [bbotk] Evaluating 1 configuration(s)
INFO  [16:56:15.173] [bbotk] Result of batch 10:
INFO  [16:56:15.174] [bbotk]  nrounds      eta max_depth classif.ce warnings errors runtime_learners
INFO  [16:56:15.174] [bbotk]      156 0.229119         7  0.1102222        0      0            0.742
INFO  [16:56:15.174] [bbotk]                                 uhash
INFO  [16:56:15.174] [bbotk]  fd3e1b94-df6b-4203-9abf-d47145f1104d
INFO  [16:56:15.188] [bbotk] Finished optimizing after 10 evaluation(s)
INFO  [16:56:15.188] [bbotk] Result:
INFO  [16:56:15.189] [bbotk]  nrounds      eta max_depth learner_param_vals  x_domain classif.ce
INFO  [16:56:15.189] [bbotk]    <int>    <num>     <int>             <list>    <list>      <num>
INFO  [16:56:15.189] [bbotk]      258 0.113151         5          <list[5]> <list[3]>  0.1013333
INFO  [16:56:15.745] [bbotk] Starting to optimize 3 parameter(s) with '<OptimizerBatchRandomSearch>' and '<TerminatorEvals> [n_evals=10, k=0]'
INFO  [16:56:15.759] [bbotk] Evaluating 1 configuration(s)
INFO  [16:56:16.649] [bbotk] Result of batch 1:
INFO  [16:56:16.649] [bbotk]  nrounds       eta max_depth classif.ce warnings errors runtime_learners
INFO  [16:56:16.649] [bbotk]      180 0.1844934        10 0.09777778        0      0            0.843
INFO  [16:56:16.649] [bbotk]                                 uhash
INFO  [16:56:16.649] [bbotk]  6ae8a06d-002b-4359-b159-522a7bb5d53f
INFO  [16:56:16.653] [bbotk] Evaluating 1 configuration(s)
INFO  [16:56:17.443] [bbotk] Result of batch 2:
INFO  [16:56:17.444] [bbotk]  nrounds       eta max_depth classif.ce warnings errors runtime_learners
INFO  [16:56:17.444] [bbotk]      175 0.1895321         6 0.09866667        0      0            0.738
INFO  [16:56:17.444] [bbotk]                                 uhash
INFO  [16:56:17.444] [bbotk]  e37360ed-a721-4c57-8497-74d886f1be01
INFO  [16:56:17.448] [bbotk] Evaluating 1 configuration(s)
INFO  [16:56:18.459] [bbotk] Result of batch 3:
INFO  [16:56:18.460] [bbotk]  nrounds        eta max_depth classif.ce warnings errors runtime_learners
INFO  [16:56:18.460] [bbotk]      224 0.05828764         5  0.1004444        0      0            0.967
INFO  [16:56:18.460] [bbotk]                                 uhash
INFO  [16:56:18.460] [bbotk]  41c646d0-72fc-4858-ab59-139df8a35ca1
INFO  [16:56:18.464] [bbotk] Evaluating 1 configuration(s)
INFO  [16:56:18.866] [bbotk] Result of batch 4:
INFO  [16:56:18.867] [bbotk]  nrounds       eta max_depth classif.ce warnings errors runtime_learners
INFO  [16:56:18.867] [bbotk]      103 0.2119345         4  0.1075556        0      0            0.364
INFO  [16:56:18.867] [bbotk]                                 uhash
INFO  [16:56:18.867] [bbotk]  53a10608-8c2d-4f94-a9d2-b46f055c6e41
INFO  [16:56:18.872] [bbotk] Evaluating 1 configuration(s)
INFO  [16:56:19.679] [bbotk] Result of batch 5:
INFO  [16:56:19.680] [bbotk]  nrounds       eta max_depth classif.ce warnings errors runtime_learners
INFO  [16:56:19.680] [bbotk]      164 0.1205041         6      0.104        0      0            0.762
INFO  [16:56:19.680] [bbotk]                                 uhash
INFO  [16:56:19.680] [bbotk]  06bf1392-ba29-46ca-8ff5-785e1a463a54
INFO  [16:56:19.684] [bbotk] Evaluating 1 configuration(s)
INFO  [16:56:21.014] [bbotk] Result of batch 6:
INFO  [16:56:21.015] [bbotk]  nrounds        eta max_depth classif.ce warnings errors runtime_learners
INFO  [16:56:21.015] [bbotk]      240 0.07961225         8  0.1013333        0      0            1.277
INFO  [16:56:21.015] [bbotk]                                 uhash
INFO  [16:56:21.015] [bbotk]  b52ba469-07d4-4631-93b0-ef5fb628402e
INFO  [16:56:21.018] [bbotk] Evaluating 1 configuration(s)
INFO  [16:56:21.533] [bbotk] Result of batch 7:
INFO  [16:56:21.535] [bbotk]  nrounds       eta max_depth classif.ce warnings errors runtime_learners
INFO  [16:56:21.535] [bbotk]       73 0.0777757         8  0.1084444        0      0            0.478
INFO  [16:56:21.535] [bbotk]                                 uhash
INFO  [16:56:21.535] [bbotk]  76a4bbcf-db34-4cbd-a68d-5e5bb95d06f6
INFO  [16:56:21.539] [bbotk] Evaluating 1 configuration(s)
INFO  [16:56:22.723] [bbotk] Result of batch 8:
INFO  [16:56:22.725] [bbotk]  nrounds        eta max_depth classif.ce warnings errors runtime_learners
INFO  [16:56:22.725] [bbotk]      241 0.08151648         6 0.09866667        0      0            1.134
INFO  [16:56:22.725] [bbotk]                                 uhash
INFO  [16:56:22.725] [bbotk]  cba3d93d-e316-471b-9b22-109f7e0dd73b
INFO  [16:56:22.734] [bbotk] Evaluating 1 configuration(s)
INFO  [16:56:23.218] [bbotk] Result of batch 9:
INFO  [16:56:23.220] [bbotk]  nrounds       eta max_depth classif.ce warnings errors runtime_learners
INFO  [16:56:23.220] [bbotk]       72 0.2866625         7  0.1031111        0      0            0.429
INFO  [16:56:23.220] [bbotk]                                 uhash
INFO  [16:56:23.220] [bbotk]  e48fee9e-1829-4951-87e9-1392c5fba3cd
INFO  [16:56:23.227] [bbotk] Evaluating 1 configuration(s)
INFO  [16:56:23.938] [bbotk] Result of batch 10:
INFO  [16:56:23.939] [bbotk]  nrounds        eta max_depth classif.ce warnings errors runtime_learners
INFO  [16:56:23.939] [bbotk]      105 0.07110812         7  0.1075556        0      0             0.67
INFO  [16:56:23.939] [bbotk]                                 uhash
INFO  [16:56:23.939] [bbotk]  782959b4-54b4-42bd-87ed-6502ed0d5638
INFO  [16:56:23.959] [bbotk] Finished optimizing after 10 evaluation(s)
INFO  [16:56:23.959] [bbotk] Result:
INFO  [16:56:23.961] [bbotk]  nrounds       eta max_depth learner_param_vals  x_domain classif.ce
INFO  [16:56:23.961] [bbotk]    <int>     <num>     <int>             <list>    <list>      <num>
INFO  [16:56:23.961] [bbotk]      180 0.1844934        10          <list[5]> <list[3]> 0.09777778
INFO  [16:56:24.463] [bbotk] Starting to optimize 3 parameter(s) with '<OptimizerBatchRandomSearch>' and '<TerminatorEvals> [n_evals=10, k=0]'
INFO  [16:56:24.477] [bbotk] Evaluating 1 configuration(s)
INFO  [16:56:25.361] [bbotk] Result of batch 1:
INFO  [16:56:25.363] [bbotk]  nrounds       eta max_depth classif.ce warnings errors runtime_learners
INFO  [16:56:25.363] [bbotk]      157 0.1360211         7  0.1154634        0      0             0.83
INFO  [16:56:25.363] [bbotk]                                 uhash
INFO  [16:56:25.363] [bbotk]  9dd50cd4-d726-4bc9-a89f-56e7425fa794
INFO  [16:56:25.369] [bbotk] Evaluating 1 configuration(s)
INFO  [16:56:26.315] [bbotk] Result of batch 2:
INFO  [16:56:26.316] [bbotk]  nrounds       eta max_depth classif.ce warnings errors runtime_learners
INFO  [16:56:26.316] [bbotk]      210 0.2281291         9  0.1154563        0      0            0.905
INFO  [16:56:26.316] [bbotk]                                 uhash
INFO  [16:56:26.316] [bbotk]  d2dc7eae-e21e-4564-91d5-cd3f2b95941b
INFO  [16:56:26.321] [bbotk] Evaluating 1 configuration(s)
INFO  [16:56:27.408] [bbotk] Result of batch 3:
INFO  [16:56:27.417] [bbotk]  nrounds       eta max_depth classif.ce warnings errors runtime_learners
INFO  [16:56:27.417] [bbotk]      217 0.1575436         8  0.1154586        0      0             1.05
INFO  [16:56:27.417] [bbotk]                                 uhash
INFO  [16:56:27.417] [bbotk]  0d751663-54f1-4dec-b666-7929f57ed110
INFO  [16:56:27.427] [bbotk] Evaluating 1 configuration(s)
INFO  [16:56:27.986] [bbotk] Result of batch 4:
INFO  [16:56:27.986] [bbotk]  nrounds       eta max_depth classif.ce warnings errors runtime_learners
INFO  [16:56:27.986] [bbotk]       87 0.1026253         7  0.1127943        0      0            0.512
INFO  [16:56:27.986] [bbotk]                                 uhash
INFO  [16:56:27.986] [bbotk]  e9b0f917-1f6a-40bf-9bec-603384ead33c
INFO  [16:56:27.990] [bbotk] Evaluating 1 configuration(s)
INFO  [16:56:28.166] [bbotk] Result of batch 5:
INFO  [16:56:28.167] [bbotk]  nrounds       eta max_depth classif.ce warnings errors runtime_learners
INFO  [16:56:28.167] [bbotk]       55 0.1855321         2  0.1127872        0      0            0.132
INFO  [16:56:28.167] [bbotk]                                 uhash
INFO  [16:56:28.167] [bbotk]  7a192daf-1036-49e6-b6e6-84f564563081
INFO  [16:56:28.171] [bbotk] Evaluating 1 configuration(s)
INFO  [16:56:28.683] [bbotk] Result of batch 6:
INFO  [16:56:28.684] [bbotk]  nrounds        eta max_depth classif.ce warnings errors runtime_learners
INFO  [16:56:28.684] [bbotk]      187 0.03801928         3  0.1136785        0      0            0.467
INFO  [16:56:28.684] [bbotk]                                 uhash
INFO  [16:56:28.684] [bbotk]  3c3d2b20-9703-4725-ad2d-4ac8f3cdb6ae
INFO  [16:56:28.690] [bbotk] Evaluating 1 configuration(s)
INFO  [16:56:30.107] [bbotk] Result of batch 7:
INFO  [16:56:30.108] [bbotk]  nrounds        eta max_depth classif.ce warnings errors runtime_learners
INFO  [16:56:30.108] [bbotk]      285 0.03977996         5  0.1154563        0      0            1.328
INFO  [16:56:30.108] [bbotk]                                 uhash
INFO  [16:56:30.108] [bbotk]  3cccc410-e3c4-4c0d-abdb-9c2dd28deca7
INFO  [16:56:30.112] [bbotk] Evaluating 1 configuration(s)
INFO  [16:56:30.611] [bbotk] Result of batch 8:
INFO  [16:56:30.613] [bbotk]  nrounds        eta max_depth classif.ce warnings errors runtime_learners
INFO  [16:56:30.613] [bbotk]       63 0.03100552        10   0.112792        0      0            0.464
INFO  [16:56:30.613] [bbotk]                                 uhash
INFO  [16:56:30.613] [bbotk]  4452264a-df03-4dcc-b4cc-4b895f7742b3
INFO  [16:56:30.623] [bbotk] Evaluating 1 configuration(s)
INFO  [16:56:31.051] [bbotk] Result of batch 9:
INFO  [16:56:31.052] [bbotk]  nrounds       eta max_depth classif.ce warnings errors runtime_learners
INFO  [16:56:31.052] [bbotk]       60 0.1921556        10  0.1163475        0      0            0.381
INFO  [16:56:31.052] [bbotk]                                 uhash
INFO  [16:56:31.052] [bbotk]  a83047f4-dfe4-4d98-af19-0bd6013f1fdf
INFO  [16:56:31.071] [bbotk] Evaluating 1 configuration(s)
INFO  [16:56:31.757] [bbotk] Result of batch 10:
INFO  [16:56:31.758] [bbotk]  nrounds       eta max_depth classif.ce warnings errors runtime_learners
INFO  [16:56:31.758] [bbotk]      142 0.2586786         6  0.1181277        0      0            0.641
INFO  [16:56:31.758] [bbotk]                                 uhash
INFO  [16:56:31.758] [bbotk]  9fa95ddf-9ff6-4ec6-af08-bf1f7309097c
INFO  [16:56:31.773] [bbotk] Finished optimizing after 10 evaluation(s)
INFO  [16:56:31.773] [bbotk] Result:
INFO  [16:56:31.774] [bbotk]  nrounds       eta max_depth learner_param_vals  x_domain classif.ce
INFO  [16:56:31.774] [bbotk]    <int>     <num>     <int>             <list>    <list>      <num>
INFO  [16:56:31.774] [bbotk]       55 0.1855321         2          <list[5]> <list[3]>  0.1127872
INFO  [16:56:31.892] [bbotk] Starting to optimize 3 parameter(s) with '<OptimizerBatchRandomSearch>' and '<TerminatorEvals> [n_evals=10, k=0]'
INFO  [16:56:31.901] [bbotk] Evaluating 1 configuration(s)
INFO  [16:56:33.052] [bbotk] Result of batch 1:
INFO  [16:56:33.055] [bbotk]  nrounds       eta max_depth classif.ce warnings errors runtime_learners
INFO  [16:56:33.055] [bbotk]      283 0.1755353         5  0.1065579        0      0            1.103
INFO  [16:56:33.055] [bbotk]                                 uhash
INFO  [16:56:33.055] [bbotk]  e819b242-1841-4883-90c4-b54062f1f39a
INFO  [16:56:33.063] [bbotk] Evaluating 1 configuration(s)
INFO  [16:56:35.037] [bbotk] Result of batch 2:
INFO  [16:56:35.038] [bbotk]  nrounds        eta max_depth classif.ce warnings errors runtime_learners
INFO  [16:56:35.038] [bbotk]      291 0.01914056         9  0.1047896        0      0            1.927
INFO  [16:56:35.038] [bbotk]                                 uhash
INFO  [16:56:35.038] [bbotk]  c05f987f-b418-4bd8-a3bb-f4f608e5a17a
INFO  [16:56:35.042] [bbotk] Evaluating 1 configuration(s)
INFO  [16:56:35.491] [bbotk] Result of batch 3:
INFO  [16:56:35.492] [bbotk]  nrounds       eta max_depth classif.ce warnings errors runtime_learners
INFO  [16:56:35.492] [bbotk]      125 0.1417551         4  0.1083357        0      0            0.398
INFO  [16:56:35.492] [bbotk]                                 uhash
INFO  [16:56:35.492] [bbotk]  917a6fe7-f670-44ae-ab6a-47c01c953b6e
INFO  [16:56:35.496] [bbotk] Evaluating 1 configuration(s)
INFO  [16:56:35.924] [bbotk] Result of batch 4:
INFO  [16:56:35.926] [bbotk]  nrounds       eta max_depth classif.ce warnings errors runtime_learners
INFO  [16:56:35.926] [bbotk]       60 0.1785563         8  0.1056738        0      0            0.383
INFO  [16:56:35.926] [bbotk]                                 uhash
INFO  [16:56:35.926] [bbotk]  3a1ef5f7-f8d0-4a7a-8e9b-8a6bd4781f23
INFO  [16:56:35.930] [bbotk] Evaluating 1 configuration(s)
INFO  [16:56:36.881] [bbotk] Result of batch 5:
INFO  [16:56:36.883] [bbotk]  nrounds      eta max_depth classif.ce warnings errors runtime_learners
INFO  [16:56:36.883] [bbotk]      181 0.190856         6  0.1083357        0      0              0.9
INFO  [16:56:36.883] [bbotk]                                 uhash
INFO  [16:56:36.883] [bbotk]  e0910dde-4a82-479c-b5f6-d9e06434716b
INFO  [16:56:36.888] [bbotk] Evaluating 1 configuration(s)
INFO  [16:56:37.451] [bbotk] Result of batch 6:
INFO  [16:56:37.452] [bbotk]  nrounds        eta max_depth classif.ce warnings errors runtime_learners
INFO  [16:56:37.452] [bbotk]      187 0.06833233         3  0.1101158        0      0            0.519
INFO  [16:56:37.452] [bbotk]                                 uhash
INFO  [16:56:37.452] [bbotk]  b3d47482-037e-4b4e-9e0a-24195744049c
INFO  [16:56:37.456] [bbotk] Evaluating 1 configuration(s)
INFO  [16:56:38.033] [bbotk] Result of batch 7:
INFO  [16:56:38.038] [bbotk]  nrounds        eta max_depth classif.ce warnings errors runtime_learners
INFO  [16:56:38.038] [bbotk]      266 0.03698926         2  0.1012364        0      0             0.53
INFO  [16:56:38.038] [bbotk]                                 uhash
INFO  [16:56:38.038] [bbotk]  056224ce-1e91-47f6-9479-648f2032eecc
INFO  [16:56:38.043] [bbotk] Evaluating 1 configuration(s)
INFO  [16:56:39.061] [bbotk] Result of batch 8:
INFO  [16:56:39.062] [bbotk]  nrounds       eta max_depth classif.ce warnings errors runtime_learners
INFO  [16:56:39.062] [bbotk]      240 0.2593241         7  0.1092199        0      0            0.971
INFO  [16:56:39.062] [bbotk]                                 uhash
INFO  [16:56:39.062] [bbotk]  cd534177-a43e-4d21-b24e-61fb716620bd
INFO  [16:56:39.068] [bbotk] Evaluating 1 configuration(s)
INFO  [16:56:39.995] [bbotk] Result of batch 9:
INFO  [16:56:39.998] [bbotk]  nrounds       eta max_depth classif.ce warnings errors runtime_learners
INFO  [16:56:39.998] [bbotk]      188 0.2004867         6  0.1136619        0      0            0.875
INFO  [16:56:39.998] [bbotk]                                 uhash
INFO  [16:56:39.998] [bbotk]  0b391b57-4e66-41e6-8339-b22df3400e34
INFO  [16:56:40.012] [bbotk] Evaluating 1 configuration(s)
INFO  [16:56:40.483] [bbotk] Result of batch 10:
INFO  [16:56:40.484] [bbotk]  nrounds       eta max_depth classif.ce warnings errors runtime_learners
INFO  [16:56:40.484] [bbotk]       74 0.1930941         7  0.1030047        0      0            0.419
INFO  [16:56:40.484] [bbotk]                                 uhash
INFO  [16:56:40.484] [bbotk]  0041dbd6-4518-4bea-8ff4-5d1ec978f52a
INFO  [16:56:40.501] [bbotk] Finished optimizing after 10 evaluation(s)
INFO  [16:56:40.501] [bbotk] Result:
INFO  [16:56:40.503] [bbotk]  nrounds        eta max_depth learner_param_vals  x_domain classif.ce
INFO  [16:56:40.503] [bbotk]    <int>      <num>     <int>             <list>    <list>      <num>
INFO  [16:56:40.503] [bbotk]      266 0.03698926         2          <list[5]> <list[3]>  0.1012364
INFO  [16:56:40.767] [bbotk] Starting to optimize 3 parameter(s) with '<OptimizerBatchRandomSearch>' and '<TerminatorEvals> [n_evals=10, k=0]'
INFO  [16:56:40.781] [bbotk] Evaluating 1 configuration(s)
INFO  [16:56:41.302] [bbotk] Result of batch 1:
INFO  [16:56:41.304] [bbotk]  nrounds        eta max_depth classif.ce warnings errors runtime_learners
INFO  [16:56:41.304] [bbotk]      245 0.04403964         2   0.107461        0      0            0.484
INFO  [16:56:41.304] [bbotk]                                 uhash
INFO  [16:56:41.304] [bbotk]  d13d6ba2-7c2b-460d-a4d9-8563e5b7c761
INFO  [16:56:41.314] [bbotk] Evaluating 1 configuration(s)
INFO  [16:56:42.149] [bbotk] Result of batch 2:
INFO  [16:56:42.150] [bbotk]  nrounds        eta max_depth classif.ce warnings errors runtime_learners
INFO  [16:56:42.150] [bbotk]      236 0.03938763         4  0.1136738        0      0            0.797
INFO  [16:56:42.150] [bbotk]                                 uhash
INFO  [16:56:42.150] [bbotk]  11c32f9a-8e2d-4439-a720-576178e492c8
INFO  [16:56:42.158] [bbotk] Evaluating 1 configuration(s)
INFO  [16:56:42.389] [bbotk] Result of batch 3:
INFO  [16:56:42.390] [bbotk]  nrounds       eta max_depth classif.ce warnings errors runtime_learners
INFO  [16:56:42.390] [bbotk]       50 0.1250117         3   0.104792        0      0            0.182
INFO  [16:56:42.390] [bbotk]                                 uhash
INFO  [16:56:42.390] [bbotk]  a40ee096-f96c-4e8e-988a-34ab1d002361
INFO  [16:56:42.394] [bbotk] Evaluating 1 configuration(s)
INFO  [16:56:42.946] [bbotk] Result of batch 4:
INFO  [16:56:42.948] [bbotk]  nrounds       eta max_depth classif.ce warnings errors runtime_learners
INFO  [16:56:42.948] [bbotk]      144 0.2239607         4  0.1136667        0      0            0.496
INFO  [16:56:42.948] [bbotk]                                 uhash
INFO  [16:56:42.948] [bbotk]  44335b3f-122c-4496-b8f1-bb76e07fecb1
INFO  [16:56:42.957] [bbotk] Evaluating 1 configuration(s)
INFO  [16:56:43.601] [bbotk] Result of batch 5:
INFO  [16:56:43.603] [bbotk]  nrounds       eta max_depth classif.ce warnings errors runtime_learners
INFO  [16:56:43.603] [bbotk]      128 0.1198603         6  0.1030142        0      0            0.613
INFO  [16:56:43.603] [bbotk]                                 uhash
INFO  [16:56:43.603] [bbotk]  d73247fc-874c-47ac-aa4c-4180991a3806
INFO  [16:56:43.613] [bbotk] Evaluating 1 configuration(s)
INFO  [16:56:44.856] [bbotk] Result of batch 6:
INFO  [16:56:44.858] [bbotk]  nrounds        eta max_depth classif.ce warnings errors runtime_learners
INFO  [16:56:44.858] [bbotk]      200 0.07140751         8  0.1074515        0      0            1.196
INFO  [16:56:44.858] [bbotk]                                 uhash
INFO  [16:56:44.858] [bbotk]  25dbad98-9e8a-4096-91de-b632ace53f20
INFO  [16:56:44.862] [bbotk] Evaluating 1 configuration(s)
INFO  [16:56:45.176] [bbotk] Result of batch 7:
INFO  [16:56:45.178] [bbotk]  nrounds       eta max_depth classif.ce warnings errors runtime_learners
INFO  [16:56:45.178] [bbotk]       90 0.2197486         3  0.1110118        0      0            0.263
INFO  [16:56:45.178] [bbotk]                                 uhash
INFO  [16:56:45.178] [bbotk]  80c38c89-1b8f-4b35-8aeb-cec49138a2cb
INFO  [16:56:45.183] [bbotk] Evaluating 1 configuration(s)
INFO  [16:56:46.360] [bbotk] Result of batch 8:
INFO  [16:56:46.362] [bbotk]  nrounds        eta max_depth classif.ce warnings errors runtime_learners
INFO  [16:56:46.362] [bbotk]      206 0.09743461        10  0.1047872        0      0            1.133
INFO  [16:56:46.362] [bbotk]                                 uhash
INFO  [16:56:46.362] [bbotk]  edcb5e43-4c4c-4f62-90b5-e3c6b30fddd0
INFO  [16:56:46.371] [bbotk] Evaluating 1 configuration(s)
INFO  [16:56:47.122] [bbotk] Result of batch 9:
INFO  [16:56:47.128] [bbotk]  nrounds       eta max_depth classif.ce warnings errors runtime_learners
INFO  [16:56:47.128] [bbotk]      132 0.1526142         8  0.1118936        0      0            0.706
INFO  [16:56:47.128] [bbotk]                                 uhash
INFO  [16:56:47.128] [bbotk]  99acfcf9-2315-495d-a102-a45b0daa90ee
INFO  [16:56:47.135] [bbotk] Evaluating 1 configuration(s)
INFO  [16:56:47.827] [bbotk] Result of batch 10:
INFO  [16:56:47.828] [bbotk]  nrounds       eta max_depth classif.ce warnings errors runtime_learners
INFO  [16:56:47.828] [bbotk]      127 0.2267275         9  0.1154468        0      0            0.643
INFO  [16:56:47.828] [bbotk]                                 uhash
INFO  [16:56:47.828] [bbotk]  7837f3f7-bf21-4a7d-9922-c36424badc43
INFO  [16:56:47.837] [bbotk] Finished optimizing after 10 evaluation(s)
INFO  [16:56:47.837] [bbotk] Result:
INFO  [16:56:47.839] [bbotk]  nrounds       eta max_depth learner_param_vals  x_domain classif.ce
INFO  [16:56:47.839] [bbotk]    <int>     <num>     <int>             <list>    <list>      <num>
INFO  [16:56:47.839] [bbotk]      128 0.1198603         6          <list[5]> <list[3]>  0.1030142

### [bt]: Job terminated successfully [batchtools job.id=1469]
### [bt]: Starting job [batchtools job.id=1470]
### [bt]: Generating problem instance for problem '78e20b4b43a56ff6' ...
### [bt]: Applying algorithm 'run_learner' on problem '78e20b4b43a56ff6' for job 1470 (seed = 1471) ...
INFO  [16:56:48.211] [mlr3] Applying learner 'classif.xgboost.tuned_calib.oof_isotonic' on task 'pc3' (iter 10/10)
INFO  [16:56:48.279] [bbotk] Starting to optimize 3 parameter(s) with '<OptimizerBatchRandomSearch>' and '<TerminatorEvals> [n_evals=10, k=0]'
INFO  [16:56:48.305] [bbotk] Evaluating 1 configuration(s)
INFO  [16:56:48.970] [bbotk] Result of batch 1:
INFO  [16:56:48.971] [bbotk]  nrounds       eta max_depth classif.ce warnings errors runtime_learners
INFO  [16:56:48.971] [bbotk]       96 0.1531238        10  0.1066667        0      0            0.627
INFO  [16:56:48.971] [bbotk]                                 uhash
INFO  [16:56:48.971] [bbotk]  d5444d17-efe9-4543-b5ce-b0a469015007
INFO  [16:56:48.981] [bbotk] Evaluating 1 configuration(s)
INFO  [16:56:49.172] [bbotk] Result of batch 2:
INFO  [16:56:49.174] [bbotk]  nrounds       eta max_depth classif.ce warnings errors runtime_learners
INFO  [16:56:49.174] [bbotk]       82 0.0617868         2  0.1013333        0      0            0.147
INFO  [16:56:49.174] [bbotk]                                 uhash
INFO  [16:56:49.174] [bbotk]  626c4bf4-bde2-4e4f-9662-a8535fc66931
INFO  [16:56:49.183] [bbotk] Evaluating 1 configuration(s)
INFO  [16:56:49.861] [bbotk] Result of batch 3:
INFO  [16:56:49.862] [bbotk]  nrounds       eta max_depth classif.ce warnings errors runtime_learners
INFO  [16:56:49.862] [bbotk]      100 0.1101644         7  0.1102222        0      0            0.574
INFO  [16:56:49.862] [bbotk]                                 uhash
INFO  [16:56:49.862] [bbotk]  8e3d83a1-15cd-4103-9ace-2d588a423aab
INFO  [16:56:49.869] [bbotk] Evaluating 1 configuration(s)
INFO  [16:56:51.151] [bbotk] Result of batch 4:
INFO  [16:56:51.153] [bbotk]  nrounds       eta max_depth classif.ce warnings errors runtime_learners
INFO  [16:56:51.153] [bbotk]      227 0.1046553         8  0.1093333        0      0            1.231
INFO  [16:56:51.153] [bbotk]                                 uhash
INFO  [16:56:51.153] [bbotk]  784403a3-c7bc-4e7b-bb3c-0b6874dba7e2
INFO  [16:56:51.163] [bbotk] Evaluating 1 configuration(s)
INFO  [16:56:51.884] [bbotk] Result of batch 5:
INFO  [16:56:51.885] [bbotk]  nrounds       eta max_depth classif.ce warnings errors runtime_learners
INFO  [16:56:51.885] [bbotk]      154 0.2575718         6  0.1075556        0      0            0.677
INFO  [16:56:51.885] [bbotk]                                 uhash
INFO  [16:56:51.885] [bbotk]  29d89aba-f637-497a-9802-08ab8eae878c
INFO  [16:56:51.889] [bbotk] Evaluating 1 configuration(s)
INFO  [16:56:52.672] [bbotk] Result of batch 6:
INFO  [16:56:52.676] [bbotk]  nrounds       eta max_depth classif.ce warnings errors runtime_learners
INFO  [16:56:52.676] [bbotk]      136 0.2132095        10  0.1128889        0      0             0.73
INFO  [16:56:52.676] [bbotk]                                 uhash
INFO  [16:56:52.676] [bbotk]  7eb7fc76-7c82-4af5-a820-b1d5ea25e99e
INFO  [16:56:52.689] [bbotk] Evaluating 1 configuration(s)
INFO  [16:56:53.591] [bbotk] Result of batch 7:
INFO  [16:56:53.594] [bbotk]  nrounds        eta max_depth classif.ce warnings errors runtime_learners
INFO  [16:56:53.594] [bbotk]      107 0.05388635        10  0.1137778        0      0            0.841
INFO  [16:56:53.594] [bbotk]                                 uhash
INFO  [16:56:53.594] [bbotk]  bc686f8b-5368-4513-8585-6c5e383a0698
INFO  [16:56:53.603] [bbotk] Evaluating 1 configuration(s)
INFO  [16:56:54.176] [bbotk] Result of batch 8:
INFO  [16:56:54.178] [bbotk]  nrounds       eta max_depth classif.ce warnings errors runtime_learners
INFO  [16:56:54.178] [bbotk]      284 0.2929372         2  0.1217778        0      0            0.531
INFO  [16:56:54.178] [bbotk]                                 uhash
INFO  [16:56:54.178] [bbotk]  5fe179db-b28a-4712-95d6-75adb948d650
INFO  [16:56:54.187] [bbotk] Evaluating 1 configuration(s)
INFO  [16:56:54.534] [bbotk] Result of batch 9:
INFO  [16:56:54.537] [bbotk]  nrounds        eta max_depth classif.ce warnings errors runtime_learners
INFO  [16:56:54.537] [bbotk]      128 0.08075386         2  0.1084444        0      0            0.293
INFO  [16:56:54.537] [bbotk]                                 uhash
INFO  [16:56:54.537] [bbotk]  22bd4160-a04c-4509-aa55-f6494b5f7a95
INFO  [16:56:54.548] [bbotk] Evaluating 1 configuration(s)
INFO  [16:56:55.120] [bbotk] Result of batch 10:
INFO  [16:56:55.121] [bbotk]  nrounds       eta max_depth classif.ce warnings errors runtime_learners
INFO  [16:56:55.121] [bbotk]      150 0.2337444         4  0.1182222        0      0             0.54
INFO  [16:56:55.121] [bbotk]                                 uhash
INFO  [16:56:55.121] [bbotk]  d3eb1487-5f3e-4382-8dee-3755c4f09291
INFO  [16:56:55.129] [bbotk] Finished optimizing after 10 evaluation(s)
INFO  [16:56:55.129] [bbotk] Result:
INFO  [16:56:55.130] [bbotk]  nrounds       eta max_depth learner_param_vals  x_domain classif.ce
INFO  [16:56:55.130] [bbotk]    <int>     <num>     <int>             <list>    <list>      <num>
INFO  [16:56:55.130] [bbotk]       82 0.0617868         2          <list[5]> <list[3]>  0.1013333
INFO  [16:56:55.248] [bbotk] Starting to optimize 3 parameter(s) with '<OptimizerBatchRandomSearch>' and '<TerminatorEvals> [n_evals=10, k=0]'
INFO  [16:56:55.265] [bbotk] Evaluating 1 configuration(s)
INFO  [16:56:55.511] [bbotk] Result of batch 1:
INFO  [16:56:55.512] [bbotk]  nrounds       eta max_depth classif.ce warnings errors runtime_learners
INFO  [16:56:55.512] [bbotk]       93 0.1076975         2  0.1004444        0      0            0.205
INFO  [16:56:55.512] [bbotk]                                 uhash
INFO  [16:56:55.512] [bbotk]  5ab5a550-d5ac-40db-97d3-d8ca95c228db
INFO  [16:56:55.516] [bbotk] Evaluating 1 configuration(s)
INFO  [16:56:56.495] [bbotk] Result of batch 2:
INFO  [16:56:56.497] [bbotk]  nrounds        eta max_depth classif.ce warnings errors runtime_learners
INFO  [16:56:56.497] [bbotk]      145 0.03922759         8  0.1013333        0      0            0.935
INFO  [16:56:56.497] [bbotk]                                 uhash
INFO  [16:56:56.497] [bbotk]  4cf690c1-5541-4bf7-a39c-69d08bc3a38d
INFO  [16:56:56.503] [bbotk] Evaluating 1 configuration(s)
INFO  [16:56:57.075] [bbotk] Result of batch 3:
INFO  [16:56:57.076] [bbotk]  nrounds       eta max_depth classif.ce warnings errors runtime_learners
INFO  [16:56:57.076] [bbotk]       94 0.1760979         9  0.1022222        0      0            0.542
INFO  [16:56:57.076] [bbotk]                                 uhash
INFO  [16:56:57.076] [bbotk]  7cd1d62f-8754-4965-a7b9-f0b422a5681f
INFO  [16:56:57.081] [bbotk] Evaluating 1 configuration(s)
INFO  [16:56:58.237] [bbotk] Result of batch 4:
INFO  [16:56:58.238] [bbotk]  nrounds       eta max_depth classif.ce warnings errors runtime_learners
INFO  [16:56:58.238] [bbotk]      285 0.1810239        10  0.1013333        0      0            1.114
INFO  [16:56:58.238] [bbotk]                                 uhash
INFO  [16:56:58.238] [bbotk]  43d2e7a9-9475-40c1-bde4-db4489b0d094
INFO  [16:56:58.243] [bbotk] Evaluating 1 configuration(s)
INFO  [16:56:59.209] [bbotk] Result of batch 5:
INFO  [16:56:59.210] [bbotk]  nrounds       eta max_depth classif.ce warnings errors runtime_learners
INFO  [16:56:59.210] [bbotk]      186 0.1448573         8  0.1013333        0      0            0.922
INFO  [16:56:59.210] [bbotk]                                 uhash
INFO  [16:56:59.210] [bbotk]  714b9c06-027f-41c9-95cc-ef9bd95cf04e
INFO  [16:56:59.214] [bbotk] Evaluating 1 configuration(s)
INFO  [16:57:01.119] [bbotk] Result of batch 6:
INFO  [16:57:01.122] [bbotk]  nrounds        eta max_depth classif.ce warnings errors runtime_learners
INFO  [16:57:01.122] [bbotk]      289 0.05059949        10  0.1004444        0      0            1.859
INFO  [16:57:01.122] [bbotk]                                 uhash
INFO  [16:57:01.122] [bbotk]  4a2ec6b5-ace6-442b-8de7-883f65e05382
INFO  [16:57:01.135] [bbotk] Evaluating 1 configuration(s)
INFO  [16:57:01.894] [bbotk] Result of batch 7:
INFO  [16:57:01.896] [bbotk]  nrounds       eta max_depth classif.ce warnings errors runtime_learners
INFO  [16:57:01.896] [bbotk]      161 0.1389347         5  0.1004444        0      0            0.701
INFO  [16:57:01.896] [bbotk]                                 uhash
INFO  [16:57:01.896] [bbotk]  8075cb4e-303c-431a-87de-1809608692a4
INFO  [16:57:01.905] [bbotk] Evaluating 1 configuration(s)
INFO  [16:57:02.917] [bbotk] Result of batch 8:
INFO  [16:57:02.918] [bbotk]  nrounds       eta max_depth classif.ce warnings errors runtime_learners
INFO  [16:57:02.918] [bbotk]      277 0.2813735         8 0.09777778        0      0            0.966
INFO  [16:57:02.918] [bbotk]                                 uhash
INFO  [16:57:02.918] [bbotk]  3e0300a9-ce04-40f1-9414-b7dd597aefe4
INFO  [16:57:02.934] [bbotk] Evaluating 1 configuration(s)
INFO  [16:57:03.440] [bbotk] Result of batch 9:
INFO  [16:57:03.441] [bbotk]  nrounds        eta max_depth classif.ce warnings errors runtime_learners
INFO  [16:57:03.441] [bbotk]       84 0.03977679         5  0.1031111        0      0             0.43
INFO  [16:57:03.441] [bbotk]                                 uhash
INFO  [16:57:03.441] [bbotk]  c2731e04-2950-4ca7-8893-25295f66c562
INFO  [16:57:03.456] [bbotk] Evaluating 1 configuration(s)
INFO  [16:57:04.086] [bbotk] Result of batch 10:
INFO  [16:57:04.088] [bbotk]  nrounds        eta max_depth classif.ce warnings errors runtime_learners
INFO  [16:57:04.088] [bbotk]      197 0.07094001         3 0.09866667        0      0            0.571
INFO  [16:57:04.088] [bbotk]                                 uhash
INFO  [16:57:04.088] [bbotk]  adc948fa-94b7-497b-a897-985d30a69aff
INFO  [16:57:04.103] [bbotk] Finished optimizing after 10 evaluation(s)
INFO  [16:57:04.103] [bbotk] Result:
INFO  [16:57:04.104] [bbotk]  nrounds       eta max_depth learner_param_vals  x_domain classif.ce
INFO  [16:57:04.104] [bbotk]    <int>     <num>     <int>             <list>    <list>      <num>
INFO  [16:57:04.104] [bbotk]      277 0.2813735         8          <list[5]> <list[3]> 0.09777778
INFO  [16:57:04.734] [bbotk] Starting to optimize 3 parameter(s) with '<OptimizerBatchRandomSearch>' and '<TerminatorEvals> [n_evals=10, k=0]'
INFO  [16:57:04.744] [bbotk] Evaluating 1 configuration(s)
INFO  [16:57:05.154] [bbotk] Result of batch 1:
INFO  [16:57:05.155] [bbotk]  nrounds        eta max_depth classif.ce warnings errors runtime_learners
INFO  [16:57:05.155] [bbotk]      193 0.01344925         2  0.1030142        0      0            0.354
INFO  [16:57:05.155] [bbotk]                                 uhash
INFO  [16:57:05.155] [bbotk]  3a77d3d1-01d0-40b2-af58-a7515cd96f77
INFO  [16:57:05.161] [bbotk] Evaluating 1 configuration(s)
INFO  [16:57:05.648] [bbotk] Result of batch 2:
INFO  [16:57:05.649] [bbotk]  nrounds       eta max_depth classif.ce warnings errors runtime_learners
INFO  [16:57:05.649] [bbotk]       73 0.2636563         9    0.11013        0      0            0.448
INFO  [16:57:05.649] [bbotk]                                 uhash
INFO  [16:57:05.649] [bbotk]  bbfa240e-dc83-4ff8-9fa3-ca57b95b6b26
INFO  [16:57:05.656] [bbotk] Evaluating 1 configuration(s)
INFO  [16:57:06.398] [bbotk] Result of batch 3:
INFO  [16:57:06.401] [bbotk]  nrounds       eta max_depth classif.ce warnings errors runtime_learners
INFO  [16:57:06.401] [bbotk]      121 0.1851213        10  0.1074634        0      0            0.702
INFO  [16:57:06.401] [bbotk]                                 uhash
INFO  [16:57:06.401] [bbotk]  f955b16d-2dd5-4df9-ade8-40281533cc48
INFO  [16:57:06.410] [bbotk] Evaluating 1 configuration(s)
INFO  [16:57:06.794] [bbotk] Result of batch 4:
INFO  [16:57:06.795] [bbotk]  nrounds       eta max_depth classif.ce warnings errors runtime_learners
INFO  [16:57:06.795] [bbotk]      121 0.2101283         3  0.1119078        0      0            0.333
INFO  [16:57:06.795] [bbotk]                                 uhash
INFO  [16:57:06.795] [bbotk]  bd0fab3d-2080-490f-bdf2-c249982f7e16
INFO  [16:57:06.798] [bbotk] Evaluating 1 configuration(s)
INFO  [16:57:07.316] [bbotk] Result of batch 5:
INFO  [16:57:07.317] [bbotk]  nrounds       eta max_depth classif.ce warnings errors runtime_learners
INFO  [16:57:07.317] [bbotk]      139 0.1403423         4   0.107461        0      0             0.47
INFO  [16:57:07.317] [bbotk]                                 uhash
INFO  [16:57:07.317] [bbotk]  3b2b9b41-4b76-4b2c-971a-a29a7bd08800
INFO  [16:57:07.321] [bbotk] Evaluating 1 configuration(s)
INFO  [16:57:07.650] [bbotk] Result of batch 6:
INFO  [16:57:07.652] [bbotk]  nrounds       eta max_depth classif.ce warnings errors runtime_learners
INFO  [16:57:07.652] [bbotk]      143 0.2719219         2  0.1136856        0      0            0.274
INFO  [16:57:07.652] [bbotk]                                 uhash
INFO  [16:57:07.652] [bbotk]  88d07330-3200-4dfa-8238-2053528bbf8e
INFO  [16:57:07.662] [bbotk] Evaluating 1 configuration(s)
INFO  [16:57:09.259] [bbotk] Result of batch 7:
INFO  [16:57:09.260] [bbotk]  nrounds        eta max_depth classif.ce warnings errors runtime_learners
INFO  [16:57:09.260] [bbotk]      229 0.02118535         8  0.1065674        0      0            1.537
INFO  [16:57:09.260] [bbotk]                                 uhash
INFO  [16:57:09.260] [bbotk]  fd29a7f9-3ad7-4ea1-bde9-dc85026ad42f
INFO  [16:57:09.264] [bbotk] Evaluating 1 configuration(s)
INFO  [16:57:10.349] [bbotk] Result of batch 8:
INFO  [16:57:10.351] [bbotk]  nrounds        eta max_depth classif.ce warnings errors runtime_learners
INFO  [16:57:10.351] [bbotk]      156 0.02700344         8  0.1074563        0      0            1.048
INFO  [16:57:10.351] [bbotk]                                 uhash
INFO  [16:57:10.351] [bbotk]  524f4a16-8f3f-4350-b726-355859df1608
INFO  [16:57:10.361] [bbotk] Evaluating 1 configuration(s)
INFO  [16:57:10.963] [bbotk] Result of batch 9:
INFO  [16:57:10.964] [bbotk]  nrounds        eta max_depth classif.ce warnings errors runtime_learners
INFO  [16:57:10.964] [bbotk]      108 0.08492287         5  0.1083475        0      0            0.559
INFO  [16:57:10.964] [bbotk]                                 uhash
INFO  [16:57:10.964] [bbotk]  0930830c-43d4-4611-9dd5-4583454fda0a
INFO  [16:57:10.968] [bbotk] Evaluating 1 configuration(s)
INFO  [16:57:12.258] [bbotk] Result of batch 10:
INFO  [16:57:12.259] [bbotk]  nrounds       eta max_depth classif.ce warnings errors runtime_learners
INFO  [16:57:12.259] [bbotk]      285 0.2135161         8  0.1074634        0      0            1.247
INFO  [16:57:12.259] [bbotk]                                 uhash
INFO  [16:57:12.259] [bbotk]  8880b541-fa99-4ca8-a6f2-fc84026f2306
INFO  [16:57:12.267] [bbotk] Finished optimizing after 10 evaluation(s)
INFO  [16:57:12.267] [bbotk] Result:
INFO  [16:57:12.268] [bbotk]  nrounds        eta max_depth learner_param_vals  x_domain classif.ce
INFO  [16:57:12.268] [bbotk]    <int>      <num>     <int>             <list>    <list>      <num>
INFO  [16:57:12.268] [bbotk]      193 0.01344925         2          <list[5]> <list[3]>  0.1030142
INFO  [16:57:12.446] [bbotk] Starting to optimize 3 parameter(s) with '<OptimizerBatchRandomSearch>' and '<TerminatorEvals> [n_evals=10, k=0]'
INFO  [16:57:12.462] [bbotk] Evaluating 1 configuration(s)
INFO  [16:57:13.598] [bbotk] Result of batch 1:
INFO  [16:57:13.599] [bbotk]  nrounds       eta max_depth classif.ce warnings errors runtime_learners
INFO  [16:57:13.599] [bbotk]      213 0.1924515         9  0.1118983        0      0            1.077
INFO  [16:57:13.599] [bbotk]                                 uhash
INFO  [16:57:13.599] [bbotk]  0620d2d1-d812-4030-ad8b-4ec92f26e1a5
INFO  [16:57:13.606] [bbotk] Evaluating 1 configuration(s)
INFO  [16:57:13.857] [bbotk] Result of batch 2:
INFO  [16:57:13.858] [bbotk]  nrounds       eta max_depth classif.ce warnings errors runtime_learners
INFO  [16:57:13.858] [bbotk]       94 0.2862762         2  0.1136643        0      0            0.202
INFO  [16:57:13.858] [bbotk]                                 uhash
INFO  [16:57:13.858] [bbotk]  1dddf2cf-6e69-45e0-9227-62d87e72e5b3
INFO  [16:57:13.867] [bbotk] Evaluating 1 configuration(s)
INFO  [16:57:14.818] [bbotk] Result of batch 3:
INFO  [16:57:14.819] [bbotk]  nrounds       eta max_depth classif.ce warnings errors runtime_learners
INFO  [16:57:14.819] [bbotk]      144 0.1036416         8  0.1056761        0      0            0.902
INFO  [16:57:14.819] [bbotk]                                 uhash
INFO  [16:57:14.819] [bbotk]  8d427d05-feaf-45a1-9e08-0de76b09e638
INFO  [16:57:14.827] [bbotk] Evaluating 1 configuration(s)
INFO  [16:57:16.271] [bbotk] Result of batch 4:
INFO  [16:57:16.272] [bbotk]  nrounds        eta max_depth classif.ce warnings errors runtime_learners
INFO  [16:57:16.272] [bbotk]      223 0.07013916         8  0.1065674        0      0            1.393
INFO  [16:57:16.272] [bbotk]                                 uhash
INFO  [16:57:16.272] [bbotk]  f94a7f08-bf13-41a0-bef8-e5ee8ffbca24
INFO  [16:57:16.280] [bbotk] Evaluating 1 configuration(s)
INFO  [16:57:17.370] [bbotk] Result of batch 5:
INFO  [16:57:17.371] [bbotk]  nrounds       eta max_depth classif.ce warnings errors runtime_learners
INFO  [16:57:17.371] [bbotk]      203 0.1081368         6   0.106565        0      0            1.052
INFO  [16:57:17.371] [bbotk]                                 uhash
INFO  [16:57:17.371] [bbotk]  cfb545a0-440f-461b-9c31-bfb60e9bd3ea
INFO  [16:57:17.375] [bbotk] Evaluating 1 configuration(s)
INFO  [16:57:18.638] [bbotk] Result of batch 6:
INFO  [16:57:18.645] [bbotk]  nrounds      eta max_depth classif.ce warnings errors runtime_learners
INFO  [16:57:18.645] [bbotk]      278 0.179756         7  0.1101182        0      0            1.221
INFO  [16:57:18.645] [bbotk]                                 uhash
INFO  [16:57:18.645] [bbotk]  02ed9339-17d2-413a-bbae-28d90f25ec6a
INFO  [16:57:18.658] [bbotk] Evaluating 1 configuration(s)
INFO  [16:57:19.252] [bbotk] Result of batch 7:
INFO  [16:57:19.253] [bbotk]  nrounds       eta max_depth classif.ce warnings errors runtime_learners
INFO  [16:57:19.253] [bbotk]      105 0.2437107         7  0.1101135        0      0            0.533
INFO  [16:57:19.253] [bbotk]                                 uhash
INFO  [16:57:19.253] [bbotk]  84300b42-5358-4df4-af3c-2bf6138a1ed5
INFO  [16:57:19.257] [bbotk] Evaluating 1 configuration(s)
INFO  [16:57:19.766] [bbotk] Result of batch 8:
INFO  [16:57:19.769] [bbotk]  nrounds        eta max_depth classif.ce warnings errors runtime_learners
INFO  [16:57:19.769] [bbotk]      221 0.02272759         2  0.1056785        0      0            0.466
INFO  [16:57:19.769] [bbotk]                                 uhash
INFO  [16:57:19.769] [bbotk]  7d16e151-1b2e-4dbe-8689-2a4b9dc3bbb7
INFO  [16:57:19.775] [bbotk] Evaluating 1 configuration(s)
INFO  [16:57:21.120] [bbotk] Result of batch 9:
INFO  [16:57:21.122] [bbotk]  nrounds       eta max_depth classif.ce warnings errors runtime_learners
INFO  [16:57:21.122] [bbotk]      188 0.0755302         9  0.1083381        0      0            1.277
INFO  [16:57:21.122] [bbotk]                                 uhash
INFO  [16:57:21.122] [bbotk]  7261fe85-8192-4e9b-b4ee-18fa4324dfd2
INFO  [16:57:21.134] [bbotk] Evaluating 1 configuration(s)
INFO  [16:57:21.334] [bbotk] Result of batch 10:
INFO  [16:57:21.335] [bbotk]  nrounds       eta max_depth classif.ce warnings errors runtime_learners
INFO  [16:57:21.335] [bbotk]       50 0.1330306         3  0.1189929        0      0            0.148
INFO  [16:57:21.335] [bbotk]                                 uhash
INFO  [16:57:21.335] [bbotk]  ea2ffd7d-4eb4-48ab-8f4e-9506b6543ebd
INFO  [16:57:21.348] [bbotk] Finished optimizing after 10 evaluation(s)
INFO  [16:57:21.348] [bbotk] Result:
INFO  [16:57:21.349] [bbotk]  nrounds       eta max_depth learner_param_vals  x_domain classif.ce
INFO  [16:57:21.349] [bbotk]    <int>     <num>     <int>             <list>    <list>      <num>
INFO  [16:57:21.349] [bbotk]      144 0.1036416         8          <list[5]> <list[3]>  0.1056761
INFO  [16:57:21.898] [bbotk] Starting to optimize 3 parameter(s) with '<OptimizerBatchRandomSearch>' and '<TerminatorEvals> [n_evals=10, k=0]'
INFO  [16:57:21.919] [bbotk] Evaluating 1 configuration(s)
INFO  [16:57:22.424] [bbotk] Result of batch 1:
INFO  [16:57:22.427] [bbotk]  nrounds      eta max_depth classif.ce warnings errors runtime_learners
INFO  [16:57:22.427] [bbotk]       70 0.265148        10  0.1110165        0      0             0.46
INFO  [16:57:22.427] [bbotk]                                 uhash
INFO  [16:57:22.427] [bbotk]  56742225-ec57-404b-9ced-d024a070fe83
INFO  [16:57:22.443] [bbotk] Evaluating 1 configuration(s)
INFO  [16:57:23.000] [bbotk] Result of batch 2:
INFO  [16:57:23.001] [bbotk]  nrounds       eta max_depth classif.ce warnings errors runtime_learners
INFO  [16:57:23.001] [bbotk]       98 0.2564528         6  0.1136809        0      0            0.493
INFO  [16:57:23.001] [bbotk]                                 uhash
INFO  [16:57:23.001] [bbotk]  80a9a138-e106-4c2d-9b98-a1292d010bd0
INFO  [16:57:23.007] [bbotk] Evaluating 1 configuration(s)
INFO  [16:57:24.304] [bbotk] Result of batch 3:
INFO  [16:57:24.305] [bbotk]  nrounds       eta max_depth classif.ce warnings errors runtime_learners
INFO  [16:57:24.305] [bbotk]      228 0.1301481         9  0.1074634        0      0            1.252
INFO  [16:57:24.305] [bbotk]                                 uhash
INFO  [16:57:24.305] [bbotk]  1b96530a-07b6-4ab7-a044-1a79efc02ca0
INFO  [16:57:24.309] [bbotk] Evaluating 1 configuration(s)
INFO  [16:57:24.987] [bbotk] Result of batch 4:
INFO  [16:57:24.988] [bbotk]  nrounds        eta max_depth classif.ce warnings errors runtime_learners
INFO  [16:57:24.988] [bbotk]       80 0.04049642         9  0.1110118        0      0            0.619
INFO  [16:57:24.988] [bbotk]                                 uhash
INFO  [16:57:24.988] [bbotk]  b71e9054-78e4-4f22-a92d-33fac40fe34c
INFO  [16:57:25.002] [bbotk] Evaluating 1 configuration(s)
INFO  [16:57:25.772] [bbotk] Result of batch 5:
INFO  [16:57:25.773] [bbotk]  nrounds       eta max_depth classif.ce warnings errors runtime_learners
INFO  [16:57:25.773] [bbotk]      175 0.2807589         6  0.1074634        0      0            0.739
INFO  [16:57:25.773] [bbotk]                                 uhash
INFO  [16:57:25.773] [bbotk]  31e24f82-8c1b-4715-9d11-cda78009f4ff
INFO  [16:57:25.783] [bbotk] Evaluating 1 configuration(s)
INFO  [16:57:26.718] [bbotk] Result of batch 6:
INFO  [16:57:26.719] [bbotk]  nrounds       eta max_depth classif.ce warnings errors runtime_learners
INFO  [16:57:26.719] [bbotk]      258 0.2112219         4  0.1101229        0      0            0.895
INFO  [16:57:26.719] [bbotk]                                 uhash
INFO  [16:57:26.719] [bbotk]  2c934a9a-6efd-4b35-a544-68e1105a58bb
INFO  [16:57:26.730] [bbotk] Evaluating 1 configuration(s)
INFO  [16:57:27.347] [bbotk] Result of batch 7:
INFO  [16:57:27.349] [bbotk]  nrounds        eta max_depth classif.ce warnings errors runtime_learners
INFO  [16:57:27.349] [bbotk]       92 0.06666981         7  0.1065721        0      0            0.545
INFO  [16:57:27.349] [bbotk]                                 uhash
INFO  [16:57:27.349] [bbotk]  61b1bc18-e1ff-48bb-85d4-693563d445f3
INFO  [16:57:27.354] [bbotk] Evaluating 1 configuration(s)
INFO  [16:57:28.562] [bbotk] Result of batch 8:
INFO  [16:57:28.564] [bbotk]  nrounds      eta max_depth classif.ce warnings errors runtime_learners
INFO  [16:57:28.564] [bbotk]      211 0.113856         8  0.1136809        0      0            1.165
INFO  [16:57:28.564] [bbotk]                                 uhash
INFO  [16:57:28.564] [bbotk]  f0f7e897-d6ad-481e-b8aa-168b6c5fa716
INFO  [16:57:28.575] [bbotk] Evaluating 1 configuration(s)
INFO  [16:57:29.187] [bbotk] Result of batch 9:
INFO  [16:57:29.190] [bbotk]  nrounds       eta max_depth classif.ce warnings errors runtime_learners
INFO  [16:57:29.190] [bbotk]       87 0.1281828         7  0.1136761        0      0            0.569
INFO  [16:57:29.190] [bbotk]                                 uhash
INFO  [16:57:29.190] [bbotk]  d2b7198d-ec82-408f-8f8a-847f773dd79b
INFO  [16:57:29.212] [bbotk] Evaluating 1 configuration(s)
INFO  [16:57:29.874] [bbotk] Result of batch 10:
INFO  [16:57:29.875] [bbotk]  nrounds       eta max_depth classif.ce warnings errors runtime_learners
INFO  [16:57:29.875] [bbotk]       96 0.2797841        10  0.1092388        0      0            0.608
INFO  [16:57:29.875] [bbotk]                                 uhash
INFO  [16:57:29.875] [bbotk]  3c1f3a9e-ab13-4caa-8337-e036961d88f4
INFO  [16:57:29.891] [bbotk] Finished optimizing after 10 evaluation(s)
INFO  [16:57:29.892] [bbotk] Result:
INFO  [16:57:29.895] [bbotk]  nrounds        eta max_depth learner_param_vals  x_domain classif.ce
INFO  [16:57:29.895] [bbotk]    <int>      <num>     <int>             <list>    <list>      <num>
INFO  [16:57:29.895] [bbotk]       92 0.06666981         7          <list[5]> <list[3]>  0.1065721

### [bt]: Job terminated successfully [batchtools job.id=1470]
### [bt]: Calculation finished!
