### [bt]: This is batchtools v0.9.17
### [bt]: Starting calculation of 5 jobs
### [bt]: Setting working directory to '/Users/User/Documents/Studium/Semester8/Hiwi/mlr3calibration/vignettes'
### [bt]: Memory measurement disabled
### [bt]: Starting job [batchtools job.id=1076]
### [bt]: Generating problem instance for problem '698720b8ce42ae0c' ...
### [bt]: Applying algorithm 'run_learner' on problem '698720b8ce42ae0c' for job 1076 (seed = 1077) ...
INFO  [16:44:14.820] [mlr3] Applying learner 'classif.xgboost.tuned_calib.oof_isotonic' on task 'pc4' (iter 6/10)
INFO  [16:44:15.053] [bbotk] Starting to optimize 3 parameter(s) with '<OptimizerBatchRandomSearch>' and '<TerminatorEvals> [n_evals=10, k=0]'
INFO  [16:44:15.063] [bbotk] Evaluating 1 configuration(s)
INFO  [16:44:15.412] [bbotk] Result of batch 1:
INFO  [16:44:15.413] [bbotk]  nrounds       eta max_depth classif.ce warnings errors runtime_learners
INFO  [16:44:15.413] [bbotk]      119 0.1207551         3  0.1020057        0      0            0.318
INFO  [16:44:15.413] [bbotk]                                 uhash
INFO  [16:44:15.413] [bbotk]  4fc9de05-ba7a-483a-92a7-dcaab9cdf901
INFO  [16:44:15.421] [bbotk] Evaluating 1 configuration(s)
INFO  [16:44:16.094] [bbotk] Result of batch 2:
INFO  [16:44:16.096] [bbotk]  nrounds       eta max_depth classif.ce warnings errors runtime_learners
INFO  [16:44:16.096] [bbotk]      193 0.1720039         3  0.1000982        0      0             0.62
INFO  [16:44:16.096] [bbotk]                                 uhash
INFO  [16:44:16.096] [bbotk]  240294f5-67ca-482c-a5d9-a8f6b1c87b1f
INFO  [16:44:16.117] [bbotk] Evaluating 1 configuration(s)
INFO  [16:44:17.433] [bbotk] Result of batch 3:
INFO  [16:44:17.435] [bbotk]  nrounds       eta max_depth classif.ce warnings errors runtime_learners
INFO  [16:44:17.435] [bbotk]      296 0.1029241        10  0.1029554        0      0            1.278
INFO  [16:44:17.435] [bbotk]                                 uhash
INFO  [16:44:17.435] [bbotk]  a61cd58b-a9fd-423b-95c1-37f7ae26a529
INFO  [16:44:17.440] [bbotk] Evaluating 1 configuration(s)
INFO  [16:44:18.447] [bbotk] Result of batch 4:
INFO  [16:44:18.448] [bbotk]  nrounds       eta max_depth classif.ce warnings errors runtime_learners
INFO  [16:44:18.448] [bbotk]      277 0.2197354        10 0.09914586        0      0            0.971
INFO  [16:44:18.448] [bbotk]                                 uhash
INFO  [16:44:18.448] [bbotk]  b83b150c-4633-4827-a51c-4864728d572e
INFO  [16:44:18.451] [bbotk] Evaluating 1 configuration(s)
INFO  [16:44:19.763] [bbotk] Result of batch 5:
INFO  [16:44:19.764] [bbotk]  nrounds        eta max_depth classif.ce warnings errors runtime_learners
INFO  [16:44:19.764] [bbotk]      268 0.05073902         9  0.1010452        0      0            1.274
INFO  [16:44:19.764] [bbotk]                                 uhash
INFO  [16:44:19.764] [bbotk]  e6637e2f-be4e-4be4-b776-6e033f728bd0
INFO  [16:44:19.768] [bbotk] Evaluating 1 configuration(s)
INFO  [16:44:20.425] [bbotk] Result of batch 6:
INFO  [16:44:20.426] [bbotk]  nrounds       eta max_depth classif.ce warnings errors runtime_learners
INFO  [16:44:20.426] [bbotk]      207 0.2105376         4  0.1096275        0      0            0.629
INFO  [16:44:20.426] [bbotk]                                 uhash
INFO  [16:44:20.426] [bbotk]  bb34f35e-8af7-47f4-83f9-067ffa61123e
INFO  [16:44:20.434] [bbotk] Evaluating 1 configuration(s)
INFO  [16:44:20.668] [bbotk] Result of batch 7:
INFO  [16:44:20.670] [bbotk]  nrounds       eta max_depth classif.ce warnings errors runtime_learners
INFO  [16:44:20.670] [bbotk]      112 0.2721279         2   0.103916        0      0            0.181
INFO  [16:44:20.670] [bbotk]                                 uhash
INFO  [16:44:20.670] [bbotk]  c7793ddd-4716-4fc9-9b64-3fa5711841c2
INFO  [16:44:20.679] [bbotk] Evaluating 1 configuration(s)
INFO  [16:44:21.395] [bbotk] Result of batch 8:
INFO  [16:44:21.396] [bbotk]  nrounds       eta max_depth classif.ce warnings errors runtime_learners
INFO  [16:44:21.396] [bbotk]      175 0.1105385         5  0.1048683        0      0            0.661
INFO  [16:44:21.396] [bbotk]                                 uhash
INFO  [16:44:21.396] [bbotk]  b63c9e8b-67af-4bad-95fc-dda3fabb3df3
INFO  [16:44:21.405] [bbotk] Evaluating 1 configuration(s)
INFO  [16:44:21.629] [bbotk] Result of batch 9:
INFO  [16:44:21.630] [bbotk]  nrounds       eta max_depth classif.ce warnings errors runtime_learners
INFO  [16:44:21.630] [bbotk]       68 0.2435315         3  0.1000928        0      0            0.173
INFO  [16:44:21.630] [bbotk]                                 uhash
INFO  [16:44:21.630] [bbotk]  0f463eea-573e-4b70-b83e-ef65d2f563f0
INFO  [16:44:21.634] [bbotk] Evaluating 1 configuration(s)
INFO  [16:44:22.224] [bbotk] Result of batch 10:
INFO  [16:44:22.226] [bbotk]  nrounds        eta max_depth classif.ce warnings errors runtime_learners
INFO  [16:44:22.226] [bbotk]      159 0.03349945         6  0.1010506        0      0            0.559
INFO  [16:44:22.226] [bbotk]                                 uhash
INFO  [16:44:22.226] [bbotk]  d4a3caa1-7fb8-4443-a45c-4b814d2aed55
INFO  [16:44:22.238] [bbotk] Finished optimizing after 10 evaluation(s)
INFO  [16:44:22.239] [bbotk] Result:
INFO  [16:44:22.239] [bbotk]  nrounds       eta max_depth learner_param_vals  x_domain classif.ce
INFO  [16:44:22.239] [bbotk]    <int>     <num>     <int>             <list>    <list>      <num>
INFO  [16:44:22.239] [bbotk]      277 0.2197354        10          <list[5]> <list[3]> 0.09914586
INFO  [16:44:22.836] [bbotk] Starting to optimize 3 parameter(s) with '<OptimizerBatchRandomSearch>' and '<TerminatorEvals> [n_evals=10, k=0]'
INFO  [16:44:22.854] [bbotk] Evaluating 1 configuration(s)
INFO  [16:44:23.761] [bbotk] Result of batch 1:
INFO  [16:44:23.763] [bbotk]  nrounds       eta max_depth classif.ce warnings errors runtime_learners
INFO  [16:44:23.763] [bbotk]      240 0.1728964         5 0.08865602        0      0            0.855
INFO  [16:44:23.763] [bbotk]                                 uhash
INFO  [16:44:23.763] [bbotk]  0b10cd72-83ee-40e0-8304-0d9db923610c
INFO  [16:44:23.777] [bbotk] Evaluating 1 configuration(s)
INFO  [16:44:24.319] [bbotk] Result of batch 2:
INFO  [16:44:24.321] [bbotk]  nrounds       eta max_depth classif.ce warnings errors runtime_learners
INFO  [16:44:24.321] [bbotk]      118 0.2802943        10 0.09247101        0      0            0.494
INFO  [16:44:24.321] [bbotk]                                 uhash
INFO  [16:44:24.321] [bbotk]  407d068d-7ab1-4eed-b002-55a93b345a8c
INFO  [16:44:24.331] [bbotk] Evaluating 1 configuration(s)
INFO  [16:44:24.987] [bbotk] Result of batch 3:
INFO  [16:44:24.988] [bbotk]  nrounds       eta max_depth classif.ce warnings errors runtime_learners
INFO  [16:44:24.988] [bbotk]      117 0.1110487         9 0.08769273        0      0            0.594
INFO  [16:44:24.988] [bbotk]                                 uhash
INFO  [16:44:24.988] [bbotk]  d783f78e-b2c0-4892-98d7-ba5b8753634d
INFO  [16:44:24.992] [bbotk] Evaluating 1 configuration(s)
INFO  [16:44:25.755] [bbotk] Result of batch 4:
INFO  [16:44:25.756] [bbotk]  nrounds        eta max_depth classif.ce warnings errors runtime_learners
INFO  [16:44:25.756] [bbotk]      148 0.06824764         7 0.08961386        0      0            0.702
INFO  [16:44:25.756] [bbotk]                                 uhash
INFO  [16:44:25.756] [bbotk]  4db7b360-5fbf-40f3-925c-701ca3b8330f
INFO  [16:44:25.764] [bbotk] Evaluating 1 configuration(s)
INFO  [16:44:26.809] [bbotk] Result of batch 5:
INFO  [16:44:26.810] [bbotk]  nrounds        eta max_depth classif.ce warnings errors runtime_learners
INFO  [16:44:26.810] [bbotk]      170 0.06010091         9  0.0867458        0      0            0.985
INFO  [16:44:26.810] [bbotk]                                 uhash
INFO  [16:44:26.810] [bbotk]  fdcfa2b1-6982-4a2f-a286-2935c82f16d3
INFO  [16:44:26.818] [bbotk] Evaluating 1 configuration(s)
INFO  [16:44:27.219] [bbotk] Result of batch 6:
INFO  [16:44:27.221] [bbotk]  nrounds       eta max_depth classif.ce warnings errors runtime_learners
INFO  [16:44:27.221] [bbotk]       74 0.2693985         8 0.09246555        0      0            0.358
INFO  [16:44:27.221] [bbotk]                                 uhash
INFO  [16:44:27.221] [bbotk]  2e9dcef7-6023-4a0d-b952-2d185baee046
INFO  [16:44:27.236] [bbotk] Evaluating 1 configuration(s)
INFO  [16:44:28.105] [bbotk] Result of batch 7:
INFO  [16:44:28.106] [bbotk]  nrounds       eta max_depth classif.ce warnings errors runtime_learners
INFO  [16:44:28.106] [bbotk]      291 0.2598557         7 0.08770364        0      0            0.839
INFO  [16:44:28.106] [bbotk]                                 uhash
INFO  [16:44:28.106] [bbotk]  a31daa76-7e0d-43de-be5b-3af2c37533fa
INFO  [16:44:28.111] [bbotk] Evaluating 1 configuration(s)
INFO  [16:44:28.608] [bbotk] Result of batch 8:
INFO  [16:44:28.609] [bbotk]  nrounds       eta max_depth classif.ce warnings errors runtime_learners
INFO  [16:44:28.609] [bbotk]      295 0.2193636         2 0.09532269        0      0            0.448
INFO  [16:44:28.609] [bbotk]                                 uhash
INFO  [16:44:28.609] [bbotk]  412b011d-a1db-4eb8-8ac3-952901c6cd5f
INFO  [16:44:28.622] [bbotk] Evaluating 1 configuration(s)
INFO  [16:44:29.478] [bbotk] Result of batch 9:
INFO  [16:44:29.480] [bbotk]  nrounds        eta max_depth classif.ce warnings errors runtime_learners
INFO  [16:44:29.480] [bbotk]      208 0.03722734         5  0.0819839        0      0            0.807
INFO  [16:44:29.480] [bbotk]                                 uhash
INFO  [16:44:29.480] [bbotk]  aaf2c56c-9087-4f8c-8448-5b8aff079576
INFO  [16:44:29.487] [bbotk] Evaluating 1 configuration(s)
INFO  [16:44:30.353] [bbotk] Result of batch 10:
INFO  [16:44:30.354] [bbotk]  nrounds       eta max_depth classif.ce warnings errors runtime_learners
INFO  [16:44:30.354] [bbotk]      200 0.1510582        10  0.0915159        0      0            0.826
INFO  [16:44:30.354] [bbotk]                                 uhash
INFO  [16:44:30.354] [bbotk]  0334f7f1-e55b-45a7-a58e-7dbd06034d99
INFO  [16:44:30.364] [bbotk] Finished optimizing after 10 evaluation(s)
INFO  [16:44:30.364] [bbotk] Result:
INFO  [16:44:30.365] [bbotk]  nrounds        eta max_depth learner_param_vals  x_domain classif.ce
INFO  [16:44:30.365] [bbotk]    <int>      <num>     <int>             <list>    <list>      <num>
INFO  [16:44:30.365] [bbotk]      208 0.03722734         5          <list[5]> <list[3]>  0.0819839
INFO  [16:44:30.780] [bbotk] Starting to optimize 3 parameter(s) with '<OptimizerBatchRandomSearch>' and '<TerminatorEvals> [n_evals=10, k=0]'
INFO  [16:44:30.797] [bbotk] Evaluating 1 configuration(s)
INFO  [16:44:31.655] [bbotk] Result of batch 1:
INFO  [16:44:31.656] [bbotk]  nrounds       eta max_depth classif.ce warnings errors runtime_learners
INFO  [16:44:31.656] [bbotk]      187 0.1553258         8 0.09809524        0      0            0.818
INFO  [16:44:31.656] [bbotk]                                 uhash
INFO  [16:44:31.656] [bbotk]  ea88199a-d9cd-4d85-a27a-5801b195df87
INFO  [16:44:31.661] [bbotk] Evaluating 1 configuration(s)
INFO  [16:44:32.257] [bbotk] Result of batch 2:
INFO  [16:44:32.258] [bbotk]  nrounds       eta max_depth classif.ce warnings errors runtime_learners
INFO  [16:44:32.258] [bbotk]      169 0.2584201         4 0.09333333        0      0            0.547
INFO  [16:44:32.258] [bbotk]                                 uhash
INFO  [16:44:32.258] [bbotk]  79d89a94-2c16-4112-9ac1-a7062f47c452
INFO  [16:44:32.265] [bbotk] Evaluating 1 configuration(s)
INFO  [16:44:32.957] [bbotk] Result of batch 3:
INFO  [16:44:32.958] [bbotk]  nrounds      eta max_depth classif.ce warnings errors runtime_learners
INFO  [16:44:32.958] [bbotk]      169 0.112168         5 0.09142857        0      0            0.649
INFO  [16:44:32.958] [bbotk]                                 uhash
INFO  [16:44:32.958] [bbotk]  0af99401-3fe0-4848-8a0a-5ce0404c4255
INFO  [16:44:32.967] [bbotk] Evaluating 1 configuration(s)
INFO  [16:44:33.728] [bbotk] Result of batch 4:
INFO  [16:44:33.729] [bbotk]  nrounds      eta max_depth classif.ce warnings errors runtime_learners
INFO  [16:44:33.729] [bbotk]      214 0.249208         9 0.09714286        0      0            0.724
INFO  [16:44:33.729] [bbotk]                                 uhash
INFO  [16:44:33.729] [bbotk]  3578b03b-1bce-44a1-9f7a-8b9df371b243
INFO  [16:44:33.741] [bbotk] Evaluating 1 configuration(s)
INFO  [16:44:34.217] [bbotk] Result of batch 5:
INFO  [16:44:34.218] [bbotk]  nrounds       eta max_depth classif.ce warnings errors runtime_learners
INFO  [16:44:34.218] [bbotk]      145 0.1601263         4 0.09142857        0      0            0.442
INFO  [16:44:34.218] [bbotk]                                 uhash
INFO  [16:44:34.218] [bbotk]  a5fd6769-ac7e-4cf2-8bff-5940a2e247e3
INFO  [16:44:34.227] [bbotk] Evaluating 1 configuration(s)
INFO  [16:44:34.461] [bbotk] Result of batch 6:
INFO  [16:44:34.462] [bbotk]  nrounds       eta max_depth classif.ce warnings errors runtime_learners
INFO  [16:44:34.462] [bbotk]       61 0.1887749         3 0.08857143        0      0            0.185
INFO  [16:44:34.462] [bbotk]                                 uhash
INFO  [16:44:34.462] [bbotk]  5f993e3f-72e7-4104-a939-59b7e12e81aa
INFO  [16:44:34.466] [bbotk] Evaluating 1 configuration(s)
INFO  [16:44:35.037] [bbotk] Result of batch 7:
INFO  [16:44:35.039] [bbotk]  nrounds       eta max_depth classif.ce warnings errors runtime_learners
INFO  [16:44:35.039] [bbotk]      109 0.1547789        10  0.1038095        0      0            0.532
INFO  [16:44:35.039] [bbotk]                                 uhash
INFO  [16:44:35.039] [bbotk]  a4af7a86-4360-4b00-9c71-37b093021328
INFO  [16:44:35.048] [bbotk] Evaluating 1 configuration(s)
INFO  [16:44:35.668] [bbotk] Result of batch 8:
INFO  [16:44:35.669] [bbotk]  nrounds       eta max_depth classif.ce warnings errors runtime_learners
INFO  [16:44:35.669] [bbotk]      178 0.2615287         6  0.0952381        0      0            0.588
INFO  [16:44:35.669] [bbotk]                                 uhash
INFO  [16:44:35.669] [bbotk]  4158390e-145a-41c9-a021-a53d679d1a77
INFO  [16:44:35.673] [bbotk] Evaluating 1 configuration(s)
INFO  [16:44:36.121] [bbotk] Result of batch 9:
INFO  [16:44:36.122] [bbotk]  nrounds       eta max_depth classif.ce warnings errors runtime_learners
INFO  [16:44:36.122] [bbotk]      110 0.2588859         7 0.09238095        0      0             0.42
INFO  [16:44:36.122] [bbotk]                                 uhash
INFO  [16:44:36.122] [bbotk]  ec983ced-57ef-4a26-bad6-d30d5dace4f0
INFO  [16:44:36.126] [bbotk] Evaluating 1 configuration(s)
INFO  [16:44:36.431] [bbotk] Result of batch 10:
INFO  [16:44:36.431] [bbotk]  nrounds       eta max_depth classif.ce warnings errors runtime_learners
INFO  [16:44:36.431] [bbotk]       63 0.2981481         6 0.08761905        0      0            0.268
INFO  [16:44:36.431] [bbotk]                                 uhash
INFO  [16:44:36.431] [bbotk]  af52f73b-5103-417e-a2a9-e66163415d43
INFO  [16:44:36.447] [bbotk] Finished optimizing after 10 evaluation(s)
INFO  [16:44:36.448] [bbotk] Result:
INFO  [16:44:36.448] [bbotk]  nrounds       eta max_depth learner_param_vals  x_domain classif.ce
INFO  [16:44:36.448] [bbotk]    <int>     <num>     <int>             <list>    <list>      <num>
INFO  [16:44:36.448] [bbotk]       63 0.2981481         6          <list[5]> <list[3]> 0.08761905
INFO  [16:44:36.630] [bbotk] Starting to optimize 3 parameter(s) with '<OptimizerBatchRandomSearch>' and '<TerminatorEvals> [n_evals=10, k=0]'
INFO  [16:44:36.645] [bbotk] Evaluating 1 configuration(s)
INFO  [16:44:36.886] [bbotk] Result of batch 1:
INFO  [16:44:36.887] [bbotk]  nrounds       eta max_depth classif.ce warnings errors runtime_learners
INFO  [16:44:36.887] [bbotk]       69 0.2900553         3 0.08761905        0      0            0.189
INFO  [16:44:36.887] [bbotk]                                 uhash
INFO  [16:44:36.887] [bbotk]  78f6b194-58e1-423f-917c-054ae336ff30
INFO  [16:44:36.891] [bbotk] Evaluating 1 configuration(s)
INFO  [16:44:37.712] [bbotk] Result of batch 2:
INFO  [16:44:37.713] [bbotk]  nrounds      eta max_depth classif.ce warnings errors runtime_learners
INFO  [16:44:37.713] [bbotk]      299 0.218648         4 0.09047619        0      0            0.777
INFO  [16:44:37.713] [bbotk]                                 uhash
INFO  [16:44:37.713] [bbotk]  84aea360-1a4a-4dce-bc9d-98d7d6bc0617
INFO  [16:44:37.717] [bbotk] Evaluating 1 configuration(s)
INFO  [16:44:38.600] [bbotk] Result of batch 3:
INFO  [16:44:38.601] [bbotk]  nrounds       eta max_depth classif.ce warnings errors runtime_learners
INFO  [16:44:38.601] [bbotk]      202 0.1022342         7 0.08952381        0      0            0.848
INFO  [16:44:38.601] [bbotk]                                 uhash
INFO  [16:44:38.601] [bbotk]  f8581db2-e038-45b3-b4d7-e1ef70a70d5e
INFO  [16:44:38.605] [bbotk] Evaluating 1 configuration(s)
INFO  [16:44:39.404] [bbotk] Result of batch 4:
INFO  [16:44:39.404] [bbotk]  nrounds        eta max_depth classif.ce warnings errors runtime_learners
INFO  [16:44:39.404] [bbotk]      146 0.08752048        10 0.08857143        0      0            0.758
INFO  [16:44:39.404] [bbotk]                                 uhash
INFO  [16:44:39.404] [bbotk]  e60ed77b-af26-4d17-86b6-c299ada811df
INFO  [16:44:39.408] [bbotk] Evaluating 1 configuration(s)
INFO  [16:44:39.655] [bbotk] Result of batch 5:
INFO  [16:44:39.657] [bbotk]  nrounds       eta max_depth classif.ce warnings errors runtime_learners
INFO  [16:44:39.657] [bbotk]       63 0.1179216         3 0.09047619        0      0            0.201
INFO  [16:44:39.657] [bbotk]                                 uhash
INFO  [16:44:39.657] [bbotk]  45e0ae2c-78fe-4969-ac1b-315de320ed60
INFO  [16:44:39.665] [bbotk] Evaluating 1 configuration(s)
INFO  [16:44:40.852] [bbotk] Result of batch 6:
INFO  [16:44:40.853] [bbotk]  nrounds        eta max_depth classif.ce warnings errors runtime_learners
INFO  [16:44:40.853] [bbotk]      275 0.09587514         8 0.09333333        0      0            1.143
INFO  [16:44:40.853] [bbotk]                                 uhash
INFO  [16:44:40.853] [bbotk]  39dfee7a-3d63-44b2-975e-a1b49529874d
INFO  [16:44:40.859] [bbotk] Evaluating 1 configuration(s)
INFO  [16:44:41.600] [bbotk] Result of batch 7:
INFO  [16:44:41.601] [bbotk]  nrounds       eta max_depth classif.ce warnings errors runtime_learners
INFO  [16:44:41.601] [bbotk]      152 0.1235936        10 0.09333333        0      0            0.704
INFO  [16:44:41.601] [bbotk]                                 uhash
INFO  [16:44:41.601] [bbotk]  8941b909-d2a5-4922-aa73-cfa44518e982
INFO  [16:44:41.605] [bbotk] Evaluating 1 configuration(s)
INFO  [16:44:41.905] [bbotk] Result of batch 8:
INFO  [16:44:41.906] [bbotk]  nrounds        eta max_depth classif.ce warnings errors runtime_learners
INFO  [16:44:41.906] [bbotk]      189 0.01956917         2  0.1038095        0      0            0.267
INFO  [16:44:41.906] [bbotk]                                 uhash
INFO  [16:44:41.906] [bbotk]  e25e1326-cb9e-42f0-bfb5-6b99f59dd962
INFO  [16:44:41.910] [bbotk] Evaluating 1 configuration(s)
INFO  [16:44:42.292] [bbotk] Result of batch 9:
INFO  [16:44:42.293] [bbotk]  nrounds       eta max_depth classif.ce warnings errors runtime_learners
INFO  [16:44:42.293] [bbotk]       64 0.1371592         9 0.09142857        0      0            0.344
INFO  [16:44:42.293] [bbotk]                                 uhash
INFO  [16:44:42.293] [bbotk]  ede5c558-14f3-405b-a72b-7dc2ed781a76
INFO  [16:44:42.297] [bbotk] Evaluating 1 configuration(s)
INFO  [16:44:43.079] [bbotk] Result of batch 10:
INFO  [16:44:43.080] [bbotk]  nrounds        eta max_depth classif.ce warnings errors runtime_learners
INFO  [16:44:43.080] [bbotk]      137 0.04348044         8 0.09333333        0      0            0.738
INFO  [16:44:43.080] [bbotk]                                 uhash
INFO  [16:44:43.080] [bbotk]  0675c46c-a9c2-4858-8fb6-e1b1cd0ae297
INFO  [16:44:43.091] [bbotk] Finished optimizing after 10 evaluation(s)
INFO  [16:44:43.092] [bbotk] Result:
INFO  [16:44:43.093] [bbotk]  nrounds       eta max_depth learner_param_vals  x_domain classif.ce
INFO  [16:44:43.093] [bbotk]    <int>     <num>     <int>             <list>    <list>      <num>
INFO  [16:44:43.093] [bbotk]       69 0.2900553         3          <list[5]> <list[3]> 0.08761905
INFO  [16:44:43.211] [bbotk] Starting to optimize 3 parameter(s) with '<OptimizerBatchRandomSearch>' and '<TerminatorEvals> [n_evals=10, k=0]'
INFO  [16:44:43.220] [bbotk] Evaluating 1 configuration(s)
INFO  [16:44:43.736] [bbotk] Result of batch 1:
INFO  [16:44:43.738] [bbotk]  nrounds       eta max_depth classif.ce warnings errors runtime_learners
INFO  [16:44:43.738] [bbotk]      110 0.1951971         7 0.09333333        0      0            0.478
INFO  [16:44:43.738] [bbotk]                                 uhash
INFO  [16:44:43.738] [bbotk]  8a318589-4d9a-45ca-bd71-28a963bb534f
INFO  [16:44:43.748] [bbotk] Evaluating 1 configuration(s)
INFO  [16:44:44.421] [bbotk] Result of batch 2:
INFO  [16:44:44.422] [bbotk]  nrounds       eta max_depth classif.ce warnings errors runtime_learners
INFO  [16:44:44.422] [bbotk]      275 0.2348174         3 0.09809524        0      0            0.622
INFO  [16:44:44.422] [bbotk]                                 uhash
INFO  [16:44:44.422] [bbotk]  79b3f98e-33d9-484a-967b-b2bcc84d8541
INFO  [16:44:44.426] [bbotk] Evaluating 1 configuration(s)
INFO  [16:44:45.162] [bbotk] Result of batch 3:
INFO  [16:44:45.163] [bbotk]  nrounds      eta max_depth classif.ce warnings errors runtime_learners
INFO  [16:44:45.163] [bbotk]      211 0.173057         5  0.0952381        0      0             0.69
INFO  [16:44:45.163] [bbotk]                                 uhash
INFO  [16:44:45.163] [bbotk]  6624a430-8446-4df1-bf6c-054c7f0c75ad
INFO  [16:44:45.170] [bbotk] Evaluating 1 configuration(s)
INFO  [16:44:45.561] [bbotk] Result of batch 4:
INFO  [16:44:45.564] [bbotk]  nrounds        eta max_depth classif.ce warnings errors runtime_learners
INFO  [16:44:45.564] [bbotk]       67 0.07304755         8  0.1028571        0      0            0.347
INFO  [16:44:45.564] [bbotk]                                 uhash
INFO  [16:44:45.564] [bbotk]  40594648-9a6b-4ec7-83b1-8a8c7a856c89
INFO  [16:44:45.570] [bbotk] Evaluating 1 configuration(s)
INFO  [16:44:45.860] [bbotk] Result of batch 5:
INFO  [16:44:45.861] [bbotk]  nrounds        eta max_depth classif.ce warnings errors runtime_learners
INFO  [16:44:45.861] [bbotk]      154 0.01156787         2  0.1066667        0      0            0.261
INFO  [16:44:45.861] [bbotk]                                 uhash
INFO  [16:44:45.861] [bbotk]  95128396-e30b-4168-a539-b3d79c456ec2
INFO  [16:44:45.865] [bbotk] Evaluating 1 configuration(s)
INFO  [16:44:46.377] [bbotk] Result of batch 6:
INFO  [16:44:46.380] [bbotk]  nrounds       eta max_depth classif.ce warnings errors runtime_learners
INFO  [16:44:46.380] [bbotk]      149 0.1975234         4 0.09333333        0      0            0.463
INFO  [16:44:46.380] [bbotk]                                 uhash
INFO  [16:44:46.380] [bbotk]  b003eabd-95ba-442a-aeff-8f6052e5968f
INFO  [16:44:46.387] [bbotk] Evaluating 1 configuration(s)
INFO  [16:44:46.645] [bbotk] Result of batch 7:
INFO  [16:44:46.647] [bbotk]  nrounds       eta max_depth classif.ce warnings errors runtime_learners
INFO  [16:44:46.647] [bbotk]      139 0.1217841         2 0.09619048        0      0            0.221
INFO  [16:44:46.647] [bbotk]                                 uhash
INFO  [16:44:46.647] [bbotk]  f9b39fa8-fe49-4905-a109-fbc9790a6e20
INFO  [16:44:46.656] [bbotk] Evaluating 1 configuration(s)
INFO  [16:44:47.606] [bbotk] Result of batch 8:
INFO  [16:44:47.607] [bbotk]  nrounds        eta max_depth classif.ce warnings errors runtime_learners
INFO  [16:44:47.607] [bbotk]      177 0.04121364         8 0.09714286        0      0            0.902
INFO  [16:44:47.607] [bbotk]                                 uhash
INFO  [16:44:47.607] [bbotk]  af5a52f0-f703-4a00-b2bf-4ca78d43649d
INFO  [16:44:47.612] [bbotk] Evaluating 1 configuration(s)
INFO  [16:44:48.537] [bbotk] Result of batch 9:
INFO  [16:44:48.542] [bbotk]  nrounds       eta max_depth classif.ce warnings errors runtime_learners
INFO  [16:44:48.542] [bbotk]      283 0.2445658         8  0.1009524        0      0            0.877
INFO  [16:44:48.542] [bbotk]                                 uhash
INFO  [16:44:48.542] [bbotk]  6b7e3fa0-b8c2-4505-b3c9-d2ba4c21a9a2
INFO  [16:44:48.547] [bbotk] Evaluating 1 configuration(s)
INFO  [16:44:48.987] [bbotk] Result of batch 10:
INFO  [16:44:48.988] [bbotk]  nrounds       eta max_depth classif.ce warnings errors runtime_learners
INFO  [16:44:48.988] [bbotk]      164 0.1575352         3 0.09809524        0      0            0.409
INFO  [16:44:48.988] [bbotk]                                 uhash
INFO  [16:44:48.988] [bbotk]  f66291d4-b893-4335-bccd-ad8584720199
INFO  [16:44:49.005] [bbotk] Finished optimizing after 10 evaluation(s)
INFO  [16:44:49.005] [bbotk] Result:
INFO  [16:44:49.006] [bbotk]  nrounds       eta max_depth learner_param_vals  x_domain classif.ce
INFO  [16:44:49.006] [bbotk]    <int>     <num>     <int>             <list>    <list>      <num>
INFO  [16:44:49.006] [bbotk]      110 0.1951971         7          <list[5]> <list[3]> 0.09333333

### [bt]: Job terminated successfully [batchtools job.id=1076]
### [bt]: Starting job [batchtools job.id=1077]
### [bt]: Generating problem instance for problem '698720b8ce42ae0c' ...
### [bt]: Applying algorithm 'run_learner' on problem '698720b8ce42ae0c' for job 1077 (seed = 1078) ...
INFO  [16:44:49.371] [mlr3] Applying learner 'classif.xgboost.tuned_calib.oof_isotonic' on task 'pc4' (iter 7/10)
INFO  [16:44:49.426] [bbotk] Starting to optimize 3 parameter(s) with '<OptimizerBatchRandomSearch>' and '<TerminatorEvals> [n_evals=10, k=0]'
INFO  [16:44:49.435] [bbotk] Evaluating 1 configuration(s)
INFO  [16:44:50.138] [bbotk] Result of batch 1:
INFO  [16:44:50.139] [bbotk]  nrounds       eta max_depth classif.ce warnings errors runtime_learners
INFO  [16:44:50.139] [bbotk]      161 0.1725547         9  0.0972411        0      0            0.663
INFO  [16:44:50.139] [bbotk]                                 uhash
INFO  [16:44:50.139] [bbotk]  674ed5e4-7a4d-47e2-b4d5-d11c920bb81d
INFO  [16:44:50.143] [bbotk] Evaluating 1 configuration(s)
INFO  [16:44:50.869] [bbotk] Result of batch 2:
INFO  [16:44:50.869] [bbotk]  nrounds       eta max_depth classif.ce warnings errors runtime_learners
INFO  [16:44:50.869] [bbotk]      214 0.0992653         4 0.09247373        0      0            0.684
INFO  [16:44:50.869] [bbotk]                                 uhash
INFO  [16:44:50.869] [bbotk]  6f4593b5-b08e-459f-be41-159e5ceb120f
INFO  [16:44:50.873] [bbotk] Evaluating 1 configuration(s)
INFO  [16:44:51.178] [bbotk] Result of batch 3:
INFO  [16:44:51.179] [bbotk]  nrounds       eta max_depth classif.ce warnings errors runtime_learners
INFO  [16:44:51.179] [bbotk]       85 0.1273538         2  0.1000955        0      0            0.249
INFO  [16:44:51.179] [bbotk]                                 uhash
INFO  [16:44:51.179] [bbotk]  d6e9913c-9b43-4a99-9762-e585af7cf387
INFO  [16:44:51.183] [bbotk] Evaluating 1 configuration(s)
INFO  [16:44:51.629] [bbotk] Result of batch 4:
INFO  [16:44:51.630] [bbotk]  nrounds       eta max_depth classif.ce warnings errors runtime_learners
INFO  [16:44:51.630] [bbotk]       96 0.2203283         8  0.0991404        0      0            0.405
INFO  [16:44:51.630] [bbotk]                                 uhash
INFO  [16:44:51.630] [bbotk]  50fbbc28-edbb-472b-b8f8-a5cbb8bf930d
INFO  [16:44:51.636] [bbotk] Evaluating 1 configuration(s)
INFO  [16:44:52.156] [bbotk] Result of batch 5:
INFO  [16:44:52.157] [bbotk]  nrounds       eta max_depth classif.ce warnings errors runtime_learners
INFO  [16:44:52.157] [bbotk]      126 0.2190532         8 0.09914313        0      0            0.485
INFO  [16:44:52.157] [bbotk]                                 uhash
INFO  [16:44:52.157] [bbotk]  ed7c5c22-6284-453d-87c4-e5baa4eb044b
INFO  [16:44:52.161] [bbotk] Evaluating 1 configuration(s)
INFO  [16:44:52.914] [bbotk] Result of batch 6:
INFO  [16:44:52.915] [bbotk]  nrounds       eta max_depth classif.ce warnings errors runtime_learners
INFO  [16:44:52.915] [bbotk]      161 0.1583272         9 0.09247373        0      0             0.67
INFO  [16:44:52.915] [bbotk]                                 uhash
INFO  [16:44:52.915] [bbotk]  d3998066-1094-4598-8cca-67890518926a
INFO  [16:44:52.919] [bbotk] Evaluating 1 configuration(s)
INFO  [16:44:53.232] [bbotk] Result of batch 7:
INFO  [16:44:53.233] [bbotk]  nrounds       eta max_depth classif.ce warnings errors runtime_learners
INFO  [16:44:53.233] [bbotk]      156 0.2629644         2 0.09438395        0      0            0.272
INFO  [16:44:53.233] [bbotk]                                 uhash
INFO  [16:44:53.233] [bbotk]  0c1abcba-41aa-4f1f-b747-f2f5045264bf
INFO  [16:44:53.237] [bbotk] Evaluating 1 configuration(s)
INFO  [16:44:54.203] [bbotk] Result of batch 8:
INFO  [16:44:54.204] [bbotk]  nrounds        eta max_depth classif.ce warnings errors runtime_learners
INFO  [16:44:54.204] [bbotk]      208 0.07255403         6 0.09533361        0      0            0.937
INFO  [16:44:54.204] [bbotk]                                 uhash
INFO  [16:44:54.204] [bbotk]  1ea3f7bd-b205-46d9-86b6-c9b39d7fc7f3
INFO  [16:44:54.212] [bbotk] Evaluating 1 configuration(s)
INFO  [16:44:54.688] [bbotk] Result of batch 9:
INFO  [16:44:54.690] [bbotk]  nrounds       eta max_depth classif.ce warnings errors runtime_learners
INFO  [16:44:54.690] [bbotk]      102 0.1801216         9 0.09628053        0      0             0.43
INFO  [16:44:54.690] [bbotk]                                 uhash
INFO  [16:44:54.690] [bbotk]  03a61aa4-b108-4d0a-b2d2-d71d7bfd47ba
INFO  [16:44:54.699] [bbotk] Evaluating 1 configuration(s)
INFO  [16:44:54.897] [bbotk] Result of batch 10:
INFO  [16:44:54.899] [bbotk]  nrounds       eta max_depth classif.ce warnings errors runtime_learners
INFO  [16:44:54.899] [bbotk]       57 0.2646047         3  0.0848465        0      0            0.137
INFO  [16:44:54.899] [bbotk]                                 uhash
INFO  [16:44:54.899] [bbotk]  9fa12262-9bbe-4dfa-9ab9-7c92d80d0941
INFO  [16:44:54.920] [bbotk] Finished optimizing after 10 evaluation(s)
INFO  [16:44:54.920] [bbotk] Result:
INFO  [16:44:54.921] [bbotk]  nrounds       eta max_depth learner_param_vals  x_domain classif.ce
INFO  [16:44:54.921] [bbotk]    <int>     <num>     <int>             <list>    <list>      <num>
INFO  [16:44:54.921] [bbotk]       57 0.2646047         3          <list[5]> <list[3]>  0.0848465
INFO  [16:44:55.017] [bbotk] Starting to optimize 3 parameter(s) with '<OptimizerBatchRandomSearch>' and '<TerminatorEvals> [n_evals=10, k=0]'
INFO  [16:44:55.040] [bbotk] Evaluating 1 configuration(s)
INFO  [16:44:55.548] [bbotk] Result of batch 1:
INFO  [16:44:55.549] [bbotk]  nrounds       eta max_depth classif.ce warnings errors runtime_learners
INFO  [16:44:55.549] [bbotk]      122 0.2136662         9  0.0934152        0      0            0.459
INFO  [16:44:55.549] [bbotk]                                 uhash
INFO  [16:44:55.549] [bbotk]  a37f6805-612f-4120-8502-abcf96898537
INFO  [16:44:55.553] [bbotk] Evaluating 1 configuration(s)
INFO  [16:44:55.768] [bbotk] Result of batch 2:
INFO  [16:44:55.769] [bbotk]  nrounds       eta max_depth classif.ce warnings errors runtime_learners
INFO  [16:44:55.769] [bbotk]       57 0.1324188         4 0.08770091        0      0            0.175
INFO  [16:44:55.769] [bbotk]                                 uhash
INFO  [16:44:55.769] [bbotk]  948745f8-4fe9-47a4-ab5f-399c1764bbf3
INFO  [16:44:55.773] [bbotk] Evaluating 1 configuration(s)
INFO  [16:44:56.947] [bbotk] Result of batch 3:
INFO  [16:44:56.948] [bbotk]  nrounds       eta max_depth classif.ce warnings errors runtime_learners
INFO  [16:44:56.948] [bbotk]      289 0.0736328         8  0.1019921        0      0            1.134
INFO  [16:44:56.948] [bbotk]                                 uhash
INFO  [16:44:56.948] [bbotk]  3fb93ae5-294f-4044-8093-dddb7620212a
INFO  [16:44:56.951] [bbotk] Evaluating 1 configuration(s)
INFO  [16:44:57.433] [bbotk] Result of batch 4:
INFO  [16:44:57.434] [bbotk]  nrounds       eta max_depth classif.ce warnings errors runtime_learners
INFO  [16:44:57.434] [bbotk]      286 0.2897115         2 0.08865057        0      0            0.441
INFO  [16:44:57.434] [bbotk]                                 uhash
INFO  [16:44:57.434] [bbotk]  d7088049-16b7-4a06-bd01-0bf62469f643
INFO  [16:44:57.438] [bbotk] Evaluating 1 configuration(s)
INFO  [16:44:58.224] [bbotk] Result of batch 5:
INFO  [16:44:58.225] [bbotk]  nrounds       eta max_depth classif.ce warnings errors runtime_learners
INFO  [16:44:58.225] [bbotk]      205 0.1994988        10  0.1020003        0      0            0.746
INFO  [16:44:58.225] [bbotk]                                 uhash
INFO  [16:44:58.225] [bbotk]  37f79336-2d8b-4c76-949b-a6a3a35ede39
INFO  [16:44:58.229] [bbotk] Evaluating 1 configuration(s)
INFO  [16:44:58.989] [bbotk] Result of batch 6:
INFO  [16:44:58.990] [bbotk]  nrounds       eta max_depth classif.ce warnings errors runtime_learners
INFO  [16:44:58.990] [bbotk]      293 0.1035721         3 0.09818802        0      0            0.717
INFO  [16:44:58.990] [bbotk]                                 uhash
INFO  [16:44:58.990] [bbotk]  4a533bc6-4fdd-4dad-8d18-61fb0a6be2ea
INFO  [16:44:58.994] [bbotk] Evaluating 1 configuration(s)
INFO  [16:44:59.965] [bbotk] Result of batch 7:
INFO  [16:44:59.966] [bbotk]  nrounds       eta max_depth classif.ce warnings errors runtime_learners
INFO  [16:44:59.966] [bbotk]      273 0.1403917         9  0.1039132        0      0             0.92
INFO  [16:44:59.966] [bbotk]                                 uhash
INFO  [16:44:59.966] [bbotk]  661e23fc-d7e5-49cd-834d-c0af965b692f
INFO  [16:44:59.976] [bbotk] Evaluating 1 configuration(s)
INFO  [16:45:00.319] [bbotk] Result of batch 8:
INFO  [16:45:00.320] [bbotk]  nrounds       eta max_depth classif.ce warnings errors runtime_learners
INFO  [16:45:00.320] [bbotk]       80 0.1557881         4 0.09246828        0      0            0.289
INFO  [16:45:00.320] [bbotk]                                 uhash
INFO  [16:45:00.320] [bbotk]  4894d465-0ce5-470a-8813-7116ddc265ee
INFO  [16:45:00.324] [bbotk] Evaluating 1 configuration(s)
INFO  [16:45:00.467] [bbotk] Result of batch 9:
INFO  [16:45:00.470] [bbotk]  nrounds       eta max_depth classif.ce warnings errors runtime_learners
INFO  [16:45:00.470] [bbotk]       52 0.2588049         2 0.09056624        0      0            0.099
INFO  [16:45:00.470] [bbotk]                                 uhash
INFO  [16:45:00.470] [bbotk]  2fcb3178-6e24-42ad-be23-cbb628586799
INFO  [16:45:00.481] [bbotk] Evaluating 1 configuration(s)
INFO  [16:45:01.560] [bbotk] Result of batch 10:
INFO  [16:45:01.562] [bbotk]  nrounds        eta max_depth classif.ce warnings errors runtime_learners
INFO  [16:45:01.562] [bbotk]      281 0.05773697         5 0.09722745        0      0            1.036
INFO  [16:45:01.562] [bbotk]                                 uhash
INFO  [16:45:01.562] [bbotk]  269c170a-6b18-49c3-b8fe-36c5f22541f1
INFO  [16:45:01.570] [bbotk] Finished optimizing after 10 evaluation(s)
INFO  [16:45:01.570] [bbotk] Result:
INFO  [16:45:01.571] [bbotk]  nrounds       eta max_depth learner_param_vals  x_domain classif.ce
INFO  [16:45:01.571] [bbotk]    <int>     <num>     <int>             <list>    <list>      <num>
INFO  [16:45:01.571] [bbotk]       57 0.1324188         4          <list[5]> <list[3]> 0.08770091
INFO  [16:45:01.688] [bbotk] Starting to optimize 3 parameter(s) with '<OptimizerBatchRandomSearch>' and '<TerminatorEvals> [n_evals=10, k=0]'
INFO  [16:45:01.703] [bbotk] Evaluating 1 configuration(s)
INFO  [16:45:02.482] [bbotk] Result of batch 1:
INFO  [16:45:02.483] [bbotk]  nrounds        eta max_depth classif.ce warnings errors runtime_learners
INFO  [16:45:02.483] [bbotk]      177 0.03618136         5  0.1038095        0      0            0.744
INFO  [16:45:02.483] [bbotk]                                 uhash
INFO  [16:45:02.483] [bbotk]  0bc52efb-c2b9-4abb-b84b-b73c5e82045e
INFO  [16:45:02.486] [bbotk] Evaluating 1 configuration(s)
INFO  [16:45:03.297] [bbotk] Result of batch 2:
INFO  [16:45:03.297] [bbotk]  nrounds       eta max_depth classif.ce warnings errors runtime_learners
INFO  [16:45:03.297] [bbotk]      264 0.2462603         6  0.1057143        0      0            0.776
INFO  [16:45:03.297] [bbotk]                                 uhash
INFO  [16:45:03.297] [bbotk]  2f2bc3d4-59a9-4cd3-a5d2-85f49cafd4ff
INFO  [16:45:03.301] [bbotk] Evaluating 1 configuration(s)
INFO  [16:45:03.961] [bbotk] Result of batch 3:
INFO  [16:45:03.962] [bbotk]  nrounds       eta max_depth classif.ce warnings errors runtime_learners
INFO  [16:45:03.962] [bbotk]      193 0.2308715         9        0.1        0      0            0.622
INFO  [16:45:03.962] [bbotk]                                 uhash
INFO  [16:45:03.962] [bbotk]  94e18600-70f6-4a23-bad2-fe8fdf2808e9
INFO  [16:45:03.966] [bbotk] Evaluating 1 configuration(s)
INFO  [16:45:04.582] [bbotk] Result of batch 4:
INFO  [16:45:04.584] [bbotk]  nrounds        eta max_depth classif.ce warnings errors runtime_learners
INFO  [16:45:04.584] [bbotk]      127 0.09967763        10        0.1        0      0            0.584
INFO  [16:45:04.584] [bbotk]                                 uhash
INFO  [16:45:04.584] [bbotk]  1091ca2a-e455-45d2-a9eb-c3099676827e
INFO  [16:45:04.594] [bbotk] Evaluating 1 configuration(s)
INFO  [16:45:05.129] [bbotk] Result of batch 5:
INFO  [16:45:05.130] [bbotk]  nrounds       eta max_depth classif.ce warnings errors runtime_learners
INFO  [16:45:05.130] [bbotk]      127 0.2255061         6        0.1        0      0            0.477
INFO  [16:45:05.130] [bbotk]                                 uhash
INFO  [16:45:05.130] [bbotk]  caa04586-b903-486b-b4cd-4434ab4160cf
INFO  [16:45:05.134] [bbotk] Evaluating 1 configuration(s)
INFO  [16:45:05.854] [bbotk] Result of batch 6:
INFO  [16:45:05.856] [bbotk]  nrounds       eta max_depth classif.ce warnings errors runtime_learners
INFO  [16:45:05.856] [bbotk]      300 0.1871613         3 0.09333333        0      0            0.668
INFO  [16:45:05.856] [bbotk]                                 uhash
INFO  [16:45:05.856] [bbotk]  848c1af3-280c-466f-bd4b-2ae67f214841
INFO  [16:45:05.866] [bbotk] Evaluating 1 configuration(s)
INFO  [16:45:06.699] [bbotk] Result of batch 7:
INFO  [16:45:06.700] [bbotk]  nrounds      eta max_depth classif.ce warnings errors runtime_learners
INFO  [16:45:06.700] [bbotk]      288 0.236088         4        0.1        0      0            0.787
INFO  [16:45:06.700] [bbotk]                                 uhash
INFO  [16:45:06.700] [bbotk]  bc6c91b0-4d7d-418a-b32d-bc2994371ef9
INFO  [16:45:06.709] [bbotk] Evaluating 1 configuration(s)
INFO  [16:45:07.060] [bbotk] Result of batch 8:
INFO  [16:45:07.061] [bbotk]  nrounds        eta max_depth classif.ce warnings errors runtime_learners
INFO  [16:45:07.061] [bbotk]      189 0.03310112         2 0.09714286        0      0            0.311
INFO  [16:45:07.061] [bbotk]                                 uhash
INFO  [16:45:07.061] [bbotk]  a2ae23cf-b695-4fa9-b91b-8821b8d43449
INFO  [16:45:07.065] [bbotk] Evaluating 1 configuration(s)
INFO  [16:45:07.469] [bbotk] Result of batch 9:
INFO  [16:45:07.470] [bbotk]  nrounds       eta max_depth classif.ce warnings errors runtime_learners
INFO  [16:45:07.470] [bbotk]      105 0.2475008         5        0.1        0      0            0.368
INFO  [16:45:07.470] [bbotk]                                 uhash
INFO  [16:45:07.470] [bbotk]  3595aefb-4eb5-4885-bfaf-ed05670efc70
INFO  [16:45:07.474] [bbotk] Evaluating 1 configuration(s)
INFO  [16:45:08.232] [bbotk] Result of batch 10:
INFO  [16:45:08.233] [bbotk]  nrounds       eta max_depth classif.ce warnings errors runtime_learners
INFO  [16:45:08.233] [bbotk]      253 0.2369913         4        0.1        0      0            0.718
INFO  [16:45:08.233] [bbotk]                                 uhash
INFO  [16:45:08.233] [bbotk]  3182a356-810e-4ccf-bf4c-1390264c5cc1
INFO  [16:45:08.250] [bbotk] Finished optimizing after 10 evaluation(s)
INFO  [16:45:08.251] [bbotk] Result:
INFO  [16:45:08.255] [bbotk]  nrounds       eta max_depth learner_param_vals  x_domain classif.ce
INFO  [16:45:08.255] [bbotk]    <int>     <num>     <int>             <list>    <list>      <num>
INFO  [16:45:08.255] [bbotk]      300 0.1871613         3          <list[5]> <list[3]> 0.09333333
INFO  [16:45:08.606] [bbotk] Starting to optimize 3 parameter(s) with '<OptimizerBatchRandomSearch>' and '<TerminatorEvals> [n_evals=10, k=0]'
INFO  [16:45:08.628] [bbotk] Evaluating 1 configuration(s)
INFO  [16:45:09.440] [bbotk] Result of batch 1:
INFO  [16:45:09.441] [bbotk]  nrounds       eta max_depth classif.ce warnings errors runtime_learners
INFO  [16:45:09.441] [bbotk]      271 0.2311669         5 0.09238095        0      0            0.784
INFO  [16:45:09.441] [bbotk]                                 uhash
INFO  [16:45:09.441] [bbotk]  6d3ba609-076c-4d04-8cc7-97d8a541cb6a
INFO  [16:45:09.447] [bbotk] Evaluating 1 configuration(s)
INFO  [16:45:09.865] [bbotk] Result of batch 2:
INFO  [16:45:09.867] [bbotk]  nrounds       eta max_depth classif.ce warnings errors runtime_learners
INFO  [16:45:09.867] [bbotk]      208 0.1250739         2 0.09047619        0      0            0.368
INFO  [16:45:09.867] [bbotk]                                 uhash
INFO  [16:45:09.867] [bbotk]  c0b09c21-707d-4d06-95a2-e14a7d021829
INFO  [16:45:09.877] [bbotk] Evaluating 1 configuration(s)
INFO  [16:45:10.485] [bbotk] Result of batch 3:
INFO  [16:45:10.486] [bbotk]  nrounds       eta max_depth classif.ce warnings errors runtime_learners
INFO  [16:45:10.486] [bbotk]      239 0.2699583         3 0.09619048        0      0            0.554
INFO  [16:45:10.486] [bbotk]                                 uhash
INFO  [16:45:10.486] [bbotk]  85216db3-a0cf-4e7a-ad5d-c1a34e7f2d97
INFO  [16:45:10.490] [bbotk] Evaluating 1 configuration(s)
INFO  [16:45:11.369] [bbotk] Result of batch 4:
INFO  [16:45:11.371] [bbotk]  nrounds       eta max_depth classif.ce warnings errors runtime_learners
INFO  [16:45:11.371] [bbotk]      293 0.1796377         4 0.09619048        0      0            0.847
INFO  [16:45:11.371] [bbotk]                                 uhash
INFO  [16:45:11.371] [bbotk]  eada9230-29e8-448f-9510-4bfbd52cfbda
INFO  [16:45:11.379] [bbotk] Evaluating 1 configuration(s)
INFO  [16:45:12.124] [bbotk] Result of batch 5:
INFO  [16:45:12.126] [bbotk]  nrounds       eta max_depth classif.ce warnings errors runtime_learners
INFO  [16:45:12.126] [bbotk]      170 0.1595058         8 0.09333333        0      0            0.705
INFO  [16:45:12.126] [bbotk]                                 uhash
INFO  [16:45:12.126] [bbotk]  082e7121-905f-445d-a60e-5b3816fa8c0b
INFO  [16:45:12.135] [bbotk] Evaluating 1 configuration(s)
INFO  [16:45:12.447] [bbotk] Result of batch 6:
INFO  [16:45:12.448] [bbotk]  nrounds       eta max_depth classif.ce warnings errors runtime_learners
INFO  [16:45:12.448] [bbotk]       53 0.1949979         6 0.09047619        0      0            0.255
INFO  [16:45:12.448] [bbotk]                                 uhash
INFO  [16:45:12.448] [bbotk]  7d27db89-bb5e-4265-8f0e-8b01cf8e9e9d
INFO  [16:45:12.453] [bbotk] Evaluating 1 configuration(s)
INFO  [16:45:12.846] [bbotk] Result of batch 7:
INFO  [16:45:12.847] [bbotk]  nrounds        eta max_depth classif.ce warnings errors runtime_learners
INFO  [16:45:12.847] [bbotk]       60 0.08779632        10 0.09333333        0      0            0.359
INFO  [16:45:12.847] [bbotk]                                 uhash
INFO  [16:45:12.847] [bbotk]  2872f207-8b49-4315-8891-d4e4bc3f7eef
INFO  [16:45:12.852] [bbotk] Evaluating 1 configuration(s)
INFO  [16:45:13.235] [bbotk] Result of batch 8:
INFO  [16:45:13.237] [bbotk]  nrounds       eta max_depth classif.ce warnings errors runtime_learners
INFO  [16:45:13.237] [bbotk]       73 0.1491494         7 0.09619048        0      0            0.341
INFO  [16:45:13.237] [bbotk]                                 uhash
INFO  [16:45:13.237] [bbotk]  2f3e9282-0df7-4788-9a5f-d359c8cf3c8e
INFO  [16:45:13.246] [bbotk] Evaluating 1 configuration(s)
INFO  [16:45:13.970] [bbotk] Result of batch 9:
INFO  [16:45:13.971] [bbotk]  nrounds       eta max_depth classif.ce warnings errors runtime_learners
INFO  [16:45:13.971] [bbotk]      192 0.1265464         5 0.09904762        0      0            0.674
INFO  [16:45:13.971] [bbotk]                                 uhash
INFO  [16:45:13.971] [bbotk]  c06df033-e1c5-40b0-9591-6b0f1e27d3f0
INFO  [16:45:13.974] [bbotk] Evaluating 1 configuration(s)
INFO  [16:45:14.985] [bbotk] Result of batch 10:
INFO  [16:45:14.986] [bbotk]  nrounds       eta max_depth classif.ce warnings errors runtime_learners
INFO  [16:45:14.986] [bbotk]      289 0.1476242         9 0.09428571        0      0            0.973
INFO  [16:45:14.986] [bbotk]                                 uhash
INFO  [16:45:14.986] [bbotk]  6a65cbd7-3853-448a-a1ee-3d32ce6e5196
INFO  [16:45:15.004] [bbotk] Finished optimizing after 10 evaluation(s)
INFO  [16:45:15.004] [bbotk] Result:
INFO  [16:45:15.006] [bbotk]  nrounds       eta max_depth learner_param_vals  x_domain classif.ce
INFO  [16:45:15.006] [bbotk]    <int>     <num>     <int>             <list>    <list>      <num>
INFO  [16:45:15.006] [bbotk]      208 0.1250739         2          <list[5]> <list[3]> 0.09047619
INFO  [16:45:15.201] [bbotk] Starting to optimize 3 parameter(s) with '<OptimizerBatchRandomSearch>' and '<TerminatorEvals> [n_evals=10, k=0]'
INFO  [16:45:15.211] [bbotk] Evaluating 1 configuration(s)
INFO  [16:45:15.850] [bbotk] Result of batch 1:
INFO  [16:45:15.852] [bbotk]  nrounds        eta max_depth classif.ce warnings errors runtime_learners
INFO  [16:45:15.852] [bbotk]      260 0.03110806         3 0.09238095        0      0            0.607
INFO  [16:45:15.852] [bbotk]                                 uhash
INFO  [16:45:15.852] [bbotk]  a477f5e2-4193-4a54-b64e-ddaf794aacb4
INFO  [16:45:15.861] [bbotk] Evaluating 1 configuration(s)
INFO  [16:45:16.638] [bbotk] Result of batch 2:
INFO  [16:45:16.640] [bbotk]  nrounds        eta max_depth classif.ce warnings errors runtime_learners
INFO  [16:45:16.640] [bbotk]      200 0.08814923         5  0.0847619        0      0            0.729
INFO  [16:45:16.640] [bbotk]                                 uhash
INFO  [16:45:16.640] [bbotk]  22bf771b-5cec-4d68-9903-9db898bd7226
INFO  [16:45:16.648] [bbotk] Evaluating 1 configuration(s)
INFO  [16:45:17.102] [bbotk] Result of batch 3:
INFO  [16:45:17.103] [bbotk]  nrounds       eta max_depth classif.ce warnings errors runtime_learners
INFO  [16:45:17.103] [bbotk]       87 0.1724332         8 0.08952381        0      0            0.416
INFO  [16:45:17.103] [bbotk]                                 uhash
INFO  [16:45:17.103] [bbotk]  d99d7bc2-ae65-45e7-84ef-5a72d2013ea2
INFO  [16:45:17.107] [bbotk] Evaluating 1 configuration(s)
INFO  [16:45:17.581] [bbotk] Result of batch 4:
INFO  [16:45:17.582] [bbotk]  nrounds       eta max_depth classif.ce warnings errors runtime_learners
INFO  [16:45:17.582] [bbotk]      106 0.2031172         8 0.08285714        0      0            0.426
INFO  [16:45:17.582] [bbotk]                                 uhash
INFO  [16:45:17.582] [bbotk]  540b1be2-c205-4707-ba69-2e621f9cae2c
INFO  [16:45:17.590] [bbotk] Evaluating 1 configuration(s)
INFO  [16:45:18.395] [bbotk] Result of batch 5:
INFO  [16:45:18.396] [bbotk]  nrounds       eta max_depth classif.ce warnings errors runtime_learners
INFO  [16:45:18.396] [bbotk]      286 0.1881206         9  0.0847619        0      0            0.763
INFO  [16:45:18.396] [bbotk]                                 uhash
INFO  [16:45:18.396] [bbotk]  6789fcd7-bf44-4961-8fa0-490506faf8cf
INFO  [16:45:18.400] [bbotk] Evaluating 1 configuration(s)
INFO  [16:45:19.201] [bbotk] Result of batch 6:
INFO  [16:45:19.202] [bbotk]  nrounds        eta max_depth classif.ce warnings errors runtime_learners
INFO  [16:45:19.202] [bbotk]      168 0.03987591         6 0.08857143        0      0            0.765
INFO  [16:45:19.202] [bbotk]                                 uhash
INFO  [16:45:19.202] [bbotk]  614d6138-36fc-47b3-bf2e-7f5dd194828e
INFO  [16:45:19.206] [bbotk] Evaluating 1 configuration(s)
INFO  [16:45:19.917] [bbotk] Result of batch 7:
INFO  [16:45:19.918] [bbotk]  nrounds        eta max_depth classif.ce warnings errors runtime_learners
INFO  [16:45:19.918] [bbotk]      191 0.09644601         5 0.08571429        0      0            0.667
INFO  [16:45:19.918] [bbotk]                                 uhash
INFO  [16:45:19.918] [bbotk]  3cacd540-2f20-4759-be0b-069e65d2228d
INFO  [16:45:19.923] [bbotk] Evaluating 1 configuration(s)
INFO  [16:45:21.017] [bbotk] Result of batch 8:
INFO  [16:45:21.019] [bbotk]  nrounds        eta max_depth classif.ce warnings errors runtime_learners
INFO  [16:45:21.019] [bbotk]      212 0.05217366         8 0.08190476        0      0            1.046
INFO  [16:45:21.019] [bbotk]                                 uhash
INFO  [16:45:21.019] [bbotk]  4e6d1ec9-f7fd-4ab8-b23b-d977fbbef00a
INFO  [16:45:21.035] [bbotk] Evaluating 1 configuration(s)
INFO  [16:45:21.530] [bbotk] Result of batch 9:
INFO  [16:45:21.530] [bbotk]  nrounds       eta max_depth classif.ce warnings errors runtime_learners
INFO  [16:45:21.530] [bbotk]      120 0.2975856         7 0.08761905        0      0            0.451
INFO  [16:45:21.530] [bbotk]                                 uhash
INFO  [16:45:21.530] [bbotk]  a3d3b45c-61ca-467e-9c6e-2e196dd6466b
INFO  [16:45:21.534] [bbotk] Evaluating 1 configuration(s)
INFO  [16:45:22.347] [bbotk] Result of batch 10:
INFO  [16:45:22.348] [bbotk]  nrounds       eta max_depth classif.ce warnings errors runtime_learners
INFO  [16:45:22.348] [bbotk]      276 0.2371927        10 0.08190476        0      0            0.765
INFO  [16:45:22.348] [bbotk]                                 uhash
INFO  [16:45:22.348] [bbotk]  17f45ca1-b641-439d-ab1f-eb3625798fb2
INFO  [16:45:22.356] [bbotk] Finished optimizing after 10 evaluation(s)
INFO  [16:45:22.356] [bbotk] Result:
INFO  [16:45:22.357] [bbotk]  nrounds        eta max_depth learner_param_vals  x_domain classif.ce
INFO  [16:45:22.357] [bbotk]    <int>      <num>     <int>             <list>    <list>      <num>
INFO  [16:45:22.357] [bbotk]      212 0.05217366         8          <list[5]> <list[3]> 0.08190476

### [bt]: Job terminated successfully [batchtools job.id=1077]
### [bt]: Starting job [batchtools job.id=1078]
### [bt]: Generating problem instance for problem '698720b8ce42ae0c' ...
### [bt]: Applying algorithm 'run_learner' on problem '698720b8ce42ae0c' for job 1078 (seed = 1079) ...
INFO  [16:45:23.035] [mlr3] Applying learner 'classif.xgboost.tuned_calib.oof_isotonic' on task 'pc4' (iter 8/10)
INFO  [16:45:23.076] [bbotk] Starting to optimize 3 parameter(s) with '<OptimizerBatchRandomSearch>' and '<TerminatorEvals> [n_evals=10, k=0]'
INFO  [16:45:23.090] [bbotk] Evaluating 1 configuration(s)
INFO  [16:45:24.405] [bbotk] Result of batch 1:
INFO  [16:45:24.406] [bbotk]  nrounds        eta max_depth classif.ce warnings errors runtime_learners
INFO  [16:45:24.406] [bbotk]      232 0.02023382        10  0.1058098        0      0             1.28
INFO  [16:45:24.406] [bbotk]                                 uhash
INFO  [16:45:24.406] [bbotk]  6c2e6c2b-7015-454b-887e-397662907d1d
INFO  [16:45:24.421] [bbotk] Evaluating 1 configuration(s)
INFO  [16:45:24.572] [bbotk] Result of batch 2:
INFO  [16:45:24.574] [bbotk]  nrounds       eta max_depth classif.ce warnings errors runtime_learners
INFO  [16:45:24.574] [bbotk]       51 0.2062231         2  0.1105799        0      0            0.111
INFO  [16:45:24.574] [bbotk]                                 uhash
INFO  [16:45:24.574] [bbotk]  cf4961c8-348c-42a9-943e-f389498c0a4e
INFO  [16:45:24.585] [bbotk] Evaluating 1 configuration(s)
INFO  [16:45:25.390] [bbotk] Result of batch 3:
INFO  [16:45:25.394] [bbotk]  nrounds       eta max_depth classif.ce warnings errors runtime_learners
INFO  [16:45:25.394] [bbotk]      229 0.2483105         8  0.1048574        0      0            0.762
INFO  [16:45:25.394] [bbotk]                                 uhash
INFO  [16:45:25.394] [bbotk]  404bd467-9e78-4014-8f2b-22635c12e6ec
INFO  [16:45:25.406] [bbotk] Evaluating 1 configuration(s)
INFO  [16:45:25.708] [bbotk] Result of batch 4:
INFO  [16:45:25.710] [bbotk]  nrounds       eta max_depth classif.ce warnings errors runtime_learners
INFO  [16:45:25.710] [bbotk]       76 0.2267088         4  0.1105717        0      0            0.259
INFO  [16:45:25.710] [bbotk]                                 uhash
INFO  [16:45:25.710] [bbotk]  c86f1ce0-c4b5-4d97-90c7-f03afcba4bd3
INFO  [16:45:25.719] [bbotk] Evaluating 1 configuration(s)
INFO  [16:45:26.076] [bbotk] Result of batch 5:
INFO  [16:45:26.078] [bbotk]  nrounds       eta max_depth classif.ce warnings errors runtime_learners
INFO  [16:45:26.078] [bbotk]      199 0.1926984         2  0.1000901        0      0            0.313
INFO  [16:45:26.078] [bbotk]                                 uhash
INFO  [16:45:26.078] [bbotk]  e8f29595-04aa-49b5-8328-8ea9b8d3e7db
INFO  [16:45:26.089] [bbotk] Evaluating 1 configuration(s)
INFO  [16:45:26.508] [bbotk] Result of batch 6:
INFO  [16:45:26.508] [bbotk]  nrounds        eta max_depth classif.ce warnings errors runtime_learners
INFO  [16:45:26.508] [bbotk]      157 0.01538969         3  0.1182071        0      0             0.38
INFO  [16:45:26.508] [bbotk]                                 uhash
INFO  [16:45:26.508] [bbotk]  2939d3a9-0e5a-4a2f-b383-4a9355fb50e4
INFO  [16:45:26.513] [bbotk] Evaluating 1 configuration(s)
INFO  [16:45:27.524] [bbotk] Result of batch 7:
INFO  [16:45:27.526] [bbotk]  nrounds        eta max_depth classif.ce warnings errors runtime_learners
INFO  [16:45:27.526] [bbotk]      260 0.04371717         5  0.1048601        0      0            0.972
INFO  [16:45:27.526] [bbotk]                                 uhash
INFO  [16:45:27.526] [bbotk]  757e98a7-4a90-4215-8a35-c8479ead8653
INFO  [16:45:27.535] [bbotk] Evaluating 1 configuration(s)
INFO  [16:45:28.111] [bbotk] Result of batch 8:
INFO  [16:45:28.113] [bbotk]  nrounds       eta max_depth classif.ce warnings errors runtime_learners
INFO  [16:45:28.113] [bbotk]      109 0.1154192         9  0.1058071        0      0            0.525
INFO  [16:45:28.113] [bbotk]                                 uhash
INFO  [16:45:28.113] [bbotk]  f433da59-8682-4b69-8823-19f06183a288
INFO  [16:45:28.123] [bbotk] Evaluating 1 configuration(s)
INFO  [16:45:28.514] [bbotk] Result of batch 9:
INFO  [16:45:28.516] [bbotk]  nrounds        eta max_depth classif.ce warnings errors runtime_learners
INFO  [16:45:28.516] [bbotk]      199 0.04948986         2    0.10772        0      0            0.339
INFO  [16:45:28.516] [bbotk]                                 uhash
INFO  [16:45:28.516] [bbotk]  e3c2f4ce-3ef0-42ea-9835-d50b622fbf1e
INFO  [16:45:28.526] [bbotk] Evaluating 1 configuration(s)
INFO  [16:45:28.727] [bbotk] Result of batch 10:
INFO  [16:45:28.728] [bbotk]  nrounds       eta max_depth classif.ce warnings errors runtime_learners
INFO  [16:45:28.728] [bbotk]       91 0.2997254         2 0.09532815        0      0            0.155
INFO  [16:45:28.728] [bbotk]                                 uhash
INFO  [16:45:28.728] [bbotk]  eebc10b3-1023-44d4-bee6-1729311c203d
INFO  [16:45:28.737] [bbotk] Finished optimizing after 10 evaluation(s)
INFO  [16:45:28.738] [bbotk] Result:
INFO  [16:45:28.740] [bbotk]  nrounds       eta max_depth learner_param_vals  x_domain classif.ce
INFO  [16:45:28.740] [bbotk]    <int>     <num>     <int>             <list>    <list>      <num>
INFO  [16:45:28.740] [bbotk]       91 0.2997254         2          <list[5]> <list[3]> 0.09532815
INFO  [16:45:28.873] [bbotk] Starting to optimize 3 parameter(s) with '<OptimizerBatchRandomSearch>' and '<TerminatorEvals> [n_evals=10, k=0]'
INFO  [16:45:28.892] [bbotk] Evaluating 1 configuration(s)
INFO  [16:45:29.229] [bbotk] Result of batch 1:
INFO  [16:45:29.230] [bbotk]  nrounds        eta max_depth classif.ce warnings errors runtime_learners
INFO  [16:45:29.230] [bbotk]       67 0.04476354         5  0.1058098        0      0            0.308
INFO  [16:45:29.230] [bbotk]                                 uhash
INFO  [16:45:29.230] [bbotk]  d8bc334f-6f63-4aba-842e-163cb0b18858
INFO  [16:45:29.239] [bbotk] Evaluating 1 configuration(s)
INFO  [16:45:29.620] [bbotk] Result of batch 2:
INFO  [16:45:29.621] [bbotk]  nrounds       eta max_depth classif.ce warnings errors runtime_learners
INFO  [16:45:29.621] [bbotk]      158 0.1002952         2  0.1058125        0      0            0.338
INFO  [16:45:29.621] [bbotk]                                 uhash
INFO  [16:45:29.621] [bbotk]  d945df6e-69bb-4c7d-95c2-bab09151a2c2
INFO  [16:45:29.624] [bbotk] Evaluating 1 configuration(s)
INFO  [16:45:30.092] [bbotk] Result of batch 3:
INFO  [16:45:30.093] [bbotk]  nrounds       eta max_depth classif.ce warnings errors runtime_learners
INFO  [16:45:30.093] [bbotk]      104 0.2393394         8   0.105818        0      0            0.431
INFO  [16:45:30.093] [bbotk]                                 uhash
INFO  [16:45:30.093] [bbotk]  cf406558-bac9-4349-9df9-76d82d0a0e47
INFO  [16:45:30.097] [bbotk] Evaluating 1 configuration(s)
INFO  [16:45:30.533] [bbotk] Result of batch 4:
INFO  [16:45:30.534] [bbotk]  nrounds        eta max_depth classif.ce warnings errors runtime_learners
INFO  [16:45:30.534] [bbotk]      146 0.02572984         4  0.1077227        0      0            0.394
INFO  [16:45:30.534] [bbotk]                                 uhash
INFO  [16:45:30.534] [bbotk]  b32fce4d-0279-4589-8371-0080da846eb7
INFO  [16:45:30.543] [bbotk] Evaluating 1 configuration(s)
INFO  [16:45:30.779] [bbotk] Result of batch 5:
INFO  [16:45:30.780] [bbotk]  nrounds       eta max_depth classif.ce warnings errors runtime_learners
INFO  [16:45:30.780] [bbotk]       57 0.1077415         4  0.1124737        0      0            0.192
INFO  [16:45:30.780] [bbotk]                                 uhash
INFO  [16:45:30.780] [bbotk]  ea67f245-7c69-47dd-af1e-e431b58cb678
INFO  [16:45:30.784] [bbotk] Evaluating 1 configuration(s)
INFO  [16:45:31.697] [bbotk] Result of batch 6:
INFO  [16:45:31.698] [bbotk]  nrounds       eta max_depth classif.ce warnings errors runtime_learners
INFO  [16:45:31.698] [bbotk]      284 0.2432734         7  0.1020057        0      0            0.861
INFO  [16:45:31.698] [bbotk]                                 uhash
INFO  [16:45:31.698] [bbotk]  05900d41-5a2c-45f7-b480-c18e24f0e68b
INFO  [16:45:31.702] [bbotk] Evaluating 1 configuration(s)
INFO  [16:45:32.349] [bbotk] Result of batch 7:
INFO  [16:45:32.351] [bbotk]  nrounds        eta max_depth classif.ce warnings errors runtime_learners
INFO  [16:45:32.351] [bbotk]      165 0.01121064         6  0.1038968        0      0            0.613
INFO  [16:45:32.351] [bbotk]                                 uhash
INFO  [16:45:32.351] [bbotk]  d53a416d-af4b-419a-9b11-43ba9d65e9fd
INFO  [16:45:32.359] [bbotk] Evaluating 1 configuration(s)
INFO  [16:45:33.076] [bbotk] Result of batch 8:
INFO  [16:45:33.077] [bbotk]  nrounds      eta max_depth classif.ce warnings errors runtime_learners
INFO  [16:45:33.077] [bbotk]      242 0.274026        10  0.1077282        0      0            0.689
INFO  [16:45:33.077] [bbotk]                                 uhash
INFO  [16:45:33.077] [bbotk]  0b5fd44b-3c4f-4818-a1d9-df97b8fef4d9
INFO  [16:45:33.081] [bbotk] Evaluating 1 configuration(s)
INFO  [16:45:33.901] [bbotk] Result of batch 9:
INFO  [16:45:33.902] [bbotk]  nrounds       eta max_depth classif.ce warnings errors runtime_learners
INFO  [16:45:33.902] [bbotk]      283 0.2666611         4    0.10772        0      0            0.761
INFO  [16:45:33.902] [bbotk]                                 uhash
INFO  [16:45:33.902] [bbotk]  b8e4cb1b-0fcc-4077-8be6-1e525157d2af
INFO  [16:45:33.906] [bbotk] Evaluating 1 configuration(s)
INFO  [16:45:34.397] [bbotk] Result of batch 10:
INFO  [16:45:34.398] [bbotk]  nrounds       eta max_depth classif.ce warnings errors runtime_learners
INFO  [16:45:34.398] [bbotk]       93 0.2527493         9   0.109622        0      0            0.456
INFO  [16:45:34.398] [bbotk]                                 uhash
INFO  [16:45:34.398] [bbotk]  b2f2de64-c4b7-4acd-a7d8-81be35e2546c
INFO  [16:45:34.419] [bbotk] Finished optimizing after 10 evaluation(s)
INFO  [16:45:34.420] [bbotk] Result:
INFO  [16:45:34.420] [bbotk]  nrounds       eta max_depth learner_param_vals  x_domain classif.ce
INFO  [16:45:34.420] [bbotk]    <int>     <num>     <int>             <list>    <list>      <num>
INFO  [16:45:34.420] [bbotk]      284 0.2432734         7          <list[5]> <list[3]>  0.1020057
INFO  [16:45:34.965] [bbotk] Starting to optimize 3 parameter(s) with '<OptimizerBatchRandomSearch>' and '<TerminatorEvals> [n_evals=10, k=0]'
INFO  [16:45:34.975] [bbotk] Evaluating 1 configuration(s)
INFO  [16:45:35.339] [bbotk] Result of batch 1:
INFO  [16:45:35.341] [bbotk]  nrounds       eta max_depth classif.ce warnings errors runtime_learners
INFO  [16:45:35.341] [bbotk]       77 0.2534452         7  0.1028571        0      0            0.312
INFO  [16:45:35.341] [bbotk]                                 uhash
INFO  [16:45:35.341] [bbotk]  b9f8c65e-2b43-4957-bb28-69092f38c669
INFO  [16:45:35.349] [bbotk] Evaluating 1 configuration(s)
INFO  [16:45:35.747] [bbotk] Result of batch 2:
INFO  [16:45:35.749] [bbotk]  nrounds       eta max_depth classif.ce warnings errors runtime_learners
INFO  [16:45:35.749] [bbotk]       83 0.2626479         9  0.1066667        0      0             0.34
INFO  [16:45:35.749] [bbotk]                                 uhash
INFO  [16:45:35.749] [bbotk]  4d27a870-425a-4ffa-b24d-7e2fc959eab5
INFO  [16:45:35.754] [bbotk] Evaluating 1 configuration(s)
INFO  [16:45:36.190] [bbotk] Result of batch 3:
INFO  [16:45:36.190] [bbotk]  nrounds       eta max_depth classif.ce warnings errors runtime_learners
INFO  [16:45:36.190] [bbotk]      121 0.2585015         5  0.1066667        0      0            0.396
INFO  [16:45:36.190] [bbotk]                                 uhash
INFO  [16:45:36.190] [bbotk]  0130de00-fbbf-4575-b534-8b37567c7aae
INFO  [16:45:36.195] [bbotk] Evaluating 1 configuration(s)
INFO  [16:45:36.653] [bbotk] Result of batch 4:
INFO  [16:45:36.654] [bbotk]  nrounds       eta max_depth classif.ce warnings errors runtime_learners
INFO  [16:45:36.654] [bbotk]      160 0.2691834         3  0.1066667        0      0            0.403
INFO  [16:45:36.654] [bbotk]                                 uhash
INFO  [16:45:36.654] [bbotk]  5e9aabb3-c7b8-44ba-a0e6-7c9ede3a4adc
INFO  [16:45:36.658] [bbotk] Evaluating 1 configuration(s)
INFO  [16:45:37.816] [bbotk] Result of batch 5:
INFO  [16:45:37.817] [bbotk]  nrounds        eta max_depth classif.ce warnings errors runtime_learners
INFO  [16:45:37.817] [bbotk]      281 0.08035087        10        0.1        0      0            1.111
INFO  [16:45:37.817] [bbotk]                                 uhash
INFO  [16:45:37.817] [bbotk]  8d8f5730-4a76-4272-81c4-d608bfbe4e61
INFO  [16:45:37.821] [bbotk] Evaluating 1 configuration(s)
INFO  [16:45:38.269] [bbotk] Result of batch 6:
INFO  [16:45:38.271] [bbotk]  nrounds       eta max_depth classif.ce warnings errors runtime_learners
INFO  [16:45:38.271] [bbotk]       91 0.2379377         5  0.1019048        0      0            0.391
INFO  [16:45:38.271] [bbotk]                                 uhash
INFO  [16:45:38.271] [bbotk]  7799d98a-144c-4340-8484-250655f7c059
INFO  [16:45:38.277] [bbotk] Evaluating 1 configuration(s)
INFO  [16:45:38.901] [bbotk] Result of batch 7:
INFO  [16:45:38.902] [bbotk]  nrounds        eta max_depth classif.ce warnings errors runtime_learners
INFO  [16:45:38.902] [bbotk]      189 0.05581948         4  0.1057143        0      0            0.582
INFO  [16:45:38.902] [bbotk]                                 uhash
INFO  [16:45:38.902] [bbotk]  f4b714c0-682f-4719-bd6c-e8bad8c467f1
INFO  [16:45:38.906] [bbotk] Evaluating 1 configuration(s)
INFO  [16:45:40.026] [bbotk] Result of batch 8:
INFO  [16:45:40.028] [bbotk]  nrounds        eta max_depth classif.ce warnings errors runtime_learners
INFO  [16:45:40.028] [bbotk]      213 0.04775467         9  0.1114286        0      0             1.08
INFO  [16:45:40.028] [bbotk]                                 uhash
INFO  [16:45:40.028] [bbotk]  5792bca3-715b-471f-83ad-5421e2cae4e3
INFO  [16:45:40.041] [bbotk] Evaluating 1 configuration(s)
INFO  [16:45:40.350] [bbotk] Result of batch 9:
INFO  [16:45:40.351] [bbotk]  nrounds      eta max_depth classif.ce warnings errors runtime_learners
INFO  [16:45:40.351] [bbotk]       52 0.177735         8   0.107619        0      0            0.265
INFO  [16:45:40.351] [bbotk]                                 uhash
INFO  [16:45:40.351] [bbotk]  aa5ce5cc-51db-4276-8989-866641a56179
INFO  [16:45:40.355] [bbotk] Evaluating 1 configuration(s)
INFO  [16:45:40.732] [bbotk] Result of batch 10:
INFO  [16:45:40.733] [bbotk]  nrounds       eta max_depth classif.ce warnings errors runtime_learners
INFO  [16:45:40.733] [bbotk]      113 0.1799644         4  0.1038095        0      0             0.33
INFO  [16:45:40.733] [bbotk]                                 uhash
INFO  [16:45:40.733] [bbotk]  99e19bb5-e575-4ad5-9b42-2b077d5199fb
INFO  [16:45:40.754] [bbotk] Finished optimizing after 10 evaluation(s)
INFO  [16:45:40.754] [bbotk] Result:
INFO  [16:45:40.756] [bbotk]  nrounds        eta max_depth learner_param_vals  x_domain classif.ce
INFO  [16:45:40.756] [bbotk]    <int>      <num>     <int>             <list>    <list>      <num>
INFO  [16:45:40.756] [bbotk]      281 0.08035087        10          <list[5]> <list[3]>        0.1
INFO  [16:45:41.430] [bbotk] Starting to optimize 3 parameter(s) with '<OptimizerBatchRandomSearch>' and '<TerminatorEvals> [n_evals=10, k=0]'
INFO  [16:45:41.446] [bbotk] Evaluating 1 configuration(s)
INFO  [16:45:42.362] [bbotk] Result of batch 1:
INFO  [16:45:42.363] [bbotk]  nrounds       eta max_depth classif.ce warnings errors runtime_learners
INFO  [16:45:42.363] [bbotk]      282 0.2513935         6 0.09714286        0      0            0.878
INFO  [16:45:42.363] [bbotk]                                 uhash
INFO  [16:45:42.363] [bbotk]  3c769b78-90b7-441a-aa8f-6a37fe909836
INFO  [16:45:42.367] [bbotk] Evaluating 1 configuration(s)
INFO  [16:45:43.288] [bbotk] Result of batch 2:
INFO  [16:45:43.290] [bbotk]  nrounds        eta max_depth classif.ce warnings errors runtime_learners
INFO  [16:45:43.290] [bbotk]      190 0.08190949         8  0.1066667        0      0            0.874
INFO  [16:45:43.290] [bbotk]                                 uhash
INFO  [16:45:43.290] [bbotk]  6a8802c4-91e8-4ec6-9378-b1c48abbcc2b
INFO  [16:45:43.296] [bbotk] Evaluating 1 configuration(s)
INFO  [16:45:43.999] [bbotk] Result of batch 3:
INFO  [16:45:44.000] [bbotk]  nrounds       eta max_depth classif.ce warnings errors runtime_learners
INFO  [16:45:44.000] [bbotk]      175 0.1990441         6   0.107619        0      0            0.645
INFO  [16:45:44.000] [bbotk]                                 uhash
INFO  [16:45:44.000] [bbotk]  b23008c7-73cf-450d-a546-77f060651c7a
INFO  [16:45:44.003] [bbotk] Evaluating 1 configuration(s)
INFO  [16:45:44.911] [bbotk] Result of batch 4:
INFO  [16:45:44.912] [bbotk]  nrounds        eta max_depth classif.ce warnings errors runtime_learners
INFO  [16:45:44.912] [bbotk]      198 0.09596897        10   0.107619        0      0            0.873
INFO  [16:45:44.912] [bbotk]                                 uhash
INFO  [16:45:44.912] [bbotk]  614e6f10-8db7-41a0-a7e4-0e1dc2bc4d2b
INFO  [16:45:44.918] [bbotk] Evaluating 1 configuration(s)
INFO  [16:45:45.546] [bbotk] Result of batch 5:
INFO  [16:45:45.546] [bbotk]  nrounds       eta max_depth classif.ce warnings errors runtime_learners
INFO  [16:45:45.546] [bbotk]      178 0.2271636         9        0.1        0      0            0.585
INFO  [16:45:45.546] [bbotk]                                 uhash
INFO  [16:45:45.546] [bbotk]  9ffa4da5-e638-456e-beda-16de52e2995b
INFO  [16:45:45.550] [bbotk] Evaluating 1 configuration(s)
INFO  [16:45:46.373] [bbotk] Result of batch 6:
INFO  [16:45:46.374] [bbotk]  nrounds       eta max_depth classif.ce warnings errors runtime_learners
INFO  [16:45:46.374] [bbotk]      219 0.1808056         9  0.1038095        0      0            0.791
INFO  [16:45:46.374] [bbotk]                                 uhash
INFO  [16:45:46.374] [bbotk]  9b6b4eaf-1911-4c84-9856-b4bd2ef88536
INFO  [16:45:46.378] [bbotk] Evaluating 1 configuration(s)
INFO  [16:45:46.886] [bbotk] Result of batch 7:
INFO  [16:45:46.888] [bbotk]  nrounds      eta max_depth classif.ce warnings errors runtime_learners
INFO  [16:45:46.888] [bbotk]       92 0.117082         8  0.1057143        0      0            0.481
INFO  [16:45:46.888] [bbotk]                                 uhash
INFO  [16:45:46.888] [bbotk]  4f47c5f2-0180-4fc4-bc23-9eeef2792605
INFO  [16:45:46.897] [bbotk] Evaluating 1 configuration(s)
INFO  [16:45:47.295] [bbotk] Result of batch 8:
INFO  [16:45:47.296] [bbotk]  nrounds        eta max_depth classif.ce warnings errors runtime_learners
INFO  [16:45:47.296] [bbotk]      159 0.07654188         3  0.1028571        0      0            0.366
INFO  [16:45:47.296] [bbotk]                                 uhash
INFO  [16:45:47.296] [bbotk]  6adaab71-9df2-4a06-b1e9-df60c56d112a
INFO  [16:45:47.299] [bbotk] Evaluating 1 configuration(s)
INFO  [16:45:47.807] [bbotk] Result of batch 9:
INFO  [16:45:47.808] [bbotk]  nrounds       eta max_depth classif.ce warnings errors runtime_learners
INFO  [16:45:47.808] [bbotk]      110 0.1867264         9  0.1038095        0      0            0.467
INFO  [16:45:47.808] [bbotk]                                 uhash
INFO  [16:45:47.808] [bbotk]  d8e04556-dcb5-4253-9bd2-faac7123bcdd
INFO  [16:45:47.819] [bbotk] Evaluating 1 configuration(s)
INFO  [16:45:48.689] [bbotk] Result of batch 10:
INFO  [16:45:48.691] [bbotk]  nrounds       eta max_depth classif.ce warnings errors runtime_learners
INFO  [16:45:48.691] [bbotk]      246 0.1872118         6  0.1028571        0      0            0.816
INFO  [16:45:48.691] [bbotk]                                 uhash
INFO  [16:45:48.691] [bbotk]  7339265a-77a5-4ac1-8f3a-44fb483b252c
INFO  [16:45:48.705] [bbotk] Finished optimizing after 10 evaluation(s)
INFO  [16:45:48.705] [bbotk] Result:
INFO  [16:45:48.706] [bbotk]  nrounds       eta max_depth learner_param_vals  x_domain classif.ce
INFO  [16:45:48.706] [bbotk]    <int>     <num>     <int>             <list>    <list>      <num>
INFO  [16:45:48.706] [bbotk]      282 0.2513935         6          <list[5]> <list[3]> 0.09714286
INFO  [16:45:49.220] [bbotk] Starting to optimize 3 parameter(s) with '<OptimizerBatchRandomSearch>' and '<TerminatorEvals> [n_evals=10, k=0]'
INFO  [16:45:49.241] [bbotk] Evaluating 1 configuration(s)
INFO  [16:45:49.682] [bbotk] Result of batch 1:
INFO  [16:45:49.683] [bbotk]  nrounds       eta max_depth classif.ce warnings errors runtime_learners
INFO  [16:45:49.683] [bbotk]       95 0.1262101         6  0.1009524        0      0            0.398
INFO  [16:45:49.683] [bbotk]                                 uhash
INFO  [16:45:49.683] [bbotk]  2b2ef7b9-0088-4534-99a1-794ebb51fc98
INFO  [16:45:49.687] [bbotk] Evaluating 1 configuration(s)
INFO  [16:45:50.276] [bbotk] Result of batch 2:
INFO  [16:45:50.278] [bbotk]  nrounds       eta max_depth classif.ce warnings errors runtime_learners
INFO  [16:45:50.278] [bbotk]      135 0.2623393         9  0.1047619        0      0            0.538
INFO  [16:45:50.278] [bbotk]                                 uhash
INFO  [16:45:50.278] [bbotk]  143b8f67-7b42-4cfd-a9fe-652de943aa81
INFO  [16:45:50.282] [bbotk] Evaluating 1 configuration(s)
INFO  [16:45:50.650] [bbotk] Result of batch 3:
INFO  [16:45:50.651] [bbotk]  nrounds      eta max_depth classif.ce warnings errors runtime_learners
INFO  [16:45:50.651] [bbotk]       58 0.122111        10 0.09904762        0      0            0.316
INFO  [16:45:50.651] [bbotk]                                 uhash
INFO  [16:45:50.651] [bbotk]  dc2adb2c-79c5-481a-9024-a759b178ffa4
INFO  [16:45:50.655] [bbotk] Evaluating 1 configuration(s)
INFO  [16:45:51.328] [bbotk] Result of batch 4:
INFO  [16:45:51.330] [bbotk]  nrounds       eta max_depth classif.ce warnings errors runtime_learners
INFO  [16:45:51.330] [bbotk]      181 0.1568316         6  0.1038095        0      0             0.64
INFO  [16:45:51.330] [bbotk]                                 uhash
INFO  [16:45:51.330] [bbotk]  47afd780-2c74-45b0-b7e2-384f9f4bf35e
INFO  [16:45:51.339] [bbotk] Evaluating 1 configuration(s)
INFO  [16:45:52.531] [bbotk] Result of batch 5:
INFO  [16:45:52.532] [bbotk]  nrounds        eta max_depth classif.ce warnings errors runtime_learners
INFO  [16:45:52.532] [bbotk]      241 0.04740616         9  0.1028571        0      0            1.143
INFO  [16:45:52.532] [bbotk]                                 uhash
INFO  [16:45:52.532] [bbotk]  5fbd7a0b-132e-4d71-b29c-d6db29ca9511
INFO  [16:45:52.537] [bbotk] Evaluating 1 configuration(s)
INFO  [16:45:53.330] [bbotk] Result of batch 6:
INFO  [16:45:53.331] [bbotk]  nrounds       eta max_depth classif.ce warnings errors runtime_learners
INFO  [16:45:53.331] [bbotk]      257 0.2419297        10 0.09714286        0      0            0.759
INFO  [16:45:53.331] [bbotk]                                 uhash
INFO  [16:45:53.331] [bbotk]  e0c89248-96bb-40a6-98aa-704f614a9157
INFO  [16:45:53.336] [bbotk] Evaluating 1 configuration(s)
INFO  [16:45:53.471] [bbotk] Result of batch 7:
INFO  [16:45:53.472] [bbotk]  nrounds       eta max_depth classif.ce warnings errors runtime_learners
INFO  [16:45:53.472] [bbotk]       51 0.1123299         2        0.1        0      0             0.08
INFO  [16:45:53.472] [bbotk]                                 uhash
INFO  [16:45:53.472] [bbotk]  83d5399f-be37-46f6-b135-a822ce3eb5e5
INFO  [16:45:53.478] [bbotk] Evaluating 1 configuration(s)
INFO  [16:45:53.625] [bbotk] Result of batch 8:
INFO  [16:45:53.626] [bbotk]  nrounds       eta max_depth classif.ce warnings errors runtime_learners
INFO  [16:45:53.626] [bbotk]       58 0.1429432         2 0.09809524        0      0            0.106
INFO  [16:45:53.626] [bbotk]                                 uhash
INFO  [16:45:53.626] [bbotk]  11f38ef2-f2b9-4616-b0c8-2fa8a1da783c
INFO  [16:45:53.630] [bbotk] Evaluating 1 configuration(s)
INFO  [16:45:54.667] [bbotk] Result of batch 9:
INFO  [16:45:54.669] [bbotk]  nrounds       eta max_depth classif.ce warnings errors runtime_learners
INFO  [16:45:54.669] [bbotk]      278 0.1122566         8  0.1047619        0      0            0.996
INFO  [16:45:54.669] [bbotk]                                 uhash
INFO  [16:45:54.669] [bbotk]  01eee214-ded8-432c-8de0-ce98337be93c
INFO  [16:45:54.673] [bbotk] Evaluating 1 configuration(s)
INFO  [16:45:55.296] [bbotk] Result of batch 10:
INFO  [16:45:55.298] [bbotk]  nrounds       eta max_depth classif.ce warnings errors runtime_learners
INFO  [16:45:55.298] [bbotk]      189 0.2900067         9  0.1038095        0      0            0.585
INFO  [16:45:55.298] [bbotk]                                 uhash
INFO  [16:45:55.298] [bbotk]  33fffdf2-1817-4ce7-b9f0-055fb61a5e54
INFO  [16:45:55.319] [bbotk] Finished optimizing after 10 evaluation(s)
INFO  [16:45:55.320] [bbotk] Result:
INFO  [16:45:55.321] [bbotk]  nrounds       eta max_depth learner_param_vals  x_domain classif.ce
INFO  [16:45:55.321] [bbotk]    <int>     <num>     <int>             <list>    <list>      <num>
INFO  [16:45:55.321] [bbotk]      257 0.2419297        10          <list[5]> <list[3]> 0.09714286

### [bt]: Job terminated successfully [batchtools job.id=1078]
### [bt]: Starting job [batchtools job.id=1079]
### [bt]: Generating problem instance for problem '698720b8ce42ae0c' ...
### [bt]: Applying algorithm 'run_learner' on problem '698720b8ce42ae0c' for job 1079 (seed = 1080) ...
INFO  [16:45:55.842] [mlr3] Applying learner 'classif.xgboost.tuned_calib.oof_isotonic' on task 'pc4' (iter 9/10)
INFO  [16:45:55.889] [bbotk] Starting to optimize 3 parameter(s) with '<OptimizerBatchRandomSearch>' and '<TerminatorEvals> [n_evals=10, k=0]'
INFO  [16:45:55.912] [bbotk] Evaluating 1 configuration(s)
INFO  [16:45:56.409] [bbotk] Result of batch 1:
INFO  [16:45:56.410] [bbotk]  nrounds        eta max_depth classif.ce warnings errors runtime_learners
INFO  [16:45:56.410] [bbotk]       94 0.01996082         8 0.09904762        0      0            0.464
INFO  [16:45:56.410] [bbotk]                                 uhash
INFO  [16:45:56.410] [bbotk]  4c489da6-e5fc-4988-a83f-99f92b608669
INFO  [16:45:56.423] [bbotk] Evaluating 1 configuration(s)
INFO  [16:45:57.409] [bbotk] Result of batch 2:
INFO  [16:45:57.410] [bbotk]  nrounds        eta max_depth classif.ce warnings errors runtime_learners
INFO  [16:45:57.410] [bbotk]      238 0.02647009         6 0.09238095        0      0             0.95
INFO  [16:45:57.410] [bbotk]                                 uhash
INFO  [16:45:57.410] [bbotk]  7c139151-3883-4392-8eca-9b011d2e0b64
INFO  [16:45:57.422] [bbotk] Evaluating 1 configuration(s)
INFO  [16:45:57.932] [bbotk] Result of batch 3:
INFO  [16:45:57.933] [bbotk]  nrounds        eta max_depth classif.ce warnings errors runtime_learners
INFO  [16:45:57.933] [bbotk]       83 0.03754332         9 0.09809524        0      0            0.479
INFO  [16:45:57.933] [bbotk]                                 uhash
INFO  [16:45:57.933] [bbotk]  8ad8cb3e-92d2-4d04-bd0f-79d166235873
INFO  [16:45:57.937] [bbotk] Evaluating 1 configuration(s)
INFO  [16:45:58.459] [bbotk] Result of batch 4:
INFO  [16:45:58.460] [bbotk]  nrounds       eta max_depth classif.ce warnings errors runtime_learners
INFO  [16:45:58.460] [bbotk]      158 0.2841209         9 0.09333333        0      0            0.483
INFO  [16:45:58.460] [bbotk]                                 uhash
INFO  [16:45:58.460] [bbotk]  828801ef-8018-4637-b8d1-15c4e9c4762d
INFO  [16:45:58.469] [bbotk] Evaluating 1 configuration(s)
INFO  [16:45:58.945] [bbotk] Result of batch 5:
INFO  [16:45:58.946] [bbotk]  nrounds        eta max_depth classif.ce warnings errors runtime_learners
INFO  [16:45:58.946] [bbotk]       90 0.09884904         7 0.09714286        0      0            0.436
INFO  [16:45:58.946] [bbotk]                                 uhash
INFO  [16:45:58.946] [bbotk]  d80796e0-7a43-4616-8e20-ee2d7b3a8387
INFO  [16:45:58.950] [bbotk] Evaluating 1 configuration(s)
INFO  [16:45:59.440] [bbotk] Result of batch 6:
INFO  [16:45:59.441] [bbotk]  nrounds       eta max_depth classif.ce warnings errors runtime_learners
INFO  [16:45:59.441] [bbotk]      132 0.1209548         4 0.09333333        0      0            0.429
INFO  [16:45:59.441] [bbotk]                                 uhash
INFO  [16:45:59.441] [bbotk]  b52336df-d837-4404-a901-f647e2ad6893
INFO  [16:45:59.449] [bbotk] Evaluating 1 configuration(s)
INFO  [16:46:00.017] [bbotk] Result of batch 7:
INFO  [16:46:00.018] [bbotk]  nrounds       eta max_depth classif.ce warnings errors runtime_learners
INFO  [16:46:00.018] [bbotk]      144 0.2133769         6 0.09047619        0      0             0.52
INFO  [16:46:00.018] [bbotk]                                 uhash
INFO  [16:46:00.018] [bbotk]  95695bb8-07c0-4957-af80-15089cf8730c
INFO  [16:46:00.022] [bbotk] Evaluating 1 configuration(s)
INFO  [16:46:00.439] [bbotk] Result of batch 8:
INFO  [16:46:00.439] [bbotk]  nrounds       eta max_depth classif.ce warnings errors runtime_learners
INFO  [16:46:00.439] [bbotk]      106 0.1854136         4 0.09333333        0      0            0.383
INFO  [16:46:00.439] [bbotk]                                 uhash
INFO  [16:46:00.439] [bbotk]  f2045322-a571-463a-a92d-20646897e339
INFO  [16:46:00.447] [bbotk] Evaluating 1 configuration(s)
INFO  [16:46:01.610] [bbotk] Result of batch 9:
INFO  [16:46:01.612] [bbotk]  nrounds        eta max_depth classif.ce warnings errors runtime_learners
INFO  [16:46:01.612] [bbotk]      270 0.07871783         7 0.09619048        0      0            1.119
INFO  [16:46:01.612] [bbotk]                                 uhash
INFO  [16:46:01.612] [bbotk]  7104d96c-9f53-4fdc-be28-2ee1bf94280e
INFO  [16:46:01.620] [bbotk] Evaluating 1 configuration(s)
INFO  [16:46:02.137] [bbotk] Result of batch 10:
INFO  [16:46:02.138] [bbotk]  nrounds        eta max_depth classif.ce warnings errors runtime_learners
INFO  [16:46:02.138] [bbotk]      115 0.01205707         6 0.09809524        0      0            0.485
INFO  [16:46:02.138] [bbotk]                                 uhash
INFO  [16:46:02.138] [bbotk]  89c26fa2-ab68-45e6-ac75-4d644bd47eae
INFO  [16:46:02.146] [bbotk] Finished optimizing after 10 evaluation(s)
INFO  [16:46:02.146] [bbotk] Result:
INFO  [16:46:02.147] [bbotk]  nrounds       eta max_depth learner_param_vals  x_domain classif.ce
INFO  [16:46:02.147] [bbotk]    <int>     <num>     <int>             <list>    <list>      <num>
INFO  [16:46:02.147] [bbotk]      144 0.2133769         6          <list[5]> <list[3]> 0.09047619
INFO  [16:46:02.451] [bbotk] Starting to optimize 3 parameter(s) with '<OptimizerBatchRandomSearch>' and '<TerminatorEvals> [n_evals=10, k=0]'
INFO  [16:46:02.465] [bbotk] Evaluating 1 configuration(s)
INFO  [16:46:03.482] [bbotk] Result of batch 1:
INFO  [16:46:03.484] [bbotk]  nrounds      eta max_depth classif.ce warnings errors runtime_learners
INFO  [16:46:03.484] [bbotk]      231 0.102365         9  0.1095238        0      0            0.964
INFO  [16:46:03.484] [bbotk]                                 uhash
INFO  [16:46:03.484] [bbotk]  539b1e88-aec2-4ccf-ad82-9aafe27c0463
INFO  [16:46:03.488] [bbotk] Evaluating 1 configuration(s)
INFO  [16:46:04.431] [bbotk] Result of batch 2:
INFO  [16:46:04.445] [bbotk]  nrounds       eta max_depth classif.ce warnings errors runtime_learners
INFO  [16:46:04.445] [bbotk]      280 0.1976402         7  0.1066667        0      0            0.911
INFO  [16:46:04.445] [bbotk]                                 uhash
INFO  [16:46:04.445] [bbotk]  c2e1f03f-5c52-4b10-9b1f-a3969b9e1e7e
INFO  [16:46:04.455] [bbotk] Evaluating 1 configuration(s)
INFO  [16:46:05.720] [bbotk] Result of batch 3:
INFO  [16:46:05.722] [bbotk]  nrounds        eta max_depth classif.ce warnings errors runtime_learners
INFO  [16:46:05.722] [bbotk]      269 0.05650374         9   0.112381        0      0            1.217
INFO  [16:46:05.722] [bbotk]                                 uhash
INFO  [16:46:05.722] [bbotk]  ac3f651e-b120-4732-90da-0a534903df1d
INFO  [16:46:05.729] [bbotk] Evaluating 1 configuration(s)
INFO  [16:46:06.902] [bbotk] Result of batch 4:
INFO  [16:46:06.903] [bbotk]  nrounds       eta max_depth classif.ce warnings errors runtime_learners
INFO  [16:46:06.903] [bbotk]      283 0.1215454         9  0.1104762        0      0            1.129
INFO  [16:46:06.903] [bbotk]                                 uhash
INFO  [16:46:06.903] [bbotk]  1a875ebc-2106-46f2-bc6c-dbf222d46b95
INFO  [16:46:06.907] [bbotk] Evaluating 1 configuration(s)
INFO  [16:46:07.715] [bbotk] Result of batch 5:
INFO  [16:46:07.716] [bbotk]  nrounds        eta max_depth classif.ce warnings errors runtime_learners
INFO  [16:46:07.716] [bbotk]      240 0.08769405         4  0.1095238        0      0            0.779
INFO  [16:46:07.716] [bbotk]                                 uhash
INFO  [16:46:07.716] [bbotk]  4769e961-be2d-4aff-8b47-b2db66fc89e4
INFO  [16:46:07.722] [bbotk] Evaluating 1 configuration(s)
INFO  [16:46:07.967] [bbotk] Result of batch 6:
INFO  [16:46:07.968] [bbotk]  nrounds       eta max_depth classif.ce warnings errors runtime_learners
INFO  [16:46:07.968] [bbotk]      108 0.2587547         2  0.1028571        0      0            0.203
INFO  [16:46:07.968] [bbotk]                                 uhash
INFO  [16:46:07.968] [bbotk]  508cd860-24a9-477e-b947-f2bda23f3ffe
INFO  [16:46:07.977] [bbotk] Evaluating 1 configuration(s)
INFO  [16:46:08.615] [bbotk] Result of batch 7:
INFO  [16:46:08.616] [bbotk]  nrounds       eta max_depth classif.ce warnings errors runtime_learners
INFO  [16:46:08.616] [bbotk]      181 0.2170276         7  0.1066667        0      0            0.599
INFO  [16:46:08.616] [bbotk]                                 uhash
INFO  [16:46:08.616] [bbotk]  7f297136-13ee-4525-b72b-65b7d01b8683
INFO  [16:46:08.620] [bbotk] Evaluating 1 configuration(s)
INFO  [16:46:09.061] [bbotk] Result of batch 8:
INFO  [16:46:09.062] [bbotk]  nrounds       eta max_depth classif.ce warnings errors runtime_learners
INFO  [16:46:09.062] [bbotk]      186 0.2383791         3  0.1104762        0      0             0.41
INFO  [16:46:09.062] [bbotk]                                 uhash
INFO  [16:46:09.062] [bbotk]  a4a92e27-1093-48b3-8f0f-c5e157756425
INFO  [16:46:09.068] [bbotk] Evaluating 1 configuration(s)
INFO  [16:46:09.363] [bbotk] Result of batch 9:
INFO  [16:46:09.364] [bbotk]  nrounds      eta max_depth classif.ce warnings errors runtime_learners
INFO  [16:46:09.364] [bbotk]       51 0.180718         7  0.1038095        0      0            0.246
INFO  [16:46:09.364] [bbotk]                                 uhash
INFO  [16:46:09.364] [bbotk]  5820fa65-bdf1-4978-8baf-519f96a992df
INFO  [16:46:09.368] [bbotk] Evaluating 1 configuration(s)
INFO  [16:46:10.266] [bbotk] Result of batch 10:
INFO  [16:46:10.268] [bbotk]  nrounds        eta max_depth classif.ce warnings errors runtime_learners
INFO  [16:46:10.268] [bbotk]      219 0.05598873         5  0.1019048        0      0            0.844
INFO  [16:46:10.268] [bbotk]                                 uhash
INFO  [16:46:10.268] [bbotk]  c1fc072c-8a4e-47be-bacc-690ebee0c3d1
INFO  [16:46:10.281] [bbotk] Finished optimizing after 10 evaluation(s)
INFO  [16:46:10.281] [bbotk] Result:
INFO  [16:46:10.282] [bbotk]  nrounds        eta max_depth learner_param_vals  x_domain classif.ce
INFO  [16:46:10.282] [bbotk]    <int>      <num>     <int>             <list>    <list>      <num>
INFO  [16:46:10.282] [bbotk]      219 0.05598873         5          <list[5]> <list[3]>  0.1019048
INFO  [16:46:10.704] [bbotk] Starting to optimize 3 parameter(s) with '<OptimizerBatchRandomSearch>' and '<TerminatorEvals> [n_evals=10, k=0]'
INFO  [16:46:10.713] [bbotk] Evaluating 1 configuration(s)
INFO  [16:46:11.092] [bbotk] Result of batch 1:
INFO  [16:46:11.092] [bbotk]  nrounds       eta max_depth classif.ce warnings errors runtime_learners
INFO  [16:46:11.092] [bbotk]      125 0.1690914         4  0.1019048        0      0            0.349
INFO  [16:46:11.092] [bbotk]                                 uhash
INFO  [16:46:11.092] [bbotk]  8fdbf33a-2e66-4e47-8188-0aadb4b45b96
INFO  [16:46:11.101] [bbotk] Evaluating 1 configuration(s)
INFO  [16:46:12.192] [bbotk] Result of batch 2:
INFO  [16:46:12.195] [bbotk]  nrounds        eta max_depth classif.ce warnings errors runtime_learners
INFO  [16:46:12.195] [bbotk]      281 0.02164374         5  0.1057143        0      0            1.055
INFO  [16:46:12.195] [bbotk]                                 uhash
INFO  [16:46:12.195] [bbotk]  66b024a1-8219-4ec1-92c9-a540d2fc2805
INFO  [16:46:12.204] [bbotk] Evaluating 1 configuration(s)
INFO  [16:46:12.663] [bbotk] Result of batch 3:
INFO  [16:46:12.665] [bbotk]  nrounds        eta max_depth classif.ce warnings errors runtime_learners
INFO  [16:46:12.665] [bbotk]      243 0.04748895         2  0.1019048        0      0            0.424
INFO  [16:46:12.665] [bbotk]                                 uhash
INFO  [16:46:12.665] [bbotk]  8880f69e-79e5-4eb8-b18b-c793a36cbf32
INFO  [16:46:12.674] [bbotk] Evaluating 1 configuration(s)
INFO  [16:46:12.956] [bbotk] Result of batch 4:
INFO  [16:46:12.958] [bbotk]  nrounds      eta max_depth classif.ce warnings errors runtime_learners
INFO  [16:46:12.958] [bbotk]      154 0.181799         2  0.1009524        0      0            0.234
INFO  [16:46:12.958] [bbotk]                                 uhash
INFO  [16:46:12.958] [bbotk]  55adbb60-8dbd-457a-a66a-cb51b0e3365a
INFO  [16:46:12.963] [bbotk] Evaluating 1 configuration(s)
INFO  [16:46:13.293] [bbotk] Result of batch 5:
INFO  [16:46:13.295] [bbotk]  nrounds       eta max_depth classif.ce warnings errors runtime_learners
INFO  [16:46:13.295] [bbotk]      201 0.1511925         2  0.1019048        0      0            0.299
INFO  [16:46:13.295] [bbotk]                                 uhash
INFO  [16:46:13.295] [bbotk]  5941cfdb-9bc6-4cae-ab00-e7295b372707
INFO  [16:46:13.300] [bbotk] Evaluating 1 configuration(s)
INFO  [16:46:13.598] [bbotk] Result of batch 6:
INFO  [16:46:13.600] [bbotk]  nrounds       eta max_depth classif.ce warnings errors runtime_learners
INFO  [16:46:13.600] [bbotk]      156 0.1621328         2  0.1057143        0      0            0.252
INFO  [16:46:13.600] [bbotk]                                 uhash
INFO  [16:46:13.600] [bbotk]  c898eb9e-4b86-4441-b5d4-18f9c8362fb5
INFO  [16:46:13.609] [bbotk] Evaluating 1 configuration(s)
INFO  [16:46:14.436] [bbotk] Result of batch 7:
INFO  [16:46:14.439] [bbotk]  nrounds       eta max_depth classif.ce warnings errors runtime_learners
INFO  [16:46:14.439] [bbotk]      278 0.2409128         6 0.09904762        0      0            0.784
INFO  [16:46:14.439] [bbotk]                                 uhash
INFO  [16:46:14.439] [bbotk]  4f3a0f64-a433-435b-b510-4ab974827258
INFO  [16:46:14.447] [bbotk] Evaluating 1 configuration(s)
INFO  [16:46:15.005] [bbotk] Result of batch 8:
INFO  [16:46:15.007] [bbotk]  nrounds       eta max_depth classif.ce warnings errors runtime_learners
INFO  [16:46:15.007] [bbotk]      150 0.2578588         6  0.1009524        0      0            0.514
INFO  [16:46:15.007] [bbotk]                                 uhash
INFO  [16:46:15.007] [bbotk]  50c0dcc1-b330-4dd7-9360-fd6c075e565c
INFO  [16:46:15.011] [bbotk] Evaluating 1 configuration(s)
INFO  [16:46:15.932] [bbotk] Result of batch 9:
INFO  [16:46:15.934] [bbotk]  nrounds        eta max_depth classif.ce warnings errors runtime_learners
INFO  [16:46:15.934] [bbotk]      192 0.01168963         7  0.1057143        0      0            0.882
INFO  [16:46:15.934] [bbotk]                                 uhash
INFO  [16:46:15.934] [bbotk]  cae56df3-7e46-49fe-b471-10177230c2eb
INFO  [16:46:15.938] [bbotk] Evaluating 1 configuration(s)
INFO  [16:46:16.275] [bbotk] Result of batch 10:
INFO  [16:46:16.276] [bbotk]  nrounds       eta max_depth classif.ce warnings errors runtime_learners
INFO  [16:46:16.276] [bbotk]      138 0.1192384         3  0.1038095        0      0            0.295
INFO  [16:46:16.276] [bbotk]                                 uhash
INFO  [16:46:16.276] [bbotk]  91bc96ae-9181-4d0a-8b4d-ae6daf9ebc05
INFO  [16:46:16.284] [bbotk] Finished optimizing after 10 evaluation(s)
INFO  [16:46:16.284] [bbotk] Result:
INFO  [16:46:16.285] [bbotk]  nrounds       eta max_depth learner_param_vals  x_domain classif.ce
INFO  [16:46:16.285] [bbotk]    <int>     <num>     <int>             <list>    <list>      <num>
INFO  [16:46:16.285] [bbotk]      278 0.2409128         6          <list[5]> <list[3]> 0.09904762
INFO  [16:46:16.777] [bbotk] Starting to optimize 3 parameter(s) with '<OptimizerBatchRandomSearch>' and '<TerminatorEvals> [n_evals=10, k=0]'
INFO  [16:46:16.793] [bbotk] Evaluating 1 configuration(s)
INFO  [16:46:16.974] [bbotk] Result of batch 1:
INFO  [16:46:16.976] [bbotk]  nrounds        eta max_depth classif.ce warnings errors runtime_learners
INFO  [16:46:16.976] [bbotk]       72 0.03201202         2  0.1037118        0      0            0.142
INFO  [16:46:16.976] [bbotk]                                 uhash
INFO  [16:46:16.976] [bbotk]  b47dac1f-336a-406b-854d-381a7ac5de4b
INFO  [16:46:16.980] [bbotk] Evaluating 1 configuration(s)
INFO  [16:46:17.588] [bbotk] Result of batch 2:
INFO  [16:46:17.589] [bbotk]  nrounds        eta max_depth classif.ce warnings errors runtime_learners
INFO  [16:46:17.589] [bbotk]      100 0.06838278         9 0.08754036        0      0            0.554
INFO  [16:46:17.589] [bbotk]                                 uhash
INFO  [16:46:17.589] [bbotk]  ea199e38-151f-4c3c-a3ae-9da006148085
INFO  [16:46:17.593] [bbotk] Evaluating 1 configuration(s)
INFO  [16:46:18.180] [bbotk] Result of batch 3:
INFO  [16:46:18.181] [bbotk]  nrounds       eta max_depth classif.ce warnings errors runtime_learners
INFO  [16:46:18.181] [bbotk]      186 0.2748982        10  0.0818315        0      0            0.551
INFO  [16:46:18.181] [bbotk]                                 uhash
INFO  [16:46:18.181] [bbotk]  bc12e112-3d20-47f7-9250-c4ee316ab00c
INFO  [16:46:18.186] [bbotk] Evaluating 1 configuration(s)
INFO  [16:46:18.786] [bbotk] Result of batch 4:
INFO  [16:46:18.789] [bbotk]  nrounds       eta max_depth classif.ce warnings errors runtime_learners
INFO  [16:46:18.789] [bbotk]      177 0.2149843        10 0.08849003        0      0            0.563
INFO  [16:46:18.789] [bbotk]                                 uhash
INFO  [16:46:18.789] [bbotk]  79fce18d-6b77-4e4d-a9be-dbf8f3242e46
INFO  [16:46:18.793] [bbotk] Evaluating 1 configuration(s)
INFO  [16:46:19.386] [bbotk] Result of batch 5:
INFO  [16:46:19.387] [bbotk]  nrounds       eta max_depth classif.ce warnings errors runtime_learners
INFO  [16:46:19.387] [bbotk]      174 0.2282118         9 0.08563831        0      0            0.553
INFO  [16:46:19.387] [bbotk]                                 uhash
INFO  [16:46:19.387] [bbotk]  e82c9a74-9842-49fe-a5a9-59abdb385e2e
INFO  [16:46:19.397] [bbotk] Evaluating 1 configuration(s)
INFO  [16:46:20.795] [bbotk] Result of batch 6:
INFO  [16:46:20.797] [bbotk]  nrounds        eta max_depth classif.ce warnings errors runtime_learners
INFO  [16:46:20.797] [bbotk]      280 0.02697742         9 0.08373084        0      0            1.353
INFO  [16:46:20.797] [bbotk]                                 uhash
INFO  [16:46:20.797] [bbotk]  f5e59f4f-f3ae-44e8-b830-eaadf1795857
INFO  [16:46:20.806] [bbotk] Evaluating 1 configuration(s)
INFO  [16:46:21.082] [bbotk] Result of batch 7:
INFO  [16:46:21.083] [bbotk]  nrounds       eta max_depth classif.ce warnings errors runtime_learners
INFO  [16:46:21.083] [bbotk]       67 0.2216595         5 0.08371998        0      0            0.249
INFO  [16:46:21.083] [bbotk]                                 uhash
INFO  [16:46:21.083] [bbotk]  f76546da-2947-49d5-9b6b-7e86036432cd
INFO  [16:46:21.089] [bbotk] Evaluating 1 configuration(s)
INFO  [16:46:21.679] [bbotk] Result of batch 8:
INFO  [16:46:21.682] [bbotk]  nrounds      eta max_depth classif.ce warnings errors runtime_learners
INFO  [16:46:21.682] [bbotk]      174 0.204167         5 0.08182879        0      0            0.549
INFO  [16:46:21.682] [bbotk]                                 uhash
INFO  [16:46:21.682] [bbotk]  c92f34fe-9874-4e32-82bb-4cc6749aaacb
INFO  [16:46:21.691] [bbotk] Evaluating 1 configuration(s)
INFO  [16:46:22.011] [bbotk] Result of batch 9:
INFO  [16:46:22.012] [bbotk]  nrounds       eta max_depth classif.ce warnings errors runtime_learners
INFO  [16:46:22.012] [bbotk]       91 0.1714539         4 0.08658798        0      0            0.276
INFO  [16:46:22.012] [bbotk]                                 uhash
INFO  [16:46:22.012] [bbotk]  daef8d1a-e45b-4856-b376-d58f7f67008a
INFO  [16:46:22.016] [bbotk] Evaluating 1 configuration(s)
INFO  [16:46:22.610] [bbotk] Result of batch 10:
INFO  [16:46:22.611] [bbotk]  nrounds       eta max_depth classif.ce warnings errors runtime_learners
INFO  [16:46:22.611] [bbotk]      187 0.2803493         9 0.09038936        0      0            0.554
INFO  [16:46:22.611] [bbotk]                                 uhash
INFO  [16:46:22.611] [bbotk]  fa0a5944-882f-48f7-bdc4-8d1a82e637f5
INFO  [16:46:22.619] [bbotk] Finished optimizing after 10 evaluation(s)
INFO  [16:46:22.620] [bbotk] Result:
INFO  [16:46:22.621] [bbotk]  nrounds      eta max_depth learner_param_vals  x_domain classif.ce
INFO  [16:46:22.621] [bbotk]    <int>    <num>     <int>             <list>    <list>      <num>
INFO  [16:46:22.621] [bbotk]      174 0.204167         5          <list[5]> <list[3]> 0.08182879
INFO  [16:46:22.941] [bbotk] Starting to optimize 3 parameter(s) with '<OptimizerBatchRandomSearch>' and '<TerminatorEvals> [n_evals=10, k=0]'
INFO  [16:46:22.966] [bbotk] Evaluating 1 configuration(s)
INFO  [16:46:23.290] [bbotk] Result of batch 1:
INFO  [16:46:23.291] [bbotk]  nrounds      eta max_depth classif.ce warnings errors runtime_learners
INFO  [16:46:23.291] [bbotk]      187 0.178977         2  0.1170262        0      0            0.292
INFO  [16:46:23.291] [bbotk]                                 uhash
INFO  [16:46:23.291] [bbotk]  5ec87173-f8e0-4b24-9cdd-2de3ffd081c3
INFO  [16:46:23.300] [bbotk] Evaluating 1 configuration(s)
INFO  [16:46:23.961] [bbotk] Result of batch 2:
INFO  [16:46:23.962] [bbotk]  nrounds        eta max_depth classif.ce warnings errors runtime_learners
INFO  [16:46:23.962] [bbotk]      118 0.06272639         8  0.1065608        0      0            0.626
INFO  [16:46:23.962] [bbotk]                                 uhash
INFO  [16:46:23.962] [bbotk]  d5a7024c-fa43-49cf-b4d9-83083951d687
INFO  [16:46:23.967] [bbotk] Evaluating 1 configuration(s)
INFO  [16:46:24.610] [bbotk] Result of batch 3:
INFO  [16:46:24.612] [bbotk]  nrounds       eta max_depth classif.ce warnings errors runtime_learners
INFO  [16:46:24.612] [bbotk]      205 0.2161206         4    0.10655        0      0            0.604
INFO  [16:46:24.612] [bbotk]                                 uhash
INFO  [16:46:24.612] [bbotk]  ea8fc031-ecd9-4e29-8b85-b812c5bb5c2c
INFO  [16:46:24.620] [bbotk] Evaluating 1 configuration(s)
INFO  [16:46:25.240] [bbotk] Result of batch 4:
INFO  [16:46:25.241] [bbotk]  nrounds       eta max_depth classif.ce warnings errors runtime_learners
INFO  [16:46:25.241] [bbotk]      143 0.1566888         6  0.1075132        0      0            0.579
INFO  [16:46:25.241] [bbotk]                                 uhash
INFO  [16:46:25.241] [bbotk]  6db96204-cd1d-4df8-9654-df01f0366ba2
INFO  [16:46:25.245] [bbotk] Evaluating 1 configuration(s)
INFO  [16:46:25.651] [bbotk] Result of batch 5:
INFO  [16:46:25.652] [bbotk]  nrounds      eta max_depth classif.ce warnings errors runtime_learners
INFO  [16:46:25.652] [bbotk]       86 0.254771         8  0.1046561        0      0            0.368
INFO  [16:46:25.652] [bbotk]                                 uhash
INFO  [16:46:25.652] [bbotk]  8928b3d6-58b9-4e5f-a045-10ff8def4eb0
INFO  [16:46:25.877] [bbotk] Evaluating 1 configuration(s)
INFO  [16:46:26.561] [bbotk] Result of batch 6:
INFO  [16:46:26.562] [bbotk]  nrounds       eta max_depth classif.ce warnings errors runtime_learners
INFO  [16:46:26.562] [bbotk]      196 0.1705227         5  0.1075159        0      0            0.649
INFO  [16:46:26.562] [bbotk]                                 uhash
INFO  [16:46:26.562] [bbotk]  a17e1346-89a3-4ff1-abd9-4ec18c7d5579
INFO  [16:46:26.565] [bbotk] Evaluating 1 configuration(s)
INFO  [16:46:26.912] [bbotk] Result of batch 7:
INFO  [16:46:26.913] [bbotk]  nrounds       eta max_depth classif.ce warnings errors runtime_learners
INFO  [16:46:26.913] [bbotk]       96 0.2731052         4  0.1075051        0      0            0.301
INFO  [16:46:26.913] [bbotk]                                 uhash
INFO  [16:46:26.913] [bbotk]  4cc75d97-13db-4550-a62c-b60db9229e7a
INFO  [16:46:26.917] [bbotk] Evaluating 1 configuration(s)
INFO  [16:46:27.797] [bbotk] Result of batch 8:
INFO  [16:46:27.798] [bbotk]  nrounds        eta max_depth classif.ce warnings errors runtime_learners
INFO  [16:46:27.798] [bbotk]      167 0.05267839         9  0.1094126        0      0            0.841
INFO  [16:46:27.798] [bbotk]                                 uhash
INFO  [16:46:27.798] [bbotk]  c8576999-e3b7-4426-9532-847862dc613a
INFO  [16:46:27.806] [bbotk] Evaluating 1 configuration(s)
INFO  [16:46:28.160] [bbotk] Result of batch 9:
INFO  [16:46:28.161] [bbotk]  nrounds       eta max_depth classif.ce warnings errors runtime_learners
INFO  [16:46:28.161] [bbotk]       54 0.1006314         8  0.1094098        0      0            0.307
INFO  [16:46:28.161] [bbotk]                                 uhash
INFO  [16:46:28.161] [bbotk]  8bd3a50f-77f0-48f0-8383-7a6855b0f9f8
INFO  [16:46:28.170] [bbotk] Evaluating 1 configuration(s)
INFO  [16:46:28.470] [bbotk] Result of batch 10:
INFO  [16:46:28.471] [bbotk]  nrounds        eta max_depth classif.ce warnings errors runtime_learners
INFO  [16:46:28.471] [bbotk]       55 0.09624511         6  0.1037091        0      0             0.26
INFO  [16:46:28.471] [bbotk]                                 uhash
INFO  [16:46:28.471] [bbotk]  4f8406cb-644f-4129-acd7-79680eb9abb3
INFO  [16:46:28.479] [bbotk] Finished optimizing after 10 evaluation(s)
INFO  [16:46:28.479] [bbotk] Result:
INFO  [16:46:28.480] [bbotk]  nrounds        eta max_depth learner_param_vals  x_domain classif.ce
INFO  [16:46:28.480] [bbotk]    <int>      <num>     <int>             <list>    <list>      <num>
INFO  [16:46:28.480] [bbotk]       55 0.09624511         6          <list[5]> <list[3]>  0.1037091

### [bt]: Job terminated successfully [batchtools job.id=1079]
### [bt]: Starting job [batchtools job.id=1080]
### [bt]: Generating problem instance for problem '698720b8ce42ae0c' ...
### [bt]: Applying algorithm 'run_learner' on problem '698720b8ce42ae0c' for job 1080 (seed = 1081) ...
INFO  [16:46:28.663] [mlr3] Applying learner 'classif.xgboost.tuned_calib.oof_isotonic' on task 'pc4' (iter 10/10)
INFO  [16:46:28.722] [bbotk] Starting to optimize 3 parameter(s) with '<OptimizerBatchRandomSearch>' and '<TerminatorEvals> [n_evals=10, k=0]'
INFO  [16:46:28.747] [bbotk] Evaluating 1 configuration(s)
INFO  [16:46:29.314] [bbotk] Result of batch 1:
INFO  [16:46:29.315] [bbotk]  nrounds       eta max_depth classif.ce warnings errors runtime_learners
INFO  [16:46:29.315] [bbotk]      104 0.1116965         9  0.1104762        0      0            0.529
INFO  [16:46:29.315] [bbotk]                                 uhash
INFO  [16:46:29.315] [bbotk]  b6b7497a-f0f0-4867-8f0b-b24d697fe1c0
INFO  [16:46:29.320] [bbotk] Evaluating 1 configuration(s)
INFO  [16:46:29.637] [bbotk] Result of batch 2:
INFO  [16:46:29.638] [bbotk]  nrounds       eta max_depth classif.ce warnings errors runtime_learners
INFO  [16:46:29.638] [bbotk]       70 0.2297728         5 0.09619048        0      0            0.255
INFO  [16:46:29.638] [bbotk]                                 uhash
INFO  [16:46:29.638] [bbotk]  5fe332ad-b18f-4d11-ae80-f7a880b0832f
INFO  [16:46:29.642] [bbotk] Evaluating 1 configuration(s)
INFO  [16:46:30.432] [bbotk] Result of batch 3:
INFO  [16:46:30.434] [bbotk]  nrounds       eta max_depth classif.ce warnings errors runtime_learners
INFO  [16:46:30.434] [bbotk]      241 0.2774933        10  0.1047619        0      0            0.745
INFO  [16:46:30.434] [bbotk]                                 uhash
INFO  [16:46:30.434] [bbotk]  e67d6b44-0fd6-4ea8-8fab-58fbc26f9ea8
INFO  [16:46:30.438] [bbotk] Evaluating 1 configuration(s)
INFO  [16:46:30.998] [bbotk] Result of batch 4:
INFO  [16:46:30.999] [bbotk]  nrounds        eta max_depth classif.ce warnings errors runtime_learners
INFO  [16:46:30.999] [bbotk]      109 0.07433453         7  0.1085714        0      0            0.526
INFO  [16:46:30.999] [bbotk]                                 uhash
INFO  [16:46:30.999] [bbotk]  61f565ae-7cfc-40c6-bee4-41324625fd6b
INFO  [16:46:31.003] [bbotk] Evaluating 1 configuration(s)
INFO  [16:46:31.828] [bbotk] Result of batch 5:
INFO  [16:46:31.830] [bbotk]  nrounds        eta max_depth classif.ce warnings errors runtime_learners
INFO  [16:46:31.830] [bbotk]      157 0.06152759         9  0.1028571        0      0            0.791
INFO  [16:46:31.830] [bbotk]                                 uhash
INFO  [16:46:31.830] [bbotk]  d4dfaacc-fd95-451b-9d9e-4925200fe454
INFO  [16:46:31.836] [bbotk] Evaluating 1 configuration(s)
INFO  [16:46:32.130] [bbotk] Result of batch 6:
INFO  [16:46:32.131] [bbotk]  nrounds       eta max_depth classif.ce warnings errors runtime_learners
INFO  [16:46:32.131] [bbotk]      163 0.1506792         2        0.1        0      0            0.257
INFO  [16:46:32.131] [bbotk]                                 uhash
INFO  [16:46:32.131] [bbotk]  3b5eae66-f50c-46f3-be8b-d4f37bba6e7b
INFO  [16:46:32.140] [bbotk] Evaluating 1 configuration(s)
INFO  [16:46:33.384] [bbotk] Result of batch 7:
INFO  [16:46:33.386] [bbotk]  nrounds        eta max_depth classif.ce warnings errors runtime_learners
INFO  [16:46:33.386] [bbotk]      266 0.04558883         7 0.09904762        0      0            1.193
INFO  [16:46:33.386] [bbotk]                                 uhash
INFO  [16:46:33.386] [bbotk]  67fd2d0c-cc44-43ea-b943-487663a1f4b8
INFO  [16:46:33.391] [bbotk] Evaluating 1 configuration(s)
INFO  [16:46:34.448] [bbotk] Result of batch 8:
INFO  [16:46:34.450] [bbotk]  nrounds        eta max_depth classif.ce warnings errors runtime_learners
INFO  [16:46:34.450] [bbotk]      267 0.08951471        10  0.1057143        0      0            1.024
INFO  [16:46:34.450] [bbotk]                                 uhash
INFO  [16:46:34.450] [bbotk]  2bea46b3-1069-4c10-b987-a7690a56dd47
INFO  [16:46:34.459] [bbotk] Evaluating 1 configuration(s)
INFO  [16:46:34.852] [bbotk] Result of batch 9:
INFO  [16:46:34.853] [bbotk]  nrounds       eta max_depth classif.ce warnings errors runtime_learners
INFO  [16:46:34.853] [bbotk]       61 0.1367311         9  0.1047619        0      0            0.351
INFO  [16:46:34.853] [bbotk]                                 uhash
INFO  [16:46:34.853] [bbotk]  175e8ef5-c92e-42a6-a600-4d1a6a71aca5
INFO  [16:46:34.861] [bbotk] Evaluating 1 configuration(s)
INFO  [16:46:35.799] [bbotk] Result of batch 10:
INFO  [16:46:35.800] [bbotk]  nrounds       eta max_depth classif.ce warnings errors runtime_learners
INFO  [16:46:35.800] [bbotk]      236 0.1515911        10  0.1047619        0      0            0.895
INFO  [16:46:35.800] [bbotk]                                 uhash
INFO  [16:46:35.800] [bbotk]  222a7209-6849-4218-a129-5a38d0d554d2
INFO  [16:46:35.809] [bbotk] Finished optimizing after 10 evaluation(s)
INFO  [16:46:35.810] [bbotk] Result:
INFO  [16:46:35.810] [bbotk]  nrounds       eta max_depth learner_param_vals  x_domain classif.ce
INFO  [16:46:35.810] [bbotk]    <int>     <num>     <int>             <list>    <list>      <num>
INFO  [16:46:35.810] [bbotk]       70 0.2297728         5          <list[5]> <list[3]> 0.09619048
INFO  [16:46:35.972] [bbotk] Starting to optimize 3 parameter(s) with '<OptimizerBatchRandomSearch>' and '<TerminatorEvals> [n_evals=10, k=0]'
INFO  [16:46:35.989] [bbotk] Evaluating 1 configuration(s)
INFO  [16:46:36.413] [bbotk] Result of batch 1:
INFO  [16:46:36.414] [bbotk]  nrounds       eta max_depth classif.ce warnings errors runtime_learners
INFO  [16:46:36.414] [bbotk]      105 0.2299655         5  0.1161905        0      0            0.392
INFO  [16:46:36.414] [bbotk]                                 uhash
INFO  [16:46:36.414] [bbotk]  22d1fb3d-136e-4c9d-9000-7ce441816d65
INFO  [16:46:36.421] [bbotk] Evaluating 1 configuration(s)
INFO  [16:46:37.193] [bbotk] Result of batch 2:
INFO  [16:46:37.194] [bbotk]  nrounds       eta max_depth classif.ce warnings errors runtime_learners
INFO  [16:46:37.194] [bbotk]      217 0.2065041         9   0.112381        0      0            0.733
INFO  [16:46:37.194] [bbotk]                                 uhash
INFO  [16:46:37.194] [bbotk]  8c6c344a-6d20-4e97-a0b7-af8da619952b
INFO  [16:46:37.197] [bbotk] Evaluating 1 configuration(s)
INFO  [16:46:38.080] [bbotk] Result of batch 3:
INFO  [16:46:38.082] [bbotk]  nrounds       eta max_depth classif.ce warnings errors runtime_learners
INFO  [16:46:38.082] [bbotk]      188 0.1261931         7   0.112381        0      0            0.843
INFO  [16:46:38.082] [bbotk]                                 uhash
INFO  [16:46:38.082] [bbotk]  250267a3-dde0-4d88-a7af-16592f15db27
INFO  [16:46:38.088] [bbotk] Evaluating 1 configuration(s)
INFO  [16:46:38.557] [bbotk] Result of batch 4:
INFO  [16:46:38.559] [bbotk]  nrounds      eta max_depth classif.ce warnings errors runtime_learners
INFO  [16:46:38.559] [bbotk]      208 0.299246         3  0.1057143        0      0            0.432
INFO  [16:46:38.559] [bbotk]                                 uhash
INFO  [16:46:38.559] [bbotk]  4ff462ec-adaf-405c-b708-5be773f018bd
INFO  [16:46:38.568] [bbotk] Evaluating 1 configuration(s)
INFO  [16:46:39.347] [bbotk] Result of batch 5:
INFO  [16:46:39.349] [bbotk]  nrounds      eta max_depth classif.ce warnings errors runtime_learners
INFO  [16:46:39.349] [bbotk]      247 0.210974         5  0.1171429        0      0            0.737
INFO  [16:46:39.349] [bbotk]                                 uhash
INFO  [16:46:39.349] [bbotk]  ce0bfe14-c9a5-4725-873e-ff0064244381
INFO  [16:46:39.358] [bbotk] Evaluating 1 configuration(s)
INFO  [16:46:40.182] [bbotk] Result of batch 6:
INFO  [16:46:40.184] [bbotk]  nrounds       eta max_depth classif.ce warnings errors runtime_learners
INFO  [16:46:40.184] [bbotk]      197 0.0736051         5  0.1142857        0      0             0.78
INFO  [16:46:40.184] [bbotk]                                 uhash
INFO  [16:46:40.184] [bbotk]  68178dc2-df46-424d-a8f7-b6fc56e3d8f0
INFO  [16:46:40.188] [bbotk] Evaluating 1 configuration(s)
INFO  [16:46:41.111] [bbotk] Result of batch 7:
INFO  [16:46:41.113] [bbotk]  nrounds      eta max_depth classif.ce warnings errors runtime_learners
INFO  [16:46:41.113] [bbotk]      208 0.189236        10   0.107619        0      0            0.888
INFO  [16:46:41.113] [bbotk]                                 uhash
INFO  [16:46:41.113] [bbotk]  5abe215e-2c85-4cce-877f-69b40e3945ab
INFO  [16:46:41.119] [bbotk] Evaluating 1 configuration(s)
INFO  [16:46:41.586] [bbotk] Result of batch 8:
INFO  [16:46:41.587] [bbotk]  nrounds       eta max_depth classif.ce warnings errors runtime_learners
INFO  [16:46:41.587] [bbotk]      280 0.2197789         2  0.1057143        0      0            0.436
INFO  [16:46:41.587] [bbotk]                                 uhash
INFO  [16:46:41.587] [bbotk]  dd02f2f9-efbc-48e1-b42d-7f1d0a48da88
INFO  [16:46:41.592] [bbotk] Evaluating 1 configuration(s)
INFO  [16:46:42.010] [bbotk] Result of batch 9:
INFO  [16:46:42.012] [bbotk]  nrounds        eta max_depth classif.ce warnings errors runtime_learners
INFO  [16:46:42.012] [bbotk]      172 0.09274223         3  0.1095238        0      0             0.38
INFO  [16:46:42.012] [bbotk]                                 uhash
INFO  [16:46:42.012] [bbotk]  3eb7b2e2-3e17-4f9d-b190-78ee1807d19e
INFO  [16:46:42.021] [bbotk] Evaluating 1 configuration(s)
INFO  [16:46:42.623] [bbotk] Result of batch 10:
INFO  [16:46:42.624] [bbotk]  nrounds       eta max_depth classif.ce warnings errors runtime_learners
INFO  [16:46:42.624] [bbotk]      235 0.2720645         3  0.1085714        0      0            0.556
INFO  [16:46:42.624] [bbotk]                                 uhash
INFO  [16:46:42.624] [bbotk]  ca624d2b-76c7-4ba2-b849-fc33b73970c2
INFO  [16:46:42.635] [bbotk] Finished optimizing after 10 evaluation(s)
INFO  [16:46:42.635] [bbotk] Result:
INFO  [16:46:42.636] [bbotk]  nrounds      eta max_depth learner_param_vals  x_domain classif.ce
INFO  [16:46:42.636] [bbotk]    <int>    <num>     <int>             <list>    <list>      <num>
INFO  [16:46:42.636] [bbotk]      208 0.299246         3          <list[5]> <list[3]>  0.1057143
INFO  [16:46:42.910] [bbotk] Starting to optimize 3 parameter(s) with '<OptimizerBatchRandomSearch>' and '<TerminatorEvals> [n_evals=10, k=0]'
INFO  [16:46:42.923] [bbotk] Evaluating 1 configuration(s)
INFO  [16:46:43.293] [bbotk] Result of batch 1:
INFO  [16:46:43.297] [bbotk]  nrounds        eta max_depth classif.ce warnings errors runtime_learners
INFO  [16:46:43.297] [bbotk]      195 0.02990278         2 0.09714286        0      0            0.331
INFO  [16:46:43.297] [bbotk]                                 uhash
INFO  [16:46:43.297] [bbotk]  93cff961-9411-437b-b85e-714c0113118c
INFO  [16:46:43.307] [bbotk] Evaluating 1 configuration(s)
INFO  [16:46:43.768] [bbotk] Result of batch 2:
INFO  [16:46:43.769] [bbotk]  nrounds       eta max_depth classif.ce warnings errors runtime_learners
INFO  [16:46:43.769] [bbotk]      106 0.1570075         5 0.09619048        0      0            0.417
INFO  [16:46:43.769] [bbotk]                                 uhash
INFO  [16:46:43.769] [bbotk]  903dae88-e829-4024-8c73-bd575c0c115f
INFO  [16:46:43.772] [bbotk] Evaluating 1 configuration(s)
INFO  [16:46:44.487] [bbotk] Result of batch 3:
INFO  [16:46:44.490] [bbotk]  nrounds       eta max_depth classif.ce warnings errors runtime_learners
INFO  [16:46:44.490] [bbotk]      214 0.2350203         8 0.08952381        0      0            0.665
INFO  [16:46:44.490] [bbotk]                                 uhash
INFO  [16:46:44.490] [bbotk]  cf6499f6-1c42-43ef-97ed-6ce6c1e35206
INFO  [16:46:44.499] [bbotk] Evaluating 1 configuration(s)
INFO  [16:46:45.285] [bbotk] Result of batch 4:
INFO  [16:46:45.286] [bbotk]  nrounds       eta max_depth classif.ce warnings errors runtime_learners
INFO  [16:46:45.286] [bbotk]      196 0.1685489         9 0.08666667        0      0            0.745
INFO  [16:46:45.286] [bbotk]                                 uhash
INFO  [16:46:45.286] [bbotk]  5fb0d5b8-73cb-4641-886e-0b47bc75edb7
INFO  [16:46:45.289] [bbotk] Evaluating 1 configuration(s)
INFO  [16:46:45.881] [bbotk] Result of batch 5:
INFO  [16:46:45.883] [bbotk]  nrounds       eta max_depth classif.ce warnings errors runtime_learners
INFO  [16:46:45.883] [bbotk]      210 0.1358254         3 0.09047619        0      0            0.537
INFO  [16:46:45.883] [bbotk]                                 uhash
INFO  [16:46:45.883] [bbotk]  d6439e58-6ae1-4c80-b1b6-514ba6e4a981
INFO  [16:46:45.891] [bbotk] Evaluating 1 configuration(s)
INFO  [16:46:46.226] [bbotk] Result of batch 6:
INFO  [16:46:46.228] [bbotk]  nrounds       eta max_depth classif.ce warnings errors runtime_learners
INFO  [16:46:46.228] [bbotk]      203 0.1843941         2 0.08761905        0      0             0.29
INFO  [16:46:46.228] [bbotk]                                 uhash
INFO  [16:46:46.228] [bbotk]  412e9365-9c61-4c38-b7e5-c3a34d7f59d9
INFO  [16:46:46.235] [bbotk] Evaluating 1 configuration(s)
INFO  [16:46:46.684] [bbotk] Result of batch 7:
INFO  [16:46:46.685] [bbotk]  nrounds       eta max_depth classif.ce warnings errors runtime_learners
INFO  [16:46:46.685] [bbotk]      131 0.2160635         5 0.09142857        0      0            0.417
INFO  [16:46:46.685] [bbotk]                                 uhash
INFO  [16:46:46.685] [bbotk]  85d86721-5fda-4fc3-8163-a1ed166306ba
INFO  [16:46:46.689] [bbotk] Evaluating 1 configuration(s)
INFO  [16:46:47.248] [bbotk] Result of batch 8:
INFO  [16:46:47.249] [bbotk]  nrounds       eta max_depth classif.ce warnings errors runtime_learners
INFO  [16:46:47.249] [bbotk]      125 0.2220524         7 0.08857143        0      0            0.521
INFO  [16:46:47.249] [bbotk]                                 uhash
INFO  [16:46:47.249] [bbotk]  a2784b14-8806-4833-b2c2-dc1b11e5755c
INFO  [16:46:47.252] [bbotk] Evaluating 1 configuration(s)
INFO  [16:46:47.854] [bbotk] Result of batch 9:
INFO  [16:46:47.856] [bbotk]  nrounds       eta max_depth classif.ce warnings errors runtime_learners
INFO  [16:46:47.856] [bbotk]      129 0.1628272        10  0.0847619        0      0            0.543
INFO  [16:46:47.856] [bbotk]                                 uhash
INFO  [16:46:47.856] [bbotk]  f986f226-a2cb-491f-81f9-d8cae1e88716
INFO  [16:46:47.866] [bbotk] Evaluating 1 configuration(s)
INFO  [16:46:48.480] [bbotk] Result of batch 10:
INFO  [16:46:48.481] [bbotk]  nrounds       eta max_depth classif.ce warnings errors runtime_learners
INFO  [16:46:48.481] [bbotk]      259 0.1667447         3 0.08761905        0      0            0.573
INFO  [16:46:48.481] [bbotk]                                 uhash
INFO  [16:46:48.481] [bbotk]  e963d103-67aa-43c1-a1fb-39c360de45db
INFO  [16:46:48.491] [bbotk] Finished optimizing after 10 evaluation(s)
INFO  [16:46:48.491] [bbotk] Result:
INFO  [16:46:48.493] [bbotk]  nrounds       eta max_depth learner_param_vals  x_domain classif.ce
INFO  [16:46:48.493] [bbotk]    <int>     <num>     <int>             <list>    <list>      <num>
INFO  [16:46:48.493] [bbotk]      129 0.1628272        10          <list[5]> <list[3]>  0.0847619
INFO  [16:46:48.854] [bbotk] Starting to optimize 3 parameter(s) with '<OptimizerBatchRandomSearch>' and '<TerminatorEvals> [n_evals=10, k=0]'
INFO  [16:46:48.866] [bbotk] Evaluating 1 configuration(s)
INFO  [16:46:49.339] [bbotk] Result of batch 1:
INFO  [16:46:49.340] [bbotk]  nrounds       eta max_depth classif.ce warnings errors runtime_learners
INFO  [16:46:49.340] [bbotk]       92 0.1356651        10 0.09418532        0      0            0.434
INFO  [16:46:49.340] [bbotk]                                 uhash
INFO  [16:46:49.340] [bbotk]  95da83f2-e9ca-4632-b8a4-c5ff373d9468
INFO  [16:46:49.344] [bbotk] Evaluating 1 configuration(s)
INFO  [16:46:49.845] [bbotk] Result of batch 2:
INFO  [16:46:49.856] [bbotk]  nrounds       eta max_depth classif.ce warnings errors runtime_learners
INFO  [16:46:49.856] [bbotk]      118 0.1947491         9 0.09322751        0      0            0.457
INFO  [16:46:49.856] [bbotk]                                 uhash
INFO  [16:46:49.856] [bbotk]  b502361c-bc53-441b-a292-81ba03662ce0
INFO  [16:46:49.864] [bbotk] Evaluating 1 configuration(s)
INFO  [16:46:50.234] [bbotk] Result of batch 3:
INFO  [16:46:50.236] [bbotk]  nrounds       eta max_depth classif.ce warnings errors runtime_learners
INFO  [16:46:50.236] [bbotk]       96 0.2942237         6 0.09037851        0      0            0.326
INFO  [16:46:50.236] [bbotk]                                 uhash
INFO  [16:46:50.236] [bbotk]  06c95ede-a8ac-4dd7-a2c9-46f3cfe53322
INFO  [16:46:50.244] [bbotk] Evaluating 1 configuration(s)
INFO  [16:46:50.636] [bbotk] Result of batch 4:
INFO  [16:46:50.638] [bbotk]  nrounds        eta max_depth classif.ce warnings errors runtime_learners
INFO  [16:46:50.638] [bbotk]      222 0.05534883         2 0.09132004        0      0            0.353
INFO  [16:46:50.638] [bbotk]                                 uhash
INFO  [16:46:50.638] [bbotk]  049472b9-9551-4828-990e-20ebf42b9de6
INFO  [16:46:50.648] [bbotk] Evaluating 1 configuration(s)
INFO  [16:46:51.350] [bbotk] Result of batch 5:
INFO  [16:46:51.351] [bbotk]  nrounds       eta max_depth classif.ce warnings errors runtime_learners
INFO  [16:46:51.351] [bbotk]      222 0.2384666        10 0.08847375        0      0            0.661
INFO  [16:46:51.351] [bbotk]                                 uhash
INFO  [16:46:51.351] [bbotk]  9410e882-9621-48c2-af0f-6c7f3f6a7415
INFO  [16:46:51.355] [bbotk] Evaluating 1 configuration(s)
INFO  [16:46:52.172] [bbotk] Result of batch 6:
INFO  [16:46:52.173] [bbotk]  nrounds       eta max_depth classif.ce warnings errors runtime_learners
INFO  [16:46:52.173] [bbotk]      238 0.1794723         7 0.09798942        0      0            0.773
INFO  [16:46:52.173] [bbotk]                                 uhash
INFO  [16:46:52.173] [bbotk]  486f4f83-15ad-4647-8372-8c2cabb7b821
INFO  [16:46:52.177] [bbotk] Evaluating 1 configuration(s)
INFO  [16:46:52.726] [bbotk] Result of batch 7:
INFO  [16:46:52.727] [bbotk]  nrounds        eta max_depth classif.ce warnings errors runtime_learners
INFO  [16:46:52.727] [bbotk]      101 0.06546881         8 0.09037851        0      0            0.513
INFO  [16:46:52.727] [bbotk]                                 uhash
INFO  [16:46:52.727] [bbotk]  d5074ce6-c3bd-4b72-b577-1e1b233b95ca
INFO  [16:46:52.730] [bbotk] Evaluating 1 configuration(s)
INFO  [16:46:53.160] [bbotk] Result of batch 8:
INFO  [16:46:53.161] [bbotk]  nrounds      eta max_depth classif.ce warnings errors runtime_learners
INFO  [16:46:53.161] [bbotk]      134 0.203263         4 0.09037308        0      0            0.395
INFO  [16:46:53.161] [bbotk]                                 uhash
INFO  [16:46:53.161] [bbotk]  39a950c6-9e61-4ce1-b28c-aef52d5dca3c
INFO  [16:46:53.164] [bbotk] Evaluating 1 configuration(s)
INFO  [16:46:53.694] [bbotk] Result of batch 9:
INFO  [16:46:53.696] [bbotk]  nrounds      eta max_depth classif.ce warnings errors runtime_learners
INFO  [16:46:53.696] [bbotk]      142 0.296023         8 0.09132818        0      0            0.486
INFO  [16:46:53.696] [bbotk]                                 uhash
INFO  [16:46:53.696] [bbotk]  d15c3c6c-868c-46bf-b24d-16a6cc6a899d
INFO  [16:46:53.704] [bbotk] Evaluating 1 configuration(s)
INFO  [16:46:54.314] [bbotk] Result of batch 10:
INFO  [16:46:54.316] [bbotk]  nrounds        eta max_depth classif.ce warnings errors runtime_learners
INFO  [16:46:54.316] [bbotk]      136 0.05184052         5 0.09418261        0      0            0.576
INFO  [16:46:54.316] [bbotk]                                 uhash
INFO  [16:46:54.316] [bbotk]  a4521002-e5d3-4cd1-a886-0fa1dd315ade
INFO  [16:46:54.324] [bbotk] Finished optimizing after 10 evaluation(s)
INFO  [16:46:54.325] [bbotk] Result:
INFO  [16:46:54.326] [bbotk]  nrounds       eta max_depth learner_param_vals  x_domain classif.ce
INFO  [16:46:54.326] [bbotk]    <int>     <num>     <int>             <list>    <list>      <num>
INFO  [16:46:54.326] [bbotk]      222 0.2384666        10          <list[5]> <list[3]> 0.08847375
INFO  [16:46:54.754] [bbotk] Starting to optimize 3 parameter(s) with '<OptimizerBatchRandomSearch>' and '<TerminatorEvals> [n_evals=10, k=0]'
INFO  [16:46:54.767] [bbotk] Evaluating 1 configuration(s)
INFO  [16:46:55.550] [bbotk] Result of batch 1:
INFO  [16:46:55.551] [bbotk]  nrounds       eta max_depth classif.ce warnings errors runtime_learners
INFO  [16:46:55.551] [bbotk]      212 0.1972556        10 0.09609822        0      0            0.747
INFO  [16:46:55.551] [bbotk]                                 uhash
INFO  [16:46:55.551] [bbotk]  3d66c9ef-b880-4e66-9249-724cf333c628
INFO  [16:46:55.554] [bbotk] Evaluating 1 configuration(s)
INFO  [16:46:56.054] [bbotk] Result of batch 2:
INFO  [16:46:56.055] [bbotk]  nrounds      eta max_depth classif.ce warnings errors runtime_learners
INFO  [16:46:56.055] [bbotk]      156 0.154168         4 0.09800027        0      0            0.464
INFO  [16:46:56.055] [bbotk]                                 uhash
INFO  [16:46:56.055] [bbotk]  5fb657d6-129c-4f2d-b8a5-aa2224104201
INFO  [16:46:56.063] [bbotk] Evaluating 1 configuration(s)
INFO  [16:46:57.043] [bbotk] Result of batch 3:
INFO  [16:46:57.044] [bbotk]  nrounds       eta max_depth classif.ce warnings errors runtime_learners
INFO  [16:46:57.044] [bbotk]      230 0.1035267         7 0.09419617        0      0             0.93
INFO  [16:46:57.044] [bbotk]                                 uhash
INFO  [16:46:57.044] [bbotk]  a1cac3e8-a77a-4db2-a5ae-7fad718ff650
INFO  [16:46:57.048] [bbotk] Evaluating 1 configuration(s)
INFO  [16:46:57.886] [bbotk] Result of batch 4:
INFO  [16:46:57.887] [bbotk]  nrounds       eta max_depth classif.ce warnings errors runtime_learners
INFO  [16:46:57.887] [bbotk]      221 0.1621333         7 0.09704518        0      0            0.811
INFO  [16:46:57.887] [bbotk]                                 uhash
INFO  [16:46:57.887] [bbotk]  6d65f126-73b5-43b9-a955-e39b54847611
INFO  [16:46:57.895] [bbotk] Evaluating 1 configuration(s)
INFO  [16:46:58.321] [bbotk] Result of batch 5:
INFO  [16:46:58.323] [bbotk]  nrounds      eta max_depth classif.ce warnings errors runtime_learners
INFO  [16:46:58.323] [bbotk]       97 0.219298         7 0.09419075        0      0            0.379
INFO  [16:46:58.323] [bbotk]                                 uhash
INFO  [16:46:58.323] [bbotk]  469f91f8-f127-4130-becc-17bf2f479619
INFO  [16:46:58.331] [bbotk] Evaluating 1 configuration(s)
INFO  [16:46:59.221] [bbotk] Result of batch 6:
INFO  [16:46:59.222] [bbotk]  nrounds       eta max_depth classif.ce warnings errors runtime_learners
INFO  [16:46:59.222] [bbotk]      296 0.2027976         5 0.09134174        0      0            0.842
INFO  [16:46:59.222] [bbotk]                                 uhash
INFO  [16:46:59.222] [bbotk]  2028f29b-d64d-4fe9-8fda-b891e6b87fb9
INFO  [16:46:59.226] [bbotk] Evaluating 1 configuration(s)
INFO  [16:46:59.599] [bbotk] Result of batch 7:
INFO  [16:46:59.600] [bbotk]  nrounds       eta max_depth classif.ce warnings errors runtime_learners
INFO  [16:46:59.600] [bbotk]      197 0.0438439         2 0.09797585        0      0            0.338
INFO  [16:46:59.600] [bbotk]                                 uhash
INFO  [16:46:59.600] [bbotk]  91ef95a9-1c8f-4e5b-bb08-fe31a0af8e33
INFO  [16:46:59.604] [bbotk] Evaluating 1 configuration(s)
INFO  [16:47:00.313] [bbotk] Result of batch 8:
INFO  [16:47:00.314] [bbotk]  nrounds        eta max_depth classif.ce warnings errors runtime_learners
INFO  [16:47:00.314] [bbotk]      134 0.09477943         7  0.1018044        0      0             0.67
INFO  [16:47:00.314] [bbotk]                                 uhash
INFO  [16:47:00.314] [bbotk]  0eb1dc95-b04a-4b9b-8470-38dc1d126d61
INFO  [16:47:00.318] [bbotk] Evaluating 1 configuration(s)
INFO  [16:47:01.066] [bbotk] Result of batch 9:
INFO  [16:47:01.067] [bbotk]  nrounds       eta max_depth classif.ce warnings errors runtime_learners
INFO  [16:47:01.067] [bbotk]      271 0.2910257         5 0.09609008        0      0            0.708
INFO  [16:47:01.067] [bbotk]                                 uhash
INFO  [16:47:01.067] [bbotk]  6864f102-4445-4e0a-a291-cd9dc258a0d4
INFO  [16:47:01.070] [bbotk] Evaluating 1 configuration(s)
INFO  [16:47:02.154] [bbotk] Result of batch 10:
INFO  [16:47:02.155] [bbotk]  nrounds        eta max_depth classif.ce warnings errors runtime_learners
INFO  [16:47:02.155] [bbotk]      239 0.09530361         8 0.09323837        0      0            1.044
INFO  [16:47:02.155] [bbotk]                                 uhash
INFO  [16:47:02.155] [bbotk]  653aeb69-d16d-4f01-9ff1-69a73d52120e
INFO  [16:47:02.164] [bbotk] Finished optimizing after 10 evaluation(s)
INFO  [16:47:02.164] [bbotk] Result:
INFO  [16:47:02.165] [bbotk]  nrounds       eta max_depth learner_param_vals  x_domain classif.ce
INFO  [16:47:02.165] [bbotk]    <int>     <num>     <int>             <list>    <list>      <num>
INFO  [16:47:02.165] [bbotk]      296 0.2027976         5          <list[5]> <list[3]> 0.09134174

### [bt]: Job terminated successfully [batchtools job.id=1080]
### [bt]: Calculation finished!
