### [bt]: This is batchtools v0.9.17
### [bt]: Starting calculation of 5 jobs
### [bt]: Setting working directory to '/Users/User/Documents/Studium/Semester8/Hiwi/mlr3calibration/vignettes'
### [bt]: Memory measurement disabled
### [bt]: Starting job [batchtools job.id=3031]
### [bt]: Generating problem instance for problem '6390d9e81da17366' ...
### [bt]: Applying algorithm 'run_learner' on problem '6390d9e81da17366' for job 3031 (seed = 3032) ...
INFO  [17:25:38.535] [mlr3] Applying learner 'classif.xgboost.tuned_calib.perfold_platt' on task 'qsar-biodeg' (iter 1/10)
INFO  [17:25:38.602] [bbotk] Starting to optimize 3 parameter(s) with '<OptimizerBatchRandomSearch>' and '<TerminatorEvals> [n_evals=10, k=0]'
INFO  [17:25:38.624] [bbotk] Evaluating 1 configuration(s)
INFO  [17:25:39.177] [bbotk] Result of batch 1:
INFO  [17:25:39.178] [bbotk]  nrounds       eta max_depth classif.ce warnings errors runtime_learners
INFO  [17:25:39.178] [bbotk]      125 0.2591632         9  0.1488801        0      0            0.502
INFO  [17:25:39.178] [bbotk]                                 uhash
INFO  [17:25:39.178] [bbotk]  e2c78d04-69fd-4ee2-a04d-4f3dc2ae975a
INFO  [17:25:39.182] [bbotk] Evaluating 1 configuration(s)
INFO  [17:25:40.004] [bbotk] Result of batch 2:
INFO  [17:25:40.004] [bbotk]  nrounds       eta max_depth classif.ce warnings errors runtime_learners
INFO  [17:25:40.004] [bbotk]      217 0.1489581         5  0.1528327        0      0            0.781
INFO  [17:25:40.004] [bbotk]                                 uhash
INFO  [17:25:40.004] [bbotk]  90fc5ef8-6bee-4ae0-8bc2-c6f62c0f6e7e
INFO  [17:25:40.008] [bbotk] Evaluating 1 configuration(s)
INFO  [17:25:40.590] [bbotk] Result of batch 3:
INFO  [17:25:40.591] [bbotk]  nrounds        eta max_depth classif.ce warnings errors runtime_learners
INFO  [17:25:40.591] [bbotk]       87 0.03704884         7    0.14361        0      0            0.516
INFO  [17:25:40.591] [bbotk]                                 uhash
INFO  [17:25:40.591] [bbotk]  2cb16f16-c073-4694-b926-845f0800b3fc
INFO  [17:25:40.604] [bbotk] Evaluating 1 configuration(s)
INFO  [17:25:41.039] [bbotk] Result of batch 4:
INFO  [17:25:41.040] [bbotk]  nrounds        eta max_depth classif.ce warnings errors runtime_learners
INFO  [17:25:41.040] [bbotk]       85 0.08927048         6  0.1422925        0      0             0.38
INFO  [17:25:41.040] [bbotk]                                 uhash
INFO  [17:25:41.040] [bbotk]  29ef55bd-fd90-4f01-ba05-b7a069e96a0a
INFO  [17:25:41.044] [bbotk] Evaluating 1 configuration(s)
INFO  [17:25:41.761] [bbotk] Result of batch 5:
INFO  [17:25:41.763] [bbotk]  nrounds       eta max_depth classif.ce warnings errors runtime_learners
INFO  [17:25:41.763] [bbotk]      263 0.2492569         4  0.1488801        0      0            0.665
INFO  [17:25:41.763] [bbotk]                                 uhash
INFO  [17:25:41.763] [bbotk]  fabe7be4-de51-46be-9220-b8c4df095490
INFO  [17:25:41.783] [bbotk] Evaluating 1 configuration(s)
INFO  [17:25:42.404] [bbotk] Result of batch 6:
INFO  [17:25:42.406] [bbotk]  nrounds       eta max_depth classif.ce warnings errors runtime_learners
INFO  [17:25:42.406] [bbotk]      180 0.2739481        10  0.1462451        0      0             0.59
INFO  [17:25:42.406] [bbotk]                                 uhash
INFO  [17:25:42.406] [bbotk]  10734514-f5b9-47e5-8c0f-002972c4489c
INFO  [17:25:42.418] [bbotk] Evaluating 1 configuration(s)
INFO  [17:25:43.377] [bbotk] Result of batch 7:
INFO  [17:25:43.378] [bbotk]  nrounds       eta max_depth classif.ce warnings errors runtime_learners
INFO  [17:25:43.378] [bbotk]      256 0.1355957         5  0.1501976        0      0            0.923
INFO  [17:25:43.378] [bbotk]                                 uhash
INFO  [17:25:43.378] [bbotk]  857ced58-18be-45e5-89ad-e717a9097c82
INFO  [17:25:43.381] [bbotk] Evaluating 1 configuration(s)
INFO  [17:25:44.341] [bbotk] Result of batch 8:
INFO  [17:25:44.342] [bbotk]  nrounds       eta max_depth classif.ce warnings errors runtime_learners
INFO  [17:25:44.342] [bbotk]      271 0.2369055         9  0.1501976        0      0            0.911
INFO  [17:25:44.342] [bbotk]                                 uhash
INFO  [17:25:44.342] [bbotk]  a4a8cb82-528a-4c7b-8733-fdb7a4d58e51
INFO  [17:25:44.354] [bbotk] Evaluating 1 configuration(s)
INFO  [17:25:45.442] [bbotk] Result of batch 9:
INFO  [17:25:45.443] [bbotk]  nrounds        eta max_depth classif.ce warnings errors runtime_learners
INFO  [17:25:45.443] [bbotk]      176 0.08093823         9  0.1462451        0      0            1.037
INFO  [17:25:45.443] [bbotk]                                 uhash
INFO  [17:25:45.443] [bbotk]  499ae5a7-0e6c-4935-9bb4-04290ccb7956
INFO  [17:25:45.451] [bbotk] Evaluating 1 configuration(s)
INFO  [17:25:46.127] [bbotk] Result of batch 10:
INFO  [17:25:46.132] [bbotk]  nrounds       eta max_depth classif.ce warnings errors runtime_learners
INFO  [17:25:46.132] [bbotk]      128 0.1663986         9  0.1581028        0      0            0.613
INFO  [17:25:46.132] [bbotk]                                 uhash
INFO  [17:25:46.132] [bbotk]  c02ddfb9-e7c2-48ca-bd00-db59ca76723c
INFO  [17:25:46.143] [bbotk] Finished optimizing after 10 evaluation(s)
INFO  [17:25:46.144] [bbotk] Result:
INFO  [17:25:46.145] [bbotk]  nrounds        eta max_depth learner_param_vals  x_domain classif.ce
INFO  [17:25:46.145] [bbotk]    <int>      <num>     <int>             <list>    <list>      <num>
INFO  [17:25:46.145] [bbotk]       85 0.08927048         6          <list[5]> <list[3]>  0.1422925
INFO  [17:25:46.416] [bbotk] Starting to optimize 3 parameter(s) with '<OptimizerBatchRandomSearch>' and '<TerminatorEvals> [n_evals=10, k=0]'
INFO  [17:25:46.431] [bbotk] Evaluating 1 configuration(s)
INFO  [17:25:47.459] [bbotk] Result of batch 1:
INFO  [17:25:47.461] [bbotk]  nrounds       eta max_depth classif.ce warnings errors runtime_learners
INFO  [17:25:47.461] [bbotk]      294 0.1648686         7  0.1488801        0      0            0.967
INFO  [17:25:47.461] [bbotk]                                 uhash
INFO  [17:25:47.461] [bbotk]  19aa82b4-3d75-4193-b2ce-323af5555e6e
INFO  [17:25:47.471] [bbotk] Evaluating 1 configuration(s)
INFO  [17:25:48.410] [bbotk] Result of batch 2:
INFO  [17:25:48.412] [bbotk]  nrounds        eta max_depth classif.ce warnings errors runtime_learners
INFO  [17:25:48.412] [bbotk]      256 0.05083818         4  0.1462451        0      0            0.876
INFO  [17:25:48.412] [bbotk]                                 uhash
INFO  [17:25:48.412] [bbotk]  13796da0-1a40-49e1-a93d-3c073e6f9aae
INFO  [17:25:48.423] [bbotk] Evaluating 1 configuration(s)
INFO  [17:25:48.780] [bbotk] Result of batch 3:
INFO  [17:25:48.783] [bbotk]  nrounds      eta max_depth classif.ce warnings errors runtime_learners
INFO  [17:25:48.783] [bbotk]       53 0.185046         8  0.1488801        0      0              0.3
INFO  [17:25:48.783] [bbotk]                                 uhash
INFO  [17:25:48.783] [bbotk]  f70fc2fd-c4c9-419e-a7e0-389d0cdf5813
INFO  [17:25:48.790] [bbotk] Evaluating 1 configuration(s)
INFO  [17:25:49.662] [bbotk] Result of batch 4:
INFO  [17:25:49.663] [bbotk]  nrounds       eta max_depth classif.ce warnings errors runtime_learners
INFO  [17:25:49.663] [bbotk]      251 0.2454175         7  0.1475626        0      0            0.825
INFO  [17:25:49.663] [bbotk]                                 uhash
INFO  [17:25:49.663] [bbotk]  e67644f3-d105-4554-9bb5-e61b8150a1c4
INFO  [17:25:49.667] [bbotk] Evaluating 1 configuration(s)
INFO  [17:25:49.894] [bbotk] Result of batch 5:
INFO  [17:25:49.895] [bbotk]  nrounds       eta max_depth classif.ce warnings errors runtime_learners
INFO  [17:25:49.895] [bbotk]       74 0.2545813         3  0.1581028        0      0            0.174
INFO  [17:25:49.895] [bbotk]                                 uhash
INFO  [17:25:49.895] [bbotk]  2dd9609d-b433-4145-800c-d7752f9477cb
INFO  [17:25:49.903] [bbotk] Evaluating 1 configuration(s)
INFO  [17:25:50.095] [bbotk] Result of batch 6:
INFO  [17:25:50.096] [bbotk]  nrounds       eta max_depth classif.ce warnings errors runtime_learners
INFO  [17:25:50.096] [bbotk]       63 0.1994981         3  0.1528327        0      0             0.14
INFO  [17:25:50.096] [bbotk]                                 uhash
INFO  [17:25:50.096] [bbotk]  1507e9c0-e31d-47a3-bac6-ed04a1e5d5b4
INFO  [17:25:50.110] [bbotk] Evaluating 1 configuration(s)
INFO  [17:25:51.062] [bbotk] Result of batch 7:
INFO  [17:25:51.064] [bbotk]  nrounds       eta max_depth classif.ce warnings errors runtime_learners
INFO  [17:25:51.064] [bbotk]      250 0.1392839         7  0.1541502        0      0             0.91
INFO  [17:25:51.064] [bbotk]                                 uhash
INFO  [17:25:51.064] [bbotk]  1c4274af-835b-4f93-b26b-68295b4af32d
INFO  [17:25:51.073] [bbotk] Evaluating 1 configuration(s)
INFO  [17:25:51.799] [bbotk] Result of batch 8:
INFO  [17:25:51.801] [bbotk]  nrounds       eta max_depth classif.ce warnings errors runtime_learners
INFO  [17:25:51.801] [bbotk]      229 0.2551335         8  0.1488801        0      0            0.677
INFO  [17:25:51.801] [bbotk]                                 uhash
INFO  [17:25:51.801] [bbotk]  e042d93a-aa4a-4edb-8443-f7fedd641df4
INFO  [17:25:51.805] [bbotk] Evaluating 1 configuration(s)
INFO  [17:25:52.162] [bbotk] Result of batch 9:
INFO  [17:25:52.164] [bbotk]  nrounds       eta max_depth classif.ce warnings errors runtime_learners
INFO  [17:25:52.164] [bbotk]      205 0.1112659         2  0.1594203        0      0             0.32
INFO  [17:25:52.164] [bbotk]                                 uhash
INFO  [17:25:52.164] [bbotk]  854b23d4-c4a1-47c3-9bdb-0b43bffbe699
INFO  [17:25:52.179] [bbotk] Evaluating 1 configuration(s)
INFO  [17:25:52.848] [bbotk] Result of batch 10:
INFO  [17:25:52.850] [bbotk]  nrounds       eta max_depth classif.ce warnings errors runtime_learners
INFO  [17:25:52.850] [bbotk]      203 0.2756534         8  0.1488801        0      0            0.618
INFO  [17:25:52.850] [bbotk]                                 uhash
INFO  [17:25:52.850] [bbotk]  aa70d1fd-0b16-496c-8641-2130688f1ce6
INFO  [17:25:52.867] [bbotk] Finished optimizing after 10 evaluation(s)
INFO  [17:25:52.867] [bbotk] Result:
INFO  [17:25:52.868] [bbotk]  nrounds        eta max_depth learner_param_vals  x_domain classif.ce
INFO  [17:25:52.868] [bbotk]    <int>      <num>     <int>             <list>    <list>      <num>
INFO  [17:25:52.868] [bbotk]      256 0.05083818         4          <list[5]> <list[3]>  0.1462451
INFO  [17:25:53.268] [bbotk] Starting to optimize 3 parameter(s) with '<OptimizerBatchRandomSearch>' and '<TerminatorEvals> [n_evals=10, k=0]'
INFO  [17:25:53.281] [bbotk] Evaluating 1 configuration(s)
INFO  [17:25:54.118] [bbotk] Result of batch 1:
INFO  [17:25:54.119] [bbotk]  nrounds       eta max_depth classif.ce warnings errors runtime_learners
INFO  [17:25:54.119] [bbotk]      212 0.1619316         7  0.1449275        0      0            0.795
INFO  [17:25:54.119] [bbotk]                                 uhash
INFO  [17:25:54.119] [bbotk]  305ebc12-b412-413b-8548-e03afcfdca54
INFO  [17:25:54.131] [bbotk] Evaluating 1 configuration(s)
INFO  [17:25:54.562] [bbotk] Result of batch 2:
INFO  [17:25:54.565] [bbotk]  nrounds        eta max_depth classif.ce warnings errors runtime_learners
INFO  [17:25:54.565] [bbotk]      171 0.04704702         3  0.1370224        0      0            0.361
INFO  [17:25:54.565] [bbotk]                                 uhash
INFO  [17:25:54.565] [bbotk]  ed6bc3a7-a19a-4e83-9151-339ede516480
INFO  [17:25:54.570] [bbotk] Evaluating 1 configuration(s)
INFO  [17:25:55.682] [bbotk] Result of batch 3:
INFO  [17:25:55.685] [bbotk]  nrounds        eta max_depth classif.ce warnings errors runtime_learners
INFO  [17:25:55.685] [bbotk]      277 0.02835109         5  0.1515152        0      0            1.074
INFO  [17:25:55.685] [bbotk]                                 uhash
INFO  [17:25:55.685] [bbotk]  01bf17e4-69a1-4855-a846-e1e7de2ea343
INFO  [17:25:55.706] [bbotk] Evaluating 1 configuration(s)
INFO  [17:25:56.574] [bbotk] Result of batch 4:
INFO  [17:25:56.575] [bbotk]  nrounds       eta max_depth classif.ce warnings errors runtime_learners
INFO  [17:25:56.575] [bbotk]      223 0.2135772         5  0.1462451        0      0            0.809
INFO  [17:25:56.575] [bbotk]                                 uhash
INFO  [17:25:56.575] [bbotk]  1edc4366-c68d-447e-adc6-42a9f0654359
INFO  [17:25:56.580] [bbotk] Evaluating 1 configuration(s)
INFO  [17:25:57.447] [bbotk] Result of batch 5:
INFO  [17:25:57.448] [bbotk]  nrounds        eta max_depth classif.ce warnings errors runtime_learners
INFO  [17:25:57.448] [bbotk]      112 0.05276433        10  0.1488801        0      0            0.816
INFO  [17:25:57.448] [bbotk]                                 uhash
INFO  [17:25:57.448] [bbotk]  9a52890a-98ba-4b21-aa70-4be73029de23
INFO  [17:25:57.452] [bbotk] Evaluating 1 configuration(s)
INFO  [17:25:57.989] [bbotk] Result of batch 6:
INFO  [17:25:57.990] [bbotk]  nrounds       eta max_depth classif.ce warnings errors runtime_learners
INFO  [17:25:57.990] [bbotk]      167 0.1381379         3  0.1488801        0      0            0.492
INFO  [17:25:57.990] [bbotk]                                 uhash
INFO  [17:25:57.990] [bbotk]  4041ad5a-9d5f-4d68-a74c-7ecdd59ef7ad
INFO  [17:25:57.994] [bbotk] Evaluating 1 configuration(s)
INFO  [17:25:58.836] [bbotk] Result of batch 7:
INFO  [17:25:58.839] [bbotk]  nrounds       eta max_depth classif.ce warnings errors runtime_learners
INFO  [17:25:58.839] [bbotk]      269 0.2576966         9  0.1462451        0      0            0.801
INFO  [17:25:58.839] [bbotk]                                 uhash
INFO  [17:25:58.839] [bbotk]  f74fbdc2-3b4b-4db8-b628-92ddea38eeb9
INFO  [17:25:58.844] [bbotk] Evaluating 1 configuration(s)
INFO  [17:25:59.422] [bbotk] Result of batch 8:
INFO  [17:25:59.423] [bbotk]  nrounds       eta max_depth classif.ce warnings errors runtime_learners
INFO  [17:25:59.423] [bbotk]      105 0.1589361         9  0.1449275        0      0            0.519
INFO  [17:25:59.423] [bbotk]                                 uhash
INFO  [17:25:59.423] [bbotk]  71399354-b34b-4b2d-bfa2-71f289a5f2d2
INFO  [17:25:59.437] [bbotk] Evaluating 1 configuration(s)
INFO  [17:26:00.149] [bbotk] Result of batch 9:
INFO  [17:26:00.151] [bbotk]  nrounds       eta max_depth classif.ce warnings errors runtime_learners
INFO  [17:26:00.151] [bbotk]      166 0.2181663         7  0.1462451        0      0            0.673
INFO  [17:26:00.151] [bbotk]                                 uhash
INFO  [17:26:00.151] [bbotk]  cb95f0c4-903b-4d78-9d68-9ccda63ba91b
INFO  [17:26:00.159] [bbotk] Evaluating 1 configuration(s)
INFO  [17:26:00.638] [bbotk] Result of batch 10:
INFO  [17:26:00.640] [bbotk]  nrounds        eta max_depth classif.ce warnings errors runtime_learners
INFO  [17:26:00.640] [bbotk]      169 0.02340716         3  0.1383399        0      0            0.437
INFO  [17:26:00.640] [bbotk]                                 uhash
INFO  [17:26:00.640] [bbotk]  fc9548da-855b-4dc9-b36e-baf7f8d7762d
INFO  [17:26:00.664] [bbotk] Finished optimizing after 10 evaluation(s)
INFO  [17:26:00.665] [bbotk] Result:
INFO  [17:26:00.667] [bbotk]  nrounds        eta max_depth learner_param_vals  x_domain classif.ce
INFO  [17:26:00.667] [bbotk]    <int>      <num>     <int>             <list>    <list>      <num>
INFO  [17:26:00.667] [bbotk]      171 0.04704702         3          <list[5]> <list[3]>  0.1370224
INFO  [17:26:00.955] [bbotk] Starting to optimize 3 parameter(s) with '<OptimizerBatchRandomSearch>' and '<TerminatorEvals> [n_evals=10, k=0]'
INFO  [17:26:00.979] [bbotk] Evaluating 1 configuration(s)
INFO  [17:26:01.480] [bbotk] Result of batch 1:
INFO  [17:26:01.482] [bbotk]  nrounds       eta max_depth classif.ce warnings errors runtime_learners
INFO  [17:26:01.482] [bbotk]      285 0.2422136         2  0.1581028        0      0            0.447
INFO  [17:26:01.482] [bbotk]                                 uhash
INFO  [17:26:01.482] [bbotk]  6434365a-b99e-49b0-a03a-2f2b58af7146
INFO  [17:26:01.493] [bbotk] Evaluating 1 configuration(s)
INFO  [17:26:01.928] [bbotk] Result of batch 2:
INFO  [17:26:01.930] [bbotk]  nrounds       eta max_depth classif.ce warnings errors runtime_learners
INFO  [17:26:01.930] [bbotk]      185 0.1307732         2  0.1581028        0      0            0.386
INFO  [17:26:01.930] [bbotk]                                 uhash
INFO  [17:26:01.930] [bbotk]  2c571d65-a2ef-4ed6-bb6d-5987b56b2162
INFO  [17:26:01.935] [bbotk] Evaluating 1 configuration(s)
INFO  [17:26:02.372] [bbotk] Result of batch 3:
INFO  [17:26:02.374] [bbotk]  nrounds        eta max_depth classif.ce warnings errors runtime_learners
INFO  [17:26:02.374] [bbotk]      245 0.05979578         2  0.1528327        0      0             0.39
INFO  [17:26:02.374] [bbotk]                                 uhash
INFO  [17:26:02.374] [bbotk]  704fc3c0-0910-452b-a0c0-9dccd8fd8066
INFO  [17:26:02.378] [bbotk] Evaluating 1 configuration(s)
INFO  [17:26:02.699] [bbotk] Result of batch 4:
INFO  [17:26:02.700] [bbotk]  nrounds       eta max_depth classif.ce warnings errors runtime_learners
INFO  [17:26:02.700] [bbotk]       74 0.1472189         5  0.1528327        0      0            0.267
INFO  [17:26:02.700] [bbotk]                                 uhash
INFO  [17:26:02.700] [bbotk]  ece64f11-8165-4a8f-a47e-c1b32bb7da4f
INFO  [17:26:02.704] [bbotk] Evaluating 1 configuration(s)
INFO  [17:26:03.102] [bbotk] Result of batch 5:
INFO  [17:26:03.103] [bbotk]  nrounds        eta max_depth classif.ce warnings errors runtime_learners
INFO  [17:26:03.103] [bbotk]      235 0.08647821         2  0.1488801        0      0            0.359
INFO  [17:26:03.103] [bbotk]                                 uhash
INFO  [17:26:03.103] [bbotk]  8f9daf92-9aa5-4856-874f-57839f994be4
INFO  [17:26:03.111] [bbotk] Evaluating 1 configuration(s)
INFO  [17:26:03.604] [bbotk] Result of batch 6:
INFO  [17:26:03.606] [bbotk]  nrounds       eta max_depth classif.ce warnings errors runtime_learners
INFO  [17:26:03.606] [bbotk]      298 0.2421044         2  0.1646904        0      0            0.441
INFO  [17:26:03.606] [bbotk]                                 uhash
INFO  [17:26:03.606] [bbotk]  0265f61a-df28-4ec9-ba8b-864920614a0c
INFO  [17:26:03.619] [bbotk] Evaluating 1 configuration(s)
INFO  [17:26:04.044] [bbotk] Result of batch 7:
INFO  [17:26:04.045] [bbotk]  nrounds        eta max_depth classif.ce warnings errors runtime_learners
INFO  [17:26:04.045] [bbotk]      115 0.01053012         4  0.1515152        0      0            0.369
INFO  [17:26:04.045] [bbotk]                                 uhash
INFO  [17:26:04.045] [bbotk]  47bd76cd-b336-44eb-beca-dfa5644e3e2b
INFO  [17:26:04.049] [bbotk] Evaluating 1 configuration(s)
INFO  [17:26:04.348] [bbotk] Result of batch 8:
INFO  [17:26:04.348] [bbotk]  nrounds       eta max_depth classif.ce warnings errors runtime_learners
INFO  [17:26:04.348] [bbotk]       56 0.2913883        10  0.1396574        0      0            0.259
INFO  [17:26:04.348] [bbotk]                                 uhash
INFO  [17:26:04.348] [bbotk]  4555807c-557f-426d-af87-f59f6c4b6c71
INFO  [17:26:04.358] [bbotk] Evaluating 1 configuration(s)
INFO  [17:26:04.669] [bbotk] Result of batch 9:
INFO  [17:26:04.670] [bbotk]  nrounds        eta max_depth classif.ce warnings errors runtime_learners
INFO  [17:26:04.670] [bbotk]      181 0.08428011         2  0.1541502        0      0            0.277
INFO  [17:26:04.670] [bbotk]                                 uhash
INFO  [17:26:04.670] [bbotk]  82086a98-a8c4-48cd-b3e2-f9839bfa04a5
INFO  [17:26:04.678] [bbotk] Evaluating 1 configuration(s)
INFO  [17:26:05.607] [bbotk] Result of batch 10:
INFO  [17:26:05.609] [bbotk]  nrounds        eta max_depth classif.ce warnings errors runtime_learners
INFO  [17:26:05.609] [bbotk]      149 0.02712815         9  0.1515152        0      0            0.875
INFO  [17:26:05.609] [bbotk]                                 uhash
INFO  [17:26:05.609] [bbotk]  895a67db-d5cc-46c4-b177-fa99ae2459df
INFO  [17:26:05.635] [bbotk] Finished optimizing after 10 evaluation(s)
INFO  [17:26:05.635] [bbotk] Result:
INFO  [17:26:05.637] [bbotk]  nrounds       eta max_depth learner_param_vals  x_domain classif.ce
INFO  [17:26:05.637] [bbotk]    <int>     <num>     <int>             <list>    <list>      <num>
INFO  [17:26:05.637] [bbotk]       56 0.2913883        10          <list[5]> <list[3]>  0.1396574
INFO  [17:26:05.853] [bbotk] Starting to optimize 3 parameter(s) with '<OptimizerBatchRandomSearch>' and '<TerminatorEvals> [n_evals=10, k=0]'
INFO  [17:26:05.876] [bbotk] Evaluating 1 configuration(s)
INFO  [17:26:06.895] [bbotk] Result of batch 1:
INFO  [17:26:06.896] [bbotk]  nrounds       eta max_depth classif.ce warnings errors runtime_learners
INFO  [17:26:06.896] [bbotk]      248 0.1072248         6  0.1355493        0      0            0.943
INFO  [17:26:06.896] [bbotk]                                 uhash
INFO  [17:26:06.896] [bbotk]  372e6273-4b4e-4d4b-ab13-696439263361
INFO  [17:26:06.903] [bbotk] Evaluating 1 configuration(s)
INFO  [17:26:07.317] [bbotk] Result of batch 2:
INFO  [17:26:07.323] [bbotk]  nrounds       eta max_depth classif.ce warnings errors runtime_learners
INFO  [17:26:07.323] [bbotk]       86 0.1196585         6  0.1381739        0      0             0.37
INFO  [17:26:07.323] [bbotk]                                 uhash
INFO  [17:26:07.323] [bbotk]  3ee6adb5-22aa-4a98-8508-630fa76112ff
INFO  [17:26:07.332] [bbotk] Evaluating 1 configuration(s)
INFO  [17:26:07.834] [bbotk] Result of batch 3:
INFO  [17:26:07.835] [bbotk]  nrounds        eta max_depth classif.ce warnings errors runtime_learners
INFO  [17:26:07.835] [bbotk]      263 0.07948148         2  0.1486986        0      0            0.451
INFO  [17:26:07.835] [bbotk]                                 uhash
INFO  [17:26:07.835] [bbotk]  9f31a696-d3d1-421e-9680-759d6a7ddd39
INFO  [17:26:07.839] [bbotk] Evaluating 1 configuration(s)
INFO  [17:26:08.544] [bbotk] Result of batch 4:
INFO  [17:26:08.545] [bbotk]  nrounds      eta max_depth classif.ce warnings errors runtime_learners
INFO  [17:26:08.545] [bbotk]      153 0.154152        10  0.1315967        0      0             0.67
INFO  [17:26:08.545] [bbotk]                                 uhash
INFO  [17:26:08.545] [bbotk]  b1bc4eff-f9f5-4536-8722-55b6650cb45d
INFO  [17:26:08.555] [bbotk] Evaluating 1 configuration(s)
INFO  [17:26:08.898] [bbotk] Result of batch 5:
INFO  [17:26:08.899] [bbotk]  nrounds       eta max_depth classif.ce warnings errors runtime_learners
INFO  [17:26:08.899] [bbotk]      190 0.1798278         2  0.1316174        0      0            0.299
INFO  [17:26:08.899] [bbotk]                                 uhash
INFO  [17:26:08.899] [bbotk]  a199995a-1e82-4abe-8d3b-1019178bb54f
INFO  [17:26:08.903] [bbotk] Evaluating 1 configuration(s)
INFO  [17:26:10.028] [bbotk] Result of batch 6:
INFO  [17:26:10.031] [bbotk]  nrounds       eta max_depth classif.ce warnings errors runtime_learners
INFO  [17:26:10.031] [bbotk]      286 0.1249684        10  0.1381791        0      0            1.058
INFO  [17:26:10.031] [bbotk]                                 uhash
INFO  [17:26:10.031] [bbotk]  053d4b79-b8a2-4b49-8d93-164faedd58fd
INFO  [17:26:10.035] [bbotk] Evaluating 1 configuration(s)
INFO  [17:26:10.374] [bbotk] Result of batch 7:
INFO  [17:26:10.375] [bbotk]  nrounds       eta max_depth classif.ce warnings errors runtime_learners
INFO  [17:26:10.375] [bbotk]      192 0.1069606         2  0.1408194        0      0            0.297
INFO  [17:26:10.375] [bbotk]                                 uhash
INFO  [17:26:10.375] [bbotk]  7772ffa0-e8d2-4851-9892-948ec3d2b433
INFO  [17:26:10.378] [bbotk] Evaluating 1 configuration(s)
INFO  [17:26:11.053] [bbotk] Result of batch 8:
INFO  [17:26:11.055] [bbotk]  nrounds        eta max_depth classif.ce warnings errors runtime_learners
INFO  [17:26:11.055] [bbotk]      124 0.07001885         8  0.1342162        0      0            0.621
INFO  [17:26:11.055] [bbotk]                                 uhash
INFO  [17:26:11.055] [bbotk]  bb9db4ec-07a2-4481-a8e3-d1aceec5aea7
INFO  [17:26:11.063] [bbotk] Evaluating 1 configuration(s)
INFO  [17:26:11.635] [bbotk] Result of batch 9:
INFO  [17:26:11.636] [bbotk]  nrounds       eta max_depth classif.ce warnings errors runtime_learners
INFO  [17:26:11.636] [bbotk]      192 0.2733602         5  0.1434337        0      0            0.543
INFO  [17:26:11.636] [bbotk]                                 uhash
INFO  [17:26:11.636] [bbotk]  f7e9c5ae-2ff6-45ed-91c1-e876d46021cb
INFO  [17:26:11.643] [bbotk] Evaluating 1 configuration(s)
INFO  [17:26:12.427] [bbotk] Result of batch 10:
INFO  [17:26:12.429] [bbotk]  nrounds        eta max_depth classif.ce warnings errors runtime_learners
INFO  [17:26:12.429] [bbotk]      203 0.08073907         5  0.1368616        0      0            0.727
INFO  [17:26:12.429] [bbotk]                                 uhash
INFO  [17:26:12.429] [bbotk]  b59475da-d3c7-4983-85a3-9067f4df03d9
INFO  [17:26:12.461] [bbotk] Finished optimizing after 10 evaluation(s)
INFO  [17:26:12.461] [bbotk] Result:
INFO  [17:26:12.463] [bbotk]  nrounds      eta max_depth learner_param_vals  x_domain classif.ce
INFO  [17:26:12.463] [bbotk]    <int>    <num>     <int>             <list>    <list>      <num>
INFO  [17:26:12.463] [bbotk]      153 0.154152        10          <list[5]> <list[3]>  0.1315967

### [bt]: Job terminated successfully [batchtools job.id=3031]
### [bt]: Starting job [batchtools job.id=3032]
### [bt]: Generating problem instance for problem '6390d9e81da17366' ...
### [bt]: Applying algorithm 'run_learner' on problem '6390d9e81da17366' for job 3032 (seed = 3033) ...
INFO  [17:26:13.083] [mlr3] Applying learner 'classif.xgboost.tuned_calib.perfold_platt' on task 'qsar-biodeg' (iter 2/10)
INFO  [17:26:13.153] [bbotk] Starting to optimize 3 parameter(s) with '<OptimizerBatchRandomSearch>' and '<TerminatorEvals> [n_evals=10, k=0]'
INFO  [17:26:13.167] [bbotk] Evaluating 1 configuration(s)
INFO  [17:26:13.504] [bbotk] Result of batch 1:
INFO  [17:26:13.505] [bbotk]  nrounds       eta max_depth classif.ce warnings errors runtime_learners
INFO  [17:26:13.505] [bbotk]      172 0.2854007         2    0.14361        0      0            0.296
INFO  [17:26:13.505] [bbotk]                                 uhash
INFO  [17:26:13.505] [bbotk]  e22a14fa-0f0d-4b5b-891a-879426fad18c
INFO  [17:26:13.509] [bbotk] Evaluating 1 configuration(s)
INFO  [17:26:13.879] [bbotk] Result of batch 2:
INFO  [17:26:13.882] [bbotk]  nrounds       eta max_depth classif.ce warnings errors runtime_learners
INFO  [17:26:13.882] [bbotk]      143 0.0310321         3  0.1370224        0      0             0.33
INFO  [17:26:13.882] [bbotk]                                 uhash
INFO  [17:26:13.882] [bbotk]  fd33ba3b-c3cb-4623-8b0f-5b59460713c1
INFO  [17:26:13.886] [bbotk] Evaluating 1 configuration(s)
INFO  [17:26:15.029] [bbotk] Result of batch 3:
INFO  [17:26:15.030] [bbotk]  nrounds        eta max_depth classif.ce warnings errors runtime_learners
INFO  [17:26:15.030] [bbotk]      298 0.05775722         5  0.1462451        0      0            1.098
INFO  [17:26:15.030] [bbotk]                                 uhash
INFO  [17:26:15.030] [bbotk]  8ba2b535-f073-4fb6-a762-dc26adb558f5
INFO  [17:26:15.036] [bbotk] Evaluating 1 configuration(s)
INFO  [17:26:15.744] [bbotk] Result of batch 4:
INFO  [17:26:15.745] [bbotk]  nrounds       eta max_depth classif.ce warnings errors runtime_learners
INFO  [17:26:15.745] [bbotk]      174 0.1428198         7  0.1396574        0      0            0.668
INFO  [17:26:15.745] [bbotk]                                 uhash
INFO  [17:26:15.745] [bbotk]  596eb65b-c95b-486f-b8ad-60a4c33cc8c0
INFO  [17:26:15.755] [bbotk] Evaluating 1 configuration(s)
INFO  [17:26:16.744] [bbotk] Result of batch 5:
INFO  [17:26:16.747] [bbotk]  nrounds        eta max_depth classif.ce warnings errors runtime_learners
INFO  [17:26:16.747] [bbotk]      169 0.01069627         9  0.1488801        0      0            0.955
INFO  [17:26:16.747] [bbotk]                                 uhash
INFO  [17:26:16.747] [bbotk]  76c330aa-9f44-45e3-91a6-f436850f6367
INFO  [17:26:16.751] [bbotk] Evaluating 1 configuration(s)
INFO  [17:26:17.822] [bbotk] Result of batch 6:
INFO  [17:26:17.823] [bbotk]  nrounds        eta max_depth classif.ce warnings errors runtime_learners
INFO  [17:26:17.823] [bbotk]      264 0.05309811         6  0.1396574        0      0            1.026
INFO  [17:26:17.823] [bbotk]                                 uhash
INFO  [17:26:17.823] [bbotk]  749ed96e-bc53-40af-954c-0731e68405a0
INFO  [17:26:17.827] [bbotk] Evaluating 1 configuration(s)
INFO  [17:26:18.476] [bbotk] Result of batch 7:
INFO  [17:26:18.477] [bbotk]  nrounds        eta max_depth classif.ce warnings errors runtime_learners
INFO  [17:26:18.477] [bbotk]      125 0.08354839         8   0.140975        0      0            0.608
INFO  [17:26:18.477] [bbotk]                                 uhash
INFO  [17:26:18.477] [bbotk]  beaa099e-67e5-404c-b4a4-5f072582fbd2
INFO  [17:26:18.484] [bbotk] Evaluating 1 configuration(s)
INFO  [17:26:18.705] [bbotk] Result of batch 8:
INFO  [17:26:18.728] [bbotk]  nrounds        eta max_depth classif.ce warnings errors runtime_learners
INFO  [17:26:18.728] [bbotk]       88 0.07364868         2   0.140975        0      0            0.162
INFO  [17:26:18.728] [bbotk]                                 uhash
INFO  [17:26:18.728] [bbotk]  e3db0fb2-0052-4549-aa32-c963194b4343
INFO  [17:26:18.742] [bbotk] Evaluating 1 configuration(s)
INFO  [17:26:19.525] [bbotk] Result of batch 9:
INFO  [17:26:19.527] [bbotk]  nrounds        eta max_depth classif.ce warnings errors runtime_learners
INFO  [17:26:19.527] [bbotk]      151 0.09097773         8  0.1396574        0      0            0.726
INFO  [17:26:19.527] [bbotk]                                 uhash
INFO  [17:26:19.527] [bbotk]  a15fb195-284a-412c-a20c-1cfbf018232d
INFO  [17:26:19.536] [bbotk] Evaluating 1 configuration(s)
INFO  [17:26:19.700] [bbotk] Result of batch 10:
INFO  [17:26:19.701] [bbotk]  nrounds        eta max_depth classif.ce warnings errors runtime_learners
INFO  [17:26:19.701] [bbotk]       64 0.05691707         2  0.1567852        0      0            0.122
INFO  [17:26:19.701] [bbotk]                                 uhash
INFO  [17:26:19.701] [bbotk]  1c7b9c7c-f45e-4eff-89f0-3769d06f85b1
INFO  [17:26:19.710] [bbotk] Finished optimizing after 10 evaluation(s)
INFO  [17:26:19.710] [bbotk] Result:
INFO  [17:26:19.711] [bbotk]  nrounds       eta max_depth learner_param_vals  x_domain classif.ce
INFO  [17:26:19.711] [bbotk]    <int>     <num>     <int>             <list>    <list>      <num>
INFO  [17:26:19.711] [bbotk]      143 0.0310321         3          <list[5]> <list[3]>  0.1370224
INFO  [17:26:19.935] [bbotk] Starting to optimize 3 parameter(s) with '<OptimizerBatchRandomSearch>' and '<TerminatorEvals> [n_evals=10, k=0]'
INFO  [17:26:19.951] [bbotk] Evaluating 1 configuration(s)
INFO  [17:26:21.434] [bbotk] Result of batch 1:
INFO  [17:26:21.437] [bbotk]  nrounds        eta max_depth classif.ce warnings errors runtime_learners
INFO  [17:26:21.437] [bbotk]      298 0.03972466        10  0.1449275        0      0            1.437
INFO  [17:26:21.437] [bbotk]                                 uhash
INFO  [17:26:21.437] [bbotk]  9e2fddea-c79b-4390-9bc8-1b527ec5ed0e
INFO  [17:26:21.441] [bbotk] Evaluating 1 configuration(s)
INFO  [17:26:22.266] [bbotk] Result of batch 2:
INFO  [17:26:22.268] [bbotk]  nrounds        eta max_depth classif.ce warnings errors runtime_learners
INFO  [17:26:22.268] [bbotk]      233 0.08011182         5  0.1475626        0      0            0.779
INFO  [17:26:22.268] [bbotk]                                 uhash
INFO  [17:26:22.268] [bbotk]  6f08a9d6-ed1f-4f44-b095-40c890a6d180
INFO  [17:26:22.277] [bbotk] Evaluating 1 configuration(s)
INFO  [17:26:23.312] [bbotk] Result of batch 3:
INFO  [17:26:23.314] [bbotk]  nrounds        eta max_depth classif.ce warnings errors runtime_learners
INFO  [17:26:23.314] [bbotk]      181 0.02612505        10  0.1475626        0      0            0.981
INFO  [17:26:23.314] [bbotk]                                 uhash
INFO  [17:26:23.314] [bbotk]  ca2c93e4-d7c1-470a-875f-f709f9364776
INFO  [17:26:23.323] [bbotk] Evaluating 1 configuration(s)
INFO  [17:26:23.769] [bbotk] Result of batch 4:
INFO  [17:26:23.770] [bbotk]  nrounds      eta max_depth classif.ce warnings errors runtime_learners
INFO  [17:26:23.770] [bbotk]      115 0.285581         7   0.140975        0      0            0.406
INFO  [17:26:23.770] [bbotk]                                 uhash
INFO  [17:26:23.770] [bbotk]  65b593af-2a03-4cce-ba05-fcf614664427
INFO  [17:26:23.778] [bbotk] Evaluating 1 configuration(s)
INFO  [17:26:24.150] [bbotk] Result of batch 5:
INFO  [17:26:24.153] [bbotk]  nrounds       eta max_depth classif.ce warnings errors runtime_learners
INFO  [17:26:24.153] [bbotk]       94 0.2143409         6   0.140975        0      0            0.328
INFO  [17:26:24.153] [bbotk]                                 uhash
INFO  [17:26:24.153] [bbotk]  94199f3a-3974-47a2-be07-913b34594def
INFO  [17:26:24.163] [bbotk] Evaluating 1 configuration(s)
INFO  [17:26:24.754] [bbotk] Result of batch 6:
INFO  [17:26:24.756] [bbotk]  nrounds       eta max_depth classif.ce warnings errors runtime_learners
INFO  [17:26:24.756] [bbotk]      182 0.2843927         7   0.140975        0      0            0.561
INFO  [17:26:24.756] [bbotk]                                 uhash
INFO  [17:26:24.756] [bbotk]  99a7be19-23c1-4e23-bb1f-ff82426f8b51
INFO  [17:26:24.765] [bbotk] Evaluating 1 configuration(s)
INFO  [17:26:25.849] [bbotk] Result of batch 7:
INFO  [17:26:25.850] [bbotk]  nrounds        eta max_depth classif.ce warnings errors runtime_learners
INFO  [17:26:25.850] [bbotk]      202 0.05275537         8  0.1462451        0      0            1.046
INFO  [17:26:25.850] [bbotk]                                 uhash
INFO  [17:26:25.850] [bbotk]  5bc2ddbd-fa51-42b2-9479-f71ac804ac6d
INFO  [17:26:25.855] [bbotk] Evaluating 1 configuration(s)
INFO  [17:26:26.553] [bbotk] Result of batch 8:
INFO  [17:26:26.555] [bbotk]  nrounds       eta max_depth classif.ce warnings errors runtime_learners
INFO  [17:26:26.555] [bbotk]      207 0.2267699         5  0.1501976        0      0            0.655
INFO  [17:26:26.555] [bbotk]                                 uhash
INFO  [17:26:26.555] [bbotk]  dd9ee26a-f3c9-4054-87cf-c8ae4f74b4a0
INFO  [17:26:26.566] [bbotk] Evaluating 1 configuration(s)
INFO  [17:26:26.829] [bbotk] Result of batch 9:
INFO  [17:26:26.830] [bbotk]  nrounds        eta max_depth classif.ce warnings errors runtime_learners
INFO  [17:26:26.830] [bbotk]       89 0.02710803         3  0.1620553        0      0            0.215
INFO  [17:26:26.830] [bbotk]                                 uhash
INFO  [17:26:26.830] [bbotk]  1e5642aa-2aba-4664-9b31-ebaaa13e45cb
INFO  [17:26:26.839] [bbotk] Evaluating 1 configuration(s)
INFO  [17:26:27.385] [bbotk] Result of batch 10:
INFO  [17:26:27.387] [bbotk]  nrounds        eta max_depth classif.ce warnings errors runtime_learners
INFO  [17:26:27.387] [bbotk]      106 0.09250573         7   0.140975        0      0            0.497
INFO  [17:26:27.387] [bbotk]                                 uhash
INFO  [17:26:27.387] [bbotk]  d2626abf-0a82-47b3-8238-8f14610d133a
INFO  [17:26:27.402] [bbotk] Finished optimizing after 10 evaluation(s)
INFO  [17:26:27.402] [bbotk] Result:
INFO  [17:26:27.403] [bbotk]  nrounds      eta max_depth learner_param_vals  x_domain classif.ce
INFO  [17:26:27.403] [bbotk]    <int>    <num>     <int>             <list>    <list>      <num>
INFO  [17:26:27.403] [bbotk]      115 0.285581         7          <list[5]> <list[3]>   0.140975
INFO  [17:26:27.691] [bbotk] Starting to optimize 3 parameter(s) with '<OptimizerBatchRandomSearch>' and '<TerminatorEvals> [n_evals=10, k=0]'
INFO  [17:26:27.706] [bbotk] Evaluating 1 configuration(s)
INFO  [17:26:28.041] [bbotk] Result of batch 1:
INFO  [17:26:28.045] [bbotk]  nrounds       eta max_depth classif.ce warnings errors runtime_learners
INFO  [17:26:28.045] [bbotk]      135 0.2910322         3  0.1633729        0      0            0.291
INFO  [17:26:28.045] [bbotk]                                 uhash
INFO  [17:26:28.045] [bbotk]  fb298a90-c414-4ec6-a2f2-d1c82bb38c25
INFO  [17:26:28.054] [bbotk] Evaluating 1 configuration(s)
INFO  [17:26:28.632] [bbotk] Result of batch 2:
INFO  [17:26:28.633] [bbotk]  nrounds       eta max_depth classif.ce warnings errors runtime_learners
INFO  [17:26:28.633] [bbotk]      253 0.2030157         3  0.1541502        0      0             0.54
INFO  [17:26:28.633] [bbotk]                                 uhash
INFO  [17:26:28.633] [bbotk]  c792ef3c-b99a-498f-ab19-04683737bf80
INFO  [17:26:28.639] [bbotk] Evaluating 1 configuration(s)
INFO  [17:26:29.164] [bbotk] Result of batch 3:
INFO  [17:26:29.165] [bbotk]  nrounds       eta max_depth classif.ce warnings errors runtime_learners
INFO  [17:26:29.165] [bbotk]      119 0.1993592         6  0.1594203        0      0             0.48
INFO  [17:26:29.165] [bbotk]                                 uhash
INFO  [17:26:29.165] [bbotk]  7535012f-7e04-4dbe-83f6-2ec1ca729827
INFO  [17:26:29.169] [bbotk] Evaluating 1 configuration(s)
INFO  [17:26:29.391] [bbotk] Result of batch 4:
INFO  [17:26:29.392] [bbotk]  nrounds       eta max_depth classif.ce warnings errors runtime_learners
INFO  [17:26:29.392] [bbotk]      136 0.1192577         2  0.1567852        0      0            0.185
INFO  [17:26:29.392] [bbotk]                                 uhash
INFO  [17:26:29.392] [bbotk]  9a8e1a17-c0b8-4ac3-ae59-372e4f8d61db
INFO  [17:26:29.395] [bbotk] Evaluating 1 configuration(s)
INFO  [17:26:30.112] [bbotk] Result of batch 5:
INFO  [17:26:30.114] [bbotk]  nrounds        eta max_depth classif.ce warnings errors runtime_learners
INFO  [17:26:30.114] [bbotk]      228 0.06477688         4  0.1620553        0      0            0.674
INFO  [17:26:30.114] [bbotk]                                 uhash
INFO  [17:26:30.114] [bbotk]  4474c193-f902-4dfe-8832-a86ec521ef4c
INFO  [17:26:30.120] [bbotk] Evaluating 1 configuration(s)
INFO  [17:26:30.904] [bbotk] Result of batch 6:
INFO  [17:26:30.905] [bbotk]  nrounds        eta max_depth classif.ce warnings errors runtime_learners
INFO  [17:26:30.905] [bbotk]      266 0.07528499         4  0.1633729        0      0            0.745
INFO  [17:26:30.905] [bbotk]                                 uhash
INFO  [17:26:30.905] [bbotk]  62ef3c84-6261-465a-b0a5-23017a8ccb45
INFO  [17:26:30.909] [bbotk] Evaluating 1 configuration(s)
INFO  [17:26:31.824] [bbotk] Result of batch 7:
INFO  [17:26:31.826] [bbotk]  nrounds     eta max_depth classif.ce warnings errors runtime_learners
INFO  [17:26:31.826] [bbotk]      241 0.27369         7  0.1633729        0      0            0.869
INFO  [17:26:31.826] [bbotk]                                 uhash
INFO  [17:26:31.826] [bbotk]  12632409-5da0-449d-8c46-4c7e0e0b8b0d
INFO  [17:26:31.834] [bbotk] Evaluating 1 configuration(s)
INFO  [17:26:32.576] [bbotk] Result of batch 8:
INFO  [17:26:32.578] [bbotk]  nrounds        eta max_depth classif.ce warnings errors runtime_learners
INFO  [17:26:32.578] [bbotk]      164 0.03111513         6  0.1541502        0      0            0.697
INFO  [17:26:32.578] [bbotk]                                 uhash
INFO  [17:26:32.578] [bbotk]  bcc178d9-13b4-4336-86ea-3931a560631b
INFO  [17:26:32.587] [bbotk] Evaluating 1 configuration(s)
INFO  [17:26:32.975] [bbotk] Result of batch 9:
INFO  [17:26:32.976] [bbotk]  nrounds        eta max_depth classif.ce warnings errors runtime_learners
INFO  [17:26:32.976] [bbotk]      179 0.06132899         3  0.1660079        0      0            0.348
INFO  [17:26:32.976] [bbotk]                                 uhash
INFO  [17:26:32.976] [bbotk]  63b68d3a-4954-48c6-80d8-491ef7677cb8
INFO  [17:26:32.980] [bbotk] Evaluating 1 configuration(s)
INFO  [17:26:33.904] [bbotk] Result of batch 10:
INFO  [17:26:33.905] [bbotk]  nrounds       eta max_depth classif.ce warnings errors runtime_learners
INFO  [17:26:33.905] [bbotk]      235 0.1044761         6  0.1567852        0      0            0.885
INFO  [17:26:33.905] [bbotk]                                 uhash
INFO  [17:26:33.905] [bbotk]  2d5ce0c5-3444-42e4-92b5-ed3828803abb
INFO  [17:26:33.919] [bbotk] Finished optimizing after 10 evaluation(s)
INFO  [17:26:33.920] [bbotk] Result:
INFO  [17:26:33.921] [bbotk]  nrounds       eta max_depth learner_param_vals  x_domain classif.ce
INFO  [17:26:33.921] [bbotk]    <int>     <num>     <int>             <list>    <list>      <num>
INFO  [17:26:33.921] [bbotk]      253 0.2030157         3          <list[5]> <list[3]>  0.1541502
INFO  [17:26:34.266] [bbotk] Starting to optimize 3 parameter(s) with '<OptimizerBatchRandomSearch>' and '<TerminatorEvals> [n_evals=10, k=0]'
INFO  [17:26:34.287] [bbotk] Evaluating 1 configuration(s)
INFO  [17:26:34.635] [bbotk] Result of batch 1:
INFO  [17:26:34.636] [bbotk]  nrounds       eta max_depth classif.ce warnings errors runtime_learners
INFO  [17:26:34.636] [bbotk]       59 0.2280265        10  0.1620553        0      0            0.307
INFO  [17:26:34.636] [bbotk]                                 uhash
INFO  [17:26:34.636] [bbotk]  1b22db0a-ee0e-4cc0-975c-b742cd10dfa3
INFO  [17:26:34.651] [bbotk] Evaluating 1 configuration(s)
INFO  [17:26:35.248] [bbotk] Result of batch 2:
INFO  [17:26:35.249] [bbotk]  nrounds       eta max_depth classif.ce warnings errors runtime_learners
INFO  [17:26:35.249] [bbotk]      270 0.2568659         3  0.1594203        0      0            0.549
INFO  [17:26:35.249] [bbotk]                                 uhash
INFO  [17:26:35.249] [bbotk]  24dda17a-0df3-414d-b353-ef0bb5268d2e
INFO  [17:26:35.253] [bbotk] Evaluating 1 configuration(s)
INFO  [17:26:35.558] [bbotk] Result of batch 3:
INFO  [17:26:35.560] [bbotk]  nrounds       eta max_depth classif.ce warnings errors runtime_learners
INFO  [17:26:35.560] [bbotk]       62 0.2618585         7  0.1646904        0      0            0.265
INFO  [17:26:35.560] [bbotk]                                 uhash
INFO  [17:26:35.560] [bbotk]  f0c704cd-ed6b-4a64-a2e2-877ae92534fb
INFO  [17:26:35.571] [bbotk] Evaluating 1 configuration(s)
INFO  [17:26:35.919] [bbotk] Result of batch 4:
INFO  [17:26:35.920] [bbotk]  nrounds       eta max_depth classif.ce warnings errors runtime_learners
INFO  [17:26:35.920] [bbotk]      160 0.1916258         3  0.1594203        0      0            0.314
INFO  [17:26:35.920] [bbotk]                                 uhash
INFO  [17:26:35.920] [bbotk]  3a2172ff-1bad-491f-9241-fa3dbe088abf
INFO  [17:26:35.929] [bbotk] Evaluating 1 configuration(s)
INFO  [17:26:36.332] [bbotk] Result of batch 5:
INFO  [17:26:36.333] [bbotk]  nrounds        eta max_depth classif.ce warnings errors runtime_learners
INFO  [17:26:36.333] [bbotk]      235 0.08493629         2  0.1594203        0      0            0.347
INFO  [17:26:36.333] [bbotk]                                 uhash
INFO  [17:26:36.333] [bbotk]  fa834e39-4761-4311-aa3f-f6955ab6d92d
INFO  [17:26:36.337] [bbotk] Evaluating 1 configuration(s)
INFO  [17:26:37.220] [bbotk] Result of batch 6:
INFO  [17:26:37.222] [bbotk]  nrounds        eta max_depth classif.ce warnings errors runtime_learners
INFO  [17:26:37.222] [bbotk]      158 0.03433314         8  0.1554677        0      0            0.851
INFO  [17:26:37.222] [bbotk]                                 uhash
INFO  [17:26:37.222] [bbotk]  08cb7296-f4aa-4024-8f98-bbd0b6e3d752
INFO  [17:26:37.230] [bbotk] Evaluating 1 configuration(s)
INFO  [17:26:38.230] [bbotk] Result of batch 7:
INFO  [17:26:38.231] [bbotk]  nrounds        eta max_depth classif.ce warnings errors runtime_learners
INFO  [17:26:38.231] [bbotk]      167 0.01454548         9   0.171278        0      0            0.956
INFO  [17:26:38.231] [bbotk]                                 uhash
INFO  [17:26:38.231] [bbotk]  76ff3581-d6ca-40ab-af9c-e80de0e51096
INFO  [17:26:38.240] [bbotk] Evaluating 1 configuration(s)
INFO  [17:26:38.856] [bbotk] Result of batch 8:
INFO  [17:26:38.857] [bbotk]  nrounds       eta max_depth classif.ce warnings errors runtime_learners
INFO  [17:26:38.857] [bbotk]      159 0.1380832         7  0.1607378        0      0            0.574
INFO  [17:26:38.857] [bbotk]                                 uhash
INFO  [17:26:38.857] [bbotk]  276ab2dd-3b5b-4187-bde9-18510cc4d321
INFO  [17:26:38.861] [bbotk] Evaluating 1 configuration(s)
INFO  [17:26:39.391] [bbotk] Result of batch 9:
INFO  [17:26:39.392] [bbotk]  nrounds        eta max_depth classif.ce warnings errors runtime_learners
INFO  [17:26:39.392] [bbotk]      239 0.04481551         3  0.1607378        0      0            0.485
INFO  [17:26:39.392] [bbotk]                                 uhash
INFO  [17:26:39.392] [bbotk]  a912b773-4627-40cb-9f44-f26f222db7a4
INFO  [17:26:39.396] [bbotk] Evaluating 1 configuration(s)
INFO  [17:26:40.283] [bbotk] Result of batch 10:
INFO  [17:26:40.284] [bbotk]  nrounds      eta max_depth classif.ce warnings errors runtime_learners
INFO  [17:26:40.284] [bbotk]      205 0.105045        10  0.1646904        0      0            0.844
INFO  [17:26:40.284] [bbotk]                                 uhash
INFO  [17:26:40.284] [bbotk]  d987f9e7-9969-4027-b9ce-0947e46c5a90
INFO  [17:26:40.295] [bbotk] Finished optimizing after 10 evaluation(s)
INFO  [17:26:40.297] [bbotk] Result:
INFO  [17:26:40.298] [bbotk]  nrounds        eta max_depth learner_param_vals  x_domain classif.ce
INFO  [17:26:40.298] [bbotk]    <int>      <num>     <int>             <list>    <list>      <num>
INFO  [17:26:40.298] [bbotk]      158 0.03433314         8          <list[5]> <list[3]>  0.1554677
INFO  [17:26:40.802] [bbotk] Starting to optimize 3 parameter(s) with '<OptimizerBatchRandomSearch>' and '<TerminatorEvals> [n_evals=10, k=0]'
INFO  [17:26:40.820] [bbotk] Evaluating 1 configuration(s)
INFO  [17:26:41.571] [bbotk] Result of batch 1:
INFO  [17:26:41.573] [bbotk]  nrounds       eta max_depth classif.ce warnings errors runtime_learners
INFO  [17:26:41.573] [bbotk]      160 0.0631739         7  0.1290083        0      0            0.701
INFO  [17:26:41.573] [bbotk]                                 uhash
INFO  [17:26:41.573] [bbotk]  7f525b88-d5d5-451b-9712-6a5445987b73
INFO  [17:26:41.583] [bbotk] Evaluating 1 configuration(s)
INFO  [17:26:42.235] [bbotk] Result of batch 2:
INFO  [17:26:42.238] [bbotk]  nrounds        eta max_depth classif.ce warnings errors runtime_learners
INFO  [17:26:42.238] [bbotk]      155 0.09363839         5  0.1368927        0      0             0.61
INFO  [17:26:42.238] [bbotk]                                 uhash
INFO  [17:26:42.238] [bbotk]  3b7f2cc5-3434-44b2-a646-57d079325b42
INFO  [17:26:42.246] [bbotk] Evaluating 1 configuration(s)
INFO  [17:26:42.476] [bbotk] Result of batch 3:
INFO  [17:26:42.478] [bbotk]  nrounds      eta max_depth classif.ce warnings errors runtime_learners
INFO  [17:26:42.478] [bbotk]       66 0.153555         4  0.1369031        0      0            0.194
INFO  [17:26:42.478] [bbotk]                                 uhash
INFO  [17:26:42.478] [bbotk]  cbd5ce56-722c-4b0e-9cc9-750cb1e3ce8e
INFO  [17:26:42.485] [bbotk] Evaluating 1 configuration(s)
INFO  [17:26:42.820] [bbotk] Result of batch 4:
INFO  [17:26:42.822] [bbotk]  nrounds        eta max_depth classif.ce warnings errors runtime_learners
INFO  [17:26:42.822] [bbotk]      181 0.02752718         2  0.1500628        0      0            0.294
INFO  [17:26:42.822] [bbotk]                                 uhash
INFO  [17:26:42.822] [bbotk]  d8320254-bd09-4baf-9118-ae60ff64d3b9
INFO  [17:26:42.837] [bbotk] Evaluating 1 configuration(s)
INFO  [17:26:43.709] [bbotk] Result of batch 5:
INFO  [17:26:43.710] [bbotk]  nrounds        eta max_depth classif.ce warnings errors runtime_learners
INFO  [17:26:43.710] [bbotk]      201 0.03997427         6  0.1316434        0      0            0.828
INFO  [17:26:43.710] [bbotk]                                 uhash
INFO  [17:26:43.710] [bbotk]  a186614b-9f4a-44eb-9bb3-cae81ce3bf4b
INFO  [17:26:43.716] [bbotk] Evaluating 1 configuration(s)
INFO  [17:26:44.239] [bbotk] Result of batch 6:
INFO  [17:26:44.240] [bbotk]  nrounds        eta max_depth classif.ce warnings errors runtime_learners
INFO  [17:26:44.240] [bbotk]      100 0.07073148         7  0.1316486        0      0            0.466
INFO  [17:26:44.240] [bbotk]                                 uhash
INFO  [17:26:44.240] [bbotk]  6b6a5af6-9e1c-4db7-b295-b8702b065540
INFO  [17:26:44.246] [bbotk] Evaluating 1 configuration(s)
INFO  [17:26:45.145] [bbotk] Result of batch 7:
INFO  [17:26:45.146] [bbotk]  nrounds       eta max_depth classif.ce warnings errors runtime_learners
INFO  [17:26:45.146] [bbotk]      280 0.1849297         9  0.1368927        0      0            0.828
INFO  [17:26:45.146] [bbotk]                                 uhash
INFO  [17:26:45.146] [bbotk]  6632024b-1bdc-4c6a-be28-2bc6f2d8c75d
INFO  [17:26:45.150] [bbotk] Evaluating 1 configuration(s)
INFO  [17:26:45.906] [bbotk] Result of batch 8:
INFO  [17:26:45.908] [bbotk]  nrounds       eta max_depth classif.ce warnings errors runtime_learners
INFO  [17:26:45.908] [bbotk]      202 0.1531608         7  0.1303103        0      0            0.701
INFO  [17:26:45.908] [bbotk]                                 uhash
INFO  [17:26:45.908] [bbotk]  07d1bbbc-5461-4268-8d19-edcb77d0b495
INFO  [17:26:45.918] [bbotk] Evaluating 1 configuration(s)
INFO  [17:26:46.449] [bbotk] Result of batch 9:
INFO  [17:26:46.451] [bbotk]  nrounds       eta max_depth classif.ce warnings errors runtime_learners
INFO  [17:26:46.451] [bbotk]      216 0.2167565         3  0.1342473        0      0            0.488
INFO  [17:26:46.451] [bbotk]                                 uhash
INFO  [17:26:46.451] [bbotk]  ff3b0a79-4294-4c83-9728-b8d586d3ef97
INFO  [17:26:46.460] [bbotk] Evaluating 1 configuration(s)
INFO  [17:26:47.263] [bbotk] Result of batch 10:
INFO  [17:26:47.265] [bbotk]  nrounds        eta max_depth classif.ce warnings errors runtime_learners
INFO  [17:26:47.265] [bbotk]      283 0.04725721         4  0.1342732        0      0            0.758
INFO  [17:26:47.265] [bbotk]                                 uhash
INFO  [17:26:47.265] [bbotk]  4ebaf202-4d98-493e-9755-9b4ab2bb388c
INFO  [17:26:47.276] [bbotk] Finished optimizing after 10 evaluation(s)
INFO  [17:26:47.276] [bbotk] Result:
INFO  [17:26:47.277] [bbotk]  nrounds       eta max_depth learner_param_vals  x_domain classif.ce
INFO  [17:26:47.277] [bbotk]    <int>     <num>     <int>             <list>    <list>      <num>
INFO  [17:26:47.277] [bbotk]      160 0.0631739         7          <list[5]> <list[3]>  0.1290083

### [bt]: Job terminated successfully [batchtools job.id=3032]
### [bt]: Starting job [batchtools job.id=3033]
### [bt]: Generating problem instance for problem '6390d9e81da17366' ...
### [bt]: Applying algorithm 'run_learner' on problem '6390d9e81da17366' for job 3033 (seed = 3034) ...
INFO  [17:26:47.976] [mlr3] Applying learner 'classif.xgboost.tuned_calib.perfold_platt' on task 'qsar-biodeg' (iter 3/10)
INFO  [17:26:48.016] [bbotk] Starting to optimize 3 parameter(s) with '<OptimizerBatchRandomSearch>' and '<TerminatorEvals> [n_evals=10, k=0]'
INFO  [17:26:48.046] [bbotk] Evaluating 1 configuration(s)
INFO  [17:26:48.381] [bbotk] Result of batch 1:
INFO  [17:26:48.383] [bbotk]  nrounds       eta max_depth classif.ce warnings errors runtime_learners
INFO  [17:26:48.383] [bbotk]       60 0.2691823         7   0.140975        0      0            0.288
INFO  [17:26:48.383] [bbotk]                                 uhash
INFO  [17:26:48.383] [bbotk]  a6f7258a-8f6b-4424-a4fd-69d15f12ec7a
INFO  [17:26:48.387] [bbotk] Evaluating 1 configuration(s)
INFO  [17:26:49.437] [bbotk] Result of batch 2:
INFO  [17:26:49.438] [bbotk]  nrounds        eta max_depth classif.ce warnings errors runtime_learners
INFO  [17:26:49.438] [bbotk]      219 0.08912436        10  0.1357049        0      0            0.999
INFO  [17:26:49.438] [bbotk]                                 uhash
INFO  [17:26:49.438] [bbotk]  a0edb8c8-6a45-4ee6-9510-c269f1ac47b5
INFO  [17:26:49.442] [bbotk] Evaluating 1 configuration(s)
INFO  [17:26:50.021] [bbotk] Result of batch 3:
INFO  [17:26:50.022] [bbotk]  nrounds       eta max_depth classif.ce warnings errors runtime_learners
INFO  [17:26:50.022] [bbotk]      241 0.2060078         3  0.1422925        0      0            0.527
INFO  [17:26:50.022] [bbotk]                                 uhash
INFO  [17:26:50.022] [bbotk]  b9b1fe68-fc4e-49f9-9dcd-a3b60c2a9181
INFO  [17:26:50.027] [bbotk] Evaluating 1 configuration(s)
INFO  [17:26:50.361] [bbotk] Result of batch 4:
INFO  [17:26:50.362] [bbotk]  nrounds       eta max_depth classif.ce warnings errors runtime_learners
INFO  [17:26:50.362] [bbotk]       72 0.2667665         6  0.1422925        0      0            0.294
INFO  [17:26:50.362] [bbotk]                                 uhash
INFO  [17:26:50.362] [bbotk]  ec4c702d-9c1d-4b37-bade-a54f7041b272
INFO  [17:26:50.366] [bbotk] Evaluating 1 configuration(s)
INFO  [17:26:51.044] [bbotk] Result of batch 5:
INFO  [17:26:51.047] [bbotk]  nrounds       eta max_depth classif.ce warnings errors runtime_learners
INFO  [17:26:51.047] [bbotk]      238 0.2946346         9  0.1383399        0      0            0.634
INFO  [17:26:51.047] [bbotk]                                 uhash
INFO  [17:26:51.047] [bbotk]  06eb964e-b9c9-4a6b-9c72-8285664eec22
INFO  [17:26:51.054] [bbotk] Evaluating 1 configuration(s)
INFO  [17:26:51.579] [bbotk] Result of batch 6:
INFO  [17:26:51.580] [bbotk]  nrounds       eta max_depth classif.ce warnings errors runtime_learners
INFO  [17:26:51.580] [bbotk]      101 0.1102757         8  0.1317523        0      0             0.48
INFO  [17:26:51.580] [bbotk]                                 uhash
INFO  [17:26:51.580] [bbotk]  d0d161d7-dc06-4d05-91fe-3539bbb03b90
INFO  [17:26:51.584] [bbotk] Evaluating 1 configuration(s)
INFO  [17:26:51.976] [bbotk] Result of batch 7:
INFO  [17:26:51.978] [bbotk]  nrounds       eta max_depth classif.ce warnings errors runtime_learners
INFO  [17:26:51.978] [bbotk]      154 0.2553716         3  0.1343874        0      0            0.344
INFO  [17:26:51.978] [bbotk]                                 uhash
INFO  [17:26:51.978] [bbotk]  3467865f-5880-42ee-9d95-48d8dfe4efb9
INFO  [17:26:51.984] [bbotk] Evaluating 1 configuration(s)
INFO  [17:26:53.189] [bbotk] Result of batch 8:
INFO  [17:26:53.191] [bbotk]  nrounds        eta max_depth classif.ce warnings errors runtime_learners
INFO  [17:26:53.191] [bbotk]      262 0.06851185         8  0.1343874        0      0            1.132
INFO  [17:26:53.191] [bbotk]                                 uhash
INFO  [17:26:53.191] [bbotk]  5cbfae28-9806-4a79-a6bf-c3058c3fcbd8
INFO  [17:26:53.197] [bbotk] Evaluating 1 configuration(s)
INFO  [17:26:53.986] [bbotk] Result of batch 9:
INFO  [17:26:53.989] [bbotk]  nrounds       eta max_depth classif.ce warnings errors runtime_learners
INFO  [17:26:53.989] [bbotk]      284 0.1607813         4    0.14361        0      0            0.756
INFO  [17:26:53.989] [bbotk]                                 uhash
INFO  [17:26:53.989] [bbotk]  5d5f352d-0149-4c95-a464-7c91ce4d0d79
INFO  [17:26:53.997] [bbotk] Evaluating 1 configuration(s)
INFO  [17:26:54.270] [bbotk] Result of batch 10:
INFO  [17:26:54.271] [bbotk]  nrounds       eta max_depth classif.ce warnings errors runtime_learners
INFO  [17:26:54.271] [bbotk]      145 0.2660226         2  0.1396574        0      0            0.229
INFO  [17:26:54.271] [bbotk]                                 uhash
INFO  [17:26:54.271] [bbotk]  45f25490-6bad-4409-911d-937069daf75e
INFO  [17:26:54.285] [bbotk] Finished optimizing after 10 evaluation(s)
INFO  [17:26:54.286] [bbotk] Result:
INFO  [17:26:54.288] [bbotk]  nrounds       eta max_depth learner_param_vals  x_domain classif.ce
INFO  [17:26:54.288] [bbotk]    <int>     <num>     <int>             <list>    <list>      <num>
INFO  [17:26:54.288] [bbotk]      101 0.1102757         8          <list[5]> <list[3]>  0.1317523
INFO  [17:26:54.587] [bbotk] Starting to optimize 3 parameter(s) with '<OptimizerBatchRandomSearch>' and '<TerminatorEvals> [n_evals=10, k=0]'
INFO  [17:26:54.601] [bbotk] Evaluating 1 configuration(s)
INFO  [17:26:55.085] [bbotk] Result of batch 1:
INFO  [17:26:55.086] [bbotk]  nrounds       eta max_depth classif.ce warnings errors runtime_learners
INFO  [17:26:55.086] [bbotk]      131 0.0843126         5  0.1383399        0      0            0.435
INFO  [17:26:55.086] [bbotk]                                 uhash
INFO  [17:26:55.086] [bbotk]  f1579d1f-618d-443f-8bb7-82049a8ee316
INFO  [17:26:55.090] [bbotk] Evaluating 1 configuration(s)
INFO  [17:26:55.730] [bbotk] Result of batch 2:
INFO  [17:26:55.733] [bbotk]  nrounds       eta max_depth classif.ce warnings errors runtime_learners
INFO  [17:26:55.733] [bbotk]      233 0.2913329        10  0.1501976        0      0            0.592
INFO  [17:26:55.733] [bbotk]                                 uhash
INFO  [17:26:55.733] [bbotk]  46fc83da-d624-4155-9748-22ff1b77660b
INFO  [17:26:55.740] [bbotk] Evaluating 1 configuration(s)
INFO  [17:26:56.134] [bbotk] Result of batch 3:
INFO  [17:26:56.136] [bbotk]  nrounds       eta max_depth classif.ce warnings errors runtime_learners
INFO  [17:26:56.136] [bbotk]      132 0.1402706         4  0.1475626        0      0            0.346
INFO  [17:26:56.136] [bbotk]                                 uhash
INFO  [17:26:56.136] [bbotk]  c5accd63-b394-448b-9aec-268f19deaf82
INFO  [17:26:56.142] [bbotk] Evaluating 1 configuration(s)
INFO  [17:26:57.639] [bbotk] Result of batch 4:
INFO  [17:26:57.640] [bbotk]  nrounds        eta max_depth classif.ce warnings errors runtime_learners
INFO  [17:26:57.640] [bbotk]      289 0.02814649         8  0.1515152        0      0            1.451
INFO  [17:26:57.640] [bbotk]                                 uhash
INFO  [17:26:57.640] [bbotk]  f838608c-b188-4abe-9e32-98857593aff0
INFO  [17:26:57.644] [bbotk] Evaluating 1 configuration(s)
INFO  [17:26:58.331] [bbotk] Result of batch 5:
INFO  [17:26:58.333] [bbotk]  nrounds       eta max_depth classif.ce warnings errors runtime_learners
INFO  [17:26:58.333] [bbotk]      181 0.2061227         8  0.1475626        0      0            0.632
INFO  [17:26:58.333] [bbotk]                                 uhash
INFO  [17:26:58.333] [bbotk]  bdca3bce-e52f-4a94-a77c-4926c06eea42
INFO  [17:26:58.343] [bbotk] Evaluating 1 configuration(s)
INFO  [17:26:59.683] [bbotk] Result of batch 6:
INFO  [17:26:59.685] [bbotk]  nrounds        eta max_depth classif.ce warnings errors runtime_learners
INFO  [17:26:59.685] [bbotk]      295 0.06938156        10  0.1462451        0      0            1.299
INFO  [17:26:59.685] [bbotk]                                 uhash
INFO  [17:26:59.685] [bbotk]  87885f99-5416-4a37-8efe-ecad4a4c22f3
INFO  [17:26:59.689] [bbotk] Evaluating 1 configuration(s)
INFO  [17:27:00.117] [bbotk] Result of batch 7:
INFO  [17:27:00.124] [bbotk]  nrounds        eta max_depth classif.ce warnings errors runtime_learners
INFO  [17:27:00.124] [bbotk]      108 0.06445563         5  0.1475626        0      0            0.389
INFO  [17:27:00.124] [bbotk]                                 uhash
INFO  [17:27:00.124] [bbotk]  d9deb744-2aae-4256-90a0-8be6d2fc9872
INFO  [17:27:00.138] [bbotk] Evaluating 1 configuration(s)
INFO  [17:27:00.545] [bbotk] Result of batch 8:
INFO  [17:27:00.546] [bbotk]  nrounds     eta max_depth classif.ce warnings errors runtime_learners
INFO  [17:27:00.546] [bbotk]      111 0.16358         4  0.1462451        0      0            0.351
INFO  [17:27:00.546] [bbotk]                                 uhash
INFO  [17:27:00.546] [bbotk]  6678bddc-1ea3-4efc-a8f9-a8bc3cfe256f
INFO  [17:27:00.552] [bbotk] Evaluating 1 configuration(s)
INFO  [17:27:01.197] [bbotk] Result of batch 9:
INFO  [17:27:01.199] [bbotk]  nrounds       eta max_depth classif.ce warnings errors runtime_learners
INFO  [17:27:01.199] [bbotk]      153 0.1187973         6  0.1515152        0      0            0.596
INFO  [17:27:01.199] [bbotk]                                 uhash
INFO  [17:27:01.199] [bbotk]  d838b10e-0ddb-4871-af68-1e285d238047
INFO  [17:27:01.210] [bbotk] Evaluating 1 configuration(s)
INFO  [17:27:01.785] [bbotk] Result of batch 10:
INFO  [17:27:01.786] [bbotk]  nrounds       eta max_depth classif.ce warnings errors runtime_learners
INFO  [17:27:01.786] [bbotk]      128 0.1637568         7  0.1396574        0      0            0.531
INFO  [17:27:01.786] [bbotk]                                 uhash
INFO  [17:27:01.786] [bbotk]  931d41b5-7039-44b5-b63b-46331e850e16
INFO  [17:27:01.800] [bbotk] Finished optimizing after 10 evaluation(s)
INFO  [17:27:01.801] [bbotk] Result:
INFO  [17:27:01.802] [bbotk]  nrounds       eta max_depth learner_param_vals  x_domain classif.ce
INFO  [17:27:01.802] [bbotk]    <int>     <num>     <int>             <list>    <list>      <num>
INFO  [17:27:01.802] [bbotk]      131 0.0843126         5          <list[5]> <list[3]>  0.1383399
INFO  [17:27:02.130] [bbotk] Starting to optimize 3 parameter(s) with '<OptimizerBatchRandomSearch>' and '<TerminatorEvals> [n_evals=10, k=0]'
INFO  [17:27:02.151] [bbotk] Evaluating 1 configuration(s)
INFO  [17:27:02.976] [bbotk] Result of batch 1:
INFO  [17:27:02.977] [bbotk]  nrounds       eta max_depth classif.ce warnings errors runtime_learners
INFO  [17:27:02.977] [bbotk]      209 0.1574048         8  0.1225296        0      0            0.782
INFO  [17:27:02.977] [bbotk]                                 uhash
INFO  [17:27:02.977] [bbotk]  2c7f80f7-e094-45c8-a640-458f19f6a785
INFO  [17:27:02.981] [bbotk] Evaluating 1 configuration(s)
INFO  [17:27:03.330] [bbotk] Result of batch 2:
INFO  [17:27:03.331] [bbotk]  nrounds       eta max_depth classif.ce warnings errors runtime_learners
INFO  [17:27:03.331] [bbotk]       95 0.2768253         4  0.1330698        0      0            0.312
INFO  [17:27:03.331] [bbotk]                                 uhash
INFO  [17:27:03.331] [bbotk]  3d48f8cc-e91f-4a2b-9b74-968eb4e0bf62
INFO  [17:27:03.335] [bbotk] Evaluating 1 configuration(s)
INFO  [17:27:03.596] [bbotk] Result of batch 3:
INFO  [17:27:03.598] [bbotk]  nrounds       eta max_depth classif.ce warnings errors runtime_learners
INFO  [17:27:03.598] [bbotk]      100 0.2879889         3  0.1264822        0      0            0.228
INFO  [17:27:03.598] [bbotk]                                 uhash
INFO  [17:27:03.598] [bbotk]  2be1ab1f-c6ba-4cc6-80f6-14afa5a4e381
INFO  [17:27:03.604] [bbotk] Evaluating 1 configuration(s)
INFO  [17:27:03.983] [bbotk] Result of batch 4:
INFO  [17:27:03.984] [bbotk]  nrounds       eta max_depth classif.ce warnings errors runtime_learners
INFO  [17:27:03.984] [bbotk]       63 0.1213225         8  0.1225296        0      0            0.341
INFO  [17:27:03.984] [bbotk]                                 uhash
INFO  [17:27:03.984] [bbotk]  675fd33b-4ea8-44be-aeed-b67406091949
INFO  [17:27:03.988] [bbotk] Evaluating 1 configuration(s)
INFO  [17:27:04.669] [bbotk] Result of batch 5:
INFO  [17:27:04.671] [bbotk]  nrounds       eta max_depth classif.ce warnings errors runtime_learners
INFO  [17:27:04.671] [bbotk]      166 0.1643082         8  0.1277997        0      0            0.636
INFO  [17:27:04.671] [bbotk]                                 uhash
INFO  [17:27:04.671] [bbotk]  d27f9036-24b0-4c0f-b567-57cda805dd81
INFO  [17:27:04.676] [bbotk] Evaluating 1 configuration(s)
INFO  [17:27:05.563] [bbotk] Result of batch 6:
INFO  [17:27:05.566] [bbotk]  nrounds       eta max_depth classif.ce warnings errors runtime_learners
INFO  [17:27:05.566] [bbotk]      290 0.1394433         6  0.1251647        0      0            0.854
INFO  [17:27:05.566] [bbotk]                                 uhash
INFO  [17:27:05.566] [bbotk]  c4b2303a-608b-4265-bceb-5606df83e080
INFO  [17:27:05.570] [bbotk] Evaluating 1 configuration(s)
INFO  [17:27:06.282] [bbotk] Result of batch 7:
INFO  [17:27:06.286] [bbotk]  nrounds       eta max_depth classif.ce warnings errors runtime_learners
INFO  [17:27:06.286] [bbotk]      214 0.2522502         5  0.1291173        0      0            0.667
INFO  [17:27:06.286] [bbotk]                                 uhash
INFO  [17:27:06.286] [bbotk]  883757ba-f13f-4f2f-aa4e-8b506907443f
INFO  [17:27:06.291] [bbotk] Evaluating 1 configuration(s)
INFO  [17:27:06.495] [bbotk] Result of batch 8:
INFO  [17:27:06.498] [bbotk]  nrounds       eta max_depth classif.ce warnings errors runtime_learners
INFO  [17:27:06.498] [bbotk]      106 0.0514148         2  0.1370224        0      0            0.166
INFO  [17:27:06.498] [bbotk]                                 uhash
INFO  [17:27:06.498] [bbotk]  5a197150-efc3-4410-b1da-f89bd499654f
INFO  [17:27:06.504] [bbotk] Evaluating 1 configuration(s)
INFO  [17:27:07.031] [bbotk] Result of batch 9:
INFO  [17:27:07.032] [bbotk]  nrounds       eta max_depth classif.ce warnings errors runtime_learners
INFO  [17:27:07.032] [bbotk]      120 0.2040695         9  0.1198946        0      0            0.482
INFO  [17:27:07.032] [bbotk]                                 uhash
INFO  [17:27:07.032] [bbotk]  2defd59a-af1d-42e8-b7b3-413199bca406
INFO  [17:27:07.036] [bbotk] Evaluating 1 configuration(s)
INFO  [17:27:07.291] [bbotk] Result of batch 10:
INFO  [17:27:07.292] [bbotk]  nrounds        eta max_depth classif.ce warnings errors runtime_learners
INFO  [17:27:07.292] [bbotk]      159 0.02379461         2    0.14361        0      0            0.213
INFO  [17:27:07.292] [bbotk]                                 uhash
INFO  [17:27:07.292] [bbotk]  8c0de19d-1f11-4894-82f5-5f4ce9ba15df
INFO  [17:27:07.300] [bbotk] Finished optimizing after 10 evaluation(s)
INFO  [17:27:07.300] [bbotk] Result:
INFO  [17:27:07.301] [bbotk]  nrounds       eta max_depth learner_param_vals  x_domain classif.ce
INFO  [17:27:07.301] [bbotk]    <int>     <num>     <int>             <list>    <list>      <num>
INFO  [17:27:07.301] [bbotk]      120 0.2040695         9          <list[5]> <list[3]>  0.1198946
INFO  [17:27:07.613] [bbotk] Starting to optimize 3 parameter(s) with '<OptimizerBatchRandomSearch>' and '<TerminatorEvals> [n_evals=10, k=0]'
INFO  [17:27:07.627] [bbotk] Evaluating 1 configuration(s)
INFO  [17:27:08.331] [bbotk] Result of batch 1:
INFO  [17:27:08.332] [bbotk]  nrounds        eta max_depth classif.ce warnings errors runtime_learners
INFO  [17:27:08.332] [bbotk]      141 0.04693563         7  0.1238472        0      0            0.652
INFO  [17:27:08.332] [bbotk]                                 uhash
INFO  [17:27:08.332] [bbotk]  21975dc1-1a66-4891-a7c9-c2654abc9b33
INFO  [17:27:08.336] [bbotk] Evaluating 1 configuration(s)
INFO  [17:27:09.291] [bbotk] Result of batch 2:
INFO  [17:27:09.293] [bbotk]  nrounds       eta max_depth classif.ce warnings errors runtime_learners
INFO  [17:27:09.293] [bbotk]      300 0.1690662         7  0.1304348        0      0            0.905
INFO  [17:27:09.293] [bbotk]                                 uhash
INFO  [17:27:09.293] [bbotk]  a1f7461e-ce7e-4e47-acdb-26d0936482d2
INFO  [17:27:09.298] [bbotk] Evaluating 1 configuration(s)
INFO  [17:27:09.464] [bbotk] Result of batch 3:
INFO  [17:27:09.465] [bbotk]  nrounds       eta max_depth classif.ce warnings errors runtime_learners
INFO  [17:27:09.465] [bbotk]       76 0.2969465         2  0.1304348        0      0            0.132
INFO  [17:27:09.465] [bbotk]                                 uhash
INFO  [17:27:09.465] [bbotk]  99a036da-8fc5-49d8-9137-bd582f3be0dd
INFO  [17:27:09.472] [bbotk] Evaluating 1 configuration(s)
INFO  [17:27:10.335] [bbotk] Result of batch 4:
INFO  [17:27:10.336] [bbotk]  nrounds        eta max_depth classif.ce warnings errors runtime_learners
INFO  [17:27:10.336] [bbotk]      178 0.04627712         7  0.1264822        0      0            0.819
INFO  [17:27:10.336] [bbotk]                                 uhash
INFO  [17:27:10.336] [bbotk]  e21a5377-f2d1-4bfa-b023-02772dfdcbca
INFO  [17:27:10.343] [bbotk] Evaluating 1 configuration(s)
INFO  [17:27:10.581] [bbotk] Result of batch 5:
INFO  [17:27:10.582] [bbotk]  nrounds      eta max_depth classif.ce warnings errors runtime_learners
INFO  [17:27:10.582] [bbotk]      118 0.237555         2  0.1449275        0      0            0.183
INFO  [17:27:10.582] [bbotk]                                 uhash
INFO  [17:27:10.582] [bbotk]  30621fdf-b08d-464a-abe3-d3b103d3a6b7
INFO  [17:27:10.586] [bbotk] Evaluating 1 configuration(s)
INFO  [17:27:11.457] [bbotk] Result of batch 6:
INFO  [17:27:11.458] [bbotk]  nrounds       eta max_depth classif.ce warnings errors runtime_learners
INFO  [17:27:11.458] [bbotk]      296 0.1658528         6  0.1264822        0      0            0.817
INFO  [17:27:11.458] [bbotk]                                 uhash
INFO  [17:27:11.458] [bbotk]  bd473d9a-d385-4ec8-9eea-ee567aad6078
INFO  [17:27:11.467] [bbotk] Evaluating 1 configuration(s)
INFO  [17:27:11.777] [bbotk] Result of batch 7:
INFO  [17:27:11.779] [bbotk]  nrounds       eta max_depth classif.ce warnings errors runtime_learners
INFO  [17:27:11.779] [bbotk]       72 0.1010973         5  0.1370224        0      0            0.251
INFO  [17:27:11.779] [bbotk]                                 uhash
INFO  [17:27:11.779] [bbotk]  fab7adfa-b152-4a3a-bf3b-bd53b950e3ce
INFO  [17:27:11.787] [bbotk] Evaluating 1 configuration(s)
INFO  [17:27:12.169] [bbotk] Result of batch 8:
INFO  [17:27:12.172] [bbotk]  nrounds        eta max_depth classif.ce warnings errors runtime_learners
INFO  [17:27:12.172] [bbotk]       59 0.03668664         6    0.14361        0      0            0.328
INFO  [17:27:12.172] [bbotk]                                 uhash
INFO  [17:27:12.172] [bbotk]  2e53b401-b35c-40ec-a0dd-682d90d6a77a
INFO  [17:27:12.177] [bbotk] Evaluating 1 configuration(s)
INFO  [17:27:12.720] [bbotk] Result of batch 9:
INFO  [17:27:12.721] [bbotk]  nrounds       eta max_depth classif.ce warnings errors runtime_learners
INFO  [17:27:12.721] [bbotk]      114 0.1566775         8  0.1277997        0      0            0.505
INFO  [17:27:12.721] [bbotk]                                 uhash
INFO  [17:27:12.721] [bbotk]  ec2ce31a-6826-4e5c-b968-113978589992
INFO  [17:27:12.728] [bbotk] Evaluating 1 configuration(s)
INFO  [17:27:12.931] [bbotk] Result of batch 10:
INFO  [17:27:12.932] [bbotk]  nrounds       eta max_depth classif.ce warnings errors runtime_learners
INFO  [17:27:12.932] [bbotk]      101 0.2796477         2  0.1343874        0      0            0.157
INFO  [17:27:12.932] [bbotk]                                 uhash
INFO  [17:27:12.932] [bbotk]  2cb9c323-339a-4ad4-b541-979d9779ce03
INFO  [17:27:12.942] [bbotk] Finished optimizing after 10 evaluation(s)
INFO  [17:27:12.942] [bbotk] Result:
INFO  [17:27:12.943] [bbotk]  nrounds        eta max_depth learner_param_vals  x_domain classif.ce
INFO  [17:27:12.943] [bbotk]    <int>      <num>     <int>             <list>    <list>      <num>
INFO  [17:27:12.943] [bbotk]      141 0.04693563         7          <list[5]> <list[3]>  0.1238472
INFO  [17:27:13.322] [bbotk] Starting to optimize 3 parameter(s) with '<OptimizerBatchRandomSearch>' and '<TerminatorEvals> [n_evals=10, k=0]'
INFO  [17:27:13.346] [bbotk] Evaluating 1 configuration(s)
INFO  [17:27:13.877] [bbotk] Result of batch 1:
INFO  [17:27:13.880] [bbotk]  nrounds       eta max_depth classif.ce warnings errors runtime_learners
INFO  [17:27:13.880] [bbotk]      155 0.2948857         6   0.128915        0      0            0.469
INFO  [17:27:13.880] [bbotk]                                 uhash
INFO  [17:27:13.880] [bbotk]  535748a1-1f0c-4774-ae16-69a3e13362bb
INFO  [17:27:13.894] [bbotk] Evaluating 1 configuration(s)
INFO  [17:27:14.300] [bbotk] Result of batch 2:
INFO  [17:27:14.301] [bbotk]  nrounds       eta max_depth classif.ce warnings errors runtime_learners
INFO  [17:27:14.301] [bbotk]       95 0.1081444         5  0.1223429        0      0            0.363
INFO  [17:27:14.301] [bbotk]                                 uhash
INFO  [17:27:14.301] [bbotk]  aa8ab8ee-4458-4be1-ab85-fe5f2ebae46e
INFO  [17:27:14.305] [bbotk] Evaluating 1 configuration(s)
INFO  [17:27:14.946] [bbotk] Result of batch 3:
INFO  [17:27:14.947] [bbotk]  nrounds        eta max_depth classif.ce warnings errors runtime_learners
INFO  [17:27:14.947] [bbotk]      271 0.01960164         3  0.1276078        0      0            0.604
INFO  [17:27:14.947] [bbotk]                                 uhash
INFO  [17:27:14.947] [bbotk]  80a24497-e37f-44c1-93c1-582befcbb504
INFO  [17:27:14.951] [bbotk] Evaluating 1 configuration(s)
INFO  [17:27:15.623] [bbotk] Result of batch 4:
INFO  [17:27:15.624] [bbotk]  nrounds      eta max_depth classif.ce warnings errors runtime_learners
INFO  [17:27:15.624] [bbotk]      236 0.146213         4  0.1355026        0      0            0.629
INFO  [17:27:15.624] [bbotk]                                 uhash
INFO  [17:27:15.624] [bbotk]  aa85e78c-f162-4a87-81d4-6f9929712a01
INFO  [17:27:15.629] [bbotk] Evaluating 1 configuration(s)
INFO  [17:27:16.780] [bbotk] Result of batch 5:
INFO  [17:27:16.781] [bbotk]  nrounds        eta max_depth classif.ce warnings errors runtime_learners
INFO  [17:27:16.781] [bbotk]      283 0.04997815         4  0.1262955        0      0            0.792
INFO  [17:27:16.781] [bbotk]                                 uhash
INFO  [17:27:16.781] [bbotk]  48e93075-4f86-40a0-a1f1-fcdb7fd37ba2
INFO  [17:27:16.785] [bbotk] Evaluating 1 configuration(s)
INFO  [17:27:17.245] [bbotk] Result of batch 6:
INFO  [17:27:17.247] [bbotk]  nrounds        eta max_depth classif.ce warnings errors runtime_learners
INFO  [17:27:17.247] [bbotk]      261 0.03475516         2   0.135513        0      0            0.405
INFO  [17:27:17.247] [bbotk]                                 uhash
INFO  [17:27:17.247] [bbotk]  12eb39dd-a08e-4ec5-9e31-13bd78fb280d
INFO  [17:27:17.251] [bbotk] Evaluating 1 configuration(s)
INFO  [17:27:17.577] [bbotk] Result of batch 7:
INFO  [17:27:17.579] [bbotk]  nrounds       eta max_depth classif.ce warnings errors runtime_learners
INFO  [17:27:17.579] [bbotk]       54 0.1994219         8  0.1236449        0      0            0.282
INFO  [17:27:17.579] [bbotk]                                 uhash
INFO  [17:27:17.579] [bbotk]  b3007e53-0b2c-4d75-9b42-b480a8885aed
INFO  [17:27:17.589] [bbotk] Evaluating 1 configuration(s)
INFO  [17:27:17.986] [bbotk] Result of batch 8:
INFO  [17:27:17.988] [bbotk]  nrounds       eta max_depth classif.ce warnings errors runtime_learners
INFO  [17:27:17.988] [bbotk]       78 0.1398107         7  0.1289098        0      0            0.349
INFO  [17:27:17.988] [bbotk]                                 uhash
INFO  [17:27:17.988] [bbotk]  8282468c-33a9-49b2-969a-6b59311a6bdb
INFO  [17:27:17.995] [bbotk] Evaluating 1 configuration(s)
INFO  [17:27:18.897] [bbotk] Result of batch 9:
INFO  [17:27:18.898] [bbotk]  nrounds       eta max_depth classif.ce warnings errors runtime_learners
INFO  [17:27:18.898] [bbotk]      260 0.2133344         8  0.1302325        0      0            0.853
INFO  [17:27:18.898] [bbotk]                                 uhash
INFO  [17:27:18.898] [bbotk]  35535906-8e86-4279-a5cc-d83e4a5e0fba
INFO  [17:27:18.902] [bbotk] Evaluating 1 configuration(s)
INFO  [17:27:19.087] [bbotk] Result of batch 10:
INFO  [17:27:19.091] [bbotk]  nrounds       eta max_depth classif.ce warnings errors runtime_learners
INFO  [17:27:19.091] [bbotk]       74 0.2579359         2  0.1328572        0      0            0.126
INFO  [17:27:19.091] [bbotk]                                 uhash
INFO  [17:27:19.091] [bbotk]  2e2c1882-d530-47b9-b5ea-a0372a06ca6a
INFO  [17:27:19.113] [bbotk] Finished optimizing after 10 evaluation(s)
INFO  [17:27:19.113] [bbotk] Result:
INFO  [17:27:19.114] [bbotk]  nrounds       eta max_depth learner_param_vals  x_domain classif.ce
INFO  [17:27:19.114] [bbotk]    <int>     <num>     <int>             <list>    <list>      <num>
INFO  [17:27:19.114] [bbotk]       95 0.1081444         5          <list[5]> <list[3]>  0.1223429

### [bt]: Job terminated successfully [batchtools job.id=3033]
### [bt]: Starting job [batchtools job.id=3034]
### [bt]: Generating problem instance for problem '6390d9e81da17366' ...
### [bt]: Applying algorithm 'run_learner' on problem '6390d9e81da17366' for job 3034 (seed = 3035) ...
INFO  [17:27:19.505] [mlr3] Applying learner 'classif.xgboost.tuned_calib.perfold_platt' on task 'qsar-biodeg' (iter 4/10)
INFO  [17:27:19.562] [bbotk] Starting to optimize 3 parameter(s) with '<OptimizerBatchRandomSearch>' and '<TerminatorEvals> [n_evals=10, k=0]'
INFO  [17:27:19.582] [bbotk] Evaluating 1 configuration(s)
INFO  [17:27:20.363] [bbotk] Result of batch 1:
INFO  [17:27:20.365] [bbotk]  nrounds       eta max_depth classif.ce warnings errors runtime_learners
INFO  [17:27:20.365] [bbotk]      192 0.1600928         5  0.1646904        0      0            0.728
INFO  [17:27:20.365] [bbotk]                                 uhash
INFO  [17:27:20.365] [bbotk]  a3785c5d-d809-4c65-814a-2535e419306e
INFO  [17:27:20.369] [bbotk] Evaluating 1 configuration(s)
INFO  [17:27:21.095] [bbotk] Result of batch 2:
INFO  [17:27:21.097] [bbotk]  nrounds       eta max_depth classif.ce warnings errors runtime_learners
INFO  [17:27:21.097] [bbotk]      153 0.0132468         6  0.1541502        0      0            0.679
INFO  [17:27:21.097] [bbotk]                                 uhash
INFO  [17:27:21.097] [bbotk]  4bd06adf-341b-4600-8b83-819f70fab27b
INFO  [17:27:21.103] [bbotk] Evaluating 1 configuration(s)
INFO  [17:27:21.873] [bbotk] Result of batch 3:
INFO  [17:27:21.875] [bbotk]  nrounds        eta max_depth classif.ce warnings errors runtime_learners
INFO  [17:27:21.875] [bbotk]      256 0.08000305         4  0.1554677        0      0            0.723
INFO  [17:27:21.875] [bbotk]                                 uhash
INFO  [17:27:21.875] [bbotk]  c6656ae2-e291-48a4-8a32-37fd8ff74afe
INFO  [17:27:21.885] [bbotk] Evaluating 1 configuration(s)
INFO  [17:27:23.233] [bbotk] Result of batch 4:
INFO  [17:27:23.236] [bbotk]  nrounds        eta max_depth classif.ce warnings errors runtime_learners
INFO  [17:27:23.236] [bbotk]      298 0.02359481         6  0.1567852        0      0              1.3
INFO  [17:27:23.236] [bbotk]                                 uhash
INFO  [17:27:23.236] [bbotk]  186c5f40-19be-476e-901e-2ac0699f6b1c
INFO  [17:27:23.240] [bbotk] Evaluating 1 configuration(s)
INFO  [17:27:24.187] [bbotk] Result of batch 5:
INFO  [17:27:24.189] [bbotk]  nrounds       eta max_depth classif.ce warnings errors runtime_learners
INFO  [17:27:24.189] [bbotk]      254 0.1155117         6  0.1541502        0      0              0.9
INFO  [17:27:24.189] [bbotk]                                 uhash
INFO  [17:27:24.189] [bbotk]  f5770fa4-ebf3-4c43-806d-5f2fa07e729f
INFO  [17:27:24.195] [bbotk] Evaluating 1 configuration(s)
INFO  [17:27:24.831] [bbotk] Result of batch 6:
INFO  [17:27:24.832] [bbotk]  nrounds       eta max_depth classif.ce warnings errors runtime_learners
INFO  [17:27:24.832] [bbotk]      120 0.1205949         9  0.1554677        0      0            0.584
INFO  [17:27:24.832] [bbotk]                                 uhash
INFO  [17:27:24.832] [bbotk]  2e87ebff-bb69-4d16-beb9-db278f76cae9
INFO  [17:27:24.836] [bbotk] Evaluating 1 configuration(s)
INFO  [17:27:25.841] [bbotk] Result of batch 7:
INFO  [17:27:25.843] [bbotk]  nrounds        eta max_depth classif.ce warnings errors runtime_learners
INFO  [17:27:25.843] [bbotk]      164 0.03856082         9  0.1567852        0      0            0.957
INFO  [17:27:25.843] [bbotk]                                 uhash
INFO  [17:27:25.843] [bbotk]  c588a4af-e425-44c1-a15b-3a73bf18568a
INFO  [17:27:25.852] [bbotk] Evaluating 1 configuration(s)
INFO  [17:27:26.527] [bbotk] Result of batch 8:
INFO  [17:27:26.528] [bbotk]  nrounds       eta max_depth classif.ce warnings errors runtime_learners
INFO  [17:27:26.528] [bbotk]      221 0.1885021         4  0.1554677        0      0            0.628
INFO  [17:27:26.528] [bbotk]                                 uhash
INFO  [17:27:26.528] [bbotk]  f134d4b8-df50-40e2-94f2-966284fbe4b7
INFO  [17:27:26.540] [bbotk] Evaluating 1 configuration(s)
INFO  [17:27:27.458] [bbotk] Result of batch 9:
INFO  [17:27:27.459] [bbotk]  nrounds       eta max_depth classif.ce warnings errors runtime_learners
INFO  [17:27:27.459] [bbotk]      268 0.0237104         4  0.1541502        0      0            0.862
INFO  [17:27:27.459] [bbotk]                                 uhash
INFO  [17:27:27.459] [bbotk]  7caf3f7c-75f3-4e80-a9a8-fbb6aacc0895
INFO  [17:27:27.463] [bbotk] Evaluating 1 configuration(s)
INFO  [17:27:27.823] [bbotk] Result of batch 10:
INFO  [17:27:27.824] [bbotk]  nrounds       eta max_depth classif.ce warnings errors runtime_learners
INFO  [17:27:27.824] [bbotk]      136 0.2408303         3  0.1475626        0      0             0.32
INFO  [17:27:27.824] [bbotk]                                 uhash
INFO  [17:27:27.824] [bbotk]  17b19934-f585-4856-a341-ad704e883975
INFO  [17:27:27.843] [bbotk] Finished optimizing after 10 evaluation(s)
INFO  [17:27:27.843] [bbotk] Result:
INFO  [17:27:27.845] [bbotk]  nrounds       eta max_depth learner_param_vals  x_domain classif.ce
INFO  [17:27:27.845] [bbotk]    <int>     <num>     <int>             <list>    <list>      <num>
INFO  [17:27:27.845] [bbotk]      136 0.2408303         3          <list[5]> <list[3]>  0.1475626
INFO  [17:27:28.029] [bbotk] Starting to optimize 3 parameter(s) with '<OptimizerBatchRandomSearch>' and '<TerminatorEvals> [n_evals=10, k=0]'
INFO  [17:27:28.047] [bbotk] Evaluating 1 configuration(s)
INFO  [17:27:28.362] [bbotk] Result of batch 1:
INFO  [17:27:28.363] [bbotk]  nrounds       eta max_depth classif.ce warnings errors runtime_learners
INFO  [17:27:28.363] [bbotk]       71 0.2861071         7  0.1449275        0      0            0.277
INFO  [17:27:28.363] [bbotk]                                 uhash
INFO  [17:27:28.363] [bbotk]  a8424100-ab10-4e1f-a6eb-33d4427a3023
INFO  [17:27:28.367] [bbotk] Evaluating 1 configuration(s)
INFO  [17:27:28.673] [bbotk] Result of batch 2:
INFO  [17:27:28.675] [bbotk]  nrounds       eta max_depth classif.ce warnings errors runtime_learners
INFO  [17:27:28.675] [bbotk]       51 0.2651878         7  0.1501976        0      0            0.252
INFO  [17:27:28.675] [bbotk]                                 uhash
INFO  [17:27:28.675] [bbotk]  e51b42af-3af7-4ef1-9197-1cd6d9438197
INFO  [17:27:28.681] [bbotk] Evaluating 1 configuration(s)
INFO  [17:27:29.500] [bbotk] Result of batch 3:
INFO  [17:27:29.501] [bbotk]  nrounds       eta max_depth classif.ce warnings errors runtime_learners
INFO  [17:27:29.501] [bbotk]      290 0.2515407         6    0.14361        0      0            0.775
INFO  [17:27:29.501] [bbotk]                                 uhash
INFO  [17:27:29.501] [bbotk]  6a681f3f-2a31-48c4-8df4-ea14dfe5b11e
INFO  [17:27:29.507] [bbotk] Evaluating 1 configuration(s)
INFO  [17:27:30.044] [bbotk] Result of batch 4:
INFO  [17:27:30.045] [bbotk]  nrounds       eta max_depth classif.ce warnings errors runtime_learners
INFO  [17:27:30.045] [bbotk]      240 0.2466832         3  0.1488801        0      0            0.492
INFO  [17:27:30.045] [bbotk]                                 uhash
INFO  [17:27:30.045] [bbotk]  99b042fa-b6b6-4a26-a5a8-079fc44b3b2d
INFO  [17:27:30.049] [bbotk] Evaluating 1 configuration(s)
INFO  [17:27:30.691] [bbotk] Result of batch 5:
INFO  [17:27:30.693] [bbotk]  nrounds       eta max_depth classif.ce warnings errors runtime_learners
INFO  [17:27:30.693] [bbotk]      144 0.1594887         8  0.1449275        0      0            0.585
INFO  [17:27:30.693] [bbotk]                                 uhash
INFO  [17:27:30.693] [bbotk]  34a59cd1-51ff-45b1-9ef9-c77959020fb7
INFO  [17:27:30.697] [bbotk] Evaluating 1 configuration(s)
INFO  [17:27:31.337] [bbotk] Result of batch 6:
INFO  [17:27:31.338] [bbotk]  nrounds        eta max_depth classif.ce warnings errors runtime_learners
INFO  [17:27:31.338] [bbotk]      144 0.04826178         6  0.1475626        0      0            0.599
INFO  [17:27:31.338] [bbotk]                                 uhash
INFO  [17:27:31.338] [bbotk]  315de357-5309-4901-9daf-8f8d2e09037d
INFO  [17:27:31.343] [bbotk] Evaluating 1 configuration(s)
INFO  [17:27:32.051] [bbotk] Result of batch 7:
INFO  [17:27:32.052] [bbotk]  nrounds       eta max_depth classif.ce warnings errors runtime_learners
INFO  [17:27:32.052] [bbotk]      158 0.1553128         7  0.1317523        0      0            0.663
INFO  [17:27:32.052] [bbotk]                                 uhash
INFO  [17:27:32.052] [bbotk]  b57a06dc-6828-4725-9050-db3965c2a31e
INFO  [17:27:32.056] [bbotk] Evaluating 1 configuration(s)
INFO  [17:27:32.718] [bbotk] Result of batch 8:
INFO  [17:27:32.719] [bbotk]  nrounds     eta max_depth classif.ce warnings errors runtime_learners
INFO  [17:27:32.719] [bbotk]      227 0.29831         4  0.1343874        0      0             0.61
INFO  [17:27:32.719] [bbotk]                                 uhash
INFO  [17:27:32.719] [bbotk]  f9fa757a-a64c-467f-919f-9351453d0c78
INFO  [17:27:32.723] [bbotk] Evaluating 1 configuration(s)
INFO  [17:27:33.315] [bbotk] Result of batch 9:
INFO  [17:27:33.317] [bbotk]  nrounds       eta max_depth classif.ce warnings errors runtime_learners
INFO  [17:27:33.317] [bbotk]      226 0.2930957         4   0.140975        0      0            0.544
INFO  [17:27:33.317] [bbotk]                                 uhash
INFO  [17:27:33.317] [bbotk]  eba02ed7-fef0-4a50-a41f-935b350c7696
INFO  [17:27:33.327] [bbotk] Evaluating 1 configuration(s)
INFO  [17:27:33.846] [bbotk] Result of batch 10:
INFO  [17:27:33.848] [bbotk]  nrounds        eta max_depth classif.ce warnings errors runtime_learners
INFO  [17:27:33.848] [bbotk]       89 0.08953565         8   0.140975        0      0            0.466
INFO  [17:27:33.848] [bbotk]                                 uhash
INFO  [17:27:33.848] [bbotk]  9ea1fb11-af45-44a3-8433-d4ce9172ec97
INFO  [17:27:33.859] [bbotk] Finished optimizing after 10 evaluation(s)
INFO  [17:27:33.860] [bbotk] Result:
INFO  [17:27:33.865] [bbotk]  nrounds       eta max_depth learner_param_vals  x_domain classif.ce
INFO  [17:27:33.865] [bbotk]    <int>     <num>     <int>             <list>    <list>      <num>
INFO  [17:27:33.865] [bbotk]      158 0.1553128         7          <list[5]> <list[3]>  0.1317523
INFO  [17:27:34.251] [bbotk] Starting to optimize 3 parameter(s) with '<OptimizerBatchRandomSearch>' and '<TerminatorEvals> [n_evals=10, k=0]'
INFO  [17:27:34.261] [bbotk] Evaluating 1 configuration(s)
INFO  [17:27:34.860] [bbotk] Result of batch 1:
INFO  [17:27:34.862] [bbotk]  nrounds      eta max_depth classif.ce warnings errors runtime_learners
INFO  [17:27:34.862] [bbotk]      159 0.217002         7  0.1291173        0      0            0.552
INFO  [17:27:34.862] [bbotk]                                 uhash
INFO  [17:27:34.862] [bbotk]  1c900e1a-4f49-47eb-9658-bb41cf96d954
INFO  [17:27:34.868] [bbotk] Evaluating 1 configuration(s)
INFO  [17:27:35.567] [bbotk] Result of batch 2:
INFO  [17:27:35.569] [bbotk]  nrounds       eta max_depth classif.ce warnings errors runtime_learners
INFO  [17:27:35.569] [bbotk]      216 0.1793017         5  0.1264822        0      0            0.659
INFO  [17:27:35.569] [bbotk]                                 uhash
INFO  [17:27:35.569] [bbotk]  f97b93a6-ca2c-4935-9268-cc00fb8a872e
INFO  [17:27:35.573] [bbotk] Evaluating 1 configuration(s)
INFO  [17:27:36.043] [bbotk] Result of batch 3:
INFO  [17:27:36.044] [bbotk]  nrounds        eta max_depth classif.ce warnings errors runtime_learners
INFO  [17:27:36.044] [bbotk]      296 0.03234537         2  0.1396574        0      0            0.427
INFO  [17:27:36.044] [bbotk]                                 uhash
INFO  [17:27:36.044] [bbotk]  ee9e9679-43ba-435e-9e06-13db8f802304
INFO  [17:27:36.052] [bbotk] Evaluating 1 configuration(s)
INFO  [17:27:36.640] [bbotk] Result of batch 4:
INFO  [17:27:36.642] [bbotk]  nrounds       eta max_depth classif.ce warnings errors runtime_learners
INFO  [17:27:36.642] [bbotk]      108 0.1247132         9  0.1264822        0      0             0.54
INFO  [17:27:36.642] [bbotk]                                 uhash
INFO  [17:27:36.642] [bbotk]  e4f8febd-21a1-457f-8b98-3d2e95301805
INFO  [17:27:36.653] [bbotk] Evaluating 1 configuration(s)
INFO  [17:27:36.924] [bbotk] Result of batch 5:
INFO  [17:27:36.925] [bbotk]  nrounds       eta max_depth classif.ce warnings errors runtime_learners
INFO  [17:27:36.925] [bbotk]       84 0.1555249         3  0.1357049        0      0            0.213
INFO  [17:27:36.925] [bbotk]                                 uhash
INFO  [17:27:36.925] [bbotk]  00b6774e-2b61-48d1-beab-565f3e7912fe
INFO  [17:27:36.929] [bbotk] Evaluating 1 configuration(s)
INFO  [17:27:37.398] [bbotk] Result of batch 6:
INFO  [17:27:37.399] [bbotk]  nrounds      eta max_depth classif.ce warnings errors runtime_learners
INFO  [17:27:37.399] [bbotk]      136 0.254605         4  0.1251647        0      0            0.422
INFO  [17:27:37.399] [bbotk]                                 uhash
INFO  [17:27:37.399] [bbotk]  dc52cee0-e9d3-4b09-aab4-79451dce297c
INFO  [17:27:37.408] [bbotk] Evaluating 1 configuration(s)
INFO  [17:27:38.089] [bbotk] Result of batch 7:
INFO  [17:27:38.090] [bbotk]  nrounds       eta max_depth classif.ce warnings errors runtime_learners
INFO  [17:27:38.090] [bbotk]      197 0.1703095         6  0.1198946        0      0            0.649
INFO  [17:27:38.090] [bbotk]                                 uhash
INFO  [17:27:38.090] [bbotk]  5896cf35-f91b-422f-99eb-faa5ff507141
INFO  [17:27:38.094] [bbotk] Evaluating 1 configuration(s)
INFO  [17:27:38.733] [bbotk] Result of batch 8:
INFO  [17:27:38.735] [bbotk]  nrounds       eta max_depth classif.ce warnings errors runtime_learners
INFO  [17:27:38.735] [bbotk]      227 0.1566235         4  0.1291173        0      0            0.592
INFO  [17:27:38.735] [bbotk]                                 uhash
INFO  [17:27:38.735] [bbotk]  f27da77f-23bb-43fb-acf9-09ae1615aef7
INFO  [17:27:38.744] [bbotk] Evaluating 1 configuration(s)
INFO  [17:27:39.639] [bbotk] Result of batch 9:
INFO  [17:27:39.641] [bbotk]  nrounds        eta max_depth classif.ce warnings errors runtime_learners
INFO  [17:27:39.641] [bbotk]      149 0.04675038         8  0.1317523        0      0             0.84
INFO  [17:27:39.641] [bbotk]                                 uhash
INFO  [17:27:39.641] [bbotk]  ac7b83c6-8811-4689-af6f-3a7011085ed8
INFO  [17:27:39.646] [bbotk] Evaluating 1 configuration(s)
INFO  [17:27:40.220] [bbotk] Result of batch 10:
INFO  [17:27:40.221] [bbotk]  nrounds        eta max_depth classif.ce warnings errors runtime_learners
INFO  [17:27:40.221] [bbotk]      133 0.07825058         6  0.1277997        0      0            0.526
INFO  [17:27:40.221] [bbotk]                                 uhash
INFO  [17:27:40.221] [bbotk]  994801a6-d05a-444c-a8de-2f0ecc6df7ca
INFO  [17:27:40.236] [bbotk] Finished optimizing after 10 evaluation(s)
INFO  [17:27:40.236] [bbotk] Result:
INFO  [17:27:40.237] [bbotk]  nrounds       eta max_depth learner_param_vals  x_domain classif.ce
INFO  [17:27:40.237] [bbotk]    <int>     <num>     <int>             <list>    <list>      <num>
INFO  [17:27:40.237] [bbotk]      197 0.1703095         6          <list[5]> <list[3]>  0.1198946
INFO  [17:27:40.636] [bbotk] Starting to optimize 3 parameter(s) with '<OptimizerBatchRandomSearch>' and '<TerminatorEvals> [n_evals=10, k=0]'
INFO  [17:27:40.647] [bbotk] Evaluating 1 configuration(s)
INFO  [17:27:40.973] [bbotk] Result of batch 1:
INFO  [17:27:40.974] [bbotk]  nrounds       eta max_depth classif.ce warnings errors runtime_learners
INFO  [17:27:40.974] [bbotk]       98 0.1636914         4  0.1422925        0      0             0.27
INFO  [17:27:40.974] [bbotk]                                 uhash
INFO  [17:27:40.974] [bbotk]  5935a345-93a4-4726-a711-b32b22cb1b69
INFO  [17:27:40.978] [bbotk] Evaluating 1 configuration(s)
INFO  [17:27:41.511] [bbotk] Result of batch 2:
INFO  [17:27:41.511] [bbotk]  nrounds        eta max_depth classif.ce warnings errors runtime_learners
INFO  [17:27:41.511] [bbotk]       83 0.04476952         9  0.1554677        0      0            0.489
INFO  [17:27:41.511] [bbotk]                                 uhash
INFO  [17:27:41.511] [bbotk]  b41cc87c-16fa-49ad-a42c-4c0edcd4aaa7
INFO  [17:27:41.516] [bbotk] Evaluating 1 configuration(s)
INFO  [17:27:42.139] [bbotk] Result of batch 3:
INFO  [17:27:42.140] [bbotk]  nrounds       eta max_depth classif.ce warnings errors runtime_learners
INFO  [17:27:42.140] [bbotk]      288 0.1404362         3  0.1370224        0      0            0.587
INFO  [17:27:42.140] [bbotk]                                 uhash
INFO  [17:27:42.140] [bbotk]  9b579422-4f27-4099-a347-c36da9e43f02
INFO  [17:27:42.147] [bbotk] Evaluating 1 configuration(s)
INFO  [17:27:42.895] [bbotk] Result of batch 4:
INFO  [17:27:42.897] [bbotk]  nrounds       eta max_depth classif.ce warnings errors runtime_learners
INFO  [17:27:42.897] [bbotk]      287 0.2926328         7  0.1449275        0      0            0.704
INFO  [17:27:42.897] [bbotk]                                 uhash
INFO  [17:27:42.897] [bbotk]  c97b5f42-fd64-49ad-903c-8b991ebc6e39
INFO  [17:27:42.905] [bbotk] Evaluating 1 configuration(s)
INFO  [17:27:44.038] [bbotk] Result of batch 5:
INFO  [17:27:44.039] [bbotk]  nrounds        eta max_depth classif.ce warnings errors runtime_learners
INFO  [17:27:44.039] [bbotk]      266 0.06852158        10  0.1383399        0      0            1.097
INFO  [17:27:44.039] [bbotk]                                 uhash
INFO  [17:27:44.039] [bbotk]  5228398d-8efc-42d5-a6e3-475e0c72c0f6
INFO  [17:27:44.044] [bbotk] Evaluating 1 configuration(s)
INFO  [17:27:44.662] [bbotk] Result of batch 6:
INFO  [17:27:44.663] [bbotk]  nrounds       eta max_depth classif.ce warnings errors runtime_learners
INFO  [17:27:44.663] [bbotk]      187 0.2647247         9   0.140975        0      0            0.586
INFO  [17:27:44.663] [bbotk]                                 uhash
INFO  [17:27:44.663] [bbotk]  30059103-a978-4aaf-a03e-5a025ea77ec5
INFO  [17:27:44.667] [bbotk] Evaluating 1 configuration(s)
INFO  [17:27:45.194] [bbotk] Result of batch 7:
INFO  [17:27:45.195] [bbotk]  nrounds       eta max_depth classif.ce warnings errors runtime_learners
INFO  [17:27:45.195] [bbotk]      133 0.1764242         8  0.1383399        0      0            0.484
INFO  [17:27:45.195] [bbotk]                                 uhash
INFO  [17:27:45.195] [bbotk]  d345012e-7871-45b2-858f-2c3ba9707bcf
INFO  [17:27:45.199] [bbotk] Evaluating 1 configuration(s)
INFO  [17:27:45.735] [bbotk] Result of batch 8:
INFO  [17:27:45.737] [bbotk]  nrounds       eta max_depth classif.ce warnings errors runtime_learners
INFO  [17:27:45.737] [bbotk]      225 0.1355363         3  0.1370224        0      0            0.493
INFO  [17:27:45.737] [bbotk]                                 uhash
INFO  [17:27:45.737] [bbotk]  d184c90a-ef48-461c-9ff0-587952ba3e2a
INFO  [17:27:45.748] [bbotk] Evaluating 1 configuration(s)
INFO  [17:27:46.324] [bbotk] Result of batch 9:
INFO  [17:27:46.326] [bbotk]  nrounds       eta max_depth classif.ce warnings errors runtime_learners
INFO  [17:27:46.326] [bbotk]      267 0.2673551         3  0.1383399        0      0             0.53
INFO  [17:27:46.326] [bbotk]                                 uhash
INFO  [17:27:46.326] [bbotk]  56fb8f94-af23-4b41-9f07-7580e34849d3
INFO  [17:27:46.335] [bbotk] Evaluating 1 configuration(s)
INFO  [17:27:46.692] [bbotk] Result of batch 10:
INFO  [17:27:46.694] [bbotk]  nrounds        eta max_depth classif.ce warnings errors runtime_learners
INFO  [17:27:46.694] [bbotk]      220 0.06004267         2  0.1475626        0      0            0.317
INFO  [17:27:46.694] [bbotk]                                 uhash
INFO  [17:27:46.694] [bbotk]  a4ec33fb-0d23-4fbf-862d-a3de19b2f04d
INFO  [17:27:46.714] [bbotk] Finished optimizing after 10 evaluation(s)
INFO  [17:27:46.714] [bbotk] Result:
INFO  [17:27:46.715] [bbotk]  nrounds       eta max_depth learner_param_vals  x_domain classif.ce
INFO  [17:27:46.715] [bbotk]    <int>     <num>     <int>             <list>    <list>      <num>
INFO  [17:27:46.715] [bbotk]      288 0.1404362         3          <list[5]> <list[3]>  0.1370224
INFO  [17:27:47.073] [bbotk] Starting to optimize 3 parameter(s) with '<OptimizerBatchRandomSearch>' and '<TerminatorEvals> [n_evals=10, k=0]'
INFO  [17:27:47.085] [bbotk] Evaluating 1 configuration(s)
INFO  [17:27:47.394] [bbotk] Result of batch 1:
INFO  [17:27:47.396] [bbotk]  nrounds       eta max_depth classif.ce warnings errors runtime_learners
INFO  [17:27:47.396] [bbotk]       63 0.2853222         6  0.1486882        0      0            0.252
INFO  [17:27:47.396] [bbotk]                                 uhash
INFO  [17:27:47.396] [bbotk]  84f4d152-68ba-4c74-95f8-bb264e08ae41
INFO  [17:27:47.405] [bbotk] Evaluating 1 configuration(s)
INFO  [17:27:47.654] [bbotk] Result of batch 2:
INFO  [17:27:47.656] [bbotk]  nrounds        eta max_depth classif.ce warnings errors runtime_learners
INFO  [17:27:47.656] [bbotk]      136 0.04567956         2   0.151318        0      0              0.2
INFO  [17:27:47.656] [bbotk]                                 uhash
INFO  [17:27:47.656] [bbotk]  8e2c198f-276d-4e70-a35b-0772f692e92c
INFO  [17:27:47.665] [bbotk] Evaluating 1 configuration(s)
INFO  [17:27:48.143] [bbotk] Result of batch 3:
INFO  [17:27:48.145] [bbotk]  nrounds      eta max_depth classif.ce warnings errors runtime_learners
INFO  [17:27:48.145] [bbotk]      210 0.260239         3  0.1473499        0      0            0.429
INFO  [17:27:48.145] [bbotk]                                 uhash
INFO  [17:27:48.145] [bbotk]  2a6e373b-7502-4168-9448-99689add87bc
INFO  [17:27:48.153] [bbotk] Evaluating 1 configuration(s)
INFO  [17:27:49.123] [bbotk] Result of batch 4:
INFO  [17:27:49.125] [bbotk]  nrounds       eta max_depth classif.ce warnings errors runtime_learners
INFO  [17:27:49.125] [bbotk]      217 0.1179702        10  0.1499798        0      0            0.929
INFO  [17:27:49.125] [bbotk]                                 uhash
INFO  [17:27:49.125] [bbotk]  ec5164e3-a2b7-4f85-aebc-8a9aecd81c49
INFO  [17:27:49.130] [bbotk] Evaluating 1 configuration(s)
INFO  [17:27:49.942] [bbotk] Result of batch 5:
INFO  [17:27:49.945] [bbotk]  nrounds        eta max_depth classif.ce warnings errors runtime_learners
INFO  [17:27:49.945] [bbotk]      155 0.03200798         7  0.1513025        0      0            0.776
INFO  [17:27:49.945] [bbotk]                                 uhash
INFO  [17:27:49.945] [bbotk]  65a6e39a-71a9-43f3-92db-55c12e7e3417
INFO  [17:27:49.950] [bbotk] Evaluating 1 configuration(s)
INFO  [17:27:50.990] [bbotk] Result of batch 6:
INFO  [17:27:50.991] [bbotk]  nrounds       eta max_depth classif.ce warnings errors runtime_learners
INFO  [17:27:50.991] [bbotk]      290 0.1331184        10  0.1460376        0      0            0.991
INFO  [17:27:50.991] [bbotk]                                 uhash
INFO  [17:27:50.991] [bbotk]  c643a844-9710-4851-944c-fb24046287e1
INFO  [17:27:50.995] [bbotk] Evaluating 1 configuration(s)
INFO  [17:27:51.399] [bbotk] Result of batch 7:
INFO  [17:27:51.400] [bbotk]  nrounds        eta max_depth classif.ce warnings errors runtime_learners
INFO  [17:27:51.400] [bbotk]      158 0.06606684         3  0.1355078        0      0            0.369
INFO  [17:27:51.400] [bbotk]                                 uhash
INFO  [17:27:51.400] [bbotk]  e951ed75-97df-418c-b058-c41a69728f08
INFO  [17:27:51.404] [bbotk] Evaluating 1 configuration(s)
INFO  [17:27:51.739] [bbotk] Result of batch 8:
INFO  [17:27:51.741] [bbotk]  nrounds        eta max_depth classif.ce warnings errors runtime_learners
INFO  [17:27:51.741] [bbotk]      198 0.03951138         2   0.151318        0      0            0.294
INFO  [17:27:51.741] [bbotk]                                 uhash
INFO  [17:27:51.741] [bbotk]  f3803cae-bd6f-4ca8-80cf-8a8ba50b6c0c
INFO  [17:27:51.751] [bbotk] Evaluating 1 configuration(s)
INFO  [17:27:52.097] [bbotk] Result of batch 9:
INFO  [17:27:52.100] [bbotk]  nrounds       eta max_depth classif.ce warnings errors runtime_learners
INFO  [17:27:52.100] [bbotk]       93 0.2705212         5  0.1434181        0      0            0.307
INFO  [17:27:52.100] [bbotk]                                 uhash
INFO  [17:27:52.100] [bbotk]  3c079086-9762-49c0-9ba3-7659d6dc1111
INFO  [17:27:52.108] [bbotk] Evaluating 1 configuration(s)
INFO  [17:27:52.647] [bbotk] Result of batch 10:
INFO  [17:27:52.648] [bbotk]  nrounds      eta max_depth classif.ce warnings errors runtime_learners
INFO  [17:27:52.648] [bbotk]      140 0.176727         6  0.1512973        0      0            0.504
INFO  [17:27:52.648] [bbotk]                                 uhash
INFO  [17:27:52.648] [bbotk]  02873cd9-a1fe-4002-a4a5-72f64086dc62
INFO  [17:27:52.662] [bbotk] Finished optimizing after 10 evaluation(s)
INFO  [17:27:52.662] [bbotk] Result:
INFO  [17:27:52.663] [bbotk]  nrounds        eta max_depth learner_param_vals  x_domain classif.ce
INFO  [17:27:52.663] [bbotk]    <int>      <num>     <int>             <list>    <list>      <num>
INFO  [17:27:52.663] [bbotk]      158 0.06606684         3          <list[5]> <list[3]>  0.1355078

### [bt]: Job terminated successfully [batchtools job.id=3034]
### [bt]: Starting job [batchtools job.id=3035]
### [bt]: Generating problem instance for problem '6390d9e81da17366' ...
### [bt]: Applying algorithm 'run_learner' on problem '6390d9e81da17366' for job 3035 (seed = 3036) ...
INFO  [17:27:52.984] [mlr3] Applying learner 'classif.xgboost.tuned_calib.perfold_platt' on task 'qsar-biodeg' (iter 5/10)
INFO  [17:27:53.033] [bbotk] Starting to optimize 3 parameter(s) with '<OptimizerBatchRandomSearch>' and '<TerminatorEvals> [n_evals=10, k=0]'
INFO  [17:27:53.067] [bbotk] Evaluating 1 configuration(s)
INFO  [17:27:53.764] [bbotk] Result of batch 1:
INFO  [17:27:53.765] [bbotk]  nrounds        eta max_depth classif.ce warnings errors runtime_learners
INFO  [17:27:53.765] [bbotk]      120 0.05869477         8  0.1357049        0      0            0.645
INFO  [17:27:53.765] [bbotk]                                 uhash
INFO  [17:27:53.765] [bbotk]  23fce4c8-fe40-4be1-a571-0d213d66166a
INFO  [17:27:53.771] [bbotk] Evaluating 1 configuration(s)
INFO  [17:27:54.328] [bbotk] Result of batch 2:
INFO  [17:27:54.329] [bbotk]  nrounds       eta max_depth classif.ce warnings errors runtime_learners
INFO  [17:27:54.329] [bbotk]      162 0.2960548         7  0.1330698        0      0             0.51
INFO  [17:27:54.329] [bbotk]                                 uhash
INFO  [17:27:54.329] [bbotk]  7e35c4bf-84bd-4d80-b429-6c8192f36774
INFO  [17:27:54.338] [bbotk] Evaluating 1 configuration(s)
INFO  [17:27:54.699] [bbotk] Result of batch 3:
INFO  [17:27:54.701] [bbotk]  nrounds       eta max_depth classif.ce warnings errors runtime_learners
INFO  [17:27:54.701] [bbotk]      139 0.1257651         3   0.140975        0      0            0.322
INFO  [17:27:54.701] [bbotk]                                 uhash
INFO  [17:27:54.701] [bbotk]  797e7c43-b62a-4d8f-b804-ff9d47d97f23
INFO  [17:27:54.710] [bbotk] Evaluating 1 configuration(s)
INFO  [17:27:54.978] [bbotk] Result of batch 4:
INFO  [17:27:54.979] [bbotk]  nrounds        eta max_depth classif.ce warnings errors runtime_learners
INFO  [17:27:54.979] [bbotk]      101 0.04003563         3  0.1422925        0      0            0.216
INFO  [17:27:54.979] [bbotk]                                 uhash
INFO  [17:27:54.979] [bbotk]  f5620bdf-65ae-45ca-a7ff-96ec86d9561c
INFO  [17:27:54.983] [bbotk] Evaluating 1 configuration(s)
INFO  [17:27:55.710] [bbotk] Result of batch 5:
INFO  [17:27:55.711] [bbotk]  nrounds       eta max_depth classif.ce warnings errors runtime_learners
INFO  [17:27:55.711] [bbotk]      206 0.1845313         8   0.140975        0      0            0.662
INFO  [17:27:55.711] [bbotk]                                 uhash
INFO  [17:27:55.711] [bbotk]  1957e497-1fd5-4df4-8315-0d94bc159493
INFO  [17:27:55.716] [bbotk] Evaluating 1 configuration(s)
INFO  [17:27:56.291] [bbotk] Result of batch 6:
INFO  [17:27:56.292] [bbotk]  nrounds       eta max_depth classif.ce warnings errors runtime_learners
INFO  [17:27:56.292] [bbotk]      186 0.2627303         9  0.1370224        0      0            0.531
INFO  [17:27:56.292] [bbotk]                                 uhash
INFO  [17:27:56.292] [bbotk]  c4147a69-6fe6-49e6-b157-7a1dd30aa001
INFO  [17:27:56.298] [bbotk] Evaluating 1 configuration(s)
INFO  [17:27:56.987] [bbotk] Result of batch 7:
INFO  [17:27:56.988] [bbotk]  nrounds       eta max_depth classif.ce warnings errors runtime_learners
INFO  [17:27:56.988] [bbotk]      153 0.1212668         7  0.1357049        0      0            0.654
INFO  [17:27:56.988] [bbotk]                                 uhash
INFO  [17:27:56.988] [bbotk]  a60055ca-f0f1-4981-9186-e0b08b3b1bef
INFO  [17:27:56.992] [bbotk] Evaluating 1 configuration(s)
INFO  [17:27:57.467] [bbotk] Result of batch 8:
INFO  [17:27:57.468] [bbotk]  nrounds       eta max_depth classif.ce warnings errors runtime_learners
INFO  [17:27:57.468] [bbotk]      134 0.2647544         7  0.1396574        0      0            0.425
INFO  [17:27:57.468] [bbotk]                                 uhash
INFO  [17:27:57.468] [bbotk]  bbbc79a5-30a4-484a-a664-05667a3cf75f
INFO  [17:27:57.473] [bbotk] Evaluating 1 configuration(s)
INFO  [17:27:57.928] [bbotk] Result of batch 9:
INFO  [17:27:57.929] [bbotk]  nrounds       eta max_depth classif.ce warnings errors runtime_learners
INFO  [17:27:57.929] [bbotk]      106 0.2172073         9  0.1357049        0      0            0.402
INFO  [17:27:57.929] [bbotk]                                 uhash
INFO  [17:27:57.929] [bbotk]  c723f1aa-598d-4a25-a513-b9eb987d8faa
INFO  [17:27:57.937] [bbotk] Evaluating 1 configuration(s)
INFO  [17:27:58.466] [bbotk] Result of batch 10:
INFO  [17:27:58.468] [bbotk]  nrounds       eta max_depth classif.ce warnings errors runtime_learners
INFO  [17:27:58.468] [bbotk]      147 0.2232285         6   0.140975        0      0            0.475
INFO  [17:27:58.468] [bbotk]                                 uhash
INFO  [17:27:58.468] [bbotk]  285de015-6176-4082-92a4-5183c7eba4fe
INFO  [17:27:58.486] [bbotk] Finished optimizing after 10 evaluation(s)
INFO  [17:27:58.487] [bbotk] Result:
INFO  [17:27:58.488] [bbotk]  nrounds       eta max_depth learner_param_vals  x_domain classif.ce
INFO  [17:27:58.488] [bbotk]    <int>     <num>     <int>             <list>    <list>      <num>
INFO  [17:27:58.488] [bbotk]      162 0.2960548         7          <list[5]> <list[3]>  0.1330698
INFO  [17:27:58.777] [bbotk] Starting to optimize 3 parameter(s) with '<OptimizerBatchRandomSearch>' and '<TerminatorEvals> [n_evals=10, k=0]'
INFO  [17:27:58.797] [bbotk] Evaluating 1 configuration(s)
INFO  [17:27:59.325] [bbotk] Result of batch 1:
INFO  [17:27:59.327] [bbotk]  nrounds    eta max_depth classif.ce warnings errors runtime_learners
INFO  [17:27:59.327] [bbotk]      142 0.2865         9  0.1422925        0      0             0.47
INFO  [17:27:59.327] [bbotk]                                 uhash
INFO  [17:27:59.327] [bbotk]  a64116ef-664a-4a08-bef2-b7a3a710a3d9
INFO  [17:27:59.336] [bbotk] Evaluating 1 configuration(s)
INFO  [17:28:00.152] [bbotk] Result of batch 2:
INFO  [17:28:00.154] [bbotk]  nrounds        eta max_depth classif.ce warnings errors runtime_learners
INFO  [17:28:00.154] [bbotk]      175 0.08146609         9  0.1449275        0      0            0.775
INFO  [17:28:00.154] [bbotk]                                 uhash
INFO  [17:28:00.154] [bbotk]  2aed5419-2c1b-433b-b8d7-70c4b35ade08
INFO  [17:28:00.163] [bbotk] Evaluating 1 configuration(s)
INFO  [17:28:00.615] [bbotk] Result of batch 3:
INFO  [17:28:00.616] [bbotk]  nrounds       eta max_depth classif.ce warnings errors runtime_learners
INFO  [17:28:00.616] [bbotk]      145 0.1181736         4  0.1462451        0      0            0.404
INFO  [17:28:00.616] [bbotk]                                 uhash
INFO  [17:28:00.616] [bbotk]  bf4cd252-f622-4fb8-a39c-ad581527710a
INFO  [17:28:00.620] [bbotk] Evaluating 1 configuration(s)
INFO  [17:28:00.947] [bbotk] Result of batch 4:
INFO  [17:28:00.949] [bbotk]  nrounds       eta max_depth classif.ce warnings errors runtime_learners
INFO  [17:28:00.949] [bbotk]       91 0.2958734         6  0.1475626        0      0            0.291
INFO  [17:28:00.949] [bbotk]                                 uhash
INFO  [17:28:00.949] [bbotk]  a625e53c-69e8-4697-a2d9-ec72ece8eb8c
INFO  [17:28:00.957] [bbotk] Evaluating 1 configuration(s)
INFO  [17:28:01.402] [bbotk] Result of batch 5:
INFO  [17:28:01.404] [bbotk]  nrounds       eta max_depth classif.ce warnings errors runtime_learners
INFO  [17:28:01.404] [bbotk]      121 0.2096504         7  0.1462451        0      0            0.409
INFO  [17:28:01.404] [bbotk]                                 uhash
INFO  [17:28:01.404] [bbotk]  5f58f338-b821-400f-82a2-b66e3fe6ee1f
INFO  [17:28:01.413] [bbotk] Evaluating 1 configuration(s)
INFO  [17:28:01.809] [bbotk] Result of batch 6:
INFO  [17:28:01.811] [bbotk]  nrounds       eta max_depth classif.ce warnings errors runtime_learners
INFO  [17:28:01.811] [bbotk]      248 0.2794323         2  0.1594203        0      0            0.352
INFO  [17:28:01.811] [bbotk]                                 uhash
INFO  [17:28:01.811] [bbotk]  70c235b9-861b-4539-8a12-a2b0cecc458f
INFO  [17:28:01.815] [bbotk] Evaluating 1 configuration(s)
INFO  [17:28:02.346] [bbotk] Result of batch 7:
INFO  [17:28:02.347] [bbotk]  nrounds       eta max_depth classif.ce warnings errors runtime_learners
INFO  [17:28:02.347] [bbotk]      178 0.2649818         6   0.140975        0      0            0.482
INFO  [17:28:02.347] [bbotk]                                 uhash
INFO  [17:28:02.347] [bbotk]  42c30137-07f8-4512-a94e-96c020840708
INFO  [17:28:02.351] [bbotk] Evaluating 1 configuration(s)
INFO  [17:28:02.813] [bbotk] Result of batch 8:
INFO  [17:28:02.816] [bbotk]  nrounds       eta max_depth classif.ce warnings errors runtime_learners
INFO  [17:28:02.816] [bbotk]      136 0.2304668         5  0.1330698        0      0            0.394
INFO  [17:28:02.816] [bbotk]                                 uhash
INFO  [17:28:02.816] [bbotk]  58e11297-5c43-4b60-9111-865a41eb2786
INFO  [17:28:02.822] [bbotk] Evaluating 1 configuration(s)
INFO  [17:28:03.234] [bbotk] Result of batch 9:
INFO  [17:28:03.236] [bbotk]  nrounds       eta max_depth classif.ce warnings errors runtime_learners
INFO  [17:28:03.236] [bbotk]      261 0.1013386         2  0.1528327        0      0            0.376
INFO  [17:28:03.236] [bbotk]                                 uhash
INFO  [17:28:03.236] [bbotk]  3bc45811-c2c8-44cc-a016-1446c05fd23b
INFO  [17:28:03.239] [bbotk] Evaluating 1 configuration(s)
INFO  [17:28:03.584] [bbotk] Result of batch 10:
INFO  [17:28:03.586] [bbotk]  nrounds       eta max_depth classif.ce warnings errors runtime_learners
INFO  [17:28:03.586] [bbotk]      153 0.2198999         3  0.1594203        0      0            0.303
INFO  [17:28:03.586] [bbotk]                                 uhash
INFO  [17:28:03.586] [bbotk]  3fd1de06-51a5-4e58-8016-7e36a62b9a4a
INFO  [17:28:03.598] [bbotk] Finished optimizing after 10 evaluation(s)
INFO  [17:28:03.599] [bbotk] Result:
INFO  [17:28:03.599] [bbotk]  nrounds       eta max_depth learner_param_vals  x_domain classif.ce
INFO  [17:28:03.599] [bbotk]    <int>     <num>     <int>             <list>    <list>      <num>
INFO  [17:28:03.599] [bbotk]      136 0.2304668         5          <list[5]> <list[3]>  0.1330698
INFO  [17:28:03.872] [bbotk] Starting to optimize 3 parameter(s) with '<OptimizerBatchRandomSearch>' and '<TerminatorEvals> [n_evals=10, k=0]'
INFO  [17:28:03.882] [bbotk] Evaluating 1 configuration(s)
INFO  [17:28:04.037] [bbotk] Result of batch 1:
INFO  [17:28:04.038] [bbotk]  nrounds        eta max_depth classif.ce warnings errors runtime_learners
INFO  [17:28:04.038] [bbotk]       65 0.05940352         3    0.14361        0      0            0.118
INFO  [17:28:04.038] [bbotk]                                 uhash
INFO  [17:28:04.038] [bbotk]  492262c1-ab08-42fb-841e-faddd57b75b3
INFO  [17:28:04.042] [bbotk] Evaluating 1 configuration(s)
INFO  [17:28:04.743] [bbotk] Result of batch 2:
INFO  [17:28:04.745] [bbotk]  nrounds        eta max_depth classif.ce warnings errors runtime_learners
INFO  [17:28:04.745] [bbotk]      292 0.03729395         3  0.1475626        0      0            0.652
INFO  [17:28:04.745] [bbotk]                                 uhash
INFO  [17:28:04.745] [bbotk]  57e19b19-e59c-4602-80ee-c30209f831f6
INFO  [17:28:04.755] [bbotk] Evaluating 1 configuration(s)
INFO  [17:28:05.472] [bbotk] Result of batch 3:
INFO  [17:28:05.473] [bbotk]  nrounds       eta max_depth classif.ce warnings errors runtime_learners
INFO  [17:28:05.473] [bbotk]      157 0.1460004         9  0.1422925        0      0            0.679
INFO  [17:28:05.473] [bbotk]                                 uhash
INFO  [17:28:05.473] [bbotk]  11ab154a-1820-4d61-a1d8-fa3a8628128c
INFO  [17:28:05.478] [bbotk] Evaluating 1 configuration(s)
INFO  [17:28:06.085] [bbotk] Result of batch 4:
INFO  [17:28:06.087] [bbotk]  nrounds       eta max_depth classif.ce warnings errors runtime_learners
INFO  [17:28:06.087] [bbotk]      151 0.2894972         8  0.1370224        0      0            0.562
INFO  [17:28:06.087] [bbotk]                                 uhash
INFO  [17:28:06.087] [bbotk]  5ca70345-e859-4d69-8b9c-233e2447308c
INFO  [17:28:06.096] [bbotk] Evaluating 1 configuration(s)
INFO  [17:28:06.771] [bbotk] Result of batch 5:
INFO  [17:28:06.772] [bbotk]  nrounds      eta max_depth classif.ce warnings errors runtime_learners
INFO  [17:28:06.772] [bbotk]      204 0.158557         4   0.140975        0      0            0.629
INFO  [17:28:06.772] [bbotk]                                 uhash
INFO  [17:28:06.772] [bbotk]  4331d9a0-d077-4ac0-b94c-51d46ea1841a
INFO  [17:28:06.776] [bbotk] Evaluating 1 configuration(s)
INFO  [17:28:08.178] [bbotk] Result of batch 6:
INFO  [17:28:08.179] [bbotk]  nrounds        eta max_depth classif.ce warnings errors runtime_learners
INFO  [17:28:08.179] [bbotk]      241 0.01402211         8   0.140975        0      0            1.362
INFO  [17:28:08.179] [bbotk]                                 uhash
INFO  [17:28:08.179] [bbotk]  23075b4b-285b-4fee-9974-90019fc0d1f6
INFO  [17:28:08.187] [bbotk] Evaluating 1 configuration(s)
INFO  [17:28:08.898] [bbotk] Result of batch 7:
INFO  [17:28:08.901] [bbotk]  nrounds        eta max_depth classif.ce warnings errors runtime_learners
INFO  [17:28:08.901] [bbotk]      244 0.09046437         4  0.1396574        0      0            0.668
INFO  [17:28:08.901] [bbotk]                                 uhash
INFO  [17:28:08.901] [bbotk]  20ddea58-f618-4b36-b7dd-6e9f5a4ad5b9
INFO  [17:28:08.906] [bbotk] Evaluating 1 configuration(s)
INFO  [17:28:09.276] [bbotk] Result of batch 8:
INFO  [17:28:09.276] [bbotk]  nrounds       eta max_depth classif.ce warnings errors runtime_learners
INFO  [17:28:09.276] [bbotk]       72 0.1686469         6  0.1396574        0      0            0.336
INFO  [17:28:09.276] [bbotk]                                 uhash
INFO  [17:28:09.276] [bbotk]  c7420a2d-c9dc-4979-8235-629fb16a21b9
INFO  [17:28:09.280] [bbotk] Evaluating 1 configuration(s)
INFO  [17:28:09.925] [bbotk] Result of batch 9:
INFO  [17:28:09.926] [bbotk]  nrounds       eta max_depth classif.ce warnings errors runtime_learners
INFO  [17:28:09.926] [bbotk]      197 0.2117054         7  0.1357049        0      0            0.611
INFO  [17:28:09.926] [bbotk]                                 uhash
INFO  [17:28:09.926] [bbotk]  4403557b-c8bc-4f81-a0d0-8f4cc41198f7
INFO  [17:28:09.932] [bbotk] Evaluating 1 configuration(s)
INFO  [17:28:10.563] [bbotk] Result of batch 10:
INFO  [17:28:10.564] [bbotk]  nrounds       eta max_depth classif.ce warnings errors runtime_learners
INFO  [17:28:10.564] [bbotk]      289 0.2572592         3    0.14361        0      0            0.586
INFO  [17:28:10.564] [bbotk]                                 uhash
INFO  [17:28:10.564] [bbotk]  ed530ee9-acc9-447f-be6d-55dd836f938a
INFO  [17:28:10.574] [bbotk] Finished optimizing after 10 evaluation(s)
INFO  [17:28:10.574] [bbotk] Result:
INFO  [17:28:10.575] [bbotk]  nrounds       eta max_depth learner_param_vals  x_domain classif.ce
INFO  [17:28:10.575] [bbotk]    <int>     <num>     <int>             <list>    <list>      <num>
INFO  [17:28:10.575] [bbotk]      197 0.2117054         7          <list[5]> <list[3]>  0.1357049
INFO  [17:28:10.954] [bbotk] Starting to optimize 3 parameter(s) with '<OptimizerBatchRandomSearch>' and '<TerminatorEvals> [n_evals=10, k=0]'
INFO  [17:28:10.965] [bbotk] Evaluating 1 configuration(s)
INFO  [17:28:11.707] [bbotk] Result of batch 1:
INFO  [17:28:11.708] [bbotk]  nrounds      eta max_depth classif.ce warnings errors runtime_learners
INFO  [17:28:11.708] [bbotk]      242 0.232207         5  0.1449275        0      0            0.697
INFO  [17:28:11.708] [bbotk]                                 uhash
INFO  [17:28:11.708] [bbotk]  ddcf3602-7a7d-42ef-973e-cb2ec1776cb1
INFO  [17:28:11.712] [bbotk] Evaluating 1 configuration(s)
INFO  [17:28:12.043] [bbotk] Result of batch 2:
INFO  [17:28:12.044] [bbotk]  nrounds     eta max_depth classif.ce warnings errors runtime_learners
INFO  [17:28:12.044] [bbotk]       74 0.25854         6  0.1475626        0      0            0.287
INFO  [17:28:12.044] [bbotk]                                 uhash
INFO  [17:28:12.044] [bbotk]  4b511f47-bb4c-42fd-ae4a-26bac18512a2
INFO  [17:28:12.052] [bbotk] Evaluating 1 configuration(s)
INFO  [17:28:12.388] [bbotk] Result of batch 3:
INFO  [17:28:12.389] [bbotk]  nrounds       eta max_depth classif.ce warnings errors runtime_learners
INFO  [17:28:12.389] [bbotk]       83 0.2954779         4  0.1488801        0      0            0.282
INFO  [17:28:12.389] [bbotk]                                 uhash
INFO  [17:28:12.389] [bbotk]  913b091e-ac40-4a02-8048-4d9fb0ee1b52
INFO  [17:28:12.393] [bbotk] Evaluating 1 configuration(s)
INFO  [17:28:13.219] [bbotk] Result of batch 4:
INFO  [17:28:13.221] [bbotk]  nrounds       eta max_depth classif.ce warnings errors runtime_learners
INFO  [17:28:13.221] [bbotk]      281 0.1038015         4  0.1541502        0      0            0.773
INFO  [17:28:13.221] [bbotk]                                 uhash
INFO  [17:28:13.221] [bbotk]  b8c7008d-fe75-4739-a93f-3e4fb64cdd9d
INFO  [17:28:13.226] [bbotk] Evaluating 1 configuration(s)
INFO  [17:28:14.197] [bbotk] Result of batch 5:
INFO  [17:28:14.199] [bbotk]  nrounds       eta max_depth classif.ce warnings errors runtime_learners
INFO  [17:28:14.199] [bbotk]      272 0.1218036         6    0.14361        0      0            0.928
INFO  [17:28:14.199] [bbotk]                                 uhash
INFO  [17:28:14.199] [bbotk]  94b1ee61-3d7f-4f1f-9601-f56c10aa4932
INFO  [17:28:14.204] [bbotk] Evaluating 1 configuration(s)
INFO  [17:28:15.372] [bbotk] Result of batch 6:
INFO  [17:28:15.374] [bbotk]  nrounds        eta max_depth classif.ce warnings errors runtime_learners
INFO  [17:28:15.374] [bbotk]      266 0.06339802         8  0.1422925        0      0            1.137
INFO  [17:28:15.374] [bbotk]                                 uhash
INFO  [17:28:15.374] [bbotk]  7a726ab2-7c1a-4f0d-9824-d598d6691d49
INFO  [17:28:15.390] [bbotk] Evaluating 1 configuration(s)
INFO  [17:28:15.801] [bbotk] Result of batch 7:
INFO  [17:28:15.803] [bbotk]  nrounds       eta max_depth classif.ce warnings errors runtime_learners
INFO  [17:28:15.803] [bbotk]      253 0.0835122         2  0.1488801        0      0            0.371
INFO  [17:28:15.803] [bbotk]                                 uhash
INFO  [17:28:15.803] [bbotk]  d66769c5-79e5-481d-965a-d95ce549c097
INFO  [17:28:15.812] [bbotk] Evaluating 1 configuration(s)
INFO  [17:28:16.114] [bbotk] Result of batch 8:
INFO  [17:28:16.115] [bbotk]  nrounds       eta max_depth classif.ce warnings errors runtime_learners
INFO  [17:28:16.115] [bbotk]       61 0.0938504         6  0.1475626        0      0            0.257
INFO  [17:28:16.115] [bbotk]                                 uhash
INFO  [17:28:16.115] [bbotk]  b1ab7c2b-98ec-45c9-9da9-f439fcf2358a
INFO  [17:28:16.130] [bbotk] Evaluating 1 configuration(s)
INFO  [17:28:17.262] [bbotk] Result of batch 9:
INFO  [17:28:17.263] [bbotk]  nrounds        eta max_depth classif.ce warnings errors runtime_learners
INFO  [17:28:17.263] [bbotk]      231 0.04985798         7  0.1449275        0      0            1.092
INFO  [17:28:17.263] [bbotk]                                 uhash
INFO  [17:28:17.263] [bbotk]  de358cf7-1d60-4c77-997a-c74237054022
INFO  [17:28:17.268] [bbotk] Evaluating 1 configuration(s)
INFO  [17:28:17.482] [bbotk] Result of batch 10:
INFO  [17:28:17.484] [bbotk]  nrounds       eta max_depth classif.ce warnings errors runtime_learners
INFO  [17:28:17.484] [bbotk]       60 0.1833765         4  0.1488801        0      0            0.182
INFO  [17:28:17.484] [bbotk]                                 uhash
INFO  [17:28:17.484] [bbotk]  bc206c2a-1e64-4a13-b15a-5fdbe54e55d9
INFO  [17:28:17.496] [bbotk] Finished optimizing after 10 evaluation(s)
INFO  [17:28:17.496] [bbotk] Result:
INFO  [17:28:17.497] [bbotk]  nrounds        eta max_depth learner_param_vals  x_domain classif.ce
INFO  [17:28:17.497] [bbotk]    <int>      <num>     <int>             <list>    <list>      <num>
INFO  [17:28:17.497] [bbotk]      266 0.06339802         8          <list[5]> <list[3]>  0.1422925
INFO  [17:28:18.105] [bbotk] Starting to optimize 3 parameter(s) with '<OptimizerBatchRandomSearch>' and '<TerminatorEvals> [n_evals=10, k=0]'
INFO  [17:28:18.115] [bbotk] Evaluating 1 configuration(s)
INFO  [17:28:18.796] [bbotk] Result of batch 1:
INFO  [17:28:18.797] [bbotk]  nrounds       eta max_depth classif.ce warnings errors runtime_learners
INFO  [17:28:18.797] [bbotk]      142 0.1579246         8  0.1394655        0      0            0.644
INFO  [17:28:18.797] [bbotk]                                 uhash
INFO  [17:28:18.797] [bbotk]  17e473de-86a2-41ac-9fda-b0c8d7fec691
INFO  [17:28:18.801] [bbotk] Evaluating 1 configuration(s)
INFO  [17:28:19.620] [bbotk] Result of batch 2:
INFO  [17:28:19.622] [bbotk]  nrounds       eta max_depth classif.ce warnings errors runtime_learners
INFO  [17:28:19.622] [bbotk]      297 0.2559233         6  0.1447201        0      0            0.767
INFO  [17:28:19.622] [bbotk]                                 uhash
INFO  [17:28:19.622] [bbotk]  5b1b9534-fe80-45dc-930b-b81646a2da43
INFO  [17:28:19.627] [bbotk] Evaluating 1 configuration(s)
INFO  [17:28:20.011] [bbotk] Result of batch 3:
INFO  [17:28:20.012] [bbotk]  nrounds        eta max_depth classif.ce warnings errors runtime_learners
INFO  [17:28:20.012] [bbotk]       69 0.07770981         6  0.1407675        0      0            0.348
INFO  [17:28:20.012] [bbotk]                                 uhash
INFO  [17:28:20.012] [bbotk]  4287631e-b4b2-48cd-8ffc-cad562a771e7
INFO  [17:28:20.021] [bbotk] Evaluating 1 configuration(s)
INFO  [17:28:20.796] [bbotk] Result of batch 4:
INFO  [17:28:20.797] [bbotk]  nrounds       eta max_depth classif.ce warnings errors runtime_learners
INFO  [17:28:20.797] [bbotk]      277 0.2211306         4   0.142085        0      0            0.737
INFO  [17:28:20.797] [bbotk]                                 uhash
INFO  [17:28:20.797] [bbotk]  955485b7-9b01-4d6d-9054-fb58d1593c05
INFO  [17:28:20.803] [bbotk] Evaluating 1 configuration(s)
INFO  [17:28:21.690] [bbotk] Result of batch 5:
INFO  [17:28:21.691] [bbotk]  nrounds       eta max_depth classif.ce warnings errors runtime_learners
INFO  [17:28:21.691] [bbotk]      256 0.1969783         7  0.1407727        0      0            0.836
INFO  [17:28:21.691] [bbotk]                                 uhash
INFO  [17:28:21.691] [bbotk]  834ef9a5-eea6-4f81-8564-42d46876794c
INFO  [17:28:21.696] [bbotk] Evaluating 1 configuration(s)
INFO  [17:28:22.366] [bbotk] Result of batch 6:
INFO  [17:28:22.367] [bbotk]  nrounds       eta max_depth classif.ce warnings errors runtime_learners
INFO  [17:28:22.367] [bbotk]      237 0.2323216         4  0.1355078        0      0            0.614
INFO  [17:28:22.367] [bbotk]                                 uhash
INFO  [17:28:22.367] [bbotk]  d3cbc553-6056-4040-afdc-1e777d46b73d
INFO  [17:28:22.376] [bbotk] Evaluating 1 configuration(s)
INFO  [17:28:22.767] [bbotk] Result of batch 7:
INFO  [17:28:22.768] [bbotk]  nrounds      eta max_depth classif.ce warnings errors runtime_learners
INFO  [17:28:22.768] [bbotk]      253 0.281276         2  0.1486467        0      0            0.356
INFO  [17:28:22.768] [bbotk]                                 uhash
INFO  [17:28:22.768] [bbotk]  73cabf8e-af5d-492f-844e-1259faab362d
INFO  [17:28:22.772] [bbotk] Evaluating 1 configuration(s)
INFO  [17:28:23.250] [bbotk] Result of batch 8:
INFO  [17:28:23.252] [bbotk]  nrounds       eta max_depth classif.ce warnings errors runtime_learners
INFO  [17:28:23.252] [bbotk]       90 0.1002849         6  0.1420798        0      0             0.43
INFO  [17:28:23.252] [bbotk]                                 uhash
INFO  [17:28:23.252] [bbotk]  125984cb-d9e9-4e0a-aa9f-819676169480
INFO  [17:28:23.259] [bbotk] Evaluating 1 configuration(s)
INFO  [17:28:24.029] [bbotk] Result of batch 9:
INFO  [17:28:24.030] [bbotk]  nrounds       eta max_depth classif.ce warnings errors runtime_learners
INFO  [17:28:24.030] [bbotk]      220 0.2731788        10  0.1407882        0      0            0.714
INFO  [17:28:24.030] [bbotk]                                 uhash
INFO  [17:28:24.030] [bbotk]  4df9afb9-b0cf-497d-a0bc-2549fffc9745
INFO  [17:28:24.034] [bbotk] Evaluating 1 configuration(s)
INFO  [17:28:24.399] [bbotk] Result of batch 10:
INFO  [17:28:24.400] [bbotk]  nrounds       eta max_depth classif.ce warnings errors runtime_learners
INFO  [17:28:24.400] [bbotk]       64 0.1334039         7  0.1315604        0      0            0.326
INFO  [17:28:24.400] [bbotk]                                 uhash
INFO  [17:28:24.400] [bbotk]  869244ed-ea74-4ecf-97f0-aa34f67998b1
INFO  [17:28:24.411] [bbotk] Finished optimizing after 10 evaluation(s)
INFO  [17:28:24.411] [bbotk] Result:
INFO  [17:28:24.412] [bbotk]  nrounds       eta max_depth learner_param_vals  x_domain classif.ce
INFO  [17:28:24.412] [bbotk]    <int>     <num>     <int>             <list>    <list>      <num>
INFO  [17:28:24.412] [bbotk]       64 0.1334039         7          <list[5]> <list[3]>  0.1315604

### [bt]: Job terminated successfully [batchtools job.id=3035]
### [bt]: Calculation finished!
