### [bt]: This is batchtools v0.9.17
### [bt]: Starting calculation of 5 jobs
### [bt]: Setting working directory to '/Users/User/Documents/Studium/Semester8/Hiwi/mlr3calibration/vignettes'
### [bt]: Memory measurement disabled
### [bt]: Starting job [batchtools job.id=2646]
### [bt]: Generating problem instance for problem '34d90df810f60583' ...
### [bt]: Applying algorithm 'run_learner' on problem '34d90df810f60583' for job 2646 (seed = 2647) ...
INFO  [17:16:57.454] [mlr3] Applying learner 'classif.xgboost.tuned_calib.perfold_platt' on task 'phoneme' (iter 6/10)
INFO  [17:16:57.498] [bbotk] Starting to optimize 3 parameter(s) with '<OptimizerBatchRandomSearch>' and '<TerminatorEvals> [n_evals=10, k=0]'
INFO  [17:16:57.507] [bbotk] Evaluating 1 configuration(s)
INFO  [17:16:57.701] [bbotk] Result of batch 1:
INFO  [17:16:57.702] [bbotk]  nrounds       eta max_depth classif.ce warnings errors runtime_learners
INFO  [17:16:57.702] [bbotk]      144 0.1981302         2   0.150347        0      0            0.161
INFO  [17:16:57.702] [bbotk]                                 uhash
INFO  [17:16:57.702] [bbotk]  5e723c1d-02fd-46ca-a3e0-00271bbe6b04
INFO  [17:16:57.706] [bbotk] Evaluating 1 configuration(s)
INFO  [17:16:58.702] [bbotk] Result of batch 2:
INFO  [17:16:58.707] [bbotk]  nrounds        eta max_depth classif.ce warnings errors runtime_learners
INFO  [17:16:58.707] [bbotk]      121 0.03549496         8  0.1256746        0      0            0.957
INFO  [17:16:58.707] [bbotk]                                 uhash
INFO  [17:16:58.707] [bbotk]  ee9568a6-aeaa-4d7e-9540-a9966d4a779c
INFO  [17:16:58.711] [bbotk] Evaluating 1 configuration(s)
INFO  [17:16:59.070] [bbotk] Result of batch 3:
INFO  [17:16:59.071] [bbotk]  nrounds       eta max_depth classif.ce warnings errors runtime_learners
INFO  [17:16:59.071] [bbotk]      153 0.2081261         2   0.150347        0      0            0.314
INFO  [17:16:59.071] [bbotk]                                 uhash
INFO  [17:16:59.071] [bbotk]  8b1a600d-f222-434b-9252-837c0f2b41b9
INFO  [17:16:59.074] [bbotk] Evaluating 1 configuration(s)
INFO  [17:16:59.986] [bbotk] Result of batch 4:
INFO  [17:16:59.987] [bbotk]  nrounds       eta max_depth classif.ce warnings errors runtime_learners
INFO  [17:16:59.987] [bbotk]      107 0.2729535        10  0.1123105        0      0             0.86
INFO  [17:16:59.987] [bbotk]                                 uhash
INFO  [17:16:59.987] [bbotk]  74ceb400-5897-410d-8d54-77a70aa54c3f
INFO  [17:16:59.991] [bbotk] Evaluating 1 configuration(s)
INFO  [17:17:00.775] [bbotk] Result of batch 5:
INFO  [17:17:00.777] [bbotk]  nrounds        eta max_depth classif.ce warnings errors runtime_learners
INFO  [17:17:00.777] [bbotk]      271 0.02691732         3   0.152917        0      0            0.735
INFO  [17:17:00.777] [bbotk]                                 uhash
INFO  [17:17:00.777] [bbotk]  2781a6a1-47ab-4b77-8a88-1d51b8de93df
INFO  [17:17:00.781] [bbotk] Evaluating 1 configuration(s)
INFO  [17:17:01.101] [bbotk] Result of batch 6:
INFO  [17:17:01.103] [bbotk]  nrounds        eta max_depth classif.ce warnings errors runtime_learners
INFO  [17:17:01.103] [bbotk]       98 0.03872512         3  0.1691082        0      0            0.282
INFO  [17:17:01.103] [bbotk]                                 uhash
INFO  [17:17:01.103] [bbotk]  52cd77d6-1be5-454a-ba23-7972cb07d885
INFO  [17:17:01.110] [bbotk] Evaluating 1 configuration(s)
INFO  [17:17:01.574] [bbotk] Result of batch 7:
INFO  [17:17:01.575] [bbotk]  nrounds       eta max_depth classif.ce warnings errors runtime_learners
INFO  [17:17:01.575] [bbotk]      256 0.1096079         2  0.1482909        0      0            0.431
INFO  [17:17:01.575] [bbotk]                                 uhash
INFO  [17:17:01.575] [bbotk]  6c49c41b-f18e-4475-83c2-9ac85e16c991
INFO  [17:17:01.581] [bbotk] Evaluating 1 configuration(s)
INFO  [17:17:02.007] [bbotk] Result of batch 8:
INFO  [17:17:02.009] [bbotk]  nrounds       eta max_depth classif.ce warnings errors runtime_learners
INFO  [17:17:02.009] [bbotk]      143 0.2630244         3  0.1428939        0      0            0.369
INFO  [17:17:02.009] [bbotk]                                 uhash
INFO  [17:17:02.009] [bbotk]  2bf95314-4432-43e3-914e-68a8236aeac0
INFO  [17:17:02.013] [bbotk] Evaluating 1 configuration(s)
INFO  [17:17:02.754] [bbotk] Result of batch 9:
INFO  [17:17:02.755] [bbotk]  nrounds       eta max_depth classif.ce warnings errors runtime_learners
INFO  [17:17:02.755] [bbotk]      201 0.2553469         4  0.1318427        0      0            0.709
INFO  [17:17:02.755] [bbotk]                                 uhash
INFO  [17:17:02.755] [bbotk]  95068e97-92b0-4db5-beca-21770c0f0e3e
INFO  [17:17:02.759] [bbotk] Evaluating 1 configuration(s)
INFO  [17:17:03.269] [bbotk] Result of batch 10:
INFO  [17:17:03.271] [bbotk]  nrounds      eta max_depth classif.ce warnings errors runtime_learners
INFO  [17:17:03.271] [bbotk]      275 0.166069         2  0.1436649        0      0            0.469
INFO  [17:17:03.271] [bbotk]                                 uhash
INFO  [17:17:03.271] [bbotk]  b49371be-a617-497f-812c-8776327b07a7
INFO  [17:17:03.288] [bbotk] Finished optimizing after 10 evaluation(s)
INFO  [17:17:03.289] [bbotk] Result:
INFO  [17:17:03.289] [bbotk]  nrounds       eta max_depth learner_param_vals  x_domain classif.ce
INFO  [17:17:03.289] [bbotk]    <int>     <num>     <int>             <list>    <list>      <num>
INFO  [17:17:03.289] [bbotk]      107 0.2729535        10          <list[5]> <list[3]>  0.1123105
INFO  [17:17:03.705] [bbotk] Starting to optimize 3 parameter(s) with '<OptimizerBatchRandomSearch>' and '<TerminatorEvals> [n_evals=10, k=0]'
INFO  [17:17:03.727] [bbotk] Evaluating 1 configuration(s)
INFO  [17:17:05.256] [bbotk] Result of batch 1:
INFO  [17:17:05.259] [bbotk]  nrounds        eta max_depth classif.ce warnings errors runtime_learners
INFO  [17:17:05.259] [bbotk]      282 0.09517701         6  0.1233616        0      0            1.485
INFO  [17:17:05.259] [bbotk]                                 uhash
INFO  [17:17:05.259] [bbotk]  c015c07a-25f5-4db3-860c-b4a5d309206f
INFO  [17:17:05.265] [bbotk] Evaluating 1 configuration(s)
INFO  [17:17:07.924] [bbotk] Result of batch 2:
INFO  [17:17:07.925] [bbotk]  nrounds        eta max_depth classif.ce warnings errors runtime_learners
INFO  [17:17:07.925] [bbotk]      298 0.01868809        10  0.1205346        0      0            2.608
INFO  [17:17:07.925] [bbotk]                                 uhash
INFO  [17:17:07.925] [bbotk]  9d12e154-668a-47ee-95c5-f644c052006c
INFO  [17:17:07.935] [bbotk] Evaluating 1 configuration(s)
INFO  [17:17:09.310] [bbotk] Result of batch 3:
INFO  [17:17:09.312] [bbotk]  nrounds       eta max_depth classif.ce warnings errors runtime_learners
INFO  [17:17:09.312] [bbotk]      190 0.2353049         8  0.1189925        0      0            1.322
INFO  [17:17:09.312] [bbotk]                                 uhash
INFO  [17:17:09.312] [bbotk]  c906abdb-de32-47d7-9475-b976af38b4c1
INFO  [17:17:09.326] [bbotk] Evaluating 1 configuration(s)
INFO  [17:17:09.608] [bbotk] Result of batch 4:
INFO  [17:17:09.609] [bbotk]  nrounds        eta max_depth classif.ce warnings errors runtime_learners
INFO  [17:17:09.609] [bbotk]       71 0.04569676         3   0.157286        0      0            0.232
INFO  [17:17:09.609] [bbotk]                                 uhash
INFO  [17:17:09.609] [bbotk]  0e20ccbe-9adb-49d1-b291-a80b0be4477f
INFO  [17:17:09.612] [bbotk] Evaluating 1 configuration(s)
INFO  [17:17:09.993] [bbotk] Result of batch 5:
INFO  [17:17:09.994] [bbotk]  nrounds       eta max_depth classif.ce warnings errors runtime_learners
INFO  [17:17:09.994] [bbotk]      136 0.1698904         3  0.1362118        0      0            0.341
INFO  [17:17:09.994] [bbotk]                                 uhash
INFO  [17:17:09.994] [bbotk]  c4b220cb-c493-4b2d-b016-acae49ddeede
INFO  [17:17:09.998] [bbotk] Evaluating 1 configuration(s)
INFO  [17:17:10.233] [bbotk] Result of batch 6:
INFO  [17:17:10.235] [bbotk]  nrounds        eta max_depth classif.ce warnings errors runtime_learners
INFO  [17:17:10.235] [bbotk]       90 0.05373818         2  0.1824724        0      0            0.189
INFO  [17:17:10.235] [bbotk]                                 uhash
INFO  [17:17:10.235] [bbotk]  b67f8fe2-7150-4095-9cf4-a285d42a8580
INFO  [17:17:10.241] [bbotk] Evaluating 1 configuration(s)
INFO  [17:17:11.088] [bbotk] Result of batch 7:
INFO  [17:17:11.089] [bbotk]  nrounds        eta max_depth classif.ce warnings errors runtime_learners
INFO  [17:17:11.089] [bbotk]       81 0.05880705        10  0.1189925        0      0            0.807
INFO  [17:17:11.089] [bbotk]                                 uhash
INFO  [17:17:11.089] [bbotk]  72b56f7f-3799-46d2-9094-73fa263d108c
INFO  [17:17:11.093] [bbotk] Evaluating 1 configuration(s)
INFO  [17:17:11.454] [bbotk] Result of batch 8:
INFO  [17:17:11.455] [bbotk]  nrounds       eta max_depth classif.ce warnings errors runtime_learners
INFO  [17:17:11.455] [bbotk]      153 0.0222912         2  0.1958365        0      0            0.324
INFO  [17:17:11.455] [bbotk]                                 uhash
INFO  [17:17:11.455] [bbotk]  6f913b38-4434-4fb0-a7dd-9066a6fcfe83
INFO  [17:17:11.459] [bbotk] Evaluating 1 configuration(s)
INFO  [17:17:12.074] [bbotk] Result of batch 9:
INFO  [17:17:12.076] [bbotk]  nrounds        eta max_depth classif.ce warnings errors runtime_learners
INFO  [17:17:12.076] [bbotk]      229 0.09838045         3  0.1362118        0      0            0.583
INFO  [17:17:12.076] [bbotk]                                 uhash
INFO  [17:17:12.076] [bbotk]  34b1bc1a-c12d-4ffc-b1ae-be9f8828170f
INFO  [17:17:12.085] [bbotk] Evaluating 1 configuration(s)
INFO  [17:17:13.566] [bbotk] Result of batch 10:
INFO  [17:17:13.567] [bbotk]  nrounds       eta max_depth classif.ce warnings errors runtime_learners
INFO  [17:17:13.567] [bbotk]      260 0.2523496         7  0.1197636        0      0            1.446
INFO  [17:17:13.567] [bbotk]                                 uhash
INFO  [17:17:13.567] [bbotk]  f87fc677-5f15-4950-86b0-56777e51dedb
INFO  [17:17:13.586] [bbotk] Finished optimizing after 10 evaluation(s)
INFO  [17:17:13.587] [bbotk] Result:
INFO  [17:17:13.588] [bbotk]  nrounds       eta max_depth learner_param_vals  x_domain classif.ce
INFO  [17:17:13.588] [bbotk]    <int>     <num>     <int>             <list>    <list>      <num>
INFO  [17:17:13.588] [bbotk]      190 0.2353049         8          <list[5]> <list[3]>  0.1189925
INFO  [17:17:14.278] [bbotk] Starting to optimize 3 parameter(s) with '<OptimizerBatchRandomSearch>' and '<TerminatorEvals> [n_evals=10, k=0]'
INFO  [17:17:14.300] [bbotk] Evaluating 1 configuration(s)
INFO  [17:17:15.657] [bbotk] Result of batch 1:
INFO  [17:17:15.659] [bbotk]  nrounds        eta max_depth classif.ce warnings errors runtime_learners
INFO  [17:17:15.659] [bbotk]      166 0.05357407         9  0.1169365        0      0            1.312
INFO  [17:17:15.659] [bbotk]                                 uhash
INFO  [17:17:15.659] [bbotk]  4c13d141-2713-45e8-86e2-d9b4e2d88ced
INFO  [17:17:15.668] [bbotk] Evaluating 1 configuration(s)
INFO  [17:17:16.495] [bbotk] Result of batch 2:
INFO  [17:17:16.496] [bbotk]  nrounds        eta max_depth classif.ce warnings errors runtime_learners
INFO  [17:17:16.496] [bbotk]      135 0.05443566         7  0.1192496        0      0            0.788
INFO  [17:17:16.496] [bbotk]                                 uhash
INFO  [17:17:16.496] [bbotk]  03559f8d-3e5c-499f-ac2b-89e00ade7f5d
INFO  [17:17:16.503] [bbotk] Evaluating 1 configuration(s)
INFO  [17:17:17.009] [bbotk] Result of batch 3:
INFO  [17:17:17.011] [bbotk]  nrounds        eta max_depth classif.ce warnings errors runtime_learners
INFO  [17:17:17.011] [bbotk]       93 0.09758844         6  0.1220766        0      0            0.459
INFO  [17:17:17.011] [bbotk]                                 uhash
INFO  [17:17:17.011] [bbotk]  aa2ddabb-9763-4cde-a796-acdfd155154a
INFO  [17:17:17.021] [bbotk] Evaluating 1 configuration(s)
INFO  [17:17:18.612] [bbotk] Result of batch 4:
INFO  [17:17:18.620] [bbotk]  nrounds       eta max_depth classif.ce warnings errors runtime_learners
INFO  [17:17:18.620] [bbotk]      276 0.2531017         7  0.1174505        0      0            1.547
INFO  [17:17:18.620] [bbotk]                                 uhash
INFO  [17:17:18.620] [bbotk]  854dadf1-094f-4e44-be32-e207f3606f00
INFO  [17:17:18.624] [bbotk] Evaluating 1 configuration(s)
INFO  [17:17:19.071] [bbotk] Result of batch 5:
INFO  [17:17:19.072] [bbotk]  nrounds       eta max_depth classif.ce warnings errors runtime_learners
INFO  [17:17:19.072] [bbotk]       51 0.1957654         9  0.1166795        0      0            0.401
INFO  [17:17:19.072] [bbotk]                                 uhash
INFO  [17:17:19.072] [bbotk]  bb3231f6-b242-4d60-9d52-41903ea74351
INFO  [17:17:19.081] [bbotk] Evaluating 1 configuration(s)
INFO  [17:17:20.297] [bbotk] Result of batch 6:
INFO  [17:17:20.298] [bbotk]  nrounds       eta max_depth classif.ce warnings errors runtime_learners
INFO  [17:17:20.298] [bbotk]      188 0.2588884         7  0.1202776        0      0            1.162
INFO  [17:17:20.298] [bbotk]                                 uhash
INFO  [17:17:20.298] [bbotk]  c8a69864-1676-43fa-9d83-efb2d59551ac
INFO  [17:17:20.302] [bbotk] Evaluating 1 configuration(s)
INFO  [17:17:22.113] [bbotk] Result of batch 7:
INFO  [17:17:22.114] [bbotk]  nrounds       eta max_depth classif.ce warnings errors runtime_learners
INFO  [17:17:22.114] [bbotk]      218 0.0881959         9  0.1141095        0      0            1.768
INFO  [17:17:22.114] [bbotk]                                 uhash
INFO  [17:17:22.114] [bbotk]  dadb7627-af73-4522-b455-46c2d255d89d
INFO  [17:17:22.120] [bbotk] Evaluating 1 configuration(s)
INFO  [17:17:23.865] [bbotk] Result of batch 8:
INFO  [17:17:23.867] [bbotk]  nrounds       eta max_depth classif.ce warnings errors runtime_learners
INFO  [17:17:23.867] [bbotk]      279 0.1651106         8  0.1184785        0      0            1.702
INFO  [17:17:23.867] [bbotk]                                 uhash
INFO  [17:17:23.867] [bbotk]  b21bb560-ec73-483e-a1c9-ed2381285000
INFO  [17:17:23.877] [bbotk] Evaluating 1 configuration(s)
INFO  [17:17:25.480] [bbotk] Result of batch 9:
INFO  [17:17:25.482] [bbotk]  nrounds       eta max_depth classif.ce warnings errors runtime_learners
INFO  [17:17:25.482] [bbotk]      227 0.1190234         8  0.1169365        0      0            1.549
INFO  [17:17:25.482] [bbotk]                                 uhash
INFO  [17:17:25.482] [bbotk]  e46f3302-df78-41ec-b582-a266757653a5
INFO  [17:17:25.490] [bbotk] Evaluating 1 configuration(s)
INFO  [17:17:26.422] [bbotk] Result of batch 10:
INFO  [17:17:26.423] [bbotk]  nrounds       eta max_depth classif.ce warnings errors runtime_learners
INFO  [17:17:26.423] [bbotk]      164 0.1052954         6  0.1251606        0      0            0.893
INFO  [17:17:26.423] [bbotk]                                 uhash
INFO  [17:17:26.423] [bbotk]  be79ba94-418c-49d1-b539-6bc2c601db24
INFO  [17:17:26.430] [bbotk] Finished optimizing after 10 evaluation(s)
INFO  [17:17:26.431] [bbotk] Result:
INFO  [17:17:26.431] [bbotk]  nrounds       eta max_depth learner_param_vals  x_domain classif.ce
INFO  [17:17:26.431] [bbotk]    <int>     <num>     <int>             <list>    <list>      <num>
INFO  [17:17:26.431] [bbotk]      218 0.0881959         9          <list[5]> <list[3]>  0.1141095
INFO  [17:17:27.200] [bbotk] Starting to optimize 3 parameter(s) with '<OptimizerBatchRandomSearch>' and '<TerminatorEvals> [n_evals=10, k=0]'
INFO  [17:17:27.216] [bbotk] Evaluating 1 configuration(s)
INFO  [17:17:27.890] [bbotk] Result of batch 1:
INFO  [17:17:27.891] [bbotk]  nrounds       eta max_depth classif.ce warnings errors runtime_learners
INFO  [17:17:27.891] [bbotk]      143 0.1527549         6  0.1192496        0      0            0.633
INFO  [17:17:27.891] [bbotk]                                 uhash
INFO  [17:17:27.891] [bbotk]  aada37c7-0908-4528-9f33-38cf5960e853
INFO  [17:17:27.901] [bbotk] Evaluating 1 configuration(s)
INFO  [17:17:28.967] [bbotk] Result of batch 2:
INFO  [17:17:28.968] [bbotk]  nrounds       eta max_depth classif.ce warnings errors runtime_learners
INFO  [17:17:28.968] [bbotk]      176 0.2910004         7  0.1135955        0      0            1.016
INFO  [17:17:28.968] [bbotk]                                 uhash
INFO  [17:17:28.968] [bbotk]  cf714f1f-323d-4dcb-bdc0-e40569bc1a44
INFO  [17:17:28.979] [bbotk] Evaluating 1 configuration(s)
INFO  [17:17:29.430] [bbotk] Result of batch 3:
INFO  [17:17:29.431] [bbotk]  nrounds       eta max_depth classif.ce warnings errors runtime_learners
INFO  [17:17:29.431] [bbotk]       90 0.1302815         5  0.1310717        0      0             0.39
INFO  [17:17:29.431] [bbotk]                                 uhash
INFO  [17:17:29.431] [bbotk]  b930f528-0df8-44ae-a2d0-721d59d59e79
INFO  [17:17:29.435] [bbotk] Evaluating 1 configuration(s)
INFO  [17:17:29.952] [bbotk] Result of batch 4:
INFO  [17:17:29.953] [bbotk]  nrounds       eta max_depth classif.ce warnings errors runtime_learners
INFO  [17:17:29.953] [bbotk]       66 0.2937562         9  0.1148805        0      0            0.482
INFO  [17:17:29.953] [bbotk]                                 uhash
INFO  [17:17:29.953] [bbotk]  de827dc9-7e63-4c9a-814c-c07aba69da5e
INFO  [17:17:29.961] [bbotk] Evaluating 1 configuration(s)
INFO  [17:17:30.793] [bbotk] Result of batch 5:
INFO  [17:17:30.795] [bbotk]  nrounds        eta max_depth classif.ce warnings errors runtime_learners
INFO  [17:17:30.795] [bbotk]      212 0.06711149         5  0.1287587        0      0            0.795
INFO  [17:17:30.795] [bbotk]                                 uhash
INFO  [17:17:30.795] [bbotk]  9e67727f-d09a-4453-ae2e-6d8edb660ac8
INFO  [17:17:30.803] [bbotk] Evaluating 1 configuration(s)
INFO  [17:17:31.887] [bbotk] Result of batch 6:
INFO  [17:17:31.888] [bbotk]  nrounds       eta max_depth classif.ce warnings errors runtime_learners
INFO  [17:17:31.888] [bbotk]      132 0.2159404        10  0.1123105        0      0            1.039
INFO  [17:17:31.888] [bbotk]                                 uhash
INFO  [17:17:31.888] [bbotk]  c09d4070-911f-46b3-bbb1-3305425fa7c6
INFO  [17:17:31.892] [bbotk] Evaluating 1 configuration(s)
INFO  [17:17:32.036] [bbotk] Result of batch 7:
INFO  [17:17:32.038] [bbotk]  nrounds       eta max_depth classif.ce warnings errors runtime_learners
INFO  [17:17:32.038] [bbotk]       53 0.2127086         3  0.1495759        0      0            0.111
INFO  [17:17:32.038] [bbotk]                                 uhash
INFO  [17:17:32.038] [bbotk]  f36c7299-8c54-4f08-9b24-4f04501dbdaa
INFO  [17:17:32.047] [bbotk] Evaluating 1 configuration(s)
INFO  [17:17:32.471] [bbotk] Result of batch 8:
INFO  [17:17:32.472] [bbotk]  nrounds       eta max_depth classif.ce warnings errors runtime_learners
INFO  [17:17:32.472] [bbotk]       74 0.1516208         6  0.1205346        0      0            0.386
INFO  [17:17:32.472] [bbotk]                                 uhash
INFO  [17:17:32.472] [bbotk]  f31b3002-906d-447a-8401-140f4c4641ee
INFO  [17:17:32.476] [bbotk] Evaluating 1 configuration(s)
INFO  [17:17:33.223] [bbotk] Result of batch 9:
INFO  [17:17:33.225] [bbotk]  nrounds        eta max_depth classif.ce warnings errors runtime_learners
INFO  [17:17:33.225] [bbotk]      112 0.04394966         7  0.1243896        0      0            0.704
INFO  [17:17:33.225] [bbotk]                                 uhash
INFO  [17:17:33.225] [bbotk]  ffe71489-9fb6-469a-af2b-7eb2860131cf
INFO  [17:17:33.232] [bbotk] Evaluating 1 configuration(s)
INFO  [17:17:34.253] [bbotk] Result of batch 10:
INFO  [17:17:34.255] [bbotk]  nrounds       eta max_depth classif.ce warnings errors runtime_learners
INFO  [17:17:34.255] [bbotk]      177 0.1319451         7  0.1205346        0      0             0.98
INFO  [17:17:34.255] [bbotk]                                 uhash
INFO  [17:17:34.255] [bbotk]  4bb74dd0-5cfc-4814-91c3-a03238c521eb
INFO  [17:17:34.268] [bbotk] Finished optimizing after 10 evaluation(s)
INFO  [17:17:34.269] [bbotk] Result:
INFO  [17:17:34.269] [bbotk]  nrounds       eta max_depth learner_param_vals  x_domain classif.ce
INFO  [17:17:34.269] [bbotk]    <int>     <num>     <int>             <list>    <list>      <num>
INFO  [17:17:34.269] [bbotk]      132 0.2159404        10          <list[5]> <list[3]>  0.1123105
INFO  [17:17:34.815] [bbotk] Starting to optimize 3 parameter(s) with '<OptimizerBatchRandomSearch>' and '<TerminatorEvals> [n_evals=10, k=0]'
INFO  [17:17:34.831] [bbotk] Evaluating 1 configuration(s)
INFO  [17:17:35.848] [bbotk] Result of batch 1:
INFO  [17:17:35.849] [bbotk]  nrounds       eta max_depth classif.ce warnings errors runtime_learners
INFO  [17:17:35.849] [bbotk]      122 0.2401146        10  0.1202491        0      0            0.979
INFO  [17:17:35.849] [bbotk]                                 uhash
INFO  [17:17:35.849] [bbotk]  5b0772be-5a4e-4245-8bfe-1c008e74e189
INFO  [17:17:35.858] [bbotk] Evaluating 1 configuration(s)
INFO  [17:17:36.357] [bbotk] Result of batch 2:
INFO  [17:17:36.358] [bbotk]  nrounds       eta max_depth classif.ce warnings errors runtime_learners
INFO  [17:17:36.358] [bbotk]      279 0.1081683         2   0.154932        0      0            0.465
INFO  [17:17:36.358] [bbotk]                                 uhash
INFO  [17:17:36.358] [bbotk]  0423a59c-ebfd-4f3d-b6f5-2cbec950c679
INFO  [17:17:36.368] [bbotk] Evaluating 1 configuration(s)
INFO  [17:17:36.786] [bbotk] Result of batch 3:
INFO  [17:17:36.787] [bbotk]  nrounds       eta max_depth classif.ce warnings errors runtime_learners
INFO  [17:17:36.787] [bbotk]      105 0.2241154         4  0.1310382        0      0            0.383
INFO  [17:17:36.787] [bbotk]                                 uhash
INFO  [17:17:36.787] [bbotk]  104c55d2-fd40-4c8f-8d59-25e62753ffc1
INFO  [17:17:36.791] [bbotk] Evaluating 1 configuration(s)
INFO  [17:17:37.465] [bbotk] Result of batch 4:
INFO  [17:17:37.466] [bbotk]  nrounds        eta max_depth classif.ce warnings errors runtime_learners
INFO  [17:17:37.466] [bbotk]      253 0.07395679         3  0.1395172        0      0            0.642
INFO  [17:17:37.466] [bbotk]                                 uhash
INFO  [17:17:37.466] [bbotk]  b0adc277-3751-45ff-a670-f52aa5636de8
INFO  [17:17:37.472] [bbotk] Evaluating 1 configuration(s)
INFO  [17:17:39.246] [bbotk] Result of batch 5:
INFO  [17:17:39.247] [bbotk]  nrounds       eta max_depth classif.ce warnings errors runtime_learners
INFO  [17:17:39.247] [bbotk]      241 0.2492255        10  0.1217897        0      0            1.725
INFO  [17:17:39.247] [bbotk]                                 uhash
INFO  [17:17:39.247] [bbotk]  d6e951b4-90b2-44da-bd5c-f4e9220972b1
INFO  [17:17:39.250] [bbotk] Evaluating 1 configuration(s)
INFO  [17:17:40.421] [bbotk] Result of batch 6:
INFO  [17:17:40.422] [bbotk]  nrounds        eta max_depth classif.ce warnings errors runtime_learners
INFO  [17:17:40.422] [bbotk]      145 0.07016113        10  0.1212751        0      0            1.138
INFO  [17:17:40.422] [bbotk]                                 uhash
INFO  [17:17:40.422] [bbotk]  19d4dedf-6f08-4d8f-9344-8e2773d5ca77
INFO  [17:17:40.426] [bbotk] Evaluating 1 configuration(s)
INFO  [17:17:40.949] [bbotk] Result of batch 7:
INFO  [17:17:40.950] [bbotk]  nrounds       eta max_depth classif.ce warnings errors runtime_learners
INFO  [17:17:40.950] [bbotk]      211 0.2394078         3    0.14106        0      0             0.49
INFO  [17:17:40.950] [bbotk]                                 uhash
INFO  [17:17:40.950] [bbotk]  ab25680f-bea6-4357-9ae2-89af56e06b28
INFO  [17:17:40.955] [bbotk] Evaluating 1 configuration(s)
INFO  [17:17:41.502] [bbotk] Result of batch 8:
INFO  [17:17:41.504] [bbotk]  nrounds      eta max_depth classif.ce warnings errors runtime_learners
INFO  [17:17:41.504] [bbotk]       67 0.208599         9  0.1212743        0      0            0.495
INFO  [17:17:41.504] [bbotk]                                 uhash
INFO  [17:17:41.504] [bbotk]  0ae7f2ad-3a98-4e6d-8425-e2a16039deff
INFO  [17:17:41.512] [bbotk] Evaluating 1 configuration(s)
INFO  [17:17:43.019] [bbotk] Result of batch 9:
INFO  [17:17:43.020] [bbotk]  nrounds        eta max_depth classif.ce warnings errors runtime_learners
INFO  [17:17:43.020] [bbotk]      156 0.01697274        10  0.1217893        0      0             1.47
INFO  [17:17:43.020] [bbotk]                                 uhash
INFO  [17:17:43.020] [bbotk]  dd422eaa-04e8-48a2-9ce3-a64e185f61ba
INFO  [17:17:43.024] [bbotk] Evaluating 1 configuration(s)
INFO  [17:17:45.083] [bbotk] Result of batch 10:
INFO  [17:17:45.084] [bbotk]  nrounds        eta max_depth classif.ce warnings errors runtime_learners
INFO  [17:17:45.084] [bbotk]      282 0.08667605         9   0.118192        0      0            2.023
INFO  [17:17:45.084] [bbotk]                                 uhash
INFO  [17:17:45.084] [bbotk]  8f4223bd-cb99-48e7-ac17-248b657305b9
INFO  [17:17:45.093] [bbotk] Finished optimizing after 10 evaluation(s)
INFO  [17:17:45.094] [bbotk] Result:
INFO  [17:17:45.095] [bbotk]  nrounds        eta max_depth learner_param_vals  x_domain classif.ce
INFO  [17:17:45.095] [bbotk]    <int>      <num>     <int>             <list>    <list>      <num>
INFO  [17:17:45.095] [bbotk]      282 0.08667605         9          <list[5]> <list[3]>   0.118192

### [bt]: Job terminated successfully [batchtools job.id=2646]
### [bt]: Starting job [batchtools job.id=2647]
### [bt]: Generating problem instance for problem '34d90df810f60583' ...
### [bt]: Applying algorithm 'run_learner' on problem '34d90df810f60583' for job 2647 (seed = 2648) ...
INFO  [17:17:46.309] [mlr3] Applying learner 'classif.xgboost.tuned_calib.perfold_platt' on task 'phoneme' (iter 7/10)
INFO  [17:17:46.360] [bbotk] Starting to optimize 3 parameter(s) with '<OptimizerBatchRandomSearch>' and '<TerminatorEvals> [n_evals=10, k=0]'
INFO  [17:17:46.382] [bbotk] Evaluating 1 configuration(s)
INFO  [17:17:46.790] [bbotk] Result of batch 1:
INFO  [17:17:46.791] [bbotk]  nrounds       eta max_depth classif.ce warnings errors runtime_learners
INFO  [17:17:46.791] [bbotk]       50 0.1737782         9  0.1141095        0      0            0.368
INFO  [17:17:46.791] [bbotk]                                 uhash
INFO  [17:17:46.791] [bbotk]  698ea32e-88c8-4ddd-a4a7-f27b32d5fc3b
INFO  [17:17:46.796] [bbotk] Evaluating 1 configuration(s)
INFO  [17:17:47.223] [bbotk] Result of batch 2:
INFO  [17:17:47.225] [bbotk]  nrounds        eta max_depth classif.ce warnings errors runtime_learners
INFO  [17:17:47.225] [bbotk]      151 0.02018946         3  0.1657672        0      0            0.385
INFO  [17:17:47.225] [bbotk]                                 uhash
INFO  [17:17:47.225] [bbotk]  9e53b64b-5397-4776-a7a0-d3012ffafae2
INFO  [17:17:47.236] [bbotk] Evaluating 1 configuration(s)
INFO  [17:17:48.034] [bbotk] Result of batch 3:
INFO  [17:17:48.035] [bbotk]  nrounds       eta max_depth classif.ce warnings errors runtime_learners
INFO  [17:17:48.035] [bbotk]      137 0.1280386         6  0.1261886        0      0            0.753
INFO  [17:17:48.035] [bbotk]                                 uhash
INFO  [17:17:48.035] [bbotk]  686ed234-8b00-4b5d-956a-ee3420aedc27
INFO  [17:17:48.039] [bbotk] Evaluating 1 configuration(s)
INFO  [17:17:48.386] [bbotk] Result of batch 4:
INFO  [17:17:48.387] [bbotk]  nrounds        eta max_depth classif.ce warnings errors runtime_learners
INFO  [17:17:48.387] [bbotk]       64 0.06553287         5  0.1303007        0      0            0.312
INFO  [17:17:48.387] [bbotk]                                 uhash
INFO  [17:17:48.387] [bbotk]  675fe686-ed9f-4c7c-bc9a-9bade5f0fdbb
INFO  [17:17:48.396] [bbotk] Evaluating 1 configuration(s)
INFO  [17:17:48.910] [bbotk] Result of batch 5:
INFO  [17:17:48.912] [bbotk]  nrounds        eta max_depth classif.ce warnings errors runtime_learners
INFO  [17:17:48.912] [bbotk]       73 0.09108602         7  0.1189925        0      0            0.469
INFO  [17:17:48.912] [bbotk]                                 uhash
INFO  [17:17:48.912] [bbotk]  205184de-5c9a-4497-a55a-749ebda53781
INFO  [17:17:48.921] [bbotk] Evaluating 1 configuration(s)
INFO  [17:17:50.205] [bbotk] Result of batch 6:
INFO  [17:17:50.206] [bbotk]  nrounds       eta max_depth classif.ce warnings errors runtime_learners
INFO  [17:17:50.206] [bbotk]      156 0.2357488        10  0.1151375        0      0            1.237
INFO  [17:17:50.206] [bbotk]                                 uhash
INFO  [17:17:50.206] [bbotk]  1e427baa-cf72-458e-b3ca-ac515ccb5248
INFO  [17:17:50.211] [bbotk] Evaluating 1 configuration(s)
INFO  [17:17:50.614] [bbotk] Result of batch 7:
INFO  [17:17:50.615] [bbotk]  nrounds       eta max_depth classif.ce warnings errors runtime_learners
INFO  [17:17:50.615] [bbotk]      104 0.2790211         4  0.1367258        0      0            0.357
INFO  [17:17:50.615] [bbotk]                                 uhash
INFO  [17:17:50.615] [bbotk]  95beb282-38b1-4ba7-adca-caa87277e506
INFO  [17:17:50.621] [bbotk] Evaluating 1 configuration(s)
INFO  [17:17:51.429] [bbotk] Result of batch 8:
INFO  [17:17:51.430] [bbotk]  nrounds       eta max_depth classif.ce warnings errors runtime_learners
INFO  [17:17:51.430] [bbotk]      183 0.2588652         5  0.1210486        0      0            0.756
INFO  [17:17:51.430] [bbotk]                                 uhash
INFO  [17:17:51.430] [bbotk]  689d749f-b92c-4572-8b82-c0666de32d5a
INFO  [17:17:51.437] [bbotk] Evaluating 1 configuration(s)
INFO  [17:17:52.722] [bbotk] Result of batch 9:
INFO  [17:17:52.723] [bbotk]  nrounds       eta max_depth classif.ce warnings errors runtime_learners
INFO  [17:17:52.723] [bbotk]      148 0.1694302        10  0.1107684        0      0             1.25
INFO  [17:17:52.723] [bbotk]                                 uhash
INFO  [17:17:52.723] [bbotk]  1adb23a7-ceb8-4be2-9575-9f15a65f8477
INFO  [17:17:52.727] [bbotk] Evaluating 1 configuration(s)
INFO  [17:17:54.526] [bbotk] Result of batch 10:
INFO  [17:17:54.528] [bbotk]  nrounds        eta max_depth classif.ce warnings errors runtime_learners
INFO  [17:17:54.528] [bbotk]      265 0.04465106         8  0.1138525        0      0            1.757
INFO  [17:17:54.528] [bbotk]                                 uhash
INFO  [17:17:54.528] [bbotk]  bc0da3ea-b517-4e2f-9ca3-390fc4cb4667
INFO  [17:17:54.536] [bbotk] Finished optimizing after 10 evaluation(s)
INFO  [17:17:54.536] [bbotk] Result:
INFO  [17:17:54.537] [bbotk]  nrounds       eta max_depth learner_param_vals  x_domain classif.ce
INFO  [17:17:54.537] [bbotk]    <int>     <num>     <int>             <list>    <list>      <num>
INFO  [17:17:54.537] [bbotk]      148 0.1694302        10          <list[5]> <list[3]>  0.1107684
INFO  [17:17:55.186] [bbotk] Starting to optimize 3 parameter(s) with '<OptimizerBatchRandomSearch>' and '<TerminatorEvals> [n_evals=10, k=0]'
INFO  [17:17:55.206] [bbotk] Evaluating 1 configuration(s)
INFO  [17:17:55.765] [bbotk] Result of batch 1:
INFO  [17:17:55.768] [bbotk]  nrounds       eta max_depth classif.ce warnings errors runtime_learners
INFO  [17:17:55.768] [bbotk]      215 0.1253815         3  0.1398098        0      0            0.514
INFO  [17:17:55.768] [bbotk]                                 uhash
INFO  [17:17:55.768] [bbotk]  28dce0e1-e4fc-44b9-8c15-c05ae7a78e40
INFO  [17:17:55.772] [bbotk] Evaluating 1 configuration(s)
INFO  [17:17:56.287] [bbotk] Result of batch 2:
INFO  [17:17:56.289] [bbotk]  nrounds        eta max_depth classif.ce warnings errors runtime_learners
INFO  [17:17:56.289] [bbotk]       57 0.02601996         8  0.1310717        0      0             0.46
INFO  [17:17:56.289] [bbotk]                                 uhash
INFO  [17:17:56.289] [bbotk]  e6e84eca-3a08-4dc9-bf27-eb23f8c07346
INFO  [17:17:56.296] [bbotk] Evaluating 1 configuration(s)
INFO  [17:17:56.761] [bbotk] Result of batch 3:
INFO  [17:17:56.762] [bbotk]  nrounds       eta max_depth classif.ce warnings errors runtime_learners
INFO  [17:17:56.762] [bbotk]       82 0.2148106         6  0.1218196        0      0            0.438
INFO  [17:17:56.762] [bbotk]                                 uhash
INFO  [17:17:56.762] [bbotk]  85dffcf1-b33c-4981-b92c-c8ecba520b73
INFO  [17:17:56.765] [bbotk] Evaluating 1 configuration(s)
INFO  [17:17:57.081] [bbotk] Result of batch 4:
INFO  [17:17:57.082] [bbotk]  nrounds       eta max_depth classif.ce warnings errors runtime_learners
INFO  [17:17:57.082] [bbotk]      107 0.1196971         3  0.1498329        0      0            0.283
INFO  [17:17:57.082] [bbotk]                                 uhash
INFO  [17:17:57.082] [bbotk]  faa61cc1-6deb-40ff-be08-c25590732887
INFO  [17:17:57.086] [bbotk] Evaluating 1 configuration(s)
INFO  [17:17:58.455] [bbotk] Result of batch 5:
INFO  [17:17:58.456] [bbotk]  nrounds        eta max_depth classif.ce warnings errors runtime_learners
INFO  [17:17:58.456] [bbotk]      224 0.09282031         7  0.1166795        0      0            1.327
INFO  [17:17:58.456] [bbotk]                                 uhash
INFO  [17:17:58.456] [bbotk]  64ad8b84-4bdb-4f5c-a4f0-7e472458e6ef
INFO  [17:17:58.460] [bbotk] Evaluating 1 configuration(s)
INFO  [17:17:59.008] [bbotk] Result of batch 6:
INFO  [17:17:59.010] [bbotk]  nrounds       eta max_depth classif.ce warnings errors runtime_learners
INFO  [17:17:59.010] [bbotk]      156 0.2836202         4  0.1272167        0      0             0.52
INFO  [17:17:59.010] [bbotk]                                 uhash
INFO  [17:17:59.010] [bbotk]  cc2de4a0-c1b9-43f2-9dcd-e3c367c3e927
INFO  [17:17:59.018] [bbotk] Evaluating 1 configuration(s)
INFO  [17:18:00.341] [bbotk] Result of batch 7:
INFO  [17:18:00.343] [bbotk]  nrounds        eta max_depth classif.ce warnings errors runtime_learners
INFO  [17:18:00.343] [bbotk]      223 0.03417879         7  0.1207916        0      0            1.286
INFO  [17:18:00.343] [bbotk]                                 uhash
INFO  [17:18:00.343] [bbotk]  24250d96-5b05-4c0c-a2da-e46aeb6864f4
INFO  [17:18:00.351] [bbotk] Evaluating 1 configuration(s)
INFO  [17:18:00.971] [bbotk] Result of batch 8:
INFO  [17:18:00.972] [bbotk]  nrounds       eta max_depth classif.ce warnings errors runtime_learners
INFO  [17:18:00.972] [bbotk]      109 0.2797084         7  0.1166795        0      0            0.585
INFO  [17:18:00.972] [bbotk]                                 uhash
INFO  [17:18:00.972] [bbotk]  f93dd52b-9e49-4bf2-8c86-1cb2bec5ea34
INFO  [17:18:00.976] [bbotk] Evaluating 1 configuration(s)
INFO  [17:18:02.323] [bbotk] Result of batch 9:
INFO  [17:18:02.324] [bbotk]  nrounds       eta max_depth classif.ce warnings errors runtime_learners
INFO  [17:18:02.324] [bbotk]      206 0.2363085         8  0.1161655        0      0            1.307
INFO  [17:18:02.324] [bbotk]                                 uhash
INFO  [17:18:02.324] [bbotk]  c73b26dd-9e38-499b-a6b5-1614b1cb3b7e
INFO  [17:18:02.329] [bbotk] Evaluating 1 configuration(s)
INFO  [17:18:02.872] [bbotk] Result of batch 10:
INFO  [17:18:02.873] [bbotk]  nrounds        eta max_depth classif.ce warnings errors runtime_learners
INFO  [17:18:02.873] [bbotk]      297 0.05517053         2  0.1616551        0      0             0.51
INFO  [17:18:02.873] [bbotk]                                 uhash
INFO  [17:18:02.873] [bbotk]  60f4af51-249a-46fe-abe4-bf73bb99031e
INFO  [17:18:02.881] [bbotk] Finished optimizing after 10 evaluation(s)
INFO  [17:18:02.881] [bbotk] Result:
INFO  [17:18:02.882] [bbotk]  nrounds       eta max_depth learner_param_vals  x_domain classif.ce
INFO  [17:18:02.882] [bbotk]    <int>     <num>     <int>             <list>    <list>      <num>
INFO  [17:18:02.882] [bbotk]      206 0.2363085         8          <list[5]> <list[3]>  0.1161655
INFO  [17:18:03.605] [bbotk] Starting to optimize 3 parameter(s) with '<OptimizerBatchRandomSearch>' and '<TerminatorEvals> [n_evals=10, k=0]'
INFO  [17:18:03.618] [bbotk] Evaluating 1 configuration(s)
INFO  [17:18:05.545] [bbotk] Result of batch 1:
INFO  [17:18:05.546] [bbotk]  nrounds      eta max_depth classif.ce warnings errors runtime_learners
INFO  [17:18:05.546] [bbotk]      237 0.133196        10  0.1110254        0      0            1.872
INFO  [17:18:05.546] [bbotk]                                 uhash
INFO  [17:18:05.546] [bbotk]  6b6d2215-dd85-4437-bce6-698f70afd668
INFO  [17:18:05.553] [bbotk] Evaluating 1 configuration(s)
INFO  [17:18:06.010] [bbotk] Result of batch 2:
INFO  [17:18:06.011] [bbotk]  nrounds       eta max_depth classif.ce warnings errors runtime_learners
INFO  [17:18:06.011] [bbotk]      233 0.0324382         2  0.1801593        0      0            0.397
INFO  [17:18:06.011] [bbotk]                                 uhash
INFO  [17:18:06.011] [bbotk]  41903c7c-6306-49b4-87d8-e69fd30452f1
INFO  [17:18:06.016] [bbotk] Evaluating 1 configuration(s)
INFO  [17:18:07.362] [bbotk] Result of batch 3:
INFO  [17:18:07.363] [bbotk]  nrounds       eta max_depth classif.ce warnings errors runtime_learners
INFO  [17:18:07.363] [bbotk]      195 0.1282739         8  0.1156515        0      0            1.299
INFO  [17:18:07.363] [bbotk]                                 uhash
INFO  [17:18:07.363] [bbotk]  f924c1a1-2e58-4981-8915-25aa723e4d82
INFO  [17:18:07.369] [bbotk] Evaluating 1 configuration(s)
INFO  [17:18:07.681] [bbotk] Result of batch 4:
INFO  [17:18:07.682] [bbotk]  nrounds       eta max_depth classif.ce warnings errors runtime_learners
INFO  [17:18:07.682] [bbotk]       61 0.2915548         5  0.1277307        0      0            0.262
INFO  [17:18:07.682] [bbotk]                                 uhash
INFO  [17:18:07.682] [bbotk]  0d61f7a9-db86-4eb3-b80a-585f055908fb
INFO  [17:18:07.687] [bbotk] Evaluating 1 configuration(s)
INFO  [17:18:08.848] [bbotk] Result of batch 5:
INFO  [17:18:08.849] [bbotk]  nrounds       eta max_depth classif.ce warnings errors runtime_learners
INFO  [17:18:08.849] [bbotk]      135 0.1161322        10  0.1159085        0      0             1.12
INFO  [17:18:08.849] [bbotk]                                 uhash
INFO  [17:18:08.849] [bbotk]  ca726c64-5640-4d5a-a3b5-5f01a0382ddd
INFO  [17:18:08.853] [bbotk] Evaluating 1 configuration(s)
INFO  [17:18:09.661] [bbotk] Result of batch 6:
INFO  [17:18:09.663] [bbotk]  nrounds        eta max_depth classif.ce warnings errors runtime_learners
INFO  [17:18:09.663] [bbotk]      100 0.07185499         9  0.1169365        0      0            0.772
INFO  [17:18:09.663] [bbotk]                                 uhash
INFO  [17:18:09.663] [bbotk]  bb8811a2-2f53-4395-8408-045d562c46dd
INFO  [17:18:09.674] [bbotk] Evaluating 1 configuration(s)
INFO  [17:18:11.208] [bbotk] Result of batch 7:
INFO  [17:18:11.218] [bbotk]  nrounds       eta max_depth classif.ce warnings errors runtime_learners
INFO  [17:18:11.218] [bbotk]      206 0.2059537        10  0.1097404        0      0            1.482
INFO  [17:18:11.218] [bbotk]                                 uhash
INFO  [17:18:11.218] [bbotk]  c4cf394f-2dfd-4a50-8b7a-0e99f36c8fd5
INFO  [17:18:11.226] [bbotk] Evaluating 1 configuration(s)
INFO  [17:18:13.372] [bbotk] Result of batch 8:
INFO  [17:18:13.374] [bbotk]  nrounds      eta max_depth classif.ce warnings errors runtime_learners
INFO  [17:18:13.374] [bbotk]      262 0.106271        10  0.1112824        0      0            2.096
INFO  [17:18:13.374] [bbotk]                                 uhash
INFO  [17:18:13.374] [bbotk]  42f566a7-5051-444a-84c1-b8c2580e1381
INFO  [17:18:13.382] [bbotk] Evaluating 1 configuration(s)
INFO  [17:18:13.883] [bbotk] Result of batch 9:
INFO  [17:18:13.887] [bbotk]  nrounds        eta max_depth classif.ce warnings errors runtime_learners
INFO  [17:18:13.887] [bbotk]      132 0.02689829         4  0.1490619        0      0            0.464
INFO  [17:18:13.887] [bbotk]                                 uhash
INFO  [17:18:13.887] [bbotk]  4f28066d-a776-4299-b501-ebb64b3edaa5
INFO  [17:18:13.896] [bbotk] Evaluating 1 configuration(s)
INFO  [17:18:14.238] [bbotk] Result of batch 10:
INFO  [17:18:14.239] [bbotk]  nrounds       eta max_depth classif.ce warnings errors runtime_learners
INFO  [17:18:14.239] [bbotk]       90 0.2556254         4  0.1287587        0      0            0.304
INFO  [17:18:14.239] [bbotk]                                 uhash
INFO  [17:18:14.239] [bbotk]  78906fb6-9986-4aaa-992d-70dccbbd7792
INFO  [17:18:14.248] [bbotk] Finished optimizing after 10 evaluation(s)
INFO  [17:18:14.248] [bbotk] Result:
INFO  [17:18:14.249] [bbotk]  nrounds       eta max_depth learner_param_vals  x_domain classif.ce
INFO  [17:18:14.249] [bbotk]    <int>     <num>     <int>             <list>    <list>      <num>
INFO  [17:18:14.249] [bbotk]      206 0.2059537        10          <list[5]> <list[3]>  0.1097404
INFO  [17:18:15.054] [bbotk] Starting to optimize 3 parameter(s) with '<OptimizerBatchRandomSearch>' and '<TerminatorEvals> [n_evals=10, k=0]'
INFO  [17:18:15.070] [bbotk] Evaluating 1 configuration(s)
INFO  [17:18:15.887] [bbotk] Result of batch 1:
INFO  [17:18:15.889] [bbotk]  nrounds       eta max_depth classif.ce warnings errors runtime_learners
INFO  [17:18:15.889] [bbotk]      246 0.2620743         4  0.1243896        0      0            0.785
INFO  [17:18:15.889] [bbotk]                                 uhash
INFO  [17:18:15.889] [bbotk]  499aa99f-4f0b-474d-94d2-2c3fce94eaaa
INFO  [17:18:15.895] [bbotk] Evaluating 1 configuration(s)
INFO  [17:18:17.523] [bbotk] Result of batch 2:
INFO  [17:18:17.524] [bbotk]  nrounds       eta max_depth classif.ce warnings errors runtime_learners
INFO  [17:18:17.524] [bbotk]      299 0.2987875         7  0.1189925        0      0            1.591
INFO  [17:18:17.524] [bbotk]                                 uhash
INFO  [17:18:17.524] [bbotk]  75b02b14-b184-488b-a337-bb28934178dc
INFO  [17:18:17.528] [bbotk] Evaluating 1 configuration(s)
INFO  [17:18:19.138] [bbotk] Result of batch 3:
INFO  [17:18:19.140] [bbotk]  nrounds       eta max_depth classif.ce warnings errors runtime_learners
INFO  [17:18:19.140] [bbotk]      213 0.2246903        10  0.1133385        0      0             1.57
INFO  [17:18:19.140] [bbotk]                                 uhash
INFO  [17:18:19.140] [bbotk]  8777561d-6cfa-4a8e-8d68-0b216d52cb53
INFO  [17:18:19.158] [bbotk] Evaluating 1 configuration(s)
INFO  [17:18:19.838] [bbotk] Result of batch 4:
INFO  [17:18:19.839] [bbotk]  nrounds        eta max_depth classif.ce warnings errors runtime_learners
INFO  [17:18:19.839] [bbotk]      261 0.09079377         3  0.1338987        0      0            0.642
INFO  [17:18:19.839] [bbotk]                                 uhash
INFO  [17:18:19.839] [bbotk]  7cf73f89-d568-4977-8964-bb678979917d
INFO  [17:18:19.843] [bbotk] Evaluating 1 configuration(s)
INFO  [17:18:20.285] [bbotk] Result of batch 5:
INFO  [17:18:20.287] [bbotk]  nrounds      eta max_depth classif.ce warnings errors runtime_learners
INFO  [17:18:20.287] [bbotk]      245 0.183167         2  0.1416088        0      0            0.402
INFO  [17:18:20.287] [bbotk]                                 uhash
INFO  [17:18:20.287] [bbotk]  7981fff6-13f0-4684-a377-be8322d46e7f
INFO  [17:18:20.295] [bbotk] Evaluating 1 configuration(s)
INFO  [17:18:20.891] [bbotk] Result of batch 6:
INFO  [17:18:20.893] [bbotk]  nrounds       eta max_depth classif.ce warnings errors runtime_learners
INFO  [17:18:20.893] [bbotk]       68 0.1455356        10  0.1102544        0      0            0.553
INFO  [17:18:20.893] [bbotk]                                 uhash
INFO  [17:18:20.893] [bbotk]  40812bf0-21c3-4d8e-8cf9-25b19d88efa7
INFO  [17:18:20.897] [bbotk] Evaluating 1 configuration(s)
INFO  [17:18:22.321] [bbotk] Result of batch 7:
INFO  [17:18:22.323] [bbotk]  nrounds       eta max_depth classif.ce warnings errors runtime_learners
INFO  [17:18:22.323] [bbotk]      276 0.1910068         6  0.1200206        0      0            1.384
INFO  [17:18:22.323] [bbotk]                                 uhash
INFO  [17:18:22.323] [bbotk]  54c8d553-46d5-40c0-b330-93510f8aca2e
INFO  [17:18:22.327] [bbotk] Evaluating 1 configuration(s)
INFO  [17:18:22.563] [bbotk] Result of batch 8:
INFO  [17:18:22.564] [bbotk]  nrounds       eta max_depth classif.ce warnings errors runtime_learners
INFO  [17:18:22.564] [bbotk]      110 0.2163567         2  0.1439219        0      0              0.2
INFO  [17:18:22.564] [bbotk]                                 uhash
INFO  [17:18:22.564] [bbotk]  85352475-5d56-425a-82f5-0f4249790b1b
INFO  [17:18:22.571] [bbotk] Evaluating 1 configuration(s)
INFO  [17:18:24.124] [bbotk] Result of batch 9:
INFO  [17:18:24.125] [bbotk]  nrounds       eta max_depth classif.ce warnings errors runtime_learners
INFO  [17:18:24.125] [bbotk]      269 0.1873651         7  0.1151375        0      0            1.512
INFO  [17:18:24.125] [bbotk]                                 uhash
INFO  [17:18:24.125] [bbotk]  05c64ef9-25aa-4f3c-b158-cd519357ad40
INFO  [17:18:24.130] [bbotk] Evaluating 1 configuration(s)
INFO  [17:18:24.856] [bbotk] Result of batch 10:
INFO  [17:18:24.859] [bbotk]  nrounds       eta max_depth classif.ce warnings errors runtime_learners
INFO  [17:18:24.859] [bbotk]      235 0.2292999         3  0.1297867        0      0            0.579
INFO  [17:18:24.859] [bbotk]                                 uhash
INFO  [17:18:24.859] [bbotk]  bca137bf-95ca-4b95-a0e8-4b55df4f11cf
INFO  [17:18:24.870] [bbotk] Finished optimizing after 10 evaluation(s)
INFO  [17:18:24.870] [bbotk] Result:
INFO  [17:18:24.871] [bbotk]  nrounds       eta max_depth learner_param_vals  x_domain classif.ce
INFO  [17:18:24.871] [bbotk]    <int>     <num>     <int>             <list>    <list>      <num>
INFO  [17:18:24.871] [bbotk]       68 0.1455356        10          <list[5]> <list[3]>  0.1102544
INFO  [17:18:25.190] [bbotk] Starting to optimize 3 parameter(s) with '<OptimizerBatchRandomSearch>' and '<TerminatorEvals> [n_evals=10, k=0]'
INFO  [17:18:25.206] [bbotk] Evaluating 1 configuration(s)
INFO  [17:18:26.123] [bbotk] Result of batch 1:
INFO  [17:18:26.126] [bbotk]  nrounds       eta max_depth classif.ce warnings errors runtime_learners
INFO  [17:18:26.126] [bbotk]      197 0.1487703         5    0.12744        0      0            0.874
INFO  [17:18:26.126] [bbotk]                                 uhash
INFO  [17:18:26.126] [bbotk]  cbdc1906-2e04-4746-bbc3-4ba26c1172ff
INFO  [17:18:26.130] [bbotk] Evaluating 1 configuration(s)
INFO  [17:18:27.483] [bbotk] Result of batch 2:
INFO  [17:18:27.485] [bbotk]  nrounds        eta max_depth classif.ce warnings errors runtime_learners
INFO  [17:18:27.485] [bbotk]      198 0.01002263         7  0.1246138        0      0            1.312
INFO  [17:18:27.485] [bbotk]                                 uhash
INFO  [17:18:27.485] [bbotk]  34722458-cdce-4bec-867c-829f5c89b795
INFO  [17:18:27.494] [bbotk] Evaluating 1 configuration(s)
INFO  [17:18:27.763] [bbotk] Result of batch 3:
INFO  [17:18:27.765] [bbotk]  nrounds       eta max_depth classif.ce warnings errors runtime_learners
INFO  [17:18:27.765] [bbotk]       81 0.1861651         3  0.1415698        0      0             0.22
INFO  [17:18:27.765] [bbotk]                                 uhash
INFO  [17:18:27.765] [bbotk]  9d38cf39-baf6-4e88-93ea-150fe12ac8b8
INFO  [17:18:27.769] [bbotk] Evaluating 1 configuration(s)
INFO  [17:18:28.632] [bbotk] Result of batch 4:
INFO  [17:18:28.633] [bbotk]  nrounds       eta max_depth classif.ce warnings errors runtime_learners
INFO  [17:18:28.633] [bbotk]      266 0.1854178         4  0.1264128        0      0            0.825
INFO  [17:18:28.633] [bbotk]                                 uhash
INFO  [17:18:28.633] [bbotk]  3513e4b4-50df-43e4-bb56-22f5a37d02cc
INFO  [17:18:28.639] [bbotk] Evaluating 1 configuration(s)
INFO  [17:18:30.041] [bbotk] Result of batch 5:
INFO  [17:18:30.042] [bbotk]  nrounds       eta max_depth classif.ce warnings errors runtime_learners
INFO  [17:18:30.042] [bbotk]      159 0.1187023         9  0.1143378        0      0            1.344
INFO  [17:18:30.042] [bbotk]                                 uhash
INFO  [17:18:30.042] [bbotk]  8406de01-bc1b-4180-9f40-41e3c0cf75c5
INFO  [17:18:30.047] [bbotk] Evaluating 1 configuration(s)
INFO  [17:18:31.587] [bbotk] Result of batch 6:
INFO  [17:18:31.588] [bbotk]  nrounds       eta max_depth classif.ce warnings errors runtime_learners
INFO  [17:18:31.588] [bbotk]      264 0.1585074         7  0.1169056        0      0              1.5
INFO  [17:18:31.588] [bbotk]                                 uhash
INFO  [17:18:31.588] [bbotk]  2d894eae-ab27-4bef-b64f-475dd23a7bcb
INFO  [17:18:31.598] [bbotk] Evaluating 1 configuration(s)
INFO  [17:18:33.288] [bbotk] Result of batch 7:
INFO  [17:18:33.290] [bbotk]  nrounds      eta max_depth classif.ce warnings errors runtime_learners
INFO  [17:18:33.290] [bbotk]      213 0.135436         9  0.1192193        0      0            1.645
INFO  [17:18:33.290] [bbotk]                                 uhash
INFO  [17:18:33.290] [bbotk]  046adcf5-0898-4a96-ab73-4ebe9878e854
INFO  [17:18:33.295] [bbotk] Evaluating 1 configuration(s)
INFO  [17:18:34.394] [bbotk] Result of batch 8:
INFO  [17:18:34.395] [bbotk]  nrounds     eta max_depth classif.ce warnings errors runtime_learners
INFO  [17:18:34.395] [bbotk]      139 0.24103        10  0.1117673        0      0            1.058
INFO  [17:18:34.395] [bbotk]                                 uhash
INFO  [17:18:34.395] [bbotk]  1076f1bb-edc3-48b2-9451-0d7a2b5a3d67
INFO  [17:18:34.399] [bbotk] Evaluating 1 configuration(s)
INFO  [17:18:36.068] [bbotk] Result of batch 9:
INFO  [17:18:36.070] [bbotk]  nrounds       eta max_depth classif.ce warnings errors runtime_learners
INFO  [17:18:36.070] [bbotk]      246 0.2004056         8  0.1181906        0      0            1.611
INFO  [17:18:36.070] [bbotk]                                 uhash
INFO  [17:18:36.070] [bbotk]  8d3f06ea-d21f-44a7-864c-1371758a08fd
INFO  [17:18:36.075] [bbotk] Evaluating 1 configuration(s)
INFO  [17:18:36.693] [bbotk] Result of batch 10:
INFO  [17:18:36.693] [bbotk]  nrounds        eta max_depth classif.ce warnings errors runtime_learners
INFO  [17:18:36.693] [bbotk]      159 0.09520521         4  0.1343755        0      0            0.582
INFO  [17:18:36.693] [bbotk]                                 uhash
INFO  [17:18:36.693] [bbotk]  b111dbf8-f7bf-4497-a5b9-937c7acba600
INFO  [17:18:36.708] [bbotk] Finished optimizing after 10 evaluation(s)
INFO  [17:18:36.708] [bbotk] Result:
INFO  [17:18:36.709] [bbotk]  nrounds     eta max_depth learner_param_vals  x_domain classif.ce
INFO  [17:18:36.709] [bbotk]    <int>   <num>     <int>             <list>    <list>      <num>
INFO  [17:18:36.709] [bbotk]      139 0.24103        10          <list[5]> <list[3]>  0.1117673

### [bt]: Job terminated successfully [batchtools job.id=2647]
### [bt]: Starting job [batchtools job.id=2648]
### [bt]: Generating problem instance for problem '34d90df810f60583' ...
### [bt]: Applying algorithm 'run_learner' on problem '34d90df810f60583' for job 2648 (seed = 2649) ...
INFO  [17:18:37.460] [mlr3] Applying learner 'classif.xgboost.tuned_calib.perfold_platt' on task 'phoneme' (iter 8/10)
INFO  [17:18:37.519] [bbotk] Starting to optimize 3 parameter(s) with '<OptimizerBatchRandomSearch>' and '<TerminatorEvals> [n_evals=10, k=0]'
INFO  [17:18:37.529] [bbotk] Evaluating 1 configuration(s)
INFO  [17:18:37.881] [bbotk] Result of batch 1:
INFO  [17:18:37.883] [bbotk]  nrounds       eta max_depth classif.ce warnings errors runtime_learners
INFO  [17:18:37.883] [bbotk]       61 0.1880033         6  0.1169365        0      0            0.321
INFO  [17:18:37.883] [bbotk]                                 uhash
INFO  [17:18:37.883] [bbotk]  2838d96e-1542-40d2-9cdf-fd347c6ca010
INFO  [17:18:37.892] [bbotk] Evaluating 1 configuration(s)
INFO  [17:18:38.573] [bbotk] Result of batch 2:
INFO  [17:18:38.574] [bbotk]  nrounds       eta max_depth classif.ce warnings errors runtime_learners
INFO  [17:18:38.574] [bbotk]      258 0.1130423         3  0.1305577        0      0            0.629
INFO  [17:18:38.574] [bbotk]                                 uhash
INFO  [17:18:38.574] [bbotk]  0c77fd88-b21b-47a1-bfd7-12e8c054c72b
INFO  [17:18:38.578] [bbotk] Evaluating 1 configuration(s)
INFO  [17:18:40.178] [bbotk] Result of batch 3:
INFO  [17:18:40.180] [bbotk]  nrounds        eta max_depth classif.ce warnings errors runtime_learners
INFO  [17:18:40.180] [bbotk]      186 0.07434035        10  0.1094834        0      0            1.559
INFO  [17:18:40.180] [bbotk]                                 uhash
INFO  [17:18:40.180] [bbotk]  29dee5d5-0465-4dad-95c5-96e26d571410
INFO  [17:18:40.186] [bbotk] Evaluating 1 configuration(s)
INFO  [17:18:41.033] [bbotk] Result of batch 4:
INFO  [17:18:41.035] [bbotk]  nrounds       eta max_depth classif.ce warnings errors runtime_learners
INFO  [17:18:41.035] [bbotk]      102 0.2162793        10  0.1069134        0      0            0.813
INFO  [17:18:41.035] [bbotk]                                 uhash
INFO  [17:18:41.035] [bbotk]  9a34bdcf-9e04-45fc-aae3-44ee5ed381e5
INFO  [17:18:41.044] [bbotk] Evaluating 1 configuration(s)
INFO  [17:18:42.129] [bbotk] Result of batch 5:
INFO  [17:18:42.130] [bbotk]  nrounds       eta max_depth classif.ce warnings errors runtime_learners
INFO  [17:18:42.130] [bbotk]      125 0.1137395        10  0.1087124        0      0            1.041
INFO  [17:18:42.130] [bbotk]                                 uhash
INFO  [17:18:42.130] [bbotk]  19e47b41-1d75-4c1d-96d3-0ef80761a627
INFO  [17:18:42.134] [bbotk] Evaluating 1 configuration(s)
INFO  [17:18:42.846] [bbotk] Result of batch 6:
INFO  [17:18:42.846] [bbotk]  nrounds        eta max_depth classif.ce warnings errors runtime_learners
INFO  [17:18:42.846] [bbotk]      259 0.08184651         3  0.1303007        0      0            0.672
INFO  [17:18:42.846] [bbotk]                                 uhash
INFO  [17:18:42.846] [bbotk]  a21823ad-2c48-4882-a4dd-67d333457ab3
INFO  [17:18:42.850] [bbotk] Evaluating 1 configuration(s)
INFO  [17:18:45.126] [bbotk] Result of batch 7:
INFO  [17:18:45.127] [bbotk]  nrounds        eta max_depth classif.ce warnings errors runtime_learners
INFO  [17:18:45.127] [bbotk]      286 0.06871702        10  0.1123105        0      0             2.22
INFO  [17:18:45.127] [bbotk]                                 uhash
INFO  [17:18:45.127] [bbotk]  a394f011-1ca9-40e1-9777-d185ee95fbb5
INFO  [17:18:45.135] [bbotk] Evaluating 1 configuration(s)
INFO  [17:18:47.289] [bbotk] Result of batch 8:
INFO  [17:18:47.291] [bbotk]  nrounds        eta max_depth classif.ce warnings errors runtime_learners
INFO  [17:18:47.291] [bbotk]      251 0.03994224        10  0.1110254        0      0            2.099
INFO  [17:18:47.291] [bbotk]                                 uhash
INFO  [17:18:47.291] [bbotk]  6121c0c7-d9a5-45e5-96d9-c0c9a248fa86
INFO  [17:18:47.295] [bbotk] Evaluating 1 configuration(s)
INFO  [17:18:48.614] [bbotk] Result of batch 9:
INFO  [17:18:48.616] [bbotk]  nrounds       eta max_depth classif.ce warnings errors runtime_learners
INFO  [17:18:48.616] [bbotk]      226 0.2459222         7  0.1120535        0      0            1.274
INFO  [17:18:48.616] [bbotk]                                 uhash
INFO  [17:18:48.616] [bbotk]  061dc4c9-8a1a-4807-a7ad-151fd7b46d3e
INFO  [17:18:48.625] [bbotk] Evaluating 1 configuration(s)
INFO  [17:18:49.489] [bbotk] Result of batch 10:
INFO  [17:18:49.490] [bbotk]  nrounds       eta max_depth classif.ce warnings errors runtime_learners
INFO  [17:18:49.490] [bbotk]      115 0.2979461        10  0.1074274        0      0            0.827
INFO  [17:18:49.490] [bbotk]                                 uhash
INFO  [17:18:49.490] [bbotk]  666a6063-46f3-4bc0-a687-8ffc7fef39e0
INFO  [17:18:49.498] [bbotk] Finished optimizing after 10 evaluation(s)
INFO  [17:18:49.498] [bbotk] Result:
INFO  [17:18:49.499] [bbotk]  nrounds       eta max_depth learner_param_vals  x_domain classif.ce
INFO  [17:18:49.499] [bbotk]    <int>     <num>     <int>             <list>    <list>      <num>
INFO  [17:18:49.499] [bbotk]      102 0.2162793        10          <list[5]> <list[3]>  0.1069134
INFO  [17:18:49.907] [bbotk] Starting to optimize 3 parameter(s) with '<OptimizerBatchRandomSearch>' and '<TerminatorEvals> [n_evals=10, k=0]'
INFO  [17:18:49.921] [bbotk] Evaluating 1 configuration(s)
INFO  [17:18:50.285] [bbotk] Result of batch 1:
INFO  [17:18:50.286] [bbotk]  nrounds       eta max_depth classif.ce warnings errors runtime_learners
INFO  [17:18:50.286] [bbotk]      132 0.2889436         3  0.1338987        0      0             0.33
INFO  [17:18:50.286] [bbotk]                                 uhash
INFO  [17:18:50.286] [bbotk]  db835a34-39cc-407a-bf6d-587fae782eac
INFO  [17:18:50.289] [bbotk] Evaluating 1 configuration(s)
INFO  [17:18:50.627] [bbotk] Result of batch 2:
INFO  [17:18:50.628] [bbotk]  nrounds       eta max_depth classif.ce warnings errors runtime_learners
INFO  [17:18:50.628] [bbotk]      112 0.2263091         3  0.1341557        0      0            0.307
INFO  [17:18:50.628] [bbotk]                                 uhash
INFO  [17:18:50.628] [bbotk]  f180c536-fef8-46d1-90d1-11f97702d23d
INFO  [17:18:50.632] [bbotk] Evaluating 1 configuration(s)
INFO  [17:18:52.182] [bbotk] Result of batch 3:
INFO  [17:18:52.183] [bbotk]  nrounds       eta max_depth classif.ce warnings errors runtime_learners
INFO  [17:18:52.183] [bbotk]      200 0.1945359        10  0.1107684        0      0            1.508
INFO  [17:18:52.183] [bbotk]                                 uhash
INFO  [17:18:52.183] [bbotk]  61142897-cd7a-46ed-92dc-0b68a4224177
INFO  [17:18:52.187] [bbotk] Evaluating 1 configuration(s)
INFO  [17:18:53.114] [bbotk] Result of batch 4:
INFO  [17:18:53.115] [bbotk]  nrounds       eta max_depth classif.ce warnings errors runtime_learners
INFO  [17:18:53.115] [bbotk]      212 0.1573878         5  0.1225906        0      0            0.888
INFO  [17:18:53.115] [bbotk]                                 uhash
INFO  [17:18:53.115] [bbotk]  c56d8c3d-c3a6-49ce-a623-3025e1aaa555
INFO  [17:18:53.122] [bbotk] Evaluating 1 configuration(s)
INFO  [17:18:53.653] [bbotk] Result of batch 5:
INFO  [17:18:53.654] [bbotk]  nrounds       eta max_depth classif.ce warnings errors runtime_learners
INFO  [17:18:53.654] [bbotk]       90 0.1700516         6  0.1171935        0      0             0.49
INFO  [17:18:53.654] [bbotk]                                 uhash
INFO  [17:18:53.654] [bbotk]  3c63eb40-1a74-4014-8a38-202e4543f141
INFO  [17:18:53.658] [bbotk] Evaluating 1 configuration(s)
INFO  [17:18:55.421] [bbotk] Result of batch 6:
INFO  [17:18:55.422] [bbotk]  nrounds       eta max_depth classif.ce warnings errors runtime_learners
INFO  [17:18:55.422] [bbotk]      297 0.2470093         7  0.1169365        0      0            1.726
INFO  [17:18:55.422] [bbotk]                                 uhash
INFO  [17:18:55.422] [bbotk]  90cf3cb0-66aa-4a9e-82d7-f836d2ddb8a0
INFO  [17:18:55.426] [bbotk] Evaluating 1 configuration(s)
INFO  [17:18:55.846] [bbotk] Result of batch 7:
INFO  [17:18:55.848] [bbotk]  nrounds       eta max_depth classif.ce warnings errors runtime_learners
INFO  [17:18:55.848] [bbotk]      156 0.1327515         3  0.1398098        0      0            0.375
INFO  [17:18:55.848] [bbotk]                                 uhash
INFO  [17:18:55.848] [bbotk]  6abd9132-9d9f-4769-9f94-83e2775a06ea
INFO  [17:18:55.857] [bbotk] Evaluating 1 configuration(s)
INFO  [17:18:56.604] [bbotk] Result of batch 8:
INFO  [17:18:56.607] [bbotk]  nrounds       eta max_depth classif.ce warnings errors runtime_learners
INFO  [17:18:56.607] [bbotk]       81 0.1528013        10  0.1092264        0      0            0.695
INFO  [17:18:56.607] [bbotk]                                 uhash
INFO  [17:18:56.607] [bbotk]  13241825-c23e-4716-8e9b-ab568c54ba6e
INFO  [17:18:56.615] [bbotk] Evaluating 1 configuration(s)
INFO  [17:18:57.483] [bbotk] Result of batch 9:
INFO  [17:18:57.484] [bbotk]  nrounds       eta max_depth classif.ce warnings errors runtime_learners
INFO  [17:18:57.484] [bbotk]      264 0.1333896         4  0.1277307        0      0            0.827
INFO  [17:18:57.484] [bbotk]                                 uhash
INFO  [17:18:57.484] [bbotk]  1db75695-2fb1-4caa-9ccd-3dedf02224c2
INFO  [17:18:57.488] [bbotk] Evaluating 1 configuration(s)
INFO  [17:18:58.134] [bbotk] Result of batch 10:
INFO  [17:18:58.136] [bbotk]  nrounds       eta max_depth classif.ce warnings errors runtime_learners
INFO  [17:18:58.136] [bbotk]      205 0.2940662         4  0.1292727        0      0            0.611
INFO  [17:18:58.136] [bbotk]                                 uhash
INFO  [17:18:58.136] [bbotk]  16da7cd4-65cb-43e1-a235-f2aa412e1f8b
INFO  [17:18:58.155] [bbotk] Finished optimizing after 10 evaluation(s)
INFO  [17:18:58.155] [bbotk] Result:
INFO  [17:18:58.157] [bbotk]  nrounds       eta max_depth learner_param_vals  x_domain classif.ce
INFO  [17:18:58.157] [bbotk]    <int>     <num>     <int>             <list>    <list>      <num>
INFO  [17:18:58.157] [bbotk]       81 0.1528013        10          <list[5]> <list[3]>  0.1092264
INFO  [17:18:58.519] [bbotk] Starting to optimize 3 parameter(s) with '<OptimizerBatchRandomSearch>' and '<TerminatorEvals> [n_evals=10, k=0]'
INFO  [17:18:58.534] [bbotk] Evaluating 1 configuration(s)
INFO  [17:18:59.516] [bbotk] Result of batch 1:
INFO  [17:18:59.517] [bbotk]  nrounds      eta max_depth classif.ce warnings errors runtime_learners
INFO  [17:18:59.517] [bbotk]      190 0.136288         6  0.1202776        0      0            0.947
INFO  [17:18:59.517] [bbotk]                                 uhash
INFO  [17:18:59.517] [bbotk]  f52ac79c-0b32-4686-917a-af199d085543
INFO  [17:18:59.523] [bbotk] Evaluating 1 configuration(s)
INFO  [17:19:00.169] [bbotk] Result of batch 2:
INFO  [17:19:00.171] [bbotk]  nrounds       eta max_depth classif.ce warnings errors runtime_learners
INFO  [17:19:00.171] [bbotk]      226 0.1238563         3  0.1449499        0      0            0.603
INFO  [17:19:00.171] [bbotk]                                 uhash
INFO  [17:19:00.171] [bbotk]  4ada43f2-0331-4351-b5a7-fdcc345c55b6
INFO  [17:19:00.180] [bbotk] Evaluating 1 configuration(s)
INFO  [17:19:00.749] [bbotk] Result of batch 3:
INFO  [17:19:00.751] [bbotk]  nrounds       eta max_depth classif.ce warnings errors runtime_learners
INFO  [17:19:00.751] [bbotk]      289 0.1136415         2    0.15266        0      0            0.527
INFO  [17:19:00.751] [bbotk]                                 uhash
INFO  [17:19:00.751] [bbotk]  d95f5662-ed3e-4452-a98d-f16e49829345
INFO  [17:19:00.763] [bbotk] Evaluating 1 configuration(s)
INFO  [17:19:01.848] [bbotk] Result of batch 4:
INFO  [17:19:01.849] [bbotk]  nrounds        eta max_depth classif.ce warnings errors runtime_learners
INFO  [17:19:01.849] [bbotk]      144 0.04711087         8  0.1156515        0      0             1.04
INFO  [17:19:01.849] [bbotk]                                 uhash
INFO  [17:19:01.849] [bbotk]  4c602711-f2c8-4a33-be39-db9ec8846eac
INFO  [17:19:01.853] [bbotk] Evaluating 1 configuration(s)
INFO  [17:19:02.282] [bbotk] Result of batch 5:
INFO  [17:19:02.284] [bbotk]  nrounds        eta max_depth classif.ce warnings errors runtime_learners
INFO  [17:19:02.284] [bbotk]       81 0.07946367         5  0.1356978        0      0            0.386
INFO  [17:19:02.284] [bbotk]                                 uhash
INFO  [17:19:02.284] [bbotk]  d4e48d35-fd93-4195-ac92-58450f2bf2b9
INFO  [17:19:02.294] [bbotk] Evaluating 1 configuration(s)
INFO  [17:19:03.322] [bbotk] Result of batch 6:
INFO  [17:19:03.323] [bbotk]  nrounds       eta max_depth classif.ce warnings errors runtime_learners
INFO  [17:19:03.323] [bbotk]      186 0.1367489         6  0.1197636        0      0            0.991
INFO  [17:19:03.323] [bbotk]                                 uhash
INFO  [17:19:03.323] [bbotk]  bf094693-c2f8-4c8a-85b7-680cd3ca2c23
INFO  [17:19:03.326] [bbotk] Evaluating 1 configuration(s)
INFO  [17:19:03.551] [bbotk] Result of batch 7:
INFO  [17:19:03.551] [bbotk]  nrounds       eta max_depth classif.ce warnings errors runtime_learners
INFO  [17:19:03.551] [bbotk]       81 0.2365203         2   0.155744        0      0            0.172
INFO  [17:19:03.551] [bbotk]                                 uhash
INFO  [17:19:03.551] [bbotk]  805a53e5-c46a-42c8-a5fc-7d306e9a0adf
INFO  [17:19:03.555] [bbotk] Evaluating 1 configuration(s)
INFO  [17:19:04.527] [bbotk] Result of batch 8:
INFO  [17:19:04.528] [bbotk]  nrounds      eta max_depth classif.ce warnings errors runtime_learners
INFO  [17:19:04.528] [bbotk]      112 0.219671         9  0.1110254        0      0            0.927
INFO  [17:19:04.528] [bbotk]                                 uhash
INFO  [17:19:04.528] [bbotk]  5ac56d79-00db-4498-bbab-8ca6ba52b80e
INFO  [17:19:04.532] [bbotk] Evaluating 1 configuration(s)
INFO  [17:19:05.343] [bbotk] Result of batch 9:
INFO  [17:19:05.344] [bbotk]  nrounds        eta max_depth classif.ce warnings errors runtime_learners
INFO  [17:19:05.344] [bbotk]      157 0.09932764         6  0.1220766        0      0            0.776
INFO  [17:19:05.344] [bbotk]                                 uhash
INFO  [17:19:05.344] [bbotk]  f1c3ee2b-0d28-4556-bcfa-7161e401b263
INFO  [17:19:05.347] [bbotk] Evaluating 1 configuration(s)
INFO  [17:19:07.594] [bbotk] Result of batch 10:
INFO  [17:19:07.595] [bbotk]  nrounds       eta max_depth classif.ce warnings errors runtime_learners
INFO  [17:19:07.595] [bbotk]      280 0.0712975        10  0.1097404        0      0            2.194
INFO  [17:19:07.595] [bbotk]                                 uhash
INFO  [17:19:07.595] [bbotk]  c10c6d72-14c3-4c2f-803b-2ac363df6ef7
INFO  [17:19:07.608] [bbotk] Finished optimizing after 10 evaluation(s)
INFO  [17:19:07.608] [bbotk] Result:
INFO  [17:19:07.610] [bbotk]  nrounds       eta max_depth learner_param_vals  x_domain classif.ce
INFO  [17:19:07.610] [bbotk]    <int>     <num>     <int>             <list>    <list>      <num>
INFO  [17:19:07.610] [bbotk]      280 0.0712975        10          <list[5]> <list[3]>  0.1097404
INFO  [17:19:08.758] [bbotk] Starting to optimize 3 parameter(s) with '<OptimizerBatchRandomSearch>' and '<TerminatorEvals> [n_evals=10, k=0]'
INFO  [17:19:08.769] [bbotk] Evaluating 1 configuration(s)
INFO  [17:19:09.869] [bbotk] Result of batch 1:
INFO  [17:19:09.870] [bbotk]  nrounds        eta max_depth classif.ce warnings errors runtime_learners
INFO  [17:19:09.870] [bbotk]      229 0.08120803         6  0.1200206        0      0            1.064
INFO  [17:19:09.870] [bbotk]                                 uhash
INFO  [17:19:09.870] [bbotk]  de117373-5ae7-49b2-8c90-b1573681d9df
INFO  [17:19:09.874] [bbotk] Evaluating 1 configuration(s)
INFO  [17:19:10.957] [bbotk] Result of batch 2:
INFO  [17:19:10.958] [bbotk]  nrounds        eta max_depth classif.ce warnings errors runtime_learners
INFO  [17:19:10.958] [bbotk]      133 0.09679341        10  0.1079414        0      0            1.047
INFO  [17:19:10.958] [bbotk]                                 uhash
INFO  [17:19:10.958] [bbotk]  406b2263-8c05-4d68-bbb2-3a7399b39157
INFO  [17:19:10.962] [bbotk] Evaluating 1 configuration(s)
INFO  [17:19:12.430] [bbotk] Result of batch 3:
INFO  [17:19:12.431] [bbotk]  nrounds       eta max_depth classif.ce warnings errors runtime_learners
INFO  [17:19:12.431] [bbotk]      267 0.1388343         6  0.1128245        0      0            1.421
INFO  [17:19:12.431] [bbotk]                                 uhash
INFO  [17:19:12.431] [bbotk]  d4c1849d-712a-47e8-91eb-c97ba65c45b3
INFO  [17:19:12.435] [bbotk] Evaluating 1 configuration(s)
INFO  [17:19:13.099] [bbotk] Result of batch 4:
INFO  [17:19:13.100] [bbotk]  nrounds        eta max_depth classif.ce warnings errors runtime_learners
INFO  [17:19:13.100] [bbotk]      147 0.08510503         5  0.1233616        0      0            0.631
INFO  [17:19:13.100] [bbotk]                                 uhash
INFO  [17:19:13.100] [bbotk]  f9429805-dcc6-4d9b-ad7c-e437a8173f73
INFO  [17:19:13.105] [bbotk] Evaluating 1 configuration(s)
INFO  [17:19:15.048] [bbotk] Result of batch 5:
INFO  [17:19:15.049] [bbotk]  nrounds       eta max_depth classif.ce warnings errors runtime_learners
INFO  [17:19:15.049] [bbotk]      282 0.2168187        10  0.1061424        0      0            1.901
INFO  [17:19:15.049] [bbotk]                                 uhash
INFO  [17:19:15.049] [bbotk]  a03acfb8-39cf-4fc6-a55d-ab131c468764
INFO  [17:19:15.053] [bbotk] Evaluating 1 configuration(s)
INFO  [17:19:15.565] [bbotk] Result of batch 6:
INFO  [17:19:15.566] [bbotk]  nrounds       eta max_depth classif.ce warnings errors runtime_learners
INFO  [17:19:15.566] [bbotk]      129 0.1353955         4  0.1292727        0      0            0.467
INFO  [17:19:15.566] [bbotk]                                 uhash
INFO  [17:19:15.566] [bbotk]  5822b816-00be-4184-bf03-c8c71f2704f1
INFO  [17:19:15.570] [bbotk] Evaluating 1 configuration(s)
INFO  [17:19:16.550] [bbotk] Result of batch 7:
INFO  [17:19:16.551] [bbotk]  nrounds       eta max_depth classif.ce warnings errors runtime_learners
INFO  [17:19:16.551] [bbotk]      136 0.2736298         9  0.1102544        0      0            0.941
INFO  [17:19:16.551] [bbotk]                                 uhash
INFO  [17:19:16.551] [bbotk]  bae1c4fa-609f-4128-aa76-c02658ff098d
INFO  [17:19:16.555] [bbotk] Evaluating 1 configuration(s)
INFO  [17:19:17.136] [bbotk] Result of batch 8:
INFO  [17:19:17.137] [bbotk]  nrounds       eta max_depth classif.ce warnings errors runtime_learners
INFO  [17:19:17.137] [bbotk]       69 0.1839422        10  0.1115395        0      0             0.55
INFO  [17:19:17.137] [bbotk]                                 uhash
INFO  [17:19:17.137] [bbotk]  a36d8668-e18d-4916-9745-cbb9a2b75132
INFO  [17:19:17.141] [bbotk] Evaluating 1 configuration(s)
INFO  [17:19:18.021] [bbotk] Result of batch 9:
INFO  [17:19:18.022] [bbotk]  nrounds      eta max_depth classif.ce warnings errors runtime_learners
INFO  [17:19:18.022] [bbotk]      135 0.208643         7  0.1081984        0      0            0.819
INFO  [17:19:18.022] [bbotk]                                 uhash
INFO  [17:19:18.022] [bbotk]  66354ac2-c414-4105-bff6-c13a918607fe
INFO  [17:19:18.027] [bbotk] Evaluating 1 configuration(s)
INFO  [17:19:19.036] [bbotk] Result of batch 10:
INFO  [17:19:19.038] [bbotk]  nrounds       eta max_depth classif.ce warnings errors runtime_learners
INFO  [17:19:19.038] [bbotk]      191 0.1411767         6  0.1164225        0      0             0.97
INFO  [17:19:19.038] [bbotk]                                 uhash
INFO  [17:19:19.038] [bbotk]  e912a874-a9b7-42ec-9486-1e3f0069de7f
INFO  [17:19:19.047] [bbotk] Finished optimizing after 10 evaluation(s)
INFO  [17:19:19.047] [bbotk] Result:
INFO  [17:19:19.048] [bbotk]  nrounds       eta max_depth learner_param_vals  x_domain classif.ce
INFO  [17:19:19.048] [bbotk]    <int>     <num>     <int>             <list>    <list>      <num>
INFO  [17:19:19.048] [bbotk]      282 0.2168187        10          <list[5]> <list[3]>  0.1061424
INFO  [17:19:20.060] [bbotk] Starting to optimize 3 parameter(s) with '<OptimizerBatchRandomSearch>' and '<TerminatorEvals> [n_evals=10, k=0]'
INFO  [17:19:20.085] [bbotk] Evaluating 1 configuration(s)
INFO  [17:19:20.447] [bbotk] Result of batch 1:
INFO  [17:19:20.449] [bbotk]  nrounds       eta max_depth classif.ce warnings errors runtime_learners
INFO  [17:19:20.449] [bbotk]      192 0.1938088         2  0.1533914        0      0            0.316
INFO  [17:19:20.449] [bbotk]                                 uhash
INFO  [17:19:20.449] [bbotk]  0a98484e-17c3-4714-988b-56aadd73ef7b
INFO  [17:19:20.456] [bbotk] Evaluating 1 configuration(s)
INFO  [17:19:21.341] [bbotk] Result of batch 2:
INFO  [17:19:21.343] [bbotk]  nrounds       eta max_depth classif.ce warnings errors runtime_learners
INFO  [17:19:21.343] [bbotk]      129 0.2269204         8  0.1166494        0      0            0.844
INFO  [17:19:21.343] [bbotk]                                 uhash
INFO  [17:19:21.343] [bbotk]  5b24f75b-eaaa-4a5a-8e2c-a23b7d4ff3f1
INFO  [17:19:21.349] [bbotk] Evaluating 1 configuration(s)
INFO  [17:19:22.094] [bbotk] Result of batch 3:
INFO  [17:19:22.095] [bbotk]  nrounds       eta max_depth classif.ce warnings errors runtime_learners
INFO  [17:19:22.095] [bbotk]      153 0.2933562         5  0.1225599        0      0            0.696
INFO  [17:19:22.095] [bbotk]                                 uhash
INFO  [17:19:22.095] [bbotk]  75e992c5-9201-4518-9e18-9e20d1e2c7b2
INFO  [17:19:22.104] [bbotk] Evaluating 1 configuration(s)
INFO  [17:19:23.114] [bbotk] Result of batch 4:
INFO  [17:19:23.115] [bbotk]  nrounds       eta max_depth classif.ce warnings errors runtime_learners
INFO  [17:19:23.115] [bbotk]      245 0.1547071         5  0.1241005        0      0            0.976
INFO  [17:19:23.115] [bbotk]                                 uhash
INFO  [17:19:23.115] [bbotk]  082273fb-3ada-49ba-a069-928563345d2e
INFO  [17:19:23.119] [bbotk] Evaluating 1 configuration(s)
INFO  [17:19:23.758] [bbotk] Result of batch 5:
INFO  [17:19:23.759] [bbotk]  nrounds       eta max_depth classif.ce warnings errors runtime_learners
INFO  [17:19:23.759] [bbotk]      170 0.2129429         4  0.1292392        0      0            0.597
INFO  [17:19:23.759] [bbotk]                                 uhash
INFO  [17:19:23.759] [bbotk]  13a82827-1d8a-4277-aab4-80e2269dd4d5
INFO  [17:19:23.764] [bbotk] Evaluating 1 configuration(s)
INFO  [17:19:24.709] [bbotk] Result of batch 6:
INFO  [17:19:24.711] [bbotk]  nrounds       eta max_depth classif.ce warnings errors runtime_learners
INFO  [17:19:24.711] [bbotk]      116 0.1541483        10  0.1138252        0      0            0.903
INFO  [17:19:24.711] [bbotk]                                 uhash
INFO  [17:19:24.711] [bbotk]  775eee0c-4a3b-49f2-b1d3-8ff8243458c4
INFO  [17:19:24.715] [bbotk] Evaluating 1 configuration(s)
INFO  [17:19:25.208] [bbotk] Result of batch 7:
INFO  [17:19:25.208] [bbotk]  nrounds      eta max_depth classif.ce warnings errors runtime_learners
INFO  [17:19:25.208] [bbotk]      142 0.254691         4  0.1271842        0      0            0.454
INFO  [17:19:25.208] [bbotk]                                 uhash
INFO  [17:19:25.208] [bbotk]  e973fb89-91b1-4f38-82db-de4623512d9b
INFO  [17:19:25.212] [bbotk] Evaluating 1 configuration(s)
INFO  [17:19:26.878] [bbotk] Result of batch 8:
INFO  [17:19:26.880] [bbotk]  nrounds       eta max_depth classif.ce warnings errors runtime_learners
INFO  [17:19:26.880] [bbotk]      286 0.1767531         7  0.1207603        0      0            1.639
INFO  [17:19:26.880] [bbotk]                                 uhash
INFO  [17:19:26.880] [bbotk]  5c20b0de-90a9-4710-8c56-9cd918cfa220
INFO  [17:19:26.883] [bbotk] Evaluating 1 configuration(s)
INFO  [17:19:27.249] [bbotk] Result of batch 9:
INFO  [17:19:27.250] [bbotk]  nrounds       eta max_depth classif.ce warnings errors runtime_learners
INFO  [17:19:27.250] [bbotk]       54 0.2118636         7  0.1158796        0      0            0.334
INFO  [17:19:27.250] [bbotk]                                 uhash
INFO  [17:19:27.250] [bbotk]  18d7ce07-9554-4d9c-9dbc-8f9ece7d9503
INFO  [17:19:27.258] [bbotk] Evaluating 1 configuration(s)
INFO  [17:19:27.417] [bbotk] Result of batch 10:
INFO  [17:19:27.418] [bbotk]  nrounds        eta max_depth classif.ce warnings errors runtime_learners
INFO  [17:19:27.418] [bbotk]       64 0.08520669         2  0.1821704        0      0            0.122
INFO  [17:19:27.418] [bbotk]                                 uhash
INFO  [17:19:27.418] [bbotk]  54dba57d-6f31-41d7-b922-9642751b702f
INFO  [17:19:27.426] [bbotk] Finished optimizing after 10 evaluation(s)
INFO  [17:19:27.426] [bbotk] Result:
INFO  [17:19:27.427] [bbotk]  nrounds       eta max_depth learner_param_vals  x_domain classif.ce
INFO  [17:19:27.427] [bbotk]    <int>     <num>     <int>             <list>    <list>      <num>
INFO  [17:19:27.427] [bbotk]      116 0.1541483        10          <list[5]> <list[3]>  0.1138252

### [bt]: Job terminated successfully [batchtools job.id=2648]
### [bt]: Starting job [batchtools job.id=2649]
### [bt]: Generating problem instance for problem '34d90df810f60583' ...
### [bt]: Applying algorithm 'run_learner' on problem '34d90df810f60583' for job 2649 (seed = 2650) ...
INFO  [17:19:28.143] [mlr3] Applying learner 'classif.xgboost.tuned_calib.perfold_platt' on task 'phoneme' (iter 9/10)
INFO  [17:19:28.193] [bbotk] Starting to optimize 3 parameter(s) with '<OptimizerBatchRandomSearch>' and '<TerminatorEvals> [n_evals=10, k=0]'
INFO  [17:19:28.208] [bbotk] Evaluating 1 configuration(s)
INFO  [17:19:29.259] [bbotk] Result of batch 1:
INFO  [17:19:29.261] [bbotk]  nrounds       eta max_depth classif.ce warnings errors runtime_learners
INFO  [17:19:29.261] [bbotk]      198 0.2865085         6  0.1112824        0      0            1.009
INFO  [17:19:29.261] [bbotk]                                 uhash
INFO  [17:19:29.261] [bbotk]  e41d9492-7e24-4555-a56c-5d0dbf1dfc60
INFO  [17:19:29.274] [bbotk] Evaluating 1 configuration(s)
INFO  [17:19:30.087] [bbotk] Result of batch 2:
INFO  [17:19:30.088] [bbotk]  nrounds       eta max_depth classif.ce warnings errors runtime_learners
INFO  [17:19:30.088] [bbotk]      164 0.2791199         6  0.1169365        0      0            0.777
INFO  [17:19:30.088] [bbotk]                                 uhash
INFO  [17:19:30.088] [bbotk]  dbc93448-ba98-4715-8f4b-5cef8c540bfd
INFO  [17:19:30.095] [bbotk] Evaluating 1 configuration(s)
INFO  [17:19:30.648] [bbotk] Result of batch 3:
INFO  [17:19:30.649] [bbotk]  nrounds       eta max_depth classif.ce warnings errors runtime_learners
INFO  [17:19:30.649] [bbotk]      129 0.2277805         4  0.1320997        0      0            0.493
INFO  [17:19:30.649] [bbotk]                                 uhash
INFO  [17:19:30.649] [bbotk]  e23adc9c-3c30-428e-a8d0-e856be23b87d
INFO  [17:19:30.658] [bbotk] Evaluating 1 configuration(s)
INFO  [17:19:32.170] [bbotk] Result of batch 4:
INFO  [17:19:32.172] [bbotk]  nrounds       eta max_depth classif.ce warnings errors runtime_learners
INFO  [17:19:32.172] [bbotk]      210 0.2763479         9  0.1135955        0      0            1.452
INFO  [17:19:32.172] [bbotk]                                 uhash
INFO  [17:19:32.172] [bbotk]  4f0430c8-55f3-45d6-984e-e9684f1a0d28
INFO  [17:19:32.180] [bbotk] Evaluating 1 configuration(s)
INFO  [17:19:33.549] [bbotk] Result of batch 5:
INFO  [17:19:33.551] [bbotk]  nrounds       eta max_depth classif.ce warnings errors runtime_learners
INFO  [17:19:33.551] [bbotk]      201 0.1591566         8  0.1189925        0      0            1.315
INFO  [17:19:33.551] [bbotk]                                 uhash
INFO  [17:19:33.551] [bbotk]  672f41a3-7eba-4b41-b69a-4b7471b5cb1b
INFO  [17:19:33.557] [bbotk] Evaluating 1 configuration(s)
INFO  [17:19:33.795] [bbotk] Result of batch 6:
INFO  [17:19:33.797] [bbotk]  nrounds       eta max_depth classif.ce warnings errors runtime_learners
INFO  [17:19:33.797] [bbotk]      116 0.2855081         2  0.1472629        0      0              0.2
INFO  [17:19:33.797] [bbotk]                                 uhash
INFO  [17:19:33.797] [bbotk]  45781fae-bac4-4281-999c-7a8d1ea069eb
INFO  [17:19:33.805] [bbotk] Evaluating 1 configuration(s)
INFO  [17:19:34.626] [bbotk] Result of batch 7:
INFO  [17:19:34.627] [bbotk]  nrounds       eta max_depth classif.ce warnings errors runtime_learners
INFO  [17:19:34.627] [bbotk]      179 0.1906674         5  0.1241326        0      0            0.776
INFO  [17:19:34.627] [bbotk]                                 uhash
INFO  [17:19:34.627] [bbotk]  d4ec54a3-ecd6-4feb-95f3-bd3fec987ee9
INFO  [17:19:34.635] [bbotk] Evaluating 1 configuration(s)
INFO  [17:19:36.255] [bbotk] Result of batch 8:
INFO  [17:19:36.256] [bbotk]  nrounds       eta max_depth classif.ce warnings errors runtime_learners
INFO  [17:19:36.256] [bbotk]      280 0.1108811         6  0.1189925        0      0            1.577
INFO  [17:19:36.256] [bbotk]                                 uhash
INFO  [17:19:36.256] [bbotk]  7d134f4d-61bb-44d3-91c1-69232f119163
INFO  [17:19:36.261] [bbotk] Evaluating 1 configuration(s)
INFO  [17:19:37.315] [bbotk] Result of batch 9:
INFO  [17:19:37.317] [bbotk]  nrounds        eta max_depth classif.ce warnings errors runtime_learners
INFO  [17:19:37.317] [bbotk]      286 0.08877694         4  0.1308147        0      0            0.992
INFO  [17:19:37.317] [bbotk]                                 uhash
INFO  [17:19:37.317] [bbotk]  bd46470d-95d2-485d-be90-c9fff7f32b22
INFO  [17:19:37.324] [bbotk] Evaluating 1 configuration(s)
INFO  [17:19:38.603] [bbotk] Result of batch 10:
INFO  [17:19:38.605] [bbotk]  nrounds        eta max_depth classif.ce warnings errors runtime_learners
INFO  [17:19:38.605] [bbotk]      270 0.06557531         5  0.1295297        0      0            1.235
INFO  [17:19:38.605] [bbotk]                                 uhash
INFO  [17:19:38.605] [bbotk]  35ee5d14-b024-47d1-8240-eb0eb82009bb
INFO  [17:19:38.621] [bbotk] Finished optimizing after 10 evaluation(s)
INFO  [17:19:38.622] [bbotk] Result:
INFO  [17:19:38.622] [bbotk]  nrounds       eta max_depth learner_param_vals  x_domain classif.ce
INFO  [17:19:38.622] [bbotk]    <int>     <num>     <int>             <list>    <list>      <num>
INFO  [17:19:38.622] [bbotk]      198 0.2865085         6          <list[5]> <list[3]>  0.1112824
INFO  [17:19:39.195] [bbotk] Starting to optimize 3 parameter(s) with '<OptimizerBatchRandomSearch>' and '<TerminatorEvals> [n_evals=10, k=0]'
INFO  [17:19:39.206] [bbotk] Evaluating 1 configuration(s)
INFO  [17:19:39.379] [bbotk] Result of batch 1:
INFO  [17:19:39.380] [bbotk]  nrounds        eta max_depth classif.ce warnings errors runtime_learners
INFO  [17:19:39.380] [bbotk]       77 0.03744407         2  0.2014906        0      0            0.141
INFO  [17:19:39.380] [bbotk]                                 uhash
INFO  [17:19:39.380] [bbotk]  e2bed3e4-6882-4725-94ed-7ca91cffeb03
INFO  [17:19:39.384] [bbotk] Evaluating 1 configuration(s)
INFO  [17:19:41.193] [bbotk] Result of batch 2:
INFO  [17:19:41.194] [bbotk]  nrounds      eta max_depth classif.ce warnings errors runtime_learners
INFO  [17:19:41.194] [bbotk]      287 0.292423         9  0.1197636        0      0            1.769
INFO  [17:19:41.194] [bbotk]                                 uhash
INFO  [17:19:41.194] [bbotk]  164945aa-f867-4188-b6b0-d9821d8f2576
INFO  [17:19:41.198] [bbotk] Evaluating 1 configuration(s)
INFO  [17:19:41.801] [bbotk] Result of batch 3:
INFO  [17:19:41.803] [bbotk]  nrounds       eta max_depth classif.ce warnings errors runtime_learners
INFO  [17:19:41.803] [bbotk]      105 0.1404758         6  0.1333847        0      0            0.552
INFO  [17:19:41.803] [bbotk]                                 uhash
INFO  [17:19:41.803] [bbotk]  c842febb-9924-4160-a2e9-505b356a2cd8
INFO  [17:19:41.811] [bbotk] Evaluating 1 configuration(s)
INFO  [17:19:42.328] [bbotk] Result of batch 4:
INFO  [17:19:42.330] [bbotk]  nrounds       eta max_depth classif.ce warnings errors runtime_learners
INFO  [17:19:42.330] [bbotk]      201 0.2959589         3  0.1410948        0      0            0.484
INFO  [17:19:42.330] [bbotk]                                 uhash
INFO  [17:19:42.330] [bbotk]  4440c094-af6c-4168-b7b9-9084888ae942
INFO  [17:19:42.339] [bbotk] Evaluating 1 configuration(s)
INFO  [17:19:42.897] [bbotk] Result of batch 5:
INFO  [17:19:42.898] [bbotk]  nrounds       eta max_depth classif.ce warnings errors runtime_learners
INFO  [17:19:42.898] [bbotk]      189 0.1814601         3  0.1408378        0      0            0.511
INFO  [17:19:42.898] [bbotk]                                 uhash
INFO  [17:19:42.898] [bbotk]  a92a73ca-b96f-46f8-be81-ddfc2f030cc8
INFO  [17:19:42.902] [bbotk] Evaluating 1 configuration(s)
INFO  [17:19:43.868] [bbotk] Result of batch 6:
INFO  [17:19:43.869] [bbotk]  nrounds        eta max_depth classif.ce warnings errors runtime_learners
INFO  [17:19:43.869] [bbotk]      213 0.04255807         5  0.1354408        0      0            0.931
INFO  [17:19:43.869] [bbotk]                                 uhash
INFO  [17:19:43.869] [bbotk]  fb5f0acd-932e-4099-966f-e8e909b833de
INFO  [17:19:43.873] [bbotk] Evaluating 1 configuration(s)
INFO  [17:19:45.577] [bbotk] Result of batch 7:
INFO  [17:19:45.578] [bbotk]  nrounds        eta max_depth classif.ce warnings errors runtime_learners
INFO  [17:19:45.578] [bbotk]      244 0.07742517         8  0.1223336        0      0            1.664
INFO  [17:19:45.578] [bbotk]                                 uhash
INFO  [17:19:45.578] [bbotk]  5ec4389d-b060-462a-bfcb-7f7d450eff70
INFO  [17:19:45.582] [bbotk] Evaluating 1 configuration(s)
INFO  [17:19:47.142] [bbotk] Result of batch 8:
INFO  [17:19:47.143] [bbotk]  nrounds       eta max_depth classif.ce warnings errors runtime_learners
INFO  [17:19:47.143] [bbotk]      278 0.2260972         7  0.1251606        0      0            1.524
INFO  [17:19:47.143] [bbotk]                                 uhash
INFO  [17:19:47.143] [bbotk]  ca3765c0-035d-468e-b18b-e3092835511f
INFO  [17:19:47.150] [bbotk] Evaluating 1 configuration(s)
INFO  [17:19:47.597] [bbotk] Result of batch 9:
INFO  [17:19:47.598] [bbotk]  nrounds       eta max_depth classif.ce warnings errors runtime_learners
INFO  [17:19:47.598] [bbotk]       71 0.1288438         6  0.1310717        0      0            0.403
INFO  [17:19:47.598] [bbotk]                                 uhash
INFO  [17:19:47.598] [bbotk]  72d73b7a-cfef-4e3e-a280-3c5819b21966
INFO  [17:19:47.601] [bbotk] Evaluating 1 configuration(s)
INFO  [17:19:47.936] [bbotk] Result of batch 10:
INFO  [17:19:47.938] [bbotk]  nrounds       eta max_depth classif.ce warnings errors runtime_learners
INFO  [17:19:47.938] [bbotk]      164 0.1459541         2   0.156001        0      0            0.275
INFO  [17:19:47.938] [bbotk]                                 uhash
INFO  [17:19:47.938] [bbotk]  27e2e295-fcc6-4d3b-97b4-ce6cf5870cbb
INFO  [17:19:47.953] [bbotk] Finished optimizing after 10 evaluation(s)
INFO  [17:19:47.953] [bbotk] Result:
INFO  [17:19:47.954] [bbotk]  nrounds      eta max_depth learner_param_vals  x_domain classif.ce
INFO  [17:19:47.954] [bbotk]    <int>    <num>     <int>             <list>    <list>      <num>
INFO  [17:19:47.954] [bbotk]      287 0.292423         9          <list[5]> <list[3]>  0.1197636
INFO  [17:19:48.954] [bbotk] Starting to optimize 3 parameter(s) with '<OptimizerBatchRandomSearch>' and '<TerminatorEvals> [n_evals=10, k=0]'
INFO  [17:19:48.965] [bbotk] Evaluating 1 configuration(s)
INFO  [17:19:49.587] [bbotk] Result of batch 1:
INFO  [17:19:49.589] [bbotk]  nrounds        eta max_depth classif.ce warnings errors runtime_learners
INFO  [17:19:49.589] [bbotk]      102 0.07233186         7  0.1184785        0      0            0.585
INFO  [17:19:49.589] [bbotk]                                 uhash
INFO  [17:19:49.589] [bbotk]  ba7a019e-763b-412e-ac34-a6a20adb9bf5
INFO  [17:19:49.593] [bbotk] Evaluating 1 configuration(s)
INFO  [17:19:51.433] [bbotk] Result of batch 2:
INFO  [17:19:51.435] [bbotk]  nrounds       eta max_depth classif.ce warnings errors runtime_learners
INFO  [17:19:51.435] [bbotk]      237 0.1418692        10  0.1128245        0      0            1.808
INFO  [17:19:51.435] [bbotk]                                 uhash
INFO  [17:19:51.435] [bbotk]  15d524b0-7c44-4eac-8260-cf94dd46918f
INFO  [17:19:51.441] [bbotk] Evaluating 1 configuration(s)
INFO  [17:19:53.098] [bbotk] Result of batch 3:
INFO  [17:19:53.100] [bbotk]  nrounds       eta max_depth classif.ce warnings errors runtime_learners
INFO  [17:19:53.100] [bbotk]      197 0.1589473        10  0.1128245        0      0            1.612
INFO  [17:19:53.100] [bbotk]                                 uhash
INFO  [17:19:53.100] [bbotk]  38681819-427e-4abd-b679-b377a95bc19b
INFO  [17:19:53.107] [bbotk] Evaluating 1 configuration(s)
INFO  [17:19:53.686] [bbotk] Result of batch 4:
INFO  [17:19:53.687] [bbotk]  nrounds       eta max_depth classif.ce warnings errors runtime_learners
INFO  [17:19:53.687] [bbotk]       75 0.1860572         8  0.1187355        0      0            0.546
INFO  [17:19:53.687] [bbotk]                                 uhash
INFO  [17:19:53.687] [bbotk]  4c92840c-1907-4bb3-bc00-199d6fdcc499
INFO  [17:19:53.691] [bbotk] Evaluating 1 configuration(s)
INFO  [17:19:55.170] [bbotk] Result of batch 5:
INFO  [17:19:55.171] [bbotk]  nrounds        eta max_depth classif.ce warnings errors runtime_learners
INFO  [17:19:55.171] [bbotk]      251 0.05308715         7  0.1189925        0      0            1.419
INFO  [17:19:55.171] [bbotk]                                 uhash
INFO  [17:19:55.171] [bbotk]  477ed310-607e-4066-8f32-dcc010443c95
INFO  [17:19:55.175] [bbotk] Evaluating 1 configuration(s)
INFO  [17:19:56.687] [bbotk] Result of batch 6:
INFO  [17:19:56.689] [bbotk]  nrounds       eta max_depth classif.ce warnings errors runtime_learners
INFO  [17:19:56.689] [bbotk]      205 0.2946559        10  0.1117965        0      0             1.48
INFO  [17:19:56.689] [bbotk]                                 uhash
INFO  [17:19:56.689] [bbotk]  ab66fd7b-d07e-429e-80b2-b5dc2ff485ee
INFO  [17:19:56.693] [bbotk] Evaluating 1 configuration(s)
INFO  [17:19:58.500] [bbotk] Result of batch 7:
INFO  [17:19:58.501] [bbotk]  nrounds       eta max_depth classif.ce warnings errors runtime_learners
INFO  [17:19:58.501] [bbotk]      256 0.1794336        10  0.1117965        0      0            1.771
INFO  [17:19:58.501] [bbotk]                                 uhash
INFO  [17:19:58.501] [bbotk]  adbba8dc-15e2-4791-9a42-466056e260af
INFO  [17:19:58.510] [bbotk] Evaluating 1 configuration(s)
INFO  [17:19:58.823] [bbotk] Result of batch 8:
INFO  [17:19:58.825] [bbotk]  nrounds       eta max_depth classif.ce warnings errors runtime_learners
INFO  [17:19:58.825] [bbotk]      144 0.1409617         2  0.1495759        0      0            0.267
INFO  [17:19:58.825] [bbotk]                                 uhash
INFO  [17:19:58.825] [bbotk]  5970a5ea-c98d-4038-9373-9ea87849c67f
INFO  [17:19:58.829] [bbotk] Evaluating 1 configuration(s)
INFO  [17:19:59.355] [bbotk] Result of batch 9:
INFO  [17:19:59.356] [bbotk]  nrounds        eta max_depth classif.ce warnings errors runtime_learners
INFO  [17:19:59.356] [bbotk]       88 0.04147797         6  0.1241326        0      0            0.494
INFO  [17:19:59.356] [bbotk]                                 uhash
INFO  [17:19:59.356] [bbotk]  9f3b1b5e-8568-42b1-a952-6b502c348920
INFO  [17:19:59.362] [bbotk] Evaluating 1 configuration(s)
INFO  [17:20:00.559] [bbotk] Result of batch 10:
INFO  [17:20:00.560] [bbotk]  nrounds        eta max_depth classif.ce warnings errors runtime_learners
INFO  [17:20:00.560] [bbotk]      261 0.05727104         6  0.1179645        0      0             1.16
INFO  [17:20:00.560] [bbotk]                                 uhash
INFO  [17:20:00.560] [bbotk]  f5373faa-fdd2-4cf6-a334-c38e488d7325
INFO  [17:20:00.585] [bbotk] Finished optimizing after 10 evaluation(s)
INFO  [17:20:00.585] [bbotk] Result:
INFO  [17:20:00.587] [bbotk]  nrounds       eta max_depth learner_param_vals  x_domain classif.ce
INFO  [17:20:00.587] [bbotk]    <int>     <num>     <int>             <list>    <list>      <num>
INFO  [17:20:00.587] [bbotk]      205 0.2946559        10          <list[5]> <list[3]>  0.1117965
INFO  [17:20:01.411] [bbotk] Starting to optimize 3 parameter(s) with '<OptimizerBatchRandomSearch>' and '<TerminatorEvals> [n_evals=10, k=0]'
INFO  [17:20:01.422] [bbotk] Evaluating 1 configuration(s)
INFO  [17:20:02.809] [bbotk] Result of batch 1:
INFO  [17:20:02.810] [bbotk]  nrounds       eta max_depth classif.ce warnings errors runtime_learners
INFO  [17:20:02.810] [bbotk]      269 0.1654486         6  0.1171935        0      0            1.348
INFO  [17:20:02.810] [bbotk]                                 uhash
INFO  [17:20:02.810] [bbotk]  fe199acd-0f15-4018-b153-05e72c458b6c
INFO  [17:20:02.818] [bbotk] Evaluating 1 configuration(s)
INFO  [17:20:03.757] [bbotk] Result of batch 2:
INFO  [17:20:03.758] [bbotk]  nrounds       eta max_depth classif.ce warnings errors runtime_learners
INFO  [17:20:03.758] [bbotk]      133 0.2472891         8  0.1207916        0      0            0.896
INFO  [17:20:03.758] [bbotk]                                 uhash
INFO  [17:20:03.758] [bbotk]  776ccce0-9345-4ba8-99a3-040702e26006
INFO  [17:20:03.762] [bbotk] Evaluating 1 configuration(s)
INFO  [17:20:04.184] [bbotk] Result of batch 3:
INFO  [17:20:04.186] [bbotk]  nrounds        eta max_depth classif.ce warnings errors runtime_learners
INFO  [17:20:04.186] [bbotk]       68 0.09544188         6  0.1215626        0      0            0.384
INFO  [17:20:04.186] [bbotk]                                 uhash
INFO  [17:20:04.186] [bbotk]  3289faff-fafa-4655-ba37-dd47b08d5e3e
INFO  [17:20:04.192] [bbotk] Evaluating 1 configuration(s)
INFO  [17:20:05.170] [bbotk] Result of batch 4:
INFO  [17:20:05.172] [bbotk]  nrounds       eta max_depth classif.ce warnings errors runtime_learners
INFO  [17:20:05.172] [bbotk]      212 0.2817605         6  0.1215626        0      0            0.948
INFO  [17:20:05.172] [bbotk]                                 uhash
INFO  [17:20:05.172] [bbotk]  339e4530-c4f1-441c-84ac-46327ab441f4
INFO  [17:20:05.176] [bbotk] Evaluating 1 configuration(s)
INFO  [17:20:05.894] [bbotk] Result of batch 5:
INFO  [17:20:05.895] [bbotk]  nrounds       eta max_depth classif.ce warnings errors runtime_learners
INFO  [17:20:05.895] [bbotk]      206 0.1129807         4  0.1254176        0      0            0.673
INFO  [17:20:05.895] [bbotk]                                 uhash
INFO  [17:20:05.895] [bbotk]  80ed2de7-0177-40d3-8b1f-848c4a39f4ae
INFO  [17:20:05.899] [bbotk] Evaluating 1 configuration(s)
INFO  [17:20:06.415] [bbotk] Result of batch 6:
INFO  [17:20:06.417] [bbotk]  nrounds       eta max_depth classif.ce warnings errors runtime_learners
INFO  [17:20:06.417] [bbotk]       60 0.2505411        10  0.1177075        0      0            0.482
INFO  [17:20:06.417] [bbotk]                                 uhash
INFO  [17:20:06.417] [bbotk]  53fc0935-0853-4911-9a57-fcb99ebe76e0
INFO  [17:20:06.431] [bbotk] Evaluating 1 configuration(s)
INFO  [17:20:08.303] [bbotk] Result of batch 7:
INFO  [17:20:08.305] [bbotk]  nrounds        eta max_depth classif.ce warnings errors runtime_learners
INFO  [17:20:08.305] [bbotk]      223 0.06116917        10  0.1153945        0      0            1.835
INFO  [17:20:08.305] [bbotk]                                 uhash
INFO  [17:20:08.305] [bbotk]  13ef79f6-44a5-4741-adc7-0125d4727651
INFO  [17:20:08.313] [bbotk] Evaluating 1 configuration(s)
INFO  [17:20:08.478] [bbotk] Result of batch 8:
INFO  [17:20:08.480] [bbotk]  nrounds       eta max_depth classif.ce warnings errors runtime_learners
INFO  [17:20:08.480] [bbotk]       55 0.1561589         2  0.1696222        0      0            0.123
INFO  [17:20:08.480] [bbotk]                                 uhash
INFO  [17:20:08.480] [bbotk]  120d7a18-a20f-4567-b10b-08aaa30b6ee0
INFO  [17:20:08.488] [bbotk] Evaluating 1 configuration(s)
INFO  [17:20:08.958] [bbotk] Result of batch 9:
INFO  [17:20:08.959] [bbotk]  nrounds       eta max_depth classif.ce warnings errors runtime_learners
INFO  [17:20:08.959] [bbotk]       51 0.1301638        10  0.1177075        0      0            0.433
INFO  [17:20:08.959] [bbotk]                                 uhash
INFO  [17:20:08.959] [bbotk]  c4ae38ce-4362-4396-ac9d-1d391b9d1b82
INFO  [17:20:08.963] [bbotk] Evaluating 1 configuration(s)
INFO  [17:20:10.267] [bbotk] Result of batch 10:
INFO  [17:20:10.269] [bbotk]  nrounds        eta max_depth classif.ce warnings errors runtime_learners
INFO  [17:20:10.269] [bbotk]      287 0.02049314         5  0.1297867        0      0            1.264
INFO  [17:20:10.269] [bbotk]                                 uhash
INFO  [17:20:10.269] [bbotk]  1cbe176f-6604-48d5-97a9-f389d97d55cd
INFO  [17:20:10.288] [bbotk] Finished optimizing after 10 evaluation(s)
INFO  [17:20:10.289] [bbotk] Result:
INFO  [17:20:10.290] [bbotk]  nrounds        eta max_depth learner_param_vals  x_domain classif.ce
INFO  [17:20:10.290] [bbotk]    <int>      <num>     <int>             <list>    <list>      <num>
INFO  [17:20:10.290] [bbotk]      223 0.06116917        10          <list[5]> <list[3]>  0.1153945
INFO  [17:20:11.194] [bbotk] Starting to optimize 3 parameter(s) with '<OptimizerBatchRandomSearch>' and '<TerminatorEvals> [n_evals=10, k=0]'
INFO  [17:20:11.218] [bbotk] Evaluating 1 configuration(s)
INFO  [17:20:11.950] [bbotk] Result of batch 1:
INFO  [17:20:11.952] [bbotk]  nrounds       eta max_depth classif.ce warnings errors runtime_learners
INFO  [17:20:11.952] [bbotk]      208 0.2531286         4  0.1248715        0      0            0.682
INFO  [17:20:11.952] [bbotk]                                 uhash
INFO  [17:20:11.952] [bbotk]  5b342251-c526-4972-893d-3769c1ef356f
INFO  [17:20:11.960] [bbotk] Evaluating 1 configuration(s)
INFO  [17:20:12.118] [bbotk] Result of batch 2:
INFO  [17:20:12.120] [bbotk]  nrounds        eta max_depth classif.ce warnings errors runtime_learners
INFO  [17:20:12.120] [bbotk]       57 0.09722666         2  0.1896178        0      0            0.115
INFO  [17:20:12.120] [bbotk]                                 uhash
INFO  [17:20:12.120] [bbotk]  44f45b4e-5d66-4fab-bbdd-b47bce99c5cb
INFO  [17:20:12.126] [bbotk] Evaluating 1 configuration(s)
INFO  [17:20:12.766] [bbotk] Result of batch 3:
INFO  [17:20:12.767] [bbotk]  nrounds       eta max_depth classif.ce warnings errors runtime_learners
INFO  [17:20:12.767] [bbotk]       85 0.2853187         9  0.1140816        0      0            0.607
INFO  [17:20:12.767] [bbotk]                                 uhash
INFO  [17:20:12.767] [bbotk]  86243d94-c6fb-48ff-9ee8-0e9d71430984
INFO  [17:20:12.770] [bbotk] Evaluating 1 configuration(s)
INFO  [17:20:13.202] [bbotk] Result of batch 4:
INFO  [17:20:13.203] [bbotk]  nrounds       eta max_depth classif.ce warnings errors runtime_learners
INFO  [17:20:13.203] [bbotk]      213 0.2405705         2  0.1382322        0      0            0.391
INFO  [17:20:13.203] [bbotk]                                 uhash
INFO  [17:20:13.203] [bbotk]  a0a19731-9d3c-4d69-b3f8-516d794b78b1
INFO  [17:20:13.207] [bbotk] Evaluating 1 configuration(s)
INFO  [17:20:14.200] [bbotk] Result of batch 5:
INFO  [17:20:14.201] [bbotk]  nrounds       eta max_depth classif.ce warnings errors runtime_learners
INFO  [17:20:14.201] [bbotk]      242 0.2491498         5  0.1189623        0      0            0.954
INFO  [17:20:14.201] [bbotk]                                 uhash
INFO  [17:20:14.201] [bbotk]  a0a7c509-e6cd-41f5-b07f-f2b448106c0e
INFO  [17:20:14.205] [bbotk] Evaluating 1 configuration(s)
INFO  [17:20:15.441] [bbotk] Result of batch 6:
INFO  [17:20:15.443] [bbotk]  nrounds       eta max_depth classif.ce warnings errors runtime_learners
INFO  [17:20:15.443] [bbotk]      247 0.2446265         6  0.1143374        0      0            1.189
INFO  [17:20:15.443] [bbotk]                                 uhash
INFO  [17:20:15.443] [bbotk]  12ebd96a-113e-4bae-b68f-6cddecff6cc0
INFO  [17:20:15.452] [bbotk] Evaluating 1 configuration(s)
INFO  [17:20:16.199] [bbotk] Result of batch 7:
INFO  [17:20:16.202] [bbotk]  nrounds        eta max_depth classif.ce warnings errors runtime_learners
INFO  [17:20:16.202] [bbotk]      287 0.07049178         3  0.1330927        0      0            0.709
INFO  [17:20:16.202] [bbotk]                                 uhash
INFO  [17:20:16.202] [bbotk]  19d33ad7-856c-4f12-9255-20011c14c266
INFO  [17:20:16.211] [bbotk] Evaluating 1 configuration(s)
INFO  [17:20:16.572] [bbotk] Result of batch 8:
INFO  [17:20:16.573] [bbotk]  nrounds       eta max_depth classif.ce warnings errors runtime_learners
INFO  [17:20:16.573] [bbotk]      175 0.2274152         2  0.1359207        0      0            0.324
INFO  [17:20:16.573] [bbotk]                                 uhash
INFO  [17:20:16.573] [bbotk]  7c813ffa-0e7a-4cda-9711-5f80cd139cef
INFO  [17:20:16.577] [bbotk] Evaluating 1 configuration(s)
INFO  [17:20:18.096] [bbotk] Result of batch 9:
INFO  [17:20:18.097] [bbotk]  nrounds       eta max_depth classif.ce warnings errors runtime_learners
INFO  [17:20:18.097] [bbotk]      205 0.2695939        10  0.1130528        0      0            1.477
INFO  [17:20:18.097] [bbotk]                                 uhash
INFO  [17:20:18.097] [bbotk]  9a8d7b68-b398-4bdc-8337-23ce91c61f68
INFO  [17:20:18.101] [bbotk] Evaluating 1 configuration(s)
INFO  [17:20:19.581] [bbotk] Result of batch 10:
INFO  [17:20:19.581] [bbotk]  nrounds       eta max_depth classif.ce warnings errors runtime_learners
INFO  [17:20:19.581] [bbotk]      218 0.2759184         9  0.1115119        0      0            1.435
INFO  [17:20:19.581] [bbotk]                                 uhash
INFO  [17:20:19.581] [bbotk]  77b13b42-a66a-47df-aa99-c37e0c40b862
INFO  [17:20:19.594] [bbotk] Finished optimizing after 10 evaluation(s)
INFO  [17:20:19.594] [bbotk] Result:
INFO  [17:20:19.596] [bbotk]  nrounds       eta max_depth learner_param_vals  x_domain classif.ce
INFO  [17:20:19.596] [bbotk]    <int>     <num>     <int>             <list>    <list>      <num>
INFO  [17:20:19.596] [bbotk]      218 0.2759184         9          <list[5]> <list[3]>  0.1115119

### [bt]: Job terminated successfully [batchtools job.id=2649]
### [bt]: Starting job [batchtools job.id=2650]
### [bt]: Generating problem instance for problem '34d90df810f60583' ...
### [bt]: Applying algorithm 'run_learner' on problem '34d90df810f60583' for job 2650 (seed = 2651) ...
INFO  [17:20:20.510] [mlr3] Applying learner 'classif.xgboost.tuned_calib.perfold_platt' on task 'phoneme' (iter 10/10)
INFO  [17:20:20.558] [bbotk] Starting to optimize 3 parameter(s) with '<OptimizerBatchRandomSearch>' and '<TerminatorEvals> [n_evals=10, k=0]'
INFO  [17:20:20.568] [bbotk] Evaluating 1 configuration(s)
INFO  [17:20:22.290] [bbotk] Result of batch 1:
INFO  [17:20:22.292] [bbotk]  nrounds        eta max_depth classif.ce warnings errors runtime_learners
INFO  [17:20:22.292] [bbotk]      244 0.07137732         8  0.1125675        0      0            1.666
INFO  [17:20:22.292] [bbotk]                                 uhash
INFO  [17:20:22.292] [bbotk]  1ba89771-e0c2-4ba2-8f41-31b773c83d04
INFO  [17:20:22.300] [bbotk] Evaluating 1 configuration(s)
INFO  [17:20:22.583] [bbotk] Result of batch 2:
INFO  [17:20:22.586] [bbotk]  nrounds       eta max_depth classif.ce warnings errors runtime_learners
INFO  [17:20:22.586] [bbotk]      145 0.1385186         2   0.156258        0      0            0.245
INFO  [17:20:22.586] [bbotk]                                 uhash
INFO  [17:20:22.586] [bbotk]  1e9f68fa-01f1-4c20-ae46-4416d3aad315
INFO  [17:20:22.596] [bbotk] Evaluating 1 configuration(s)
INFO  [17:20:22.906] [bbotk] Result of batch 3:
INFO  [17:20:22.908] [bbotk]  nrounds       eta max_depth classif.ce warnings errors runtime_learners
INFO  [17:20:22.908] [bbotk]       95 0.1468702         3  0.1367258        0      0            0.268
INFO  [17:20:22.908] [bbotk]                                 uhash
INFO  [17:20:22.908] [bbotk]  341149bc-c96f-4130-9e20-75313fe8e388
INFO  [17:20:22.916] [bbotk] Evaluating 1 configuration(s)
INFO  [17:20:23.843] [bbotk] Result of batch 4:
INFO  [17:20:23.845] [bbotk]  nrounds       eta max_depth classif.ce warnings errors runtime_learners
INFO  [17:20:23.845] [bbotk]      133 0.1267227         8  0.1125675        0      0            0.878
INFO  [17:20:23.845] [bbotk]                                 uhash
INFO  [17:20:23.845] [bbotk]  4da6b4a4-9fad-44d2-92cf-cd8ca5a27835
INFO  [17:20:23.858] [bbotk] Evaluating 1 configuration(s)
INFO  [17:20:25.857] [bbotk] Result of batch 5:
INFO  [17:20:25.857] [bbotk]  nrounds       eta max_depth classif.ce warnings errors runtime_learners
INFO  [17:20:25.857] [bbotk]      196 0.0140097        10  0.1254176        0      0            1.962
INFO  [17:20:25.857] [bbotk]                                 uhash
INFO  [17:20:25.857] [bbotk]  24282412-374a-47ea-8de7-826e3445d840
INFO  [17:20:25.865] [bbotk] Evaluating 1 configuration(s)
INFO  [17:20:26.066] [bbotk] Result of batch 6:
INFO  [17:20:26.132] [bbotk]  nrounds       eta max_depth classif.ce warnings errors runtime_learners
INFO  [17:20:26.132] [bbotk]       78 0.1098363         2  0.1647391        0      0            0.153
INFO  [17:20:26.132] [bbotk]                                 uhash
INFO  [17:20:26.132] [bbotk]  e4c3ad98-ef5c-47be-9e31-beb2fad1e86e
INFO  [17:20:26.144] [bbotk] Evaluating 1 configuration(s)
INFO  [17:20:27.045] [bbotk] Result of batch 7:
INFO  [17:20:27.047] [bbotk]  nrounds      eta max_depth classif.ce warnings errors runtime_learners
INFO  [17:20:27.047] [bbotk]      211 0.244129         5  0.1171935        0      0            0.858
INFO  [17:20:27.047] [bbotk]                                 uhash
INFO  [17:20:27.047] [bbotk]  aa08fd4c-f711-4b9f-ae5a-a2647cf6e6ce
INFO  [17:20:27.051] [bbotk] Evaluating 1 configuration(s)
INFO  [17:20:28.155] [bbotk] Result of batch 8:
INFO  [17:20:28.155] [bbotk]  nrounds        eta max_depth classif.ce warnings errors runtime_learners
INFO  [17:20:28.155] [bbotk]      226 0.08753787         6  0.1179645        0      0            1.072
INFO  [17:20:28.155] [bbotk]                                 uhash
INFO  [17:20:28.155] [bbotk]  f2b0ec05-3280-42e0-b70c-26210d6eb220
INFO  [17:20:28.159] [bbotk] Evaluating 1 configuration(s)
INFO  [17:20:28.909] [bbotk] Result of batch 9:
INFO  [17:20:28.910] [bbotk]  nrounds       eta max_depth classif.ce warnings errors runtime_learners
INFO  [17:20:28.910] [bbotk]      153 0.1680293         6  0.1202776        0      0            0.709
INFO  [17:20:28.910] [bbotk]                                 uhash
INFO  [17:20:28.910] [bbotk]  d37b62bf-dab7-4edb-b9c9-9970b3f33a17
INFO  [17:20:28.917] [bbotk] Evaluating 1 configuration(s)
INFO  [17:20:29.391] [bbotk] Result of batch 10:
INFO  [17:20:29.392] [bbotk]  nrounds       eta max_depth classif.ce warnings errors runtime_learners
INFO  [17:20:29.392] [bbotk]      173 0.2720046         3  0.1315857        0      0            0.434
INFO  [17:20:29.392] [bbotk]                                 uhash
INFO  [17:20:29.392] [bbotk]  1d0d84e1-8500-419a-9e6c-46d3ebb09623
INFO  [17:20:29.401] [bbotk] Finished optimizing after 10 evaluation(s)
INFO  [17:20:29.401] [bbotk] Result:
INFO  [17:20:29.402] [bbotk]  nrounds        eta max_depth learner_param_vals  x_domain classif.ce
INFO  [17:20:29.402] [bbotk]    <int>      <num>     <int>             <list>    <list>      <num>
INFO  [17:20:29.402] [bbotk]      244 0.07137732         8          <list[5]> <list[3]>  0.1125675
INFO  [17:20:30.179] [bbotk] Starting to optimize 3 parameter(s) with '<OptimizerBatchRandomSearch>' and '<TerminatorEvals> [n_evals=10, k=0]'
INFO  [17:20:30.194] [bbotk] Evaluating 1 configuration(s)
INFO  [17:20:30.965] [bbotk] Result of batch 1:
INFO  [17:20:30.966] [bbotk]  nrounds       eta max_depth classif.ce warnings errors runtime_learners
INFO  [17:20:30.966] [bbotk]      177 0.1004812         5  0.1228476        0      0            0.733
INFO  [17:20:30.966] [bbotk]                                 uhash
INFO  [17:20:30.966] [bbotk]  e0e1e136-5115-436e-af4e-6b5bf923de37
INFO  [17:20:30.976] [bbotk] Evaluating 1 configuration(s)
INFO  [17:20:32.488] [bbotk] Result of batch 2:
INFO  [17:20:32.490] [bbotk]  nrounds        eta max_depth classif.ce warnings errors runtime_learners
INFO  [17:20:32.490] [bbotk]      191 0.06370852         8  0.1171935        0      0            1.455
INFO  [17:20:32.490] [bbotk]                                 uhash
INFO  [17:20:32.490] [bbotk]  7ec45fd5-ae0f-4d43-b7d9-94801162d31c
INFO  [17:20:32.499] [bbotk] Evaluating 1 configuration(s)
INFO  [17:20:33.937] [bbotk] Result of batch 3:
INFO  [17:20:33.939] [bbotk]  nrounds        eta max_depth classif.ce warnings errors runtime_learners
INFO  [17:20:33.939] [bbotk]      262 0.06999173         6  0.1184785        0      0            1.382
INFO  [17:20:33.939] [bbotk]                                 uhash
INFO  [17:20:33.939] [bbotk]  212667b0-3e21-41d5-9f69-bd45984c40c6
INFO  [17:20:33.949] [bbotk] Evaluating 1 configuration(s)
INFO  [17:20:34.689] [bbotk] Result of batch 4:
INFO  [17:20:34.691] [bbotk]  nrounds       eta max_depth classif.ce warnings errors runtime_learners
INFO  [17:20:34.691] [bbotk]      104 0.0406697         7  0.1249036        0      0            0.695
INFO  [17:20:34.691] [bbotk]                                 uhash
INFO  [17:20:34.691] [bbotk]  d93cd4dc-8e60-4f60-a96c-1410136e47bd
INFO  [17:20:34.700] [bbotk] Evaluating 1 configuration(s)
INFO  [17:20:35.347] [bbotk] Result of batch 5:
INFO  [17:20:35.348] [bbotk]  nrounds       eta max_depth classif.ce warnings errors runtime_learners
INFO  [17:20:35.348] [bbotk]       89 0.1568245         7  0.1161655        0      0            0.593
INFO  [17:20:35.348] [bbotk]                                 uhash
INFO  [17:20:35.348] [bbotk]  9c87fee7-c6c4-4622-a0a9-a955aef4044f
INFO  [17:20:35.351] [bbotk] Evaluating 1 configuration(s)
INFO  [17:20:35.771] [bbotk] Result of batch 6:
INFO  [17:20:35.773] [bbotk]  nrounds       eta max_depth classif.ce warnings errors runtime_learners
INFO  [17:20:35.773] [bbotk]      192 0.0516374         2  0.1685942        0      0            0.376
INFO  [17:20:35.773] [bbotk]                                 uhash
INFO  [17:20:35.773] [bbotk]  83908746-e338-4ff2-981f-3f298c081474
INFO  [17:20:35.787] [bbotk] Evaluating 1 configuration(s)
INFO  [17:20:37.913] [bbotk] Result of batch 7:
INFO  [17:20:37.914] [bbotk]  nrounds       eta max_depth classif.ce warnings errors runtime_learners
INFO  [17:20:37.914] [bbotk]      278 0.2019291        10  0.1115395        0      0             2.08
INFO  [17:20:37.914] [bbotk]                                 uhash
INFO  [17:20:37.914] [bbotk]  37cd65d7-2c66-4807-98ad-18a6dfd874b8
INFO  [17:20:37.921] [bbotk] Evaluating 1 configuration(s)
INFO  [17:20:38.596] [bbotk] Result of batch 8:
INFO  [17:20:38.597] [bbotk]  nrounds       eta max_depth classif.ce warnings errors runtime_learners
INFO  [17:20:38.597] [bbotk]      183 0.2814969         4  0.1207916        0      0            0.631
INFO  [17:20:38.597] [bbotk]                                 uhash
INFO  [17:20:38.597] [bbotk]  7825ea53-5237-4c90-885a-7595b58f4168
INFO  [17:20:38.605] [bbotk] Evaluating 1 configuration(s)
INFO  [17:20:38.929] [bbotk] Result of batch 9:
INFO  [17:20:38.930] [bbotk]  nrounds     eta max_depth classif.ce warnings errors runtime_learners
INFO  [17:20:38.930] [bbotk]       68 0.15282         4  0.1328707        0      0            0.282
INFO  [17:20:38.930] [bbotk]                                 uhash
INFO  [17:20:38.930] [bbotk]  8a43ec59-4894-46f3-9e13-1dd2baeaaee7
INFO  [17:20:38.933] [bbotk] Evaluating 1 configuration(s)
INFO  [17:20:39.608] [bbotk] Result of batch 10:
INFO  [17:20:39.610] [bbotk]  nrounds       eta max_depth classif.ce warnings errors runtime_learners
INFO  [17:20:39.610] [bbotk]      104 0.2954208         7  0.1182215        0      0            0.639
INFO  [17:20:39.610] [bbotk]                                 uhash
INFO  [17:20:39.610] [bbotk]  aa0fec79-4d99-44f7-86d7-f365c8ffe1c4
INFO  [17:20:39.618] [bbotk] Finished optimizing after 10 evaluation(s)
INFO  [17:20:39.618] [bbotk] Result:
INFO  [17:20:39.619] [bbotk]  nrounds       eta max_depth learner_param_vals  x_domain classif.ce
INFO  [17:20:39.619] [bbotk]    <int>     <num>     <int>             <list>    <list>      <num>
INFO  [17:20:39.619] [bbotk]      278 0.2019291        10          <list[5]> <list[3]>  0.1115395
INFO  [17:20:40.700] [bbotk] Starting to optimize 3 parameter(s) with '<OptimizerBatchRandomSearch>' and '<TerminatorEvals> [n_evals=10, k=0]'
INFO  [17:20:40.721] [bbotk] Evaluating 1 configuration(s)
INFO  [17:20:41.395] [bbotk] Result of batch 1:
INFO  [17:20:41.396] [bbotk]  nrounds       eta max_depth classif.ce warnings errors runtime_learners
INFO  [17:20:41.396] [bbotk]      157 0.2088456         5  0.1256746        0      0            0.632
INFO  [17:20:41.396] [bbotk]                                 uhash
INFO  [17:20:41.396] [bbotk]  e24af20b-cee1-4b41-a088-e4474fdd728b
INFO  [17:20:41.399] [bbotk] Evaluating 1 configuration(s)
INFO  [17:20:42.256] [bbotk] Result of batch 2:
INFO  [17:20:42.257] [bbotk]  nrounds       eta max_depth classif.ce warnings errors runtime_learners
INFO  [17:20:42.257] [bbotk]      207 0.2202387         5  0.1231046        0      0            0.802
INFO  [17:20:42.257] [bbotk]                                 uhash
INFO  [17:20:42.257] [bbotk]  c2f0aa3a-9f67-4bc1-b5f5-fa7f28a3cfb4
INFO  [17:20:42.261] [bbotk] Evaluating 1 configuration(s)
INFO  [17:20:42.433] [bbotk] Result of batch 3:
INFO  [17:20:42.436] [bbotk]  nrounds       eta max_depth classif.ce warnings errors runtime_learners
INFO  [17:20:42.436] [bbotk]       51 0.1244606         3   0.154459        0      0            0.128
INFO  [17:20:42.436] [bbotk]                                 uhash
INFO  [17:20:42.436] [bbotk]  2e1aec8e-eb98-4673-9b6f-34e09eddd7b3
INFO  [17:20:42.442] [bbotk] Evaluating 1 configuration(s)
INFO  [17:20:43.197] [bbotk] Result of batch 4:
INFO  [17:20:43.198] [bbotk]  nrounds       eta max_depth classif.ce warnings errors runtime_learners
INFO  [17:20:43.198] [bbotk]      141 0.1633149         6  0.1243896        0      0            0.707
INFO  [17:20:43.198] [bbotk]                                 uhash
INFO  [17:20:43.198] [bbotk]  69adb037-de12-4687-9aac-235cd4432dda
INFO  [17:20:43.202] [bbotk] Evaluating 1 configuration(s)
INFO  [17:20:43.885] [bbotk] Result of batch 5:
INFO  [17:20:43.886] [bbotk]  nrounds       eta max_depth classif.ce warnings errors runtime_learners
INFO  [17:20:43.886] [bbotk]      205 0.1602928         4  0.1238756        0      0            0.656
INFO  [17:20:43.886] [bbotk]                                 uhash
INFO  [17:20:43.886] [bbotk]  d8219a36-da69-4f98-ae1c-4fc30af8d185
INFO  [17:20:43.890] [bbotk] Evaluating 1 configuration(s)
INFO  [17:20:44.743] [bbotk] Result of batch 6:
INFO  [17:20:44.745] [bbotk]  nrounds       eta max_depth classif.ce warnings errors runtime_learners
INFO  [17:20:44.745] [bbotk]      124 0.2457809         7  0.1174505        0      0            0.801
INFO  [17:20:44.745] [bbotk]                                 uhash
INFO  [17:20:44.745] [bbotk]  5b46b219-a820-48b3-8c21-bcbad67dd05e
INFO  [17:20:44.752] [bbotk] Evaluating 1 configuration(s)
INFO  [17:20:47.051] [bbotk] Result of batch 7:
INFO  [17:20:47.053] [bbotk]  nrounds        eta max_depth classif.ce warnings errors runtime_learners
INFO  [17:20:47.053] [bbotk]      287 0.06729787        10  0.1159085        0      0            2.245
INFO  [17:20:47.053] [bbotk]                                 uhash
INFO  [17:20:47.053] [bbotk]  d867095b-0ab7-4de4-a375-69ae61c28128
INFO  [17:20:47.064] [bbotk] Evaluating 1 configuration(s)
INFO  [17:20:48.140] [bbotk] Result of batch 8:
INFO  [17:20:48.142] [bbotk]  nrounds       eta max_depth classif.ce warnings errors runtime_learners
INFO  [17:20:48.142] [bbotk]      163 0.1091099         8  0.1195066        0      0            1.026
INFO  [17:20:48.142] [bbotk]                                 uhash
INFO  [17:20:48.142] [bbotk]  9ffe8405-2d40-4e7c-b83a-1b5ca5fc3c0b
INFO  [17:20:48.151] [bbotk] Evaluating 1 configuration(s)
INFO  [17:20:48.484] [bbotk] Result of batch 9:
INFO  [17:20:48.486] [bbotk]  nrounds        eta max_depth classif.ce warnings errors runtime_learners
INFO  [17:20:48.486] [bbotk]      125 0.08513316         3  0.1490619        0      0            0.296
INFO  [17:20:48.486] [bbotk]                                 uhash
INFO  [17:20:48.486] [bbotk]  1e87d79c-4723-4fd3-bdda-13da7f0048f2
INFO  [17:20:48.494] [bbotk] Evaluating 1 configuration(s)
INFO  [17:20:49.062] [bbotk] Result of batch 10:
INFO  [17:20:49.063] [bbotk]  nrounds       eta max_depth classif.ce warnings errors runtime_learners
INFO  [17:20:49.063] [bbotk]      126 0.1541234         5  0.1246466        0      0            0.535
INFO  [17:20:49.063] [bbotk]                                 uhash
INFO  [17:20:49.063] [bbotk]  ff8204f1-6a69-485a-b14e-8016364556c5
INFO  [17:20:49.070] [bbotk] Finished optimizing after 10 evaluation(s)
INFO  [17:20:49.071] [bbotk] Result:
INFO  [17:20:49.071] [bbotk]  nrounds        eta max_depth learner_param_vals  x_domain classif.ce
INFO  [17:20:49.071] [bbotk]    <int>      <num>     <int>             <list>    <list>      <num>
INFO  [17:20:49.071] [bbotk]      287 0.06729787        10          <list[5]> <list[3]>  0.1159085
INFO  [17:20:50.261] [bbotk] Starting to optimize 3 parameter(s) with '<OptimizerBatchRandomSearch>' and '<TerminatorEvals> [n_evals=10, k=0]'
INFO  [17:20:50.273] [bbotk] Evaluating 1 configuration(s)
INFO  [17:20:50.566] [bbotk] Result of batch 1:
INFO  [17:20:50.568] [bbotk]  nrounds       eta max_depth classif.ce warnings errors runtime_learners
INFO  [17:20:50.568] [bbotk]      131 0.2585974         2  0.1464919        0      0            0.241
INFO  [17:20:50.568] [bbotk]                                 uhash
INFO  [17:20:50.568] [bbotk]  abfb0fd8-4d04-4631-8491-b14b9efe8efb
INFO  [17:20:50.573] [bbotk] Evaluating 1 configuration(s)
INFO  [17:20:51.143] [bbotk] Result of batch 2:
INFO  [17:20:51.144] [bbotk]  nrounds        eta max_depth classif.ce warnings errors runtime_learners
INFO  [17:20:51.144] [bbotk]       87 0.07915734         7  0.1213056        0      0             0.53
INFO  [17:20:51.144] [bbotk]                                 uhash
INFO  [17:20:51.144] [bbotk]  b271b2fd-b932-4652-a4ef-16a67a815841
INFO  [17:20:51.148] [bbotk] Evaluating 1 configuration(s)
INFO  [17:20:52.229] [bbotk] Result of batch 3:
INFO  [17:20:52.230] [bbotk]  nrounds      eta max_depth classif.ce warnings errors runtime_learners
INFO  [17:20:52.230] [bbotk]      249 0.243255         5  0.1177075        0      0            1.045
INFO  [17:20:52.230] [bbotk]                                 uhash
INFO  [17:20:52.230] [bbotk]  a6cc9ddd-ec2d-4cd2-a8cd-088ba32fd20b
INFO  [17:20:52.237] [bbotk] Evaluating 1 configuration(s)
INFO  [17:20:54.090] [bbotk] Result of batch 4:
INFO  [17:20:54.091] [bbotk]  nrounds       eta max_depth classif.ce warnings errors runtime_learners
INFO  [17:20:54.091] [bbotk]      281 0.2266777         9  0.1112824        0      0            1.808
INFO  [17:20:54.091] [bbotk]                                 uhash
INFO  [17:20:54.091] [bbotk]  6fe594cc-b59f-451a-ba1f-16275474b729
INFO  [17:20:54.100] [bbotk] Evaluating 1 configuration(s)
INFO  [17:20:56.318] [bbotk] Result of batch 5:
INFO  [17:20:56.319] [bbotk]  nrounds       eta max_depth classif.ce warnings errors runtime_learners
INFO  [17:20:56.319] [bbotk]      257 0.2718117        10  0.1063994        0      0            2.169
INFO  [17:20:56.319] [bbotk]                                 uhash
INFO  [17:20:56.319] [bbotk]  b1078947-3102-4c2f-99d3-18777692a1b7
INFO  [17:20:56.327] [bbotk] Evaluating 1 configuration(s)
INFO  [17:20:56.862] [bbotk] Result of batch 6:
INFO  [17:20:56.864] [bbotk]  nrounds       eta max_depth classif.ce warnings errors runtime_learners
INFO  [17:20:56.864] [bbotk]      243 0.2050432         2  0.1441789        0      0            0.482
INFO  [17:20:56.864] [bbotk]                                 uhash
INFO  [17:20:56.864] [bbotk]  522f0222-e88e-4e2b-a44e-f8942ab6eb23
INFO  [17:20:56.871] [bbotk] Evaluating 1 configuration(s)
INFO  [17:20:58.169] [bbotk] Result of batch 7:
INFO  [17:20:58.170] [bbotk]  nrounds        eta max_depth classif.ce warnings errors runtime_learners
INFO  [17:20:58.170] [bbotk]      242 0.04233481         6  0.1254176        0      0            1.251
INFO  [17:20:58.170] [bbotk]                                 uhash
INFO  [17:20:58.170] [bbotk]  8d6fc3e2-c8b6-481a-a00e-caa1fba0dc8a
INFO  [17:20:58.174] [bbotk] Evaluating 1 configuration(s)
INFO  [17:20:59.261] [bbotk] Result of batch 8:
INFO  [17:20:59.264] [bbotk]  nrounds       eta max_depth classif.ce warnings errors runtime_learners
INFO  [17:20:59.264] [bbotk]      287 0.2796695         4  0.1220766        0      0            1.033
INFO  [17:20:59.264] [bbotk]                                 uhash
INFO  [17:20:59.264] [bbotk]  523b2f89-e227-4889-81e4-75481bdb07a3
INFO  [17:20:59.280] [bbotk] Evaluating 1 configuration(s)
INFO  [17:20:59.836] [bbotk] Result of batch 9:
INFO  [17:20:59.838] [bbotk]  nrounds        eta max_depth classif.ce warnings errors runtime_learners
INFO  [17:20:59.838] [bbotk]       76 0.08452667         7  0.1254176        0      0            0.507
INFO  [17:20:59.838] [bbotk]                                 uhash
INFO  [17:20:59.838] [bbotk]  2a67f16c-dada-4386-890c-cec3fff7657a
INFO  [17:20:59.846] [bbotk] Evaluating 1 configuration(s)
INFO  [17:21:00.457] [bbotk] Result of batch 10:
INFO  [17:21:00.459] [bbotk]  nrounds       eta max_depth classif.ce warnings errors runtime_learners
INFO  [17:21:00.459] [bbotk]      135 0.1938938         5  0.1159085        0      0            0.571
INFO  [17:21:00.459] [bbotk]                                 uhash
INFO  [17:21:00.459] [bbotk]  8e30c087-971e-4b02-a584-9718bc3ee70c
INFO  [17:21:00.474] [bbotk] Finished optimizing after 10 evaluation(s)
INFO  [17:21:00.474] [bbotk] Result:
INFO  [17:21:00.475] [bbotk]  nrounds       eta max_depth learner_param_vals  x_domain classif.ce
INFO  [17:21:00.475] [bbotk]    <int>     <num>     <int>             <list>    <list>      <num>
INFO  [17:21:00.475] [bbotk]      257 0.2718117        10          <list[5]> <list[3]>  0.1063994
INFO  [17:21:01.342] [bbotk] Starting to optimize 3 parameter(s) with '<OptimizerBatchRandomSearch>' and '<TerminatorEvals> [n_evals=10, k=0]'
INFO  [17:21:01.365] [bbotk] Evaluating 1 configuration(s)
INFO  [17:21:01.746] [bbotk] Result of batch 1:
INFO  [17:21:01.747] [bbotk]  nrounds       eta max_depth classif.ce warnings errors runtime_learners
INFO  [17:21:01.747] [bbotk]      126 0.2990269         3  0.1343781        0      0            0.343
INFO  [17:21:01.747] [bbotk]                                 uhash
INFO  [17:21:01.747] [bbotk]  45b8501e-756b-4fc8-a654-26234d7f42a9
INFO  [17:21:01.752] [bbotk] Evaluating 1 configuration(s)
INFO  [17:21:03.085] [bbotk] Result of batch 2:
INFO  [17:21:03.087] [bbotk]  nrounds       eta max_depth classif.ce warnings errors runtime_learners
INFO  [17:21:03.087] [bbotk]      249 0.1945719         6  0.1220489        0      0            1.287
INFO  [17:21:03.087] [bbotk]                                 uhash
INFO  [17:21:03.087] [bbotk]  025fe8a7-1cb7-45b8-84d0-d23af03a5d1c
INFO  [17:21:03.091] [bbotk] Evaluating 1 configuration(s)
INFO  [17:21:04.069] [bbotk] Result of batch 3:
INFO  [17:21:04.071] [bbotk]  nrounds        eta max_depth classif.ce warnings errors runtime_learners
INFO  [17:21:04.071] [bbotk]      211 0.01961125         6  0.1235867        0      0            0.941
INFO  [17:21:04.071] [bbotk]                                 uhash
INFO  [17:21:04.071] [bbotk]  13d6821b-4b7c-47fa-a9e2-c69595de073f
INFO  [17:21:04.078] [bbotk] Evaluating 1 configuration(s)
INFO  [17:21:04.738] [bbotk] Result of batch 4:
INFO  [17:21:04.740] [bbotk]  nrounds       eta max_depth classif.ce warnings errors runtime_learners
INFO  [17:21:04.740] [bbotk]      130 0.1001178         6  0.1210193        0      0            0.618
INFO  [17:21:04.740] [bbotk]                                 uhash
INFO  [17:21:04.740] [bbotk]  f69e8983-cda2-4fb4-873c-7c66cc51eb9f
INFO  [17:21:04.755] [bbotk] Evaluating 1 configuration(s)
INFO  [17:21:06.210] [bbotk] Result of batch 5:
INFO  [17:21:06.212] [bbotk]  nrounds        eta max_depth classif.ce warnings errors runtime_learners
INFO  [17:21:06.212] [bbotk]      238 0.03818019         7  0.1220477        0      0            1.409
INFO  [17:21:06.212] [bbotk]                                 uhash
INFO  [17:21:06.212] [bbotk]  216943be-7bbf-4f9e-8b84-888c131d0bb3
INFO  [17:21:06.220] [bbotk] Evaluating 1 configuration(s)
INFO  [17:21:07.411] [bbotk] Result of batch 6:
INFO  [17:21:07.413] [bbotk]  nrounds       eta max_depth classif.ce warnings errors runtime_learners
INFO  [17:21:07.413] [bbotk]      165 0.1736359         8  0.1194778        0      0             1.15
INFO  [17:21:07.413] [bbotk]                                 uhash
INFO  [17:21:07.413] [bbotk]  d955b646-109c-4f61-bb1e-7faceb459055
INFO  [17:21:07.423] [bbotk] Evaluating 1 configuration(s)
INFO  [17:21:08.891] [bbotk] Result of batch 7:
INFO  [17:21:08.893] [bbotk]  nrounds       eta max_depth classif.ce warnings errors runtime_learners
INFO  [17:21:08.893] [bbotk]      220 0.2040683         8  0.1212745        0      0            1.432
INFO  [17:21:08.893] [bbotk]                                 uhash
INFO  [17:21:08.893] [bbotk]  8afaf942-c144-4f90-beeb-0662456ff9cf
INFO  [17:21:08.897] [bbotk] Evaluating 1 configuration(s)
INFO  [17:21:09.332] [bbotk] Result of batch 8:
INFO  [17:21:09.333] [bbotk]  nrounds        eta max_depth classif.ce warnings errors runtime_learners
INFO  [17:21:09.333] [bbotk]      123 0.09047214         4  0.1333505        0      0            0.405
INFO  [17:21:09.333] [bbotk]                                 uhash
INFO  [17:21:09.333] [bbotk]  81079e6e-c0fd-4d85-a5fe-3578115285cd
INFO  [17:21:09.337] [bbotk] Evaluating 1 configuration(s)
INFO  [17:21:09.545] [bbotk] Result of batch 9:
INFO  [17:21:09.547] [bbotk]  nrounds       eta max_depth classif.ce warnings errors runtime_learners
INFO  [17:21:09.547] [bbotk]       99 0.2301518         2  0.1490255        0      0            0.167
INFO  [17:21:09.547] [bbotk]                                 uhash
INFO  [17:21:09.547] [bbotk]  2eae32df-3093-4ef8-ad66-74b65d9c240f
INFO  [17:21:09.557] [bbotk] Evaluating 1 configuration(s)
INFO  [17:21:10.578] [bbotk] Result of batch 10:
INFO  [17:21:10.579] [bbotk]  nrounds       eta max_depth classif.ce warnings errors runtime_learners
INFO  [17:21:10.579] [bbotk]      250 0.1311515         4  0.1315524        0      0            0.962
INFO  [17:21:10.579] [bbotk]                                 uhash
INFO  [17:21:10.579] [bbotk]  bbbb4522-21dd-466f-9c22-68a2e192409f
INFO  [17:21:10.587] [bbotk] Finished optimizing after 10 evaluation(s)
INFO  [17:21:10.588] [bbotk] Result:
INFO  [17:21:10.590] [bbotk]  nrounds       eta max_depth learner_param_vals  x_domain classif.ce
INFO  [17:21:10.590] [bbotk]    <int>     <num>     <int>             <list>    <list>      <num>
INFO  [17:21:10.590] [bbotk]      165 0.1736359         8          <list[5]> <list[3]>  0.1194778

### [bt]: Job terminated successfully [batchtools job.id=2650]
### [bt]: Calculation finished!
