### [bt]: This is batchtools v0.9.17
### [bt]: Starting calculation of 5 jobs
### [bt]: Setting working directory to '/Users/User/Documents/Studium/Semester8/Hiwi/mlr3calibration/vignettes'
### [bt]: Memory measurement disabled
### [bt]: Starting job [batchtools job.id=3796]
### [bt]: Generating problem instance for problem '01ea4b20a58e68c2' ...
### [bt]: Applying algorithm 'run_learner' on problem '01ea4b20a58e68c2' for job 3796 (seed = 3797) ...
INFO  [17:36:01.612] [mlr3] Applying learner 'classif.xgboost.tuned_calib.oof_beta' on task 'wilt' (iter 6/10)
INFO  [17:36:01.656] [bbotk] Starting to optimize 3 parameter(s) with '<OptimizerBatchRandomSearch>' and '<TerminatorEvals> [n_evals=10, k=0]'
INFO  [17:36:01.687] [bbotk] Evaluating 1 configuration(s)
INFO  [17:36:02.694] [bbotk] Result of batch 1:
INFO  [17:36:02.696] [bbotk]  nrounds       eta max_depth classif.ce warnings errors runtime_learners
INFO  [17:36:02.696] [bbotk]      300 0.2439469         9 0.01463835        0      0            0.958
INFO  [17:36:02.696] [bbotk]                                 uhash
INFO  [17:36:02.696] [bbotk]  730eaf1b-12d9-4751-ab8f-8f058f15c3c8
INFO  [17:36:02.711] [bbotk] Evaluating 1 configuration(s)
INFO  [17:36:03.779] [bbotk] Result of batch 2:
INFO  [17:36:03.785] [bbotk]  nrounds        eta max_depth classif.ce warnings errors runtime_learners
INFO  [17:36:03.785] [bbotk]      291 0.07747169         4  0.0146386        0      0            1.005
INFO  [17:36:03.785] [bbotk]                                 uhash
INFO  [17:36:03.785] [bbotk]  95bb7812-4e10-4ff5-9ed3-0818f02cd3cc
INFO  [17:36:03.794] [bbotk] Evaluating 1 configuration(s)
INFO  [17:36:05.109] [bbotk] Result of batch 3:
INFO  [17:36:05.110] [bbotk]  nrounds        eta max_depth classif.ce warnings errors runtime_learners
INFO  [17:36:05.110] [bbotk]      299 0.05289311         8 0.01406413        0      0             1.26
INFO  [17:36:05.110] [bbotk]                                 uhash
INFO  [17:36:05.110] [bbotk]  2d0dc6a1-a937-4f84-ad09-350da259f485
INFO  [17:36:05.117] [bbotk] Evaluating 1 configuration(s)
INFO  [17:36:06.294] [bbotk] Result of batch 4:
INFO  [17:36:06.295] [bbotk]  nrounds        eta max_depth classif.ce warnings errors runtime_learners
INFO  [17:36:06.295] [bbotk]      281 0.05134276         9 0.01406413        0      0            1.134
INFO  [17:36:06.295] [bbotk]                                 uhash
INFO  [17:36:06.295] [bbotk]  d3126081-f118-4e07-8a18-fd998968d1b8
INFO  [17:36:06.299] [bbotk] Evaluating 1 configuration(s)
INFO  [17:36:06.913] [bbotk] Result of batch 5:
INFO  [17:36:06.914] [bbotk]  nrounds       eta max_depth classif.ce warnings errors runtime_learners
INFO  [17:36:06.914] [bbotk]      164 0.1581939         5 0.01578654        0      0            0.554
INFO  [17:36:06.914] [bbotk]                                 uhash
INFO  [17:36:06.914] [bbotk]  8f0eab8b-77f1-4159-a64b-f1a2929c6d11
INFO  [17:36:06.919] [bbotk] Evaluating 1 configuration(s)
INFO  [17:36:07.576] [bbotk] Result of batch 6:
INFO  [17:36:07.577] [bbotk]  nrounds       eta max_depth classif.ce warnings errors runtime_learners
INFO  [17:36:07.577] [bbotk]      232 0.2561633         7 0.01549943        0      0            0.613
INFO  [17:36:07.577] [bbotk]                                 uhash
INFO  [17:36:07.577] [bbotk]  47abd296-e94c-4ee8-989d-464051618d61
INFO  [17:36:07.580] [bbotk] Evaluating 1 configuration(s)
INFO  [17:36:08.076] [bbotk] Result of batch 7:
INFO  [17:36:08.078] [bbotk]  nrounds       eta max_depth classif.ce warnings errors runtime_learners
INFO  [17:36:08.078] [bbotk]      298 0.2449284         2 0.01435149        0      0            0.434
INFO  [17:36:08.078] [bbotk]                                 uhash
INFO  [17:36:08.078] [bbotk]  0bd1c90c-c32d-454c-a19c-24bdeb4b59eb
INFO  [17:36:08.091] [bbotk] Evaluating 1 configuration(s)
INFO  [17:36:08.320] [bbotk] Result of batch 8:
INFO  [17:36:08.321] [bbotk]  nrounds       eta max_depth classif.ce warnings errors runtime_learners
INFO  [17:36:08.321] [bbotk]       84 0.1812472         2 0.01636051        0      0            0.179
INFO  [17:36:08.321] [bbotk]                                 uhash
INFO  [17:36:08.321] [bbotk]  5ba4a27c-d62e-4957-b06e-4976e37f39b4
INFO  [17:36:08.325] [bbotk] Evaluating 1 configuration(s)
INFO  [17:36:08.681] [bbotk] Result of batch 9:
INFO  [17:36:08.682] [bbotk]  nrounds        eta max_depth classif.ce warnings errors runtime_learners
INFO  [17:36:08.682] [bbotk]      142 0.01947372         3  0.0235365        0      0            0.307
INFO  [17:36:08.682] [bbotk]                                 uhash
INFO  [17:36:08.682] [bbotk]  ad07dd5b-d467-4cce-a11a-c1ca01c72d76
INFO  [17:36:08.686] [bbotk] Evaluating 1 configuration(s)
INFO  [17:36:09.244] [bbotk] Result of batch 10:
INFO  [17:36:09.245] [bbotk]  nrounds        eta max_depth classif.ce warnings errors runtime_learners
INFO  [17:36:09.245] [bbotk]      131 0.06826526        10 0.01435124        0      0            0.511
INFO  [17:36:09.245] [bbotk]                                 uhash
INFO  [17:36:09.245] [bbotk]  9aaa0220-2001-4412-81ef-1f6a6abefdac
INFO  [17:36:09.256] [bbotk] Finished optimizing after 10 evaluation(s)
INFO  [17:36:09.257] [bbotk] Result:
INFO  [17:36:09.257] [bbotk]  nrounds        eta max_depth learner_param_vals  x_domain classif.ce
INFO  [17:36:09.257] [bbotk]    <int>      <num>     <int>             <list>    <list>      <num>
INFO  [17:36:09.257] [bbotk]      299 0.05289311         8          <list[5]> <list[3]> 0.01406413
INFO  [17:36:09.832] [bbotk] Starting to optimize 3 parameter(s) with '<OptimizerBatchRandomSearch>' and '<TerminatorEvals> [n_evals=10, k=0]'
INFO  [17:36:09.864] [bbotk] Evaluating 1 configuration(s)
INFO  [17:36:10.004] [bbotk] Result of batch 1:
INFO  [17:36:10.005] [bbotk]  nrounds       eta max_depth classif.ce warnings errors runtime_learners
INFO  [17:36:10.005] [bbotk]       52 0.1035501         2 0.02497155        0      0            0.102
INFO  [17:36:10.005] [bbotk]                                 uhash
INFO  [17:36:10.005] [bbotk]  40922192-d038-4663-927c-43ea5871587e
INFO  [17:36:10.009] [bbotk] Evaluating 1 configuration(s)
INFO  [17:36:10.845] [bbotk] Result of batch 2:
INFO  [17:36:10.846] [bbotk]  nrounds        eta max_depth classif.ce warnings errors runtime_learners
INFO  [17:36:10.846] [bbotk]      272 0.03751929         4 0.01722208        0      0              0.8
INFO  [17:36:10.846] [bbotk]                                 uhash
INFO  [17:36:10.846] [bbotk]  31eb25ce-d69f-44fe-be46-34a1f1b96f27
INFO  [17:36:10.855] [bbotk] Evaluating 1 configuration(s)
INFO  [17:36:11.724] [bbotk] Result of batch 3:
INFO  [17:36:11.726] [bbotk]  nrounds        eta max_depth classif.ce warnings errors runtime_learners
INFO  [17:36:11.726] [bbotk]      250 0.05332729         6  0.0175087        0      0            0.825
INFO  [17:36:11.726] [bbotk]                                 uhash
INFO  [17:36:11.726] [bbotk]  5c4fdba0-020a-4933-b9b0-2c0a9232aee9
INFO  [17:36:11.737] [bbotk] Evaluating 1 configuration(s)
INFO  [17:36:12.348] [bbotk] Result of batch 4:
INFO  [17:36:12.351] [bbotk]  nrounds       eta max_depth classif.ce warnings errors runtime_learners
INFO  [17:36:12.351] [bbotk]      203 0.1943841         6  0.0175087        0      0            0.563
INFO  [17:36:12.351] [bbotk]                                 uhash
INFO  [17:36:12.351] [bbotk]  22996ba7-2b10-47d1-ace9-9ad7d6905db1
INFO  [17:36:12.363] [bbotk] Evaluating 1 configuration(s)
INFO  [17:36:12.745] [bbotk] Result of batch 5:
INFO  [17:36:12.746] [bbotk]  nrounds       eta max_depth classif.ce warnings errors runtime_learners
INFO  [17:36:12.746] [bbotk]       99 0.1671885         5 0.01779605        0      0             0.33
INFO  [17:36:12.746] [bbotk]                                 uhash
INFO  [17:36:12.746] [bbotk]  e3542a72-4f09-4543-8f12-3f2ca17382e8
INFO  [17:36:12.751] [bbotk] Evaluating 1 configuration(s)
INFO  [17:36:13.157] [bbotk] Result of batch 6:
INFO  [17:36:13.158] [bbotk]  nrounds       eta max_depth classif.ce warnings errors runtime_learners
INFO  [17:36:13.158] [bbotk]      256 0.2090243         2 0.01693571        0      0            0.366
INFO  [17:36:13.158] [bbotk]                                 uhash
INFO  [17:36:13.158] [bbotk]  a29ca907-fba4-4c3e-beee-dc74b4135ae2
INFO  [17:36:13.168] [bbotk] Evaluating 1 configuration(s)
INFO  [17:36:13.660] [bbotk] Result of batch 7:
INFO  [17:36:13.662] [bbotk]  nrounds       eta max_depth classif.ce warnings errors runtime_learners
INFO  [17:36:13.662] [bbotk]      155 0.2545764         6 0.01750919        0      0             0.45
INFO  [17:36:13.662] [bbotk]                                 uhash
INFO  [17:36:13.662] [bbotk]  f03256a3-8f97-4d3e-8acb-3b5f6553e185
INFO  [17:36:13.671] [bbotk] Evaluating 1 configuration(s)
INFO  [17:36:14.210] [bbotk] Result of batch 8:
INFO  [17:36:14.211] [bbotk]  nrounds       eta max_depth classif.ce warnings errors runtime_learners
INFO  [17:36:14.211] [bbotk]      133 0.1454262         5 0.01750919        0      0            0.479
INFO  [17:36:14.211] [bbotk]                                 uhash
INFO  [17:36:14.211] [bbotk]  aa218af9-9142-4d1a-8b4e-261fbf515b4b
INFO  [17:36:14.223] [bbotk] Evaluating 1 configuration(s)
INFO  [17:36:14.627] [bbotk] Result of batch 9:
INFO  [17:36:14.629] [bbotk]  nrounds       eta max_depth classif.ce warnings errors runtime_learners
INFO  [17:36:14.629] [bbotk]      104 0.2496728         6 0.01664762        0      0            0.351
INFO  [17:36:14.629] [bbotk]                                 uhash
INFO  [17:36:14.629] [bbotk]  670f5f00-e39e-4360-9972-a8a5ac8dc5c5
INFO  [17:36:14.633] [bbotk] Evaluating 1 configuration(s)
INFO  [17:36:14.914] [bbotk] Result of batch 10:
INFO  [17:36:14.915] [bbotk]  nrounds        eta max_depth classif.ce warnings errors runtime_learners
INFO  [17:36:14.915] [bbotk]       52 0.05485253        10 0.01836953        0      0            0.233
INFO  [17:36:14.915] [bbotk]                                 uhash
INFO  [17:36:14.915] [bbotk]  dfa0c2cb-1535-4544-a48d-fbfdc7f9f9d0
INFO  [17:36:14.923] [bbotk] Finished optimizing after 10 evaluation(s)
INFO  [17:36:14.923] [bbotk] Result:
INFO  [17:36:14.924] [bbotk]  nrounds       eta max_depth learner_param_vals  x_domain classif.ce
INFO  [17:36:14.924] [bbotk]    <int>     <num>     <int>             <list>    <list>      <num>
INFO  [17:36:14.924] [bbotk]      104 0.2496728         6          <list[5]> <list[3]> 0.01664762
INFO  [17:36:15.164] [bbotk] Starting to optimize 3 parameter(s) with '<OptimizerBatchRandomSearch>' and '<TerminatorEvals> [n_evals=10, k=0]'
INFO  [17:36:15.182] [bbotk] Evaluating 1 configuration(s)
INFO  [17:36:15.713] [bbotk] Result of batch 1:
INFO  [17:36:15.714] [bbotk]  nrounds       eta max_depth classif.ce warnings errors runtime_learners
INFO  [17:36:15.714] [bbotk]      165 0.2912428         6 0.01607365        0      0            0.466
INFO  [17:36:15.714] [bbotk]                                 uhash
INFO  [17:36:15.714] [bbotk]  5dd0bf86-4594-4d0b-9f27-c00aab9962f3
INFO  [17:36:15.720] [bbotk] Evaluating 1 configuration(s)
INFO  [17:36:15.964] [bbotk] Result of batch 2:
INFO  [17:36:15.966] [bbotk]  nrounds        eta max_depth classif.ce warnings errors runtime_learners
INFO  [17:36:15.966] [bbotk]       57 0.09063411         4 0.01636001        0      0            0.196
INFO  [17:36:15.966] [bbotk]                                 uhash
INFO  [17:36:15.966] [bbotk]  4b879b20-d15b-485e-892e-2f8bd91cff79
INFO  [17:36:15.979] [bbotk] Evaluating 1 configuration(s)
INFO  [17:36:16.322] [bbotk] Result of batch 3:
INFO  [17:36:16.323] [bbotk]  nrounds       eta max_depth classif.ce warnings errors runtime_learners
INFO  [17:36:16.323] [bbotk]       78 0.1151219         8 0.01750845        0      0            0.301
INFO  [17:36:16.323] [bbotk]                                 uhash
INFO  [17:36:16.323] [bbotk]  ef8dac9d-006c-4b34-9f52-917eac57f645
INFO  [17:36:16.327] [bbotk] Evaluating 1 configuration(s)
INFO  [17:36:16.546] [bbotk] Result of batch 4:
INFO  [17:36:16.548] [bbotk]  nrounds        eta max_depth classif.ce warnings errors runtime_learners
INFO  [17:36:16.548] [bbotk]      114 0.05550431         2  0.0264066        0      0             0.18
INFO  [17:36:16.548] [bbotk]                                 uhash
INFO  [17:36:16.548] [bbotk]  46ab2afc-2e90-434c-ae7b-ab8a95c4e8b3
INFO  [17:36:16.558] [bbotk] Evaluating 1 configuration(s)
INFO  [17:36:17.241] [bbotk] Result of batch 5:
INFO  [17:36:17.242] [bbotk]  nrounds       eta max_depth classif.ce warnings errors runtime_learners
INFO  [17:36:17.242] [bbotk]      228 0.2041391         7  0.0160734        0      0            0.624
INFO  [17:36:17.242] [bbotk]                                 uhash
INFO  [17:36:17.242] [bbotk]  76c1d116-be03-46bb-9d2d-d6293b396117
INFO  [17:36:17.247] [bbotk] Evaluating 1 configuration(s)
INFO  [17:36:17.634] [bbotk] Result of batch 6:
INFO  [17:36:17.635] [bbotk]  nrounds        eta max_depth classif.ce warnings errors runtime_learners
INFO  [17:36:17.635] [bbotk]      109 0.05367392         4 0.01722134        0      0            0.344
INFO  [17:36:17.635] [bbotk]                                 uhash
INFO  [17:36:17.635] [bbotk]  7164de81-fafe-4a01-af22-99cef71ce771
INFO  [17:36:17.644] [bbotk] Evaluating 1 configuration(s)
INFO  [17:36:18.123] [bbotk] Result of batch 7:
INFO  [17:36:18.124] [bbotk]  nrounds       eta max_depth classif.ce warnings errors runtime_learners
INFO  [17:36:18.124] [bbotk]      284 0.2722017         2 0.01636075        0      0            0.433
INFO  [17:36:18.124] [bbotk]                                 uhash
INFO  [17:36:18.124] [bbotk]  dbcbb666-dac9-439d-b9e3-976cd766880c
INFO  [17:36:18.128] [bbotk] Evaluating 1 configuration(s)
INFO  [17:36:18.525] [bbotk] Result of batch 8:
INFO  [17:36:18.527] [bbotk]  nrounds        eta max_depth classif.ce warnings errors runtime_learners
INFO  [17:36:18.527] [bbotk]      142 0.08853381         3 0.01722109        0      0            0.339
INFO  [17:36:18.527] [bbotk]                                 uhash
INFO  [17:36:18.527] [bbotk]  be8e788d-3a0a-4002-b639-9b806d7e9fb2
INFO  [17:36:18.536] [bbotk] Evaluating 1 configuration(s)
INFO  [17:36:19.201] [bbotk] Result of batch 9:
INFO  [17:36:19.204] [bbotk]  nrounds       eta max_depth classif.ce warnings errors runtime_learners
INFO  [17:36:19.204] [bbotk]      295 0.2321902         3 0.01521232        0      0            0.608
INFO  [17:36:19.204] [bbotk]                                 uhash
INFO  [17:36:19.204] [bbotk]  92cd48cf-48de-49e4-a830-1c1c096d23ee
INFO  [17:36:19.228] [bbotk] Evaluating 1 configuration(s)
INFO  [17:36:19.874] [bbotk] Result of batch 10:
INFO  [17:36:19.876] [bbotk]  nrounds       eta max_depth classif.ce warnings errors runtime_learners
INFO  [17:36:19.876] [bbotk]      202 0.2472948         9 0.01636001        0      0            0.586
INFO  [17:36:19.876] [bbotk]                                 uhash
INFO  [17:36:19.876] [bbotk]  d3dcb8d1-af7f-4cde-b956-daf69fb3e0e0
INFO  [17:36:19.884] [bbotk] Finished optimizing after 10 evaluation(s)
INFO  [17:36:19.885] [bbotk] Result:
INFO  [17:36:19.885] [bbotk]  nrounds       eta max_depth learner_param_vals  x_domain classif.ce
INFO  [17:36:19.885] [bbotk]    <int>     <num>     <int>             <list>    <list>      <num>
INFO  [17:36:19.885] [bbotk]      295 0.2321902         3          <list[5]> <list[3]> 0.01521232
INFO  [17:36:20.241] [bbotk] Starting to optimize 3 parameter(s) with '<OptimizerBatchRandomSearch>' and '<TerminatorEvals> [n_evals=10, k=0]'
INFO  [17:36:20.253] [bbotk] Evaluating 1 configuration(s)
INFO  [17:36:20.463] [bbotk] Result of batch 1:
INFO  [17:36:20.464] [bbotk]  nrounds       eta max_depth classif.ce warnings errors runtime_learners
INFO  [17:36:20.464] [bbotk]       79 0.1227273         3 0.01463909        0      0            0.168
INFO  [17:36:20.464] [bbotk]                                 uhash
INFO  [17:36:20.464] [bbotk]  31d3c5ab-2090-4daf-9a86-2661b1c565b5
INFO  [17:36:20.471] [bbotk] Evaluating 1 configuration(s)
INFO  [17:36:20.985] [bbotk] Result of batch 2:
INFO  [17:36:20.986] [bbotk]  nrounds        eta max_depth classif.ce warnings errors runtime_learners
INFO  [17:36:20.986] [bbotk]      116 0.04057947         9 0.01406463        0      0            0.473
INFO  [17:36:20.986] [bbotk]                                 uhash
INFO  [17:36:20.986] [bbotk]  c07c8793-dfc9-4e2e-969d-d513f3c21f4e
INFO  [17:36:20.990] [bbotk] Evaluating 1 configuration(s)
INFO  [17:36:21.445] [bbotk] Result of batch 3:
INFO  [17:36:21.447] [bbotk]  nrounds       eta max_depth classif.ce warnings errors runtime_learners
INFO  [17:36:21.447] [bbotk]      126 0.1543419         6 0.01377752        0      0            0.407
INFO  [17:36:21.447] [bbotk]                                 uhash
INFO  [17:36:21.447] [bbotk]  5f654e0f-d963-4486-a116-e5e9dc2ac033
INFO  [17:36:21.455] [bbotk] Evaluating 1 configuration(s)
INFO  [17:36:22.205] [bbotk] Result of batch 4:
INFO  [17:36:22.208] [bbotk]  nrounds       eta max_depth classif.ce warnings errors runtime_learners
INFO  [17:36:22.208] [bbotk]      289 0.2276718         4 0.01406512        0      0            0.709
INFO  [17:36:22.208] [bbotk]                                 uhash
INFO  [17:36:22.208] [bbotk]  ac0fd43e-3f1f-4652-84ba-f3484ac837c7
INFO  [17:36:22.220] [bbotk] Evaluating 1 configuration(s)
INFO  [17:36:22.448] [bbotk] Result of batch 5:
INFO  [17:36:22.450] [bbotk]  nrounds      eta max_depth classif.ce warnings errors runtime_learners
INFO  [17:36:22.450] [bbotk]       97 0.199028         3 0.01377776        0      0            0.187
INFO  [17:36:22.450] [bbotk]                                 uhash
INFO  [17:36:22.450] [bbotk]  0e3abfde-0f2c-4a41-b2f2-e0200f21507a
INFO  [17:36:22.455] [bbotk] Evaluating 1 configuration(s)
INFO  [17:36:23.296] [bbotk] Result of batch 6:
INFO  [17:36:23.297] [bbotk]  nrounds        eta max_depth classif.ce warnings errors runtime_learners
INFO  [17:36:23.297] [bbotk]      221 0.01186051         6 0.01607315        0      0            0.782
INFO  [17:36:23.297] [bbotk]                                 uhash
INFO  [17:36:23.297] [bbotk]  6ff8eab6-a568-4f0c-a272-9f1467bf1f8b
INFO  [17:36:23.302] [bbotk] Evaluating 1 configuration(s)
INFO  [17:36:24.389] [bbotk] Result of batch 7:
INFO  [17:36:24.390] [bbotk]  nrounds        eta max_depth classif.ce warnings errors runtime_learners
INFO  [17:36:24.390] [bbotk]      265 0.04165081         7 0.01377776        0      0            1.038
INFO  [17:36:24.390] [bbotk]                                 uhash
INFO  [17:36:24.390] [bbotk]  9c4d53c4-ff87-428e-a6d0-4803b6e83dd3
INFO  [17:36:24.396] [bbotk] Evaluating 1 configuration(s)
INFO  [17:36:24.635] [bbotk] Result of batch 8:
INFO  [17:36:24.636] [bbotk]  nrounds       eta max_depth classif.ce warnings errors runtime_learners
INFO  [17:36:24.636] [bbotk]      138 0.2785491         2  0.0146386        0      0            0.194
INFO  [17:36:24.636] [bbotk]                                 uhash
INFO  [17:36:24.636] [bbotk]  05a5a7dc-c557-4126-b3f7-f9a5c68f7cfd
INFO  [17:36:24.640] [bbotk] Evaluating 1 configuration(s)
INFO  [17:36:24.856] [bbotk] Result of batch 9:
INFO  [17:36:24.858] [bbotk]  nrounds       eta max_depth classif.ce warnings errors runtime_learners
INFO  [17:36:24.858] [bbotk]      112 0.1696764         2 0.01463909        0      0            0.184
INFO  [17:36:24.858] [bbotk]                                 uhash
INFO  [17:36:24.858] [bbotk]  4beadc51-329d-4c3e-a8cc-fc0acd195f70
INFO  [17:36:24.862] [bbotk] Evaluating 1 configuration(s)
INFO  [17:36:25.710] [bbotk] Result of batch 10:
INFO  [17:36:25.711] [bbotk]  nrounds      eta max_depth classif.ce warnings errors runtime_learners
INFO  [17:36:25.711] [bbotk]      282 0.111363         8 0.01377752        0      0            0.806
INFO  [17:36:25.711] [bbotk]                                 uhash
INFO  [17:36:25.711] [bbotk]  a65eb416-27de-4662-a8ce-ba58760723a8
INFO  [17:36:25.724] [bbotk] Finished optimizing after 10 evaluation(s)
INFO  [17:36:25.725] [bbotk] Result:
INFO  [17:36:25.726] [bbotk]  nrounds       eta max_depth learner_param_vals  x_domain classif.ce
INFO  [17:36:25.726] [bbotk]    <int>     <num>     <int>             <list>    <list>      <num>
INFO  [17:36:25.726] [bbotk]      126 0.1543419         6          <list[5]> <list[3]> 0.01377752
INFO  [17:36:26.002] [bbotk] Starting to optimize 3 parameter(s) with '<OptimizerBatchRandomSearch>' and '<TerminatorEvals> [n_evals=10, k=0]'
INFO  [17:36:26.023] [bbotk] Evaluating 1 configuration(s)
INFO  [17:36:26.487] [bbotk] Result of batch 1:
INFO  [17:36:26.492] [bbotk]  nrounds       eta max_depth classif.ce warnings errors runtime_learners
INFO  [17:36:26.492] [bbotk]      217 0.2246627        10 0.01664737        0      0            0.426
INFO  [17:36:26.492] [bbotk]                                 uhash
INFO  [17:36:26.492] [bbotk]  e6b2a21e-5e9b-4148-97d3-173da0614dab
INFO  [17:36:26.504] [bbotk] Evaluating 1 configuration(s)
INFO  [17:36:26.949] [bbotk] Result of batch 2:
INFO  [17:36:26.951] [bbotk]  nrounds        eta max_depth classif.ce warnings errors runtime_learners
INFO  [17:36:26.951] [bbotk]       97 0.06772278         8 0.01836928        0      0            0.395
INFO  [17:36:26.951] [bbotk]                                 uhash
INFO  [17:36:26.951] [bbotk]  e9194190-41c6-4482-bdb5-35aeaf75ad3b
INFO  [17:36:26.962] [bbotk] Evaluating 1 configuration(s)
INFO  [17:36:27.231] [bbotk] Result of batch 3:
INFO  [17:36:27.232] [bbotk]  nrounds       eta max_depth classif.ce warnings errors runtime_learners
INFO  [17:36:27.232] [bbotk]       76 0.1831004         5  0.0177958        0      0            0.212
INFO  [17:36:27.232] [bbotk]                                 uhash
INFO  [17:36:27.232] [bbotk]  74ab2cda-58b6-48e5-9f61-238c504b7b2a
INFO  [17:36:27.241] [bbotk] Evaluating 1 configuration(s)
INFO  [17:36:27.860] [bbotk] Result of batch 4:
INFO  [17:36:27.861] [bbotk]  nrounds       eta max_depth classif.ce warnings errors runtime_learners
INFO  [17:36:27.861] [bbotk]      295 0.2214932         5 0.01607365        0      0            0.567
INFO  [17:36:27.861] [bbotk]                                 uhash
INFO  [17:36:27.861] [bbotk]  5538b404-90e5-4f60-908c-49f15d16cd1a
INFO  [17:36:27.865] [bbotk] Evaluating 1 configuration(s)
INFO  [17:36:28.933] [bbotk] Result of batch 5:
INFO  [17:36:28.935] [bbotk]  nrounds        eta max_depth classif.ce warnings errors runtime_learners
INFO  [17:36:28.935] [bbotk]      260 0.02086548        10 0.01865639        0      0            1.019
INFO  [17:36:28.935] [bbotk]                                 uhash
INFO  [17:36:28.935] [bbotk]  ec52bdfe-2391-4f2e-a205-d921effa3874
INFO  [17:36:28.949] [bbotk] Evaluating 1 configuration(s)
INFO  [17:36:30.107] [bbotk] Result of batch 6:
INFO  [17:36:30.110] [bbotk]  nrounds        eta max_depth classif.ce warnings errors runtime_learners
INFO  [17:36:30.110] [bbotk]      275 0.03618293         7 0.01779531        0      0            1.106
INFO  [17:36:30.110] [bbotk]                                 uhash
INFO  [17:36:30.110] [bbotk]  7223fe23-9f9e-4a43-9347-2c0eb92fed35
INFO  [17:36:30.115] [bbotk] Evaluating 1 configuration(s)
INFO  [17:36:30.737] [bbotk] Result of batch 7:
INFO  [17:36:30.737] [bbotk]  nrounds       eta max_depth classif.ce warnings errors runtime_learners
INFO  [17:36:30.737] [bbotk]      254 0.1702271         9 0.01636051        0      0            0.579
INFO  [17:36:30.737] [bbotk]                                 uhash
INFO  [17:36:30.737] [bbotk]  2152b30f-e496-49e3-a2f0-9afcdf9b7b32
INFO  [17:36:30.747] [bbotk] Evaluating 1 configuration(s)
INFO  [17:36:31.501] [bbotk] Result of batch 8:
INFO  [17:36:31.503] [bbotk]  nrounds        eta max_depth classif.ce warnings errors runtime_learners
INFO  [17:36:31.503] [bbotk]      210 0.04799228         5 0.01779531        0      0             0.71
INFO  [17:36:31.503] [bbotk]                                 uhash
INFO  [17:36:31.503] [bbotk]  ca1ba6f2-689c-42f1-a9bf-5176da968e3a
INFO  [17:36:31.511] [bbotk] Evaluating 1 configuration(s)
INFO  [17:36:31.720] [bbotk] Result of batch 9:
INFO  [17:36:31.722] [bbotk]  nrounds       eta max_depth classif.ce warnings errors runtime_learners
INFO  [17:36:31.722] [bbotk]       51 0.1581562         3 0.01808242        0      0            0.152
INFO  [17:36:31.722] [bbotk]                                 uhash
INFO  [17:36:31.722] [bbotk]  73b9017f-e874-4709-a7e4-acea1a48758d
INFO  [17:36:31.729] [bbotk] Evaluating 1 configuration(s)
INFO  [17:36:32.386] [bbotk] Result of batch 10:
INFO  [17:36:32.387] [bbotk]  nrounds       eta max_depth classif.ce warnings errors runtime_learners
INFO  [17:36:32.387] [bbotk]      248 0.2193634         6 0.01636075        0      0            0.607
INFO  [17:36:32.387] [bbotk]                                 uhash
INFO  [17:36:32.387] [bbotk]  79b73a90-59f5-4a6d-ba93-664927661eb1
INFO  [17:36:32.410] [bbotk] Finished optimizing after 10 evaluation(s)
INFO  [17:36:32.410] [bbotk] Result:
INFO  [17:36:32.411] [bbotk]  nrounds       eta max_depth learner_param_vals  x_domain classif.ce
INFO  [17:36:32.411] [bbotk]    <int>     <num>     <int>             <list>    <list>      <num>
INFO  [17:36:32.411] [bbotk]      295 0.2214932         5          <list[5]> <list[3]> 0.01607365
[1] -13.02305
[1] 34.4669

### [bt]: Job terminated successfully [batchtools job.id=3796]
### [bt]: Starting job [batchtools job.id=3797]
### [bt]: Generating problem instance for problem '01ea4b20a58e68c2' ...
### [bt]: Applying algorithm 'run_learner' on problem '01ea4b20a58e68c2' for job 3797 (seed = 3798) ...
INFO  [17:36:32.953] [mlr3] Applying learner 'classif.xgboost.tuned_calib.oof_beta' on task 'wilt' (iter 7/10)
INFO  [17:36:33.032] [bbotk] Starting to optimize 3 parameter(s) with '<OptimizerBatchRandomSearch>' and '<TerminatorEvals> [n_evals=10, k=0]'
INFO  [17:36:33.060] [bbotk] Evaluating 1 configuration(s)
INFO  [17:36:33.470] [bbotk] Result of batch 1:
INFO  [17:36:33.474] [bbotk]  nrounds       eta max_depth classif.ce warnings errors runtime_learners
INFO  [17:36:33.474] [bbotk]      138 0.2362577         4  0.0160729        0      0             0.37
INFO  [17:36:33.474] [bbotk]                                 uhash
INFO  [17:36:33.474] [bbotk]  4f28057b-34fb-4130-affb-6d6bf8c47437
INFO  [17:36:33.479] [bbotk] Evaluating 1 configuration(s)
INFO  [17:36:34.073] [bbotk] Result of batch 2:
INFO  [17:36:34.074] [bbotk]  nrounds        eta max_depth classif.ce warnings errors runtime_learners
INFO  [17:36:34.074] [bbotk]      121 0.08389254         8 0.01722183        0      0            0.536
INFO  [17:36:34.074] [bbotk]                                 uhash
INFO  [17:36:34.074] [bbotk]  6f3b6221-067c-4729-a89e-86c0125f9907
INFO  [17:36:34.082] [bbotk] Evaluating 1 configuration(s)
INFO  [17:36:34.782] [bbotk] Result of batch 3:
INFO  [17:36:34.787] [bbotk]  nrounds       eta max_depth classif.ce warnings errors runtime_learners
INFO  [17:36:34.787] [bbotk]      201 0.1503108        10 0.01636051        0      0            0.647
INFO  [17:36:34.787] [bbotk]                                 uhash
INFO  [17:36:34.787] [bbotk]  b41b46ff-cfca-4d08-a72f-6178cec3964e
INFO  [17:36:34.791] [bbotk] Evaluating 1 configuration(s)
INFO  [17:36:35.495] [bbotk] Result of batch 4:
INFO  [17:36:35.496] [bbotk]  nrounds       eta max_depth classif.ce warnings errors runtime_learners
INFO  [17:36:35.496] [bbotk]      181 0.1044771         7 0.01693473        0      0            0.659
INFO  [17:36:35.496] [bbotk]                                 uhash
INFO  [17:36:35.496] [bbotk]  a12ab206-c8f8-4fc5-bf63-70a9f58d6190
INFO  [17:36:35.500] [bbotk] Evaluating 1 configuration(s)
INFO  [17:36:36.284] [bbotk] Result of batch 5:
INFO  [17:36:36.285] [bbotk]  nrounds       eta max_depth classif.ce warnings errors runtime_learners
INFO  [17:36:36.285] [bbotk]      239 0.1927443        10 0.01693423        0      0            0.712
INFO  [17:36:36.285] [bbotk]                                 uhash
INFO  [17:36:36.285] [bbotk]  1fd14c31-7aad-444d-a352-1b692b38b7be
INFO  [17:36:36.290] [bbotk] Evaluating 1 configuration(s)
INFO  [17:36:36.521] [bbotk] Result of batch 6:
INFO  [17:36:36.522] [bbotk]  nrounds        eta max_depth classif.ce warnings errors runtime_learners
INFO  [17:36:36.522] [bbotk]       85 0.09362105         2 0.02152822        0      0            0.185
INFO  [17:36:36.522] [bbotk]                                 uhash
INFO  [17:36:36.522] [bbotk]  75e26cad-fab1-4b1d-bd3a-1790a8089210
INFO  [17:36:36.529] [bbotk] Evaluating 1 configuration(s)
INFO  [17:36:37.225] [bbotk] Result of batch 7:
INFO  [17:36:37.226] [bbotk]  nrounds       eta max_depth classif.ce warnings errors runtime_learners
INFO  [17:36:37.226] [bbotk]      220 0.2067762         9 0.01607315        0      0             0.65
INFO  [17:36:37.226] [bbotk]                                 uhash
INFO  [17:36:37.226] [bbotk]  b9fb195d-8b73-4e56-988d-ca209ffa6ff2
INFO  [17:36:37.230] [bbotk] Evaluating 1 configuration(s)
INFO  [17:36:38.026] [bbotk] Result of batch 8:
INFO  [17:36:38.027] [bbotk]  nrounds       eta max_depth classif.ce warnings errors runtime_learners
INFO  [17:36:38.027] [bbotk]      291 0.2332894         8 0.01722159        0      0             0.75
INFO  [17:36:38.027] [bbotk]                                 uhash
INFO  [17:36:38.027] [bbotk]  c5ede1b4-9cb9-4b5b-a922-9cfa542f3422
INFO  [17:36:38.031] [bbotk] Evaluating 1 configuration(s)
INFO  [17:36:38.399] [bbotk] Result of batch 9:
INFO  [17:36:38.400] [bbotk]  nrounds       eta max_depth classif.ce warnings errors runtime_learners
INFO  [17:36:38.400] [bbotk]      212 0.2376813         2  0.0160729        0      0            0.324
INFO  [17:36:38.400] [bbotk]                                 uhash
INFO  [17:36:38.400] [bbotk]  1ab516ea-f5df-46c1-a9ce-11793d3b15d8
INFO  [17:36:38.405] [bbotk] Evaluating 1 configuration(s)
INFO  [17:36:39.284] [bbotk] Result of batch 10:
INFO  [17:36:39.285] [bbotk]  nrounds       eta max_depth classif.ce warnings errors runtime_learners
INFO  [17:36:39.285] [bbotk]      295 0.1474196         7 0.01578629        0      0            0.844
INFO  [17:36:39.285] [bbotk]                                 uhash
INFO  [17:36:39.285] [bbotk]  0512a841-fd7d-4706-b80d-6952e4e462a2
INFO  [17:36:39.301] [bbotk] Finished optimizing after 10 evaluation(s)
INFO  [17:36:39.301] [bbotk] Result:
INFO  [17:36:39.302] [bbotk]  nrounds       eta max_depth learner_param_vals  x_domain classif.ce
INFO  [17:36:39.302] [bbotk]    <int>     <num>     <int>             <list>    <list>      <num>
INFO  [17:36:39.302] [bbotk]      295 0.1474196         7          <list[5]> <list[3]> 0.01578629
INFO  [17:36:39.830] [bbotk] Starting to optimize 3 parameter(s) with '<OptimizerBatchRandomSearch>' and '<TerminatorEvals> [n_evals=10, k=0]'
INFO  [17:36:39.842] [bbotk] Evaluating 1 configuration(s)
INFO  [17:36:40.545] [bbotk] Result of batch 1:
INFO  [17:36:40.547] [bbotk]  nrounds       eta max_depth classif.ce warnings errors runtime_learners
INFO  [17:36:40.547] [bbotk]      266 0.2480491         7 0.01607365        0      0            0.662
INFO  [17:36:40.547] [bbotk]                                 uhash
INFO  [17:36:40.547] [bbotk]  f4cfebac-4340-485e-8f84-455bdf1ba3fb
INFO  [17:36:40.561] [bbotk] Evaluating 1 configuration(s)
INFO  [17:36:41.359] [bbotk] Result of batch 2:
INFO  [17:36:41.360] [bbotk]  nrounds      eta max_depth classif.ce warnings errors runtime_learners
INFO  [17:36:41.360] [bbotk]      298 0.205878         5 0.01578654        0      0            0.745
INFO  [17:36:41.360] [bbotk]                                 uhash
INFO  [17:36:41.360] [bbotk]  b7fc4036-04cd-4cd0-83d3-c0cf058594eb
INFO  [17:36:41.364] [bbotk] Evaluating 1 configuration(s)
INFO  [17:36:41.641] [bbotk] Result of batch 3:
INFO  [17:36:41.643] [bbotk]  nrounds       eta max_depth classif.ce warnings errors runtime_learners
INFO  [17:36:41.643] [bbotk]      156 0.2331976         2 0.01722183        0      0            0.236
INFO  [17:36:41.643] [bbotk]                                 uhash
INFO  [17:36:41.643] [bbotk]  3668159d-d225-4b15-9681-d10d9cba3962
INFO  [17:36:41.653] [bbotk] Evaluating 1 configuration(s)
INFO  [17:36:42.293] [bbotk] Result of batch 4:
INFO  [17:36:42.296] [bbotk]  nrounds       eta max_depth classif.ce warnings errors runtime_learners
INFO  [17:36:42.296] [bbotk]      283 0.2853888        10   0.016361        0      0            0.592
INFO  [17:36:42.296] [bbotk]                                 uhash
INFO  [17:36:42.296] [bbotk]  b2b38e47-66b1-40ed-be1e-3c6bd9a8ff3a
INFO  [17:36:42.305] [bbotk] Evaluating 1 configuration(s)
INFO  [17:36:43.052] [bbotk] Result of batch 5:
INFO  [17:36:43.053] [bbotk]  nrounds       eta max_depth classif.ce warnings errors runtime_learners
INFO  [17:36:43.053] [bbotk]      274 0.2347937         6 0.01664836        0      0             0.69
INFO  [17:36:43.053] [bbotk]                                 uhash
INFO  [17:36:43.053] [bbotk]  c549730b-36f0-404c-aacc-e286804d8456
INFO  [17:36:43.057] [bbotk] Evaluating 1 configuration(s)
INFO  [17:36:43.570] [bbotk] Result of batch 6:
INFO  [17:36:43.571] [bbotk]  nrounds       eta max_depth classif.ce warnings errors runtime_learners
INFO  [17:36:43.571] [bbotk]      125 0.1003336         9   0.016361        0      0            0.477
INFO  [17:36:43.571] [bbotk]                                 uhash
INFO  [17:36:43.571] [bbotk]  c3c9df69-b93e-4f4a-917b-dac63502ead7
INFO  [17:36:43.575] [bbotk] Evaluating 1 configuration(s)
INFO  [17:36:44.175] [bbotk] Result of batch 7:
INFO  [17:36:44.176] [bbotk]  nrounds        eta max_depth classif.ce warnings errors runtime_learners
INFO  [17:36:44.176] [bbotk]      117 0.02272058        10 0.01722208        0      0            0.561
INFO  [17:36:44.176] [bbotk]                                 uhash
INFO  [17:36:44.176] [bbotk]  8dd8b41a-eafd-4e34-846b-e9f741ccec38
INFO  [17:36:44.180] [bbotk] Evaluating 1 configuration(s)
INFO  [17:36:44.806] [bbotk] Result of batch 8:
INFO  [17:36:44.808] [bbotk]  nrounds      eta max_depth classif.ce warnings errors runtime_learners
INFO  [17:36:44.808] [bbotk]      275 0.295885         7 0.01664786        0      0            0.579
INFO  [17:36:44.808] [bbotk]                                 uhash
INFO  [17:36:44.808] [bbotk]  7b671f94-6b92-41f1-92e8-42c4b2fa4a57
INFO  [17:36:44.816] [bbotk] Evaluating 1 configuration(s)
INFO  [17:36:45.740] [bbotk] Result of batch 9:
INFO  [17:36:45.743] [bbotk]  nrounds       eta max_depth classif.ce warnings errors runtime_learners
INFO  [17:36:45.743] [bbotk]      296 0.1356482         8 0.01578728        0      0             0.86
INFO  [17:36:45.743] [bbotk]                                 uhash
INFO  [17:36:45.743] [bbotk]  da39fd77-ac89-4462-8498-b0939f84c5a3
INFO  [17:36:45.754] [bbotk] Evaluating 1 configuration(s)
INFO  [17:36:46.195] [bbotk] Result of batch 10:
INFO  [17:36:46.196] [bbotk]  nrounds        eta max_depth classif.ce warnings errors runtime_learners
INFO  [17:36:46.196] [bbotk]      188 0.08855621         3 0.01750894        0      0            0.408
INFO  [17:36:46.196] [bbotk]                                 uhash
INFO  [17:36:46.196] [bbotk]  9cbc4338-1242-409a-a60d-97be923e3939
INFO  [17:36:46.204] [bbotk] Finished optimizing after 10 evaluation(s)
INFO  [17:36:46.204] [bbotk] Result:
INFO  [17:36:46.205] [bbotk]  nrounds      eta max_depth learner_param_vals  x_domain classif.ce
INFO  [17:36:46.205] [bbotk]    <int>    <num>     <int>             <list>    <list>      <num>
INFO  [17:36:46.205] [bbotk]      298 0.205878         5          <list[5]> <list[3]> 0.01578654
INFO  [17:36:46.616] [bbotk] Starting to optimize 3 parameter(s) with '<OptimizerBatchRandomSearch>' and '<TerminatorEvals> [n_evals=10, k=0]'
INFO  [17:36:46.632] [bbotk] Evaluating 1 configuration(s)
INFO  [17:36:46.813] [bbotk] Result of batch 1:
INFO  [17:36:46.815] [bbotk]  nrounds       eta max_depth classif.ce warnings errors runtime_learners
INFO  [17:36:46.815] [bbotk]       54 0.1061322         3  0.0192316        0      0            0.138
INFO  [17:36:46.815] [bbotk]                                 uhash
INFO  [17:36:46.815] [bbotk]  442e0b9a-e9b2-4d2b-8363-0bf7420dfc30
INFO  [17:36:46.820] [bbotk] Evaluating 1 configuration(s)
INFO  [17:36:47.109] [bbotk] Result of batch 2:
INFO  [17:36:47.111] [bbotk]  nrounds       eta max_depth classif.ce warnings errors runtime_learners
INFO  [17:36:47.111] [bbotk]       67 0.1335394         6 0.01923209        0      0            0.245
INFO  [17:36:47.111] [bbotk]                                 uhash
INFO  [17:36:47.111] [bbotk]  a01080dd-a03e-4846-bebc-d69b1dc0eead
INFO  [17:36:47.116] [bbotk] Evaluating 1 configuration(s)
INFO  [17:36:47.583] [bbotk] Result of batch 3:
INFO  [17:36:47.584] [bbotk]  nrounds       eta max_depth classif.ce warnings errors runtime_learners
INFO  [17:36:47.584] [bbotk]      296 0.0924192         2 0.01664836        0      0            0.437
INFO  [17:36:47.584] [bbotk]                                 uhash
INFO  [17:36:47.584] [bbotk]  6237855c-0025-466a-bff7-71aad333c3fe
INFO  [17:36:47.588] [bbotk] Evaluating 1 configuration(s)
INFO  [17:36:47.860] [bbotk] Result of batch 4:
INFO  [17:36:47.862] [bbotk]  nrounds       eta max_depth classif.ce warnings errors runtime_learners
INFO  [17:36:47.862] [bbotk]      137 0.1346696         2 0.01722233        0      0             0.24
INFO  [17:36:47.862] [bbotk]                                 uhash
INFO  [17:36:47.862] [bbotk]  1570e9c1-2348-4426-b4bd-b98d973261df
INFO  [17:36:47.871] [bbotk] Evaluating 1 configuration(s)
INFO  [17:36:48.557] [bbotk] Result of batch 5:
INFO  [17:36:48.559] [bbotk]  nrounds       eta max_depth classif.ce warnings errors runtime_learners
INFO  [17:36:48.559] [bbotk]      280 0.2410966         5 0.01750968        0      0            0.648
INFO  [17:36:48.559] [bbotk]                                 uhash
INFO  [17:36:48.559] [bbotk]  645e2e26-8be3-4578-8ab0-f81c97592032
INFO  [17:36:48.571] [bbotk] Evaluating 1 configuration(s)
INFO  [17:36:48.941] [bbotk] Result of batch 6:
INFO  [17:36:48.943] [bbotk]  nrounds       eta max_depth classif.ce warnings errors runtime_learners
INFO  [17:36:48.943] [bbotk]      143 0.2270491         3 0.01693596        0      0            0.321
INFO  [17:36:48.943] [bbotk]                                 uhash
INFO  [17:36:48.943] [bbotk]  a0f40f90-d889-44f7-b195-c2e8dfe4a9c4
INFO  [17:36:48.950] [bbotk] Evaluating 1 configuration(s)
INFO  [17:36:49.249] [bbotk] Result of batch 7:
INFO  [17:36:49.250] [bbotk]  nrounds       eta max_depth classif.ce warnings errors runtime_learners
INFO  [17:36:49.250] [bbotk]      110 0.1767981         3 0.01750944        0      0            0.265
INFO  [17:36:49.250] [bbotk]                                 uhash
INFO  [17:36:49.250] [bbotk]  a4e28e8b-e01c-49a0-b293-c4478531f1d7
INFO  [17:36:49.254] [bbotk] Evaluating 1 configuration(s)
INFO  [17:36:49.952] [bbotk] Result of batch 8:
INFO  [17:36:49.953] [bbotk]  nrounds       eta max_depth classif.ce warnings errors runtime_learners
INFO  [17:36:49.953] [bbotk]      240 0.1737978         6 0.01664861        0      0             0.65
INFO  [17:36:49.953] [bbotk]                                 uhash
INFO  [17:36:49.953] [bbotk]  dc24b054-7985-4e66-95b9-521d5c416d1d
INFO  [17:36:49.957] [bbotk] Evaluating 1 configuration(s)
INFO  [17:36:50.482] [bbotk] Result of batch 9:
INFO  [17:36:50.484] [bbotk]  nrounds       eta max_depth classif.ce warnings errors runtime_learners
INFO  [17:36:50.484] [bbotk]      161 0.2105562         6 0.01664811        0      0             0.48
INFO  [17:36:50.484] [bbotk]                                 uhash
INFO  [17:36:50.484] [bbotk]  3b159288-cf9a-4456-b655-c6e1a2be274e
INFO  [17:36:50.493] [bbotk] Evaluating 1 configuration(s)
INFO  [17:36:51.077] [bbotk] Result of batch 10:
INFO  [17:36:51.078] [bbotk]  nrounds       eta max_depth classif.ce warnings errors runtime_learners
INFO  [17:36:51.078] [bbotk]      193 0.1167508         4 0.01722332        0      0            0.539
INFO  [17:36:51.078] [bbotk]                                 uhash
INFO  [17:36:51.078] [bbotk]  4714cf2a-06a9-41ba-9c26-0f4c3890b075
INFO  [17:36:51.089] [bbotk] Finished optimizing after 10 evaluation(s)
INFO  [17:36:51.089] [bbotk] Result:
INFO  [17:36:51.090] [bbotk]  nrounds       eta max_depth learner_param_vals  x_domain classif.ce
INFO  [17:36:51.090] [bbotk]    <int>     <num>     <int>             <list>    <list>      <num>
INFO  [17:36:51.090] [bbotk]      161 0.2105562         6          <list[5]> <list[3]> 0.01664811
INFO  [17:36:51.386] [bbotk] Starting to optimize 3 parameter(s) with '<OptimizerBatchRandomSearch>' and '<TerminatorEvals> [n_evals=10, k=0]'
INFO  [17:36:51.398] [bbotk] Evaluating 1 configuration(s)
INFO  [17:36:51.889] [bbotk] Result of batch 1:
INFO  [17:36:51.890] [bbotk]  nrounds        eta max_depth classif.ce warnings errors runtime_learners
INFO  [17:36:51.890] [bbotk]      133 0.02568932         9   0.016361        0      0            0.461
INFO  [17:36:51.890] [bbotk]                                 uhash
INFO  [17:36:51.890] [bbotk]  30929f2a-f112-40ee-9810-1df26897c311
INFO  [17:36:51.894] [bbotk] Evaluating 1 configuration(s)
INFO  [17:36:52.242] [bbotk] Result of batch 2:
INFO  [17:36:52.244] [bbotk]  nrounds        eta max_depth classif.ce warnings errors runtime_learners
INFO  [17:36:52.244] [bbotk]       87 0.01574288         5 0.02095326        0      0            0.292
INFO  [17:36:52.244] [bbotk]                                 uhash
INFO  [17:36:52.244] [bbotk]  501b3c8f-2eee-4e9b-97f8-30a1bc36e891
INFO  [17:36:52.250] [bbotk] Evaluating 1 configuration(s)
INFO  [17:36:52.589] [bbotk] Result of batch 3:
INFO  [17:36:52.591] [bbotk]  nrounds       eta max_depth classif.ce warnings errors runtime_learners
INFO  [17:36:52.591] [bbotk]      139 0.1453909         3  0.0160734        0      0            0.283
INFO  [17:36:52.591] [bbotk]                                 uhash
INFO  [17:36:52.591] [bbotk]  3ec0c28e-87a4-49a4-a71f-fee8fb3632bf
INFO  [17:36:52.596] [bbotk] Evaluating 1 configuration(s)
INFO  [17:36:53.467] [bbotk] Result of batch 4:
INFO  [17:36:53.468] [bbotk]  nrounds        eta max_depth classif.ce warnings errors runtime_learners
INFO  [17:36:53.468] [bbotk]      211 0.04535521         6 0.01578654        0      0            0.828
INFO  [17:36:53.468] [bbotk]                                 uhash
INFO  [17:36:53.468] [bbotk]  a7f305cc-4541-42c5-9283-ae7b801609e9
INFO  [17:36:53.472] [bbotk] Evaluating 1 configuration(s)
INFO  [17:36:54.224] [bbotk] Result of batch 5:
INFO  [17:36:54.226] [bbotk]  nrounds      eta max_depth classif.ce warnings errors runtime_learners
INFO  [17:36:54.226] [bbotk]      271 0.158343         7 0.01521281        0      0            0.707
INFO  [17:36:54.226] [bbotk]                                 uhash
INFO  [17:36:54.226] [bbotk]  64132c42-cb62-46ac-a692-1b56172d1734
INFO  [17:36:54.235] [bbotk] Evaluating 1 configuration(s)
INFO  [17:36:54.879] [bbotk] Result of batch 6:
INFO  [17:36:54.880] [bbotk]  nrounds      eta max_depth classif.ce warnings errors runtime_learners
INFO  [17:36:54.880] [bbotk]      283 0.248464         9 0.01549968        0      0            0.604
INFO  [17:36:54.880] [bbotk]                                 uhash
INFO  [17:36:54.880] [bbotk]  423cac9e-c6a0-4b51-a6b1-200506ca8024
INFO  [17:36:54.889] [bbotk] Evaluating 1 configuration(s)
INFO  [17:36:55.480] [bbotk] Result of batch 7:
INFO  [17:36:55.481] [bbotk]  nrounds       eta max_depth classif.ce warnings errors runtime_learners
INFO  [17:36:55.481] [bbotk]      228 0.2265576         4 0.01607365        0      0            0.547
INFO  [17:36:55.481] [bbotk]                                 uhash
INFO  [17:36:55.481] [bbotk]  b31567d5-e715-48e6-a4b6-2d1251bc8440
INFO  [17:36:55.486] [bbotk] Evaluating 1 configuration(s)
INFO  [17:36:56.355] [bbotk] Result of batch 8:
INFO  [17:36:56.356] [bbotk]  nrounds       eta max_depth classif.ce warnings errors runtime_learners
INFO  [17:36:56.356] [bbotk]      226 0.0178077         6 0.01636075        0      0            0.822
INFO  [17:36:56.356] [bbotk]                                 uhash
INFO  [17:36:56.356] [bbotk]  e391c46f-9897-4c16-8de5-498582bf80da
INFO  [17:36:56.360] [bbotk] Evaluating 1 configuration(s)
INFO  [17:36:56.744] [bbotk] Result of batch 9:
INFO  [17:36:56.746] [bbotk]  nrounds       eta max_depth classif.ce warnings errors runtime_learners
INFO  [17:36:56.746] [bbotk]      110 0.2888867        10 0.01521232        0      0            0.325
INFO  [17:36:56.746] [bbotk]                                 uhash
INFO  [17:36:56.746] [bbotk]  52c8a26e-7232-4078-8f63-d6be56c40bb1
INFO  [17:36:56.756] [bbotk] Evaluating 1 configuration(s)
INFO  [17:36:57.036] [bbotk] Result of batch 10:
INFO  [17:36:57.037] [bbotk]  nrounds       eta max_depth classif.ce warnings errors runtime_learners
INFO  [17:36:57.037] [bbotk]       67 0.1363419         6 0.01435124        0      0            0.246
INFO  [17:36:57.037] [bbotk]                                 uhash
INFO  [17:36:57.037] [bbotk]  58ebeb69-3b14-4e1e-a566-ff38db1d645e
INFO  [17:36:57.050] [bbotk] Finished optimizing after 10 evaluation(s)
INFO  [17:36:57.051] [bbotk] Result:
INFO  [17:36:57.054] [bbotk]  nrounds       eta max_depth learner_param_vals  x_domain classif.ce
INFO  [17:36:57.054] [bbotk]    <int>     <num>     <int>             <list>    <list>      <num>
INFO  [17:36:57.054] [bbotk]       67 0.1363419         6          <list[5]> <list[3]> 0.01435124
INFO  [17:36:57.242] [bbotk] Starting to optimize 3 parameter(s) with '<OptimizerBatchRandomSearch>' and '<TerminatorEvals> [n_evals=10, k=0]'
INFO  [17:36:57.278] [bbotk] Evaluating 1 configuration(s)
INFO  [17:36:57.818] [bbotk] Result of batch 1:
INFO  [17:36:57.819] [bbotk]  nrounds       eta max_depth classif.ce warnings errors runtime_learners
INFO  [17:36:57.819] [bbotk]      249 0.2205512         3 0.01348967        0      0            0.494
INFO  [17:36:57.819] [bbotk]                                 uhash
INFO  [17:36:57.819] [bbotk]  fa3515b6-6911-44de-97f0-41a2118d4c3b
INFO  [17:36:57.830] [bbotk] Evaluating 1 configuration(s)
INFO  [17:36:58.552] [bbotk] Result of batch 2:
INFO  [17:36:58.553] [bbotk]  nrounds       eta max_depth classif.ce warnings errors runtime_learners
INFO  [17:36:58.553] [bbotk]      290 0.1905404         8 0.01320231        0      0            0.669
INFO  [17:36:58.553] [bbotk]                                 uhash
INFO  [17:36:58.553] [bbotk]  42462ada-62d0-4762-a702-7390fa6fa066
INFO  [17:36:58.557] [bbotk] Evaluating 1 configuration(s)
INFO  [17:36:59.057] [bbotk] Result of batch 3:
INFO  [17:36:59.058] [bbotk]  nrounds        eta max_depth classif.ce warnings errors runtime_learners
INFO  [17:36:59.058] [bbotk]      154 0.09879241        10 0.01348942        0      0            0.473
INFO  [17:36:59.058] [bbotk]                                 uhash
INFO  [17:36:59.058] [bbotk]  0a557e94-514b-47af-a192-1acb968f7ed9
INFO  [17:36:59.062] [bbotk] Evaluating 1 configuration(s)
INFO  [17:36:59.776] [bbotk] Result of batch 4:
INFO  [17:36:59.778] [bbotk]  nrounds        eta max_depth classif.ce warnings errors runtime_learners
INFO  [17:36:59.778] [bbotk]      171 0.03237107         9 0.01463711        0      0            0.676
INFO  [17:36:59.778] [bbotk]                                 uhash
INFO  [17:36:59.778] [bbotk]  bde717af-bc44-4929-bffd-776790b25f2e
INFO  [17:36:59.792] [bbotk] Evaluating 1 configuration(s)
INFO  [17:37:00.959] [bbotk] Result of batch 5:
INFO  [17:37:00.960] [bbotk]  nrounds        eta max_depth classif.ce warnings errors runtime_learners
INFO  [17:37:00.960] [bbotk]      288 0.04214915         6 0.01348942        0      0            1.088
INFO  [17:37:00.960] [bbotk]                                 uhash
INFO  [17:37:00.960] [bbotk]  6961062b-3d0a-4243-ad1f-6d8e80e86a7d
INFO  [17:37:00.965] [bbotk] Evaluating 1 configuration(s)
INFO  [17:37:01.824] [bbotk] Result of batch 6:
INFO  [17:37:01.825] [bbotk]  nrounds        eta max_depth classif.ce warnings errors runtime_learners
INFO  [17:37:01.825] [bbotk]      234 0.08323681        10 0.01377678        0      0            0.794
INFO  [17:37:01.825] [bbotk]                                 uhash
INFO  [17:37:01.825] [bbotk]  11c386f0-97dc-414e-ad49-2fc53092a202
INFO  [17:37:01.831] [bbotk] Evaluating 1 configuration(s)
INFO  [17:37:02.423] [bbotk] Result of batch 7:
INFO  [17:37:02.426] [bbotk]  nrounds       eta max_depth classif.ce warnings errors runtime_learners
INFO  [17:37:02.426] [bbotk]      233 0.2256009         3 0.01348942        0      0            0.553
INFO  [17:37:02.426] [bbotk]                                 uhash
INFO  [17:37:02.426] [bbotk]  1b495f02-5f74-4f4f-97fc-fe6b8b690c28
INFO  [17:37:02.435] [bbotk] Evaluating 1 configuration(s)
INFO  [17:37:03.131] [bbotk] Result of batch 8:
INFO  [17:37:03.132] [bbotk]  nrounds        eta max_depth classif.ce warnings errors runtime_learners
INFO  [17:37:03.132] [bbotk]      216 0.08875367         8 0.01348942        0      0            0.654
INFO  [17:37:03.132] [bbotk]                                 uhash
INFO  [17:37:03.132] [bbotk]  68cd4525-8656-468b-a49a-18650891b533
INFO  [17:37:03.136] [bbotk] Evaluating 1 configuration(s)
INFO  [17:37:03.514] [bbotk] Result of batch 9:
INFO  [17:37:03.515] [bbotk]  nrounds       eta max_depth classif.ce warnings errors runtime_learners
INFO  [17:37:03.515] [bbotk]       92 0.1162607         8 0.01320231        0      0            0.343
INFO  [17:37:03.515] [bbotk]                                 uhash
INFO  [17:37:03.515] [bbotk]  3c531454-766f-4eae-94bc-d3e12183a7b4
INFO  [17:37:03.519] [bbotk] Evaluating 1 configuration(s)
INFO  [17:37:03.998] [bbotk] Result of batch 10:
INFO  [17:37:04.001] [bbotk]  nrounds       eta max_depth classif.ce warnings errors runtime_learners
INFO  [17:37:04.001] [bbotk]      144 0.2185787         7 0.01348991        0      0            0.426
INFO  [17:37:04.001] [bbotk]                                 uhash
INFO  [17:37:04.001] [bbotk]  21848b43-d166-4870-92d3-eea1908766bd
INFO  [17:37:04.017] [bbotk] Finished optimizing after 10 evaluation(s)
INFO  [17:37:04.018] [bbotk] Result:
INFO  [17:37:04.019] [bbotk]  nrounds       eta max_depth learner_param_vals  x_domain classif.ce
INFO  [17:37:04.019] [bbotk]    <int>     <num>     <int>             <list>    <list>      <num>
INFO  [17:37:04.019] [bbotk]      290 0.1905404         8          <list[5]> <list[3]> 0.01320231
[1] -18.62536
[1] 29.80374

### [bt]: Job terminated successfully [batchtools job.id=3797]
### [bt]: Starting job [batchtools job.id=3798]
### [bt]: Generating problem instance for problem '01ea4b20a58e68c2' ...
### [bt]: Applying algorithm 'run_learner' on problem '01ea4b20a58e68c2' for job 3798 (seed = 3799) ...
INFO  [17:37:04.531] [mlr3] Applying learner 'classif.xgboost.tuned_calib.oof_beta' on task 'wilt' (iter 8/10)
INFO  [17:37:04.735] [bbotk] Starting to optimize 3 parameter(s) with '<OptimizerBatchRandomSearch>' and '<TerminatorEvals> [n_evals=10, k=0]'
INFO  [17:37:04.752] [bbotk] Evaluating 1 configuration(s)
INFO  [17:37:05.253] [bbotk] Result of batch 1:
INFO  [17:37:05.254] [bbotk]  nrounds       eta max_depth classif.ce warnings errors runtime_learners
INFO  [17:37:05.254] [bbotk]      139 0.2664786         7 0.01492472        0      0            0.448
INFO  [17:37:05.254] [bbotk]                                 uhash
INFO  [17:37:05.254] [bbotk]  4cc2b9fe-4001-43df-9756-2b9446bb72b1
INFO  [17:37:05.267] [bbotk] Evaluating 1 configuration(s)
INFO  [17:37:05.493] [bbotk] Result of batch 2:
INFO  [17:37:05.494] [bbotk]  nrounds        eta max_depth classif.ce warnings errors runtime_learners
INFO  [17:37:05.494] [bbotk]       62 0.01983098         4 0.02324741        0      0            0.187
INFO  [17:37:05.494] [bbotk]                                 uhash
INFO  [17:37:05.494] [bbotk]  bd546ff6-7fc9-4496-ab7f-3b4226b21bfb
INFO  [17:37:05.498] [bbotk] Evaluating 1 configuration(s)
INFO  [17:37:05.839] [bbotk] Result of batch 3:
INFO  [17:37:05.840] [bbotk]  nrounds      eta max_depth classif.ce warnings errors runtime_learners
INFO  [17:37:05.840] [bbotk]       79 0.147165         6 0.01578505        0      0            0.303
INFO  [17:37:05.840] [bbotk]                                 uhash
INFO  [17:37:05.840] [bbotk]  8bced220-7703-4eee-b931-67f1e97f6bc1
INFO  [17:37:05.844] [bbotk] Evaluating 1 configuration(s)
INFO  [17:37:06.292] [bbotk] Result of batch 4:
INFO  [17:37:06.294] [bbotk]  nrounds       eta max_depth classif.ce warnings errors runtime_learners
INFO  [17:37:06.294] [bbotk]      160 0.2517712         4 0.01521158        0      0            0.406
INFO  [17:37:06.294] [bbotk]                                 uhash
INFO  [17:37:06.294] [bbotk]  e253c130-2e64-4fe4-afed-3b19a4655e8f
INFO  [17:37:06.299] [bbotk] Evaluating 1 configuration(s)
INFO  [17:37:06.565] [bbotk] Result of batch 5:
INFO  [17:37:06.567] [bbotk]  nrounds       eta max_depth classif.ce warnings errors runtime_learners
INFO  [17:37:06.567] [bbotk]       67 0.0936613         5 0.01549819        0      0            0.221
INFO  [17:37:06.567] [bbotk]                                 uhash
INFO  [17:37:06.567] [bbotk]  6ed3df21-1a6e-426e-80f0-f61b05276bb6
INFO  [17:37:06.575] [bbotk] Evaluating 1 configuration(s)
INFO  [17:37:07.212] [bbotk] Result of batch 6:
INFO  [17:37:07.214] [bbotk]  nrounds      eta max_depth classif.ce warnings errors runtime_learners
INFO  [17:37:07.214] [bbotk]      244 0.231775         8 0.01549844        0      0            0.586
INFO  [17:37:07.214] [bbotk]                                 uhash
INFO  [17:37:07.214] [bbotk]  08902b2e-c63a-47b4-a2aa-69d40ad2c862
INFO  [17:37:07.223] [bbotk] Evaluating 1 configuration(s)
INFO  [17:37:07.862] [bbotk] Result of batch 7:
INFO  [17:37:07.863] [bbotk]  nrounds        eta max_depth classif.ce warnings errors runtime_learners
INFO  [17:37:07.863] [bbotk]      152 0.08644539         9  0.0157853        0      0             0.59
INFO  [17:37:07.863] [bbotk]                                 uhash
INFO  [17:37:07.863] [bbotk]  e6ed8bec-4648-4e3b-a9f5-f78a0db65dcd
INFO  [17:37:07.868] [bbotk] Evaluating 1 configuration(s)
INFO  [17:37:08.192] [bbotk] Result of batch 8:
INFO  [17:37:08.194] [bbotk]  nrounds        eta max_depth classif.ce warnings errors runtime_learners
INFO  [17:37:08.194] [bbotk]       71 0.07594249         6 0.01607167        0      0            0.285
INFO  [17:37:08.194] [bbotk]                                 uhash
INFO  [17:37:08.194] [bbotk]  04d1d838-7a98-44db-9e79-c3e0a2da1c5b
INFO  [17:37:08.199] [bbotk] Evaluating 1 configuration(s)
INFO  [17:37:08.629] [bbotk] Result of batch 9:
INFO  [17:37:08.630] [bbotk]  nrounds        eta max_depth classif.ce warnings errors runtime_learners
INFO  [17:37:08.630] [bbotk]      133 0.05524409         4 0.01578505        0      0             0.38
INFO  [17:37:08.630] [bbotk]                                 uhash
INFO  [17:37:08.630] [bbotk]  ea88b36f-64dd-4499-862a-c088f9825289
INFO  [17:37:08.639] [bbotk] Evaluating 1 configuration(s)
INFO  [17:37:09.220] [bbotk] Result of batch 10:
INFO  [17:37:09.222] [bbotk]  nrounds      eta max_depth classif.ce warnings errors runtime_learners
INFO  [17:37:09.222] [bbotk]      150 0.105786         8 0.01521084        0      0            0.537
INFO  [17:37:09.222] [bbotk]                                 uhash
INFO  [17:37:09.222] [bbotk]  cc112e38-c59b-48c6-9e5e-749a76457821
INFO  [17:37:09.244] [bbotk] Finished optimizing after 10 evaluation(s)
INFO  [17:37:09.247] [bbotk] Result:
INFO  [17:37:09.248] [bbotk]  nrounds       eta max_depth learner_param_vals  x_domain classif.ce
INFO  [17:37:09.248] [bbotk]    <int>     <num>     <int>             <list>    <list>      <num>
INFO  [17:37:09.248] [bbotk]      139 0.2664786         7          <list[5]> <list[3]> 0.01492472
INFO  [17:37:09.527] [bbotk] Starting to optimize 3 parameter(s) with '<OptimizerBatchRandomSearch>' and '<TerminatorEvals> [n_evals=10, k=0]'
INFO  [17:37:09.541] [bbotk] Evaluating 1 configuration(s)
INFO  [17:37:09.767] [bbotk] Result of batch 1:
INFO  [17:37:09.768] [bbotk]  nrounds      eta max_depth classif.ce warnings errors runtime_learners
INFO  [17:37:09.768] [bbotk]       71 0.296087         3 0.01664737        0      0            0.185
INFO  [17:37:09.768] [bbotk]                                 uhash
INFO  [17:37:09.768] [bbotk]  db4896cb-e3f4-4473-9ed8-fd674c0f83c8
INFO  [17:37:09.773] [bbotk] Evaluating 1 configuration(s)
INFO  [17:37:10.677] [bbotk] Result of batch 2:
INFO  [17:37:10.679] [bbotk]  nrounds        eta max_depth classif.ce warnings errors runtime_learners
INFO  [17:37:10.679] [bbotk]      237 0.05337146        10 0.01808242        0      0            0.864
INFO  [17:37:10.679] [bbotk]                                 uhash
INFO  [17:37:10.679] [bbotk]  4ebe9059-44a6-46b4-b0a2-3894f0908286
INFO  [17:37:10.689] [bbotk] Evaluating 1 configuration(s)
INFO  [17:37:11.317] [bbotk] Result of batch 3:
INFO  [17:37:11.319] [bbotk]  nrounds        eta max_depth classif.ce warnings errors runtime_learners
INFO  [17:37:11.319] [bbotk]      168 0.02460003         7 0.01808267        0      0            0.595
INFO  [17:37:11.319] [bbotk]                                 uhash
INFO  [17:37:11.319] [bbotk]  eabd9fda-09ab-45d3-8c90-1723052fb4e2
INFO  [17:37:11.328] [bbotk] Evaluating 1 configuration(s)
INFO  [17:37:12.055] [bbotk] Result of batch 4:
INFO  [17:37:12.056] [bbotk]  nrounds        eta max_depth classif.ce warnings errors runtime_learners
INFO  [17:37:12.056] [bbotk]      242 0.08894286         4 0.01722134        0      0            0.694
INFO  [17:37:12.056] [bbotk]                                 uhash
INFO  [17:37:12.056] [bbotk]  5ab9de24-89b9-4a0f-907d-c9907867412a
INFO  [17:37:12.059] [bbotk] Evaluating 1 configuration(s)
INFO  [17:37:12.687] [bbotk] Result of batch 5:
INFO  [17:37:12.689] [bbotk]  nrounds       eta max_depth classif.ce warnings errors runtime_learners
INFO  [17:37:12.689] [bbotk]      153 0.0368731         9 0.01865639        0      0            0.589
INFO  [17:37:12.689] [bbotk]                                 uhash
INFO  [17:37:12.689] [bbotk]  76cdd4f8-f6c4-4ea0-a43c-64e452737bda
INFO  [17:37:12.699] [bbotk] Evaluating 1 configuration(s)
INFO  [17:37:13.237] [bbotk] Result of batch 6:
INFO  [17:37:13.239] [bbotk]  nrounds       eta max_depth classif.ce warnings errors runtime_learners
INFO  [17:37:13.239] [bbotk]      165 0.1943358         9  0.0175087        0      0            0.487
INFO  [17:37:13.239] [bbotk]                                 uhash
INFO  [17:37:13.239] [bbotk]  95801c8a-e8ff-437d-a507-e9f3c12b98a8
INFO  [17:37:13.244] [bbotk] Evaluating 1 configuration(s)
INFO  [17:37:13.932] [bbotk] Result of batch 7:
INFO  [17:37:13.933] [bbotk]  nrounds       eta max_depth classif.ce warnings errors runtime_learners
INFO  [17:37:13.933] [bbotk]      267 0.2440784         4 0.01779556        0      0            0.644
INFO  [17:37:13.933] [bbotk]                                 uhash
INFO  [17:37:13.933] [bbotk]  d7324529-e6b1-4504-9179-1fbbdc138ac1
INFO  [17:37:13.937] [bbotk] Evaluating 1 configuration(s)
INFO  [17:37:14.559] [bbotk] Result of batch 8:
INFO  [17:37:14.560] [bbotk]  nrounds       eta max_depth classif.ce warnings errors runtime_learners
INFO  [17:37:14.560] [bbotk]      229 0.2621948         5 0.01693448        0      0            0.569
INFO  [17:37:14.560] [bbotk]                                 uhash
INFO  [17:37:14.560] [bbotk]  4f2a469e-34bc-4a63-8d5a-61e0d03e8645
INFO  [17:37:14.571] [bbotk] Evaluating 1 configuration(s)
INFO  [17:37:14.854] [bbotk] Result of batch 9:
INFO  [17:37:14.856] [bbotk]  nrounds       eta max_depth classif.ce warnings errors runtime_learners
INFO  [17:37:14.856] [bbotk]      109 0.1339656         3 0.01664737        0      0            0.249
INFO  [17:37:14.856] [bbotk]                                 uhash
INFO  [17:37:14.856] [bbotk]  69147e63-6644-4d6f-bf1c-4110602fc8ff
INFO  [17:37:14.866] [bbotk] Evaluating 1 configuration(s)
INFO  [17:37:15.604] [bbotk] Result of batch 10:
INFO  [17:37:15.606] [bbotk]  nrounds        eta max_depth classif.ce warnings errors runtime_learners
INFO  [17:37:15.606] [bbotk]      235 0.09864913         9 0.01808242        0      0            0.692
INFO  [17:37:15.606] [bbotk]                                 uhash
INFO  [17:37:15.606] [bbotk]  d11e7263-9c87-4266-b631-82479ec32881
INFO  [17:37:15.626] [bbotk] Finished optimizing after 10 evaluation(s)
INFO  [17:37:15.627] [bbotk] Result:
INFO  [17:37:15.627] [bbotk]  nrounds      eta max_depth learner_param_vals  x_domain classif.ce
INFO  [17:37:15.627] [bbotk]    <int>    <num>     <int>             <list>    <list>      <num>
INFO  [17:37:15.627] [bbotk]       71 0.296087         3          <list[5]> <list[3]> 0.01664737
INFO  [17:37:15.751] [bbotk] Starting to optimize 3 parameter(s) with '<OptimizerBatchRandomSearch>' and '<TerminatorEvals> [n_evals=10, k=0]'
INFO  [17:37:15.769] [bbotk] Evaluating 1 configuration(s)
INFO  [17:37:16.654] [bbotk] Result of batch 1:
INFO  [17:37:16.657] [bbotk]  nrounds        eta max_depth classif.ce warnings errors runtime_learners
INFO  [17:37:16.657] [bbotk]      263 0.07112957         8 0.01291693        0      0            0.852
INFO  [17:37:16.657] [bbotk]                                 uhash
INFO  [17:37:16.657] [bbotk]  b24ff0c7-3ae7-4411-8827-b67c537ee669
INFO  [17:37:16.665] [bbotk] Evaluating 1 configuration(s)
INFO  [17:37:17.283] [bbotk] Result of batch 2:
INFO  [17:37:17.284] [bbotk]  nrounds       eta max_depth classif.ce warnings errors runtime_learners
INFO  [17:37:17.284] [bbotk]      227 0.1976455         6 0.01291718        0      0            0.567
INFO  [17:37:17.284] [bbotk]                                 uhash
INFO  [17:37:17.284] [bbotk]  ef49a6fa-22d4-4c93-817f-5ed20ab255a4
INFO  [17:37:17.289] [bbotk] Evaluating 1 configuration(s)
INFO  [17:37:17.694] [bbotk] Result of batch 3:
INFO  [17:37:17.697] [bbotk]  nrounds       eta max_depth classif.ce warnings errors runtime_learners
INFO  [17:37:17.697] [bbotk]       88 0.1878925         6 0.01521306        0      0            0.339
INFO  [17:37:17.697] [bbotk]                                 uhash
INFO  [17:37:17.697] [bbotk]  bbd0cb27-0ae6-4654-a979-df6b8d01cd45
INFO  [17:37:17.710] [bbotk] Evaluating 1 configuration(s)
INFO  [17:37:18.485] [bbotk] Result of batch 4:
INFO  [17:37:18.486] [bbotk]  nrounds        eta max_depth classif.ce warnings errors runtime_learners
INFO  [17:37:18.486] [bbotk]      238 0.09330623         6 0.01377801        0      0            0.735
INFO  [17:37:18.486] [bbotk]                                 uhash
INFO  [17:37:18.486] [bbotk]  3d0d5507-aeb6-4775-810b-dd7fbc7ba17f
INFO  [17:37:18.491] [bbotk] Evaluating 1 configuration(s)
INFO  [17:37:19.170] [bbotk] Result of batch 5:
INFO  [17:37:19.172] [bbotk]  nrounds       eta max_depth classif.ce warnings errors runtime_learners
INFO  [17:37:19.172] [bbotk]      277 0.1608354         3 0.01349066        0      0            0.638
INFO  [17:37:19.172] [bbotk]                                 uhash
INFO  [17:37:19.172] [bbotk]  ddca7199-0b3a-4bdb-b0e1-f4fbfcec2aad
INFO  [17:37:19.180] [bbotk] Evaluating 1 configuration(s)
INFO  [17:37:19.623] [bbotk] Result of batch 6:
INFO  [17:37:19.629] [bbotk]  nrounds        eta max_depth classif.ce warnings errors runtime_learners
INFO  [17:37:19.629] [bbotk]      103 0.09251367         8 0.01320404        0      0            0.409
INFO  [17:37:19.629] [bbotk]                                 uhash
INFO  [17:37:19.629] [bbotk]  f9c7d21d-8af1-4faf-b6f5-4381c4bf6601
INFO  [17:37:19.633] [bbotk] Evaluating 1 configuration(s)
INFO  [17:37:20.030] [bbotk] Result of batch 7:
INFO  [17:37:20.031] [bbotk]  nrounds        eta max_depth classif.ce warnings errors runtime_learners
INFO  [17:37:20.031] [bbotk]       93 0.01440405        10 0.01951895        0      0            0.356
INFO  [17:37:20.031] [bbotk]                                 uhash
INFO  [17:37:20.031] [bbotk]  c9584c8c-8060-45cb-8cee-00d99dafa9d5
INFO  [17:37:20.035] [bbotk] Evaluating 1 configuration(s)
INFO  [17:37:20.421] [bbotk] Result of batch 8:
INFO  [17:37:20.423] [bbotk]  nrounds       eta max_depth classif.ce warnings errors runtime_learners
INFO  [17:37:20.423] [bbotk]      122 0.2909598        10 0.01291668        0      0            0.346
INFO  [17:37:20.423] [bbotk]                                 uhash
INFO  [17:37:20.423] [bbotk]  fc285fca-bbe4-44d1-af3b-2e84277d2b39
INFO  [17:37:20.433] [bbotk] Evaluating 1 configuration(s)
INFO  [17:37:20.702] [bbotk] Result of batch 9:
INFO  [17:37:20.702] [bbotk]  nrounds       eta max_depth classif.ce warnings errors runtime_learners
INFO  [17:37:20.702] [bbotk]       69 0.2948881         5 0.01406438        0      0            0.228
INFO  [17:37:20.702] [bbotk]                                 uhash
INFO  [17:37:20.702] [bbotk]  88e5739b-2ba9-461a-9eb9-e2a7a15d0b19
INFO  [17:37:20.707] [bbotk] Evaluating 1 configuration(s)
INFO  [17:37:21.270] [bbotk] Result of batch 10:
INFO  [17:37:21.272] [bbotk]  nrounds       eta max_depth classif.ce warnings errors runtime_learners
INFO  [17:37:21.272] [bbotk]      271 0.2388811         3 0.01435198        0      0            0.515
INFO  [17:37:21.272] [bbotk]                                 uhash
INFO  [17:37:21.272] [bbotk]  4a1921fa-371c-404c-a2c8-d37b68dc3116
INFO  [17:37:21.288] [bbotk] Finished optimizing after 10 evaluation(s)
INFO  [17:37:21.289] [bbotk] Result:
INFO  [17:37:21.290] [bbotk]  nrounds       eta max_depth learner_param_vals  x_domain classif.ce
INFO  [17:37:21.290] [bbotk]    <int>     <num>     <int>             <list>    <list>      <num>
INFO  [17:37:21.290] [bbotk]      122 0.2909598        10          <list[5]> <list[3]> 0.01291668
INFO  [17:37:21.499] [bbotk] Starting to optimize 3 parameter(s) with '<OptimizerBatchRandomSearch>' and '<TerminatorEvals> [n_evals=10, k=0]'
INFO  [17:37:21.519] [bbotk] Evaluating 1 configuration(s)
INFO  [17:37:21.730] [bbotk] Result of batch 1:
INFO  [17:37:21.733] [bbotk]  nrounds       eta max_depth classif.ce warnings errors runtime_learners
INFO  [17:37:21.733] [bbotk]       54 0.2340336         4 0.01377826        0      0             0.16
INFO  [17:37:21.733] [bbotk]                                 uhash
INFO  [17:37:21.733] [bbotk]  98757c09-d988-48eb-8f61-eda18a0cafe0
INFO  [17:37:21.738] [bbotk] Evaluating 1 configuration(s)
INFO  [17:37:22.306] [bbotk] Result of batch 2:
INFO  [17:37:22.307] [bbotk]  nrounds       eta max_depth classif.ce warnings errors runtime_learners
INFO  [17:37:22.307] [bbotk]      242 0.2423891        10 0.01550066        0      0            0.529
INFO  [17:37:22.307] [bbotk]                                 uhash
INFO  [17:37:22.307] [bbotk]  9b74c37a-641e-4000-a8bd-9146d599ccf0
INFO  [17:37:22.312] [bbotk] Evaluating 1 configuration(s)
INFO  [17:37:23.030] [bbotk] Result of batch 3:
INFO  [17:37:23.033] [bbotk]  nrounds       eta max_depth classif.ce warnings errors runtime_learners
INFO  [17:37:23.033] [bbotk]      285 0.1552039         6 0.01578777        0      0            0.682
INFO  [17:37:23.033] [bbotk]                                 uhash
INFO  [17:37:23.033] [bbotk]  f869f485-4e7f-4d58-aa6d-aa328bad9fcf
INFO  [17:37:23.040] [bbotk] Evaluating 1 configuration(s)
INFO  [17:37:23.475] [bbotk] Result of batch 4:
INFO  [17:37:23.477] [bbotk]  nrounds        eta max_depth classif.ce warnings errors runtime_learners
INFO  [17:37:23.477] [bbotk]      106 0.01005355         9 0.01894449        0      0            0.397
INFO  [17:37:23.477] [bbotk]                                 uhash
INFO  [17:37:23.477] [bbotk]  efb5fdea-1bbe-4c7a-a098-dff5f1ac5006
INFO  [17:37:23.486] [bbotk] Evaluating 1 configuration(s)
INFO  [17:37:23.731] [bbotk] Result of batch 5:
INFO  [17:37:23.733] [bbotk]  nrounds       eta max_depth classif.ce warnings errors runtime_learners
INFO  [17:37:23.733] [bbotk]       84 0.2146409         3 0.01521356        0      0            0.196
INFO  [17:37:23.733] [bbotk]                                 uhash
INFO  [17:37:23.733] [bbotk]  dd27fa34-2482-46a8-8266-49e05290f2e5
INFO  [17:37:23.739] [bbotk] Evaluating 1 configuration(s)
INFO  [17:37:24.153] [bbotk] Result of batch 6:
INFO  [17:37:24.154] [bbotk]  nrounds       eta max_depth classif.ce warnings errors runtime_learners
INFO  [17:37:24.154] [bbotk]      235 0.1137113         2 0.01521356        0      0            0.371
INFO  [17:37:24.154] [bbotk]                                 uhash
INFO  [17:37:24.154] [bbotk]  c19b800d-56e2-4a17-a26b-0a27f9208448
INFO  [17:37:24.158] [bbotk] Evaluating 1 configuration(s)
INFO  [17:37:24.573] [bbotk] Result of batch 7:
INFO  [17:37:24.574] [bbotk]  nrounds       eta max_depth classif.ce warnings errors runtime_learners
INFO  [17:37:24.574] [bbotk]      169 0.2960589         8 0.01492669        0      0            0.374
INFO  [17:37:24.574] [bbotk]                                 uhash
INFO  [17:37:24.574] [bbotk]  03e558dc-36f3-4f42-8c51-1fc346498650
INFO  [17:37:24.578] [bbotk] Evaluating 1 configuration(s)
INFO  [17:37:24.889] [bbotk] Result of batch 8:
INFO  [17:37:24.892] [bbotk]  nrounds       eta max_depth classif.ce warnings errors runtime_learners
INFO  [17:37:24.892] [bbotk]       84 0.2840362         4 0.01492645        0      0            0.239
INFO  [17:37:24.892] [bbotk]                                 uhash
INFO  [17:37:24.892] [bbotk]  6213fc66-362f-4425-afbf-581d13564d54
INFO  [17:37:24.899] [bbotk] Evaluating 1 configuration(s)
INFO  [17:37:25.477] [bbotk] Result of batch 9:
INFO  [17:37:25.479] [bbotk]  nrounds        eta max_depth classif.ce warnings errors runtime_learners
INFO  [17:37:25.479] [bbotk]      154 0.08317945         5 0.01435248        0      0            0.516
INFO  [17:37:25.479] [bbotk]                                 uhash
INFO  [17:37:25.479] [bbotk]  acfd0b77-a5c0-4b35-9bfb-1a7f5f3cd6e1
INFO  [17:37:25.492] [bbotk] Evaluating 1 configuration(s)
INFO  [17:37:26.237] [bbotk] Result of batch 10:
INFO  [17:37:26.239] [bbotk]  nrounds       eta max_depth classif.ce warnings errors runtime_learners
INFO  [17:37:26.239] [bbotk]      275 0.1664973         5  0.0152138        0      0            0.696
INFO  [17:37:26.239] [bbotk]                                 uhash
INFO  [17:37:26.239] [bbotk]  1c3d3b2c-6bca-4d51-b2fd-8852df83e124
INFO  [17:37:26.252] [bbotk] Finished optimizing after 10 evaluation(s)
INFO  [17:37:26.252] [bbotk] Result:
INFO  [17:37:26.253] [bbotk]  nrounds       eta max_depth learner_param_vals  x_domain classif.ce
INFO  [17:37:26.253] [bbotk]    <int>     <num>     <int>             <list>    <list>      <num>
INFO  [17:37:26.253] [bbotk]       54 0.2340336         4          <list[5]> <list[3]> 0.01377826
INFO  [17:37:26.378] [bbotk] Starting to optimize 3 parameter(s) with '<OptimizerBatchRandomSearch>' and '<TerminatorEvals> [n_evals=10, k=0]'
INFO  [17:37:26.389] [bbotk] Evaluating 1 configuration(s)
INFO  [17:37:26.696] [bbotk] Result of batch 1:
INFO  [17:37:26.699] [bbotk]  nrounds        eta max_depth classif.ce warnings errors runtime_learners
INFO  [17:37:26.699] [bbotk]       65 0.07341147         8   0.016361        0      0            0.273
INFO  [17:37:26.699] [bbotk]                                 uhash
INFO  [17:37:26.699] [bbotk]  6e434204-a82a-4b41-8826-693cacdcdd2d
INFO  [17:37:26.707] [bbotk] Evaluating 1 configuration(s)
INFO  [17:37:27.172] [bbotk] Result of batch 2:
INFO  [17:37:27.175] [bbotk]  nrounds      eta max_depth classif.ce warnings errors runtime_learners
INFO  [17:37:27.175] [bbotk]      152 0.223869         6 0.01636224        0      0            0.422
INFO  [17:37:27.175] [bbotk]                                 uhash
INFO  [17:37:27.175] [bbotk]  2c467499-4948-42c9-8c26-63484ea33bf7
INFO  [17:37:27.183] [bbotk] Evaluating 1 configuration(s)
INFO  [17:37:27.352] [bbotk] Result of batch 3:
INFO  [17:37:27.353] [bbotk]  nrounds        eta max_depth classif.ce warnings errors runtime_learners
INFO  [17:37:27.353] [bbotk]       77 0.03214819         2 0.02755627        0      0            0.131
INFO  [17:37:27.353] [bbotk]                                 uhash
INFO  [17:37:27.353] [bbotk]  d103f993-6408-40b3-8825-73fa4756b193
INFO  [17:37:27.358] [bbotk] Evaluating 1 configuration(s)
INFO  [17:37:28.276] [bbotk] Result of batch 4:
INFO  [17:37:28.279] [bbotk]  nrounds       eta max_depth classif.ce warnings errors runtime_learners
INFO  [17:37:28.279] [bbotk]      279 0.1192646         9 0.01722282        0      0            0.863
INFO  [17:37:28.279] [bbotk]                                 uhash
INFO  [17:37:28.279] [bbotk]  b0ec6643-dce4-4599-a01b-dc0ace7d6b12
INFO  [17:37:28.284] [bbotk] Evaluating 1 configuration(s)
INFO  [17:37:28.977] [bbotk] Result of batch 5:
INFO  [17:37:28.982] [bbotk]  nrounds        eta max_depth classif.ce warnings errors runtime_learners
INFO  [17:37:28.982] [bbotk]      164 0.02855616         6 0.01664811        0      0            0.648
INFO  [17:37:28.982] [bbotk]                                 uhash
INFO  [17:37:28.982] [bbotk]  772c7453-01a7-44ce-8344-eebacdaf1608
INFO  [17:37:29.016] [bbotk] Evaluating 1 configuration(s)
INFO  [17:37:29.603] [bbotk] Result of batch 6:
INFO  [17:37:29.604] [bbotk]  nrounds       eta max_depth classif.ce warnings errors runtime_learners
INFO  [17:37:29.604] [bbotk]      233 0.1950517         3 0.01521356        0      0            0.543
INFO  [17:37:29.604] [bbotk]                                 uhash
INFO  [17:37:29.604] [bbotk]  54eac8c5-2ed0-4e74-8790-e0cfe2e9fbcc
INFO  [17:37:29.609] [bbotk] Evaluating 1 configuration(s)
INFO  [17:37:30.335] [bbotk] Result of batch 7:
INFO  [17:37:30.337] [bbotk]  nrounds       eta max_depth classif.ce warnings errors runtime_learners
INFO  [17:37:30.337] [bbotk]      229 0.1089303         9 0.01550066        0      0            0.684
INFO  [17:37:30.337] [bbotk]                                 uhash
INFO  [17:37:30.337] [bbotk]  445fabc2-8fcb-47c3-8e71-bcad7175c685
INFO  [17:37:30.341] [bbotk] Evaluating 1 configuration(s)
INFO  [17:37:30.937] [bbotk] Result of batch 8:
INFO  [17:37:30.938] [bbotk]  nrounds       eta max_depth classif.ce warnings errors runtime_learners
INFO  [17:37:30.938] [bbotk]      134 0.0805874         7 0.01664786        0      0            0.554
INFO  [17:37:30.938] [bbotk]                                 uhash
INFO  [17:37:30.938] [bbotk]  cd2fbc51-0445-4c74-b31e-787640a87d84
INFO  [17:37:30.942] [bbotk] Evaluating 1 configuration(s)
INFO  [17:37:31.456] [bbotk] Result of batch 9:
INFO  [17:37:31.457] [bbotk]  nrounds        eta max_depth classif.ce warnings errors runtime_learners
INFO  [17:37:31.457] [bbotk]      124 0.06494664         7 0.01578728        0      0            0.481
INFO  [17:37:31.457] [bbotk]                                 uhash
INFO  [17:37:31.457] [bbotk]  27c8a086-8b53-4ed0-952f-00d8bee87917
INFO  [17:37:31.460] [bbotk] Evaluating 1 configuration(s)
INFO  [17:37:31.654] [bbotk] Result of batch 10:
INFO  [17:37:31.656] [bbotk]  nrounds        eta max_depth classif.ce warnings errors runtime_learners
INFO  [17:37:31.656] [bbotk]       89 0.04930211         2 0.02726941        0      0            0.146
INFO  [17:37:31.656] [bbotk]                                 uhash
INFO  [17:37:31.656] [bbotk]  e12fd239-cb37-40db-b373-e0dc14a5449e
INFO  [17:37:31.676] [bbotk] Finished optimizing after 10 evaluation(s)
INFO  [17:37:31.677] [bbotk] Result:
INFO  [17:37:31.678] [bbotk]  nrounds       eta max_depth learner_param_vals  x_domain classif.ce
INFO  [17:37:31.678] [bbotk]    <int>     <num>     <int>             <list>    <list>      <num>
INFO  [17:37:31.678] [bbotk]      233 0.1950517         3          <list[5]> <list[3]> 0.01521356
[1] -18.51052
[1] 34.5059

### [bt]: Job terminated successfully [batchtools job.id=3798]
### [bt]: Starting job [batchtools job.id=3799]
### [bt]: Generating problem instance for problem '01ea4b20a58e68c2' ...
### [bt]: Applying algorithm 'run_learner' on problem '01ea4b20a58e68c2' for job 3799 (seed = 3800) ...
INFO  [17:37:32.018] [mlr3] Applying learner 'classif.xgboost.tuned_calib.oof_beta' on task 'wilt' (iter 9/10)
INFO  [17:37:32.054] [bbotk] Starting to optimize 3 parameter(s) with '<OptimizerBatchRandomSearch>' and '<TerminatorEvals> [n_evals=10, k=0]'
INFO  [17:37:32.071] [bbotk] Evaluating 1 configuration(s)
INFO  [17:37:32.685] [bbotk] Result of batch 1:
INFO  [17:37:32.688] [bbotk]  nrounds       eta max_depth classif.ce warnings errors runtime_learners
INFO  [17:37:32.688] [bbotk]      191 0.1451352         4 0.01521306        0      0            0.561
INFO  [17:37:32.688] [bbotk]                                 uhash
INFO  [17:37:32.688] [bbotk]  43180d87-f93a-4873-a277-9e99916d7af4
INFO  [17:37:32.696] [bbotk] Evaluating 1 configuration(s)
INFO  [17:37:33.274] [bbotk] Result of batch 2:
INFO  [17:37:33.276] [bbotk]  nrounds       eta max_depth classif.ce warnings errors runtime_learners
INFO  [17:37:33.276] [bbotk]      126 0.1664608        10 0.01750894        0      0            0.506
INFO  [17:37:33.276] [bbotk]                                 uhash
INFO  [17:37:33.276] [bbotk]  e2e8c10c-2b61-442b-aea0-3a9e9efa5b75
INFO  [17:37:33.282] [bbotk] Evaluating 1 configuration(s)
INFO  [17:37:33.752] [bbotk] Result of batch 3:
INFO  [17:37:33.753] [bbotk]  nrounds       eta max_depth classif.ce warnings errors runtime_learners
INFO  [17:37:33.753] [bbotk]       97 0.1270724         8 0.01750894        0      0            0.428
INFO  [17:37:33.753] [bbotk]                                 uhash
INFO  [17:37:33.753] [bbotk]  9b19a092-415b-4842-bc55-ecb2f84e7004
INFO  [17:37:33.759] [bbotk] Evaluating 1 configuration(s)
INFO  [17:37:34.284] [bbotk] Result of batch 4:
INFO  [17:37:34.286] [bbotk]  nrounds       eta max_depth classif.ce warnings errors runtime_learners
INFO  [17:37:34.286] [bbotk]      176 0.2496476         8  0.0177963        0      0            0.482
INFO  [17:37:34.286] [bbotk]                                 uhash
INFO  [17:37:34.286] [bbotk]  5d3b0f16-273b-4fd7-864f-8ecb99856fdb
INFO  [17:37:34.296] [bbotk] Evaluating 1 configuration(s)
INFO  [17:37:34.708] [bbotk] Result of batch 5:
INFO  [17:37:34.709] [bbotk]  nrounds       eta max_depth classif.ce warnings errors runtime_learners
INFO  [17:37:34.709] [bbotk]      112 0.1747466         7 0.01664786        0      0            0.364
INFO  [17:37:34.709] [bbotk]                                 uhash
INFO  [17:37:34.709] [bbotk]  8a382a9e-30f2-4c74-b31e-55ef3f9436f5
INFO  [17:37:34.713] [bbotk] Evaluating 1 configuration(s)
INFO  [17:37:35.045] [bbotk] Result of batch 6:
INFO  [17:37:35.047] [bbotk]  nrounds      eta max_depth classif.ce warnings errors runtime_learners
INFO  [17:37:35.047] [bbotk]       73 0.113945        10 0.01664811        0      0            0.292
INFO  [17:37:35.047] [bbotk]                                 uhash
INFO  [17:37:35.047] [bbotk]  24afddd4-7401-4153-a2db-566649dece39
INFO  [17:37:35.055] [bbotk] Evaluating 1 configuration(s)
INFO  [17:37:35.474] [bbotk] Result of batch 7:
INFO  [17:37:35.475] [bbotk]  nrounds       eta max_depth classif.ce warnings errors runtime_learners
INFO  [17:37:35.475] [bbotk]      155 0.1345916         4 0.01636075        0      0            0.386
INFO  [17:37:35.475] [bbotk]                                 uhash
INFO  [17:37:35.475] [bbotk]  0396d33a-e348-4a65-a902-609cb13d673d
INFO  [17:37:35.479] [bbotk] Evaluating 1 configuration(s)
INFO  [17:37:35.948] [bbotk] Result of batch 8:
INFO  [17:37:35.949] [bbotk]  nrounds       eta max_depth classif.ce warnings errors runtime_learners
INFO  [17:37:35.949] [bbotk]      217 0.2239348         3 0.01550017        0      0            0.433
INFO  [17:37:35.949] [bbotk]                                 uhash
INFO  [17:37:35.949] [bbotk]  ee860114-7750-4fb7-b653-a8f7df44f2ad
INFO  [17:37:35.955] [bbotk] Evaluating 1 configuration(s)
INFO  [17:37:36.671] [bbotk] Result of batch 9:
INFO  [17:37:36.672] [bbotk]  nrounds        eta max_depth classif.ce warnings errors runtime_learners
INFO  [17:37:36.672] [bbotk]      201 0.07025367         8  0.0175087        0      0            0.679
INFO  [17:37:36.672] [bbotk]                                 uhash
INFO  [17:37:36.672] [bbotk]  6baab99a-16b2-49ab-a3e7-79e95b0c17ff
INFO  [17:37:36.676] [bbotk] Evaluating 1 configuration(s)
INFO  [17:37:37.086] [bbotk] Result of batch 10:
INFO  [17:37:37.088] [bbotk]  nrounds       eta max_depth classif.ce warnings errors runtime_learners
INFO  [17:37:37.088] [bbotk]      184 0.2855848         3 0.01578728        0      0            0.358
INFO  [17:37:37.088] [bbotk]                                 uhash
INFO  [17:37:37.088] [bbotk]  d3de8050-f79c-440e-9a61-493d23060d20
INFO  [17:37:37.114] [bbotk] Finished optimizing after 10 evaluation(s)
INFO  [17:37:37.114] [bbotk] Result:
INFO  [17:37:37.118] [bbotk]  nrounds       eta max_depth learner_param_vals  x_domain classif.ce
INFO  [17:37:37.118] [bbotk]    <int>     <num>     <int>             <list>    <list>      <num>
INFO  [17:37:37.118] [bbotk]      191 0.1451352         4          <list[5]> <list[3]> 0.01521306
INFO  [17:37:37.414] [bbotk] Starting to optimize 3 parameter(s) with '<OptimizerBatchRandomSearch>' and '<TerminatorEvals> [n_evals=10, k=0]'
INFO  [17:37:37.427] [bbotk] Evaluating 1 configuration(s)
INFO  [17:37:38.038] [bbotk] Result of batch 1:
INFO  [17:37:38.039] [bbotk]  nrounds       eta max_depth classif.ce warnings errors runtime_learners
INFO  [17:37:38.039] [bbotk]      202 0.1516106         5 0.01693571        0      0            0.578
INFO  [17:37:38.039] [bbotk]                                 uhash
INFO  [17:37:38.039] [bbotk]  f12ac8e4-3542-4ca3-aa5a-347930684366
INFO  [17:37:38.051] [bbotk] Evaluating 1 configuration(s)
INFO  [17:37:38.777] [bbotk] Result of batch 2:
INFO  [17:37:38.779] [bbotk]  nrounds       eta max_depth classif.ce warnings errors runtime_learners
INFO  [17:37:38.779] [bbotk]      263 0.1843488         7 0.01894523        0      0            0.671
INFO  [17:37:38.779] [bbotk]                                 uhash
INFO  [17:37:38.779] [bbotk]  53a3491e-e0cd-494e-bde7-1016652bf9e4
INFO  [17:37:38.789] [bbotk] Evaluating 1 configuration(s)
INFO  [17:37:39.886] [bbotk] Result of batch 3:
INFO  [17:37:39.887] [bbotk]  nrounds       eta max_depth classif.ce warnings errors runtime_learners
INFO  [17:37:39.887] [bbotk]      299 0.0545891         7 0.01865812        0      0            1.059
INFO  [17:37:39.887] [bbotk]                                 uhash
INFO  [17:37:39.887] [bbotk]  1214a94f-eb4e-45c0-95ce-2b17b8ab924c
INFO  [17:37:39.891] [bbotk] Evaluating 1 configuration(s)
INFO  [17:37:40.624] [bbotk] Result of batch 4:
INFO  [17:37:40.625] [bbotk]  nrounds        eta max_depth classif.ce warnings errors runtime_learners
INFO  [17:37:40.625] [bbotk]      296 0.04488614         3 0.01779655        0      0            0.695
INFO  [17:37:40.625] [bbotk]                                 uhash
INFO  [17:37:40.625] [bbotk]  6b28c8d7-8282-41e5-9ddd-5ea74e541f56
INFO  [17:37:40.628] [bbotk] Evaluating 1 configuration(s)
INFO  [17:37:41.705] [bbotk] Result of batch 5:
INFO  [17:37:41.706] [bbotk]  nrounds        eta max_depth classif.ce warnings errors runtime_learners
INFO  [17:37:41.706] [bbotk]      300 0.04721402         6 0.01837101        0      0            1.036
INFO  [17:37:41.706] [bbotk]                                 uhash
INFO  [17:37:41.706] [bbotk]  02632487-9dd2-41a8-a6d1-2619c36d7cce
INFO  [17:37:41.710] [bbotk] Evaluating 1 configuration(s)
INFO  [17:37:41.929] [bbotk] Result of batch 6:
INFO  [17:37:41.931] [bbotk]  nrounds        eta max_depth classif.ce warnings errors runtime_learners
INFO  [17:37:41.931] [bbotk]      103 0.01819564         2  0.0266947        0      0            0.152
INFO  [17:37:41.931] [bbotk]                                 uhash
INFO  [17:37:41.931] [bbotk]  7c25fb81-c589-4fe5-ba96-b9c93c24bbb2
INFO  [17:37:41.936] [bbotk] Evaluating 1 configuration(s)
INFO  [17:37:42.436] [bbotk] Result of batch 7:
INFO  [17:37:42.437] [bbotk]  nrounds        eta max_depth classif.ce warnings errors runtime_learners
INFO  [17:37:42.437] [bbotk]      185 0.01950733         3 0.02296376        0      0            0.439
INFO  [17:37:42.437] [bbotk]                                 uhash
INFO  [17:37:42.437] [bbotk]  802743f2-6a9a-4455-929c-11a67cdded8a
INFO  [17:37:42.445] [bbotk] Evaluating 1 configuration(s)
INFO  [17:37:42.814] [bbotk] Result of batch 8:
INFO  [17:37:42.815] [bbotk]  nrounds       eta max_depth classif.ce warnings errors runtime_learners
INFO  [17:37:42.815] [bbotk]       86 0.2533907         9 0.01865763        0      0            0.309
INFO  [17:37:42.815] [bbotk]                                 uhash
INFO  [17:37:42.815] [bbotk]  2bdd4a0c-0263-4514-ace2-cffb4d312a97
INFO  [17:37:42.819] [bbotk] Evaluating 1 configuration(s)
INFO  [17:37:43.174] [bbotk] Result of batch 9:
INFO  [17:37:43.175] [bbotk]  nrounds       eta max_depth classif.ce warnings errors runtime_learners
INFO  [17:37:43.175] [bbotk]       86 0.1278516         7 0.01865763        0      0            0.315
INFO  [17:37:43.175] [bbotk]                                 uhash
INFO  [17:37:43.175] [bbotk]  1be00dcb-280b-4a53-aa12-c531336f878e
INFO  [17:37:43.180] [bbotk] Evaluating 1 configuration(s)
INFO  [17:37:43.595] [bbotk] Result of batch 10:
INFO  [17:37:43.596] [bbotk]  nrounds       eta max_depth classif.ce warnings errors runtime_learners
INFO  [17:37:43.596] [bbotk]      125 0.1303486         4 0.01693571        0      0            0.379
INFO  [17:37:43.596] [bbotk]                                 uhash
INFO  [17:37:43.596] [bbotk]  b00b1c84-bd33-42d4-a9d1-1fd344ae13c4
INFO  [17:37:43.607] [bbotk] Finished optimizing after 10 evaluation(s)
INFO  [17:37:43.607] [bbotk] Result:
INFO  [17:37:43.609] [bbotk]  nrounds       eta max_depth learner_param_vals  x_domain classif.ce
INFO  [17:37:43.609] [bbotk]    <int>     <num>     <int>             <list>    <list>      <num>
INFO  [17:37:43.609] [bbotk]      202 0.1516106         5          <list[5]> <list[3]> 0.01693571
INFO  [17:37:43.999] [bbotk] Starting to optimize 3 parameter(s) with '<OptimizerBatchRandomSearch>' and '<TerminatorEvals> [n_evals=10, k=0]'
INFO  [17:37:44.035] [bbotk] Evaluating 1 configuration(s)
INFO  [17:37:44.448] [bbotk] Result of batch 1:
INFO  [17:37:44.450] [bbotk]  nrounds        eta max_depth classif.ce warnings errors runtime_learners
INFO  [17:37:44.450] [bbotk]      114 0.02123148         4 0.01980483        0      0            0.363
INFO  [17:37:44.450] [bbotk]                                 uhash
INFO  [17:37:44.450] [bbotk]  ad1cb3ac-53a4-4890-bfed-fc2b40faf5ad
INFO  [17:37:44.454] [bbotk] Evaluating 1 configuration(s)
INFO  [17:37:44.741] [bbotk] Result of batch 2:
INFO  [17:37:44.742] [bbotk]  nrounds       eta max_depth classif.ce warnings errors runtime_learners
INFO  [17:37:44.742] [bbotk]       62 0.2504755         6 0.01693497        0      0            0.254
INFO  [17:37:44.742] [bbotk]                                 uhash
INFO  [17:37:44.742] [bbotk]  e6c2a5c7-6115-49ac-9dbb-2a6eb1dd5958
INFO  [17:37:44.746] [bbotk] Evaluating 1 configuration(s)
INFO  [17:37:45.332] [bbotk] Result of batch 3:
INFO  [17:37:45.334] [bbotk]  nrounds      eta max_depth classif.ce warnings errors runtime_learners
INFO  [17:37:45.334] [bbotk]      208 0.258033         5 0.01779605        0      0             0.54
INFO  [17:37:45.334] [bbotk]                                 uhash
INFO  [17:37:45.334] [bbotk]  4262607d-d091-4496-8cd4-37deaccbc8b7
INFO  [17:37:45.342] [bbotk] Evaluating 1 configuration(s)
INFO  [17:37:45.858] [bbotk] Result of batch 4:
INFO  [17:37:45.860] [bbotk]  nrounds        eta max_depth classif.ce warnings errors runtime_learners
INFO  [17:37:45.860] [bbotk]      118 0.02145543         6 0.01894375        0      0            0.457
INFO  [17:37:45.860] [bbotk]                                 uhash
INFO  [17:37:45.860] [bbotk]  e63533ad-6ed5-4fa2-b281-a143e0fa7835
INFO  [17:37:45.865] [bbotk] Evaluating 1 configuration(s)
INFO  [17:37:46.433] [bbotk] Result of batch 5:
INFO  [17:37:46.435] [bbotk]  nrounds       eta max_depth classif.ce warnings errors runtime_learners
INFO  [17:37:46.435] [bbotk]      187 0.2050884        10 0.01664786        0      0            0.522
INFO  [17:37:46.435] [bbotk]                                 uhash
INFO  [17:37:46.435] [bbotk]  d5cbbab0-e576-4efa-b071-b05454e09d01
INFO  [17:37:46.440] [bbotk] Evaluating 1 configuration(s)
INFO  [17:37:46.702] [bbotk] Result of batch 6:
INFO  [17:37:46.704] [bbotk]  nrounds       eta max_depth classif.ce warnings errors runtime_learners
INFO  [17:37:46.704] [bbotk]       60 0.1430249         5  0.0177958        0      0            0.219
INFO  [17:37:46.704] [bbotk]                                 uhash
INFO  [17:37:46.704] [bbotk]  978671cf-c784-4c3e-9b95-651b4de9dd71
INFO  [17:37:46.710] [bbotk] Evaluating 1 configuration(s)
INFO  [17:37:47.303] [bbotk] Result of batch 7:
INFO  [17:37:47.304] [bbotk]  nrounds       eta max_depth classif.ce warnings errors runtime_learners
INFO  [17:37:47.304] [bbotk]      257 0.2761446         5 0.01664762        0      0             0.55
INFO  [17:37:47.304] [bbotk]                                 uhash
INFO  [17:37:47.304] [bbotk]  4d54520d-0528-4048-b216-085e8fe0e63a
INFO  [17:37:47.308] [bbotk] Evaluating 1 configuration(s)
INFO  [17:37:47.906] [bbotk] Result of batch 8:
INFO  [17:37:47.907] [bbotk]  nrounds       eta max_depth classif.ce warnings errors runtime_learners
INFO  [17:37:47.907] [bbotk]      254 0.2660031         7 0.01808267        0      0            0.552
INFO  [17:37:47.907] [bbotk]                                 uhash
INFO  [17:37:47.907] [bbotk]  5bac1b7e-e783-439d-914f-1bf7871dc1e9
INFO  [17:37:47.911] [bbotk] Evaluating 1 configuration(s)
INFO  [17:37:48.519] [bbotk] Result of batch 9:
INFO  [17:37:48.521] [bbotk]  nrounds       eta max_depth classif.ce warnings errors runtime_learners
INFO  [17:37:48.521] [bbotk]      197 0.1826552         8 0.01722208        0      0            0.561
INFO  [17:37:48.521] [bbotk]                                 uhash
INFO  [17:37:48.521] [bbotk]  dd398631-5b86-42bb-aac6-54e5bdb2334f
INFO  [17:37:48.531] [bbotk] Evaluating 1 configuration(s)
INFO  [17:37:48.948] [bbotk] Result of batch 10:
INFO  [17:37:48.949] [bbotk]  nrounds       eta max_depth classif.ce warnings errors runtime_learners
INFO  [17:37:48.949] [bbotk]      118 0.2624602         5 0.01722183        0      0            0.375
INFO  [17:37:48.949] [bbotk]                                 uhash
INFO  [17:37:48.949] [bbotk]  3d482c09-3bc8-4c8b-b851-31ea4ac26ac5
INFO  [17:37:48.957] [bbotk] Finished optimizing after 10 evaluation(s)
INFO  [17:37:48.957] [bbotk] Result:
INFO  [17:37:48.958] [bbotk]  nrounds       eta max_depth learner_param_vals  x_domain classif.ce
INFO  [17:37:48.958] [bbotk]    <int>     <num>     <int>             <list>    <list>      <num>
INFO  [17:37:48.958] [bbotk]      257 0.2761446         5          <list[5]> <list[3]> 0.01664762
INFO  [17:37:49.306] [bbotk] Starting to optimize 3 parameter(s) with '<OptimizerBatchRandomSearch>' and '<TerminatorEvals> [n_evals=10, k=0]'
INFO  [17:37:49.320] [bbotk] Evaluating 1 configuration(s)
INFO  [17:37:49.786] [bbotk] Result of batch 1:
INFO  [17:37:49.788] [bbotk]  nrounds       eta max_depth classif.ce warnings errors runtime_learners
INFO  [17:37:49.788] [bbotk]      109 0.1160517         7 0.01607167        0      0            0.411
INFO  [17:37:49.788] [bbotk]                                 uhash
INFO  [17:37:49.788] [bbotk]  a4fb2858-7558-4dff-b5e0-6b0ef7474f2d
INFO  [17:37:49.799] [bbotk] Evaluating 1 configuration(s)
INFO  [17:37:50.380] [bbotk] Result of batch 2:
INFO  [17:37:50.382] [bbotk]  nrounds       eta max_depth classif.ce warnings errors runtime_learners
INFO  [17:37:50.382] [bbotk]      232 0.1517699         3 0.01521108        0      0            0.524
INFO  [17:37:50.382] [bbotk]                                 uhash
INFO  [17:37:50.382] [bbotk]  43c4864c-6c7a-47ef-ac41-1e639ba3aa97
INFO  [17:37:50.392] [bbotk] Evaluating 1 configuration(s)
INFO  [17:37:51.095] [bbotk] Result of batch 3:
INFO  [17:37:51.096] [bbotk]  nrounds       eta max_depth classif.ce warnings errors runtime_learners
INFO  [17:37:51.096] [bbotk]      229 0.1284782         7 0.01549795        0      0            0.665
INFO  [17:37:51.096] [bbotk]                                 uhash
INFO  [17:37:51.096] [bbotk]  8bc078f3-66c7-4101-9855-e16e5c869070
INFO  [17:37:51.100] [bbotk] Evaluating 1 configuration(s)
INFO  [17:37:51.524] [bbotk] Result of batch 4:
INFO  [17:37:51.525] [bbotk]  nrounds       eta max_depth classif.ce warnings errors runtime_learners
INFO  [17:37:51.525] [bbotk]      145 0.2600302         8 0.01549795        0      0            0.386
INFO  [17:37:51.525] [bbotk]                                 uhash
INFO  [17:37:51.525] [bbotk]  d8365549-4e85-49e4-b40b-aa04aa42a888
INFO  [17:37:51.529] [bbotk] Evaluating 1 configuration(s)
INFO  [17:37:51.870] [bbotk] Result of batch 5:
INFO  [17:37:51.871] [bbotk]  nrounds       eta max_depth classif.ce warnings errors runtime_learners
INFO  [17:37:51.871] [bbotk]      175 0.1675473         2 0.01377653        0      0            0.292
INFO  [17:37:51.871] [bbotk]                                 uhash
INFO  [17:37:51.871] [bbotk]  06644937-03cc-4fb2-b284-0df7dff1af40
INFO  [17:37:51.879] [bbotk] Evaluating 1 configuration(s)
INFO  [17:37:52.494] [bbotk] Result of batch 6:
INFO  [17:37:52.496] [bbotk]  nrounds       eta max_depth classif.ce warnings errors runtime_learners
INFO  [17:37:52.496] [bbotk]      228 0.2152422         6 0.01549745        0      0            0.569
INFO  [17:37:52.496] [bbotk]                                 uhash
INFO  [17:37:52.496] [bbotk]  24e65273-f3e9-422e-a7f8-f62ab6c58c6c
INFO  [17:37:52.505] [bbotk] Evaluating 1 configuration(s)
INFO  [17:37:53.232] [bbotk] Result of batch 7:
INFO  [17:37:53.234] [bbotk]  nrounds       eta max_depth classif.ce warnings errors runtime_learners
INFO  [17:37:53.234] [bbotk]      293 0.2198692         5 0.01549795        0      0            0.682
INFO  [17:37:53.234] [bbotk]                                 uhash
INFO  [17:37:53.234] [bbotk]  b561e042-f994-4dd8-a611-fdfcc8573bb8
INFO  [17:37:53.244] [bbotk] Evaluating 1 configuration(s)
INFO  [17:37:53.563] [bbotk] Result of batch 8:
INFO  [17:37:53.566] [bbotk]  nrounds       eta max_depth classif.ce warnings errors runtime_learners
INFO  [17:37:53.566] [bbotk]      134 0.2293467         3 0.01549795        0      0            0.262
INFO  [17:37:53.566] [bbotk]                                 uhash
INFO  [17:37:53.566] [bbotk]  5e62567b-4707-4dae-8497-b4ba72f3aa79
INFO  [17:37:53.584] [bbotk] Evaluating 1 configuration(s)
INFO  [17:37:53.908] [bbotk] Result of batch 9:
INFO  [17:37:53.910] [bbotk]  nrounds       eta max_depth classif.ce warnings errors runtime_learners
INFO  [17:37:53.910] [bbotk]      172 0.2752968         2 0.01635952        0      0            0.259
INFO  [17:37:53.910] [bbotk]                                 uhash
INFO  [17:37:53.910] [bbotk]  5e285051-4061-4162-ad27-6f61e3137a83
INFO  [17:37:53.920] [bbotk] Evaluating 1 configuration(s)
INFO  [17:37:54.372] [bbotk] Result of batch 10:
INFO  [17:37:54.374] [bbotk]  nrounds       eta max_depth classif.ce warnings errors runtime_learners
INFO  [17:37:54.374] [bbotk]      171 0.2187768         3 0.01549795        0      0            0.401
INFO  [17:37:54.374] [bbotk]                                 uhash
INFO  [17:37:54.374] [bbotk]  afa0b15d-1015-407e-b31d-c38bcd041e50
INFO  [17:37:54.383] [bbotk] Finished optimizing after 10 evaluation(s)
INFO  [17:37:54.383] [bbotk] Result:
INFO  [17:37:54.384] [bbotk]  nrounds       eta max_depth learner_param_vals  x_domain classif.ce
INFO  [17:37:54.384] [bbotk]    <int>     <num>     <int>             <list>    <list>      <num>
INFO  [17:37:54.384] [bbotk]      175 0.1675473         2          <list[5]> <list[3]> 0.01377653
INFO  [17:37:54.569] [bbotk] Starting to optimize 3 parameter(s) with '<OptimizerBatchRandomSearch>' and '<TerminatorEvals> [n_evals=10, k=0]'
INFO  [17:37:54.581] [bbotk] Evaluating 1 configuration(s)
INFO  [17:37:54.839] [bbotk] Result of batch 1:
INFO  [17:37:54.840] [bbotk]  nrounds       eta max_depth classif.ce warnings errors runtime_learners
INFO  [17:37:54.840] [bbotk]      129 0.2122167         2 0.01693547        0      0            0.221
INFO  [17:37:54.840] [bbotk]                                 uhash
INFO  [17:37:54.840] [bbotk]  ea760cdb-f6d6-4530-8e6e-57355ec00e73
INFO  [17:37:54.852] [bbotk] Evaluating 1 configuration(s)
INFO  [17:37:55.141] [bbotk] Result of batch 2:
INFO  [17:37:55.142] [bbotk]  nrounds      eta max_depth classif.ce warnings errors runtime_learners
INFO  [17:37:55.142] [bbotk]       83 0.210216         4 0.01636125        0      0            0.233
INFO  [17:37:55.142] [bbotk]                                 uhash
INFO  [17:37:55.142] [bbotk]  7042c6a0-25ed-4b03-9bb2-ce82e776b1a6
INFO  [17:37:55.146] [bbotk] Evaluating 1 configuration(s)
INFO  [17:37:56.024] [bbotk] Result of batch 3:
INFO  [17:37:56.025] [bbotk]  nrounds        eta max_depth classif.ce warnings errors runtime_learners
INFO  [17:37:56.025] [bbotk]      249 0.06720413         9 0.01578728        0      0             0.84
INFO  [17:37:56.025] [bbotk]                                 uhash
INFO  [17:37:56.025] [bbotk]  3ecd0566-57ea-45cb-90e2-3a2e3ff5eb61
INFO  [17:37:56.029] [bbotk] Evaluating 1 configuration(s)
INFO  [17:37:56.522] [bbotk] Result of batch 4:
INFO  [17:37:56.524] [bbotk]  nrounds       eta max_depth classif.ce warnings errors runtime_learners
INFO  [17:37:56.524] [bbotk]      178 0.1018313         4 0.01578703        0      0            0.445
INFO  [17:37:56.524] [bbotk]                                 uhash
INFO  [17:37:56.524] [bbotk]  851f2a96-39eb-4730-8613-1a1ed80d5cfb
INFO  [17:37:56.529] [bbotk] Evaluating 1 configuration(s)
INFO  [17:37:57.052] [bbotk] Result of batch 5:
INFO  [17:37:57.055] [bbotk]  nrounds       eta max_depth classif.ce warnings errors runtime_learners
INFO  [17:37:57.055] [bbotk]      158 0.1665605         6 0.01550017        0      0            0.476
INFO  [17:37:57.055] [bbotk]                                 uhash
INFO  [17:37:57.055] [bbotk]  2f36f0ce-792f-4399-97a7-469612241c5d
INFO  [17:37:57.062] [bbotk] Evaluating 1 configuration(s)
INFO  [17:37:57.371] [bbotk] Result of batch 6:
INFO  [17:37:57.372] [bbotk]  nrounds       eta max_depth classif.ce warnings errors runtime_learners
INFO  [17:37:57.372] [bbotk]      140 0.2239319         2 0.01607414        0      0            0.244
INFO  [17:37:57.372] [bbotk]                                 uhash
INFO  [17:37:57.372] [bbotk]  2cdbef93-9c8f-4b69-9ca0-fd4f9b58b594
INFO  [17:37:57.386] [bbotk] Evaluating 1 configuration(s)
INFO  [17:37:57.666] [bbotk] Result of batch 7:
INFO  [17:37:57.667] [bbotk]  nrounds       eta max_depth classif.ce warnings errors runtime_learners
INFO  [17:37:57.667] [bbotk]       50 0.1632014         7 0.01636075        0      0             0.24
INFO  [17:37:57.667] [bbotk]                                 uhash
INFO  [17:37:57.667] [bbotk]  b6c69a91-f47e-4fb6-a7a5-aeed0d72796e
INFO  [17:37:57.671] [bbotk] Evaluating 1 configuration(s)
INFO  [17:37:58.357] [bbotk] Result of batch 8:
INFO  [17:37:58.358] [bbotk]  nrounds        eta max_depth classif.ce warnings errors runtime_learners
INFO  [17:37:58.358] [bbotk]      152 0.06366925         6 0.01578678        0      0            0.634
INFO  [17:37:58.358] [bbotk]                                 uhash
INFO  [17:37:58.358] [bbotk]  2c30416a-28e9-421a-a2dd-b9d1e780b92a
INFO  [17:37:58.373] [bbotk] Evaluating 1 configuration(s)
INFO  [17:37:59.122] [bbotk] Result of batch 9:
INFO  [17:37:59.124] [bbotk]  nrounds       eta max_depth classif.ce warnings errors runtime_learners
INFO  [17:37:59.124] [bbotk]      212 0.1121717        10 0.01578728        0      0            0.712
INFO  [17:37:59.124] [bbotk]                                 uhash
INFO  [17:37:59.124] [bbotk]  04f48e87-4568-43b4-a125-50128221c0f3
INFO  [17:37:59.135] [bbotk] Evaluating 1 configuration(s)
INFO  [17:37:59.393] [bbotk] Result of batch 10:
INFO  [17:37:59.394] [bbotk]  nrounds        eta max_depth classif.ce warnings errors runtime_learners
INFO  [17:37:59.394] [bbotk]      140 0.04418698         2  0.0255475        0      0            0.224
INFO  [17:37:59.394] [bbotk]                                 uhash
INFO  [17:37:59.394] [bbotk]  f3c80e0d-6d57-4d22-bc8d-07b7d089cecb
INFO  [17:37:59.402] [bbotk] Finished optimizing after 10 evaluation(s)
INFO  [17:37:59.403] [bbotk] Result:
INFO  [17:37:59.405] [bbotk]  nrounds       eta max_depth learner_param_vals  x_domain classif.ce
INFO  [17:37:59.405] [bbotk]    <int>     <num>     <int>             <list>    <list>      <num>
INFO  [17:37:59.405] [bbotk]      158 0.1665605         6          <list[5]> <list[3]> 0.01550017
[1] -13.01293
[1] 34.89347

### [bt]: Job terminated successfully [batchtools job.id=3799]
### [bt]: Starting job [batchtools job.id=3800]
### [bt]: Generating problem instance for problem '01ea4b20a58e68c2' ...
### [bt]: Applying algorithm 'run_learner' on problem '01ea4b20a58e68c2' for job 3800 (seed = 3801) ...
INFO  [17:37:59.810] [mlr3] Applying learner 'classif.xgboost.tuned_calib.oof_beta' on task 'wilt' (iter 10/10)
INFO  [17:37:59.867] [bbotk] Starting to optimize 3 parameter(s) with '<OptimizerBatchRandomSearch>' and '<TerminatorEvals> [n_evals=10, k=0]'
INFO  [17:37:59.884] [bbotk] Evaluating 1 configuration(s)
INFO  [17:38:00.257] [bbotk] Result of batch 1:
INFO  [17:38:00.259] [bbotk]  nrounds        eta max_depth classif.ce warnings errors runtime_learners
INFO  [17:38:00.259] [bbotk]      120 0.09548225         3 0.01578728        0      0            0.293
INFO  [17:38:00.259] [bbotk]                                 uhash
INFO  [17:38:00.259] [bbotk]  96ccbdb5-2f43-47e2-aac7-90f0c1e456b4
INFO  [17:38:00.269] [bbotk] Evaluating 1 configuration(s)
INFO  [17:38:00.943] [bbotk] Result of batch 2:
INFO  [17:38:00.944] [bbotk]  nrounds       eta max_depth classif.ce warnings errors runtime_learners
INFO  [17:38:00.944] [bbotk]      237 0.2506732         8 0.01808341        0      0            0.629
INFO  [17:38:00.944] [bbotk]                                 uhash
INFO  [17:38:00.944] [bbotk]  439956d2-d4d6-4c18-9ebb-9e532e93f49c
INFO  [17:38:00.950] [bbotk] Evaluating 1 configuration(s)
INFO  [17:38:01.568] [bbotk] Result of batch 3:
INFO  [17:38:01.569] [bbotk]  nrounds       eta max_depth classif.ce warnings errors runtime_learners
INFO  [17:38:01.569] [bbotk]      214 0.1937481         9 0.01722258        0      0            0.563
INFO  [17:38:01.569] [bbotk]                                 uhash
INFO  [17:38:01.569] [bbotk]  4c2e5d49-59ba-4df3-9cb9-71a8c6d8fc2c
INFO  [17:38:01.573] [bbotk] Evaluating 1 configuration(s)
INFO  [17:38:02.539] [bbotk] Result of batch 4:
INFO  [17:38:02.541] [bbotk]  nrounds       eta max_depth classif.ce warnings errors runtime_learners
INFO  [17:38:02.541] [bbotk]      292 0.0706471         7 0.01693596        0      0            0.927
INFO  [17:38:02.541] [bbotk]                                 uhash
INFO  [17:38:02.541] [bbotk]  89010078-f064-40ac-9f65-5544ab59bc35
INFO  [17:38:02.550] [bbotk] Evaluating 1 configuration(s)
INFO  [17:38:03.022] [bbotk] Result of batch 5:
INFO  [17:38:03.025] [bbotk]  nrounds        eta max_depth classif.ce warnings errors runtime_learners
INFO  [17:38:03.025] [bbotk]      105 0.07213649         9 0.01636125        0      0            0.424
INFO  [17:38:03.025] [bbotk]                                 uhash
INFO  [17:38:03.025] [bbotk]  9b842fc9-5c82-4650-83ba-e3d2cf48e45f
INFO  [17:38:03.034] [bbotk] Evaluating 1 configuration(s)
INFO  [17:38:03.652] [bbotk] Result of batch 6:
INFO  [17:38:03.654] [bbotk]  nrounds        eta max_depth classif.ce warnings errors runtime_learners
INFO  [17:38:03.654] [bbotk]      171 0.07126416         7  0.0166491        0      0            0.571
INFO  [17:38:03.654] [bbotk]                                 uhash
INFO  [17:38:03.654] [bbotk]  171b90d9-2042-414f-9606-3b7e33ad9ee3
INFO  [17:38:03.664] [bbotk] Evaluating 1 configuration(s)
INFO  [17:38:04.454] [bbotk] Result of batch 7:
INFO  [17:38:04.455] [bbotk]  nrounds       eta max_depth classif.ce warnings errors runtime_learners
INFO  [17:38:04.455] [bbotk]      261 0.1264085         5  0.0180839        0      0            0.746
INFO  [17:38:04.455] [bbotk]                                 uhash
INFO  [17:38:04.455] [bbotk]  f75c34aa-f3d7-4464-b833-06d92bf4d3a7
INFO  [17:38:04.459] [bbotk] Evaluating 1 configuration(s)
INFO  [17:38:05.219] [bbotk] Result of batch 8:
INFO  [17:38:05.220] [bbotk]  nrounds       eta max_depth classif.ce warnings errors runtime_learners
INFO  [17:38:05.220] [bbotk]      279 0.1516371         4 0.01808365        0      0            0.712
INFO  [17:38:05.220] [bbotk]                                 uhash
INFO  [17:38:05.220] [bbotk]  3e142b74-f676-4c7d-8276-2a628545343c
INFO  [17:38:05.230] [bbotk] Evaluating 1 configuration(s)
INFO  [17:38:05.669] [bbotk] Result of batch 9:
INFO  [17:38:05.670] [bbotk]  nrounds       eta max_depth classif.ce warnings errors runtime_learners
INFO  [17:38:05.670] [bbotk]      125 0.2040563         8  0.0163615        0      0            0.381
INFO  [17:38:05.670] [bbotk]                                 uhash
INFO  [17:38:05.670] [bbotk]  7565b8c2-5405-4fbd-80b2-ecc54b28d976
INFO  [17:38:05.674] [bbotk] Evaluating 1 configuration(s)
INFO  [17:38:06.501] [bbotk] Result of batch 10:
INFO  [17:38:06.503] [bbotk]  nrounds       eta max_depth classif.ce warnings errors runtime_learners
INFO  [17:38:06.503] [bbotk]      294 0.1477245         6 0.01808365        0      0            0.789
INFO  [17:38:06.503] [bbotk]                                 uhash
INFO  [17:38:06.503] [bbotk]  62808a9d-32eb-42e0-b276-9666ce26fbf2
INFO  [17:38:06.520] [bbotk] Finished optimizing after 10 evaluation(s)
INFO  [17:38:06.521] [bbotk] Result:
INFO  [17:38:06.521] [bbotk]  nrounds        eta max_depth learner_param_vals  x_domain classif.ce
INFO  [17:38:06.521] [bbotk]    <int>      <num>     <int>             <list>    <list>      <num>
INFO  [17:38:06.521] [bbotk]      120 0.09548225         3          <list[5]> <list[3]> 0.01578728
INFO  [17:38:06.688] [bbotk] Starting to optimize 3 parameter(s) with '<OptimizerBatchRandomSearch>' and '<TerminatorEvals> [n_evals=10, k=0]'
INFO  [17:38:06.711] [bbotk] Evaluating 1 configuration(s)
INFO  [17:38:06.975] [bbotk] Result of batch 1:
INFO  [17:38:06.975] [bbotk]  nrounds       eta max_depth classif.ce warnings errors runtime_learners
INFO  [17:38:06.975] [bbotk]       61 0.2802146         6 0.01664391        0      0             0.22
INFO  [17:38:06.975] [bbotk]                                 uhash
INFO  [17:38:06.975] [bbotk]  fcc609ff-41d2-4eff-8b25-a4df28c5dcbc
INFO  [17:38:06.980] [bbotk] Evaluating 1 configuration(s)
INFO  [17:38:07.481] [bbotk] Result of batch 2:
INFO  [17:38:07.482] [bbotk]  nrounds       eta max_depth classif.ce warnings errors runtime_learners
INFO  [17:38:07.482] [bbotk]      182 0.1252729         4 0.01635606        0      0            0.465
INFO  [17:38:07.482] [bbotk]                                 uhash
INFO  [17:38:07.482] [bbotk]  53e7f92e-f918-460b-91af-ed6f52665bf4
INFO  [17:38:07.486] [bbotk] Evaluating 1 configuration(s)
INFO  [17:38:07.780] [bbotk] Result of batch 3:
INFO  [17:38:07.781] [bbotk]  nrounds        eta max_depth classif.ce warnings errors runtime_learners
INFO  [17:38:07.781] [bbotk]       68 0.07809033         4 0.01951253        0      0             0.25
INFO  [17:38:07.781] [bbotk]                                 uhash
INFO  [17:38:07.781] [bbotk]  d4b3af02-0c6c-4f3f-9917-095e4b85f4ea
INFO  [17:38:07.786] [bbotk] Evaluating 1 configuration(s)
INFO  [17:38:08.329] [bbotk] Result of batch 4:
INFO  [17:38:08.330] [bbotk]  nrounds        eta max_depth classif.ce warnings errors runtime_learners
INFO  [17:38:08.330] [bbotk]      133 0.07248231         7 0.01750425        0      0            0.511
INFO  [17:38:08.330] [bbotk]                                 uhash
INFO  [17:38:08.330] [bbotk]  b70d400b-7776-48a0-a1cf-5f6cdf27a52d
INFO  [17:38:08.337] [bbotk] Evaluating 1 configuration(s)
INFO  [17:38:08.870] [bbotk] Result of batch 5:
INFO  [17:38:08.872] [bbotk]  nrounds      eta max_depth classif.ce warnings errors runtime_learners
INFO  [17:38:08.872] [bbotk]      189 0.266614         7  0.0163568        0      0            0.486
INFO  [17:38:08.872] [bbotk]                                 uhash
INFO  [17:38:08.872] [bbotk]  6a128f3e-3837-4cf5-8fea-164787923eef
INFO  [17:38:08.877] [bbotk] Evaluating 1 configuration(s)
INFO  [17:38:09.708] [bbotk] Result of batch 6:
INFO  [17:38:09.710] [bbotk]  nrounds        eta max_depth classif.ce warnings errors runtime_learners
INFO  [17:38:09.710] [bbotk]      205 0.07239312         6 0.01807847        0      0            0.776
INFO  [17:38:09.710] [bbotk]                                 uhash
INFO  [17:38:09.710] [bbotk]  1924ca2d-3826-4379-9bba-4e018a4793d0
INFO  [17:38:09.714] [bbotk] Evaluating 1 configuration(s)
INFO  [17:38:10.313] [bbotk] Result of batch 7:
INFO  [17:38:10.315] [bbotk]  nrounds       eta max_depth classif.ce warnings errors runtime_learners
INFO  [17:38:10.315] [bbotk]      126 0.0724963         6   0.017504        0      0            0.562
INFO  [17:38:10.315] [bbotk]                                 uhash
INFO  [17:38:10.315] [bbotk]  cb369675-23c5-4fbd-a136-ae77c68a340a
INFO  [17:38:10.324] [bbotk] Evaluating 1 configuration(s)
INFO  [17:38:10.720] [bbotk] Result of batch 8:
INFO  [17:38:10.722] [bbotk]  nrounds        eta max_depth classif.ce warnings errors runtime_learners
INFO  [17:38:10.722] [bbotk]      200 0.06647652         2 0.02066022        0      0             0.35
INFO  [17:38:10.722] [bbotk]                                 uhash
INFO  [17:38:10.722] [bbotk]  039b274a-2e5f-4f89-91e1-82fd27cb3af7
INFO  [17:38:10.734] [bbotk] Evaluating 1 configuration(s)
INFO  [17:38:11.539] [bbotk] Result of batch 9:
INFO  [17:38:11.540] [bbotk]  nrounds        eta max_depth classif.ce warnings errors runtime_learners
INFO  [17:38:11.540] [bbotk]      242 0.06584285         7 0.01750425        0      0            0.743
INFO  [17:38:11.540] [bbotk]                                 uhash
INFO  [17:38:11.540] [bbotk]  6b5d30d9-03c0-4448-a89d-8f506d7d952d
INFO  [17:38:11.544] [bbotk] Evaluating 1 configuration(s)
INFO  [17:38:11.780] [bbotk] Result of batch 10:
INFO  [17:38:11.781] [bbotk]  nrounds       eta max_depth classif.ce warnings errors runtime_learners
INFO  [17:38:11.781] [bbotk]       81 0.2476201         3 0.01635606        0      0            0.201
INFO  [17:38:11.781] [bbotk]                                 uhash
INFO  [17:38:11.781] [bbotk]  cfb60d1d-ec99-4c3b-b811-bb6b36aae6de
INFO  [17:38:11.790] [bbotk] Finished optimizing after 10 evaluation(s)
INFO  [17:38:11.790] [bbotk] Result:
INFO  [17:38:11.791] [bbotk]  nrounds       eta max_depth learner_param_vals  x_domain classif.ce
INFO  [17:38:11.791] [bbotk]    <int>     <num>     <int>             <list>    <list>      <num>
INFO  [17:38:11.791] [bbotk]      182 0.1252729         4          <list[5]> <list[3]> 0.01635606
INFO  [17:38:12.093] [bbotk] Starting to optimize 3 parameter(s) with '<OptimizerBatchRandomSearch>' and '<TerminatorEvals> [n_evals=10, k=0]'
INFO  [17:38:12.113] [bbotk] Evaluating 1 configuration(s)
INFO  [17:38:12.925] [bbotk] Result of batch 1:
INFO  [17:38:12.927] [bbotk]  nrounds       eta max_depth classif.ce warnings errors runtime_learners
INFO  [17:38:12.927] [bbotk]      243 0.0805965         9 0.01836558        0      0            0.761
INFO  [17:38:12.927] [bbotk]                                 uhash
INFO  [17:38:12.927] [bbotk]  20a2b898-a64f-45c8-90c9-6af55ca618ac
INFO  [17:38:12.936] [bbotk] Evaluating 1 configuration(s)
INFO  [17:38:13.424] [bbotk] Result of batch 2:
INFO  [17:38:13.426] [bbotk]  nrounds       eta max_depth classif.ce warnings errors runtime_learners
INFO  [17:38:13.426] [bbotk]      186 0.1214166         3 0.01807921        0      0             0.42
INFO  [17:38:13.426] [bbotk]                                 uhash
INFO  [17:38:13.426] [bbotk]  22b7f41f-4a4d-41d1-bb0d-578c2bd0da7d
INFO  [17:38:13.431] [bbotk] Evaluating 1 configuration(s)
INFO  [17:38:13.743] [bbotk] Result of batch 3:
INFO  [17:38:13.744] [bbotk]  nrounds        eta max_depth classif.ce warnings errors runtime_learners
INFO  [17:38:13.744] [bbotk]       63 0.05257076         9 0.01893955        0      0            0.269
INFO  [17:38:13.744] [bbotk]                                 uhash
INFO  [17:38:13.744] [bbotk]  08a09ffc-28e4-436e-9d9a-b15796c791f4
INFO  [17:38:13.753] [bbotk] Evaluating 1 configuration(s)
INFO  [17:38:14.120] [bbotk] Result of batch 4:
INFO  [17:38:14.122] [bbotk]  nrounds        eta max_depth classif.ce warnings errors runtime_learners
INFO  [17:38:14.122] [bbotk]      130 0.02170697         4 0.02152204        0      0            0.326
INFO  [17:38:14.122] [bbotk]                                 uhash
INFO  [17:38:14.122] [bbotk]  204a1863-3d21-4baa-b951-ebe0ddc0880b
INFO  [17:38:14.130] [bbotk] Evaluating 1 configuration(s)
INFO  [17:38:14.363] [bbotk] Result of batch 5:
INFO  [17:38:14.364] [bbotk]  nrounds       eta max_depth classif.ce warnings errors runtime_learners
INFO  [17:38:14.364] [bbotk]      142 0.2556052         2  0.0177916        0      0            0.201
INFO  [17:38:14.364] [bbotk]                                 uhash
INFO  [17:38:14.364] [bbotk]  3cf264ea-14fa-4005-a283-6272eb27e3b7
INFO  [17:38:14.373] [bbotk] Evaluating 1 configuration(s)
INFO  [17:38:14.995] [bbotk] Result of batch 6:
INFO  [17:38:14.996] [bbotk]  nrounds       eta max_depth classif.ce warnings errors runtime_learners
INFO  [17:38:14.996] [bbotk]      216 0.1352928        10 0.01750474        0      0            0.577
INFO  [17:38:14.996] [bbotk]                                 uhash
INFO  [17:38:14.996] [bbotk]  bae12f84-17fa-4b68-8053-98e1685d7300
INFO  [17:38:15.000] [bbotk] Evaluating 1 configuration(s)
INFO  [17:38:15.370] [bbotk] Result of batch 7:
INFO  [17:38:15.371] [bbotk]  nrounds       eta max_depth classif.ce warnings errors runtime_learners
INFO  [17:38:15.371] [bbotk]      171 0.2810427         3 0.01693151        0      0            0.334
INFO  [17:38:15.371] [bbotk]                                 uhash
INFO  [17:38:15.371] [bbotk]  40bde92a-7779-4507-81fd-53d980c34cd1
INFO  [17:38:15.375] [bbotk] Evaluating 1 configuration(s)
INFO  [17:38:15.817] [bbotk] Result of batch 8:
INFO  [17:38:15.819] [bbotk]  nrounds       eta max_depth classif.ce warnings errors runtime_learners
INFO  [17:38:15.819] [bbotk]      146 0.1813797         4 0.01721763        0      0             0.41
INFO  [17:38:15.819] [bbotk]                                 uhash
INFO  [17:38:15.819] [bbotk]  935c0d9a-ba77-47c8-8041-2820078e88aa
INFO  [17:38:15.828] [bbotk] Evaluating 1 configuration(s)
INFO  [17:38:16.813] [bbotk] Result of batch 9:
INFO  [17:38:16.815] [bbotk]  nrounds        eta max_depth classif.ce warnings errors runtime_learners
INFO  [17:38:16.815] [bbotk]      288 0.04296169         7 0.01836533        0      0            0.948
INFO  [17:38:16.815] [bbotk]                                 uhash
INFO  [17:38:16.815] [bbotk]  e5758a0e-200d-42c9-b446-fa20ca16cdfa
INFO  [17:38:16.820] [bbotk] Evaluating 1 configuration(s)
INFO  [17:38:17.867] [bbotk] Result of batch 10:
INFO  [17:38:17.869] [bbotk]  nrounds        eta max_depth classif.ce warnings errors runtime_learners
INFO  [17:38:17.869] [bbotk]      296 0.03155725         5 0.01836533        0      0            0.993
INFO  [17:38:17.869] [bbotk]                                 uhash
INFO  [17:38:17.869] [bbotk]  7e141cb5-2241-457f-bae1-1e979944e8a9
INFO  [17:38:17.885] [bbotk] Finished optimizing after 10 evaluation(s)
INFO  [17:38:17.886] [bbotk] Result:
INFO  [17:38:17.887] [bbotk]  nrounds       eta max_depth learner_param_vals  x_domain classif.ce
INFO  [17:38:17.887] [bbotk]    <int>     <num>     <int>             <list>    <list>      <num>
INFO  [17:38:17.887] [bbotk]      171 0.2810427         3          <list[5]> <list[3]> 0.01693151
INFO  [17:38:18.125] [bbotk] Starting to optimize 3 parameter(s) with '<OptimizerBatchRandomSearch>' and '<TerminatorEvals> [n_evals=10, k=0]'
INFO  [17:38:18.152] [bbotk] Evaluating 1 configuration(s)
INFO  [17:38:18.563] [bbotk] Result of batch 1:
INFO  [17:38:18.564] [bbotk]  nrounds      eta max_depth classif.ce warnings errors runtime_learners
INFO  [17:38:18.564] [bbotk]      213 0.193039         2 0.01721689        0      0            0.358
INFO  [17:38:18.564] [bbotk]                                 uhash
INFO  [17:38:18.564] [bbotk]  82524d17-6f25-4ce8-8f89-a90c5412602d
INFO  [17:38:18.568] [bbotk] Evaluating 1 configuration(s)
INFO  [17:38:19.375] [bbotk] Result of batch 2:
INFO  [17:38:19.377] [bbotk]  nrounds       eta max_depth classif.ce warnings errors runtime_learners
INFO  [17:38:19.377] [bbotk]      243 0.1288391         5 0.01807797        0      0            0.718
INFO  [17:38:19.377] [bbotk]                                 uhash
INFO  [17:38:19.377] [bbotk]  e0c1fd85-1a6c-4a8e-8f61-f44d18827496
INFO  [17:38:19.383] [bbotk] Evaluating 1 configuration(s)
INFO  [17:38:20.131] [bbotk] Result of batch 3:
INFO  [17:38:20.132] [bbotk]  nrounds        eta max_depth classif.ce warnings errors runtime_learners
INFO  [17:38:20.132] [bbotk]      255 0.07932194         8  0.0186517        0      0            0.701
INFO  [17:38:20.132] [bbotk]                                 uhash
INFO  [17:38:20.132] [bbotk]  34738dc4-d776-4912-a23a-60ab3cbbcdb9
INFO  [17:38:20.136] [bbotk] Evaluating 1 configuration(s)
INFO  [17:38:20.598] [bbotk] Result of batch 4:
INFO  [17:38:20.599] [bbotk]  nrounds       eta max_depth classif.ce warnings errors runtime_learners
INFO  [17:38:20.599] [bbotk]      151 0.1572206         4 0.01807723        0      0            0.423
INFO  [17:38:20.599] [bbotk]                                 uhash
INFO  [17:38:20.599] [bbotk]  1bd4bbda-0dde-4247-af47-f84744e6ca9b
INFO  [17:38:20.603] [bbotk] Evaluating 1 configuration(s)
INFO  [17:38:21.174] [bbotk] Result of batch 5:
INFO  [17:38:21.175] [bbotk]  nrounds       eta max_depth classif.ce warnings errors runtime_learners
INFO  [17:38:21.175] [bbotk]      235 0.2545874         5 0.01635631        0      0            0.532
INFO  [17:38:21.175] [bbotk]                                 uhash
INFO  [17:38:21.175] [bbotk]  a75c4da0-93e1-4ed5-9c76-8bc4d296eafe
INFO  [17:38:21.180] [bbotk] Evaluating 1 configuration(s)
INFO  [17:38:21.847] [bbotk] Result of batch 6:
INFO  [17:38:21.849] [bbotk]  nrounds       eta max_depth classif.ce warnings errors runtime_learners
INFO  [17:38:21.849] [bbotk]      219 0.2662429         5 0.01922567        0      0            0.616
INFO  [17:38:21.849] [bbotk]                                 uhash
INFO  [17:38:21.849] [bbotk]  cd580efa-ed28-400b-ad60-961ab8af2f04
INFO  [17:38:21.857] [bbotk] Evaluating 1 configuration(s)
INFO  [17:38:22.497] [bbotk] Result of batch 7:
INFO  [17:38:22.499] [bbotk]  nrounds       eta max_depth classif.ce warnings errors runtime_learners
INFO  [17:38:22.499] [bbotk]      164 0.1201535         9 0.01865194        0      0            0.588
INFO  [17:38:22.499] [bbotk]                                 uhash
INFO  [17:38:22.499] [bbotk]  046d1f06-2238-4acb-8181-e3c584e6f06b
INFO  [17:38:22.504] [bbotk] Evaluating 1 configuration(s)
INFO  [17:38:23.168] [bbotk] Result of batch 8:
INFO  [17:38:23.170] [bbotk]  nrounds       eta max_depth classif.ce warnings errors runtime_learners
INFO  [17:38:23.170] [bbotk]      273 0.2886216        10 0.01807772        0      0            0.622
INFO  [17:38:23.170] [bbotk]                                 uhash
INFO  [17:38:23.170] [bbotk]  c9735979-9bc4-4c97-8247-2df832518b73
INFO  [17:38:23.179] [bbotk] Evaluating 1 configuration(s)
INFO  [17:38:23.457] [bbotk] Result of batch 9:
INFO  [17:38:23.458] [bbotk]  nrounds       eta max_depth classif.ce warnings errors runtime_learners
INFO  [17:38:23.458] [bbotk]      112 0.1344981         2 0.02066022        0      0            0.223
INFO  [17:38:23.458] [bbotk]                                 uhash
INFO  [17:38:23.458] [bbotk]  16a27179-b562-48fa-bf1b-3d0e9a6d7582
INFO  [17:38:23.463] [bbotk] Evaluating 1 configuration(s)
INFO  [17:38:24.076] [bbotk] Result of batch 10:
INFO  [17:38:24.078] [bbotk]  nrounds        eta max_depth classif.ce warnings errors runtime_learners
INFO  [17:38:24.078] [bbotk]      160 0.06181552         8 0.01807772        0      0            0.575
INFO  [17:38:24.078] [bbotk]                                 uhash
INFO  [17:38:24.078] [bbotk]  16a027ac-a3b6-4333-8c68-debadd2d73bf
INFO  [17:38:24.095] [bbotk] Finished optimizing after 10 evaluation(s)
INFO  [17:38:24.095] [bbotk] Result:
INFO  [17:38:24.096] [bbotk]  nrounds       eta max_depth learner_param_vals  x_domain classif.ce
INFO  [17:38:24.096] [bbotk]    <int>     <num>     <int>             <list>    <list>      <num>
INFO  [17:38:24.096] [bbotk]      235 0.2545874         5          <list[5]> <list[3]> 0.01635631
INFO  [17:38:24.510] [bbotk] Starting to optimize 3 parameter(s) with '<OptimizerBatchRandomSearch>' and '<TerminatorEvals> [n_evals=10, k=0]'
INFO  [17:38:24.531] [bbotk] Evaluating 1 configuration(s)
INFO  [17:38:25.326] [bbotk] Result of batch 1:
INFO  [17:38:25.327] [bbotk]  nrounds       eta max_depth classif.ce warnings errors runtime_learners
INFO  [17:38:25.327] [bbotk]      262 0.1583811        10 0.01836434        0      0            0.766
INFO  [17:38:25.327] [bbotk]                                 uhash
INFO  [17:38:25.327] [bbotk]  bd1720f1-5e44-48f0-8d5e-b9f659436c60
INFO  [17:38:25.331] [bbotk] Evaluating 1 configuration(s)
INFO  [17:38:25.808] [bbotk] Result of batch 2:
INFO  [17:38:25.810] [bbotk]  nrounds       eta max_depth classif.ce warnings errors runtime_learners
INFO  [17:38:25.810] [bbotk]      136 0.2093173         9 0.01807723        0      0            0.435
INFO  [17:38:25.810] [bbotk]                                 uhash
INFO  [17:38:25.810] [bbotk]  08872a84-6459-4876-8cce-ab424fa35a81
INFO  [17:38:25.852] [bbotk] Evaluating 1 configuration(s)
INFO  [17:38:26.472] [bbotk] Result of batch 3:
INFO  [17:38:26.474] [bbotk]  nrounds       eta max_depth classif.ce warnings errors runtime_learners
INFO  [17:38:26.474] [bbotk]      247 0.1283409         3 0.01721689        0      0            0.566
INFO  [17:38:26.474] [bbotk]                                 uhash
INFO  [17:38:26.474] [bbotk]  d4cafab5-0485-43d4-ae85-19f60dda3471
INFO  [17:38:26.478] [bbotk] Evaluating 1 configuration(s)
INFO  [17:38:26.811] [bbotk] Result of batch 4:
INFO  [17:38:26.813] [bbotk]  nrounds        eta max_depth classif.ce warnings errors runtime_learners
INFO  [17:38:26.813] [bbotk]      143 0.04968851         2 0.02410256        0      0            0.283
INFO  [17:38:26.813] [bbotk]                                 uhash
INFO  [17:38:26.813] [bbotk]  12c1364c-c439-43a9-b867-b9426ff86fcf
INFO  [17:38:26.822] [bbotk] Evaluating 1 configuration(s)
INFO  [17:38:27.517] [bbotk] Result of batch 5:
INFO  [17:38:27.519] [bbotk]  nrounds       eta max_depth classif.ce warnings errors runtime_learners
INFO  [17:38:27.519] [bbotk]      261 0.2755735         7 0.01750351        0      0            0.648
INFO  [17:38:27.519] [bbotk]                                 uhash
INFO  [17:38:27.519] [bbotk]  f9284f9d-b858-436a-9b92-ea3aeb516732
INFO  [17:38:27.527] [bbotk] Evaluating 1 configuration(s)
INFO  [17:38:28.050] [bbotk] Result of batch 6:
INFO  [17:38:28.053] [bbotk]  nrounds        eta max_depth classif.ce warnings errors runtime_learners
INFO  [17:38:28.053] [bbotk]      124 0.03435476         6 0.02094634        0      0            0.483
INFO  [17:38:28.053] [bbotk]                                 uhash
INFO  [17:38:28.053] [bbotk]  1d93fdfc-14dd-49cb-b695-2e347bc30483
INFO  [17:38:28.061] [bbotk] Evaluating 1 configuration(s)
INFO  [17:38:28.317] [bbotk] Result of batch 7:
INFO  [17:38:28.319] [bbotk]  nrounds       eta max_depth classif.ce warnings errors runtime_learners
INFO  [17:38:28.319] [bbotk]       62 0.0264657         5 0.02238189        0      0            0.196
INFO  [17:38:28.319] [bbotk]                                 uhash
INFO  [17:38:28.319] [bbotk]  0533b7ef-ee10-493d-9855-79e924387bed
INFO  [17:38:28.330] [bbotk] Evaluating 1 configuration(s)
INFO  [17:38:29.476] [bbotk] Result of batch 8:
INFO  [17:38:29.477] [bbotk]  nrounds        eta max_depth classif.ce warnings errors runtime_learners
INFO  [17:38:29.477] [bbotk]      250 0.05207036         9 0.01836434        0      0              1.1
INFO  [17:38:29.477] [bbotk]                                 uhash
INFO  [17:38:29.477] [bbotk]  71993e63-c7d9-4f31-bd62-9b1f9cea1a9b
INFO  [17:38:29.482] [bbotk] Evaluating 1 configuration(s)
INFO  [17:38:29.998] [bbotk] Result of batch 9:
INFO  [17:38:29.999] [bbotk]  nrounds       eta max_depth classif.ce warnings errors runtime_learners
INFO  [17:38:29.999] [bbotk]      153 0.1564394         4 0.01750351        0      0            0.475
INFO  [17:38:29.999] [bbotk]                                 uhash
INFO  [17:38:29.999] [bbotk]  3325a58b-3882-44df-b643-a5a4cbc5caa4
INFO  [17:38:30.003] [bbotk] Evaluating 1 configuration(s)
INFO  [17:38:30.572] [bbotk] Result of batch 10:
INFO  [17:38:30.574] [bbotk]  nrounds       eta max_depth classif.ce warnings errors runtime_learners
INFO  [17:38:30.574] [bbotk]      124 0.1798862        10  0.0186512        0      0            0.515
INFO  [17:38:30.574] [bbotk]                                 uhash
INFO  [17:38:30.574] [bbotk]  07a72500-e655-4100-98c3-0c449f254822
INFO  [17:38:30.588] [bbotk] Finished optimizing after 10 evaluation(s)
INFO  [17:38:30.588] [bbotk] Result:
INFO  [17:38:30.590] [bbotk]  nrounds       eta max_depth learner_param_vals  x_domain classif.ce
INFO  [17:38:30.590] [bbotk]    <int>     <num>     <int>             <list>    <list>      <num>
INFO  [17:38:30.590] [bbotk]      247 0.1283409         3          <list[5]> <list[3]> 0.01721689
[1] -16.73626
[1] 36.59565

### [bt]: Job terminated successfully [batchtools job.id=3800]
### [bt]: Calculation finished!
