### [bt]: This is batchtools v0.9.17
### [bt]: Starting calculation of 5 jobs
### [bt]: Setting working directory to '/Users/User/Documents/Studium/Semester8/Hiwi/mlr3calibration/vignettes'
### [bt]: Memory measurement disabled
### [bt]: Starting job [batchtools job.id=1476]
### [bt]: Generating problem instance for problem '78e20b4b43a56ff6' ...
### [bt]: Applying algorithm 'run_learner' on problem '78e20b4b43a56ff6' for job 1476 (seed = 1477) ...
INFO  [16:51:18.843] [mlr3] Applying learner 'classif.xgboost.tuned_calib.perfold_platt' on task 'pc3' (iter 6/10)
INFO  [16:51:18.890] [bbotk] Starting to optimize 3 parameter(s) with '<OptimizerBatchRandomSearch>' and '<TerminatorEvals> [n_evals=10, k=0]'
INFO  [16:51:18.918] [bbotk] Evaluating 1 configuration(s)
INFO  [16:51:19.721] [bbotk] Result of batch 1:
INFO  [16:51:19.724] [bbotk]  nrounds        eta max_depth classif.ce warnings errors runtime_learners
INFO  [16:51:19.724] [bbotk]      152 0.07256529         6  0.1084444        0      0            0.749
INFO  [16:51:19.724] [bbotk]                                 uhash
INFO  [16:51:19.724] [bbotk]  6d691a0c-ad3c-4f64-9803-5f4ef7a64f14
INFO  [16:51:19.733] [bbotk] Evaluating 1 configuration(s)
INFO  [16:51:19.918] [bbotk] Result of batch 2:
INFO  [16:51:19.920] [bbotk]  nrounds       eta max_depth classif.ce warnings errors runtime_learners
INFO  [16:51:19.920] [bbotk]       73 0.1508689         2  0.1137778        0      0            0.151
INFO  [16:51:19.920] [bbotk]                                 uhash
INFO  [16:51:19.920] [bbotk]  92f5510f-2af4-42c9-a7e8-acd43ae8f343
INFO  [16:51:19.929] [bbotk] Evaluating 1 configuration(s)
INFO  [16:51:21.464] [bbotk] Result of batch 3:
INFO  [16:51:21.465] [bbotk]  nrounds       eta max_depth classif.ce warnings errors runtime_learners
INFO  [16:51:21.465] [bbotk]      293 0.1411721         6  0.1208889        0      0            1.469
INFO  [16:51:21.465] [bbotk]                                 uhash
INFO  [16:51:21.465] [bbotk]  4fc1cc7f-d73c-4adf-bb9f-bfd62d0a8fc3
INFO  [16:51:21.472] [bbotk] Evaluating 1 configuration(s)
INFO  [16:51:22.880] [bbotk] Result of batch 4:
INFO  [16:51:22.882] [bbotk]  nrounds        eta max_depth classif.ce warnings errors runtime_learners
INFO  [16:51:22.882] [bbotk]      217 0.03324781         7      0.112        0      0            1.272
INFO  [16:51:22.882] [bbotk]                                 uhash
INFO  [16:51:22.882] [bbotk]  f2bb31a9-1586-4f2f-ae91-196240d12c6e
INFO  [16:51:22.891] [bbotk] Evaluating 1 configuration(s)
INFO  [16:51:24.016] [bbotk] Result of batch 5:
INFO  [16:51:24.018] [bbotk]  nrounds       eta max_depth classif.ce warnings errors runtime_learners
INFO  [16:51:24.018] [bbotk]      290 0.2781138         5  0.1164444        0      0            1.077
INFO  [16:51:24.018] [bbotk]                                 uhash
INFO  [16:51:24.018] [bbotk]  1aa88a4a-8e47-4ace-b3ff-47f1cbc001e2
INFO  [16:51:24.030] [bbotk] Evaluating 1 configuration(s)
INFO  [16:51:24.938] [bbotk] Result of batch 6:
INFO  [16:51:24.939] [bbotk]  nrounds       eta max_depth classif.ce warnings errors runtime_learners
INFO  [16:51:24.939] [bbotk]      194 0.2271826         6  0.1235556        0      0            0.861
INFO  [16:51:24.939] [bbotk]                                 uhash
INFO  [16:51:24.939] [bbotk]  4f65aca8-e871-4d74-be64-78183cf68f25
INFO  [16:51:24.944] [bbotk] Evaluating 1 configuration(s)
INFO  [16:51:25.381] [bbotk] Result of batch 7:
INFO  [16:51:25.382] [bbotk]  nrounds       eta max_depth classif.ce warnings errors runtime_learners
INFO  [16:51:25.382] [bbotk]       58 0.1939039         7  0.1146667        0      0            0.391
INFO  [16:51:25.382] [bbotk]                                 uhash
INFO  [16:51:25.382] [bbotk]  1fb3481b-87cc-4ee5-af17-a4771c27ba72
INFO  [16:51:25.386] [bbotk] Evaluating 1 configuration(s)
INFO  [16:51:26.039] [bbotk] Result of batch 8:
INFO  [16:51:26.040] [bbotk]  nrounds       eta max_depth classif.ce warnings errors runtime_learners
INFO  [16:51:26.040] [bbotk]      141 0.2927814         5  0.1182222        0      0            0.606
INFO  [16:51:26.040] [bbotk]                                 uhash
INFO  [16:51:26.040] [bbotk]  5cdfbc17-f321-4564-a322-24ac276a58ea
INFO  [16:51:26.045] [bbotk] Evaluating 1 configuration(s)
INFO  [16:51:27.029] [bbotk] Result of batch 9:
INFO  [16:51:27.030] [bbotk]  nrounds       eta max_depth classif.ce warnings errors runtime_learners
INFO  [16:51:27.030] [bbotk]      232 0.2648818         6  0.1182222        0      0             0.94
INFO  [16:51:27.030] [bbotk]                                 uhash
INFO  [16:51:27.030] [bbotk]  c06bc969-ccf3-43cd-8396-d3dc2ae7c9d7
INFO  [16:51:27.037] [bbotk] Evaluating 1 configuration(s)
INFO  [16:51:27.910] [bbotk] Result of batch 10:
INFO  [16:51:27.911] [bbotk]  nrounds       eta max_depth classif.ce warnings errors runtime_learners
INFO  [16:51:27.911] [bbotk]      133 0.1136512         8  0.1102222        0      0            0.815
INFO  [16:51:27.911] [bbotk]                                 uhash
INFO  [16:51:27.911] [bbotk]  e88bdeda-4432-44e9-a487-e3a698ec8a02
INFO  [16:51:27.924] [bbotk] Finished optimizing after 10 evaluation(s)
INFO  [16:51:27.924] [bbotk] Result:
INFO  [16:51:27.925] [bbotk]  nrounds        eta max_depth learner_param_vals  x_domain classif.ce
INFO  [16:51:27.925] [bbotk]    <int>      <num>     <int>             <list>    <list>      <num>
INFO  [16:51:27.925] [bbotk]      152 0.07256529         6          <list[5]> <list[3]>  0.1084444
INFO  [16:51:28.360] [bbotk] Starting to optimize 3 parameter(s) with '<OptimizerBatchRandomSearch>' and '<TerminatorEvals> [n_evals=10, k=0]'
INFO  [16:51:28.373] [bbotk] Evaluating 1 configuration(s)
INFO  [16:51:29.677] [bbotk] Result of batch 1:
INFO  [16:51:29.681] [bbotk]  nrounds       eta max_depth classif.ce warnings errors runtime_learners
INFO  [16:51:29.681] [bbotk]      285 0.1191722         6  0.1137778        0      0            1.267
INFO  [16:51:29.681] [bbotk]                                 uhash
INFO  [16:51:29.681] [bbotk]  c0c1bbde-31fb-4d44-9f12-b7eb96614c85
INFO  [16:51:29.685] [bbotk] Evaluating 1 configuration(s)
INFO  [16:51:30.563] [bbotk] Result of batch 2:
INFO  [16:51:30.564] [bbotk]  nrounds       eta max_depth classif.ce warnings errors runtime_learners
INFO  [16:51:30.564] [bbotk]      191 0.2024357         5  0.1191111        0      0            0.839
INFO  [16:51:30.564] [bbotk]                                 uhash
INFO  [16:51:30.564] [bbotk]  a138b371-98c4-44fe-8dbe-b7c197743925
INFO  [16:51:30.568] [bbotk] Evaluating 1 configuration(s)
INFO  [16:51:30.818] [bbotk] Result of batch 3:
INFO  [16:51:30.820] [bbotk]  nrounds       eta max_depth classif.ce warnings errors runtime_learners
INFO  [16:51:30.820] [bbotk]       76 0.2283699         3  0.1191111        0      0            0.217
INFO  [16:51:30.820] [bbotk]                                 uhash
INFO  [16:51:30.820] [bbotk]  56dad2bb-6742-4742-afa9-175b86219fda
INFO  [16:51:30.830] [bbotk] Evaluating 1 configuration(s)
INFO  [16:51:31.709] [bbotk] Result of batch 4:
INFO  [16:51:31.711] [bbotk]  nrounds       eta max_depth classif.ce warnings errors runtime_learners
INFO  [16:51:31.711] [bbotk]      185 0.1472689         5  0.1102222        0      0            0.815
INFO  [16:51:31.711] [bbotk]                                 uhash
INFO  [16:51:31.711] [bbotk]  fb3d08ea-6d77-4987-bb83-774d1be87ab1
INFO  [16:51:31.718] [bbotk] Evaluating 1 configuration(s)
INFO  [16:51:33.179] [bbotk] Result of batch 5:
INFO  [16:51:33.180] [bbotk]  nrounds       eta max_depth classif.ce warnings errors runtime_learners
INFO  [16:51:33.180] [bbotk]      271 0.1320582        10  0.1111111        0      0            1.424
INFO  [16:51:33.180] [bbotk]                                 uhash
INFO  [16:51:33.180] [bbotk]  f72f663f-10b4-4363-b7c4-bcd5527dbf65
INFO  [16:51:33.189] [bbotk] Evaluating 1 configuration(s)
INFO  [16:51:33.651] [bbotk] Result of batch 6:
INFO  [16:51:33.652] [bbotk]  nrounds        eta max_depth classif.ce warnings errors runtime_learners
INFO  [16:51:33.652] [bbotk]       91 0.07476332         5  0.1137778        0      0            0.415
INFO  [16:51:33.652] [bbotk]                                 uhash
INFO  [16:51:33.652] [bbotk]  8f774656-a14c-44de-9595-a074c7be8981
INFO  [16:51:33.659] [bbotk] Evaluating 1 configuration(s)
INFO  [16:51:34.132] [bbotk] Result of batch 7:
INFO  [16:51:34.133] [bbotk]  nrounds       eta max_depth classif.ce warnings errors runtime_learners
INFO  [16:51:34.133] [bbotk]       90 0.1646792         5  0.1173333        0      0            0.422
INFO  [16:51:34.133] [bbotk]                                 uhash
INFO  [16:51:34.133] [bbotk]  e4fee483-0e02-497e-8ab2-c06ca0fb2fa2
INFO  [16:51:34.136] [bbotk] Evaluating 1 configuration(s)
INFO  [16:51:34.806] [bbotk] Result of batch 8:
INFO  [16:51:34.807] [bbotk]  nrounds       eta max_depth classif.ce warnings errors runtime_learners
INFO  [16:51:34.807] [bbotk]      172 0.1285475         4  0.1182222        0      0            0.633
INFO  [16:51:34.807] [bbotk]                                 uhash
INFO  [16:51:34.807] [bbotk]  ed0334d6-f89c-4763-a518-9fd3f0b227f4
INFO  [16:51:34.817] [bbotk] Evaluating 1 configuration(s)
INFO  [16:51:36.159] [bbotk] Result of batch 9:
INFO  [16:51:36.170] [bbotk]  nrounds       eta max_depth classif.ce warnings errors runtime_learners
INFO  [16:51:36.170] [bbotk]      238 0.1033524         8  0.1191111        0      0            1.297
INFO  [16:51:36.170] [bbotk]                                 uhash
INFO  [16:51:36.170] [bbotk]  1106c171-f8c7-4ca2-8e5d-ed2d666e9e02
INFO  [16:51:36.181] [bbotk] Evaluating 1 configuration(s)
INFO  [16:51:36.574] [bbotk] Result of batch 10:
INFO  [16:51:36.577] [bbotk]  nrounds        eta max_depth classif.ce warnings errors runtime_learners
INFO  [16:51:36.577] [bbotk]      195 0.06758008         2  0.1084444        0      0            0.342
INFO  [16:51:36.577] [bbotk]                                 uhash
INFO  [16:51:36.577] [bbotk]  4de38b6c-0499-429b-9cab-4d8b533a5509
INFO  [16:51:36.586] [bbotk] Finished optimizing after 10 evaluation(s)
INFO  [16:51:36.586] [bbotk] Result:
INFO  [16:51:36.588] [bbotk]  nrounds        eta max_depth learner_param_vals  x_domain classif.ce
INFO  [16:51:36.588] [bbotk]    <int>      <num>     <int>             <list>    <list>      <num>
INFO  [16:51:36.588] [bbotk]      195 0.06758008         2          <list[5]> <list[3]>  0.1084444
INFO  [16:51:36.795] [bbotk] Starting to optimize 3 parameter(s) with '<OptimizerBatchRandomSearch>' and '<TerminatorEvals> [n_evals=10, k=0]'
INFO  [16:51:36.811] [bbotk] Evaluating 1 configuration(s)
INFO  [16:51:37.786] [bbotk] Result of batch 1:
INFO  [16:51:37.787] [bbotk]  nrounds       eta max_depth classif.ce warnings errors runtime_learners
INFO  [16:51:37.787] [bbotk]      200 0.0758508         6  0.1092506        0      0            0.937
INFO  [16:51:37.787] [bbotk]                                 uhash
INFO  [16:51:37.787] [bbotk]  1fffd831-a9e2-44c5-a8b4-9285ee076bd3
INFO  [16:51:37.793] [bbotk] Evaluating 1 configuration(s)
INFO  [16:51:39.330] [bbotk] Result of batch 2:
INFO  [16:51:39.332] [bbotk]  nrounds       eta max_depth classif.ce warnings errors runtime_learners
INFO  [16:51:39.332] [bbotk]      297 0.1113511        10  0.1048085        0      0            1.484
INFO  [16:51:39.332] [bbotk]                                 uhash
INFO  [16:51:39.332] [bbotk]  3fd869ed-3246-4e22-b157-b4702ffcfee1
INFO  [16:51:39.336] [bbotk] Evaluating 1 configuration(s)
INFO  [16:51:40.544] [bbotk] Result of batch 3:
INFO  [16:51:40.545] [bbotk]  nrounds       eta max_depth classif.ce warnings errors runtime_learners
INFO  [16:51:40.545] [bbotk]      294 0.1986508        10  0.1136927        0      0            1.148
INFO  [16:51:40.545] [bbotk]                                 uhash
INFO  [16:51:40.545] [bbotk]  9f001347-1a9f-4407-a26c-8ce28c9433ec
INFO  [16:51:40.552] [bbotk] Evaluating 1 configuration(s)
INFO  [16:51:41.173] [bbotk] Result of batch 4:
INFO  [16:51:41.173] [bbotk]  nrounds      eta max_depth classif.ce warnings errors runtime_learners
INFO  [16:51:41.173] [bbotk]      179 0.151437         4  0.1119102        0      0            0.579
INFO  [16:51:41.173] [bbotk]                                 uhash
INFO  [16:51:41.173] [bbotk]  ba184a95-e240-402c-86b7-f78fb0ca3b25
INFO  [16:51:41.177] [bbotk] Evaluating 1 configuration(s)
INFO  [16:51:41.660] [bbotk] Result of batch 5:
INFO  [16:51:41.661] [bbotk]  nrounds       eta max_depth classif.ce warnings errors runtime_learners
INFO  [16:51:41.661] [bbotk]       93 0.1527647         6  0.1074704        0      0            0.447
INFO  [16:51:41.661] [bbotk]                                 uhash
INFO  [16:51:41.661] [bbotk]  a55f6dc1-cb73-4109-bf77-479e58d64f42
INFO  [16:51:41.671] [bbotk] Evaluating 1 configuration(s)
INFO  [16:51:42.230] [bbotk] Result of batch 6:
INFO  [16:51:42.231] [bbotk]  nrounds       eta max_depth classif.ce warnings errors runtime_learners
INFO  [16:51:42.231] [bbotk]      105 0.2272449         9  0.1048014        0      0            0.529
INFO  [16:51:42.231] [bbotk]                                 uhash
INFO  [16:51:42.231] [bbotk]  c8714e1a-24ee-408c-b2e7-90253f3d72dd
INFO  [16:51:42.238] [bbotk] Evaluating 1 configuration(s)
INFO  [16:51:42.449] [bbotk] Result of batch 7:
INFO  [16:51:42.450] [bbotk]  nrounds       eta max_depth classif.ce warnings errors runtime_learners
INFO  [16:51:42.450] [bbotk]       81 0.1077523         2  0.1021348        0      0            0.159
INFO  [16:51:42.450] [bbotk]                                 uhash
INFO  [16:51:42.450] [bbotk]  ab804e15-6261-4c27-98be-f4c63c75681d
INFO  [16:51:42.454] [bbotk] Evaluating 1 configuration(s)
INFO  [16:51:43.617] [bbotk] Result of batch 8:
INFO  [16:51:43.619] [bbotk]  nrounds      eta max_depth classif.ce warnings errors runtime_learners
INFO  [16:51:43.619] [bbotk]      204 0.114755         9   0.101253        0      0            1.117
INFO  [16:51:43.619] [bbotk]                                 uhash
INFO  [16:51:43.619] [bbotk]  43767e91-3c66-4511-bb31-555cb4802bdd
INFO  [16:51:43.627] [bbotk] Evaluating 1 configuration(s)
INFO  [16:51:44.585] [bbotk] Result of batch 9:
INFO  [16:51:44.587] [bbotk]  nrounds       eta max_depth classif.ce warnings errors runtime_learners
INFO  [16:51:44.587] [bbotk]      213 0.2175079         7  0.1127967        0      0            0.906
INFO  [16:51:44.587] [bbotk]                                 uhash
INFO  [16:51:44.587] [bbotk]  94826ae8-208a-4962-89d2-bd0e0d3ff5d0
INFO  [16:51:44.596] [bbotk] Evaluating 1 configuration(s)
INFO  [16:51:45.268] [bbotk] Result of batch 10:
INFO  [16:51:45.269] [bbotk]  nrounds       eta max_depth classif.ce warnings errors runtime_learners
INFO  [16:51:45.269] [bbotk]      111 0.1564911         7  0.1048061        0      0            0.636
INFO  [16:51:45.269] [bbotk]                                 uhash
INFO  [16:51:45.269] [bbotk]  0767dc8c-34a9-4eca-b6cd-bfff0a88f4aa
INFO  [16:51:45.287] [bbotk] Finished optimizing after 10 evaluation(s)
INFO  [16:51:45.288] [bbotk] Result:
INFO  [16:51:45.290] [bbotk]  nrounds      eta max_depth learner_param_vals  x_domain classif.ce
INFO  [16:51:45.290] [bbotk]    <int>    <num>     <int>             <list>    <list>      <num>
INFO  [16:51:45.290] [bbotk]      204 0.114755         9          <list[5]> <list[3]>   0.101253
INFO  [16:51:45.953] [bbotk] Starting to optimize 3 parameter(s) with '<OptimizerBatchRandomSearch>' and '<TerminatorEvals> [n_evals=10, k=0]'
INFO  [16:51:45.969] [bbotk] Evaluating 1 configuration(s)
INFO  [16:51:46.765] [bbotk] Result of batch 1:
INFO  [16:51:46.766] [bbotk]  nrounds       eta max_depth classif.ce warnings errors runtime_learners
INFO  [16:51:46.766] [bbotk]      152 0.1770196         8  0.1110118        0      0            0.756
INFO  [16:51:46.766] [bbotk]                                 uhash
INFO  [16:51:46.766] [bbotk]  f5927e24-f6db-49ab-9a15-9a6bdc0ebcc6
INFO  [16:51:46.770] [bbotk] Evaluating 1 configuration(s)
INFO  [16:51:47.222] [bbotk] Result of batch 2:
INFO  [16:51:47.224] [bbotk]  nrounds       eta max_depth classif.ce warnings errors runtime_learners
INFO  [16:51:47.224] [bbotk]      244 0.1707298         2  0.1163404        0      0            0.423
INFO  [16:51:47.224] [bbotk]                                 uhash
INFO  [16:51:47.224] [bbotk]  f60e991c-3234-4930-a7b2-90e9a4fd7a8e
INFO  [16:51:47.233] [bbotk] Evaluating 1 configuration(s)
INFO  [16:51:48.070] [bbotk] Result of batch 3:
INFO  [16:51:48.070] [bbotk]  nrounds       eta max_depth classif.ce warnings errors runtime_learners
INFO  [16:51:48.070] [bbotk]      183 0.2594467         7  0.1163428        0      0             0.78
INFO  [16:51:48.070] [bbotk]                                 uhash
INFO  [16:51:48.070] [bbotk]  760a55b8-4f8b-472b-97cd-c52903c393e0
INFO  [16:51:48.086] [bbotk] Evaluating 1 configuration(s)
INFO  [16:51:49.138] [bbotk] Result of batch 4:
INFO  [16:51:49.140] [bbotk]  nrounds       eta max_depth classif.ce warnings errors runtime_learners
INFO  [16:51:49.140] [bbotk]      222 0.1738926         9  0.1181182        0      0            0.992
INFO  [16:51:49.140] [bbotk]                                 uhash
INFO  [16:51:49.140] [bbotk]  1b1d12d8-1a5a-4bcd-81c0-514f99e32a49
INFO  [16:51:49.152] [bbotk] Evaluating 1 configuration(s)
INFO  [16:51:49.760] [bbotk] Result of batch 5:
INFO  [16:51:49.761] [bbotk]  nrounds      eta max_depth classif.ce warnings errors runtime_learners
INFO  [16:51:49.761] [bbotk]      181 0.107951         4   0.114565        0      0            0.575
INFO  [16:51:49.761] [bbotk]                                 uhash
INFO  [16:51:49.761] [bbotk]  1e9c1ee0-dbf1-4407-aba5-c20e9e9593db
INFO  [16:51:49.765] [bbotk] Evaluating 1 configuration(s)
INFO  [16:51:50.589] [bbotk] Result of batch 6:
INFO  [16:51:50.590] [bbotk]  nrounds       eta max_depth classif.ce warnings errors runtime_learners
INFO  [16:51:50.590] [bbotk]      183 0.2517585         6  0.1198913        0      0            0.783
INFO  [16:51:50.590] [bbotk]                                 uhash
INFO  [16:51:50.590] [bbotk]  0fb3d444-5fa6-47e7-b151-f926b53d5a92
INFO  [16:51:50.595] [bbotk] Evaluating 1 configuration(s)
INFO  [16:51:51.609] [bbotk] Result of batch 7:
INFO  [16:51:51.611] [bbotk]  nrounds      eta max_depth classif.ce warnings errors runtime_learners
INFO  [16:51:51.611] [bbotk]      266 0.226972         5  0.1145674        0      0            0.978
INFO  [16:51:51.611] [bbotk]                                 uhash
INFO  [16:51:51.611] [bbotk]  8d478509-5ea1-4e6b-a2ff-03ba8ac6a001
INFO  [16:51:51.620] [bbotk] Evaluating 1 configuration(s)
INFO  [16:51:52.049] [bbotk] Result of batch 8:
INFO  [16:51:52.050] [bbotk]  nrounds      eta max_depth classif.ce warnings errors runtime_learners
INFO  [16:51:52.050] [bbotk]       56 0.206082         8  0.1154539        0      0            0.368
INFO  [16:51:52.050] [bbotk]                                 uhash
INFO  [16:51:52.050] [bbotk]  26565825-bc72-4bd5-b71c-af382d6dc3fc
INFO  [16:51:52.054] [bbotk] Evaluating 1 configuration(s)
INFO  [16:51:52.509] [bbotk] Result of batch 9:
INFO  [16:51:52.513] [bbotk]  nrounds        eta max_depth classif.ce warnings errors runtime_learners
INFO  [16:51:52.513] [bbotk]      206 0.09927223         2  0.1163452        0      0            0.417
INFO  [16:51:52.513] [bbotk]                                 uhash
INFO  [16:51:52.513] [bbotk]  ae389a3c-fb70-47da-88fd-0f7dc7d71dde
INFO  [16:51:52.517] [bbotk] Evaluating 1 configuration(s)
INFO  [16:51:53.133] [bbotk] Result of batch 10:
INFO  [16:51:53.135] [bbotk]  nrounds       eta max_depth classif.ce warnings errors runtime_learners
INFO  [16:51:53.135] [bbotk]      115 0.1407144         5  0.1154515        0      0             0.56
INFO  [16:51:53.135] [bbotk]                                 uhash
INFO  [16:51:53.135] [bbotk]  e78709b2-f0d3-4ed1-a6ad-31876d16eb15
INFO  [16:51:53.147] [bbotk] Finished optimizing after 10 evaluation(s)
INFO  [16:51:53.147] [bbotk] Result:
INFO  [16:51:53.148] [bbotk]  nrounds       eta max_depth learner_param_vals  x_domain classif.ce
INFO  [16:51:53.148] [bbotk]    <int>     <num>     <int>             <list>    <list>      <num>
INFO  [16:51:53.148] [bbotk]      152 0.1770196         8          <list[5]> <list[3]>  0.1110118
INFO  [16:51:53.646] [bbotk] Starting to optimize 3 parameter(s) with '<OptimizerBatchRandomSearch>' and '<TerminatorEvals> [n_evals=10, k=0]'
INFO  [16:51:53.659] [bbotk] Evaluating 1 configuration(s)
INFO  [16:51:54.469] [bbotk] Result of batch 1:
INFO  [16:51:54.470] [bbotk]  nrounds        eta max_depth classif.ce warnings errors runtime_learners
INFO  [16:51:54.470] [bbotk]      172 0.03975971         5  0.1127683        0      0            0.757
INFO  [16:51:54.470] [bbotk]                                 uhash
INFO  [16:51:54.470] [bbotk]  3e8dd41b-f93d-44e9-a8bf-dc50d73d4d75
INFO  [16:51:54.474] [bbotk] Evaluating 1 configuration(s)
INFO  [16:51:54.956] [bbotk] Result of batch 2:
INFO  [16:51:54.957] [bbotk]  nrounds       eta max_depth classif.ce warnings errors runtime_learners
INFO  [16:51:54.957] [bbotk]       76 0.2910139         9  0.1092151        0      0            0.428
INFO  [16:51:54.957] [bbotk]                                 uhash
INFO  [16:51:54.957] [bbotk]  4acf983e-2c0e-400c-9bb0-d91a5fd6d6ab
INFO  [16:51:54.961] [bbotk] Evaluating 1 configuration(s)
INFO  [16:51:55.336] [bbotk] Result of batch 3:
INFO  [16:51:55.338] [bbotk]  nrounds       eta max_depth classif.ce warnings errors runtime_learners
INFO  [16:51:55.338] [bbotk]      173 0.2072507         2  0.1234397        0      0            0.325
INFO  [16:51:55.338] [bbotk]                                 uhash
INFO  [16:51:55.338] [bbotk]  adf765dd-eaf5-48e4-a3bb-524520e67701
INFO  [16:51:55.346] [bbotk] Evaluating 1 configuration(s)
INFO  [16:51:56.756] [bbotk] Result of batch 4:
INFO  [16:51:56.757] [bbotk]  nrounds       eta max_depth classif.ce warnings errors runtime_learners
INFO  [16:51:56.757] [bbotk]      185 0.0354646        10  0.1065603        0      0            1.359
INFO  [16:51:56.757] [bbotk]                                 uhash
INFO  [16:51:56.757] [bbotk]  de52e417-b07e-49cb-bf78-ed887156e443
INFO  [16:51:56.761] [bbotk] Evaluating 1 configuration(s)
INFO  [16:51:57.188] [bbotk] Result of batch 5:
INFO  [16:51:57.191] [bbotk]  nrounds       eta max_depth classif.ce warnings errors runtime_learners
INFO  [16:51:57.191] [bbotk]      190 0.2322422         2  0.1198771        0      0            0.385
INFO  [16:51:57.191] [bbotk]                                 uhash
INFO  [16:51:57.191] [bbotk]  bb1abd3d-8dd5-4f9b-932d-1f93d9c28c5e
INFO  [16:51:57.196] [bbotk] Evaluating 1 configuration(s)
INFO  [16:51:57.584] [bbotk] Result of batch 6:
INFO  [16:51:57.586] [bbotk]  nrounds       eta max_depth classif.ce warnings errors runtime_learners
INFO  [16:51:57.586] [bbotk]      121 0.2369591         3  0.1189953        0      0            0.345
INFO  [16:51:57.586] [bbotk]                                 uhash
INFO  [16:51:57.586] [bbotk]  137bcba4-a548-4fb8-999a-bf0b8e2efe1b
INFO  [16:51:57.596] [bbotk] Evaluating 1 configuration(s)
INFO  [16:51:58.386] [bbotk] Result of batch 7:
INFO  [16:51:58.387] [bbotk]  nrounds        eta max_depth classif.ce warnings errors runtime_learners
INFO  [16:51:58.387] [bbotk]      147 0.08286394         6  0.1047778        0      0            0.749
INFO  [16:51:58.387] [bbotk]                                 uhash
INFO  [16:51:58.387] [bbotk]  e0c1fb70-62b3-41c5-af25-3dc8c1f2afff
INFO  [16:51:58.391] [bbotk] Evaluating 1 configuration(s)
INFO  [16:51:58.957] [bbotk] Result of batch 8:
INFO  [16:51:58.958] [bbotk]  nrounds      eta max_depth classif.ce warnings errors runtime_learners
INFO  [16:51:58.958] [bbotk]       99 0.220296         6  0.1065556        0      0            0.518
INFO  [16:51:58.958] [bbotk]                                 uhash
INFO  [16:51:58.958] [bbotk]  ed2513dc-1f23-4050-b2bf-4059f96e151b
INFO  [16:51:58.968] [bbotk] Evaluating 1 configuration(s)
INFO  [16:51:59.145] [bbotk] Result of batch 9:
INFO  [16:51:59.147] [bbotk]  nrounds       eta max_depth classif.ce warnings errors runtime_learners
INFO  [16:51:59.147] [bbotk]       68 0.2099069         2  0.1243239        0      0            0.123
INFO  [16:51:59.147] [bbotk]                                 uhash
INFO  [16:51:59.147] [bbotk]  1d5aabef-2e17-4d6a-8bce-b4b07ee9060b
INFO  [16:51:59.152] [bbotk] Evaluating 1 configuration(s)
INFO  [16:52:00.036] [bbotk] Result of batch 10:
INFO  [16:52:00.038] [bbotk]  nrounds       eta max_depth classif.ce warnings errors runtime_learners
INFO  [16:52:00.038] [bbotk]      131 0.1247687         9  0.1029953        0      0            0.838
INFO  [16:52:00.038] [bbotk]                                 uhash
INFO  [16:52:00.038] [bbotk]  66a16035-a381-4267-9eae-8985ad0fb589
INFO  [16:52:00.056] [bbotk] Finished optimizing after 10 evaluation(s)
INFO  [16:52:00.056] [bbotk] Result:
INFO  [16:52:00.057] [bbotk]  nrounds       eta max_depth learner_param_vals  x_domain classif.ce
INFO  [16:52:00.057] [bbotk]    <int>     <num>     <int>             <list>    <list>      <num>
INFO  [16:52:00.057] [bbotk]      131 0.1247687         9          <list[5]> <list[3]>  0.1029953

### [bt]: Job terminated successfully [batchtools job.id=1476]
### [bt]: Starting job [batchtools job.id=1477]
### [bt]: Generating problem instance for problem '78e20b4b43a56ff6' ...
### [bt]: Applying algorithm 'run_learner' on problem '78e20b4b43a56ff6' for job 1477 (seed = 1478) ...
INFO  [16:52:00.755] [mlr3] Applying learner 'classif.xgboost.tuned_calib.perfold_platt' on task 'pc3' (iter 7/10)
INFO  [16:52:00.811] [bbotk] Starting to optimize 3 parameter(s) with '<OptimizerBatchRandomSearch>' and '<TerminatorEvals> [n_evals=10, k=0]'
INFO  [16:52:00.828] [bbotk] Evaluating 1 configuration(s)
INFO  [16:52:01.280] [bbotk] Result of batch 1:
INFO  [16:52:01.281] [bbotk]  nrounds       eta max_depth classif.ce warnings errors runtime_learners
INFO  [16:52:01.281] [bbotk]       63 0.2807542         8  0.1075556        0      0            0.405
INFO  [16:52:01.281] [bbotk]                                 uhash
INFO  [16:52:01.281] [bbotk]  add7db03-bd1d-48f4-af15-973baf47ead3
INFO  [16:52:01.290] [bbotk] Evaluating 1 configuration(s)
INFO  [16:52:01.655] [bbotk] Result of batch 2:
INFO  [16:52:01.656] [bbotk]  nrounds       eta max_depth classif.ce warnings errors runtime_learners
INFO  [16:52:01.656] [bbotk]       86 0.2871859         4  0.1111111        0      0            0.321
INFO  [16:52:01.656] [bbotk]                                 uhash
INFO  [16:52:01.656] [bbotk]  c9d562cf-52d1-4fa7-8dad-87d3196a8afd
INFO  [16:52:01.660] [bbotk] Evaluating 1 configuration(s)
INFO  [16:52:02.302] [bbotk] Result of batch 3:
INFO  [16:52:02.303] [bbotk]  nrounds      eta max_depth classif.ce warnings errors runtime_learners
INFO  [16:52:02.303] [bbotk]      127 0.293798         6  0.1102222        0      0            0.597
INFO  [16:52:02.303] [bbotk]                                 uhash
INFO  [16:52:02.303] [bbotk]  211fb989-e002-4b30-89a2-74a8a4bbbe55
INFO  [16:52:02.308] [bbotk] Evaluating 1 configuration(s)
INFO  [16:52:02.822] [bbotk] Result of batch 4:
INFO  [16:52:02.823] [bbotk]  nrounds        eta max_depth classif.ce warnings errors runtime_learners
INFO  [16:52:02.823] [bbotk]       79 0.01491715         9  0.1128889        0      0             0.48
INFO  [16:52:02.823] [bbotk]                                 uhash
INFO  [16:52:02.823] [bbotk]  92d7c7f5-a9ff-4e74-85b0-d6979a97895d
INFO  [16:52:02.828] [bbotk] Evaluating 1 configuration(s)
INFO  [16:52:03.906] [bbotk] Result of batch 5:
INFO  [16:52:03.907] [bbotk]  nrounds       eta max_depth classif.ce warnings errors runtime_learners
INFO  [16:52:03.907] [bbotk]      216 0.1525906         7  0.1102222        0      0            1.037
INFO  [16:52:03.907] [bbotk]                                 uhash
INFO  [16:52:03.907] [bbotk]  e8a54eb9-c5f8-40f2-9ca1-c92423e99710
INFO  [16:52:03.910] [bbotk] Evaluating 1 configuration(s)
INFO  [16:52:05.246] [bbotk] Result of batch 6:
INFO  [16:52:05.248] [bbotk]  nrounds        eta max_depth classif.ce warnings errors runtime_learners
INFO  [16:52:05.248] [bbotk]      264 0.07170184         6  0.1066667        0      0            1.291
INFO  [16:52:05.248] [bbotk]                                 uhash
INFO  [16:52:05.248] [bbotk]  0172001c-459b-49f2-83cb-18aec48e368f
INFO  [16:52:05.252] [bbotk] Evaluating 1 configuration(s)
INFO  [16:52:06.091] [bbotk] Result of batch 7:
INFO  [16:52:06.092] [bbotk]  nrounds       eta max_depth classif.ce warnings errors runtime_learners
INFO  [16:52:06.092] [bbotk]      154 0.1411208         6  0.1093333        0      0            0.773
INFO  [16:52:06.092] [bbotk]                                 uhash
INFO  [16:52:06.092] [bbotk]  fa8a1e40-d271-4ca6-8db7-483c02b00c03
INFO  [16:52:06.098] [bbotk] Evaluating 1 configuration(s)
INFO  [16:52:06.380] [bbotk] Result of batch 8:
INFO  [16:52:06.382] [bbotk]  nrounds        eta max_depth classif.ce warnings errors runtime_learners
INFO  [16:52:06.382] [bbotk]       60 0.04396906         4  0.1031111        0      0            0.232
INFO  [16:52:06.382] [bbotk]                                 uhash
INFO  [16:52:06.382] [bbotk]  060253b3-6316-423f-92ae-6f02f8dac81d
INFO  [16:52:06.391] [bbotk] Evaluating 1 configuration(s)
INFO  [16:52:07.058] [bbotk] Result of batch 9:
INFO  [16:52:07.059] [bbotk]  nrounds        eta max_depth classif.ce warnings errors runtime_learners
INFO  [16:52:07.059] [bbotk]      130 0.06656285         5  0.1084444        0      0             0.62
INFO  [16:52:07.059] [bbotk]                                 uhash
INFO  [16:52:07.059] [bbotk]  ecc96561-1d8e-413d-890d-0492d0bfbf7f
INFO  [16:52:07.064] [bbotk] Evaluating 1 configuration(s)
INFO  [16:52:08.246] [bbotk] Result of batch 10:
INFO  [16:52:08.247] [bbotk]  nrounds       eta max_depth classif.ce warnings errors runtime_learners
INFO  [16:52:08.247] [bbotk]      293 0.2218146        10  0.1111111        0      0             1.13
INFO  [16:52:08.247] [bbotk]                                 uhash
INFO  [16:52:08.247] [bbotk]  6c668c80-ccd6-4850-8be6-b9d33258d1d3
INFO  [16:52:08.256] [bbotk] Finished optimizing after 10 evaluation(s)
INFO  [16:52:08.256] [bbotk] Result:
INFO  [16:52:08.256] [bbotk]  nrounds        eta max_depth learner_param_vals  x_domain classif.ce
INFO  [16:52:08.256] [bbotk]    <int>      <num>     <int>             <list>    <list>      <num>
INFO  [16:52:08.256] [bbotk]       60 0.04396906         4          <list[5]> <list[3]>  0.1031111
INFO  [16:52:08.389] [bbotk] Starting to optimize 3 parameter(s) with '<OptimizerBatchRandomSearch>' and '<TerminatorEvals> [n_evals=10, k=0]'
INFO  [16:52:08.404] [bbotk] Evaluating 1 configuration(s)
INFO  [16:52:09.139] [bbotk] Result of batch 1:
INFO  [16:52:09.139] [bbotk]  nrounds       eta max_depth classif.ce warnings errors runtime_learners
INFO  [16:52:09.139] [bbotk]      161 0.2804278         6  0.1191111        0      0            0.696
INFO  [16:52:09.139] [bbotk]                                 uhash
INFO  [16:52:09.139] [bbotk]  d2d565e3-2473-4e7f-87f9-1ae5a78867fa
INFO  [16:52:09.143] [bbotk] Evaluating 1 configuration(s)
INFO  [16:52:10.248] [bbotk] Result of batch 2:
INFO  [16:52:10.250] [bbotk]  nrounds       eta max_depth classif.ce warnings errors runtime_learners
INFO  [16:52:10.250] [bbotk]      268 0.2474104        10  0.1226667        0      0            1.066
INFO  [16:52:10.250] [bbotk]                                 uhash
INFO  [16:52:10.250] [bbotk]  59a16a0d-71c5-49a2-8f9a-afea5408a16a
INFO  [16:52:10.257] [bbotk] Evaluating 1 configuration(s)
INFO  [16:52:11.560] [bbotk] Result of batch 3:
INFO  [16:52:11.563] [bbotk]  nrounds        eta max_depth classif.ce warnings errors runtime_learners
INFO  [16:52:11.563] [bbotk]      215 0.08086479        10  0.1173333        0      0            1.267
INFO  [16:52:11.563] [bbotk]                                 uhash
INFO  [16:52:11.563] [bbotk]  94b4c21b-f641-4283-87b9-62bbb121b212
INFO  [16:52:11.571] [bbotk] Evaluating 1 configuration(s)
INFO  [16:52:11.872] [bbotk] Result of batch 4:
INFO  [16:52:11.873] [bbotk]  nrounds       eta max_depth classif.ce warnings errors runtime_learners
INFO  [16:52:11.873] [bbotk]       56 0.1927646         5  0.1173333        0      0            0.254
INFO  [16:52:11.873] [bbotk]                                 uhash
INFO  [16:52:11.873] [bbotk]  8b3f8141-5380-4b87-a65a-0efa8b68b01f
INFO  [16:52:11.879] [bbotk] Evaluating 1 configuration(s)
INFO  [16:52:12.444] [bbotk] Result of batch 5:
INFO  [16:52:12.446] [bbotk]  nrounds        eta max_depth classif.ce warnings errors runtime_learners
INFO  [16:52:12.446] [bbotk]      298 0.07687353         2  0.1164444        0      0            0.526
INFO  [16:52:12.446] [bbotk]                                 uhash
INFO  [16:52:12.446] [bbotk]  d6eb2162-7b12-4dc8-8495-dc130d0d4d01
INFO  [16:52:12.456] [bbotk] Evaluating 1 configuration(s)
INFO  [16:52:13.011] [bbotk] Result of batch 6:
INFO  [16:52:13.012] [bbotk]  nrounds       eta max_depth classif.ce warnings errors runtime_learners
INFO  [16:52:13.012] [bbotk]       92 0.2148756         8  0.1164444        0      0            0.516
INFO  [16:52:13.012] [bbotk]                                 uhash
INFO  [16:52:13.012] [bbotk]  aa91f555-4cf6-4daf-96f9-fd07762b13ed
INFO  [16:52:13.016] [bbotk] Evaluating 1 configuration(s)
INFO  [16:52:13.661] [bbotk] Result of batch 7:
INFO  [16:52:13.663] [bbotk]  nrounds       eta max_depth classif.ce warnings errors runtime_learners
INFO  [16:52:13.663] [bbotk]      271 0.2853094         3  0.1217778        0      0            0.611
INFO  [16:52:13.663] [bbotk]                                 uhash
INFO  [16:52:13.663] [bbotk]  1db30445-311b-4559-bf19-b3062856e16d
INFO  [16:52:13.671] [bbotk] Evaluating 1 configuration(s)
INFO  [16:52:14.688] [bbotk] Result of batch 8:
INFO  [16:52:14.689] [bbotk]  nrounds        eta max_depth classif.ce warnings errors runtime_learners
INFO  [16:52:14.689] [bbotk]      146 0.06998935        10  0.1155556        0      0            0.973
INFO  [16:52:14.689] [bbotk]                                 uhash
INFO  [16:52:14.689] [bbotk]  a0c84e31-0b85-4e97-95ef-0ea248083cde
INFO  [16:52:14.693] [bbotk] Evaluating 1 configuration(s)
INFO  [16:52:15.705] [bbotk] Result of batch 9:
INFO  [16:52:15.707] [bbotk]  nrounds        eta max_depth classif.ce warnings errors runtime_learners
INFO  [16:52:15.707] [bbotk]      184 0.02222307         6  0.1173333        0      0            0.966
INFO  [16:52:15.707] [bbotk]                                 uhash
INFO  [16:52:15.707] [bbotk]  5f2f663d-a9d2-4ba9-899d-a83b1011a04a
INFO  [16:52:15.716] [bbotk] Evaluating 1 configuration(s)
INFO  [16:52:15.973] [bbotk] Result of batch 10:
INFO  [16:52:15.974] [bbotk]  nrounds       eta max_depth classif.ce warnings errors runtime_learners
INFO  [16:52:15.974] [bbotk]      139 0.1988005         2  0.1182222        0      0            0.219
INFO  [16:52:15.974] [bbotk]                                 uhash
INFO  [16:52:15.974] [bbotk]  7eb47f92-47f5-4f57-82b5-c0293810ecd9
INFO  [16:52:15.989] [bbotk] Finished optimizing after 10 evaluation(s)
INFO  [16:52:15.989] [bbotk] Result:
INFO  [16:52:15.990] [bbotk]  nrounds        eta max_depth learner_param_vals  x_domain classif.ce
INFO  [16:52:15.990] [bbotk]    <int>      <num>     <int>             <list>    <list>      <num>
INFO  [16:52:15.990] [bbotk]      146 0.06998935        10          <list[5]> <list[3]>  0.1155556
INFO  [16:52:16.517] [bbotk] Starting to optimize 3 parameter(s) with '<OptimizerBatchRandomSearch>' and '<TerminatorEvals> [n_evals=10, k=0]'
INFO  [16:52:16.554] [bbotk] Evaluating 1 configuration(s)
INFO  [16:52:17.482] [bbotk] Result of batch 1:
INFO  [16:52:17.482] [bbotk]  nrounds      eta max_depth classif.ce warnings errors runtime_learners
INFO  [16:52:17.482] [bbotk]      156 0.035003         7   0.113695        0      0            0.891
INFO  [16:52:17.482] [bbotk]                                 uhash
INFO  [16:52:17.482] [bbotk]  4deae363-df41-4eea-af90-436328243d06
INFO  [16:52:17.486] [bbotk] Evaluating 1 configuration(s)
INFO  [16:52:17.823] [bbotk] Result of batch 2:
INFO  [16:52:17.824] [bbotk]  nrounds       eta max_depth classif.ce warnings errors runtime_learners
INFO  [16:52:17.824] [bbotk]       88 0.2894076         4  0.1199031        0      0            0.291
INFO  [16:52:17.824] [bbotk]                                 uhash
INFO  [16:52:17.824] [bbotk]  3bd67bd4-c616-4f8c-81d2-dcbfd42431c9
INFO  [16:52:17.832] [bbotk] Evaluating 1 configuration(s)
INFO  [16:52:18.144] [bbotk] Result of batch 3:
INFO  [16:52:18.145] [bbotk]  nrounds        eta max_depth classif.ce warnings errors runtime_learners
INFO  [16:52:18.145] [bbotk]       63 0.03085264         4  0.1199054        0      0            0.256
INFO  [16:52:18.145] [bbotk]                                 uhash
INFO  [16:52:18.145] [bbotk]  62733d6d-7183-4e45-b32f-f3287af00d8b
INFO  [16:52:18.152] [bbotk] Evaluating 1 configuration(s)
INFO  [16:52:18.781] [bbotk] Result of batch 4:
INFO  [16:52:18.782] [bbotk]  nrounds      eta max_depth classif.ce warnings errors runtime_learners
INFO  [16:52:18.782] [bbotk]       91 0.166442        10  0.1234634        0      0            0.574
INFO  [16:52:18.782] [bbotk]                                 uhash
INFO  [16:52:18.782] [bbotk]  0d712cc6-efac-4903-bd52-90f9f315b3f4
INFO  [16:52:18.786] [bbotk] Evaluating 1 configuration(s)
INFO  [16:52:19.539] [bbotk] Result of batch 5:
INFO  [16:52:19.540] [bbotk]  nrounds       eta max_depth classif.ce warnings errors runtime_learners
INFO  [16:52:19.540] [bbotk]      281 0.1341596         3  0.1207991        0      0            0.712
INFO  [16:52:19.540] [bbotk]                                 uhash
INFO  [16:52:19.540] [bbotk]  3f5c32ea-4116-4b24-93fb-5381bfaa403f
INFO  [16:52:19.543] [bbotk] Evaluating 1 configuration(s)
INFO  [16:52:20.515] [bbotk] Result of batch 6:
INFO  [16:52:20.517] [bbotk]  nrounds        eta max_depth classif.ce warnings errors runtime_learners
INFO  [16:52:20.517] [bbotk]      151 0.09302173         9  0.1172435        0      0             0.93
INFO  [16:52:20.517] [bbotk]                                 uhash
INFO  [16:52:20.517] [bbotk]  7a1409c2-94ce-4522-a75b-b15b6997d597
INFO  [16:52:20.522] [bbotk] Evaluating 1 configuration(s)
INFO  [16:52:22.455] [bbotk] Result of batch 7:
INFO  [16:52:22.458] [bbotk]  nrounds        eta max_depth classif.ce warnings errors runtime_learners
INFO  [16:52:22.458] [bbotk]      292 0.02330898         9  0.1181371        0      0            1.891
INFO  [16:52:22.458] [bbotk]                                 uhash
INFO  [16:52:22.458] [bbotk]  79564620-9474-43aa-9eb6-50ae6b756e90
INFO  [16:52:22.463] [bbotk] Evaluating 1 configuration(s)
INFO  [16:52:22.996] [bbotk] Result of batch 8:
INFO  [16:52:22.997] [bbotk]  nrounds        eta max_depth classif.ce warnings errors runtime_learners
INFO  [16:52:22.997] [bbotk]      292 0.02577633         2   0.111922        0      0              0.5
INFO  [16:52:22.997] [bbotk]                                 uhash
INFO  [16:52:22.997] [bbotk]  6cf571d9-4ae7-414e-906f-e52baa2a0b53
INFO  [16:52:23.001] [bbotk] Evaluating 1 configuration(s)
INFO  [16:52:24.374] [bbotk] Result of batch 9:
INFO  [16:52:24.375] [bbotk]  nrounds       eta max_depth classif.ce warnings errors runtime_learners
INFO  [16:52:24.375] [bbotk]      245 0.1136783         8    0.11813        0      0            1.322
INFO  [16:52:24.375] [bbotk]                                 uhash
INFO  [16:52:24.375] [bbotk]  eb033264-e842-4376-a454-e61978d07ea1
INFO  [16:52:24.379] [bbotk] Evaluating 1 configuration(s)
INFO  [16:52:24.976] [bbotk] Result of batch 10:
INFO  [16:52:24.977] [bbotk]  nrounds       eta max_depth classif.ce warnings errors runtime_learners
INFO  [16:52:24.977] [bbotk]      124 0.2349099         6  0.1163617        0      0            0.564
INFO  [16:52:24.977] [bbotk]                                 uhash
INFO  [16:52:24.977] [bbotk]  57c343a9-067a-4cdc-866c-dae2f3ef2616
INFO  [16:52:24.985] [bbotk] Finished optimizing after 10 evaluation(s)
INFO  [16:52:24.985] [bbotk] Result:
INFO  [16:52:24.986] [bbotk]  nrounds        eta max_depth learner_param_vals  x_domain classif.ce
INFO  [16:52:24.986] [bbotk]    <int>      <num>     <int>             <list>    <list>      <num>
INFO  [16:52:24.986] [bbotk]      292 0.02577633         2          <list[5]> <list[3]>   0.111922
INFO  [16:52:25.279] [bbotk] Starting to optimize 3 parameter(s) with '<OptimizerBatchRandomSearch>' and '<TerminatorEvals> [n_evals=10, k=0]'
INFO  [16:52:25.293] [bbotk] Evaluating 1 configuration(s)
INFO  [16:52:26.754] [bbotk] Result of batch 1:
INFO  [16:52:26.756] [bbotk]  nrounds        eta max_depth classif.ce warnings errors runtime_learners
INFO  [16:52:26.756] [bbotk]      229 0.05959718         9  0.1198794        0      0            1.417
INFO  [16:52:26.756] [bbotk]                                 uhash
INFO  [16:52:26.756] [bbotk]  0ca5732d-7a84-4557-be7c-60ed776af72e
INFO  [16:52:26.769] [bbotk] Evaluating 1 configuration(s)
INFO  [16:52:27.116] [bbotk] Result of batch 2:
INFO  [16:52:27.117] [bbotk]  nrounds       eta max_depth classif.ce warnings errors runtime_learners
INFO  [16:52:27.117] [bbotk]       51 0.1060631         8  0.1172175        0      0            0.315
INFO  [16:52:27.117] [bbotk]                                 uhash
INFO  [16:52:27.117] [bbotk]  9f07c15a-aed3-4462-800e-5428c3414606
INFO  [16:52:27.121] [bbotk] Evaluating 1 configuration(s)
INFO  [16:52:27.584] [bbotk] Result of batch 3:
INFO  [16:52:27.586] [bbotk]  nrounds       eta max_depth classif.ce warnings errors runtime_learners
INFO  [16:52:27.586] [bbotk]      219 0.2031135         2  0.1234397        0      0            0.415
INFO  [16:52:27.586] [bbotk]                                 uhash
INFO  [16:52:27.586] [bbotk]  40db873c-4843-4b2d-9197-0d34a1f3a650
INFO  [16:52:27.593] [bbotk] Evaluating 1 configuration(s)
INFO  [16:52:28.121] [bbotk] Result of batch 4:
INFO  [16:52:28.122] [bbotk]  nrounds       eta max_depth classif.ce warnings errors runtime_learners
INFO  [16:52:28.122] [bbotk]       80 0.1555607         8  0.1207683        0      0            0.485
INFO  [16:52:28.122] [bbotk]                                 uhash
INFO  [16:52:28.122] [bbotk]  32d3343f-0818-4f7a-a423-927b9d4b6cd3
INFO  [16:52:28.126] [bbotk] Evaluating 1 configuration(s)
INFO  [16:52:29.789] [bbotk] Result of batch 5:
INFO  [16:52:29.790] [bbotk]  nrounds        eta max_depth classif.ce warnings errors runtime_learners
INFO  [16:52:29.790] [bbotk]      219 0.03795148        10  0.1154421        0      0             1.59
INFO  [16:52:29.790] [bbotk]                                 uhash
INFO  [16:52:29.790] [bbotk]  a7b85f08-53f4-42fc-9ed1-32df006161e9
INFO  [16:52:29.794] [bbotk] Evaluating 1 configuration(s)
INFO  [16:52:30.069] [bbotk] Result of batch 6:
INFO  [16:52:30.071] [bbotk]  nrounds        eta max_depth classif.ce warnings errors runtime_learners
INFO  [16:52:30.071] [bbotk]      115 0.05185162         2  0.1038913        0      0             0.21
INFO  [16:52:30.071] [bbotk]                                 uhash
INFO  [16:52:30.071] [bbotk]  18f0c64b-e391-450b-8c32-3a276a3a7444
INFO  [16:52:30.075] [bbotk] Evaluating 1 configuration(s)
INFO  [16:52:31.850] [bbotk] Result of batch 7:
INFO  [16:52:31.852] [bbotk]  nrounds        eta max_depth classif.ce warnings errors runtime_learners
INFO  [16:52:31.852] [bbotk]      292 0.01355977         7  0.1181017        0      0            1.742
INFO  [16:52:31.852] [bbotk]                                 uhash
INFO  [16:52:31.852] [bbotk]  53f386ca-397a-48e1-9bcf-421b6889d9e4
INFO  [16:52:31.861] [bbotk] Evaluating 1 configuration(s)
INFO  [16:52:32.701] [bbotk] Result of batch 8:
INFO  [16:52:32.702] [bbotk]  nrounds       eta max_depth classif.ce warnings errors runtime_learners
INFO  [16:52:32.702] [bbotk]      164 0.1849436         7      0.119        0      0            0.804
INFO  [16:52:32.702] [bbotk]                                 uhash
INFO  [16:52:32.702] [bbotk]  44bb159c-ca16-417e-9cf5-d8dffc034ca3
INFO  [16:52:32.708] [bbotk] Evaluating 1 configuration(s)
INFO  [16:52:32.968] [bbotk] Result of batch 9:
INFO  [16:52:32.969] [bbotk]  nrounds       eta max_depth classif.ce warnings errors runtime_learners
INFO  [16:52:32.969] [bbotk]       61 0.1360683         4  0.1189858        0      0            0.222
INFO  [16:52:32.969] [bbotk]                                 uhash
INFO  [16:52:32.969] [bbotk]  bc974fd7-f2bd-4639-8a5d-dc761a08e0cc
INFO  [16:52:32.973] [bbotk] Evaluating 1 configuration(s)
INFO  [16:52:34.183] [bbotk] Result of batch 10:
INFO  [16:52:34.186] [bbotk]  nrounds       eta max_depth classif.ce warnings errors runtime_learners
INFO  [16:52:34.186] [bbotk]      289 0.2046839         9  0.1252104        0      0            1.161
INFO  [16:52:34.186] [bbotk]                                 uhash
INFO  [16:52:34.186] [bbotk]  007b1335-dac7-45ac-a696-4658d1cd533d
INFO  [16:52:34.200] [bbotk] Finished optimizing after 10 evaluation(s)
INFO  [16:52:34.200] [bbotk] Result:
INFO  [16:52:34.201] [bbotk]  nrounds        eta max_depth learner_param_vals  x_domain classif.ce
INFO  [16:52:34.201] [bbotk]    <int>      <num>     <int>             <list>    <list>      <num>
INFO  [16:52:34.201] [bbotk]      115 0.05185162         2          <list[5]> <list[3]>  0.1038913
INFO  [16:52:34.337] [bbotk] Starting to optimize 3 parameter(s) with '<OptimizerBatchRandomSearch>' and '<TerminatorEvals> [n_evals=10, k=0]'
INFO  [16:52:34.349] [bbotk] Evaluating 1 configuration(s)
INFO  [16:52:34.706] [bbotk] Result of batch 1:
INFO  [16:52:34.707] [bbotk]  nrounds       eta max_depth classif.ce warnings errors runtime_learners
INFO  [16:52:34.707] [bbotk]       65 0.2020331         6  0.1039267        0      0            0.317
INFO  [16:52:34.707] [bbotk]                                 uhash
INFO  [16:52:34.707] [bbotk]  544d9a12-df8a-428c-8bfd-6cee4fea8928
INFO  [16:52:34.711] [bbotk] Evaluating 1 configuration(s)
INFO  [16:52:35.028] [bbotk] Result of batch 2:
INFO  [16:52:35.029] [bbotk]  nrounds       eta max_depth classif.ce warnings errors runtime_learners
INFO  [16:52:35.029] [bbotk]       88 0.1002615         4   0.103922        0      0            0.287
INFO  [16:52:35.029] [bbotk]                                 uhash
INFO  [16:52:35.029] [bbotk]  84af6c74-d916-413c-8458-48d1387487b7
INFO  [16:52:35.038] [bbotk] Evaluating 1 configuration(s)
INFO  [16:52:36.440] [bbotk] Result of batch 3:
INFO  [16:52:36.441] [bbotk]  nrounds       eta max_depth classif.ce warnings errors runtime_learners
INFO  [16:52:36.441] [bbotk]      264 0.1088092         9  0.1101348        0      0            1.361
INFO  [16:52:36.441] [bbotk]                                 uhash
INFO  [16:52:36.441] [bbotk]  7fd6c20d-3699-4c6a-9057-02bef343d5a8
INFO  [16:52:36.445] [bbotk] Evaluating 1 configuration(s)
INFO  [16:52:37.737] [bbotk] Result of batch 4:
INFO  [16:52:37.738] [bbotk]  nrounds      eta max_depth classif.ce warnings errors runtime_learners
INFO  [16:52:37.738] [bbotk]      287 0.242539        10  0.1065863        0      0             1.23
INFO  [16:52:37.738] [bbotk]                                 uhash
INFO  [16:52:37.738] [bbotk]  67ec3d2b-01a9-452e-a139-9648a06d34a1
INFO  [16:52:37.742] [bbotk] Evaluating 1 configuration(s)
INFO  [16:52:37.911] [bbotk] Result of batch 5:
INFO  [16:52:37.913] [bbotk]  nrounds       eta max_depth classif.ce warnings errors runtime_learners
INFO  [16:52:37.913] [bbotk]       65 0.2925746         2   0.109253        0      0             0.13
INFO  [16:52:37.913] [bbotk]                                 uhash
INFO  [16:52:37.913] [bbotk]  758ca4cb-51d0-4878-92a2-633c69aca200
INFO  [16:52:37.920] [bbotk] Evaluating 1 configuration(s)
INFO  [16:52:38.470] [bbotk] Result of batch 6:
INFO  [16:52:38.471] [bbotk]  nrounds        eta max_depth classif.ce warnings errors runtime_learners
INFO  [16:52:38.471] [bbotk]       91 0.04247094         7  0.1021466        0      0            0.503
INFO  [16:52:38.471] [bbotk]                                 uhash
INFO  [16:52:38.471] [bbotk]  4f2c0bb5-2cda-401d-b839-aadb55536097
INFO  [16:52:38.474] [bbotk] Evaluating 1 configuration(s)
INFO  [16:52:38.787] [bbotk] Result of batch 7:
INFO  [16:52:38.789] [bbotk]  nrounds       eta max_depth classif.ce warnings errors runtime_learners
INFO  [16:52:38.789] [bbotk]      139 0.1753092         2  0.1101418        0      0            0.258
INFO  [16:52:38.789] [bbotk]                                 uhash
INFO  [16:52:38.789] [bbotk]  89bdb244-8eca-4536-8e69-cd6fbc345ce8
INFO  [16:52:38.794] [bbotk] Evaluating 1 configuration(s)
INFO  [16:52:40.297] [bbotk] Result of batch 8:
INFO  [16:52:40.298] [bbotk]  nrounds       eta max_depth classif.ce warnings errors runtime_learners
INFO  [16:52:40.298] [bbotk]      280 0.1689291         9  0.1092482        0      0            1.457
INFO  [16:52:40.298] [bbotk]                                 uhash
INFO  [16:52:40.298] [bbotk]  1d036ced-aacc-4b88-bd63-48002190829e
INFO  [16:52:40.302] [bbotk] Evaluating 1 configuration(s)
INFO  [16:52:41.039] [bbotk] Result of batch 9:
INFO  [16:52:41.040] [bbotk]  nrounds       eta max_depth classif.ce warnings errors runtime_learners
INFO  [16:52:41.040] [bbotk]      267 0.2633742         3  0.1145839        0      0            0.701
INFO  [16:52:41.040] [bbotk]                                 uhash
INFO  [16:52:41.040] [bbotk]  f67b4882-08f7-46a5-9c4c-cc044d87d6e5
INFO  [16:52:41.056] [bbotk] Evaluating 1 configuration(s)
INFO  [16:52:41.841] [bbotk] Result of batch 10:
INFO  [16:52:41.841] [bbotk]  nrounds       eta max_depth classif.ce warnings errors runtime_learners
INFO  [16:52:41.841] [bbotk]      293 0.1283939         3  0.1128085        0      0            0.758
INFO  [16:52:41.841] [bbotk]                                 uhash
INFO  [16:52:41.841] [bbotk]  db0375f3-ac8f-490f-b3af-7f6073ec052b
INFO  [16:52:41.850] [bbotk] Finished optimizing after 10 evaluation(s)
INFO  [16:52:41.850] [bbotk] Result:
INFO  [16:52:41.850] [bbotk]  nrounds        eta max_depth learner_param_vals  x_domain classif.ce
INFO  [16:52:41.850] [bbotk]    <int>      <num>     <int>             <list>    <list>      <num>
INFO  [16:52:41.850] [bbotk]       91 0.04247094         7          <list[5]> <list[3]>  0.1021466

### [bt]: Job terminated successfully [batchtools job.id=1477]
### [bt]: Starting job [batchtools job.id=1478]
### [bt]: Generating problem instance for problem '78e20b4b43a56ff6' ...
### [bt]: Applying algorithm 'run_learner' on problem '78e20b4b43a56ff6' for job 1478 (seed = 1479) ...
INFO  [16:52:42.317] [mlr3] Applying learner 'classif.xgboost.tuned_calib.perfold_platt' on task 'pc3' (iter 8/10)
INFO  [16:52:42.362] [bbotk] Starting to optimize 3 parameter(s) with '<OptimizerBatchRandomSearch>' and '<TerminatorEvals> [n_evals=10, k=0]'
INFO  [16:52:42.390] [bbotk] Evaluating 1 configuration(s)
INFO  [16:52:43.406] [bbotk] Result of batch 1:
INFO  [16:52:43.407] [bbotk]  nrounds        eta max_depth classif.ce warnings errors runtime_learners
INFO  [16:52:43.407] [bbotk]      205 0.09922594         5  0.1226667        0      0            0.966
INFO  [16:52:43.407] [bbotk]                                 uhash
INFO  [16:52:43.407] [bbotk]  e105b510-6b43-4a65-a804-403d0e3196a3
INFO  [16:52:43.416] [bbotk] Evaluating 1 configuration(s)
INFO  [16:52:43.609] [bbotk] Result of batch 2:
INFO  [16:52:43.610] [bbotk]  nrounds       eta max_depth classif.ce warnings errors runtime_learners
INFO  [16:52:43.610] [bbotk]       91 0.1404304         2  0.1191111        0      0            0.153
INFO  [16:52:43.610] [bbotk]                                 uhash
INFO  [16:52:43.610] [bbotk]  ac608c10-39aa-4075-b926-4aab363e1532
INFO  [16:52:43.614] [bbotk] Evaluating 1 configuration(s)
INFO  [16:52:44.115] [bbotk] Result of batch 3:
INFO  [16:52:44.116] [bbotk]  nrounds       eta max_depth classif.ce warnings errors runtime_learners
INFO  [16:52:44.116] [bbotk]       68 0.1861993         8  0.1128889        0      0            0.456
INFO  [16:52:44.116] [bbotk]                                 uhash
INFO  [16:52:44.116] [bbotk]  6b3166a2-5e10-4619-9e1c-c48a57e97b07
INFO  [16:52:44.121] [bbotk] Evaluating 1 configuration(s)
INFO  [16:52:44.945] [bbotk] Result of batch 4:
INFO  [16:52:44.946] [bbotk]  nrounds       eta max_depth classif.ce warnings errors runtime_learners
INFO  [16:52:44.946] [bbotk]      291 0.1798992         3  0.1208889        0      0            0.784
INFO  [16:52:44.946] [bbotk]                                 uhash
INFO  [16:52:44.946] [bbotk]  1ba84746-a164-47de-918d-14f88ec3ad85
INFO  [16:52:44.951] [bbotk] Evaluating 1 configuration(s)
INFO  [16:52:45.614] [bbotk] Result of batch 5:
INFO  [16:52:45.615] [bbotk]  nrounds        eta max_depth classif.ce warnings errors runtime_learners
INFO  [16:52:45.615] [bbotk]      105 0.09700649        10  0.1128889        0      0            0.627
INFO  [16:52:45.615] [bbotk]                                 uhash
INFO  [16:52:45.615] [bbotk]  49344528-0d96-4f81-b512-537783d3402f
INFO  [16:52:45.619] [bbotk] Evaluating 1 configuration(s)
INFO  [16:52:47.007] [bbotk] Result of batch 6:
INFO  [16:52:47.008] [bbotk]  nrounds       eta max_depth classif.ce warnings errors runtime_learners
INFO  [16:52:47.008] [bbotk]      284 0.1159956         7  0.1244444        0      0            1.351
INFO  [16:52:47.008] [bbotk]                                 uhash
INFO  [16:52:47.008] [bbotk]  1e62af78-a920-46bb-bec1-029326273e20
INFO  [16:52:47.013] [bbotk] Evaluating 1 configuration(s)
INFO  [16:52:47.809] [bbotk] Result of batch 7:
INFO  [16:52:47.810] [bbotk]  nrounds       eta max_depth classif.ce warnings errors runtime_learners
INFO  [16:52:47.810] [bbotk]      217 0.1683042         4  0.1191111        0      0            0.751
INFO  [16:52:47.810] [bbotk]                                 uhash
INFO  [16:52:47.810] [bbotk]  7c3f3810-473a-434d-b5f5-4e798061ef95
INFO  [16:52:47.817] [bbotk] Evaluating 1 configuration(s)
INFO  [16:52:48.570] [bbotk] Result of batch 8:
INFO  [16:52:48.572] [bbotk]  nrounds       eta max_depth classif.ce warnings errors runtime_learners
INFO  [16:52:48.572] [bbotk]      118 0.1958079        10  0.1137778        0      0            0.706
INFO  [16:52:48.572] [bbotk]                                 uhash
INFO  [16:52:48.572] [bbotk]  8f789d34-7349-4392-830f-5312fe3b9d91
INFO  [16:52:48.581] [bbotk] Evaluating 1 configuration(s)
INFO  [16:52:49.550] [bbotk] Result of batch 9:
INFO  [16:52:49.551] [bbotk]  nrounds       eta max_depth classif.ce warnings errors runtime_learners
INFO  [16:52:49.551] [bbotk]      213 0.1812951         6  0.1244444        0      0            0.927
INFO  [16:52:49.551] [bbotk]                                 uhash
INFO  [16:52:49.551] [bbotk]  fe2de488-77dd-4595-93b3-704f1e8182c9
INFO  [16:52:49.558] [bbotk] Evaluating 1 configuration(s)
INFO  [16:52:50.097] [bbotk] Result of batch 10:
INFO  [16:52:50.098] [bbotk]  nrounds        eta max_depth classif.ce warnings errors runtime_learners
INFO  [16:52:50.098] [bbotk]       72 0.09516149         9  0.1146667        0      0            0.501
INFO  [16:52:50.098] [bbotk]                                 uhash
INFO  [16:52:50.098] [bbotk]  276fad2c-7a2b-420f-ae55-cf1e9cb53d04
INFO  [16:52:50.110] [bbotk] Finished optimizing after 10 evaluation(s)
INFO  [16:52:50.111] [bbotk] Result:
INFO  [16:52:50.112] [bbotk]  nrounds       eta max_depth learner_param_vals  x_domain classif.ce
INFO  [16:52:50.112] [bbotk]    <int>     <num>     <int>             <list>    <list>      <num>
INFO  [16:52:50.112] [bbotk]       68 0.1861993         8          <list[5]> <list[3]>  0.1128889
INFO  [16:52:50.404] [bbotk] Starting to optimize 3 parameter(s) with '<OptimizerBatchRandomSearch>' and '<TerminatorEvals> [n_evals=10, k=0]'
INFO  [16:52:50.423] [bbotk] Evaluating 1 configuration(s)
INFO  [16:52:50.765] [bbotk] Result of batch 1:
INFO  [16:52:50.766] [bbotk]  nrounds        eta max_depth classif.ce warnings errors runtime_learners
INFO  [16:52:50.766] [bbotk]       87 0.03797111         4 0.09244444        0      0            0.304
INFO  [16:52:50.766] [bbotk]                                 uhash
INFO  [16:52:50.766] [bbotk]  1948f8bf-07a0-410a-8cd8-3cc8401a2f53
INFO  [16:52:50.770] [bbotk] Evaluating 1 configuration(s)
INFO  [16:52:51.065] [bbotk] Result of batch 2:
INFO  [16:52:51.067] [bbotk]  nrounds       eta max_depth classif.ce warnings errors runtime_learners
INFO  [16:52:51.067] [bbotk]      142 0.1384773         2      0.096        0      0            0.251
INFO  [16:52:51.067] [bbotk]                                 uhash
INFO  [16:52:51.067] [bbotk]  5c91640f-10fa-46b3-863b-424fe74402e9
INFO  [16:52:51.076] [bbotk] Evaluating 1 configuration(s)
INFO  [16:52:52.048] [bbotk] Result of batch 3:
INFO  [16:52:52.049] [bbotk]  nrounds       eta max_depth classif.ce warnings errors runtime_learners
INFO  [16:52:52.049] [bbotk]      163 0.1421059         9      0.088        0      0             0.93
INFO  [16:52:52.049] [bbotk]                                 uhash
INFO  [16:52:52.049] [bbotk]  559798f1-d7d6-4943-b71b-da1fbd6ef1ce
INFO  [16:52:52.053] [bbotk] Evaluating 1 configuration(s)
INFO  [16:52:52.538] [bbotk] Result of batch 4:
INFO  [16:52:52.539] [bbotk]  nrounds       eta max_depth classif.ce warnings errors runtime_learners
INFO  [16:52:52.539] [bbotk]      131 0.1579939         4 0.09333333        0      0            0.439
INFO  [16:52:52.539] [bbotk]                                 uhash
INFO  [16:52:52.539] [bbotk]  1877d750-6741-4497-870e-2a5651bf5159
INFO  [16:52:52.543] [bbotk] Evaluating 1 configuration(s)
INFO  [16:52:53.691] [bbotk] Result of batch 5:
INFO  [16:52:53.694] [bbotk]  nrounds        eta max_depth classif.ce warnings errors runtime_learners
INFO  [16:52:53.694] [bbotk]      188 0.09822524         7 0.08977778        0      0            1.032
INFO  [16:52:53.694] [bbotk]                                 uhash
INFO  [16:52:53.694] [bbotk]  9b6a0c0c-2e37-4579-921e-2765b1da1c66
INFO  [16:52:53.705] [bbotk] Evaluating 1 configuration(s)
INFO  [16:52:54.410] [bbotk] Result of batch 6:
INFO  [16:52:54.411] [bbotk]  nrounds        eta max_depth classif.ce warnings errors runtime_learners
INFO  [16:52:54.411] [bbotk]      191 0.06345138         4 0.09422222        0      0            0.657
INFO  [16:52:54.411] [bbotk]                                 uhash
INFO  [16:52:54.411] [bbotk]  ef770478-9773-4465-aaac-17b22dce7958
INFO  [16:52:54.415] [bbotk] Evaluating 1 configuration(s)
INFO  [16:52:54.781] [bbotk] Result of batch 7:
INFO  [16:52:54.783] [bbotk]  nrounds       eta max_depth classif.ce warnings errors runtime_learners
INFO  [16:52:54.783] [bbotk]       77 0.1584463         4 0.09066667        0      0            0.307
INFO  [16:52:54.783] [bbotk]                                 uhash
INFO  [16:52:54.783] [bbotk]  c5c0c71b-a1ea-4df3-85ef-54fb3ce859f3
INFO  [16:52:54.794] [bbotk] Evaluating 1 configuration(s)
INFO  [16:52:55.642] [bbotk] Result of batch 8:
INFO  [16:52:55.643] [bbotk]  nrounds        eta max_depth classif.ce warnings errors runtime_learners
INFO  [16:52:55.643] [bbotk]      252 0.02425858         4 0.09333333        0      0            0.803
INFO  [16:52:55.643] [bbotk]                                 uhash
INFO  [16:52:55.643] [bbotk]  21c703a0-4796-4571-85f3-74f6ed3f3388
INFO  [16:52:55.647] [bbotk] Evaluating 1 configuration(s)
INFO  [16:52:56.094] [bbotk] Result of batch 9:
INFO  [16:52:56.095] [bbotk]  nrounds       eta max_depth classif.ce warnings errors runtime_learners
INFO  [16:52:56.095] [bbotk]      123 0.2399411         4 0.09066667        0      0            0.407
INFO  [16:52:56.095] [bbotk]                                 uhash
INFO  [16:52:56.095] [bbotk]  598db874-61c7-45df-9b4b-a288a0e60ce0
INFO  [16:52:56.099] [bbotk] Evaluating 1 configuration(s)
INFO  [16:52:57.106] [bbotk] Result of batch 10:
INFO  [16:52:57.107] [bbotk]  nrounds       eta max_depth classif.ce warnings errors runtime_learners
INFO  [16:52:57.107] [bbotk]      176 0.1483209         7 0.09066667        0      0            0.966
INFO  [16:52:57.107] [bbotk]                                 uhash
INFO  [16:52:57.107] [bbotk]  5175ee6c-27ae-4092-b380-7a288f53852b
INFO  [16:52:57.124] [bbotk] Finished optimizing after 10 evaluation(s)
INFO  [16:52:57.125] [bbotk] Result:
INFO  [16:52:57.127] [bbotk]  nrounds       eta max_depth learner_param_vals  x_domain classif.ce
INFO  [16:52:57.127] [bbotk]    <int>     <num>     <int>             <list>    <list>      <num>
INFO  [16:52:57.127] [bbotk]      163 0.1421059         9          <list[5]> <list[3]>      0.088
INFO  [16:52:57.666] [bbotk] Starting to optimize 3 parameter(s) with '<OptimizerBatchRandomSearch>' and '<TerminatorEvals> [n_evals=10, k=0]'
INFO  [16:52:57.678] [bbotk] Evaluating 1 configuration(s)
INFO  [16:52:58.117] [bbotk] Result of batch 1:
INFO  [16:52:58.118] [bbotk]  nrounds       eta max_depth classif.ce warnings errors runtime_learners
INFO  [16:52:58.118] [bbotk]      155 0.2785598         3  0.1252293        0      0            0.407
INFO  [16:52:58.118] [bbotk]                                 uhash
INFO  [16:52:58.118] [bbotk]  18a30f08-a44c-41fc-b04a-111629d26897
INFO  [16:52:58.123] [bbotk] Evaluating 1 configuration(s)
INFO  [16:52:58.752] [bbotk] Result of batch 2:
INFO  [16:52:58.753] [bbotk]  nrounds       eta max_depth classif.ce warnings errors runtime_learners
INFO  [16:52:58.753] [bbotk]      213 0.1929943         3  0.1190213        0      0            0.578
INFO  [16:52:58.753] [bbotk]                                 uhash
INFO  [16:52:58.753] [bbotk]  37dafadb-012b-43a7-be1b-c75cac80327a
INFO  [16:52:58.758] [bbotk] Evaluating 1 configuration(s)
INFO  [16:52:59.236] [bbotk] Result of batch 3:
INFO  [16:52:59.237] [bbotk]  nrounds       eta max_depth classif.ce warnings errors runtime_learners
INFO  [16:52:59.237] [bbotk]      104 0.2114968         5   0.115461        0      0             0.44
INFO  [16:52:59.237] [bbotk]                                 uhash
INFO  [16:52:59.237] [bbotk]  330363da-d37c-4121-b7ac-905637a68cce
INFO  [16:52:59.241] [bbotk] Evaluating 1 configuration(s)
INFO  [16:52:59.598] [bbotk] Result of batch 4:
INFO  [16:52:59.600] [bbotk]  nrounds        eta max_depth classif.ce warnings errors runtime_learners
INFO  [16:52:59.600] [bbotk]       73 0.05697858         5  0.1154586        0      0             0.31
INFO  [16:52:59.600] [bbotk]                                 uhash
INFO  [16:52:59.600] [bbotk]  3504650e-3833-4ce7-8202-6cedd58c060f
INFO  [16:52:59.604] [bbotk] Evaluating 1 configuration(s)
INFO  [16:53:00.568] [bbotk] Result of batch 5:
INFO  [16:53:00.569] [bbotk]  nrounds       eta max_depth classif.ce warnings errors runtime_learners
INFO  [16:53:00.569] [bbotk]      206 0.2322865         7  0.1296832        0      0            0.917
INFO  [16:53:00.569] [bbotk]                                 uhash
INFO  [16:53:00.569] [bbotk]  6576d82b-17aa-478a-8052-61b358feddc0
INFO  [16:53:00.574] [bbotk] Evaluating 1 configuration(s)
INFO  [16:53:01.753] [bbotk] Result of batch 6:
INFO  [16:53:01.754] [bbotk]  nrounds        eta max_depth classif.ce warnings errors runtime_learners
INFO  [16:53:01.754] [bbotk]      218 0.05549498         7  0.1154657        0      0            1.137
INFO  [16:53:01.754] [bbotk]                                 uhash
INFO  [16:53:01.754] [bbotk]  57b25868-552a-44fb-82a5-cfb8a1688340
INFO  [16:53:01.758] [bbotk] Evaluating 1 configuration(s)
INFO  [16:53:02.243] [bbotk] Result of batch 7:
INFO  [16:53:02.246] [bbotk]  nrounds       eta max_depth classif.ce warnings errors runtime_learners
INFO  [16:53:02.246] [bbotk]       86 0.0337362         6  0.1163499        0      0            0.433
INFO  [16:53:02.246] [bbotk]                                 uhash
INFO  [16:53:02.246] [bbotk]  b17dc21c-d195-49fe-8d02-b68df278550b
INFO  [16:53:02.254] [bbotk] Evaluating 1 configuration(s)
INFO  [16:53:03.442] [bbotk] Result of batch 8:
INFO  [16:53:03.443] [bbotk]  nrounds       eta max_depth classif.ce warnings errors runtime_learners
INFO  [16:53:03.443] [bbotk]      273 0.1937169         8  0.1252364        0      0             1.14
INFO  [16:53:03.443] [bbotk]                                 uhash
INFO  [16:53:03.443] [bbotk]  d0b77029-ccbb-4280-9408-622d590ffd5f
INFO  [16:53:03.447] [bbotk] Evaluating 1 configuration(s)
INFO  [16:53:04.336] [bbotk] Result of batch 9:
INFO  [16:53:04.337] [bbotk]  nrounds       eta max_depth classif.ce warnings errors runtime_learners
INFO  [16:53:04.337] [bbotk]      214 0.2140281         5  0.1207967        0      0            0.855
INFO  [16:53:04.337] [bbotk]                                 uhash
INFO  [16:53:04.337] [bbotk]  71905a7f-47a9-4043-a124-7c8c46c12795
INFO  [16:53:04.344] [bbotk] Evaluating 1 configuration(s)
INFO  [16:53:05.269] [bbotk] Result of batch 10:
INFO  [16:53:05.271] [bbotk]  nrounds       eta max_depth classif.ce warnings errors runtime_learners
INFO  [16:53:05.271] [bbotk]      158 0.1167359         7  0.1207991        0      0            0.886
INFO  [16:53:05.271] [bbotk]                                 uhash
INFO  [16:53:05.271] [bbotk]  915022b7-159a-4ba8-9342-08e9fb177e02
INFO  [16:53:05.288] [bbotk] Finished optimizing after 10 evaluation(s)
INFO  [16:53:05.289] [bbotk] Result:
INFO  [16:53:05.289] [bbotk]  nrounds        eta max_depth learner_param_vals  x_domain classif.ce
INFO  [16:53:05.289] [bbotk]    <int>      <num>     <int>             <list>    <list>      <num>
INFO  [16:53:05.289] [bbotk]       73 0.05697858         5          <list[5]> <list[3]>  0.1154586
INFO  [16:53:05.514] [bbotk] Starting to optimize 3 parameter(s) with '<OptimizerBatchRandomSearch>' and '<TerminatorEvals> [n_evals=10, k=0]'
INFO  [16:53:05.532] [bbotk] Evaluating 1 configuration(s)
INFO  [16:53:06.792] [bbotk] Result of batch 1:
INFO  [16:53:06.793] [bbotk]  nrounds       eta max_depth classif.ce warnings errors runtime_learners
INFO  [16:53:06.793] [bbotk]      207 0.1371946         9  0.1021135        0      0             1.22
INFO  [16:53:06.793] [bbotk]                                 uhash
INFO  [16:53:06.793] [bbotk]  7c071c15-d38a-4006-83ab-2fe4f7edec26
INFO  [16:53:06.797] [bbotk] Evaluating 1 configuration(s)
INFO  [16:53:08.206] [bbotk] Result of batch 2:
INFO  [16:53:08.208] [bbotk]  nrounds       eta max_depth classif.ce warnings errors runtime_learners
INFO  [16:53:08.208] [bbotk]      295 0.1671319        10 0.09855792        0      0            1.361
INFO  [16:53:08.208] [bbotk]                                 uhash
INFO  [16:53:08.208] [bbotk]  7b49affe-7c28-4949-b9ff-8941aef672c5
INFO  [16:53:08.219] [bbotk] Evaluating 1 configuration(s)
INFO  [16:53:08.460] [bbotk] Result of batch 3:
INFO  [16:53:08.462] [bbotk]  nrounds       eta max_depth classif.ce warnings errors runtime_learners
INFO  [16:53:08.462] [bbotk]       89 0.2274655         2  0.1038913        0      0            0.193
INFO  [16:53:08.462] [bbotk]                                 uhash
INFO  [16:53:08.462] [bbotk]  76e10480-53b9-4df7-a367-2d1dbc3a3254
INFO  [16:53:08.472] [bbotk] Evaluating 1 configuration(s)
INFO  [16:53:09.289] [bbotk] Result of batch 4:
INFO  [16:53:09.290] [bbotk]  nrounds       eta max_depth classif.ce warnings errors runtime_learners
INFO  [16:53:09.290] [bbotk]      146 0.2535419         8  0.0941182        0      0            0.775
INFO  [16:53:09.290] [bbotk]                                 uhash
INFO  [16:53:09.290] [bbotk]  2c792f80-4f6f-473e-8d9a-0a4a26850975
INFO  [16:53:09.295] [bbotk] Evaluating 1 configuration(s)
INFO  [16:53:09.734] [bbotk] Result of batch 5:
INFO  [16:53:09.735] [bbotk]  nrounds        eta max_depth classif.ce warnings errors runtime_learners
INFO  [16:53:09.735] [bbotk]       62 0.02160102         7  0.1056785        0      0            0.371
INFO  [16:53:09.735] [bbotk]                                 uhash
INFO  [16:53:09.735] [bbotk]  eccff089-ff9b-4d29-abe8-2f703ab325ae
INFO  [16:53:09.740] [bbotk] Evaluating 1 configuration(s)
INFO  [16:53:10.394] [bbotk] Result of batch 6:
INFO  [16:53:10.395] [bbotk]  nrounds       eta max_depth classif.ce warnings errors runtime_learners
INFO  [16:53:10.395] [bbotk]      142 0.2467228         5  0.1003357        0      0            0.604
INFO  [16:53:10.395] [bbotk]                                 uhash
INFO  [16:53:10.395] [bbotk]  d4b19685-aa52-48db-88dc-e51724d71f1f
INFO  [16:53:10.403] [bbotk] Evaluating 1 configuration(s)
INFO  [16:53:12.021] [bbotk] Result of batch 7:
INFO  [16:53:12.023] [bbotk]  nrounds        eta max_depth classif.ce warnings errors runtime_learners
INFO  [16:53:12.023] [bbotk]      237 0.05076243         8 0.09678487        0      0            1.577
INFO  [16:53:12.023] [bbotk]                                 uhash
INFO  [16:53:12.023] [bbotk]  486d2d48-b0cc-4876-a51f-5f2f5ed7df83
INFO  [16:53:12.035] [bbotk] Evaluating 1 configuration(s)
INFO  [16:53:13.394] [bbotk] Result of batch 8:
INFO  [16:53:13.395] [bbotk]  nrounds        eta max_depth classif.ce warnings errors runtime_learners
INFO  [16:53:13.395] [bbotk]      262 0.05903271         5 0.09945154        0      0            1.316
INFO  [16:53:13.395] [bbotk]                                 uhash
INFO  [16:53:13.395] [bbotk]  f04a7d76-f7e6-4c20-a1bf-790f433f8b12
INFO  [16:53:13.409] [bbotk] Evaluating 1 configuration(s)
INFO  [16:55:52.269] [bbotk] Result of batch 9:
INFO  [16:55:52.270] [bbotk]  nrounds        eta max_depth classif.ce warnings errors runtime_learners
INFO  [16:55:52.270] [bbotk]      115 0.09201552         4  0.1021111        0      0          158.797
INFO  [16:55:52.270] [bbotk]                                 uhash
INFO  [16:55:52.270] [bbotk]  c1555ded-78c9-4974-b125-45e7f78f2a5c
INFO  [16:55:52.279] [bbotk] Evaluating 1 configuration(s)
INFO  [16:55:53.182] [bbotk] Result of batch 10:
INFO  [16:55:53.184] [bbotk]  nrounds       eta max_depth classif.ce warnings errors runtime_learners
INFO  [16:55:53.184] [bbotk]      143 0.1905805         9 0.09323404        0      0            0.845
INFO  [16:55:53.184] [bbotk]                                 uhash
INFO  [16:55:53.184] [bbotk]  75521b8c-a943-4c01-834d-c42f337e6e9c
INFO  [16:55:53.203] [bbotk] Finished optimizing after 10 evaluation(s)
INFO  [16:55:53.204] [bbotk] Result:
INFO  [16:55:53.204] [bbotk]  nrounds       eta max_depth learner_param_vals  x_domain classif.ce
INFO  [16:55:53.204] [bbotk]    <int>     <num>     <int>             <list>    <list>      <num>
INFO  [16:55:53.204] [bbotk]      143 0.1905805         9          <list[5]> <list[3]> 0.09323404
INFO  [16:55:53.716] [bbotk] Starting to optimize 3 parameter(s) with '<OptimizerBatchRandomSearch>' and '<TerminatorEvals> [n_evals=10, k=0]'
INFO  [16:55:53.731] [bbotk] Evaluating 1 configuration(s)
INFO  [16:55:55.153] [bbotk] Result of batch 1:
INFO  [16:55:55.154] [bbotk]  nrounds        eta max_depth classif.ce warnings errors runtime_learners
INFO  [16:55:55.154] [bbotk]      245 0.08888372         6  0.1145556        0      0            1.374
INFO  [16:55:55.154] [bbotk]                                 uhash
INFO  [16:55:55.154] [bbotk]  39ba8c53-1ba9-475b-8eb1-82d701104bb0
INFO  [16:55:55.159] [bbotk] Evaluating 1 configuration(s)
INFO  [16:55:55.856] [bbotk] Result of batch 2:
INFO  [16:55:55.858] [bbotk]  nrounds       eta max_depth classif.ce warnings errors runtime_learners
INFO  [16:55:55.858] [bbotk]      151 0.2804989         5  0.1145603        0      0            0.643
INFO  [16:55:55.858] [bbotk]                                 uhash
INFO  [16:55:55.858] [bbotk]  e0076151-5ddf-40d7-9501-bb5f065e2e4d
INFO  [16:55:55.864] [bbotk] Evaluating 1 configuration(s)
INFO  [16:55:56.760] [bbotk] Result of batch 3:
INFO  [16:55:56.762] [bbotk]  nrounds       eta max_depth classif.ce warnings errors runtime_learners
INFO  [16:55:56.762] [bbotk]      244 0.2966236         4  0.1225579        0      0            0.851
INFO  [16:55:56.762] [bbotk]                                 uhash
INFO  [16:55:56.762] [bbotk]  2b06c462-8e4b-4f3e-b43b-7086c42155ff
INFO  [16:55:56.767] [bbotk] Evaluating 1 configuration(s)
INFO  [16:55:58.224] [bbotk] Result of batch 4:
INFO  [16:55:58.226] [bbotk]  nrounds        eta max_depth classif.ce warnings errors runtime_learners
INFO  [16:55:58.226] [bbotk]      198 0.03511095        10  0.1101087        0      0            1.404
INFO  [16:55:58.226] [bbotk]                                 uhash
INFO  [16:55:58.226] [bbotk]  285e680e-f287-43a1-90e8-39567237bdd9
INFO  [16:55:58.233] [bbotk] Evaluating 1 configuration(s)
INFO  [16:55:59.360] [bbotk] Result of batch 5:
INFO  [16:55:59.361] [bbotk]  nrounds       eta max_depth classif.ce warnings errors runtime_learners
INFO  [16:55:59.361] [bbotk]      282 0.2146826         6  0.1181111        0      0            1.081
INFO  [16:55:59.361] [bbotk]                                 uhash
INFO  [16:55:59.361] [bbotk]  c1783235-0175-43a6-b5ad-422a7ac43fcf
INFO  [16:55:59.368] [bbotk] Evaluating 1 configuration(s)
INFO  [16:56:00.417] [bbotk] Result of batch 6:
INFO  [16:56:00.418] [bbotk]  nrounds       eta max_depth classif.ce warnings errors runtime_learners
INFO  [16:56:00.418] [bbotk]      257 0.1780515         5  0.1136667        0      0            1.013
INFO  [16:56:00.418] [bbotk]                                 uhash
INFO  [16:56:00.418] [bbotk]  c8c445b3-4e52-4728-a81b-f410aa5b2cbf
INFO  [16:56:00.427] [bbotk] Evaluating 1 configuration(s)
INFO  [16:56:01.719] [bbotk] Result of batch 7:
INFO  [16:56:01.720] [bbotk]  nrounds        eta max_depth classif.ce warnings errors runtime_learners
INFO  [16:56:01.720] [bbotk]      212 0.02626706         7  0.1154397        0      0            1.256
INFO  [16:56:01.720] [bbotk]                                 uhash
INFO  [16:56:01.720] [bbotk]  7c6049f2-3bb1-41bc-8634-449d2df7f7cf
INFO  [16:56:01.724] [bbotk] Evaluating 1 configuration(s)
INFO  [16:56:02.148] [bbotk] Result of batch 8:
INFO  [16:56:02.149] [bbotk]  nrounds       eta max_depth classif.ce warnings errors runtime_learners
INFO  [16:56:02.149] [bbotk]      113 0.2448018         4  0.1172222        0      0            0.389
INFO  [16:56:02.149] [bbotk]                                 uhash
INFO  [16:56:02.149] [bbotk]  79b25ad7-8cf5-43de-a0a5-86cf7e97032f
INFO  [16:56:02.154] [bbotk] Evaluating 1 configuration(s)
INFO  [16:56:03.746] [bbotk] Result of batch 9:
INFO  [16:56:03.747] [bbotk]  nrounds        eta max_depth classif.ce warnings errors runtime_learners
INFO  [16:56:03.747] [bbotk]      269 0.02899565         8  0.1172104        0      0            1.561
INFO  [16:56:03.747] [bbotk]                                 uhash
INFO  [16:56:03.747] [bbotk]  eedbb4f1-0d48-4048-a5e4-2b33497fffed
INFO  [16:56:03.752] [bbotk] Evaluating 1 configuration(s)
INFO  [16:56:04.633] [bbotk] Result of batch 10:
INFO  [16:56:04.635] [bbotk]  nrounds       eta max_depth classif.ce warnings errors runtime_learners
INFO  [16:56:04.635] [bbotk]      193 0.1837867        10  0.1127872        0      0            0.828
INFO  [16:56:04.635] [bbotk]                                 uhash
INFO  [16:56:04.635] [bbotk]  a5e5ae9b-9042-4dae-9c4e-47e924f85a9f
INFO  [16:56:04.645] [bbotk] Finished optimizing after 10 evaluation(s)
INFO  [16:56:04.646] [bbotk] Result:
INFO  [16:56:04.647] [bbotk]  nrounds        eta max_depth learner_param_vals  x_domain classif.ce
INFO  [16:56:04.647] [bbotk]    <int>      <num>     <int>             <list>    <list>      <num>
INFO  [16:56:04.647] [bbotk]      198 0.03511095        10          <list[5]> <list[3]>  0.1101087

### [bt]: Job terminated successfully [batchtools job.id=1478]
### [bt]: Starting job [batchtools job.id=1479]
### [bt]: Generating problem instance for problem '78e20b4b43a56ff6' ...
### [bt]: Applying algorithm 'run_learner' on problem '78e20b4b43a56ff6' for job 1479 (seed = 1480) ...
INFO  [16:56:05.554] [mlr3] Applying learner 'classif.xgboost.tuned_calib.perfold_platt' on task 'pc3' (iter 9/10)
INFO  [16:56:05.595] [bbotk] Starting to optimize 3 parameter(s) with '<OptimizerBatchRandomSearch>' and '<TerminatorEvals> [n_evals=10, k=0]'
INFO  [16:56:05.606] [bbotk] Evaluating 1 configuration(s)
INFO  [16:56:06.477] [bbotk] Result of batch 1:
INFO  [16:56:06.478] [bbotk]  nrounds       eta max_depth classif.ce warnings errors runtime_learners
INFO  [16:56:06.478] [bbotk]      154 0.2878201         6  0.1182222        0      0            0.813
INFO  [16:56:06.478] [bbotk]                                 uhash
INFO  [16:56:06.478] [bbotk]  9e958eed-b26b-474c-9c79-2a25edec5887
INFO  [16:56:06.482] [bbotk] Evaluating 1 configuration(s)
INFO  [16:56:07.117] [bbotk] Result of batch 2:
INFO  [16:56:07.119] [bbotk]  nrounds       eta max_depth classif.ce warnings errors runtime_learners
INFO  [16:56:07.119] [bbotk]      130 0.1571694         5  0.1226667        0      0            0.593
INFO  [16:56:07.119] [bbotk]                                 uhash
INFO  [16:56:07.119] [bbotk]  f37d46dd-2b5d-4b98-b547-921ded651095
INFO  [16:56:07.128] [bbotk] Evaluating 1 configuration(s)
INFO  [16:56:08.392] [bbotk] Result of batch 3:
INFO  [16:56:08.395] [bbotk]  nrounds        eta max_depth classif.ce warnings errors runtime_learners
INFO  [16:56:08.395] [bbotk]      194 0.06643554        10  0.1244444        0      0            1.232
INFO  [16:56:08.395] [bbotk]                                 uhash
INFO  [16:56:08.395] [bbotk]  276a5a30-716c-46a3-aeb6-e901b24cc88b
INFO  [16:56:08.405] [bbotk] Evaluating 1 configuration(s)
INFO  [16:56:08.733] [bbotk] Result of batch 4:
INFO  [16:56:08.735] [bbotk]  nrounds       eta max_depth classif.ce warnings errors runtime_learners
INFO  [16:56:08.735] [bbotk]       58 0.2514136         6  0.1253333        0      0            0.277
INFO  [16:56:08.735] [bbotk]                                 uhash
INFO  [16:56:08.735] [bbotk]  8255bddb-64de-4295-9395-6d9b007e4fdf
INFO  [16:56:08.744] [bbotk] Evaluating 1 configuration(s)
INFO  [16:56:09.110] [bbotk] Result of batch 5:
INFO  [16:56:09.111] [bbotk]  nrounds        eta max_depth classif.ce warnings errors runtime_learners
INFO  [16:56:09.111] [bbotk]       53 0.09440881         8       0.12        0      0            0.331
INFO  [16:56:09.111] [bbotk]                                 uhash
INFO  [16:56:09.111] [bbotk]  5e7b8a51-eda9-4080-ac44-de2b3c61a350
INFO  [16:56:09.136] [bbotk] Evaluating 1 configuration(s)
INFO  [16:56:09.744] [bbotk] Result of batch 6:
INFO  [16:56:09.746] [bbotk]  nrounds     eta max_depth classif.ce warnings errors runtime_learners
INFO  [16:56:09.746] [bbotk]      195 0.28745         3  0.1253333        0      0            0.544
INFO  [16:56:09.746] [bbotk]                                 uhash
INFO  [16:56:09.746] [bbotk]  4e346e05-9ff2-46ca-b8a8-9b92c87f5cd6
INFO  [16:56:09.758] [bbotk] Evaluating 1 configuration(s)
INFO  [16:56:10.458] [bbotk] Result of batch 7:
INFO  [16:56:10.459] [bbotk]  nrounds       eta max_depth classif.ce warnings errors runtime_learners
INFO  [16:56:10.459] [bbotk]      258 0.1628848         3  0.1271111        0      0            0.665
INFO  [16:56:10.459] [bbotk]                                 uhash
INFO  [16:56:10.459] [bbotk]  21d9e7bc-29b9-4d6a-bc81-8ab0dbfbabff
INFO  [16:56:10.463] [bbotk] Evaluating 1 configuration(s)
INFO  [16:56:10.949] [bbotk] Result of batch 8:
INFO  [16:56:10.951] [bbotk]  nrounds      eta max_depth classif.ce warnings errors runtime_learners
INFO  [16:56:10.951] [bbotk]       77 0.272329         9  0.1244444        0      0            0.446
INFO  [16:56:10.951] [bbotk]                                 uhash
INFO  [16:56:10.951] [bbotk]  96c50a51-91b4-4aec-b2ed-c0b1cac49bce
INFO  [16:56:10.961] [bbotk] Evaluating 1 configuration(s)
INFO  [16:56:11.524] [bbotk] Result of batch 9:
INFO  [16:56:11.526] [bbotk]  nrounds       eta max_depth classif.ce warnings errors runtime_learners
INFO  [16:56:11.526] [bbotk]      204 0.1121036         3       0.12        0      0            0.528
INFO  [16:56:11.526] [bbotk]                                 uhash
INFO  [16:56:11.526] [bbotk]  18c9b9f0-132e-41be-b5a3-46803c6ffefc
INFO  [16:56:11.531] [bbotk] Evaluating 1 configuration(s)
INFO  [16:56:12.089] [bbotk] Result of batch 10:
INFO  [16:56:12.089] [bbotk]  nrounds        eta max_depth classif.ce warnings errors runtime_learners
INFO  [16:56:12.089] [bbotk]      170 0.07116692         4  0.1235556        0      0            0.522
INFO  [16:56:12.089] [bbotk]                                 uhash
INFO  [16:56:12.089] [bbotk]  7220bddd-bcad-447e-b264-d3e954b03c42
INFO  [16:56:12.110] [bbotk] Finished optimizing after 10 evaluation(s)
INFO  [16:56:12.111] [bbotk] Result:
INFO  [16:56:12.112] [bbotk]  nrounds       eta max_depth learner_param_vals  x_domain classif.ce
INFO  [16:56:12.112] [bbotk]    <int>     <num>     <int>             <list>    <list>      <num>
INFO  [16:56:12.112] [bbotk]      154 0.2878201         6          <list[5]> <list[3]>  0.1182222
INFO  [16:56:12.508] [bbotk] Starting to optimize 3 parameter(s) with '<OptimizerBatchRandomSearch>' and '<TerminatorEvals> [n_evals=10, k=0]'
INFO  [16:56:12.523] [bbotk] Evaluating 1 configuration(s)
INFO  [16:56:12.932] [bbotk] Result of batch 1:
INFO  [16:56:12.933] [bbotk]  nrounds        eta max_depth classif.ce warnings errors runtime_learners
INFO  [16:56:12.933] [bbotk]       57 0.03216141         8  0.1173333        0      0            0.364
INFO  [16:56:12.933] [bbotk]                                 uhash
INFO  [16:56:12.933] [bbotk]  a715bffe-b34f-40f0-9f6f-4a088ae0c4ac
INFO  [16:56:12.937] [bbotk] Evaluating 1 configuration(s)
INFO  [16:56:13.113] [bbotk] Result of batch 2:
INFO  [16:56:13.114] [bbotk]  nrounds       eta max_depth classif.ce warnings errors runtime_learners
INFO  [16:56:13.114] [bbotk]       74 0.2306037         2  0.1155556        0      0            0.142
INFO  [16:56:13.114] [bbotk]                                 uhash
INFO  [16:56:13.114] [bbotk]  1ff6c157-8065-4d7d-afa4-62d860c4a14d
INFO  [16:56:13.118] [bbotk] Evaluating 1 configuration(s)
INFO  [16:56:13.641] [bbotk] Result of batch 3:
INFO  [16:56:13.643] [bbotk]  nrounds       eta max_depth classif.ce warnings errors runtime_learners
INFO  [16:56:13.643] [bbotk]      143 0.1193294         4  0.1235556        0      0            0.483
INFO  [16:56:13.643] [bbotk]                                 uhash
INFO  [16:56:13.643] [bbotk]  9020d16f-4361-465c-9409-5a5813f4338f
INFO  [16:56:13.648] [bbotk] Evaluating 1 configuration(s)
INFO  [16:56:14.375] [bbotk] Result of batch 4:
INFO  [16:56:14.376] [bbotk]  nrounds        eta max_depth classif.ce warnings errors runtime_learners
INFO  [16:56:14.376] [bbotk]      288 0.05976567         3  0.1226667        0      0            0.691
INFO  [16:56:14.376] [bbotk]                                 uhash
INFO  [16:56:14.376] [bbotk]  d56bd72c-82fc-4d30-940e-822ef54b86d1
INFO  [16:56:14.380] [bbotk] Evaluating 1 configuration(s)
INFO  [16:56:15.459] [bbotk] Result of batch 5:
INFO  [16:56:15.460] [bbotk]  nrounds        eta max_depth classif.ce warnings errors runtime_learners
INFO  [16:56:15.460] [bbotk]      154 0.01923499        10  0.1182222        0      0            1.035
INFO  [16:56:15.460] [bbotk]                                 uhash
INFO  [16:56:15.460] [bbotk]  1b9d1458-2a8f-426c-b874-3ddf19800758
INFO  [16:56:15.469] [bbotk] Evaluating 1 configuration(s)
INFO  [16:56:16.065] [bbotk] Result of batch 6:
INFO  [16:56:16.067] [bbotk]  nrounds        eta max_depth classif.ce warnings errors runtime_learners
INFO  [16:56:16.067] [bbotk]      215 0.06778772         3  0.1217778        0      0            0.549
INFO  [16:56:16.067] [bbotk]                                 uhash
INFO  [16:56:16.067] [bbotk]  3c28eeed-541f-4c39-ab79-c6f9c2db8f7d
INFO  [16:56:16.078] [bbotk] Evaluating 1 configuration(s)
INFO  [16:56:16.477] [bbotk] Result of batch 7:
INFO  [16:56:16.479] [bbotk]  nrounds       eta max_depth classif.ce warnings errors runtime_learners
INFO  [16:56:16.479] [bbotk]      227 0.1606411         2  0.1173333        0      0            0.363
INFO  [16:56:16.479] [bbotk]                                 uhash
INFO  [16:56:16.479] [bbotk]  f01ed010-c7e9-43d4-97b6-4703275e1eb9
INFO  [16:56:16.485] [bbotk] Evaluating 1 configuration(s)
INFO  [16:56:16.749] [bbotk] Result of batch 8:
INFO  [16:56:16.750] [bbotk]  nrounds        eta max_depth classif.ce warnings errors runtime_learners
INFO  [16:56:16.750] [bbotk]      137 0.07315657         2  0.1102222        0      0            0.225
INFO  [16:56:16.750] [bbotk]                                 uhash
INFO  [16:56:16.750] [bbotk]  5f6479d3-75ea-4793-82c0-564042686bb6
INFO  [16:56:16.754] [bbotk] Evaluating 1 configuration(s)
INFO  [16:56:17.334] [bbotk] Result of batch 9:
INFO  [16:56:17.335] [bbotk]  nrounds       eta max_depth classif.ce warnings errors runtime_learners
INFO  [16:56:17.335] [bbotk]       93 0.1752904         8  0.1182222        0      0            0.537
INFO  [16:56:17.335] [bbotk]                                 uhash
INFO  [16:56:17.335] [bbotk]  f1501366-6fe0-4779-8c23-3a512dff138b
INFO  [16:56:17.351] [bbotk] Evaluating 1 configuration(s)
INFO  [16:56:17.883] [bbotk] Result of batch 10:
INFO  [16:56:17.884] [bbotk]  nrounds       eta max_depth classif.ce warnings errors runtime_learners
INFO  [16:56:17.884] [bbotk]      202 0.1970791         3  0.1244444        0      0            0.488
INFO  [16:56:17.884] [bbotk]                                 uhash
INFO  [16:56:17.884] [bbotk]  79a96b5e-7754-4041-a13f-554dafd91887
INFO  [16:56:17.900] [bbotk] Finished optimizing after 10 evaluation(s)
INFO  [16:56:17.900] [bbotk] Result:
INFO  [16:56:17.901] [bbotk]  nrounds        eta max_depth learner_param_vals  x_domain classif.ce
INFO  [16:56:17.901] [bbotk]    <int>      <num>     <int>             <list>    <list>      <num>
INFO  [16:56:17.901] [bbotk]      137 0.07315657         2          <list[5]> <list[3]>  0.1102222
INFO  [16:56:18.050] [bbotk] Starting to optimize 3 parameter(s) with '<OptimizerBatchRandomSearch>' and '<TerminatorEvals> [n_evals=10, k=0]'
INFO  [16:56:18.066] [bbotk] Evaluating 1 configuration(s)
INFO  [16:56:18.968] [bbotk] Result of batch 1:
INFO  [16:56:18.970] [bbotk]  nrounds       eta max_depth classif.ce warnings errors runtime_learners
INFO  [16:56:18.970] [bbotk]      193 0.1511418         7  0.1083333        0      0            0.871
INFO  [16:56:18.970] [bbotk]                                 uhash
INFO  [16:56:18.970] [bbotk]  c965f4c7-83b6-4adf-b0f4-006c956fb943
INFO  [16:56:18.976] [bbotk] Evaluating 1 configuration(s)
INFO  [16:56:19.578] [bbotk] Result of batch 2:
INFO  [16:56:19.579] [bbotk]  nrounds       eta max_depth classif.ce warnings errors runtime_learners
INFO  [16:56:19.579] [bbotk]      109 0.2737478         9  0.1127754        0      0            0.559
INFO  [16:56:19.579] [bbotk]                                 uhash
INFO  [16:56:19.579] [bbotk]  7919d534-d0c9-4599-b9bd-fae310099d2f
INFO  [16:56:19.583] [bbotk] Evaluating 1 configuration(s)
INFO  [16:56:20.599] [bbotk] Result of batch 3:
INFO  [16:56:20.603] [bbotk]  nrounds       eta max_depth classif.ce warnings errors runtime_learners
INFO  [16:56:20.603] [bbotk]      217 0.1602381         6  0.1012317        0      0            0.975
INFO  [16:56:20.603] [bbotk]                                 uhash
INFO  [16:56:20.603] [bbotk]  d7cd3899-0b88-419d-9251-1772825efa1e
INFO  [16:56:20.610] [bbotk] Evaluating 1 configuration(s)
INFO  [16:56:21.563] [bbotk] Result of batch 4:
INFO  [16:56:21.564] [bbotk]  nrounds       eta max_depth classif.ce warnings errors runtime_learners
INFO  [16:56:21.564] [bbotk]      236 0.2720051         9  0.1083357        0      0            0.905
INFO  [16:56:21.564] [bbotk]                                 uhash
INFO  [16:56:21.564] [bbotk]  316066b2-498e-4351-b533-e0cb7ef7c70a
INFO  [16:56:21.568] [bbotk] Evaluating 1 configuration(s)
INFO  [16:56:22.714] [bbotk] Result of batch 5:
INFO  [16:56:22.714] [bbotk]  nrounds        eta max_depth classif.ce warnings errors runtime_learners
INFO  [16:56:22.714] [bbotk]      178 0.06428316        10  0.1074492        0      0            1.112
INFO  [16:56:22.714] [bbotk]                                 uhash
INFO  [16:56:22.714] [bbotk]  df733d3c-c993-4ae1-bc03-6f915601eac4
INFO  [16:56:22.720] [bbotk] Evaluating 1 configuration(s)
INFO  [16:56:23.618] [bbotk] Result of batch 6:
INFO  [16:56:23.622] [bbotk]  nrounds       eta max_depth classif.ce warnings errors runtime_learners
INFO  [16:56:23.622] [bbotk]      164 0.1519977         8  0.1065626        0      0            0.844
INFO  [16:56:23.622] [bbotk]                                 uhash
INFO  [16:56:23.622] [bbotk]  8507192d-0a23-4325-acb7-429cd64de3dc
INFO  [16:56:23.631] [bbotk] Evaluating 1 configuration(s)
INFO  [16:56:24.065] [bbotk] Result of batch 7:
INFO  [16:56:24.066] [bbotk]  nrounds       eta max_depth classif.ce warnings errors runtime_learners
INFO  [16:56:24.066] [bbotk]      165 0.2806542         3  0.1118983        0      0            0.404
INFO  [16:56:24.066] [bbotk]                                 uhash
INFO  [16:56:24.066] [bbotk]  f7dda69b-d2a5-460d-b94d-854a9f467dc3
INFO  [16:56:24.070] [bbotk] Evaluating 1 configuration(s)
INFO  [16:56:24.522] [bbotk] Result of batch 8:
INFO  [16:56:24.524] [bbotk]  nrounds       eta max_depth classif.ce warnings errors runtime_learners
INFO  [16:56:24.524] [bbotk]       75 0.1927959         6  0.1101158        0      0              0.4
INFO  [16:56:24.524] [bbotk]                                 uhash
INFO  [16:56:24.524] [bbotk]  f95e39ae-0950-4b72-9029-e86c47ec7708
INFO  [16:56:24.532] [bbotk] Evaluating 1 configuration(s)
INFO  [16:56:25.068] [bbotk] Result of batch 9:
INFO  [16:56:25.070] [bbotk]  nrounds       eta max_depth classif.ce warnings errors runtime_learners
INFO  [16:56:25.070] [bbotk]       86 0.1111852         6   0.104792        0      0            0.481
INFO  [16:56:25.070] [bbotk]                                 uhash
INFO  [16:56:25.070] [bbotk]  3e72f6be-4dc9-40fe-9036-d4648f096407
INFO  [16:56:25.080] [bbotk] Evaluating 1 configuration(s)
INFO  [16:56:25.595] [bbotk] Result of batch 10:
INFO  [16:56:25.597] [bbotk]  nrounds       eta max_depth classif.ce warnings errors runtime_learners
INFO  [16:56:25.597] [bbotk]       75 0.2277986         9  0.1038983        0      0            0.469
INFO  [16:56:25.597] [bbotk]                                 uhash
INFO  [16:56:25.597] [bbotk]  d7e3cf7a-aa9b-43e5-97fa-eef0be47d390
INFO  [16:56:25.610] [bbotk] Finished optimizing after 10 evaluation(s)
INFO  [16:56:25.611] [bbotk] Result:
INFO  [16:56:25.612] [bbotk]  nrounds       eta max_depth learner_param_vals  x_domain classif.ce
INFO  [16:56:25.612] [bbotk]    <int>     <num>     <int>             <list>    <list>      <num>
INFO  [16:56:25.612] [bbotk]      217 0.1602381         6          <list[5]> <list[3]>  0.1012317
INFO  [16:56:26.164] [bbotk] Starting to optimize 3 parameter(s) with '<OptimizerBatchRandomSearch>' and '<TerminatorEvals> [n_evals=10, k=0]'
INFO  [16:56:26.188] [bbotk] Evaluating 1 configuration(s)
INFO  [16:56:26.785] [bbotk] Result of batch 1:
INFO  [16:56:26.787] [bbotk]  nrounds      eta max_depth classif.ce warnings errors runtime_learners
INFO  [16:56:26.787] [bbotk]      218 0.017564         3 0.09945863        0      0            0.539
INFO  [16:56:26.787] [bbotk]                                 uhash
INFO  [16:56:26.787] [bbotk]  60e8504c-73be-4cd0-8a8c-b7ce9f8fd92d
INFO  [16:56:26.793] [bbotk] Evaluating 1 configuration(s)
INFO  [16:56:27.350] [bbotk] Result of batch 2:
INFO  [16:56:27.352] [bbotk]  nrounds       eta max_depth classif.ce warnings errors runtime_learners
INFO  [16:56:27.352] [bbotk]      272 0.1668441         2  0.1074657        0      0             0.51
INFO  [16:56:27.352] [bbotk]                                 uhash
INFO  [16:56:27.352] [bbotk]  cdc3cd27-0593-44dd-a519-c24517a4c901
INFO  [16:56:27.362] [bbotk] Evaluating 1 configuration(s)
INFO  [16:56:27.597] [bbotk] Result of batch 3:
INFO  [16:56:27.598] [bbotk]  nrounds        eta max_depth classif.ce warnings errors runtime_learners
INFO  [16:56:27.598] [bbotk]      119 0.03351647         2 0.09680142        0      0            0.196
INFO  [16:56:27.598] [bbotk]                                 uhash
INFO  [16:56:27.598] [bbotk]  1cf1a5ef-824d-4584-82cd-f178b10c79d7
INFO  [16:56:27.602] [bbotk] Evaluating 1 configuration(s)
INFO  [16:56:28.722] [bbotk] Result of batch 4:
INFO  [16:56:28.723] [bbotk]  nrounds       eta max_depth classif.ce warnings errors runtime_learners
INFO  [16:56:28.723] [bbotk]      280 0.1700909         6  0.1056927        0      0            1.093
INFO  [16:56:28.723] [bbotk]                                 uhash
INFO  [16:56:28.723] [bbotk]  5fc8b5d9-3e7a-4c14-bb33-8e212f5fdf6d
INFO  [16:56:28.727] [bbotk] Evaluating 1 configuration(s)
INFO  [16:56:29.687] [bbotk] Result of batch 5:
INFO  [16:56:29.687] [bbotk]  nrounds        eta max_depth classif.ce warnings errors runtime_learners
INFO  [16:56:29.687] [bbotk]      158 0.06677767        10  0.0985792        0      0            0.928
INFO  [16:56:29.687] [bbotk]                                 uhash
INFO  [16:56:29.687] [bbotk]  1c2f5a98-bd53-4fa0-9c54-ade6589769f1
INFO  [16:56:29.691] [bbotk] Evaluating 1 configuration(s)
INFO  [16:56:30.374] [bbotk] Result of batch 6:
INFO  [16:56:30.375] [bbotk]  nrounds       eta max_depth classif.ce warnings errors runtime_learners
INFO  [16:56:30.375] [bbotk]      197 0.2726766         6  0.1048014        0      0            0.636
INFO  [16:56:30.375] [bbotk]                                 uhash
INFO  [16:56:30.375] [bbotk]  72645984-af7f-4681-8639-a161d0b0cf3c
INFO  [16:56:30.380] [bbotk] Evaluating 1 configuration(s)
INFO  [16:56:31.665] [bbotk] Result of batch 7:
INFO  [16:56:31.666] [bbotk]  nrounds       eta max_depth classif.ce warnings errors runtime_learners
INFO  [16:56:31.666] [bbotk]      269 0.1169089         9  0.1039149        0      0             1.25
INFO  [16:56:31.666] [bbotk]                                 uhash
INFO  [16:56:31.666] [bbotk]  1a2a4a34-999a-4251-9810-4c5569bb7db4
INFO  [16:56:31.670] [bbotk] Evaluating 1 configuration(s)
INFO  [16:56:32.009] [bbotk] Result of batch 8:
INFO  [16:56:32.011] [bbotk]  nrounds       eta max_depth classif.ce warnings errors runtime_learners
INFO  [16:56:32.011] [bbotk]       65 0.2896437         5  0.1056879        0      0            0.286
INFO  [16:56:32.011] [bbotk]                                 uhash
INFO  [16:56:32.011] [bbotk]  a55c22fb-6a4e-47cf-92c2-734aa7f2a0f8
INFO  [16:56:32.021] [bbotk] Evaluating 1 configuration(s)
INFO  [16:56:32.705] [bbotk] Result of batch 9:
INFO  [16:56:32.707] [bbotk]  nrounds        eta max_depth classif.ce warnings errors runtime_learners
INFO  [16:56:32.707] [bbotk]      150 0.02061283         5  0.1021206        0      0            0.643
INFO  [16:56:32.707] [bbotk]                                 uhash
INFO  [16:56:32.707] [bbotk]  8757c925-7778-4f21-a3c9-d64cda930572
INFO  [16:56:32.714] [bbotk] Evaluating 1 configuration(s)
INFO  [16:56:33.107] [bbotk] Result of batch 10:
INFO  [16:56:33.108] [bbotk]  nrounds       eta max_depth classif.ce warnings errors runtime_learners
INFO  [16:56:33.108] [bbotk]      124 0.2728576         3  0.1039125        0      0            0.348
INFO  [16:56:33.108] [bbotk]                                 uhash
INFO  [16:56:33.108] [bbotk]  157a9737-5738-447a-9841-422eb59ed1bc
INFO  [16:56:33.116] [bbotk] Finished optimizing after 10 evaluation(s)
INFO  [16:56:33.116] [bbotk] Result:
INFO  [16:56:33.122] [bbotk]  nrounds        eta max_depth learner_param_vals  x_domain classif.ce
INFO  [16:56:33.122] [bbotk]    <int>      <num>     <int>             <list>    <list>      <num>
INFO  [16:56:33.122] [bbotk]      119 0.03351647         2          <list[5]> <list[3]> 0.09680142
INFO  [16:56:33.278] [bbotk] Starting to optimize 3 parameter(s) with '<OptimizerBatchRandomSearch>' and '<TerminatorEvals> [n_evals=10, k=0]'
INFO  [16:56:33.296] [bbotk] Evaluating 1 configuration(s)
INFO  [16:56:33.922] [bbotk] Result of batch 1:
INFO  [16:56:33.925] [bbotk]  nrounds       eta max_depth classif.ce warnings errors runtime_learners
INFO  [16:56:33.925] [bbotk]      127 0.2825762         6  0.1145721        0      0            0.571
INFO  [16:56:33.925] [bbotk]                                 uhash
INFO  [16:56:33.925] [bbotk]  8433b65d-fd27-4456-a55a-1871781e6633
INFO  [16:56:33.930] [bbotk] Evaluating 1 configuration(s)
INFO  [16:56:34.392] [bbotk] Result of batch 2:
INFO  [16:56:34.393] [bbotk]  nrounds        eta max_depth classif.ce warnings errors runtime_learners
INFO  [16:56:34.393] [bbotk]       68 0.04558091         8  0.1127943        0      0            0.421
INFO  [16:56:34.393] [bbotk]                                 uhash
INFO  [16:56:34.393] [bbotk]  d36a67bf-9b8c-42d4-86d2-cc3d01ffb266
INFO  [16:56:34.398] [bbotk] Evaluating 1 configuration(s)
INFO  [16:56:35.002] [bbotk] Result of batch 3:
INFO  [16:56:35.004] [bbotk]  nrounds       eta max_depth classif.ce warnings errors runtime_learners
INFO  [16:56:35.004] [bbotk]      225 0.2822815         3  0.1083641        0      0            0.561
INFO  [16:56:35.004] [bbotk]                                 uhash
INFO  [16:56:35.004] [bbotk]  7735ef6c-fe89-4ecf-98b0-cec7f0118f44
INFO  [16:56:35.014] [bbotk] Evaluating 1 configuration(s)
INFO  [16:56:35.368] [bbotk] Result of batch 4:
INFO  [16:56:35.372] [bbotk]  nrounds        eta max_depth classif.ce warnings errors runtime_learners
INFO  [16:56:35.372] [bbotk]       62 0.01785201         6  0.1101324        0      0            0.293
INFO  [16:56:35.372] [bbotk]                                 uhash
INFO  [16:56:35.372] [bbotk]  6e95c5e9-56db-4370-a77f-21f603c1a914
INFO  [16:56:35.378] [bbotk] Evaluating 1 configuration(s)
INFO  [16:56:35.905] [bbotk] Result of batch 5:
INFO  [16:56:35.907] [bbotk]  nrounds       eta max_depth classif.ce warnings errors runtime_learners
INFO  [16:56:35.907] [bbotk]      101 0.2278109         8  0.1110189        0      0            0.482
INFO  [16:56:35.907] [bbotk]                                 uhash
INFO  [16:56:35.907] [bbotk]  c3adf354-7903-4bfc-825b-e98708009245
INFO  [16:56:35.917] [bbotk] Evaluating 1 configuration(s)
INFO  [16:56:37.014] [bbotk] Result of batch 6:
INFO  [16:56:37.015] [bbotk]  nrounds       eta max_depth classif.ce warnings errors runtime_learners
INFO  [16:56:37.015] [bbotk]      222 0.1478421         7  0.1092388        0      0             1.05
INFO  [16:56:37.015] [bbotk]                                 uhash
INFO  [16:56:37.015] [bbotk]  b6ec6b1f-fb00-44f7-8dcf-84aa061e2381
INFO  [16:56:37.021] [bbotk] Evaluating 1 configuration(s)
INFO  [16:56:37.254] [bbotk] Result of batch 7:
INFO  [16:56:37.255] [bbotk]  nrounds       eta max_depth classif.ce warnings errors runtime_learners
INFO  [16:56:37.255] [bbotk]       90 0.2022825         2  0.1119007        0      0            0.183
INFO  [16:56:37.255] [bbotk]                                 uhash
INFO  [16:56:37.255] [bbotk]  e1ebf8aa-82b0-465c-9d21-1c8b98297019
INFO  [16:56:37.265] [bbotk] Evaluating 1 configuration(s)
INFO  [16:56:38.071] [bbotk] Result of batch 8:
INFO  [16:56:38.072] [bbotk]  nrounds       eta max_depth classif.ce warnings errors runtime_learners
INFO  [16:56:38.072] [bbotk]      182 0.2936437         9  0.1074634        0      0            0.758
INFO  [16:56:38.072] [bbotk]                                 uhash
INFO  [16:56:38.072] [bbotk]  7a81e3cb-3838-478b-83ec-31687c7925f9
INFO  [16:56:38.077] [bbotk] Evaluating 1 configuration(s)
INFO  [16:56:38.579] [bbotk] Result of batch 9:
INFO  [16:56:38.580] [bbotk]  nrounds        eta max_depth classif.ce warnings errors runtime_learners
INFO  [16:56:38.580] [bbotk]      235 0.04786105         2  0.1101253        0      0            0.452
INFO  [16:56:38.580] [bbotk]                                 uhash
INFO  [16:56:38.580] [bbotk]  e5b42792-6964-4c7f-9ac5-37471236b7f2
INFO  [16:56:38.584] [bbotk] Evaluating 1 configuration(s)
INFO  [16:56:39.266] [bbotk] Result of batch 10:
INFO  [16:56:39.267] [bbotk]  nrounds       eta max_depth classif.ce warnings errors runtime_learners
INFO  [16:56:39.267] [bbotk]      158 0.2419533        10  0.1074634        0      0            0.648
INFO  [16:56:39.267] [bbotk]                                 uhash
INFO  [16:56:39.267] [bbotk]  0cdd4f30-3958-43da-8621-8ed65a794fc3
INFO  [16:56:39.276] [bbotk] Finished optimizing after 10 evaluation(s)
INFO  [16:56:39.276] [bbotk] Result:
INFO  [16:56:39.277] [bbotk]  nrounds       eta max_depth learner_param_vals  x_domain classif.ce
INFO  [16:56:39.277] [bbotk]    <int>     <num>     <int>             <list>    <list>      <num>
INFO  [16:56:39.277] [bbotk]      182 0.2936437         9          <list[5]> <list[3]>  0.1074634

### [bt]: Job terminated successfully [batchtools job.id=1479]
### [bt]: Starting job [batchtools job.id=1480]
### [bt]: Generating problem instance for problem '78e20b4b43a56ff6' ...
### [bt]: Applying algorithm 'run_learner' on problem '78e20b4b43a56ff6' for job 1480 (seed = 1481) ...
INFO  [16:56:39.917] [mlr3] Applying learner 'classif.xgboost.tuned_calib.perfold_platt' on task 'pc3' (iter 10/10)
INFO  [16:56:39.964] [bbotk] Starting to optimize 3 parameter(s) with '<OptimizerBatchRandomSearch>' and '<TerminatorEvals> [n_evals=10, k=0]'
INFO  [16:56:39.981] [bbotk] Evaluating 1 configuration(s)
INFO  [16:56:40.309] [bbotk] Result of batch 1:
INFO  [16:56:40.310] [bbotk]  nrounds      eta max_depth classif.ce warnings errors runtime_learners
INFO  [16:56:40.310] [bbotk]      167 0.191294         2  0.1031111        0      0             0.29
INFO  [16:56:40.310] [bbotk]                                 uhash
INFO  [16:56:40.310] [bbotk]  c12df7d9-f480-408f-9b5c-69bc2edac65e
INFO  [16:56:40.314] [bbotk] Evaluating 1 configuration(s)
INFO  [16:56:40.524] [bbotk] Result of batch 2:
INFO  [16:56:40.525] [bbotk]  nrounds       eta max_depth classif.ce warnings errors runtime_learners
INFO  [16:56:40.525] [bbotk]       77 0.2213472         2  0.1022222        0      0            0.167
INFO  [16:56:40.525] [bbotk]                                 uhash
INFO  [16:56:40.525] [bbotk]  3ab2fe05-67fc-4fb6-a83d-39502fdf2e67
INFO  [16:56:40.529] [bbotk] Evaluating 1 configuration(s)
INFO  [16:56:41.871] [bbotk] Result of batch 3:
INFO  [16:56:41.874] [bbotk]  nrounds       eta max_depth classif.ce warnings errors runtime_learners
INFO  [16:56:41.874] [bbotk]      259 0.1400203         6  0.1013333        0      0             1.24
INFO  [16:56:41.874] [bbotk]                                 uhash
INFO  [16:56:41.874] [bbotk]  beee0b32-35b7-4851-ac86-65a4a19e6089
INFO  [16:56:41.883] [bbotk] Evaluating 1 configuration(s)
INFO  [16:56:42.057] [bbotk] Result of batch 4:
INFO  [16:56:42.059] [bbotk]  nrounds       eta max_depth classif.ce warnings errors runtime_learners
INFO  [16:56:42.059] [bbotk]       62 0.2068912         2  0.1022222        0      0            0.124
INFO  [16:56:42.059] [bbotk]                                 uhash
INFO  [16:56:42.059] [bbotk]  7eb2095d-37db-4d71-82c3-6d67218f040e
INFO  [16:56:42.068] [bbotk] Evaluating 1 configuration(s)
INFO  [16:56:42.914] [bbotk] Result of batch 5:
INFO  [16:56:42.915] [bbotk]  nrounds       eta max_depth classif.ce warnings errors runtime_learners
INFO  [16:56:42.915] [bbotk]      139 0.1241211        10 0.09777778        0      0            0.793
INFO  [16:56:42.915] [bbotk]                                 uhash
INFO  [16:56:42.915] [bbotk]  368cbf2c-c71a-4ce5-8dd3-af2eefba921a
INFO  [16:56:42.923] [bbotk] Evaluating 1 configuration(s)
INFO  [16:56:43.473] [bbotk] Result of batch 6:
INFO  [16:56:43.475] [bbotk]  nrounds       eta max_depth classif.ce warnings errors runtime_learners
INFO  [16:56:43.475] [bbotk]      142 0.1960987         4  0.1031111        0      0            0.507
INFO  [16:56:43.475] [bbotk]                                 uhash
INFO  [16:56:43.475] [bbotk]  c13bdc77-beef-45eb-9c77-751b6c971914
INFO  [16:56:43.483] [bbotk] Evaluating 1 configuration(s)
INFO  [16:56:44.080] [bbotk] Result of batch 7:
INFO  [16:56:44.082] [bbotk]  nrounds       eta max_depth classif.ce warnings errors runtime_learners
INFO  [16:56:44.082] [bbotk]      108 0.1837612         6 0.09955556        0      0            0.559
INFO  [16:56:44.082] [bbotk]                                 uhash
INFO  [16:56:44.082] [bbotk]  8915f719-bc5c-4c0a-96d7-36365b48d5f8
INFO  [16:56:44.092] [bbotk] Evaluating 1 configuration(s)
INFO  [16:56:44.798] [bbotk] Result of batch 8:
INFO  [16:56:44.800] [bbotk]  nrounds       eta max_depth classif.ce warnings errors runtime_learners
INFO  [16:56:44.800] [bbotk]      162 0.2837466         6 0.09688889        0      0            0.662
INFO  [16:56:44.800] [bbotk]                                 uhash
INFO  [16:56:44.800] [bbotk]  b776b1af-6923-415d-8ce1-0009ed1700a4
INFO  [16:56:44.809] [bbotk] Evaluating 1 configuration(s)
INFO  [16:56:45.449] [bbotk] Result of batch 9:
INFO  [16:56:45.450] [bbotk]  nrounds       eta max_depth classif.ce warnings errors runtime_learners
INFO  [16:56:45.450] [bbotk]      116 0.1973523         9  0.1004444        0      0            0.602
INFO  [16:56:45.450] [bbotk]                                 uhash
INFO  [16:56:45.450] [bbotk]  944259d7-f258-47d4-bf83-8950ee1beccb
INFO  [16:56:45.459] [bbotk] Evaluating 1 configuration(s)
INFO  [16:56:46.696] [bbotk] Result of batch 10:
INFO  [16:56:46.697] [bbotk]  nrounds       eta max_depth classif.ce warnings errors runtime_learners
INFO  [16:56:46.697] [bbotk]      235 0.1006768         7      0.104        0      0            1.202
INFO  [16:56:46.697] [bbotk]                                 uhash
INFO  [16:56:46.697] [bbotk]  7009f97c-c505-4d66-be63-89ba90858452
INFO  [16:56:46.709] [bbotk] Finished optimizing after 10 evaluation(s)
INFO  [16:56:46.709] [bbotk] Result:
INFO  [16:56:46.710] [bbotk]  nrounds       eta max_depth learner_param_vals  x_domain classif.ce
INFO  [16:56:46.710] [bbotk]    <int>     <num>     <int>             <list>    <list>      <num>
INFO  [16:56:46.710] [bbotk]      162 0.2837466         6          <list[5]> <list[3]> 0.09688889
INFO  [16:56:47.112] [bbotk] Starting to optimize 3 parameter(s) with '<OptimizerBatchRandomSearch>' and '<TerminatorEvals> [n_evals=10, k=0]'
INFO  [16:56:47.131] [bbotk] Evaluating 1 configuration(s)
INFO  [16:56:47.481] [bbotk] Result of batch 1:
INFO  [16:56:47.481] [bbotk]  nrounds       eta max_depth classif.ce warnings errors runtime_learners
INFO  [16:56:47.481] [bbotk]      174 0.1846022         2  0.1057778        0      0            0.316
INFO  [16:56:47.481] [bbotk]                                 uhash
INFO  [16:56:47.481] [bbotk]  bd262225-27dd-4453-a652-29cd5bc16dfe
INFO  [16:56:47.485] [bbotk] Evaluating 1 configuration(s)
INFO  [16:56:48.557] [bbotk] Result of batch 2:
INFO  [16:56:48.558] [bbotk]  nrounds       eta max_depth classif.ce warnings errors runtime_learners
INFO  [16:56:48.558] [bbotk]      245 0.2386657        10  0.1102222        0      0            1.023
INFO  [16:56:48.558] [bbotk]                                 uhash
INFO  [16:56:48.558] [bbotk]  c53d4866-ef33-406d-b8a3-5a422ec2f86d
INFO  [16:56:48.562] [bbotk] Evaluating 1 configuration(s)
INFO  [16:56:49.108] [bbotk] Result of batch 3:
INFO  [16:56:49.109] [bbotk]  nrounds       eta max_depth classif.ce warnings errors runtime_learners
INFO  [16:56:49.109] [bbotk]       95 0.2767922        10  0.1075556        0      0            0.511
INFO  [16:56:49.109] [bbotk]                                 uhash
INFO  [16:56:49.109] [bbotk]  476ee8e0-192c-4fac-bbbb-bad83ffa571b
INFO  [16:56:49.112] [bbotk] Evaluating 1 configuration(s)
INFO  [16:56:50.014] [bbotk] Result of batch 4:
INFO  [16:56:50.015] [bbotk]  nrounds       eta max_depth classif.ce warnings errors runtime_learners
INFO  [16:56:50.015] [bbotk]      180 0.1856383         8  0.1084444        0      0            0.863
INFO  [16:56:50.015] [bbotk]                                 uhash
INFO  [16:56:50.015] [bbotk]  346a2487-4e67-442e-847a-e768c2c966ef
INFO  [16:56:50.021] [bbotk] Evaluating 1 configuration(s)
INFO  [16:56:51.672] [bbotk] Result of batch 5:
INFO  [16:56:51.673] [bbotk]  nrounds        eta max_depth classif.ce warnings errors runtime_learners
INFO  [16:56:51.673] [bbotk]      266 0.04752295         9  0.1048889        0      0            1.607
INFO  [16:56:51.673] [bbotk]                                 uhash
INFO  [16:56:51.673] [bbotk]  41628610-a3d7-41e7-8223-7a5f45aa44ef
INFO  [16:56:51.681] [bbotk] Evaluating 1 configuration(s)
INFO  [16:56:52.237] [bbotk] Result of batch 6:
INFO  [16:56:52.241] [bbotk]  nrounds       eta max_depth classif.ce warnings errors runtime_learners
INFO  [16:56:52.241] [bbotk]      275 0.2311901         2  0.1084444        0      0            0.504
INFO  [16:56:52.241] [bbotk]                                 uhash
INFO  [16:56:52.241] [bbotk]  dce34360-ec13-4077-8d76-6e2770ded020
INFO  [16:56:52.251] [bbotk] Evaluating 1 configuration(s)
INFO  [16:56:53.760] [bbotk] Result of batch 7:
INFO  [16:56:53.761] [bbotk]  nrounds        eta max_depth classif.ce warnings errors runtime_learners
INFO  [16:56:53.761] [bbotk]      251 0.06351828         8  0.1057778        0      0            1.462
INFO  [16:56:53.761] [bbotk]                                 uhash
INFO  [16:56:53.761] [bbotk]  e5acf46b-60fd-4d3a-b157-552b51c2e132
INFO  [16:56:53.765] [bbotk] Evaluating 1 configuration(s)
INFO  [16:56:54.508] [bbotk] Result of batch 8:
INFO  [16:56:54.509] [bbotk]  nrounds       eta max_depth classif.ce warnings errors runtime_learners
INFO  [16:56:54.509] [bbotk]      225 0.2381211         4  0.1013333        0      0            0.706
INFO  [16:56:54.509] [bbotk]                                 uhash
INFO  [16:56:54.509] [bbotk]  a2f0fd06-8102-49e0-84cf-7b256e5395a7
INFO  [16:56:54.520] [bbotk] Evaluating 1 configuration(s)
INFO  [16:56:55.851] [bbotk] Result of batch 9:
INFO  [16:56:55.852] [bbotk]  nrounds       eta max_depth classif.ce warnings errors runtime_learners
INFO  [16:56:55.852] [bbotk]      290 0.1548752         8  0.1111111        0      0            1.289
INFO  [16:56:55.852] [bbotk]                                 uhash
INFO  [16:56:55.852] [bbotk]  7e005221-2b2f-4dd8-8c4c-71c00af31b30
INFO  [16:56:55.856] [bbotk] Evaluating 1 configuration(s)
INFO  [16:56:56.567] [bbotk] Result of batch 10:
INFO  [16:56:56.568] [bbotk]  nrounds        eta max_depth classif.ce warnings errors runtime_learners
INFO  [16:56:56.568] [bbotk]      263 0.01706902         3  0.1031111        0      0            0.672
INFO  [16:56:56.568] [bbotk]                                 uhash
INFO  [16:56:56.568] [bbotk]  28edb9a0-29e7-4d53-bcea-9f3e136d15f1
INFO  [16:56:56.579] [bbotk] Finished optimizing after 10 evaluation(s)
INFO  [16:56:56.580] [bbotk] Result:
INFO  [16:56:56.581] [bbotk]  nrounds       eta max_depth learner_param_vals  x_domain classif.ce
INFO  [16:56:56.581] [bbotk]    <int>     <num>     <int>             <list>    <list>      <num>
INFO  [16:56:56.581] [bbotk]      225 0.2381211         4          <list[5]> <list[3]>  0.1013333
INFO  [16:56:57.006] [bbotk] Starting to optimize 3 parameter(s) with '<OptimizerBatchRandomSearch>' and '<TerminatorEvals> [n_evals=10, k=0]'
INFO  [16:56:57.028] [bbotk] Evaluating 1 configuration(s)
INFO  [16:56:57.912] [bbotk] Result of batch 1:
INFO  [16:56:57.913] [bbotk]  nrounds       eta max_depth classif.ce warnings errors runtime_learners
INFO  [16:56:57.913] [bbotk]      240 0.2978006         6  0.1270142        0      0            0.845
INFO  [16:56:57.913] [bbotk]                                 uhash
INFO  [16:56:57.913] [bbotk]  d74c0ddf-c8ee-421b-ad61-7446304f876c
INFO  [16:56:57.916] [bbotk] Evaluating 1 configuration(s)
INFO  [16:56:58.395] [bbotk] Result of batch 2:
INFO  [16:56:58.397] [bbotk]  nrounds       eta max_depth classif.ce warnings errors runtime_learners
INFO  [16:56:58.397] [bbotk]      126 0.2784913         4  0.1127991        0      0            0.437
INFO  [16:56:58.397] [bbotk]                                 uhash
INFO  [16:56:58.397] [bbotk]  a2b8008a-3640-4d09-ab38-100f7dc97b04
INFO  [16:56:58.405] [bbotk] Evaluating 1 configuration(s)
INFO  [16:56:58.943] [bbotk] Result of batch 3:
INFO  [16:56:58.945] [bbotk]  nrounds       eta max_depth classif.ce warnings errors runtime_learners
INFO  [16:56:58.945] [bbotk]      119 0.2727086         5  0.1110236        0      0              0.5
INFO  [16:56:58.945] [bbotk]                                 uhash
INFO  [16:56:58.945] [bbotk]  902d687e-63f5-4499-aee1-208045039db9
INFO  [16:56:58.955] [bbotk] Evaluating 1 configuration(s)
INFO  [16:56:59.495] [bbotk] Result of batch 4:
INFO  [16:56:59.497] [bbotk]  nrounds       eta max_depth classif.ce warnings errors runtime_learners
INFO  [16:56:59.497] [bbotk]      104 0.1536972         5  0.1083664        0      0            0.492
INFO  [16:56:59.497] [bbotk]                                 uhash
INFO  [16:56:59.497] [bbotk]  5bcf1bfa-dae4-4723-823a-1ed0336c3643
INFO  [16:56:59.504] [bbotk] Evaluating 1 configuration(s)
INFO  [16:57:00.768] [bbotk] Result of batch 5:
INFO  [16:57:00.769] [bbotk]  nrounds       eta max_depth classif.ce warnings errors runtime_learners
INFO  [16:57:00.769] [bbotk]      246 0.1801362         7  0.1163593        0      0            1.203
INFO  [16:57:00.769] [bbotk]                                 uhash
INFO  [16:57:00.769] [bbotk]  30a6cc88-fdd0-4d90-b03b-713404af5bb1
INFO  [16:57:00.772] [bbotk] Evaluating 1 configuration(s)
INFO  [16:57:01.190] [bbotk] Result of batch 6:
INFO  [16:57:01.191] [bbotk]  nrounds        eta max_depth classif.ce warnings errors runtime_learners
INFO  [16:57:01.191] [bbotk]      105 0.09975982         4  0.1074728        0      0             0.39
INFO  [16:57:01.191] [bbotk]                                 uhash
INFO  [16:57:01.191] [bbotk]  7353c6b4-2872-424f-aaee-a71eb49dbac9
INFO  [16:57:01.200] [bbotk] Evaluating 1 configuration(s)
INFO  [16:57:01.644] [bbotk] Result of batch 7:
INFO  [16:57:01.645] [bbotk]  nrounds       eta max_depth classif.ce warnings errors runtime_learners
INFO  [16:57:01.645] [bbotk]      159 0.1334063         3  0.1128014        0      0              0.4
INFO  [16:57:01.645] [bbotk]                                 uhash
INFO  [16:57:01.645] [bbotk]  d4bb0b5f-a9a6-46ef-9697-7109657a09d1
INFO  [16:57:01.652] [bbotk] Evaluating 1 configuration(s)
INFO  [16:57:02.275] [bbotk] Result of batch 8:
INFO  [16:57:02.276] [bbotk]  nrounds       eta max_depth classif.ce warnings errors runtime_learners
INFO  [16:57:02.276] [bbotk]      230 0.1308389         3  0.1110284        0      0            0.586
INFO  [16:57:02.276] [bbotk]                                 uhash
INFO  [16:57:02.276] [bbotk]  f5f66990-a450-42b7-9ea5-9ae1dacee2df
INFO  [16:57:02.282] [bbotk] Evaluating 1 configuration(s)
INFO  [16:57:04.463] [bbotk] Result of batch 9:
INFO  [16:57:04.465] [bbotk]  nrounds        eta max_depth classif.ce warnings errors runtime_learners
INFO  [16:57:04.465] [bbotk]      277 0.02053321        10  0.1074634        0      0            2.131
INFO  [16:57:04.465] [bbotk]                                 uhash
INFO  [16:57:04.465] [bbotk]  4a861329-0164-46fe-95d7-3e69f69780ce
INFO  [16:57:04.478] [bbotk] Evaluating 1 configuration(s)
INFO  [16:57:04.670] [bbotk] Result of batch 10:
INFO  [16:57:04.671] [bbotk]  nrounds       eta max_depth classif.ce warnings errors runtime_learners
INFO  [16:57:04.671] [bbotk]       82 0.2938971         2  0.1181348        0      0            0.151
INFO  [16:57:04.671] [bbotk]                                 uhash
INFO  [16:57:04.671] [bbotk]  12b1276f-7b02-4d6f-a56e-5827d2e96cc2
INFO  [16:57:04.679] [bbotk] Finished optimizing after 10 evaluation(s)
INFO  [16:57:04.679] [bbotk] Result:
INFO  [16:57:04.680] [bbotk]  nrounds        eta max_depth learner_param_vals  x_domain classif.ce
INFO  [16:57:04.680] [bbotk]    <int>      <num>     <int>             <list>    <list>      <num>
INFO  [16:57:04.680] [bbotk]      277 0.02053321        10          <list[5]> <list[3]>  0.1074634
INFO  [16:57:05.733] [bbotk] Starting to optimize 3 parameter(s) with '<OptimizerBatchRandomSearch>' and '<TerminatorEvals> [n_evals=10, k=0]'
INFO  [16:57:05.749] [bbotk] Evaluating 1 configuration(s)
INFO  [16:57:05.994] [bbotk] Result of batch 1:
INFO  [16:57:05.996] [bbotk]  nrounds        eta max_depth classif.ce warnings errors runtime_learners
INFO  [16:57:05.996] [bbotk]      127 0.06597055         2  0.1056832        0      0            0.213
INFO  [16:57:05.996] [bbotk]                                 uhash
INFO  [16:57:05.996] [bbotk]  b8e2881d-a6a1-48e9-a9bf-e393ddb5ae35
INFO  [16:57:06.003] [bbotk] Evaluating 1 configuration(s)
INFO  [16:57:06.613] [bbotk] Result of batch 2:
INFO  [16:57:06.614] [bbotk]  nrounds       eta max_depth classif.ce warnings errors runtime_learners
INFO  [16:57:06.614] [bbotk]      221 0.2207264         3  0.1101206        0      0            0.575
INFO  [16:57:06.614] [bbotk]                                 uhash
INFO  [16:57:06.614] [bbotk]  4575b9ed-fd92-4b94-b117-f8c02bd0ec3e
INFO  [16:57:06.618] [bbotk] Evaluating 1 configuration(s)
INFO  [16:57:07.664] [bbotk] Result of batch 3:
INFO  [16:57:07.665] [bbotk]  nrounds        eta max_depth classif.ce warnings errors runtime_learners
INFO  [16:57:07.665] [bbotk]      155 0.05353439         8  0.1038936        0      0            0.991
INFO  [16:57:07.665] [bbotk]                                 uhash
INFO  [16:57:07.665] [bbotk]  a6de92b3-1149-4c24-95df-544486f11b2c
INFO  [16:57:07.671] [bbotk] Evaluating 1 configuration(s)
INFO  [16:57:08.277] [bbotk] Result of batch 4:
INFO  [16:57:08.279] [bbotk]  nrounds       eta max_depth classif.ce warnings errors runtime_learners
INFO  [16:57:08.279] [bbotk]       95 0.1801099         9  0.1047849        0      0            0.567
INFO  [16:57:08.279] [bbotk]                                 uhash
INFO  [16:57:08.279] [bbotk]  bd0690dd-6dc3-4bbf-8a60-92dd3cf9e85d
INFO  [16:57:08.288] [bbotk] Evaluating 1 configuration(s)
INFO  [16:57:08.913] [bbotk] Result of batch 5:
INFO  [16:57:08.914] [bbotk]  nrounds       eta max_depth classif.ce warnings errors runtime_learners
INFO  [16:57:08.914] [bbotk]      137 0.1557335         5  0.1127754        0      0            0.583
INFO  [16:57:08.914] [bbotk]                                 uhash
INFO  [16:57:08.914] [bbotk]  452760a8-5ab4-426a-a4e2-d13440cf287d
INFO  [16:57:08.919] [bbotk] Evaluating 1 configuration(s)
INFO  [16:57:09.325] [bbotk] Result of batch 6:
INFO  [16:57:09.326] [bbotk]  nrounds       eta max_depth classif.ce warnings errors runtime_learners
INFO  [16:57:09.326] [bbotk]      202 0.2443475         2  0.1110095        0      0            0.362
INFO  [16:57:09.326] [bbotk]                                 uhash
INFO  [16:57:09.326] [bbotk]  07422c56-91b1-455d-abf7-d759742efdd3
INFO  [16:57:09.330] [bbotk] Evaluating 1 configuration(s)
INFO  [16:57:09.896] [bbotk] Result of batch 7:
INFO  [16:57:09.898] [bbotk]  nrounds       eta max_depth classif.ce warnings errors runtime_learners
INFO  [16:57:09.898] [bbotk]      168 0.2603026         3  0.1065626        0      0            0.508
INFO  [16:57:09.898] [bbotk]                                 uhash
INFO  [16:57:09.898] [bbotk]  3418694c-c1e1-41db-a8e5-6f1dfdaea333
INFO  [16:57:09.908] [bbotk] Evaluating 1 configuration(s)
INFO  [16:57:11.582] [bbotk] Result of batch 8:
INFO  [16:57:11.584] [bbotk]  nrounds        eta max_depth classif.ce warnings errors runtime_learners
INFO  [16:57:11.584] [bbotk]      281 0.07805031         9  0.1065603        0      0            1.629
INFO  [16:57:11.584] [bbotk]                                 uhash
INFO  [16:57:11.584] [bbotk]  8d5a729b-b410-402e-8cf1-c07768a9a828
INFO  [16:57:11.595] [bbotk] Evaluating 1 configuration(s)
INFO  [16:57:12.269] [bbotk] Result of batch 9:
INFO  [16:57:12.271] [bbotk]  nrounds        eta max_depth classif.ce warnings errors runtime_learners
INFO  [16:57:12.271] [bbotk]       90 0.08106837         8  0.1056738        0      0            0.642
INFO  [16:57:12.271] [bbotk]                                 uhash
INFO  [16:57:12.271] [bbotk]  284ce7dd-29da-4a54-9537-7af3c9a742bb
INFO  [16:57:12.278] [bbotk] Evaluating 1 configuration(s)
INFO  [16:57:12.616] [bbotk] Result of batch 10:
INFO  [16:57:12.617] [bbotk]  nrounds      eta max_depth classif.ce warnings errors runtime_learners
INFO  [16:57:12.617] [bbotk]       67 0.164953         4   0.106565        0      0            0.295
INFO  [16:57:12.617] [bbotk]                                 uhash
INFO  [16:57:12.617] [bbotk]  41f0e09c-4343-48aa-b9bf-612ed48f600b
INFO  [16:57:12.635] [bbotk] Finished optimizing after 10 evaluation(s)
INFO  [16:57:12.635] [bbotk] Result:
INFO  [16:57:12.636] [bbotk]  nrounds        eta max_depth learner_param_vals  x_domain classif.ce
INFO  [16:57:12.636] [bbotk]    <int>      <num>     <int>             <list>    <list>      <num>
INFO  [16:57:12.636] [bbotk]      155 0.05353439         8          <list[5]> <list[3]>  0.1038936
INFO  [16:57:13.226] [bbotk] Starting to optimize 3 parameter(s) with '<OptimizerBatchRandomSearch>' and '<TerminatorEvals> [n_evals=10, k=0]'
INFO  [16:57:13.250] [bbotk] Evaluating 1 configuration(s)
INFO  [16:57:13.867] [bbotk] Result of batch 1:
INFO  [16:57:13.868] [bbotk]  nrounds       eta max_depth classif.ce warnings errors runtime_learners
INFO  [16:57:13.868] [bbotk]      292 0.2683674         2  0.1136643        0      0            0.582
INFO  [16:57:13.868] [bbotk]                                 uhash
INFO  [16:57:13.868] [bbotk]  c3eb0ef0-8657-497a-b095-64427638530e
INFO  [16:57:13.873] [bbotk] Evaluating 1 configuration(s)
INFO  [16:57:15.183] [bbotk] Result of batch 2:
INFO  [16:57:15.184] [bbotk]  nrounds        eta max_depth classif.ce warnings errors runtime_learners
INFO  [16:57:15.184] [bbotk]      188 0.02654112         8  0.1030142        0      0            1.278
INFO  [16:57:15.184] [bbotk]                                 uhash
INFO  [16:57:15.184] [bbotk]  81cef254-f21d-44cb-8cf3-d9e31ddeff9c
INFO  [16:57:15.192] [bbotk] Evaluating 1 configuration(s)
INFO  [16:57:16.359] [bbotk] Result of batch 3:
INFO  [16:57:16.360] [bbotk]  nrounds       eta max_depth classif.ce warnings errors runtime_learners
INFO  [16:57:16.360] [bbotk]      206 0.1210613         8  0.1083499        0      0            1.124
INFO  [16:57:16.360] [bbotk]                                 uhash
INFO  [16:57:16.360] [bbotk]  f33915d9-9be8-4923-a446-382ae4f422b2
INFO  [16:57:16.364] [bbotk] Evaluating 1 configuration(s)
INFO  [16:57:16.713] [bbotk] Result of batch 4:
INFO  [16:57:16.715] [bbotk]  nrounds        eta max_depth classif.ce warnings errors runtime_learners
INFO  [16:57:16.715] [bbotk]      158 0.01465079         2  0.1003641        0      0            0.293
INFO  [16:57:16.715] [bbotk]                                 uhash
INFO  [16:57:16.715] [bbotk]  5fce9bb4-85ad-4cca-9cb3-29ebbef8e429
INFO  [16:57:16.720] [bbotk] Evaluating 1 configuration(s)
INFO  [16:57:17.220] [bbotk] Result of batch 5:
INFO  [16:57:17.222] [bbotk]  nrounds       eta max_depth classif.ce warnings errors runtime_learners
INFO  [16:57:17.222] [bbotk]       75 0.1461266         7  0.1127872        0      0            0.451
INFO  [16:57:17.222] [bbotk]                                 uhash
INFO  [16:57:17.222] [bbotk]  2cd3065b-2272-4883-a82c-94d0d87226b9
INFO  [16:57:17.232] [bbotk] Evaluating 1 configuration(s)
INFO  [16:57:18.377] [bbotk] Result of batch 6:
INFO  [16:57:18.379] [bbotk]  nrounds       eta max_depth classif.ce warnings errors runtime_learners
INFO  [16:57:18.379] [bbotk]      292 0.2746023         8  0.1092293        0      0            1.103
INFO  [16:57:18.379] [bbotk]                                 uhash
INFO  [16:57:18.379] [bbotk]  06386da7-e482-4d41-a69a-bcceb818ec52
INFO  [16:57:18.388] [bbotk] Evaluating 1 configuration(s)
INFO  [16:57:18.992] [bbotk] Result of batch 7:
INFO  [16:57:18.993] [bbotk]  nrounds        eta max_depth classif.ce warnings errors runtime_learners
INFO  [16:57:18.993] [bbotk]       80 0.09597989        10  0.1021253        0      0            0.565
INFO  [16:57:18.993] [bbotk]                                 uhash
INFO  [16:57:18.993] [bbotk]  2c11f8b4-1c8d-449e-a640-51e8a77321de
INFO  [16:57:18.997] [bbotk] Evaluating 1 configuration(s)
INFO  [16:57:19.954] [bbotk] Result of batch 8:
INFO  [16:57:19.956] [bbotk]  nrounds       eta max_depth classif.ce warnings errors runtime_learners
INFO  [16:57:19.956] [bbotk]      144 0.1474024         9  0.1030213        0      0            0.905
INFO  [16:57:19.956] [bbotk]                                 uhash
INFO  [16:57:19.956] [bbotk]  8ce48aab-aff1-414b-a485-aceca2dadbae
INFO  [16:57:19.969] [bbotk] Evaluating 1 configuration(s)
INFO  [16:57:20.533] [bbotk] Result of batch 9:
INFO  [16:57:20.534] [bbotk]  nrounds        eta max_depth classif.ce warnings errors runtime_learners
INFO  [16:57:20.534] [bbotk]      164 0.07002807         3  0.1083499        0      0            0.517
INFO  [16:57:20.534] [bbotk]                                 uhash
INFO  [16:57:20.534] [bbotk]  7f7c177c-2133-4e18-87db-769377db533f
INFO  [16:57:20.538] [bbotk] Evaluating 1 configuration(s)
INFO  [16:57:21.057] [bbotk] Result of batch 10:
INFO  [16:57:21.058] [bbotk]  nrounds       eta max_depth classif.ce warnings errors runtime_learners
INFO  [16:57:21.058] [bbotk]       72 0.2370034        10  0.1056832        0      0             0.48
INFO  [16:57:21.058] [bbotk]                                 uhash
INFO  [16:57:21.058] [bbotk]  3280bff1-19c8-4bea-b1a2-dad48cd8d613
INFO  [16:57:21.069] [bbotk] Finished optimizing after 10 evaluation(s)
INFO  [16:57:21.069] [bbotk] Result:
INFO  [16:57:21.070] [bbotk]  nrounds        eta max_depth learner_param_vals  x_domain classif.ce
INFO  [16:57:21.070] [bbotk]    <int>      <num>     <int>             <list>    <list>      <num>
INFO  [16:57:21.070] [bbotk]      158 0.01465079         2          <list[5]> <list[3]>  0.1003641

### [bt]: Job terminated successfully [batchtools job.id=1480]
### [bt]: Calculation finished!
