### [bt]: This is batchtools v0.9.17
### [bt]: Starting calculation of 5 jobs
### [bt]: Setting working directory to '/Users/User/Documents/Studium/Semester8/Hiwi/mlr3calibration/vignettes'
### [bt]: Memory measurement disabled
### [bt]: Starting job [batchtools job.id=2236]
### [bt]: Generating problem instance for problem 'a63d756aec4c60c1' ...
### [bt]: Applying algorithm 'run_learner' on problem 'a63d756aec4c60c1' for job 2236 (seed = 2237) ...
INFO  [17:08:31.147] [mlr3] Applying learner 'classif.xgboost.tuned_calib.oof_beta' on task 'pc1' (iter 6/10)
INFO  [17:08:31.215] [bbotk] Starting to optimize 3 parameter(s) with '<OptimizerBatchRandomSearch>' and '<TerminatorEvals> [n_evals=10, k=0]'
INFO  [17:08:31.232] [bbotk] Evaluating 1 configuration(s)
INFO  [17:08:31.794] [bbotk] Result of batch 1:
INFO  [17:08:31.795] [bbotk]  nrounds      eta max_depth classif.ce warnings errors runtime_learners
INFO  [17:08:31.795] [bbotk]      234 0.179772        10 0.07393484        0      0            0.451
INFO  [17:08:31.795] [bbotk]                                 uhash
INFO  [17:08:31.795] [bbotk]  6ed1d9cd-7b60-480e-9b71-35b9fbf33c71
INFO  [17:08:31.802] [bbotk] Evaluating 1 configuration(s)
INFO  [17:08:32.111] [bbotk] Result of batch 2:
INFO  [17:08:32.114] [bbotk]  nrounds        eta max_depth classif.ce warnings errors runtime_learners
INFO  [17:08:32.114] [bbotk]       92 0.07763142        10 0.06892231        0      0            0.266
INFO  [17:08:32.114] [bbotk]                                 uhash
INFO  [17:08:32.114] [bbotk]  29bd5674-1674-4c0f-9664-eb3f77a12361
INFO  [17:08:32.119] [bbotk] Evaluating 1 configuration(s)
INFO  [17:08:32.575] [bbotk] Result of batch 3:
INFO  [17:08:32.576] [bbotk]  nrounds       eta max_depth classif.ce warnings errors runtime_learners
INFO  [17:08:32.576] [bbotk]      209 0.2272098         5 0.07017544        0      0            0.394
INFO  [17:08:32.576] [bbotk]                                 uhash
INFO  [17:08:32.576] [bbotk]  011da956-b5cc-48d1-955b-110a155831e7
INFO  [17:08:32.584] [bbotk] Evaluating 1 configuration(s)
INFO  [17:08:33.033] [bbotk] Result of batch 4:
INFO  [17:08:33.036] [bbotk]  nrounds       eta max_depth classif.ce warnings errors runtime_learners
INFO  [17:08:33.036] [bbotk]      153 0.1378854        10 0.07017544        0      0            0.402
INFO  [17:08:33.036] [bbotk]                                 uhash
INFO  [17:08:33.036] [bbotk]  6b3c0b31-6065-42c9-85e5-2ed333724edd
INFO  [17:08:33.043] [bbotk] Evaluating 1 configuration(s)
INFO  [17:08:33.453] [bbotk] Result of batch 5:
INFO  [17:08:33.459] [bbotk]  nrounds        eta max_depth classif.ce warnings errors runtime_learners
INFO  [17:08:33.459] [bbotk]      176 0.03582688         5 0.06892231        0      0            0.361
INFO  [17:08:33.459] [bbotk]                                 uhash
INFO  [17:08:33.459] [bbotk]  f112222d-5d23-418a-8d30-ab70acf57049
INFO  [17:08:33.474] [bbotk] Evaluating 1 configuration(s)
INFO  [17:08:33.792] [bbotk] Result of batch 6:
INFO  [17:08:33.793] [bbotk]  nrounds       eta max_depth classif.ce warnings errors runtime_learners
INFO  [17:08:33.793] [bbotk]       84 0.1689344        10 0.06766917        0      0            0.243
INFO  [17:08:33.793] [bbotk]                                 uhash
INFO  [17:08:33.793] [bbotk]  ae54efee-d2ef-4895-a5ad-d327bc2419fd
INFO  [17:08:33.797] [bbotk] Evaluating 1 configuration(s)
INFO  [17:08:34.026] [bbotk] Result of batch 7:
INFO  [17:08:34.027] [bbotk]  nrounds       eta max_depth classif.ce warnings errors runtime_learners
INFO  [17:08:34.027] [bbotk]      188 0.2525056         2  0.0726817        0      0            0.181
INFO  [17:08:34.027] [bbotk]                                 uhash
INFO  [17:08:34.027] [bbotk]  c5d196d3-24cf-4649-9780-3c8d76acdbe9
INFO  [17:08:34.041] [bbotk] Evaluating 1 configuration(s)
INFO  [17:08:34.472] [bbotk] Result of batch 8:
INFO  [17:08:34.473] [bbotk]  nrounds       eta max_depth classif.ce warnings errors runtime_learners
INFO  [17:08:34.473] [bbotk]      185 0.2079869         4  0.0726817        0      0             0.36
INFO  [17:08:34.473] [bbotk]                                 uhash
INFO  [17:08:34.473] [bbotk]  85fa0a4c-961a-4980-b6a5-72ef96c87cbb
INFO  [17:08:34.479] [bbotk] Evaluating 1 configuration(s)
INFO  [17:08:34.717] [bbotk] Result of batch 9:
INFO  [17:08:34.721] [bbotk]  nrounds       eta max_depth classif.ce warnings errors runtime_learners
INFO  [17:08:34.721] [bbotk]       82 0.2101005         4 0.07142857        0      0            0.154
INFO  [17:08:34.721] [bbotk]                                 uhash
INFO  [17:08:34.721] [bbotk]  6a8a0fd2-97bc-43cb-b6d1-677369214245
INFO  [17:08:34.725] [bbotk] Evaluating 1 configuration(s)
INFO  [17:08:35.254] [bbotk] Result of batch 10:
INFO  [17:08:35.262] [bbotk]  nrounds       eta max_depth classif.ce warnings errors runtime_learners
INFO  [17:08:35.262] [bbotk]      146 0.2825537         8 0.07142857        0      0            0.456
INFO  [17:08:35.262] [bbotk]                                 uhash
INFO  [17:08:35.262] [bbotk]  7701ee43-28b8-456f-8ceb-573cdce4ccd4
INFO  [17:08:35.295] [bbotk] Finished optimizing after 10 evaluation(s)
INFO  [17:08:35.295] [bbotk] Result:
INFO  [17:08:35.296] [bbotk]  nrounds       eta max_depth learner_param_vals  x_domain classif.ce
INFO  [17:08:35.296] [bbotk]    <int>     <num>     <int>             <list>    <list>      <num>
INFO  [17:08:35.296] [bbotk]       84 0.1689344        10          <list[5]> <list[3]> 0.06766917
INFO  [17:08:35.501] [bbotk] Starting to optimize 3 parameter(s) with '<OptimizerBatchRandomSearch>' and '<TerminatorEvals> [n_evals=10, k=0]'
INFO  [17:08:35.529] [bbotk] Evaluating 1 configuration(s)
INFO  [17:08:36.069] [bbotk] Result of batch 1:
INFO  [17:08:36.071] [bbotk]  nrounds       eta max_depth classif.ce warnings errors runtime_learners
INFO  [17:08:36.071] [bbotk]      210 0.1450305         5 0.07393484        0      0            0.466
INFO  [17:08:36.071] [bbotk]                                 uhash
INFO  [17:08:36.071] [bbotk]  0235a7f3-83a7-40a6-9033-33fbc8640bed
INFO  [17:08:36.086] [bbotk] Evaluating 1 configuration(s)
INFO  [17:08:36.525] [bbotk] Result of batch 2:
INFO  [17:08:36.527] [bbotk]  nrounds       eta max_depth classif.ce warnings errors runtime_learners
INFO  [17:08:36.527] [bbotk]      143 0.1102126         7 0.07518797        0      0            0.374
INFO  [17:08:36.527] [bbotk]                                 uhash
INFO  [17:08:36.527] [bbotk]  141ac0de-3784-422a-9031-8fd1d72babbd
INFO  [17:08:36.531] [bbotk] Evaluating 1 configuration(s)
INFO  [17:08:36.977] [bbotk] Result of batch 3:
INFO  [17:08:36.978] [bbotk]  nrounds       eta max_depth classif.ce warnings errors runtime_learners
INFO  [17:08:36.978] [bbotk]      220 0.2230959         6 0.07518797        0      0            0.402
INFO  [17:08:36.978] [bbotk]                                 uhash
INFO  [17:08:36.978] [bbotk]  8277601e-4c8e-4647-a960-40f29f6abdd7
INFO  [17:08:36.982] [bbotk] Evaluating 1 configuration(s)
INFO  [17:08:37.281] [bbotk] Result of batch 4:
INFO  [17:08:37.282] [bbotk]  nrounds       eta max_depth classif.ce warnings errors runtime_learners
INFO  [17:08:37.282] [bbotk]       86 0.2066751        10  0.0764411        0      0            0.256
INFO  [17:08:37.282] [bbotk]                                 uhash
INFO  [17:08:37.282] [bbotk]  a2d4a55e-cf01-4d94-8ffe-d9dbd4e8322d
INFO  [17:08:37.295] [bbotk] Evaluating 1 configuration(s)
INFO  [17:08:37.539] [bbotk] Result of batch 5:
INFO  [17:08:37.540] [bbotk]  nrounds        eta max_depth classif.ce warnings errors runtime_learners
INFO  [17:08:37.540] [bbotk]      172 0.05438634         2 0.06641604        0      0            0.183
INFO  [17:08:37.540] [bbotk]                                 uhash
INFO  [17:08:37.540] [bbotk]  c0a65199-1f61-43c7-98d9-c4aa1edfa080
INFO  [17:08:37.551] [bbotk] Evaluating 1 configuration(s)
INFO  [17:08:38.094] [bbotk] Result of batch 6:
INFO  [17:08:38.095] [bbotk]  nrounds        eta max_depth classif.ce warnings errors runtime_learners
INFO  [17:08:38.095] [bbotk]      204 0.08903005        10 0.07518797        0      0            0.474
INFO  [17:08:38.095] [bbotk]                                 uhash
INFO  [17:08:38.095] [bbotk]  eaad3d2b-ee45-47be-8aa8-71bc384eb4a1
INFO  [17:08:38.100] [bbotk] Evaluating 1 configuration(s)
INFO  [17:08:38.554] [bbotk] Result of batch 7:
INFO  [17:08:38.555] [bbotk]  nrounds       eta max_depth classif.ce warnings errors runtime_learners
INFO  [17:08:38.555] [bbotk]      181 0.1520438        10 0.07518797        0      0            0.413
INFO  [17:08:38.555] [bbotk]                                 uhash
INFO  [17:08:38.555] [bbotk]  433051dc-f73b-412f-86d3-702aeba74963
INFO  [17:08:38.559] [bbotk] Evaluating 1 configuration(s)
INFO  [17:08:38.800] [bbotk] Result of batch 8:
INFO  [17:08:38.801] [bbotk]  nrounds       eta max_depth classif.ce warnings errors runtime_learners
INFO  [17:08:38.801] [bbotk]      205 0.1898605         2 0.07393484        0      0            0.187
INFO  [17:08:38.801] [bbotk]                                 uhash
INFO  [17:08:38.801] [bbotk]  4db0211a-d543-4f9a-b6ec-705c99416360
INFO  [17:08:38.806] [bbotk] Evaluating 1 configuration(s)
INFO  [17:08:38.947] [bbotk] Result of batch 9:
INFO  [17:08:38.949] [bbotk]  nrounds       eta max_depth classif.ce warnings errors runtime_learners
INFO  [17:08:38.949] [bbotk]       61 0.1295531         3  0.0726817        0      0            0.099
INFO  [17:08:38.949] [bbotk]                                 uhash
INFO  [17:08:38.949] [bbotk]  33665c26-dd8a-41b8-9bf1-9838f463c211
INFO  [17:08:38.957] [bbotk] Evaluating 1 configuration(s)
INFO  [17:08:39.319] [bbotk] Result of batch 10:
INFO  [17:08:39.321] [bbotk]  nrounds       eta max_depth classif.ce warnings errors runtime_learners
INFO  [17:08:39.321] [bbotk]      132 0.1040378        10 0.07142857        0      0            0.321
INFO  [17:08:39.321] [bbotk]                                 uhash
INFO  [17:08:39.321] [bbotk]  af7e7647-7fba-4df5-9169-42dde3443e2a
INFO  [17:08:39.333] [bbotk] Finished optimizing after 10 evaluation(s)
INFO  [17:08:39.333] [bbotk] Result:
INFO  [17:08:39.334] [bbotk]  nrounds        eta max_depth learner_param_vals  x_domain classif.ce
INFO  [17:08:39.334] [bbotk]    <int>      <num>     <int>             <list>    <list>      <num>
INFO  [17:08:39.334] [bbotk]      172 0.05438634         2          <list[5]> <list[3]> 0.06641604
INFO  [17:08:39.466] [bbotk] Starting to optimize 3 parameter(s) with '<OptimizerBatchRandomSearch>' and '<TerminatorEvals> [n_evals=10, k=0]'
INFO  [17:08:39.479] [bbotk] Evaluating 1 configuration(s)
INFO  [17:08:39.835] [bbotk] Result of batch 1:
INFO  [17:08:39.836] [bbotk]  nrounds        eta max_depth classif.ce warnings errors runtime_learners
INFO  [17:08:39.836] [bbotk]      267 0.03508002         3 0.07142857        0      0            0.325
INFO  [17:08:39.836] [bbotk]                                 uhash
INFO  [17:08:39.836] [bbotk]  eb4e46ca-6c68-4a60-8f03-5b5a8b75e521
INFO  [17:08:39.845] [bbotk] Evaluating 1 configuration(s)
INFO  [17:08:40.269] [bbotk] Result of batch 2:
INFO  [17:08:40.270] [bbotk]  nrounds        eta max_depth classif.ce warnings errors runtime_learners
INFO  [17:08:40.270] [bbotk]      149 0.08455426        10 0.07393484        0      0            0.383
INFO  [17:08:40.270] [bbotk]                                 uhash
INFO  [17:08:40.270] [bbotk]  3cccbeb6-d97a-4acd-a9a3-50abeecf7055
INFO  [17:08:40.280] [bbotk] Evaluating 1 configuration(s)
INFO  [17:08:40.627] [bbotk] Result of batch 3:
INFO  [17:08:40.628] [bbotk]  nrounds       eta max_depth classif.ce warnings errors runtime_learners
INFO  [17:08:40.628] [bbotk]      243 0.2917384         3 0.07894737        0      0            0.311
INFO  [17:08:40.628] [bbotk]                                 uhash
INFO  [17:08:40.628] [bbotk]  545914ff-8314-4125-9c23-4e7f61a9252e
INFO  [17:08:40.633] [bbotk] Evaluating 1 configuration(s)
INFO  [17:08:41.447] [bbotk] Result of batch 4:
INFO  [17:08:41.448] [bbotk]  nrounds        eta max_depth classif.ce warnings errors runtime_learners
INFO  [17:08:41.448] [bbotk]      280 0.03381864         7 0.07518797        0      0            0.749
INFO  [17:08:41.448] [bbotk]                                 uhash
INFO  [17:08:41.448] [bbotk]  8ab25402-ef0c-40f8-9861-a4bd529e6756
INFO  [17:08:41.452] [bbotk] Evaluating 1 configuration(s)
INFO  [17:08:41.901] [bbotk] Result of batch 5:
INFO  [17:08:41.902] [bbotk]  nrounds      eta max_depth classif.ce warnings errors runtime_learners
INFO  [17:08:41.902] [bbotk]      291 0.141441         3  0.0802005        0      0            0.405
INFO  [17:08:41.902] [bbotk]                                 uhash
INFO  [17:08:41.902] [bbotk]  f5cc9f47-2688-431d-958c-bb1fa3a4ddcf
INFO  [17:08:41.910] [bbotk] Evaluating 1 configuration(s)
INFO  [17:08:42.268] [bbotk] Result of batch 6:
INFO  [17:08:42.270] [bbotk]  nrounds       eta max_depth classif.ce warnings errors runtime_learners
INFO  [17:08:42.270] [bbotk]      147 0.2285406        10 0.07769424        0      0            0.298
INFO  [17:08:42.270] [bbotk]                                 uhash
INFO  [17:08:42.270] [bbotk]  735b7284-1059-4924-b886-192f92dc5372
INFO  [17:08:42.279] [bbotk] Evaluating 1 configuration(s)
INFO  [17:08:42.435] [bbotk] Result of batch 7:
INFO  [17:08:42.437] [bbotk]  nrounds       eta max_depth classif.ce warnings errors runtime_learners
INFO  [17:08:42.437] [bbotk]       57 0.2774578         3  0.0726817        0      0            0.103
INFO  [17:08:42.437] [bbotk]                                 uhash
INFO  [17:08:42.437] [bbotk]  f336c9b5-6614-48bd-891c-728520104505
INFO  [17:08:42.451] [bbotk] Evaluating 1 configuration(s)
INFO  [17:08:42.810] [bbotk] Result of batch 8:
INFO  [17:08:42.811] [bbotk]  nrounds       eta max_depth classif.ce warnings errors runtime_learners
INFO  [17:08:42.811] [bbotk]      154 0.2633966         9 0.07769424        0      0            0.306
INFO  [17:08:42.811] [bbotk]                                 uhash
INFO  [17:08:42.811] [bbotk]  e3aef826-78cd-459f-9a69-a9ae5192f0bd
INFO  [17:08:42.836] [bbotk] Evaluating 1 configuration(s)
INFO  [17:08:43.133] [bbotk] Result of batch 9:
INFO  [17:08:43.134] [bbotk]  nrounds       eta max_depth classif.ce warnings errors runtime_learners
INFO  [17:08:43.134] [bbotk]      244 0.1270186         2 0.07518797        0      0            0.248
INFO  [17:08:43.134] [bbotk]                                 uhash
INFO  [17:08:43.134] [bbotk]  35da582c-8c04-4e54-b912-1493dd63666c
INFO  [17:08:43.145] [bbotk] Evaluating 1 configuration(s)
INFO  [17:08:43.630] [bbotk] Result of batch 10:
INFO  [17:08:43.632] [bbotk]  nrounds       eta max_depth classif.ce warnings errors runtime_learners
INFO  [17:08:43.632] [bbotk]      257 0.2712446        10 0.08270677        0      0            0.427
INFO  [17:08:43.632] [bbotk]                                 uhash
INFO  [17:08:43.632] [bbotk]  90d78275-88bf-4bc8-8d6d-cadca2b008bb
INFO  [17:08:43.650] [bbotk] Finished optimizing after 10 evaluation(s)
INFO  [17:08:43.651] [bbotk] Result:
INFO  [17:08:43.653] [bbotk]  nrounds        eta max_depth learner_param_vals  x_domain classif.ce
INFO  [17:08:43.653] [bbotk]    <int>      <num>     <int>             <list>    <list>      <num>
INFO  [17:08:43.653] [bbotk]      267 0.03508002         3          <list[5]> <list[3]> 0.07142857
INFO  [17:08:43.883] [bbotk] Starting to optimize 3 parameter(s) with '<OptimizerBatchRandomSearch>' and '<TerminatorEvals> [n_evals=10, k=0]'
INFO  [17:08:43.894] [bbotk] Evaluating 1 configuration(s)
INFO  [17:08:44.202] [bbotk] Result of batch 1:
INFO  [17:08:44.203] [bbotk]  nrounds       eta max_depth classif.ce warnings errors runtime_learners
INFO  [17:08:44.203] [bbotk]       77 0.0565726         8 0.07635193        0      0            0.257
INFO  [17:08:44.203] [bbotk]                                 uhash
INFO  [17:08:44.203] [bbotk]  95c84484-dcc4-43be-bdf5-e517fcf7e34f
INFO  [17:08:44.207] [bbotk] Evaluating 1 configuration(s)
INFO  [17:08:44.418] [bbotk] Result of batch 2:
INFO  [17:08:44.419] [bbotk]  nrounds       eta max_depth classif.ce warnings errors runtime_learners
INFO  [17:08:44.419] [bbotk]       74 0.2982331         4 0.07760037        0      0            0.155
INFO  [17:08:44.419] [bbotk]                                 uhash
INFO  [17:08:44.419] [bbotk]  449e4c74-0ba3-43a1-86e1-cfba00b59c6c
INFO  [17:08:44.429] [bbotk] Evaluating 1 configuration(s)
INFO  [17:08:44.645] [bbotk] Result of batch 3:
INFO  [17:08:44.647] [bbotk]  nrounds       eta max_depth classif.ce warnings errors runtime_learners
INFO  [17:08:44.647] [bbotk]       54 0.1994929        10 0.07759567        0      0             0.17
INFO  [17:08:44.647] [bbotk]                                 uhash
INFO  [17:08:44.647] [bbotk]  cdfe6e72-9195-4587-bd35-1f604651ebfc
INFO  [17:08:44.656] [bbotk] Evaluating 1 configuration(s)
INFO  [17:08:45.073] [bbotk] Result of batch 4:
INFO  [17:08:45.074] [bbotk]  nrounds      eta max_depth classif.ce warnings errors runtime_learners
INFO  [17:08:45.074] [bbotk]      275 0.122875         3  0.0750941        0      0            0.385
INFO  [17:08:45.074] [bbotk]                                 uhash
INFO  [17:08:45.074] [bbotk]  3c8562fc-03f3-4c0d-b4c3-972c70c4899f
INFO  [17:08:45.078] [bbotk] Evaluating 1 configuration(s)
INFO  [17:08:45.282] [bbotk] Result of batch 5:
INFO  [17:08:45.283] [bbotk]  nrounds       eta max_depth classif.ce warnings errors runtime_learners
INFO  [17:08:45.283] [bbotk]       54 0.1489475         9  0.0750988        0      0            0.157
INFO  [17:08:45.283] [bbotk]                                 uhash
INFO  [17:08:45.283] [bbotk]  0919a2dc-47a2-4b3e-b603-9e7702656f7a
INFO  [17:08:45.297] [bbotk] Evaluating 1 configuration(s)
INFO  [17:08:45.703] [bbotk] Result of batch 6:
INFO  [17:08:45.705] [bbotk]  nrounds       eta max_depth classif.ce warnings errors runtime_learners
INFO  [17:08:45.705] [bbotk]      193 0.1018104         4 0.07759567        0      0            0.356
INFO  [17:08:45.705] [bbotk]                                 uhash
INFO  [17:08:45.705] [bbotk]  8364cc68-f45e-42c6-b43d-ebdfbbdad23d
INFO  [17:08:45.713] [bbotk] Evaluating 1 configuration(s)
INFO  [17:08:45.978] [bbotk] Result of batch 7:
INFO  [17:08:45.979] [bbotk]  nrounds       eta max_depth classif.ce warnings errors runtime_learners
INFO  [17:08:45.979] [bbotk]      218 0.2025247         2 0.08009725        0      0            0.211
INFO  [17:08:45.979] [bbotk]                                 uhash
INFO  [17:08:45.979] [bbotk]  2cd736a0-79fa-430d-9eec-13b4a860248a
INFO  [17:08:45.987] [bbotk] Evaluating 1 configuration(s)
INFO  [17:08:46.144] [bbotk] Result of batch 8:
INFO  [17:08:46.146] [bbotk]  nrounds        eta max_depth classif.ce warnings errors runtime_learners
INFO  [17:08:46.146] [bbotk]       67 0.01140071         4 0.06884252        0      0             0.12
INFO  [17:08:46.146] [bbotk]                                 uhash
INFO  [17:08:46.146] [bbotk]  6492eb92-6708-4ecc-9c3b-eeda12450b62
INFO  [17:08:46.151] [bbotk] Evaluating 1 configuration(s)
INFO  [17:08:46.515] [bbotk] Result of batch 9:
INFO  [17:08:46.516] [bbotk]  nrounds       eta max_depth classif.ce warnings errors runtime_learners
INFO  [17:08:46.516] [bbotk]      143 0.2234945         9  0.0788535        0      0            0.318
INFO  [17:08:46.516] [bbotk]                                 uhash
INFO  [17:08:46.516] [bbotk]  d8386a8d-f358-4406-b7cc-209f61776aaa
INFO  [17:08:46.521] [bbotk] Evaluating 1 configuration(s)
INFO  [17:08:46.787] [bbotk] Result of batch 10:
INFO  [17:08:46.793] [bbotk]  nrounds       eta max_depth classif.ce warnings errors runtime_learners
INFO  [17:08:46.793] [bbotk]      134 0.2069578         5 0.07760037        0      0             0.22
INFO  [17:08:46.793] [bbotk]                                 uhash
INFO  [17:08:46.793] [bbotk]  64bf6cf8-9419-4201-8457-d77de542c008
INFO  [17:08:46.808] [bbotk] Finished optimizing after 10 evaluation(s)
INFO  [17:08:46.808] [bbotk] Result:
INFO  [17:08:46.809] [bbotk]  nrounds        eta max_depth learner_param_vals  x_domain classif.ce
INFO  [17:08:46.809] [bbotk]    <int>      <num>     <int>             <list>    <list>      <num>
INFO  [17:08:46.809] [bbotk]       67 0.01140071         4          <list[5]> <list[3]> 0.06884252
INFO  [17:08:46.910] [bbotk] Starting to optimize 3 parameter(s) with '<OptimizerBatchRandomSearch>' and '<TerminatorEvals> [n_evals=10, k=0]'
INFO  [17:08:46.927] [bbotk] Evaluating 1 configuration(s)
INFO  [17:08:47.062] [bbotk] Result of batch 1:
INFO  [17:08:47.063] [bbotk]  nrounds       eta max_depth classif.ce warnings errors runtime_learners
INFO  [17:08:47.063] [bbotk]       93 0.1061303         2 0.06758939        0      0            0.097
INFO  [17:08:47.063] [bbotk]                                 uhash
INFO  [17:08:47.063] [bbotk]  cbbf8958-e2d2-4bf7-9de2-29668c3e0a4e
INFO  [17:08:47.066] [bbotk] Evaluating 1 configuration(s)
INFO  [17:08:47.337] [bbotk] Result of batch 2:
INFO  [17:08:47.338] [bbotk]  nrounds        eta max_depth classif.ce warnings errors runtime_learners
INFO  [17:08:47.338] [bbotk]      101 0.05070484         5 0.06508312        0      0            0.216
INFO  [17:08:47.338] [bbotk]                                 uhash
INFO  [17:08:47.338] [bbotk]  c8bf0012-92ee-4eb0-8bc7-eaa74f4d3161
INFO  [17:08:47.343] [bbotk] Evaluating 1 configuration(s)
INFO  [17:08:47.905] [bbotk] Result of batch 3:
INFO  [17:08:47.906] [bbotk]  nrounds       eta max_depth classif.ce warnings errors runtime_learners
INFO  [17:08:47.906] [bbotk]      297 0.2935742         9 0.06882844        0      0            0.503
INFO  [17:08:47.906] [bbotk]                                 uhash
INFO  [17:08:47.906] [bbotk]  beceaca7-c8f9-4ef5-beeb-0ae18171e0cb
INFO  [17:08:47.913] [bbotk] Evaluating 1 configuration(s)
INFO  [17:08:48.552] [bbotk] Result of batch 4:
INFO  [17:08:48.554] [bbotk]  nrounds        eta max_depth classif.ce warnings errors runtime_learners
INFO  [17:08:48.554] [bbotk]      269 0.08594621         6 0.06506904        0      0            0.593
INFO  [17:08:48.554] [bbotk]                                 uhash
INFO  [17:08:48.554] [bbotk]  815ee7d5-a55d-4759-aa2a-17405ddb9ae0
INFO  [17:08:48.558] [bbotk] Evaluating 1 configuration(s)
INFO  [17:08:48.748] [bbotk] Result of batch 5:
INFO  [17:08:48.750] [bbotk]  nrounds       eta max_depth classif.ce warnings errors runtime_learners
INFO  [17:08:48.750] [bbotk]       53 0.2945145         8 0.06507843        0      0            0.144
INFO  [17:08:48.750] [bbotk]                                 uhash
INFO  [17:08:48.750] [bbotk]  840b2268-127c-4356-a5e5-e726fd53d42e
INFO  [17:08:48.756] [bbotk] Evaluating 1 configuration(s)
INFO  [17:08:49.052] [bbotk] Result of batch 6:
INFO  [17:08:49.054] [bbotk]  nrounds       eta max_depth classif.ce warnings errors runtime_learners
INFO  [17:08:49.054] [bbotk]      134 0.1049211         4 0.06758469        0      0            0.244
INFO  [17:08:49.054] [bbotk]                                 uhash
INFO  [17:08:49.054] [bbotk]  468c66f6-2458-4802-bdc1-0432d9cd190d
INFO  [17:08:49.063] [bbotk] Evaluating 1 configuration(s)
INFO  [17:08:49.423] [bbotk] Result of batch 7:
INFO  [17:08:49.425] [bbotk]  nrounds       eta max_depth classif.ce warnings errors runtime_learners
INFO  [17:08:49.425] [bbotk]      139 0.2215515         8 0.06882844        0      0             0.29
INFO  [17:08:49.425] [bbotk]                                 uhash
INFO  [17:08:49.425] [bbotk]  fbe6e097-ddd5-478c-bc60-c39c8d83ae7a
INFO  [17:08:49.437] [bbotk] Evaluating 1 configuration(s)
INFO  [17:08:49.990] [bbotk] Result of batch 8:
INFO  [17:08:49.991] [bbotk]  nrounds      eta max_depth classif.ce warnings errors runtime_learners
INFO  [17:08:49.991] [bbotk]      294 0.161127         5 0.06882844        0      0            0.503
INFO  [17:08:49.991] [bbotk]                                 uhash
INFO  [17:08:49.991] [bbotk]  b5f891a1-a483-48e0-8fe6-89befda07fe9
INFO  [17:08:49.995] [bbotk] Evaluating 1 configuration(s)
INFO  [17:08:50.526] [bbotk] Result of batch 9:
INFO  [17:08:50.528] [bbotk]  nrounds       eta max_depth classif.ce warnings errors runtime_learners
INFO  [17:08:50.528] [bbotk]      238 0.1063908         4 0.06632687        0      0            0.463
INFO  [17:08:50.528] [bbotk]                                 uhash
INFO  [17:08:50.528] [bbotk]  089c81a7-72db-4c8e-925a-4de1eb40f529
INFO  [17:08:50.543] [bbotk] Evaluating 1 configuration(s)
INFO  [17:08:50.818] [bbotk] Result of batch 10:
INFO  [17:08:50.820] [bbotk]  nrounds       eta max_depth classif.ce warnings errors runtime_learners
INFO  [17:08:50.820] [bbotk]       92 0.2556273         9 0.06632687        0      0            0.225
INFO  [17:08:50.820] [bbotk]                                 uhash
INFO  [17:08:50.820] [bbotk]  db0f7fe4-282f-458b-be48-f94548d60798
INFO  [17:08:50.834] [bbotk] Finished optimizing after 10 evaluation(s)
INFO  [17:08:50.835] [bbotk] Result:
INFO  [17:08:50.836] [bbotk]  nrounds        eta max_depth learner_param_vals  x_domain classif.ce
INFO  [17:08:50.836] [bbotk]    <int>      <num>     <int>             <list>    <list>      <num>
INFO  [17:08:50.836] [bbotk]      269 0.08594621         6          <list[5]> <list[3]> 0.06506904
[1] -24.89574
[1] 11.56606

### [bt]: Job terminated successfully [batchtools job.id=2236]
### [bt]: Starting job [batchtools job.id=2237]
### [bt]: Generating problem instance for problem 'a63d756aec4c60c1' ...
### [bt]: Applying algorithm 'run_learner' on problem 'a63d756aec4c60c1' for job 2237 (seed = 2238) ...
INFO  [17:08:51.551] [mlr3] Applying learner 'classif.xgboost.tuned_calib.oof_beta' on task 'pc1' (iter 7/10)
INFO  [17:08:51.621] [bbotk] Starting to optimize 3 parameter(s) with '<OptimizerBatchRandomSearch>' and '<TerminatorEvals> [n_evals=10, k=0]'
INFO  [17:08:51.631] [bbotk] Evaluating 1 configuration(s)
INFO  [17:08:51.843] [bbotk] Result of batch 1:
INFO  [17:08:51.844] [bbotk]  nrounds        eta max_depth classif.ce warnings errors runtime_learners
INFO  [17:08:51.844] [bbotk]       76 0.05280612         4 0.06015038        0      0             0.16
INFO  [17:08:51.844] [bbotk]                                 uhash
INFO  [17:08:51.844] [bbotk]  e7994a00-26d8-467a-8962-49b4595c7c82
INFO  [17:08:51.848] [bbotk] Evaluating 1 configuration(s)
INFO  [17:08:52.199] [bbotk] Result of batch 2:
INFO  [17:08:52.200] [bbotk]  nrounds       eta max_depth classif.ce warnings errors runtime_learners
INFO  [17:08:52.200] [bbotk]      162 0.2991186         9 0.06265664        0      0            0.287
INFO  [17:08:52.200] [bbotk]                                 uhash
INFO  [17:08:52.200] [bbotk]  b07edd77-f02e-460c-9a4f-73a104a460fd
INFO  [17:08:52.204] [bbotk] Evaluating 1 configuration(s)
INFO  [17:08:52.590] [bbotk] Result of batch 3:
INFO  [17:08:52.593] [bbotk]  nrounds       eta max_depth classif.ce warnings errors runtime_learners
INFO  [17:08:52.593] [bbotk]      249 0.2901639         3 0.06390977        0      0             0.34
INFO  [17:08:52.593] [bbotk]                                 uhash
INFO  [17:08:52.593] [bbotk]  c78fdbcd-de8d-4689-9a04-cf328146b951
INFO  [17:08:52.597] [bbotk] Evaluating 1 configuration(s)
INFO  [17:08:52.802] [bbotk] Result of batch 4:
INFO  [17:08:52.803] [bbotk]  nrounds       eta max_depth classif.ce warnings errors runtime_learners
INFO  [17:08:52.803] [bbotk]      148 0.2266603         2 0.06390977        0      0            0.155
INFO  [17:08:52.803] [bbotk]                                 uhash
INFO  [17:08:52.803] [bbotk]  496c6f6c-ac84-40d6-8baa-5490943df0ec
INFO  [17:08:52.807] [bbotk] Evaluating 1 configuration(s)
INFO  [17:08:53.186] [bbotk] Result of batch 5:
INFO  [17:08:53.188] [bbotk]  nrounds        eta max_depth classif.ce warnings errors runtime_learners
INFO  [17:08:53.188] [bbotk]      133 0.04216682         8 0.05889724        0      0            0.338
INFO  [17:08:53.188] [bbotk]                                 uhash
INFO  [17:08:53.188] [bbotk]  c805396d-472f-45a6-a366-9b9f47acb0f4
INFO  [17:08:53.194] [bbotk] Evaluating 1 configuration(s)
INFO  [17:08:53.417] [bbotk] Result of batch 6:
INFO  [17:08:53.418] [bbotk]  nrounds       eta max_depth classif.ce warnings errors runtime_learners
INFO  [17:08:53.418] [bbotk]       64 0.2595552         5 0.06390977        0      0            0.183
INFO  [17:08:53.418] [bbotk]                                 uhash
INFO  [17:08:53.418] [bbotk]  25dcbda9-b495-4c9d-9da7-fcbb8ab7181b
INFO  [17:08:53.422] [bbotk] Evaluating 1 configuration(s)
INFO  [17:08:54.236] [bbotk] Result of batch 7:
INFO  [17:08:54.237] [bbotk]  nrounds        eta max_depth classif.ce warnings errors runtime_learners
INFO  [17:08:54.237] [bbotk]      282 0.03251557         9 0.05764411        0      0            0.765
INFO  [17:08:54.237] [bbotk]                                 uhash
INFO  [17:08:54.237] [bbotk]  a9ba1028-1976-4099-82a8-76842a6e28f9
INFO  [17:08:54.241] [bbotk] Evaluating 1 configuration(s)
INFO  [17:08:54.446] [bbotk] Result of batch 8:
INFO  [17:08:54.448] [bbotk]  nrounds       eta max_depth classif.ce warnings errors runtime_learners
INFO  [17:08:54.448] [bbotk]       58 0.0601476         6 0.06015038        0      0            0.154
INFO  [17:08:54.448] [bbotk]                                 uhash
INFO  [17:08:54.448] [bbotk]  619f7530-19d3-4fc6-b717-8512264553a7
INFO  [17:08:54.461] [bbotk] Evaluating 1 configuration(s)
INFO  [17:08:54.924] [bbotk] Result of batch 9:
INFO  [17:08:54.925] [bbotk]  nrounds        eta max_depth classif.ce warnings errors runtime_learners
INFO  [17:08:54.925] [bbotk]      162 0.07110086         7 0.06140351        0      0            0.424
INFO  [17:08:54.925] [bbotk]                                 uhash
INFO  [17:08:54.925] [bbotk]  19ded0d4-c1c1-4235-8efc-652542c626a8
INFO  [17:08:54.935] [bbotk] Evaluating 1 configuration(s)
INFO  [17:08:55.385] [bbotk] Result of batch 10:
INFO  [17:08:55.386] [bbotk]  nrounds        eta max_depth classif.ce warnings errors runtime_learners
INFO  [17:08:55.386] [bbotk]      176 0.07798459         6 0.06265664        0      0            0.416
INFO  [17:08:55.386] [bbotk]                                 uhash
INFO  [17:08:55.386] [bbotk]  bf8a57ef-080d-4051-9b49-a2f42a09d58a
INFO  [17:08:55.397] [bbotk] Finished optimizing after 10 evaluation(s)
INFO  [17:08:55.398] [bbotk] Result:
INFO  [17:08:55.399] [bbotk]  nrounds        eta max_depth learner_param_vals  x_domain classif.ce
INFO  [17:08:55.399] [bbotk]    <int>      <num>     <int>             <list>    <list>      <num>
INFO  [17:08:55.399] [bbotk]      282 0.03251557         9          <list[5]> <list[3]> 0.05764411
INFO  [17:08:55.873] [bbotk] Starting to optimize 3 parameter(s) with '<OptimizerBatchRandomSearch>' and '<TerminatorEvals> [n_evals=10, k=0]'
INFO  [17:08:55.888] [bbotk] Evaluating 1 configuration(s)
INFO  [17:08:56.515] [bbotk] Result of batch 1:
INFO  [17:08:56.516] [bbotk]  nrounds       eta max_depth classif.ce warnings errors runtime_learners
INFO  [17:08:56.516] [bbotk]      278 0.0965211        10 0.05263158        0      0             0.58
INFO  [17:08:56.516] [bbotk]                                 uhash
INFO  [17:08:56.516] [bbotk]  841d1492-089a-4e62-9a99-9a9af8c8449d
INFO  [17:08:56.520] [bbotk] Evaluating 1 configuration(s)
INFO  [17:08:56.730] [bbotk] Result of batch 2:
INFO  [17:08:56.731] [bbotk]  nrounds       eta max_depth classif.ce warnings errors runtime_learners
INFO  [17:08:56.731] [bbotk]       81 0.1819421         4 0.05137845        0      0            0.166
INFO  [17:08:56.731] [bbotk]                                 uhash
INFO  [17:08:56.731] [bbotk]  d2e8f487-c2e7-4e9a-bf6a-64ed50a4f45a
INFO  [17:08:56.746] [bbotk] Evaluating 1 configuration(s)
INFO  [17:08:57.206] [bbotk] Result of batch 3:
INFO  [17:08:57.211] [bbotk]  nrounds       eta max_depth classif.ce warnings errors runtime_learners
INFO  [17:08:57.211] [bbotk]      220 0.1936565         8 0.05513784        0      0            0.411
INFO  [17:08:57.211] [bbotk]                                 uhash
INFO  [17:08:57.211] [bbotk]  74cc685e-6960-445a-a3dc-88f3599cb56a
INFO  [17:08:57.220] [bbotk] Evaluating 1 configuration(s)
INFO  [17:08:57.775] [bbotk] Result of batch 4:
INFO  [17:08:57.777] [bbotk]  nrounds       eta max_depth classif.ce warnings errors runtime_learners
INFO  [17:08:57.777] [bbotk]      262 0.1139806         7 0.05012531        0      0            0.512
INFO  [17:08:57.777] [bbotk]                                 uhash
INFO  [17:08:57.777] [bbotk]  730c5f0a-3006-45bc-87ed-0ea7144894b1
INFO  [17:08:57.788] [bbotk] Evaluating 1 configuration(s)
INFO  [17:08:57.929] [bbotk] Result of batch 5:
INFO  [17:08:57.930] [bbotk]  nrounds       eta max_depth classif.ce warnings errors runtime_learners
INFO  [17:08:57.930] [bbotk]       89 0.2713547         2 0.05639098        0      0            0.094
INFO  [17:08:57.930] [bbotk]                                 uhash
INFO  [17:08:57.930] [bbotk]  eb12e678-9ce6-4af5-a73b-8db2f629c820
INFO  [17:08:57.937] [bbotk] Evaluating 1 configuration(s)
INFO  [17:08:58.428] [bbotk] Result of batch 6:
INFO  [17:08:58.429] [bbotk]  nrounds        eta max_depth classif.ce warnings errors runtime_learners
INFO  [17:08:58.429] [bbotk]      151 0.06757622         9 0.05137845        0      0            0.431
INFO  [17:08:58.429] [bbotk]                                 uhash
INFO  [17:08:58.429] [bbotk]  f0275476-29d7-4322-b266-4aab670fee05
INFO  [17:08:58.432] [bbotk] Evaluating 1 configuration(s)
INFO  [17:08:58.929] [bbotk] Result of batch 7:
INFO  [17:08:58.931] [bbotk]  nrounds       eta max_depth classif.ce warnings errors runtime_learners
INFO  [17:08:58.931] [bbotk]      236 0.1597259         5 0.05263158        0      0            0.441
INFO  [17:08:58.931] [bbotk]                                 uhash
INFO  [17:08:58.931] [bbotk]  a58c2d87-bfcd-4cbb-b74a-c814e7154353
INFO  [17:08:58.938] [bbotk] Evaluating 1 configuration(s)
INFO  [17:08:59.223] [bbotk] Result of batch 8:
INFO  [17:08:59.224] [bbotk]  nrounds       eta max_depth classif.ce warnings errors runtime_learners
INFO  [17:08:59.224] [bbotk]      119 0.2904999         5 0.05012531        0      0             0.23
INFO  [17:08:59.224] [bbotk]                                 uhash
INFO  [17:08:59.224] [bbotk]  cd259f83-e762-4f6a-aef6-2a267e341746
INFO  [17:08:59.228] [bbotk] Evaluating 1 configuration(s)
INFO  [17:08:59.395] [bbotk] Result of batch 9:
INFO  [17:08:59.396] [bbotk]  nrounds       eta max_depth classif.ce warnings errors runtime_learners
INFO  [17:08:59.396] [bbotk]       82 0.2718572         4 0.05639098        0      0            0.131
INFO  [17:08:59.396] [bbotk]                                 uhash
INFO  [17:08:59.396] [bbotk]  51ce3974-509a-4143-b417-8667cea6e588
INFO  [17:08:59.404] [bbotk] Evaluating 1 configuration(s)
INFO  [17:08:59.618] [bbotk] Result of batch 10:
INFO  [17:08:59.620] [bbotk]  nrounds       eta max_depth classif.ce warnings errors runtime_learners
INFO  [17:08:59.620] [bbotk]      162 0.1454138         2 0.05388471        0      0            0.161
INFO  [17:08:59.620] [bbotk]                                 uhash
INFO  [17:08:59.620] [bbotk]  cae20f0a-8561-4b1e-8ea5-f850ba30e51d
INFO  [17:08:59.640] [bbotk] Finished optimizing after 10 evaluation(s)
INFO  [17:08:59.641] [bbotk] Result:
INFO  [17:08:59.643] [bbotk]  nrounds       eta max_depth learner_param_vals  x_domain classif.ce
INFO  [17:08:59.643] [bbotk]    <int>     <num>     <int>             <list>    <list>      <num>
INFO  [17:08:59.643] [bbotk]      262 0.1139806         7          <list[5]> <list[3]> 0.05012531
INFO  [17:08:59.971] [bbotk] Starting to optimize 3 parameter(s) with '<OptimizerBatchRandomSearch>' and '<TerminatorEvals> [n_evals=10, k=0]'
INFO  [17:08:59.988] [bbotk] Evaluating 1 configuration(s)
INFO  [17:09:00.298] [bbotk] Result of batch 1:
INFO  [17:09:00.299] [bbotk]  nrounds       eta max_depth classif.ce warnings errors runtime_learners
INFO  [17:09:00.299] [bbotk]      117 0.2670473        10  0.0802005        0      0            0.269
INFO  [17:09:00.299] [bbotk]                                 uhash
INFO  [17:09:00.299] [bbotk]  1856ce1b-7010-4119-a9e8-c49c2ccb7468
INFO  [17:09:00.311] [bbotk] Evaluating 1 configuration(s)
INFO  [17:09:00.949] [bbotk] Result of batch 2:
INFO  [17:09:00.951] [bbotk]  nrounds        eta max_depth classif.ce warnings errors runtime_learners
INFO  [17:09:00.951] [bbotk]      240 0.08519382        10 0.07894737        0      0            0.593
INFO  [17:09:00.951] [bbotk]                                 uhash
INFO  [17:09:00.951] [bbotk]  b90b0686-5daf-4ff5-a219-b03f2e0e2922
INFO  [17:09:00.965] [bbotk] Evaluating 1 configuration(s)
INFO  [17:09:01.210] [bbotk] Result of batch 3:
INFO  [17:09:01.211] [bbotk]  nrounds       eta max_depth classif.ce warnings errors runtime_learners
INFO  [17:09:01.211] [bbotk]       98 0.1860104         4 0.08145363        0      0            0.213
INFO  [17:09:01.211] [bbotk]                                 uhash
INFO  [17:09:01.211] [bbotk]  45348611-d8e1-4bd6-aade-04da5c8d3c56
INFO  [17:09:01.221] [bbotk] Evaluating 1 configuration(s)
INFO  [17:09:01.505] [bbotk] Result of batch 4:
INFO  [17:09:01.508] [bbotk]  nrounds       eta max_depth classif.ce warnings errors runtime_learners
INFO  [17:09:01.508] [bbotk]      101 0.2603923        10 0.08521303        0      0            0.231
INFO  [17:09:01.508] [bbotk]                                 uhash
INFO  [17:09:01.508] [bbotk]  39153f28-2d1b-43dd-b5ec-99a8e8edc0b7
INFO  [17:09:01.519] [bbotk] Evaluating 1 configuration(s)
INFO  [17:09:01.780] [bbotk] Result of batch 5:
INFO  [17:09:01.781] [bbotk]  nrounds       eta max_depth classif.ce warnings errors runtime_learners
INFO  [17:09:01.781] [bbotk]       83 0.2068969         6 0.08270677        0      0            0.221
INFO  [17:09:01.781] [bbotk]                                 uhash
INFO  [17:09:01.781] [bbotk]  e68c4e33-b98e-4d81-93b2-e464bf129617
INFO  [17:09:01.787] [bbotk] Evaluating 1 configuration(s)
INFO  [17:09:02.418] [bbotk] Result of batch 6:
INFO  [17:09:02.419] [bbotk]  nrounds        eta max_depth classif.ce warnings errors runtime_learners
INFO  [17:09:02.419] [bbotk]      235 0.01694256         7  0.0764411        0      0             0.57
INFO  [17:09:02.419] [bbotk]                                 uhash
INFO  [17:09:02.419] [bbotk]  c8513ca3-890f-4985-8b5d-7217f6a91c9b
INFO  [17:09:02.427] [bbotk] Evaluating 1 configuration(s)
INFO  [17:09:02.717] [bbotk] Result of batch 7:
INFO  [17:09:02.718] [bbotk]  nrounds       eta max_depth classif.ce warnings errors runtime_learners
INFO  [17:09:02.718] [bbotk]      136 0.1414654         4  0.0839599        0      0            0.248
INFO  [17:09:02.718] [bbotk]                                 uhash
INFO  [17:09:02.718] [bbotk]  7fdbdbde-7183-466e-9326-858e265c650f
INFO  [17:09:02.727] [bbotk] Evaluating 1 configuration(s)
INFO  [17:09:03.059] [bbotk] Result of batch 8:
INFO  [17:09:03.061] [bbotk]  nrounds       eta max_depth classif.ce warnings errors runtime_learners
INFO  [17:09:03.061] [bbotk]      185 0.2605253         4 0.07769424        0      0            0.291
INFO  [17:09:03.061] [bbotk]                                 uhash
INFO  [17:09:03.061] [bbotk]  64e94ba1-9124-4112-a407-1b7ab5f7aa75
INFO  [17:09:03.071] [bbotk] Evaluating 1 configuration(s)
INFO  [17:09:03.594] [bbotk] Result of batch 9:
INFO  [17:09:03.596] [bbotk]  nrounds        eta max_depth classif.ce warnings errors runtime_learners
INFO  [17:09:03.596] [bbotk]      264 0.08640952         5 0.08270677        0      0            0.485
INFO  [17:09:03.596] [bbotk]                                 uhash
INFO  [17:09:03.596] [bbotk]  99f202f6-63ca-4f52-8e70-dabfff90fd96
INFO  [17:09:03.605] [bbotk] Evaluating 1 configuration(s)
INFO  [17:09:03.990] [bbotk] Result of batch 10:
INFO  [17:09:03.991] [bbotk]  nrounds        eta max_depth classif.ce warnings errors runtime_learners
INFO  [17:09:03.991] [bbotk]      266 0.07765948         3 0.08270677        0      0            0.341
INFO  [17:09:03.991] [bbotk]                                 uhash
INFO  [17:09:03.991] [bbotk]  13e9d2f5-748e-4c6b-b6ee-807441d581eb
INFO  [17:09:04.000] [bbotk] Finished optimizing after 10 evaluation(s)
INFO  [17:09:04.001] [bbotk] Result:
INFO  [17:09:04.002] [bbotk]  nrounds        eta max_depth learner_param_vals  x_domain classif.ce
INFO  [17:09:04.002] [bbotk]    <int>      <num>     <int>             <list>    <list>      <num>
INFO  [17:09:04.002] [bbotk]      235 0.01694256         7          <list[5]> <list[3]>  0.0764411
INFO  [17:09:04.345] [bbotk] Starting to optimize 3 parameter(s) with '<OptimizerBatchRandomSearch>' and '<TerminatorEvals> [n_evals=10, k=0]'
INFO  [17:09:04.362] [bbotk] Evaluating 1 configuration(s)
INFO  [17:09:04.602] [bbotk] Result of batch 1:
INFO  [17:09:04.603] [bbotk]  nrounds        eta max_depth classif.ce warnings errors runtime_learners
INFO  [17:09:04.603] [bbotk]      134 0.06501923         3 0.07760506        0      0            0.194
INFO  [17:09:04.603] [bbotk]                                 uhash
INFO  [17:09:04.603] [bbotk]  a6d2e38d-0066-49d9-90a0-c44ecdfbf31a
INFO  [17:09:04.607] [bbotk] Evaluating 1 configuration(s)
INFO  [17:09:04.911] [bbotk] Result of batch 2:
INFO  [17:09:04.912] [bbotk]  nrounds       eta max_depth classif.ce warnings errors runtime_learners
INFO  [17:09:04.912] [bbotk]      135 0.2909503        10 0.08136915        0      0            0.251
INFO  [17:09:04.912] [bbotk]                                 uhash
INFO  [17:09:04.912] [bbotk]  bf01ef40-dfa2-4820-beec-f894e68a6051
INFO  [17:09:04.919] [bbotk] Evaluating 1 configuration(s)
INFO  [17:09:05.475] [bbotk] Result of batch 3:
INFO  [17:09:05.476] [bbotk]  nrounds        eta max_depth classif.ce warnings errors runtime_learners
INFO  [17:09:05.476] [bbotk]      257 0.06355422         5 0.08011133        0      0            0.518
INFO  [17:09:05.476] [bbotk]                                 uhash
INFO  [17:09:05.476] [bbotk]  06caa13b-5a82-4dcd-b9ca-77dafa8f01fe
INFO  [17:09:05.484] [bbotk] Evaluating 1 configuration(s)
INFO  [17:09:05.772] [bbotk] Result of batch 4:
INFO  [17:09:05.773] [bbotk]  nrounds      eta max_depth classif.ce warnings errors runtime_learners
INFO  [17:09:05.773] [bbotk]      202 0.151576         3 0.08135977        0      0            0.241
INFO  [17:09:05.773] [bbotk]                                 uhash
INFO  [17:09:05.773] [bbotk]  89e39a2e-c8d6-4a94-83aa-c4e135e684eb
INFO  [17:09:05.776] [bbotk] Evaluating 1 configuration(s)
INFO  [17:09:06.214] [bbotk] Result of batch 5:
INFO  [17:09:06.216] [bbotk]  nrounds        eta max_depth classif.ce warnings errors runtime_learners
INFO  [17:09:06.216] [bbotk]      176 0.08218253         7 0.07886289        0      0            0.397
INFO  [17:09:06.216] [bbotk]                                 uhash
INFO  [17:09:06.216] [bbotk]  81db190c-4b20-4559-a667-6708912cf075
INFO  [17:09:06.224] [bbotk] Evaluating 1 configuration(s)
INFO  [17:09:06.380] [bbotk] Result of batch 6:
INFO  [17:09:06.381] [bbotk]  nrounds       eta max_depth classif.ce warnings errors runtime_learners
INFO  [17:09:06.381] [bbotk]      118 0.0142472         2 0.07010504        0      0            0.118
INFO  [17:09:06.381] [bbotk]                                 uhash
INFO  [17:09:06.381] [bbotk]  96fffc4e-cdd3-4118-b202-c3302bfc3112
INFO  [17:09:06.386] [bbotk] Evaluating 1 configuration(s)
INFO  [17:09:06.621] [bbotk] Result of batch 7:
INFO  [17:09:06.623] [bbotk]  nrounds       eta max_depth classif.ce warnings errors runtime_learners
INFO  [17:09:06.623] [bbotk]       77 0.1658633        10 0.08136446        0      0            0.185
INFO  [17:09:06.623] [bbotk]                                 uhash
INFO  [17:09:06.623] [bbotk]  34eac93f-8843-438d-b3a2-48553976389c
INFO  [17:09:06.633] [bbotk] Evaluating 1 configuration(s)
INFO  [17:09:07.025] [bbotk] Result of batch 8:
INFO  [17:09:07.031] [bbotk]  nrounds        eta max_depth classif.ce warnings errors runtime_learners
INFO  [17:09:07.031] [bbotk]      130 0.03427313         6 0.07510349        0      0            0.338
INFO  [17:09:07.031] [bbotk]                                 uhash
INFO  [17:09:07.031] [bbotk]  a24ce2b0-039d-42d9-b97a-818af8a7e249
INFO  [17:09:07.041] [bbotk] Evaluating 1 configuration(s)
INFO  [17:09:07.383] [bbotk] Result of batch 9:
INFO  [17:09:07.384] [bbotk]  nrounds       eta max_depth classif.ce warnings errors runtime_learners
INFO  [17:09:07.384] [bbotk]      149 0.2986173        10 0.08012071        0      0            0.299
INFO  [17:09:07.384] [bbotk]                                 uhash
INFO  [17:09:07.384] [bbotk]  7a005979-b367-4522-a834-a7cae7bf42f2
INFO  [17:09:07.388] [bbotk] Evaluating 1 configuration(s)
INFO  [17:09:07.573] [bbotk] Result of batch 10:
INFO  [17:09:07.575] [bbotk]  nrounds        eta max_depth classif.ce warnings errors runtime_learners
INFO  [17:09:07.575] [bbotk]       52 0.09223768         6 0.07636132        0      0            0.135
INFO  [17:09:07.575] [bbotk]                                 uhash
INFO  [17:09:07.575] [bbotk]  77922896-d1e7-4408-96c4-47bc3754e067
INFO  [17:09:07.592] [bbotk] Finished optimizing after 10 evaluation(s)
INFO  [17:09:07.592] [bbotk] Result:
INFO  [17:09:07.593] [bbotk]  nrounds       eta max_depth learner_param_vals  x_domain classif.ce
INFO  [17:09:07.593] [bbotk]    <int>     <num>     <int>             <list>    <list>      <num>
INFO  [17:09:07.593] [bbotk]      118 0.0142472         2          <list[5]> <list[3]> 0.07010504
INFO  [17:09:07.687] [bbotk] Starting to optimize 3 parameter(s) with '<OptimizerBatchRandomSearch>' and '<TerminatorEvals> [n_evals=10, k=0]'
INFO  [17:09:07.709] [bbotk] Evaluating 1 configuration(s)
INFO  [17:09:07.951] [bbotk] Result of batch 1:
INFO  [17:09:07.952] [bbotk]  nrounds       eta max_depth classif.ce warnings errors runtime_learners
INFO  [17:09:07.952] [bbotk]       87 0.1022821         5 0.06132372        0      0             0.19
INFO  [17:09:07.952] [bbotk]                                 uhash
INFO  [17:09:07.952] [bbotk]  fe4001b3-1506-4dac-bd3f-a7e7583c9e35
INFO  [17:09:07.956] [bbotk] Evaluating 1 configuration(s)
INFO  [17:09:08.222] [bbotk] Result of batch 2:
INFO  [17:09:08.223] [bbotk]  nrounds        eta max_depth classif.ce warnings errors runtime_learners
INFO  [17:09:08.223] [bbotk]       87 0.03113589         9 0.06508312        0      0            0.235
INFO  [17:09:08.223] [bbotk]                                 uhash
INFO  [17:09:08.223] [bbotk]  7224db4e-951f-4acd-985f-83cb08e6978c
INFO  [17:09:08.227] [bbotk] Evaluating 1 configuration(s)
INFO  [17:09:08.633] [bbotk] Result of batch 3:
INFO  [17:09:08.634] [bbotk]  nrounds        eta max_depth classif.ce warnings errors runtime_learners
INFO  [17:09:08.634] [bbotk]      209 0.01769749         4 0.06258155        0      0            0.354
INFO  [17:09:08.634] [bbotk]                                 uhash
INFO  [17:09:08.634] [bbotk]  7d12a934-cf75-4c0a-b10a-c09ed98dde03
INFO  [17:09:08.638] [bbotk] Evaluating 1 configuration(s)
INFO  [17:09:09.188] [bbotk] Result of batch 4:
INFO  [17:09:09.188] [bbotk]  nrounds        eta max_depth classif.ce warnings errors runtime_learners
INFO  [17:09:09.188] [bbotk]      226 0.06364478         8  0.0600659        0      0            0.511
INFO  [17:09:09.188] [bbotk]                                 uhash
INFO  [17:09:09.188] [bbotk]  ebaeeaa2-06d4-44c8-9598-129da037f6ea
INFO  [17:09:09.197] [bbotk] Evaluating 1 configuration(s)
INFO  [17:09:09.453] [bbotk] Result of batch 5:
INFO  [17:09:09.454] [bbotk]  nrounds       eta max_depth classif.ce warnings errors runtime_learners
INFO  [17:09:09.454] [bbotk]      251 0.0837265         2 0.06382999        0      0            0.219
INFO  [17:09:09.454] [bbotk]                                 uhash
INFO  [17:09:09.454] [bbotk]  6c39442f-a9f6-4056-99e1-99c67ef436d5
INFO  [17:09:09.458] [bbotk] Evaluating 1 configuration(s)
INFO  [17:09:09.599] [bbotk] Result of batch 6:
INFO  [17:09:09.600] [bbotk]  nrounds        eta max_depth classif.ce warnings errors runtime_learners
INFO  [17:09:09.600] [bbotk]       97 0.01998567         2 0.06758939        0      0            0.099
INFO  [17:09:09.600] [bbotk]                                 uhash
INFO  [17:09:09.600] [bbotk]  097702b1-b82d-46e0-8b1a-82a711fe8b22
INFO  [17:09:09.604] [bbotk] Evaluating 1 configuration(s)
INFO  [17:09:10.291] [bbotk] Result of batch 7:
INFO  [17:09:10.292] [bbotk]  nrounds        eta max_depth classif.ce warnings errors runtime_learners
INFO  [17:09:10.292] [bbotk]      275 0.01862783         9 0.06257685        0      0            0.651
INFO  [17:09:10.292] [bbotk]                                 uhash
INFO  [17:09:10.292] [bbotk]  75238393-5dd8-42da-8981-d22de5ad0311
INFO  [17:09:10.296] [bbotk] Evaluating 1 configuration(s)
INFO  [17:09:10.719] [bbotk] Result of batch 8:
INFO  [17:09:10.720] [bbotk]  nrounds        eta max_depth classif.ce warnings errors runtime_learners
INFO  [17:09:10.720] [bbotk]      163 0.03759429         7 0.06382999        0      0            0.384
INFO  [17:09:10.720] [bbotk]                                 uhash
INFO  [17:09:10.720] [bbotk]  98b8afa6-fccd-4712-9cd0-5b083f30177d
INFO  [17:09:10.728] [bbotk] Evaluating 1 configuration(s)
INFO  [17:09:10.967] [bbotk] Result of batch 9:
INFO  [17:09:10.968] [bbotk]  nrounds       eta max_depth classif.ce warnings errors runtime_learners
INFO  [17:09:10.968] [bbotk]       90 0.2844339        10  0.0600659        0      0            0.202
INFO  [17:09:10.968] [bbotk]                                 uhash
INFO  [17:09:10.968] [bbotk]  97ed08b1-4204-4c9d-89de-33a53f4f7cb1
INFO  [17:09:10.977] [bbotk] Evaluating 1 configuration(s)
INFO  [17:09:11.512] [bbotk] Result of batch 10:
INFO  [17:09:11.513] [bbotk]  nrounds       eta max_depth classif.ce warnings errors runtime_learners
INFO  [17:09:11.513] [bbotk]      289 0.2436843         6 0.05882215        0      0            0.502
INFO  [17:09:11.513] [bbotk]                                 uhash
INFO  [17:09:11.513] [bbotk]  4444ac05-5ac1-4a36-b231-58bd3d89a944
INFO  [17:09:11.527] [bbotk] Finished optimizing after 10 evaluation(s)
INFO  [17:09:11.528] [bbotk] Result:
INFO  [17:09:11.528] [bbotk]  nrounds       eta max_depth learner_param_vals  x_domain classif.ce
INFO  [17:09:11.528] [bbotk]    <int>     <num>     <int>             <list>    <list>      <num>
INFO  [17:09:11.528] [bbotk]      289 0.2436843         6          <list[5]> <list[3]> 0.05882215
[1] -41.53606
[1] 6.403597

### [bt]: Job terminated successfully [batchtools job.id=2237]
### [bt]: Starting job [batchtools job.id=2238]
### [bt]: Generating problem instance for problem 'a63d756aec4c60c1' ...
### [bt]: Applying algorithm 'run_learner' on problem 'a63d756aec4c60c1' for job 2238 (seed = 2239) ...
INFO  [17:09:11.928] [mlr3] Applying learner 'classif.xgboost.tuned_calib.oof_beta' on task 'pc1' (iter 8/10)
INFO  [17:09:11.972] [bbotk] Starting to optimize 3 parameter(s) with '<OptimizerBatchRandomSearch>' and '<TerminatorEvals> [n_evals=10, k=0]'
INFO  [17:09:12.008] [bbotk] Evaluating 1 configuration(s)
INFO  [17:09:12.281] [bbotk] Result of batch 1:
INFO  [17:09:12.283] [bbotk]  nrounds      eta max_depth classif.ce warnings errors runtime_learners
INFO  [17:09:12.283] [bbotk]      202 0.229198         2 0.07769424        0      0            0.223
INFO  [17:09:12.283] [bbotk]                                 uhash
INFO  [17:09:12.283] [bbotk]  955b1aa6-43ef-451c-b54d-87661247602c
INFO  [17:09:12.292] [bbotk] Evaluating 1 configuration(s)
INFO  [17:09:12.473] [bbotk] Result of batch 2:
INFO  [17:09:12.474] [bbotk]  nrounds       eta max_depth classif.ce warnings errors runtime_learners
INFO  [17:09:12.474] [bbotk]      150 0.1036594         2 0.06516291        0      0             0.15
INFO  [17:09:12.474] [bbotk]                                 uhash
INFO  [17:09:12.474] [bbotk]  ee3a0312-5a7b-4fd0-9262-31d42d94b780
INFO  [17:09:12.482] [bbotk] Evaluating 1 configuration(s)
INFO  [17:09:13.063] [bbotk] Result of batch 3:
INFO  [17:09:13.064] [bbotk]  nrounds       eta max_depth classif.ce warnings errors runtime_learners
INFO  [17:09:13.064] [bbotk]      272 0.2589424         9 0.07393484        0      0             0.52
INFO  [17:09:13.064] [bbotk]                                 uhash
INFO  [17:09:13.064] [bbotk]  ae843625-3f4f-44f2-a4a8-1135017bcf79
INFO  [17:09:13.071] [bbotk] Evaluating 1 configuration(s)
INFO  [17:09:13.496] [bbotk] Result of batch 4:
INFO  [17:09:13.496] [bbotk]  nrounds       eta max_depth classif.ce warnings errors runtime_learners
INFO  [17:09:13.496] [bbotk]      217 0.1769003         7 0.07142857        0      0             0.37
INFO  [17:09:13.496] [bbotk]                                 uhash
INFO  [17:09:13.496] [bbotk]  971d542d-6e9a-4fc8-9dc2-fc00fb8f77c7
INFO  [17:09:13.500] [bbotk] Evaluating 1 configuration(s)
INFO  [17:09:13.805] [bbotk] Result of batch 5:
INFO  [17:09:13.806] [bbotk]  nrounds       eta max_depth classif.ce warnings errors runtime_learners
INFO  [17:09:13.806] [bbotk]      214 0.1857121         3 0.07017544        0      0            0.263
INFO  [17:09:13.806] [bbotk]                                 uhash
INFO  [17:09:13.806] [bbotk]  d8963b8a-5055-48f4-8ec8-5fd72b3a0c5d
INFO  [17:09:13.812] [bbotk] Evaluating 1 configuration(s)
INFO  [17:09:14.328] [bbotk] Result of batch 6:
INFO  [17:09:14.329] [bbotk]  nrounds       eta max_depth classif.ce warnings errors runtime_learners
INFO  [17:09:14.329] [bbotk]      264 0.2632954         8  0.0726817        0      0            0.472
INFO  [17:09:14.329] [bbotk]                                 uhash
INFO  [17:09:14.329] [bbotk]  d1659462-ae22-40df-83dd-439b605a6de7
INFO  [17:09:14.333] [bbotk] Evaluating 1 configuration(s)
INFO  [17:09:14.626] [bbotk] Result of batch 7:
INFO  [17:09:14.628] [bbotk]  nrounds       eta max_depth classif.ce warnings errors runtime_learners
INFO  [17:09:14.628] [bbotk]      260 0.2749614         2 0.07393484        0      0            0.255
INFO  [17:09:14.628] [bbotk]                                 uhash
INFO  [17:09:14.628] [bbotk]  ea614e1d-440c-4c86-9e5e-d95a5af34722
INFO  [17:09:14.638] [bbotk] Evaluating 1 configuration(s)
INFO  [17:09:15.038] [bbotk] Result of batch 8:
INFO  [17:09:15.039] [bbotk]  nrounds       eta max_depth classif.ce warnings errors runtime_learners
INFO  [17:09:15.039] [bbotk]      172 0.1587791        10  0.0726817        0      0            0.364
INFO  [17:09:15.039] [bbotk]                                 uhash
INFO  [17:09:15.039] [bbotk]  6df48d01-0a01-4f32-9dde-867d4e65f10c
INFO  [17:09:15.049] [bbotk] Evaluating 1 configuration(s)
INFO  [17:09:15.429] [bbotk] Result of batch 9:
INFO  [17:09:15.430] [bbotk]  nrounds       eta max_depth classif.ce warnings errors runtime_learners
INFO  [17:09:15.430] [bbotk]      142 0.1644298         7 0.07142857        0      0            0.344
INFO  [17:09:15.430] [bbotk]                                 uhash
INFO  [17:09:15.430] [bbotk]  77b02b44-df32-4395-a338-68352fdfcc7f
INFO  [17:09:15.434] [bbotk] Evaluating 1 configuration(s)
INFO  [17:09:15.694] [bbotk] Result of batch 10:
INFO  [17:09:15.696] [bbotk]  nrounds       eta max_depth classif.ce warnings errors runtime_learners
INFO  [17:09:15.696] [bbotk]       75 0.1773714        10  0.0726817        0      0            0.218
INFO  [17:09:15.696] [bbotk]                                 uhash
INFO  [17:09:15.696] [bbotk]  15f1de56-53b2-4693-b972-02e4b7422412
INFO  [17:09:15.710] [bbotk] Finished optimizing after 10 evaluation(s)
INFO  [17:09:15.710] [bbotk] Result:
INFO  [17:09:15.711] [bbotk]  nrounds       eta max_depth learner_param_vals  x_domain classif.ce
INFO  [17:09:15.711] [bbotk]    <int>     <num>     <int>             <list>    <list>      <num>
INFO  [17:09:15.711] [bbotk]      150 0.1036594         2          <list[5]> <list[3]> 0.06516291
INFO  [17:09:15.835] [bbotk] Starting to optimize 3 parameter(s) with '<OptimizerBatchRandomSearch>' and '<TerminatorEvals> [n_evals=10, k=0]'
INFO  [17:09:15.851] [bbotk] Evaluating 1 configuration(s)
INFO  [17:09:16.211] [bbotk] Result of batch 1:
INFO  [17:09:16.212] [bbotk]  nrounds      eta max_depth classif.ce warnings errors runtime_learners
INFO  [17:09:16.212] [bbotk]      245 0.282389         3 0.06140351        0      0            0.308
INFO  [17:09:16.212] [bbotk]                                 uhash
INFO  [17:09:16.212] [bbotk]  0bd85b37-0724-4156-8a95-3f9e92c2b30c
INFO  [17:09:16.216] [bbotk] Evaluating 1 configuration(s)
INFO  [17:09:16.654] [bbotk] Result of batch 2:
INFO  [17:09:16.655] [bbotk]  nrounds      eta max_depth classif.ce warnings errors runtime_learners
INFO  [17:09:16.655] [bbotk]      176 0.116574         7 0.06140351        0      0            0.397
INFO  [17:09:16.655] [bbotk]                                 uhash
INFO  [17:09:16.655] [bbotk]  ec478c07-044d-4e75-8541-9eeb58a6b30f
INFO  [17:09:16.659] [bbotk] Evaluating 1 configuration(s)
INFO  [17:09:16.935] [bbotk] Result of batch 3:
INFO  [17:09:16.937] [bbotk]  nrounds        eta max_depth classif.ce warnings errors runtime_learners
INFO  [17:09:16.937] [bbotk]      144 0.08189698         4 0.05889724        0      0            0.229
INFO  [17:09:16.937] [bbotk]                                 uhash
INFO  [17:09:16.937] [bbotk]  20d120c7-4f97-4e96-a479-874dc12938d9
INFO  [17:09:16.946] [bbotk] Evaluating 1 configuration(s)
INFO  [17:09:17.584] [bbotk] Result of batch 4:
INFO  [17:09:17.585] [bbotk]  nrounds        eta max_depth classif.ce warnings errors runtime_learners
INFO  [17:09:17.585] [bbotk]      281 0.08866281        10 0.06265664        0      0            0.597
INFO  [17:09:17.585] [bbotk]                                 uhash
INFO  [17:09:17.585] [bbotk]  7448f006-2a84-40eb-b1af-508f68839aac
INFO  [17:09:17.589] [bbotk] Evaluating 1 configuration(s)
INFO  [17:09:17.820] [bbotk] Result of batch 5:
INFO  [17:09:17.822] [bbotk]  nrounds        eta max_depth classif.ce warnings errors runtime_learners
INFO  [17:09:17.822] [bbotk]      160 0.05221366         3 0.06265664        0      0            0.192
INFO  [17:09:17.822] [bbotk]                                 uhash
INFO  [17:09:17.822] [bbotk]  eb2f21f7-bdcb-4ca3-ac83-5a191019c68b
INFO  [17:09:17.830] [bbotk] Evaluating 1 configuration(s)
INFO  [17:09:18.165] [bbotk] Result of batch 6:
INFO  [17:09:18.166] [bbotk]  nrounds      eta max_depth classif.ce warnings errors runtime_learners
INFO  [17:09:18.166] [bbotk]      155 0.284057         8 0.06140351        0      0             0.28
INFO  [17:09:18.166] [bbotk]                                 uhash
INFO  [17:09:18.166] [bbotk]  7545ae0c-0668-4646-962e-ece2275ca0b7
INFO  [17:09:18.212] [bbotk] Evaluating 1 configuration(s)
INFO  [17:09:18.389] [bbotk] Result of batch 7:
INFO  [17:09:18.390] [bbotk]  nrounds       eta max_depth classif.ce warnings errors runtime_learners
INFO  [17:09:18.390] [bbotk]      136 0.1522366         2 0.05889724        0      0            0.134
INFO  [17:09:18.390] [bbotk]                                 uhash
INFO  [17:09:18.390] [bbotk]  3e0ed641-ff7c-4b34-a9ca-6ca872fb365e
INFO  [17:09:18.393] [bbotk] Evaluating 1 configuration(s)
INFO  [17:09:18.656] [bbotk] Result of batch 8:
INFO  [17:09:18.658] [bbotk]  nrounds        eta max_depth classif.ce warnings errors runtime_learners
INFO  [17:09:18.658] [bbotk]      234 0.09916543         2 0.06015038        0      0            0.221
INFO  [17:09:18.658] [bbotk]                                 uhash
INFO  [17:09:18.658] [bbotk]  396dd220-4444-4cba-87b6-91b467264c05
INFO  [17:09:18.664] [bbotk] Evaluating 1 configuration(s)
INFO  [17:09:18.895] [bbotk] Result of batch 9:
INFO  [17:09:18.896] [bbotk]  nrounds        eta max_depth classif.ce warnings errors runtime_learners
INFO  [17:09:18.896] [bbotk]       63 0.04309705         7 0.06015038        0      0            0.188
INFO  [17:09:18.896] [bbotk]                                 uhash
INFO  [17:09:18.896] [bbotk]  ef84e77c-2fa7-4da1-b358-f3ae53bf3743
INFO  [17:09:18.903] [bbotk] Evaluating 1 configuration(s)
INFO  [17:09:19.451] [bbotk] Result of batch 10:
INFO  [17:09:19.452] [bbotk]  nrounds       eta max_depth classif.ce warnings errors runtime_learners
INFO  [17:09:19.452] [bbotk]      294 0.2276597         4 0.06265664        0      0            0.496
INFO  [17:09:19.452] [bbotk]                                 uhash
INFO  [17:09:19.452] [bbotk]  b8e0f4d9-f58f-4b12-a974-7852e67aac66
INFO  [17:09:19.465] [bbotk] Finished optimizing after 10 evaluation(s)
INFO  [17:09:19.466] [bbotk] Result:
INFO  [17:09:19.468] [bbotk]  nrounds        eta max_depth learner_param_vals  x_domain classif.ce
INFO  [17:09:19.468] [bbotk]    <int>      <num>     <int>             <list>    <list>      <num>
INFO  [17:09:19.468] [bbotk]      144 0.08189698         4          <list[5]> <list[3]> 0.05889724
INFO  [17:09:19.656] [bbotk] Starting to optimize 3 parameter(s) with '<OptimizerBatchRandomSearch>' and '<TerminatorEvals> [n_evals=10, k=0]'
INFO  [17:09:19.666] [bbotk] Evaluating 1 configuration(s)
INFO  [17:09:19.925] [bbotk] Result of batch 1:
INFO  [17:09:19.926] [bbotk]  nrounds       eta max_depth classif.ce warnings errors runtime_learners
INFO  [17:09:19.926] [bbotk]       79 0.1880564         6 0.07142857        0      0            0.217
INFO  [17:09:19.926] [bbotk]                                 uhash
INFO  [17:09:19.926] [bbotk]  89d6a845-0601-4625-8605-68c627c90a57
INFO  [17:09:19.930] [bbotk] Evaluating 1 configuration(s)
INFO  [17:09:20.530] [bbotk] Result of batch 2:
INFO  [17:09:20.531] [bbotk]  nrounds        eta max_depth classif.ce warnings errors runtime_learners
INFO  [17:09:20.531] [bbotk]      274 0.07712608         7 0.06766917        0      0            0.565
INFO  [17:09:20.531] [bbotk]                                 uhash
INFO  [17:09:20.531] [bbotk]  4f16f00f-904e-4344-9712-db33fc4a3bf0
INFO  [17:09:20.538] [bbotk] Evaluating 1 configuration(s)
INFO  [17:09:21.214] [bbotk] Result of batch 3:
INFO  [17:09:21.215] [bbotk]  nrounds        eta max_depth classif.ce warnings errors runtime_learners
INFO  [17:09:21.215] [bbotk]      270 0.04647303         6 0.07393484        0      0            0.637
INFO  [17:09:21.215] [bbotk]                                 uhash
INFO  [17:09:21.215] [bbotk]  8208819d-9ae8-4a50-948c-8a9de806fb3d
INFO  [17:09:21.219] [bbotk] Evaluating 1 configuration(s)
INFO  [17:09:21.694] [bbotk] Result of batch 4:
INFO  [17:09:21.696] [bbotk]  nrounds        eta max_depth classif.ce warnings errors runtime_learners
INFO  [17:09:21.696] [bbotk]      136 0.04219196        10 0.07017544        0      0            0.428
INFO  [17:09:21.696] [bbotk]                                 uhash
INFO  [17:09:21.696] [bbotk]  7803de84-6e67-4955-a82c-efbcbbf7dbbd
INFO  [17:09:21.707] [bbotk] Evaluating 1 configuration(s)
INFO  [17:09:22.078] [bbotk] Result of batch 5:
INFO  [17:09:22.079] [bbotk]  nrounds       eta max_depth classif.ce warnings errors runtime_learners
INFO  [17:09:22.079] [bbotk]      177 0.2052332         6 0.06641604        0      0            0.336
INFO  [17:09:22.079] [bbotk]                                 uhash
INFO  [17:09:22.079] [bbotk]  9aa799f0-a988-4404-9619-540b54d671c1
INFO  [17:09:22.083] [bbotk] Evaluating 1 configuration(s)
INFO  [17:09:22.582] [bbotk] Result of batch 6:
INFO  [17:09:22.583] [bbotk]  nrounds       eta max_depth classif.ce warnings errors runtime_learners
INFO  [17:09:22.583] [bbotk]      279 0.2280914         4 0.06892231        0      0            0.451
INFO  [17:09:22.583] [bbotk]                                 uhash
INFO  [17:09:22.583] [bbotk]  34086eba-751d-4e09-add1-c236a9379a44
INFO  [17:09:22.588] [bbotk] Evaluating 1 configuration(s)
INFO  [17:09:23.129] [bbotk] Result of batch 7:
INFO  [17:09:23.131] [bbotk]  nrounds       eta max_depth classif.ce warnings errors runtime_learners
INFO  [17:09:23.131] [bbotk]      253 0.1645484         5 0.06892231        0      0            0.493
INFO  [17:09:23.131] [bbotk]                                 uhash
INFO  [17:09:23.131] [bbotk]  6363bd8e-82cd-4f63-97aa-62f36f8df10c
INFO  [17:09:23.138] [bbotk] Evaluating 1 configuration(s)
INFO  [17:09:23.370] [bbotk] Result of batch 8:
INFO  [17:09:23.371] [bbotk]  nrounds        eta max_depth classif.ce warnings errors runtime_learners
INFO  [17:09:23.371] [bbotk]      130 0.02172559         3 0.06390977        0      0            0.177
INFO  [17:09:23.371] [bbotk]                                 uhash
INFO  [17:09:23.371] [bbotk]  dfe36e47-1329-46b2-a5ea-4d1b1d755ad0
INFO  [17:09:23.380] [bbotk] Evaluating 1 configuration(s)
INFO  [17:09:24.042] [bbotk] Result of batch 9:
INFO  [17:09:24.043] [bbotk]  nrounds       eta max_depth classif.ce warnings errors runtime_learners
INFO  [17:09:24.043] [bbotk]      300 0.1310851         9 0.06766917        0      0            0.602
INFO  [17:09:24.043] [bbotk]                                 uhash
INFO  [17:09:24.043] [bbotk]  26de9e43-ff39-417d-b186-3f9ca99c765a
INFO  [17:09:24.064] [bbotk] Evaluating 1 configuration(s)
INFO  [17:09:24.337] [bbotk] Result of batch 10:
INFO  [17:09:24.338] [bbotk]  nrounds       eta max_depth classif.ce warnings errors runtime_learners
INFO  [17:09:24.338] [bbotk]       99 0.2894262        10 0.06766917        0      0            0.226
INFO  [17:09:24.338] [bbotk]                                 uhash
INFO  [17:09:24.338] [bbotk]  f490c252-1312-40af-a06c-66dd251ee981
INFO  [17:09:24.346] [bbotk] Finished optimizing after 10 evaluation(s)
INFO  [17:09:24.349] [bbotk] Result:
INFO  [17:09:24.351] [bbotk]  nrounds        eta max_depth learner_param_vals  x_domain classif.ce
INFO  [17:09:24.351] [bbotk]    <int>      <num>     <int>             <list>    <list>      <num>
INFO  [17:09:24.351] [bbotk]      130 0.02172559         3          <list[5]> <list[3]> 0.06390977
INFO  [17:09:24.495] [bbotk] Starting to optimize 3 parameter(s) with '<OptimizerBatchRandomSearch>' and '<TerminatorEvals> [n_evals=10, k=0]'
INFO  [17:09:24.512] [bbotk] Evaluating 1 configuration(s)
INFO  [17:09:24.748] [bbotk] Result of batch 1:
INFO  [17:09:24.749] [bbotk]  nrounds        eta max_depth classif.ce warnings errors runtime_learners
INFO  [17:09:24.749] [bbotk]      185 0.03995154         2 0.06883782        0      0            0.194
INFO  [17:09:24.749] [bbotk]                                 uhash
INFO  [17:09:24.749] [bbotk]  30192474-7a27-4b88-83c4-7e24c4696ebe
INFO  [17:09:24.758] [bbotk] Evaluating 1 configuration(s)
INFO  [17:09:25.307] [bbotk] Result of batch 2:
INFO  [17:09:25.308] [bbotk]  nrounds       eta max_depth classif.ce warnings errors runtime_learners
INFO  [17:09:25.308] [bbotk]      246 0.1884645         8  0.0613378        0      0            0.516
INFO  [17:09:25.308] [bbotk]                                 uhash
INFO  [17:09:25.308] [bbotk]  778475c7-0be6-4997-a143-a3d721a33206
INFO  [17:09:25.312] [bbotk] Evaluating 1 configuration(s)
INFO  [17:09:25.638] [bbotk] Result of batch 3:
INFO  [17:09:25.640] [bbotk]  nrounds        eta max_depth classif.ce warnings errors runtime_learners
INFO  [17:09:25.640] [bbotk]      116 0.08251216        10 0.06007998        0      0            0.287
INFO  [17:09:25.640] [bbotk]                                 uhash
INFO  [17:09:25.640] [bbotk]  f1a5864c-55b6-48bd-aba8-f66831838796
INFO  [17:09:25.647] [bbotk] Evaluating 1 configuration(s)
INFO  [17:09:25.948] [bbotk] Result of batch 4:
INFO  [17:09:25.949] [bbotk]  nrounds       eta max_depth classif.ce warnings errors runtime_learners
INFO  [17:09:25.949] [bbotk]      134 0.1837021         5 0.06383468        0      0            0.263
INFO  [17:09:25.949] [bbotk]                                 uhash
INFO  [17:09:25.949] [bbotk]  1b0fdf93-b9c4-4ffc-8bb6-f5c06c74573e
INFO  [17:09:25.961] [bbotk] Evaluating 1 configuration(s)
INFO  [17:09:26.224] [bbotk] Result of batch 5:
INFO  [17:09:26.226] [bbotk]  nrounds       eta max_depth classif.ce warnings errors runtime_learners
INFO  [17:09:26.226] [bbotk]      143 0.1301408         3 0.06259093        0      0            0.213
INFO  [17:09:26.226] [bbotk]                                 uhash
INFO  [17:09:26.226] [bbotk]  a068bdd5-131f-49af-a05c-fbb22f9b6224
INFO  [17:09:26.236] [bbotk] Evaluating 1 configuration(s)
INFO  [17:09:26.668] [bbotk] Result of batch 6:
INFO  [17:09:26.669] [bbotk]  nrounds       eta max_depth classif.ce warnings errors runtime_learners
INFO  [17:09:26.669] [bbotk]      188 0.2161221         9 0.06259093        0      0            0.389
INFO  [17:09:26.669] [bbotk]                                 uhash
INFO  [17:09:26.669] [bbotk]  229b3f39-eedc-4309-93bb-aaad4fbc8533
INFO  [17:09:26.675] [bbotk] Evaluating 1 configuration(s)
INFO  [17:09:26.980] [bbotk] Result of batch 7:
INFO  [17:09:26.981] [bbotk]  nrounds       eta max_depth classif.ce warnings errors runtime_learners
INFO  [17:09:26.981] [bbotk]      154 0.1826489         4 0.06384407        0      0            0.261
INFO  [17:09:26.981] [bbotk]                                 uhash
INFO  [17:09:26.981] [bbotk]  dae56e51-9cd5-4174-a34c-8c5a0cd0a8db
INFO  [17:09:26.987] [bbotk] Evaluating 1 configuration(s)
INFO  [17:09:27.593] [bbotk] Result of batch 8:
INFO  [17:09:27.594] [bbotk]  nrounds        eta max_depth classif.ce warnings errors runtime_learners
INFO  [17:09:27.594] [bbotk]      207 0.01390537         7 0.06258155        0      0            0.565
INFO  [17:09:27.594] [bbotk]                                 uhash
INFO  [17:09:27.594] [bbotk]  394ed813-900c-4c20-ae9f-ed70d0941823
INFO  [17:09:27.598] [bbotk] Evaluating 1 configuration(s)
INFO  [17:09:28.129] [bbotk] Result of batch 9:
INFO  [17:09:28.130] [bbotk]  nrounds        eta max_depth classif.ce warnings errors runtime_learners
INFO  [17:09:28.130] [bbotk]      195 0.05838351         8 0.05882684        0      0            0.489
INFO  [17:09:28.130] [bbotk]                                 uhash
INFO  [17:09:28.130] [bbotk]  67c7555a-bccf-42b8-bed5-cbb4a23a9fca
INFO  [17:09:28.136] [bbotk] Evaluating 1 configuration(s)
INFO  [17:09:28.465] [bbotk] Result of batch 10:
INFO  [17:09:28.466] [bbotk]  nrounds       eta max_depth classif.ce warnings errors runtime_learners
INFO  [17:09:28.466] [bbotk]      204 0.1419284         3  0.0650972        0      0            0.286
INFO  [17:09:28.466] [bbotk]                                 uhash
INFO  [17:09:28.466] [bbotk]  fbbf5c8e-5f57-4dcc-8250-e44d08b60776
INFO  [17:09:28.474] [bbotk] Finished optimizing after 10 evaluation(s)
INFO  [17:09:28.475] [bbotk] Result:
INFO  [17:09:28.475] [bbotk]  nrounds        eta max_depth learner_param_vals  x_domain classif.ce
INFO  [17:09:28.475] [bbotk]    <int>      <num>     <int>             <list>    <list>      <num>
INFO  [17:09:28.475] [bbotk]      195 0.05838351         8          <list[5]> <list[3]> 0.05882684
INFO  [17:09:28.798] [bbotk] Starting to optimize 3 parameter(s) with '<OptimizerBatchRandomSearch>' and '<TerminatorEvals> [n_evals=10, k=0]'
INFO  [17:09:28.816] [bbotk] Evaluating 1 configuration(s)
INFO  [17:09:29.147] [bbotk] Result of batch 1:
INFO  [17:09:29.148] [bbotk]  nrounds       eta max_depth classif.ce warnings errors runtime_learners
INFO  [17:09:29.148] [bbotk]      109 0.1683493        10 0.05756902        0      0            0.294
INFO  [17:09:29.148] [bbotk]                                 uhash
INFO  [17:09:29.148] [bbotk]  59837254-8e39-4ac4-8f54-df89c58fa4bd
INFO  [17:09:29.152] [bbotk] Evaluating 1 configuration(s)
INFO  [17:09:29.618] [bbotk] Result of batch 2:
INFO  [17:09:29.621] [bbotk]  nrounds       eta max_depth classif.ce warnings errors runtime_learners
INFO  [17:09:29.621] [bbotk]      242 0.2232264        10 0.06131433        0      0            0.427
INFO  [17:09:29.621] [bbotk]                                 uhash
INFO  [17:09:29.621] [bbotk]  8db3bae3-bf90-40f8-b6c0-60629fa9224a
INFO  [17:09:29.632] [bbotk] Evaluating 1 configuration(s)
INFO  [17:09:29.836] [bbotk] Result of batch 3:
INFO  [17:09:29.837] [bbotk]  nrounds      eta max_depth classif.ce warnings errors runtime_learners
INFO  [17:09:29.837] [bbotk]       86 0.171711         4 0.06131903        0      0            0.147
INFO  [17:09:29.837] [bbotk]                                 uhash
INFO  [17:09:29.837] [bbotk]  e59279f2-91f1-483e-bb91-65d471a1fcc6
INFO  [17:09:29.842] [bbotk] Evaluating 1 configuration(s)
INFO  [17:09:30.275] [bbotk] Result of batch 4:
INFO  [17:09:30.277] [bbotk]  nrounds       eta max_depth classif.ce warnings errors runtime_learners
INFO  [17:09:30.277] [bbotk]      229 0.2957639         5 0.06131433        0      0            0.387
INFO  [17:09:30.277] [bbotk]                                 uhash
INFO  [17:09:30.277] [bbotk]  a2aeacf4-7eff-4cb5-abf3-ca6322715bf5
INFO  [17:09:30.282] [bbotk] Evaluating 1 configuration(s)
INFO  [17:09:30.561] [bbotk] Result of batch 5:
INFO  [17:09:30.563] [bbotk]  nrounds       eta max_depth classif.ce warnings errors runtime_learners
INFO  [17:09:30.563] [bbotk]      177 0.2937427         3 0.06131903        0      0            0.243
INFO  [17:09:30.563] [bbotk]                                 uhash
INFO  [17:09:30.563] [bbotk]  2e8befe9-100c-49b5-93fa-9cd96782bb7f
INFO  [17:09:30.586] [bbotk] Evaluating 1 configuration(s)
INFO  [17:09:31.178] [bbotk] Result of batch 6:
INFO  [17:09:31.181] [bbotk]  nrounds       eta max_depth classif.ce warnings errors runtime_learners
INFO  [17:09:31.181] [bbotk]      295 0.1591817         6  0.0600612        0      0             0.53
INFO  [17:09:31.181] [bbotk]                                 uhash
INFO  [17:09:31.181] [bbotk]  225c5f7f-5ad6-4dd8-b12c-0c79108bb37c
INFO  [17:09:31.185] [bbotk] Evaluating 1 configuration(s)
INFO  [17:09:31.358] [bbotk] Result of batch 7:
INFO  [17:09:31.359] [bbotk]  nrounds        eta max_depth classif.ce warnings errors runtime_learners
INFO  [17:09:31.359] [bbotk]      101 0.09168625         3 0.05632058        0      0            0.134
INFO  [17:09:31.359] [bbotk]                                 uhash
INFO  [17:09:31.359] [bbotk]  c7109a4d-49f1-431f-bef3-1d2dd9239817
INFO  [17:09:31.363] [bbotk] Evaluating 1 configuration(s)
INFO  [17:09:31.812] [bbotk] Result of batch 8:
INFO  [17:09:31.813] [bbotk]  nrounds       eta max_depth classif.ce warnings errors runtime_learners
INFO  [17:09:31.813] [bbotk]      204 0.1267194         6  0.0600659        0      0            0.406
INFO  [17:09:31.813] [bbotk]                                 uhash
INFO  [17:09:31.813] [bbotk]  0f1b6488-ce13-447b-8100-d4ffa68f4405
INFO  [17:09:31.819] [bbotk] Evaluating 1 configuration(s)
INFO  [17:09:32.197] [bbotk] Result of batch 9:
INFO  [17:09:32.197] [bbotk]  nrounds      eta max_depth classif.ce warnings errors runtime_learners
INFO  [17:09:32.197] [bbotk]      281 0.144802         3 0.06506904        0      0            0.326
INFO  [17:09:32.197] [bbotk]                                 uhash
INFO  [17:09:32.197] [bbotk]  3768bd34-736a-45cf-a58f-ec5638a2fc79
INFO  [17:09:32.201] [bbotk] Evaluating 1 configuration(s)
INFO  [17:09:32.770] [bbotk] Result of batch 10:
INFO  [17:09:32.771] [bbotk]  nrounds       eta max_depth classif.ce warnings errors runtime_learners
INFO  [17:09:32.771] [bbotk]      264 0.1108146         7 0.06381121        0      0            0.527
INFO  [17:09:32.771] [bbotk]                                 uhash
INFO  [17:09:32.771] [bbotk]  9ad2ca18-4319-4f91-a203-0fbc3b1afc9d
INFO  [17:09:32.780] [bbotk] Finished optimizing after 10 evaluation(s)
INFO  [17:09:32.781] [bbotk] Result:
INFO  [17:09:32.782] [bbotk]  nrounds        eta max_depth learner_param_vals  x_domain classif.ce
INFO  [17:09:32.782] [bbotk]    <int>      <num>     <int>             <list>    <list>      <num>
INFO  [17:09:32.782] [bbotk]      101 0.09168625         3          <list[5]> <list[3]> 0.05632058
[1] -35.58046
[1] 23.86497

### [bt]: Job terminated successfully [batchtools job.id=2238]
### [bt]: Starting job [batchtools job.id=2239]
### [bt]: Generating problem instance for problem 'a63d756aec4c60c1' ...
### [bt]: Applying algorithm 'run_learner' on problem 'a63d756aec4c60c1' for job 2239 (seed = 2240) ...
INFO  [17:09:32.918] [mlr3] Applying learner 'classif.xgboost.tuned_calib.oof_beta' on task 'pc1' (iter 9/10)
INFO  [17:09:32.973] [bbotk] Starting to optimize 3 parameter(s) with '<OptimizerBatchRandomSearch>' and '<TerminatorEvals> [n_evals=10, k=0]'
INFO  [17:09:32.994] [bbotk] Evaluating 1 configuration(s)
INFO  [17:09:33.384] [bbotk] Result of batch 1:
INFO  [17:09:33.385] [bbotk]  nrounds       eta max_depth classif.ce warnings errors runtime_learners
INFO  [17:09:33.385] [bbotk]      205 0.2238099         4 0.06766917        0      0             0.34
INFO  [17:09:33.385] [bbotk]                                 uhash
INFO  [17:09:33.385] [bbotk]  6a437c00-2bc2-4d22-ab49-54ec161defd3
INFO  [17:09:33.390] [bbotk] Evaluating 1 configuration(s)
INFO  [17:09:33.767] [bbotk] Result of batch 2:
INFO  [17:09:33.768] [bbotk]  nrounds       eta max_depth classif.ce warnings errors runtime_learners
INFO  [17:09:33.768] [bbotk]      185 0.1994888         4 0.06641604        0      0            0.332
INFO  [17:09:33.768] [bbotk]                                 uhash
INFO  [17:09:33.768] [bbotk]  0fcc13ed-43a2-4bf1-a65e-fcf6a1778509
INFO  [17:09:33.773] [bbotk] Evaluating 1 configuration(s)
INFO  [17:09:34.162] [bbotk] Result of batch 3:
INFO  [17:09:34.163] [bbotk]  nrounds       eta max_depth classif.ce warnings errors runtime_learners
INFO  [17:09:34.163] [bbotk]      192 0.2451311         6 0.06892231        0      0            0.349
INFO  [17:09:34.163] [bbotk]                                 uhash
INFO  [17:09:34.163] [bbotk]  216daa27-61e1-4989-9eb3-d08ef35698ff
INFO  [17:09:34.167] [bbotk] Evaluating 1 configuration(s)
INFO  [17:09:34.433] [bbotk] Result of batch 4:
INFO  [17:09:34.434] [bbotk]  nrounds       eta max_depth classif.ce warnings errors runtime_learners
INFO  [17:09:34.434] [bbotk]      203 0.1914431         2 0.06390977        0      0            0.203
INFO  [17:09:34.434] [bbotk]                                 uhash
INFO  [17:09:34.434] [bbotk]  1dc909de-e57a-40dc-993a-0fa2b4255341
INFO  [17:09:34.438] [bbotk] Evaluating 1 configuration(s)
INFO  [17:09:34.902] [bbotk] Result of batch 5:
INFO  [17:09:34.903] [bbotk]  nrounds        eta max_depth classif.ce warnings errors runtime_learners
INFO  [17:09:34.903] [bbotk]      213 0.09069366         7 0.06766917        0      0            0.418
INFO  [17:09:34.903] [bbotk]                                 uhash
INFO  [17:09:34.903] [bbotk]  1e66177d-a416-435e-bb95-b01f8e8d4e84
INFO  [17:09:34.907] [bbotk] Evaluating 1 configuration(s)
INFO  [17:09:35.093] [bbotk] Result of batch 6:
INFO  [17:09:35.094] [bbotk]  nrounds        eta max_depth classif.ce warnings errors runtime_learners
INFO  [17:09:35.094] [bbotk]      163 0.08244747         2 0.06140351        0      0            0.142
INFO  [17:09:35.094] [bbotk]                                 uhash
INFO  [17:09:35.094] [bbotk]  cffb7a41-26a8-4797-ae1d-9a479c7e6573
INFO  [17:09:35.101] [bbotk] Evaluating 1 configuration(s)
INFO  [17:09:35.492] [bbotk] Result of batch 7:
INFO  [17:09:35.493] [bbotk]  nrounds       eta max_depth classif.ce warnings errors runtime_learners
INFO  [17:09:35.493] [bbotk]      142 0.1493369         7 0.06766917        0      0            0.338
INFO  [17:09:35.493] [bbotk]                                 uhash
INFO  [17:09:35.493] [bbotk]  b11d5dfd-5ae1-407c-8f43-f3c1b25019fb
INFO  [17:09:35.502] [bbotk] Evaluating 1 configuration(s)
INFO  [17:09:35.713] [bbotk] Result of batch 8:
INFO  [17:09:35.715] [bbotk]  nrounds       eta max_depth classif.ce warnings errors runtime_learners
INFO  [17:09:35.715] [bbotk]       70 0.1668599         6 0.06641604        0      0            0.167
INFO  [17:09:35.715] [bbotk]                                 uhash
INFO  [17:09:35.715] [bbotk]  5d7a8bb6-8ba6-45cd-8a86-db551d542a9c
INFO  [17:09:35.727] [bbotk] Evaluating 1 configuration(s)
INFO  [17:09:36.141] [bbotk] Result of batch 9:
INFO  [17:09:36.142] [bbotk]  nrounds       eta max_depth classif.ce warnings errors runtime_learners
INFO  [17:09:36.142] [bbotk]      209 0.2603853         6 0.06892231        0      0             0.36
INFO  [17:09:36.142] [bbotk]                                 uhash
INFO  [17:09:36.142] [bbotk]  c1410039-70bf-46d2-9f1c-0a3bb98894cd
INFO  [17:09:36.146] [bbotk] Evaluating 1 configuration(s)
INFO  [17:09:36.469] [bbotk] Result of batch 10:
INFO  [17:09:36.472] [bbotk]  nrounds       eta max_depth classif.ce warnings errors runtime_learners
INFO  [17:09:36.472] [bbotk]      120 0.1524423         7 0.06766917        0      0            0.278
INFO  [17:09:36.472] [bbotk]                                 uhash
INFO  [17:09:36.472] [bbotk]  8a84de74-cf42-46bb-bc60-fc237be272f8
INFO  [17:09:36.488] [bbotk] Finished optimizing after 10 evaluation(s)
INFO  [17:09:36.489] [bbotk] Result:
INFO  [17:09:36.489] [bbotk]  nrounds        eta max_depth learner_param_vals  x_domain classif.ce
INFO  [17:09:36.489] [bbotk]    <int>      <num>     <int>             <list>    <list>      <num>
INFO  [17:09:36.489] [bbotk]      163 0.08244747         2          <list[5]> <list[3]> 0.06140351
INFO  [17:09:36.607] [bbotk] Starting to optimize 3 parameter(s) with '<OptimizerBatchRandomSearch>' and '<TerminatorEvals> [n_evals=10, k=0]'
INFO  [17:09:36.618] [bbotk] Evaluating 1 configuration(s)
INFO  [17:09:37.043] [bbotk] Result of batch 1:
INFO  [17:09:37.044] [bbotk]  nrounds      eta max_depth classif.ce warnings errors runtime_learners
INFO  [17:09:37.044] [bbotk]      288 0.281415         6 0.07393484        0      0             0.38
INFO  [17:09:37.044] [bbotk]                                 uhash
INFO  [17:09:37.044] [bbotk]  c569d302-75fe-4708-86f3-bf1078594b81
INFO  [17:09:37.048] [bbotk] Evaluating 1 configuration(s)
INFO  [17:09:37.336] [bbotk] Result of batch 2:
INFO  [17:09:37.338] [bbotk]  nrounds       eta max_depth classif.ce warnings errors runtime_learners
INFO  [17:09:37.338] [bbotk]      154 0.1634607         4 0.06892231        0      0            0.253
INFO  [17:09:37.338] [bbotk]                                 uhash
INFO  [17:09:37.338] [bbotk]  920e5e8d-8499-4b66-9cc0-dad6e7ef09d5
INFO  [17:09:37.343] [bbotk] Evaluating 1 configuration(s)
INFO  [17:09:37.578] [bbotk] Result of batch 3:
INFO  [17:09:37.579] [bbotk]  nrounds       eta max_depth classif.ce warnings errors runtime_learners
INFO  [17:09:37.579] [bbotk]       96 0.2057788         4 0.06641604        0      0            0.189
INFO  [17:09:37.579] [bbotk]                                 uhash
INFO  [17:09:37.579] [bbotk]  de141130-30d6-49f4-afdf-555ab15a8c7b
INFO  [17:09:37.583] [bbotk] Evaluating 1 configuration(s)
INFO  [17:09:37.995] [bbotk] Result of batch 4:
INFO  [17:09:37.996] [bbotk]  nrounds       eta max_depth classif.ce warnings errors runtime_learners
INFO  [17:09:37.996] [bbotk]      194 0.1414273         8 0.07017544        0      0            0.365
INFO  [17:09:37.996] [bbotk]                                 uhash
INFO  [17:09:37.996] [bbotk]  294a931e-e56f-4290-aad1-7adcc55b5201
INFO  [17:09:38.001] [bbotk] Evaluating 1 configuration(s)
INFO  [17:09:38.372] [bbotk] Result of batch 5:
INFO  [17:09:38.375] [bbotk]  nrounds       eta max_depth classif.ce warnings errors runtime_learners
INFO  [17:09:38.375] [bbotk]      183 0.2366289         5 0.07142857        0      0            0.326
INFO  [17:09:38.375] [bbotk]                                 uhash
INFO  [17:09:38.375] [bbotk]  ddbbe30b-8ef4-489d-8204-5fd78af8ca59
INFO  [17:09:38.383] [bbotk] Evaluating 1 configuration(s)
INFO  [17:09:38.929] [bbotk] Result of batch 6:
INFO  [17:09:38.932] [bbotk]  nrounds        eta max_depth classif.ce warnings errors runtime_learners
INFO  [17:09:38.932] [bbotk]      262 0.07343692         9 0.06766917        0      0            0.499
INFO  [17:09:38.932] [bbotk]                                 uhash
INFO  [17:09:38.932] [bbotk]  7f92aa6e-b19c-4513-a1c4-3e1271c13034
INFO  [17:09:38.938] [bbotk] Evaluating 1 configuration(s)
INFO  [17:09:39.615] [bbotk] Result of batch 7:
INFO  [17:09:39.615] [bbotk]  nrounds        eta max_depth classif.ce warnings errors runtime_learners
INFO  [17:09:39.615] [bbotk]      244 0.01697886         9 0.06390977        0      0            0.626
INFO  [17:09:39.615] [bbotk]                                 uhash
INFO  [17:09:39.615] [bbotk]  392701c5-f005-4fdf-b1d6-52b67708b8c3
INFO  [17:09:39.619] [bbotk] Evaluating 1 configuration(s)
INFO  [17:09:39.927] [bbotk] Result of batch 8:
INFO  [17:09:39.928] [bbotk]  nrounds       eta max_depth classif.ce warnings errors runtime_learners
INFO  [17:09:39.928] [bbotk]      125 0.2529538        10 0.06892231        0      0            0.259
INFO  [17:09:39.928] [bbotk]                                 uhash
INFO  [17:09:39.928] [bbotk]  3e543f89-fd5c-4c31-90ad-a3ea3ac3ec0a
INFO  [17:09:39.932] [bbotk] Evaluating 1 configuration(s)
INFO  [17:09:40.207] [bbotk] Result of batch 9:
INFO  [17:09:40.208] [bbotk]  nrounds      eta max_depth classif.ce warnings errors runtime_learners
INFO  [17:09:40.208] [bbotk]      176 0.176371         3 0.06892231        0      0            0.228
INFO  [17:09:40.208] [bbotk]                                 uhash
INFO  [17:09:40.208] [bbotk]  ceee5e9e-7d30-44af-9a4c-f0624c0a8626
INFO  [17:09:40.212] [bbotk] Evaluating 1 configuration(s)
INFO  [17:09:40.589] [bbotk] Result of batch 10:
INFO  [17:09:40.595] [bbotk]  nrounds       eta max_depth classif.ce warnings errors runtime_learners
INFO  [17:09:40.595] [bbotk]      128 0.1113424         6 0.06766917        0      0            0.323
INFO  [17:09:40.595] [bbotk]                                 uhash
INFO  [17:09:40.595] [bbotk]  db1db592-cb30-465b-bbfc-9b95a67d4e20
INFO  [17:09:40.604] [bbotk] Finished optimizing after 10 evaluation(s)
INFO  [17:09:40.604] [bbotk] Result:
INFO  [17:09:40.605] [bbotk]  nrounds        eta max_depth learner_param_vals  x_domain classif.ce
INFO  [17:09:40.605] [bbotk]    <int>      <num>     <int>             <list>    <list>      <num>
INFO  [17:09:40.605] [bbotk]      244 0.01697886         9          <list[5]> <list[3]> 0.06390977
INFO  [17:09:40.964] [bbotk] Starting to optimize 3 parameter(s) with '<OptimizerBatchRandomSearch>' and '<TerminatorEvals> [n_evals=10, k=0]'
INFO  [17:09:40.979] [bbotk] Evaluating 1 configuration(s)
INFO  [17:09:41.113] [bbotk] Result of batch 1:
INFO  [17:09:41.113] [bbotk]  nrounds       eta max_depth classif.ce warnings errors runtime_learners
INFO  [17:09:41.113] [bbotk]       60 0.2461876         4 0.06265664        0      0            0.106
INFO  [17:09:41.113] [bbotk]                                 uhash
INFO  [17:09:41.113] [bbotk]  badd48bd-3181-4fb5-95be-3a446a026817
INFO  [17:09:41.120] [bbotk] Evaluating 1 configuration(s)
INFO  [17:09:41.561] [bbotk] Result of batch 2:
INFO  [17:09:41.562] [bbotk]  nrounds       eta max_depth classif.ce warnings errors runtime_learners
INFO  [17:09:41.562] [bbotk]      196 0.2105726        10 0.06766917        0      0            0.392
INFO  [17:09:41.562] [bbotk]                                 uhash
INFO  [17:09:41.562] [bbotk]  df5ab605-21f5-416d-8703-6c81c48fa0e9
INFO  [17:09:41.571] [bbotk] Evaluating 1 configuration(s)
INFO  [17:09:41.832] [bbotk] Result of batch 3:
INFO  [17:09:41.833] [bbotk]  nrounds      eta max_depth classif.ce warnings errors runtime_learners
INFO  [17:09:41.833] [bbotk]      125 0.258392         4 0.06641604        0      0            0.205
INFO  [17:09:41.833] [bbotk]                                 uhash
INFO  [17:09:41.833] [bbotk]  c28ad52b-4961-4151-ba27-7282acc30ec2
INFO  [17:09:41.840] [bbotk] Evaluating 1 configuration(s)
INFO  [17:09:42.014] [bbotk] Result of batch 4:
INFO  [17:09:42.015] [bbotk]  nrounds        eta max_depth classif.ce warnings errors runtime_learners
INFO  [17:09:42.015] [bbotk]      150 0.07975354         2 0.06892231        0      0             0.14
INFO  [17:09:42.015] [bbotk]                                 uhash
INFO  [17:09:42.015] [bbotk]  9920cb5c-dea2-4adb-a5d1-26852fa8b1c4
INFO  [17:09:42.019] [bbotk] Evaluating 1 configuration(s)
INFO  [17:09:42.405] [bbotk] Result of batch 5:
INFO  [17:09:42.407] [bbotk]  nrounds       eta max_depth classif.ce warnings errors runtime_learners
INFO  [17:09:42.407] [bbotk]      175 0.2080316         7 0.06516291        0      0             0.35
INFO  [17:09:42.407] [bbotk]                                 uhash
INFO  [17:09:42.407] [bbotk]  04d5a0b3-5b47-4511-bff3-4c1918527dbc
INFO  [17:09:42.412] [bbotk] Evaluating 1 configuration(s)
INFO  [17:09:42.776] [bbotk] Result of batch 6:
INFO  [17:09:42.777] [bbotk]  nrounds       eta max_depth classif.ce warnings errors runtime_learners
INFO  [17:09:42.777] [bbotk]      186 0.2748157         9 0.06766917        0      0             0.32
INFO  [17:09:42.777] [bbotk]                                 uhash
INFO  [17:09:42.777] [bbotk]  c075ab49-92c9-42d7-b866-1beb833d78b8
INFO  [17:09:42.782] [bbotk] Evaluating 1 configuration(s)
INFO  [17:09:43.037] [bbotk] Result of batch 7:
INFO  [17:09:43.038] [bbotk]  nrounds       eta max_depth classif.ce warnings errors runtime_learners
INFO  [17:09:43.038] [bbotk]       96 0.1795734         7 0.06516291        0      0            0.223
INFO  [17:09:43.038] [bbotk]                                 uhash
INFO  [17:09:43.038] [bbotk]  3253767f-a932-4ec9-b928-28bbfeb16552
INFO  [17:09:43.045] [bbotk] Evaluating 1 configuration(s)
INFO  [17:09:43.291] [bbotk] Result of batch 8:
INFO  [17:09:43.293] [bbotk]  nrounds       eta max_depth classif.ce warnings errors runtime_learners
INFO  [17:09:43.293] [bbotk]      140 0.1143635         4 0.06390977        0      0            0.207
INFO  [17:09:43.293] [bbotk]                                 uhash
INFO  [17:09:43.293] [bbotk]  cfb51f21-3a60-4406-9d0b-0ee00fe7388c
INFO  [17:09:43.303] [bbotk] Evaluating 1 configuration(s)
INFO  [17:09:43.494] [bbotk] Result of batch 9:
INFO  [17:09:43.495] [bbotk]  nrounds        eta max_depth classif.ce warnings errors runtime_learners
INFO  [17:09:43.495] [bbotk]       81 0.09679346         5 0.06265664        0      0            0.155
INFO  [17:09:43.495] [bbotk]                                 uhash
INFO  [17:09:43.495] [bbotk]  3b13da45-45d0-43b8-af8f-9a99ee9502e9
INFO  [17:09:43.500] [bbotk] Evaluating 1 configuration(s)
INFO  [17:09:43.925] [bbotk] Result of batch 10:
INFO  [17:09:43.926] [bbotk]  nrounds        eta max_depth classif.ce warnings errors runtime_learners
INFO  [17:09:43.926] [bbotk]      155 0.06817592         7 0.06641604        0      0            0.385
INFO  [17:09:43.926] [bbotk]                                 uhash
INFO  [17:09:43.926] [bbotk]  78c2b0d7-fc23-4e18-b382-318c8ac91b1b
INFO  [17:09:43.943] [bbotk] Finished optimizing after 10 evaluation(s)
INFO  [17:09:43.943] [bbotk] Result:
INFO  [17:09:43.944] [bbotk]  nrounds       eta max_depth learner_param_vals  x_domain classif.ce
INFO  [17:09:43.944] [bbotk]    <int>     <num>     <int>             <list>    <list>      <num>
INFO  [17:09:43.944] [bbotk]       60 0.2461876         4          <list[5]> <list[3]> 0.06265664
INFO  [17:09:44.049] [bbotk] Starting to optimize 3 parameter(s) with '<OptimizerBatchRandomSearch>' and '<TerminatorEvals> [n_evals=10, k=0]'
INFO  [17:09:44.063] [bbotk] Evaluating 1 configuration(s)
INFO  [17:09:44.289] [bbotk] Result of batch 1:
INFO  [17:09:44.291] [bbotk]  nrounds        eta max_depth classif.ce warnings errors runtime_learners
INFO  [17:09:44.291] [bbotk]       59 0.03385225         6 0.06507843        0      0            0.183
INFO  [17:09:44.291] [bbotk]                                 uhash
INFO  [17:09:44.291] [bbotk]  e4b1d349-b16c-4d21-a609-85bcc317c07b
INFO  [17:09:44.299] [bbotk] Evaluating 1 configuration(s)
INFO  [17:09:44.581] [bbotk] Result of batch 2:
INFO  [17:09:44.584] [bbotk]  nrounds        eta max_depth classif.ce warnings errors runtime_learners
INFO  [17:09:44.584] [bbotk]       90 0.01926189         7 0.06882374        0      0            0.236
INFO  [17:09:44.584] [bbotk]                                 uhash
INFO  [17:09:44.584] [bbotk]  ae8fa65a-8618-4a4d-a9cb-5034c2cb6d06
INFO  [17:09:44.655] [bbotk] Evaluating 1 configuration(s)
INFO  [17:09:44.871] [bbotk] Result of batch 3:
INFO  [17:09:44.873] [bbotk]  nrounds        eta max_depth classif.ce warnings errors runtime_learners
INFO  [17:09:44.873] [bbotk]      139 0.04179959         2 0.06382999        0      0            0.156
INFO  [17:09:44.873] [bbotk]                                 uhash
INFO  [17:09:44.873] [bbotk]  7313dc31-2ec4-47e5-9f66-ad259be059b2
INFO  [17:09:44.882] [bbotk] Evaluating 1 configuration(s)
INFO  [17:09:45.193] [bbotk] Result of batch 4:
INFO  [17:09:45.196] [bbotk]  nrounds       eta max_depth classif.ce warnings errors runtime_learners
INFO  [17:09:45.196] [bbotk]      142 0.2647689         5 0.06133311        0      0            0.255
INFO  [17:09:45.196] [bbotk]                                 uhash
INFO  [17:09:45.196] [bbotk]  89b816b2-56ed-40b3-9799-3464d928329e
INFO  [17:09:45.204] [bbotk] Evaluating 1 configuration(s)
INFO  [17:09:45.462] [bbotk] Result of batch 5:
INFO  [17:09:45.463] [bbotk]  nrounds       eta max_depth classif.ce warnings errors runtime_learners
INFO  [17:09:45.463] [bbotk]      115 0.1858804         3 0.06007059        0      0            0.208
INFO  [17:09:45.463] [bbotk]                                 uhash
INFO  [17:09:45.463] [bbotk]  fdf5229b-1454-4fa8-9a23-cff39af98e1f
INFO  [17:09:45.472] [bbotk] Evaluating 1 configuration(s)
INFO  [17:09:45.965] [bbotk] Result of batch 6:
INFO  [17:09:45.966] [bbotk]  nrounds        eta max_depth classif.ce warnings errors runtime_learners
INFO  [17:09:45.966] [bbotk]      212 0.09055677         5 0.06007998        0      0            0.436
INFO  [17:09:45.966] [bbotk]                                 uhash
INFO  [17:09:45.966] [bbotk]  71de66cb-6d73-4423-99aa-db9c7f8bdff6
INFO  [17:09:45.970] [bbotk] Evaluating 1 configuration(s)
INFO  [17:09:46.760] [bbotk] Result of batch 7:
INFO  [17:09:46.762] [bbotk]  nrounds        eta max_depth classif.ce warnings errors runtime_learners
INFO  [17:09:46.762] [bbotk]      275 0.01240765        10 0.06507843        0      0            0.745
INFO  [17:09:46.762] [bbotk]                                 uhash
INFO  [17:09:46.762] [bbotk]  7a42790a-1bc9-40cf-bb16-d70b7d25f81a
INFO  [17:09:46.766] [bbotk] Evaluating 1 configuration(s)
INFO  [17:09:46.998] [bbotk] Result of batch 8:
INFO  [17:09:46.999] [bbotk]  nrounds       eta max_depth classif.ce warnings errors runtime_learners
INFO  [17:09:46.999] [bbotk]       83 0.1189899         5 0.06132841        0      0            0.185
INFO  [17:09:46.999] [bbotk]                                 uhash
INFO  [17:09:46.999] [bbotk]  ae795f23-bb4a-4a8c-bbb5-6c51e1fdab94
INFO  [17:09:47.003] [bbotk] Evaluating 1 configuration(s)
INFO  [17:09:47.228] [bbotk] Result of batch 9:
INFO  [17:09:47.230] [bbotk]  nrounds        eta max_depth classif.ce warnings errors runtime_learners
INFO  [17:09:47.230] [bbotk]       96 0.08951425         3 0.06381591        0      0             0.17
INFO  [17:09:47.230] [bbotk]                                 uhash
INFO  [17:09:47.230] [bbotk]  aa6b626a-1ae9-4c52-9114-9ad4dabf69fa
INFO  [17:09:47.241] [bbotk] Evaluating 1 configuration(s)
INFO  [17:09:47.426] [bbotk] Result of batch 10:
INFO  [17:09:47.427] [bbotk]  nrounds      eta max_depth classif.ce warnings errors runtime_learners
INFO  [17:09:47.427] [bbotk]      113 0.090281         2 0.06382529        0      0            0.134
INFO  [17:09:47.427] [bbotk]                                 uhash
INFO  [17:09:47.427] [bbotk]  7279ca2b-4901-40e8-bfb9-7bb44207f83a
INFO  [17:09:47.443] [bbotk] Finished optimizing after 10 evaluation(s)
INFO  [17:09:47.444] [bbotk] Result:
INFO  [17:09:47.446] [bbotk]  nrounds       eta max_depth learner_param_vals  x_domain classif.ce
INFO  [17:09:47.446] [bbotk]    <int>     <num>     <int>             <list>    <list>      <num>
INFO  [17:09:47.446] [bbotk]      115 0.1858804         3          <list[5]> <list[3]> 0.06007059
INFO  [17:09:47.568] [bbotk] Starting to optimize 3 parameter(s) with '<OptimizerBatchRandomSearch>' and '<TerminatorEvals> [n_evals=10, k=0]'
INFO  [17:09:47.586] [bbotk] Evaluating 1 configuration(s)
INFO  [17:09:47.955] [bbotk] Result of batch 1:
INFO  [17:09:47.957] [bbotk]  nrounds        eta max_depth classif.ce warnings errors runtime_learners
INFO  [17:09:47.957] [bbotk]      253 0.09574849         3 0.07008626        0      0            0.329
INFO  [17:09:47.957] [bbotk]                                 uhash
INFO  [17:09:47.957] [bbotk]  b6d62dcd-23f8-4742-a589-377437b204e1
INFO  [17:09:47.962] [bbotk] Evaluating 1 configuration(s)
INFO  [17:09:48.126] [bbotk] Result of batch 2:
INFO  [17:09:48.127] [bbotk]  nrounds       eta max_depth classif.ce warnings errors runtime_learners
INFO  [17:09:48.127] [bbotk]      124 0.0220744         2 0.07257376        0      0            0.125
INFO  [17:09:48.127] [bbotk]                                 uhash
INFO  [17:09:48.127] [bbotk]  a70473bf-3270-4a77-be8e-86a9e14cfe0f
INFO  [17:09:48.136] [bbotk] Evaluating 1 configuration(s)
INFO  [17:09:48.433] [bbotk] Result of batch 3:
INFO  [17:09:48.434] [bbotk]  nrounds        eta max_depth classif.ce warnings errors runtime_learners
INFO  [17:09:48.434] [bbotk]      108 0.09889528         5 0.07133001        0      0            0.249
INFO  [17:09:48.434] [bbotk]                                 uhash
INFO  [17:09:48.434] [bbotk]  592bcb6a-deeb-4981-a94d-373a79344714
INFO  [17:09:48.438] [bbotk] Evaluating 1 configuration(s)
INFO  [17:09:48.726] [bbotk] Result of batch 4:
INFO  [17:09:48.731] [bbotk]  nrounds        eta max_depth classif.ce warnings errors runtime_learners
INFO  [17:09:48.731] [bbotk]      134 0.04059973         4 0.06633156        0      0             0.24
INFO  [17:09:48.731] [bbotk]                                 uhash
INFO  [17:09:48.731] [bbotk]  47f3b1b4-d976-4192-96a9-4ea88fb2edbc
INFO  [17:09:48.742] [bbotk] Evaluating 1 configuration(s)
INFO  [17:09:49.337] [bbotk] Result of batch 5:
INFO  [17:09:49.338] [bbotk]  nrounds        eta max_depth classif.ce warnings errors runtime_learners
INFO  [17:09:49.338] [bbotk]      207 0.06712993         8 0.06881905        0      0            0.547
INFO  [17:09:49.338] [bbotk]                                 uhash
INFO  [17:09:49.338] [bbotk]  5b91f725-764c-42c1-996b-03a7db841266
INFO  [17:09:49.344] [bbotk] Evaluating 1 configuration(s)
INFO  [17:09:49.682] [bbotk] Result of batch 6:
INFO  [17:09:49.685] [bbotk]  nrounds       eta max_depth classif.ce warnings errors runtime_learners
INFO  [17:09:49.685] [bbotk]      157 0.1423067         4  0.0713347        0      0            0.271
INFO  [17:09:49.685] [bbotk]                                 uhash
INFO  [17:09:49.685] [bbotk]  bffc7400-3a04-4482-bbb8-af1f10d7d391
INFO  [17:09:49.697] [bbotk] Evaluating 1 configuration(s)
INFO  [17:09:50.082] [bbotk] Result of batch 7:
INFO  [17:09:50.084] [bbotk]  nrounds       eta max_depth classif.ce warnings errors runtime_learners
INFO  [17:09:50.084] [bbotk]      178 0.2288979        10 0.07133001        0      0            0.335
INFO  [17:09:50.084] [bbotk]                                 uhash
INFO  [17:09:50.084] [bbotk]  8919e5cc-70b6-4e1e-ac49-a716dcd2c934
INFO  [17:09:50.089] [bbotk] Evaluating 1 configuration(s)
INFO  [17:09:50.649] [bbotk] Result of batch 8:
INFO  [17:09:50.650] [bbotk]  nrounds       eta max_depth classif.ce warnings errors runtime_learners
INFO  [17:09:50.650] [bbotk]      256 0.1201724         5  0.0750941        0      0            0.515
INFO  [17:09:50.650] [bbotk]                                 uhash
INFO  [17:09:50.650] [bbotk]  4f224eb1-ddec-4e1f-beca-c6248cb037be
INFO  [17:09:50.654] [bbotk] Evaluating 1 configuration(s)
INFO  [17:09:50.888] [bbotk] Result of batch 9:
INFO  [17:09:50.889] [bbotk]  nrounds       eta max_depth classif.ce warnings errors runtime_learners
INFO  [17:09:50.889] [bbotk]       84 0.0537943         6 0.07383158        0      0            0.189
INFO  [17:09:50.889] [bbotk]                                 uhash
INFO  [17:09:50.889] [bbotk]  3cbf3fc1-94be-4117-ac9e-0fa8d544428f
INFO  [17:09:50.896] [bbotk] Evaluating 1 configuration(s)
INFO  [17:09:51.291] [bbotk] Result of batch 10:
INFO  [17:09:51.294] [bbotk]  nrounds        eta max_depth classif.ce warnings errors runtime_learners
INFO  [17:09:51.294] [bbotk]      127 0.02238296         7 0.07258784        0      0            0.343
INFO  [17:09:51.294] [bbotk]                                 uhash
INFO  [17:09:51.294] [bbotk]  da27aa5a-a2ff-4f3c-99ce-81d9f1f4646f
INFO  [17:09:51.302] [bbotk] Finished optimizing after 10 evaluation(s)
INFO  [17:09:51.302] [bbotk] Result:
INFO  [17:09:51.303] [bbotk]  nrounds        eta max_depth learner_param_vals  x_domain classif.ce
INFO  [17:09:51.303] [bbotk]    <int>      <num>     <int>             <list>    <list>      <num>
INFO  [17:09:51.303] [bbotk]      134 0.04059973         4          <list[5]> <list[3]> 0.06633156
[1] -12.12875
[1] 31.49106

### [bt]: Job terminated successfully [batchtools job.id=2239]
### [bt]: Starting job [batchtools job.id=2240]
### [bt]: Generating problem instance for problem 'a63d756aec4c60c1' ...
### [bt]: Applying algorithm 'run_learner' on problem 'a63d756aec4c60c1' for job 2240 (seed = 2241) ...
INFO  [17:09:51.472] [mlr3] Applying learner 'classif.xgboost.tuned_calib.oof_beta' on task 'pc1' (iter 10/10)
INFO  [17:09:51.502] [bbotk] Starting to optimize 3 parameter(s) with '<OptimizerBatchRandomSearch>' and '<TerminatorEvals> [n_evals=10, k=0]'
INFO  [17:09:51.512] [bbotk] Evaluating 1 configuration(s)
INFO  [17:09:51.787] [bbotk] Result of batch 1:
INFO  [17:09:51.788] [bbotk]  nrounds       eta max_depth classif.ce warnings errors runtime_learners
INFO  [17:09:51.788] [bbotk]       88 0.1115464         9 0.06633156        0      0            0.233
INFO  [17:09:51.788] [bbotk]                                 uhash
INFO  [17:09:51.788] [bbotk]  662dedf9-ddbf-4266-82c5-86629b8ffd41
INFO  [17:09:51.798] [bbotk] Evaluating 1 configuration(s)
INFO  [17:09:52.294] [bbotk] Result of batch 2:
INFO  [17:09:52.295] [bbotk]  nrounds       eta max_depth classif.ce warnings errors runtime_learners
INFO  [17:09:52.295] [bbotk]      235 0.1021761         8 0.06507373        0      0            0.454
INFO  [17:09:52.295] [bbotk]                                 uhash
INFO  [17:09:52.295] [bbotk]  a2e16ed9-2ba5-4b15-b5ed-99ac30abddce
INFO  [17:09:52.299] [bbotk] Evaluating 1 configuration(s)
INFO  [17:09:52.723] [bbotk] Result of batch 3:
INFO  [17:09:52.725] [bbotk]  nrounds       eta max_depth classif.ce warnings errors runtime_learners
INFO  [17:09:52.725] [bbotk]      238 0.1161351         4 0.06883313        0      0            0.376
INFO  [17:09:52.725] [bbotk]                                 uhash
INFO  [17:09:52.725] [bbotk]  097276a9-2194-406c-8569-72bc6192c335
INFO  [17:09:52.742] [bbotk] Evaluating 1 configuration(s)
INFO  [17:09:53.012] [bbotk] Result of batch 4:
INFO  [17:09:53.013] [bbotk]  nrounds       eta max_depth classif.ce warnings errors runtime_learners
INFO  [17:09:53.013] [bbotk]      110 0.1653612         5 0.06507843        0      0            0.211
INFO  [17:09:53.013] [bbotk]                                 uhash
INFO  [17:09:53.013] [bbotk]  657a34b1-14d5-40c3-a871-cf1954ae0631
INFO  [17:09:53.027] [bbotk] Evaluating 1 configuration(s)
INFO  [17:09:53.483] [bbotk] Result of batch 5:
INFO  [17:09:53.485] [bbotk]  nrounds       eta max_depth classif.ce warnings errors runtime_learners
INFO  [17:09:53.485] [bbotk]      265 0.2485715         7 0.06633156        0      0             0.41
INFO  [17:09:53.485] [bbotk]                                 uhash
INFO  [17:09:53.485] [bbotk]  1719baf0-7649-4f0a-8e89-e0183a76e32b
INFO  [17:09:53.495] [bbotk] Evaluating 1 configuration(s)
INFO  [17:09:53.663] [bbotk] Result of batch 6:
INFO  [17:09:53.664] [bbotk]  nrounds       eta max_depth classif.ce warnings errors runtime_learners
INFO  [17:09:53.664] [bbotk]      112 0.2235148         2 0.06382529        0      0            0.113
INFO  [17:09:53.664] [bbotk]                                 uhash
INFO  [17:09:53.664] [bbotk]  24d44153-afc0-4049-afb7-e3e1a68ad8d8
INFO  [17:09:53.668] [bbotk] Evaluating 1 configuration(s)
INFO  [17:09:53.922] [bbotk] Result of batch 7:
INFO  [17:09:53.924] [bbotk]  nrounds        eta max_depth classif.ce warnings errors runtime_learners
INFO  [17:09:53.924] [bbotk]       70 0.05179875         8 0.06507843        0      0            0.203
INFO  [17:09:53.924] [bbotk]                                 uhash
INFO  [17:09:53.924] [bbotk]  164642ab-d1f3-4838-b430-8b84c087d63d
INFO  [17:09:53.929] [bbotk] Evaluating 1 configuration(s)
INFO  [17:09:54.237] [bbotk] Result of batch 8:
INFO  [17:09:54.237] [bbotk]  nrounds       eta max_depth classif.ce warnings errors runtime_learners
INFO  [17:09:54.237] [bbotk]      110 0.1112738         5 0.06758469        0      0            0.259
INFO  [17:09:54.237] [bbotk]                                 uhash
INFO  [17:09:54.237] [bbotk]  55f2f2a0-950a-4bb3-ae80-0bd3433045d9
INFO  [17:09:54.242] [bbotk] Evaluating 1 configuration(s)
INFO  [17:09:54.433] [bbotk] Result of batch 9:
INFO  [17:09:54.436] [bbotk]  nrounds       eta max_depth classif.ce warnings errors runtime_learners
INFO  [17:09:54.436] [bbotk]       87 0.1358715         3    0.06758        0      0            0.142
INFO  [17:09:54.436] [bbotk]                                 uhash
INFO  [17:09:54.436] [bbotk]  8039c6d4-0cee-4f20-9a0b-a50630f8e784
INFO  [17:09:54.455] [bbotk] Evaluating 1 configuration(s)
INFO  [17:09:54.898] [bbotk] Result of batch 10:
INFO  [17:09:54.899] [bbotk]  nrounds       eta max_depth classif.ce warnings errors runtime_learners
INFO  [17:09:54.899] [bbotk]      217 0.1652704         6 0.06633156        0      0              0.4
INFO  [17:09:54.899] [bbotk]                                 uhash
INFO  [17:09:54.899] [bbotk]  734f6e58-618f-49ea-a8f3-0191a35845f4
INFO  [17:09:54.916] [bbotk] Finished optimizing after 10 evaluation(s)
INFO  [17:09:54.917] [bbotk] Result:
INFO  [17:09:54.919] [bbotk]  nrounds       eta max_depth learner_param_vals  x_domain classif.ce
INFO  [17:09:54.919] [bbotk]    <int>     <num>     <int>             <list>    <list>      <num>
INFO  [17:09:54.919] [bbotk]      112 0.2235148         2          <list[5]> <list[3]> 0.06382529
INFO  [17:09:55.019] [bbotk] Starting to optimize 3 parameter(s) with '<OptimizerBatchRandomSearch>' and '<TerminatorEvals> [n_evals=10, k=0]'
INFO  [17:09:55.037] [bbotk] Evaluating 1 configuration(s)
INFO  [17:09:55.570] [bbotk] Result of batch 1:
INFO  [17:09:55.571] [bbotk]  nrounds        eta max_depth classif.ce warnings errors runtime_learners
INFO  [17:09:55.571] [bbotk]      227 0.08836703         8 0.06258624        0      0            0.495
INFO  [17:09:55.571] [bbotk]                                 uhash
INFO  [17:09:55.571] [bbotk]  8644b8f6-bb15-4080-880c-88ff76503bd7
INFO  [17:09:55.576] [bbotk] Evaluating 1 configuration(s)
INFO  [17:09:56.054] [bbotk] Result of batch 2:
INFO  [17:09:56.056] [bbotk]  nrounds       eta max_depth classif.ce warnings errors runtime_learners
INFO  [17:09:56.056] [bbotk]      275 0.1784477         5 0.06759877        0      0            0.442
INFO  [17:09:56.056] [bbotk]                                 uhash
INFO  [17:09:56.056] [bbotk]  4b4bb93b-2fbb-484f-b35e-30e5e88b5898
INFO  [17:09:56.065] [bbotk] Evaluating 1 configuration(s)
INFO  [17:09:56.548] [bbotk] Result of batch 3:
INFO  [17:09:56.549] [bbotk]  nrounds       eta max_depth classif.ce warnings errors runtime_learners
INFO  [17:09:56.549] [bbotk]      212 0.1020932         8 0.06508781        0      0            0.432
INFO  [17:09:56.549] [bbotk]                                 uhash
INFO  [17:09:56.549] [bbotk]  4ccf447d-089f-4f7e-810f-40bfc7ba6ec5
INFO  [17:09:56.556] [bbotk] Evaluating 1 configuration(s)
INFO  [17:09:57.008] [bbotk] Result of batch 4:
INFO  [17:09:57.017] [bbotk]  nrounds       eta max_depth classif.ce warnings errors runtime_learners
INFO  [17:09:57.017] [bbotk]      204 0.2111367         9  0.0613378        0      0            0.391
INFO  [17:09:57.017] [bbotk]                                 uhash
INFO  [17:09:57.017] [bbotk]  328bdd6d-afdc-4a50-a1cb-0a291eae6453
INFO  [17:09:57.024] [bbotk] Evaluating 1 configuration(s)
INFO  [17:09:57.378] [bbotk] Result of batch 5:
INFO  [17:09:57.379] [bbotk]  nrounds        eta max_depth classif.ce warnings errors runtime_learners
INFO  [17:09:57.379] [bbotk]      163 0.06012335         4  0.0650972        0      0            0.316
INFO  [17:09:57.379] [bbotk]                                 uhash
INFO  [17:09:57.379] [bbotk]  2ba18283-d90a-40fb-9e61-2ad1f2258868
INFO  [17:09:57.385] [bbotk] Evaluating 1 configuration(s)
INFO  [17:09:57.990] [bbotk] Result of batch 6:
INFO  [17:09:57.992] [bbotk]  nrounds        eta max_depth classif.ce warnings errors runtime_learners
INFO  [17:09:57.992] [bbotk]      265 0.01398733         5 0.06133311        0      0            0.548
INFO  [17:09:57.992] [bbotk]                                 uhash
INFO  [17:09:57.992] [bbotk]  5d51aef1-600b-43bd-ac56-4152682bf6ea
INFO  [17:09:57.997] [bbotk] Evaluating 1 configuration(s)
INFO  [17:09:58.514] [bbotk] Result of batch 7:
INFO  [17:09:58.515] [bbotk]  nrounds       eta max_depth classif.ce warnings errors runtime_learners
INFO  [17:09:58.515] [bbotk]      291 0.2573046         8 0.06383937        0      0            0.469
INFO  [17:09:58.515] [bbotk]                                 uhash
INFO  [17:09:58.515] [bbotk]  646373d1-3b9d-4f2d-b950-9591e070c5a4
INFO  [17:09:58.524] [bbotk] Evaluating 1 configuration(s)
INFO  [17:09:58.667] [bbotk] Result of batch 8:
INFO  [17:09:58.668] [bbotk]  nrounds       eta max_depth classif.ce warnings errors runtime_learners
INFO  [17:09:58.668] [bbotk]       63 0.1101677         3  0.0575831        0      0            0.106
INFO  [17:09:58.668] [bbotk]                                 uhash
INFO  [17:09:58.668] [bbotk]  d0b6763a-98cf-455f-8095-c72b3da44608
INFO  [17:09:58.677] [bbotk] Evaluating 1 configuration(s)
INFO  [17:09:58.941] [bbotk] Result of batch 9:
INFO  [17:09:58.942] [bbotk]  nrounds       eta max_depth classif.ce warnings errors runtime_learners
INFO  [17:09:58.942] [bbotk]      223 0.1706044         2 0.06759877        0      0            0.218
INFO  [17:09:58.942] [bbotk]                                 uhash
INFO  [17:09:58.942] [bbotk]  dafce330-2e91-446b-9cc8-d3c868300b55
INFO  [17:09:58.952] [bbotk] Evaluating 1 configuration(s)
INFO  [17:09:59.077] [bbotk] Result of batch 10:
INFO  [17:09:59.079] [bbotk]  nrounds      eta max_depth classif.ce warnings errors runtime_learners
INFO  [17:09:59.079] [bbotk]       58 0.017466         3 0.06884252        0      0            0.074
INFO  [17:09:59.079] [bbotk]                                 uhash
INFO  [17:09:59.079] [bbotk]  4b3b8c62-8867-4309-a1aa-3fac8f331240
INFO  [17:09:59.105] [bbotk] Finished optimizing after 10 evaluation(s)
INFO  [17:09:59.106] [bbotk] Result:
INFO  [17:09:59.108] [bbotk]  nrounds       eta max_depth learner_param_vals  x_domain classif.ce
INFO  [17:09:59.108] [bbotk]    <int>     <num>     <int>             <list>    <list>      <num>
INFO  [17:09:59.108] [bbotk]       63 0.1101677         3          <list[5]> <list[3]>  0.0575831
INFO  [17:09:59.196] [bbotk] Starting to optimize 3 parameter(s) with '<OptimizerBatchRandomSearch>' and '<TerminatorEvals> [n_evals=10, k=0]'
INFO  [17:09:59.223] [bbotk] Evaluating 1 configuration(s)
INFO  [17:09:59.762] [bbotk] Result of batch 1:
INFO  [17:09:59.763] [bbotk]  nrounds       eta max_depth classif.ce warnings errors runtime_learners
INFO  [17:09:59.763] [bbotk]      283 0.1574058         7 0.08260821        0      0            0.492
INFO  [17:09:59.763] [bbotk]                                 uhash
INFO  [17:09:59.763] [bbotk]  652a96a1-8fdd-4b06-8332-87f85fa00cd3
INFO  [17:09:59.770] [bbotk] Evaluating 1 configuration(s)
INFO  [17:10:00.130] [bbotk] Result of batch 2:
INFO  [17:10:00.131] [bbotk]  nrounds       eta max_depth classif.ce warnings errors runtime_learners
INFO  [17:10:00.131] [bbotk]      155 0.2669783         4 0.08010663        0      0            0.295
INFO  [17:10:00.131] [bbotk]                                 uhash
INFO  [17:10:00.131] [bbotk]  6b7fb5c4-dea7-4b9b-b75e-364a25cd05bf
INFO  [17:10:00.136] [bbotk] Evaluating 1 configuration(s)
INFO  [17:10:00.382] [bbotk] Result of batch 3:
INFO  [17:10:00.385] [bbotk]  nrounds       eta max_depth classif.ce warnings errors runtime_learners
INFO  [17:10:00.385] [bbotk]       64 0.1691021         9 0.07886289        0      0            0.201
INFO  [17:10:00.385] [bbotk]                                 uhash
INFO  [17:10:00.385] [bbotk]  b14f1c9e-eca0-481d-9366-b0b8ee1ca513
INFO  [17:10:00.399] [bbotk] Evaluating 1 configuration(s)
INFO  [17:10:00.864] [bbotk] Result of batch 4:
INFO  [17:10:00.866] [bbotk]  nrounds       eta max_depth classif.ce warnings errors runtime_learners
INFO  [17:10:00.866] [bbotk]      155 0.0747848         9 0.07760975        0      0             0.41
INFO  [17:10:00.866] [bbotk]                                 uhash
INFO  [17:10:00.866] [bbotk]  eccf04ed-122f-46c1-9d9b-2596744c00ed
INFO  [17:10:00.878] [bbotk] Evaluating 1 configuration(s)
INFO  [17:10:01.312] [bbotk] Result of batch 5:
INFO  [17:10:01.313] [bbotk]  nrounds       eta max_depth classif.ce warnings errors runtime_learners
INFO  [17:10:01.313] [bbotk]      181 0.2253755        10 0.08386134        0      0             0.38
INFO  [17:10:01.313] [bbotk]                                 uhash
INFO  [17:10:01.313] [bbotk]  b1afddca-9e93-4dbe-85ea-a97f359b849c
INFO  [17:10:01.317] [bbotk] Evaluating 1 configuration(s)
INFO  [17:10:01.592] [bbotk] Result of batch 6:
INFO  [17:10:01.594] [bbotk]  nrounds       eta max_depth classif.ce warnings errors runtime_learners
INFO  [17:10:01.594] [bbotk]      229 0.1599569         2 0.08386603        0      0            0.229
INFO  [17:10:01.594] [bbotk]                                 uhash
INFO  [17:10:01.594] [bbotk]  ff652d5f-617c-4c85-8ba4-8a588c8f1adb
INFO  [17:10:01.603] [bbotk] Evaluating 1 configuration(s)
INFO  [17:10:02.183] [bbotk] Result of batch 7:
INFO  [17:10:02.185] [bbotk]  nrounds        eta max_depth classif.ce warnings errors runtime_learners
INFO  [17:10:02.185] [bbotk]      257 0.01649995         4 0.07137225        0      0            0.525
INFO  [17:10:02.185] [bbotk]                                 uhash
INFO  [17:10:02.185] [bbotk]  767f97ed-3cbe-4e84-a4a9-51eb9637e096
INFO  [17:10:02.193] [bbotk] Evaluating 1 configuration(s)
INFO  [17:10:02.446] [bbotk] Result of batch 8:
INFO  [17:10:02.447] [bbotk]  nrounds        eta max_depth classif.ce warnings errors runtime_learners
INFO  [17:10:02.447] [bbotk]      171 0.07055876         2 0.07010973        0      0            0.202
INFO  [17:10:02.447] [bbotk]                                 uhash
INFO  [17:10:02.447] [bbotk]  ac3be2b9-a40d-4ac5-b0c2-caf60e808b07
INFO  [17:10:02.451] [bbotk] Evaluating 1 configuration(s)
INFO  [17:10:02.866] [bbotk] Result of batch 9:
INFO  [17:10:02.867] [bbotk]  nrounds        eta max_depth classif.ce warnings errors runtime_learners
INFO  [17:10:02.867] [bbotk]      143 0.06897343         8 0.07886289        0      0            0.385
INFO  [17:10:02.867] [bbotk]                                 uhash
INFO  [17:10:02.867] [bbotk]  a6d908ba-35d7-493e-ab58-656741b1bd90
INFO  [17:10:02.871] [bbotk] Evaluating 1 configuration(s)
INFO  [17:10:02.984] [bbotk] Result of batch 10:
INFO  [17:10:02.985] [bbotk]  nrounds        eta max_depth classif.ce warnings errors runtime_learners
INFO  [17:10:02.985] [bbotk]       58 0.02752358         3 0.07011442        0      0            0.077
INFO  [17:10:02.985] [bbotk]                                 uhash
INFO  [17:10:02.985] [bbotk]  4cbe0916-5a11-4b46-95cf-5f02eefa7af5
INFO  [17:10:02.997] [bbotk] Finished optimizing after 10 evaluation(s)
INFO  [17:10:02.997] [bbotk] Result:
INFO  [17:10:03.000] [bbotk]  nrounds        eta max_depth learner_param_vals  x_domain classif.ce
INFO  [17:10:03.000] [bbotk]    <int>      <num>     <int>             <list>    <list>      <num>
INFO  [17:10:03.000] [bbotk]      171 0.07055876         2          <list[5]> <list[3]> 0.07010973
INFO  [17:10:03.168] [bbotk] Starting to optimize 3 parameter(s) with '<OptimizerBatchRandomSearch>' and '<TerminatorEvals> [n_evals=10, k=0]'
INFO  [17:10:03.178] [bbotk] Evaluating 1 configuration(s)
INFO  [17:10:03.523] [bbotk] Result of batch 1:
INFO  [17:10:03.524] [bbotk]  nrounds       eta max_depth classif.ce warnings errors runtime_learners
INFO  [17:10:03.524] [bbotk]      160 0.1732081         5 0.06760347        0      0            0.297
INFO  [17:10:03.524] [bbotk]                                 uhash
INFO  [17:10:03.524] [bbotk]  87735b40-6b45-43e5-81d8-0685101b31b8
INFO  [17:10:03.528] [bbotk] Evaluating 1 configuration(s)
INFO  [17:10:04.068] [bbotk] Result of batch 2:
INFO  [17:10:04.070] [bbotk]  nrounds        eta max_depth classif.ce warnings errors runtime_learners
INFO  [17:10:04.070] [bbotk]      230 0.03438718         7 0.07010504        0      0            0.488
INFO  [17:10:04.070] [bbotk]                                 uhash
INFO  [17:10:04.070] [bbotk]  cde98ad2-4959-4124-9bdf-4129f65285b3
INFO  [17:10:04.082] [bbotk] Evaluating 1 configuration(s)
INFO  [17:10:04.620] [bbotk] Result of batch 3:
INFO  [17:10:04.622] [bbotk]  nrounds        eta max_depth classif.ce warnings errors runtime_learners
INFO  [17:10:04.622] [bbotk]      212 0.04098789         9 0.06759877        0      0            0.501
INFO  [17:10:04.622] [bbotk]                                 uhash
INFO  [17:10:04.622] [bbotk]  6a9795c3-2261-4b6f-85f4-f4b4a74d064a
INFO  [17:10:04.631] [bbotk] Evaluating 1 configuration(s)
INFO  [17:10:04.914] [bbotk] Result of batch 4:
INFO  [17:10:04.915] [bbotk]  nrounds       eta max_depth classif.ce warnings errors runtime_learners
INFO  [17:10:04.915] [bbotk]      106 0.2623974         8 0.06760347        0      0            0.247
INFO  [17:10:04.915] [bbotk]                                 uhash
INFO  [17:10:04.915] [bbotk]  a28bf529-8df8-4eee-8d21-92833fca71ee
INFO  [17:10:04.919] [bbotk] Evaluating 1 configuration(s)
INFO  [17:10:05.272] [bbotk] Result of batch 5:
INFO  [17:10:05.273] [bbotk]  nrounds       eta max_depth classif.ce warnings errors runtime_learners
INFO  [17:10:05.273] [bbotk]      139 0.1022389         8 0.07010973        0      0            0.316
INFO  [17:10:05.273] [bbotk]                                 uhash
INFO  [17:10:05.273] [bbotk]  fa5486fb-93e2-4195-a2ef-5512e81f18f7
INFO  [17:10:05.285] [bbotk] Evaluating 1 configuration(s)
INFO  [17:10:05.782] [bbotk] Result of batch 6:
INFO  [17:10:05.784] [bbotk]  nrounds       eta max_depth classif.ce warnings errors runtime_learners
INFO  [17:10:05.784] [bbotk]      292 0.2825088         7 0.07135817        0      0            0.431
INFO  [17:10:05.784] [bbotk]                                 uhash
INFO  [17:10:05.784] [bbotk]  52afa23c-39c4-4b54-9c49-d99e1e368a93
INFO  [17:10:05.803] [bbotk] Evaluating 1 configuration(s)
INFO  [17:10:06.226] [bbotk] Result of batch 7:
INFO  [17:10:06.227] [bbotk]  nrounds       eta max_depth classif.ce warnings errors runtime_learners
INFO  [17:10:06.227] [bbotk]      222 0.2842849         7 0.07136286        0      0            0.372
INFO  [17:10:06.227] [bbotk]                                 uhash
INFO  [17:10:06.227] [bbotk]  658aeac6-7c52-457c-b3c0-7f658ef7144e
INFO  [17:10:06.231] [bbotk] Evaluating 1 configuration(s)
INFO  [17:10:06.572] [bbotk] Result of batch 8:
INFO  [17:10:06.573] [bbotk]  nrounds       eta max_depth classif.ce warnings errors runtime_learners
INFO  [17:10:06.573] [bbotk]      282 0.2041611         2 0.07136286        0      0             0.29
INFO  [17:10:06.573] [bbotk]                                 uhash
INFO  [17:10:06.573] [bbotk]  b7df5e71-7446-4db0-b511-c57977103c5f
INFO  [17:10:06.579] [bbotk] Evaluating 1 configuration(s)
INFO  [17:10:07.032] [bbotk] Result of batch 9:
INFO  [17:10:07.035] [bbotk]  nrounds       eta max_depth classif.ce warnings errors runtime_learners
INFO  [17:10:07.035] [bbotk]      185 0.0189818         5 0.06383937        0      0            0.395
INFO  [17:10:07.035] [bbotk]                                 uhash
INFO  [17:10:07.035] [bbotk]  6fb43a89-2fe9-41d1-a9c7-7d9e93ccd172
INFO  [17:10:07.047] [bbotk] Evaluating 1 configuration(s)
INFO  [17:10:07.601] [bbotk] Result of batch 10:
INFO  [17:10:07.604] [bbotk]  nrounds       eta max_depth classif.ce warnings errors runtime_learners
INFO  [17:10:07.604] [bbotk]      280 0.1236035         9 0.07135348        0      0            0.508
INFO  [17:10:07.604] [bbotk]                                 uhash
INFO  [17:10:07.604] [bbotk]  18477334-e5e5-4c1e-a030-83f2b1ff1d81
INFO  [17:10:07.613] [bbotk] Finished optimizing after 10 evaluation(s)
INFO  [17:10:07.613] [bbotk] Result:
INFO  [17:10:07.614] [bbotk]  nrounds       eta max_depth learner_param_vals  x_domain classif.ce
INFO  [17:10:07.614] [bbotk]    <int>     <num>     <int>             <list>    <list>      <num>
INFO  [17:10:07.614] [bbotk]      185 0.0189818         5          <list[5]> <list[3]> 0.06383937
INFO  [17:10:07.862] [bbotk] Starting to optimize 3 parameter(s) with '<OptimizerBatchRandomSearch>' and '<TerminatorEvals> [n_evals=10, k=0]'
INFO  [17:10:07.879] [bbotk] Evaluating 1 configuration(s)
INFO  [17:10:08.352] [bbotk] Result of batch 1:
INFO  [17:10:08.353] [bbotk]  nrounds        eta max_depth classif.ce warnings errors runtime_learners
INFO  [17:10:08.353] [bbotk]      229 0.05400019         4 0.06499395        0      0            0.439
INFO  [17:10:08.353] [bbotk]                                 uhash
INFO  [17:10:08.353] [bbotk]  e537eccc-900e-43b9-b3ed-9c7361e8df05
INFO  [17:10:08.364] [bbotk] Evaluating 1 configuration(s)
INFO  [17:10:08.901] [bbotk] Result of batch 2:
INFO  [17:10:08.902] [bbotk]  nrounds       eta max_depth classif.ce warnings errors runtime_learners
INFO  [17:10:08.902] [bbotk]      220 0.1108002         7 0.06498925        0      0            0.476
INFO  [17:10:08.902] [bbotk]                                 uhash
INFO  [17:10:08.902] [bbotk]  a89c8d16-0c33-4585-99bc-feb3d370c978
INFO  [17:10:08.906] [bbotk] Evaluating 1 configuration(s)
INFO  [17:10:09.271] [bbotk] Result of batch 3:
INFO  [17:10:09.273] [bbotk]  nrounds       eta max_depth classif.ce warnings errors runtime_learners
INFO  [17:10:09.273] [bbotk]      275 0.2184564         8 0.06623769        0      0            0.333
INFO  [17:10:09.273] [bbotk]                                 uhash
INFO  [17:10:09.273] [bbotk]  a0a0c9e3-7bdf-46f0-8166-7eeed1756e1c
INFO  [17:10:09.281] [bbotk] Evaluating 1 configuration(s)
INFO  [17:10:09.649] [bbotk] Result of batch 4:
INFO  [17:10:09.651] [bbotk]  nrounds       eta max_depth classif.ce warnings errors runtime_learners
INFO  [17:10:09.651] [bbotk]      144 0.1103317         7 0.06749082        0      0             0.31
INFO  [17:10:09.651] [bbotk]                                 uhash
INFO  [17:10:09.651] [bbotk]  de8eb669-86fc-486f-a04e-230b7eb72d3f
INFO  [17:10:09.655] [bbotk] Evaluating 1 configuration(s)
INFO  [17:10:09.928] [bbotk] Result of batch 5:
INFO  [17:10:09.933] [bbotk]  nrounds       eta max_depth classif.ce warnings errors runtime_learners
INFO  [17:10:09.933] [bbotk]       68 0.0731907        10 0.06624238        0      0            0.222
INFO  [17:10:09.933] [bbotk]                                 uhash
INFO  [17:10:09.933] [bbotk]  3d6f3ca2-ce5a-46f1-8ebb-049fc5c7bbc8
INFO  [17:10:09.942] [bbotk] Evaluating 1 configuration(s)
INFO  [17:10:10.452] [bbotk] Result of batch 6:
INFO  [17:10:10.453] [bbotk]  nrounds      eta max_depth classif.ce warnings errors runtime_learners
INFO  [17:10:10.453] [bbotk]      243 0.263286        10 0.06749552        0      0            0.455
INFO  [17:10:10.453] [bbotk]                                 uhash
INFO  [17:10:10.453] [bbotk]  2a9d5465-8a20-4286-94b9-eb63b6b94be7
INFO  [17:10:10.457] [bbotk] Evaluating 1 configuration(s)
INFO  [17:10:10.728] [bbotk] Result of batch 7:
INFO  [17:10:10.729] [bbotk]  nrounds       eta max_depth classif.ce warnings errors runtime_learners
INFO  [17:10:10.729] [bbotk]       96 0.2865243        10 0.06749082        0      0            0.207
INFO  [17:10:10.729] [bbotk]                                 uhash
INFO  [17:10:10.729] [bbotk]  24657bd3-47fd-4343-bd4f-515ada5843c7
INFO  [17:10:10.734] [bbotk] Evaluating 1 configuration(s)
INFO  [17:10:11.104] [bbotk] Result of batch 8:
INFO  [17:10:11.109] [bbotk]  nrounds       eta max_depth classif.ce warnings errors runtime_learners
INFO  [17:10:11.109] [bbotk]      150 0.2705089         7 0.06749082        0      0            0.279
INFO  [17:10:11.109] [bbotk]                                 uhash
INFO  [17:10:11.109] [bbotk]  09f21def-3a39-446b-ae01-721c42948acd
INFO  [17:10:11.132] [bbotk] Evaluating 1 configuration(s)
INFO  [17:10:11.592] [bbotk] Result of batch 9:
INFO  [17:10:11.593] [bbotk]  nrounds       eta max_depth classif.ce warnings errors runtime_learners
INFO  [17:10:11.593] [bbotk]      213 0.1326793         5 0.06374081        0      0            0.406
INFO  [17:10:11.593] [bbotk]                                 uhash
INFO  [17:10:11.593] [bbotk]  facb3a65-bed1-470a-a8f3-886de4752515
INFO  [17:10:11.598] [bbotk] Evaluating 1 configuration(s)
INFO  [17:10:12.105] [bbotk] Result of batch 10:
INFO  [17:10:12.106] [bbotk]  nrounds        eta max_depth classif.ce warnings errors runtime_learners
INFO  [17:10:12.106] [bbotk]      182 0.08773156         7 0.06749082        0      0            0.456
INFO  [17:10:12.106] [bbotk]                                 uhash
INFO  [17:10:12.106] [bbotk]  a52f4866-01e8-4335-99e3-0d07a864927b
INFO  [17:10:12.114] [bbotk] Finished optimizing after 10 evaluation(s)
INFO  [17:10:12.114] [bbotk] Result:
INFO  [17:10:12.117] [bbotk]  nrounds       eta max_depth learner_param_vals  x_domain classif.ce
INFO  [17:10:12.117] [bbotk]    <int>     <num>     <int>             <list>    <list>      <num>
INFO  [17:10:12.117] [bbotk]      213 0.1326793         5          <list[5]> <list[3]> 0.06374081
[1] -22.81398
[1] 19.26204

### [bt]: Job terminated successfully [batchtools job.id=2240]
### [bt]: Calculation finished!
