### [bt]: This is batchtools v0.9.17
### [bt]: Starting calculation of 5 jobs
### [bt]: Setting working directory to '/Users/User/Documents/Studium/Semester8/Hiwi/mlr3calibration/vignettes'
### [bt]: Memory measurement disabled
### [bt]: Starting job [batchtools job.id=2231]
### [bt]: Generating problem instance for problem 'a63d756aec4c60c1' ...
### [bt]: Applying algorithm 'run_learner' on problem 'a63d756aec4c60c1' for job 2231 (seed = 2232) ...
INFO  [17:08:24.758] [mlr3] Applying learner 'classif.xgboost.tuned_calib.oof_beta' on task 'pc1' (iter 1/10)
INFO  [17:08:24.800] [bbotk] Starting to optimize 3 parameter(s) with '<OptimizerBatchRandomSearch>' and '<TerminatorEvals> [n_evals=10, k=0]'
INFO  [17:08:24.812] [bbotk] Evaluating 1 configuration(s)
INFO  [17:08:25.190] [bbotk] Result of batch 1:
INFO  [17:08:25.190] [bbotk]  nrounds       eta max_depth classif.ce warnings errors runtime_learners
INFO  [17:08:25.190] [bbotk]      249 0.2992735         8  0.0726817        0      0            0.341
INFO  [17:08:25.190] [bbotk]                                 uhash
INFO  [17:08:25.190] [bbotk]  ae39a66f-ef6f-4bac-9b6e-04c647685606
INFO  [17:08:25.198] [bbotk] Evaluating 1 configuration(s)
INFO  [17:08:25.430] [bbotk] Result of batch 2:
INFO  [17:08:25.432] [bbotk]  nrounds       eta max_depth classif.ce warnings errors runtime_learners
INFO  [17:08:25.432] [bbotk]       99 0.2055019         9 0.07518797        0      0            0.189
INFO  [17:08:25.432] [bbotk]                                 uhash
INFO  [17:08:25.432] [bbotk]  0406ae13-54aa-4b3c-8ddc-a1035226015c
INFO  [17:08:25.438] [bbotk] Evaluating 1 configuration(s)
INFO  [17:08:25.779] [bbotk] Result of batch 3:
INFO  [17:08:25.780] [bbotk]  nrounds       eta max_depth classif.ce warnings errors runtime_learners
INFO  [17:08:25.780] [bbotk]      175 0.1218268         7 0.07518797        0      0            0.301
INFO  [17:08:25.780] [bbotk]                                 uhash
INFO  [17:08:25.780] [bbotk]  2c638a48-0df0-415c-9e3f-b9b50a9b049e
INFO  [17:08:25.784] [bbotk] Evaluating 1 configuration(s)
INFO  [17:08:26.252] [bbotk] Result of batch 4:
INFO  [17:08:26.253] [bbotk]  nrounds        eta max_depth classif.ce warnings errors runtime_learners
INFO  [17:08:26.253] [bbotk]      248 0.02001154         6 0.06892231        0      0            0.427
INFO  [17:08:26.253] [bbotk]                                 uhash
INFO  [17:08:26.253] [bbotk]  0db962a0-5819-4a42-b2d2-3b0f91e082bb
INFO  [17:08:26.257] [bbotk] Evaluating 1 configuration(s)
INFO  [17:08:26.650] [bbotk] Result of batch 5:
INFO  [17:08:26.651] [bbotk]  nrounds       eta max_depth classif.ce warnings errors runtime_learners
INFO  [17:08:26.651] [bbotk]      194 0.1159444         6 0.07142857        0      0            0.358
INFO  [17:08:26.651] [bbotk]                                 uhash
INFO  [17:08:26.651] [bbotk]  15e3819f-7726-4f7f-82d7-5231b1eca5b2
INFO  [17:08:26.655] [bbotk] Evaluating 1 configuration(s)
INFO  [17:08:27.171] [bbotk] Result of batch 6:
INFO  [17:08:27.173] [bbotk]  nrounds       eta max_depth classif.ce warnings errors runtime_learners
INFO  [17:08:27.173] [bbotk]      263 0.1349853         9 0.07518797        0      0             0.38
INFO  [17:08:27.173] [bbotk]                                 uhash
INFO  [17:08:27.173] [bbotk]  54fc69ca-7c7a-49a5-8b12-17283e1d65a4
INFO  [17:08:27.180] [bbotk] Evaluating 1 configuration(s)
INFO  [17:08:27.653] [bbotk] Result of batch 7:
INFO  [17:08:27.654] [bbotk]  nrounds       eta max_depth classif.ce warnings errors runtime_learners
INFO  [17:08:27.654] [bbotk]      264 0.0962164         9  0.0764411        0      0            0.436
INFO  [17:08:27.654] [bbotk]                                 uhash
INFO  [17:08:27.654] [bbotk]  de3e6a3b-90b6-4535-a4b1-2ec79d20b77a
INFO  [17:08:27.658] [bbotk] Evaluating 1 configuration(s)
INFO  [17:08:28.094] [bbotk] Result of batch 8:
INFO  [17:08:28.096] [bbotk]  nrounds       eta max_depth classif.ce warnings errors runtime_learners
INFO  [17:08:28.096] [bbotk]      284 0.1412508         9  0.0726817        0      0             0.41
INFO  [17:08:28.096] [bbotk]                                 uhash
INFO  [17:08:28.096] [bbotk]  ca498988-454c-4a3f-8eed-20014f44648b
INFO  [17:08:28.105] [bbotk] Evaluating 1 configuration(s)
INFO  [17:08:28.589] [bbotk] Result of batch 9:
INFO  [17:08:28.591] [bbotk]  nrounds        eta max_depth classif.ce warnings errors runtime_learners
INFO  [17:08:28.591] [bbotk]      289 0.02797347         5 0.07393484        0      0            0.436
INFO  [17:08:28.591] [bbotk]                                 uhash
INFO  [17:08:28.591] [bbotk]  f2471914-6ef1-494d-878f-cd6f6f71ef05
INFO  [17:08:28.597] [bbotk] Evaluating 1 configuration(s)
INFO  [17:08:28.968] [bbotk] Result of batch 10:
INFO  [17:08:28.970] [bbotk]  nrounds       eta max_depth classif.ce warnings errors runtime_learners
INFO  [17:08:28.970] [bbotk]      265 0.1944672         5 0.07518797        0      0            0.338
INFO  [17:08:28.970] [bbotk]                                 uhash
INFO  [17:08:28.970] [bbotk]  bbc218c4-c964-4a40-9e15-6384104394ad
INFO  [17:08:28.978] [bbotk] Finished optimizing after 10 evaluation(s)
INFO  [17:08:28.979] [bbotk] Result:
INFO  [17:08:28.980] [bbotk]  nrounds        eta max_depth learner_param_vals  x_domain classif.ce
INFO  [17:08:28.980] [bbotk]    <int>      <num>     <int>             <list>    <list>      <num>
INFO  [17:08:28.980] [bbotk]      248 0.02001154         6          <list[5]> <list[3]> 0.06892231
INFO  [17:08:29.255] [bbotk] Starting to optimize 3 parameter(s) with '<OptimizerBatchRandomSearch>' and '<TerminatorEvals> [n_evals=10, k=0]'
INFO  [17:08:29.273] [bbotk] Evaluating 1 configuration(s)
INFO  [17:08:29.467] [bbotk] Result of batch 1:
INFO  [17:08:29.469] [bbotk]  nrounds       eta max_depth classif.ce warnings errors runtime_learners
INFO  [17:08:29.469] [bbotk]       96 0.2594865         5 0.07142857        0      0            0.153
INFO  [17:08:29.469] [bbotk]                                 uhash
INFO  [17:08:29.469] [bbotk]  d7ce5ee8-cd60-4413-a410-e2b3a27c76c8
INFO  [17:08:29.477] [bbotk] Evaluating 1 configuration(s)
INFO  [17:08:29.689] [bbotk] Result of batch 2:
INFO  [17:08:29.690] [bbotk]  nrounds       eta max_depth classif.ce warnings errors runtime_learners
INFO  [17:08:29.690] [bbotk]       97 0.2014435         8 0.06892231        0      0            0.177
INFO  [17:08:29.690] [bbotk]                                 uhash
INFO  [17:08:29.690] [bbotk]  19e15207-c3a0-4d7c-b4b5-79ce75b59852
INFO  [17:08:29.695] [bbotk] Evaluating 1 configuration(s)
INFO  [17:08:29.912] [bbotk] Result of batch 3:
INFO  [17:08:29.913] [bbotk]  nrounds       eta max_depth classif.ce warnings errors runtime_learners
INFO  [17:08:29.913] [bbotk]      114 0.2922593         9 0.07017544        0      0            0.178
INFO  [17:08:29.913] [bbotk]                                 uhash
INFO  [17:08:29.913] [bbotk]  99de3f7e-b82c-4355-b947-42374c48d39a
INFO  [17:08:29.918] [bbotk] Evaluating 1 configuration(s)
INFO  [17:08:30.245] [bbotk] Result of batch 4:
INFO  [17:08:30.247] [bbotk]  nrounds        eta max_depth classif.ce warnings errors runtime_learners
INFO  [17:08:30.247] [bbotk]      144 0.04303974         8 0.07142857        0      0             0.28
INFO  [17:08:30.247] [bbotk]                                 uhash
INFO  [17:08:30.247] [bbotk]  b80f7f5f-9ae7-4a17-b1b0-1c181ff4ff19
INFO  [17:08:30.255] [bbotk] Evaluating 1 configuration(s)
INFO  [17:08:30.532] [bbotk] Result of batch 5:
INFO  [17:08:30.533] [bbotk]  nrounds        eta max_depth classif.ce warnings errors runtime_learners
INFO  [17:08:30.533] [bbotk]      200 0.07124123         4 0.07142857        0      0            0.246
INFO  [17:08:30.533] [bbotk]                                 uhash
INFO  [17:08:30.533] [bbotk]  0b2e5d96-7f54-40eb-87d9-23d450ce5fd1
INFO  [17:08:30.538] [bbotk] Evaluating 1 configuration(s)
INFO  [17:08:30.705] [bbotk] Result of batch 6:
INFO  [17:08:30.706] [bbotk]  nrounds        eta max_depth classif.ce warnings errors runtime_learners
INFO  [17:08:30.706] [bbotk]      204 0.06575906         2 0.07142857        0      0            0.137
INFO  [17:08:30.706] [bbotk]                                 uhash
INFO  [17:08:30.706] [bbotk]  e7a5f721-ddd7-4d8f-827e-f0463d033fe6
INFO  [17:08:30.717] [bbotk] Evaluating 1 configuration(s)
INFO  [17:08:30.912] [bbotk] Result of batch 7:
INFO  [17:08:30.914] [bbotk]  nrounds       eta max_depth classif.ce warnings errors runtime_learners
INFO  [17:08:30.914] [bbotk]       85 0.2113556         8 0.07017544        0      0            0.151
INFO  [17:08:30.914] [bbotk]                                 uhash
INFO  [17:08:30.914] [bbotk]  c1bfbb05-ed65-4405-bc58-22f20b95403f
INFO  [17:08:30.920] [bbotk] Evaluating 1 configuration(s)
INFO  [17:08:31.256] [bbotk] Result of batch 8:
INFO  [17:08:31.257] [bbotk]  nrounds       eta max_depth classif.ce warnings errors runtime_learners
INFO  [17:08:31.257] [bbotk]      200 0.2440909        10 0.07017544        0      0            0.308
INFO  [17:08:31.257] [bbotk]                                 uhash
INFO  [17:08:31.257] [bbotk]  c9bf4506-9b5f-41a5-b815-c21a915c8fa8
INFO  [17:08:31.268] [bbotk] Evaluating 1 configuration(s)
INFO  [17:08:31.539] [bbotk] Result of batch 9:
INFO  [17:08:31.540] [bbotk]  nrounds      eta max_depth classif.ce warnings errors runtime_learners
INFO  [17:08:31.540] [bbotk]      150 0.067998         3 0.06892231        0      0            0.231
INFO  [17:08:31.540] [bbotk]                                 uhash
INFO  [17:08:31.540] [bbotk]  e9246ab8-e0c9-48fd-b3e5-f29313cbf48e
INFO  [17:08:31.548] [bbotk] Evaluating 1 configuration(s)
INFO  [17:08:31.721] [bbotk] Result of batch 10:
INFO  [17:08:31.723] [bbotk]  nrounds      eta max_depth classif.ce warnings errors runtime_learners
INFO  [17:08:31.723] [bbotk]       92 0.133054         3 0.07142857        0      0            0.128
INFO  [17:08:31.723] [bbotk]                                 uhash
INFO  [17:08:31.723] [bbotk]  4578f9ed-89b8-46e4-91d6-933479ca2d1d
INFO  [17:08:31.735] [bbotk] Finished optimizing after 10 evaluation(s)
INFO  [17:08:31.735] [bbotk] Result:
INFO  [17:08:31.736] [bbotk]  nrounds       eta max_depth learner_param_vals  x_domain classif.ce
INFO  [17:08:31.736] [bbotk]    <int>     <num>     <int>             <list>    <list>      <num>
INFO  [17:08:31.736] [bbotk]       97 0.2014435         8          <list[5]> <list[3]> 0.06892231
INFO  [17:08:31.924] [bbotk] Starting to optimize 3 parameter(s) with '<OptimizerBatchRandomSearch>' and '<TerminatorEvals> [n_evals=10, k=0]'
INFO  [17:08:31.947] [bbotk] Evaluating 1 configuration(s)
INFO  [17:08:32.567] [bbotk] Result of batch 1:
INFO  [17:08:32.569] [bbotk]  nrounds       eta max_depth classif.ce warnings errors runtime_learners
INFO  [17:08:32.569] [bbotk]      216 0.1199367        10 0.07769424        0      0            0.578
INFO  [17:08:32.569] [bbotk]                                 uhash
INFO  [17:08:32.569] [bbotk]  241e623b-4130-4d2a-9365-b66ed8fb178f
INFO  [17:08:32.580] [bbotk] Evaluating 1 configuration(s)
INFO  [17:08:33.119] [bbotk] Result of batch 2:
INFO  [17:08:33.122] [bbotk]  nrounds       eta max_depth classif.ce warnings errors runtime_learners
INFO  [17:08:33.122] [bbotk]      284 0.2523994         4 0.07518797        0      0            0.489
INFO  [17:08:33.122] [bbotk]                                 uhash
INFO  [17:08:33.122] [bbotk]  c0ac7f17-bf09-4dc7-8759-2c42e2c28b32
INFO  [17:08:33.138] [bbotk] Evaluating 1 configuration(s)
INFO  [17:08:33.477] [bbotk] Result of batch 3:
INFO  [17:08:33.478] [bbotk]  nrounds       eta max_depth classif.ce warnings errors runtime_learners
INFO  [17:08:33.478] [bbotk]      104 0.1734421         9  0.0726817        0      0            0.296
INFO  [17:08:33.478] [bbotk]                                 uhash
INFO  [17:08:33.478] [bbotk]  1957888d-3af3-413a-a440-65d28120ba2b
INFO  [17:08:33.482] [bbotk] Evaluating 1 configuration(s)
INFO  [17:08:33.611] [bbotk] Result of batch 4:
INFO  [17:08:33.614] [bbotk]  nrounds       eta max_depth classif.ce warnings errors runtime_learners
INFO  [17:08:33.614] [bbotk]       84 0.1928899         2 0.07393484        0      0            0.085
INFO  [17:08:33.614] [bbotk]                                 uhash
INFO  [17:08:33.614] [bbotk]  35d3fb8d-dc92-4d58-97c4-731516e327de
INFO  [17:08:33.618] [bbotk] Evaluating 1 configuration(s)
INFO  [17:08:34.429] [bbotk] Result of batch 5:
INFO  [17:08:34.430] [bbotk]  nrounds        eta max_depth classif.ce warnings errors runtime_learners
INFO  [17:08:34.430] [bbotk]      300 0.08019353        10  0.0764411        0      0            0.777
INFO  [17:08:34.430] [bbotk]                                 uhash
INFO  [17:08:34.430] [bbotk]  c7782a27-b140-4f9d-a329-8758a3520509
INFO  [17:08:34.439] [bbotk] Evaluating 1 configuration(s)
INFO  [17:08:34.980] [bbotk] Result of batch 6:
INFO  [17:08:34.981] [bbotk]  nrounds       eta max_depth classif.ce warnings errors runtime_learners
INFO  [17:08:34.981] [bbotk]      236 0.2603289         9 0.07894737        0      0            0.502
INFO  [17:08:34.981] [bbotk]                                 uhash
INFO  [17:08:34.981] [bbotk]  400ac95f-3e14-4c7b-b1cf-45210aea25a9
INFO  [17:08:34.993] [bbotk] Evaluating 1 configuration(s)
INFO  [17:08:35.371] [bbotk] Result of batch 7:
INFO  [17:08:35.380] [bbotk]  nrounds       eta max_depth classif.ce warnings errors runtime_learners
INFO  [17:08:35.380] [bbotk]      155 0.2303203         4 0.07393484        0      0            0.331
INFO  [17:08:35.380] [bbotk]                                 uhash
INFO  [17:08:35.380] [bbotk]  c7cc7ee9-c811-4831-acc2-e048da093c89
INFO  [17:08:35.389] [bbotk] Evaluating 1 configuration(s)
INFO  [17:08:35.706] [bbotk] Result of batch 8:
INFO  [17:08:35.708] [bbotk]  nrounds        eta max_depth classif.ce warnings errors runtime_learners
INFO  [17:08:35.708] [bbotk]      232 0.07125129         2  0.0764411        0      0            0.258
INFO  [17:08:35.708] [bbotk]                                 uhash
INFO  [17:08:35.708] [bbotk]  e2bf06ac-f87b-4d84-98b4-06c49d2d22d3
INFO  [17:08:35.719] [bbotk] Evaluating 1 configuration(s)
INFO  [17:08:36.093] [bbotk] Result of batch 9:
INFO  [17:08:36.095] [bbotk]  nrounds       eta max_depth classif.ce warnings errors runtime_learners
INFO  [17:08:36.095] [bbotk]      164 0.2186618         4 0.07518797        0      0            0.315
INFO  [17:08:36.095] [bbotk]                                 uhash
INFO  [17:08:36.095] [bbotk]  fe3b9a36-dfc9-479a-8380-15966d30459d
INFO  [17:08:36.108] [bbotk] Evaluating 1 configuration(s)
INFO  [17:08:36.657] [bbotk] Result of batch 10:
INFO  [17:08:36.659] [bbotk]  nrounds       eta max_depth classif.ce warnings errors runtime_learners
INFO  [17:08:36.659] [bbotk]      207 0.1496231         6 0.07518797        0      0            0.489
INFO  [17:08:36.659] [bbotk]                                 uhash
INFO  [17:08:36.659] [bbotk]  13204c1f-e58a-4ae6-9032-4eb0db255f3a
INFO  [17:08:36.686] [bbotk] Finished optimizing after 10 evaluation(s)
INFO  [17:08:36.686] [bbotk] Result:
INFO  [17:08:36.687] [bbotk]  nrounds       eta max_depth learner_param_vals  x_domain classif.ce
INFO  [17:08:36.687] [bbotk]    <int>     <num>     <int>             <list>    <list>      <num>
INFO  [17:08:36.687] [bbotk]      104 0.1734421         9          <list[5]> <list[3]>  0.0726817
INFO  [17:08:36.897] [bbotk] Starting to optimize 3 parameter(s) with '<OptimizerBatchRandomSearch>' and '<TerminatorEvals> [n_evals=10, k=0]'
INFO  [17:08:36.910] [bbotk] Evaluating 1 configuration(s)
INFO  [17:08:37.231] [bbotk] Result of batch 1:
INFO  [17:08:37.234] [bbotk]  nrounds       eta max_depth classif.ce warnings errors runtime_learners
INFO  [17:08:37.234] [bbotk]      112 0.1943641         8 0.07010504        0      0            0.263
INFO  [17:08:37.234] [bbotk]                                 uhash
INFO  [17:08:37.234] [bbotk]  8e904c95-3e21-4ae4-a992-f0ddf5f918a4
INFO  [17:08:37.250] [bbotk] Evaluating 1 configuration(s)
INFO  [17:08:37.633] [bbotk] Result of batch 2:
INFO  [17:08:37.636] [bbotk]  nrounds       eta max_depth classif.ce warnings errors runtime_learners
INFO  [17:08:37.636] [bbotk]      177 0.2771862         8  0.0726113        0      0            0.328
INFO  [17:08:37.636] [bbotk]                                 uhash
INFO  [17:08:37.636] [bbotk]  cf67cd00-194e-45f0-85e0-63f67289f71a
INFO  [17:08:37.642] [bbotk] Evaluating 1 configuration(s)
INFO  [17:08:37.761] [bbotk] Result of batch 3:
INFO  [17:08:37.762] [bbotk]  nrounds      eta max_depth classif.ce warnings errors runtime_learners
INFO  [17:08:37.762] [bbotk]       72 0.165106         2 0.06383937        0      0            0.082
INFO  [17:08:37.762] [bbotk]                                 uhash
INFO  [17:08:37.762] [bbotk]  ea276029-b4dd-412d-8cc9-7323ad72cce9
INFO  [17:08:37.766] [bbotk] Evaluating 1 configuration(s)
INFO  [17:08:38.036] [bbotk] Result of batch 4:
INFO  [17:08:38.037] [bbotk]  nrounds        eta max_depth classif.ce warnings errors runtime_learners
INFO  [17:08:38.037] [bbotk]       85 0.02998077         7 0.06509251        0      0            0.216
INFO  [17:08:38.037] [bbotk]                                 uhash
INFO  [17:08:38.037] [bbotk]  6ceb5f12-e84f-495d-bf1b-c44458ca21c4
INFO  [17:08:38.046] [bbotk] Evaluating 1 configuration(s)
INFO  [17:08:38.507] [bbotk] Result of batch 5:
INFO  [17:08:38.509] [bbotk]  nrounds       eta max_depth classif.ce warnings errors runtime_learners
INFO  [17:08:38.509] [bbotk]      230 0.1965364         5 0.06760347        0      0            0.409
INFO  [17:08:38.509] [bbotk]                                 uhash
INFO  [17:08:38.509] [bbotk]  91e3ad7e-3629-47fc-8244-2e270728da59
INFO  [17:08:38.515] [bbotk] Evaluating 1 configuration(s)
INFO  [17:08:38.866] [bbotk] Result of batch 6:
INFO  [17:08:38.867] [bbotk]  nrounds       eta max_depth classif.ce warnings errors runtime_learners
INFO  [17:08:38.867] [bbotk]      181 0.2513717         6 0.06760816        0      0            0.308
INFO  [17:08:38.867] [bbotk]                                 uhash
INFO  [17:08:38.867] [bbotk]  4f37dcba-ce50-40f2-b864-50fb41fe4e50
INFO  [17:08:38.871] [bbotk] Evaluating 1 configuration(s)
INFO  [17:08:39.284] [bbotk] Result of batch 7:
INFO  [17:08:39.286] [bbotk]  nrounds       eta max_depth classif.ce warnings errors runtime_learners
INFO  [17:08:39.286] [bbotk]      235 0.2987817         6 0.07135817        0      0            0.363
INFO  [17:08:39.286] [bbotk]                                 uhash
INFO  [17:08:39.286] [bbotk]  f6ef6bfd-61a9-4529-a170-0d2df8f748fc
INFO  [17:08:39.302] [bbotk] Evaluating 1 configuration(s)
INFO  [17:08:39.543] [bbotk] Result of batch 8:
INFO  [17:08:39.545] [bbotk]  nrounds       eta max_depth classif.ce warnings errors runtime_learners
INFO  [17:08:39.545] [bbotk]       51 0.2036838         6 0.06759877        0      0            0.191
INFO  [17:08:39.545] [bbotk]                                 uhash
INFO  [17:08:39.545] [bbotk]  4be2390d-60a9-44d4-bc46-fd02a38da44d
INFO  [17:08:39.550] [bbotk] Evaluating 1 configuration(s)
INFO  [17:08:39.783] [bbotk] Result of batch 9:
INFO  [17:08:39.784] [bbotk]  nrounds        eta max_depth classif.ce warnings errors runtime_learners
INFO  [17:08:39.784] [bbotk]      160 0.07800533         4 0.06510189        0      0            0.203
INFO  [17:08:39.784] [bbotk]                                 uhash
INFO  [17:08:39.784] [bbotk]  e40e2fe9-8329-4dfb-a09d-1b8a0e8a2c7d
INFO  [17:08:39.788] [bbotk] Evaluating 1 configuration(s)
INFO  [17:08:40.259] [bbotk] Result of batch 10:
INFO  [17:08:40.260] [bbotk]  nrounds        eta max_depth classif.ce warnings errors runtime_learners
INFO  [17:08:40.260] [bbotk]      175 0.03254861         9 0.06759408        0      0            0.428
INFO  [17:08:40.260] [bbotk]                                 uhash
INFO  [17:08:40.260] [bbotk]  e696109d-415f-4346-b938-7e9c476ab580
INFO  [17:08:40.279] [bbotk] Finished optimizing after 10 evaluation(s)
INFO  [17:08:40.279] [bbotk] Result:
INFO  [17:08:40.280] [bbotk]  nrounds      eta max_depth learner_param_vals  x_domain classif.ce
INFO  [17:08:40.280] [bbotk]    <int>    <num>     <int>             <list>    <list>      <num>
INFO  [17:08:40.280] [bbotk]       72 0.165106         2          <list[5]> <list[3]> 0.06383937
INFO  [17:08:40.367] [bbotk] Starting to optimize 3 parameter(s) with '<OptimizerBatchRandomSearch>' and '<TerminatorEvals> [n_evals=10, k=0]'
INFO  [17:08:40.377] [bbotk] Evaluating 1 configuration(s)
INFO  [17:08:40.509] [bbotk] Result of batch 1:
INFO  [17:08:40.512] [bbotk]  nrounds       eta max_depth classif.ce warnings errors runtime_learners
INFO  [17:08:40.512] [bbotk]       65 0.2505009         3 0.05758779        0      0            0.093
INFO  [17:08:40.512] [bbotk]                                 uhash
INFO  [17:08:40.512] [bbotk]  ab1ff129-c232-4797-8339-cc05facea453
INFO  [17:08:40.517] [bbotk] Evaluating 1 configuration(s)
INFO  [17:08:40.744] [bbotk] Result of batch 2:
INFO  [17:08:40.745] [bbotk]  nrounds        eta max_depth classif.ce warnings errors runtime_learners
INFO  [17:08:40.745] [bbotk]       82 0.05262574         5 0.06634564        0      0            0.187
INFO  [17:08:40.745] [bbotk]                                 uhash
INFO  [17:08:40.745] [bbotk]  511fea3e-9172-423c-84aa-ee06458513e0
INFO  [17:08:40.748] [bbotk] Evaluating 1 configuration(s)
INFO  [17:08:40.978] [bbotk] Result of batch 3:
INFO  [17:08:40.981] [bbotk]  nrounds       eta max_depth classif.ce warnings errors runtime_learners
INFO  [17:08:40.981] [bbotk]       67 0.1208719         6  0.0613378        0      0            0.163
INFO  [17:08:40.981] [bbotk]                                 uhash
INFO  [17:08:40.981] [bbotk]  5c281aaf-b11c-462b-96c9-4a62a821dd96
INFO  [17:08:40.996] [bbotk] Evaluating 1 configuration(s)
INFO  [17:08:41.348] [bbotk] Result of batch 4:
INFO  [17:08:41.349] [bbotk]  nrounds        eta max_depth classif.ce warnings errors runtime_learners
INFO  [17:08:41.349] [bbotk]      174 0.03802033         3 0.05883154        0      0            0.295
INFO  [17:08:41.349] [bbotk]                                 uhash
INFO  [17:08:41.349] [bbotk]  06607ce7-50a7-4d3c-bf4d-6a587c738495
INFO  [17:08:41.359] [bbotk] Evaluating 1 configuration(s)
INFO  [17:08:41.855] [bbotk] Result of batch 5:
INFO  [17:08:41.856] [bbotk]  nrounds       eta max_depth classif.ce warnings errors runtime_learners
INFO  [17:08:41.856] [bbotk]      220 0.1537347         7 0.06384407        0      0            0.455
INFO  [17:08:41.856] [bbotk]                                 uhash
INFO  [17:08:41.856] [bbotk]  7740d606-663f-413a-8848-35e42949e450
INFO  [17:08:41.860] [bbotk] Evaluating 1 configuration(s)
INFO  [17:08:42.356] [bbotk] Result of batch 6:
INFO  [17:08:42.358] [bbotk]  nrounds       eta max_depth classif.ce warnings errors runtime_learners
INFO  [17:08:42.358] [bbotk]      202 0.1809898         7  0.0613378        0      0            0.435
INFO  [17:08:42.358] [bbotk]                                 uhash
INFO  [17:08:42.358] [bbotk]  1cb3a365-c1ad-4fb4-98c5-3d4ff1a67c65
INFO  [17:08:42.364] [bbotk] Evaluating 1 configuration(s)
INFO  [17:08:42.670] [bbotk] Result of batch 7:
INFO  [17:08:42.672] [bbotk]  nrounds        eta max_depth classif.ce warnings errors runtime_learners
INFO  [17:08:42.672] [bbotk]      179 0.05066422         3 0.05632058        0      0            0.263
INFO  [17:08:42.672] [bbotk]                                 uhash
INFO  [17:08:42.672] [bbotk]  5839f653-494e-4009-87bb-cca40f2bb8ea
INFO  [17:08:42.682] [bbotk] Evaluating 1 configuration(s)
INFO  [17:08:42.965] [bbotk] Result of batch 8:
INFO  [17:08:42.966] [bbotk]  nrounds        eta max_depth classif.ce warnings errors runtime_learners
INFO  [17:08:42.966] [bbotk]       94 0.06162544         8 0.06885191        0      0            0.239
INFO  [17:08:42.966] [bbotk]                                 uhash
INFO  [17:08:42.966] [bbotk]  340cf7e7-e4be-424e-9312-7e1204f59773
INFO  [17:08:42.975] [bbotk] Evaluating 1 configuration(s)
INFO  [17:08:43.564] [bbotk] Result of batch 9:
INFO  [17:08:43.567] [bbotk]  nrounds        eta max_depth classif.ce warnings errors runtime_learners
INFO  [17:08:43.567] [bbotk]      282 0.08788045         4 0.06259563        0      0            0.535
INFO  [17:08:43.567] [bbotk]                                 uhash
INFO  [17:08:43.567] [bbotk]  9598b740-0e0c-4b9c-8e60-b0d36261a557
INFO  [17:08:43.579] [bbotk] Evaluating 1 configuration(s)
INFO  [17:08:44.062] [bbotk] Result of batch 10:
INFO  [17:08:44.063] [bbotk]  nrounds       eta max_depth classif.ce warnings errors runtime_learners
INFO  [17:08:44.063] [bbotk]      243 0.1016061         5 0.06384407        0      0            0.428
INFO  [17:08:44.063] [bbotk]                                 uhash
INFO  [17:08:44.063] [bbotk]  84b4c26e-f936-40a8-8a04-f45e6849552f
INFO  [17:08:44.078] [bbotk] Finished optimizing after 10 evaluation(s)
INFO  [17:08:44.079] [bbotk] Result:
INFO  [17:08:44.079] [bbotk]  nrounds        eta max_depth learner_param_vals  x_domain classif.ce
INFO  [17:08:44.079] [bbotk]    <int>      <num>     <int>             <list>    <list>      <num>
INFO  [17:08:44.079] [bbotk]      179 0.05066422         3          <list[5]> <list[3]> 0.05632058
[1] -0.1566548
[1] 31.48772

### [bt]: Job terminated successfully [batchtools job.id=2231]
### [bt]: Starting job [batchtools job.id=2232]
### [bt]: Generating problem instance for problem 'a63d756aec4c60c1' ...
### [bt]: Applying algorithm 'run_learner' on problem 'a63d756aec4c60c1' for job 2232 (seed = 2233) ...
INFO  [17:08:44.310] [mlr3] Applying learner 'classif.xgboost.tuned_calib.oof_beta' on task 'pc1' (iter 2/10)
INFO  [17:08:44.397] [bbotk] Starting to optimize 3 parameter(s) with '<OptimizerBatchRandomSearch>' and '<TerminatorEvals> [n_evals=10, k=0]'
INFO  [17:08:44.412] [bbotk] Evaluating 1 configuration(s)
INFO  [17:08:44.901] [bbotk] Result of batch 1:
INFO  [17:08:44.902] [bbotk]  nrounds       eta max_depth classif.ce warnings errors runtime_learners
INFO  [17:08:44.902] [bbotk]      186 0.1095638         8 0.06265664        0      0            0.456
INFO  [17:08:44.902] [bbotk]                                 uhash
INFO  [17:08:44.902] [bbotk]  b218fb5f-8704-4273-9ac4-205ddbf64ab9
INFO  [17:08:44.913] [bbotk] Evaluating 1 configuration(s)
INFO  [17:08:45.558] [bbotk] Result of batch 2:
INFO  [17:08:45.559] [bbotk]  nrounds       eta max_depth classif.ce warnings errors runtime_learners
INFO  [17:08:45.559] [bbotk]      292 0.1253868         5 0.06641604        0      0            0.579
INFO  [17:08:45.559] [bbotk]                                 uhash
INFO  [17:08:45.559] [bbotk]  11914524-d4ff-401f-9127-a9bef9150ca8
INFO  [17:08:45.567] [bbotk] Evaluating 1 configuration(s)
INFO  [17:08:46.062] [bbotk] Result of batch 3:
INFO  [17:08:46.064] [bbotk]  nrounds       eta max_depth classif.ce warnings errors runtime_learners
INFO  [17:08:46.064] [bbotk]      198 0.0791074         8 0.06265664        0      0            0.442
INFO  [17:08:46.064] [bbotk]                                 uhash
INFO  [17:08:46.064] [bbotk]  0c3ed476-3938-4154-a3b1-0ee53eab0f22
INFO  [17:08:46.076] [bbotk] Evaluating 1 configuration(s)
INFO  [17:08:46.566] [bbotk] Result of batch 4:
INFO  [17:08:46.568] [bbotk]  nrounds        eta max_depth classif.ce warnings errors runtime_learners
INFO  [17:08:46.568] [bbotk]      274 0.02669616         4 0.06265664        0      0            0.449
INFO  [17:08:46.568] [bbotk]                                 uhash
INFO  [17:08:46.568] [bbotk]  0930fe2a-4720-4f79-9a7b-b480c7bacfb4
INFO  [17:08:46.576] [bbotk] Evaluating 1 configuration(s)
INFO  [17:08:46.994] [bbotk] Result of batch 5:
INFO  [17:08:46.995] [bbotk]  nrounds       eta max_depth classif.ce warnings errors runtime_learners
INFO  [17:08:46.995] [bbotk]      231 0.2183426         5 0.06140351        0      0            0.372
INFO  [17:08:46.995] [bbotk]                                 uhash
INFO  [17:08:46.995] [bbotk]  4f1983d6-827d-4352-a87c-18faa9bffe95
INFO  [17:08:46.998] [bbotk] Evaluating 1 configuration(s)
INFO  [17:08:47.211] [bbotk] Result of batch 6:
INFO  [17:08:47.212] [bbotk]  nrounds        eta max_depth classif.ce warnings errors runtime_learners
INFO  [17:08:47.212] [bbotk]      153 0.04755709         2 0.06516291        0      0            0.172
INFO  [17:08:47.212] [bbotk]                                 uhash
INFO  [17:08:47.212] [bbotk]  9391939e-c6cd-4332-94a6-dd7c705ad2ef
INFO  [17:08:47.221] [bbotk] Evaluating 1 configuration(s)
INFO  [17:08:47.590] [bbotk] Result of batch 7:
INFO  [17:08:47.597] [bbotk]  nrounds       eta max_depth classif.ce warnings errors runtime_learners
INFO  [17:08:47.597] [bbotk]      152 0.1842432         6 0.05889724        0      0            0.312
INFO  [17:08:47.597] [bbotk]                                 uhash
INFO  [17:08:47.597] [bbotk]  511b50a8-2de6-4dfa-9484-b9687cab6555
INFO  [17:08:47.611] [bbotk] Evaluating 1 configuration(s)
INFO  [17:08:47.853] [bbotk] Result of batch 8:
INFO  [17:08:47.856] [bbotk]  nrounds       eta max_depth classif.ce warnings errors runtime_learners
INFO  [17:08:47.856] [bbotk]       73 0.2027343         7 0.06265664        0      0            0.185
INFO  [17:08:47.856] [bbotk]                                 uhash
INFO  [17:08:47.856] [bbotk]  c060fcdf-3d62-4d35-b741-f1fa78e8fee2
INFO  [17:08:47.866] [bbotk] Evaluating 1 configuration(s)
INFO  [17:08:48.399] [bbotk] Result of batch 9:
INFO  [17:08:48.399] [bbotk]  nrounds        eta max_depth classif.ce warnings errors runtime_learners
INFO  [17:08:48.399] [bbotk]      235 0.02590269         5 0.06140351        0      0            0.486
INFO  [17:08:48.399] [bbotk]                                 uhash
INFO  [17:08:48.399] [bbotk]  07449757-ed53-4548-b7c3-839bfb52ded6
INFO  [17:08:48.404] [bbotk] Evaluating 1 configuration(s)
INFO  [17:08:48.567] [bbotk] Result of batch 10:
INFO  [17:08:48.568] [bbotk]  nrounds       eta max_depth classif.ce warnings errors runtime_learners
INFO  [17:08:48.568] [bbotk]      135 0.1925599         2 0.06516291        0      0            0.126
INFO  [17:08:48.568] [bbotk]                                 uhash
INFO  [17:08:48.568] [bbotk]  c3704b6b-0796-4993-a6dc-db17dd499802
INFO  [17:08:48.576] [bbotk] Finished optimizing after 10 evaluation(s)
INFO  [17:08:48.576] [bbotk] Result:
INFO  [17:08:48.577] [bbotk]  nrounds       eta max_depth learner_param_vals  x_domain classif.ce
INFO  [17:08:48.577] [bbotk]    <int>     <num>     <int>             <list>    <list>      <num>
INFO  [17:08:48.577] [bbotk]      152 0.1842432         6          <list[5]> <list[3]> 0.05889724
INFO  [17:08:48.758] [bbotk] Starting to optimize 3 parameter(s) with '<OptimizerBatchRandomSearch>' and '<TerminatorEvals> [n_evals=10, k=0]'
INFO  [17:08:48.774] [bbotk] Evaluating 1 configuration(s)
INFO  [17:08:49.139] [bbotk] Result of batch 1:
INFO  [17:08:49.141] [bbotk]  nrounds       eta max_depth classif.ce warnings errors runtime_learners
INFO  [17:08:49.141] [bbotk]      212 0.2929841         4 0.06516291        0      0            0.334
INFO  [17:08:49.141] [bbotk]                                 uhash
INFO  [17:08:49.141] [bbotk]  60b15600-00e5-4543-ab93-33abd41e0306
INFO  [17:08:49.150] [bbotk] Evaluating 1 configuration(s)
INFO  [17:08:49.353] [bbotk] Result of batch 2:
INFO  [17:08:49.355] [bbotk]  nrounds       eta max_depth classif.ce warnings errors runtime_learners
INFO  [17:08:49.355] [bbotk]      149 0.1216868         2 0.06641604        0      0            0.148
INFO  [17:08:49.355] [bbotk]                                 uhash
INFO  [17:08:49.355] [bbotk]  4dbb36e7-d4c1-4776-8787-58adce70c0fc
INFO  [17:08:49.365] [bbotk] Evaluating 1 configuration(s)
INFO  [17:08:49.531] [bbotk] Result of batch 3:
INFO  [17:08:49.532] [bbotk]  nrounds       eta max_depth classif.ce warnings errors runtime_learners
INFO  [17:08:49.532] [bbotk]       61 0.1206028         3 0.05889724        0      0            0.112
INFO  [17:08:49.532] [bbotk]                                 uhash
INFO  [17:08:49.532] [bbotk]  d90e79c0-4e89-422d-93a7-8bde2393319c
INFO  [17:08:49.545] [bbotk] Evaluating 1 configuration(s)
INFO  [17:08:49.838] [bbotk] Result of batch 4:
INFO  [17:08:49.839] [bbotk]  nrounds       eta max_depth classif.ce warnings errors runtime_learners
INFO  [17:08:49.839] [bbotk]      171 0.1980977         3 0.06516291        0      0            0.252
INFO  [17:08:49.839] [bbotk]                                 uhash
INFO  [17:08:49.839] [bbotk]  a5507d99-e500-4cfc-8557-2780d870eafa
INFO  [17:08:49.843] [bbotk] Evaluating 1 configuration(s)
INFO  [17:08:50.045] [bbotk] Result of batch 5:
INFO  [17:08:50.046] [bbotk]  nrounds       eta max_depth classif.ce warnings errors runtime_learners
INFO  [17:08:50.046] [bbotk]       93 0.1834111         3 0.06265664        0      0            0.156
INFO  [17:08:50.046] [bbotk]                                 uhash
INFO  [17:08:50.046] [bbotk]  aeaf3d93-3533-400a-b16b-6e1cc90aad98
INFO  [17:08:50.050] [bbotk] Evaluating 1 configuration(s)
INFO  [17:08:50.371] [bbotk] Result of batch 6:
INFO  [17:08:50.372] [bbotk]  nrounds       eta max_depth classif.ce warnings errors runtime_learners
INFO  [17:08:50.372] [bbotk]      158 0.2785554         5 0.06390977        0      0            0.277
INFO  [17:08:50.372] [bbotk]                                 uhash
INFO  [17:08:50.372] [bbotk]  d6126c9a-28b0-45f4-a0b3-b9ccdb626fb1
INFO  [17:08:50.376] [bbotk] Evaluating 1 configuration(s)
INFO  [17:08:50.859] [bbotk] Result of batch 7:
INFO  [17:08:50.861] [bbotk]  nrounds        eta max_depth classif.ce warnings errors runtime_learners
INFO  [17:08:50.861] [bbotk]      156 0.04992611         9 0.06015038        0      0            0.427
INFO  [17:08:50.861] [bbotk]                                 uhash
INFO  [17:08:50.861] [bbotk]  fa6875ef-8d17-4296-80c0-9d52e5639e06
INFO  [17:08:50.865] [bbotk] Evaluating 1 configuration(s)
INFO  [17:08:50.998] [bbotk] Result of batch 8:
INFO  [17:08:50.998] [bbotk]  nrounds       eta max_depth classif.ce warnings errors runtime_learners
INFO  [17:08:50.998] [bbotk]       51 0.1581499         3 0.06140351        0      0            0.086
INFO  [17:08:50.998] [bbotk]                                 uhash
INFO  [17:08:50.998] [bbotk]  1855ffa8-3865-4b79-b266-2708b8f68faa
INFO  [17:08:51.002] [bbotk] Evaluating 1 configuration(s)
INFO  [17:08:51.772] [bbotk] Result of batch 9:
INFO  [17:08:51.775] [bbotk]  nrounds       eta max_depth classif.ce warnings errors runtime_learners
INFO  [17:08:51.775] [bbotk]      250 0.0397413         9 0.06015038        0      0            0.694
INFO  [17:08:51.775] [bbotk]                                 uhash
INFO  [17:08:51.775] [bbotk]  979dbff3-bc8b-490d-91c7-59ad31764fb2
INFO  [17:08:51.785] [bbotk] Evaluating 1 configuration(s)
INFO  [17:08:52.125] [bbotk] Result of batch 10:
INFO  [17:08:52.127] [bbotk]  nrounds       eta max_depth classif.ce warnings errors runtime_learners
INFO  [17:08:52.127] [bbotk]      206 0.1088004         3 0.06140351        0      0            0.292
INFO  [17:08:52.127] [bbotk]                                 uhash
INFO  [17:08:52.127] [bbotk]  c155052c-9335-4770-8a18-842056e8a198
INFO  [17:08:52.138] [bbotk] Finished optimizing after 10 evaluation(s)
INFO  [17:08:52.139] [bbotk] Result:
INFO  [17:08:52.139] [bbotk]  nrounds       eta max_depth learner_param_vals  x_domain classif.ce
INFO  [17:08:52.139] [bbotk]    <int>     <num>     <int>             <list>    <list>      <num>
INFO  [17:08:52.139] [bbotk]       61 0.1206028         3          <list[5]> <list[3]> 0.05889724
INFO  [17:08:52.246] [bbotk] Starting to optimize 3 parameter(s) with '<OptimizerBatchRandomSearch>' and '<TerminatorEvals> [n_evals=10, k=0]'
INFO  [17:08:52.274] [bbotk] Evaluating 1 configuration(s)
INFO  [17:08:52.579] [bbotk] Result of batch 1:
INFO  [17:08:52.581] [bbotk]  nrounds       eta max_depth classif.ce warnings errors runtime_learners
INFO  [17:08:52.581] [bbotk]      126 0.2231212         5  0.0764411        0      0            0.252
INFO  [17:08:52.581] [bbotk]                                 uhash
INFO  [17:08:52.581] [bbotk]  826981a7-0332-4099-98fd-c3a8ed85a8ed
INFO  [17:08:52.588] [bbotk] Evaluating 1 configuration(s)
INFO  [17:08:52.835] [bbotk] Result of batch 2:
INFO  [17:08:52.837] [bbotk]  nrounds        eta max_depth classif.ce warnings errors runtime_learners
INFO  [17:08:52.837] [bbotk]      112 0.04596279         4 0.06892231        0      0            0.204
INFO  [17:08:52.837] [bbotk]                                 uhash
INFO  [17:08:52.837] [bbotk]  6c71ae3e-1d8f-4fc5-a02c-f7f5868959fc
INFO  [17:08:52.846] [bbotk] Evaluating 1 configuration(s)
INFO  [17:08:53.170] [bbotk] Result of batch 3:
INFO  [17:08:53.173] [bbotk]  nrounds        eta max_depth classif.ce warnings errors runtime_learners
INFO  [17:08:53.173] [bbotk]      282 0.04476242         2 0.06641604        0      0            0.283
INFO  [17:08:53.173] [bbotk]                                 uhash
INFO  [17:08:53.173] [bbotk]  1b9c633e-f7f1-436f-9bce-031451466777
INFO  [17:08:53.184] [bbotk] Evaluating 1 configuration(s)
INFO  [17:08:53.448] [bbotk] Result of batch 4:
INFO  [17:08:53.450] [bbotk]  nrounds       eta max_depth classif.ce warnings errors runtime_learners
INFO  [17:08:53.450] [bbotk]      197 0.1876486         2 0.07518797        0      0             0.22
INFO  [17:08:53.450] [bbotk]                                 uhash
INFO  [17:08:53.450] [bbotk]  2edc4ae0-b194-47ab-8444-3c4de1243b73
INFO  [17:08:53.465] [bbotk] Evaluating 1 configuration(s)
INFO  [17:08:53.839] [bbotk] Result of batch 5:
INFO  [17:08:53.840] [bbotk]  nrounds       eta max_depth classif.ce warnings errors runtime_learners
INFO  [17:08:53.840] [bbotk]      187 0.1498537         4 0.07393484        0      0            0.332
INFO  [17:08:53.840] [bbotk]                                 uhash
INFO  [17:08:53.840] [bbotk]  4e4e7641-c0fb-4900-b97e-675a411d464a
INFO  [17:08:53.846] [bbotk] Evaluating 1 configuration(s)
INFO  [17:08:54.192] [bbotk] Result of batch 6:
INFO  [17:08:54.193] [bbotk]  nrounds        eta max_depth classif.ce warnings errors runtime_learners
INFO  [17:08:54.193] [bbotk]      104 0.08410356         9 0.06766917        0      0              0.3
INFO  [17:08:54.193] [bbotk]                                 uhash
INFO  [17:08:54.193] [bbotk]  75f2dc6d-6ace-4d8e-85b0-849100c30d0b
INFO  [17:08:54.197] [bbotk] Evaluating 1 configuration(s)
INFO  [17:08:54.658] [bbotk] Result of batch 7:
INFO  [17:08:54.659] [bbotk]  nrounds       eta max_depth classif.ce warnings errors runtime_learners
INFO  [17:08:54.659] [bbotk]      207 0.2686571         7  0.0764411        0      0            0.408
INFO  [17:08:54.659] [bbotk]                                 uhash
INFO  [17:08:54.659] [bbotk]  16542614-f598-44a8-850d-0a0664d1ac96
INFO  [17:08:54.669] [bbotk] Evaluating 1 configuration(s)
INFO  [17:08:55.130] [bbotk] Result of batch 8:
INFO  [17:08:55.131] [bbotk]  nrounds        eta max_depth classif.ce warnings errors runtime_learners
INFO  [17:08:55.131] [bbotk]      175 0.06980344        10  0.0726817        0      0            0.426
INFO  [17:08:55.131] [bbotk]                                 uhash
INFO  [17:08:55.131] [bbotk]  16f2777c-4ef5-4e89-82db-aff3cab0701c
INFO  [17:08:55.135] [bbotk] Evaluating 1 configuration(s)
INFO  [17:08:55.611] [bbotk] Result of batch 9:
INFO  [17:08:55.612] [bbotk]  nrounds        eta max_depth classif.ce warnings errors runtime_learners
INFO  [17:08:55.612] [bbotk]      283 0.07585843         5  0.0726817        0      0            0.441
INFO  [17:08:55.612] [bbotk]                                 uhash
INFO  [17:08:55.612] [bbotk]  84d3338f-39e6-4d78-8401-99998ebeb2ab
INFO  [17:08:55.622] [bbotk] Evaluating 1 configuration(s)
INFO  [17:08:55.976] [bbotk] Result of batch 10:
INFO  [17:08:55.978] [bbotk]  nrounds        eta max_depth classif.ce warnings errors runtime_learners
INFO  [17:08:55.978] [bbotk]      136 0.07647539         6  0.0726817        0      0            0.308
INFO  [17:08:55.978] [bbotk]                                 uhash
INFO  [17:08:55.978] [bbotk]  1691bb98-d036-4b5b-bb20-4353bd80136f
INFO  [17:08:55.998] [bbotk] Finished optimizing after 10 evaluation(s)
INFO  [17:08:55.998] [bbotk] Result:
INFO  [17:08:56.000] [bbotk]  nrounds        eta max_depth learner_param_vals  x_domain classif.ce
INFO  [17:08:56.000] [bbotk]    <int>      <num>     <int>             <list>    <list>      <num>
INFO  [17:08:56.000] [bbotk]      282 0.04476242         2          <list[5]> <list[3]> 0.06641604
INFO  [17:08:56.194] [bbotk] Starting to optimize 3 parameter(s) with '<OptimizerBatchRandomSearch>' and '<TerminatorEvals> [n_evals=10, k=0]'
INFO  [17:08:56.214] [bbotk] Evaluating 1 configuration(s)
INFO  [17:08:56.520] [bbotk] Result of batch 1:
INFO  [17:08:56.522] [bbotk]  nrounds       eta max_depth classif.ce warnings errors runtime_learners
INFO  [17:08:56.522] [bbotk]      129 0.2907209         9 0.07636132        0      0            0.273
INFO  [17:08:56.522] [bbotk]                                 uhash
INFO  [17:08:56.522] [bbotk]  4145b500-2acf-45f2-b4f8-b8c01437b0ff
INFO  [17:08:56.528] [bbotk] Evaluating 1 configuration(s)
INFO  [17:08:57.055] [bbotk] Result of batch 2:
INFO  [17:08:57.057] [bbotk]  nrounds        eta max_depth classif.ce warnings errors runtime_learners
INFO  [17:08:57.057] [bbotk]      221 0.05796912         6 0.06885191        0      0            0.467
INFO  [17:08:57.057] [bbotk]                                 uhash
INFO  [17:08:57.057] [bbotk]  21817f72-1e54-49e6-957a-8e9ad00b08fe
INFO  [17:08:57.066] [bbotk] Evaluating 1 configuration(s)
INFO  [17:08:57.454] [bbotk] Result of batch 3:
INFO  [17:08:57.456] [bbotk]  nrounds       eta max_depth classif.ce warnings errors runtime_learners
INFO  [17:08:57.456] [bbotk]      206 0.1120245         6 0.07134878        0      0            0.352
INFO  [17:08:57.456] [bbotk]                                 uhash
INFO  [17:08:57.456] [bbotk]  7a08c63c-3404-4d42-b4bf-987f30b77343
INFO  [17:08:57.461] [bbotk] Evaluating 1 configuration(s)
INFO  [17:08:57.632] [bbotk] Result of batch 4:
INFO  [17:08:57.633] [bbotk]  nrounds        eta max_depth classif.ce warnings errors runtime_learners
INFO  [17:08:57.633] [bbotk]       61 0.09302775         7 0.06383937        0      0            0.126
INFO  [17:08:57.633] [bbotk]                                 uhash
INFO  [17:08:57.633] [bbotk]  c7b08cbc-1f64-4041-98e5-60a240231889
INFO  [17:08:57.641] [bbotk] Evaluating 1 configuration(s)
INFO  [17:08:57.827] [bbotk] Result of batch 5:
INFO  [17:08:57.828] [bbotk]  nrounds       eta max_depth classif.ce warnings errors runtime_learners
INFO  [17:08:57.828] [bbotk]       91 0.1875718         3 0.06634564        0      0            0.132
INFO  [17:08:57.828] [bbotk]                                 uhash
INFO  [17:08:57.828] [bbotk]  32981df7-a024-4993-9913-3922a51a2163
INFO  [17:08:57.832] [bbotk] Evaluating 1 configuration(s)
INFO  [17:08:58.317] [bbotk] Result of batch 6:
INFO  [17:08:58.318] [bbotk]  nrounds       eta max_depth classif.ce warnings errors runtime_learners
INFO  [17:08:58.318] [bbotk]      241 0.2473824         7 0.07009565        0      0            0.457
INFO  [17:08:58.318] [bbotk]                                 uhash
INFO  [17:08:58.318] [bbotk]  b1c9473b-db67-41db-bf21-34e05e80ed46
INFO  [17:08:58.322] [bbotk] Evaluating 1 configuration(s)
INFO  [17:08:58.985] [bbotk] Result of batch 7:
INFO  [17:08:58.988] [bbotk]  nrounds        eta max_depth classif.ce warnings errors runtime_learners
INFO  [17:08:58.988] [bbotk]      219 0.02193013         8 0.06759877        0      0            0.631
INFO  [17:08:58.988] [bbotk]                                 uhash
INFO  [17:08:58.988] [bbotk]  047480aa-1cdb-464c-978b-8f1d59f07759
INFO  [17:08:59.002] [bbotk] Evaluating 1 configuration(s)
INFO  [17:08:59.478] [bbotk] Result of batch 8:
INFO  [17:08:59.479] [bbotk]  nrounds        eta max_depth classif.ce warnings errors runtime_learners
INFO  [17:08:59.479] [bbotk]      200 0.09061234         5 0.07010034        0      0            0.431
INFO  [17:08:59.479] [bbotk]                                 uhash
INFO  [17:08:59.479] [bbotk]  be2736e0-7d43-4078-a300-e94529395661
INFO  [17:08:59.483] [bbotk] Evaluating 1 configuration(s)
INFO  [17:08:59.673] [bbotk] Result of batch 9:
INFO  [17:08:59.675] [bbotk]  nrounds      eta max_depth classif.ce warnings errors runtime_learners
INFO  [17:08:59.675] [bbotk]      108 0.244674         2 0.06760347        0      0            0.145
INFO  [17:08:59.675] [bbotk]                                 uhash
INFO  [17:08:59.675] [bbotk]  d9f14c9e-10d7-472d-a2c2-e3938e2cf6a7
INFO  [17:08:59.685] [bbotk] Evaluating 1 configuration(s)
INFO  [17:08:59.911] [bbotk] Result of batch 10:
INFO  [17:08:59.913] [bbotk]  nrounds        eta max_depth classif.ce warnings errors runtime_learners
INFO  [17:08:59.913] [bbotk]      138 0.06013171         3 0.06634564        0      0            0.184
INFO  [17:08:59.913] [bbotk]                                 uhash
INFO  [17:08:59.913] [bbotk]  af78a88b-f919-4ce2-ad66-1e9e55603e13
INFO  [17:08:59.922] [bbotk] Finished optimizing after 10 evaluation(s)
INFO  [17:08:59.922] [bbotk] Result:
INFO  [17:08:59.923] [bbotk]  nrounds        eta max_depth learner_param_vals  x_domain classif.ce
INFO  [17:08:59.923] [bbotk]    <int>      <num>     <int>             <list>    <list>      <num>
INFO  [17:08:59.923] [bbotk]       61 0.09302775         7          <list[5]> <list[3]> 0.06383937
INFO  [17:09:00.073] [bbotk] Starting to optimize 3 parameter(s) with '<OptimizerBatchRandomSearch>' and '<TerminatorEvals> [n_evals=10, k=0]'
INFO  [17:09:00.089] [bbotk] Evaluating 1 configuration(s)
INFO  [17:09:00.621] [bbotk] Result of batch 1:
INFO  [17:09:00.622] [bbotk]  nrounds        eta max_depth classif.ce warnings errors runtime_learners
INFO  [17:09:00.622] [bbotk]      149 0.01431692        10 0.05380492        0      0             0.48
INFO  [17:09:00.622] [bbotk]                                 uhash
INFO  [17:09:00.622] [bbotk]  929fabca-2559-494b-b362-5e24ea86cf2a
INFO  [17:09:00.632] [bbotk] Evaluating 1 configuration(s)
INFO  [17:09:00.904] [bbotk] Result of batch 2:
INFO  [17:09:00.905] [bbotk]  nrounds       eta max_depth classif.ce warnings errors runtime_learners
INFO  [17:09:00.905] [bbotk]       90 0.1476767         7 0.06131903        0      0            0.228
INFO  [17:09:00.905] [bbotk]                                 uhash
INFO  [17:09:00.905] [bbotk]  18e39a8e-73f9-4005-b90c-9515fac8476c
INFO  [17:09:00.909] [bbotk] Evaluating 1 configuration(s)
INFO  [17:09:01.230] [bbotk] Result of batch 3:
INFO  [17:09:01.231] [bbotk]  nrounds        eta max_depth classif.ce warnings errors runtime_learners
INFO  [17:09:01.231] [bbotk]       94 0.03804954         7 0.05631119        0      0            0.277
INFO  [17:09:01.231] [bbotk]                                 uhash
INFO  [17:09:01.231] [bbotk]  442e50aa-7b85-40f1-9560-aca66f541c7d
INFO  [17:09:01.240] [bbotk] Evaluating 1 configuration(s)
INFO  [17:09:01.706] [bbotk] Result of batch 4:
INFO  [17:09:01.708] [bbotk]  nrounds       eta max_depth classif.ce warnings errors runtime_learners
INFO  [17:09:01.708] [bbotk]      232 0.2536389        10    0.06758        0      0            0.421
INFO  [17:09:01.708] [bbotk]                                 uhash
INFO  [17:09:01.708] [bbotk]  0a6e76fd-5fe0-41f3-867a-71d9a82a3b68
INFO  [17:09:01.717] [bbotk] Evaluating 1 configuration(s)
INFO  [17:09:01.878] [bbotk] Result of batch 5:
INFO  [17:09:01.880] [bbotk]  nrounds        eta max_depth classif.ce warnings errors runtime_learners
INFO  [17:09:01.880] [bbotk]       59 0.02056066         4 0.06256277        0      0            0.114
INFO  [17:09:01.880] [bbotk]                                 uhash
INFO  [17:09:01.880] [bbotk]  45faf477-5468-4ef0-9673-42c36b4ae965
INFO  [17:09:01.884] [bbotk] Evaluating 1 configuration(s)
INFO  [17:09:02.039] [bbotk] Result of batch 6:
INFO  [17:09:02.041] [bbotk]  nrounds       eta max_depth classif.ce warnings errors runtime_learners
INFO  [17:09:02.041] [bbotk]       59 0.1664931         3 0.06257685        0      0            0.113
INFO  [17:09:02.041] [bbotk]                                 uhash
INFO  [17:09:02.041] [bbotk]  14054af6-eda3-4808-a155-e995ab3cf283
INFO  [17:09:02.047] [bbotk] Evaluating 1 configuration(s)
INFO  [17:09:02.757] [bbotk] Result of batch 7:
INFO  [17:09:02.759] [bbotk]  nrounds        eta max_depth classif.ce warnings errors runtime_learners
INFO  [17:09:02.759] [bbotk]      254 0.05104483         7 0.06507373        0      0            0.648
INFO  [17:09:02.759] [bbotk]                                 uhash
INFO  [17:09:02.759] [bbotk]  2c3363a0-4cc7-4ccd-8a7d-de930e1fca0e
INFO  [17:09:02.764] [bbotk] Evaluating 1 configuration(s)
INFO  [17:09:02.933] [bbotk] Result of batch 8:
INFO  [17:09:02.935] [bbotk]  nrounds      eta max_depth classif.ce warnings errors runtime_learners
INFO  [17:09:02.935] [bbotk]       64 0.227664         4 0.06506904        0      0            0.112
INFO  [17:09:02.935] [bbotk]                                 uhash
INFO  [17:09:02.935] [bbotk]  1a3d6d80-7143-41c4-8601-6e48cfdca7db
INFO  [17:09:02.945] [bbotk] Evaluating 1 configuration(s)
INFO  [17:09:03.326] [bbotk] Result of batch 9:
INFO  [17:09:03.327] [bbotk]  nrounds       eta max_depth classif.ce warnings errors runtime_learners
INFO  [17:09:03.327] [bbotk]      162 0.1017415         5 0.06381591        0      0            0.342
INFO  [17:09:03.327] [bbotk]                                 uhash
INFO  [17:09:03.327] [bbotk]  53c865ca-e23b-45d7-b55c-3f77f3dfe006
INFO  [17:09:03.331] [bbotk] Evaluating 1 configuration(s)
INFO  [17:09:03.594] [bbotk] Result of batch 10:
INFO  [17:09:03.597] [bbotk]  nrounds       eta max_depth classif.ce warnings errors runtime_learners
INFO  [17:09:03.597] [bbotk]       76 0.1349539         9 0.06633156        0      0            0.199
INFO  [17:09:03.597] [bbotk]                                 uhash
INFO  [17:09:03.597] [bbotk]  79605ced-f203-4c3c-aa79-1e1d5dc54c00
INFO  [17:09:03.617] [bbotk] Finished optimizing after 10 evaluation(s)
INFO  [17:09:03.618] [bbotk] Result:
INFO  [17:09:03.619] [bbotk]  nrounds        eta max_depth learner_param_vals  x_domain classif.ce
INFO  [17:09:03.619] [bbotk]    <int>      <num>     <int>             <list>    <list>      <num>
INFO  [17:09:03.619] [bbotk]      149 0.01431692        10          <list[5]> <list[3]> 0.05380492
[1] -46.57575
[1] 14.58695

### [bt]: Job terminated successfully [batchtools job.id=2232]
### [bt]: Starting job [batchtools job.id=2233]
### [bt]: Generating problem instance for problem 'a63d756aec4c60c1' ...
### [bt]: Applying algorithm 'run_learner' on problem 'a63d756aec4c60c1' for job 2233 (seed = 2234) ...
INFO  [17:09:03.935] [mlr3] Applying learner 'classif.xgboost.tuned_calib.oof_beta' on task 'pc1' (iter 3/10)
INFO  [17:09:03.992] [bbotk] Starting to optimize 3 parameter(s) with '<OptimizerBatchRandomSearch>' and '<TerminatorEvals> [n_evals=10, k=0]'
INFO  [17:09:04.006] [bbotk] Evaluating 1 configuration(s)
INFO  [17:09:04.370] [bbotk] Result of batch 1:
INFO  [17:09:04.371] [bbotk]  nrounds       eta max_depth classif.ce warnings errors runtime_learners
INFO  [17:09:04.371] [bbotk]      238 0.1602821         3  0.0764411        0      0            0.326
INFO  [17:09:04.371] [bbotk]                                 uhash
INFO  [17:09:04.371] [bbotk]  b37f0b2e-adeb-4d25-a54c-5ffe77c5c1a2
INFO  [17:09:04.378] [bbotk] Evaluating 1 configuration(s)
INFO  [17:09:04.605] [bbotk] Result of batch 2:
INFO  [17:09:04.607] [bbotk]  nrounds        eta max_depth classif.ce warnings errors runtime_learners
INFO  [17:09:04.607] [bbotk]       58 0.04047085         6  0.0726817        0      0            0.171
INFO  [17:09:04.607] [bbotk]                                 uhash
INFO  [17:09:04.607] [bbotk]  e91fbe1a-b287-484e-a260-59edef131949
INFO  [17:09:04.617] [bbotk] Evaluating 1 configuration(s)
INFO  [17:09:05.278] [bbotk] Result of batch 3:
INFO  [17:09:05.279] [bbotk]  nrounds        eta max_depth classif.ce warnings errors runtime_learners
INFO  [17:09:05.279] [bbotk]      262 0.07326487        10  0.0726817        0      0            0.608
INFO  [17:09:05.279] [bbotk]                                 uhash
INFO  [17:09:05.279] [bbotk]  274adbf6-d0e5-4fa2-9499-91785b88c14d
INFO  [17:09:05.284] [bbotk] Evaluating 1 configuration(s)
INFO  [17:09:05.755] [bbotk] Result of batch 4:
INFO  [17:09:05.756] [bbotk]  nrounds       eta max_depth classif.ce warnings errors runtime_learners
INFO  [17:09:05.756] [bbotk]      225 0.1332684        10 0.07393484        0      0             0.43
INFO  [17:09:05.756] [bbotk]                                 uhash
INFO  [17:09:05.756] [bbotk]  b0166a37-54d6-4139-989c-a4e84b61aeb1
INFO  [17:09:05.761] [bbotk] Evaluating 1 configuration(s)
INFO  [17:09:06.071] [bbotk] Result of batch 5:
INFO  [17:09:06.073] [bbotk]  nrounds       eta max_depth classif.ce warnings errors runtime_learners
INFO  [17:09:06.073] [bbotk]      111 0.1152674         7 0.06892231        0      0            0.263
INFO  [17:09:06.073] [bbotk]                                 uhash
INFO  [17:09:06.073] [bbotk]  048004f7-6982-4129-973d-f7b4e7b05250
INFO  [17:09:06.082] [bbotk] Evaluating 1 configuration(s)
INFO  [17:09:06.638] [bbotk] Result of batch 6:
INFO  [17:09:06.641] [bbotk]  nrounds        eta max_depth classif.ce warnings errors runtime_learners
INFO  [17:09:06.641] [bbotk]      230 0.05006914         8 0.07142857        0      0            0.526
INFO  [17:09:06.641] [bbotk]                                 uhash
INFO  [17:09:06.641] [bbotk]  1dd668c0-7983-4a9f-bff6-cb47af19ff2f
INFO  [17:09:06.651] [bbotk] Evaluating 1 configuration(s)
INFO  [17:09:07.132] [bbotk] Result of batch 7:
INFO  [17:09:07.134] [bbotk]  nrounds       eta max_depth classif.ce warnings errors runtime_learners
INFO  [17:09:07.134] [bbotk]      237 0.1286307         5 0.07142857        0      0            0.444
INFO  [17:09:07.134] [bbotk]                                 uhash
INFO  [17:09:07.134] [bbotk]  51b944f0-032b-4492-8978-58ff4edc6cbd
INFO  [17:09:07.139] [bbotk] Evaluating 1 configuration(s)
INFO  [17:09:07.419] [bbotk] Result of batch 8:
INFO  [17:09:07.420] [bbotk]  nrounds       eta max_depth classif.ce warnings errors runtime_learners
INFO  [17:09:07.420] [bbotk]      100 0.1059491         8 0.07142857        0      0            0.241
INFO  [17:09:07.420] [bbotk]                                 uhash
INFO  [17:09:07.420] [bbotk]  f780c7af-60cf-4272-b93d-c8662a96db0b
INFO  [17:09:07.424] [bbotk] Evaluating 1 configuration(s)
INFO  [17:09:07.943] [bbotk] Result of batch 9:
INFO  [17:09:07.944] [bbotk]  nrounds       eta max_depth classif.ce warnings errors runtime_learners
INFO  [17:09:07.944] [bbotk]      274 0.2145363        10  0.0726817        0      0            0.477
INFO  [17:09:07.944] [bbotk]                                 uhash
INFO  [17:09:07.944] [bbotk]  eb54bc98-b372-4b46-b156-48c754db2d43
INFO  [17:09:07.952] [bbotk] Evaluating 1 configuration(s)
INFO  [17:09:08.268] [bbotk] Result of batch 10:
INFO  [17:09:08.269] [bbotk]  nrounds        eta max_depth classif.ce warnings errors runtime_learners
INFO  [17:09:08.269] [bbotk]      141 0.06409667         6 0.06766917        0      0            0.279
INFO  [17:09:08.269] [bbotk]                                 uhash
INFO  [17:09:08.269] [bbotk]  ae1038c6-0c14-4868-8b2e-90bfa60fcbf2
INFO  [17:09:08.277] [bbotk] Finished optimizing after 10 evaluation(s)
INFO  [17:09:08.277] [bbotk] Result:
INFO  [17:09:08.278] [bbotk]  nrounds        eta max_depth learner_param_vals  x_domain classif.ce
INFO  [17:09:08.278] [bbotk]    <int>      <num>     <int>             <list>    <list>      <num>
INFO  [17:09:08.278] [bbotk]      141 0.06409667         6          <list[5]> <list[3]> 0.06766917
INFO  [17:09:08.500] [bbotk] Starting to optimize 3 parameter(s) with '<OptimizerBatchRandomSearch>' and '<TerminatorEvals> [n_evals=10, k=0]'
INFO  [17:09:08.519] [bbotk] Evaluating 1 configuration(s)
INFO  [17:09:08.964] [bbotk] Result of batch 1:
INFO  [17:09:08.965] [bbotk]  nrounds       eta max_depth classif.ce warnings errors runtime_learners
INFO  [17:09:08.965] [bbotk]      283 0.2840428         6 0.07017544        0      0            0.399
INFO  [17:09:08.965] [bbotk]                                 uhash
INFO  [17:09:08.965] [bbotk]  88bf0bf0-cbb1-491f-8b91-33816880e97e
INFO  [17:09:08.970] [bbotk] Evaluating 1 configuration(s)
INFO  [17:09:09.338] [bbotk] Result of batch 2:
INFO  [17:09:09.338] [bbotk]  nrounds        eta max_depth classif.ce warnings errors runtime_learners
INFO  [17:09:09.338] [bbotk]      122 0.05876273         8 0.06892231        0      0            0.331
INFO  [17:09:09.338] [bbotk]                                 uhash
INFO  [17:09:09.338] [bbotk]  6b40ac20-4305-4b6b-99b6-725c96444cdb
INFO  [17:09:09.348] [bbotk] Evaluating 1 configuration(s)
INFO  [17:09:09.867] [bbotk] Result of batch 3:
INFO  [17:09:09.868] [bbotk]  nrounds       eta max_depth classif.ce warnings errors runtime_learners
INFO  [17:09:09.868] [bbotk]      277 0.2041399        10 0.06892231        0      0            0.469
INFO  [17:09:09.868] [bbotk]                                 uhash
INFO  [17:09:09.868] [bbotk]  d6d0e44b-5908-48ae-b51d-4ec0c61a69d0
INFO  [17:09:09.879] [bbotk] Evaluating 1 configuration(s)
INFO  [17:09:10.180] [bbotk] Result of batch 4:
INFO  [17:09:10.182] [bbotk]  nrounds       eta max_depth classif.ce warnings errors runtime_learners
INFO  [17:09:10.182] [bbotk]      132 0.2018334        10 0.06516291        0      0            0.262
INFO  [17:09:10.182] [bbotk]                                 uhash
INFO  [17:09:10.182] [bbotk]  6e764763-ee00-4532-8376-22f06c915485
INFO  [17:09:10.187] [bbotk] Evaluating 1 configuration(s)
INFO  [17:09:10.321] [bbotk] Result of batch 5:
INFO  [17:09:10.322] [bbotk]  nrounds       eta max_depth classif.ce warnings errors runtime_learners
INFO  [17:09:10.322] [bbotk]       87 0.2289693         2 0.06516291        0      0            0.098
INFO  [17:09:10.322] [bbotk]                                 uhash
INFO  [17:09:10.322] [bbotk]  6ca442bc-18f1-4064-8409-0f4992caa19d
INFO  [17:09:10.331] [bbotk] Evaluating 1 configuration(s)
INFO  [17:09:10.735] [bbotk] Result of batch 6:
INFO  [17:09:10.736] [bbotk]  nrounds       eta max_depth classif.ce warnings errors runtime_learners
INFO  [17:09:10.736] [bbotk]      272 0.0192929         3 0.05764411        0      0            0.357
INFO  [17:09:10.736] [bbotk]                                 uhash
INFO  [17:09:10.736] [bbotk]  ef302c52-9dd6-46e7-94f2-20225716aa3c
INFO  [17:09:10.740] [bbotk] Evaluating 1 configuration(s)
INFO  [17:09:11.273] [bbotk] Result of batch 7:
INFO  [17:09:11.275] [bbotk]  nrounds       eta max_depth classif.ce warnings errors runtime_learners
INFO  [17:09:11.275] [bbotk]      241 0.1808434         5 0.06766917        0      0            0.499
INFO  [17:09:11.275] [bbotk]                                 uhash
INFO  [17:09:11.275] [bbotk]  eeb695ac-8411-4811-85fa-6d96e91614c9
INFO  [17:09:11.281] [bbotk] Evaluating 1 configuration(s)
INFO  [17:09:11.527] [bbotk] Result of batch 8:
INFO  [17:09:11.528] [bbotk]  nrounds        eta max_depth classif.ce warnings errors runtime_learners
INFO  [17:09:11.528] [bbotk]      100 0.02043176         5 0.07017544        0      0            0.189
INFO  [17:09:11.528] [bbotk]                                 uhash
INFO  [17:09:11.528] [bbotk]  7e02f8a7-0993-4e20-b598-ef3535aa8a4e
INFO  [17:09:11.536] [bbotk] Evaluating 1 configuration(s)
INFO  [17:09:11.890] [bbotk] Result of batch 9:
INFO  [17:09:11.891] [bbotk]  nrounds       eta max_depth classif.ce warnings errors runtime_learners
INFO  [17:09:11.891] [bbotk]      287 0.2530269         2 0.06892231        0      0            0.309
INFO  [17:09:11.891] [bbotk]                                 uhash
INFO  [17:09:11.891] [bbotk]  9804b67b-04ba-458b-8cc4-a3faf1a4b2b2
INFO  [17:09:11.898] [bbotk] Evaluating 1 configuration(s)
INFO  [17:09:12.214] [bbotk] Result of batch 10:
INFO  [17:09:12.215] [bbotk]  nrounds       eta max_depth classif.ce warnings errors runtime_learners
INFO  [17:09:12.215] [bbotk]      128 0.2761025         6 0.06641604        0      0            0.267
INFO  [17:09:12.215] [bbotk]                                 uhash
INFO  [17:09:12.215] [bbotk]  47b06677-8c43-4a22-81fe-769616de98cb
INFO  [17:09:12.226] [bbotk] Finished optimizing after 10 evaluation(s)
INFO  [17:09:12.227] [bbotk] Result:
INFO  [17:09:12.227] [bbotk]  nrounds       eta max_depth learner_param_vals  x_domain classif.ce
INFO  [17:09:12.227] [bbotk]    <int>     <num>     <int>             <list>    <list>      <num>
INFO  [17:09:12.227] [bbotk]      272 0.0192929         3          <list[5]> <list[3]> 0.05764411
INFO  [17:09:12.448] [bbotk] Starting to optimize 3 parameter(s) with '<OptimizerBatchRandomSearch>' and '<TerminatorEvals> [n_evals=10, k=0]'
INFO  [17:09:12.464] [bbotk] Evaluating 1 configuration(s)
INFO  [17:09:12.882] [bbotk] Result of batch 1:
INFO  [17:09:12.883] [bbotk]  nrounds        eta max_depth classif.ce warnings errors runtime_learners
INFO  [17:09:12.883] [bbotk]      136 0.08532878         8 0.08270677        0      0            0.362
INFO  [17:09:12.883] [bbotk]                                 uhash
INFO  [17:09:12.883] [bbotk]  e8610e4c-ff3b-4647-80fb-851af63d3df9
INFO  [17:09:12.888] [bbotk] Evaluating 1 configuration(s)
INFO  [17:09:13.201] [bbotk] Result of batch 2:
INFO  [17:09:13.202] [bbotk]  nrounds       eta max_depth classif.ce warnings errors runtime_learners
INFO  [17:09:13.202] [bbotk]      138 0.2447989         5  0.0802005        0      0            0.273
INFO  [17:09:13.202] [bbotk]                                 uhash
INFO  [17:09:13.202] [bbotk]  2d36c734-8b2b-4ce2-8898-613f49f504be
INFO  [17:09:13.211] [bbotk] Evaluating 1 configuration(s)
INFO  [17:09:13.762] [bbotk] Result of batch 3:
INFO  [17:09:13.764] [bbotk]  nrounds       eta max_depth classif.ce warnings errors runtime_learners
INFO  [17:09:13.764] [bbotk]      291 0.1811207         4 0.08270677        0      0            0.481
INFO  [17:09:13.764] [bbotk]                                 uhash
INFO  [17:09:13.764] [bbotk]  1d6a9206-eb13-447a-b05f-ec7aa6484766
INFO  [17:09:13.771] [bbotk] Evaluating 1 configuration(s)
INFO  [17:09:14.218] [bbotk] Result of batch 4:
INFO  [17:09:14.219] [bbotk]  nrounds        eta max_depth classif.ce warnings errors runtime_learners
INFO  [17:09:14.219] [bbotk]      196 0.05735741         5  0.0839599        0      0            0.415
INFO  [17:09:14.219] [bbotk]                                 uhash
INFO  [17:09:14.219] [bbotk]  9e92f6bf-c8a8-4309-a3da-7ad35b716451
INFO  [17:09:14.223] [bbotk] Evaluating 1 configuration(s)
INFO  [17:09:14.444] [bbotk] Result of batch 5:
INFO  [17:09:14.445] [bbotk]  nrounds       eta max_depth classif.ce warnings errors runtime_learners
INFO  [17:09:14.445] [bbotk]      192 0.2422824         2 0.08270677        0      0            0.186
INFO  [17:09:14.445] [bbotk]                                 uhash
INFO  [17:09:14.445] [bbotk]  cd23d69a-888d-4cc5-88da-a727941ceed2
INFO  [17:09:14.449] [bbotk] Evaluating 1 configuration(s)
INFO  [17:09:14.758] [bbotk] Result of batch 6:
INFO  [17:09:14.760] [bbotk]  nrounds        eta max_depth classif.ce warnings errors runtime_learners
INFO  [17:09:14.760] [bbotk]      116 0.06622894        10  0.0839599        0      0            0.266
INFO  [17:09:14.760] [bbotk]                                 uhash
INFO  [17:09:14.760] [bbotk]  01a68c06-56f9-4c96-9175-de6906b6fbb6
INFO  [17:09:14.771] [bbotk] Evaluating 1 configuration(s)
INFO  [17:09:15.071] [bbotk] Result of batch 7:
INFO  [17:09:15.072] [bbotk]  nrounds        eta max_depth classif.ce warnings errors runtime_learners
INFO  [17:09:15.072] [bbotk]       99 0.01195432         9  0.0726817        0      0            0.255
INFO  [17:09:15.072] [bbotk]                                 uhash
INFO  [17:09:15.072] [bbotk]  0fa49b4e-35c5-46a6-81f6-6f39c7581e3d
INFO  [17:09:15.075] [bbotk] Evaluating 1 configuration(s)
INFO  [17:09:15.215] [bbotk] Result of batch 8:
INFO  [17:09:15.220] [bbotk]  nrounds       eta max_depth classif.ce warnings errors runtime_learners
INFO  [17:09:15.220] [bbotk]       56 0.2192676         2 0.06766917        0      0            0.072
INFO  [17:09:15.220] [bbotk]                                 uhash
INFO  [17:09:15.220] [bbotk]  49e92f08-19b1-4596-b2ea-30eb77d096a0
INFO  [17:09:15.235] [bbotk] Evaluating 1 configuration(s)
INFO  [17:09:15.431] [bbotk] Result of batch 9:
INFO  [17:09:15.432] [bbotk]  nrounds        eta max_depth classif.ce warnings errors runtime_learners
INFO  [17:09:15.432] [bbotk]      111 0.09976222         3 0.07393484        0      0            0.152
INFO  [17:09:15.432] [bbotk]                                 uhash
INFO  [17:09:15.432] [bbotk]  723267cf-4058-4bc1-8d50-3a00324dfb83
INFO  [17:09:15.437] [bbotk] Evaluating 1 configuration(s)
INFO  [17:09:15.862] [bbotk] Result of batch 10:
INFO  [17:09:15.863] [bbotk]  nrounds       eta max_depth classif.ce warnings errors runtime_learners
INFO  [17:09:15.863] [bbotk]      272 0.2421664         4 0.08521303        0      0            0.381
INFO  [17:09:15.863] [bbotk]                                 uhash
INFO  [17:09:15.863] [bbotk]  a7f7cb40-f243-46c2-9c68-c48e62a6dee9
INFO  [17:09:15.875] [bbotk] Finished optimizing after 10 evaluation(s)
INFO  [17:09:15.876] [bbotk] Result:
INFO  [17:09:15.877] [bbotk]  nrounds       eta max_depth learner_param_vals  x_domain classif.ce
INFO  [17:09:15.877] [bbotk]    <int>     <num>     <int>             <list>    <list>      <num>
INFO  [17:09:15.877] [bbotk]       56 0.2192676         2          <list[5]> <list[3]> 0.06766917
INFO  [17:09:15.939] [bbotk] Starting to optimize 3 parameter(s) with '<OptimizerBatchRandomSearch>' and '<TerminatorEvals> [n_evals=10, k=0]'
INFO  [17:09:15.956] [bbotk] Evaluating 1 configuration(s)
INFO  [17:09:16.133] [bbotk] Result of batch 1:
INFO  [17:09:16.135] [bbotk]  nrounds       eta max_depth classif.ce warnings errors runtime_learners
INFO  [17:09:16.135] [bbotk]       51 0.2183433         9 0.07135348        0      0            0.139
INFO  [17:09:16.135] [bbotk]                                 uhash
INFO  [17:09:16.135] [bbotk]  c04528bb-57eb-4de3-b326-b9348554a8de
INFO  [17:09:16.144] [bbotk] Evaluating 1 configuration(s)
INFO  [17:09:16.405] [bbotk] Result of batch 2:
INFO  [17:09:16.407] [bbotk]  nrounds       eta max_depth classif.ce warnings errors runtime_learners
INFO  [17:09:16.407] [bbotk]       81 0.1278586         8 0.07010973        0      0            0.221
INFO  [17:09:16.407] [bbotk]                                 uhash
INFO  [17:09:16.407] [bbotk]  8366915b-d8aa-416c-81c7-aea2e8cad473
INFO  [17:09:16.421] [bbotk] Evaluating 1 configuration(s)
INFO  [17:09:16.734] [bbotk] Result of batch 3:
INFO  [17:09:16.735] [bbotk]  nrounds       eta max_depth classif.ce warnings errors runtime_learners
INFO  [17:09:16.735] [bbotk]      107 0.2571071         6 0.07760037        0      0            0.243
INFO  [17:09:16.735] [bbotk]                                 uhash
INFO  [17:09:16.735] [bbotk]  e5e18d96-4262-4336-b1b7-8b0ccbe0a8b0
INFO  [17:09:16.743] [bbotk] Evaluating 1 configuration(s)
INFO  [17:09:17.063] [bbotk] Result of batch 4:
INFO  [17:09:17.064] [bbotk]  nrounds      eta max_depth classif.ce warnings errors runtime_learners
INFO  [17:09:17.064] [bbotk]      270 0.130501         2 0.07760975        0      0            0.266
INFO  [17:09:17.064] [bbotk]                                 uhash
INFO  [17:09:17.064] [bbotk]  8f7af88a-97dd-4448-ab40-0962f3946596
INFO  [17:09:17.068] [bbotk] Evaluating 1 configuration(s)
INFO  [17:09:17.786] [bbotk] Result of batch 5:
INFO  [17:09:17.789] [bbotk]  nrounds        eta max_depth classif.ce warnings errors runtime_learners
INFO  [17:09:17.789] [bbotk]      300 0.06506396         8 0.07760037        0      0            0.677
INFO  [17:09:17.789] [bbotk]                                 uhash
INFO  [17:09:17.789] [bbotk]  01162aac-effb-447e-8ecd-05fbcc1050d0
INFO  [17:09:17.804] [bbotk] Evaluating 1 configuration(s)
INFO  [17:09:18.363] [bbotk] Result of batch 6:
INFO  [17:09:18.364] [bbotk]  nrounds       eta max_depth classif.ce warnings errors runtime_learners
INFO  [17:09:18.364] [bbotk]      205 0.0808746         7 0.07510349        0      0            0.508
INFO  [17:09:18.364] [bbotk]                                 uhash
INFO  [17:09:18.364] [bbotk]  83a8b88b-47d4-4269-b361-88b27e4bde67
INFO  [17:09:18.368] [bbotk] Evaluating 1 configuration(s)
INFO  [17:09:18.827] [bbotk] Result of batch 7:
INFO  [17:09:18.828] [bbotk]  nrounds       eta max_depth classif.ce warnings errors runtime_learners
INFO  [17:09:18.828] [bbotk]      201 0.1276028         8 0.07634724        0      0            0.423
INFO  [17:09:18.828] [bbotk]                                 uhash
INFO  [17:09:18.828] [bbotk]  3ab8f4e1-8c6e-437b-8689-906249277ad6
INFO  [17:09:18.832] [bbotk] Evaluating 1 configuration(s)
INFO  [17:09:19.155] [bbotk] Result of batch 8:
INFO  [17:09:19.157] [bbotk]  nrounds      eta max_depth classif.ce warnings errors runtime_learners
INFO  [17:09:19.157] [bbotk]      128 0.278585         4 0.07884881        0      0             0.23
INFO  [17:09:19.157] [bbotk]                                 uhash
INFO  [17:09:19.157] [bbotk]  9977749e-c401-4180-a163-f4329ca58376
INFO  [17:09:19.166] [bbotk] Evaluating 1 configuration(s)
INFO  [17:09:19.914] [bbotk] Result of batch 9:
INFO  [17:09:19.915] [bbotk]  nrounds        eta max_depth classif.ce warnings errors runtime_learners
INFO  [17:09:19.915] [bbotk]      295 0.03831799         9 0.07135817        0      0            0.706
INFO  [17:09:19.915] [bbotk]                                 uhash
INFO  [17:09:19.915] [bbotk]  6aa83ab0-b557-4c13-b72c-f51a6b67b4bd
INFO  [17:09:19.919] [bbotk] Evaluating 1 configuration(s)
INFO  [17:09:20.113] [bbotk] Result of batch 10:
INFO  [17:09:20.115] [bbotk]  nrounds       eta max_depth classif.ce warnings errors runtime_learners
INFO  [17:09:20.115] [bbotk]       69 0.2107052         7 0.07134878        0      0            0.148
INFO  [17:09:20.115] [bbotk]                                 uhash
INFO  [17:09:20.115] [bbotk]  c037c6ae-e07c-4ee0-adf2-c435d8e3108c
INFO  [17:09:20.135] [bbotk] Finished optimizing after 10 evaluation(s)
INFO  [17:09:20.135] [bbotk] Result:
INFO  [17:09:20.137] [bbotk]  nrounds       eta max_depth learner_param_vals  x_domain classif.ce
INFO  [17:09:20.137] [bbotk]    <int>     <num>     <int>             <list>    <list>      <num>
INFO  [17:09:20.137] [bbotk]       81 0.1278586         8          <list[5]> <list[3]> 0.07010973
INFO  [17:09:20.278] [bbotk] Starting to optimize 3 parameter(s) with '<OptimizerBatchRandomSearch>' and '<TerminatorEvals> [n_evals=10, k=0]'
INFO  [17:09:20.294] [bbotk] Evaluating 1 configuration(s)
INFO  [17:09:20.660] [bbotk] Result of batch 1:
INFO  [17:09:20.661] [bbotk]  nrounds       eta max_depth classif.ce warnings errors runtime_learners
INFO  [17:09:20.661] [bbotk]      230 0.2631526         4  0.0750988        0      0            0.319
INFO  [17:09:20.661] [bbotk]                                 uhash
INFO  [17:09:20.661] [bbotk]  b713d7a7-c582-45a8-9903-a8cfe05646a7
INFO  [17:09:20.670] [bbotk] Evaluating 1 configuration(s)
INFO  [17:09:21.357] [bbotk] Result of batch 2:
INFO  [17:09:21.359] [bbotk]  nrounds       eta max_depth classif.ce warnings errors runtime_learners
INFO  [17:09:21.359] [bbotk]      295 0.1749458         5 0.08009255        0      0             0.55
INFO  [17:09:21.359] [bbotk]                                 uhash
INFO  [17:09:21.359] [bbotk]  68b3b13c-9af3-4145-85a9-0b73162fe964
INFO  [17:09:21.368] [bbotk] Evaluating 1 configuration(s)
INFO  [17:09:21.828] [bbotk] Result of batch 3:
INFO  [17:09:21.829] [bbotk]  nrounds       eta max_depth classif.ce warnings errors runtime_learners
INFO  [17:09:21.829] [bbotk]      287 0.2271134         3 0.08010194        0      0            0.405
INFO  [17:09:21.829] [bbotk]                                 uhash
INFO  [17:09:21.829] [bbotk]  a7a93735-884a-467c-936b-f3389ded2daa
INFO  [17:09:21.838] [bbotk] Evaluating 1 configuration(s)
INFO  [17:09:22.171] [bbotk] Result of batch 4:
INFO  [17:09:22.177] [bbotk]  nrounds       eta max_depth classif.ce warnings errors runtime_learners
INFO  [17:09:22.177] [bbotk]      108 0.2911866         8 0.07884881        0      0            0.284
INFO  [17:09:22.177] [bbotk]                                 uhash
INFO  [17:09:22.177] [bbotk]  0b5a9b0b-867c-405b-8dd6-141fd101a822
INFO  [17:09:22.181] [bbotk] Evaluating 1 configuration(s)
INFO  [17:09:22.618] [bbotk] Result of batch 5:
INFO  [17:09:22.619] [bbotk]  nrounds       eta max_depth classif.ce warnings errors runtime_learners
INFO  [17:09:22.619] [bbotk]      180 0.1102677         6  0.0750988        0      0            0.378
INFO  [17:09:22.619] [bbotk]                                 uhash
INFO  [17:09:22.619] [bbotk]  28115cd5-748d-4457-8f90-deb9280a3513
INFO  [17:09:22.623] [bbotk] Evaluating 1 configuration(s)
INFO  [17:09:23.473] [bbotk] Result of batch 6:
INFO  [17:09:23.474] [bbotk]  nrounds        eta max_depth classif.ce warnings errors runtime_learners
INFO  [17:09:23.474] [bbotk]      298 0.03320403         9 0.07383158        0      0            0.808
INFO  [17:09:23.474] [bbotk]                                 uhash
INFO  [17:09:23.474] [bbotk]  5881c87c-1c73-4ecf-9959-4aa0383e04ce
INFO  [17:09:23.480] [bbotk] Evaluating 1 configuration(s)
INFO  [17:09:23.869] [bbotk] Result of batch 7:
INFO  [17:09:23.870] [bbotk]  nrounds       eta max_depth classif.ce warnings errors runtime_learners
INFO  [17:09:23.870] [bbotk]      145 0.1746609         6 0.08009725        0      0             0.34
INFO  [17:09:23.870] [bbotk]                                 uhash
INFO  [17:09:23.870] [bbotk]  f96aa6fa-1eea-4de1-8561-8c8e4051408c
INFO  [17:09:23.874] [bbotk] Evaluating 1 configuration(s)
INFO  [17:09:24.478] [bbotk] Result of batch 8:
INFO  [17:09:24.480] [bbotk]  nrounds     eta max_depth classif.ce warnings errors runtime_learners
INFO  [17:09:24.480] [bbotk]      207 0.10017        10 0.07258784        0      0            0.533
INFO  [17:09:24.480] [bbotk]                                 uhash
INFO  [17:09:24.480] [bbotk]  fa118581-0201-43b0-b815-365f09bdc3f8
INFO  [17:09:24.486] [bbotk] Evaluating 1 configuration(s)
INFO  [17:09:24.991] [bbotk] Result of batch 9:
INFO  [17:09:24.992] [bbotk]  nrounds       eta max_depth classif.ce warnings errors runtime_learners
INFO  [17:09:24.992] [bbotk]      250 0.2028634        10 0.07634254        0      0            0.465
INFO  [17:09:24.992] [bbotk]                                 uhash
INFO  [17:09:24.992] [bbotk]  bcd0f7c6-779a-4165-9073-3548cbe5221b
INFO  [17:09:24.996] [bbotk] Evaluating 1 configuration(s)
INFO  [17:09:25.457] [bbotk] Result of batch 10:
INFO  [17:09:25.458] [bbotk]  nrounds       eta max_depth classif.ce warnings errors runtime_learners
INFO  [17:09:25.458] [bbotk]      267 0.1077507         4 0.07760037        0      0            0.423
INFO  [17:09:25.458] [bbotk]                                 uhash
INFO  [17:09:25.458] [bbotk]  1cee9ff8-c605-4c4f-ad87-fa907b2d61a3
INFO  [17:09:25.471] [bbotk] Finished optimizing after 10 evaluation(s)
INFO  [17:09:25.471] [bbotk] Result:
INFO  [17:09:25.473] [bbotk]  nrounds     eta max_depth learner_param_vals  x_domain classif.ce
INFO  [17:09:25.473] [bbotk]    <int>   <num>     <int>             <list>    <list>      <num>
INFO  [17:09:25.473] [bbotk]      207 0.10017        10          <list[5]> <list[3]> 0.07258784
[1] -7.600261
[1] 27.67295

### [bt]: Job terminated successfully [batchtools job.id=2233]
### [bt]: Starting job [batchtools job.id=2234]
### [bt]: Generating problem instance for problem 'a63d756aec4c60c1' ...
### [bt]: Applying algorithm 'run_learner' on problem 'a63d756aec4c60c1' for job 2234 (seed = 2235) ...
INFO  [17:09:25.842] [mlr3] Applying learner 'classif.xgboost.tuned_calib.oof_beta' on task 'pc1' (iter 4/10)
INFO  [17:09:25.896] [bbotk] Starting to optimize 3 parameter(s) with '<OptimizerBatchRandomSearch>' and '<TerminatorEvals> [n_evals=10, k=0]'
INFO  [17:09:25.911] [bbotk] Evaluating 1 configuration(s)
INFO  [17:09:26.282] [bbotk] Result of batch 1:
INFO  [17:09:26.285] [bbotk]  nrounds       eta max_depth classif.ce warnings errors runtime_learners
INFO  [17:09:26.285] [bbotk]      154 0.2111283         9 0.06641604        0      0            0.312
INFO  [17:09:26.285] [bbotk]                                 uhash
INFO  [17:09:26.285] [bbotk]  ce86a7a6-336b-423e-95d7-62930555c3e6
INFO  [17:09:26.296] [bbotk] Evaluating 1 configuration(s)
INFO  [17:09:26.743] [bbotk] Result of batch 2:
INFO  [17:09:26.744] [bbotk]  nrounds       eta max_depth classif.ce warnings errors runtime_learners
INFO  [17:09:26.744] [bbotk]      244 0.2831504         7  0.0726817        0      0            0.405
INFO  [17:09:26.744] [bbotk]                                 uhash
INFO  [17:09:26.744] [bbotk]  fd88e630-106d-476a-af7e-29051dbb92ce
INFO  [17:09:26.753] [bbotk] Evaluating 1 configuration(s)
INFO  [17:09:26.895] [bbotk] Result of batch 3:
INFO  [17:09:26.898] [bbotk]  nrounds       eta max_depth classif.ce warnings errors runtime_learners
INFO  [17:09:26.898] [bbotk]       53 0.1731488         3 0.07017544        0      0            0.083
INFO  [17:09:26.898] [bbotk]                                 uhash
INFO  [17:09:26.898] [bbotk]  894aedfb-a5bc-4630-a479-0f1414c8a70d
INFO  [17:09:26.902] [bbotk] Evaluating 1 configuration(s)
INFO  [17:09:27.078] [bbotk] Result of batch 4:
INFO  [17:09:27.079] [bbotk]  nrounds        eta max_depth classif.ce warnings errors runtime_learners
INFO  [17:09:27.079] [bbotk]       73 0.04422276         4 0.06641604        0      0            0.133
INFO  [17:09:27.079] [bbotk]                                 uhash
INFO  [17:09:27.079] [bbotk]  74934a3d-43b3-4414-a78d-768a5dc48484
INFO  [17:09:27.083] [bbotk] Evaluating 1 configuration(s)
INFO  [17:09:27.347] [bbotk] Result of batch 5:
INFO  [17:09:27.348] [bbotk]  nrounds        eta max_depth classif.ce warnings errors runtime_learners
INFO  [17:09:27.348] [bbotk]       66 0.06007303        10  0.0726817        0      0            0.212
INFO  [17:09:27.348] [bbotk]                                 uhash
INFO  [17:09:27.348] [bbotk]  6fc508bd-fab1-4f6e-aa6a-7260ebac07f1
INFO  [17:09:27.354] [bbotk] Evaluating 1 configuration(s)
INFO  [17:09:27.936] [bbotk] Result of batch 6:
INFO  [17:09:27.937] [bbotk]  nrounds        eta max_depth classif.ce warnings errors runtime_learners
INFO  [17:09:27.937] [bbotk]      276 0.08169546         6 0.06390977        0      0            0.536
INFO  [17:09:27.937] [bbotk]                                 uhash
INFO  [17:09:27.937] [bbotk]  f2301006-fb6a-4707-b055-316b53d59c16
INFO  [17:09:27.941] [bbotk] Evaluating 1 configuration(s)
INFO  [17:09:28.322] [bbotk] Result of batch 7:
INFO  [17:09:28.324] [bbotk]  nrounds       eta max_depth classif.ce warnings errors runtime_learners
INFO  [17:09:28.324] [bbotk]      147 0.0648157         5 0.06641604        0      0             0.33
INFO  [17:09:28.324] [bbotk]                                 uhash
INFO  [17:09:28.324] [bbotk]  4c22ecfb-2769-4040-8205-ab10f952c22f
INFO  [17:09:28.337] [bbotk] Evaluating 1 configuration(s)
INFO  [17:09:28.522] [bbotk] Result of batch 8:
INFO  [17:09:28.523] [bbotk]  nrounds        eta max_depth classif.ce warnings errors runtime_learners
INFO  [17:09:28.523] [bbotk]       92 0.07839454         3 0.06641604        0      0             0.14
INFO  [17:09:28.523] [bbotk]                                 uhash
INFO  [17:09:28.523] [bbotk]  7a35fe7e-4ee0-4d85-9414-d9ca784492aa
INFO  [17:09:28.527] [bbotk] Evaluating 1 configuration(s)
INFO  [17:09:28.857] [bbotk] Result of batch 9:
INFO  [17:09:28.858] [bbotk]  nrounds        eta max_depth classif.ce warnings errors runtime_learners
INFO  [17:09:28.858] [bbotk]      119 0.02752756        10 0.07518797        0      0            0.291
INFO  [17:09:28.858] [bbotk]                                 uhash
INFO  [17:09:28.858] [bbotk]  4195960a-df25-4a0a-9d64-99d5ad490e8c
INFO  [17:09:28.862] [bbotk] Evaluating 1 configuration(s)
INFO  [17:09:29.057] [bbotk] Result of batch 10:
INFO  [17:09:29.058] [bbotk]  nrounds       eta max_depth classif.ce warnings errors runtime_learners
INFO  [17:09:29.058] [bbotk]      126 0.2227463         3 0.07393484        0      0            0.156
INFO  [17:09:29.058] [bbotk]                                 uhash
INFO  [17:09:29.058] [bbotk]  de099dc4-2b2f-4d43-b616-ae791e1a0bc5
INFO  [17:09:29.067] [bbotk] Finished optimizing after 10 evaluation(s)
INFO  [17:09:29.068] [bbotk] Result:
INFO  [17:09:29.069] [bbotk]  nrounds        eta max_depth learner_param_vals  x_domain classif.ce
INFO  [17:09:29.069] [bbotk]    <int>      <num>     <int>             <list>    <list>      <num>
INFO  [17:09:29.069] [bbotk]      276 0.08169546         6          <list[5]> <list[3]> 0.06390977
INFO  [17:09:29.400] [bbotk] Starting to optimize 3 parameter(s) with '<OptimizerBatchRandomSearch>' and '<TerminatorEvals> [n_evals=10, k=0]'
INFO  [17:09:29.409] [bbotk] Evaluating 1 configuration(s)
INFO  [17:09:29.683] [bbotk] Result of batch 1:
INFO  [17:09:29.684] [bbotk]  nrounds       eta max_depth classif.ce warnings errors runtime_learners
INFO  [17:09:29.684] [bbotk]      129 0.2362122         5 0.07894737        0      0            0.232
INFO  [17:09:29.684] [bbotk]                                 uhash
INFO  [17:09:29.684] [bbotk]  7ec2a37a-81a7-48e8-89f5-93e9eef86580
INFO  [17:09:29.690] [bbotk] Evaluating 1 configuration(s)
INFO  [17:09:30.035] [bbotk] Result of batch 2:
INFO  [17:09:30.037] [bbotk]  nrounds       eta max_depth classif.ce warnings errors runtime_learners
INFO  [17:09:30.037] [bbotk]      276 0.1467423         2  0.0802005        0      0            0.295
INFO  [17:09:30.037] [bbotk]                                 uhash
INFO  [17:09:30.037] [bbotk]  04fda728-410f-4a57-a13e-3a199f6d4839
INFO  [17:09:30.049] [bbotk] Evaluating 1 configuration(s)
INFO  [17:09:30.561] [bbotk] Result of batch 3:
INFO  [17:09:30.562] [bbotk]  nrounds       eta max_depth classif.ce warnings errors runtime_learners
INFO  [17:09:30.562] [bbotk]      240 0.1782409         8  0.0802005        0      0            0.474
INFO  [17:09:30.562] [bbotk]                                 uhash
INFO  [17:09:30.562] [bbotk]  ea947e2b-62ff-4804-a587-54fc7fb84cea
INFO  [17:09:30.566] [bbotk] Evaluating 1 configuration(s)
INFO  [17:09:31.052] [bbotk] Result of batch 4:
INFO  [17:09:31.054] [bbotk]  nrounds        eta max_depth classif.ce warnings errors runtime_learners
INFO  [17:09:31.054] [bbotk]      191 0.08812667         7 0.07518797        0      0            0.436
INFO  [17:09:31.054] [bbotk]                                 uhash
INFO  [17:09:31.054] [bbotk]  383f5050-e8dc-458b-aab4-22e4944e49a5
INFO  [17:09:31.064] [bbotk] Evaluating 1 configuration(s)
INFO  [17:09:31.287] [bbotk] Result of batch 5:
INFO  [17:09:31.288] [bbotk]  nrounds        eta max_depth classif.ce warnings errors runtime_learners
INFO  [17:09:31.288] [bbotk]       80 0.03961148         6 0.07518797        0      0            0.188
INFO  [17:09:31.288] [bbotk]                                 uhash
INFO  [17:09:31.288] [bbotk]  2ebb156a-4381-4930-81e1-455b9bc987b0
INFO  [17:09:31.292] [bbotk] Evaluating 1 configuration(s)
INFO  [17:09:31.624] [bbotk] Result of batch 6:
INFO  [17:09:31.624] [bbotk]  nrounds       eta max_depth classif.ce warnings errors runtime_learners
INFO  [17:09:31.624] [bbotk]      279 0.1232764         2 0.08145363        0      0            0.284
INFO  [17:09:31.624] [bbotk]                                 uhash
INFO  [17:09:31.624] [bbotk]  27e49f0b-2786-4143-afa7-41e277278881
INFO  [17:09:31.630] [bbotk] Evaluating 1 configuration(s)
INFO  [17:09:32.342] [bbotk] Result of batch 7:
INFO  [17:09:32.344] [bbotk]  nrounds        eta max_depth classif.ce warnings errors runtime_learners
INFO  [17:09:32.344] [bbotk]      267 0.03128634         9  0.0726817        0      0            0.659
INFO  [17:09:32.344] [bbotk]                                 uhash
INFO  [17:09:32.344] [bbotk]  bf2020e9-b860-4a82-be21-8455ff3f6970
INFO  [17:09:32.350] [bbotk] Evaluating 1 configuration(s)
INFO  [17:09:32.599] [bbotk] Result of batch 8:
INFO  [17:09:32.600] [bbotk]  nrounds       eta max_depth classif.ce warnings errors runtime_learners
INFO  [17:09:32.600] [bbotk]       76 0.1465183        10  0.0764411        0      0            0.211
INFO  [17:09:32.600] [bbotk]                                 uhash
INFO  [17:09:32.600] [bbotk]  78184547-5bc5-4511-96f6-378f339ed22e
INFO  [17:09:32.607] [bbotk] Evaluating 1 configuration(s)
INFO  [17:09:32.788] [bbotk] Result of batch 9:
INFO  [17:09:32.789] [bbotk]  nrounds       eta max_depth classif.ce warnings errors runtime_learners
INFO  [17:09:32.789] [bbotk]       92 0.1222072         3 0.07769424        0      0            0.133
INFO  [17:09:32.789] [bbotk]                                 uhash
INFO  [17:09:32.789] [bbotk]  513e247e-23ef-4304-984e-f5c4e13f3af5
INFO  [17:09:32.794] [bbotk] Evaluating 1 configuration(s)
INFO  [17:09:33.044] [bbotk] Result of batch 10:
INFO  [17:09:33.044] [bbotk]  nrounds       eta max_depth classif.ce warnings errors runtime_learners
INFO  [17:09:33.044] [bbotk]      117 0.2874832         4  0.0802005        0      0              0.2
INFO  [17:09:33.044] [bbotk]                                 uhash
INFO  [17:09:33.044] [bbotk]  6bb6eeb6-c66b-41bb-8a0a-d35afb3dc7a0
INFO  [17:09:33.061] [bbotk] Finished optimizing after 10 evaluation(s)
INFO  [17:09:33.062] [bbotk] Result:
INFO  [17:09:33.064] [bbotk]  nrounds        eta max_depth learner_param_vals  x_domain classif.ce
INFO  [17:09:33.064] [bbotk]    <int>      <num>     <int>             <list>    <list>      <num>
INFO  [17:09:33.064] [bbotk]      267 0.03128634         9          <list[5]> <list[3]>  0.0726817
INFO  [17:09:33.500] [bbotk] Starting to optimize 3 parameter(s) with '<OptimizerBatchRandomSearch>' and '<TerminatorEvals> [n_evals=10, k=0]'
INFO  [17:09:33.520] [bbotk] Evaluating 1 configuration(s)
INFO  [17:09:33.766] [bbotk] Result of batch 1:
INFO  [17:09:33.767] [bbotk]  nrounds       eta max_depth classif.ce warnings errors runtime_learners
INFO  [17:09:33.767] [bbotk]      205 0.1591775         2  0.0764411        0      0            0.204
INFO  [17:09:33.767] [bbotk]                                 uhash
INFO  [17:09:33.767] [bbotk]  7d6e9f3e-ef82-401c-8735-55ea5c884892
INFO  [17:09:33.770] [bbotk] Evaluating 1 configuration(s)
INFO  [17:09:33.917] [bbotk] Result of batch 2:
INFO  [17:09:33.918] [bbotk]  nrounds       eta max_depth classif.ce warnings errors runtime_learners
INFO  [17:09:33.918] [bbotk]       50 0.1664601         3 0.06766917        0      0            0.091
INFO  [17:09:33.918] [bbotk]                                 uhash
INFO  [17:09:33.918] [bbotk]  9cc85710-ceef-483a-8e31-ad0aadaf442f
INFO  [17:09:33.926] [bbotk] Evaluating 1 configuration(s)
INFO  [17:09:34.536] [bbotk] Result of batch 3:
INFO  [17:09:34.537] [bbotk]  nrounds        eta max_depth classif.ce warnings errors runtime_learners
INFO  [17:09:34.537] [bbotk]      278 0.08486669         5 0.07393484        0      0            0.556
INFO  [17:09:34.537] [bbotk]                                 uhash
INFO  [17:09:34.537] [bbotk]  1cf71dcc-bb02-482b-94a6-8bc01c62ac05
INFO  [17:09:34.541] [bbotk] Evaluating 1 configuration(s)
INFO  [17:09:34.778] [bbotk] Result of batch 4:
INFO  [17:09:34.779] [bbotk]  nrounds       eta max_depth classif.ce warnings errors runtime_learners
INFO  [17:09:34.779] [bbotk]      123 0.2048414         3  0.0726817        0      0            0.191
INFO  [17:09:34.779] [bbotk]                                 uhash
INFO  [17:09:34.779] [bbotk]  d4cfbf85-f9b5-4523-bfb9-54e78cca0bbc
INFO  [17:09:34.784] [bbotk] Evaluating 1 configuration(s)
INFO  [17:09:35.336] [bbotk] Result of batch 5:
INFO  [17:09:35.337] [bbotk]  nrounds       eta max_depth classif.ce warnings errors runtime_learners
INFO  [17:09:35.337] [bbotk]      299 0.2327456         8  0.0726817        0      0            0.507
INFO  [17:09:35.337] [bbotk]                                 uhash
INFO  [17:09:35.337] [bbotk]  093c6467-e441-4113-a419-57eb3a3a36ec
INFO  [17:09:35.342] [bbotk] Evaluating 1 configuration(s)
INFO  [17:09:35.633] [bbotk] Result of batch 6:
INFO  [17:09:35.634] [bbotk]  nrounds        eta max_depth classif.ce warnings errors runtime_learners
INFO  [17:09:35.634] [bbotk]      114 0.07285584         6  0.0764411        0      0            0.258
INFO  [17:09:35.634] [bbotk]                                 uhash
INFO  [17:09:35.634] [bbotk]  bef0a068-b00f-425b-b3c8-5286a30d0406
INFO  [17:09:35.638] [bbotk] Evaluating 1 configuration(s)
INFO  [17:09:35.947] [bbotk] Result of batch 7:
INFO  [17:09:35.949] [bbotk]  nrounds       eta max_depth classif.ce warnings errors runtime_learners
INFO  [17:09:35.949] [bbotk]      181 0.1845276         3 0.07142857        0      0            0.251
INFO  [17:09:35.949] [bbotk]                                 uhash
INFO  [17:09:35.949] [bbotk]  d78fb94f-8304-4830-8bd8-79a7ad8edf6a
INFO  [17:09:35.957] [bbotk] Evaluating 1 configuration(s)
INFO  [17:09:36.256] [bbotk] Result of batch 8:
INFO  [17:09:36.257] [bbotk]  nrounds       eta max_depth classif.ce warnings errors runtime_learners
INFO  [17:09:36.257] [bbotk]      100 0.1437847         8  0.0726817        0      0            0.244
INFO  [17:09:36.257] [bbotk]                                 uhash
INFO  [17:09:36.257] [bbotk]  9170e319-8c07-46c6-b292-2793fe299dcb
INFO  [17:09:36.263] [bbotk] Evaluating 1 configuration(s)
INFO  [17:09:36.559] [bbotk] Result of batch 9:
INFO  [17:09:36.560] [bbotk]  nrounds       eta max_depth classif.ce warnings errors runtime_learners
INFO  [17:09:36.560] [bbotk]      199 0.1951628         3 0.07393484        0      0            0.254
INFO  [17:09:36.560] [bbotk]                                 uhash
INFO  [17:09:36.560] [bbotk]  2e3f5d5d-62b4-4884-874b-ae6f48a76a20
INFO  [17:09:36.564] [bbotk] Evaluating 1 configuration(s)
INFO  [17:09:36.841] [bbotk] Result of batch 10:
INFO  [17:09:36.843] [bbotk]  nrounds       eta max_depth classif.ce warnings errors runtime_learners
INFO  [17:09:36.843] [bbotk]      117 0.1730253         9 0.07393484        0      0            0.224
INFO  [17:09:36.843] [bbotk]                                 uhash
INFO  [17:09:36.843] [bbotk]  2c5c8a11-ba2a-4add-850d-bbd95ef1698e
INFO  [17:09:36.863] [bbotk] Finished optimizing after 10 evaluation(s)
INFO  [17:09:36.864] [bbotk] Result:
INFO  [17:09:36.864] [bbotk]  nrounds       eta max_depth learner_param_vals  x_domain classif.ce
INFO  [17:09:36.864] [bbotk]    <int>     <num>     <int>             <list>    <list>      <num>
INFO  [17:09:36.864] [bbotk]       50 0.1664601         3          <list[5]> <list[3]> 0.06766917
INFO  [17:09:36.942] [bbotk] Starting to optimize 3 parameter(s) with '<OptimizerBatchRandomSearch>' and '<TerminatorEvals> [n_evals=10, k=0]'
INFO  [17:09:36.955] [bbotk] Evaluating 1 configuration(s)
INFO  [17:09:37.362] [bbotk] Result of batch 1:
INFO  [17:09:37.363] [bbotk]  nrounds       eta max_depth classif.ce warnings errors runtime_learners
INFO  [17:09:37.363] [bbotk]      286 0.1464526         3 0.06009875        0      0            0.375
INFO  [17:09:37.363] [bbotk]                                 uhash
INFO  [17:09:37.363] [bbotk]  d698fd7d-90a1-4220-a7d3-11aa3f162a19
INFO  [17:09:37.371] [bbotk] Evaluating 1 configuration(s)
INFO  [17:09:37.547] [bbotk] Result of batch 2:
INFO  [17:09:37.549] [bbotk]  nrounds       eta max_depth classif.ce warnings errors runtime_learners
INFO  [17:09:37.549] [bbotk]       63 0.2119679         5 0.06009406        0      0            0.126
INFO  [17:09:37.549] [bbotk]                                 uhash
INFO  [17:09:37.549] [bbotk]  d4265053-a032-44c8-a39f-eb20cc49f3f7
INFO  [17:09:37.560] [bbotk] Evaluating 1 configuration(s)
INFO  [17:09:37.977] [bbotk] Result of batch 3:
INFO  [17:09:37.979] [bbotk]  nrounds       eta max_depth classif.ce warnings errors runtime_learners
INFO  [17:09:37.979] [bbotk]      186 0.1076178         6 0.06009875        0      0            0.349
INFO  [17:09:37.979] [bbotk]                                 uhash
INFO  [17:09:37.979] [bbotk]  2aa34a01-f3e1-4618-8f2b-41ed0b495b06
INFO  [17:09:37.983] [bbotk] Evaluating 1 configuration(s)
INFO  [17:09:38.163] [bbotk] Result of batch 4:
INFO  [17:09:38.164] [bbotk]  nrounds       eta max_depth classif.ce warnings errors runtime_learners
INFO  [17:09:38.164] [bbotk]      103 0.1828392         3 0.06009875        0      0            0.136
INFO  [17:09:38.164] [bbotk]                                 uhash
INFO  [17:09:38.164] [bbotk]  8a101bd6-84f2-4148-99e8-4f4f9380c165
INFO  [17:09:38.169] [bbotk] Evaluating 1 configuration(s)
INFO  [17:09:38.586] [bbotk] Result of batch 5:
INFO  [17:09:38.588] [bbotk]  nrounds       eta max_depth classif.ce warnings errors runtime_learners
INFO  [17:09:38.588] [bbotk]      175 0.1226115         8 0.06009406        0      0            0.362
INFO  [17:09:38.588] [bbotk]                                 uhash
INFO  [17:09:38.588] [bbotk]  dea86c09-8214-4e40-a489-72716573569a
INFO  [17:09:38.594] [bbotk] Evaluating 1 configuration(s)
INFO  [17:09:38.799] [bbotk] Result of batch 6:
INFO  [17:09:38.800] [bbotk]  nrounds       eta max_depth classif.ce warnings errors runtime_learners
INFO  [17:09:38.800] [bbotk]      111 0.1074207         3 0.06134719        0      0            0.172
INFO  [17:09:38.800] [bbotk]                                 uhash
INFO  [17:09:38.800] [bbotk]  4936e66f-68a8-4ba1-8199-b105363863c2
INFO  [17:09:38.804] [bbotk] Evaluating 1 configuration(s)
INFO  [17:09:38.998] [bbotk] Result of batch 7:
INFO  [17:09:39.000] [bbotk]  nrounds       eta max_depth classif.ce warnings errors runtime_learners
INFO  [17:09:39.000] [bbotk]       87 0.1797992         5 0.05884562        0      0            0.154
INFO  [17:09:39.000] [bbotk]                                 uhash
INFO  [17:09:39.000] [bbotk]  4c70bf1b-fad0-40cc-8ca9-fd7d94de35db
INFO  [17:09:39.007] [bbotk] Evaluating 1 configuration(s)
INFO  [17:09:39.370] [bbotk] Result of batch 8:
INFO  [17:09:39.374] [bbotk]  nrounds       eta max_depth classif.ce warnings errors runtime_learners
INFO  [17:09:39.374] [bbotk]      154 0.1586205         9 0.05884562        0      0            0.302
INFO  [17:09:39.374] [bbotk]                                 uhash
INFO  [17:09:39.374] [bbotk]  3cbb14db-5c34-4cbc-8301-f669721b4a6f
INFO  [17:09:39.386] [bbotk] Evaluating 1 configuration(s)
INFO  [17:09:39.909] [bbotk] Result of batch 9:
INFO  [17:09:39.911] [bbotk]  nrounds        eta max_depth classif.ce warnings errors runtime_learners
INFO  [17:09:39.911] [bbotk]      187 0.09136013         6 0.06259563        0      0            0.456
INFO  [17:09:39.911] [bbotk]                                 uhash
INFO  [17:09:39.911] [bbotk]  c354fc42-b0a7-40d0-8856-dc2022300f58
INFO  [17:09:39.922] [bbotk] Evaluating 1 configuration(s)
INFO  [17:09:40.365] [bbotk] Result of batch 10:
INFO  [17:09:40.366] [bbotk]  nrounds       eta max_depth classif.ce warnings errors runtime_learners
INFO  [17:09:40.366] [bbotk]      200 0.1384786         6 0.06134719        0      0            0.392
INFO  [17:09:40.366] [bbotk]                                 uhash
INFO  [17:09:40.366] [bbotk]  fd148597-4ddb-4c18-97b6-d46fbf72059d
INFO  [17:09:40.380] [bbotk] Finished optimizing after 10 evaluation(s)
INFO  [17:09:40.381] [bbotk] Result:
INFO  [17:09:40.382] [bbotk]  nrounds       eta max_depth learner_param_vals  x_domain classif.ce
INFO  [17:09:40.382] [bbotk]    <int>     <num>     <int>             <list>    <list>      <num>
INFO  [17:09:40.382] [bbotk]       87 0.1797992         5          <list[5]> <list[3]> 0.05884562
INFO  [17:09:40.515] [bbotk] Starting to optimize 3 parameter(s) with '<OptimizerBatchRandomSearch>' and '<TerminatorEvals> [n_evals=10, k=0]'
INFO  [17:09:40.533] [bbotk] Evaluating 1 configuration(s)
INFO  [17:09:40.931] [bbotk] Result of batch 1:
INFO  [17:09:40.933] [bbotk]  nrounds       eta max_depth classif.ce warnings errors runtime_learners
INFO  [17:09:40.933] [bbotk]      182 0.2394227         8 0.07508472        0      0            0.356
INFO  [17:09:40.933] [bbotk]                                 uhash
INFO  [17:09:40.933] [bbotk]  fa8fb204-cf3e-4521-94b2-622c17279f0d
INFO  [17:09:40.948] [bbotk] Evaluating 1 configuration(s)
INFO  [17:09:41.417] [bbotk] Result of batch 2:
INFO  [17:09:41.418] [bbotk]  nrounds       eta max_depth classif.ce warnings errors runtime_learners
INFO  [17:09:41.418] [bbotk]      184 0.1299541         6 0.07383628        0      0            0.419
INFO  [17:09:41.418] [bbotk]                                 uhash
INFO  [17:09:41.418] [bbotk]  9eb10d58-6c74-4cfb-948c-a3828d435a87
INFO  [17:09:41.422] [bbotk] Evaluating 1 configuration(s)
INFO  [17:09:41.632] [bbotk] Result of batch 3:
INFO  [17:09:41.634] [bbotk]  nrounds       eta max_depth classif.ce warnings errors runtime_learners
INFO  [17:09:41.634] [bbotk]       64 0.1145627         8 0.07258314        0      0            0.153
INFO  [17:09:41.634] [bbotk]                                 uhash
INFO  [17:09:41.634] [bbotk]  d4d4c6ac-41d7-416a-98f4-103f62cbadf1
INFO  [17:09:41.638] [bbotk] Evaluating 1 configuration(s)
INFO  [17:09:41.823] [bbotk] Result of batch 4:
INFO  [17:09:41.825] [bbotk]  nrounds       eta max_depth classif.ce warnings errors runtime_learners
INFO  [17:09:41.825] [bbotk]       66 0.1708681         8    0.06758        0      0             0.15
INFO  [17:09:41.825] [bbotk]                                 uhash
INFO  [17:09:41.825] [bbotk]  16d93cf3-3f6f-4b94-9a01-be5010fce017
INFO  [17:09:41.829] [bbotk] Evaluating 1 configuration(s)
INFO  [17:09:42.204] [bbotk] Result of batch 5:
INFO  [17:09:42.205] [bbotk]  nrounds       eta max_depth classif.ce warnings errors runtime_learners
INFO  [17:09:42.205] [bbotk]      162 0.2318085         9 0.07508472        0      0            0.334
INFO  [17:09:42.205] [bbotk]                                 uhash
INFO  [17:09:42.205] [bbotk]  c2597d58-4e2f-45a9-94bf-9c5d8d2ddaad
INFO  [17:09:42.219] [bbotk] Evaluating 1 configuration(s)
INFO  [17:09:42.779] [bbotk] Result of batch 6:
INFO  [17:09:42.780] [bbotk]  nrounds        eta max_depth classif.ce warnings errors runtime_learners
INFO  [17:09:42.780] [bbotk]      247 0.06786463         6  0.0713347        0      0             0.52
INFO  [17:09:42.780] [bbotk]                                 uhash
INFO  [17:09:42.780] [bbotk]  f4bb5dab-4f34-482d-962b-8a4a374b7944
INFO  [17:09:42.784] [bbotk] Evaluating 1 configuration(s)
INFO  [17:09:43.209] [bbotk] Result of batch 7:
INFO  [17:09:43.210] [bbotk]  nrounds       eta max_depth classif.ce warnings errors runtime_learners
INFO  [17:09:43.210] [bbotk]      190 0.1974042         7 0.07383158        0      0            0.381
INFO  [17:09:43.210] [bbotk]                                 uhash
INFO  [17:09:43.210] [bbotk]  55a61dde-26c7-415c-92cf-2171b282b2a3
INFO  [17:09:43.218] [bbotk] Evaluating 1 configuration(s)
INFO  [17:09:43.927] [bbotk] Result of batch 8:
INFO  [17:09:43.928] [bbotk]  nrounds        eta max_depth classif.ce warnings errors runtime_learners
INFO  [17:09:43.928] [bbotk]      231 0.01999382        10 0.07634254        0      0            0.651
INFO  [17:09:43.928] [bbotk]                                 uhash
INFO  [17:09:43.928] [bbotk]  2ca3f4cb-af02-480b-9509-787242015919
INFO  [17:09:43.941] [bbotk] Evaluating 1 configuration(s)
INFO  [17:09:44.429] [bbotk] Result of batch 9:
INFO  [17:09:44.431] [bbotk]  nrounds        eta max_depth classif.ce warnings errors runtime_learners
INFO  [17:09:44.431] [bbotk]      170 0.08767473         7 0.06882844        0      0            0.437
INFO  [17:09:44.431] [bbotk]                                 uhash
INFO  [17:09:44.431] [bbotk]  a9ae0e96-bccd-4594-b464-175c49b994ab
INFO  [17:09:44.441] [bbotk] Evaluating 1 configuration(s)
INFO  [17:09:44.656] [bbotk] Result of batch 10:
INFO  [17:09:44.657] [bbotk]  nrounds       eta max_depth classif.ce warnings errors runtime_learners
INFO  [17:09:44.657] [bbotk]      102 0.2717482         3 0.07258314        0      0            0.147
INFO  [17:09:44.657] [bbotk]                                 uhash
INFO  [17:09:44.657] [bbotk]  66bc15ad-86bb-4e1e-9f40-cbc62be72fbc
INFO  [17:09:44.667] [bbotk] Finished optimizing after 10 evaluation(s)
INFO  [17:09:44.668] [bbotk] Result:
INFO  [17:09:44.670] [bbotk]  nrounds       eta max_depth learner_param_vals  x_domain classif.ce
INFO  [17:09:44.670] [bbotk]    <int>     <num>     <int>             <list>    <list>      <num>
INFO  [17:09:44.670] [bbotk]       66 0.1708681         8          <list[5]> <list[3]>    0.06758
[1] 0.07396107
[1] 25.88241

### [bt]: Job terminated successfully [batchtools job.id=2234]
### [bt]: Starting job [batchtools job.id=2235]
### [bt]: Generating problem instance for problem 'a63d756aec4c60c1' ...
### [bt]: Applying algorithm 'run_learner' on problem 'a63d756aec4c60c1' for job 2235 (seed = 2236) ...
INFO  [17:09:44.876] [mlr3] Applying learner 'classif.xgboost.tuned_calib.oof_beta' on task 'pc1' (iter 5/10)
INFO  [17:09:44.909] [bbotk] Starting to optimize 3 parameter(s) with '<OptimizerBatchRandomSearch>' and '<TerminatorEvals> [n_evals=10, k=0]'
INFO  [17:09:44.919] [bbotk] Evaluating 1 configuration(s)
INFO  [17:09:45.396] [bbotk] Result of batch 1:
INFO  [17:09:45.398] [bbotk]  nrounds        eta max_depth classif.ce warnings errors runtime_learners
INFO  [17:09:45.398] [bbotk]      206 0.06502875         5 0.06390977        0      0             0.43
INFO  [17:09:45.398] [bbotk]                                 uhash
INFO  [17:09:45.398] [bbotk]  f984d903-3ddf-42ba-93fa-610de0fd0a7d
INFO  [17:09:45.410] [bbotk] Evaluating 1 configuration(s)
INFO  [17:09:45.885] [bbotk] Result of batch 2:
INFO  [17:09:45.886] [bbotk]  nrounds        eta max_depth classif.ce warnings errors runtime_learners
INFO  [17:09:45.886] [bbotk]      224 0.08162282         4 0.07017544        0      0            0.413
INFO  [17:09:45.886] [bbotk]                                 uhash
INFO  [17:09:45.886] [bbotk]  42d4a746-8945-4330-b0ef-802d9669cd22
INFO  [17:09:45.892] [bbotk] Evaluating 1 configuration(s)
INFO  [17:09:46.664] [bbotk] Result of batch 3:
INFO  [17:09:46.668] [bbotk]  nrounds        eta max_depth classif.ce warnings errors runtime_learners
INFO  [17:09:46.668] [bbotk]      282 0.04950741         8 0.07017544        0      0            0.719
INFO  [17:09:46.668] [bbotk]                                 uhash
INFO  [17:09:46.668] [bbotk]  bad61c23-9c58-4a35-8e31-9d9bc92510ba
INFO  [17:09:46.678] [bbotk] Evaluating 1 configuration(s)
INFO  [17:09:47.143] [bbotk] Result of batch 4:
INFO  [17:09:47.145] [bbotk]  nrounds       eta max_depth classif.ce warnings errors runtime_learners
INFO  [17:09:47.145] [bbotk]      280 0.2551078         3  0.0726817        0      0            0.421
INFO  [17:09:47.145] [bbotk]                                 uhash
INFO  [17:09:47.145] [bbotk]  b28da665-1be8-4c47-8ab7-5e2e668be0d9
INFO  [17:09:47.152] [bbotk] Evaluating 1 configuration(s)
INFO  [17:09:47.479] [bbotk] Result of batch 5:
INFO  [17:09:47.480] [bbotk]  nrounds       eta max_depth classif.ce warnings errors runtime_learners
INFO  [17:09:47.480] [bbotk]      137 0.1997406         6 0.07017544        0      0            0.283
INFO  [17:09:47.480] [bbotk]                                 uhash
INFO  [17:09:47.480] [bbotk]  e40d19c6-ede5-44fe-8a9d-588c0ced025e
INFO  [17:09:47.489] [bbotk] Evaluating 1 configuration(s)
INFO  [17:09:47.661] [bbotk] Result of batch 6:
INFO  [17:09:47.662] [bbotk]  nrounds       eta max_depth classif.ce warnings errors runtime_learners
INFO  [17:09:47.662] [bbotk]       71 0.2052515         4 0.07017544        0      0             0.12
INFO  [17:09:47.662] [bbotk]                                 uhash
INFO  [17:09:47.662] [bbotk]  63f420a5-dfc2-4669-b733-283d0cca7375
INFO  [17:09:47.667] [bbotk] Evaluating 1 configuration(s)
INFO  [17:09:47.995] [bbotk] Result of batch 7:
INFO  [17:09:47.998] [bbotk]  nrounds        eta max_depth classif.ce warnings errors runtime_learners
INFO  [17:09:47.998] [bbotk]      265 0.07533794         2 0.06766917        0      0            0.274
INFO  [17:09:47.998] [bbotk]                                 uhash
INFO  [17:09:47.998] [bbotk]  99e3679a-a0b1-420e-a682-cc217e1388ea
INFO  [17:09:48.005] [bbotk] Evaluating 1 configuration(s)
INFO  [17:09:48.252] [bbotk] Result of batch 8:
INFO  [17:09:48.254] [bbotk]  nrounds       eta max_depth classif.ce warnings errors runtime_learners
INFO  [17:09:48.254] [bbotk]      105 0.2660908         6 0.06892231        0      0            0.199
INFO  [17:09:48.254] [bbotk]                                 uhash
INFO  [17:09:48.254] [bbotk]  ff5b5e70-0cfa-46c5-828a-a87fc9ab6e1a
INFO  [17:09:48.264] [bbotk] Evaluating 1 configuration(s)
INFO  [17:09:48.489] [bbotk] Result of batch 9:
INFO  [17:09:48.490] [bbotk]  nrounds       eta max_depth classif.ce warnings errors runtime_learners
INFO  [17:09:48.490] [bbotk]       98 0.1092326         5 0.07017544        0      0            0.186
INFO  [17:09:48.490] [bbotk]                                 uhash
INFO  [17:09:48.490] [bbotk]  5a66626c-b58f-485d-9e6a-0ce10060ce76
INFO  [17:09:48.495] [bbotk] Evaluating 1 configuration(s)
INFO  [17:09:48.602] [bbotk] Result of batch 10:
INFO  [17:09:48.603] [bbotk]  nrounds        eta max_depth classif.ce warnings errors runtime_learners
INFO  [17:09:48.603] [bbotk]       50 0.07577418         2 0.06766917        0      0            0.062
INFO  [17:09:48.603] [bbotk]                                 uhash
INFO  [17:09:48.603] [bbotk]  7ca71749-d80f-40b5-8feb-630af9374822
INFO  [17:09:48.614] [bbotk] Finished optimizing after 10 evaluation(s)
INFO  [17:09:48.614] [bbotk] Result:
INFO  [17:09:48.615] [bbotk]  nrounds        eta max_depth learner_param_vals  x_domain classif.ce
INFO  [17:09:48.615] [bbotk]    <int>      <num>     <int>             <list>    <list>      <num>
INFO  [17:09:48.615] [bbotk]      206 0.06502875         5          <list[5]> <list[3]> 0.06390977
INFO  [17:09:48.883] [bbotk] Starting to optimize 3 parameter(s) with '<OptimizerBatchRandomSearch>' and '<TerminatorEvals> [n_evals=10, k=0]'
INFO  [17:09:48.898] [bbotk] Evaluating 1 configuration(s)
INFO  [17:09:49.343] [bbotk] Result of batch 1:
INFO  [17:09:49.345] [bbotk]  nrounds       eta max_depth classif.ce warnings errors runtime_learners
INFO  [17:09:49.345] [bbotk]      215 0.2751509        10  0.0764411        0      0            0.396
INFO  [17:09:49.345] [bbotk]                                 uhash
INFO  [17:09:49.345] [bbotk]  71bcd32c-700a-4f84-a3db-a81a222f3ca5
INFO  [17:09:49.365] [bbotk] Evaluating 1 configuration(s)
INFO  [17:09:49.998] [bbotk] Result of batch 2:
INFO  [17:09:49.999] [bbotk]  nrounds       eta max_depth classif.ce warnings errors runtime_learners
INFO  [17:09:49.999] [bbotk]      262 0.1138333         7 0.07769424        0      0            0.578
INFO  [17:09:49.999] [bbotk]                                 uhash
INFO  [17:09:49.999] [bbotk]  a9c5882e-d4f1-4f42-b4e1-72eadf090a67
INFO  [17:09:50.003] [bbotk] Evaluating 1 configuration(s)
INFO  [17:09:50.437] [bbotk] Result of batch 3:
INFO  [17:09:50.438] [bbotk]  nrounds       eta max_depth classif.ce warnings errors runtime_learners
INFO  [17:09:50.438] [bbotk]      222 0.1306565         6 0.07769424        0      0            0.402
INFO  [17:09:50.438] [bbotk]                                 uhash
INFO  [17:09:50.438] [bbotk]  8a8d8903-48c6-435c-a764-1e0d5debd2f8
INFO  [17:09:50.442] [bbotk] Evaluating 1 configuration(s)
INFO  [17:09:50.851] [bbotk] Result of batch 4:
INFO  [17:09:50.852] [bbotk]  nrounds       eta max_depth classif.ce warnings errors runtime_learners
INFO  [17:09:50.852] [bbotk]      227 0.2542721         4 0.07769424        0      0             0.36
INFO  [17:09:50.852] [bbotk]                                 uhash
INFO  [17:09:50.852] [bbotk]  972985fc-cd3b-4eea-9402-66520de4ae2f
INFO  [17:09:50.856] [bbotk] Evaluating 1 configuration(s)
INFO  [17:09:51.452] [bbotk] Result of batch 5:
INFO  [17:09:51.454] [bbotk]  nrounds        eta max_depth classif.ce warnings errors runtime_learners
INFO  [17:09:51.454] [bbotk]      208 0.04334136        10 0.07393484        0      0            0.544
INFO  [17:09:51.454] [bbotk]                                 uhash
INFO  [17:09:51.454] [bbotk]  36d940d3-e943-41f8-be0e-07b313de340b
INFO  [17:09:51.462] [bbotk] Evaluating 1 configuration(s)
INFO  [17:09:52.060] [bbotk] Result of batch 6:
INFO  [17:09:52.061] [bbotk]  nrounds        eta max_depth classif.ce warnings errors runtime_learners
INFO  [17:09:52.061] [bbotk]      189 0.04127628         9 0.07393484        0      0            0.546
INFO  [17:09:52.061] [bbotk]                                 uhash
INFO  [17:09:52.061] [bbotk]  182c5692-b9d4-480f-b445-b303a66bd6e8
INFO  [17:09:52.065] [bbotk] Evaluating 1 configuration(s)
INFO  [17:09:52.537] [bbotk] Result of batch 7:
INFO  [17:09:52.538] [bbotk]  nrounds        eta max_depth classif.ce warnings errors runtime_learners
INFO  [17:09:52.538] [bbotk]      219 0.03521898         4 0.07017544        0      0            0.413
INFO  [17:09:52.538] [bbotk]                                 uhash
INFO  [17:09:52.538] [bbotk]  f94b2ad3-ccdb-4fe6-b513-379bd6a4c0ec
INFO  [17:09:52.544] [bbotk] Evaluating 1 configuration(s)
INFO  [17:09:52.897] [bbotk] Result of batch 8:
INFO  [17:09:52.898] [bbotk]  nrounds       eta max_depth classif.ce warnings errors runtime_learners
INFO  [17:09:52.898] [bbotk]      121 0.1941509         8 0.08145363        0      0            0.317
INFO  [17:09:52.898] [bbotk]                                 uhash
INFO  [17:09:52.898] [bbotk]  efb0ad44-15d3-4fb8-beb9-62afa569da5b
INFO  [17:09:52.902] [bbotk] Evaluating 1 configuration(s)
INFO  [17:09:53.285] [bbotk] Result of batch 9:
INFO  [17:09:53.286] [bbotk]  nrounds       eta max_depth classif.ce warnings errors runtime_learners
INFO  [17:09:53.286] [bbotk]      176 0.2083432         6 0.07894737        0      0            0.342
INFO  [17:09:53.286] [bbotk]                                 uhash
INFO  [17:09:53.286] [bbotk]  b845678d-0924-4220-8db6-21254045018d
INFO  [17:09:53.290] [bbotk] Evaluating 1 configuration(s)
INFO  [17:09:53.639] [bbotk] Result of batch 10:
INFO  [17:09:53.640] [bbotk]  nrounds        eta max_depth classif.ce warnings errors runtime_learners
INFO  [17:09:53.640] [bbotk]      109 0.07389445         7 0.07518797        0      0            0.301
INFO  [17:09:53.640] [bbotk]                                 uhash
INFO  [17:09:53.640] [bbotk]  24beff77-a15d-462f-a1a4-d8d5232f7d57
INFO  [17:09:53.661] [bbotk] Finished optimizing after 10 evaluation(s)
INFO  [17:09:53.662] [bbotk] Result:
INFO  [17:09:53.662] [bbotk]  nrounds        eta max_depth learner_param_vals  x_domain classif.ce
INFO  [17:09:53.662] [bbotk]    <int>      <num>     <int>             <list>    <list>      <num>
INFO  [17:09:53.662] [bbotk]      219 0.03521898         4          <list[5]> <list[3]> 0.07017544
INFO  [17:09:53.932] [bbotk] Starting to optimize 3 parameter(s) with '<OptimizerBatchRandomSearch>' and '<TerminatorEvals> [n_evals=10, k=0]'
INFO  [17:09:53.951] [bbotk] Evaluating 1 configuration(s)
INFO  [17:09:54.263] [bbotk] Result of batch 1:
INFO  [17:09:54.265] [bbotk]  nrounds       eta max_depth classif.ce warnings errors runtime_learners
INFO  [17:09:54.265] [bbotk]      100 0.1017336        10 0.06641604        0      0            0.267
INFO  [17:09:54.265] [bbotk]                                 uhash
INFO  [17:09:54.265] [bbotk]  f729dc98-743a-40c6-839e-fa0fa5b59300
INFO  [17:09:54.272] [bbotk] Evaluating 1 configuration(s)
INFO  [17:09:54.652] [bbotk] Result of batch 2:
INFO  [17:09:54.654] [bbotk]  nrounds       eta max_depth classif.ce warnings errors runtime_learners
INFO  [17:09:54.654] [bbotk]      251 0.2256814         3 0.06641604        0      0            0.334
INFO  [17:09:54.654] [bbotk]                                 uhash
INFO  [17:09:54.654] [bbotk]  4badc34c-cb44-42e9-9833-4b02ffb30040
INFO  [17:09:54.657] [bbotk] Evaluating 1 configuration(s)
INFO  [17:09:54.939] [bbotk] Result of batch 3:
INFO  [17:09:54.940] [bbotk]  nrounds       eta max_depth classif.ce warnings errors runtime_learners
INFO  [17:09:54.940] [bbotk]      115 0.1129913         9 0.06390977        0      0            0.242
INFO  [17:09:54.940] [bbotk]                                 uhash
INFO  [17:09:54.940] [bbotk]  b10dfeab-863b-4089-acfa-b9f45d90649d
INFO  [17:09:54.944] [bbotk] Evaluating 1 configuration(s)
INFO  [17:09:55.280] [bbotk] Result of batch 4:
INFO  [17:09:55.281] [bbotk]  nrounds       eta max_depth classif.ce warnings errors runtime_learners
INFO  [17:09:55.281] [bbotk]      144 0.2282232         5 0.06265664        0      0            0.287
INFO  [17:09:55.281] [bbotk]                                 uhash
INFO  [17:09:55.281] [bbotk]  c22bfe0c-d384-42c8-8e4d-e778841535f3
INFO  [17:09:55.288] [bbotk] Evaluating 1 configuration(s)
INFO  [17:09:55.715] [bbotk] Result of batch 5:
INFO  [17:09:55.717] [bbotk]  nrounds       eta max_depth classif.ce warnings errors runtime_learners
INFO  [17:09:55.717] [bbotk]      228 0.2338618         6 0.06641604        0      0            0.393
INFO  [17:09:55.717] [bbotk]                                 uhash
INFO  [17:09:55.717] [bbotk]  384f7ae9-46bf-4326-a52f-f02e0958682d
INFO  [17:09:55.723] [bbotk] Evaluating 1 configuration(s)
INFO  [17:09:56.152] [bbotk] Result of batch 6:
INFO  [17:09:56.154] [bbotk]  nrounds        eta max_depth classif.ce warnings errors runtime_learners
INFO  [17:09:56.154] [bbotk]      170 0.08761017         8 0.06766917        0      0            0.379
INFO  [17:09:56.154] [bbotk]                                 uhash
INFO  [17:09:56.154] [bbotk]  7c202ddc-4f1b-42b8-b1be-638cbf8360d3
INFO  [17:09:56.165] [bbotk] Evaluating 1 configuration(s)
INFO  [17:09:56.659] [bbotk] Result of batch 7:
INFO  [17:09:56.660] [bbotk]  nrounds       eta max_depth classif.ce warnings errors runtime_learners
INFO  [17:09:56.660] [bbotk]      210 0.1641336         9 0.06641604        0      0            0.442
INFO  [17:09:56.660] [bbotk]                                 uhash
INFO  [17:09:56.660] [bbotk]  f129d8de-bdef-4e36-ab4f-02af7a938e4f
INFO  [17:09:56.664] [bbotk] Evaluating 1 configuration(s)
INFO  [17:09:57.091] [bbotk] Result of batch 8:
INFO  [17:09:57.092] [bbotk]  nrounds       eta max_depth classif.ce warnings errors runtime_learners
INFO  [17:09:57.092] [bbotk]      214 0.2987444         8 0.06390977        0      0            0.385
INFO  [17:09:57.092] [bbotk]                                 uhash
INFO  [17:09:57.092] [bbotk]  79c03f63-a305-4e2b-8966-6ce4b440ce6c
INFO  [17:09:57.104] [bbotk] Evaluating 1 configuration(s)
INFO  [17:09:57.265] [bbotk] Result of batch 9:
INFO  [17:09:57.266] [bbotk]  nrounds        eta max_depth classif.ce warnings errors runtime_learners
INFO  [17:09:57.266] [bbotk]      111 0.04009037         2 0.06015038        0      0             0.12
INFO  [17:09:57.266] [bbotk]                                 uhash
INFO  [17:09:57.266] [bbotk]  443ddacb-aea7-4592-88b5-8c943c02e86c
INFO  [17:09:57.273] [bbotk] Evaluating 1 configuration(s)
INFO  [17:09:57.644] [bbotk] Result of batch 10:
INFO  [17:09:57.646] [bbotk]  nrounds       eta max_depth classif.ce warnings errors runtime_learners
INFO  [17:09:57.646] [bbotk]      224 0.2816126         9 0.06641604        0      0            0.328
INFO  [17:09:57.646] [bbotk]                                 uhash
INFO  [17:09:57.646] [bbotk]  93420ee8-7214-4ffe-89c2-7d2345ce1646
INFO  [17:09:57.662] [bbotk] Finished optimizing after 10 evaluation(s)
INFO  [17:09:57.662] [bbotk] Result:
INFO  [17:09:57.663] [bbotk]  nrounds        eta max_depth learner_param_vals  x_domain classif.ce
INFO  [17:09:57.663] [bbotk]    <int>      <num>     <int>             <list>    <list>      <num>
INFO  [17:09:57.663] [bbotk]      111 0.04009037         2          <list[5]> <list[3]> 0.06015038
INFO  [17:09:57.763] [bbotk] Starting to optimize 3 parameter(s) with '<OptimizerBatchRandomSearch>' and '<TerminatorEvals> [n_evals=10, k=0]'
INFO  [17:09:57.791] [bbotk] Evaluating 1 configuration(s)
INFO  [17:09:58.220] [bbotk] Result of batch 1:
INFO  [17:09:58.221] [bbotk]  nrounds       eta max_depth classif.ce warnings errors runtime_learners
INFO  [17:09:58.221] [bbotk]      147 0.2243764        10 0.07886289        0      0            0.373
INFO  [17:09:58.221] [bbotk]                                 uhash
INFO  [17:09:58.221] [bbotk]  62e6c8d2-cc79-44e2-be0e-226da73e2308
INFO  [17:09:58.225] [bbotk] Evaluating 1 configuration(s)
INFO  [17:09:58.473] [bbotk] Result of batch 2:
INFO  [17:09:58.475] [bbotk]  nrounds       eta max_depth classif.ce warnings errors runtime_learners
INFO  [17:09:58.475] [bbotk]      114 0.1029052         4 0.07135817        0      0            0.207
INFO  [17:09:58.475] [bbotk]                                 uhash
INFO  [17:09:58.475] [bbotk]  55538abd-ea02-4235-bfc4-b5b7f4691106
INFO  [17:09:58.492] [bbotk] Evaluating 1 configuration(s)
INFO  [17:09:58.697] [bbotk] Result of batch 3:
INFO  [17:09:58.698] [bbotk]  nrounds        eta max_depth classif.ce warnings errors runtime_learners
INFO  [17:09:58.698] [bbotk]       79 0.05471461         5 0.07009565        0      0            0.169
INFO  [17:09:58.698] [bbotk]                                 uhash
INFO  [17:09:58.698] [bbotk]  3d2602d2-feb2-4adb-b371-565a7f5847db
INFO  [17:09:58.705] [bbotk] Evaluating 1 configuration(s)
INFO  [17:09:59.129] [bbotk] Result of batch 4:
INFO  [17:09:59.131] [bbotk]  nrounds       eta max_depth classif.ce warnings errors runtime_learners
INFO  [17:09:59.131] [bbotk]      165 0.1220271         7 0.07510349        0      0            0.365
INFO  [17:09:59.131] [bbotk]                                 uhash
INFO  [17:09:59.131] [bbotk]  eadc5a86-27c4-4399-b3e8-eb221a01a877
INFO  [17:09:59.140] [bbotk] Evaluating 1 configuration(s)
INFO  [17:09:59.490] [bbotk] Result of batch 5:
INFO  [17:09:59.493] [bbotk]  nrounds        eta max_depth classif.ce warnings errors runtime_learners
INFO  [17:09:59.493] [bbotk]      118 0.06669508         8 0.07260192        0      0            0.316
INFO  [17:09:59.493] [bbotk]                                 uhash
INFO  [17:09:59.493] [bbotk]  4c0d061a-9594-4167-ab88-11b142347768
INFO  [17:09:59.505] [bbotk] Evaluating 1 configuration(s)
INFO  [17:10:00.112] [bbotk] Result of batch 6:
INFO  [17:10:00.114] [bbotk]  nrounds        eta max_depth classif.ce warnings errors runtime_learners
INFO  [17:10:00.114] [bbotk]      232 0.07943181         7 0.07761445        0      0             0.55
INFO  [17:10:00.114] [bbotk]                                 uhash
INFO  [17:10:00.114] [bbotk]  b767cca6-d5d9-43f3-8d16-3b9f8ae055fd
INFO  [17:10:00.129] [bbotk] Evaluating 1 configuration(s)
INFO  [17:10:00.354] [bbotk] Result of batch 7:
INFO  [17:10:00.355] [bbotk]  nrounds       eta max_depth classif.ce warnings errors runtime_learners
INFO  [17:10:00.355] [bbotk]      118 0.1281472         3 0.07260661        0      0            0.177
INFO  [17:10:00.355] [bbotk]                                 uhash
INFO  [17:10:00.355] [bbotk]  54b187c0-7332-44ab-974a-ba5e9bdb1a11
INFO  [17:10:00.362] [bbotk] Evaluating 1 configuration(s)
INFO  [17:10:00.917] [bbotk] Result of batch 8:
INFO  [17:10:00.918] [bbotk]  nrounds       eta max_depth classif.ce warnings errors runtime_learners
INFO  [17:10:00.918] [bbotk]      296 0.2487677         4 0.08011602        0      0            0.507
INFO  [17:10:00.918] [bbotk]                                 uhash
INFO  [17:10:00.918] [bbotk]  ac34eccb-c91a-48e1-a8db-55b815768e01
INFO  [17:10:00.922] [bbotk] Evaluating 1 configuration(s)
INFO  [17:10:01.063] [bbotk] Result of batch 9:
INFO  [17:10:01.065] [bbotk]  nrounds        eta max_depth classif.ce warnings errors runtime_learners
INFO  [17:10:01.065] [bbotk]       71 0.02733759         2  0.0750941        0      0            0.097
INFO  [17:10:01.065] [bbotk]                                 uhash
INFO  [17:10:01.065] [bbotk]  161d82a3-0796-45b9-91d5-495610803f53
INFO  [17:10:01.070] [bbotk] Evaluating 1 configuration(s)
INFO  [17:10:01.610] [bbotk] Result of batch 10:
INFO  [17:10:01.611] [bbotk]  nrounds        eta max_depth classif.ce warnings errors runtime_learners
INFO  [17:10:01.611] [bbotk]      230 0.01900179         5 0.07134878        0      0            0.498
INFO  [17:10:01.611] [bbotk]                                 uhash
INFO  [17:10:01.611] [bbotk]  a88f9404-4d08-4aa7-a4c8-ce90172632e8
INFO  [17:10:01.619] [bbotk] Finished optimizing after 10 evaluation(s)
INFO  [17:10:01.619] [bbotk] Result:
INFO  [17:10:01.620] [bbotk]  nrounds        eta max_depth learner_param_vals  x_domain classif.ce
INFO  [17:10:01.620] [bbotk]    <int>      <num>     <int>             <list>    <list>      <num>
INFO  [17:10:01.620] [bbotk]       79 0.05471461         5          <list[5]> <list[3]> 0.07009565
INFO  [17:10:01.792] [bbotk] Starting to optimize 3 parameter(s) with '<OptimizerBatchRandomSearch>' and '<TerminatorEvals> [n_evals=10, k=0]'
INFO  [17:10:01.820] [bbotk] Evaluating 1 configuration(s)
INFO  [17:10:02.240] [bbotk] Result of batch 1:
INFO  [17:10:02.241] [bbotk]  nrounds       eta max_depth classif.ce warnings errors runtime_learners
INFO  [17:10:02.241] [bbotk]      192 0.2053549         4 0.06008467        0      0             0.38
INFO  [17:10:02.241] [bbotk]                                 uhash
INFO  [17:10:02.241] [bbotk]  9407f3c4-ad32-47e3-82ba-226b295b685a
INFO  [17:10:02.253] [bbotk] Evaluating 1 configuration(s)
INFO  [17:10:02.404] [bbotk] Result of batch 2:
INFO  [17:10:02.405] [bbotk]  nrounds       eta max_depth classif.ce warnings errors runtime_learners
INFO  [17:10:02.405] [bbotk]       85 0.0167052         2 0.06260032        0      0            0.105
INFO  [17:10:02.405] [bbotk]                                 uhash
INFO  [17:10:02.405] [bbotk]  63e53221-963e-4eb9-ba4d-c1d3e2b91b1c
INFO  [17:10:02.410] [bbotk] Evaluating 1 configuration(s)
INFO  [17:10:02.799] [bbotk] Result of batch 3:
INFO  [17:10:02.800] [bbotk]  nrounds        eta max_depth classif.ce warnings errors runtime_learners
INFO  [17:10:02.800] [bbotk]      136 0.05925891         6 0.05633466        0      0            0.335
INFO  [17:10:02.800] [bbotk]                                 uhash
INFO  [17:10:02.800] [bbotk]  7c48584c-6dcb-4063-94db-c7410a4ec712
INFO  [17:10:02.804] [bbotk] Evaluating 1 configuration(s)
INFO  [17:10:03.006] [bbotk] Result of batch 4:
INFO  [17:10:03.008] [bbotk]  nrounds       eta max_depth classif.ce warnings errors runtime_learners
INFO  [17:10:03.008] [bbotk]       63 0.1642283         7 0.05633466        0      0            0.154
INFO  [17:10:03.008] [bbotk]                                 uhash
INFO  [17:10:03.008] [bbotk]  1eaa0433-8c06-4ab3-9086-a8c0d5623650
INFO  [17:10:03.014] [bbotk] Evaluating 1 configuration(s)
INFO  [17:10:03.501] [bbotk] Result of batch 5:
INFO  [17:10:03.502] [bbotk]  nrounds        eta max_depth classif.ce warnings errors runtime_learners
INFO  [17:10:03.502] [bbotk]      120 0.04390591         2 0.06134719        0      0            0.443
INFO  [17:10:03.502] [bbotk]                                 uhash
INFO  [17:10:03.502] [bbotk]  8c3a08f6-7d48-4a00-a6cd-621b21381a3e
INFO  [17:10:03.506] [bbotk] Evaluating 1 configuration(s)
INFO  [17:10:03.636] [bbotk] Result of batch 6:
INFO  [17:10:03.637] [bbotk]  nrounds        eta max_depth classif.ce warnings errors runtime_learners
INFO  [17:10:03.637] [bbotk]      103 0.04599232         2 0.06134719        0      0            0.084
INFO  [17:10:03.637] [bbotk]                                 uhash
INFO  [17:10:03.637] [bbotk]  fca6379c-499b-48f2-93c2-b4f729cd64fd
INFO  [17:10:03.641] [bbotk] Evaluating 1 configuration(s)
INFO  [17:10:03.918] [bbotk] Result of batch 7:
INFO  [17:10:03.920] [bbotk]  nrounds      eta max_depth classif.ce warnings errors runtime_learners
INFO  [17:10:03.920] [bbotk]      120 0.274195         9 0.05883154        0      0             0.23
INFO  [17:10:03.920] [bbotk]                                 uhash
INFO  [17:10:03.920] [bbotk]  16ece7db-103b-4ed8-a18a-ca8ce113fcd8
INFO  [17:10:03.929] [bbotk] Evaluating 1 configuration(s)
INFO  [17:10:04.156] [bbotk] Result of batch 8:
INFO  [17:10:04.157] [bbotk]  nrounds       eta max_depth classif.ce warnings errors runtime_learners
INFO  [17:10:04.157] [bbotk]       65 0.2132489         8 0.05633935        0      0            0.182
INFO  [17:10:04.157] [bbotk]                                 uhash
INFO  [17:10:04.157] [bbotk]  fe137ebc-feb6-4da5-821f-88ba75921d7d
INFO  [17:10:04.160] [bbotk] Evaluating 1 configuration(s)
INFO  [17:10:04.321] [bbotk] Result of batch 9:
INFO  [17:10:04.323] [bbotk]  nrounds        eta max_depth classif.ce warnings errors runtime_learners
INFO  [17:10:04.323] [bbotk]       53 0.02478626        10 0.06635503        0      0            0.125
INFO  [17:10:04.323] [bbotk]                                 uhash
INFO  [17:10:04.323] [bbotk]  6052e20b-3bac-457d-a936-36cb546f0ff2
INFO  [17:10:04.332] [bbotk] Evaluating 1 configuration(s)
INFO  [17:10:04.653] [bbotk] Result of batch 10:
INFO  [17:10:04.654] [bbotk]  nrounds       eta max_depth classif.ce warnings errors runtime_learners
INFO  [17:10:04.654] [bbotk]      118 0.1597964         7 0.05509091        0      0            0.279
INFO  [17:10:04.654] [bbotk]                                 uhash
INFO  [17:10:04.654] [bbotk]  6759112f-000c-4632-b74b-99c929ed5b9e
INFO  [17:10:04.662] [bbotk] Finished optimizing after 10 evaluation(s)
INFO  [17:10:04.662] [bbotk] Result:
INFO  [17:10:04.663] [bbotk]  nrounds       eta max_depth learner_param_vals  x_domain classif.ce
INFO  [17:10:04.663] [bbotk]    <int>     <num>     <int>             <list>    <list>      <num>
INFO  [17:10:04.663] [bbotk]      118 0.1597964         7          <list[5]> <list[3]> 0.05509091
[1] -15.73882
[1] 24.4142

### [bt]: Job terminated successfully [batchtools job.id=2235]
### [bt]: Calculation finished!
