### [bt]: This is batchtools v0.9.17
### [bt]: Starting calculation of 5 jobs
### [bt]: Setting working directory to '/Users/User/Documents/Studium/Semester8/Hiwi/mlr3calibration/vignettes'
### [bt]: Memory measurement disabled
### [bt]: Starting job [batchtools job.id=1056]
### [bt]: Generating problem instance for problem '698720b8ce42ae0c' ...
### [bt]: Applying algorithm 'run_learner' on problem '698720b8ce42ae0c' for job 1056 (seed = 1057) ...
INFO  [16:44:13.576] [mlr3] Applying learner 'classif.xgboost.tuned_calib.oof_platt' on task 'pc4' (iter 6/10)
INFO  [16:44:13.653] [bbotk] Starting to optimize 3 parameter(s) with '<OptimizerBatchRandomSearch>' and '<TerminatorEvals> [n_evals=10, k=0]'
INFO  [16:44:13.666] [bbotk] Evaluating 1 configuration(s)
INFO  [16:44:14.273] [bbotk] Result of batch 1:
INFO  [16:44:14.275] [bbotk]  nrounds       eta max_depth classif.ce warnings errors runtime_learners
INFO  [16:44:14.275] [bbotk]      103 0.2179192         7 0.09151317        0      0            0.534
INFO  [16:44:14.275] [bbotk]                                 uhash
INFO  [16:44:14.275] [bbotk]  60dcdb12-725d-41b2-b975-3f93e2813338
INFO  [16:44:14.284] [bbotk] Evaluating 1 configuration(s)
INFO  [16:44:15.027] [bbotk] Result of batch 2:
INFO  [16:44:15.029] [bbotk]  nrounds       eta max_depth classif.ce warnings errors runtime_learners
INFO  [16:44:15.029] [bbotk]      122 0.1800335         9 0.09534452        0      0            0.669
INFO  [16:44:15.029] [bbotk]                                 uhash
INFO  [16:44:15.029] [bbotk]  2f769ce3-6975-4d74-8860-d625a6b5a80c
INFO  [16:44:15.032] [bbotk] Evaluating 1 configuration(s)
INFO  [16:44:15.432] [bbotk] Result of batch 3:
INFO  [16:44:15.434] [bbotk]  nrounds       eta max_depth classif.ce warnings errors runtime_learners
INFO  [16:44:15.434] [bbotk]       83 0.2331481         5  0.0934343        0      0            0.354
INFO  [16:44:15.434] [bbotk]                                 uhash
INFO  [16:44:15.434] [bbotk]  1493aa83-dfb4-45df-9c3e-20f55e357da8
INFO  [16:44:15.441] [bbotk] Evaluating 1 configuration(s)
INFO  [16:44:16.229] [bbotk] Result of batch 4:
INFO  [16:44:16.235] [bbotk]  nrounds       eta max_depth classif.ce warnings errors runtime_learners
INFO  [16:44:16.235] [bbotk]      180 0.1804914         4 0.09342612        0      0            0.751
INFO  [16:44:16.235] [bbotk]                                 uhash
INFO  [16:44:16.235] [bbotk]  2980b3ee-a437-4503-b6ae-234322ae9146
INFO  [16:44:16.244] [bbotk] Evaluating 1 configuration(s)
INFO  [16:44:17.144] [bbotk] Result of batch 5:
INFO  [16:44:17.146] [bbotk]  nrounds       eta max_depth classif.ce warnings errors runtime_learners
INFO  [16:44:17.146] [bbotk]      175 0.1269022         8 0.09152135        0      0            0.866
INFO  [16:44:17.146] [bbotk]                                 uhash
INFO  [16:44:17.146] [bbotk]  a01e1e71-62e0-4da2-a275-878e9f709159
INFO  [16:44:17.150] [bbotk] Evaluating 1 configuration(s)
INFO  [16:44:17.706] [bbotk] Result of batch 6:
INFO  [16:44:17.712] [bbotk]  nrounds       eta max_depth classif.ce warnings errors runtime_learners
INFO  [16:44:17.712] [bbotk]      216 0.2808662         4  0.0886533        0      0            0.526
INFO  [16:44:17.712] [bbotk]                                 uhash
INFO  [16:44:17.712] [bbotk]  be45b66d-0166-4fbb-a6be-80fe88defdf5
INFO  [16:44:17.717] [bbotk] Evaluating 1 configuration(s)
INFO  [16:44:18.055] [bbotk] Result of batch 7:
INFO  [16:44:18.057] [bbotk]  nrounds        eta max_depth classif.ce warnings errors runtime_learners
INFO  [16:44:18.057] [bbotk]       87 0.03860487         5  0.0905717        0      0            0.302
INFO  [16:44:18.057] [bbotk]                                 uhash
INFO  [16:44:18.057] [bbotk]  e3d45459-da1b-458e-baf6-ecef3c1ef25e
INFO  [16:44:18.063] [bbotk] Evaluating 1 configuration(s)
INFO  [16:44:18.626] [bbotk] Result of batch 8:
INFO  [16:44:18.628] [bbotk]  nrounds        eta max_depth classif.ce warnings errors runtime_learners
INFO  [16:44:18.628] [bbotk]       80 0.09686795        10 0.09248465        0      0            0.503
INFO  [16:44:18.628] [bbotk]                                 uhash
INFO  [16:44:18.628] [bbotk]  72e9524d-ff03-40d3-b898-2e4a2b230f5d
INFO  [16:44:18.635] [bbotk] Evaluating 1 configuration(s)
INFO  [16:44:19.337] [bbotk] Result of batch 9:
INFO  [16:44:19.338] [bbotk]  nrounds       eta max_depth classif.ce warnings errors runtime_learners
INFO  [16:44:19.338] [bbotk]      127 0.1112517         8 0.09438941        0      0             0.65
INFO  [16:44:19.338] [bbotk]                                 uhash
INFO  [16:44:19.338] [bbotk]  1d834839-f2b2-4afc-b9ce-177a9995203f
INFO  [16:44:19.342] [bbotk] Evaluating 1 configuration(s)
INFO  [16:44:20.118] [bbotk] Result of batch 10:
INFO  [16:44:20.119] [bbotk]  nrounds     eta max_depth classif.ce warnings errors runtime_learners
INFO  [16:44:20.119] [bbotk]      207 0.24159         5 0.09342066        0      0            0.728
INFO  [16:44:20.119] [bbotk]                                 uhash
INFO  [16:44:20.119] [bbotk]  0da5c8c0-7843-4f40-b67e-3773017586b5
INFO  [16:44:20.133] [bbotk] Finished optimizing after 10 evaluation(s)
INFO  [16:44:20.134] [bbotk] Result:
INFO  [16:44:20.135] [bbotk]  nrounds       eta max_depth learner_param_vals  x_domain classif.ce
INFO  [16:44:20.135] [bbotk]    <int>     <num>     <int>             <list>    <list>      <num>
INFO  [16:44:20.135] [bbotk]      216 0.2808662         4          <list[5]> <list[3]>  0.0886533
INFO  [16:44:20.515] [bbotk] Starting to optimize 3 parameter(s) with '<OptimizerBatchRandomSearch>' and '<TerminatorEvals> [n_evals=10, k=0]'
INFO  [16:44:20.541] [bbotk] Evaluating 1 configuration(s)
INFO  [16:44:21.097] [bbotk] Result of batch 1:
INFO  [16:44:21.098] [bbotk]  nrounds        eta max_depth classif.ce warnings errors runtime_learners
INFO  [16:44:21.098] [bbotk]       98 0.03841554         9 0.08673489        0      0            0.527
INFO  [16:44:21.098] [bbotk]                                 uhash
INFO  [16:44:21.098] [bbotk]  7f9151e0-f6d5-4d7d-bc7a-a17680b8aac9
INFO  [16:44:21.101] [bbotk] Evaluating 1 configuration(s)
INFO  [16:44:21.502] [bbotk] Result of batch 2:
INFO  [16:44:21.510] [bbotk]  nrounds       eta max_depth classif.ce warnings errors runtime_learners
INFO  [16:44:21.510] [bbotk]       80 0.2852055         6 0.08960295        0      0            0.364
INFO  [16:44:21.510] [bbotk]                                 uhash
INFO  [16:44:21.510] [bbotk]  e54ab0c8-6685-4efc-b84a-a0db4ec92626
INFO  [16:44:21.514] [bbotk] Evaluating 1 configuration(s)
INFO  [16:44:22.429] [bbotk] Result of batch 3:
INFO  [16:44:22.430] [bbotk]  nrounds       eta max_depth classif.ce warnings errors runtime_learners
INFO  [16:44:22.430] [bbotk]      216 0.1710963         9 0.08769273        0      0            0.864
INFO  [16:44:22.430] [bbotk]                                 uhash
INFO  [16:44:22.430] [bbotk]  65f5b4e2-072b-4d0e-8367-f02b19123b0f
INFO  [16:44:22.434] [bbotk] Evaluating 1 configuration(s)
INFO  [16:44:23.482] [bbotk] Result of batch 4:
INFO  [16:44:23.484] [bbotk]  nrounds       eta max_depth classif.ce warnings errors runtime_learners
INFO  [16:44:23.484] [bbotk]      276 0.1748146        10 0.09436758        0      0            1.004
INFO  [16:44:23.484] [bbotk]                                 uhash
INFO  [16:44:23.484] [bbotk]  2bf7016a-cc4d-407a-8524-d8a69442e59c
INFO  [16:44:23.493] [bbotk] Evaluating 1 configuration(s)
INFO  [16:44:24.336] [bbotk] Result of batch 5:
INFO  [16:44:24.337] [bbotk]  nrounds       eta max_depth classif.ce warnings errors runtime_learners
INFO  [16:44:24.337] [bbotk]      215 0.2364206         7 0.09246555        0      0             0.79
INFO  [16:44:24.337] [bbotk]                                 uhash
INFO  [16:44:24.337] [bbotk]  6fdc0017-799e-45f8-a92f-24d2a7df8d35
INFO  [16:44:24.343] [bbotk] Evaluating 1 configuration(s)
INFO  [16:44:24.799] [bbotk] Result of batch 6:
INFO  [16:44:24.800] [bbotk]  nrounds        eta max_depth classif.ce warnings errors runtime_learners
INFO  [16:44:24.800] [bbotk]       82 0.07598552         6  0.0924519        0      0            0.396
INFO  [16:44:24.800] [bbotk]                                 uhash
INFO  [16:44:24.800] [bbotk]  18708fa9-5d9e-49d8-9017-49e20eed857e
INFO  [16:44:24.807] [bbotk] Evaluating 1 configuration(s)
INFO  [16:44:25.354] [bbotk] Result of batch 7:
INFO  [16:44:25.355] [bbotk]  nrounds       eta max_depth classif.ce warnings errors runtime_learners
INFO  [16:44:25.355] [bbotk]      141 0.2778715         6 0.09246555        0      0            0.501
INFO  [16:44:25.355] [bbotk]                                 uhash
INFO  [16:44:25.355] [bbotk]  387b0bff-5245-4337-a88d-e49bc0a8a914
INFO  [16:44:25.358] [bbotk] Evaluating 1 configuration(s)
INFO  [16:44:25.566] [bbotk] Result of batch 8:
INFO  [16:44:25.567] [bbotk]  nrounds       eta max_depth classif.ce warnings errors runtime_learners
INFO  [16:44:25.567] [bbotk]       84 0.2587491         2 0.09817983        0      0             0.17
INFO  [16:44:25.567] [bbotk]                                 uhash
INFO  [16:44:25.567] [bbotk]  038af331-74d4-47e1-b730-84bafb766643
INFO  [16:44:25.572] [bbotk] Evaluating 1 configuration(s)
INFO  [16:44:25.836] [bbotk] Result of batch 9:
INFO  [16:44:25.838] [bbotk]  nrounds        eta max_depth classif.ce warnings errors runtime_learners
INFO  [16:44:25.838] [bbotk]       65 0.04485787         4 0.08863419        0      0            0.213
INFO  [16:44:25.838] [bbotk]                                 uhash
INFO  [16:44:25.838] [bbotk]  cfcdd32c-6a2e-4d3d-982e-c59fc49a90cb
INFO  [16:44:25.844] [bbotk] Evaluating 1 configuration(s)
INFO  [16:44:26.444] [bbotk] Result of batch 10:
INFO  [16:44:26.445] [bbotk]  nrounds       eta max_depth classif.ce warnings errors runtime_learners
INFO  [16:44:26.445] [bbotk]      185 0.1448969         3 0.09818256        0      0            0.546
INFO  [16:44:26.445] [bbotk]                                 uhash
INFO  [16:44:26.445] [bbotk]  83440e20-5156-41fc-ba3d-19e6572408b3
INFO  [16:44:26.460] [bbotk] Finished optimizing after 10 evaluation(s)
INFO  [16:44:26.460] [bbotk] Result:
INFO  [16:44:26.461] [bbotk]  nrounds        eta max_depth learner_param_vals  x_domain classif.ce
INFO  [16:44:26.461] [bbotk]    <int>      <num>     <int>             <list>    <list>      <num>
INFO  [16:44:26.461] [bbotk]       98 0.03841554         9          <list[5]> <list[3]> 0.08673489
INFO  [16:44:26.807] [bbotk] Starting to optimize 3 parameter(s) with '<OptimizerBatchRandomSearch>' and '<TerminatorEvals> [n_evals=10, k=0]'
INFO  [16:44:26.827] [bbotk] Evaluating 1 configuration(s)
INFO  [16:44:27.605] [bbotk] Result of batch 1:
INFO  [16:44:27.606] [bbotk]  nrounds      eta max_depth classif.ce warnings errors runtime_learners
INFO  [16:44:27.606] [bbotk]      217 0.201978         8  0.1028571        0      0            0.742
INFO  [16:44:27.606] [bbotk]                                 uhash
INFO  [16:44:27.606] [bbotk]  c15b9a78-f4e1-4528-866d-35a0f31c720e
INFO  [16:44:27.612] [bbotk] Evaluating 1 configuration(s)
INFO  [16:44:27.910] [bbotk] Result of batch 2:
INFO  [16:44:27.911] [bbotk]  nrounds       eta max_depth classif.ce warnings errors runtime_learners
INFO  [16:44:27.911] [bbotk]       63 0.1780305         4  0.1057143        0      0            0.256
INFO  [16:44:27.911] [bbotk]                                 uhash
INFO  [16:44:27.911] [bbotk]  99dad543-2071-4f1f-af20-80a962411a86
INFO  [16:44:27.915] [bbotk] Evaluating 1 configuration(s)
INFO  [16:44:28.632] [bbotk] Result of batch 3:
INFO  [16:44:28.633] [bbotk]  nrounds       eta max_depth classif.ce warnings errors runtime_learners
INFO  [16:44:28.633] [bbotk]      205 0.1856188        10  0.1095238        0      0            0.673
INFO  [16:44:28.633] [bbotk]                                 uhash
INFO  [16:44:28.633] [bbotk]  5d930c8b-35aa-4ff1-b099-a43a7416bb02
INFO  [16:44:28.636] [bbotk] Evaluating 1 configuration(s)
INFO  [16:44:29.198] [bbotk] Result of batch 4:
INFO  [16:44:29.200] [bbotk]  nrounds      eta max_depth classif.ce warnings errors runtime_learners
INFO  [16:44:29.200] [bbotk]      140 0.221062         8  0.1047619        0      0            0.521
INFO  [16:44:29.200] [bbotk]                                 uhash
INFO  [16:44:29.200] [bbotk]  3cbf9669-522a-4778-ab16-928c46b5035b
INFO  [16:44:29.208] [bbotk] Evaluating 1 configuration(s)
INFO  [16:44:29.763] [bbotk] Result of batch 5:
INFO  [16:44:29.765] [bbotk]  nrounds       eta max_depth classif.ce warnings errors runtime_learners
INFO  [16:44:29.765] [bbotk]      147 0.2434378         5  0.1104762        0      0             0.52
INFO  [16:44:29.765] [bbotk]                                 uhash
INFO  [16:44:29.765] [bbotk]  eaa88390-71d5-45f4-b432-4385788d9178
INFO  [16:44:29.774] [bbotk] Evaluating 1 configuration(s)
INFO  [16:44:30.788] [bbotk] Result of batch 6:
INFO  [16:44:30.789] [bbotk]  nrounds        eta max_depth classif.ce warnings errors runtime_learners
INFO  [16:44:30.789] [bbotk]      181 0.05155706        10  0.1095238        0      0            0.978
INFO  [16:44:30.789] [bbotk]                                 uhash
INFO  [16:44:30.789] [bbotk]  15840399-214f-4ca2-a14c-3873e6fd7269
INFO  [16:44:30.793] [bbotk] Evaluating 1 configuration(s)
INFO  [16:44:31.728] [bbotk] Result of batch 7:
INFO  [16:44:31.733] [bbotk]  nrounds        eta max_depth classif.ce warnings errors runtime_learners
INFO  [16:44:31.733] [bbotk]      199 0.06564343         9  0.1104762        0      0            0.892
INFO  [16:44:31.733] [bbotk]                                 uhash
INFO  [16:44:31.733] [bbotk]  6fe4cf17-b7ce-4b1d-a750-3f0c440beda5
INFO  [16:44:31.737] [bbotk] Evaluating 1 configuration(s)
INFO  [16:44:32.569] [bbotk] Result of batch 8:
INFO  [16:44:32.570] [bbotk]  nrounds       eta max_depth classif.ce warnings errors runtime_learners
INFO  [16:44:32.570] [bbotk]      246 0.1352118         4  0.1114286        0      0            0.786
INFO  [16:44:32.570] [bbotk]                                 uhash
INFO  [16:44:32.570] [bbotk]  f1e64a94-ee28-498c-8ae7-011db9770dce
INFO  [16:44:32.574] [bbotk] Evaluating 1 configuration(s)
INFO  [16:44:33.484] [bbotk] Result of batch 9:
INFO  [16:44:33.486] [bbotk]  nrounds        eta max_depth classif.ce warnings errors runtime_learners
INFO  [16:44:33.486] [bbotk]      261 0.04078205         4  0.1047619        0      0            0.858
INFO  [16:44:33.486] [bbotk]                                 uhash
INFO  [16:44:33.486] [bbotk]  f3296e4f-7ac6-40fb-832a-25c12f50c386
INFO  [16:44:33.491] [bbotk] Evaluating 1 configuration(s)
INFO  [16:44:34.302] [bbotk] Result of batch 10:
INFO  [16:44:34.303] [bbotk]  nrounds      eta max_depth classif.ce warnings errors runtime_learners
INFO  [16:44:34.303] [bbotk]      177 0.131882        10  0.1095238        0      0            0.779
INFO  [16:44:34.303] [bbotk]                                 uhash
INFO  [16:44:34.303] [bbotk]  6297961b-ff34-4e9c-a831-b958a37b2431
INFO  [16:44:34.317] [bbotk] Finished optimizing after 10 evaluation(s)
INFO  [16:44:34.317] [bbotk] Result:
INFO  [16:44:34.318] [bbotk]  nrounds      eta max_depth learner_param_vals  x_domain classif.ce
INFO  [16:44:34.318] [bbotk]    <int>    <num>     <int>             <list>    <list>      <num>
INFO  [16:44:34.318] [bbotk]      217 0.201978         8          <list[5]> <list[3]>  0.1028571
INFO  [16:44:34.788] [bbotk] Starting to optimize 3 parameter(s) with '<OptimizerBatchRandomSearch>' and '<TerminatorEvals> [n_evals=10, k=0]'
INFO  [16:44:34.810] [bbotk] Evaluating 1 configuration(s)
INFO  [16:44:35.226] [bbotk] Result of batch 1:
INFO  [16:44:35.227] [bbotk]  nrounds       eta max_depth classif.ce warnings errors runtime_learners
INFO  [16:44:35.227] [bbotk]       67 0.1617416         9  0.1038095        0      0            0.383
INFO  [16:44:35.227] [bbotk]                                 uhash
INFO  [16:44:35.227] [bbotk]  96e95296-25a8-4857-b5df-8a872a904f05
INFO  [16:44:35.231] [bbotk] Evaluating 1 configuration(s)
INFO  [16:44:35.588] [bbotk] Result of batch 2:
INFO  [16:44:35.589] [bbotk]  nrounds        eta max_depth classif.ce warnings errors runtime_learners
INFO  [16:44:35.589] [bbotk]       83 0.01822729         6  0.1038095        0      0            0.309
INFO  [16:44:35.589] [bbotk]                                 uhash
INFO  [16:44:35.589] [bbotk]  01a1076a-308e-4935-a10f-5ee81ac8803b
INFO  [16:44:35.593] [bbotk] Evaluating 1 configuration(s)
INFO  [16:44:35.790] [bbotk] Result of batch 3:
INFO  [16:44:35.793] [bbotk]  nrounds      eta max_depth classif.ce warnings errors runtime_learners
INFO  [16:44:35.793] [bbotk]       82 0.150762         2  0.1066667        0      0            0.158
INFO  [16:44:35.793] [bbotk]                                 uhash
INFO  [16:44:35.793] [bbotk]  e99fa1b3-e0ec-469f-8394-0f196f17c2b1
INFO  [16:44:35.801] [bbotk] Evaluating 1 configuration(s)
INFO  [16:44:36.103] [bbotk] Result of batch 4:
INFO  [16:44:36.104] [bbotk]  nrounds        eta max_depth classif.ce warnings errors runtime_learners
INFO  [16:44:36.104] [bbotk]      180 0.08753372         2  0.1066667        0      0            0.258
INFO  [16:44:36.104] [bbotk]                                 uhash
INFO  [16:44:36.104] [bbotk]  97d527bb-93ef-4498-b565-81b8c6f2716d
INFO  [16:44:36.108] [bbotk] Evaluating 1 configuration(s)
INFO  [16:44:36.798] [bbotk] Result of batch 5:
INFO  [16:44:36.799] [bbotk]  nrounds       eta max_depth classif.ce warnings errors runtime_learners
INFO  [16:44:36.799] [bbotk]      224 0.2301921         4        0.1        0      0            0.663
INFO  [16:44:36.799] [bbotk]                                 uhash
INFO  [16:44:36.799] [bbotk]  e4fc60cb-92ce-4cda-bfb3-315cbc1383ad
INFO  [16:44:36.802] [bbotk] Evaluating 1 configuration(s)
INFO  [16:44:37.125] [bbotk] Result of batch 6:
INFO  [16:44:37.126] [bbotk]  nrounds       eta max_depth classif.ce warnings errors runtime_learners
INFO  [16:44:37.126] [bbotk]       55 0.1430015         6 0.09809524        0      0            0.278
INFO  [16:44:37.126] [bbotk]                                 uhash
INFO  [16:44:37.126] [bbotk]  8579e709-020b-4f20-9277-0c80513e9ba3
INFO  [16:44:37.132] [bbotk] Evaluating 1 configuration(s)
INFO  [16:44:37.755] [bbotk] Result of batch 7:
INFO  [16:44:37.758] [bbotk]  nrounds        eta max_depth classif.ce warnings errors runtime_learners
INFO  [16:44:37.758] [bbotk]      123 0.08808886         8  0.1028571        0      0            0.573
INFO  [16:44:37.758] [bbotk]                                 uhash
INFO  [16:44:37.758] [bbotk]  91b77e94-6a32-49bb-b49c-bfbeff2d9c71
INFO  [16:44:37.764] [bbotk] Evaluating 1 configuration(s)
INFO  [16:44:38.668] [bbotk] Result of batch 8:
INFO  [16:44:38.673] [bbotk]  nrounds       eta max_depth classif.ce warnings errors runtime_learners
INFO  [16:44:38.673] [bbotk]      269 0.1723318         8  0.1047619        0      0            0.873
INFO  [16:44:38.673] [bbotk]                                 uhash
INFO  [16:44:38.673] [bbotk]  e46c7bb4-fa26-4423-9ce2-e8a6fbdd219a
INFO  [16:44:38.678] [bbotk] Evaluating 1 configuration(s)
INFO  [16:44:39.228] [bbotk] Result of batch 9:
INFO  [16:44:39.229] [bbotk]  nrounds        eta max_depth classif.ce warnings errors runtime_learners
INFO  [16:44:39.229] [bbotk]      280 0.07902858         2  0.1009524        0      0            0.501
INFO  [16:44:39.229] [bbotk]                                 uhash
INFO  [16:44:39.229] [bbotk]  894ae837-3260-4241-a97a-d111f3924b80
INFO  [16:44:39.233] [bbotk] Evaluating 1 configuration(s)
INFO  [16:44:40.048] [bbotk] Result of batch 10:
INFO  [16:44:40.050] [bbotk]  nrounds       eta max_depth classif.ce warnings errors runtime_learners
INFO  [16:44:40.050] [bbotk]      249 0.2550155         4 0.09904762        0      0            0.772
INFO  [16:44:40.050] [bbotk]                                 uhash
INFO  [16:44:40.050] [bbotk]  55b92d2f-89a7-4624-a5f3-d5018611e76b
INFO  [16:44:40.058] [bbotk] Finished optimizing after 10 evaluation(s)
INFO  [16:44:40.059] [bbotk] Result:
INFO  [16:44:40.059] [bbotk]  nrounds       eta max_depth learner_param_vals  x_domain classif.ce
INFO  [16:44:40.059] [bbotk]    <int>     <num>     <int>             <list>    <list>      <num>
INFO  [16:44:40.059] [bbotk]       55 0.1430015         6          <list[5]> <list[3]> 0.09809524
INFO  [16:44:40.275] [bbotk] Starting to optimize 3 parameter(s) with '<OptimizerBatchRandomSearch>' and '<TerminatorEvals> [n_evals=10, k=0]'
INFO  [16:44:40.296] [bbotk] Evaluating 1 configuration(s)
INFO  [16:44:40.838] [bbotk] Result of batch 1:
INFO  [16:44:40.839] [bbotk]  nrounds        eta max_depth classif.ce warnings errors runtime_learners
INFO  [16:44:40.839] [bbotk]      127 0.03733262         5 0.09904762        0      0            0.504
INFO  [16:44:40.839] [bbotk]                                 uhash
INFO  [16:44:40.839] [bbotk]  b9df8e73-35d4-442b-9912-fa6724a59145
INFO  [16:44:40.842] [bbotk] Evaluating 1 configuration(s)
INFO  [16:44:41.432] [bbotk] Result of batch 2:
INFO  [16:44:41.434] [bbotk]  nrounds        eta max_depth classif.ce warnings errors runtime_learners
INFO  [16:44:41.434] [bbotk]       94 0.01286639        10  0.1085714        0      0            0.552
INFO  [16:44:41.434] [bbotk]                                 uhash
INFO  [16:44:41.434] [bbotk]  bf3f99eb-c997-4329-a612-407c27330eb2
INFO  [16:44:41.439] [bbotk] Evaluating 1 configuration(s)
INFO  [16:44:41.729] [bbotk] Result of batch 3:
INFO  [16:44:41.731] [bbotk]  nrounds        eta max_depth classif.ce warnings errors runtime_learners
INFO  [16:44:41.731] [bbotk]       65 0.05574323         6 0.09904762        0      0            0.262
INFO  [16:44:41.731] [bbotk]                                 uhash
INFO  [16:44:41.731] [bbotk]  f3123f64-3585-4d2d-811a-f49da8124a91
INFO  [16:44:41.738] [bbotk] Evaluating 1 configuration(s)
INFO  [16:44:42.418] [bbotk] Result of batch 4:
INFO  [16:44:42.419] [bbotk]  nrounds       eta max_depth classif.ce warnings errors runtime_learners
INFO  [16:44:42.419] [bbotk]      223 0.2443498         4  0.1038095        0      0            0.641
INFO  [16:44:42.419] [bbotk]                                 uhash
INFO  [16:44:42.419] [bbotk]  e87369c5-2786-4ae6-83d7-a1753ae1829c
INFO  [16:44:42.424] [bbotk] Evaluating 1 configuration(s)
INFO  [16:44:42.945] [bbotk] Result of batch 5:
INFO  [16:44:42.946] [bbotk]  nrounds       eta max_depth classif.ce warnings errors runtime_learners
INFO  [16:44:42.946] [bbotk]      132 0.1617495         5 0.09714286        0      0            0.481
INFO  [16:44:42.946] [bbotk]                                 uhash
INFO  [16:44:42.946] [bbotk]  03ddbe91-8e9f-41a3-b519-7f54878eb216
INFO  [16:44:42.950] [bbotk] Evaluating 1 configuration(s)
INFO  [16:44:43.761] [bbotk] Result of batch 6:
INFO  [16:44:43.762] [bbotk]  nrounds      eta max_depth classif.ce warnings errors runtime_learners
INFO  [16:44:43.762] [bbotk]      282 0.294714         5  0.1009524        0      0             0.77
INFO  [16:44:43.762] [bbotk]                                 uhash
INFO  [16:44:43.762] [bbotk]  51fdbbc6-ab17-4b43-abe0-94a21209be68
INFO  [16:44:43.766] [bbotk] Evaluating 1 configuration(s)
INFO  [16:44:44.330] [bbotk] Result of batch 7:
INFO  [16:44:44.332] [bbotk]  nrounds       eta max_depth classif.ce warnings errors runtime_learners
INFO  [16:44:44.332] [bbotk]      133 0.1450106         6  0.0952381        0      0            0.512
INFO  [16:44:44.332] [bbotk]                                 uhash
INFO  [16:44:44.332] [bbotk]  d54848f4-14d6-4e74-876a-0c87171f6503
INFO  [16:44:44.338] [bbotk] Evaluating 1 configuration(s)
INFO  [16:44:44.941] [bbotk] Result of batch 8:
INFO  [16:44:44.943] [bbotk]  nrounds       eta max_depth classif.ce warnings errors runtime_learners
INFO  [16:44:44.943] [bbotk]      229 0.1374558         3 0.09333333        0      0            0.539
INFO  [16:44:44.943] [bbotk]                                 uhash
INFO  [16:44:44.943] [bbotk]  d3312a6c-195c-4eda-8390-74513ad41193
INFO  [16:44:44.947] [bbotk] Evaluating 1 configuration(s)
INFO  [16:44:45.811] [bbotk] Result of batch 9:
INFO  [16:44:45.812] [bbotk]  nrounds       eta max_depth classif.ce warnings errors runtime_learners
INFO  [16:44:45.812] [bbotk]      240 0.2085713        10 0.09333333        0      0            0.812
INFO  [16:44:45.812] [bbotk]                                 uhash
INFO  [16:44:45.812] [bbotk]  96318c33-1d12-477a-b23a-98b0042d0dac
INFO  [16:44:45.816] [bbotk] Evaluating 1 configuration(s)
INFO  [16:44:46.465] [bbotk] Result of batch 10:
INFO  [16:44:46.466] [bbotk]  nrounds       eta max_depth classif.ce warnings errors runtime_learners
INFO  [16:44:46.466] [bbotk]      260 0.2928376         3  0.1019048        0      0            0.609
INFO  [16:44:46.466] [bbotk]                                 uhash
INFO  [16:44:46.466] [bbotk]  f5f9674e-353c-4ee7-b9d8-4c71a8117f2c
INFO  [16:44:46.474] [bbotk] Finished optimizing after 10 evaluation(s)
INFO  [16:44:46.475] [bbotk] Result:
INFO  [16:44:46.475] [bbotk]  nrounds       eta max_depth learner_param_vals  x_domain classif.ce
INFO  [16:44:46.475] [bbotk]    <int>     <num>     <int>             <list>    <list>      <num>
INFO  [16:44:46.475] [bbotk]      229 0.1374558         3          <list[5]> <list[3]> 0.09333333

### [bt]: Job terminated successfully [batchtools job.id=1056]
### [bt]: Starting job [batchtools job.id=1057]
### [bt]: Generating problem instance for problem '698720b8ce42ae0c' ...
### [bt]: Applying algorithm 'run_learner' on problem '698720b8ce42ae0c' for job 1057 (seed = 1058) ...
INFO  [16:44:46.773] [mlr3] Applying learner 'classif.xgboost.tuned_calib.oof_platt' on task 'pc4' (iter 7/10)
INFO  [16:44:46.847] [bbotk] Starting to optimize 3 parameter(s) with '<OptimizerBatchRandomSearch>' and '<TerminatorEvals> [n_evals=10, k=0]'
INFO  [16:44:46.863] [bbotk] Evaluating 1 configuration(s)
INFO  [16:44:47.272] [bbotk] Result of batch 1:
INFO  [16:44:47.273] [bbotk]  nrounds       eta max_depth classif.ce warnings errors runtime_learners
INFO  [16:44:47.273] [bbotk]      102 0.2944627         5 0.08483831        0      0            0.378
INFO  [16:44:47.273] [bbotk]                                 uhash
INFO  [16:44:47.273] [bbotk]  68449388-5e82-4af0-83ac-727375455712
INFO  [16:44:47.276] [bbotk] Evaluating 1 configuration(s)
INFO  [16:44:47.599] [bbotk] Result of batch 2:
INFO  [16:44:47.600] [bbotk]  nrounds        eta max_depth classif.ce warnings errors runtime_learners
INFO  [16:44:47.600] [bbotk]       62 0.04376454         7  0.0934152        0      0            0.288
INFO  [16:44:47.600] [bbotk]                                 uhash
INFO  [16:44:47.600] [bbotk]  05c16e90-84b3-4ec0-95c3-2709589de97b
INFO  [16:44:47.607] [bbotk] Evaluating 1 configuration(s)
INFO  [16:44:47.774] [bbotk] Result of batch 3:
INFO  [16:44:47.775] [bbotk]  nrounds       eta max_depth classif.ce warnings errors runtime_learners
INFO  [16:44:47.775] [bbotk]       59 0.1134179         2 0.09817438        0      0            0.113
INFO  [16:44:47.775] [bbotk]                                 uhash
INFO  [16:44:47.775] [bbotk]  dbadad09-a00a-4496-8cb9-f2fb8b408dfe
INFO  [16:44:47.779] [bbotk] Evaluating 1 configuration(s)
INFO  [16:44:48.110] [bbotk] Result of batch 4:
INFO  [16:44:48.111] [bbotk]  nrounds       eta max_depth classif.ce warnings errors runtime_learners
INFO  [16:44:48.111] [bbotk]      107 0.1416067         3 0.08960295        0      0            0.289
INFO  [16:44:48.111] [bbotk]                                 uhash
INFO  [16:44:48.111] [bbotk]  9eec433a-7cf8-4720-a135-28d29c83bd8d
INFO  [16:44:48.119] [bbotk] Evaluating 1 configuration(s)
INFO  [16:44:48.688] [bbotk] Result of batch 5:
INFO  [16:44:48.689] [bbotk]  nrounds        eta max_depth classif.ce warnings errors runtime_learners
INFO  [16:44:48.689] [bbotk]       86 0.08614118         9 0.08387775        0      0            0.515
INFO  [16:44:48.689] [bbotk]                                 uhash
INFO  [16:44:48.689] [bbotk]  b6123e7c-0572-4464-8324-aa7098795bef
INFO  [16:44:48.693] [bbotk] Evaluating 1 configuration(s)
INFO  [16:44:49.494] [bbotk] Result of batch 6:
INFO  [16:44:49.495] [bbotk]  nrounds        eta max_depth classif.ce warnings errors runtime_learners
INFO  [16:44:49.495] [bbotk]      205 0.08018753         5 0.08387775        0      0            0.767
INFO  [16:44:49.495] [bbotk]                                 uhash
INFO  [16:44:49.495] [bbotk]  bc3c84a1-b798-456f-b686-ef298fe0b297
INFO  [16:44:49.498] [bbotk] Evaluating 1 configuration(s)
INFO  [16:44:49.891] [bbotk] Result of batch 7:
INFO  [16:44:49.892] [bbotk]  nrounds       eta max_depth classif.ce warnings errors runtime_learners
INFO  [16:44:49.892] [bbotk]      208 0.2049653         2 0.08198936        0      0            0.355
INFO  [16:44:49.892] [bbotk]                                 uhash
INFO  [16:44:49.892] [bbotk]  3cad5398-2a24-4787-967a-5f8d22dfd1ad
INFO  [16:44:49.895] [bbotk] Evaluating 1 configuration(s)
INFO  [16:44:50.120] [bbotk] Result of batch 8:
INFO  [16:44:50.121] [bbotk]  nrounds        eta max_depth classif.ce warnings errors runtime_learners
INFO  [16:44:50.121] [bbotk]       78 0.09614449         2 0.09626688        0      0            0.184
INFO  [16:44:50.121] [bbotk]                                 uhash
INFO  [16:44:50.121] [bbotk]  6a6e058f-226a-4e0d-a1d4-2f242988ca0d
INFO  [16:44:50.125] [bbotk] Evaluating 1 configuration(s)
INFO  [16:44:51.562] [bbotk] Result of batch 9:
INFO  [16:44:51.564] [bbotk]  nrounds        eta max_depth classif.ce warnings errors runtime_learners
INFO  [16:44:51.564] [bbotk]      292 0.03626231         7 0.08769819        0      0            1.403
INFO  [16:44:51.564] [bbotk]                                 uhash
INFO  [16:44:51.564] [bbotk]  d5b28a82-f622-4a1c-8856-7d7547b1aecb
INFO  [16:44:51.573] [bbotk] Evaluating 1 configuration(s)
INFO  [16:44:52.396] [bbotk] Result of batch 10:
INFO  [16:44:52.397] [bbotk]  nrounds      eta max_depth classif.ce warnings errors runtime_learners
INFO  [16:44:52.397] [bbotk]      252 0.225174        10 0.08388593        0      0             0.78
INFO  [16:44:52.397] [bbotk]                                 uhash
INFO  [16:44:52.397] [bbotk]  3ad91345-7478-408b-9082-22893fd6fced
INFO  [16:44:52.416] [bbotk] Finished optimizing after 10 evaluation(s)
INFO  [16:44:52.417] [bbotk] Result:
INFO  [16:44:52.418] [bbotk]  nrounds       eta max_depth learner_param_vals  x_domain classif.ce
INFO  [16:44:52.418] [bbotk]    <int>     <num>     <int>             <list>    <list>      <num>
INFO  [16:44:52.418] [bbotk]      208 0.2049653         2          <list[5]> <list[3]> 0.08198936
INFO  [16:44:52.636] [bbotk] Starting to optimize 3 parameter(s) with '<OptimizerBatchRandomSearch>' and '<TerminatorEvals> [n_evals=10, k=0]'
INFO  [16:44:52.654] [bbotk] Evaluating 1 configuration(s)
INFO  [16:44:53.112] [bbotk] Result of batch 1:
INFO  [16:44:53.113] [bbotk]  nrounds      eta max_depth classif.ce warnings errors runtime_learners
INFO  [16:44:53.113] [bbotk]      122 0.202664         4 0.09152408        0      0            0.415
INFO  [16:44:53.113] [bbotk]                                 uhash
INFO  [16:44:53.113] [bbotk]  fd206f69-1096-45ea-b2f5-daa808c6e6e8
INFO  [16:44:53.117] [bbotk] Evaluating 1 configuration(s)
INFO  [16:44:53.439] [bbotk] Result of batch 2:
INFO  [16:44:53.441] [bbotk]  nrounds       eta max_depth classif.ce warnings errors runtime_learners
INFO  [16:44:53.441] [bbotk]       77 0.1428535         5 0.09152408        0      0            0.292
INFO  [16:44:53.441] [bbotk]                                 uhash
INFO  [16:44:53.441] [bbotk]  0e5a76ef-e3f0-4558-9e59-6dde5c84e6d5
INFO  [16:44:53.450] [bbotk] Evaluating 1 configuration(s)
INFO  [16:44:54.548] [bbotk] Result of batch 3:
INFO  [16:44:54.549] [bbotk]  nrounds       eta max_depth classif.ce warnings errors runtime_learners
INFO  [16:44:54.549] [bbotk]      288 0.1115191         6 0.08675945        0      0             1.06
INFO  [16:44:54.549] [bbotk]                                 uhash
INFO  [16:44:54.549] [bbotk]  deae42cd-23dc-4bc1-9dc3-94b14884d5f9
INFO  [16:44:54.553] [bbotk] Evaluating 1 configuration(s)
INFO  [16:44:55.663] [bbotk] Result of batch 4:
INFO  [16:44:55.664] [bbotk]  nrounds        eta max_depth classif.ce warnings errors runtime_learners
INFO  [16:44:55.664] [bbotk]      206 0.03075081        10 0.08961659        0      0            1.076
INFO  [16:44:55.664] [bbotk]                                 uhash
INFO  [16:44:55.664] [bbotk]  1cc9fc20-934f-4a1f-b8ef-80c26b406d57
INFO  [16:44:55.668] [bbotk] Evaluating 1 configuration(s)
INFO  [16:44:56.409] [bbotk] Result of batch 5:
INFO  [16:44:56.411] [bbotk]  nrounds       eta max_depth classif.ce warnings errors runtime_learners
INFO  [16:44:56.411] [bbotk]      245 0.1870074         4 0.08579615        0      0            0.706
INFO  [16:44:56.411] [bbotk]                                 uhash
INFO  [16:44:56.411] [bbotk]  f94f808d-0104-4e2a-8d6b-e11fa88d929b
INFO  [16:44:56.416] [bbotk] Evaluating 1 configuration(s)
INFO  [16:44:57.132] [bbotk] Result of batch 6:
INFO  [16:44:57.133] [bbotk]  nrounds        eta max_depth classif.ce warnings errors runtime_learners
INFO  [16:44:57.133] [bbotk]      175 0.08540615         5 0.08866694        0      0            0.679
INFO  [16:44:57.133] [bbotk]                                 uhash
INFO  [16:44:57.133] [bbotk]  5ebd5b76-5e3a-4571-9a1e-2f8a3c3a2a48
INFO  [16:44:57.137] [bbotk] Evaluating 1 configuration(s)
INFO  [16:44:57.652] [bbotk] Result of batch 7:
INFO  [16:44:57.654] [bbotk]  nrounds       eta max_depth classif.ce warnings errors runtime_learners
INFO  [16:44:57.654] [bbotk]      172 0.2467348         4 0.07913494        0      0            0.466
INFO  [16:44:57.654] [bbotk]                                 uhash
INFO  [16:44:57.654] [bbotk]  19cfed1e-e31f-4570-a965-403903eb3a9a
INFO  [16:44:57.662] [bbotk] Evaluating 1 configuration(s)
INFO  [16:44:58.015] [bbotk] Result of batch 8:
INFO  [16:44:58.016] [bbotk]  nrounds       eta max_depth classif.ce warnings errors runtime_learners
INFO  [16:44:58.016] [bbotk]      115 0.2691485         3  0.0858098        0      0            0.298
INFO  [16:44:58.016] [bbotk]                                 uhash
INFO  [16:44:58.016] [bbotk]  33de2347-988f-408c-a791-df0c0bf03cc0
INFO  [16:44:58.020] [bbotk] Evaluating 1 configuration(s)
INFO  [16:44:58.437] [bbotk] Result of batch 9:
INFO  [16:44:58.439] [bbotk]  nrounds       eta max_depth classif.ce warnings errors runtime_learners
INFO  [16:44:58.439] [bbotk]       79 0.2130659         9 0.08867786        0      0             0.38
INFO  [16:44:58.439] [bbotk]                                 uhash
INFO  [16:44:58.439] [bbotk]  f521ed84-d789-4107-aa42-11d62eb42d7d
INFO  [16:44:58.450] [bbotk] Evaluating 1 configuration(s)
INFO  [16:44:59.048] [bbotk] Result of batch 10:
INFO  [16:44:59.049] [bbotk]  nrounds       eta max_depth classif.ce warnings errors runtime_learners
INFO  [16:44:59.049] [bbotk]      147 0.2996876         7 0.08484104        0      0            0.558
INFO  [16:44:59.049] [bbotk]                                 uhash
INFO  [16:44:59.049] [bbotk]  4ca1e1f9-2bda-4385-ae9a-bde4c41ce6df
INFO  [16:44:59.058] [bbotk] Finished optimizing after 10 evaluation(s)
INFO  [16:44:59.059] [bbotk] Result:
INFO  [16:44:59.060] [bbotk]  nrounds       eta max_depth learner_param_vals  x_domain classif.ce
INFO  [16:44:59.060] [bbotk]    <int>     <num>     <int>             <list>    <list>      <num>
INFO  [16:44:59.060] [bbotk]      172 0.2467348         4          <list[5]> <list[3]> 0.07913494
INFO  [16:44:59.389] [bbotk] Starting to optimize 3 parameter(s) with '<OptimizerBatchRandomSearch>' and '<TerminatorEvals> [n_evals=10, k=0]'
INFO  [16:44:59.403] [bbotk] Evaluating 1 configuration(s)
INFO  [16:45:00.064] [bbotk] Result of batch 1:
INFO  [16:45:00.065] [bbotk]  nrounds        eta max_depth classif.ce warnings errors runtime_learners
INFO  [16:45:00.065] [bbotk]      116 0.02461407         8 0.09619048        0      0            0.603
INFO  [16:45:00.065] [bbotk]                                 uhash
INFO  [16:45:00.065] [bbotk]  e4999629-d092-4dcd-92d8-5ecf937ae19c
INFO  [16:45:00.069] [bbotk] Evaluating 1 configuration(s)
INFO  [16:45:00.541] [bbotk] Result of batch 2:
INFO  [16:45:00.542] [bbotk]  nrounds       eta max_depth classif.ce warnings errors runtime_learners
INFO  [16:45:00.542] [bbotk]       85 0.1306195         7  0.1009524        0      0            0.436
INFO  [16:45:00.542] [bbotk]                                 uhash
INFO  [16:45:00.542] [bbotk]  394e9543-4b8f-421d-87de-273b04724a2b
INFO  [16:45:00.546] [bbotk] Evaluating 1 configuration(s)
INFO  [16:45:01.279] [bbotk] Result of batch 3:
INFO  [16:45:01.281] [bbotk]  nrounds        eta max_depth classif.ce warnings errors runtime_learners
INFO  [16:45:01.281] [bbotk]      141 0.08945863        10 0.09333333        0      0            0.682
INFO  [16:45:01.281] [bbotk]                                 uhash
INFO  [16:45:01.281] [bbotk]  c0010e29-aa18-4777-9349-dd528b9f357e
INFO  [16:45:01.286] [bbotk] Evaluating 1 configuration(s)
INFO  [16:45:01.646] [bbotk] Result of batch 4:
INFO  [16:45:01.647] [bbotk]  nrounds       eta max_depth classif.ce warnings errors runtime_learners
INFO  [16:45:01.647] [bbotk]       53 0.1063043         7 0.09809524        0      0            0.319
INFO  [16:45:01.647] [bbotk]                                 uhash
INFO  [16:45:01.647] [bbotk]  1f80ffa6-e711-4507-ae1c-b750c8287757
INFO  [16:45:01.652] [bbotk] Evaluating 1 configuration(s)
INFO  [16:45:02.914] [bbotk] Result of batch 5:
INFO  [16:45:02.915] [bbotk]  nrounds        eta max_depth classif.ce warnings errors runtime_learners
INFO  [16:45:02.915] [bbotk]      263 0.04119782         7 0.09047619        0      0            1.212
INFO  [16:45:02.915] [bbotk]                                 uhash
INFO  [16:45:02.915] [bbotk]  86203dcf-2e78-4afd-bcab-00517a129673
INFO  [16:45:02.919] [bbotk] Evaluating 1 configuration(s)
INFO  [16:45:03.476] [bbotk] Result of batch 6:
INFO  [16:45:03.478] [bbotk]  nrounds       eta max_depth classif.ce warnings errors runtime_learners
INFO  [16:45:03.478] [bbotk]      151 0.2896247         7        0.1        0      0            0.509
INFO  [16:45:03.478] [bbotk]                                 uhash
INFO  [16:45:03.478] [bbotk]  fb1259e9-9367-4a25-ba2a-3711f33e0cbc
INFO  [16:45:03.483] [bbotk] Evaluating 1 configuration(s)
INFO  [16:45:03.764] [bbotk] Result of batch 7:
INFO  [16:45:03.767] [bbotk]  nrounds        eta max_depth classif.ce warnings errors runtime_learners
INFO  [16:45:03.767] [bbotk]       64 0.02308181         5  0.1019048        0      0            0.242
INFO  [16:45:03.767] [bbotk]                                 uhash
INFO  [16:45:03.767] [bbotk]  be8b6923-ad1a-4a31-bd53-d1f411a2afdb
INFO  [16:45:03.776] [bbotk] Evaluating 1 configuration(s)
INFO  [16:45:03.973] [bbotk] Result of batch 8:
INFO  [16:45:03.974] [bbotk]  nrounds        eta max_depth classif.ce warnings errors runtime_learners
INFO  [16:45:03.974] [bbotk]       71 0.07477989         2 0.09904762        0      0            0.142
INFO  [16:45:03.974] [bbotk]                                 uhash
INFO  [16:45:03.974] [bbotk]  2e54bd32-f675-4f48-9de4-f388f87cb1ee
INFO  [16:45:03.981] [bbotk] Evaluating 1 configuration(s)
INFO  [16:45:05.145] [bbotk] Result of batch 9:
INFO  [16:45:05.147] [bbotk]  nrounds        eta max_depth classif.ce warnings errors runtime_learners
INFO  [16:45:05.147] [bbotk]      283 0.04801914         6 0.09428571        0      0            1.126
INFO  [16:45:05.147] [bbotk]                                 uhash
INFO  [16:45:05.147] [bbotk]  52dd4886-9089-4122-a9d5-8ac99dcd9e27
INFO  [16:45:05.156] [bbotk] Evaluating 1 configuration(s)
INFO  [16:45:06.002] [bbotk] Result of batch 10:
INFO  [16:45:06.005] [bbotk]  nrounds        eta max_depth classif.ce warnings errors runtime_learners
INFO  [16:45:06.005] [bbotk]      201 0.04853901         6 0.09904762        0      0            0.795
INFO  [16:45:06.005] [bbotk]                                 uhash
INFO  [16:45:06.005] [bbotk]  332eae80-1cba-40ea-a90a-268a8f152727
INFO  [16:45:06.021] [bbotk] Finished optimizing after 10 evaluation(s)
INFO  [16:45:06.021] [bbotk] Result:
INFO  [16:45:06.022] [bbotk]  nrounds        eta max_depth learner_param_vals  x_domain classif.ce
INFO  [16:45:06.022] [bbotk]    <int>      <num>     <int>             <list>    <list>      <num>
INFO  [16:45:06.022] [bbotk]      263 0.04119782         7          <list[5]> <list[3]> 0.09047619
INFO  [16:45:06.730] [bbotk] Starting to optimize 3 parameter(s) with '<OptimizerBatchRandomSearch>' and '<TerminatorEvals> [n_evals=10, k=0]'
INFO  [16:45:06.752] [bbotk] Evaluating 1 configuration(s)
INFO  [16:45:07.054] [bbotk] Result of batch 1:
INFO  [16:45:07.057] [bbotk]  nrounds       eta max_depth classif.ce warnings errors runtime_learners
INFO  [16:45:07.057] [bbotk]      144 0.2874807         2 0.08190476        0      0            0.231
INFO  [16:45:07.057] [bbotk]                                 uhash
INFO  [16:45:07.057] [bbotk]  2b68d6b9-696a-40df-9daa-0a0a1912efba
INFO  [16:45:07.067] [bbotk] Evaluating 1 configuration(s)
INFO  [16:45:07.427] [bbotk] Result of batch 2:
INFO  [16:45:07.428] [bbotk]  nrounds       eta max_depth classif.ce warnings errors runtime_learners
INFO  [16:45:07.428] [bbotk]      136 0.1160171         3 0.08761905        0      0            0.316
INFO  [16:45:07.428] [bbotk]                                 uhash
INFO  [16:45:07.428] [bbotk]  239b4803-1adf-461a-bd05-d40dfce4f704
INFO  [16:45:07.431] [bbotk] Evaluating 1 configuration(s)
INFO  [16:45:08.376] [bbotk] Result of batch 3:
INFO  [16:45:08.378] [bbotk]  nrounds       eta max_depth classif.ce warnings errors runtime_learners
INFO  [16:45:08.378] [bbotk]      277 0.1726406         9 0.08857143        0      0            0.899
INFO  [16:45:08.378] [bbotk]                                 uhash
INFO  [16:45:08.378] [bbotk]  301ebf6b-7497-4464-a44f-2481829af96f
INFO  [16:45:08.383] [bbotk] Evaluating 1 configuration(s)
INFO  [16:45:09.099] [bbotk] Result of batch 4:
INFO  [16:45:09.101] [bbotk]  nrounds       eta max_depth classif.ce warnings errors runtime_learners
INFO  [16:45:09.101] [bbotk]      186 0.1311115         5 0.08952381        0      0            0.671
INFO  [16:45:09.101] [bbotk]                                 uhash
INFO  [16:45:09.101] [bbotk]  6769d2ac-4681-42d2-a92f-a021c9c4fe2e
INFO  [16:45:09.107] [bbotk] Evaluating 1 configuration(s)
INFO  [16:45:09.938] [bbotk] Result of batch 5:
INFO  [16:45:09.939] [bbotk]  nrounds       eta max_depth classif.ce warnings errors runtime_learners
INFO  [16:45:09.939] [bbotk]      197 0.1386386         7 0.08666667        0      0            0.769
INFO  [16:45:09.939] [bbotk]                                 uhash
INFO  [16:45:09.939] [bbotk]  7cbd85b1-0f33-4c72-bb48-25e4a065b343
INFO  [16:45:09.944] [bbotk] Evaluating 1 configuration(s)
INFO  [16:45:10.479] [bbotk] Result of batch 6:
INFO  [16:45:10.480] [bbotk]  nrounds       eta max_depth classif.ce warnings errors runtime_learners
INFO  [16:45:10.480] [bbotk]      128 0.2243537         5 0.08380952        0      0            0.492
INFO  [16:45:10.480] [bbotk]                                 uhash
INFO  [16:45:10.480] [bbotk]  5dfaa2ae-4f2e-4adc-be50-954dbbe203bf
INFO  [16:45:10.484] [bbotk] Evaluating 1 configuration(s)
INFO  [16:45:10.804] [bbotk] Result of batch 7:
INFO  [16:45:10.805] [bbotk]  nrounds       eta max_depth classif.ce warnings errors runtime_learners
INFO  [16:45:10.805] [bbotk]       60 0.1197191         7 0.08952381        0      0             0.28
INFO  [16:45:10.805] [bbotk]                                 uhash
INFO  [16:45:10.805] [bbotk]  58d28135-a11c-470b-be13-c2a2e185d641
INFO  [16:45:10.809] [bbotk] Evaluating 1 configuration(s)
INFO  [16:45:11.454] [bbotk] Result of batch 8:
INFO  [16:45:11.456] [bbotk]  nrounds       eta max_depth classif.ce warnings errors runtime_learners
INFO  [16:45:11.456] [bbotk]      177 0.2857378         7 0.08952381        0      0            0.604
INFO  [16:45:11.456] [bbotk]                                 uhash
INFO  [16:45:11.456] [bbotk]  fd5d5d9e-3c42-4493-b4f5-dc6af859358c
INFO  [16:45:11.466] [bbotk] Evaluating 1 configuration(s)
INFO  [16:45:11.972] [bbotk] Result of batch 9:
INFO  [16:45:11.976] [bbotk]  nrounds       eta max_depth classif.ce warnings errors runtime_learners
INFO  [16:45:11.976] [bbotk]      115 0.1636249         6 0.08666667        0      0            0.457
INFO  [16:45:11.976] [bbotk]                                 uhash
INFO  [16:45:11.976] [bbotk]  b370d6c2-9fc1-4547-a49d-bb42fb4ba78b
INFO  [16:45:11.983] [bbotk] Evaluating 1 configuration(s)
INFO  [16:45:12.971] [bbotk] Result of batch 10:
INFO  [16:45:12.974] [bbotk]  nrounds       eta max_depth classif.ce warnings errors runtime_learners
INFO  [16:45:12.974] [bbotk]      287 0.1925197         9 0.08190476        0      0             0.94
INFO  [16:45:12.974] [bbotk]                                 uhash
INFO  [16:45:12.974] [bbotk]  d186cd23-7774-4abd-b40e-8f4ae1b5e673
INFO  [16:45:12.988] [bbotk] Finished optimizing after 10 evaluation(s)
INFO  [16:45:12.988] [bbotk] Result:
INFO  [16:45:12.989] [bbotk]  nrounds       eta max_depth learner_param_vals  x_domain classif.ce
INFO  [16:45:12.989] [bbotk]    <int>     <num>     <int>             <list>    <list>      <num>
INFO  [16:45:12.989] [bbotk]      287 0.1925197         9          <list[5]> <list[3]> 0.08190476
INFO  [16:45:13.499] [bbotk] Starting to optimize 3 parameter(s) with '<OptimizerBatchRandomSearch>' and '<TerminatorEvals> [n_evals=10, k=0]'
INFO  [16:45:13.511] [bbotk] Evaluating 1 configuration(s)
INFO  [16:45:14.088] [bbotk] Result of batch 1:
INFO  [16:45:14.089] [bbotk]  nrounds        eta max_depth classif.ce warnings errors runtime_learners
INFO  [16:45:14.089] [bbotk]      168 0.07585221         4  0.0952381        0      0            0.543
INFO  [16:45:14.089] [bbotk]                                 uhash
INFO  [16:45:14.089] [bbotk]  ba33be01-4f85-4587-ac08-ec7ec48e2435
INFO  [16:45:14.092] [bbotk] Evaluating 1 configuration(s)
INFO  [16:45:14.531] [bbotk] Result of batch 2:
INFO  [16:45:14.533] [bbotk]  nrounds       eta max_depth classif.ce warnings errors runtime_learners
INFO  [16:45:14.533] [bbotk]       97 0.2447049         8  0.0952381        0      0            0.394
INFO  [16:45:14.533] [bbotk]                                 uhash
INFO  [16:45:14.533] [bbotk]  e2173d0c-0b47-45b9-8aee-35c28ba21bd8
INFO  [16:45:14.572] [bbotk] Evaluating 1 configuration(s)
INFO  [16:45:15.500] [bbotk] Result of batch 3:
INFO  [16:45:15.502] [bbotk]  nrounds        eta max_depth classif.ce warnings errors runtime_learners
INFO  [16:45:15.502] [bbotk]      204 0.08941973         8 0.09619048        0      0            0.888
INFO  [16:45:15.502] [bbotk]                                 uhash
INFO  [16:45:15.502] [bbotk]  3f43cae3-f06f-47d0-872d-3bcf4868c212
INFO  [16:45:15.511] [bbotk] Evaluating 1 configuration(s)
INFO  [16:45:15.866] [bbotk] Result of batch 4:
INFO  [16:45:15.868] [bbotk]  nrounds       eta max_depth classif.ce warnings errors runtime_learners
INFO  [16:45:15.868] [bbotk]      127 0.1790946         3 0.09238095        0      0             0.32
INFO  [16:45:15.868] [bbotk]                                 uhash
INFO  [16:45:15.868] [bbotk]  dd7fdfb7-8e1c-41ec-bf51-a418c79026d9
INFO  [16:45:15.872] [bbotk] Evaluating 1 configuration(s)
INFO  [16:45:16.618] [bbotk] Result of batch 5:
INFO  [16:45:16.619] [bbotk]  nrounds       eta max_depth classif.ce warnings errors runtime_learners
INFO  [16:45:16.619] [bbotk]      212 0.1575869         6 0.09619048        0      0            0.706
INFO  [16:45:16.619] [bbotk]                                 uhash
INFO  [16:45:16.619] [bbotk]  c0c99338-4b6e-41f7-ad5d-cb54ef6bbbda
INFO  [16:45:16.623] [bbotk] Evaluating 1 configuration(s)
INFO  [16:45:17.096] [bbotk] Result of batch 6:
INFO  [16:45:17.097] [bbotk]  nrounds        eta max_depth classif.ce warnings errors runtime_learners
INFO  [16:45:17.097] [bbotk]      184 0.07942094         3 0.09238095        0      0            0.425
INFO  [16:45:17.097] [bbotk]                                 uhash
INFO  [16:45:17.097] [bbotk]  a806b53f-1ce7-4d11-815e-efd1656cd821
INFO  [16:45:17.300] [bbotk] Evaluating 1 configuration(s)
INFO  [16:45:17.662] [bbotk] Result of batch 7:
INFO  [16:45:17.664] [bbotk]  nrounds       eta max_depth classif.ce warnings errors runtime_learners
INFO  [16:45:17.664] [bbotk]       84 0.2202555         6 0.09142857        0      0            0.327
INFO  [16:45:17.664] [bbotk]                                 uhash
INFO  [16:45:17.664] [bbotk]  38f0d004-bd8b-4bc2-a0ca-c260189d310c
INFO  [16:45:17.669] [bbotk] Evaluating 1 configuration(s)
INFO  [16:45:18.724] [bbotk] Result of batch 8:
INFO  [16:45:18.726] [bbotk]  nrounds        eta max_depth classif.ce warnings errors runtime_learners
INFO  [16:45:18.726] [bbotk]      219 0.03719405         6        0.1        0      0            1.005
INFO  [16:45:18.726] [bbotk]                                 uhash
INFO  [16:45:18.726] [bbotk]  08e8c495-2e77-45e8-a105-4af020805f02
INFO  [16:45:18.731] [bbotk] Evaluating 1 configuration(s)
INFO  [16:45:19.562] [bbotk] Result of batch 9:
INFO  [16:45:19.563] [bbotk]  nrounds       eta max_depth classif.ce warnings errors runtime_learners
INFO  [16:45:19.563] [bbotk]      237 0.1849509        10 0.09428571        0      0            0.786
INFO  [16:45:19.563] [bbotk]                                 uhash
INFO  [16:45:19.563] [bbotk]  83bdbaf6-7632-422e-a6d8-61167466f7be
INFO  [16:45:19.566] [bbotk] Evaluating 1 configuration(s)
INFO  [16:45:20.340] [bbotk] Result of batch 10:
INFO  [16:45:20.342] [bbotk]  nrounds       eta max_depth classif.ce warnings errors runtime_learners
INFO  [16:45:20.342] [bbotk]      275 0.2858756         4 0.09619048        0      0            0.729
INFO  [16:45:20.342] [bbotk]                                 uhash
INFO  [16:45:20.342] [bbotk]  201be8fa-8881-41a4-b17e-a2de0f360b2c
INFO  [16:45:20.365] [bbotk] Finished optimizing after 10 evaluation(s)
INFO  [16:45:20.365] [bbotk] Result:
INFO  [16:45:20.366] [bbotk]  nrounds       eta max_depth learner_param_vals  x_domain classif.ce
INFO  [16:45:20.366] [bbotk]    <int>     <num>     <int>             <list>    <list>      <num>
INFO  [16:45:20.366] [bbotk]       84 0.2202555         6          <list[5]> <list[3]> 0.09142857

### [bt]: Job terminated successfully [batchtools job.id=1057]
### [bt]: Starting job [batchtools job.id=1058]
### [bt]: Generating problem instance for problem '698720b8ce42ae0c' ...
### [bt]: Applying algorithm 'run_learner' on problem '698720b8ce42ae0c' for job 1058 (seed = 1059) ...
INFO  [16:45:20.620] [mlr3] Applying learner 'classif.xgboost.tuned_calib.oof_platt' on task 'pc4' (iter 8/10)
INFO  [16:45:20.685] [bbotk] Starting to optimize 3 parameter(s) with '<OptimizerBatchRandomSearch>' and '<TerminatorEvals> [n_evals=10, k=0]'
INFO  [16:45:20.706] [bbotk] Evaluating 1 configuration(s)
INFO  [16:45:21.460] [bbotk] Result of batch 1:
INFO  [16:45:21.461] [bbotk]  nrounds       eta max_depth classif.ce warnings errors runtime_learners
INFO  [16:45:21.461] [bbotk]      130 0.0238019         8  0.1000901        0      0            0.719
INFO  [16:45:21.461] [bbotk]                                 uhash
INFO  [16:45:21.461] [bbotk]  ef848d51-6996-4604-ba51-bb5da36fa82a
INFO  [16:45:21.465] [bbotk] Evaluating 1 configuration(s)
INFO  [16:45:22.025] [bbotk] Result of batch 2:
INFO  [16:45:22.026] [bbotk]  nrounds       eta max_depth classif.ce warnings errors runtime_learners
INFO  [16:45:22.026] [bbotk]      131 0.1836268         9 0.09914586        0      0            0.528
INFO  [16:45:22.026] [bbotk]                                 uhash
INFO  [16:45:22.026] [bbotk]  37b958c6-7842-4790-97b4-e6da45f67eb5
INFO  [16:45:22.033] [bbotk] Evaluating 1 configuration(s)
INFO  [16:45:22.378] [bbotk] Result of batch 3:
INFO  [16:45:22.379] [bbotk]  nrounds       eta max_depth classif.ce warnings errors runtime_learners
INFO  [16:45:22.379] [bbotk]      192 0.1149659         2  0.1029554        0      0            0.297
INFO  [16:45:22.379] [bbotk]                                 uhash
INFO  [16:45:22.379] [bbotk]  d9415e11-23b0-489b-8f28-4b3bb079b890
INFO  [16:45:22.383] [bbotk] Evaluating 1 configuration(s)
INFO  [16:45:23.316] [bbotk] Result of batch 4:
INFO  [16:45:23.317] [bbotk]  nrounds        eta max_depth classif.ce warnings errors runtime_learners
INFO  [16:45:23.317] [bbotk]      196 0.09441393         9 0.09818802        0      0            0.901
INFO  [16:45:23.317] [bbotk]                                 uhash
INFO  [16:45:23.317] [bbotk]  8564470f-a823-4283-9380-d00471aed22f
INFO  [16:45:23.326] [bbotk] Evaluating 1 configuration(s)
INFO  [16:45:23.776] [bbotk] Result of batch 5:
INFO  [16:45:23.777] [bbotk]  nrounds        eta max_depth classif.ce warnings errors runtime_learners
INFO  [16:45:23.777] [bbotk]      174 0.06365661         3  0.1000982        0      0            0.394
INFO  [16:45:23.777] [bbotk]                                 uhash
INFO  [16:45:23.777] [bbotk]  dd79b695-2222-4c72-85f8-9ef0bc1fc517
INFO  [16:45:23.781] [bbotk] Evaluating 1 configuration(s)
INFO  [16:45:24.718] [bbotk] Result of batch 6:
INFO  [16:45:24.719] [bbotk]  nrounds        eta max_depth classif.ce warnings errors runtime_learners
INFO  [16:45:24.719] [bbotk]      281 0.09271451         4  0.1020085        0      0            0.879
INFO  [16:45:24.719] [bbotk]                                 uhash
INFO  [16:45:24.719] [bbotk]  832f918e-a1be-4e98-84c2-66a17818fdb0
INFO  [16:45:24.723] [bbotk] Evaluating 1 configuration(s)
INFO  [16:45:25.780] [bbotk] Result of batch 7:
INFO  [16:45:25.784] [bbotk]  nrounds       eta max_depth classif.ce warnings errors runtime_learners
INFO  [16:45:25.784] [bbotk]      295 0.1843156        10 0.09914859        0      0            1.013
INFO  [16:45:25.784] [bbotk]                                 uhash
INFO  [16:45:25.784] [bbotk]  51a1c8ea-5ead-4211-9eec-d4ba5ae785e7
INFO  [16:45:25.788] [bbotk] Evaluating 1 configuration(s)
INFO  [16:45:26.322] [bbotk] Result of batch 8:
INFO  [16:45:26.322] [bbotk]  nrounds       eta max_depth classif.ce warnings errors runtime_learners
INFO  [16:45:26.322] [bbotk]      133 0.2382471         8 0.09438668        0      0              0.5
INFO  [16:45:26.322] [bbotk]                                 uhash
INFO  [16:45:26.322] [bbotk]  0ccad780-f5a5-44db-a9d2-52e9178f05ad
INFO  [16:45:26.331] [bbotk] Evaluating 1 configuration(s)
INFO  [16:45:27.108] [bbotk] Result of batch 9:
INFO  [16:45:27.111] [bbotk]  nrounds       eta max_depth classif.ce warnings errors runtime_learners
INFO  [16:45:27.111] [bbotk]      241 0.1116981         4 0.09629144        0      0            0.745
INFO  [16:45:27.111] [bbotk]                                 uhash
INFO  [16:45:27.111] [bbotk]  b3e08ad6-06ff-48c8-9e26-77e886a7b82c
INFO  [16:45:27.120] [bbotk] Evaluating 1 configuration(s)
INFO  [16:45:27.771] [bbotk] Result of batch 10:
INFO  [16:45:27.772] [bbotk]  nrounds       eta max_depth classif.ce warnings errors runtime_learners
INFO  [16:45:27.772] [bbotk]      138 0.1732641         8 0.09533634        0      0            0.603
INFO  [16:45:27.772] [bbotk]                                 uhash
INFO  [16:45:27.772] [bbotk]  0ac5eb20-5aa9-40aa-99f9-1e001a393788
INFO  [16:45:27.780] [bbotk] Finished optimizing after 10 evaluation(s)
INFO  [16:45:27.780] [bbotk] Result:
INFO  [16:45:27.781] [bbotk]  nrounds       eta max_depth learner_param_vals  x_domain classif.ce
INFO  [16:45:27.781] [bbotk]    <int>     <num>     <int>             <list>    <list>      <num>
INFO  [16:45:27.781] [bbotk]      133 0.2382471         8          <list[5]> <list[3]> 0.09438668
INFO  [16:45:28.100] [bbotk] Starting to optimize 3 parameter(s) with '<OptimizerBatchRandomSearch>' and '<TerminatorEvals> [n_evals=10, k=0]'
INFO  [16:45:28.113] [bbotk] Evaluating 1 configuration(s)
INFO  [16:45:28.609] [bbotk] Result of batch 1:
INFO  [16:45:28.611] [bbotk]  nrounds       eta max_depth classif.ce warnings errors runtime_learners
INFO  [16:45:28.611] [bbotk]      143 0.1453644         4 0.09628053        0      0            0.459
INFO  [16:45:28.611] [bbotk]                                 uhash
INFO  [16:45:28.611] [bbotk]  d9be2d47-2ab3-4614-bcec-40a30787a3ee
INFO  [16:45:28.621] [bbotk] Evaluating 1 configuration(s)
INFO  [16:45:29.506] [bbotk] Result of batch 2:
INFO  [16:45:29.507] [bbotk]  nrounds        eta max_depth classif.ce warnings errors runtime_learners
INFO  [16:45:29.507] [bbotk]      154 0.06741038         9  0.1010643        0      0            0.846
INFO  [16:45:29.507] [bbotk]                                 uhash
INFO  [16:45:29.507] [bbotk]  230a327f-1754-4500-b008-4da4c3b50ef4
INFO  [16:45:29.512] [bbotk] Evaluating 1 configuration(s)
INFO  [16:45:30.086] [bbotk] Result of batch 3:
INFO  [16:45:30.087] [bbotk]  nrounds       eta max_depth classif.ce warnings errors runtime_learners
INFO  [16:45:30.087] [bbotk]      171 0.2975186         9 0.09533634        0      0            0.537
INFO  [16:45:30.087] [bbotk]                                 uhash
INFO  [16:45:30.087] [bbotk]  94d57628-52b0-4803-9385-9396a07ca893
INFO  [16:45:30.093] [bbotk] Evaluating 1 configuration(s)
INFO  [16:45:30.502] [bbotk] Result of batch 4:
INFO  [16:45:30.503] [bbotk]  nrounds       eta max_depth classif.ce warnings errors runtime_learners
INFO  [16:45:30.503] [bbotk]      113 0.2109644         5 0.09724383        0      0            0.362
INFO  [16:45:30.503] [bbotk]                                 uhash
INFO  [16:45:30.503] [bbotk]  b9c34d24-449e-4c51-a395-c85cb90f443d
INFO  [16:45:30.508] [bbotk] Evaluating 1 configuration(s)
INFO  [16:45:31.039] [bbotk] Result of batch 5:
INFO  [16:45:31.042] [bbotk]  nrounds        eta max_depth classif.ce warnings errors runtime_learners
INFO  [16:45:31.042] [bbotk]      158 0.02208241         4 0.09627234        0      0             0.48
INFO  [16:45:31.042] [bbotk]                                 uhash
INFO  [16:45:31.042] [bbotk]  0b6f79c7-1c32-497c-b201-328284789163
INFO  [16:45:31.046] [bbotk] Evaluating 1 configuration(s)
INFO  [16:45:31.387] [bbotk] Result of batch 6:
INFO  [16:45:31.388] [bbotk]  nrounds       eta max_depth classif.ce warnings errors runtime_learners
INFO  [16:45:31.388] [bbotk]      167 0.1249285         2  0.1029608        0      0            0.301
INFO  [16:45:31.388] [bbotk]                                 uhash
INFO  [16:45:31.388] [bbotk]  8df54d91-2e4d-4bfa-87da-0688d2d4c7de
INFO  [16:45:31.398] [bbotk] Evaluating 1 configuration(s)
INFO  [16:45:32.014] [bbotk] Result of batch 7:
INFO  [16:45:32.015] [bbotk]  nrounds        eta max_depth classif.ce warnings errors runtime_learners
INFO  [16:45:32.015] [bbotk]      116 0.06984279         8   0.102003        0      0            0.571
INFO  [16:45:32.015] [bbotk]                                 uhash
INFO  [16:45:32.015] [bbotk]  a45437b4-c280-43b9-b046-3f30147f95ba
INFO  [16:45:32.019] [bbotk] Evaluating 1 configuration(s)
INFO  [16:45:32.734] [bbotk] Result of batch 8:
INFO  [16:45:32.736] [bbotk]  nrounds       eta max_depth classif.ce warnings errors runtime_learners
INFO  [16:45:32.736] [bbotk]      215 0.2615133         7 0.09248192        0      0            0.666
INFO  [16:45:32.736] [bbotk]                                 uhash
INFO  [16:45:32.736] [bbotk]  b1335d6e-ade1-48a0-babc-f2d2ccb23023
INFO  [16:45:32.742] [bbotk] Evaluating 1 configuration(s)
INFO  [16:45:33.404] [bbotk] Result of batch 9:
INFO  [16:45:33.406] [bbotk]  nrounds       eta max_depth classif.ce warnings errors runtime_learners
INFO  [16:45:33.406] [bbotk]      186 0.1933876         5  0.0972411        0      0            0.627
INFO  [16:45:33.406] [bbotk]                                 uhash
INFO  [16:45:33.406] [bbotk]  c57cd8de-a761-4872-bb1b-bf7593f6e3ac
INFO  [16:45:33.414] [bbotk] Evaluating 1 configuration(s)
INFO  [16:45:33.897] [bbotk] Result of batch 10:
INFO  [16:45:33.898] [bbotk]  nrounds       eta max_depth classif.ce warnings errors runtime_learners
INFO  [16:45:33.898] [bbotk]      279 0.2956682         2 0.09343703        0      0            0.443
INFO  [16:45:33.898] [bbotk]                                 uhash
INFO  [16:45:33.898] [bbotk]  37e7c039-d472-43b0-8231-07736c9b6d49
INFO  [16:45:33.908] [bbotk] Finished optimizing after 10 evaluation(s)
INFO  [16:45:33.909] [bbotk] Result:
INFO  [16:45:33.910] [bbotk]  nrounds       eta max_depth learner_param_vals  x_domain classif.ce
INFO  [16:45:33.910] [bbotk]    <int>     <num>     <int>             <list>    <list>      <num>
INFO  [16:45:33.910] [bbotk]      215 0.2615133         7          <list[5]> <list[3]> 0.09248192
INFO  [16:45:34.401] [bbotk] Starting to optimize 3 parameter(s) with '<OptimizerBatchRandomSearch>' and '<TerminatorEvals> [n_evals=10, k=0]'
INFO  [16:45:34.417] [bbotk] Evaluating 1 configuration(s)
INFO  [16:45:35.436] [bbotk] Result of batch 1:
INFO  [16:45:35.437] [bbotk]  nrounds       eta max_depth classif.ce warnings errors runtime_learners
INFO  [16:45:35.437] [bbotk]      279 0.1036192         5 0.09619048        0      0            0.976
INFO  [16:45:35.437] [bbotk]                                 uhash
INFO  [16:45:35.437] [bbotk]  4acd8421-62e4-4575-967c-c0d76d1a3190
INFO  [16:45:35.443] [bbotk] Evaluating 1 configuration(s)
INFO  [16:45:35.877] [bbotk] Result of batch 2:
INFO  [16:45:35.878] [bbotk]  nrounds        eta max_depth classif.ce warnings errors runtime_learners
INFO  [16:45:35.878] [bbotk]       73 0.08207051         9 0.09809524        0      0            0.388
INFO  [16:45:35.878] [bbotk]                                 uhash
INFO  [16:45:35.878] [bbotk]  cc2bc96a-6826-44df-b248-881e2d957df4
INFO  [16:45:35.882] [bbotk] Evaluating 1 configuration(s)
INFO  [16:45:36.565] [bbotk] Result of batch 3:
INFO  [16:45:36.567] [bbotk]  nrounds       eta max_depth classif.ce warnings errors runtime_learners
INFO  [16:45:36.567] [bbotk]      274 0.1412015         3 0.09619048        0      0            0.637
INFO  [16:45:36.567] [bbotk]                                 uhash
INFO  [16:45:36.567] [bbotk]  4cf1bee2-49cf-41e8-87c5-41af569b2275
INFO  [16:45:36.571] [bbotk] Evaluating 1 configuration(s)
INFO  [16:45:37.526] [bbotk] Result of batch 4:
INFO  [16:45:37.527] [bbotk]  nrounds       eta max_depth classif.ce warnings errors runtime_learners
INFO  [16:45:37.527] [bbotk]      279 0.1629116         8 0.09428571        0      0             0.92
INFO  [16:45:37.527] [bbotk]                                 uhash
INFO  [16:45:37.527] [bbotk]  f36f7021-06df-41be-a7f1-e027d5ae536e
INFO  [16:45:37.531] [bbotk] Evaluating 1 configuration(s)
INFO  [16:45:38.115] [bbotk] Result of batch 5:
INFO  [16:45:38.116] [bbotk]  nrounds       eta max_depth classif.ce warnings errors runtime_learners
INFO  [16:45:38.116] [bbotk]      193 0.1885071         4 0.09619048        0      0            0.539
INFO  [16:45:38.116] [bbotk]                                 uhash
INFO  [16:45:38.116] [bbotk]  da7ea27a-a918-42fc-b1d8-55e94afdaf1f
INFO  [16:45:38.124] [bbotk] Evaluating 1 configuration(s)
INFO  [16:45:38.873] [bbotk] Result of batch 6:
INFO  [16:45:38.874] [bbotk]  nrounds       eta max_depth classif.ce warnings errors runtime_learners
INFO  [16:45:38.874] [bbotk]      223 0.1976512         6 0.09904762        0      0            0.719
INFO  [16:45:38.874] [bbotk]                                 uhash
INFO  [16:45:38.874] [bbotk]  9df8ebcb-a68f-4bdb-b5e4-c930d8705b91
INFO  [16:45:38.882] [bbotk] Evaluating 1 configuration(s)
INFO  [16:45:39.418] [bbotk] Result of batch 7:
INFO  [16:45:39.419] [bbotk]  nrounds       eta max_depth classif.ce warnings errors runtime_learners
INFO  [16:45:39.419] [bbotk]      134 0.2010556         7 0.09714286        0      0              0.5
INFO  [16:45:39.419] [bbotk]                                 uhash
INFO  [16:45:39.419] [bbotk]  52a3b42d-9015-4bd9-bdde-5ae36a1f777e
INFO  [16:45:39.428] [bbotk] Evaluating 1 configuration(s)
INFO  [16:45:40.192] [bbotk] Result of batch 8:
INFO  [16:45:40.195] [bbotk]  nrounds       eta max_depth classif.ce warnings errors runtime_learners
INFO  [16:45:40.195] [bbotk]      229 0.2428115         8 0.09238095        0      0            0.722
INFO  [16:45:40.195] [bbotk]                                 uhash
INFO  [16:45:40.195] [bbotk]  8fcd7462-d279-45b3-a655-8eab546eaafc
INFO  [16:45:40.199] [bbotk] Evaluating 1 configuration(s)
INFO  [16:45:41.152] [bbotk] Result of batch 9:
INFO  [16:45:41.153] [bbotk]  nrounds       eta max_depth classif.ce warnings errors runtime_learners
INFO  [16:45:41.153] [bbotk]      251 0.1390588         7 0.09904762        0      0            0.914
INFO  [16:45:41.153] [bbotk]                                 uhash
INFO  [16:45:41.153] [bbotk]  ea40adcc-8dc1-4869-9cec-5fe941e85e44
INFO  [16:45:41.157] [bbotk] Evaluating 1 configuration(s)
INFO  [16:45:41.671] [bbotk] Result of batch 10:
INFO  [16:45:41.672] [bbotk]  nrounds       eta max_depth classif.ce warnings errors runtime_learners
INFO  [16:45:41.672] [bbotk]      116 0.1675834         7 0.09238095        0      0            0.472
INFO  [16:45:41.672] [bbotk]                                 uhash
INFO  [16:45:41.672] [bbotk]  11c39978-e3f4-4220-bf7b-477dc16f1699
INFO  [16:45:41.684] [bbotk] Finished optimizing after 10 evaluation(s)
INFO  [16:45:41.685] [bbotk] Result:
INFO  [16:45:41.686] [bbotk]  nrounds       eta max_depth learner_param_vals  x_domain classif.ce
INFO  [16:45:41.686] [bbotk]    <int>     <num>     <int>             <list>    <list>      <num>
INFO  [16:45:41.686] [bbotk]      229 0.2428115         8          <list[5]> <list[3]> 0.09238095
INFO  [16:45:42.099] [bbotk] Starting to optimize 3 parameter(s) with '<OptimizerBatchRandomSearch>' and '<TerminatorEvals> [n_evals=10, k=0]'
INFO  [16:45:42.126] [bbotk] Evaluating 1 configuration(s)
INFO  [16:45:43.425] [bbotk] Result of batch 1:
INFO  [16:45:43.426] [bbotk]  nrounds        eta max_depth classif.ce warnings errors runtime_learners
INFO  [16:45:43.426] [bbotk]      245 0.01070057         8 0.08571429        0      0            1.261
INFO  [16:45:43.426] [bbotk]                                 uhash
INFO  [16:45:43.426] [bbotk]  b7c8493f-7484-4f76-a943-d20bf2e043d7
INFO  [16:45:43.436] [bbotk] Evaluating 1 configuration(s)
INFO  [16:45:44.046] [bbotk] Result of batch 2:
INFO  [16:45:44.047] [bbotk]  nrounds        eta max_depth classif.ce warnings errors runtime_learners
INFO  [16:45:44.047] [bbotk]      183 0.08833262         4 0.08761905        0      0            0.574
INFO  [16:45:44.047] [bbotk]                                 uhash
INFO  [16:45:44.047] [bbotk]  85f1b21e-a127-4de9-8f55-9eddae245b1a
INFO  [16:45:44.051] [bbotk] Evaluating 1 configuration(s)
INFO  [16:45:44.798] [bbotk] Result of batch 3:
INFO  [16:45:44.800] [bbotk]  nrounds       eta max_depth classif.ce warnings errors runtime_learners
INFO  [16:45:44.800] [bbotk]      204 0.1257153         5 0.08761905        0      0            0.699
INFO  [16:45:44.800] [bbotk]                                 uhash
INFO  [16:45:44.800] [bbotk]  b1174175-bba4-45dd-a4ce-23cc5e71b5b6
INFO  [16:45:44.804] [bbotk] Evaluating 1 configuration(s)
INFO  [16:45:45.824] [bbotk] Result of batch 4:
INFO  [16:45:45.828] [bbotk]  nrounds       eta max_depth classif.ce warnings errors runtime_learners
INFO  [16:45:45.828] [bbotk]      282 0.1231406        10 0.08761905        0      0            0.982
INFO  [16:45:45.828] [bbotk]                                 uhash
INFO  [16:45:45.828] [bbotk]  511a724e-db92-489e-adcf-724819d080ca
INFO  [16:45:45.837] [bbotk] Evaluating 1 configuration(s)
INFO  [16:45:46.632] [bbotk] Result of batch 5:
INFO  [16:45:46.633] [bbotk]  nrounds       eta max_depth classif.ce warnings errors runtime_learners
INFO  [16:45:46.633] [bbotk]      224 0.2128335         9 0.08761905        0      0            0.748
INFO  [16:45:46.633] [bbotk]                                 uhash
INFO  [16:45:46.633] [bbotk]  1d7262b4-fc19-4d84-965e-5a067e436aa0
INFO  [16:45:46.637] [bbotk] Evaluating 1 configuration(s)
INFO  [16:45:47.329] [bbotk] Result of batch 6:
INFO  [16:45:47.330] [bbotk]  nrounds        eta max_depth classif.ce warnings errors runtime_learners
INFO  [16:45:47.330] [bbotk]      214 0.01831064         4 0.08857143        0      0            0.659
INFO  [16:45:47.330] [bbotk]                                 uhash
INFO  [16:45:47.330] [bbotk]  335f4796-7de7-48dd-bb88-cea8efbf66d9
INFO  [16:45:47.334] [bbotk] Evaluating 1 configuration(s)
INFO  [16:45:47.531] [bbotk] Result of batch 7:
INFO  [16:45:47.532] [bbotk]  nrounds       eta max_depth classif.ce warnings errors runtime_learners
INFO  [16:45:47.532] [bbotk]       98 0.1321842         2 0.09047619        0      0            0.164
INFO  [16:45:47.532] [bbotk]                                 uhash
INFO  [16:45:47.532] [bbotk]  ce949bc7-93ec-4ce3-bc10-d821bd25ffd6
INFO  [16:45:47.536] [bbotk] Evaluating 1 configuration(s)
INFO  [16:45:48.000] [bbotk] Result of batch 8:
INFO  [16:45:48.001] [bbotk]  nrounds        eta max_depth classif.ce warnings errors runtime_learners
INFO  [16:45:48.001] [bbotk]       72 0.04105127        10 0.08857143        0      0            0.429
INFO  [16:45:48.001] [bbotk]                                 uhash
INFO  [16:45:48.001] [bbotk]  4ff736d8-9eee-4914-9f31-da407471297c
INFO  [16:45:48.009] [bbotk] Evaluating 1 configuration(s)
INFO  [16:45:48.527] [bbotk] Result of batch 9:
INFO  [16:45:48.528] [bbotk]  nrounds       eta max_depth classif.ce warnings errors runtime_learners
INFO  [16:45:48.528] [bbotk]      213 0.1300743         3 0.08952381        0      0             0.47
INFO  [16:45:48.528] [bbotk]                                 uhash
INFO  [16:45:48.528] [bbotk]  e9c489b0-d1dd-4aa0-bc1a-a46f7ea04d2d
INFO  [16:45:48.532] [bbotk] Evaluating 1 configuration(s)
INFO  [16:45:48.974] [bbotk] Result of batch 10:
INFO  [16:45:48.975] [bbotk]  nrounds       eta max_depth classif.ce warnings errors runtime_learners
INFO  [16:45:48.975] [bbotk]       93 0.2072447        10 0.08857143        0      0            0.406
INFO  [16:45:48.975] [bbotk]                                 uhash
INFO  [16:45:48.975] [bbotk]  af945a4c-e976-426c-9457-e0430306e98a
INFO  [16:45:48.994] [bbotk] Finished optimizing after 10 evaluation(s)
INFO  [16:45:48.995] [bbotk] Result:
INFO  [16:45:48.997] [bbotk]  nrounds        eta max_depth learner_param_vals  x_domain classif.ce
INFO  [16:45:48.997] [bbotk]    <int>      <num>     <int>             <list>    <list>      <num>
INFO  [16:45:48.997] [bbotk]      245 0.01070057         8          <list[5]> <list[3]> 0.08571429
INFO  [16:45:49.601] [bbotk] Starting to optimize 3 parameter(s) with '<OptimizerBatchRandomSearch>' and '<TerminatorEvals> [n_evals=10, k=0]'
INFO  [16:45:49.613] [bbotk] Evaluating 1 configuration(s)
INFO  [16:45:50.115] [bbotk] Result of batch 1:
INFO  [16:45:50.116] [bbotk]  nrounds       eta max_depth classif.ce warnings errors runtime_learners
INFO  [16:45:50.116] [bbotk]      185 0.1961748         3  0.1066667        0      0            0.467
INFO  [16:45:50.116] [bbotk]                                 uhash
INFO  [16:45:50.116] [bbotk]  63080fb5-6ec6-4987-a168-2f0f883d27ea
INFO  [16:45:50.119] [bbotk] Evaluating 1 configuration(s)
INFO  [16:45:50.690] [bbotk] Result of batch 2:
INFO  [16:45:50.692] [bbotk]  nrounds       eta max_depth classif.ce warnings errors runtime_learners
INFO  [16:45:50.692] [bbotk]      151 0.1787929         5   0.112381        0      0            0.538
INFO  [16:45:50.692] [bbotk]                                 uhash
INFO  [16:45:50.692] [bbotk]  3b6b186d-08ee-45ee-a8c0-247118b57d05
INFO  [16:45:50.701] [bbotk] Evaluating 1 configuration(s)
INFO  [16:45:51.404] [bbotk] Result of batch 3:
INFO  [16:45:51.407] [bbotk]  nrounds       eta max_depth classif.ce warnings errors runtime_learners
INFO  [16:45:51.407] [bbotk]      161 0.1466785         8  0.1104762        0      0            0.669
INFO  [16:45:51.407] [bbotk]                                 uhash
INFO  [16:45:51.407] [bbotk]  05fa30e8-5a62-4f58-849f-8b50f2535f82
INFO  [16:45:51.417] [bbotk] Evaluating 1 configuration(s)
INFO  [16:45:51.826] [bbotk] Result of batch 4:
INFO  [16:45:51.827] [bbotk]  nrounds       eta max_depth classif.ce warnings errors runtime_learners
INFO  [16:45:51.827] [bbotk]      254 0.2504714         2  0.1047619        0      0            0.372
INFO  [16:45:51.827] [bbotk]                                 uhash
INFO  [16:45:51.827] [bbotk]  1ff22349-54d9-4a23-be6e-634faa07afe2
INFO  [16:45:51.831] [bbotk] Evaluating 1 configuration(s)
INFO  [16:45:52.439] [bbotk] Result of batch 5:
INFO  [16:45:52.440] [bbotk]  nrounds        eta max_depth classif.ce warnings errors runtime_learners
INFO  [16:45:52.440] [bbotk]      251 0.08803396         3  0.1095238        0      0             0.57
INFO  [16:45:52.440] [bbotk]                                 uhash
INFO  [16:45:52.440] [bbotk]  16c228d7-280e-4840-aff0-c781b5ced8f7
INFO  [16:45:52.444] [bbotk] Evaluating 1 configuration(s)
INFO  [16:45:53.468] [bbotk] Result of batch 6:
INFO  [16:45:53.471] [bbotk]  nrounds       eta max_depth classif.ce warnings errors runtime_learners
INFO  [16:45:53.471] [bbotk]      272 0.1598346         8   0.112381        0      0            0.971
INFO  [16:45:53.471] [bbotk]                                 uhash
INFO  [16:45:53.471] [bbotk]  0f9678dc-2e4c-4f87-b8a4-472f41a69675
INFO  [16:45:53.480] [bbotk] Evaluating 1 configuration(s)
INFO  [16:45:54.389] [bbotk] Result of batch 7:
INFO  [16:45:54.390] [bbotk]  nrounds        eta max_depth classif.ce warnings errors runtime_learners
INFO  [16:45:54.390] [bbotk]      152 0.03788976         9  0.1095238        0      0            0.882
INFO  [16:45:54.390] [bbotk]                                 uhash
INFO  [16:45:54.390] [bbotk]  7a3f3d5a-ab44-4145-9642-1c4d1d5a7c61
INFO  [16:45:54.399] [bbotk] Evaluating 1 configuration(s)
INFO  [16:45:55.183] [bbotk] Result of batch 8:
INFO  [16:45:55.185] [bbotk]  nrounds       eta max_depth classif.ce warnings errors runtime_learners
INFO  [16:45:55.185] [bbotk]      242 0.2436233         7  0.1095238        0      0             0.74
INFO  [16:45:55.185] [bbotk]                                 uhash
INFO  [16:45:55.185] [bbotk]  2bf11815-7200-4a01-b1ae-fe5dc1a0cdc1
INFO  [16:45:55.195] [bbotk] Evaluating 1 configuration(s)
INFO  [16:45:55.422] [bbotk] Result of batch 9:
INFO  [16:45:55.423] [bbotk]  nrounds      eta max_depth classif.ce warnings errors runtime_learners
INFO  [16:45:55.423] [bbotk]      128 0.135722         2  0.1019048        0      0             0.19
INFO  [16:45:55.423] [bbotk]                                 uhash
INFO  [16:45:55.423] [bbotk]  95047246-a87f-4228-a328-8521ae6ddb55
INFO  [16:45:55.427] [bbotk] Evaluating 1 configuration(s)
INFO  [16:45:56.030] [bbotk] Result of batch 10:
INFO  [16:45:56.032] [bbotk]  nrounds        eta max_depth classif.ce warnings errors runtime_learners
INFO  [16:45:56.032] [bbotk]       99 0.08117763        10  0.1114286        0      0             0.57
INFO  [16:45:56.032] [bbotk]                                 uhash
INFO  [16:45:56.032] [bbotk]  111516b5-064d-47ae-bdf0-6a0d5b3431ea
INFO  [16:45:56.047] [bbotk] Finished optimizing after 10 evaluation(s)
INFO  [16:45:56.047] [bbotk] Result:
INFO  [16:45:56.049] [bbotk]  nrounds      eta max_depth learner_param_vals  x_domain classif.ce
INFO  [16:45:56.049] [bbotk]    <int>    <num>     <int>             <list>    <list>      <num>
INFO  [16:45:56.049] [bbotk]      128 0.135722         2          <list[5]> <list[3]>  0.1019048

### [bt]: Job terminated successfully [batchtools job.id=1058]
### [bt]: Starting job [batchtools job.id=1059]
### [bt]: Generating problem instance for problem '698720b8ce42ae0c' ...
### [bt]: Applying algorithm 'run_learner' on problem '698720b8ce42ae0c' for job 1059 (seed = 1060) ...
INFO  [16:45:56.499] [mlr3] Applying learner 'classif.xgboost.tuned_calib.oof_platt' on task 'pc4' (iter 9/10)
INFO  [16:45:56.547] [bbotk] Starting to optimize 3 parameter(s) with '<OptimizerBatchRandomSearch>' and '<TerminatorEvals> [n_evals=10, k=0]'
INFO  [16:45:56.565] [bbotk] Evaluating 1 configuration(s)
INFO  [16:45:57.126] [bbotk] Result of batch 1:
INFO  [16:45:57.128] [bbotk]  nrounds       eta max_depth classif.ce warnings errors runtime_learners
INFO  [16:45:57.128] [bbotk]      216 0.1732803         3 0.09428571        0      0            0.508
INFO  [16:45:57.128] [bbotk]                                 uhash
INFO  [16:45:57.128] [bbotk]  9d5ef09a-857d-437a-a66c-ff5846da2410
INFO  [16:45:57.138] [bbotk] Evaluating 1 configuration(s)
INFO  [16:45:57.627] [bbotk] Result of batch 2:
INFO  [16:45:57.628] [bbotk]  nrounds       eta max_depth classif.ce warnings errors runtime_learners
INFO  [16:45:57.628] [bbotk]      111 0.2820804         8  0.1009524        0      0            0.445
INFO  [16:45:57.628] [bbotk]                                 uhash
INFO  [16:45:57.628] [bbotk]  3b1628c4-b2c1-4396-bf2f-3863b2b7d345
INFO  [16:45:57.632] [bbotk] Evaluating 1 configuration(s)
INFO  [16:45:58.247] [bbotk] Result of batch 3:
INFO  [16:45:58.248] [bbotk]  nrounds        eta max_depth classif.ce warnings errors runtime_learners
INFO  [16:45:58.248] [bbotk]      107 0.07845075         8  0.1019048        0      0            0.562
INFO  [16:45:58.248] [bbotk]                                 uhash
INFO  [16:45:58.248] [bbotk]  1f3058bb-67fb-4a9b-80fa-e023ab1f721b
INFO  [16:45:58.257] [bbotk] Evaluating 1 configuration(s)
INFO  [16:45:58.675] [bbotk] Result of batch 4:
INFO  [16:45:58.676] [bbotk]  nrounds       eta max_depth classif.ce warnings errors runtime_learners
INFO  [16:45:58.676] [bbotk]      167 0.1928408         3 0.09333333        0      0            0.374
INFO  [16:45:58.676] [bbotk]                                 uhash
INFO  [16:45:58.676] [bbotk]  d7a2abec-a299-494d-9c82-3493e5bbe987
INFO  [16:45:58.681] [bbotk] Evaluating 1 configuration(s)
INFO  [16:45:59.648] [bbotk] Result of batch 5:
INFO  [16:45:59.649] [bbotk]  nrounds       eta max_depth classif.ce warnings errors runtime_learners
INFO  [16:45:59.649] [bbotk]      270 0.1463724         8 0.09333333        0      0            0.911
INFO  [16:45:59.649] [bbotk]                                 uhash
INFO  [16:45:59.649] [bbotk]  1ca61763-f826-43ff-845f-a5d5bc967e8f
INFO  [16:45:59.655] [bbotk] Evaluating 1 configuration(s)
INFO  [16:46:00.334] [bbotk] Result of batch 6:
INFO  [16:46:00.336] [bbotk]  nrounds       eta max_depth classif.ce warnings errors runtime_learners
INFO  [16:46:00.336] [bbotk]      212 0.2718683         8 0.09904762        0      0            0.638
INFO  [16:46:00.336] [bbotk]                                 uhash
INFO  [16:46:00.336] [bbotk]  f1d85b05-90ac-4139-bca1-9878e500f1bc
INFO  [16:46:00.346] [bbotk] Evaluating 1 configuration(s)
INFO  [16:46:00.643] [bbotk] Result of batch 7:
INFO  [16:46:00.644] [bbotk]  nrounds       eta max_depth classif.ce warnings errors runtime_learners
INFO  [16:46:00.644] [bbotk]       61 0.1732905         6 0.09714286        0      0            0.254
INFO  [16:46:00.644] [bbotk]                                 uhash
INFO  [16:46:00.644] [bbotk]  ccf8e6ef-4f19-496c-96d3-36cfe2a9dbbb
INFO  [16:46:00.659] [bbotk] Evaluating 1 configuration(s)
INFO  [16:46:00.857] [bbotk] Result of batch 8:
INFO  [16:46:00.860] [bbotk]  nrounds        eta max_depth classif.ce warnings errors runtime_learners
INFO  [16:46:00.860] [bbotk]       79 0.02031505         2  0.1047619        0      0            0.152
INFO  [16:46:00.860] [bbotk]                                 uhash
INFO  [16:46:00.860] [bbotk]  75bbf065-a26f-46e9-b682-ae4776b62f36
INFO  [16:46:00.876] [bbotk] Evaluating 1 configuration(s)
INFO  [16:46:01.350] [bbotk] Result of batch 9:
INFO  [16:46:01.355] [bbotk]  nrounds        eta max_depth classif.ce warnings errors runtime_learners
INFO  [16:46:01.355] [bbotk]      262 0.02838503         2 0.09142857        0      0            0.422
INFO  [16:46:01.355] [bbotk]                                 uhash
INFO  [16:46:01.355] [bbotk]  5ba94e11-bbb6-4bcf-bbb1-23662b157956
INFO  [16:46:01.361] [bbotk] Evaluating 1 configuration(s)
INFO  [16:46:02.198] [bbotk] Result of batch 10:
INFO  [16:46:02.199] [bbotk]  nrounds      eta max_depth classif.ce warnings errors runtime_learners
INFO  [16:46:02.199] [bbotk]      260 0.192187         9 0.09714286        0      0            0.781
INFO  [16:46:02.199] [bbotk]                                 uhash
INFO  [16:46:02.199] [bbotk]  7c35a08b-9d42-4cdb-b2f6-f486549136ad
INFO  [16:46:02.216] [bbotk] Finished optimizing after 10 evaluation(s)
INFO  [16:46:02.216] [bbotk] Result:
INFO  [16:46:02.218] [bbotk]  nrounds        eta max_depth learner_param_vals  x_domain classif.ce
INFO  [16:46:02.218] [bbotk]    <int>      <num>     <int>             <list>    <list>      <num>
INFO  [16:46:02.218] [bbotk]      262 0.02838503         2          <list[5]> <list[3]> 0.09142857
INFO  [16:46:02.460] [bbotk] Starting to optimize 3 parameter(s) with '<OptimizerBatchRandomSearch>' and '<TerminatorEvals> [n_evals=10, k=0]'
INFO  [16:46:02.477] [bbotk] Evaluating 1 configuration(s)
INFO  [16:46:02.924] [bbotk] Result of batch 1:
INFO  [16:46:02.924] [bbotk]  nrounds        eta max_depth classif.ce warnings errors runtime_learners
INFO  [16:46:02.924] [bbotk]       71 0.08828104         8  0.1133333        0      0            0.403
INFO  [16:46:02.924] [bbotk]                                 uhash
INFO  [16:46:02.924] [bbotk]  9fa2412e-dd8b-45bf-a161-e77de6c56397
INFO  [16:46:02.929] [bbotk] Evaluating 1 configuration(s)
INFO  [16:46:03.703] [bbotk] Result of batch 2:
INFO  [16:46:03.704] [bbotk]  nrounds       eta max_depth classif.ce warnings errors runtime_learners
INFO  [16:46:03.704] [bbotk]      227 0.1848841         5  0.1047619        0      0            0.731
INFO  [16:46:03.704] [bbotk]                                 uhash
INFO  [16:46:03.704] [bbotk]  86ab33c8-72d4-412c-ac35-0f98d38ab375
INFO  [16:46:03.713] [bbotk] Evaluating 1 configuration(s)
INFO  [16:46:04.174] [bbotk] Result of batch 3:
INFO  [16:46:04.176] [bbotk]  nrounds        eta max_depth classif.ce warnings errors runtime_learners
INFO  [16:46:04.176] [bbotk]      263 0.04887912         2  0.1019048        0      0            0.407
INFO  [16:46:04.176] [bbotk]                                 uhash
INFO  [16:46:04.176] [bbotk]  f48b1640-a491-4003-bd2f-c41a960b1dbf
INFO  [16:46:04.186] [bbotk] Evaluating 1 configuration(s)
INFO  [16:46:04.544] [bbotk] Result of batch 4:
INFO  [16:46:04.545] [bbotk]  nrounds       eta max_depth classif.ce warnings errors runtime_learners
INFO  [16:46:04.545] [bbotk]       75 0.1726716         6  0.1038095        0      0            0.322
INFO  [16:46:04.545] [bbotk]                                 uhash
INFO  [16:46:04.545] [bbotk]  a6c5a8ea-0292-4c38-9d7c-02695f011d3d
INFO  [16:46:04.551] [bbotk] Evaluating 1 configuration(s)
INFO  [16:46:04.856] [bbotk] Result of batch 5:
INFO  [16:46:04.858] [bbotk]  nrounds       eta max_depth classif.ce warnings errors runtime_learners
INFO  [16:46:04.858] [bbotk]       93 0.1809635         4        0.1        0      0            0.268
INFO  [16:46:04.858] [bbotk]                                 uhash
INFO  [16:46:04.858] [bbotk]  6096fe11-6fe8-4628-8346-fcfd992dd426
INFO  [16:46:04.866] [bbotk] Evaluating 1 configuration(s)
INFO  [16:46:05.132] [bbotk] Result of batch 6:
INFO  [16:46:05.134] [bbotk]  nrounds        eta max_depth classif.ce warnings errors runtime_learners
INFO  [16:46:05.134] [bbotk]      136 0.01938308         2  0.1085714        0      0            0.234
INFO  [16:46:05.134] [bbotk]                                 uhash
INFO  [16:46:05.134] [bbotk]  00762b48-954b-4879-9ee4-0b55af4de842
INFO  [16:46:05.142] [bbotk] Evaluating 1 configuration(s)
INFO  [16:46:05.619] [bbotk] Result of batch 7:
INFO  [16:46:05.621] [bbotk]  nrounds        eta max_depth classif.ce warnings errors runtime_learners
INFO  [16:46:05.621] [bbotk]      258 0.06266012         2  0.1028571        0      0            0.438
INFO  [16:46:05.621] [bbotk]                                 uhash
INFO  [16:46:05.621] [bbotk]  a98f654e-9917-46bb-9873-f5d68a336f40
INFO  [16:46:05.630] [bbotk] Evaluating 1 configuration(s)
INFO  [16:46:06.668] [bbotk] Result of batch 8:
INFO  [16:46:06.669] [bbotk]  nrounds        eta max_depth classif.ce warnings errors runtime_learners
INFO  [16:46:06.669] [bbotk]      246 0.01159196         6  0.1142857        0      0            0.985
INFO  [16:46:06.669] [bbotk]                                 uhash
INFO  [16:46:06.669] [bbotk]  1b467c1e-6b61-4c6c-b5ad-0c95731034d7
INFO  [16:46:06.673] [bbotk] Evaluating 1 configuration(s)
INFO  [16:46:06.966] [bbotk] Result of batch 9:
INFO  [16:46:06.967] [bbotk]  nrounds       eta max_depth classif.ce warnings errors runtime_learners
INFO  [16:46:06.967] [bbotk]       58 0.2423757         5  0.1009524        0      0            0.254
INFO  [16:46:06.967] [bbotk]                                 uhash
INFO  [16:46:06.967] [bbotk]  4532494d-2df1-462a-af31-27f96f3dcf9a
INFO  [16:46:06.979] [bbotk] Evaluating 1 configuration(s)
INFO  [16:46:07.557] [bbotk] Result of batch 10:
INFO  [16:46:07.558] [bbotk]  nrounds       eta max_depth classif.ce warnings errors runtime_learners
INFO  [16:46:07.558] [bbotk]      152 0.2996897         7  0.1019048        0      0            0.534
INFO  [16:46:07.558] [bbotk]                                 uhash
INFO  [16:46:07.558] [bbotk]  fcecb392-5c26-4050-a0b7-01e88fb31b6a
INFO  [16:46:07.565] [bbotk] Finished optimizing after 10 evaluation(s)
INFO  [16:46:07.566] [bbotk] Result:
INFO  [16:46:07.566] [bbotk]  nrounds       eta max_depth learner_param_vals  x_domain classif.ce
INFO  [16:46:07.566] [bbotk]    <int>     <num>     <int>             <list>    <list>      <num>
INFO  [16:46:07.566] [bbotk]       93 0.1809635         4          <list[5]> <list[3]>        0.1
INFO  [16:46:07.726] [bbotk] Starting to optimize 3 parameter(s) with '<OptimizerBatchRandomSearch>' and '<TerminatorEvals> [n_evals=10, k=0]'
INFO  [16:46:07.736] [bbotk] Evaluating 1 configuration(s)
INFO  [16:46:08.123] [bbotk] Result of batch 1:
INFO  [16:46:08.124] [bbotk]  nrounds       eta max_depth classif.ce warnings errors runtime_learners
INFO  [16:46:08.124] [bbotk]       73 0.1872916         7  0.1019048        0      0            0.348
INFO  [16:46:08.124] [bbotk]                                 uhash
INFO  [16:46:08.124] [bbotk]  b883c92e-767c-4b06-81ca-8de681bad6b3
INFO  [16:46:08.127] [bbotk] Evaluating 1 configuration(s)
INFO  [16:46:08.822] [bbotk] Result of batch 2:
INFO  [16:46:08.824] [bbotk]  nrounds        eta max_depth classif.ce warnings errors runtime_learners
INFO  [16:46:08.824] [bbotk]      131 0.03980857         9  0.1047619        0      0            0.652
INFO  [16:46:08.824] [bbotk]                                 uhash
INFO  [16:46:08.824] [bbotk]  f89753fa-25b8-4574-8e69-66b1f147514b
INFO  [16:46:08.833] [bbotk] Evaluating 1 configuration(s)
INFO  [16:46:09.569] [bbotk] Result of batch 3:
INFO  [16:46:09.570] [bbotk]  nrounds        eta max_depth classif.ce warnings errors runtime_learners
INFO  [16:46:09.570] [bbotk]      149 0.08205376         8  0.1028571        0      0            0.695
INFO  [16:46:09.570] [bbotk]                                 uhash
INFO  [16:46:09.570] [bbotk]  0dd7e4f4-6af3-43d1-aba0-3bf47792845c
INFO  [16:46:09.580] [bbotk] Evaluating 1 configuration(s)
INFO  [16:46:10.093] [bbotk] Result of batch 4:
INFO  [16:46:10.094] [bbotk]  nrounds       eta max_depth classif.ce warnings errors runtime_learners
INFO  [16:46:10.094] [bbotk]      102 0.2366207         8  0.1038095        0      0            0.457
INFO  [16:46:10.094] [bbotk]                                 uhash
INFO  [16:46:10.094] [bbotk]  9c62e0ea-49e3-4f0f-b138-8015cbecec6c
INFO  [16:46:10.098] [bbotk] Evaluating 1 configuration(s)
INFO  [16:46:10.893] [bbotk] Result of batch 5:
INFO  [16:46:10.893] [bbotk]  nrounds       eta max_depth classif.ce warnings errors runtime_learners
INFO  [16:46:10.893] [bbotk]      247 0.2334487         9  0.1028571        0      0            0.756
INFO  [16:46:10.893] [bbotk]                                 uhash
INFO  [16:46:10.893] [bbotk]  63545770-5181-4d6b-9147-303755680b62
INFO  [16:46:10.897] [bbotk] Evaluating 1 configuration(s)
INFO  [16:46:11.714] [bbotk] Result of batch 6:
INFO  [16:46:11.715] [bbotk]  nrounds       eta max_depth classif.ce warnings errors runtime_learners
INFO  [16:46:11.715] [bbotk]      273 0.1902047         4 0.09428571        0      0            0.776
INFO  [16:46:11.715] [bbotk]                                 uhash
INFO  [16:46:11.715] [bbotk]  d13e7199-edef-4473-a6ed-f8e5b3bcb4b7
INFO  [16:46:11.719] [bbotk] Evaluating 1 configuration(s)
INFO  [16:46:11.991] [bbotk] Result of batch 7:
INFO  [16:46:11.992] [bbotk]  nrounds       eta max_depth classif.ce warnings errors runtime_learners
INFO  [16:46:11.992] [bbotk]       89 0.1035284         3 0.09809524        0      0            0.233
INFO  [16:46:11.992] [bbotk]                                 uhash
INFO  [16:46:11.992] [bbotk]  6e1d328d-2b6e-4dd2-b081-6851eb6d0196
INFO  [16:46:11.996] [bbotk] Evaluating 1 configuration(s)
INFO  [16:46:12.323] [bbotk] Result of batch 8:
INFO  [16:46:12.324] [bbotk]  nrounds        eta max_depth classif.ce warnings errors runtime_learners
INFO  [16:46:12.324] [bbotk]       84 0.02834422         5  0.1085714        0      0            0.291
INFO  [16:46:12.324] [bbotk]                                 uhash
INFO  [16:46:12.324] [bbotk]  c2f46a2d-37c3-472a-bd0f-cde91abc76a7
INFO  [16:46:12.328] [bbotk] Evaluating 1 configuration(s)
INFO  [16:46:13.038] [bbotk] Result of batch 9:
INFO  [16:46:13.040] [bbotk]  nrounds       eta max_depth classif.ce warnings errors runtime_learners
INFO  [16:46:13.040] [bbotk]      250 0.2548166         4 0.09904762        0      0            0.677
INFO  [16:46:13.040] [bbotk]                                 uhash
INFO  [16:46:13.040] [bbotk]  610a4a26-b572-4dd6-bae3-de0c8ec6a83b
INFO  [16:46:13.049] [bbotk] Evaluating 1 configuration(s)
INFO  [16:46:13.421] [bbotk] Result of batch 10:
INFO  [16:46:13.423] [bbotk]  nrounds      eta max_depth classif.ce warnings errors runtime_learners
INFO  [16:46:13.423] [bbotk]       83 0.295445        10  0.1019048        0      0            0.328
INFO  [16:46:13.423] [bbotk]                                 uhash
INFO  [16:46:13.423] [bbotk]  c9a19eeb-c149-45e7-b067-68ad42dad0d3
INFO  [16:46:13.441] [bbotk] Finished optimizing after 10 evaluation(s)
INFO  [16:46:13.442] [bbotk] Result:
INFO  [16:46:13.443] [bbotk]  nrounds       eta max_depth learner_param_vals  x_domain classif.ce
INFO  [16:46:13.443] [bbotk]    <int>     <num>     <int>             <list>    <list>      <num>
INFO  [16:46:13.443] [bbotk]      273 0.1902047         4          <list[5]> <list[3]> 0.09428571
INFO  [16:46:13.837] [bbotk] Starting to optimize 3 parameter(s) with '<OptimizerBatchRandomSearch>' and '<TerminatorEvals> [n_evals=10, k=0]'
INFO  [16:46:13.847] [bbotk] Evaluating 1 configuration(s)
INFO  [16:46:14.397] [bbotk] Result of batch 1:
INFO  [16:46:14.399] [bbotk]  nrounds        eta max_depth classif.ce warnings errors runtime_learners
INFO  [16:46:14.399] [bbotk]      101 0.04150168        10 0.07897979        0      0            0.506
INFO  [16:46:14.399] [bbotk]                                 uhash
INFO  [16:46:14.399] [bbotk]  df9c1841-3023-4321-a08d-19d95e6c8030
INFO  [16:46:14.406] [bbotk] Evaluating 1 configuration(s)
INFO  [16:46:14.677] [bbotk] Result of batch 2:
INFO  [16:46:14.679] [bbotk]  nrounds        eta max_depth classif.ce warnings errors runtime_learners
INFO  [16:46:14.679] [bbotk]      104 0.03869174         3  0.0875485        0      0            0.241
INFO  [16:46:14.679] [bbotk]                                 uhash
INFO  [16:46:14.679] [bbotk]  a302e743-e511-41d6-b36e-e20b8bfb45fe
INFO  [16:46:14.685] [bbotk] Evaluating 1 configuration(s)
INFO  [16:46:15.245] [bbotk] Result of batch 3:
INFO  [16:46:15.246] [bbotk]  nrounds       eta max_depth classif.ce warnings errors runtime_learners
INFO  [16:46:15.246] [bbotk]      142 0.1810524         5 0.08278931        0      0            0.528
INFO  [16:46:15.246] [bbotk]                                 uhash
INFO  [16:46:15.246] [bbotk]  6689ec34-1409-454f-bdce-a14e36de7adb
INFO  [16:46:15.255] [bbotk] Evaluating 1 configuration(s)
INFO  [16:46:15.559] [bbotk] Result of batch 4:
INFO  [16:46:15.561] [bbotk]  nrounds        eta max_depth classif.ce warnings errors runtime_learners
INFO  [16:46:15.561] [bbotk]      167 0.02848249         2 0.09422602        0      0            0.254
INFO  [16:46:15.561] [bbotk]                                 uhash
INFO  [16:46:15.561] [bbotk]  b7b50665-879b-4611-963f-99c2fb3fc99e
INFO  [16:46:15.569] [bbotk] Evaluating 1 configuration(s)
INFO  [16:46:15.988] [bbotk] Result of batch 5:
INFO  [16:46:15.989] [bbotk]  nrounds       eta max_depth classif.ce warnings errors runtime_learners
INFO  [16:46:15.989] [bbotk]       84 0.2169431        10 0.07897979        0      0            0.375
INFO  [16:46:15.989] [bbotk]                                 uhash
INFO  [16:46:15.989] [bbotk]  559095ba-f419-43c9-baf8-31286adc8895
INFO  [16:46:15.993] [bbotk] Evaluating 1 configuration(s)
INFO  [16:46:16.328] [bbotk] Result of batch 6:
INFO  [16:46:16.329] [bbotk]  nrounds       eta max_depth classif.ce warnings errors runtime_learners
INFO  [16:46:16.329] [bbotk]      182 0.1088699         2  0.0875485        0      0            0.292
INFO  [16:46:16.329] [bbotk]                                 uhash
INFO  [16:46:16.329] [bbotk]  414f52a4-3806-44ef-bbcd-cfb296864b0f
INFO  [16:46:16.333] [bbotk] Evaluating 1 configuration(s)
INFO  [16:46:16.793] [bbotk] Result of batch 7:
INFO  [16:46:16.794] [bbotk]  nrounds       eta max_depth classif.ce warnings errors runtime_learners
INFO  [16:46:16.794] [bbotk]      140 0.1334114         4 0.07517298        0      0            0.421
INFO  [16:46:16.794] [bbotk]                                 uhash
INFO  [16:46:16.794] [bbotk]  75d6b74d-6d4d-4e0d-ae40-4107c81a69d1
INFO  [16:46:16.798] [bbotk] Evaluating 1 configuration(s)
INFO  [16:46:17.602] [bbotk] Result of batch 8:
INFO  [16:46:17.603] [bbotk]  nrounds       eta max_depth classif.ce warnings errors runtime_learners
INFO  [16:46:17.603] [bbotk]      256 0.2041929         8 0.09135531        0      0            0.767
INFO  [16:46:17.603] [bbotk]                                 uhash
INFO  [16:46:17.603] [bbotk]  1522f9f9-22b2-4895-922e-173a1b477b92
INFO  [16:46:17.607] [bbotk] Evaluating 1 configuration(s)
INFO  [16:46:18.764] [bbotk] Result of batch 9:
INFO  [16:46:18.765] [bbotk]  nrounds        eta max_depth classif.ce warnings errors runtime_learners
INFO  [16:46:18.765] [bbotk]      225 0.03847505         8 0.08087098        0      0             1.11
INFO  [16:46:18.765] [bbotk]                                 uhash
INFO  [16:46:18.765] [bbotk]  86ea9101-b4e1-4a9f-8021-797275ec999c
INFO  [16:46:18.774] [bbotk] Evaluating 1 configuration(s)
INFO  [16:46:19.246] [bbotk] Result of batch 10:
INFO  [16:46:19.246] [bbotk]  nrounds       eta max_depth classif.ce warnings errors runtime_learners
INFO  [16:46:19.246] [bbotk]       93 0.2293066         9 0.07803826        0      0            0.432
INFO  [16:46:19.246] [bbotk]                                 uhash
INFO  [16:46:19.246] [bbotk]  fcf89e2b-bde0-43a0-a31b-653d84481557
INFO  [16:46:19.254] [bbotk] Finished optimizing after 10 evaluation(s)
INFO  [16:46:19.255] [bbotk] Result:
INFO  [16:46:19.256] [bbotk]  nrounds       eta max_depth learner_param_vals  x_domain classif.ce
INFO  [16:46:19.256] [bbotk]    <int>     <num>     <int>             <list>    <list>      <num>
INFO  [16:46:19.256] [bbotk]      140 0.1334114         4          <list[5]> <list[3]> 0.07517298
INFO  [16:46:19.520] [bbotk] Starting to optimize 3 parameter(s) with '<OptimizerBatchRandomSearch>' and '<TerminatorEvals> [n_evals=10, k=0]'
INFO  [16:46:19.542] [bbotk] Evaluating 1 configuration(s)
INFO  [16:46:20.291] [bbotk] Result of batch 1:
INFO  [16:46:20.293] [bbotk]  nrounds       eta max_depth classif.ce warnings errors runtime_learners
INFO  [16:46:20.293] [bbotk]      269 0.2508462         4 0.09894994        0      0            0.704
INFO  [16:46:20.293] [bbotk]                                 uhash
INFO  [16:46:20.293] [bbotk]  26b948e1-f01f-43db-a9f6-6c5ff3a5f7f6
INFO  [16:46:20.302] [bbotk] Evaluating 1 configuration(s)
INFO  [16:46:20.598] [bbotk] Result of batch 2:
INFO  [16:46:20.599] [bbotk]  nrounds       eta max_depth classif.ce warnings errors runtime_learners
INFO  [16:46:20.599] [bbotk]       97 0.2461417         3 0.09515398        0      0            0.245
INFO  [16:46:20.599] [bbotk]                                 uhash
INFO  [16:46:20.599] [bbotk]  88ceb968-ed0c-4973-9609-b393910f6d55
INFO  [16:46:20.603] [bbotk] Evaluating 1 configuration(s)
INFO  [16:46:21.313] [bbotk] Result of batch 3:
INFO  [16:46:21.315] [bbotk]  nrounds       eta max_depth classif.ce warnings errors runtime_learners
INFO  [16:46:21.315] [bbotk]      250 0.2819505         4 0.09800027        0      0             0.67
INFO  [16:46:21.315] [bbotk]                                 uhash
INFO  [16:46:21.315] [bbotk]  48d656ba-5dbc-4208-b559-1399f1b58443
INFO  [16:46:21.320] [bbotk] Evaluating 1 configuration(s)
INFO  [16:46:22.295] [bbotk] Result of batch 4:
INFO  [16:46:22.297] [bbotk]  nrounds        eta max_depth classif.ce warnings errors runtime_learners
INFO  [16:46:22.297] [bbotk]      206 0.07191827         9 0.09514042        0      0            0.933
INFO  [16:46:22.297] [bbotk]                                 uhash
INFO  [16:46:22.297] [bbotk]  5e2d7bef-ab03-4d75-ad21-aba68d0b6236
INFO  [16:46:22.305] [bbotk] Evaluating 1 configuration(s)
INFO  [16:46:22.990] [bbotk] Result of batch 5:
INFO  [16:46:22.991] [bbotk]  nrounds       eta max_depth classif.ce warnings errors runtime_learners
INFO  [16:46:22.991] [bbotk]      153 0.1089206        10 0.08753222        0      0             0.65
INFO  [16:46:22.991] [bbotk]                                 uhash
INFO  [16:46:22.991] [bbotk]  d9a76eee-f662-453e-b469-b094026593d0
INFO  [16:46:22.995] [bbotk] Evaluating 1 configuration(s)
INFO  [16:46:23.682] [bbotk] Result of batch 6:
INFO  [16:46:23.683] [bbotk]  nrounds      eta max_depth classif.ce warnings errors runtime_learners
INFO  [16:46:23.683] [bbotk]      202 0.158441         5 0.08848189        0      0            0.655
INFO  [16:46:23.683] [bbotk]                                 uhash
INFO  [16:46:23.683] [bbotk]  65a30282-8c71-4bb9-9daa-4c6774acb331
INFO  [16:46:23.687] [bbotk] Evaluating 1 configuration(s)
INFO  [16:46:24.085] [bbotk] Result of batch 7:
INFO  [16:46:24.087] [bbotk]  nrounds       eta max_depth classif.ce warnings errors runtime_learners
INFO  [16:46:24.087] [bbotk]       95 0.2213546         6 0.09514584        0      0            0.365
INFO  [16:46:24.087] [bbotk]                                 uhash
INFO  [16:46:24.087] [bbotk]  fbd043ad-8a58-4004-9f11-48d169982f7a
INFO  [16:46:24.092] [bbotk] Evaluating 1 configuration(s)
INFO  [16:46:24.773] [bbotk] Result of batch 8:
INFO  [16:46:24.775] [bbotk]  nrounds       eta max_depth classif.ce warnings errors runtime_learners
INFO  [16:46:24.775] [bbotk]      148 0.1298443         8  0.0913336        0      0            0.642
INFO  [16:46:24.775] [bbotk]                                 uhash
INFO  [16:46:24.775] [bbotk]  29e17912-8da0-4089-8cf6-855d3ee2a747
INFO  [16:46:24.780] [bbotk] Evaluating 1 configuration(s)
INFO  [16:46:25.775] [bbotk] Result of batch 9:
INFO  [16:46:25.777] [bbotk]  nrounds        eta max_depth classif.ce warnings errors runtime_learners
INFO  [16:46:25.777] [bbotk]      269 0.05468225         5 0.09705332        0      0            0.959
INFO  [16:46:25.777] [bbotk]                                 uhash
INFO  [16:46:25.777] [bbotk]  bc8fa23e-d516-4666-aad0-3355347bb379
INFO  [16:46:25.786] [bbotk] Evaluating 1 configuration(s)
INFO  [16:46:25.976] [bbotk] Result of batch 10:
INFO  [16:46:25.977] [bbotk]  nrounds        eta max_depth classif.ce warnings errors runtime_learners
INFO  [16:46:25.977] [bbotk]       67 0.03770321         3 0.09798942        0      0            0.158
INFO  [16:46:25.977] [bbotk]                                 uhash
INFO  [16:46:25.977] [bbotk]  008cb01f-0005-4f5b-be91-d9fa6ea14ac2
INFO  [16:46:25.987] [bbotk] Finished optimizing after 10 evaluation(s)
INFO  [16:46:25.987] [bbotk] Result:
INFO  [16:46:25.988] [bbotk]  nrounds       eta max_depth learner_param_vals  x_domain classif.ce
INFO  [16:46:25.988] [bbotk]    <int>     <num>     <int>             <list>    <list>      <num>
INFO  [16:46:25.988] [bbotk]      153 0.1089206        10          <list[5]> <list[3]> 0.08753222

### [bt]: Job terminated successfully [batchtools job.id=1059]
### [bt]: Starting job [batchtools job.id=1060]
### [bt]: Generating problem instance for problem '698720b8ce42ae0c' ...
### [bt]: Applying algorithm 'run_learner' on problem '698720b8ce42ae0c' for job 1060 (seed = 1061) ...
INFO  [16:46:26.436] [mlr3] Applying learner 'classif.xgboost.tuned_calib.oof_platt' on task 'pc4' (iter 10/10)
INFO  [16:46:26.486] [bbotk] Starting to optimize 3 parameter(s) with '<OptimizerBatchRandomSearch>' and '<TerminatorEvals> [n_evals=10, k=0]'
INFO  [16:46:26.498] [bbotk] Evaluating 1 configuration(s)
INFO  [16:46:27.128] [bbotk] Result of batch 1:
INFO  [16:46:27.129] [bbotk]  nrounds       eta max_depth classif.ce warnings errors runtime_learners
INFO  [16:46:27.129] [bbotk]      140 0.1752305         6  0.1038095        0      0            0.586
INFO  [16:46:27.129] [bbotk]                                 uhash
INFO  [16:46:27.129] [bbotk]  1f62b242-dd66-49c9-bd04-c7bfd57a7541
INFO  [16:46:27.133] [bbotk] Evaluating 1 configuration(s)
INFO  [16:46:28.108] [bbotk] Result of batch 2:
INFO  [16:46:28.109] [bbotk]  nrounds       eta max_depth classif.ce warnings errors runtime_learners
INFO  [16:46:28.109] [bbotk]      227 0.1238166         9  0.1142857        0      0            0.924
INFO  [16:46:28.109] [bbotk]                                 uhash
INFO  [16:46:28.109] [bbotk]  9118b7b8-a9da-4bc5-9916-5219a3f107f7
INFO  [16:46:28.113] [bbotk] Evaluating 1 configuration(s)
INFO  [16:46:28.822] [bbotk] Result of batch 3:
INFO  [16:46:28.823] [bbotk]  nrounds       eta max_depth classif.ce warnings errors runtime_learners
INFO  [16:46:28.823] [bbotk]      211 0.2146877         7  0.1104762        0      0            0.678
INFO  [16:46:28.823] [bbotk]                                 uhash
INFO  [16:46:28.823] [bbotk]  5f3c1d98-dc5e-45e4-9540-a5718cbb7739
INFO  [16:46:28.831] [bbotk] Evaluating 1 configuration(s)
INFO  [16:46:29.654] [bbotk] Result of batch 4:
INFO  [16:46:29.656] [bbotk]  nrounds       eta max_depth classif.ce warnings errors runtime_learners
INFO  [16:46:29.656] [bbotk]      248 0.2436961         6  0.1028571        0      0            0.779
INFO  [16:46:29.656] [bbotk]                                 uhash
INFO  [16:46:29.656] [bbotk]  be5b64bf-7581-4fa8-9fa2-cb03a42d2b84
INFO  [16:46:29.661] [bbotk] Evaluating 1 configuration(s)
INFO  [16:46:30.508] [bbotk] Result of batch 5:
INFO  [16:46:30.509] [bbotk]  nrounds       eta max_depth classif.ce warnings errors runtime_learners
INFO  [16:46:30.509] [bbotk]      212 0.1634061         9  0.1057143        0      0            0.805
INFO  [16:46:30.509] [bbotk]                                 uhash
INFO  [16:46:30.509] [bbotk]  43c0a085-eb2e-4fd8-a37e-0dff4c9f3ca3
INFO  [16:46:30.513] [bbotk] Evaluating 1 configuration(s)
INFO  [16:46:30.731] [bbotk] Result of batch 6:
INFO  [16:46:30.732] [bbotk]  nrounds        eta max_depth classif.ce warnings errors runtime_learners
INFO  [16:46:30.732] [bbotk]       58 0.08968784         4  0.1133333        0      0            0.178
INFO  [16:46:30.732] [bbotk]                                 uhash
INFO  [16:46:30.732] [bbotk]  ecf3ed7f-2520-4344-80ac-9606561b30b2
INFO  [16:46:30.735] [bbotk] Evaluating 1 configuration(s)
INFO  [16:46:30.965] [bbotk] Result of batch 7:
INFO  [16:46:30.965] [bbotk]  nrounds       eta max_depth classif.ce warnings errors runtime_learners
INFO  [16:46:30.965] [bbotk]       74 0.1199858         3  0.1085714        0      0            0.196
INFO  [16:46:30.965] [bbotk]                                 uhash
INFO  [16:46:30.965] [bbotk]  16dd5f0f-733a-4fc0-9557-798c06e1d8cb
INFO  [16:46:30.973] [bbotk] Evaluating 1 configuration(s)
INFO  [16:46:31.963] [bbotk] Result of batch 8:
INFO  [16:46:31.964] [bbotk]  nrounds        eta max_depth classif.ce warnings errors runtime_learners
INFO  [16:46:31.964] [bbotk]      236 0.08400574         7  0.1104762        0      0            0.944
INFO  [16:46:31.964] [bbotk]                                 uhash
INFO  [16:46:31.964] [bbotk]  b66bda69-e6c3-40ff-9f07-f03c621af71b
INFO  [16:46:31.967] [bbotk] Evaluating 1 configuration(s)
INFO  [16:46:32.414] [bbotk] Result of batch 9:
INFO  [16:46:32.415] [bbotk]  nrounds       eta max_depth classif.ce warnings errors runtime_learners
INFO  [16:46:32.415] [bbotk]      115 0.2419635         9  0.1057143        0      0            0.409
INFO  [16:46:32.415] [bbotk]                                 uhash
INFO  [16:46:32.415] [bbotk]  d6fb2006-0b99-4c70-af3a-a63a92ea52e9
INFO  [16:46:32.421] [bbotk] Evaluating 1 configuration(s)
INFO  [16:46:32.921] [bbotk] Result of batch 10:
INFO  [16:46:32.922] [bbotk]  nrounds        eta max_depth classif.ce warnings errors runtime_learners
INFO  [16:46:32.922] [bbotk]      113 0.03923175         6  0.1114286        0      0            0.465
INFO  [16:46:32.922] [bbotk]                                 uhash
INFO  [16:46:32.922] [bbotk]  d068e22f-7e2a-42af-8dfa-54f390cfb5a1
INFO  [16:46:32.936] [bbotk] Finished optimizing after 10 evaluation(s)
INFO  [16:46:32.937] [bbotk] Result:
INFO  [16:46:32.939] [bbotk]  nrounds       eta max_depth learner_param_vals  x_domain classif.ce
INFO  [16:46:32.939] [bbotk]    <int>     <num>     <int>             <list>    <list>      <num>
INFO  [16:46:32.939] [bbotk]      248 0.2436961         6          <list[5]> <list[3]>  0.1028571
INFO  [16:46:33.385] [bbotk] Starting to optimize 3 parameter(s) with '<OptimizerBatchRandomSearch>' and '<TerminatorEvals> [n_evals=10, k=0]'
INFO  [16:46:33.401] [bbotk] Evaluating 1 configuration(s)
INFO  [16:46:33.908] [bbotk] Result of batch 1:
INFO  [16:46:33.909] [bbotk]  nrounds        eta max_depth classif.ce warnings errors runtime_learners
INFO  [16:46:33.909] [bbotk]      175 0.04691806         3 0.09619048        0      0            0.461
INFO  [16:46:33.909] [bbotk]                                 uhash
INFO  [16:46:33.909] [bbotk]  87abc9a7-f777-412b-9900-3fd33a35c0de
INFO  [16:46:33.913] [bbotk] Evaluating 1 configuration(s)
INFO  [16:46:34.382] [bbotk] Result of batch 2:
INFO  [16:46:34.385] [bbotk]  nrounds        eta max_depth classif.ce warnings errors runtime_learners
INFO  [16:46:34.385] [bbotk]      265 0.07552154         2 0.08666667        0      0             0.43
INFO  [16:46:34.385] [bbotk]                                 uhash
INFO  [16:46:34.385] [bbotk]  50f751fd-2eeb-41be-b272-1b881f4cdffd
INFO  [16:46:34.395] [bbotk] Evaluating 1 configuration(s)
INFO  [16:46:35.374] [bbotk] Result of batch 3:
INFO  [16:46:35.375] [bbotk]  nrounds        eta max_depth classif.ce warnings errors runtime_learners
INFO  [16:46:35.375] [bbotk]      176 0.01222516         8  0.1019048        0      0            0.926
INFO  [16:46:35.375] [bbotk]                                 uhash
INFO  [16:46:35.375] [bbotk]  dfb752c8-6154-4ddc-93af-67bcf67345f4
INFO  [16:46:35.379] [bbotk] Evaluating 1 configuration(s)
INFO  [16:46:36.318] [bbotk] Result of batch 4:
INFO  [16:46:36.320] [bbotk]  nrounds       eta max_depth classif.ce warnings errors runtime_learners
INFO  [16:46:36.320] [bbotk]      288 0.1632646         5 0.08857143        0      0            0.904
INFO  [16:46:36.320] [bbotk]                                 uhash
INFO  [16:46:36.320] [bbotk]  a4800da4-1bad-45e5-ac51-624a3f912a98
INFO  [16:46:36.328] [bbotk] Evaluating 1 configuration(s)
INFO  [16:46:36.952] [bbotk] Result of batch 5:
INFO  [16:46:36.953] [bbotk]  nrounds        eta max_depth classif.ce warnings errors runtime_learners
INFO  [16:46:36.953] [bbotk]      154 0.09655379         5 0.08857143        0      0             0.58
INFO  [16:46:36.953] [bbotk]                                 uhash
INFO  [16:46:36.953] [bbotk]  f2123b78-2e4e-4939-bd9b-07711bd118d2
INFO  [16:46:36.959] [bbotk] Evaluating 1 configuration(s)
INFO  [16:46:37.876] [bbotk] Result of batch 6:
INFO  [16:46:37.877] [bbotk]  nrounds       eta max_depth classif.ce warnings errors runtime_learners
INFO  [16:46:37.877] [bbotk]      295 0.2870196        10 0.08857143        0      0            0.864
INFO  [16:46:37.877] [bbotk]                                 uhash
INFO  [16:46:37.877] [bbotk]  63f0b2de-4e08-4332-b592-6a64c472fd66
INFO  [16:46:37.881] [bbotk] Evaluating 1 configuration(s)
INFO  [16:46:38.350] [bbotk] Result of batch 7:
INFO  [16:46:38.352] [bbotk]  nrounds       eta max_depth classif.ce warnings errors runtime_learners
INFO  [16:46:38.352] [bbotk]      264 0.0303239         2  0.1019048        0      0            0.428
INFO  [16:46:38.352] [bbotk]                                 uhash
INFO  [16:46:38.352] [bbotk]  bb03a688-d4f6-4736-bc5b-c976620a689a
INFO  [16:46:38.361] [bbotk] Evaluating 1 configuration(s)
INFO  [16:46:39.047] [bbotk] Result of batch 8:
INFO  [16:46:39.049] [bbotk]  nrounds       eta max_depth classif.ce warnings errors runtime_learners
INFO  [16:46:39.049] [bbotk]      162 0.1359957         7 0.08761905        0      0            0.634
INFO  [16:46:39.049] [bbotk]                                 uhash
INFO  [16:46:39.049] [bbotk]  06e052d6-d560-4060-ad9e-30bd9d67a558
INFO  [16:46:39.058] [bbotk] Evaluating 1 configuration(s)
INFO  [16:46:39.513] [bbotk] Result of batch 9:
INFO  [16:46:39.513] [bbotk]  nrounds      eta max_depth classif.ce warnings errors runtime_learners
INFO  [16:46:39.513] [bbotk]      104 0.281431        10 0.09047619        0      0            0.402
INFO  [16:46:39.513] [bbotk]                                 uhash
INFO  [16:46:39.513] [bbotk]  5185cb2d-bedb-47c2-9647-be12413855c4
INFO  [16:46:39.522] [bbotk] Evaluating 1 configuration(s)
INFO  [16:46:40.381] [bbotk] Result of batch 10:
INFO  [16:46:40.387] [bbotk]  nrounds       eta max_depth classif.ce warnings errors runtime_learners
INFO  [16:46:40.387] [bbotk]      294 0.2783684         4 0.09142857        0      0            0.807
INFO  [16:46:40.387] [bbotk]                                 uhash
INFO  [16:46:40.387] [bbotk]  e5c10d28-5ff8-4840-87ba-698f7e228e54
INFO  [16:46:40.404] [bbotk] Finished optimizing after 10 evaluation(s)
INFO  [16:46:40.404] [bbotk] Result:
INFO  [16:46:40.405] [bbotk]  nrounds        eta max_depth learner_param_vals  x_domain classif.ce
INFO  [16:46:40.405] [bbotk]    <int>      <num>     <int>             <list>    <list>      <num>
INFO  [16:46:40.405] [bbotk]      265 0.07552154         2          <list[5]> <list[3]> 0.08666667
INFO  [16:46:40.680] [bbotk] Starting to optimize 3 parameter(s) with '<OptimizerBatchRandomSearch>' and '<TerminatorEvals> [n_evals=10, k=0]'
INFO  [16:46:40.691] [bbotk] Evaluating 1 configuration(s)
INFO  [16:46:41.378] [bbotk] Result of batch 1:
INFO  [16:46:41.379] [bbotk]  nrounds        eta max_depth classif.ce warnings errors runtime_learners
INFO  [16:46:41.379] [bbotk]      136 0.06962933         7 0.09809524        0      0            0.653
INFO  [16:46:41.379] [bbotk]                                 uhash
INFO  [16:46:41.379] [bbotk]  7ce7e6c6-f3ee-407b-9315-42b7a4e9a20b
INFO  [16:46:41.388] [bbotk] Evaluating 1 configuration(s)
INFO  [16:46:42.198] [bbotk] Result of batch 2:
INFO  [16:46:42.200] [bbotk]  nrounds       eta max_depth classif.ce warnings errors runtime_learners
INFO  [16:46:42.200] [bbotk]      235 0.1613063         5  0.1009524        0      0            0.766
INFO  [16:46:42.200] [bbotk]                                 uhash
INFO  [16:46:42.200] [bbotk]  6119aff6-d802-4b9a-be92-5ad8e81adb3d
INFO  [16:46:42.209] [bbotk] Evaluating 1 configuration(s)
INFO  [16:46:42.869] [bbotk] Result of batch 3:
INFO  [16:46:42.871] [bbotk]  nrounds       eta max_depth classif.ce warnings errors runtime_learners
INFO  [16:46:42.871] [bbotk]      197 0.2841881        10 0.09809524        0      0            0.619
INFO  [16:46:42.871] [bbotk]                                 uhash
INFO  [16:46:42.871] [bbotk]  6871e67e-0de7-47a2-b9a5-e528976a885b
INFO  [16:46:42.881] [bbotk] Evaluating 1 configuration(s)
INFO  [16:46:43.185] [bbotk] Result of batch 4:
INFO  [16:46:43.187] [bbotk]  nrounds       eta max_depth classif.ce warnings errors runtime_learners
INFO  [16:46:43.187] [bbotk]      151 0.2947514         2 0.09809524        0      0            0.255
INFO  [16:46:43.187] [bbotk]                                 uhash
INFO  [16:46:43.187] [bbotk]  249d63ea-4e01-4506-8b84-510d98c63539
INFO  [16:46:43.194] [bbotk] Evaluating 1 configuration(s)
INFO  [16:46:43.784] [bbotk] Result of batch 5:
INFO  [16:46:43.785] [bbotk]  nrounds       eta max_depth classif.ce warnings errors runtime_learners
INFO  [16:46:43.785] [bbotk]      177 0.2800135         8 0.09333333        0      0            0.551
INFO  [16:46:43.785] [bbotk]                                 uhash
INFO  [16:46:43.785] [bbotk]  2905819a-ca8f-4c03-86c8-5f49e1e2e6b7
INFO  [16:46:43.791] [bbotk] Evaluating 1 configuration(s)
INFO  [16:46:44.248] [bbotk] Result of batch 6:
INFO  [16:46:44.249] [bbotk]  nrounds       eta max_depth classif.ce warnings errors runtime_learners
INFO  [16:46:44.249] [bbotk]      129 0.1588397         5 0.09619048        0      0            0.429
INFO  [16:46:44.249] [bbotk]                                 uhash
INFO  [16:46:44.249] [bbotk]  ae94fd70-9672-4a20-89a6-15f34065b996
INFO  [16:46:44.254] [bbotk] Evaluating 1 configuration(s)
INFO  [16:46:44.518] [bbotk] Result of batch 7:
INFO  [16:46:44.520] [bbotk]  nrounds      eta max_depth classif.ce warnings errors runtime_learners
INFO  [16:46:44.520] [bbotk]      142 0.061921         2 0.09714286        0      0            0.219
INFO  [16:46:44.520] [bbotk]                                 uhash
INFO  [16:46:44.520] [bbotk]  c4da06d0-4490-4333-8235-367b8d9507ee
INFO  [16:46:44.525] [bbotk] Evaluating 1 configuration(s)
INFO  [16:46:45.354] [bbotk] Result of batch 8:
INFO  [16:46:45.355] [bbotk]  nrounds      eta max_depth classif.ce warnings errors runtime_learners
INFO  [16:46:45.355] [bbotk]      264 0.227201        10 0.09619048        0      0             0.79
INFO  [16:46:45.355] [bbotk]                                 uhash
INFO  [16:46:45.355] [bbotk]  869433bf-c3c6-48a5-b81c-381fc3c884f6
INFO  [16:46:45.363] [bbotk] Evaluating 1 configuration(s)
INFO  [16:46:45.537] [bbotk] Result of batch 9:
INFO  [16:46:45.538] [bbotk]  nrounds        eta max_depth classif.ce warnings errors runtime_learners
INFO  [16:46:45.538] [bbotk]       51 0.07058676         3 0.09904762        0      0            0.141
INFO  [16:46:45.538] [bbotk]                                 uhash
INFO  [16:46:45.538] [bbotk]  cfc85afc-e845-46e3-a778-4d3477bda110
INFO  [16:46:45.541] [bbotk] Evaluating 1 configuration(s)
INFO  [16:46:45.751] [bbotk] Result of batch 10:
INFO  [16:46:45.752] [bbotk]  nrounds       eta max_depth classif.ce warnings errors runtime_learners
INFO  [16:46:45.752] [bbotk]      101 0.2119525         2 0.09904762        0      0            0.171
INFO  [16:46:45.752] [bbotk]                                 uhash
INFO  [16:46:45.752] [bbotk]  16dc4ed9-0e40-4666-8e2f-5ae678385f08
INFO  [16:46:45.761] [bbotk] Finished optimizing after 10 evaluation(s)
INFO  [16:46:45.762] [bbotk] Result:
INFO  [16:46:45.763] [bbotk]  nrounds       eta max_depth learner_param_vals  x_domain classif.ce
INFO  [16:46:45.763] [bbotk]    <int>     <num>     <int>             <list>    <list>      <num>
INFO  [16:46:45.763] [bbotk]      177 0.2800135         8          <list[5]> <list[3]> 0.09333333
INFO  [16:46:46.104] [bbotk] Starting to optimize 3 parameter(s) with '<OptimizerBatchRandomSearch>' and '<TerminatorEvals> [n_evals=10, k=0]'
INFO  [16:46:46.120] [bbotk] Evaluating 1 configuration(s)
INFO  [16:46:46.944] [bbotk] Result of batch 1:
INFO  [16:46:46.946] [bbotk]  nrounds       eta max_depth classif.ce warnings errors runtime_learners
INFO  [16:46:46.946] [bbotk]      228 0.1827712         9 0.09038936        0      0            0.796
INFO  [16:46:46.946] [bbotk]                                 uhash
INFO  [16:46:46.946] [bbotk]  016fb95a-ef79-41c4-af64-ebb6f8179eba
INFO  [16:46:46.954] [bbotk] Evaluating 1 configuration(s)
INFO  [16:46:47.336] [bbotk] Result of batch 2:
INFO  [16:46:47.338] [bbotk]  nrounds       eta max_depth classif.ce warnings errors runtime_learners
INFO  [16:46:47.338] [bbotk]      227 0.1278231         2 0.09610365        0      0             0.35
INFO  [16:46:47.338] [bbotk]                                 uhash
INFO  [16:46:47.338] [bbotk]  f3d867ea-e082-44e3-a45a-e92b73b91229
INFO  [16:46:47.347] [bbotk] Evaluating 1 configuration(s)
INFO  [16:46:47.817] [bbotk] Result of batch 3:
INFO  [16:46:47.818] [bbotk]  nrounds        eta max_depth classif.ce warnings errors runtime_learners
INFO  [16:46:47.818] [bbotk]       85 0.06013321         9 0.08657984        0      0            0.428
INFO  [16:46:47.818] [bbotk]                                 uhash
INFO  [16:46:47.818] [bbotk]  50eb243e-2355-4e5a-a17d-26d21985849a
INFO  [16:46:47.823] [bbotk] Evaluating 1 configuration(s)
INFO  [16:46:48.648] [bbotk] Result of batch 4:
INFO  [16:46:48.649] [bbotk]  nrounds       eta max_depth classif.ce warnings errors runtime_learners
INFO  [16:46:48.649] [bbotk]      265 0.2321505         5 0.09134446        0      0            0.771
INFO  [16:46:48.649] [bbotk]                                 uhash
INFO  [16:46:48.649] [bbotk]  227eb8e8-9e39-4574-ad9d-c48438a3699d
INFO  [16:46:48.652] [bbotk] Evaluating 1 configuration(s)
INFO  [16:46:49.129] [bbotk] Result of batch 5:
INFO  [16:46:49.131] [bbotk]  nrounds       eta max_depth classif.ce warnings errors runtime_learners
INFO  [16:46:49.131] [bbotk]      190 0.1585893         3 0.09419617        0      0            0.431
INFO  [16:46:49.131] [bbotk]                                 uhash
INFO  [16:46:49.131] [bbotk]  481e7805-7738-4bb5-9be7-c5f5108df823
INFO  [16:46:49.139] [bbotk] Evaluating 1 configuration(s)
INFO  [16:46:49.489] [bbotk] Result of batch 6:
INFO  [16:46:49.490] [bbotk]  nrounds       eta max_depth classif.ce warnings errors runtime_learners
INFO  [16:46:49.490] [bbotk]      134 0.2566674         3 0.09324379        0      0            0.305
INFO  [16:46:49.490] [bbotk]                                 uhash
INFO  [16:46:49.490] [bbotk]  baeb8bfa-311b-498c-bf1d-111832701944
INFO  [16:46:49.493] [bbotk] Evaluating 1 configuration(s)
INFO  [16:46:50.431] [bbotk] Result of batch 7:
INFO  [16:46:50.432] [bbotk]  nrounds       eta max_depth classif.ce warnings errors runtime_learners
INFO  [16:46:50.432] [bbotk]      236 0.1176016         8 0.09229141        0      0            0.898
INFO  [16:46:50.432] [bbotk]                                 uhash
INFO  [16:46:50.432] [bbotk]  604fd2f4-d51f-4f6a-8cb6-cc4fa41b09e4
INFO  [16:46:50.440] [bbotk] Evaluating 1 configuration(s)
INFO  [16:46:51.150] [bbotk] Result of batch 8:
INFO  [16:46:51.152] [bbotk]  nrounds       eta max_depth classif.ce warnings errors runtime_learners
INFO  [16:46:51.152] [bbotk]      215 0.1000112         4 0.09324651        0      0            0.667
INFO  [16:46:51.152] [bbotk]                                 uhash
INFO  [16:46:51.152] [bbotk]  75171105-86a4-4ff4-a037-6785cf4e6126
INFO  [16:46:51.161] [bbotk] Evaluating 1 configuration(s)
INFO  [16:46:51.810] [bbotk] Result of batch 9:
INFO  [16:46:51.812] [bbotk]  nrounds       eta max_depth classif.ce warnings errors runtime_learners
INFO  [16:46:51.812] [bbotk]      270 0.2723178         3 0.09514856        0      0            0.616
INFO  [16:46:51.812] [bbotk]                                 uhash
INFO  [16:46:51.812] [bbotk]  a5356798-6f85-486b-a0f9-eb3abd2a8705
INFO  [16:46:51.820] [bbotk] Evaluating 1 configuration(s)
INFO  [16:46:52.369] [bbotk] Result of batch 10:
INFO  [16:46:52.371] [bbotk]  nrounds      eta max_depth classif.ce warnings errors runtime_learners
INFO  [16:46:52.371] [bbotk]      113 0.184259        10 0.09229413        0      0            0.508
INFO  [16:46:52.371] [bbotk]                                 uhash
INFO  [16:46:52.371] [bbotk]  6cb25a95-4576-40fa-b994-a15ae9c94e11
INFO  [16:46:52.389] [bbotk] Finished optimizing after 10 evaluation(s)
INFO  [16:46:52.390] [bbotk] Result:
INFO  [16:46:52.391] [bbotk]  nrounds        eta max_depth learner_param_vals  x_domain classif.ce
INFO  [16:46:52.391] [bbotk]    <int>      <num>     <int>             <list>    <list>      <num>
INFO  [16:46:52.391] [bbotk]       85 0.06013321         9          <list[5]> <list[3]> 0.08657984
INFO  [16:46:52.655] [bbotk] Starting to optimize 3 parameter(s) with '<OptimizerBatchRandomSearch>' and '<TerminatorEvals> [n_evals=10, k=0]'
INFO  [16:46:52.667] [bbotk] Evaluating 1 configuration(s)
INFO  [16:46:53.098] [bbotk] Result of batch 1:
INFO  [16:46:53.099] [bbotk]  nrounds       eta max_depth classif.ce warnings errors runtime_learners
INFO  [16:46:53.099] [bbotk]      180 0.2745232         3 0.09420703        0      0            0.395
INFO  [16:46:53.099] [bbotk]                                 uhash
INFO  [16:46:53.099] [bbotk]  478658cc-6e04-4117-b0b4-15753d720c3c
INFO  [16:46:53.102] [bbotk] Evaluating 1 configuration(s)
INFO  [16:46:53.404] [bbotk] Result of batch 2:
INFO  [16:46:53.406] [bbotk]  nrounds      eta max_depth classif.ce warnings errors runtime_learners
INFO  [16:46:53.406] [bbotk]      109 0.185011         3 0.09706146        0      0            0.262
INFO  [16:46:53.406] [bbotk]                                 uhash
INFO  [16:46:53.406] [bbotk]  cbfbe422-b1d6-43a3-9122-7a89e7ac8d5e
INFO  [16:46:53.414] [bbotk] Evaluating 1 configuration(s)
INFO  [16:46:54.190] [bbotk] Result of batch 3:
INFO  [16:46:54.191] [bbotk]  nrounds       eta max_depth classif.ce warnings errors runtime_learners
INFO  [16:46:54.191] [bbotk]      288 0.2902276         4  0.0980057        0      0            0.736
INFO  [16:46:54.191] [bbotk]                                 uhash
INFO  [16:46:54.191] [bbotk]  8721ad0d-9266-4e90-9253-5709f1a4697f
INFO  [16:46:54.194] [bbotk] Evaluating 1 configuration(s)
INFO  [16:46:55.030] [bbotk] Result of batch 4:
INFO  [16:46:55.032] [bbotk]  nrounds       eta max_depth classif.ce warnings errors runtime_learners
INFO  [16:46:55.032] [bbotk]      260 0.2503837         7 0.09325465        0      0            0.792
INFO  [16:46:55.032] [bbotk]                                 uhash
INFO  [16:46:55.032] [bbotk]  0066a368-c946-4da6-9ed3-d3a14a507af4
INFO  [16:46:55.044] [bbotk] Evaluating 1 configuration(s)
INFO  [16:46:55.745] [bbotk] Result of batch 5:
INFO  [16:46:55.746] [bbotk]  nrounds       eta max_depth classif.ce warnings errors runtime_learners
INFO  [16:46:55.746] [bbotk]      212 0.1052221         4 0.09706417        0      0            0.655
INFO  [16:46:55.746] [bbotk]                                 uhash
INFO  [16:46:55.746] [bbotk]  469ab1dd-0044-423f-a323-7bf694033ace
INFO  [16:46:55.750] [bbotk] Evaluating 1 configuration(s)
INFO  [16:46:56.639] [bbotk] Result of batch 6:
INFO  [16:46:56.640] [bbotk]  nrounds       eta max_depth classif.ce warnings errors runtime_learners
INFO  [16:46:56.640] [bbotk]      297 0.1221708         4 0.09419889        0      0            0.843
INFO  [16:46:56.640] [bbotk]                                 uhash
INFO  [16:46:56.640] [bbotk]  21f3ca28-2918-448d-a61e-9ac9bf0e9716
INFO  [16:46:56.650] [bbotk] Evaluating 1 configuration(s)
INFO  [16:46:57.599] [bbotk] Result of batch 7:
INFO  [16:46:57.600] [bbotk]  nrounds       eta max_depth classif.ce warnings errors runtime_learners
INFO  [16:46:57.600] [bbotk]      242 0.1321755         7 0.09325193        0      0            0.901
INFO  [16:46:57.600] [bbotk]                                 uhash
INFO  [16:46:57.600] [bbotk]  b665df16-c926-4b5b-8753-de4cfec03ce7
INFO  [16:46:57.606] [bbotk] Evaluating 1 configuration(s)
INFO  [16:46:57.944] [bbotk] Result of batch 8:
INFO  [16:46:57.945] [bbotk]  nrounds        eta max_depth classif.ce warnings errors runtime_learners
INFO  [16:46:57.945] [bbotk]      141 0.02364085         3  0.1056247        0      0            0.298
INFO  [16:46:57.945] [bbotk]                                 uhash
INFO  [16:46:57.945] [bbotk]  000756f8-b311-4934-97aa-7482e03113d2
INFO  [16:46:57.953] [bbotk] Evaluating 1 configuration(s)
INFO  [16:46:58.612] [bbotk] Result of batch 9:
INFO  [16:46:58.613] [bbotk]  nrounds       eta max_depth classif.ce warnings errors runtime_learners
INFO  [16:46:58.613] [bbotk]      186 0.2308195         7 0.09325465        0      0            0.614
INFO  [16:46:58.613] [bbotk]                                 uhash
INFO  [16:46:58.613] [bbotk]  a02ac205-31b9-4ed8-bfde-01f2731f34cd
INFO  [16:46:58.617] [bbotk] Evaluating 1 configuration(s)
INFO  [16:46:59.435] [bbotk] Result of batch 10:
INFO  [16:46:59.436] [bbotk]  nrounds      eta max_depth classif.ce warnings errors runtime_learners
INFO  [16:46:59.436] [bbotk]      204 0.142951         7 0.09420431        0      0            0.771
INFO  [16:46:59.436] [bbotk]                                 uhash
INFO  [16:46:59.436] [bbotk]  7c3915be-5206-4c35-bcf7-3e6134d12669
INFO  [16:46:59.444] [bbotk] Finished optimizing after 10 evaluation(s)
INFO  [16:46:59.444] [bbotk] Result:
INFO  [16:46:59.445] [bbotk]  nrounds       eta max_depth learner_param_vals  x_domain classif.ce
INFO  [16:46:59.445] [bbotk]    <int>     <num>     <int>             <list>    <list>      <num>
INFO  [16:46:59.445] [bbotk]      242 0.1321755         7          <list[5]> <list[3]> 0.09325193

### [bt]: Job terminated successfully [batchtools job.id=1060]
### [bt]: Calculation finished!
