### [bt]: This is batchtools v0.9.17
### [bt]: Starting calculation of 5 jobs
### [bt]: Setting working directory to '/Users/User/Documents/Studium/Semester8/Hiwi/mlr3calibration/vignettes'
### [bt]: Memory measurement disabled
### [bt]: Starting job [batchtools job.id=1461]
### [bt]: Generating problem instance for problem '78e20b4b43a56ff6' ...
### [bt]: Applying algorithm 'run_learner' on problem '78e20b4b43a56ff6' for job 1461 (seed = 1462) ...
INFO  [16:51:07.552] [mlr3] Applying learner 'classif.xgboost.tuned_calib.oof_isotonic' on task 'pc3' (iter 1/10)
INFO  [16:51:07.621] [bbotk] Starting to optimize 3 parameter(s) with '<OptimizerBatchRandomSearch>' and '<TerminatorEvals> [n_evals=10, k=0]'
INFO  [16:51:07.643] [bbotk] Evaluating 1 configuration(s)
INFO  [16:51:08.463] [bbotk] Result of batch 1:
INFO  [16:51:08.464] [bbotk]  nrounds       eta max_depth classif.ce warnings errors runtime_learners
INFO  [16:51:08.464] [bbotk]      134 0.2871363        10  0.1085609        0      0            0.771
INFO  [16:51:08.464] [bbotk]                                 uhash
INFO  [16:51:08.464] [bbotk]  0ab21561-96c5-43fd-88b4-7f73830412eb
INFO  [16:51:08.468] [bbotk] Evaluating 1 configuration(s)
INFO  [16:51:09.023] [bbotk] Result of batch 2:
INFO  [16:51:09.024] [bbotk]  nrounds        eta max_depth classif.ce warnings errors runtime_learners
INFO  [16:51:09.024] [bbotk]       95 0.01167366         6  0.1103458        0      0            0.516
INFO  [16:51:09.024] [bbotk]                                 uhash
INFO  [16:51:09.024] [bbotk]  980d2d93-ded3-4ab4-8974-47c9ef5df66d
INFO  [16:51:09.030] [bbotk] Evaluating 1 configuration(s)
INFO  [16:51:10.702] [bbotk] Result of batch 3:
INFO  [16:51:10.704] [bbotk]  nrounds       eta max_depth classif.ce warnings errors runtime_learners
INFO  [16:51:10.704] [bbotk]      292 0.0243666         6   0.112126        0      0            1.628
INFO  [16:51:10.704] [bbotk]                                 uhash
INFO  [16:51:10.704] [bbotk]  3fcbed9e-af02-4283-a894-0d427f32ff32
INFO  [16:51:10.711] [bbotk] Evaluating 1 configuration(s)
INFO  [16:51:11.705] [bbotk] Result of batch 4:
INFO  [16:51:11.706] [bbotk]  nrounds       eta max_depth classif.ce warnings errors runtime_learners
INFO  [16:51:11.706] [bbotk]      151 0.1089455         8  0.1076744        0      0            0.958
INFO  [16:51:11.706] [bbotk]                                 uhash
INFO  [16:51:11.706] [bbotk]  4eedaa94-db08-4893-8c7e-6b695fbca54b
INFO  [16:51:11.710] [bbotk] Evaluating 1 configuration(s)
INFO  [16:51:12.212] [bbotk] Result of batch 5:
INFO  [16:51:12.214] [bbotk]  nrounds        eta max_depth classif.ce warnings errors runtime_learners
INFO  [16:51:12.214] [bbotk]      183 0.06784423         3  0.1050101        0      0            0.471
INFO  [16:51:12.214] [bbotk]                                 uhash
INFO  [16:51:12.214] [bbotk]  5a9b7ff8-34a6-4a84-a9c5-474643e1a393
INFO  [16:51:12.225] [bbotk] Evaluating 1 configuration(s)
INFO  [16:51:12.846] [bbotk] Result of batch 6:
INFO  [16:51:12.847] [bbotk]  nrounds       eta max_depth classif.ce warnings errors runtime_learners
INFO  [16:51:12.847] [bbotk]      100 0.1914257        10  0.1112323        0      0            0.579
INFO  [16:51:12.847] [bbotk]                                 uhash
INFO  [16:51:12.847] [bbotk]  2027c488-b7a1-44a8-96f9-f314080d0c90
INFO  [16:51:12.856] [bbotk] Evaluating 1 configuration(s)
INFO  [16:51:13.820] [bbotk] Result of batch 7:
INFO  [16:51:13.822] [bbotk]  nrounds       eta max_depth classif.ce warnings errors runtime_learners
INFO  [16:51:13.822] [bbotk]      249 0.0735853         4  0.1103458        0      0            0.919
INFO  [16:51:13.822] [bbotk]                                 uhash
INFO  [16:51:13.822] [bbotk]  0fa1a92f-28b1-4572-9816-7abcdf464551
INFO  [16:51:13.831] [bbotk] Evaluating 1 configuration(s)
INFO  [16:51:14.706] [bbotk] Result of batch 8:
INFO  [16:51:14.708] [bbotk]  nrounds        eta max_depth classif.ce warnings errors runtime_learners
INFO  [16:51:14.708] [bbotk]      130 0.09592765         8  0.1050077        0      0            0.826
INFO  [16:51:14.708] [bbotk]                                 uhash
INFO  [16:51:14.708] [bbotk]  ebe3a2fe-9b02-4ee9-b4b7-983d9c5db7b3
INFO  [16:51:14.716] [bbotk] Evaluating 1 configuration(s)
INFO  [16:51:15.290] [bbotk] Result of batch 9:
INFO  [16:51:15.291] [bbotk]  nrounds       eta max_depth classif.ce warnings errors runtime_learners
INFO  [16:51:15.291] [bbotk]       71 0.1084874         8  0.1050077        0      0            0.522
INFO  [16:51:15.291] [bbotk]                                 uhash
INFO  [16:51:15.291] [bbotk]  dab9c9e4-124f-490e-a9b5-a0e83cdee5af
INFO  [16:51:15.295] [bbotk] Evaluating 1 configuration(s)
INFO  [16:51:15.831] [bbotk] Result of batch 10:
INFO  [16:51:15.832] [bbotk]  nrounds       eta max_depth classif.ce warnings errors runtime_learners
INFO  [16:51:15.832] [bbotk]       77 0.1338392         8  0.1041212        0      0            0.491
INFO  [16:51:15.832] [bbotk]                                 uhash
INFO  [16:51:15.832] [bbotk]  33c2e4a6-64a4-49c7-8232-b125895cd5ba
INFO  [16:51:15.842] [bbotk] Finished optimizing after 10 evaluation(s)
INFO  [16:51:15.842] [bbotk] Result:
INFO  [16:51:15.843] [bbotk]  nrounds       eta max_depth learner_param_vals  x_domain classif.ce
INFO  [16:51:15.843] [bbotk]    <int>     <num>     <int>             <list>    <list>      <num>
INFO  [16:51:15.843] [bbotk]       77 0.1338392         8          <list[5]> <list[3]>  0.1041212
INFO  [16:51:16.114] [bbotk] Starting to optimize 3 parameter(s) with '<OptimizerBatchRandomSearch>' and '<TerminatorEvals> [n_evals=10, k=0]'
INFO  [16:51:16.129] [bbotk] Evaluating 1 configuration(s)
INFO  [16:51:16.844] [bbotk] Result of batch 1:
INFO  [16:51:16.845] [bbotk]  nrounds        eta max_depth classif.ce warnings errors runtime_learners
INFO  [16:51:16.845] [bbotk]      227 0.04622871         3       0.12        0      0            0.663
INFO  [16:51:16.845] [bbotk]                                 uhash
INFO  [16:51:16.845] [bbotk]  2a093646-2e37-4a55-a47a-c241fcf95391
INFO  [16:51:16.849] [bbotk] Evaluating 1 configuration(s)
INFO  [16:51:18.067] [bbotk] Result of batch 2:
INFO  [16:51:18.068] [bbotk]  nrounds       eta max_depth classif.ce warnings errors runtime_learners
INFO  [16:51:18.068] [bbotk]      259 0.1818185        10  0.1137778        0      0            1.172
INFO  [16:51:18.068] [bbotk]                                 uhash
INFO  [16:51:18.068] [bbotk]  c29dca81-0c41-4564-a425-2246f4b00615
INFO  [16:51:18.078] [bbotk] Evaluating 1 configuration(s)
INFO  [16:51:18.277] [bbotk] Result of batch 3:
INFO  [16:51:18.278] [bbotk]  nrounds        eta max_depth classif.ce warnings errors runtime_learners
INFO  [16:51:18.278] [bbotk]       58 0.06841717         3  0.1128889        0      0            0.164
INFO  [16:51:18.278] [bbotk]                                 uhash
INFO  [16:51:18.278] [bbotk]  40da4a33-df6f-4cbf-b09f-8393a95231f1
INFO  [16:51:18.287] [bbotk] Evaluating 1 configuration(s)
INFO  [16:51:18.973] [bbotk] Result of batch 4:
INFO  [16:51:18.976] [bbotk]  nrounds       eta max_depth classif.ce warnings errors runtime_learners
INFO  [16:51:18.976] [bbotk]      149 0.2403018         6  0.1208889        0      0            0.652
INFO  [16:51:18.976] [bbotk]                                 uhash
INFO  [16:51:18.976] [bbotk]  25c57c05-d34e-4347-af5c-9203f2970188
INFO  [16:51:18.989] [bbotk] Evaluating 1 configuration(s)
INFO  [16:51:19.230] [bbotk] Result of batch 5:
INFO  [16:51:19.231] [bbotk]  nrounds       eta max_depth classif.ce warnings errors runtime_learners
INFO  [16:51:19.231] [bbotk]      115 0.2547248         2       0.12        0      0              0.2
INFO  [16:51:19.231] [bbotk]                                 uhash
INFO  [16:51:19.231] [bbotk]  f43305af-3779-4929-91f9-c10bae8a824d
INFO  [16:51:19.238] [bbotk] Evaluating 1 configuration(s)
INFO  [16:51:19.965] [bbotk] Result of batch 6:
INFO  [16:51:19.966] [bbotk]  nrounds      eta max_depth classif.ce warnings errors runtime_learners
INFO  [16:51:19.966] [bbotk]      153 0.283716        10  0.1155556        0      0            0.692
INFO  [16:51:19.966] [bbotk]                                 uhash
INFO  [16:51:19.966] [bbotk]  2c3204d9-da0c-4995-989f-7c1409e0772d
INFO  [16:51:19.970] [bbotk] Evaluating 1 configuration(s)
INFO  [16:51:21.052] [bbotk] Result of batch 7:
INFO  [16:51:21.054] [bbotk]  nrounds       eta max_depth classif.ce warnings errors runtime_learners
INFO  [16:51:21.054] [bbotk]      191 0.1383515         6  0.1155556        0      0            1.041
INFO  [16:51:21.054] [bbotk]                                 uhash
INFO  [16:51:21.054] [bbotk]  195567e5-bb6c-4019-a482-7b81fba4f3a9
INFO  [16:51:21.069] [bbotk] Evaluating 1 configuration(s)
INFO  [16:51:23.141] [bbotk] Result of batch 8:
INFO  [16:51:23.142] [bbotk]  nrounds        eta max_depth classif.ce warnings errors runtime_learners
INFO  [16:51:23.142] [bbotk]      279 0.01028184        10  0.1093333        0      0            2.021
INFO  [16:51:23.142] [bbotk]                                 uhash
INFO  [16:51:23.142] [bbotk]  37738480-04b6-427f-9e8e-ae84cf1a50ae
INFO  [16:51:23.146] [bbotk] Evaluating 1 configuration(s)
INFO  [16:51:24.468] [bbotk] Result of batch 9:
INFO  [16:51:24.469] [bbotk]  nrounds        eta max_depth classif.ce warnings errors runtime_learners
INFO  [16:51:24.469] [bbotk]      195 0.07070245         8  0.1155556        0      0             1.27
INFO  [16:51:24.469] [bbotk]                                 uhash
INFO  [16:51:24.469] [bbotk]  3e5f3ce4-7d56-4266-90a4-0189a2130ee1
INFO  [16:51:24.477] [bbotk] Evaluating 1 configuration(s)
INFO  [16:51:25.472] [bbotk] Result of batch 10:
INFO  [16:51:25.475] [bbotk]  nrounds       eta max_depth classif.ce warnings errors runtime_learners
INFO  [16:51:25.475] [bbotk]      199 0.2132688        10  0.1164444        0      0            0.953
INFO  [16:51:25.475] [bbotk]                                 uhash
INFO  [16:51:25.475] [bbotk]  07d467e7-83bd-46f4-b4bf-085aee0cf38c
INFO  [16:51:25.484] [bbotk] Finished optimizing after 10 evaluation(s)
INFO  [16:51:25.484] [bbotk] Result:
INFO  [16:51:25.485] [bbotk]  nrounds        eta max_depth learner_param_vals  x_domain classif.ce
INFO  [16:51:25.485] [bbotk]    <int>      <num>     <int>             <list>    <list>      <num>
INFO  [16:51:25.485] [bbotk]      279 0.01028184        10          <list[5]> <list[3]>  0.1093333
INFO  [16:51:26.564] [bbotk] Starting to optimize 3 parameter(s) with '<OptimizerBatchRandomSearch>' and '<TerminatorEvals> [n_evals=10, k=0]'
INFO  [16:51:26.580] [bbotk] Evaluating 1 configuration(s)
INFO  [16:51:27.272] [bbotk] Result of batch 1:
INFO  [16:51:27.273] [bbotk]  nrounds       eta max_depth classif.ce warnings errors runtime_learners
INFO  [16:51:27.273] [bbotk]      103 0.1053933         7  0.1102222        0      0            0.655
INFO  [16:51:27.273] [bbotk]                                 uhash
INFO  [16:51:27.273] [bbotk]  18a12e33-19da-4cb1-b07c-44618b9e47a3
INFO  [16:51:27.277] [bbotk] Evaluating 1 configuration(s)
INFO  [16:51:28.029] [bbotk] Result of batch 2:
INFO  [16:51:28.032] [bbotk]  nrounds      eta max_depth classif.ce warnings errors runtime_learners
INFO  [16:51:28.032] [bbotk]      272 0.263955         3  0.1155556        0      0              0.7
INFO  [16:51:28.032] [bbotk]                                 uhash
INFO  [16:51:28.032] [bbotk]  ee1ad086-6a88-46d6-9cfb-3adfc237ac6a
INFO  [16:51:28.041] [bbotk] Evaluating 1 configuration(s)
INFO  [16:51:28.869] [bbotk] Result of batch 3:
INFO  [16:51:28.870] [bbotk]  nrounds       eta max_depth classif.ce warnings errors runtime_learners
INFO  [16:51:28.870] [bbotk]      171 0.1404641         7  0.1111111        0      0            0.795
INFO  [16:51:28.870] [bbotk]                                 uhash
INFO  [16:51:28.870] [bbotk]  46dbb393-6f9c-499e-8599-f05ba4f4658e
INFO  [16:51:28.876] [bbotk] Evaluating 1 configuration(s)
INFO  [16:51:30.623] [bbotk] Result of batch 4:
INFO  [16:51:30.625] [bbotk]  nrounds        eta max_depth classif.ce warnings errors runtime_learners
INFO  [16:51:30.625] [bbotk]      293 0.05530274        10      0.112        0      0             1.68
INFO  [16:51:30.625] [bbotk]                                 uhash
INFO  [16:51:30.625] [bbotk]  680815d6-519b-43d7-85cf-554c7bd60f08
INFO  [16:51:30.628] [bbotk] Evaluating 1 configuration(s)
INFO  [16:51:31.636] [bbotk] Result of batch 5:
INFO  [16:51:31.637] [bbotk]  nrounds       eta max_depth classif.ce warnings errors runtime_learners
INFO  [16:51:31.637] [bbotk]      218 0.2111334         9  0.1048889        0      0            0.962
INFO  [16:51:31.637] [bbotk]                                 uhash
INFO  [16:51:31.637] [bbotk]  e9d0e405-a4ec-436b-9735-050f5e89410f
INFO  [16:51:31.641] [bbotk] Evaluating 1 configuration(s)
INFO  [16:51:32.545] [bbotk] Result of batch 6:
INFO  [16:51:32.547] [bbotk]  nrounds       eta max_depth classif.ce warnings errors runtime_learners
INFO  [16:51:32.547] [bbotk]      126 0.1167995        10  0.1128889        0      0            0.846
INFO  [16:51:32.547] [bbotk]                                 uhash
INFO  [16:51:32.547] [bbotk]  0cd86992-084d-486c-8a72-7d16d8cf6690
INFO  [16:51:32.551] [bbotk] Evaluating 1 configuration(s)
INFO  [16:51:33.030] [bbotk] Result of batch 7:
INFO  [16:51:33.031] [bbotk]  nrounds        eta max_depth classif.ce warnings errors runtime_learners
INFO  [16:51:33.031] [bbotk]      143 0.09932583         3  0.1137778        0      0            0.431
INFO  [16:51:33.031] [bbotk]                                 uhash
INFO  [16:51:33.031] [bbotk]  ff8aeb50-aec5-4eec-981b-499dafeae653
INFO  [16:51:33.035] [bbotk] Evaluating 1 configuration(s)
INFO  [16:51:33.511] [bbotk] Result of batch 8:
INFO  [16:51:33.514] [bbotk]  nrounds       eta max_depth classif.ce warnings errors runtime_learners
INFO  [16:51:33.514] [bbotk]      112 0.1881267         4      0.112        0      0            0.434
INFO  [16:51:33.514] [bbotk]                                 uhash
INFO  [16:51:33.514] [bbotk]  68b833da-0996-4d14-a745-b90525b20745
INFO  [16:51:33.527] [bbotk] Evaluating 1 configuration(s)
INFO  [16:51:33.716] [bbotk] Result of batch 9:
INFO  [16:51:33.719] [bbotk]  nrounds       eta max_depth classif.ce warnings errors runtime_learners
INFO  [16:51:33.719] [bbotk]       51 0.2478655         2  0.1084444        0      0            0.125
INFO  [16:51:33.719] [bbotk]                                 uhash
INFO  [16:51:33.719] [bbotk]  6e9422b4-b2cb-463c-a504-ed5acb3506dc
INFO  [16:51:33.727] [bbotk] Evaluating 1 configuration(s)
INFO  [16:51:33.945] [bbotk] Result of batch 10:
INFO  [16:51:33.946] [bbotk]  nrounds       eta max_depth classif.ce warnings errors runtime_learners
INFO  [16:51:33.946] [bbotk]       78 0.2095638         2  0.1093333        0      0            0.173
INFO  [16:51:33.946] [bbotk]                                 uhash
INFO  [16:51:33.946] [bbotk]  18b44089-56d9-4a5c-b975-fbe4d35afaaf
INFO  [16:51:33.964] [bbotk] Finished optimizing after 10 evaluation(s)
INFO  [16:51:33.964] [bbotk] Result:
INFO  [16:51:33.965] [bbotk]  nrounds       eta max_depth learner_param_vals  x_domain classif.ce
INFO  [16:51:33.965] [bbotk]    <int>     <num>     <int>             <list>    <list>      <num>
INFO  [16:51:33.965] [bbotk]      218 0.2111334         9          <list[5]> <list[3]>  0.1048889
INFO  [16:51:34.571] [bbotk] Starting to optimize 3 parameter(s) with '<OptimizerBatchRandomSearch>' and '<TerminatorEvals> [n_evals=10, k=0]'
INFO  [16:51:34.586] [bbotk] Evaluating 1 configuration(s)
INFO  [16:51:35.357] [bbotk] Result of batch 1:
INFO  [16:51:35.358] [bbotk]  nrounds       eta max_depth classif.ce warnings errors runtime_learners
INFO  [16:51:35.358] [bbotk]      140 0.2884635         9  0.1075556        0      0            0.719
INFO  [16:51:35.358] [bbotk]                                 uhash
INFO  [16:51:35.358] [bbotk]  57fd7112-7adc-4a75-9145-3ed1501f71ee
INFO  [16:51:35.362] [bbotk] Evaluating 1 configuration(s)
INFO  [16:51:35.631] [bbotk] Result of batch 2:
INFO  [16:51:35.632] [bbotk]  nrounds       eta max_depth classif.ce warnings errors runtime_learners
INFO  [16:51:35.632] [bbotk]       50 0.2885933         4  0.1102222        0      0            0.214
INFO  [16:51:35.632] [bbotk]                                 uhash
INFO  [16:51:35.632] [bbotk]  2b99a8e1-bf88-43e1-b7ab-701f4c301726
INFO  [16:51:35.636] [bbotk] Evaluating 1 configuration(s)
INFO  [16:51:36.093] [bbotk] Result of batch 3:
INFO  [16:51:36.095] [bbotk]  nrounds        eta max_depth classif.ce warnings errors runtime_learners
INFO  [16:51:36.095] [bbotk]       62 0.07832126         7  0.1102222        0      0            0.396
INFO  [16:51:36.095] [bbotk]                                 uhash
INFO  [16:51:36.095] [bbotk]  b7e43a3f-b867-466e-a27c-aba379a4bf97
INFO  [16:51:36.106] [bbotk] Evaluating 1 configuration(s)
INFO  [16:51:36.952] [bbotk] Result of batch 4:
INFO  [16:51:36.954] [bbotk]  nrounds      eta max_depth classif.ce warnings errors runtime_learners
INFO  [16:51:36.954] [bbotk]      224 0.259656         4 0.09955556        0      0            0.806
INFO  [16:51:36.954] [bbotk]                                 uhash
INFO  [16:51:36.954] [bbotk]  baa4fbaa-231a-4135-b711-75c466aa7c9e
INFO  [16:51:36.960] [bbotk] Evaluating 1 configuration(s)
INFO  [16:51:37.602] [bbotk] Result of batch 5:
INFO  [16:51:37.604] [bbotk]  nrounds       eta max_depth classif.ce warnings errors runtime_learners
INFO  [16:51:37.604] [bbotk]      112 0.2294321         8  0.1048889        0      0            0.589
INFO  [16:51:37.604] [bbotk]                                 uhash
INFO  [16:51:37.604] [bbotk]  5ec8d7dd-d7d1-4de5-8a67-ba0a01be4ba4
INFO  [16:51:37.614] [bbotk] Evaluating 1 configuration(s)
INFO  [16:51:38.013] [bbotk] Result of batch 6:
INFO  [16:51:38.014] [bbotk]  nrounds       eta max_depth classif.ce warnings errors runtime_learners
INFO  [16:51:38.014] [bbotk]       82 0.2277258         6  0.1128889        0      0            0.359
INFO  [16:51:38.014] [bbotk]                                 uhash
INFO  [16:51:38.014] [bbotk]  3a581b06-3d02-4f8c-a5eb-89e0c55266c8
INFO  [16:51:38.021] [bbotk] Evaluating 1 configuration(s)
INFO  [16:51:38.715] [bbotk] Result of batch 7:
INFO  [16:51:38.718] [bbotk]  nrounds       eta max_depth classif.ce warnings errors runtime_learners
INFO  [16:51:38.718] [bbotk]      154 0.2103153         6  0.1066667        0      0            0.644
INFO  [16:51:38.718] [bbotk]                                 uhash
INFO  [16:51:38.718] [bbotk]  648b99c3-0c03-4004-b2ce-4c84f227de8f
INFO  [16:51:38.728] [bbotk] Evaluating 1 configuration(s)
INFO  [16:51:39.277] [bbotk] Result of batch 8:
INFO  [16:51:39.279] [bbotk]  nrounds       eta max_depth classif.ce warnings errors runtime_learners
INFO  [16:51:39.279] [bbotk]      119 0.1476039         5  0.1075556        0      0            0.503
INFO  [16:51:39.279] [bbotk]                                 uhash
INFO  [16:51:39.279] [bbotk]  6e58d94c-c0f0-494b-b371-be419ed940c9
INFO  [16:51:39.284] [bbotk] Evaluating 1 configuration(s)
INFO  [16:51:40.545] [bbotk] Result of batch 9:
INFO  [16:51:40.546] [bbotk]  nrounds        eta max_depth classif.ce warnings errors runtime_learners
INFO  [16:51:40.546] [bbotk]      243 0.06927474         6  0.1075556        0      0            1.213
INFO  [16:51:40.546] [bbotk]                                 uhash
INFO  [16:51:40.546] [bbotk]  e3bc3f6b-1dd1-462f-bcf5-fcc37a26efd2
INFO  [16:51:40.554] [bbotk] Evaluating 1 configuration(s)
INFO  [16:51:41.288] [bbotk] Result of batch 10:
INFO  [16:51:41.289] [bbotk]  nrounds       eta max_depth classif.ce warnings errors runtime_learners
INFO  [16:51:41.289] [bbotk]      273 0.2524792         3  0.1048889        0      0            0.693
INFO  [16:51:41.289] [bbotk]                                 uhash
INFO  [16:51:41.289] [bbotk]  81b2854c-6a2b-4970-96cf-6bbd4c92b042
INFO  [16:51:41.297] [bbotk] Finished optimizing after 10 evaluation(s)
INFO  [16:51:41.297] [bbotk] Result:
INFO  [16:51:41.298] [bbotk]  nrounds      eta max_depth learner_param_vals  x_domain classif.ce
INFO  [16:51:41.298] [bbotk]    <int>    <num>     <int>             <list>    <list>      <num>
INFO  [16:51:41.298] [bbotk]      224 0.259656         4          <list[5]> <list[3]> 0.09955556
INFO  [16:51:41.705] [bbotk] Starting to optimize 3 parameter(s) with '<OptimizerBatchRandomSearch>' and '<TerminatorEvals> [n_evals=10, k=0]'
INFO  [16:51:41.716] [bbotk] Evaluating 1 configuration(s)
INFO  [16:51:42.675] [bbotk] Result of batch 1:
INFO  [16:51:42.676] [bbotk]  nrounds       eta max_depth classif.ce warnings errors runtime_learners
INFO  [16:51:42.676] [bbotk]      223 0.1468893         5  0.1093333        0      0            0.928
INFO  [16:51:42.676] [bbotk]                                 uhash
INFO  [16:51:42.676] [bbotk]  c49fe91b-910c-40d0-9806-cf34f4ae9a2a
INFO  [16:51:42.680] [bbotk] Evaluating 1 configuration(s)
INFO  [16:51:43.347] [bbotk] Result of batch 2:
INFO  [16:51:43.348] [bbotk]  nrounds        eta max_depth classif.ce warnings errors runtime_learners
INFO  [16:51:43.348] [bbotk]       94 0.02578182         7  0.1066667        0      0            0.614
INFO  [16:51:43.348] [bbotk]                                 uhash
INFO  [16:51:43.348] [bbotk]  3b0a5cd9-9290-4dc8-aa20-4cce2d0232e3
INFO  [16:51:43.352] [bbotk] Evaluating 1 configuration(s)
INFO  [16:51:44.588] [bbotk] Result of batch 3:
INFO  [16:51:44.589] [bbotk]  nrounds       eta max_depth classif.ce warnings errors runtime_learners
INFO  [16:51:44.589] [bbotk]      257 0.1602897         9  0.1093333        0      0            1.186
INFO  [16:51:44.589] [bbotk]                                 uhash
INFO  [16:51:44.589] [bbotk]  38a2c45b-fcd1-4e88-9c9b-f54aac2f1410
INFO  [16:51:44.592] [bbotk] Evaluating 1 configuration(s)
INFO  [16:51:45.022] [bbotk] Result of batch 4:
INFO  [16:51:45.024] [bbotk]  nrounds        eta max_depth classif.ce warnings errors runtime_learners
INFO  [16:51:45.024] [bbotk]       56 0.03430182        10  0.1066667        0      0            0.387
INFO  [16:51:45.024] [bbotk]                                 uhash
INFO  [16:51:45.024] [bbotk]  6c096daf-3d62-4e6a-baab-eda92d73fdbd
INFO  [16:51:45.042] [bbotk] Evaluating 1 configuration(s)
INFO  [16:51:45.914] [bbotk] Result of batch 5:
INFO  [16:51:45.915] [bbotk]  nrounds       eta max_depth classif.ce warnings errors runtime_learners
INFO  [16:51:45.915] [bbotk]      203 0.1598378         5  0.1137778        0      0            0.814
INFO  [16:51:45.915] [bbotk]                                 uhash
INFO  [16:51:45.915] [bbotk]  4d62aa11-b28a-40a9-b4ac-5cdce12a0bf0
INFO  [16:51:45.919] [bbotk] Evaluating 1 configuration(s)
INFO  [16:51:46.161] [bbotk] Result of batch 6:
INFO  [16:51:46.163] [bbotk]  nrounds       eta max_depth classif.ce warnings errors runtime_learners
INFO  [16:51:46.163] [bbotk]       53 0.1890071         4  0.1111111        0      0            0.196
INFO  [16:51:46.163] [bbotk]                                 uhash
INFO  [16:51:46.163] [bbotk]  bc88c65f-a580-49b8-ad7a-09e55c4687c2
INFO  [16:51:46.167] [bbotk] Evaluating 1 configuration(s)
INFO  [16:51:46.969] [bbotk] Result of batch 7:
INFO  [16:51:46.971] [bbotk]  nrounds       eta max_depth classif.ce warnings errors runtime_learners
INFO  [16:51:46.971] [bbotk]      226 0.1988005         4  0.1084444        0      0            0.756
INFO  [16:51:46.971] [bbotk]                                 uhash
INFO  [16:51:46.971] [bbotk]  8f7febdf-211f-4b73-87f5-b480681da8b5
INFO  [16:51:46.978] [bbotk] Evaluating 1 configuration(s)
INFO  [16:51:48.136] [bbotk] Result of batch 8:
INFO  [16:51:48.137] [bbotk]  nrounds       eta max_depth classif.ce warnings errors runtime_learners
INFO  [16:51:48.137] [bbotk]      290 0.2699992         7  0.1057778        0      0            1.117
INFO  [16:51:48.137] [bbotk]                                 uhash
INFO  [16:51:48.137] [bbotk]  d7e2d8c2-8fdf-41db-90cc-f957bc3ceda8
INFO  [16:51:48.141] [bbotk] Evaluating 1 configuration(s)
INFO  [16:51:49.869] [bbotk] Result of batch 9:
INFO  [16:51:49.871] [bbotk]  nrounds        eta max_depth classif.ce warnings errors runtime_learners
INFO  [16:51:49.871] [bbotk]      277 0.04206615         8  0.1111111        0      0            1.678
INFO  [16:51:49.871] [bbotk]                                 uhash
INFO  [16:51:49.871] [bbotk]  bff5c972-628b-4e61-9f17-6aa960c13652
INFO  [16:51:49.876] [bbotk] Evaluating 1 configuration(s)
INFO  [16:51:50.505] [bbotk] Result of batch 10:
INFO  [16:51:50.506] [bbotk]  nrounds       eta max_depth classif.ce warnings errors runtime_learners
INFO  [16:51:50.506] [bbotk]      216 0.1451213         3  0.1084444        0      0            0.585
INFO  [16:51:50.506] [bbotk]                                 uhash
INFO  [16:51:50.506] [bbotk]  4107fd68-c49a-4d88-b149-2d0b1d6a2a8d
INFO  [16:51:50.537] [bbotk] Finished optimizing after 10 evaluation(s)
INFO  [16:51:50.537] [bbotk] Result:
INFO  [16:51:50.540] [bbotk]  nrounds       eta max_depth learner_param_vals  x_domain classif.ce
INFO  [16:51:50.540] [bbotk]    <int>     <num>     <int>             <list>    <list>      <num>
INFO  [16:51:50.540] [bbotk]      290 0.2699992         7          <list[5]> <list[3]>  0.1057778

### [bt]: Job terminated successfully [batchtools job.id=1461]
### [bt]: Starting job [batchtools job.id=1462]
### [bt]: Generating problem instance for problem '78e20b4b43a56ff6' ...
### [bt]: Applying algorithm 'run_learner' on problem '78e20b4b43a56ff6' for job 1462 (seed = 1463) ...
INFO  [16:51:51.235] [mlr3] Applying learner 'classif.xgboost.tuned_calib.oof_isotonic' on task 'pc3' (iter 2/10)
INFO  [16:51:51.302] [bbotk] Starting to optimize 3 parameter(s) with '<OptimizerBatchRandomSearch>' and '<TerminatorEvals> [n_evals=10, k=0]'
INFO  [16:51:51.319] [bbotk] Evaluating 1 configuration(s)
INFO  [16:51:51.639] [bbotk] Result of batch 1:
INFO  [16:51:51.640] [bbotk]  nrounds       eta max_depth classif.ce warnings errors runtime_learners
INFO  [16:51:51.640] [bbotk]      162 0.0938055         2  0.1085395        0      0            0.283
INFO  [16:51:51.640] [bbotk]                                 uhash
INFO  [16:51:51.640] [bbotk]  601ad42f-1e3e-4622-aa4e-1cc337013f9f
INFO  [16:51:51.646] [bbotk] Evaluating 1 configuration(s)
INFO  [16:51:52.439] [bbotk] Result of batch 2:
INFO  [16:51:52.440] [bbotk]  nrounds        eta max_depth classif.ce warnings errors runtime_learners
INFO  [16:51:52.440] [bbotk]      139 0.04542352         6  0.1058681        0      0            0.739
INFO  [16:51:52.440] [bbotk]                                 uhash
INFO  [16:51:52.440] [bbotk]  0f645a68-eba9-4307-9284-0a2592ff7699
INFO  [16:51:52.449] [bbotk] Evaluating 1 configuration(s)
INFO  [16:51:53.809] [bbotk] Result of batch 3:
INFO  [16:51:53.811] [bbotk]  nrounds        eta max_depth classif.ce warnings errors runtime_learners
INFO  [16:51:53.811] [bbotk]      197 0.01932912         8  0.1112062        0      0            1.303
INFO  [16:51:53.811] [bbotk]                                 uhash
INFO  [16:51:53.811] [bbotk]  d23f9885-f5a1-4c74-9471-442bd05481a4
INFO  [16:51:53.821] [bbotk] Evaluating 1 configuration(s)
INFO  [16:51:54.342] [bbotk] Result of batch 4:
INFO  [16:51:54.343] [bbotk]  nrounds       eta max_depth classif.ce warnings errors runtime_learners
INFO  [16:51:54.343] [bbotk]      116 0.1015032         5  0.1147641        0      0            0.488
INFO  [16:51:54.343] [bbotk]                                 uhash
INFO  [16:51:54.343] [bbotk]  90f25c2c-4494-4bda-8098-338f25a4b007
INFO  [16:51:54.350] [bbotk] Evaluating 1 configuration(s)
INFO  [16:51:54.968] [bbotk] Result of batch 5:
INFO  [16:51:54.969] [bbotk]  nrounds       eta max_depth classif.ce warnings errors runtime_learners
INFO  [16:51:54.969] [bbotk]      138 0.2725515         5  0.1147712        0      0            0.568
INFO  [16:51:54.969] [bbotk]                                 uhash
INFO  [16:51:54.969] [bbotk]  26a31eb5-672f-4e12-8eaa-98050b9121b0
INFO  [16:51:54.980] [bbotk] Evaluating 1 configuration(s)
INFO  [16:51:55.453] [bbotk] Result of batch 6:
INFO  [16:51:55.454] [bbotk]  nrounds        eta max_depth classif.ce warnings errors runtime_learners
INFO  [16:51:55.454] [bbotk]      209 0.01282557         2  0.1023125        0      0            0.427
INFO  [16:51:55.454] [bbotk]                                 uhash
INFO  [16:51:55.454] [bbotk]  2a1774e5-7106-481e-b5d5-dc5b513aff1c
INFO  [16:51:55.463] [bbotk] Evaluating 1 configuration(s)
INFO  [16:51:55.770] [bbotk] Result of batch 7:
INFO  [16:51:55.771] [bbotk]  nrounds       eta max_depth classif.ce warnings errors runtime_learners
INFO  [16:51:55.771] [bbotk]       51 0.1953926         5    0.11388        0      0            0.242
INFO  [16:51:55.771] [bbotk]                                 uhash
INFO  [16:51:55.771] [bbotk]  ae28d07c-5736-41b6-a916-6669c2854c04
INFO  [16:51:55.775] [bbotk] Evaluating 1 configuration(s)
INFO  [16:51:56.149] [bbotk] Result of batch 8:
INFO  [16:51:56.151] [bbotk]  nrounds       eta max_depth classif.ce warnings errors runtime_learners
INFO  [16:51:56.151] [bbotk]      106 0.2304593         3   0.115653        0      0            0.326
INFO  [16:51:56.151] [bbotk]                                 uhash
INFO  [16:51:56.151] [bbotk]  c8f4ce27-86fb-4752-bb9e-d38a6cb6b393
INFO  [16:51:56.158] [bbotk] Evaluating 1 configuration(s)
INFO  [16:51:56.931] [bbotk] Result of batch 9:
INFO  [16:51:56.932] [bbotk]  nrounds        eta max_depth classif.ce warnings errors runtime_learners
INFO  [16:51:56.932] [bbotk]      153 0.01524421         5  0.1103149        0      0            0.727
INFO  [16:51:56.932] [bbotk]                                 uhash
INFO  [16:51:56.932] [bbotk]  6816239a-58ce-4279-aa7a-cf49d7a859f9
INFO  [16:51:56.936] [bbotk] Evaluating 1 configuration(s)
INFO  [16:51:57.819] [bbotk] Result of batch 10:
INFO  [16:51:57.820] [bbotk]  nrounds       eta max_depth classif.ce warnings errors runtime_learners
INFO  [16:51:57.820] [bbotk]      176 0.2489016         9  0.1103197        0      0            0.846
INFO  [16:51:57.820] [bbotk]                                 uhash
INFO  [16:51:57.820] [bbotk]  1ced461b-0a12-42ee-9472-6646171ed4e0
INFO  [16:51:57.844] [bbotk] Finished optimizing after 10 evaluation(s)
INFO  [16:51:57.844] [bbotk] Result:
INFO  [16:51:57.846] [bbotk]  nrounds        eta max_depth learner_param_vals  x_domain classif.ce
INFO  [16:51:57.846] [bbotk]    <int>      <num>     <int>             <list>    <list>      <num>
INFO  [16:51:57.846] [bbotk]      209 0.01282557         2          <list[5]> <list[3]>  0.1023125
INFO  [16:51:58.094] [bbotk] Starting to optimize 3 parameter(s) with '<OptimizerBatchRandomSearch>' and '<TerminatorEvals> [n_evals=10, k=0]'
INFO  [16:51:58.113] [bbotk] Evaluating 1 configuration(s)
INFO  [16:51:58.534] [bbotk] Result of batch 1:
INFO  [16:51:58.535] [bbotk]  nrounds       eta max_depth classif.ce warnings errors runtime_learners
INFO  [16:51:58.535] [bbotk]       96 0.2374006         5  0.1093333        0      0             0.39
INFO  [16:51:58.535] [bbotk]                                 uhash
INFO  [16:51:58.535] [bbotk]  d662f2b9-a65e-4107-b56b-3b7073f9dcbd
INFO  [16:51:58.539] [bbotk] Evaluating 1 configuration(s)
INFO  [16:51:59.517] [bbotk] Result of batch 2:
INFO  [16:51:59.519] [bbotk]  nrounds        eta max_depth classif.ce warnings errors runtime_learners
INFO  [16:51:59.519] [bbotk]      177 0.03855817         6  0.1084444        0      0            0.934
INFO  [16:51:59.519] [bbotk]                                 uhash
INFO  [16:51:59.519] [bbotk]  f3a1c64c-1de3-44ee-be86-ff4183ad3e97
INFO  [16:51:59.537] [bbotk] Evaluating 1 configuration(s)
INFO  [16:52:00.467] [bbotk] Result of batch 3:
INFO  [16:52:00.468] [bbotk]  nrounds       eta max_depth classif.ce warnings errors runtime_learners
INFO  [16:52:00.468] [bbotk]      240 0.1822203         4  0.1057778        0      0            0.876
INFO  [16:52:00.468] [bbotk]                                 uhash
INFO  [16:52:00.468] [bbotk]  ab478b76-4299-415f-9615-f3ebea11ea46
INFO  [16:52:00.472] [bbotk] Evaluating 1 configuration(s)
INFO  [16:52:01.347] [bbotk] Result of batch 4:
INFO  [16:52:01.347] [bbotk]  nrounds        eta max_depth classif.ce warnings errors runtime_learners
INFO  [16:52:01.347] [bbotk]      227 0.09819386         4  0.1057778        0      0            0.816
INFO  [16:52:01.347] [bbotk]                                 uhash
INFO  [16:52:01.347] [bbotk]  0e8633ff-7270-4520-b11c-e090267fd0a0
INFO  [16:52:01.366] [bbotk] Evaluating 1 configuration(s)
INFO  [16:52:01.995] [bbotk] Result of batch 5:
INFO  [16:52:01.996] [bbotk]  nrounds        eta max_depth classif.ce warnings errors runtime_learners
INFO  [16:52:01.996] [bbotk]      139 0.01086375         5      0.112        0      0            0.587
INFO  [16:52:01.996] [bbotk]                                 uhash
INFO  [16:52:01.996] [bbotk]  825d88a4-9a09-4368-8f99-d3d76f325f5b
INFO  [16:52:02.000] [bbotk] Evaluating 1 configuration(s)
INFO  [16:52:02.187] [bbotk] Result of batch 6:
INFO  [16:52:02.188] [bbotk]  nrounds      eta max_depth classif.ce warnings errors runtime_learners
INFO  [16:52:02.188] [bbotk]       53 0.275405         3  0.1093333        0      0            0.156
INFO  [16:52:02.188] [bbotk]                                 uhash
INFO  [16:52:02.188] [bbotk]  75e1c073-c443-4ff3-a8fb-a2fdfae19bcd
INFO  [16:52:02.191] [bbotk] Evaluating 1 configuration(s)
INFO  [16:52:02.436] [bbotk] Result of batch 7:
INFO  [16:52:02.437] [bbotk]  nrounds        eta max_depth classif.ce warnings errors runtime_learners
INFO  [16:52:02.437] [bbotk]       59 0.03435787         4  0.1066667        0      0            0.207
INFO  [16:52:02.437] [bbotk]                                 uhash
INFO  [16:52:02.437] [bbotk]  5afe2f15-804b-4dd7-9780-4b1d960b2686
INFO  [16:52:02.441] [bbotk] Evaluating 1 configuration(s)
INFO  [16:52:03.617] [bbotk] Result of batch 8:
INFO  [16:52:03.618] [bbotk]  nrounds       eta max_depth classif.ce warnings errors runtime_learners
INFO  [16:52:03.618] [bbotk]      216 0.1251606         7  0.1013333        0      0            1.131
INFO  [16:52:03.618] [bbotk]                                 uhash
INFO  [16:52:03.618] [bbotk]  19de0d80-ebe5-4178-af40-a65c9bd46b3c
INFO  [16:52:03.624] [bbotk] Evaluating 1 configuration(s)
INFO  [16:52:04.213] [bbotk] Result of batch 9:
INFO  [16:52:04.214] [bbotk]  nrounds       eta max_depth classif.ce warnings errors runtime_learners
INFO  [16:52:04.214] [bbotk]       84 0.1249132         9  0.1013333        0      0            0.547
INFO  [16:52:04.214] [bbotk]                                 uhash
INFO  [16:52:04.214] [bbotk]  48d3a62f-ce2d-4527-8e17-64a5efe9a2c1
INFO  [16:52:04.219] [bbotk] Evaluating 1 configuration(s)
INFO  [16:52:05.317] [bbotk] Result of batch 10:
INFO  [16:52:05.320] [bbotk]  nrounds       eta max_depth classif.ce warnings errors runtime_learners
INFO  [16:52:05.320] [bbotk]      238 0.1970188         6  0.1128889        0      0            1.065
INFO  [16:52:05.320] [bbotk]                                 uhash
INFO  [16:52:05.320] [bbotk]  0f047ae7-ceb8-4846-aa9b-1b04bb0913d9
INFO  [16:52:05.334] [bbotk] Finished optimizing after 10 evaluation(s)
INFO  [16:52:05.334] [bbotk] Result:
INFO  [16:52:05.335] [bbotk]  nrounds       eta max_depth learner_param_vals  x_domain classif.ce
INFO  [16:52:05.335] [bbotk]    <int>     <num>     <int>             <list>    <list>      <num>
INFO  [16:52:05.335] [bbotk]      216 0.1251606         7          <list[5]> <list[3]>  0.1013333
INFO  [16:52:05.984] [bbotk] Starting to optimize 3 parameter(s) with '<OptimizerBatchRandomSearch>' and '<TerminatorEvals> [n_evals=10, k=0]'
INFO  [16:52:06.009] [bbotk] Evaluating 1 configuration(s)
INFO  [16:52:06.627] [bbotk] Result of batch 1:
INFO  [16:52:06.628] [bbotk]  nrounds       eta max_depth classif.ce warnings errors runtime_learners
INFO  [16:52:06.628] [bbotk]      138 0.2744236         5      0.096        0      0            0.581
INFO  [16:52:06.628] [bbotk]                                 uhash
INFO  [16:52:06.628] [bbotk]  9b33ec8c-b60f-4a17-92d9-8bbe65221792
INFO  [16:52:06.632] [bbotk] Evaluating 1 configuration(s)
INFO  [16:52:07.268] [bbotk] Result of batch 2:
INFO  [16:52:07.270] [bbotk]  nrounds       eta max_depth classif.ce warnings errors runtime_learners
INFO  [16:52:07.270] [bbotk]      198 0.2968187         3  0.1048889        0      0            0.572
INFO  [16:52:07.270] [bbotk]                                 uhash
INFO  [16:52:07.270] [bbotk]  31de20d4-4aba-42b2-8fb7-0f3a48300a8d
INFO  [16:52:07.279] [bbotk] Evaluating 1 configuration(s)
INFO  [16:52:07.524] [bbotk] Result of batch 3:
INFO  [16:52:07.525] [bbotk]  nrounds       eta max_depth classif.ce warnings errors runtime_learners
INFO  [16:52:07.525] [bbotk]       58 0.2346298         4 0.09866667        0      0            0.196
INFO  [16:52:07.525] [bbotk]                                 uhash
INFO  [16:52:07.525] [bbotk]  c97ed978-82ca-4629-9fd4-9c9c61495f42
INFO  [16:52:07.532] [bbotk] Evaluating 1 configuration(s)
INFO  [16:52:08.440] [bbotk] Result of batch 4:
INFO  [16:52:08.442] [bbotk]  nrounds       eta max_depth classif.ce warnings errors runtime_learners
INFO  [16:52:08.442] [bbotk]      257 0.2499727         4  0.1013333        0      0             0.87
INFO  [16:52:08.442] [bbotk]                                 uhash
INFO  [16:52:08.442] [bbotk]  01167a50-50a4-4885-b446-6c5946b2cea8
INFO  [16:52:08.459] [bbotk] Evaluating 1 configuration(s)
INFO  [16:52:09.830] [bbotk] Result of batch 5:
INFO  [16:52:09.833] [bbotk]  nrounds        eta max_depth classif.ce warnings errors runtime_learners
INFO  [16:52:09.833] [bbotk]      257 0.05141599         6  0.1022222        0      0            1.324
INFO  [16:52:09.833] [bbotk]                                 uhash
INFO  [16:52:09.833] [bbotk]  ae889de6-dd62-4f6e-a75e-b8abb22f1275
INFO  [16:52:09.840] [bbotk] Evaluating 1 configuration(s)
INFO  [16:52:10.878] [bbotk] Result of batch 6:
INFO  [16:52:10.880] [bbotk]  nrounds       eta max_depth classif.ce warnings errors runtime_learners
INFO  [16:52:10.880] [bbotk]      253 0.2387255         5  0.1004444        0      0            0.985
INFO  [16:52:10.880] [bbotk]                                 uhash
INFO  [16:52:10.880] [bbotk]  ce3cf477-e9d9-4f30-afa9-62105d3725b6
INFO  [16:52:10.889] [bbotk] Evaluating 1 configuration(s)
INFO  [16:52:11.539] [bbotk] Result of batch 7:
INFO  [16:52:11.541] [bbotk]  nrounds       eta max_depth classif.ce warnings errors runtime_learners
INFO  [16:52:11.541] [bbotk]      196 0.2020039         4      0.096        0      0            0.607
INFO  [16:52:11.541] [bbotk]                                 uhash
INFO  [16:52:11.541] [bbotk]  187778e1-44d5-44ef-bc7d-25b1bcf46734
INFO  [16:52:11.545] [bbotk] Evaluating 1 configuration(s)
INFO  [16:52:11.923] [bbotk] Result of batch 8:
INFO  [16:52:11.924] [bbotk]  nrounds       eta max_depth classif.ce warnings errors runtime_learners
INFO  [16:52:11.924] [bbotk]       53 0.1862537         8 0.09777778        0      0            0.341
INFO  [16:52:11.924] [bbotk]                                 uhash
INFO  [16:52:11.924] [bbotk]  404c2d6b-3366-4d74-9408-e6bd67291136
INFO  [16:52:11.927] [bbotk] Evaluating 1 configuration(s)
INFO  [16:52:12.752] [bbotk] Result of batch 9:
INFO  [16:52:12.753] [bbotk]  nrounds       eta max_depth classif.ce warnings errors runtime_learners
INFO  [16:52:12.753] [bbotk]      121 0.1253453        10 0.09422222        0      0            0.778
INFO  [16:52:12.753] [bbotk]                                 uhash
INFO  [16:52:12.753] [bbotk]  665b38c1-4579-44c3-9b6c-df336cfc6fb5
INFO  [16:52:12.757] [bbotk] Evaluating 1 configuration(s)
INFO  [16:52:13.469] [bbotk] Result of batch 10:
INFO  [16:52:13.471] [bbotk]  nrounds        eta max_depth classif.ce warnings errors runtime_learners
INFO  [16:52:13.471] [bbotk]      131 0.01379795         6  0.1022222        0      0             0.66
INFO  [16:52:13.471] [bbotk]                                 uhash
INFO  [16:52:13.471] [bbotk]  df154afe-c12f-4d74-9ff4-4cc4eb16ed9f
INFO  [16:52:13.484] [bbotk] Finished optimizing after 10 evaluation(s)
INFO  [16:52:13.485] [bbotk] Result:
INFO  [16:52:13.485] [bbotk]  nrounds       eta max_depth learner_param_vals  x_domain classif.ce
INFO  [16:52:13.485] [bbotk]    <int>     <num>     <int>             <list>    <list>      <num>
INFO  [16:52:13.485] [bbotk]      121 0.1253453        10          <list[5]> <list[3]> 0.09422222
INFO  [16:52:13.914] [bbotk] Starting to optimize 3 parameter(s) with '<OptimizerBatchRandomSearch>' and '<TerminatorEvals> [n_evals=10, k=0]'
INFO  [16:52:13.936] [bbotk] Evaluating 1 configuration(s)
INFO  [16:52:15.058] [bbotk] Result of batch 1:
INFO  [16:52:15.063] [bbotk]  nrounds        eta max_depth classif.ce warnings errors runtime_learners
INFO  [16:52:15.063] [bbotk]      204 0.09755145         7  0.1102222        0      0            1.078
INFO  [16:52:15.063] [bbotk]                                 uhash
INFO  [16:52:15.063] [bbotk]  fce4bfa9-d1b9-4b7d-9138-c7d93a8c517f
INFO  [16:52:15.067] [bbotk] Evaluating 1 configuration(s)
INFO  [16:52:15.964] [bbotk] Result of batch 2:
INFO  [16:52:15.965] [bbotk]  nrounds       eta max_depth classif.ce warnings errors runtime_learners
INFO  [16:52:15.965] [bbotk]      171 0.1851676        10  0.1102222        0      0            0.857
INFO  [16:52:15.965] [bbotk]                                 uhash
INFO  [16:52:15.965] [bbotk]  c6b96e2c-e140-486f-ab7d-913302d5ecba
INFO  [16:52:15.969] [bbotk] Evaluating 1 configuration(s)
INFO  [16:52:17.159] [bbotk] Result of batch 3:
INFO  [16:52:17.161] [bbotk]  nrounds        eta max_depth classif.ce warnings errors runtime_learners
INFO  [16:52:17.161] [bbotk]      270 0.02483732         5      0.112        0      0            1.144
INFO  [16:52:17.161] [bbotk]                                 uhash
INFO  [16:52:17.161] [bbotk]  9b63e5a1-0080-4cde-831a-0e1bdca57909
INFO  [16:52:17.166] [bbotk] Evaluating 1 configuration(s)
INFO  [16:52:17.484] [bbotk] Result of batch 4:
INFO  [16:52:17.486] [bbotk]  nrounds        eta max_depth classif.ce warnings errors runtime_learners
INFO  [16:52:17.486] [bbotk]       73 0.05064176         4      0.112        0      0            0.256
INFO  [16:52:17.486] [bbotk]                                 uhash
INFO  [16:52:17.486] [bbotk]  a04834bf-f4bd-4e8f-be5d-556473143571
INFO  [16:52:17.496] [bbotk] Evaluating 1 configuration(s)
INFO  [16:52:17.919] [bbotk] Result of batch 5:
INFO  [16:52:17.920] [bbotk]  nrounds       eta max_depth classif.ce warnings errors runtime_learners
INFO  [16:52:17.920] [bbotk]      226 0.2167212         2  0.1137778        0      0            0.376
INFO  [16:52:17.920] [bbotk]                                 uhash
INFO  [16:52:17.920] [bbotk]  ed54c4fc-d8f5-4643-ba32-3db44c490e76
INFO  [16:52:17.924] [bbotk] Evaluating 1 configuration(s)
INFO  [16:52:19.170] [bbotk] Result of batch 6:
INFO  [16:52:19.172] [bbotk]  nrounds       eta max_depth classif.ce warnings errors runtime_learners
INFO  [16:52:19.172] [bbotk]      275 0.1945847         7  0.1155556        0      0            1.208
INFO  [16:52:19.172] [bbotk]                                 uhash
INFO  [16:52:19.172] [bbotk]  34a5fa56-d0cd-4e21-981b-8ef24d697dee
INFO  [16:52:19.180] [bbotk] Evaluating 1 configuration(s)
INFO  [16:52:19.962] [bbotk] Result of batch 7:
INFO  [16:52:19.963] [bbotk]  nrounds       eta max_depth classif.ce warnings errors runtime_learners
INFO  [16:52:19.963] [bbotk]      184 0.2554486         6  0.1164444        0      0             0.74
INFO  [16:52:19.963] [bbotk]                                 uhash
INFO  [16:52:19.963] [bbotk]  cb62b56d-71ba-46b0-a597-aa5a801f8d3e
INFO  [16:52:19.967] [bbotk] Evaluating 1 configuration(s)
INFO  [16:52:20.500] [bbotk] Result of batch 8:
INFO  [16:52:20.501] [bbotk]  nrounds       eta max_depth classif.ce warnings errors runtime_learners
INFO  [16:52:20.501] [bbotk]       78 0.2167955         9  0.1137778        0      0            0.478
INFO  [16:52:20.501] [bbotk]                                 uhash
INFO  [16:52:20.501] [bbotk]  ea5a1481-bcef-4bca-84cd-925df4bcea5b
INFO  [16:52:20.505] [bbotk] Evaluating 1 configuration(s)
INFO  [16:52:21.395] [bbotk] Result of batch 9:
INFO  [16:52:21.397] [bbotk]  nrounds        eta max_depth classif.ce warnings errors runtime_learners
INFO  [16:52:21.397] [bbotk]      154 0.06037984         7  0.1155556        0      0            0.847
INFO  [16:52:21.397] [bbotk]                                 uhash
INFO  [16:52:21.397] [bbotk]  f53942d7-616c-4389-b6ad-ecd5b8d4873f
INFO  [16:52:21.402] [bbotk] Evaluating 1 configuration(s)
INFO  [16:52:22.631] [bbotk] Result of batch 10:
INFO  [16:52:22.632] [bbotk]  nrounds       eta max_depth classif.ce warnings errors runtime_learners
INFO  [16:52:22.632] [bbotk]      260 0.1775059        10  0.1137778        0      0            1.187
INFO  [16:52:22.632] [bbotk]                                 uhash
INFO  [16:52:22.632] [bbotk]  e2569a76-b3d7-4217-933d-cf9b23059139
INFO  [16:52:22.640] [bbotk] Finished optimizing after 10 evaluation(s)
INFO  [16:52:22.640] [bbotk] Result:
INFO  [16:52:22.641] [bbotk]  nrounds        eta max_depth learner_param_vals  x_domain classif.ce
INFO  [16:52:22.641] [bbotk]    <int>      <num>     <int>             <list>    <list>      <num>
INFO  [16:52:22.641] [bbotk]      204 0.09755145         7          <list[5]> <list[3]>  0.1102222
INFO  [16:52:23.248] [bbotk] Starting to optimize 3 parameter(s) with '<OptimizerBatchRandomSearch>' and '<TerminatorEvals> [n_evals=10, k=0]'
INFO  [16:52:23.266] [bbotk] Evaluating 1 configuration(s)
INFO  [16:52:23.779] [bbotk] Result of batch 1:
INFO  [16:52:23.780] [bbotk]  nrounds       eta max_depth classif.ce warnings errors runtime_learners
INFO  [16:52:23.780] [bbotk]      128 0.2362322         4  0.1226667        0      0            0.452
INFO  [16:52:23.780] [bbotk]                                 uhash
INFO  [16:52:23.780] [bbotk]  a56f66ae-830e-49b7-a21d-eca0260184a3
INFO  [16:52:23.785] [bbotk] Evaluating 1 configuration(s)
INFO  [16:52:24.038] [bbotk] Result of batch 2:
INFO  [16:52:24.039] [bbotk]  nrounds       eta max_depth classif.ce warnings errors runtime_learners
INFO  [16:52:24.039] [bbotk]       57 0.1511801         4  0.1217778        0      0            0.219
INFO  [16:52:24.039] [bbotk]                                 uhash
INFO  [16:52:24.039] [bbotk]  758be405-9ca9-42b7-af88-6efa74272637
INFO  [16:52:24.042] [bbotk] Evaluating 1 configuration(s)
INFO  [16:52:24.552] [bbotk] Result of batch 3:
INFO  [16:52:24.554] [bbotk]  nrounds       eta max_depth classif.ce warnings errors runtime_learners
INFO  [16:52:24.554] [bbotk]       69 0.1131298         4  0.1155556        0      0            0.244
INFO  [16:52:24.554] [bbotk]                                 uhash
INFO  [16:52:24.554] [bbotk]  54b068c6-346b-4b93-97b9-47f07e6fb2fd
INFO  [16:52:24.563] [bbotk] Evaluating 1 configuration(s)
INFO  [16:52:26.188] [bbotk] Result of batch 4:
INFO  [16:52:26.189] [bbotk]  nrounds        eta max_depth classif.ce warnings errors runtime_learners
INFO  [16:52:26.189] [bbotk]      295 0.08879255         8  0.1226667        0      0            1.578
INFO  [16:52:26.189] [bbotk]                                 uhash
INFO  [16:52:26.189] [bbotk]  2f3299e7-7644-40bf-9c7a-3b7e87feaa50
INFO  [16:52:26.193] [bbotk] Evaluating 1 configuration(s)
INFO  [16:52:27.168] [bbotk] Result of batch 5:
INFO  [16:52:27.169] [bbotk]  nrounds       eta max_depth classif.ce warnings errors runtime_learners
INFO  [16:52:27.169] [bbotk]      213 0.1191528         5  0.1173333        0      0            0.936
INFO  [16:52:27.169] [bbotk]                                 uhash
INFO  [16:52:27.169] [bbotk]  02fe3172-76db-477c-b80d-1fe8a752319b
INFO  [16:52:27.174] [bbotk] Evaluating 1 configuration(s)
INFO  [16:52:27.945] [bbotk] Result of batch 6:
INFO  [16:52:27.946] [bbotk]  nrounds        eta max_depth classif.ce warnings errors runtime_learners
INFO  [16:52:27.946] [bbotk]      283 0.08103811         3  0.1208889        0      0            0.722
INFO  [16:52:27.946] [bbotk]                                 uhash
INFO  [16:52:27.946] [bbotk]  943f8255-884f-464c-8696-0a1ee8a35122
INFO  [16:52:27.951] [bbotk] Evaluating 1 configuration(s)
INFO  [16:52:28.608] [bbotk] Result of batch 7:
INFO  [16:52:28.612] [bbotk]  nrounds       eta max_depth classif.ce warnings errors runtime_learners
INFO  [16:52:28.612] [bbotk]      225 0.1600772         3  0.1217778        0      0            0.612
INFO  [16:52:28.612] [bbotk]                                 uhash
INFO  [16:52:28.612] [bbotk]  1be3cc54-66f3-4fbf-9f2b-4ad5d157d158
INFO  [16:52:28.617] [bbotk] Evaluating 1 configuration(s)
INFO  [16:52:29.603] [bbotk] Result of batch 8:
INFO  [16:52:29.605] [bbotk]  nrounds       eta max_depth classif.ce warnings errors runtime_learners
INFO  [16:52:29.605] [bbotk]      286 0.2943295         4  0.1182222        0      0             0.95
INFO  [16:52:29.605] [bbotk]                                 uhash
INFO  [16:52:29.605] [bbotk]  25ef0cc1-85a8-4e86-9b82-012684b4ee8c
INFO  [16:52:29.616] [bbotk] Evaluating 1 configuration(s)
INFO  [16:52:30.758] [bbotk] Result of batch 9:
INFO  [16:52:30.761] [bbotk]  nrounds       eta max_depth classif.ce warnings errors runtime_learners
INFO  [16:52:30.761] [bbotk]      246 0.2615713        10  0.1235556        0      0            1.099
INFO  [16:52:30.761] [bbotk]                                 uhash
INFO  [16:52:30.761] [bbotk]  24b3a265-cc50-470d-8596-1a17c4408163
INFO  [16:52:30.770] [bbotk] Evaluating 1 configuration(s)
INFO  [16:52:31.163] [bbotk] Result of batch 10:
INFO  [16:52:31.164] [bbotk]  nrounds       eta max_depth classif.ce warnings errors runtime_learners
INFO  [16:52:31.164] [bbotk]       83 0.1545292         5  0.1155556        0      0            0.357
INFO  [16:52:31.164] [bbotk]                                 uhash
INFO  [16:52:31.164] [bbotk]  24032223-edf8-4fc1-aa5a-2d73225935ff
INFO  [16:52:31.172] [bbotk] Finished optimizing after 10 evaluation(s)
INFO  [16:52:31.173] [bbotk] Result:
INFO  [16:52:31.174] [bbotk]  nrounds       eta max_depth learner_param_vals  x_domain classif.ce
INFO  [16:52:31.174] [bbotk]    <int>     <num>     <int>             <list>    <list>      <num>
INFO  [16:52:31.174] [bbotk]       69 0.1131298         4          <list[5]> <list[3]>  0.1155556

### [bt]: Job terminated successfully [batchtools job.id=1462]
### [bt]: Starting job [batchtools job.id=1463]
### [bt]: Generating problem instance for problem '78e20b4b43a56ff6' ...
### [bt]: Applying algorithm 'run_learner' on problem '78e20b4b43a56ff6' for job 1463 (seed = 1464) ...
INFO  [16:52:31.363] [mlr3] Applying learner 'classif.xgboost.tuned_calib.oof_isotonic' on task 'pc3' (iter 3/10)
INFO  [16:52:31.416] [bbotk] Starting to optimize 3 parameter(s) with '<OptimizerBatchRandomSearch>' and '<TerminatorEvals> [n_evals=10, k=0]'
INFO  [16:52:31.431] [bbotk] Evaluating 1 configuration(s)
INFO  [16:52:32.361] [bbotk] Result of batch 1:
INFO  [16:52:32.363] [bbotk]  nrounds        eta max_depth classif.ce warnings errors runtime_learners
INFO  [16:52:32.363] [bbotk]      137 0.09642905         8  0.1103292        0      0            0.881
INFO  [16:52:32.363] [bbotk]                                 uhash
INFO  [16:52:32.363] [bbotk]  5ff0bc21-7dc8-4e82-97cd-c3f35037041c
INFO  [16:52:32.374] [bbotk] Evaluating 1 configuration(s)
INFO  [16:52:33.131] [bbotk] Result of batch 2:
INFO  [16:52:33.132] [bbotk]  nrounds       eta max_depth classif.ce warnings errors runtime_learners
INFO  [16:52:33.132] [bbotk]      164 0.2914862         5  0.1094427        0      0            0.723
INFO  [16:52:33.132] [bbotk]                                 uhash
INFO  [16:52:33.132] [bbotk]  c8f6f34d-1d7c-4452-adbc-916bf97c17c3
INFO  [16:52:33.136] [bbotk] Evaluating 1 configuration(s)
INFO  [16:52:33.849] [bbotk] Result of batch 3:
INFO  [16:52:33.850] [bbotk]  nrounds       eta max_depth classif.ce warnings errors runtime_learners
INFO  [16:52:33.850] [bbotk]      262 0.1189227         3  0.1156601        0      0             0.68
INFO  [16:52:33.850] [bbotk]                                 uhash
INFO  [16:52:33.850] [bbotk]  09bffc28-4366-4745-8b54-5aadeb838bf6
INFO  [16:52:33.855] [bbotk] Evaluating 1 configuration(s)
INFO  [16:52:34.527] [bbotk] Result of batch 4:
INFO  [16:52:34.528] [bbotk]  nrounds       eta max_depth classif.ce warnings errors runtime_learners
INFO  [16:52:34.528] [bbotk]      123 0.2072725        10  0.1121141        0      0            0.634
INFO  [16:52:34.528] [bbotk]                                 uhash
INFO  [16:52:34.528] [bbotk]  7bdb5e80-2a2e-404d-8261-9a28dd1634ca
INFO  [16:52:34.536] [bbotk] Evaluating 1 configuration(s)
INFO  [16:52:35.614] [bbotk] Result of batch 5:
INFO  [16:52:35.616] [bbotk]  nrounds       eta max_depth classif.ce warnings errors runtime_learners
INFO  [16:52:35.616] [bbotk]      252 0.2425211        10  0.1112181        0      0             1.03
INFO  [16:52:35.616] [bbotk]                                 uhash
INFO  [16:52:35.616] [bbotk]  b6979c60-391e-4f28-b1bf-01790d9d446b
INFO  [16:52:35.623] [bbotk] Evaluating 1 configuration(s)
INFO  [16:52:36.806] [bbotk] Result of batch 6:
INFO  [16:52:36.811] [bbotk]  nrounds       eta max_depth classif.ce warnings errors runtime_learners
INFO  [16:52:36.811] [bbotk]      273 0.1798646         5  0.1138824        0      0            1.129
INFO  [16:52:36.811] [bbotk]                                 uhash
INFO  [16:52:36.811] [bbotk]  6feb24f5-8160-4b66-b091-18e4ee62e381
INFO  [16:52:36.821] [bbotk] Evaluating 1 configuration(s)
INFO  [16:52:38.055] [bbotk] Result of batch 7:
INFO  [16:52:38.057] [bbotk]  nrounds       eta max_depth classif.ce warnings errors runtime_learners
INFO  [16:52:38.057] [bbotk]      230 0.1407987        10  0.1112181        0      0            1.193
INFO  [16:52:38.057] [bbotk]                                 uhash
INFO  [16:52:38.057] [bbotk]  505660a7-5a9e-4e27-a3f9-b20d0317ce20
INFO  [16:52:38.065] [bbotk] Evaluating 1 configuration(s)
INFO  [16:52:39.196] [bbotk] Result of batch 8:
INFO  [16:52:39.205] [bbotk]  nrounds       eta max_depth classif.ce warnings errors runtime_learners
INFO  [16:52:39.205] [bbotk]      246 0.1298931         5  0.1121117        0      0            1.092
INFO  [16:52:39.205] [bbotk]                                 uhash
INFO  [16:52:39.205] [bbotk]  fa217ed2-954b-44eb-83df-57a6d5de67e5
INFO  [16:52:39.209] [bbotk] Evaluating 1 configuration(s)
INFO  [16:52:40.466] [bbotk] Result of batch 9:
INFO  [16:52:40.469] [bbotk]  nrounds        eta max_depth classif.ce warnings errors runtime_learners
INFO  [16:52:40.469] [bbotk]      179 0.01597034         8  0.1103268        0      0            1.213
INFO  [16:52:40.469] [bbotk]                                 uhash
INFO  [16:52:40.469] [bbotk]  1bce26b7-5546-49ad-accb-34b894c308fa
INFO  [16:52:40.484] [bbotk] Evaluating 1 configuration(s)
INFO  [16:52:41.648] [bbotk] Result of batch 10:
INFO  [16:52:41.649] [bbotk]  nrounds        eta max_depth classif.ce warnings errors runtime_learners
INFO  [16:52:41.649] [bbotk]      237 0.03775433         5  0.1085443        0      0            1.117
INFO  [16:52:41.649] [bbotk]                                 uhash
INFO  [16:52:41.649] [bbotk]  636dbeaf-db8c-4700-b5aa-af60a3cea299
INFO  [16:52:41.657] [bbotk] Finished optimizing after 10 evaluation(s)
INFO  [16:52:41.658] [bbotk] Result:
INFO  [16:52:41.658] [bbotk]  nrounds        eta max_depth learner_param_vals  x_domain classif.ce
INFO  [16:52:41.658] [bbotk]    <int>      <num>     <int>             <list>    <list>      <num>
INFO  [16:52:41.658] [bbotk]      237 0.03775433         5          <list[5]> <list[3]>  0.1085443
INFO  [16:52:42.173] [bbotk] Starting to optimize 3 parameter(s) with '<OptimizerBatchRandomSearch>' and '<TerminatorEvals> [n_evals=10, k=0]'
INFO  [16:52:42.183] [bbotk] Evaluating 1 configuration(s)
INFO  [16:52:43.000] [bbotk] Result of batch 1:
INFO  [16:52:43.000] [bbotk]  nrounds        eta max_depth classif.ce warnings errors runtime_learners
INFO  [16:52:43.000] [bbotk]      271 0.06103292         3  0.1253333        0      0            0.762
INFO  [16:52:43.000] [bbotk]                                 uhash
INFO  [16:52:43.000] [bbotk]  6da1d911-9747-4dfc-bae9-ccd302070386
INFO  [16:52:43.015] [bbotk] Evaluating 1 configuration(s)
INFO  [16:52:44.318] [bbotk] Result of batch 2:
INFO  [16:52:44.320] [bbotk]  nrounds       eta max_depth classif.ce warnings errors runtime_learners
INFO  [16:52:44.320] [bbotk]      245 0.1691667        10  0.1226667        0      0            1.257
INFO  [16:52:44.320] [bbotk]                                 uhash
INFO  [16:52:44.320] [bbotk]  d16101dc-1d1d-481d-af19-5f164e38a45a
INFO  [16:52:44.330] [bbotk] Evaluating 1 configuration(s)
INFO  [16:52:45.602] [bbotk] Result of batch 3:
INFO  [16:52:45.603] [bbotk]  nrounds       eta max_depth classif.ce warnings errors runtime_learners
INFO  [16:52:45.603] [bbotk]      276 0.2763014        10  0.1244444        0      0             1.24
INFO  [16:52:45.603] [bbotk]                                 uhash
INFO  [16:52:45.603] [bbotk]  eb17655c-d6c9-4f2c-842f-dd2b6cb8f5c5
INFO  [16:52:45.608] [bbotk] Evaluating 1 configuration(s)
INFO  [16:52:46.613] [bbotk] Result of batch 4:
INFO  [16:52:46.614] [bbotk]  nrounds       eta max_depth classif.ce warnings errors runtime_learners
INFO  [16:52:46.614] [bbotk]      216 0.2311837         7  0.1253333        0      0            0.971
INFO  [16:52:46.614] [bbotk]                                 uhash
INFO  [16:52:46.614] [bbotk]  881bbd63-d11f-44f2-9fac-fb155f8e2acd
INFO  [16:52:46.618] [bbotk] Evaluating 1 configuration(s)
INFO  [16:52:47.137] [bbotk] Result of batch 5:
INFO  [16:52:47.138] [bbotk]  nrounds       eta max_depth classif.ce warnings errors runtime_learners
INFO  [16:52:47.138] [bbotk]       68 0.1901924        10  0.1253333        0      0            0.479
INFO  [16:52:47.138] [bbotk]                                 uhash
INFO  [16:52:47.138] [bbotk]  fbc58003-e912-4d5e-a68a-4aef00dc5a5d
INFO  [16:52:47.144] [bbotk] Evaluating 1 configuration(s)
INFO  [16:52:47.752] [bbotk] Result of batch 6:
INFO  [16:52:47.754] [bbotk]  nrounds       eta max_depth classif.ce warnings errors runtime_learners
INFO  [16:52:47.754] [bbotk]      209 0.2551584         3  0.1253333        0      0            0.562
INFO  [16:52:47.754] [bbotk]                                 uhash
INFO  [16:52:47.754] [bbotk]  e9eb27d2-bea5-46c5-b43a-b426268cc6fa
INFO  [16:52:47.763] [bbotk] Evaluating 1 configuration(s)
INFO  [16:52:49.253] [bbotk] Result of batch 7:
INFO  [16:52:49.254] [bbotk]  nrounds       eta max_depth classif.ce warnings errors runtime_learners
INFO  [16:52:49.254] [bbotk]      255 0.1203584        10  0.1226667        0      0            1.451
INFO  [16:52:49.254] [bbotk]                                 uhash
INFO  [16:52:49.254] [bbotk]  53fe97b7-2673-463a-aba0-2b658c5e4312
INFO  [16:52:49.260] [bbotk] Evaluating 1 configuration(s)
INFO  [16:52:49.616] [bbotk] Result of batch 8:
INFO  [16:52:49.617] [bbotk]  nrounds       eta max_depth classif.ce warnings errors runtime_learners
INFO  [16:52:49.617] [bbotk]       57 0.2886499         8  0.1297778        0      0            0.327
INFO  [16:52:49.617] [bbotk]                                 uhash
INFO  [16:52:49.617] [bbotk]  2c0402a4-3471-4ad7-ab8d-8cd029b1ec0e
INFO  [16:52:49.620] [bbotk] Evaluating 1 configuration(s)
INFO  [16:52:50.061] [bbotk] Result of batch 9:
INFO  [16:52:50.063] [bbotk]  nrounds       eta max_depth classif.ce warnings errors runtime_learners
INFO  [16:52:50.063] [bbotk]      144 0.2621731         3       0.12        0      0            0.381
INFO  [16:52:50.063] [bbotk]                                 uhash
INFO  [16:52:50.063] [bbotk]  7cf9f4e2-3853-4428-abd6-fff15d999cdf
INFO  [16:52:50.071] [bbotk] Evaluating 1 configuration(s)
INFO  [16:52:50.373] [bbotk] Result of batch 10:
INFO  [16:52:50.374] [bbotk]  nrounds       eta max_depth classif.ce warnings errors runtime_learners
INFO  [16:52:50.374] [bbotk]      103 0.1471243         3  0.1235556        0      0            0.248
INFO  [16:52:50.374] [bbotk]                                 uhash
INFO  [16:52:50.374] [bbotk]  b3e67ce0-e582-4511-94a9-c33ca160d15d
INFO  [16:52:50.383] [bbotk] Finished optimizing after 10 evaluation(s)
INFO  [16:52:50.383] [bbotk] Result:
INFO  [16:52:50.384] [bbotk]  nrounds       eta max_depth learner_param_vals  x_domain classif.ce
INFO  [16:52:50.384] [bbotk]    <int>     <num>     <int>             <list>    <list>      <num>
INFO  [16:52:50.384] [bbotk]      144 0.2621731         3          <list[5]> <list[3]>       0.12
INFO  [16:52:50.609] [bbotk] Starting to optimize 3 parameter(s) with '<OptimizerBatchRandomSearch>' and '<TerminatorEvals> [n_evals=10, k=0]'
INFO  [16:52:50.619] [bbotk] Evaluating 1 configuration(s)
INFO  [16:52:50.924] [bbotk] Result of batch 1:
INFO  [16:52:50.925] [bbotk]  nrounds       eta max_depth classif.ce warnings errors runtime_learners
INFO  [16:52:50.925] [bbotk]       62 0.2985177         6       0.12        0      0            0.275
INFO  [16:52:50.925] [bbotk]                                 uhash
INFO  [16:52:50.925] [bbotk]  14a44f12-b0af-47d3-ae1b-0f9a102e45a1
INFO  [16:52:50.933] [bbotk] Evaluating 1 configuration(s)
INFO  [16:52:51.922] [bbotk] Result of batch 2:
INFO  [16:52:51.925] [bbotk]  nrounds       eta max_depth classif.ce warnings errors runtime_learners
INFO  [16:52:51.925] [bbotk]      236 0.2658478         6  0.1164444        0      0            0.925
INFO  [16:52:51.925] [bbotk]                                 uhash
INFO  [16:52:51.925] [bbotk]  3c277507-6cf2-41cb-8444-382f8a71f7e4
INFO  [16:52:51.929] [bbotk] Evaluating 1 configuration(s)
INFO  [16:52:52.693] [bbotk] Result of batch 3:
INFO  [16:52:52.694] [bbotk]  nrounds    eta max_depth classif.ce warnings errors runtime_learners
INFO  [16:52:52.694] [bbotk]      117 0.1349         9  0.1253333        0      0            0.723
INFO  [16:52:52.694] [bbotk]                                 uhash
INFO  [16:52:52.694] [bbotk]  985376da-25c9-46de-93fd-eace49a659d9
INFO  [16:52:52.704] [bbotk] Evaluating 1 configuration(s)
INFO  [16:52:53.464] [bbotk] Result of batch 4:
INFO  [16:52:53.466] [bbotk]  nrounds       eta max_depth classif.ce warnings errors runtime_learners
INFO  [16:52:53.466] [bbotk]      163 0.2560647        10  0.1182222        0      0            0.728
INFO  [16:52:53.466] [bbotk]                                 uhash
INFO  [16:52:53.466] [bbotk]  edbd55ac-a55d-4628-af73-32c01ea933fc
INFO  [16:52:53.475] [bbotk] Evaluating 1 configuration(s)
INFO  [16:52:53.858] [bbotk] Result of batch 5:
INFO  [16:52:53.859] [bbotk]  nrounds       eta max_depth classif.ce warnings errors runtime_learners
INFO  [16:52:53.859] [bbotk]      129 0.1627057         3  0.1182222        0      0            0.334
INFO  [16:52:53.859] [bbotk]                                 uhash
INFO  [16:52:53.859] [bbotk]  dedf27d4-bcab-4cb3-b527-40357d864d13
INFO  [16:52:53.864] [bbotk] Evaluating 1 configuration(s)
INFO  [16:52:54.757] [bbotk] Result of batch 6:
INFO  [16:52:54.758] [bbotk]  nrounds       eta max_depth classif.ce warnings errors runtime_learners
INFO  [16:52:54.758] [bbotk]      189 0.2581707         8  0.1182222        0      0            0.846
INFO  [16:52:54.758] [bbotk]                                 uhash
INFO  [16:52:54.758] [bbotk]  ba22be63-e6c1-4981-920c-c14299770296
INFO  [16:52:54.762] [bbotk] Evaluating 1 configuration(s)
INFO  [16:52:55.077] [bbotk] Result of batch 7:
INFO  [16:52:55.078] [bbotk]  nrounds        eta max_depth classif.ce warnings errors runtime_learners
INFO  [16:52:55.078] [bbotk]      161 0.01614594         2  0.1084444        0      0            0.281
INFO  [16:52:55.078] [bbotk]                                 uhash
INFO  [16:52:55.078] [bbotk]  e1260c02-8ff8-4ec3-baec-604cc0af25fe
INFO  [16:52:55.082] [bbotk] Evaluating 1 configuration(s)
INFO  [16:52:56.029] [bbotk] Result of batch 8:
INFO  [16:52:56.030] [bbotk]  nrounds       eta max_depth classif.ce warnings errors runtime_learners
INFO  [16:52:56.030] [bbotk]      206 0.1604319         6  0.1191111        0      0            0.905
INFO  [16:52:56.030] [bbotk]                                 uhash
INFO  [16:52:56.030] [bbotk]  a4103934-4061-41f9-93e7-88590053db0d
INFO  [16:52:56.034] [bbotk] Evaluating 1 configuration(s)
INFO  [16:52:56.335] [bbotk] Result of batch 9:
INFO  [16:52:56.344] [bbotk]  nrounds       eta max_depth classif.ce warnings errors runtime_learners
INFO  [16:52:56.344] [bbotk]       96 0.1826518         3       0.12        0      0            0.266
INFO  [16:52:56.344] [bbotk]                                 uhash
INFO  [16:52:56.344] [bbotk]  f280175c-fa03-47f5-bfc6-f7c6675fd17f
INFO  [16:52:56.351] [bbotk] Evaluating 1 configuration(s)
INFO  [16:52:56.961] [bbotk] Result of batch 10:
INFO  [16:52:56.962] [bbotk]  nrounds       eta max_depth classif.ce warnings errors runtime_learners
INFO  [16:52:56.962] [bbotk]      294 0.1004203         2  0.1217778        0      0            0.561
INFO  [16:52:56.962] [bbotk]                                 uhash
INFO  [16:52:56.962] [bbotk]  2a4dc772-9877-4954-ae61-fc1cca39ff27
INFO  [16:52:56.974] [bbotk] Finished optimizing after 10 evaluation(s)
INFO  [16:52:56.975] [bbotk] Result:
INFO  [16:52:56.977] [bbotk]  nrounds        eta max_depth learner_param_vals  x_domain classif.ce
INFO  [16:52:56.977] [bbotk]    <int>      <num>     <int>             <list>    <list>      <num>
INFO  [16:52:56.977] [bbotk]      161 0.01614594         2          <list[5]> <list[3]>  0.1084444
INFO  [16:52:57.173] [bbotk] Starting to optimize 3 parameter(s) with '<OptimizerBatchRandomSearch>' and '<TerminatorEvals> [n_evals=10, k=0]'
INFO  [16:52:57.192] [bbotk] Evaluating 1 configuration(s)
INFO  [16:52:57.650] [bbotk] Result of batch 1:
INFO  [16:52:57.651] [bbotk]  nrounds     eta max_depth classif.ce warnings errors runtime_learners
INFO  [16:52:57.651] [bbotk]      151 0.26688         3  0.1182222        0      0            0.409
INFO  [16:52:57.651] [bbotk]                                 uhash
INFO  [16:52:57.651] [bbotk]  24accc24-9076-4928-819d-f70eb71f5de7
INFO  [16:52:57.655] [bbotk] Evaluating 1 configuration(s)
INFO  [16:52:58.862] [bbotk] Result of batch 2:
INFO  [16:52:58.863] [bbotk]  nrounds       eta max_depth classif.ce warnings errors runtime_learners
INFO  [16:52:58.863] [bbotk]      235 0.1161616         8  0.1146667        0      0            1.164
INFO  [16:52:58.863] [bbotk]                                 uhash
INFO  [16:52:58.863] [bbotk]  de29acf7-05d5-4ac2-915f-b437709a89e4
INFO  [16:52:58.867] [bbotk] Evaluating 1 configuration(s)
INFO  [16:53:00.111] [bbotk] Result of batch 3:
INFO  [16:53:00.112] [bbotk]  nrounds       eta max_depth classif.ce warnings errors runtime_learners
INFO  [16:53:00.112] [bbotk]      284 0.1645961        10  0.1217778        0      0             1.21
INFO  [16:53:00.112] [bbotk]                                 uhash
INFO  [16:53:00.112] [bbotk]  de97fff9-5d71-4a08-823e-70360e6292c4
INFO  [16:53:00.125] [bbotk] Evaluating 1 configuration(s)
INFO  [16:53:01.346] [bbotk] Result of batch 4:
INFO  [16:53:01.348] [bbotk]  nrounds        eta max_depth classif.ce warnings errors runtime_learners
INFO  [16:53:01.348] [bbotk]      210 0.04111826         7  0.1155556        0      0            1.175
INFO  [16:53:01.348] [bbotk]                                 uhash
INFO  [16:53:01.348] [bbotk]  978cdf44-8ee9-473c-a4af-22800b721d74
INFO  [16:53:01.355] [bbotk] Evaluating 1 configuration(s)
INFO  [16:53:01.904] [bbotk] Result of batch 5:
INFO  [16:53:01.905] [bbotk]  nrounds       eta max_depth classif.ce warnings errors runtime_learners
INFO  [16:53:01.905] [bbotk]      294 0.2630363         2  0.1155556        0      0            0.509
INFO  [16:53:01.905] [bbotk]                                 uhash
INFO  [16:53:01.905] [bbotk]  e41cb39c-e5a0-4048-9317-f21f71a87a19
INFO  [16:53:01.909] [bbotk] Evaluating 1 configuration(s)
INFO  [16:53:02.910] [bbotk] Result of batch 6:
INFO  [16:53:02.912] [bbotk]  nrounds      eta max_depth classif.ce warnings errors runtime_learners
INFO  [16:53:02.912] [bbotk]      263 0.220352         5       0.12        0      0            0.964
INFO  [16:53:02.912] [bbotk]                                 uhash
INFO  [16:53:02.912] [bbotk]  b9e83992-daa7-4351-b22a-c7fd6d62d5c3
INFO  [16:53:02.922] [bbotk] Evaluating 1 configuration(s)
INFO  [16:53:03.919] [bbotk] Result of batch 7:
INFO  [16:53:03.920] [bbotk]  nrounds       eta max_depth classif.ce warnings errors runtime_learners
INFO  [16:53:03.920] [bbotk]      203 0.1280321         8  0.1164444        0      0            0.962
INFO  [16:53:03.920] [bbotk]                                 uhash
INFO  [16:53:03.920] [bbotk]  4ac85e9c-a369-4667-93c3-983c409289ec
INFO  [16:53:03.929] [bbotk] Evaluating 1 configuration(s)
INFO  [16:53:04.668] [bbotk] Result of batch 8:
INFO  [16:53:04.669] [bbotk]  nrounds       eta max_depth classif.ce warnings errors runtime_learners
INFO  [16:53:04.669] [bbotk]      182 0.1284366         5  0.1111111        0      0            0.702
INFO  [16:53:04.669] [bbotk]                                 uhash
INFO  [16:53:04.669] [bbotk]  34ce83cd-59c1-44c3-9984-d717f86bab27
INFO  [16:53:04.678] [bbotk] Evaluating 1 configuration(s)
INFO  [16:53:06.181] [bbotk] Result of batch 9:
INFO  [16:53:06.187] [bbotk]  nrounds       eta max_depth classif.ce warnings errors runtime_learners
INFO  [16:53:06.187] [bbotk]      276 0.0674973         7  0.1208889        0      0            1.447
INFO  [16:53:06.187] [bbotk]                                 uhash
INFO  [16:53:06.187] [bbotk]  bb673332-4a9c-4951-bc32-f80213e6986e
INFO  [16:53:06.200] [bbotk] Evaluating 1 configuration(s)
INFO  [16:53:07.887] [bbotk] Result of batch 10:
INFO  [16:53:07.888] [bbotk]  nrounds        eta max_depth classif.ce warnings errors runtime_learners
INFO  [16:53:07.888] [bbotk]      275 0.07277265        10  0.1164444        0      0            1.643
INFO  [16:53:07.888] [bbotk]                                 uhash
INFO  [16:53:07.888] [bbotk]  a117b55b-8932-42fb-ab6d-27f6c7f5abfb
INFO  [16:53:07.897] [bbotk] Finished optimizing after 10 evaluation(s)
INFO  [16:53:07.897] [bbotk] Result:
INFO  [16:53:07.898] [bbotk]  nrounds       eta max_depth learner_param_vals  x_domain classif.ce
INFO  [16:53:07.898] [bbotk]    <int>     <num>     <int>             <list>    <list>      <num>
INFO  [16:53:07.898] [bbotk]      182 0.1284366         5          <list[5]> <list[3]>  0.1111111
INFO  [16:53:08.370] [bbotk] Starting to optimize 3 parameter(s) with '<OptimizerBatchRandomSearch>' and '<TerminatorEvals> [n_evals=10, k=0]'
INFO  [16:53:08.388] [bbotk] Evaluating 1 configuration(s)
INFO  [16:53:08.593] [bbotk] Result of batch 1:
INFO  [16:53:08.594] [bbotk]  nrounds       eta max_depth classif.ce warnings errors runtime_learners
INFO  [16:53:08.594] [bbotk]       62 0.1063228         2  0.1022222        0      0            0.156
INFO  [16:53:08.594] [bbotk]                                 uhash
INFO  [16:53:08.594] [bbotk]  c7affad0-e3d5-4c41-89cb-4f0b4bafb4ab
INFO  [16:53:08.604] [bbotk] Evaluating 1 configuration(s)
INFO  [16:53:09.265] [bbotk] Result of batch 2:
INFO  [16:53:09.266] [bbotk]  nrounds        eta max_depth classif.ce warnings errors runtime_learners
INFO  [16:53:09.266] [bbotk]      159 0.01975796         4 0.09955556        0      0             0.62
INFO  [16:53:09.266] [bbotk]                                 uhash
INFO  [16:53:09.266] [bbotk]  d202fd4d-29b4-4ba8-a3b7-744bf103bf50
INFO  [16:53:09.273] [bbotk] Evaluating 1 configuration(s)
INFO  [16:53:10.944] [bbotk] Result of batch 3:
INFO  [16:53:10.945] [bbotk]  nrounds        eta max_depth classif.ce warnings errors runtime_learners
INFO  [16:53:10.945] [bbotk]      288 0.09990263        10 0.09955556        0      0            1.619
INFO  [16:53:10.945] [bbotk]                                 uhash
INFO  [16:53:10.945] [bbotk]  f14e11e0-274a-4aae-8051-2c3bdee14f01
INFO  [16:53:10.954] [bbotk] Evaluating 1 configuration(s)
INFO  [16:53:11.715] [bbotk] Result of batch 4:
INFO  [16:53:11.716] [bbotk]  nrounds       eta max_depth classif.ce warnings errors runtime_learners
INFO  [16:53:11.716] [bbotk]      142 0.2031393         8  0.1013333        0      0             0.72
INFO  [16:53:11.716] [bbotk]                                 uhash
INFO  [16:53:11.716] [bbotk]  7adf6156-a17f-4d9c-a95f-98dd8ba25bbd
INFO  [16:53:11.725] [bbotk] Evaluating 1 configuration(s)
INFO  [16:53:13.137] [bbotk] Result of batch 5:
INFO  [16:53:13.140] [bbotk]  nrounds        eta max_depth classif.ce warnings errors runtime_learners
INFO  [16:53:13.140] [bbotk]      211 0.06812458        10  0.1013333        0      0            1.362
INFO  [16:53:13.140] [bbotk]                                 uhash
INFO  [16:53:13.140] [bbotk]  f4a40c5c-0dae-4c34-85c2-20d4fb156bbf
INFO  [16:53:13.149] [bbotk] Evaluating 1 configuration(s)
INFO  [16:55:52.733] [bbotk] Result of batch 6:
INFO  [16:55:52.734] [bbotk]  nrounds       eta max_depth classif.ce warnings errors runtime_learners
INFO  [16:55:52.734] [bbotk]      295 0.2833552         6      0.104        0      0          159.546
INFO  [16:55:52.734] [bbotk]                                 uhash
INFO  [16:55:52.734] [bbotk]  af6db961-fbbb-4f7a-a40a-5f1e154ef7c6
INFO  [16:55:52.738] [bbotk] Evaluating 1 configuration(s)
INFO  [16:55:53.191] [bbotk] Result of batch 7:
INFO  [16:55:53.192] [bbotk]  nrounds       eta max_depth classif.ce warnings errors runtime_learners
INFO  [16:55:53.192] [bbotk]       57 0.1816962         9  0.1004444        0      0            0.388
INFO  [16:55:53.192] [bbotk]                                 uhash
INFO  [16:55:53.192] [bbotk]  9114a7ca-f40a-4d9f-ae2b-7223288ca0ee
INFO  [16:55:53.197] [bbotk] Evaluating 1 configuration(s)
INFO  [16:55:54.169] [bbotk] Result of batch 8:
INFO  [16:55:54.170] [bbotk]  nrounds        eta max_depth classif.ce warnings errors runtime_learners
INFO  [16:55:54.170] [bbotk]      123 0.08266089        10  0.1013333        0      0            0.912
INFO  [16:55:54.170] [bbotk]                                 uhash
INFO  [16:55:54.170] [bbotk]  2ec78543-33fc-40a0-994a-0002a3fdc26e
INFO  [16:55:54.177] [bbotk] Evaluating 1 configuration(s)
INFO  [16:55:54.581] [bbotk] Result of batch 9:
INFO  [16:55:54.582] [bbotk]  nrounds       eta max_depth classif.ce warnings errors runtime_learners
INFO  [16:55:54.582] [bbotk]       64 0.2231647         5 0.09688889        0      0            0.359
INFO  [16:55:54.582] [bbotk]                                 uhash
INFO  [16:55:54.582] [bbotk]  af076f9f-a798-4aee-9a42-ba7aa4af4fc2
INFO  [16:55:54.586] [bbotk] Evaluating 1 configuration(s)
INFO  [16:55:55.138] [bbotk] Result of batch 10:
INFO  [16:55:55.139] [bbotk]  nrounds       eta max_depth classif.ce warnings errors runtime_learners
INFO  [16:55:55.139] [bbotk]      125 0.2694379         4 0.09955556        0      0            0.499
INFO  [16:55:55.139] [bbotk]                                 uhash
INFO  [16:55:55.139] [bbotk]  52dfa7eb-43dd-4f87-9a7c-49c5e3664451
INFO  [16:55:55.159] [bbotk] Finished optimizing after 10 evaluation(s)
INFO  [16:55:55.159] [bbotk] Result:
INFO  [16:55:55.160] [bbotk]  nrounds       eta max_depth learner_param_vals  x_domain classif.ce
INFO  [16:55:55.160] [bbotk]    <int>     <num>     <int>             <list>    <list>      <num>
INFO  [16:55:55.160] [bbotk]       64 0.2231647         5          <list[5]> <list[3]> 0.09688889

### [bt]: Job terminated successfully [batchtools job.id=1463]
### [bt]: Starting job [batchtools job.id=1464]
### [bt]: Generating problem instance for problem '78e20b4b43a56ff6' ...
### [bt]: Applying algorithm 'run_learner' on problem '78e20b4b43a56ff6' for job 1464 (seed = 1465) ...
INFO  [16:55:55.410] [mlr3] Applying learner 'classif.xgboost.tuned_calib.oof_isotonic' on task 'pc3' (iter 4/10)
INFO  [16:55:55.498] [bbotk] Starting to optimize 3 parameter(s) with '<OptimizerBatchRandomSearch>' and '<TerminatorEvals> [n_evals=10, k=0]'
INFO  [16:55:55.512] [bbotk] Evaluating 1 configuration(s)
INFO  [16:55:56.442] [bbotk] Result of batch 1:
INFO  [16:55:56.443] [bbotk]  nrounds       eta max_depth classif.ce warnings errors runtime_learners
INFO  [16:55:56.443] [bbotk]      146 0.1563086         8  0.1102222        0      0            0.876
INFO  [16:55:56.443] [bbotk]                                 uhash
INFO  [16:55:56.443] [bbotk]  7218e8f8-a756-44b5-9269-6252ea2d0869
INFO  [16:55:56.448] [bbotk] Evaluating 1 configuration(s)
INFO  [16:55:57.074] [bbotk] Result of batch 2:
INFO  [16:55:57.076] [bbotk]  nrounds       eta max_depth classif.ce warnings errors runtime_learners
INFO  [16:55:57.076] [bbotk]       80 0.1123746         8  0.1066667        0      0            0.581
INFO  [16:55:57.076] [bbotk]                                 uhash
INFO  [16:55:57.076] [bbotk]  b256de06-c710-45a9-a020-d2326e0bb71a
INFO  [16:55:57.081] [bbotk] Evaluating 1 configuration(s)
INFO  [16:55:57.359] [bbotk] Result of batch 3:
INFO  [16:55:57.361] [bbotk]  nrounds       eta max_depth classif.ce warnings errors runtime_learners
INFO  [16:55:57.361] [bbotk]       53 0.1516845         5  0.1093333        0      0            0.226
INFO  [16:55:57.361] [bbotk]                                 uhash
INFO  [16:55:57.361] [bbotk]  187b0049-7722-4805-9fd1-3e611dc281d2
INFO  [16:55:57.368] [bbotk] Evaluating 1 configuration(s)
INFO  [16:55:58.523] [bbotk] Result of batch 4:
INFO  [16:55:58.524] [bbotk]  nrounds       eta max_depth classif.ce warnings errors runtime_learners
INFO  [16:55:58.524] [bbotk]      287 0.2545793         7      0.112        0      0            1.115
INFO  [16:55:58.524] [bbotk]                                 uhash
INFO  [16:55:58.524] [bbotk]  8e30a97c-4892-44c4-b805-42deaf6d5f66
INFO  [16:55:58.528] [bbotk] Evaluating 1 configuration(s)
INFO  [16:56:00.187] [bbotk] Result of batch 5:
INFO  [16:56:00.189] [bbotk]  nrounds        eta max_depth classif.ce warnings errors runtime_learners
INFO  [16:56:00.189] [bbotk]      223 0.03957635        10  0.1102222        0      0             1.61
INFO  [16:56:00.189] [bbotk]                                 uhash
INFO  [16:56:00.189] [bbotk]  ba6c9bff-0659-4af5-a815-88cbe754b4d3
INFO  [16:56:00.193] [bbotk] Evaluating 1 configuration(s)
INFO  [16:56:01.398] [bbotk] Result of batch 6:
INFO  [16:56:01.399] [bbotk]  nrounds       eta max_depth classif.ce warnings errors runtime_learners
INFO  [16:56:01.399] [bbotk]      288 0.2209949         7  0.1137778        0      0            1.163
INFO  [16:56:01.399] [bbotk]                                 uhash
INFO  [16:56:01.399] [bbotk]  63000aca-e12e-4ac6-b602-82e8b2adb0cb
INFO  [16:56:01.402] [bbotk] Evaluating 1 configuration(s)
INFO  [16:56:01.577] [bbotk] Result of batch 7:
INFO  [16:56:01.581] [bbotk]  nrounds      eta max_depth classif.ce warnings errors runtime_learners
INFO  [16:56:01.581] [bbotk]       60 0.254909         2  0.1084444        0      0             0.12
INFO  [16:56:01.581] [bbotk]                                 uhash
INFO  [16:56:01.581] [bbotk]  80108c15-f0c8-4fa1-a54f-a3f8ac395d7e
INFO  [16:56:01.585] [bbotk] Evaluating 1 configuration(s)
INFO  [16:56:02.541] [bbotk] Result of batch 8:
INFO  [16:56:02.541] [bbotk]  nrounds        eta max_depth classif.ce warnings errors runtime_learners
INFO  [16:56:02.541] [bbotk]      214 0.07852313         5      0.112        0      0            0.909
INFO  [16:56:02.541] [bbotk]                                 uhash
INFO  [16:56:02.541] [bbotk]  354692f2-3057-4e68-9c44-cdce019f1542
INFO  [16:56:02.545] [bbotk] Evaluating 1 configuration(s)
INFO  [16:56:03.418] [bbotk] Result of batch 9:
INFO  [16:56:03.420] [bbotk]  nrounds       eta max_depth classif.ce warnings errors runtime_learners
INFO  [16:56:03.420] [bbotk]      207 0.2769175         5  0.1128889        0      0            0.826
INFO  [16:56:03.420] [bbotk]                                 uhash
INFO  [16:56:03.420] [bbotk]  47cbed07-9e1d-43af-a827-31096e7a3751
INFO  [16:56:03.425] [bbotk] Evaluating 1 configuration(s)
INFO  [16:56:04.129] [bbotk] Result of batch 10:
INFO  [16:56:04.130] [bbotk]  nrounds       eta max_depth classif.ce warnings errors runtime_learners
INFO  [16:56:04.130] [bbotk]      113 0.1561805        10  0.1075556        0      0            0.667
INFO  [16:56:04.130] [bbotk]                                 uhash
INFO  [16:56:04.130] [bbotk]  39e869d6-f3b2-4572-83fe-dc16c6849f0d
INFO  [16:56:04.149] [bbotk] Finished optimizing after 10 evaluation(s)
INFO  [16:56:04.149] [bbotk] Result:
INFO  [16:56:04.151] [bbotk]  nrounds       eta max_depth learner_param_vals  x_domain classif.ce
INFO  [16:56:04.151] [bbotk]    <int>     <num>     <int>             <list>    <list>      <num>
INFO  [16:56:04.151] [bbotk]       80 0.1123746         8          <list[5]> <list[3]>  0.1066667
INFO  [16:56:04.473] [bbotk] Starting to optimize 3 parameter(s) with '<OptimizerBatchRandomSearch>' and '<TerminatorEvals> [n_evals=10, k=0]'
INFO  [16:56:04.482] [bbotk] Evaluating 1 configuration(s)
INFO  [16:56:04.825] [bbotk] Result of batch 1:
INFO  [16:56:04.826] [bbotk]  nrounds       eta max_depth classif.ce warnings errors runtime_learners
INFO  [16:56:04.826] [bbotk]      105 0.2477162         3  0.1111111        0      0            0.304
INFO  [16:56:04.826] [bbotk]                                 uhash
INFO  [16:56:04.826] [bbotk]  6c8875e6-2fcb-48af-b16f-85aece08c8ca
INFO  [16:56:04.835] [bbotk] Evaluating 1 configuration(s)
INFO  [16:56:05.421] [bbotk] Result of batch 2:
INFO  [16:56:05.425] [bbotk]  nrounds       eta max_depth classif.ce warnings errors runtime_learners
INFO  [16:56:05.425] [bbotk]      167 0.2765153         4  0.1137778        0      0             0.54
INFO  [16:56:05.425] [bbotk]                                 uhash
INFO  [16:56:05.425] [bbotk]  a1804f3f-dd62-4595-9274-0a8df8f25f86
INFO  [16:56:05.436] [bbotk] Evaluating 1 configuration(s)
INFO  [16:56:05.949] [bbotk] Result of batch 3:
INFO  [16:56:05.950] [bbotk]  nrounds        eta max_depth classif.ce warnings errors runtime_learners
INFO  [16:56:05.950] [bbotk]      237 0.08447756         2  0.1102222        0      0            0.462
INFO  [16:56:05.950] [bbotk]                                 uhash
INFO  [16:56:05.950] [bbotk]  97d95920-9ba6-440f-8e61-b2acba5581de
INFO  [16:56:05.958] [bbotk] Evaluating 1 configuration(s)
INFO  [16:56:06.749] [bbotk] Result of batch 4:
INFO  [16:56:06.750] [bbotk]  nrounds       eta max_depth classif.ce warnings errors runtime_learners
INFO  [16:56:06.750] [bbotk]      239 0.1267001         3  0.1093333        0      0             0.73
INFO  [16:56:06.750] [bbotk]                                 uhash
INFO  [16:56:06.750] [bbotk]  dad5b836-56be-44af-8af6-0fcad7e8bf84
INFO  [16:56:06.754] [bbotk] Evaluating 1 configuration(s)
INFO  [16:56:07.519] [bbotk] Result of batch 5:
INFO  [16:56:07.520] [bbotk]  nrounds       eta max_depth classif.ce warnings errors runtime_learners
INFO  [16:56:07.520] [bbotk]      128 0.1517556        10  0.1164444        0      0            0.727
INFO  [16:56:07.520] [bbotk]                                 uhash
INFO  [16:56:07.520] [bbotk]  9ab4b039-0907-4c20-90d1-dfb112b37e43
INFO  [16:56:07.529] [bbotk] Evaluating 1 configuration(s)
INFO  [16:56:08.373] [bbotk] Result of batch 6:
INFO  [16:56:08.375] [bbotk]  nrounds        eta max_depth classif.ce warnings errors runtime_learners
INFO  [16:56:08.375] [bbotk]      256 0.02618782         4  0.1093333        0      0             0.81
INFO  [16:56:08.375] [bbotk]                                 uhash
INFO  [16:56:08.375] [bbotk]  a3821c07-3b04-4016-a659-c80df47b2cfb
INFO  [16:56:08.381] [bbotk] Evaluating 1 configuration(s)
INFO  [16:56:09.127] [bbotk] Result of batch 7:
INFO  [16:56:09.128] [bbotk]  nrounds       eta max_depth classif.ce warnings errors runtime_learners
INFO  [16:56:09.128] [bbotk]      157 0.2928825         9       0.12        0      0            0.692
INFO  [16:56:09.128] [bbotk]                                 uhash
INFO  [16:56:09.128] [bbotk]  688b1565-c8df-4574-8302-1d3f382e4b2d
INFO  [16:56:09.132] [bbotk] Evaluating 1 configuration(s)
INFO  [16:56:10.200] [bbotk] Result of batch 8:
INFO  [16:56:10.201] [bbotk]  nrounds       eta max_depth classif.ce warnings errors runtime_learners
INFO  [16:56:10.201] [bbotk]      191 0.1240391         7  0.1102222        0      0            1.016
INFO  [16:56:10.201] [bbotk]                                 uhash
INFO  [16:56:10.201] [bbotk]  66ab183b-6f4d-4968-9e86-1c4c0de2c10f
INFO  [16:56:10.206] [bbotk] Evaluating 1 configuration(s)
INFO  [16:56:11.468] [bbotk] Result of batch 9:
INFO  [16:56:11.470] [bbotk]  nrounds        eta max_depth classif.ce warnings errors runtime_learners
INFO  [16:56:11.470] [bbotk]      238 0.05790761         7  0.1137778        0      0            1.228
INFO  [16:56:11.470] [bbotk]                                 uhash
INFO  [16:56:11.470] [bbotk]  d6b3edf4-6472-4d69-a446-908219054ff9
INFO  [16:56:11.483] [bbotk] Evaluating 1 configuration(s)
INFO  [16:56:11.974] [bbotk] Result of batch 10:
INFO  [16:56:11.977] [bbotk]  nrounds      eta max_depth classif.ce warnings errors runtime_learners
INFO  [16:56:11.977] [bbotk]      167 0.057935         3  0.1031111        0      0            0.396
INFO  [16:56:11.977] [bbotk]                                 uhash
INFO  [16:56:11.977] [bbotk]  da9c7fbc-2251-42d9-9990-621ebaef5cfc
INFO  [16:56:11.995] [bbotk] Finished optimizing after 10 evaluation(s)
INFO  [16:56:11.996] [bbotk] Result:
INFO  [16:56:11.996] [bbotk]  nrounds      eta max_depth learner_param_vals  x_domain classif.ce
INFO  [16:56:11.996] [bbotk]    <int>    <num>     <int>             <list>    <list>      <num>
INFO  [16:56:11.996] [bbotk]      167 0.057935         3          <list[5]> <list[3]>  0.1031111
INFO  [16:56:12.240] [bbotk] Starting to optimize 3 parameter(s) with '<OptimizerBatchRandomSearch>' and '<TerminatorEvals> [n_evals=10, k=0]'
INFO  [16:56:12.260] [bbotk] Evaluating 1 configuration(s)
INFO  [16:56:13.365] [bbotk] Result of batch 1:
INFO  [16:56:13.366] [bbotk]  nrounds       eta max_depth classif.ce warnings errors runtime_learners
INFO  [16:56:13.366] [bbotk]      254 0.1550701         6  0.1056903        0      0             1.07
INFO  [16:56:13.366] [bbotk]                                 uhash
INFO  [16:56:13.366] [bbotk]  807a14c1-a0e8-4c49-bf25-19e3895accda
INFO  [16:56:13.373] [bbotk] Evaluating 1 configuration(s)
INFO  [16:56:14.012] [bbotk] Result of batch 2:
INFO  [16:56:14.013] [bbotk]  nrounds       eta max_depth classif.ce warnings errors runtime_learners
INFO  [16:56:14.013] [bbotk]      125 0.2505006         8  0.1110165        0      0              0.6
INFO  [16:56:14.013] [bbotk]                                 uhash
INFO  [16:56:14.013] [bbotk]  9c9afea9-191b-46bd-84a6-38d9acab7e6a
INFO  [16:56:14.020] [bbotk] Evaluating 1 configuration(s)
INFO  [16:56:14.830] [bbotk] Result of batch 3:
INFO  [16:56:14.832] [bbotk]  nrounds        eta max_depth classif.ce warnings errors runtime_learners
INFO  [16:56:14.832] [bbotk]      180 0.05757534         5  0.1136856        0      0            0.758
INFO  [16:56:14.832] [bbotk]                                 uhash
INFO  [16:56:14.832] [bbotk]  96930013-e771-4ec7-80ec-9489890f329b
INFO  [16:56:14.839] [bbotk] Evaluating 1 configuration(s)
INFO  [16:56:15.602] [bbotk] Result of batch 4:
INFO  [16:56:15.603] [bbotk]  nrounds        eta max_depth classif.ce warnings errors runtime_learners
INFO  [16:56:15.603] [bbotk]      116 0.05750283         9  0.1083546        0      0            0.733
INFO  [16:56:15.603] [bbotk]                                 uhash
INFO  [16:56:15.603] [bbotk]  f3fbe2ed-5755-4a5e-8dac-98814e31629f
INFO  [16:56:15.607] [bbotk] Evaluating 1 configuration(s)
INFO  [16:56:15.936] [bbotk] Result of batch 5:
INFO  [16:56:15.938] [bbotk]  nrounds       eta max_depth classif.ce warnings errors runtime_learners
INFO  [16:56:15.938] [bbotk]       72 0.2683051         5  0.1074681        0      0            0.291
INFO  [16:56:15.938] [bbotk]                                 uhash
INFO  [16:56:15.938] [bbotk]  ce9c47c1-ec98-475e-bac4-8528c4553e80
INFO  [16:56:15.945] [bbotk] Evaluating 1 configuration(s)
INFO  [16:56:17.059] [bbotk] Result of batch 6:
INFO  [16:56:17.060] [bbotk]  nrounds       eta max_depth classif.ce warnings errors runtime_learners
INFO  [16:56:17.060] [bbotk]      252 0.1384892         6  0.1056903        0      0            1.082
INFO  [16:56:17.060] [bbotk]                                 uhash
INFO  [16:56:17.060] [bbotk]  dc8644ea-fe03-41ce-8f63-24400704bf67
INFO  [16:56:17.064] [bbotk] Evaluating 1 configuration(s)
INFO  [16:56:17.646] [bbotk] Result of batch 7:
INFO  [16:56:17.647] [bbotk]  nrounds       eta max_depth classif.ce warnings errors runtime_learners
INFO  [16:56:17.647] [bbotk]      198 0.1450985         3  0.1092388        0      0            0.538
INFO  [16:56:17.647] [bbotk]                                 uhash
INFO  [16:56:17.647] [bbotk]  89f55084-315c-44c0-838e-5eb62efdf7d2
INFO  [16:56:17.651] [bbotk] Evaluating 1 configuration(s)
INFO  [16:56:18.426] [bbotk] Result of batch 8:
INFO  [16:56:18.427] [bbotk]  nrounds      eta max_depth classif.ce warnings errors runtime_learners
INFO  [16:56:18.427] [bbotk]      218 0.158502         4  0.1083546        0      0            0.724
INFO  [16:56:18.427] [bbotk]                                 uhash
INFO  [16:56:18.427] [bbotk]  a2619b71-b18c-488d-ba81-1ff6a359e131
INFO  [16:56:18.431] [bbotk] Evaluating 1 configuration(s)
INFO  [16:56:19.087] [bbotk] Result of batch 9:
INFO  [16:56:19.087] [bbotk]  nrounds       eta max_depth classif.ce warnings errors runtime_learners
INFO  [16:56:19.087] [bbotk]      185 0.1545682         4  0.1092482        0      0            0.621
INFO  [16:56:19.087] [bbotk]                                 uhash
INFO  [16:56:19.087] [bbotk]  af85414a-d019-4e99-87fa-f4de89087405
INFO  [16:56:19.095] [bbotk] Evaluating 1 configuration(s)
INFO  [16:56:19.484] [bbotk] Result of batch 10:
INFO  [16:56:19.485] [bbotk]  nrounds        eta max_depth classif.ce warnings errors runtime_learners
INFO  [16:56:19.485] [bbotk]       53 0.07561381         9  0.1110213        0      0            0.345
INFO  [16:56:19.485] [bbotk]                                 uhash
INFO  [16:56:19.485] [bbotk]  7387b4da-ae30-4325-a44e-a285ee4f996a
INFO  [16:56:19.493] [bbotk] Finished optimizing after 10 evaluation(s)
INFO  [16:56:19.493] [bbotk] Result:
INFO  [16:56:19.494] [bbotk]  nrounds       eta max_depth learner_param_vals  x_domain classif.ce
INFO  [16:56:19.494] [bbotk]    <int>     <num>     <int>             <list>    <list>      <num>
INFO  [16:56:19.494] [bbotk]      252 0.1384892         6          <list[5]> <list[3]>  0.1056903
INFO  [16:56:20.088] [bbotk] Starting to optimize 3 parameter(s) with '<OptimizerBatchRandomSearch>' and '<TerminatorEvals> [n_evals=10, k=0]'
INFO  [16:56:20.112] [bbotk] Evaluating 1 configuration(s)
INFO  [16:56:20.672] [bbotk] Result of batch 1:
INFO  [16:56:20.673] [bbotk]  nrounds       eta max_depth classif.ce warnings errors runtime_learners
INFO  [16:56:20.673] [bbotk]       93 0.1519851         8  0.1154515        0      0            0.513
INFO  [16:56:20.673] [bbotk]                                 uhash
INFO  [16:56:20.673] [bbotk]  e11f9ead-1e4c-47b3-831c-61c32133a01f
INFO  [16:56:20.676] [bbotk] Evaluating 1 configuration(s)
INFO  [16:56:21.052] [bbotk] Result of batch 2:
INFO  [16:56:21.054] [bbotk]  nrounds       eta max_depth classif.ce warnings errors runtime_learners
INFO  [16:56:21.054] [bbotk]      132 0.2964515         3  0.1163357        0      0             0.34
INFO  [16:56:21.054] [bbotk]                                 uhash
INFO  [16:56:21.054] [bbotk]  cd1be0be-e125-407f-a45d-9c5f73127564
INFO  [16:56:21.058] [bbotk] Evaluating 1 configuration(s)
INFO  [16:56:21.592] [bbotk] Result of batch 3:
INFO  [16:56:21.593] [bbotk]  nrounds        eta max_depth classif.ce warnings errors runtime_learners
INFO  [16:56:21.593] [bbotk]      125 0.04242974         5  0.1154444        0      0            0.503
INFO  [16:56:21.593] [bbotk]                                 uhash
INFO  [16:56:21.593] [bbotk]  e98bd24a-40e3-496b-9707-3be3357f426d
INFO  [16:56:21.597] [bbotk] Evaluating 1 configuration(s)
INFO  [16:56:22.518] [bbotk] Result of batch 4:
INFO  [16:56:22.520] [bbotk]  nrounds       eta max_depth classif.ce warnings errors runtime_learners
INFO  [16:56:22.520] [bbotk]      239 0.2904212         6  0.1216714        0      0            0.886
INFO  [16:56:22.520] [bbotk]                                 uhash
INFO  [16:56:22.520] [bbotk]  f7e6408f-c47b-447d-b706-e0aee66d2514
INFO  [16:56:22.524] [bbotk] Evaluating 1 configuration(s)
INFO  [16:56:22.905] [bbotk] Result of batch 5:
INFO  [16:56:22.906] [bbotk]  nrounds        eta max_depth classif.ce warnings errors runtime_learners
INFO  [16:56:22.906] [bbotk]      186 0.06629617         2  0.1030142        0      0            0.346
INFO  [16:56:22.906] [bbotk]                                 uhash
INFO  [16:56:22.906] [bbotk]  a9da32e6-88ae-4520-b67a-5efd9a134a2f
INFO  [16:56:22.910] [bbotk] Evaluating 1 configuration(s)
INFO  [16:56:23.362] [bbotk] Result of batch 6:
INFO  [16:56:23.363] [bbotk]  nrounds       eta max_depth classif.ce warnings errors runtime_learners
INFO  [16:56:23.363] [bbotk]      129 0.1894298         4  0.1127778        0      0            0.423
INFO  [16:56:23.363] [bbotk]                                 uhash
INFO  [16:56:23.363] [bbotk]  e5a9989c-1498-44df-9dc5-551e121625b0
INFO  [16:56:23.369] [bbotk] Evaluating 1 configuration(s)
INFO  [16:56:24.004] [bbotk] Result of batch 7:
INFO  [16:56:24.005] [bbotk]  nrounds       eta max_depth classif.ce warnings errors runtime_learners
INFO  [16:56:24.005] [bbotk]      144 0.1217557         5  0.1145532        0      0             0.58
INFO  [16:56:24.005] [bbotk]                                 uhash
INFO  [16:56:24.005] [bbotk]  4c93a057-3655-49c9-a501-d4f873f1c67f
INFO  [16:56:24.011] [bbotk] Evaluating 1 configuration(s)
INFO  [16:56:25.661] [bbotk] Result of batch 8:
INFO  [16:56:25.662] [bbotk]  nrounds        eta max_depth classif.ce warnings errors runtime_learners
INFO  [16:56:25.662] [bbotk]      245 0.02360008         9  0.1127778        0      0             1.61
INFO  [16:56:25.662] [bbotk]                                 uhash
INFO  [16:56:25.662] [bbotk]  c004b3d7-bbf9-4706-83a3-27bc8e5cb502
INFO  [16:56:25.666] [bbotk] Evaluating 1 configuration(s)
INFO  [16:56:26.294] [bbotk] Result of batch 9:
INFO  [16:56:26.296] [bbotk]  nrounds        eta max_depth classif.ce warnings errors runtime_learners
INFO  [16:56:26.296] [bbotk]      139 0.08564538         5  0.1145626        0      0            0.583
INFO  [16:56:26.296] [bbotk]                                 uhash
INFO  [16:56:26.296] [bbotk]  aafc641a-e405-467c-bc85-f71e69ce70b1
INFO  [16:56:26.305] [bbotk] Evaluating 1 configuration(s)
INFO  [16:56:26.905] [bbotk] Result of batch 10:
INFO  [16:56:26.906] [bbotk]  nrounds       eta max_depth classif.ce warnings errors runtime_learners
INFO  [16:56:26.906] [bbotk]      121 0.2659161         7  0.1225532        0      0            0.558
INFO  [16:56:26.906] [bbotk]                                 uhash
INFO  [16:56:26.906] [bbotk]  5109777e-c758-4270-8ff6-a5a5ada10e7a
INFO  [16:56:26.922] [bbotk] Finished optimizing after 10 evaluation(s)
INFO  [16:56:26.923] [bbotk] Result:
INFO  [16:56:26.925] [bbotk]  nrounds        eta max_depth learner_param_vals  x_domain classif.ce
INFO  [16:56:26.925] [bbotk]    <int>      <num>     <int>             <list>    <list>      <num>
INFO  [16:56:26.925] [bbotk]      186 0.06629617         2          <list[5]> <list[3]>  0.1030142
INFO  [16:56:27.129] [bbotk] Starting to optimize 3 parameter(s) with '<OptimizerBatchRandomSearch>' and '<TerminatorEvals> [n_evals=10, k=0]'
INFO  [16:56:27.139] [bbotk] Evaluating 1 configuration(s)
INFO  [16:56:28.552] [bbotk] Result of batch 1:
INFO  [16:56:28.554] [bbotk]  nrounds        eta max_depth classif.ce warnings errors runtime_learners
INFO  [16:56:28.554] [bbotk]      269 0.01003939         6  0.1136785        0      0            1.362
INFO  [16:56:28.554] [bbotk]                                 uhash
INFO  [16:56:28.554] [bbotk]  bb047432-3b94-44e1-9e0b-71e4a7c904d5
INFO  [16:56:28.559] [bbotk] Evaluating 1 configuration(s)
INFO  [16:56:29.682] [bbotk] Result of batch 2:
INFO  [16:56:29.683] [bbotk]  nrounds       eta max_depth classif.ce warnings errors runtime_learners
INFO  [16:56:29.683] [bbotk]      266 0.2045361         5  0.1252199        0      0            1.066
INFO  [16:56:29.683] [bbotk]                                 uhash
INFO  [16:56:29.683] [bbotk]  f17c4700-f37f-45ac-9cd8-7f2d217bc789
INFO  [16:56:29.690] [bbotk] Evaluating 1 configuration(s)
INFO  [16:56:30.637] [bbotk] Result of batch 3:
INFO  [16:56:30.639] [bbotk]  nrounds       eta max_depth classif.ce warnings errors runtime_learners
INFO  [16:56:30.639] [bbotk]      236 0.2606871         5  0.1172293        0      0            0.893
INFO  [16:56:30.639] [bbotk]                                 uhash
INFO  [16:56:30.639] [bbotk]  3c36ba89-a40b-4ae2-aeef-1278dd242bd7
INFO  [16:56:30.644] [bbotk] Evaluating 1 configuration(s)
INFO  [16:56:31.046] [bbotk] Result of batch 4:
INFO  [16:56:31.047] [bbotk]  nrounds     eta max_depth classif.ce warnings errors runtime_learners
INFO  [16:56:31.047] [bbotk]       69 0.24169         6  0.1198889        0      0            0.354
INFO  [16:56:31.047] [bbotk]                                 uhash
INFO  [16:56:31.047] [bbotk]  44d4fd68-1cc7-4bc4-98b4-e6cfe34ac32b
INFO  [16:56:31.055] [bbotk] Evaluating 1 configuration(s)
INFO  [16:56:32.454] [bbotk] Result of batch 5:
INFO  [16:56:32.456] [bbotk]  nrounds        eta max_depth classif.ce warnings errors runtime_learners
INFO  [16:56:32.456] [bbotk]      211 0.01567785         9  0.1163381        0      0            1.355
INFO  [16:56:32.456] [bbotk]                                 uhash
INFO  [16:56:32.456] [bbotk]  5b68bb45-0779-4bf5-a00e-4547adc996df
INFO  [16:56:32.460] [bbotk] Evaluating 1 configuration(s)
INFO  [16:56:32.745] [bbotk] Result of batch 6:
INFO  [16:56:32.746] [bbotk]  nrounds        eta max_depth classif.ce warnings errors runtime_learners
INFO  [16:56:32.746] [bbotk]       73 0.02565085         4  0.1030213        0      0            0.256
INFO  [16:56:32.746] [bbotk]                                 uhash
INFO  [16:56:32.746] [bbotk]  506b8108-697f-47cb-ab3e-74ac9b203338
INFO  [16:56:32.750] [bbotk] Evaluating 1 configuration(s)
INFO  [16:56:33.868] [bbotk] Result of batch 7:
INFO  [16:56:33.869] [bbotk]  nrounds      eta max_depth classif.ce warnings errors runtime_learners
INFO  [16:56:33.869] [bbotk]      265 0.116944         5  0.1127849        0      0            1.085
INFO  [16:56:33.869] [bbotk]                                 uhash
INFO  [16:56:33.869] [bbotk]  9e51eabd-aa43-43ef-9fbe-6885569a4df2
INFO  [16:56:33.873] [bbotk] Evaluating 1 configuration(s)
INFO  [16:56:34.877] [bbotk] Result of batch 8:
INFO  [16:56:34.880] [bbotk]  nrounds       eta max_depth classif.ce warnings errors runtime_learners
INFO  [16:56:34.880] [bbotk]      291 0.1945185         4  0.1225508        0      0            0.966
INFO  [16:56:34.880] [bbotk]                                 uhash
INFO  [16:56:34.880] [bbotk]  159ed7f0-4e38-4cfe-ad7f-f975e30be249
INFO  [16:56:34.889] [bbotk] Evaluating 1 configuration(s)
INFO  [16:56:35.807] [bbotk] Result of batch 9:
INFO  [16:56:35.808] [bbotk]  nrounds      eta max_depth classif.ce warnings errors runtime_learners
INFO  [16:56:35.808] [bbotk]      194 0.241885        10  0.1234374        0      0            0.866
INFO  [16:56:35.808] [bbotk]                                 uhash
INFO  [16:56:35.808] [bbotk]  9851d59f-2a03-46a0-9a08-993711cb7e33
INFO  [16:56:35.812] [bbotk] Evaluating 1 configuration(s)
INFO  [16:56:36.538] [bbotk] Result of batch 10:
INFO  [16:56:36.539] [bbotk]  nrounds       eta max_depth classif.ce warnings errors runtime_learners
INFO  [16:56:36.539] [bbotk]      162 0.2970276         8  0.1198936        0      0            0.687
INFO  [16:56:36.539] [bbotk]                                 uhash
INFO  [16:56:36.539] [bbotk]  919bbe14-1a7e-4cb6-a3ea-bc50ffcb579e
INFO  [16:56:36.560] [bbotk] Finished optimizing after 10 evaluation(s)
INFO  [16:56:36.560] [bbotk] Result:
INFO  [16:56:36.563] [bbotk]  nrounds        eta max_depth learner_param_vals  x_domain classif.ce
INFO  [16:56:36.563] [bbotk]    <int>      <num>     <int>             <list>    <list>      <num>
INFO  [16:56:36.563] [bbotk]       73 0.02565085         4          <list[5]> <list[3]>  0.1030213

### [bt]: Job terminated successfully [batchtools job.id=1464]
### [bt]: Starting job [batchtools job.id=1465]
### [bt]: Generating problem instance for problem '78e20b4b43a56ff6' ...
### [bt]: Applying algorithm 'run_learner' on problem '78e20b4b43a56ff6' for job 1465 (seed = 1466) ...
INFO  [16:56:36.733] [mlr3] Applying learner 'classif.xgboost.tuned_calib.oof_isotonic' on task 'pc3' (iter 5/10)
INFO  [16:56:36.772] [bbotk] Starting to optimize 3 parameter(s) with '<OptimizerBatchRandomSearch>' and '<TerminatorEvals> [n_evals=10, k=0]'
INFO  [16:56:36.783] [bbotk] Evaluating 1 configuration(s)
INFO  [16:56:37.528] [bbotk] Result of batch 1:
INFO  [16:56:37.529] [bbotk]  nrounds      eta max_depth classif.ce warnings errors runtime_learners
INFO  [16:56:37.529] [bbotk]      245 0.136356         3  0.1146667        0      0            0.709
INFO  [16:56:37.529] [bbotk]                                 uhash
INFO  [16:56:37.529] [bbotk]  59263545-7118-4470-a781-bab8422ec3b9
INFO  [16:56:37.542] [bbotk] Evaluating 1 configuration(s)
INFO  [16:56:38.285] [bbotk] Result of batch 2:
INFO  [16:56:38.287] [bbotk]  nrounds       eta max_depth classif.ce warnings errors runtime_learners
INFO  [16:56:38.287] [bbotk]      151 0.2455864         5  0.1128889        0      0            0.698
INFO  [16:56:38.287] [bbotk]                                 uhash
INFO  [16:56:38.287] [bbotk]  a8452a1a-ed8e-44dd-a97d-8f874ec39bb0
INFO  [16:56:38.296] [bbotk] Evaluating 1 configuration(s)
INFO  [16:56:38.914] [bbotk] Result of batch 3:
INFO  [16:56:38.916] [bbotk]  nrounds       eta max_depth classif.ce warnings errors runtime_learners
INFO  [16:56:38.916] [bbotk]      110 0.2024188         8  0.1164444        0      0            0.572
INFO  [16:56:38.916] [bbotk]                                 uhash
INFO  [16:56:38.916] [bbotk]  ace3906e-1b0d-4b61-935e-2decd37959aa
INFO  [16:56:38.925] [bbotk] Evaluating 1 configuration(s)
INFO  [16:56:39.763] [bbotk] Result of batch 4:
INFO  [16:56:39.764] [bbotk]  nrounds       eta max_depth classif.ce warnings errors runtime_learners
INFO  [16:56:39.764] [bbotk]      184 0.1980422         6  0.1111111        0      0            0.799
INFO  [16:56:39.764] [bbotk]                                 uhash
INFO  [16:56:39.764] [bbotk]  a65684a7-87a5-4a27-8718-40c13d75c9ee
INFO  [16:56:39.768] [bbotk] Evaluating 1 configuration(s)
INFO  [16:56:40.340] [bbotk] Result of batch 5:
INFO  [16:56:40.343] [bbotk]  nrounds       eta max_depth classif.ce warnings errors runtime_learners
INFO  [16:56:40.343] [bbotk]      297 0.2808846         2  0.1235556        0      0            0.523
INFO  [16:56:40.343] [bbotk]                                 uhash
INFO  [16:56:40.343] [bbotk]  4f42350b-6fa3-4976-afec-757d27266912
INFO  [16:56:40.352] [bbotk] Evaluating 1 configuration(s)
INFO  [16:56:41.671] [bbotk] Result of batch 6:
INFO  [16:56:41.673] [bbotk]  nrounds       eta max_depth classif.ce warnings errors runtime_learners
INFO  [16:56:41.673] [bbotk]      227 0.1064757        10  0.1137778        0      0            1.266
INFO  [16:56:41.673] [bbotk]                                 uhash
INFO  [16:56:41.673] [bbotk]  4179f843-6c71-479b-beee-530fc07cc9f8
INFO  [16:56:41.677] [bbotk] Evaluating 1 configuration(s)
INFO  [16:56:42.336] [bbotk] Result of batch 7:
INFO  [16:56:42.338] [bbotk]  nrounds       eta max_depth classif.ce warnings errors runtime_learners
INFO  [16:56:42.338] [bbotk]      138 0.1360795         5  0.1137778        0      0            0.608
INFO  [16:56:42.338] [bbotk]                                 uhash
INFO  [16:56:42.338] [bbotk]  32fefcba-0e6e-45ab-87ce-8bbde9c3037c
INFO  [16:56:42.348] [bbotk] Evaluating 1 configuration(s)
INFO  [16:56:42.650] [bbotk] Result of batch 8:
INFO  [16:56:42.652] [bbotk]  nrounds       eta max_depth classif.ce warnings errors runtime_learners
INFO  [16:56:42.652] [bbotk]       51 0.2993819         6  0.1137778        0      0            0.263
INFO  [16:56:42.652] [bbotk]                                 uhash
INFO  [16:56:42.652] [bbotk]  10120fcb-ab54-4be4-b05c-2954f23235dc
INFO  [16:56:42.659] [bbotk] Evaluating 1 configuration(s)
INFO  [16:56:43.773] [bbotk] Result of batch 9:
INFO  [16:56:43.775] [bbotk]  nrounds        eta max_depth classif.ce warnings errors runtime_learners
INFO  [16:56:43.775] [bbotk]      240 0.03754466         5  0.1146667        0      0            1.042
INFO  [16:56:43.775] [bbotk]                                 uhash
INFO  [16:56:43.775] [bbotk]  1b1faa1f-e1ea-4394-9165-a11a8ab435d1
INFO  [16:56:43.783] [bbotk] Evaluating 1 configuration(s)
INFO  [16:56:44.258] [bbotk] Result of batch 10:
INFO  [16:56:44.259] [bbotk]  nrounds        eta max_depth classif.ce warnings errors runtime_learners
INFO  [16:56:44.259] [bbotk]       65 0.06313227         9      0.112        0      0            0.436
INFO  [16:56:44.259] [bbotk]                                 uhash
INFO  [16:56:44.259] [bbotk]  b24db59b-9a7c-454a-a680-2e9791b7a48c
INFO  [16:56:44.267] [bbotk] Finished optimizing after 10 evaluation(s)
INFO  [16:56:44.267] [bbotk] Result:
INFO  [16:56:44.268] [bbotk]  nrounds       eta max_depth learner_param_vals  x_domain classif.ce
INFO  [16:56:44.268] [bbotk]    <int>     <num>     <int>             <list>    <list>      <num>
INFO  [16:56:44.268] [bbotk]      184 0.1980422         6          <list[5]> <list[3]>  0.1111111
INFO  [16:56:44.736] [bbotk] Starting to optimize 3 parameter(s) with '<OptimizerBatchRandomSearch>' and '<TerminatorEvals> [n_evals=10, k=0]'
INFO  [16:56:44.758] [bbotk] Evaluating 1 configuration(s)
INFO  [16:56:44.979] [bbotk] Result of batch 1:
INFO  [16:56:44.982] [bbotk]  nrounds       eta max_depth classif.ce warnings errors runtime_learners
INFO  [16:56:44.982] [bbotk]       58 0.1135542         3  0.1031111        0      0            0.179
INFO  [16:56:44.982] [bbotk]                                 uhash
INFO  [16:56:44.982] [bbotk]  67b31ee9-8f54-4891-a63a-721aeb10732a
INFO  [16:56:44.986] [bbotk] Evaluating 1 configuration(s)
INFO  [16:56:46.039] [bbotk] Result of batch 2:
INFO  [16:56:46.041] [bbotk]  nrounds       eta max_depth classif.ce warnings errors runtime_learners
INFO  [16:56:46.041] [bbotk]      239 0.2015947        10  0.1111111        0      0            1.011
INFO  [16:56:46.041] [bbotk]                                 uhash
INFO  [16:56:46.041] [bbotk]  9825a29a-a3da-4e04-82d2-7c3bd6b5f8fc
INFO  [16:56:46.045] [bbotk] Evaluating 1 configuration(s)
INFO  [16:56:46.797] [bbotk] Result of batch 3:
INFO  [16:56:46.798] [bbotk]  nrounds       eta max_depth classif.ce warnings errors runtime_learners
INFO  [16:56:46.798] [bbotk]      153 0.1260108         6      0.104        0      0            0.714
INFO  [16:56:46.798] [bbotk]                                 uhash
INFO  [16:56:46.798] [bbotk]  3ae4a003-eeaf-4d90-953c-99c55e0e7c36
INFO  [16:56:46.802] [bbotk] Evaluating 1 configuration(s)
INFO  [16:56:47.911] [bbotk] Result of batch 4:
INFO  [16:56:47.913] [bbotk]  nrounds       eta max_depth classif.ce warnings errors runtime_learners
INFO  [16:56:47.913] [bbotk]      233 0.1456418         9      0.112        0      0             1.07
INFO  [16:56:47.913] [bbotk]                                 uhash
INFO  [16:56:47.913] [bbotk]  89518f09-d75e-48fa-bd7a-4308f744b8ac
INFO  [16:56:47.920] [bbotk] Evaluating 1 configuration(s)
INFO  [16:56:48.690] [bbotk] Result of batch 5:
INFO  [16:56:48.691] [bbotk]  nrounds       eta max_depth classif.ce warnings errors runtime_learners
INFO  [16:56:48.691] [bbotk]      145 0.1135171         6  0.1102222        0      0            0.721
INFO  [16:56:48.691] [bbotk]                                 uhash
INFO  [16:56:48.691] [bbotk]  d6c4d46a-fa36-4686-96cc-f52e6f605b17
INFO  [16:56:48.695] [bbotk] Evaluating 1 configuration(s)
INFO  [16:56:49.902] [bbotk] Result of batch 6:
INFO  [16:56:49.903] [bbotk]  nrounds       eta max_depth classif.ce warnings errors runtime_learners
INFO  [16:56:49.903] [bbotk]      221 0.1261278         8  0.1111111        0      0            1.154
INFO  [16:56:49.903] [bbotk]                                 uhash
INFO  [16:56:49.903] [bbotk]  68518d08-3bba-440e-89b5-d891d1053761
INFO  [16:56:49.907] [bbotk] Evaluating 1 configuration(s)
INFO  [16:56:50.806] [bbotk] Result of batch 7:
INFO  [16:56:50.808] [bbotk]  nrounds       eta max_depth classif.ce warnings errors runtime_learners
INFO  [16:56:50.808] [bbotk]      242 0.1531453         4  0.1102222        0      0            0.854
INFO  [16:56:50.808] [bbotk]                                 uhash
INFO  [16:56:50.808] [bbotk]  718c3d93-1846-46e6-ac10-081d7d0f950c
INFO  [16:56:50.818] [bbotk] Evaluating 1 configuration(s)
INFO  [16:56:51.725] [bbotk] Result of batch 8:
INFO  [16:56:51.726] [bbotk]  nrounds      eta max_depth classif.ce warnings errors runtime_learners
INFO  [16:56:51.726] [bbotk]      184 0.168424        10  0.1111111        0      0            0.871
INFO  [16:56:51.726] [bbotk]                                 uhash
INFO  [16:56:51.726] [bbotk]  dc9ceb87-5ad3-406f-a446-72d90dc88dd3
INFO  [16:56:51.732] [bbotk] Evaluating 1 configuration(s)
INFO  [16:56:52.441] [bbotk] Result of batch 9:
INFO  [16:56:52.442] [bbotk]  nrounds      eta max_depth classif.ce warnings errors runtime_learners
INFO  [16:56:52.442] [bbotk]      177 0.263201         4  0.1146667        0      0            0.669
INFO  [16:56:52.442] [bbotk]                                 uhash
INFO  [16:56:52.442] [bbotk]  4194d8e7-1e60-4725-bf22-6d3c084a0dfb
INFO  [16:56:52.446] [bbotk] Evaluating 1 configuration(s)
INFO  [16:56:53.067] [bbotk] Result of batch 10:
INFO  [16:56:53.068] [bbotk]  nrounds        eta max_depth classif.ce warnings errors runtime_learners
INFO  [16:56:53.068] [bbotk]       95 0.06150357         8  0.1057778        0      0            0.581
INFO  [16:56:53.068] [bbotk]                                 uhash
INFO  [16:56:53.068] [bbotk]  d74a399d-5f3a-4009-91da-8d492a4b628c
INFO  [16:56:53.076] [bbotk] Finished optimizing after 10 evaluation(s)
INFO  [16:56:53.076] [bbotk] Result:
INFO  [16:56:53.077] [bbotk]  nrounds       eta max_depth learner_param_vals  x_domain classif.ce
INFO  [16:56:53.077] [bbotk]    <int>     <num>     <int>             <list>    <list>      <num>
INFO  [16:56:53.077] [bbotk]       58 0.1135542         3          <list[5]> <list[3]>  0.1031111
INFO  [16:56:53.208] [bbotk] Starting to optimize 3 parameter(s) with '<OptimizerBatchRandomSearch>' and '<TerminatorEvals> [n_evals=10, k=0]'
INFO  [16:56:53.225] [bbotk] Evaluating 1 configuration(s)
INFO  [16:56:53.814] [bbotk] Result of batch 1:
INFO  [16:56:53.816] [bbotk]  nrounds     eta max_depth classif.ce warnings errors runtime_learners
INFO  [16:56:53.816] [bbotk]      216 0.28327         3  0.1145721        0      0            0.554
INFO  [16:56:53.816] [bbotk]                                 uhash
INFO  [16:56:53.816] [bbotk]  1adedeb0-f7c9-43a2-aa5f-b8741dd0787f
INFO  [16:56:53.823] [bbotk] Evaluating 1 configuration(s)
INFO  [16:56:54.272] [bbotk] Result of batch 2:
INFO  [16:56:54.273] [bbotk]  nrounds       eta max_depth classif.ce warnings errors runtime_learners
INFO  [16:56:54.273] [bbotk]      217 0.1870829         2  0.1119078        0      0            0.401
INFO  [16:56:54.273] [bbotk]                                 uhash
INFO  [16:56:54.273] [bbotk]  9d7052b1-1ea0-4428-8179-dbcf4311dbb5
INFO  [16:56:54.279] [bbotk] Evaluating 1 configuration(s)
INFO  [16:56:55.020] [bbotk] Result of batch 3:
INFO  [16:56:55.020] [bbotk]  nrounds       eta max_depth classif.ce warnings errors runtime_learners
INFO  [16:56:55.020] [bbotk]      126 0.1843309         9   0.103026        0      0            0.703
INFO  [16:56:55.020] [bbotk]                                 uhash
INFO  [16:56:55.020] [bbotk]  d04a5bac-278f-44a7-b89d-ed703694ee24
INFO  [16:56:55.024] [bbotk] Evaluating 1 configuration(s)
INFO  [16:56:55.776] [bbotk] Result of batch 4:
INFO  [16:56:55.777] [bbotk]  nrounds       eta max_depth classif.ce warnings errors runtime_learners
INFO  [16:56:55.777] [bbotk]      272 0.2326642         3  0.1092435        0      0              0.7
INFO  [16:56:55.777] [bbotk]                                 uhash
INFO  [16:56:55.777] [bbotk]  026668ac-2af8-4a5e-895c-759a39f5d581
INFO  [16:56:55.781] [bbotk] Evaluating 1 configuration(s)
INFO  [16:56:56.615] [bbotk] Result of batch 5:
INFO  [16:56:56.616] [bbotk]  nrounds        eta max_depth classif.ce warnings errors runtime_learners
INFO  [16:56:56.616] [bbotk]      132 0.09462731         9  0.1065697        0      0            0.786
INFO  [16:56:56.616] [bbotk]                                 uhash
INFO  [16:56:56.616] [bbotk]  7237753e-b275-4ff0-9cfa-58adf2f7576b
INFO  [16:56:56.623] [bbotk] Evaluating 1 configuration(s)
INFO  [16:56:57.835] [bbotk] Result of batch 6:
INFO  [16:56:57.836] [bbotk]  nrounds       eta max_depth classif.ce warnings errors runtime_learners
INFO  [16:56:57.836] [bbotk]      232 0.1327515         8  0.1083499        0      0            1.178
INFO  [16:56:57.836] [bbotk]                                 uhash
INFO  [16:56:57.836] [bbotk]  6db82baf-4d57-46e8-9adf-ad6859a08bf8
INFO  [16:56:57.840] [bbotk] Evaluating 1 configuration(s)
INFO  [16:56:58.826] [bbotk] Result of batch 7:
INFO  [16:56:58.828] [bbotk]  nrounds      eta max_depth classif.ce warnings errors runtime_learners
INFO  [16:56:58.828] [bbotk]      245 0.253473         7  0.1065768        0      0            0.952
INFO  [16:56:58.828] [bbotk]                                 uhash
INFO  [16:56:58.828] [bbotk]  3202e3a2-6a21-4ef1-85c7-b013efb0ee04
INFO  [16:56:58.835] [bbotk] Evaluating 1 configuration(s)
INFO  [16:56:59.065] [bbotk] Result of batch 8:
INFO  [16:56:59.066] [bbotk]  nrounds       eta max_depth classif.ce warnings errors runtime_learners
INFO  [16:56:59.066] [bbotk]      112 0.1008517         2  0.1119078        0      0            0.197
INFO  [16:56:59.066] [bbotk]                                 uhash
INFO  [16:56:59.066] [bbotk]  69a80d72-3cfa-47ff-8371-1b8ac230ca2d
INFO  [16:56:59.072] [bbotk] Evaluating 1 configuration(s)
INFO  [16:57:00.360] [bbotk] Result of batch 9:
INFO  [16:57:00.361] [bbotk]  nrounds       eta max_depth classif.ce warnings errors runtime_learners
INFO  [16:57:00.361] [bbotk]      277 0.2736922         8  0.1047991        0      0             1.22
INFO  [16:57:00.361] [bbotk]                                 uhash
INFO  [16:57:00.361] [bbotk]  2813ab72-8a6b-4eea-9b3f-b1f3a4543d1b
INFO  [16:57:00.366] [bbotk] Evaluating 1 configuration(s)
INFO  [16:57:01.242] [bbotk] Result of batch 10:
INFO  [16:57:01.244] [bbotk]  nrounds       eta max_depth classif.ce warnings errors runtime_learners
INFO  [16:57:01.244] [bbotk]      133 0.1500927         8  0.1065768        0      0            0.815
INFO  [16:57:01.244] [bbotk]                                 uhash
INFO  [16:57:01.244] [bbotk]  36bb437b-b5b1-4b11-a3f0-1944502d40b8
INFO  [16:57:01.263] [bbotk] Finished optimizing after 10 evaluation(s)
INFO  [16:57:01.264] [bbotk] Result:
INFO  [16:57:01.265] [bbotk]  nrounds       eta max_depth learner_param_vals  x_domain classif.ce
INFO  [16:57:01.265] [bbotk]    <int>     <num>     <int>             <list>    <list>      <num>
INFO  [16:57:01.265] [bbotk]      126 0.1843309         9          <list[5]> <list[3]>   0.103026
INFO  [16:57:01.704] [bbotk] Starting to optimize 3 parameter(s) with '<OptimizerBatchRandomSearch>' and '<TerminatorEvals> [n_evals=10, k=0]'
INFO  [16:57:01.727] [bbotk] Evaluating 1 configuration(s)
INFO  [16:57:03.306] [bbotk] Result of batch 1:
INFO  [16:57:03.307] [bbotk]  nrounds        eta max_depth classif.ce warnings errors runtime_learners
INFO  [16:57:03.307] [bbotk]      281 0.07825384        10  0.1101229        0      0            1.542
INFO  [16:57:03.307] [bbotk]                                 uhash
INFO  [16:57:03.307] [bbotk]  d5e1a29a-18dc-4dbc-8d2f-0819cd51ee6b
INFO  [16:57:03.317] [bbotk] Evaluating 1 configuration(s)
INFO  [16:57:03.789] [bbotk] Result of batch 2:
INFO  [16:57:03.790] [bbotk]  nrounds       eta max_depth classif.ce warnings errors runtime_learners
INFO  [16:57:03.790] [bbotk]      222 0.0313963         2  0.1056832        0      0            0.413
INFO  [16:57:03.790] [bbotk]                                 uhash
INFO  [16:57:03.790] [bbotk]  ab8d8767-0fad-448b-9a2c-0cfa6f8f5f9e
INFO  [16:57:03.796] [bbotk] Evaluating 1 configuration(s)
INFO  [16:57:04.861] [bbotk] Result of batch 3:
INFO  [16:57:04.862] [bbotk]  nrounds       eta max_depth classif.ce warnings errors runtime_learners
INFO  [16:57:04.862] [bbotk]      228 0.2521812         8  0.1127872        0      0            1.022
INFO  [16:57:04.862] [bbotk]                                 uhash
INFO  [16:57:04.862] [bbotk]  37d7393c-5918-4fb9-9d6b-5c7b5d5f6091
INFO  [16:57:04.870] [bbotk] Evaluating 1 configuration(s)
INFO  [16:57:06.166] [bbotk] Result of batch 4:
INFO  [16:57:06.167] [bbotk]  nrounds       eta max_depth classif.ce warnings errors runtime_learners
INFO  [16:57:06.167] [bbotk]      195 0.0450327         9  0.1092388        0      0            1.256
INFO  [16:57:06.167] [bbotk]                                 uhash
INFO  [16:57:06.167] [bbotk]  da464167-7e9d-430d-9a36-a1bc7ac6fd8b
INFO  [16:57:06.171] [bbotk] Evaluating 1 configuration(s)
INFO  [16:57:06.829] [bbotk] Result of batch 5:
INFO  [16:57:06.831] [bbotk]  nrounds       eta max_depth classif.ce warnings errors runtime_learners
INFO  [16:57:06.831] [bbotk]      128 0.2854438         8  0.1101229        0      0            0.621
INFO  [16:57:06.831] [bbotk]                                 uhash
INFO  [16:57:06.831] [bbotk]  58670f4e-27f9-48f5-bdee-1d531ba52c68
INFO  [16:57:06.840] [bbotk] Evaluating 1 configuration(s)
INFO  [16:57:07.923] [bbotk] Result of batch 6:
INFO  [16:57:07.925] [bbotk]  nrounds       eta max_depth classif.ce warnings errors runtime_learners
INFO  [16:57:07.925] [bbotk]      296 0.1078108         4  0.1119007        0      0            1.044
INFO  [16:57:07.925] [bbotk]                                 uhash
INFO  [16:57:07.925] [bbotk]  2a433957-bb85-4dbe-abd1-74850f38715c
INFO  [16:57:07.930] [bbotk] Evaluating 1 configuration(s)
INFO  [16:57:08.242] [bbotk] Result of batch 7:
INFO  [16:57:08.244] [bbotk]  nrounds       eta max_depth classif.ce warnings errors runtime_learners
INFO  [16:57:08.244] [bbotk]       73 0.1528457         4   0.112792        0      0            0.276
INFO  [16:57:08.244] [bbotk]                                 uhash
INFO  [16:57:08.244] [bbotk]  beca39f0-4c8d-477d-8a49-1c8e766bfed7
INFO  [16:57:08.251] [bbotk] Evaluating 1 configuration(s)
INFO  [16:57:09.204] [bbotk] Result of batch 8:
INFO  [16:57:09.206] [bbotk]  nrounds        eta max_depth classif.ce warnings errors runtime_learners
INFO  [16:57:09.206] [bbotk]      147 0.07205397         7   0.114565        0      0            0.913
INFO  [16:57:09.206] [bbotk]                                 uhash
INFO  [16:57:09.206] [bbotk]  83a3f184-962b-48d6-a34a-c534d7651073
INFO  [16:57:09.215] [bbotk] Evaluating 1 configuration(s)
INFO  [16:57:10.293] [bbotk] Result of batch 9:
INFO  [16:57:10.294] [bbotk]  nrounds       eta max_depth classif.ce warnings errors runtime_learners
INFO  [16:57:10.294] [bbotk]      260 0.2477435         6  0.1083499        0      0            1.039
INFO  [16:57:10.294] [bbotk]                                 uhash
INFO  [16:57:10.294] [bbotk]  6505f2d8-05d1-4fde-9cee-e721ed7c95b8
INFO  [16:57:10.298] [bbotk] Evaluating 1 configuration(s)
INFO  [16:57:10.607] [bbotk] Result of batch 10:
INFO  [16:57:10.610] [bbotk]  nrounds        eta max_depth classif.ce warnings errors runtime_learners
INFO  [16:57:10.610] [bbotk]       81 0.03765211         3  0.1101182        0      0            0.264
INFO  [16:57:10.610] [bbotk]                                 uhash
INFO  [16:57:10.610] [bbotk]  45c5be49-4aaa-4aab-8f9e-e55c45c82089
INFO  [16:57:10.619] [bbotk] Finished optimizing after 10 evaluation(s)
INFO  [16:57:10.619] [bbotk] Result:
INFO  [16:57:10.621] [bbotk]  nrounds       eta max_depth learner_param_vals  x_domain classif.ce
INFO  [16:57:10.621] [bbotk]    <int>     <num>     <int>             <list>    <list>      <num>
INFO  [16:57:10.621] [bbotk]      222 0.0313963         2          <list[5]> <list[3]>  0.1056832
INFO  [16:57:10.871] [bbotk] Starting to optimize 3 parameter(s) with '<OptimizerBatchRandomSearch>' and '<TerminatorEvals> [n_evals=10, k=0]'
INFO  [16:57:10.898] [bbotk] Evaluating 1 configuration(s)
INFO  [16:57:11.745] [bbotk] Result of batch 1:
INFO  [16:57:11.745] [bbotk]  nrounds       eta max_depth classif.ce warnings errors runtime_learners
INFO  [16:57:11.745] [bbotk]      130 0.1776583         9  0.1163522        0      0            0.792
INFO  [16:57:11.745] [bbotk]                                 uhash
INFO  [16:57:11.745] [bbotk]  37d29290-10f4-4898-b852-be578d8d5a24
INFO  [16:57:11.749] [bbotk] Evaluating 1 configuration(s)
INFO  [16:57:12.201] [bbotk] Result of batch 2:
INFO  [16:57:12.203] [bbotk]  nrounds       eta max_depth classif.ce warnings errors runtime_learners
INFO  [16:57:12.203] [bbotk]       60 0.1587842         8  0.1163428        0      0            0.396
INFO  [16:57:12.203] [bbotk]                                 uhash
INFO  [16:57:12.203] [bbotk]  37f2fc60-4e58-44d9-b99d-f71c3e11cde5
INFO  [16:57:12.207] [bbotk] Evaluating 1 configuration(s)
INFO  [16:57:13.031] [bbotk] Result of batch 3:
INFO  [16:57:13.032] [bbotk]  nrounds       eta max_depth classif.ce warnings errors runtime_learners
INFO  [16:57:13.032] [bbotk]      233 0.2177583         4  0.1190189        0      0            0.784
INFO  [16:57:13.032] [bbotk]                                 uhash
INFO  [16:57:13.032] [bbotk]  5e655aed-f410-4560-b04a-1f21dedd7015
INFO  [16:57:13.036] [bbotk] Evaluating 1 configuration(s)
INFO  [16:57:13.825] [bbotk] Result of batch 4:
INFO  [16:57:13.827] [bbotk]  nrounds       eta max_depth classif.ce warnings errors runtime_learners
INFO  [16:57:13.827] [bbotk]      126 0.2209319        10  0.1110142        0      0            0.729
INFO  [16:57:13.827] [bbotk]                                 uhash
INFO  [16:57:13.827] [bbotk]  255d11c0-85e9-4240-a1ea-27d34daebc56
INFO  [16:57:13.832] [bbotk] Evaluating 1 configuration(s)
INFO  [16:57:14.442] [bbotk] Result of batch 5:
INFO  [16:57:14.443] [bbotk]  nrounds        eta max_depth classif.ce warnings errors runtime_learners
INFO  [16:57:14.443] [bbotk]       76 0.02129179         8  0.1136667        0      0            0.562
INFO  [16:57:14.443] [bbotk]                                 uhash
INFO  [16:57:14.443] [bbotk]  868af032-b4a1-4b4d-a590-c6c2748ce09a
INFO  [16:57:14.450] [bbotk] Evaluating 1 configuration(s)
INFO  [16:57:16.168] [bbotk] Result of batch 6:
INFO  [16:57:16.169] [bbotk]  nrounds        eta max_depth classif.ce warnings errors runtime_learners
INFO  [16:57:16.169] [bbotk]      284 0.06441707         8  0.1127896        0      0            1.673
INFO  [16:57:16.169] [bbotk]                                 uhash
INFO  [16:57:16.169] [bbotk]  6f4affc4-e838-426e-98ab-fcd9003cd3c7
INFO  [16:57:16.173] [bbotk] Evaluating 1 configuration(s)
INFO  [16:57:16.997] [bbotk] Result of batch 7:
INFO  [16:57:16.999] [bbotk]  nrounds       eta max_depth classif.ce warnings errors runtime_learners
INFO  [16:57:16.999] [bbotk]      130 0.1216973         8  0.1119031        0      0             0.79
INFO  [16:57:16.999] [bbotk]                                 uhash
INFO  [16:57:16.999] [bbotk]  a5ba6436-d43d-4ce0-ab7f-cffc1480b896
INFO  [16:57:17.005] [bbotk] Evaluating 1 configuration(s)
INFO  [16:57:17.665] [bbotk] Result of batch 8:
INFO  [16:57:17.666] [bbotk]  nrounds       eta max_depth classif.ce warnings errors runtime_learners
INFO  [16:57:17.666] [bbotk]      224 0.2807847         3  0.1270047        0      0            0.622
INFO  [16:57:17.666] [bbotk]                                 uhash
INFO  [16:57:17.666] [bbotk]  d00457b6-9190-4e08-80ba-54fe1951e51e
INFO  [16:57:17.670] [bbotk] Evaluating 1 configuration(s)
INFO  [16:57:18.144] [bbotk] Result of batch 9:
INFO  [16:57:18.145] [bbotk]  nrounds       eta max_depth classif.ce warnings errors runtime_learners
INFO  [16:57:18.145] [bbotk]      120 0.1789072         4  0.1181182        0      0            0.426
INFO  [16:57:18.145] [bbotk]                                 uhash
INFO  [16:57:18.145] [bbotk]  2c367a37-f5e6-4528-8cd3-0194b4d799fb
INFO  [16:57:18.151] [bbotk] Evaluating 1 configuration(s)
INFO  [16:57:18.755] [bbotk] Result of batch 10:
INFO  [16:57:18.757] [bbotk]  nrounds      eta max_depth classif.ce warnings errors runtime_learners
INFO  [16:57:18.757] [bbotk]      116 0.253323         7   0.117234        0      0            0.566
INFO  [16:57:18.757] [bbotk]                                 uhash
INFO  [16:57:18.757] [bbotk]  17bc2bac-2e54-47da-803f-be54383411f0
INFO  [16:57:18.777] [bbotk] Finished optimizing after 10 evaluation(s)
INFO  [16:57:18.778] [bbotk] Result:
INFO  [16:57:18.779] [bbotk]  nrounds       eta max_depth learner_param_vals  x_domain classif.ce
INFO  [16:57:18.779] [bbotk]    <int>     <num>     <int>             <list>    <list>      <num>
INFO  [16:57:18.779] [bbotk]      126 0.2209319        10          <list[5]> <list[3]>  0.1110142

### [bt]: Job terminated successfully [batchtools job.id=1465]
### [bt]: Calculation finished!
