### [bt]: This is batchtools v0.9.17
### [bt]: Starting calculation of 5 jobs
### [bt]: Setting working directory to '/Users/User/Documents/Studium/Semester8/Hiwi/mlr3calibration/vignettes'
### [bt]: Memory measurement disabled
### [bt]: Starting job [batchtools job.id=3836]
### [bt]: Generating problem instance for problem '01ea4b20a58e68c2' ...
### [bt]: Applying algorithm 'run_learner' on problem '01ea4b20a58e68c2' for job 3836 (seed = 3837) ...
INFO  [17:38:21.138] [mlr3] Applying learner 'classif.xgboost.tuned_calib.perfold_isotonic' on task 'wilt' (iter 6/10)
INFO  [17:38:21.193] [bbotk] Starting to optimize 3 parameter(s) with '<OptimizerBatchRandomSearch>' and '<TerminatorEvals> [n_evals=10, k=0]'
INFO  [17:38:21.202] [bbotk] Evaluating 1 configuration(s)
INFO  [17:38:21.677] [bbotk] Result of batch 1:
INFO  [17:38:21.679] [bbotk]  nrounds       eta max_depth classif.ce warnings errors runtime_learners
INFO  [17:38:21.679] [bbotk]      110 0.1253023         7 0.01463884        0      0            0.425
INFO  [17:38:21.679] [bbotk]                                 uhash
INFO  [17:38:21.679] [bbotk]  357966a2-07c8-4417-ac32-215e72606318
INFO  [17:38:21.692] [bbotk] Evaluating 1 configuration(s)
INFO  [17:38:22.267] [bbotk] Result of batch 2:
INFO  [17:38:22.268] [bbotk]  nrounds       eta max_depth classif.ce warnings errors runtime_learners
INFO  [17:38:22.268] [bbotk]      204 0.2611635        10 0.01291594        0      0            0.512
INFO  [17:38:22.268] [bbotk]                                 uhash
INFO  [17:38:22.268] [bbotk]  2ffca348-4998-4c2e-b7af-b08e868ae7d8
INFO  [17:38:22.271] [bbotk] Evaluating 1 configuration(s)
INFO  [17:38:22.710] [bbotk] Result of batch 3:
INFO  [17:38:22.712] [bbotk]  nrounds      eta max_depth classif.ce warnings errors runtime_learners
INFO  [17:38:22.712] [bbotk]       95 0.125858        10 0.01406463        0      0            0.403
INFO  [17:38:22.712] [bbotk]                                 uhash
INFO  [17:38:22.712] [bbotk]  d09b02f9-6bea-4f9d-a7a8-7deb713b0cd6
INFO  [17:38:22.718] [bbotk] Evaluating 1 configuration(s)
INFO  [17:38:23.368] [bbotk] Result of batch 4:
INFO  [17:38:23.370] [bbotk]  nrounds        eta max_depth classif.ce warnings errors runtime_learners
INFO  [17:38:23.370] [bbotk]      145 0.05743784         7 0.01492571        0      0             0.59
INFO  [17:38:23.370] [bbotk]                                 uhash
INFO  [17:38:23.370] [bbotk]  fe8ec35d-6183-4588-8fc5-c5a90486ab40
INFO  [17:38:23.379] [bbotk] Evaluating 1 configuration(s)
INFO  [17:38:24.147] [bbotk] Result of batch 5:
INFO  [17:38:24.150] [bbotk]  nrounds       eta max_depth classif.ce warnings errors runtime_learners
INFO  [17:38:24.150] [bbotk]      256 0.1330266         9 0.01262859        0      0            0.713
INFO  [17:38:24.150] [bbotk]                                 uhash
INFO  [17:38:24.150] [bbotk]  032f7eb6-374a-4af8-8715-8f0df1bb15b6
INFO  [17:38:24.161] [bbotk] Evaluating 1 configuration(s)
INFO  [17:38:24.850] [bbotk] Result of batch 6:
INFO  [17:38:24.851] [bbotk]  nrounds        eta max_depth classif.ce warnings errors runtime_learners
INFO  [17:38:24.851] [bbotk]      181 0.01971217         5 0.01607414        0      0             0.64
INFO  [17:38:24.851] [bbotk]                                 uhash
INFO  [17:38:24.851] [bbotk]  55c22b2f-ac58-4374-be81-11b436067ce5
INFO  [17:38:24.855] [bbotk] Evaluating 1 configuration(s)
INFO  [17:38:25.317] [bbotk] Result of batch 7:
INFO  [17:38:25.320] [bbotk]  nrounds       eta max_depth classif.ce warnings errors runtime_learners
INFO  [17:38:25.320] [bbotk]      271 0.2015042         2 0.01377801        0      0            0.413
INFO  [17:38:25.320] [bbotk]                                 uhash
INFO  [17:38:25.320] [bbotk]  6f7da81f-1d69-474d-899f-e66d8fb50681
INFO  [17:38:25.330] [bbotk] Evaluating 1 configuration(s)
INFO  [17:38:26.088] [bbotk] Result of batch 8:
INFO  [17:38:26.090] [bbotk]  nrounds     eta max_depth classif.ce warnings errors runtime_learners
INFO  [17:38:26.090] [bbotk]      242 0.14483         8 0.01406413        0      0            0.702
INFO  [17:38:26.090] [bbotk]                                 uhash
INFO  [17:38:26.090] [bbotk]  723005b1-1115-4939-9547-b8f0a923b101
INFO  [17:38:26.099] [bbotk] Evaluating 1 configuration(s)
INFO  [17:38:26.617] [bbotk] Result of batch 9:
INFO  [17:38:26.618] [bbotk]  nrounds       eta max_depth classif.ce warnings errors runtime_learners
INFO  [17:38:26.618] [bbotk]      102 0.1903268         5 0.01349041        0      0            0.447
INFO  [17:38:26.618] [bbotk]                                 uhash
INFO  [17:38:26.618] [bbotk]  1829148b-f75c-4693-add6-0b93c222c9c8
INFO  [17:38:26.629] [bbotk] Evaluating 1 configuration(s)
INFO  [17:38:27.603] [bbotk] Result of batch 10:
INFO  [17:38:27.605] [bbotk]  nrounds        eta max_depth classif.ce warnings errors runtime_learners
INFO  [17:38:27.605] [bbotk]      261 0.05999308         8 0.01291644        0      0            0.933
INFO  [17:38:27.605] [bbotk]                                 uhash
INFO  [17:38:27.605] [bbotk]  e8a99cea-db35-412f-a93d-130af3617d51
INFO  [17:38:27.633] [bbotk] Finished optimizing after 10 evaluation(s)
INFO  [17:38:27.633] [bbotk] Result:
INFO  [17:38:27.635] [bbotk]  nrounds       eta max_depth learner_param_vals  x_domain classif.ce
INFO  [17:38:27.635] [bbotk]    <int>     <num>     <int>             <list>    <list>      <num>
INFO  [17:38:27.635] [bbotk]      256 0.1330266         9          <list[5]> <list[3]> 0.01262859
INFO  [17:38:28.085] [bbotk] Starting to optimize 3 parameter(s) with '<OptimizerBatchRandomSearch>' and '<TerminatorEvals> [n_evals=10, k=0]'
INFO  [17:38:28.104] [bbotk] Evaluating 1 configuration(s)
INFO  [17:38:28.563] [bbotk] Result of batch 1:
INFO  [17:38:28.564] [bbotk]  nrounds       eta max_depth classif.ce warnings errors runtime_learners
INFO  [17:38:28.564] [bbotk]      123 0.1984855         4 0.01836978        0      0            0.402
INFO  [17:38:28.564] [bbotk]                                 uhash
INFO  [17:38:28.564] [bbotk]  a62b830f-562c-4262-92f6-4160e2e92d7c
INFO  [17:38:28.578] [bbotk] Evaluating 1 configuration(s)
INFO  [17:38:29.347] [bbotk] Result of batch 2:
INFO  [17:38:29.348] [bbotk]  nrounds       eta max_depth classif.ce warnings errors runtime_learners
INFO  [17:38:29.348] [bbotk]      246 0.1804427         6 0.01865713        0      0            0.718
INFO  [17:38:29.348] [bbotk]                                 uhash
INFO  [17:38:29.348] [bbotk]  09e724cd-13a2-4baa-9131-61c8d69c9d13
INFO  [17:38:29.352] [bbotk] Evaluating 1 configuration(s)
INFO  [17:38:30.195] [bbotk] Result of batch 3:
INFO  [17:38:30.197] [bbotk]  nrounds       eta max_depth classif.ce warnings errors runtime_learners
INFO  [17:38:30.197] [bbotk]      281 0.1465515         9  0.0177958        0      0            0.807
INFO  [17:38:30.197] [bbotk]                                 uhash
INFO  [17:38:30.197] [bbotk]  9fab8cf5-aa98-425d-bd47-5258e77de40c
INFO  [17:38:30.208] [bbotk] Evaluating 1 configuration(s)
INFO  [17:38:31.084] [bbotk] Result of batch 4:
INFO  [17:38:31.085] [bbotk]  nrounds        eta max_depth classif.ce warnings errors runtime_learners
INFO  [17:38:31.085] [bbotk]      214 0.04352972        10 0.01837052        0      0             0.83
INFO  [17:38:31.085] [bbotk]                                 uhash
INFO  [17:38:31.085] [bbotk]  b6d415e2-9d1d-42bd-b509-0c5626d30197
INFO  [17:38:31.089] [bbotk] Evaluating 1 configuration(s)
INFO  [17:38:31.600] [bbotk] Result of batch 5:
INFO  [17:38:31.601] [bbotk]  nrounds       eta max_depth classif.ce warnings errors runtime_learners
INFO  [17:38:31.601] [bbotk]      172 0.2506917         5 0.01808316        0      0             0.47
INFO  [17:38:31.601] [bbotk]                                 uhash
INFO  [17:38:31.601] [bbotk]  8d1182db-0d18-482e-a98f-41cb6bc0c832
INFO  [17:38:31.605] [bbotk] Evaluating 1 configuration(s)
INFO  [17:38:32.071] [bbotk] Result of batch 6:
INFO  [17:38:32.073] [bbotk]  nrounds        eta max_depth classif.ce warnings errors runtime_learners
INFO  [17:38:32.073] [bbotk]      154 0.09671071         3  0.0177958        0      0            0.421
INFO  [17:38:32.073] [bbotk]                                 uhash
INFO  [17:38:32.073] [bbotk]  25bbabcd-3492-4f0b-9331-390e95c2d7d7
INFO  [17:38:32.078] [bbotk] Evaluating 1 configuration(s)
INFO  [17:38:32.384] [bbotk] Result of batch 7:
INFO  [17:38:32.385] [bbotk]  nrounds       eta max_depth classif.ce warnings errors runtime_learners
INFO  [17:38:32.385] [bbotk]      137 0.2682057         2 0.01693473        0      0            0.263
INFO  [17:38:32.385] [bbotk]                                 uhash
INFO  [17:38:32.385] [bbotk]  74a3d64a-a931-4cac-811c-8efb6368c386
INFO  [17:38:32.398] [bbotk] Evaluating 1 configuration(s)
INFO  [17:38:32.835] [bbotk] Result of batch 8:
INFO  [17:38:32.836] [bbotk]  nrounds       eta max_depth classif.ce warnings errors runtime_learners
INFO  [17:38:32.836] [bbotk]      109 0.1835405         5 0.01664811        0      0            0.383
INFO  [17:38:32.836] [bbotk]                                 uhash
INFO  [17:38:32.836] [bbotk]  2f02d181-122a-4fe9-a5cc-bac02fbb0df8
INFO  [17:38:32.840] [bbotk] Evaluating 1 configuration(s)
INFO  [17:38:33.686] [bbotk] Result of batch 9:
INFO  [17:38:33.687] [bbotk]  nrounds      eta max_depth classif.ce warnings errors runtime_learners
INFO  [17:38:33.687] [bbotk]      280 0.180784         6 0.01808316        0      0            0.787
INFO  [17:38:33.687] [bbotk]                                 uhash
INFO  [17:38:33.687] [bbotk]  059fac43-e195-430b-9488-5819bb2fba9b
INFO  [17:38:33.697] [bbotk] Evaluating 1 configuration(s)
INFO  [17:38:34.203] [bbotk] Result of batch 10:
INFO  [17:38:34.204] [bbotk]  nrounds      eta max_depth classif.ce warnings errors runtime_learners
INFO  [17:38:34.204] [bbotk]      192 0.163772         3 0.01664786        0      0            0.467
INFO  [17:38:34.204] [bbotk]                                 uhash
INFO  [17:38:34.204] [bbotk]  a6e950d8-be93-405c-a93e-5b18839ee97c
INFO  [17:38:34.213] [bbotk] Finished optimizing after 10 evaluation(s)
INFO  [17:38:34.213] [bbotk] Result:
INFO  [17:38:34.214] [bbotk]  nrounds      eta max_depth learner_param_vals  x_domain classif.ce
INFO  [17:38:34.214] [bbotk]    <int>    <num>     <int>             <list>    <list>      <num>
INFO  [17:38:34.214] [bbotk]      192 0.163772         3          <list[5]> <list[3]> 0.01664786
INFO  [17:38:34.512] [bbotk] Starting to optimize 3 parameter(s) with '<OptimizerBatchRandomSearch>' and '<TerminatorEvals> [n_evals=10, k=0]'
INFO  [17:38:34.528] [bbotk] Evaluating 1 configuration(s)
INFO  [17:38:34.779] [bbotk] Result of batch 1:
INFO  [17:38:34.780] [bbotk]  nrounds      eta max_depth classif.ce warnings errors runtime_learners
INFO  [17:38:34.780] [bbotk]       56 0.048505         3 0.02152773        0      0            0.184
INFO  [17:38:34.780] [bbotk]                                 uhash
INFO  [17:38:34.780] [bbotk]  0a2f0c8d-c7bc-4b22-9fe6-932e981b0a2c
INFO  [17:38:34.794] [bbotk] Evaluating 1 configuration(s)
INFO  [17:38:35.563] [bbotk] Result of batch 2:
INFO  [17:38:35.564] [bbotk]  nrounds       eta max_depth classif.ce warnings errors runtime_learners
INFO  [17:38:35.564] [bbotk]      224 0.1801995         7 0.01492571        0      0            0.708
INFO  [17:38:35.564] [bbotk]                                 uhash
INFO  [17:38:35.564] [bbotk]  74613b6b-2200-4e9e-a647-fadb08aeee2b
INFO  [17:38:35.569] [bbotk] Evaluating 1 configuration(s)
INFO  [17:38:36.110] [bbotk] Result of batch 3:
INFO  [17:38:36.114] [bbotk]  nrounds       eta max_depth classif.ce warnings errors runtime_learners
INFO  [17:38:36.114] [bbotk]      170 0.2287602         9 0.01435198        0      0            0.484
INFO  [17:38:36.114] [bbotk]                                 uhash
INFO  [17:38:36.114] [bbotk]  21784a98-fb69-4048-90a8-675688b6879e
INFO  [17:38:36.119] [bbotk] Evaluating 1 configuration(s)
INFO  [17:38:36.699] [bbotk] Result of batch 4:
INFO  [17:38:36.700] [bbotk]  nrounds       eta max_depth classif.ce warnings errors runtime_learners
INFO  [17:38:36.700] [bbotk]      189 0.2571701         8  0.0146381        0      0            0.536
INFO  [17:38:36.700] [bbotk]                                 uhash
INFO  [17:38:36.700] [bbotk]  5536e9c1-24a9-463f-80c3-7154bf188573
INFO  [17:38:36.704] [bbotk] Evaluating 1 configuration(s)
INFO  [17:38:37.161] [bbotk] Result of batch 5:
INFO  [17:38:37.162] [bbotk]  nrounds      eta max_depth classif.ce warnings errors runtime_learners
INFO  [17:38:37.162] [bbotk]      257 0.259608         2 0.01463835        0      0            0.398
INFO  [17:38:37.162] [bbotk]                                 uhash
INFO  [17:38:37.162] [bbotk]  818608d4-611a-408d-ae05-ba0bb0a646c3
INFO  [17:38:37.175] [bbotk] Evaluating 1 configuration(s)
INFO  [17:38:37.938] [bbotk] Result of batch 6:
INFO  [17:38:37.939] [bbotk]  nrounds       eta max_depth classif.ce warnings errors runtime_learners
INFO  [17:38:37.939] [bbotk]      214 0.1236728         5 0.01492546        0      0            0.729
INFO  [17:38:37.939] [bbotk]                                 uhash
INFO  [17:38:37.939] [bbotk]  ff2719c3-4b14-4ff7-b27e-aae542f14bc1
INFO  [17:38:37.943] [bbotk] Evaluating 1 configuration(s)
INFO  [17:38:38.418] [bbotk] Result of batch 7:
INFO  [17:38:38.419] [bbotk]  nrounds       eta max_depth classif.ce warnings errors runtime_learners
INFO  [17:38:38.419] [bbotk]      124 0.1029725         5 0.01463835        0      0            0.418
INFO  [17:38:38.419] [bbotk]                                 uhash
INFO  [17:38:38.419] [bbotk]  3a335afb-156d-4a63-b8bd-f5998e9655ad
INFO  [17:38:38.428] [bbotk] Evaluating 1 configuration(s)
INFO  [17:38:39.074] [bbotk] Result of batch 8:
INFO  [17:38:39.076] [bbotk]  nrounds       eta max_depth classif.ce warnings errors runtime_learners
INFO  [17:38:39.076] [bbotk]      204 0.1654087        10 0.01435149        0      0            0.608
INFO  [17:38:39.076] [bbotk]                                 uhash
INFO  [17:38:39.076] [bbotk]  5ee49708-df28-4583-b458-3e0b1bf7c3bc
INFO  [17:38:39.080] [bbotk] Evaluating 1 configuration(s)
INFO  [17:38:39.785] [bbotk] Result of batch 9:
INFO  [17:38:39.786] [bbotk]  nrounds       eta max_depth classif.ce warnings errors runtime_learners
INFO  [17:38:39.786] [bbotk]      266 0.2300188         5 0.01349041        0      0            0.657
INFO  [17:38:39.786] [bbotk]                                 uhash
INFO  [17:38:39.786] [bbotk]  9913f4b4-b015-4ac0-8a98-7244072e2d06
INFO  [17:38:39.792] [bbotk] Evaluating 1 configuration(s)
INFO  [17:38:40.241] [bbotk] Result of batch 10:
INFO  [17:38:40.244] [bbotk]  nrounds       eta max_depth classif.ce warnings errors runtime_learners
INFO  [17:38:40.244] [bbotk]      204 0.2659475         3 0.01234271        0      0            0.404
INFO  [17:38:40.244] [bbotk]                                 uhash
INFO  [17:38:40.244] [bbotk]  13c32c45-3719-48ec-8fb7-f003c671cc31
INFO  [17:38:40.261] [bbotk] Finished optimizing after 10 evaluation(s)
INFO  [17:38:40.262] [bbotk] Result:
INFO  [17:38:40.263] [bbotk]  nrounds       eta max_depth learner_param_vals  x_domain classif.ce
INFO  [17:38:40.263] [bbotk]    <int>     <num>     <int>             <list>    <list>      <num>
INFO  [17:38:40.263] [bbotk]      204 0.2659475         3          <list[5]> <list[3]> 0.01234271
INFO  [17:38:40.544] [bbotk] Starting to optimize 3 parameter(s) with '<OptimizerBatchRandomSearch>' and '<TerminatorEvals> [n_evals=10, k=0]'
INFO  [17:38:40.557] [bbotk] Evaluating 1 configuration(s)
INFO  [17:38:40.923] [bbotk] Result of batch 1:
INFO  [17:38:40.925] [bbotk]  nrounds        eta max_depth classif.ce warnings errors runtime_learners
INFO  [17:38:40.925] [bbotk]       95 0.06094191         4 0.01837076        0      0            0.323
INFO  [17:38:40.925] [bbotk]                                 uhash
INFO  [17:38:40.925] [bbotk]  6861ccb5-9dc6-41dc-9b46-a5528b2b65f5
INFO  [17:38:40.932] [bbotk] Evaluating 1 configuration(s)
INFO  [17:38:41.485] [bbotk] Result of batch 2:
INFO  [17:38:41.486] [bbotk]  nrounds        eta max_depth classif.ce warnings errors runtime_learners
INFO  [17:38:41.486] [bbotk]      192 0.04287611         3  0.0192316        0      0            0.455
INFO  [17:38:41.486] [bbotk]                                 uhash
INFO  [17:38:41.486] [bbotk]  c6134942-292e-4935-95f7-96abfa8a8129
INFO  [17:38:41.495] [bbotk] Evaluating 1 configuration(s)
INFO  [17:38:41.763] [bbotk] Result of batch 3:
INFO  [17:38:41.766] [bbotk]  nrounds        eta max_depth classif.ce warnings errors runtime_learners
INFO  [17:38:41.766] [bbotk]      110 0.02981988         2 0.02755553        0      0            0.211
INFO  [17:38:41.766] [bbotk]                                 uhash
INFO  [17:38:41.766] [bbotk]  a74a3e72-6dc4-4d4a-b8ba-20596e831331
INFO  [17:38:41.776] [bbotk] Evaluating 1 configuration(s)
INFO  [17:38:42.045] [bbotk] Result of batch 4:
INFO  [17:38:42.046] [bbotk]  nrounds       eta max_depth classif.ce warnings errors runtime_learners
INFO  [17:38:42.046] [bbotk]       66 0.2301202         7 0.01865763        0      0            0.229
INFO  [17:38:42.046] [bbotk]                                 uhash
INFO  [17:38:42.046] [bbotk]  450dd4d3-8ae4-4be7-a23a-b78a411f69f9
INFO  [17:38:42.051] [bbotk] Evaluating 1 configuration(s)
INFO  [17:38:42.410] [bbotk] Result of batch 5:
INFO  [17:38:42.414] [bbotk]  nrounds      eta max_depth classif.ce warnings errors runtime_learners
INFO  [17:38:42.414] [bbotk]      112 0.271675         7 0.01779605        0      0            0.315
INFO  [17:38:42.414] [bbotk]                                 uhash
INFO  [17:38:42.414] [bbotk]  9662c9d5-04c2-4464-a983-122c592c5206
INFO  [17:38:42.419] [bbotk] Evaluating 1 configuration(s)
INFO  [17:38:43.260] [bbotk] Result of batch 6:
INFO  [17:38:43.261] [bbotk]  nrounds       eta max_depth classif.ce warnings errors runtime_learners
INFO  [17:38:43.261] [bbotk]      283 0.1371773         6 0.01750919        0      0            0.803
INFO  [17:38:43.261] [bbotk]                                 uhash
INFO  [17:38:43.261] [bbotk]  01c8b0e4-b38e-4e38-923c-9f48154f9a4c
INFO  [17:38:43.266] [bbotk] Evaluating 1 configuration(s)
INFO  [17:38:43.531] [bbotk] Result of batch 7:
INFO  [17:38:43.533] [bbotk]  nrounds       eta max_depth classif.ce warnings errors runtime_learners
INFO  [17:38:43.533] [bbotk]       83 0.2149654         2 0.01779605        0      0            0.193
INFO  [17:38:43.533] [bbotk]                                 uhash
INFO  [17:38:43.533] [bbotk]  1b12ef04-0a86-4c96-924b-ff702260c32d
INFO  [17:38:43.545] [bbotk] Evaluating 1 configuration(s)
INFO  [17:38:44.278] [bbotk] Result of batch 8:
INFO  [17:38:44.281] [bbotk]  nrounds        eta max_depth classif.ce warnings errors runtime_learners
INFO  [17:38:44.281] [bbotk]      164 0.05993755         8 0.01808316        0      0            0.664
INFO  [17:38:44.281] [bbotk]                                 uhash
INFO  [17:38:44.281] [bbotk]  45ca2e90-a064-439f-8f07-1e806873b788
INFO  [17:38:44.287] [bbotk] Evaluating 1 configuration(s)
INFO  [17:38:44.704] [bbotk] Result of batch 9:
INFO  [17:38:44.705] [bbotk]  nrounds       eta max_depth classif.ce warnings errors runtime_learners
INFO  [17:38:44.705] [bbotk]       85 0.1806994         9 0.01808341        0      0             0.37
INFO  [17:38:44.705] [bbotk]                                 uhash
INFO  [17:38:44.705] [bbotk]  c4a8ba41-1566-4c4b-8b47-0c70331fc64e
INFO  [17:38:44.728] [bbotk] Evaluating 1 configuration(s)
INFO  [17:38:45.335] [bbotk] Result of batch 10:
INFO  [17:38:45.336] [bbotk]  nrounds       eta max_depth classif.ce warnings errors runtime_learners
INFO  [17:38:45.336] [bbotk]      249 0.0313648         3 0.02038003        0      0            0.571
INFO  [17:38:45.336] [bbotk]                                 uhash
INFO  [17:38:45.336] [bbotk]  71bc9dba-22c9-4c26-8e11-6d46c9b53a94
INFO  [17:38:45.358] [bbotk] Finished optimizing after 10 evaluation(s)
INFO  [17:38:45.359] [bbotk] Result:
INFO  [17:38:45.359] [bbotk]  nrounds       eta max_depth learner_param_vals  x_domain classif.ce
INFO  [17:38:45.359] [bbotk]    <int>     <num>     <int>             <list>    <list>      <num>
INFO  [17:38:45.359] [bbotk]      283 0.1371773         6          <list[5]> <list[3]> 0.01750919
INFO  [17:38:45.864] [bbotk] Starting to optimize 3 parameter(s) with '<OptimizerBatchRandomSearch>' and '<TerminatorEvals> [n_evals=10, k=0]'
INFO  [17:38:45.881] [bbotk] Evaluating 1 configuration(s)
INFO  [17:38:46.174] [bbotk] Result of batch 1:
INFO  [17:38:46.175] [bbotk]  nrounds       eta max_depth classif.ce warnings errors runtime_learners
INFO  [17:38:46.175] [bbotk]      113 0.2099978         3 0.01492472        0      0            0.258
INFO  [17:38:46.175] [bbotk]                                 uhash
INFO  [17:38:46.175] [bbotk]  d625dd37-d5c2-4164-8518-3a0b294dbd01
INFO  [17:38:46.180] [bbotk] Evaluating 1 configuration(s)
INFO  [17:38:46.661] [bbotk] Result of batch 2:
INFO  [17:38:46.663] [bbotk]  nrounds       eta max_depth classif.ce warnings errors runtime_learners
INFO  [17:38:46.663] [bbotk]      259 0.1713155         2 0.01492472        0      0            0.416
INFO  [17:38:46.663] [bbotk]                                 uhash
INFO  [17:38:46.663] [bbotk]  1ba79a66-8bc3-46af-9718-73a09bf8cdfe
INFO  [17:38:46.682] [bbotk] Evaluating 1 configuration(s)
INFO  [17:38:47.351] [bbotk] Result of batch 3:
INFO  [17:38:47.356] [bbotk]  nrounds       eta max_depth classif.ce warnings errors runtime_learners
INFO  [17:38:47.356] [bbotk]      181 0.1221237         6 0.01578555        0      0            0.609
INFO  [17:38:47.356] [bbotk]                                 uhash
INFO  [17:38:47.356] [bbotk]  a3603148-2170-444c-bee5-7b70a348e1e6
INFO  [17:38:47.371] [bbotk] Evaluating 1 configuration(s)
INFO  [17:38:47.683] [bbotk] Result of batch 4:
INFO  [17:38:47.685] [bbotk]  nrounds        eta max_depth classif.ce warnings errors runtime_learners
INFO  [17:38:47.685] [bbotk]       86 0.03278943         3  0.0226727        0      0            0.258
INFO  [17:38:47.685] [bbotk]                                 uhash
INFO  [17:38:47.685] [bbotk]  62636941-1435-471d-9925-97a6fb374db4
INFO  [17:38:47.703] [bbotk] Evaluating 1 configuration(s)
INFO  [17:38:48.646] [bbotk] Result of batch 5:
INFO  [17:38:48.647] [bbotk]  nrounds        eta max_depth classif.ce warnings errors runtime_learners
INFO  [17:38:48.647] [bbotk]      222 0.01062677         7 0.01865515        0      0            0.894
INFO  [17:38:48.647] [bbotk]                                 uhash
INFO  [17:38:48.647] [bbotk]  fd4ddffc-7931-4537-8304-f8037fef3eda
INFO  [17:38:48.651] [bbotk] Evaluating 1 configuration(s)
INFO  [17:38:48.807] [bbotk] Result of batch 6:
INFO  [17:38:48.810] [bbotk]  nrounds       eta max_depth classif.ce warnings errors runtime_learners
INFO  [17:38:48.810] [bbotk]       70 0.2401365         2 0.01693324        0      0            0.125
INFO  [17:38:48.810] [bbotk]                                 uhash
INFO  [17:38:48.810] [bbotk]  97040160-ee5c-4cff-b08d-3872de8e027f
INFO  [17:38:48.820] [bbotk] Evaluating 1 configuration(s)
INFO  [17:38:49.485] [bbotk] Result of batch 7:
INFO  [17:38:49.487] [bbotk]  nrounds      eta max_depth classif.ce warnings errors runtime_learners
INFO  [17:38:49.487] [bbotk]      266 0.192055         6 0.01492447        0      0            0.606
INFO  [17:38:49.487] [bbotk]                                 uhash
INFO  [17:38:49.487] [bbotk]  758cdd0a-8c6a-47b4-87a7-2051c325f2a0
INFO  [17:38:49.493] [bbotk] Evaluating 1 configuration(s)
INFO  [17:38:49.735] [bbotk] Result of batch 8:
INFO  [17:38:49.737] [bbotk]  nrounds       eta max_depth classif.ce warnings errors runtime_learners
INFO  [17:38:49.737] [bbotk]       93 0.0845456         2 0.02181187        0      0            0.191
INFO  [17:38:49.737] [bbotk]                                 uhash
INFO  [17:38:49.737] [bbotk]  53f0fce3-461a-4a26-a19e-bacd9bbed6ea
INFO  [17:38:49.749] [bbotk] Evaluating 1 configuration(s)
INFO  [17:38:49.987] [bbotk] Result of batch 9:
INFO  [17:38:49.989] [bbotk]  nrounds       eta max_depth classif.ce warnings errors runtime_learners
INFO  [17:38:49.989] [bbotk]       93 0.2265287         2 0.01635927        0      0            0.191
INFO  [17:38:49.989] [bbotk]                                 uhash
INFO  [17:38:49.989] [bbotk]  0962eb04-8a4d-41cd-ad68-ab6dcc05b339
INFO  [17:38:49.997] [bbotk] Evaluating 1 configuration(s)
INFO  [17:38:50.589] [bbotk] Result of batch 10:
INFO  [17:38:50.591] [bbotk]  nrounds       eta max_depth classif.ce warnings errors runtime_learners
INFO  [17:38:50.591] [bbotk]      152 0.1390161         6 0.01578555        0      0            0.516
INFO  [17:38:50.591] [bbotk]                                 uhash
INFO  [17:38:50.591] [bbotk]  d5585f3f-de28-4e7a-92d7-d09a5a9e0fa2
INFO  [17:38:50.606] [bbotk] Finished optimizing after 10 evaluation(s)
INFO  [17:38:50.607] [bbotk] Result:
INFO  [17:38:50.613] [bbotk]  nrounds      eta max_depth learner_param_vals  x_domain classif.ce
INFO  [17:38:50.613] [bbotk]    <int>    <num>     <int>             <list>    <list>      <num>
INFO  [17:38:50.613] [bbotk]      266 0.192055         6          <list[5]> <list[3]> 0.01492447

### [bt]: Job terminated successfully [batchtools job.id=3836]
### [bt]: Starting job [batchtools job.id=3837]
### [bt]: Generating problem instance for problem '01ea4b20a58e68c2' ...
### [bt]: Applying algorithm 'run_learner' on problem '01ea4b20a58e68c2' for job 3837 (seed = 3838) ...
INFO  [17:38:51.160] [mlr3] Applying learner 'classif.xgboost.tuned_calib.perfold_isotonic' on task 'wilt' (iter 7/10)
INFO  [17:38:51.233] [bbotk] Starting to optimize 3 parameter(s) with '<OptimizerBatchRandomSearch>' and '<TerminatorEvals> [n_evals=10, k=0]'
INFO  [17:38:51.261] [bbotk] Evaluating 1 configuration(s)
INFO  [17:38:51.561] [bbotk] Result of batch 1:
INFO  [17:38:51.563] [bbotk]  nrounds      eta max_depth classif.ce warnings errors runtime_learners
INFO  [17:38:51.563] [bbotk]      156 0.294085         2 0.01693374        0      0            0.245
INFO  [17:38:51.563] [bbotk]                                 uhash
INFO  [17:38:51.563] [bbotk]  78f8fc90-28d6-48e6-bd87-566ba45d5d3e
INFO  [17:38:51.573] [bbotk] Evaluating 1 configuration(s)
INFO  [17:38:52.144] [bbotk] Result of batch 2:
INFO  [17:38:52.146] [bbotk]  nrounds       eta max_depth classif.ce warnings errors runtime_learners
INFO  [17:38:52.146] [bbotk]      254 0.1914932         3 0.01607315        0      0            0.516
INFO  [17:38:52.146] [bbotk]                                 uhash
INFO  [17:38:52.146] [bbotk]  1c9e5652-a7f9-4b53-9ce0-4421563f01a3
INFO  [17:38:52.153] [bbotk] Evaluating 1 configuration(s)
INFO  [17:38:52.815] [bbotk] Result of batch 3:
INFO  [17:38:52.816] [bbotk]  nrounds        eta max_depth classif.ce warnings errors runtime_learners
INFO  [17:38:52.816] [bbotk]      162 0.05432757         5 0.01693374        0      0            0.595
INFO  [17:38:52.816] [bbotk]                                 uhash
INFO  [17:38:52.816] [bbotk]  4db7a77f-745b-496c-870c-c8605985b532
INFO  [17:38:52.820] [bbotk] Evaluating 1 configuration(s)
INFO  [17:38:53.837] [bbotk] Result of batch 4:
INFO  [17:38:53.839] [bbotk]  nrounds        eta max_depth classif.ce warnings errors runtime_learners
INFO  [17:38:53.839] [bbotk]      267 0.09074408         7 0.01664737        0      0            0.968
INFO  [17:38:53.839] [bbotk]                                 uhash
INFO  [17:38:53.839] [bbotk]  74bf9e48-a7a2-4cc4-90ae-272007bb78a2
INFO  [17:38:53.849] [bbotk] Evaluating 1 configuration(s)
INFO  [17:38:54.648] [bbotk] Result of batch 5:
INFO  [17:38:54.651] [bbotk]  nrounds       eta max_depth classif.ce warnings errors runtime_learners
INFO  [17:38:54.651] [bbotk]      249 0.1179377         8 0.01693448        0      0            0.765
INFO  [17:38:54.651] [bbotk]                                 uhash
INFO  [17:38:54.651] [bbotk]  42dbed8e-0c02-43d8-b12a-314fde9f1375
INFO  [17:38:54.661] [bbotk] Evaluating 1 configuration(s)
INFO  [17:38:55.195] [bbotk] Result of batch 6:
INFO  [17:38:55.196] [bbotk]  nrounds       eta max_depth classif.ce warnings errors runtime_learners
INFO  [17:38:55.196] [bbotk]      156 0.1356896         9 0.01636026        0      0            0.486
INFO  [17:38:55.196] [bbotk]                                 uhash
INFO  [17:38:55.196] [bbotk]  bb969a86-a468-44dc-8fc0-ff4983f2ad9e
INFO  [17:38:55.200] [bbotk] Evaluating 1 configuration(s)
INFO  [17:38:56.500] [bbotk] Result of batch 7:
INFO  [17:38:56.501] [bbotk]  nrounds        eta max_depth classif.ce warnings errors runtime_learners
INFO  [17:38:56.501] [bbotk]      284 0.01967615         8 0.01865664        0      0            1.266
INFO  [17:38:56.501] [bbotk]                                 uhash
INFO  [17:38:56.501] [bbotk]  cae832f1-64b8-4a7e-9bb0-5361f0328628
INFO  [17:38:56.505] [bbotk] Evaluating 1 configuration(s)
INFO  [17:38:57.277] [bbotk] Result of batch 8:
INFO  [17:38:57.279] [bbotk]  nrounds       eta max_depth classif.ce warnings errors runtime_learners
INFO  [17:38:57.279] [bbotk]      192 0.1383669         5 0.01664712        0      0            0.703
INFO  [17:38:57.279] [bbotk]                                 uhash
INFO  [17:38:57.279] [bbotk]  7b06f736-1b17-4ac0-a174-7a50e5b3d5a7
INFO  [17:38:57.290] [bbotk] Evaluating 1 configuration(s)
INFO  [17:38:57.939] [bbotk] Result of batch 9:
INFO  [17:38:57.941] [bbotk]  nrounds       eta max_depth classif.ce warnings errors runtime_learners
INFO  [17:38:57.941] [bbotk]      202 0.2327461         5 0.01607266        0      0             0.61
INFO  [17:38:57.941] [bbotk]                                 uhash
INFO  [17:38:57.941] [bbotk]  da749846-895e-410b-815b-e8cd1f274236
INFO  [17:38:57.949] [bbotk] Evaluating 1 configuration(s)
INFO  [17:38:58.618] [bbotk] Result of batch 10:
INFO  [17:38:58.625] [bbotk]  nrounds       eta max_depth classif.ce warnings errors runtime_learners
INFO  [17:38:58.625] [bbotk]      250 0.2893544         8 0.01521207        0      0             0.63
INFO  [17:38:58.625] [bbotk]                                 uhash
INFO  [17:38:58.625] [bbotk]  1cf72a5f-d919-4b05-a6d7-9a64a0f43a25
INFO  [17:38:58.639] [bbotk] Finished optimizing after 10 evaluation(s)
INFO  [17:38:58.639] [bbotk] Result:
INFO  [17:38:58.640] [bbotk]  nrounds       eta max_depth learner_param_vals  x_domain classif.ce
INFO  [17:38:58.640] [bbotk]    <int>     <num>     <int>             <list>    <list>      <num>
INFO  [17:38:58.640] [bbotk]      250 0.2893544         8          <list[5]> <list[3]> 0.01521207
INFO  [17:38:59.032] [bbotk] Starting to optimize 3 parameter(s) with '<OptimizerBatchRandomSearch>' and '<TerminatorEvals> [n_evals=10, k=0]'
INFO  [17:38:59.044] [bbotk] Evaluating 1 configuration(s)
INFO  [17:38:59.346] [bbotk] Result of batch 1:
INFO  [17:38:59.347] [bbotk]  nrounds        eta max_depth classif.ce warnings errors runtime_learners
INFO  [17:38:59.347] [bbotk]       62 0.06407294         4 0.01693448        0      0            0.251
INFO  [17:38:59.347] [bbotk]                                 uhash
INFO  [17:38:59.347] [bbotk]  09603e0e-fadf-4c48-88d7-b6401353a6e3
INFO  [17:38:59.362] [bbotk] Evaluating 1 configuration(s)
INFO  [17:39:00.125] [bbotk] Result of batch 2:
INFO  [17:39:00.126] [bbotk]  nrounds       eta max_depth classif.ce warnings errors runtime_learners
INFO  [17:39:00.126] [bbotk]      234 0.1485156         7 0.01836903        0      0            0.722
INFO  [17:39:00.126] [bbotk]                                 uhash
INFO  [17:39:00.126] [bbotk]  58a14e51-a157-4f19-89e0-fe01085dc528
INFO  [17:39:00.130] [bbotk] Evaluating 1 configuration(s)
INFO  [17:39:00.633] [bbotk] Result of batch 3:
INFO  [17:39:00.635] [bbotk]  nrounds       eta max_depth classif.ce warnings errors runtime_learners
INFO  [17:39:00.635] [bbotk]      229 0.2227288         2 0.01779408        0      0            0.448
INFO  [17:39:00.635] [bbotk]                                 uhash
INFO  [17:39:00.635] [bbotk]  64a2e411-eca4-4405-9f82-9014d5b59b71
INFO  [17:39:00.643] [bbotk] Evaluating 1 configuration(s)
INFO  [17:39:01.090] [bbotk] Result of batch 4:
INFO  [17:39:01.091] [bbotk]  nrounds      eta max_depth classif.ce warnings errors runtime_learners
INFO  [17:39:01.091] [bbotk]      103 0.242829         6  0.0175082        0      0            0.387
INFO  [17:39:01.091] [bbotk]                                 uhash
INFO  [17:39:01.091] [bbotk]  5b4e7d92-cdcd-4c2b-a86b-b7bf2800f69f
INFO  [17:39:01.098] [bbotk] Evaluating 1 configuration(s)
INFO  [17:39:02.077] [bbotk] Result of batch 5:
INFO  [17:39:02.079] [bbotk]  nrounds        eta max_depth classif.ce warnings errors runtime_learners
INFO  [17:39:02.079] [bbotk]      236 0.03496611         8  0.0186559        0      0             0.94
INFO  [17:39:02.079] [bbotk]                                 uhash
INFO  [17:39:02.079] [bbotk]  0804198a-eae7-497e-801c-ada7a2e4fa01
INFO  [17:39:02.089] [bbotk] Evaluating 1 configuration(s)
INFO  [17:39:02.349] [bbotk] Result of batch 6:
INFO  [17:39:02.351] [bbotk]  nrounds       eta max_depth classif.ce warnings errors runtime_learners
INFO  [17:39:02.351] [bbotk]      125 0.2985041         2 0.01722035        0      0            0.209
INFO  [17:39:02.351] [bbotk]                                 uhash
INFO  [17:39:02.351] [bbotk]  68c7acc1-de3d-4b6b-bde9-d872e0bb9321
INFO  [17:39:02.375] [bbotk] Evaluating 1 configuration(s)
INFO  [17:39:03.042] [bbotk] Result of batch 7:
INFO  [17:39:03.044] [bbotk]  nrounds      eta max_depth classif.ce warnings errors runtime_learners
INFO  [17:39:03.044] [bbotk]      179 0.240021        10 0.01779506        0      0            0.605
INFO  [17:39:03.044] [bbotk]                                 uhash
INFO  [17:39:03.044] [bbotk]  c8779f73-3fc3-4266-abd8-974913626df9
INFO  [17:39:03.056] [bbotk] Evaluating 1 configuration(s)
INFO  [17:39:03.697] [bbotk] Result of batch 8:
INFO  [17:39:03.699] [bbotk]  nrounds       eta max_depth classif.ce warnings errors runtime_learners
INFO  [17:39:03.699] [bbotk]      184 0.1818971         8 0.01923011        0      0            0.588
INFO  [17:39:03.699] [bbotk]                                 uhash
INFO  [17:39:03.699] [bbotk]  d9241739-d022-4d63-ad62-e16b4dc264a6
INFO  [17:39:03.708] [bbotk] Evaluating 1 configuration(s)
INFO  [17:39:04.391] [bbotk] Result of batch 9:
INFO  [17:39:04.393] [bbotk]  nrounds       eta max_depth classif.ce warnings errors runtime_learners
INFO  [17:39:04.393] [bbotk]      205 0.1553274         6 0.01808217        0      0            0.632
INFO  [17:39:04.393] [bbotk]                                 uhash
INFO  [17:39:04.393] [bbotk]  b784bb69-8864-42d1-9370-95d1e073f353
INFO  [17:39:04.398] [bbotk] Evaluating 1 configuration(s)
INFO  [17:39:04.882] [bbotk] Result of batch 10:
INFO  [17:39:04.886] [bbotk]  nrounds      eta max_depth classif.ce warnings errors runtime_learners
INFO  [17:39:04.886] [bbotk]      100 0.139354         7 0.01808193        0      0            0.443
INFO  [17:39:04.886] [bbotk]                                 uhash
INFO  [17:39:04.886] [bbotk]  0e6335fa-951f-4b19-8680-3f7015e7461f
INFO  [17:39:04.914] [bbotk] Finished optimizing after 10 evaluation(s)
INFO  [17:39:04.915] [bbotk] Result:
INFO  [17:39:04.921] [bbotk]  nrounds        eta max_depth learner_param_vals  x_domain classif.ce
INFO  [17:39:04.921] [bbotk]    <int>      <num>     <int>             <list>    <list>      <num>
INFO  [17:39:04.921] [bbotk]       62 0.06407294         4          <list[5]> <list[3]> 0.01693448
INFO  [17:39:05.066] [bbotk] Starting to optimize 3 parameter(s) with '<OptimizerBatchRandomSearch>' and '<TerminatorEvals> [n_evals=10, k=0]'
INFO  [17:39:05.098] [bbotk] Evaluating 1 configuration(s)
INFO  [17:39:05.422] [bbotk] Result of batch 1:
INFO  [17:39:05.423] [bbotk]  nrounds       eta max_depth classif.ce warnings errors runtime_learners
INFO  [17:39:05.423] [bbotk]      106 0.1318873         3  0.0134914        0      0            0.278
INFO  [17:39:05.423] [bbotk]                                 uhash
INFO  [17:39:05.423] [bbotk]  b54857c1-dae9-417f-8c53-389434e0145f
INFO  [17:39:05.440] [bbotk] Evaluating 1 configuration(s)
INFO  [17:39:06.215] [bbotk] Result of batch 2:
INFO  [17:39:06.217] [bbotk]  nrounds       eta max_depth classif.ce warnings errors runtime_learners
INFO  [17:39:06.217] [bbotk]      270 0.2121466         8 0.01406537        0      0            0.732
INFO  [17:39:06.217] [bbotk]                                 uhash
INFO  [17:39:06.217] [bbotk]  73765c21-e59c-4b82-9ec1-1d4cad13c950
INFO  [17:39:06.225] [bbotk] Evaluating 1 configuration(s)
INFO  [17:39:07.076] [bbotk] Result of batch 3:
INFO  [17:39:07.076] [bbotk]  nrounds       eta max_depth classif.ce warnings errors runtime_learners
INFO  [17:39:07.076] [bbotk]      233 0.1149221         9 0.01435248        0      0            0.809
INFO  [17:39:07.076] [bbotk]                                 uhash
INFO  [17:39:07.076] [bbotk]  430527b9-92f6-430d-938a-3aa98b9fd087
INFO  [17:39:07.081] [bbotk] Evaluating 1 configuration(s)
INFO  [17:39:07.602] [bbotk] Result of batch 4:
INFO  [17:39:07.603] [bbotk]  nrounds        eta max_depth classif.ce warnings errors runtime_learners
INFO  [17:39:07.603] [bbotk]      110 0.01984478         9 0.01837076        0      0            0.461
INFO  [17:39:07.603] [bbotk]                                 uhash
INFO  [17:39:07.603] [bbotk]  b92b5636-6559-4d9c-b5a8-8f49fc4d7f77
INFO  [17:39:07.608] [bbotk] Evaluating 1 configuration(s)
INFO  [17:39:07.933] [bbotk] Result of batch 5:
INFO  [17:39:07.934] [bbotk]  nrounds       eta max_depth classif.ce warnings errors runtime_learners
INFO  [17:39:07.934] [bbotk]      159 0.2611697         2 0.01406512        0      0            0.271
INFO  [17:39:07.934] [bbotk]                                 uhash
INFO  [17:39:07.934] [bbotk]  b9e19261-c48d-4c78-a0f4-48756359dfc0
INFO  [17:39:07.942] [bbotk] Evaluating 1 configuration(s)
INFO  [17:39:08.231] [bbotk] Result of batch 6:
INFO  [17:39:08.234] [bbotk]  nrounds       eta max_depth classif.ce warnings errors runtime_learners
INFO  [17:39:08.234] [bbotk]      129 0.1945929         3 0.01377851        0      0            0.251
INFO  [17:39:08.234] [bbotk]                                 uhash
INFO  [17:39:08.234] [bbotk]  da0766d1-840c-4dae-8301-cc5cdf2d7792
INFO  [17:39:08.243] [bbotk] Evaluating 1 configuration(s)
INFO  [17:39:09.053] [bbotk] Result of batch 7:
INFO  [17:39:09.055] [bbotk]  nrounds        eta max_depth classif.ce warnings errors runtime_learners
INFO  [17:39:09.055] [bbotk]      299 0.06693272         4 0.01521331        0      0             0.77
INFO  [17:39:09.055] [bbotk]                                 uhash
INFO  [17:39:09.055] [bbotk]  0efc850e-f73c-42a1-901f-c0e9d7a54a68
INFO  [17:39:09.064] [bbotk] Evaluating 1 configuration(s)
INFO  [17:39:09.653] [bbotk] Result of batch 8:
INFO  [17:39:09.654] [bbotk]  nrounds       eta max_depth classif.ce warnings errors runtime_learners
INFO  [17:39:09.654] [bbotk]      217 0.2942654         9 0.01463934        0      0             0.53
INFO  [17:39:09.654] [bbotk]                                 uhash
INFO  [17:39:09.654] [bbotk]  b3eae105-e2fd-4ea2-b447-852cfcfa22dd
INFO  [17:39:09.658] [bbotk] Evaluating 1 configuration(s)
INFO  [17:39:10.192] [bbotk] Result of batch 9:
INFO  [17:39:10.196] [bbotk]  nrounds       eta max_depth classif.ce warnings errors runtime_learners
INFO  [17:39:10.196] [bbotk]      167 0.2960621         7 0.01406537        0      0            0.474
INFO  [17:39:10.196] [bbotk]                                 uhash
INFO  [17:39:10.196] [bbotk]  ee7a0492-5f63-4ab9-8a6b-62c1d66efbf4
INFO  [17:39:10.214] [bbotk] Evaluating 1 configuration(s)
INFO  [17:39:10.571] [bbotk] Result of batch 10:
INFO  [17:39:10.572] [bbotk]  nrounds        eta max_depth classif.ce warnings errors runtime_learners
INFO  [17:39:10.572] [bbotk]       72 0.09987632         8 0.01406537        0      0            0.312
INFO  [17:39:10.572] [bbotk]                                 uhash
INFO  [17:39:10.572] [bbotk]  80891b75-7614-4a0a-92e9-dda1d230e412
INFO  [17:39:10.584] [bbotk] Finished optimizing after 10 evaluation(s)
INFO  [17:39:10.585] [bbotk] Result:
INFO  [17:39:10.586] [bbotk]  nrounds       eta max_depth learner_param_vals  x_domain classif.ce
INFO  [17:39:10.586] [bbotk]    <int>     <num>     <int>             <list>    <list>      <num>
INFO  [17:39:10.586] [bbotk]      106 0.1318873         3          <list[5]> <list[3]>  0.0134914
INFO  [17:39:10.762] [bbotk] Starting to optimize 3 parameter(s) with '<OptimizerBatchRandomSearch>' and '<TerminatorEvals> [n_evals=10, k=0]'
INFO  [17:39:10.784] [bbotk] Evaluating 1 configuration(s)
INFO  [17:39:11.289] [bbotk] Result of batch 1:
INFO  [17:39:11.290] [bbotk]  nrounds      eta max_depth classif.ce warnings errors runtime_learners
INFO  [17:39:11.290] [bbotk]      191 0.267373         8  0.0163615        0      0             0.47
INFO  [17:39:11.290] [bbotk]                                 uhash
INFO  [17:39:11.290] [bbotk]  ede7663e-5d1a-4d5a-87d0-6d002a884544
INFO  [17:39:11.294] [bbotk] Evaluating 1 configuration(s)
INFO  [17:39:11.747] [bbotk] Result of batch 2:
INFO  [17:39:11.748] [bbotk]  nrounds       eta max_depth classif.ce warnings errors runtime_learners
INFO  [17:39:11.748] [bbotk]      263 0.1038399         2 0.01463909        0      0            0.421
INFO  [17:39:11.748] [bbotk]                                 uhash
INFO  [17:39:11.748] [bbotk]  fba2dfd1-526b-495f-9f17-087be2585a94
INFO  [17:39:11.760] [bbotk] Evaluating 1 configuration(s)
INFO  [17:39:12.148] [bbotk] Result of batch 3:
INFO  [17:39:12.149] [bbotk]  nrounds       eta max_depth classif.ce warnings errors runtime_learners
INFO  [17:39:12.149] [bbotk]      149 0.2724326         4 0.01492645        0      0            0.346
INFO  [17:39:12.149] [bbotk]                                 uhash
INFO  [17:39:12.149] [bbotk]  0f0f3ff4-6347-4d8b-bd7a-9fda1f5cff50
INFO  [17:39:12.153] [bbotk] Evaluating 1 configuration(s)
INFO  [17:39:12.472] [bbotk] Result of batch 4:
INFO  [17:39:12.473] [bbotk]  nrounds       eta max_depth classif.ce warnings errors runtime_learners
INFO  [17:39:12.473] [bbotk]       68 0.2605072        10 0.01722258        0      0            0.273
INFO  [17:39:12.473] [bbotk]                                 uhash
INFO  [17:39:12.473] [bbotk]  051ad219-190c-48a1-a01a-0073610f386c
INFO  [17:39:12.490] [bbotk] Evaluating 1 configuration(s)
INFO  [17:39:13.071] [bbotk] Result of batch 5:
INFO  [17:39:13.072] [bbotk]  nrounds      eta max_depth classif.ce warnings errors runtime_learners
INFO  [17:39:13.072] [bbotk]      200 0.283272        10 0.01664861        0      0            0.512
INFO  [17:39:13.072] [bbotk]                                 uhash
INFO  [17:39:13.072] [bbotk]  eb7522d3-a24b-45c0-b843-38811dab4ff8
INFO  [17:39:13.077] [bbotk] Evaluating 1 configuration(s)
INFO  [17:39:13.832] [bbotk] Result of batch 6:
INFO  [17:39:13.834] [bbotk]  nrounds       eta max_depth classif.ce warnings errors runtime_learners
INFO  [17:39:13.834] [bbotk]      249 0.2735444         5  0.0163615        0      0            0.694
INFO  [17:39:13.834] [bbotk]                                 uhash
INFO  [17:39:13.834] [bbotk]  cac159e9-29d7-48e5-adc7-4999360b8d2d
INFO  [17:39:13.840] [bbotk] Evaluating 1 configuration(s)
INFO  [17:39:14.602] [bbotk] Result of batch 7:
INFO  [17:39:14.602] [bbotk]  nrounds       eta max_depth classif.ce warnings errors runtime_learners
INFO  [17:39:14.602] [bbotk]      226 0.1479518         8 0.01636174        0      0            0.727
INFO  [17:39:14.602] [bbotk]                                 uhash
INFO  [17:39:14.602] [bbotk]  9dd20aaa-5c58-4ced-be88-c473bef48195
INFO  [17:39:14.606] [bbotk] Evaluating 1 configuration(s)
INFO  [17:39:15.177] [bbotk] Result of batch 8:
INFO  [17:39:15.178] [bbotk]  nrounds       eta max_depth classif.ce warnings errors runtime_learners
INFO  [17:39:15.178] [bbotk]      213 0.2514421         6 0.01664861        0      0            0.522
INFO  [17:39:15.178] [bbotk]                                 uhash
INFO  [17:39:15.178] [bbotk]  e922975b-00fc-4875-a8e5-2c8336f18fb8
INFO  [17:39:15.181] [bbotk] Evaluating 1 configuration(s)
INFO  [17:39:15.969] [bbotk] Result of batch 9:
INFO  [17:39:15.970] [bbotk]  nrounds       eta max_depth classif.ce warnings errors runtime_learners
INFO  [17:39:15.970] [bbotk]      234 0.1367604         5 0.01607439        0      0            0.746
INFO  [17:39:15.970] [bbotk]                                 uhash
INFO  [17:39:15.970] [bbotk]  e707ed5f-442b-4b76-990f-b759af981a55
INFO  [17:39:15.975] [bbotk] Evaluating 1 configuration(s)
INFO  [17:39:16.605] [bbotk] Result of batch 10:
INFO  [17:39:16.609] [bbotk]  nrounds       eta max_depth classif.ce warnings errors runtime_learners
INFO  [17:39:16.609] [bbotk]      170 0.2156037         9 0.01779679        0      0            0.562
INFO  [17:39:16.609] [bbotk]                                 uhash
INFO  [17:39:16.609] [bbotk]  cda245b5-8fac-4c2f-94f8-118f42c3c3ff
INFO  [17:39:16.636] [bbotk] Finished optimizing after 10 evaluation(s)
INFO  [17:39:16.637] [bbotk] Result:
INFO  [17:39:16.639] [bbotk]  nrounds       eta max_depth learner_param_vals  x_domain classif.ce
INFO  [17:39:16.639] [bbotk]    <int>     <num>     <int>             <list>    <list>      <num>
INFO  [17:39:16.639] [bbotk]      263 0.1038399         2          <list[5]> <list[3]> 0.01463909
INFO  [17:39:16.911] [bbotk] Starting to optimize 3 parameter(s) with '<OptimizerBatchRandomSearch>' and '<TerminatorEvals> [n_evals=10, k=0]'
INFO  [17:39:16.930] [bbotk] Evaluating 1 configuration(s)
INFO  [17:39:17.659] [bbotk] Result of batch 1:
INFO  [17:39:17.663] [bbotk]  nrounds       eta max_depth classif.ce warnings errors runtime_learners
INFO  [17:39:17.663] [bbotk]      283 0.2966595         5 0.01636125        0      0            0.663
INFO  [17:39:17.663] [bbotk]                                 uhash
INFO  [17:39:17.663] [bbotk]  d8ef3bde-2fe1-44f2-b867-181908f295e5
INFO  [17:39:17.668] [bbotk] Evaluating 1 configuration(s)
INFO  [17:39:18.629] [bbotk] Result of batch 2:
INFO  [17:39:18.631] [bbotk]  nrounds        eta max_depth classif.ce warnings errors runtime_learners
INFO  [17:39:18.631] [bbotk]      237 0.01220271         8 0.01779704        0      0            0.921
INFO  [17:39:18.631] [bbotk]                                 uhash
INFO  [17:39:18.631] [bbotk]  b2fc4d67-03d1-4c81-8b46-af0b189d5b87
INFO  [17:39:18.642] [bbotk] Evaluating 1 configuration(s)
INFO  [17:39:19.361] [bbotk] Result of batch 3:
INFO  [17:39:19.362] [bbotk]  nrounds        eta max_depth classif.ce warnings errors runtime_learners
INFO  [17:39:19.362] [bbotk]      161 0.04807442        10 0.01664885        0      0            0.675
INFO  [17:39:19.362] [bbotk]                                 uhash
INFO  [17:39:19.362] [bbotk]  7bfda130-89f6-4817-8c8d-ec1d5d5fe11d
INFO  [17:39:19.366] [bbotk] Evaluating 1 configuration(s)
INFO  [17:39:19.917] [bbotk] Result of batch 4:
INFO  [17:39:19.918] [bbotk]  nrounds       eta max_depth classif.ce warnings errors runtime_learners
INFO  [17:39:19.918] [bbotk]      209 0.1004164         3  0.0166491        0      0            0.504
INFO  [17:39:19.918] [bbotk]                                 uhash
INFO  [17:39:19.918] [bbotk]  ef1e026a-d9e8-491b-9582-2ea7f7441545
INFO  [17:39:19.950] [bbotk] Evaluating 1 configuration(s)
INFO  [17:39:20.538] [bbotk] Result of batch 5:
INFO  [17:39:20.539] [bbotk]  nrounds       eta max_depth classif.ce warnings errors runtime_learners
INFO  [17:39:20.539] [bbotk]      139 0.1080477         6 0.01750968        0      0            0.536
INFO  [17:39:20.539] [bbotk]                                 uhash
INFO  [17:39:20.539] [bbotk]  eaa39d5b-2beb-4d01-ba1d-08c499625a64
INFO  [17:39:20.543] [bbotk] Evaluating 1 configuration(s)
INFO  [17:39:21.334] [bbotk] Result of batch 6:
INFO  [17:39:21.334] [bbotk]  nrounds        eta max_depth classif.ce warnings errors runtime_learners
INFO  [17:39:21.334] [bbotk]      155 0.05329314         9 0.01664885        0      0             0.75
INFO  [17:39:21.334] [bbotk]                                 uhash
INFO  [17:39:21.334] [bbotk]  e8b27a1a-8bca-43c6-b6e1-3eaf8a9e64b1
INFO  [17:39:21.339] [bbotk] Evaluating 1 configuration(s)
INFO  [17:39:21.903] [bbotk] Result of batch 7:
INFO  [17:39:21.911] [bbotk]  nrounds        eta max_depth classif.ce warnings errors runtime_learners
INFO  [17:39:21.911] [bbotk]      111 0.05328846         7 0.01664861        0      0            0.508
INFO  [17:39:21.911] [bbotk]                                 uhash
INFO  [17:39:21.911] [bbotk]  d63c9e9c-5fa9-4fd5-905b-42618f2104f3
INFO  [17:39:21.917] [bbotk] Evaluating 1 configuration(s)
INFO  [17:39:22.716] [bbotk] Result of batch 8:
INFO  [17:39:22.717] [bbotk]  nrounds       eta max_depth classif.ce warnings errors runtime_learners
INFO  [17:39:22.717] [bbotk]      263 0.2080801         9 0.01693547        0      0            0.733
INFO  [17:39:22.717] [bbotk]                                 uhash
INFO  [17:39:22.717] [bbotk]  11b402cd-0560-40a8-9012-be92e3c4182e
INFO  [17:39:22.721] [bbotk] Evaluating 1 configuration(s)
INFO  [17:39:22.967] [bbotk] Result of batch 9:
INFO  [17:39:22.968] [bbotk]  nrounds       eta max_depth classif.ce warnings errors runtime_learners
INFO  [17:39:22.968] [bbotk]       55 0.2087497         4 0.01664836        0      0            0.199
INFO  [17:39:22.968] [bbotk]                                 uhash
INFO  [17:39:22.968] [bbotk]  92eeacb6-5f6c-4265-b9a1-c80380c4bda0
INFO  [17:39:22.977] [bbotk] Evaluating 1 configuration(s)
INFO  [17:39:23.731] [bbotk] Result of batch 10:
INFO  [17:39:23.732] [bbotk]  nrounds        eta max_depth classif.ce warnings errors runtime_learners
INFO  [17:39:23.732] [bbotk]      232 0.06646289         4  0.0163615        0      0            0.707
INFO  [17:39:23.732] [bbotk]                                 uhash
INFO  [17:39:23.732] [bbotk]  477bb7de-5fda-4d9b-b4ce-aba2e437b562
INFO  [17:39:23.764] [bbotk] Finished optimizing after 10 evaluation(s)
INFO  [17:39:23.764] [bbotk] Result:
INFO  [17:39:23.765] [bbotk]  nrounds       eta max_depth learner_param_vals  x_domain classif.ce
INFO  [17:39:23.765] [bbotk]    <int>     <num>     <int>             <list>    <list>      <num>
INFO  [17:39:23.765] [bbotk]      283 0.2966595         5          <list[5]> <list[3]> 0.01636125

### [bt]: Job terminated successfully [batchtools job.id=3837]
### [bt]: Starting job [batchtools job.id=3838]
### [bt]: Generating problem instance for problem '01ea4b20a58e68c2' ...
### [bt]: Applying algorithm 'run_learner' on problem '01ea4b20a58e68c2' for job 3838 (seed = 3839) ...
INFO  [17:39:24.366] [mlr3] Applying learner 'classif.xgboost.tuned_calib.perfold_isotonic' on task 'wilt' (iter 8/10)
INFO  [17:39:24.411] [bbotk] Starting to optimize 3 parameter(s) with '<OptimizerBatchRandomSearch>' and '<TerminatorEvals> [n_evals=10, k=0]'
INFO  [17:39:24.427] [bbotk] Evaluating 1 configuration(s)
INFO  [17:39:25.025] [bbotk] Result of batch 1:
INFO  [17:39:25.026] [bbotk]  nrounds        eta max_depth classif.ce warnings errors runtime_learners
INFO  [17:39:25.026] [bbotk]      254 0.07202018         3 0.01549893        0      0            0.561
INFO  [17:39:25.026] [bbotk]                                 uhash
INFO  [17:39:25.026] [bbotk]  80ec5ddf-8def-456c-a5e8-3f8d9aa8e228
INFO  [17:39:25.035] [bbotk] Evaluating 1 configuration(s)
INFO  [17:39:25.906] [bbotk] Result of batch 2:
INFO  [17:39:25.907] [bbotk]  nrounds        eta max_depth classif.ce warnings errors runtime_learners
INFO  [17:39:25.907] [bbotk]      265 0.08565554        10 0.01635977        0      0            0.821
INFO  [17:39:25.907] [bbotk]                                 uhash
INFO  [17:39:25.907] [bbotk]  8c81a7a2-67ad-4a78-bd1e-794b2a9ef9cb
INFO  [17:39:25.912] [bbotk] Evaluating 1 configuration(s)
INFO  [17:39:26.282] [bbotk] Result of batch 3:
INFO  [17:39:26.286] [bbotk]  nrounds       eta max_depth classif.ce warnings errors runtime_learners
INFO  [17:39:26.286] [bbotk]      181 0.2656108         2 0.01664638        0      0             0.31
INFO  [17:39:26.286] [bbotk]                                 uhash
INFO  [17:39:26.286] [bbotk]  01ebbc6f-6161-452b-b072-1c3b0a8fc9f4
INFO  [17:39:26.296] [bbotk] Evaluating 1 configuration(s)
INFO  [17:39:27.198] [bbotk] Result of batch 4:
INFO  [17:39:27.201] [bbotk]  nrounds        eta max_depth classif.ce warnings errors runtime_learners
INFO  [17:39:27.201] [bbotk]      278 0.09257452         5 0.01607241        0      0            0.855
INFO  [17:39:27.201] [bbotk]                                 uhash
INFO  [17:39:27.201] [bbotk]  ba98f829-c45e-4919-a923-122eb822bab3
INFO  [17:39:27.211] [bbotk] Evaluating 1 configuration(s)
INFO  [17:39:27.700] [bbotk] Result of batch 5:
INFO  [17:39:27.701] [bbotk]  nrounds       eta max_depth classif.ce warnings errors runtime_learners
INFO  [17:39:27.701] [bbotk]      240 0.1847555         3 0.01549819        0      0            0.451
INFO  [17:39:27.701] [bbotk]                                 uhash
INFO  [17:39:27.701] [bbotk]  2f164261-8697-498f-88f0-b45812c0c314
INFO  [17:39:27.705] [bbotk] Evaluating 1 configuration(s)
INFO  [17:39:28.273] [bbotk] Result of batch 6:
INFO  [17:39:28.274] [bbotk]  nrounds       eta max_depth classif.ce warnings errors runtime_learners
INFO  [17:39:28.274] [bbotk]      251 0.2623296         8 0.01664638        0      0            0.527
INFO  [17:39:28.274] [bbotk]                                 uhash
INFO  [17:39:28.274] [bbotk]  a8926967-a954-48d9-84ff-830e20c0faa0
INFO  [17:39:28.278] [bbotk] Evaluating 1 configuration(s)
INFO  [17:39:28.487] [bbotk] Result of batch 7:
INFO  [17:39:28.487] [bbotk]  nrounds        eta max_depth classif.ce warnings errors runtime_learners
INFO  [17:39:28.487] [bbotk]       77 0.08546061         3 0.01980458        0      0            0.166
INFO  [17:39:28.487] [bbotk]                                 uhash
INFO  [17:39:28.487] [bbotk]  793b88fc-8206-4a78-ae0c-d522da99d307
INFO  [17:39:28.493] [bbotk] Evaluating 1 configuration(s)
INFO  [17:39:28.894] [bbotk] Result of batch 8:
INFO  [17:39:28.895] [bbotk]  nrounds       eta max_depth classif.ce warnings errors runtime_learners
INFO  [17:39:28.895] [bbotk]      120 0.1929384         7  0.0157853        0      0             0.36
INFO  [17:39:28.895] [bbotk]                                 uhash
INFO  [17:39:28.895] [bbotk]  eeeeeea7-49a9-47dd-9fbb-e25ae93e8007
INFO  [17:39:28.898] [bbotk] Evaluating 1 configuration(s)
INFO  [17:39:30.019] [bbotk] Result of batch 9:
INFO  [17:39:30.020] [bbotk]  nrounds       eta max_depth classif.ce warnings errors runtime_learners
INFO  [17:39:30.020] [bbotk]      256 0.0562792         6 0.01607241        0      0            1.083
INFO  [17:39:30.020] [bbotk]                                 uhash
INFO  [17:39:30.020] [bbotk]  ee2ee3f6-b529-4e99-b4f6-4c2d2a4b3d81
INFO  [17:39:30.024] [bbotk] Evaluating 1 configuration(s)
INFO  [17:39:30.388] [bbotk] Result of batch 10:
INFO  [17:39:30.391] [bbotk]  nrounds        eta max_depth classif.ce warnings errors runtime_learners
INFO  [17:39:30.391] [bbotk]       88 0.06517112         9 0.01750746        0      0            0.317
INFO  [17:39:30.391] [bbotk]                                 uhash
INFO  [17:39:30.391] [bbotk]  cfea1e25-42cf-4bac-91d0-da9c020893d2
INFO  [17:39:30.405] [bbotk] Finished optimizing after 10 evaluation(s)
INFO  [17:39:30.405] [bbotk] Result:
INFO  [17:39:30.406] [bbotk]  nrounds       eta max_depth learner_param_vals  x_domain classif.ce
INFO  [17:39:30.406] [bbotk]    <int>     <num>     <int>             <list>    <list>      <num>
INFO  [17:39:30.406] [bbotk]      240 0.1847555         3          <list[5]> <list[3]> 0.01549819
INFO  [17:39:30.681] [bbotk] Starting to optimize 3 parameter(s) with '<OptimizerBatchRandomSearch>' and '<TerminatorEvals> [n_evals=10, k=0]'
INFO  [17:39:30.691] [bbotk] Evaluating 1 configuration(s)
INFO  [17:39:31.503] [bbotk] Result of batch 1:
INFO  [17:39:31.505] [bbotk]  nrounds       eta max_depth classif.ce warnings errors runtime_learners
INFO  [17:39:31.505] [bbotk]      291 0.1144944        10 0.01549893        0      0            0.779
INFO  [17:39:31.505] [bbotk]                                 uhash
INFO  [17:39:31.505] [bbotk]  44ac7fb3-8061-45e3-a0bb-b65c49803aba
INFO  [17:39:31.513] [bbotk] Evaluating 1 configuration(s)
INFO  [17:39:31.709] [bbotk] Result of batch 2:
INFO  [17:39:31.710] [bbotk]  nrounds        eta max_depth classif.ce warnings errors runtime_learners
INFO  [17:39:31.710] [bbotk]       62 0.01983184         4 0.02123963        0      0            0.168
INFO  [17:39:31.710] [bbotk]                                 uhash
INFO  [17:39:31.710] [bbotk]  ea341495-1da9-4875-b171-fba0af2fbd40
INFO  [17:39:31.718] [bbotk] Evaluating 1 configuration(s)
INFO  [17:39:32.277] [bbotk] Result of batch 3:
INFO  [17:39:32.278] [bbotk]  nrounds        eta max_depth classif.ce warnings errors runtime_learners
INFO  [17:39:32.278] [bbotk]      175 0.08117989         6 0.01549893        0      0            0.521
INFO  [17:39:32.278] [bbotk]                                 uhash
INFO  [17:39:32.278] [bbotk]  a23dc6bb-21b9-4690-9096-6e040b782ee6
INFO  [17:39:32.282] [bbotk] Evaluating 1 configuration(s)
INFO  [17:39:32.790] [bbotk] Result of batch 4:
INFO  [17:39:32.791] [bbotk]  nrounds       eta max_depth classif.ce warnings errors runtime_learners
INFO  [17:39:32.791] [bbotk]      200 0.2168006         6 0.01521207        0      0            0.468
INFO  [17:39:32.791] [bbotk]                                 uhash
INFO  [17:39:32.791] [bbotk]  1091fc53-d62a-4a8c-8e63-dadede67bfac
INFO  [17:39:32.801] [bbotk] Evaluating 1 configuration(s)
INFO  [17:39:33.184] [bbotk] Result of batch 5:
INFO  [17:39:33.185] [bbotk]  nrounds        eta max_depth classif.ce warnings errors runtime_learners
INFO  [17:39:33.185] [bbotk]      240 0.01230217         2 0.02755503        0      0            0.344
INFO  [17:39:33.185] [bbotk]                                 uhash
INFO  [17:39:33.185] [bbotk]  d4d76281-6f0d-4c6a-ad4c-114058743d88
INFO  [17:39:33.189] [bbotk] Evaluating 1 configuration(s)
INFO  [17:39:33.440] [bbotk] Result of batch 6:
INFO  [17:39:33.441] [bbotk]  nrounds      eta max_depth classif.ce warnings errors runtime_learners
INFO  [17:39:33.441] [bbotk]       70 0.287606         5 0.01664688        0      0            0.209
INFO  [17:39:33.441] [bbotk]                                 uhash
INFO  [17:39:33.441] [bbotk]  fe33a711-fac3-4a8d-a048-86cc77af5340
INFO  [17:39:33.445] [bbotk] Evaluating 1 configuration(s)
INFO  [17:39:33.802] [bbotk] Result of batch 7:
INFO  [17:39:33.803] [bbotk]  nrounds       eta max_depth classif.ce warnings errors runtime_learners
INFO  [17:39:33.803] [bbotk]      127 0.2695271        10 0.01578629        0      0            0.312
INFO  [17:39:33.803] [bbotk]                                 uhash
INFO  [17:39:33.803] [bbotk]  dfbe2cf7-3eeb-4a83-a830-1b3b42ee0e22
INFO  [17:39:33.807] [bbotk] Evaluating 1 configuration(s)
INFO  [17:39:34.107] [bbotk] Result of batch 8:
INFO  [17:39:34.108] [bbotk]  nrounds       eta max_depth classif.ce warnings errors runtime_learners
INFO  [17:39:34.108] [bbotk]      134 0.2631856         3 0.01549844        0      0            0.267
INFO  [17:39:34.108] [bbotk]                                 uhash
INFO  [17:39:34.108] [bbotk]  498ef912-7ec3-4c4e-97da-abf9b94ab415
INFO  [17:39:34.111] [bbotk] Evaluating 1 configuration(s)
INFO  [17:39:34.348] [bbotk] Result of batch 9:
INFO  [17:39:34.350] [bbotk]  nrounds       eta max_depth classif.ce warnings errors runtime_learners
INFO  [17:39:34.350] [bbotk]       73 0.2942115         8 0.01521183        0      0            0.203
INFO  [17:39:34.350] [bbotk]                                 uhash
INFO  [17:39:34.350] [bbotk]  b8e34795-68b0-4646-8c47-e3af40452837
INFO  [17:39:34.358] [bbotk] Evaluating 1 configuration(s)
INFO  [17:39:34.645] [bbotk] Result of batch 10:
INFO  [17:39:34.646] [bbotk]  nrounds        eta max_depth classif.ce warnings errors runtime_learners
INFO  [17:39:34.646] [bbotk]      199 0.07453814         2  0.0177958        0      0            0.251
INFO  [17:39:34.646] [bbotk]                                 uhash
INFO  [17:39:34.646] [bbotk]  df3f9ad5-3a3a-43ed-836f-49615f3c5892
INFO  [17:39:34.664] [bbotk] Finished optimizing after 10 evaluation(s)
INFO  [17:39:34.664] [bbotk] Result:
INFO  [17:39:34.666] [bbotk]  nrounds       eta max_depth learner_param_vals  x_domain classif.ce
INFO  [17:39:34.666] [bbotk]    <int>     <num>     <int>             <list>    <list>      <num>
INFO  [17:39:34.666] [bbotk]       73 0.2942115         8          <list[5]> <list[3]> 0.01521183
INFO  [17:39:34.822] [bbotk] Starting to optimize 3 parameter(s) with '<OptimizerBatchRandomSearch>' and '<TerminatorEvals> [n_evals=10, k=0]'
INFO  [17:39:34.833] [bbotk] Evaluating 1 configuration(s)
INFO  [17:39:35.047] [bbotk] Result of batch 1:
INFO  [17:39:35.049] [bbotk]  nrounds       eta max_depth classif.ce warnings errors runtime_learners
INFO  [17:39:35.049] [bbotk]       90 0.1291172         3 0.01492472        0      0            0.177
INFO  [17:39:35.049] [bbotk]                                 uhash
INFO  [17:39:35.049] [bbotk]  a327306d-c2ae-4184-9258-4bdd3ab34387
INFO  [17:39:35.054] [bbotk] Evaluating 1 configuration(s)
INFO  [17:39:35.380] [bbotk] Result of batch 2:
INFO  [17:39:35.381] [bbotk]  nrounds       eta max_depth classif.ce warnings errors runtime_learners
INFO  [17:39:35.381] [bbotk]       96 0.1833454         9 0.01693374        0      0            0.292
INFO  [17:39:35.381] [bbotk]                                 uhash
INFO  [17:39:35.381] [bbotk]  50b6c05c-df63-41fa-aaca-7852ad6c24f7
INFO  [17:39:35.386] [bbotk] Evaluating 1 configuration(s)
INFO  [17:39:35.888] [bbotk] Result of batch 3:
INFO  [17:39:35.890] [bbotk]  nrounds       eta max_depth classif.ce warnings errors runtime_learners
INFO  [17:39:35.890] [bbotk]      232 0.2135837         9 0.01693398        0      0            0.453
INFO  [17:39:35.890] [bbotk]                                 uhash
INFO  [17:39:35.890] [bbotk]  9ecc4e70-ffd5-4843-a70a-5e9fbffeae4d
INFO  [17:39:35.898] [bbotk] Evaluating 1 configuration(s)
INFO  [17:39:36.461] [bbotk] Result of batch 4:
INFO  [17:39:36.462] [bbotk]  nrounds       eta max_depth classif.ce warnings errors runtime_learners
INFO  [17:39:36.462] [bbotk]      297 0.2084392         6 0.01693374        0      0            0.534
INFO  [17:39:36.462] [bbotk]                                 uhash
INFO  [17:39:36.462] [bbotk]  def6adeb-90f3-4b5e-843a-4e2b9a655aad
INFO  [17:39:36.471] [bbotk] Evaluating 1 configuration(s)
INFO  [17:39:37.036] [bbotk] Result of batch 5:
INFO  [17:39:37.037] [bbotk]  nrounds        eta max_depth classif.ce warnings errors runtime_learners
INFO  [17:39:37.037] [bbotk]      163 0.03896773        10 0.01779457        0      0            0.521
INFO  [17:39:37.037] [bbotk]                                 uhash
INFO  [17:39:37.037] [bbotk]  64699297-fcc1-4c02-b956-8d156ac51306
INFO  [17:39:37.042] [bbotk] Evaluating 1 configuration(s)
INFO  [17:39:37.624] [bbotk] Result of batch 6:
INFO  [17:39:37.625] [bbotk]  nrounds        eta max_depth classif.ce warnings errors runtime_learners
INFO  [17:39:37.625] [bbotk]      195 0.07687194        10 0.01750795        0      0            0.548
INFO  [17:39:37.625] [bbotk]                                 uhash
INFO  [17:39:37.625] [bbotk]  bc0e521b-9470-4bee-a65d-97a3543ae03d
INFO  [17:39:37.629] [bbotk] Evaluating 1 configuration(s)
INFO  [17:39:38.269] [bbotk] Result of batch 7:
INFO  [17:39:38.270] [bbotk]  nrounds       eta max_depth classif.ce warnings errors runtime_learners
INFO  [17:39:38.270] [bbotk]      294 0.1981632        10 0.01750771        0      0            0.591
INFO  [17:39:38.270] [bbotk]                                 uhash
INFO  [17:39:38.270] [bbotk]  b11de5c0-d0a1-43df-9c8d-0ed72db7a3f9
INFO  [17:39:38.278] [bbotk] Evaluating 1 configuration(s)
INFO  [17:39:38.670] [bbotk] Result of batch 8:
INFO  [17:39:38.670] [bbotk]  nrounds       eta max_depth classif.ce warnings errors runtime_learners
INFO  [17:39:38.670] [bbotk]      134 0.1988929         9 0.01722134        0      0            0.352
INFO  [17:39:38.670] [bbotk]                                 uhash
INFO  [17:39:38.670] [bbotk]  2ee7d2cd-3c04-4c55-bfa7-cbb98a8a58d7
INFO  [17:39:38.675] [bbotk] Evaluating 1 configuration(s)
INFO  [17:39:39.190] [bbotk] Result of batch 9:
INFO  [17:39:39.191] [bbotk]  nrounds       eta max_depth classif.ce warnings errors runtime_learners
INFO  [17:39:39.191] [bbotk]      255 0.2352099         7 0.01779482        0      0            0.479
INFO  [17:39:39.191] [bbotk]                                 uhash
INFO  [17:39:39.191] [bbotk]  f246ca50-2807-41b7-b4df-fd0b20593109
INFO  [17:39:39.194] [bbotk] Evaluating 1 configuration(s)
INFO  [17:39:39.482] [bbotk] Result of batch 10:
INFO  [17:39:39.483] [bbotk]  nrounds        eta max_depth classif.ce warnings errors runtime_learners
INFO  [17:39:39.483] [bbotk]       77 0.08389491         9 0.01865565        0      0            0.255
INFO  [17:39:39.483] [bbotk]                                 uhash
INFO  [17:39:39.483] [bbotk]  6911bd25-af7c-47b7-879b-c152f1ed3315
INFO  [17:39:39.494] [bbotk] Finished optimizing after 10 evaluation(s)
INFO  [17:39:39.494] [bbotk] Result:
INFO  [17:39:39.496] [bbotk]  nrounds       eta max_depth learner_param_vals  x_domain classif.ce
INFO  [17:39:39.496] [bbotk]    <int>     <num>     <int>             <list>    <list>      <num>
INFO  [17:39:39.496] [bbotk]       90 0.1291172         3          <list[5]> <list[3]> 0.01492472
INFO  [17:39:39.632] [bbotk] Starting to optimize 3 parameter(s) with '<OptimizerBatchRandomSearch>' and '<TerminatorEvals> [n_evals=10, k=0]'
INFO  [17:39:39.651] [bbotk] Evaluating 1 configuration(s)
INFO  [17:39:40.076] [bbotk] Result of batch 1:
INFO  [17:39:40.077] [bbotk]  nrounds       eta max_depth classif.ce warnings errors runtime_learners
INFO  [17:39:40.077] [bbotk]      164 0.2124201         4  0.0186559        0      0            0.391
INFO  [17:39:40.077] [bbotk]                                 uhash
INFO  [17:39:40.077] [bbotk]  3b94dae0-3fb3-41ed-a558-9340638de6ab
INFO  [17:39:40.082] [bbotk] Evaluating 1 configuration(s)
INFO  [17:39:40.458] [bbotk] Result of batch 2:
INFO  [17:39:40.459] [bbotk]  nrounds       eta max_depth classif.ce warnings errors runtime_learners
INFO  [17:39:40.459] [bbotk]      100 0.1070574         8 0.01722134        0      0            0.341
INFO  [17:39:40.459] [bbotk]                                 uhash
INFO  [17:39:40.459] [bbotk]  5f7dd4ca-1b14-444c-a7cb-d2fc33554fcc
INFO  [17:39:40.463] [bbotk] Evaluating 1 configuration(s)
INFO  [17:39:40.935] [bbotk] Result of batch 3:
INFO  [17:39:40.936] [bbotk]  nrounds        eta max_depth classif.ce warnings errors runtime_learners
INFO  [17:39:40.936] [bbotk]      140 0.02398582         9 0.01865664        0      0            0.418
INFO  [17:39:40.936] [bbotk]                                 uhash
INFO  [17:39:40.936] [bbotk]  41f2a6c9-78b6-4c59-9b86-b9908456706c
INFO  [17:39:40.943] [bbotk] Evaluating 1 configuration(s)
INFO  [17:39:41.591] [bbotk] Result of batch 4:
INFO  [17:39:41.592] [bbotk]  nrounds      eta max_depth classif.ce warnings errors runtime_learners
INFO  [17:39:41.592] [bbotk]      244 0.101341        10 0.01808217        0      0            0.614
INFO  [17:39:41.592] [bbotk]                                 uhash
INFO  [17:39:41.592] [bbotk]  c799e6e0-4b84-4fa5-9cfc-7e85f5f297f3
INFO  [17:39:41.596] [bbotk] Evaluating 1 configuration(s)
INFO  [17:39:41.912] [bbotk] Result of batch 5:
INFO  [17:39:41.913] [bbotk]  nrounds       eta max_depth classif.ce warnings errors runtime_learners
INFO  [17:39:41.913] [bbotk]       89 0.1685944         9 0.01722109        0      0            0.275
INFO  [17:39:41.913] [bbotk]                                 uhash
INFO  [17:39:41.913] [bbotk]  16e11a2f-9543-4e21-be62-8c9b3074fb61
INFO  [17:39:41.917] [bbotk] Evaluating 1 configuration(s)
INFO  [17:39:42.826] [bbotk] Result of batch 6:
INFO  [17:39:42.828] [bbotk]  nrounds        eta max_depth classif.ce warnings errors runtime_learners
INFO  [17:39:42.828] [bbotk]      276 0.03926954         9 0.01779556        0      0            0.873
INFO  [17:39:42.828] [bbotk]                                 uhash
INFO  [17:39:42.828] [bbotk]  8ee56aea-7fa5-4b49-bc43-a143fd0b2aa7
INFO  [17:39:42.838] [bbotk] Evaluating 1 configuration(s)
INFO  [17:39:43.341] [bbotk] Result of batch 7:
INFO  [17:39:43.342] [bbotk]  nrounds       eta max_depth classif.ce warnings errors runtime_learners
INFO  [17:39:43.342] [bbotk]      151 0.1058049         9 0.01750845        0      0            0.469
INFO  [17:39:43.342] [bbotk]                                 uhash
INFO  [17:39:43.342] [bbotk]  f29f9436-126a-409e-9f3d-c9998e1aac77
INFO  [17:39:43.347] [bbotk] Evaluating 1 configuration(s)
INFO  [17:39:43.868] [bbotk] Result of batch 8:
INFO  [17:39:43.869] [bbotk]  nrounds       eta max_depth classif.ce warnings errors runtime_learners
INFO  [17:39:43.869] [bbotk]      254 0.2746509        10 0.01836928        0      0            0.485
INFO  [17:39:43.869] [bbotk]                                 uhash
INFO  [17:39:43.869] [bbotk]  3e3fd7bb-ed2d-4225-a84b-5ffc0b3955e8
INFO  [17:39:43.874] [bbotk] Evaluating 1 configuration(s)
INFO  [17:39:44.307] [bbotk] Result of batch 9:
INFO  [17:39:44.308] [bbotk]  nrounds       eta max_depth classif.ce warnings errors runtime_learners
INFO  [17:39:44.308] [bbotk]      150 0.1505472         8 0.01722134        0      0            0.404
INFO  [17:39:44.308] [bbotk]                                 uhash
INFO  [17:39:44.308] [bbotk]  46a25f37-27f4-45ab-a380-8629f54cd77a
INFO  [17:39:44.312] [bbotk] Evaluating 1 configuration(s)
INFO  [17:39:44.561] [bbotk] Result of batch 10:
INFO  [17:39:44.562] [bbotk]  nrounds       eta max_depth classif.ce warnings errors runtime_learners
INFO  [17:39:44.562] [bbotk]       76 0.2545513         6 0.01836953        0      0            0.218
INFO  [17:39:44.562] [bbotk]                                 uhash
INFO  [17:39:44.562] [bbotk]  fbb3327d-76fd-4b52-a752-300be69a1dd1
INFO  [17:39:44.575] [bbotk] Finished optimizing after 10 evaluation(s)
INFO  [17:39:44.575] [bbotk] Result:
INFO  [17:39:44.577] [bbotk]  nrounds       eta max_depth learner_param_vals  x_domain classif.ce
INFO  [17:39:44.577] [bbotk]    <int>     <num>     <int>             <list>    <list>      <num>
INFO  [17:39:44.577] [bbotk]       89 0.1685944         9          <list[5]> <list[3]> 0.01722109
INFO  [17:39:44.770] [bbotk] Starting to optimize 3 parameter(s) with '<OptimizerBatchRandomSearch>' and '<TerminatorEvals> [n_evals=10, k=0]'
INFO  [17:39:44.781] [bbotk] Evaluating 1 configuration(s)
INFO  [17:39:45.111] [bbotk] Result of batch 1:
INFO  [17:39:45.113] [bbotk]  nrounds        eta max_depth classif.ce warnings errors runtime_learners
INFO  [17:39:45.113] [bbotk]       97 0.02837072         5 0.01750721        0      0            0.274
INFO  [17:39:45.113] [bbotk]                                 uhash
INFO  [17:39:45.113] [bbotk]  31199394-b7ed-40e4-ae27-061825f16fac
INFO  [17:39:45.120] [bbotk] Evaluating 1 configuration(s)
INFO  [17:39:45.480] [bbotk] Result of batch 2:
INFO  [17:39:45.481] [bbotk]  nrounds       eta max_depth classif.ce warnings errors runtime_learners
INFO  [17:39:45.481] [bbotk]      182 0.1831332         3 0.01463761        0      0            0.316
INFO  [17:39:45.481] [bbotk]                                 uhash
INFO  [17:39:45.481] [bbotk]  156fe851-6991-4fdc-b194-d5e31f9acef5
INFO  [17:39:45.488] [bbotk] Evaluating 1 configuration(s)
INFO  [17:39:46.340] [bbotk] Result of batch 3:
INFO  [17:39:46.340] [bbotk]  nrounds        eta max_depth classif.ce warnings errors runtime_learners
INFO  [17:39:46.340] [bbotk]      275 0.05460667        10 0.01492496        0      0             0.81
INFO  [17:39:46.340] [bbotk]                                 uhash
INFO  [17:39:46.340] [bbotk]  9a338a16-2262-4a1f-9a6a-84666e0fd5ae
INFO  [17:39:46.348] [bbotk] Evaluating 1 configuration(s)
INFO  [17:39:46.636] [bbotk] Result of batch 4:
INFO  [17:39:46.637] [bbotk]  nrounds      eta max_depth classif.ce warnings errors runtime_learners
INFO  [17:39:46.637] [bbotk]      129 0.105629         3 0.01636001        0      0            0.254
INFO  [17:39:46.637] [bbotk]                                 uhash
INFO  [17:39:46.637] [bbotk]  0d237e28-a51f-468f-bc6f-9a530bbdc4b6
INFO  [17:39:46.641] [bbotk] Evaluating 1 configuration(s)
INFO  [17:39:47.097] [bbotk] Result of batch 5:
INFO  [17:39:47.099] [bbotk]  nrounds       eta max_depth classif.ce warnings errors runtime_learners
INFO  [17:39:47.099] [bbotk]      243 0.2813653        10 0.01463711        0      0            0.424
INFO  [17:39:47.099] [bbotk]                                 uhash
INFO  [17:39:47.099] [bbotk]  0c57dd82-3ed9-4987-901b-a049a6f0b223
INFO  [17:39:47.107] [bbotk] Evaluating 1 configuration(s)
INFO  [17:39:47.341] [bbotk] Result of batch 6:
INFO  [17:39:47.343] [bbotk]  nrounds        eta max_depth classif.ce warnings errors runtime_learners
INFO  [17:39:47.343] [bbotk]      158 0.08695443         2 0.01750771        0      0            0.185
INFO  [17:39:47.343] [bbotk]                                 uhash
INFO  [17:39:47.343] [bbotk]  2835b4d7-62d0-47ae-9856-f1bf366bd699
INFO  [17:39:47.350] [bbotk] Evaluating 1 configuration(s)
INFO  [17:39:47.827] [bbotk] Result of batch 7:
INFO  [17:39:47.828] [bbotk]  nrounds        eta max_depth classif.ce warnings errors runtime_learners
INFO  [17:39:47.828] [bbotk]      147 0.07805455         9 0.01492496        0      0            0.449
INFO  [17:39:47.828] [bbotk]                                 uhash
INFO  [17:39:47.828] [bbotk]  cb9ce735-90b5-4adb-b48a-ef2eb97d654e
INFO  [17:39:47.832] [bbotk] Evaluating 1 configuration(s)
INFO  [17:39:48.300] [bbotk] Result of batch 8:
INFO  [17:39:48.301] [bbotk]  nrounds        eta max_depth classif.ce warnings errors runtime_learners
INFO  [17:39:48.301] [bbotk]      243 0.07060768         3  0.0160729        0      0            0.425
INFO  [17:39:48.301] [bbotk]                                 uhash
INFO  [17:39:48.301] [bbotk]  b5cd3773-eb13-421d-9f39-7c0a5692599c
INFO  [17:39:48.308] [bbotk] Evaluating 1 configuration(s)
INFO  [17:39:48.491] [bbotk] Result of batch 9:
INFO  [17:39:48.492] [bbotk]  nrounds       eta max_depth classif.ce warnings errors runtime_learners
INFO  [17:39:48.492] [bbotk]      118 0.1733533         2 0.01635977        0      0            0.144
INFO  [17:39:48.492] [bbotk]                                 uhash
INFO  [17:39:48.492] [bbotk]  a2d5b49f-f9de-4175-9e40-bf953e10f780
INFO  [17:39:48.497] [bbotk] Evaluating 1 configuration(s)
INFO  [17:39:48.937] [bbotk] Result of batch 10:
INFO  [17:39:48.939] [bbotk]  nrounds        eta max_depth classif.ce warnings errors runtime_learners
INFO  [17:39:48.939] [bbotk]      130 0.05128636         5 0.01664663        0      0            0.403
INFO  [17:39:48.939] [bbotk]                                 uhash
INFO  [17:39:48.939] [bbotk]  31bd7d7d-38f2-408c-887c-f70cb27c8f65
INFO  [17:39:48.948] [bbotk] Finished optimizing after 10 evaluation(s)
INFO  [17:39:48.948] [bbotk] Result:
INFO  [17:39:48.949] [bbotk]  nrounds       eta max_depth learner_param_vals  x_domain classif.ce
INFO  [17:39:48.949] [bbotk]    <int>     <num>     <int>             <list>    <list>      <num>
INFO  [17:39:48.949] [bbotk]      243 0.2813653        10          <list[5]> <list[3]> 0.01463711

### [bt]: Job terminated successfully [batchtools job.id=3838]
### [bt]: Starting job [batchtools job.id=3839]
### [bt]: Generating problem instance for problem '01ea4b20a58e68c2' ...
### [bt]: Applying algorithm 'run_learner' on problem '01ea4b20a58e68c2' for job 3839 (seed = 3840) ...
INFO  [17:39:49.328] [mlr3] Applying learner 'classif.xgboost.tuned_calib.perfold_isotonic' on task 'wilt' (iter 9/10)
INFO  [17:39:49.377] [bbotk] Starting to optimize 3 parameter(s) with '<OptimizerBatchRandomSearch>' and '<TerminatorEvals> [n_evals=10, k=0]'
INFO  [17:39:49.397] [bbotk] Evaluating 1 configuration(s)
INFO  [17:39:49.710] [bbotk] Result of batch 1:
INFO  [17:39:49.712] [bbotk]  nrounds       eta max_depth classif.ce warnings errors runtime_learners
INFO  [17:39:49.712] [bbotk]      161 0.2929078         3 0.01607266        0      0            0.286
INFO  [17:39:49.712] [bbotk]                                 uhash
INFO  [17:39:49.712] [bbotk]  cdcba4cf-4c8b-4a88-8556-e4379160b155
INFO  [17:39:49.724] [bbotk] Evaluating 1 configuration(s)
INFO  [17:39:50.395] [bbotk] Result of batch 2:
INFO  [17:39:50.396] [bbotk]  nrounds        eta max_depth classif.ce warnings errors runtime_learners
INFO  [17:39:50.396] [bbotk]      257 0.05012454         6 0.01463736        0      0            0.639
INFO  [17:39:50.396] [bbotk]                                 uhash
INFO  [17:39:50.396] [bbotk]  d72d6c9d-854a-4324-81fb-1d220c8f3b55
INFO  [17:39:50.400] [bbotk] Evaluating 1 configuration(s)
INFO  [17:39:50.690] [bbotk] Result of batch 3:
INFO  [17:39:50.691] [bbotk]  nrounds       eta max_depth classif.ce warnings errors runtime_learners
INFO  [17:39:50.691] [bbotk]      153 0.2389811         4 0.01607216        0      0            0.264
INFO  [17:39:50.691] [bbotk]                                 uhash
INFO  [17:39:50.691] [bbotk]  6b338253-5dd3-4377-9d9c-1ed8765ab430
INFO  [17:39:50.695] [bbotk] Evaluating 1 configuration(s)
INFO  [17:39:50.932] [bbotk] Result of batch 4:
INFO  [17:39:50.933] [bbotk]  nrounds       eta max_depth classif.ce warnings errors runtime_learners
INFO  [17:39:50.933] [bbotk]      141 0.1083106         3 0.01463711        0      0            0.211
INFO  [17:39:50.933] [bbotk]                                 uhash
INFO  [17:39:50.933] [bbotk]  7a3bc3b7-53f4-4a7b-9c66-23db03349a13
INFO  [17:39:50.937] [bbotk] Evaluating 1 configuration(s)
INFO  [17:39:51.118] [bbotk] Result of batch 5:
INFO  [17:39:51.119] [bbotk]  nrounds       eta max_depth classif.ce warnings errors runtime_learners
INFO  [17:39:51.119] [bbotk]      141 0.1027792         2 0.01693349        0      0            0.154
INFO  [17:39:51.119] [bbotk]                                 uhash
INFO  [17:39:51.119] [bbotk]  c240fec8-2227-4f3d-95f5-dde877b379c4
INFO  [17:39:51.123] [bbotk] Evaluating 1 configuration(s)
INFO  [17:39:51.551] [bbotk] Result of batch 6:
INFO  [17:39:51.552] [bbotk]  nrounds      eta max_depth classif.ce warnings errors runtime_learners
INFO  [17:39:51.552] [bbotk]      275 0.218012         4 0.01521158        0      0            0.399
INFO  [17:39:51.552] [bbotk]                                 uhash
INFO  [17:39:51.552] [bbotk]  f763c232-21e1-4c53-a364-472d60d629e3
INFO  [17:39:51.556] [bbotk] Evaluating 1 configuration(s)
INFO  [17:39:51.918] [bbotk] Result of batch 7:
INFO  [17:39:51.919] [bbotk]  nrounds       eta max_depth classif.ce warnings errors runtime_learners
INFO  [17:39:51.919] [bbotk]      159 0.1268938        10 0.01635927        0      0            0.327
INFO  [17:39:51.919] [bbotk]                                 uhash
INFO  [17:39:51.919] [bbotk]  bec125db-1c09-4dce-a214-b3dd26797ded
INFO  [17:39:51.923] [bbotk] Evaluating 1 configuration(s)
INFO  [17:39:52.176] [bbotk] Result of batch 8:
INFO  [17:39:52.177] [bbotk]  nrounds      eta max_depth classif.ce warnings errors runtime_learners
INFO  [17:39:52.177] [bbotk]      255 0.253466         2 0.01492422        0      0            0.227
INFO  [17:39:52.177] [bbotk]                                 uhash
INFO  [17:39:52.177] [bbotk]  d1161c4b-29c1-4597-9ead-fd5f71e8602e
INFO  [17:39:52.181] [bbotk] Evaluating 1 configuration(s)
INFO  [17:39:52.712] [bbotk] Result of batch 9:
INFO  [17:39:52.712] [bbotk]  nrounds        eta max_depth classif.ce warnings errors runtime_learners
INFO  [17:39:52.712] [bbotk]      260 0.05749842         5 0.01463711        0      0            0.505
INFO  [17:39:52.712] [bbotk]                                 uhash
INFO  [17:39:52.712] [bbotk]  b6f49574-02e9-4f87-b8e6-87f9d4fefcce
INFO  [17:39:52.716] [bbotk] Evaluating 1 configuration(s)
INFO  [17:39:53.038] [bbotk] Result of batch 10:
INFO  [17:39:53.038] [bbotk]  nrounds      eta max_depth classif.ce warnings errors runtime_learners
INFO  [17:39:53.038] [bbotk]      179 0.204738        10 0.01664638        0      0            0.297
INFO  [17:39:53.038] [bbotk]                                 uhash
INFO  [17:39:53.038] [bbotk]  b05612d6-d79e-4723-aa3b-7f356cb51412
INFO  [17:39:53.046] [bbotk] Finished optimizing after 10 evaluation(s)
INFO  [17:39:53.046] [bbotk] Result:
INFO  [17:39:53.047] [bbotk]  nrounds       eta max_depth learner_param_vals  x_domain classif.ce
INFO  [17:39:53.047] [bbotk]    <int>     <num>     <int>             <list>    <list>      <num>
INFO  [17:39:53.047] [bbotk]      141 0.1083106         3          <list[5]> <list[3]> 0.01463711
INFO  [17:39:53.162] [bbotk] Starting to optimize 3 parameter(s) with '<OptimizerBatchRandomSearch>' and '<TerminatorEvals> [n_evals=10, k=0]'
INFO  [17:39:53.171] [bbotk] Evaluating 1 configuration(s)
INFO  [17:39:53.461] [bbotk] Result of batch 1:
INFO  [17:39:53.462] [bbotk]  nrounds       eta max_depth classif.ce warnings errors runtime_learners
INFO  [17:39:53.462] [bbotk]      135 0.1398783         6 0.01750894        0      0            0.267
INFO  [17:39:53.462] [bbotk]                                 uhash
INFO  [17:39:53.462] [bbotk]  45f29255-3cb1-46ea-b63f-f07f51daadf6
INFO  [17:39:53.465] [bbotk] Evaluating 1 configuration(s)
INFO  [17:39:53.795] [bbotk] Result of batch 2:
INFO  [17:39:53.796] [bbotk]  nrounds       eta max_depth classif.ce warnings errors runtime_learners
INFO  [17:39:53.796] [bbotk]      192 0.2447046         5 0.01722183        0      0            0.301
INFO  [17:39:53.796] [bbotk]                                 uhash
INFO  [17:39:53.796] [bbotk]  ddc62814-e69f-44b0-9df8-188f04c265f6
INFO  [17:39:53.800] [bbotk] Evaluating 1 configuration(s)
INFO  [17:39:54.356] [bbotk] Result of batch 3:
INFO  [17:39:54.357] [bbotk]  nrounds        eta max_depth classif.ce warnings errors runtime_learners
INFO  [17:39:54.357] [bbotk]      268 0.04014785         5 0.01750845        0      0            0.531
INFO  [17:39:54.357] [bbotk]                                 uhash
INFO  [17:39:54.357] [bbotk]  1c6dc392-cf0c-498f-b3ed-226662c33216
INFO  [17:39:54.360] [bbotk] Evaluating 1 configuration(s)
INFO  [17:39:54.507] [bbotk] Result of batch 4:
INFO  [17:39:54.508] [bbotk]  nrounds        eta max_depth classif.ce warnings errors runtime_learners
INFO  [17:39:54.508] [bbotk]       74 0.02121848         4  0.0223893        0      0            0.125
INFO  [17:39:54.508] [bbotk]                                 uhash
INFO  [17:39:54.508] [bbotk]  3ba184d9-fe32-4217-99b4-8b5e8321a210
INFO  [17:39:54.512] [bbotk] Evaluating 1 configuration(s)
INFO  [17:39:54.690] [bbotk] Result of batch 5:
INFO  [17:39:54.691] [bbotk]  nrounds       eta max_depth classif.ce warnings errors runtime_learners
INFO  [17:39:54.691] [bbotk]      120 0.2630317         3 0.01722233        0      0            0.155
INFO  [17:39:54.691] [bbotk]                                 uhash
INFO  [17:39:54.691] [bbotk]  7bbab00b-63aa-40cd-8451-cdaf107b28b2
INFO  [17:39:54.695] [bbotk] Evaluating 1 configuration(s)
INFO  [17:39:54.955] [bbotk] Result of batch 6:
INFO  [17:39:54.956] [bbotk]  nrounds       eta max_depth classif.ce warnings errors runtime_learners
INFO  [17:39:54.956] [bbotk]      186 0.1300096         3 0.01722159        0      0            0.235
INFO  [17:39:54.956] [bbotk]                                 uhash
INFO  [17:39:54.956] [bbotk]  c64c61a2-737d-46cf-90df-aebc160b8c0d
INFO  [17:39:54.959] [bbotk] Evaluating 1 configuration(s)
INFO  [17:39:55.157] [bbotk] Result of batch 7:
INFO  [17:39:55.158] [bbotk]  nrounds       eta max_depth classif.ce warnings errors runtime_learners
INFO  [17:39:55.158] [bbotk]      106 0.2945371         4 0.01664811        0      0            0.172
INFO  [17:39:55.158] [bbotk]                                 uhash
INFO  [17:39:55.158] [bbotk]  52f7f39a-69ed-47dd-be46-cb4fa1cc8c2d
INFO  [17:39:55.162] [bbotk] Evaluating 1 configuration(s)
INFO  [17:39:55.533] [bbotk] Result of batch 8:
INFO  [17:39:55.534] [bbotk]  nrounds       eta max_depth classif.ce warnings errors runtime_learners
INFO  [17:39:55.534] [bbotk]      240 0.2101143         4 0.01664786        0      0            0.346
INFO  [17:39:55.534] [bbotk]                                 uhash
INFO  [17:39:55.534] [bbotk]  2b08f41a-b213-43fc-a419-6a3eb2aa3ef5
INFO  [17:39:55.538] [bbotk] Evaluating 1 configuration(s)
INFO  [17:39:55.724] [bbotk] Result of batch 9:
INFO  [17:39:55.725] [bbotk]  nrounds       eta max_depth classif.ce warnings errors runtime_learners
INFO  [17:39:55.725] [bbotk]       78 0.2408027         5 0.01664786        0      0            0.163
INFO  [17:39:55.725] [bbotk]                                 uhash
INFO  [17:39:55.725] [bbotk]  9aab25eb-73fa-428e-b7e7-ee651b29b6f0
INFO  [17:39:55.728] [bbotk] Evaluating 1 configuration(s)
INFO  [17:39:56.253] [bbotk] Result of batch 10:
INFO  [17:39:56.253] [bbotk]  nrounds      eta max_depth classif.ce warnings errors runtime_learners
INFO  [17:39:56.253] [bbotk]      260 0.080624         9 0.01722159        0      0            0.498
INFO  [17:39:56.253] [bbotk]                                 uhash
INFO  [17:39:56.253] [bbotk]  ab0b53cb-be56-4aee-8342-42cdc79ad9a9
INFO  [17:39:56.261] [bbotk] Finished optimizing after 10 evaluation(s)
INFO  [17:39:56.261] [bbotk] Result:
INFO  [17:39:56.261] [bbotk]  nrounds       eta max_depth learner_param_vals  x_domain classif.ce
INFO  [17:39:56.261] [bbotk]    <int>     <num>     <int>             <list>    <list>      <num>
INFO  [17:39:56.261] [bbotk]      240 0.2101143         4          <list[5]> <list[3]> 0.01664786
INFO  [17:39:56.467] [bbotk] Starting to optimize 3 parameter(s) with '<OptimizerBatchRandomSearch>' and '<TerminatorEvals> [n_evals=10, k=0]'
INFO  [17:39:56.476] [bbotk] Evaluating 1 configuration(s)
INFO  [17:39:56.798] [bbotk] Result of batch 1:
INFO  [17:39:56.799] [bbotk]  nrounds       eta max_depth classif.ce warnings errors runtime_learners
INFO  [17:39:56.799] [bbotk]      199 0.2780535         9 0.01607266        0      0            0.298
INFO  [17:39:56.799] [bbotk]                                 uhash
INFO  [17:39:56.799] [bbotk]  6ac6f823-d1d4-4316-aa20-ac0d42167188
INFO  [17:39:56.802] [bbotk] Evaluating 1 configuration(s)
INFO  [17:39:56.954] [bbotk] Result of batch 2:
INFO  [17:39:56.955] [bbotk]  nrounds        eta max_depth classif.ce warnings errors runtime_learners
INFO  [17:39:56.955] [bbotk]       77 0.02188787         4  0.0218131        0      0            0.128
INFO  [17:39:56.955] [bbotk]                                 uhash
INFO  [17:39:56.955] [bbotk]  0fcfa130-47d9-4278-b52c-86ab44b82dac
INFO  [17:39:56.958] [bbotk] Evaluating 1 configuration(s)
INFO  [17:39:57.173] [bbotk] Result of batch 3:
INFO  [17:39:57.174] [bbotk]  nrounds       eta max_depth classif.ce warnings errors runtime_learners
INFO  [17:39:57.174] [bbotk]      115 0.2403422         4 0.01722085        0      0            0.192
INFO  [17:39:57.174] [bbotk]                                 uhash
INFO  [17:39:57.174] [bbotk]  30a175fe-b704-48b4-8930-b2ad46f36c31
INFO  [17:39:57.177] [bbotk] Evaluating 1 configuration(s)
INFO  [17:39:57.561] [bbotk] Result of batch 4:
INFO  [17:39:57.562] [bbotk]  nrounds       eta max_depth classif.ce warnings errors runtime_learners
INFO  [17:39:57.562] [bbotk]      230 0.1955647        10  0.0172201        0      0             0.36
INFO  [17:39:57.562] [bbotk]                                 uhash
INFO  [17:39:57.562] [bbotk]  d808644f-403b-45bb-baff-65e14d03c0ae
INFO  [17:39:57.566] [bbotk] Evaluating 1 configuration(s)
INFO  [17:39:58.188] [bbotk] Result of batch 5:
INFO  [17:39:58.189] [bbotk]  nrounds        eta max_depth classif.ce warnings errors runtime_learners
INFO  [17:39:58.189] [bbotk]      289 0.05711846         7 0.01808193        0      0            0.597
INFO  [17:39:58.189] [bbotk]                                 uhash
INFO  [17:39:58.189] [bbotk]  66df0c92-4be5-4157-b410-2773da6aa122
INFO  [17:39:58.192] [bbotk] Evaluating 1 configuration(s)
INFO  [17:39:58.394] [bbotk] Result of batch 6:
INFO  [17:39:58.394] [bbotk]  nrounds       eta max_depth classif.ce warnings errors runtime_learners
INFO  [17:39:58.394] [bbotk]      138 0.2589861         3  0.0172206        0      0            0.178
INFO  [17:39:58.394] [bbotk]                                 uhash
INFO  [17:39:58.394] [bbotk]  435249f4-e1c0-43ac-abfe-d7110c928bff
INFO  [17:39:58.398] [bbotk] Evaluating 1 configuration(s)
INFO  [17:39:58.720] [bbotk] Result of batch 7:
INFO  [17:39:58.721] [bbotk]  nrounds       eta max_depth classif.ce warnings errors runtime_learners
INFO  [17:39:58.721] [bbotk]      201 0.2542327         5   0.016933        0      0            0.299
INFO  [17:39:58.721] [bbotk]                                 uhash
INFO  [17:39:58.721] [bbotk]  c37bb157-083c-4dcd-9442-39029cb0d937
INFO  [17:39:58.724] [bbotk] Evaluating 1 configuration(s)
INFO  [17:39:59.197] [bbotk] Result of batch 8:
INFO  [17:39:59.198] [bbotk]  nrounds       eta max_depth classif.ce warnings errors runtime_learners
INFO  [17:39:59.198] [bbotk]      260 0.1248219         8 0.01750721        0      0            0.449
INFO  [17:39:59.198] [bbotk]                                 uhash
INFO  [17:39:59.198] [bbotk]  94ef777a-9ef4-4835-858d-e791041256f8
INFO  [17:39:59.201] [bbotk] Evaluating 1 configuration(s)
INFO  [17:39:59.467] [bbotk] Result of batch 9:
INFO  [17:39:59.468] [bbotk]  nrounds       eta max_depth classif.ce warnings errors runtime_learners
INFO  [17:39:59.468] [bbotk]      158 0.2937093         5 0.01664638        0      0            0.241
INFO  [17:39:59.468] [bbotk]                                 uhash
INFO  [17:39:59.468] [bbotk]  6041e04f-8ecc-4398-87f5-68ed3fd8dd7b
INFO  [17:39:59.471] [bbotk] Evaluating 1 configuration(s)
INFO  [17:39:59.819] [bbotk] Result of batch 10:
INFO  [17:39:59.820] [bbotk]  nrounds       eta max_depth classif.ce warnings errors runtime_learners
INFO  [17:39:59.820] [bbotk]      192 0.1720771         5 0.01664638        0      0            0.324
INFO  [17:39:59.820] [bbotk]                                 uhash
INFO  [17:39:59.820] [bbotk]  c6f2f473-7c94-4d4b-a236-65d6713fb237
INFO  [17:39:59.828] [bbotk] Finished optimizing after 10 evaluation(s)
INFO  [17:39:59.828] [bbotk] Result:
INFO  [17:39:59.829] [bbotk]  nrounds       eta max_depth learner_param_vals  x_domain classif.ce
INFO  [17:39:59.829] [bbotk]    <int>     <num>     <int>             <list>    <list>      <num>
INFO  [17:39:59.829] [bbotk]      199 0.2780535         9          <list[5]> <list[3]> 0.01607266
INFO  [17:40:00.031] [bbotk] Starting to optimize 3 parameter(s) with '<OptimizerBatchRandomSearch>' and '<TerminatorEvals> [n_evals=10, k=0]'
INFO  [17:40:00.040] [bbotk] Evaluating 1 configuration(s)
INFO  [17:40:00.389] [bbotk] Result of batch 1:
INFO  [17:40:00.390] [bbotk]  nrounds       eta max_depth classif.ce warnings errors runtime_learners
INFO  [17:40:00.390] [bbotk]      171 0.1521891         6 0.01693646        0      0            0.326
INFO  [17:40:00.390] [bbotk]                                 uhash
INFO  [17:40:00.390] [bbotk]  a85084d4-7fe8-4a94-9bd5-685586dd360b
INFO  [17:40:00.394] [bbotk] Evaluating 1 configuration(s)
INFO  [17:40:00.726] [bbotk] Result of batch 2:
INFO  [17:40:00.727] [bbotk]  nrounds       eta max_depth classif.ce warnings errors runtime_learners
INFO  [17:40:00.727] [bbotk]      168 0.1594155         5 0.01578851        0      0            0.311
INFO  [17:40:00.727] [bbotk]                                 uhash
INFO  [17:40:00.727] [bbotk]  02d4c361-e292-44eb-a342-b82d58b05a69
INFO  [17:40:00.731] [bbotk] Evaluating 1 configuration(s)
INFO  [17:40:01.018] [bbotk] Result of batch 3:
INFO  [17:40:01.019] [bbotk]  nrounds       eta max_depth classif.ce warnings errors runtime_learners
INFO  [17:40:01.019] [bbotk]      147 0.2275471         6 0.01722356        0      0            0.262
INFO  [17:40:01.019] [bbotk]                                 uhash
INFO  [17:40:01.019] [bbotk]  9348fb71-3767-46a6-af08-18360a2b144b
INFO  [17:40:01.022] [bbotk] Evaluating 1 configuration(s)
INFO  [17:40:01.714] [bbotk] Result of batch 4:
INFO  [17:40:01.715] [bbotk]  nrounds        eta max_depth classif.ce warnings errors runtime_learners
INFO  [17:40:01.715] [bbotk]      291 0.04231704         7 0.01751092        0      0            0.665
INFO  [17:40:01.715] [bbotk]                                 uhash
INFO  [17:40:01.715] [bbotk]  6bc20ee0-1b3f-4ac2-a41d-611a6d06f0b1
INFO  [17:40:01.718] [bbotk] Evaluating 1 configuration(s)
INFO  [17:40:01.970] [bbotk] Result of batch 5:
INFO  [17:40:01.971] [bbotk]  nrounds       eta max_depth classif.ce warnings errors runtime_learners
INFO  [17:40:01.971] [bbotk]      109 0.1910541         6 0.01607513        0      0            0.227
INFO  [17:40:01.971] [bbotk]                                 uhash
INFO  [17:40:01.971] [bbotk]  979da5f4-4c28-45d2-ac46-ec136bf85c88
INFO  [17:40:01.974] [bbotk] Evaluating 1 configuration(s)
INFO  [17:40:02.242] [bbotk] Result of batch 6:
INFO  [17:40:02.243] [bbotk]  nrounds        eta max_depth classif.ce warnings errors runtime_learners
INFO  [17:40:02.243] [bbotk]      117 0.01776305         6 0.02066862        0      0            0.243
INFO  [17:40:02.243] [bbotk]                                 uhash
INFO  [17:40:02.243] [bbotk]  9254e589-462d-497e-aad7-69c528d94cc9
INFO  [17:40:02.246] [bbotk] Evaluating 1 configuration(s)
INFO  [17:40:02.391] [bbotk] Result of batch 7:
INFO  [17:40:02.391] [bbotk]  nrounds        eta max_depth classif.ce warnings errors runtime_learners
INFO  [17:40:02.391] [bbotk]      130 0.01828483         2 0.03185845        0      0            0.121
INFO  [17:40:02.391] [bbotk]                                 uhash
INFO  [17:40:02.391] [bbotk]  654cf4b1-3fd4-4d5c-bccd-64e5ebf85eb7
INFO  [17:40:02.395] [bbotk] Evaluating 1 configuration(s)
INFO  [17:40:02.848] [bbotk] Result of batch 8:
INFO  [17:40:02.848] [bbotk]  nrounds       eta max_depth classif.ce warnings errors runtime_learners
INFO  [17:40:02.848] [bbotk]      261 0.1549485         5 0.01693596        0      0            0.428
INFO  [17:40:02.848] [bbotk]                                 uhash
INFO  [17:40:02.848] [bbotk]  cba239b3-7cd5-4645-9ae2-5340c4e6a862
INFO  [17:40:02.852] [bbotk] Evaluating 1 configuration(s)
INFO  [17:40:03.137] [bbotk] Result of batch 9:
INFO  [17:40:03.138] [bbotk]  nrounds       eta max_depth classif.ce warnings errors runtime_learners
INFO  [17:40:03.138] [bbotk]      176 0.2869036         4 0.01722307        0      0            0.261
INFO  [17:40:03.138] [bbotk]                                 uhash
INFO  [17:40:03.138] [bbotk]  8997b26d-f2e2-47b9-b62f-381a56927fb6
INFO  [17:40:03.142] [bbotk] Evaluating 1 configuration(s)
INFO  [17:40:03.387] [bbotk] Result of batch 10:
INFO  [17:40:03.388] [bbotk]  nrounds       eta max_depth classif.ce warnings errors runtime_learners
INFO  [17:40:03.388] [bbotk]      119 0.2657768        10 0.01550165        0      0            0.223
INFO  [17:40:03.388] [bbotk]                                 uhash
INFO  [17:40:03.388] [bbotk]  910e2408-27d1-4cdb-96f4-3fc75b836169
INFO  [17:40:03.396] [bbotk] Finished optimizing after 10 evaluation(s)
INFO  [17:40:03.396] [bbotk] Result:
INFO  [17:40:03.397] [bbotk]  nrounds       eta max_depth learner_param_vals  x_domain classif.ce
INFO  [17:40:03.397] [bbotk]    <int>     <num>     <int>             <list>    <list>      <num>
INFO  [17:40:03.397] [bbotk]      119 0.2657768        10          <list[5]> <list[3]> 0.01550165
INFO  [17:40:03.549] [bbotk] Starting to optimize 3 parameter(s) with '<OptimizerBatchRandomSearch>' and '<TerminatorEvals> [n_evals=10, k=0]'
INFO  [17:40:03.557] [bbotk] Evaluating 1 configuration(s)
INFO  [17:40:03.982] [bbotk] Result of batch 1:
INFO  [17:40:03.983] [bbotk]  nrounds        eta max_depth classif.ce warnings errors runtime_learners
INFO  [17:40:03.983] [bbotk]      241 0.07662711         4 0.01722258        0      0            0.402
INFO  [17:40:03.983] [bbotk]                                 uhash
INFO  [17:40:03.983] [bbotk]  c6e1e660-8fbf-4cb3-b22b-7987972098d3
INFO  [17:40:03.986] [bbotk] Evaluating 1 configuration(s)
INFO  [17:40:04.279] [bbotk] Result of batch 2:
INFO  [17:40:04.280] [bbotk]  nrounds       eta max_depth classif.ce warnings errors runtime_learners
INFO  [17:40:04.280] [bbotk]      163 0.2725305         5 0.01750968        0      0            0.264
INFO  [17:40:04.280] [bbotk]                                 uhash
INFO  [17:40:04.280] [bbotk]  f5f48157-0cf2-4631-95c0-32a4bb6ad6ff
INFO  [17:40:04.284] [bbotk] Evaluating 1 configuration(s)
INFO  [17:40:04.535] [bbotk] Result of batch 3:
INFO  [17:40:04.536] [bbotk]  nrounds       eta max_depth classif.ce warnings errors runtime_learners
INFO  [17:40:04.536] [bbotk]      107 0.1831609        10 0.01636174        0      0            0.227
INFO  [17:40:04.536] [bbotk]                                 uhash
INFO  [17:40:04.536] [bbotk]  789557fc-55e8-4b94-b69b-14a8495ff194
INFO  [17:40:04.539] [bbotk] Evaluating 1 configuration(s)
INFO  [17:40:04.798] [bbotk] Result of batch 4:
INFO  [17:40:04.799] [bbotk]  nrounds       eta max_depth classif.ce warnings errors runtime_learners
INFO  [17:40:04.799] [bbotk]      137 0.2840669         8 0.01664885        0      0            0.236
INFO  [17:40:04.799] [bbotk]                                 uhash
INFO  [17:40:04.799] [bbotk]  ff200214-3005-435d-8e29-786424877f20
INFO  [17:40:04.802] [bbotk] Evaluating 1 configuration(s)
INFO  [17:40:04.949] [bbotk] Result of batch 5:
INFO  [17:40:04.950] [bbotk]  nrounds        eta max_depth classif.ce warnings errors runtime_learners
INFO  [17:40:04.950] [bbotk]       60 0.03502773         5 0.01865812        0      0            0.125
INFO  [17:40:04.950] [bbotk]                                 uhash
INFO  [17:40:04.950] [bbotk]  923ad383-5dd6-4df4-a605-d794269b61bf
INFO  [17:40:04.954] [bbotk] Evaluating 1 configuration(s)
INFO  [17:40:05.224] [bbotk] Result of batch 6:
INFO  [17:40:05.225] [bbotk]  nrounds       eta max_depth classif.ce warnings errors runtime_learners
INFO  [17:40:05.225] [bbotk]      163 0.2871698         4 0.01779704        0      0            0.247
INFO  [17:40:05.225] [bbotk]                                 uhash
INFO  [17:40:05.225] [bbotk]  ffa57728-c4d2-404b-af4e-47bf6ea88e31
INFO  [17:40:05.228] [bbotk] Evaluating 1 configuration(s)
INFO  [17:40:05.664] [bbotk] Result of batch 7:
INFO  [17:40:05.665] [bbotk]  nrounds       eta max_depth classif.ce warnings errors runtime_learners
INFO  [17:40:05.665] [bbotk]      244 0.1508643         5 0.01750993        0      0            0.411
INFO  [17:40:05.665] [bbotk]                                 uhash
INFO  [17:40:05.665] [bbotk]  01e0386a-4051-4645-b9a5-fa04b7d060cb
INFO  [17:40:05.670] [bbotk] Evaluating 1 configuration(s)
INFO  [17:40:06.006] [bbotk] Result of batch 8:
INFO  [17:40:06.007] [bbotk]  nrounds       eta max_depth classif.ce warnings errors runtime_learners
INFO  [17:40:06.007] [bbotk]      237 0.0652241         3 0.01722282        0      0            0.313
INFO  [17:40:06.007] [bbotk]                                 uhash
INFO  [17:40:06.007] [bbotk]  89e24f48-b1e3-4b6c-962c-c7d075d033c5
INFO  [17:40:06.011] [bbotk] Evaluating 1 configuration(s)
INFO  [17:40:06.168] [bbotk] Result of batch 9:
INFO  [17:40:06.169] [bbotk]  nrounds       eta max_depth classif.ce warnings errors runtime_learners
INFO  [17:40:06.169] [bbotk]       50 0.2203185         9 0.01722233        0      0            0.131
INFO  [17:40:06.169] [bbotk]                                 uhash
INFO  [17:40:06.169] [bbotk]  24eede36-802e-430b-a447-3e81dff725ca
INFO  [17:40:06.173] [bbotk] Evaluating 1 configuration(s)
INFO  [17:40:06.396] [bbotk] Result of batch 10:
INFO  [17:40:06.397] [bbotk]  nrounds       eta max_depth classif.ce warnings errors runtime_learners
INFO  [17:40:06.397] [bbotk]      122 0.2461552         4 0.01664836        0      0              0.2
INFO  [17:40:06.397] [bbotk]                                 uhash
INFO  [17:40:06.397] [bbotk]  db777416-8a56-4d03-9f89-43e8a9e1a5d8
INFO  [17:40:06.404] [bbotk] Finished optimizing after 10 evaluation(s)
INFO  [17:40:06.404] [bbotk] Result:
INFO  [17:40:06.405] [bbotk]  nrounds       eta max_depth learner_param_vals  x_domain classif.ce
INFO  [17:40:06.405] [bbotk]    <int>     <num>     <int>             <list>    <list>      <num>
INFO  [17:40:06.405] [bbotk]      107 0.1831609        10          <list[5]> <list[3]> 0.01636174

### [bt]: Job terminated successfully [batchtools job.id=3839]
### [bt]: Starting job [batchtools job.id=3840]
### [bt]: Generating problem instance for problem '01ea4b20a58e68c2' ...
### [bt]: Applying algorithm 'run_learner' on problem '01ea4b20a58e68c2' for job 3840 (seed = 3841) ...
INFO  [17:40:06.617] [mlr3] Applying learner 'classif.xgboost.tuned_calib.perfold_isotonic' on task 'wilt' (iter 10/10)
INFO  [17:40:06.644] [bbotk] Starting to optimize 3 parameter(s) with '<OptimizerBatchRandomSearch>' and '<TerminatorEvals> [n_evals=10, k=0]'
INFO  [17:40:06.653] [bbotk] Evaluating 1 configuration(s)
INFO  [17:40:06.858] [bbotk] Result of batch 1:
INFO  [17:40:06.858] [bbotk]  nrounds       eta max_depth classif.ce warnings errors runtime_learners
INFO  [17:40:06.858] [bbotk]      205 0.2144905         2 0.01922987        0      0            0.182
INFO  [17:40:06.858] [bbotk]                                 uhash
INFO  [17:40:06.858] [bbotk]  7a4e2647-5c7e-40a9-a39a-afc34ba5383e
INFO  [17:40:06.862] [bbotk] Evaluating 1 configuration(s)
INFO  [17:40:07.047] [bbotk] Result of batch 2:
INFO  [17:40:07.047] [bbotk]  nrounds       eta max_depth classif.ce warnings errors runtime_learners
INFO  [17:40:07.047] [bbotk]       96 0.2862893         4 0.01894325        0      0            0.161
INFO  [17:40:07.047] [bbotk]                                 uhash
INFO  [17:40:07.047] [bbotk]  c86d80a9-1ac0-46b6-9a1b-9f821d1553f1
INFO  [17:40:07.051] [bbotk] Evaluating 1 configuration(s)
INFO  [17:40:07.263] [bbotk] Result of batch 3:
INFO  [17:40:07.264] [bbotk]  nrounds       eta max_depth classif.ce warnings errors runtime_learners
INFO  [17:40:07.264] [bbotk]       88 0.2472117         7 0.01779556        0      0            0.181
INFO  [17:40:07.264] [bbotk]                                 uhash
INFO  [17:40:07.264] [bbotk]  c7aa172c-f5fe-4bed-a684-e00b32609725
INFO  [17:40:07.268] [bbotk] Evaluating 1 configuration(s)
INFO  [17:40:07.425] [bbotk] Result of batch 4:
INFO  [17:40:07.426] [bbotk]  nrounds       eta max_depth classif.ce warnings errors runtime_learners
INFO  [17:40:07.426] [bbotk]       52 0.1467861         9 0.01607315        0      0            0.134
INFO  [17:40:07.426] [bbotk]                                 uhash
INFO  [17:40:07.426] [bbotk]  e3c87f17-ed4d-460f-843c-63771e637969
INFO  [17:40:07.429] [bbotk] Evaluating 1 configuration(s)
INFO  [17:40:07.799] [bbotk] Result of batch 5:
INFO  [17:40:07.800] [bbotk]  nrounds       eta max_depth classif.ce warnings errors runtime_learners
INFO  [17:40:07.800] [bbotk]      238 0.2692697         7 0.01779482        0      0            0.346
INFO  [17:40:07.800] [bbotk]                                 uhash
INFO  [17:40:07.800] [bbotk]  d38d272b-d2cd-4c7b-b274-bbd50c6e430c
INFO  [17:40:07.804] [bbotk] Evaluating 1 configuration(s)
INFO  [17:40:08.238] [bbotk] Result of batch 6:
INFO  [17:40:08.239] [bbotk]  nrounds       eta max_depth classif.ce warnings errors runtime_learners
INFO  [17:40:08.239] [bbotk]      274 0.1983665         6  0.0189435        0      0            0.408
INFO  [17:40:08.239] [bbotk]                                 uhash
INFO  [17:40:08.239] [bbotk]  a39f2264-bdcc-4503-8354-4c37346c8453
INFO  [17:40:08.243] [bbotk] Evaluating 1 configuration(s)
INFO  [17:40:08.500] [bbotk] Result of batch 7:
INFO  [17:40:08.500] [bbotk]  nrounds        eta max_depth classif.ce warnings errors runtime_learners
INFO  [17:40:08.500] [bbotk]      111 0.05225001         5  0.0175082        0      0            0.231
INFO  [17:40:08.500] [bbotk]                                 uhash
INFO  [17:40:08.500] [bbotk]  216badc2-1166-4be7-8c97-76684cce2896
INFO  [17:40:08.504] [bbotk] Evaluating 1 configuration(s)
INFO  [17:40:08.795] [bbotk] Result of batch 8:
INFO  [17:40:08.796] [bbotk]  nrounds       eta max_depth classif.ce warnings errors runtime_learners
INFO  [17:40:08.796] [bbotk]      296 0.1691813         2 0.01865614        0      0            0.263
INFO  [17:40:08.796] [bbotk]                                 uhash
INFO  [17:40:08.796] [bbotk]  e8aec075-918f-4ba1-b6d2-0bec54421079
INFO  [17:40:08.800] [bbotk] Evaluating 1 configuration(s)
INFO  [17:40:09.221] [bbotk] Result of batch 9:
INFO  [17:40:09.222] [bbotk]  nrounds       eta max_depth classif.ce warnings errors runtime_learners
INFO  [17:40:09.222] [bbotk]      295 0.2591307         5 0.01923036        0      0            0.397
INFO  [17:40:09.222] [bbotk]                                 uhash
INFO  [17:40:09.222] [bbotk]  33f66154-e9e5-4c15-87f5-8ec1e18d413e
INFO  [17:40:09.231] [bbotk] Evaluating 1 configuration(s)
INFO  [17:40:09.521] [bbotk] Result of batch 10:
INFO  [17:40:09.521] [bbotk]  nrounds       eta max_depth classif.ce warnings errors runtime_learners
INFO  [17:40:09.521] [bbotk]      124 0.1432448         7 0.01836953        0      0            0.266
INFO  [17:40:09.521] [bbotk]                                 uhash
INFO  [17:40:09.521] [bbotk]  6b92caab-a696-41f5-8f10-2f7f0462ddc8
INFO  [17:40:09.529] [bbotk] Finished optimizing after 10 evaluation(s)
INFO  [17:40:09.529] [bbotk] Result:
INFO  [17:40:09.529] [bbotk]  nrounds       eta max_depth learner_param_vals  x_domain classif.ce
INFO  [17:40:09.529] [bbotk]    <int>     <num>     <int>             <list>    <list>      <num>
INFO  [17:40:09.529] [bbotk]       52 0.1467861         9          <list[5]> <list[3]> 0.01607315
INFO  [17:40:09.634] [bbotk] Starting to optimize 3 parameter(s) with '<OptimizerBatchRandomSearch>' and '<TerminatorEvals> [n_evals=10, k=0]'
INFO  [17:40:09.644] [bbotk] Evaluating 1 configuration(s)
INFO  [17:40:09.925] [bbotk] Result of batch 1:
INFO  [17:40:09.926] [bbotk]  nrounds       eta max_depth classif.ce warnings errors runtime_learners
INFO  [17:40:09.926] [bbotk]      104 0.1019194        10 0.01836459        0      0            0.255
INFO  [17:40:09.926] [bbotk]                                 uhash
INFO  [17:40:09.926] [bbotk]  ddded632-6f28-4e51-b232-a2a74a06f68a
INFO  [17:40:09.930] [bbotk] Evaluating 1 configuration(s)
INFO  [17:40:10.234] [bbotk] Result of batch 2:
INFO  [17:40:10.235] [bbotk]  nrounds       eta max_depth classif.ce warnings errors runtime_learners
INFO  [17:40:10.235] [bbotk]      184 0.2799272         6  0.0189388        0      0            0.282
INFO  [17:40:10.235] [bbotk]                                 uhash
INFO  [17:40:10.235] [bbotk]  3c600528-fd0b-45cb-8d8a-d95c7ba50a04
INFO  [17:40:10.239] [bbotk] Evaluating 1 configuration(s)
INFO  [17:40:10.631] [bbotk] Result of batch 3:
INFO  [17:40:10.632] [bbotk]  nrounds       eta max_depth classif.ce warnings errors runtime_learners
INFO  [17:40:10.632] [bbotk]      182 0.0979225         6   0.017504        0      0            0.367
INFO  [17:40:10.632] [bbotk]                                 uhash
INFO  [17:40:10.632] [bbotk]  85310e46-2b2c-4266-9c21-b91817db72f1
INFO  [17:40:10.635] [bbotk] Evaluating 1 configuration(s)
INFO  [17:40:10.842] [bbotk] Result of batch 4:
INFO  [17:40:10.843] [bbotk]  nrounds       eta max_depth classif.ce warnings errors runtime_learners
INFO  [17:40:10.843] [bbotk]       92 0.2127239         5 0.01893856        0      0            0.183
INFO  [17:40:10.843] [bbotk]                                 uhash
INFO  [17:40:10.843] [bbotk]  c36247f0-86f0-4fc0-86c3-92464ce83348
INFO  [17:40:10.848] [bbotk] Evaluating 1 configuration(s)
INFO  [17:40:11.138] [bbotk] Result of batch 5:
INFO  [17:40:11.139] [bbotk]  nrounds       eta max_depth classif.ce warnings errors runtime_learners
INFO  [17:40:11.139] [bbotk]      145 0.2253183         6   0.017504        0      0            0.257
INFO  [17:40:11.139] [bbotk]                                 uhash
INFO  [17:40:11.139] [bbotk]  aab013a5-3e32-4a8d-b32d-1bfa60d0b8e3
INFO  [17:40:11.142] [bbotk] Evaluating 1 configuration(s)
INFO  [17:40:11.547] [bbotk] Result of batch 6:
INFO  [17:40:11.547] [bbotk]  nrounds       eta max_depth classif.ce warnings errors runtime_learners
INFO  [17:40:11.547] [bbotk]      297 0.2816605        10 0.01721689        0      0            0.381
INFO  [17:40:11.547] [bbotk]                                 uhash
INFO  [17:40:11.547] [bbotk]  9eb37d21-5efc-46f5-90cb-37e6a2d6afb7
INFO  [17:40:11.551] [bbotk] Evaluating 1 configuration(s)
INFO  [17:40:11.901] [bbotk] Result of batch 7:
INFO  [17:40:11.902] [bbotk]  nrounds        eta max_depth classif.ce warnings errors runtime_learners
INFO  [17:40:11.902] [bbotk]      148 0.09614336         9 0.01807772        0      0            0.326
INFO  [17:40:11.902] [bbotk]                                 uhash
INFO  [17:40:11.902] [bbotk]  9d43b6c0-1b9b-4bc6-a3ea-494141f7cb35
INFO  [17:40:11.906] [bbotk] Evaluating 1 configuration(s)
INFO  [17:40:12.335] [bbotk] Result of batch 8:
INFO  [17:40:12.336] [bbotk]  nrounds       eta max_depth classif.ce warnings errors runtime_learners
INFO  [17:40:12.336] [bbotk]      236 0.1468391         8 0.01865219        0      0            0.404
INFO  [17:40:12.336] [bbotk]                                 uhash
INFO  [17:40:12.336] [bbotk]  76950e90-6529-4c78-8f71-e0a8f061edf9
INFO  [17:40:12.339] [bbotk] Evaluating 1 configuration(s)
INFO  [17:40:12.714] [bbotk] Result of batch 9:
INFO  [17:40:12.715] [bbotk]  nrounds       eta max_depth classif.ce warnings errors runtime_learners
INFO  [17:40:12.715] [bbotk]      255 0.2741173         6 0.01865194        0      0             0.35
INFO  [17:40:12.715] [bbotk]                                 uhash
INFO  [17:40:12.715] [bbotk]  205244cc-5832-4303-9b50-342c58e9d8b1
INFO  [17:40:12.719] [bbotk] Evaluating 1 configuration(s)
INFO  [17:40:13.196] [bbotk] Result of batch 10:
INFO  [17:40:13.197] [bbotk]  nrounds       eta max_depth classif.ce warnings errors runtime_learners
INFO  [17:40:13.197] [bbotk]      239 0.1081809         8 0.01807822        0      0            0.453
INFO  [17:40:13.197] [bbotk]                                 uhash
INFO  [17:40:13.197] [bbotk]  408dcdd5-568b-4d8d-bb2d-f3c5fe47530f
INFO  [17:40:13.204] [bbotk] Finished optimizing after 10 evaluation(s)
INFO  [17:40:13.205] [bbotk] Result:
INFO  [17:40:13.205] [bbotk]  nrounds       eta max_depth learner_param_vals  x_domain classif.ce
INFO  [17:40:13.205] [bbotk]    <int>     <num>     <int>             <list>    <list>      <num>
INFO  [17:40:13.205] [bbotk]      297 0.2816605        10          <list[5]> <list[3]> 0.01721689
INFO  [17:40:13.451] [bbotk] Starting to optimize 3 parameter(s) with '<OptimizerBatchRandomSearch>' and '<TerminatorEvals> [n_evals=10, k=0]'
INFO  [17:40:13.466] [bbotk] Evaluating 1 configuration(s)
INFO  [17:40:13.641] [bbotk] Result of batch 1:
INFO  [17:40:13.642] [bbotk]  nrounds      eta max_depth classif.ce warnings errors runtime_learners
INFO  [17:40:13.642] [bbotk]      116 0.200918         3 0.01836459        0      0            0.151
INFO  [17:40:13.642] [bbotk]                                 uhash
INFO  [17:40:13.642] [bbotk]  2f4061e6-f17c-4c4b-80d0-0d267c4b0441
INFO  [17:40:13.645] [bbotk] Evaluating 1 configuration(s)
INFO  [17:40:14.263] [bbotk] Result of batch 2:
INFO  [17:40:14.264] [bbotk]  nrounds        eta max_depth classif.ce warnings errors runtime_learners
INFO  [17:40:14.264] [bbotk]      287 0.04630212         7 0.01750375        0      0            0.593
INFO  [17:40:14.264] [bbotk]                                 uhash
INFO  [17:40:14.264] [bbotk]  330c49e3-d485-4c06-8d6f-46e99c3d6a45
INFO  [17:40:14.267] [bbotk] Evaluating 1 configuration(s)
INFO  [17:40:14.519] [bbotk] Result of batch 3:
INFO  [17:40:14.520] [bbotk]  nrounds        eta max_depth classif.ce warnings errors runtime_learners
INFO  [17:40:14.520] [bbotk]      247 0.04795043         2 0.01893732        0      0            0.226
INFO  [17:40:14.520] [bbotk]                                 uhash
INFO  [17:40:14.520] [bbotk]  b2a13e24-6b65-4243-a2c6-c1602c3c9996
INFO  [17:40:14.524] [bbotk] Evaluating 1 configuration(s)
INFO  [17:40:14.684] [bbotk] Result of batch 4:
INFO  [17:40:14.685] [bbotk]  nrounds        eta max_depth classif.ce warnings errors runtime_learners
INFO  [17:40:14.685] [bbotk]       65 0.01258622         6 0.02123246        0      0            0.136
INFO  [17:40:14.685] [bbotk]                                 uhash
INFO  [17:40:14.685] [bbotk]  2b0a4619-2283-4fb2-87d4-890cbbea279e
INFO  [17:40:14.689] [bbotk] Evaluating 1 configuration(s)
INFO  [17:40:14.997] [bbotk] Result of batch 5:
INFO  [17:40:14.997] [bbotk]  nrounds       eta max_depth classif.ce warnings errors runtime_learners
INFO  [17:40:14.997] [bbotk]      173 0.1906066         6 0.01779136        0      0            0.284
INFO  [17:40:14.997] [bbotk]                                 uhash
INFO  [17:40:14.997] [bbotk]  e8eb4bff-f0b4-46c2-85cd-427e4186094d
INFO  [17:40:15.001] [bbotk] Evaluating 1 configuration(s)
INFO  [17:40:15.245] [bbotk] Result of batch 6:
INFO  [17:40:15.246] [bbotk]  nrounds       eta max_depth classif.ce warnings errors runtime_learners
INFO  [17:40:15.246] [bbotk]      126 0.2118897         5 0.01836533        0      0            0.219
INFO  [17:40:15.246] [bbotk]                                 uhash
INFO  [17:40:15.246] [bbotk]  d64066b7-13a3-4844-96e9-5e25d22f5607
INFO  [17:40:15.250] [bbotk] Evaluating 1 configuration(s)
INFO  [17:40:15.483] [bbotk] Result of batch 7:
INFO  [17:40:15.484] [bbotk]  nrounds       eta max_depth classif.ce warnings errors runtime_learners
INFO  [17:40:15.484] [bbotk]       89 0.1344216         9  0.0186517        0      0            0.209
INFO  [17:40:15.484] [bbotk]                                 uhash
INFO  [17:40:15.484] [bbotk]  3b794cf2-f68c-44f9-b196-1290e1bebd6b
INFO  [17:40:15.488] [bbotk] Evaluating 1 configuration(s)
INFO  [17:40:15.647] [bbotk] Result of batch 8:
INFO  [17:40:15.648] [bbotk]  nrounds       eta max_depth classif.ce warnings errors runtime_learners
INFO  [17:40:15.648] [bbotk]       65 0.2766991         6 0.01836483        0      0            0.134
INFO  [17:40:15.648] [bbotk]                                 uhash
INFO  [17:40:15.648] [bbotk]  5f4b9891-0d4e-4c6d-97ee-2b5054ccce41
INFO  [17:40:15.651] [bbotk] Evaluating 1 configuration(s)
INFO  [17:40:15.871] [bbotk] Result of batch 9:
INFO  [17:40:15.872] [bbotk]  nrounds       eta max_depth classif.ce warnings errors runtime_learners
INFO  [17:40:15.872] [bbotk]      126 0.2729966         4 0.01836483        0      0            0.196
INFO  [17:40:15.872] [bbotk]                                 uhash
INFO  [17:40:15.872] [bbotk]  d460559d-89b8-464d-b3c3-6b42c55d4e20
INFO  [17:40:15.876] [bbotk] Evaluating 1 configuration(s)
INFO  [17:40:16.230] [bbotk] Result of batch 10:
INFO  [17:40:16.231] [bbotk]  nrounds       eta max_depth classif.ce warnings errors runtime_learners
INFO  [17:40:16.231] [bbotk]      224 0.2128811         5  0.0186517        0      0            0.328
INFO  [17:40:16.231] [bbotk]                                 uhash
INFO  [17:40:16.231] [bbotk]  82b4fcdf-c74c-4535-9321-d46b92582d94
INFO  [17:40:16.238] [bbotk] Finished optimizing after 10 evaluation(s)
INFO  [17:40:16.238] [bbotk] Result:
INFO  [17:40:16.239] [bbotk]  nrounds        eta max_depth learner_param_vals  x_domain classif.ce
INFO  [17:40:16.239] [bbotk]    <int>      <num>     <int>             <list>    <list>      <num>
INFO  [17:40:16.239] [bbotk]      287 0.04630212         7          <list[5]> <list[3]> 0.01750375
INFO  [17:40:16.591] [bbotk] Starting to optimize 3 parameter(s) with '<OptimizerBatchRandomSearch>' and '<TerminatorEvals> [n_evals=10, k=0]'
INFO  [17:40:16.601] [bbotk] Evaluating 1 configuration(s)
INFO  [17:40:16.876] [bbotk] Result of batch 1:
INFO  [17:40:16.877] [bbotk]  nrounds       eta max_depth classif.ce warnings errors runtime_learners
INFO  [17:40:16.877] [bbotk]      200 0.2289986         3  0.0177916        0      0             0.25
INFO  [17:40:16.877] [bbotk]                                 uhash
INFO  [17:40:16.877] [bbotk]  496ed36b-0744-4437-a19b-194368e08862
INFO  [17:40:16.880] [bbotk] Evaluating 1 configuration(s)
INFO  [17:40:17.436] [bbotk] Result of batch 2:
INFO  [17:40:17.437] [bbotk]  nrounds       eta max_depth classif.ce warnings errors runtime_learners
INFO  [17:40:17.437] [bbotk]      226 0.0195456         8 0.01807772        0      0            0.532
INFO  [17:40:17.437] [bbotk]                                 uhash
INFO  [17:40:17.437] [bbotk]  97e9ca32-6724-4b6d-bd56-2a907c30ba16
INFO  [17:40:17.523] [bbotk] Evaluating 1 configuration(s)
INFO  [17:40:17.724] [bbotk] Result of batch 3:
INFO  [17:40:17.725] [bbotk]  nrounds        eta max_depth classif.ce warnings errors runtime_learners
INFO  [17:40:17.725] [bbotk]      185 0.07006609         2 0.02008749        0      0            0.173
INFO  [17:40:17.725] [bbotk]                                 uhash
INFO  [17:40:17.725] [bbotk]  ca69d10d-a2fd-421c-9ac8-e3b9222df449
INFO  [17:40:17.729] [bbotk] Evaluating 1 configuration(s)
INFO  [17:40:18.124] [bbotk] Result of batch 4:
INFO  [17:40:18.125] [bbotk]  nrounds       eta max_depth classif.ce warnings errors runtime_learners
INFO  [17:40:18.125] [bbotk]      256 0.2575391         5 0.01865219        0      0            0.371
INFO  [17:40:18.125] [bbotk]                                 uhash
INFO  [17:40:18.125] [bbotk]  ccbd6dea-fe56-4674-96c2-804b1c59f193
INFO  [17:40:18.128] [bbotk] Evaluating 1 configuration(s)
INFO  [17:40:18.282] [bbotk] Result of batch 5:
INFO  [17:40:18.282] [bbotk]  nrounds       eta max_depth classif.ce warnings errors runtime_learners
INFO  [17:40:18.282] [bbotk]       72 0.2174657         4 0.01750375        0      0            0.129
INFO  [17:40:18.282] [bbotk]                                 uhash
INFO  [17:40:18.282] [bbotk]  b1d327df-be96-47f3-aad0-ec8a4ee8eb37
INFO  [17:40:18.286] [bbotk] Evaluating 1 configuration(s)
INFO  [17:40:18.583] [bbotk] Result of batch 6:
INFO  [17:40:18.584] [bbotk]  nrounds       eta max_depth classif.ce warnings errors runtime_learners
INFO  [17:40:18.584] [bbotk]      216 0.2201488         3  0.0175045        0      0            0.274
INFO  [17:40:18.584] [bbotk]                                 uhash
INFO  [17:40:18.584] [bbotk]  8f0a8f66-94a4-469e-a575-b6655d3dcaba
INFO  [17:40:18.588] [bbotk] Evaluating 1 configuration(s)
INFO  [17:40:19.004] [bbotk] Result of batch 7:
INFO  [17:40:19.005] [bbotk]  nrounds       eta max_depth classif.ce warnings errors runtime_learners
INFO  [17:40:19.005] [bbotk]      206 0.1445315         7   0.017504        0      0            0.389
INFO  [17:40:19.005] [bbotk]                                 uhash
INFO  [17:40:19.005] [bbotk]  7ac513d9-0c1c-4a83-8e78-cdb5e1d5f813
INFO  [17:40:19.009] [bbotk] Evaluating 1 configuration(s)
INFO  [17:40:19.132] [bbotk] Result of batch 8:
INFO  [17:40:19.133] [bbotk]  nrounds       eta max_depth classif.ce warnings errors runtime_learners
INFO  [17:40:19.133] [bbotk]       97 0.2858061         2 0.01779185        0      0            0.098
INFO  [17:40:19.133] [bbotk]                                 uhash
INFO  [17:40:19.133] [bbotk]  ca6b850e-174d-4733-8946-88b3fca3046e
INFO  [17:40:19.137] [bbotk] Evaluating 1 configuration(s)
INFO  [17:40:19.337] [bbotk] Result of batch 9:
INFO  [17:40:19.338] [bbotk]  nrounds       eta max_depth classif.ce warnings errors runtime_learners
INFO  [17:40:19.338] [bbotk]       77 0.2903017         8 0.01865244        0      0            0.171
INFO  [17:40:19.338] [bbotk]                                 uhash
INFO  [17:40:19.338] [bbotk]  e2337896-bae2-4bd5-9484-1f433313b8f0
INFO  [17:40:19.344] [bbotk] Evaluating 1 configuration(s)
INFO  [17:40:19.741] [bbotk] Result of batch 10:
INFO  [17:40:19.742] [bbotk]  nrounds       eta max_depth classif.ce warnings errors runtime_learners
INFO  [17:40:19.742] [bbotk]      247 0.1925726         4  0.0177916        0      0            0.372
INFO  [17:40:19.742] [bbotk]                                 uhash
INFO  [17:40:19.742] [bbotk]  e94ad36a-b0cf-4adb-a365-1adc9bb05513
INFO  [17:40:19.750] [bbotk] Finished optimizing after 10 evaluation(s)
INFO  [17:40:19.750] [bbotk] Result:
INFO  [17:40:19.751] [bbotk]  nrounds       eta max_depth learner_param_vals  x_domain classif.ce
INFO  [17:40:19.751] [bbotk]    <int>     <num>     <int>             <list>    <list>      <num>
INFO  [17:40:19.751] [bbotk]       72 0.2174657         4          <list[5]> <list[3]> 0.01750375
INFO  [17:40:19.840] [bbotk] Starting to optimize 3 parameter(s) with '<OptimizerBatchRandomSearch>' and '<TerminatorEvals> [n_evals=10, k=0]'
INFO  [17:40:19.849] [bbotk] Evaluating 1 configuration(s)
INFO  [17:40:20.186] [bbotk] Result of batch 1:
INFO  [17:40:20.187] [bbotk]  nrounds       eta max_depth classif.ce warnings errors runtime_learners
INFO  [17:40:20.187] [bbotk]      226 0.2747782         8 0.01778889        0      0            0.312
INFO  [17:40:20.187] [bbotk]                                 uhash
INFO  [17:40:20.187] [bbotk]  20070d58-02d0-461c-94e7-a625bba383fa
INFO  [17:40:20.190] [bbotk] Evaluating 1 configuration(s)
INFO  [17:40:20.390] [bbotk] Result of batch 2:
INFO  [17:40:20.390] [bbotk]  nrounds       eta max_depth classif.ce warnings errors runtime_learners
INFO  [17:40:20.390] [bbotk]      198 0.2817199         2 0.01664045        0      0            0.174
INFO  [17:40:20.390] [bbotk]                                 uhash
INFO  [17:40:20.390] [bbotk]  b288c323-53d1-4e22-9b62-07834b176323
INFO  [17:40:20.394] [bbotk] Evaluating 1 configuration(s)
INFO  [17:40:20.863] [bbotk] Result of batch 3:
INFO  [17:40:20.864] [bbotk]  nrounds        eta max_depth classif.ce warnings errors runtime_learners
INFO  [17:40:20.864] [bbotk]      195 0.01817401         9 0.01778889        0      0            0.445
INFO  [17:40:20.864] [bbotk]                                 uhash
INFO  [17:40:20.864] [bbotk]  37b8a822-5f21-4ec2-b1e7-3fb3bf3a1dc6
INFO  [17:40:20.868] [bbotk] Evaluating 1 configuration(s)
INFO  [17:40:21.272] [bbotk] Result of batch 4:
INFO  [17:40:21.273] [bbotk]  nrounds        eta max_depth classif.ce warnings errors runtime_learners
INFO  [17:40:21.273] [bbotk]      231 0.04665873         4 0.01692781        0      0             0.38
INFO  [17:40:21.273] [bbotk]                                 uhash
INFO  [17:40:21.273] [bbotk]  35f439e1-74ab-4232-8a80-d1eb49a7efea
INFO  [17:40:21.276] [bbotk] Evaluating 1 configuration(s)
INFO  [17:40:21.705] [bbotk] Result of batch 5:
INFO  [17:40:21.705] [bbotk]  nrounds        eta max_depth classif.ce warnings errors runtime_learners
INFO  [17:40:21.705] [bbotk]      174 0.01623779        10 0.01750178        0      0            0.403
INFO  [17:40:21.705] [bbotk]                                 uhash
INFO  [17:40:21.705] [bbotk]  dd6ba4a5-f5ac-413d-8018-d0f0efade607
INFO  [17:40:21.709] [bbotk] Evaluating 1 configuration(s)
INFO  [17:40:21.927] [bbotk] Result of batch 6:
INFO  [17:40:21.928] [bbotk]  nrounds       eta max_depth classif.ce warnings errors runtime_learners
INFO  [17:40:21.928] [bbotk]      123 0.2734052         4 0.01692781        0      0            0.193
INFO  [17:40:21.928] [bbotk]                                 uhash
INFO  [17:40:21.928] [bbotk]  8718240f-48fc-4405-b261-b672e5e96dd9
INFO  [17:40:21.931] [bbotk] Evaluating 1 configuration(s)
INFO  [17:40:22.267] [bbotk] Result of batch 7:
INFO  [17:40:22.268] [bbotk]  nrounds       eta max_depth classif.ce warnings errors runtime_learners
INFO  [17:40:22.268] [bbotk]      219 0.2543287        10 0.01807525        0      0            0.314
INFO  [17:40:22.268] [bbotk]                                 uhash
INFO  [17:40:22.268] [bbotk]  f96bffec-4446-4d29-a4d9-29e4a8864071
INFO  [17:40:22.271] [bbotk] Evaluating 1 configuration(s)
INFO  [17:40:22.497] [bbotk] Result of batch 8:
INFO  [17:40:22.498] [bbotk]  nrounds       eta max_depth classif.ce warnings errors runtime_learners
INFO  [17:40:22.498] [bbotk]      115 0.2666057         7   0.018076        0      0            0.202
INFO  [17:40:22.498] [bbotk]                                 uhash
INFO  [17:40:22.498] [bbotk]  742101d0-e50b-4b59-87f6-68ba452ed079
INFO  [17:40:22.501] [bbotk] Evaluating 1 configuration(s)
INFO  [17:40:22.818] [bbotk] Result of batch 9:
INFO  [17:40:22.819] [bbotk]  nrounds       eta max_depth classif.ce warnings errors runtime_learners
INFO  [17:40:22.819] [bbotk]      252 0.2429481         3 0.01692781        0      0            0.293
INFO  [17:40:22.819] [bbotk]                                 uhash
INFO  [17:40:22.819] [bbotk]  d74c32bf-3227-420d-8c7c-e6582e467a21
INFO  [17:40:22.822] [bbotk] Evaluating 1 configuration(s)
INFO  [17:40:23.133] [bbotk] Result of batch 10:
INFO  [17:40:23.133] [bbotk]  nrounds        eta max_depth classif.ce warnings errors runtime_learners
INFO  [17:40:23.133] [bbotk]      175 0.08361527         4 0.01778864        0      0            0.286
INFO  [17:40:23.133] [bbotk]                                 uhash
INFO  [17:40:23.133] [bbotk]  a835f373-d712-4463-be19-1a352e42f874
INFO  [17:40:23.141] [bbotk] Finished optimizing after 10 evaluation(s)
INFO  [17:40:23.141] [bbotk] Result:
INFO  [17:40:23.142] [bbotk]  nrounds       eta max_depth learner_param_vals  x_domain classif.ce
INFO  [17:40:23.142] [bbotk]    <int>     <num>     <int>             <list>    <list>      <num>
INFO  [17:40:23.142] [bbotk]      198 0.2817199         2          <list[5]> <list[3]> 0.01664045

### [bt]: Job terminated successfully [batchtools job.id=3840]
### [bt]: Calculation finished!
